NAME : ./data/ESPPRC - Test Instances/E-n101-k14_b.simplified-vrp
SIZE : 102
DIRECTED : 1
CYCLIC : 1
ORIGIN : 0
DESTINATION : 101
RESOURCES : 1
RES_NAMES : 0
RES_TYPE
0 CAP
END
RES_BOUND
0 0 112
END
EDGE_COST
0 1 9451
0 2 14433
0 3 14893
0 4 13601
0 5 9165
0 6 10190
0 7 18277
0 8 19117
0 9 18615
0 10 15104
0 11 22757
0 12 8984
0 13 3561
0 14 18393
0 15 20815
0 16 20425
0 17 22926
0 18 9023
0 19 16374
0 20 24506
0 21 13327
0 22 17983
0 23 15355
0 24 20144
0 25 19330
0 26 3748
0 27 2513
0 28 1851
0 29 18138
0 30 15062
0 31 4627
0 32 14891
0 33 17263
0 34 23555
0 35 30245
0 36 27502
0 37 17447
0 38 19938
0 39 13790
0 40 7478
0 41 18859
0 42 17040
0 43 21555
0 44 20765
0 45 17667
0 46 30251
0 47 18185
0 48 12999
0 49 22390
0 50 10185
0 51 19065
0 52 6956
0 53 3985
0 54 12047
0 55 28972
0 56 23615
0 57 15489
0 58 3245
0 59 8604
0 60 16587
0 61 17393
0 62 14263
0 63 25908
0 64 23298
0 65 24411
0 66 17009
0 67 17273
0 68 7407
0 69 9944
0 70 17530
0 71 26912
0 72 11986
0 73 15423
0 74 20031
0 75 17509
0 76 10869
0 77 14220
0 78 25658
0 79 14537
0 80 16334
0 81 14133
0 82 12094
0 83 10780
0 84 19097
0 85 8346
0 86 12268
0 87 9279
0 88 14448
0 89 3216
0 90 29338
0 91 21864
0 92 17479
0 93 11586
0 94 5148
0 95 9924
0 96 12444
0 97 13280
0 98 17069
0 99 14376
0 100 16705
1 2 28991
1 3 7092
1 4 20803
1 5 20751
1 6 23849
1 7 18088
1 8 24443
1 9 4403
1 10 5165
1 11 15617
1 12 10627
1 13 18782
1 14 33249
1 15 35755
1 16 33720
1 17 33218
1 18 16059
1 19 12589
1 20 9375
1 21 24574
1 22 30262
1 23 25473
1 24 17929
1 25 23432
1 26 11984
1 27 8330
1 28 7526
1 29 12347
1 30 612
1 31 -2397
1 32 1772
1 33 4873
1 34 12238
1 35 16411
1 36 26624
1 37 32039
1 38 34363
1 39 21412
1 40 20319
1 41 32009
1 42 32264
1 43 36775
1 44 34973
1 45 25200
1 46 33796
1 47 17714
1 48 13356
1 49 18283
1 50 -461
1 51 4181
1 52 10874
1 53 17952
1 54 14855
1 55 32568
1 56 33306
1 57 30373
1 58 17727
1 59 22816
1 60 26861
1 61 30186
1 62 8003
1 63 15393
1 64 14989
1 65 9481
1 66 1810
1 67 24518
1 68 4057
1 69 2250
1 70 4497
1 71 12090
1 72 23055
1 73 27438
1 74 31780
1 75 28557
1 76 5847
1 77 7938
1 78 14818
1 79 5014
1 80 14448
1 81 1413
1 82 14847
1 83 19232
1 84 29752
1 85 22121
1 86 25183
1 87 24509
1 88 10510
1 89 14734
1 90 17680
1 91 35951
1 92 32109
1 93 25309
1 94 19733
1 95 24740
1 96 26249
1 97 28324
1 98 31418
1 99 28028
1 100 31264
1 101 7719
2 1 26777
2 3 26941
2 4 8825
2 5 12403
2 6 15411
2 7 33313
2 8 28937
2 9 34023
2 10 32899
2 11 39505
2 12 17415
2 13 1815
2 14 7567
2 15 3401
2 16 16449
2 17 25208
2 18 20671
2 19 31782
2 20 41914
2 21 5739
2 22 3264
2 23 2623
2 24 25130
2 25 15939
2 26 8969
2 27 20513
2 28 16407
2 29 26593
2 30 32857
2 31 22391
2 32 32891
2 33 31861
2 34 35914
2 35 44778
2 36 40305
2 37 11531
2 38 9823
2 39 5314
2 40 5732
2 41 2204
2 42 3628
2 43 5818
2 44 13062
2 45 24317
2 46 40060
2 47 31414
2 48 26536
2 49 37127
2 50 25525
2 51 35463
2 52 22845
2 53 13655
2 54 14303
2 55 27145
2 56 13091
2 57 -1875
2 58 3245
2 59 6452
2 60 23318
2 61 15940
2 62 31218
2 63 43592
2 64 40025
2 65 40276
2 66 34235
2 67 7586
2 68 16443
2 69 27845
2 70 35486
2 71 42794
2 72 1556
2 73 4298
2 74 7139
2 75 4956
2 76 23870
2 77 26145
2 78 38194
2 79 26996
2 80 24239
2 81 28606
2 82 24826
2 83 18685
2 84 22551
2 85 4971
2 86 7929
2 87 -2035
2 88 31352
2 89 14341
2 90 47249
2 91 16352
2 92 13022
2 93 9723
2 94 6560
2 95 7265
2 96 13581
2 97 6845
2 98 12301
2 99 14376
2 100 9692
2 101 10487
3 1 8779
3 2 30842
3 4 13601
3 5 31269
3 6 32551
3 7 32419
3 8 37912
3 9 1599
3 10 18764
3 11 29527
3 12 5164
3 13 24397
3 14 39528
3 15 37571
3 16 42748
3 17 44714
3 18 28567
3 19 27078
3 20 15244
3 21 22225
3 22 27458
3 23 19299
3 24 4286
3 25 12715
3 26 10596
3 27 18129
3 28 11651
3 29 -2208
3 30 10780
3 31 12163
3 32 12132
3 33 -216
3 34 1641
3 35 10749
3 36 41184
3 37 39246
3 38 41543
3 39 13196
3 40 21298
3 41 30159
3 42 36822
3 43 40181
3 44 42699
3 45 38009
3 46 47868
3 47 32250
3 48 27775
3 49 32587
3 50 1460
3 51 6457
3 52 23713
3 53 22317
3 54 5368
3 55 21918
3 56 27470
3 57 32518
3 58 21060
3 59 30762
3 60 38119
3 61 39752
3 62 22383
3 63 27858
3 64 28004
3 65 7238
3 66 5148
3 67 15171
3 68 -7888
3 69 15889
3 70 17530
3 71 10338
3 72 19597
3 73 25381
3 74 28676
3 75 24249
3 76 1925
3 77 -2650
3 78 3814
3 79 -7411
3 80 3301
3 81 -4453
3 82 28820
3 83 31458
3 84 40940
3 85 30601
3 86 34619
3 87 29078
3 88 25046
3 89 24892
3 90 29647
3 91 43959
3 92 39318
3 93 33882
3 94 27238
3 95 31678
3 96 34770
3 97 34494
3 98 39076
3 99 36708
3 100 38467
3 101 14848
4 1 26421
4 2 16657
4 3 17532
4 5 29780
4 6 30633
4 7 43162
4 8 43405
4 9 26599
4 10 36779
4 11 46225
4 12 9795
4 13 17876
4 14 27608
4 15 19556
4 16 36270
4 17 43502
4 18 33523
4 19 40927
4 20 38981
4 21 5299
4 22 5199
4 23 -5701
4 24 8172
4 25 -4211
4 26 6710
4 27 25797
4 28 17549
4 29 12075
4 30 32287
4 31 27163
4 32 33815
4 33 24566
4 34 23900
4 35 34914
4 36 52502
4 37 31234
4 38 29714
4 39 -10747
4 40 12109
4 41 8382
4 42 23561
4 43 23614
4 44 33282
4 45 40714
4 46 54725
4 47 43183
4 48 37998
4 49 47051
4 50 21374
4 51 30610
4 52 31877
4 53 20608
4 54 -1537
4 55 7053
4 56 2655
4 57 16646
4 58 14115
4 59 25034
4 60 39056
4 61 35084
4 62 37809
4 63 47416
4 64 46414
4 65 31909
4 66 29851
4 67 -7381
4 68 5055
4 69 30228
4 70 36684
4 71 35293
4 72 -1542
4 73 6700
4 74 6836
4 75 541
4 76 18021
4 77 17609
4 78 27152
4 79 17054
4 80 12268
4 81 20547
4 82 37030
4 83 34070
4 84 40120
4 85 24375
4 86 27952
4 87 17968
4 88 38399
4 89 26866
4 90 49862
4 91 36264
4 92 32155
4 93 28554
4 94 22939
4 95 25323
4 96 30914
4 97 26092
4 98 31823
4 99 32394
4 100 29717
4 101 17487
5 1 26421
5 2 20287
5 3 35252
5 4 29832
5 6 9010
5 7 17680
5 8 6796
5 9 36599
5 10 23150
5 11 24571
5 12 29339
5 13 8192
5 14 6377
5 15 19556
5 16 2450
5 17 2512
5 18 4392
5 19 14358
5 20 38981
5 21 26922
5 22 27113
5 23 26469
5 24 40393
5 25 36779
5 26 22568
5 27 19874
5 28 22452
5 29 38753
5 30 28618
5 31 14366
5 32 24720
5 33 36413
5 34 43401
5 35 48613
5 36 18798
5 37 7414
5 38 4438
5 39 28285
5 40 21793
5 41 25465
5 42 11670
5 43 15539
5 44 5367
5 45 554
5 46 16987
5 47 10906
5 48 7287
5 49 17509
5 50 29449
5 51 36184
5 52 13334
5 53 21536
5 54 31255
5 55 47017
5 56 36457
5 57 17053
5 58 15568
5 59 -715
5 60 3031
5 61 -1394
5 62 18179
5 63 31784
5 64 23779
5 65 40949
5 66 31330
5 67 31107
5 68 28005
5 69 25581
5 70 30494
5 71 43890
5 72 24442
5 73 27078
5 74 30789
5 75 28673
5 76 31273
5 77 34684
5 78 45584
5 79 34678
5 80 36832
5 81 33195
5 82 5770
5 83 -3244
5 84 -1111
5 85 -6614
5 86 -6808
5 87 8586
5 88 19810
5 89 6299
5 90 37400
5 91 7252
5 92 9724
5 93 -1954
5 94 4508
5 95 6720
5 96 4796
5 97 9529
5 98 5658
5 99 3286
5 100 5032
5 101 13103
6 1 19058
6 2 12834
6 3 26073
6 4 20224
6 5 -1451
6 7 17680
6 8 12717
6 9 29025
6 10 20023
6 11 24571
6 12 19479
6 13 -548
6 14 8738
6 15 15896
6 16 9298
6 17 12512
6 18 4392
6 19 15981
6 20 33194
6 21 17660
6 22 19341
6 23 18350
6 24 30455
6 25 27020
6 26 12568
6 27 11655
6 28 12990
6 29 29109
6 30 23108
6 31 9967
6 32 21153
6 33 28113
6 34 34669
6 35 40870
6 36 23904
6 37 7414
6 38 9528
6 39 19176
6 40 12109
6 41 18598
6 42 9573
6 43 14453
6 44 10135
6 45 9128
6 46 23989
6 47 15044
6 48 10256
6 49 20943
6 50 21017
6 51 29017
6 52 8795
6 53 11555
6 54 21259
6 55 37148
6 56 27696
6 57 11607
6 58 5895
6 59 -1989
6 60 7503
6 61 6216
6 62 16786
6 63 30031
6 64 24831
6 65 34297
6 66 25756
6 67 22287
6 68 18309
6 69 18587
6 70 25071
6 71 36930
6 72 15591
6 73 18320
6 74 22453
6 75 20334
6 76 22050
6 77 25393
6 78 36784
6 79 25698
6 80 27019
6 81 24966
6 82 8493
6 83 2723
6 84 8802
6 85 -2634
6 86 1100
6 87 3263
6 88 17236
6 89 -685
6 90 34572
6 91 11118
6 92 7638
6 93 558
6 94 -3732
6 95 1058
6 96 1423
6 97 5075
6 98 6626
6 99 3286
6 100 6555
6 101 3667
7 1 15243
7 2 32682
7 3 27887
7 4 34699
7 5 9165
7 6 19626
7 8 5075
7 9 23000
7 10 3751
7 11 4216
7 12 27525
7 13 19307
7 14 26688
7 15 36499
7 16 22893
7 17 17512
7 18 3212
7 19 -4462
7 20 22038
7 21 34350
7 22 38227
7 23 36308
7 24 37578
7 25 39872
7 26 24584
7 27 15541
7 28 20224
7 29 33026
7 30 11928
7 31 -1657
7 32 5098
7 33 25565
7 34 32776
7 35 34749
7 36 6693
7 37 26234
7 38 24946
7 39 34991
7 40 28314
7 41 38298
7 42 29755
7 43 34475
7 44 25983
7 45 6951
7 46 12894
7 47 -2604
7 48 -7524
7 49 1262
7 50 20380
7 51 22222
7 52 5541
7 53 25008
7 54 31787
7 55 49283
7 56 44738
7 57 32144
7 58 23034
7 59 16819
7 60 14838
7 61 19101
7 62 -2288
7 63 11228
7 64 4238
7 65 24411
7 66 13526
7 67 38479
7 68 23672
7 69 15041
7 70 14463
7 71 28397
7 72 32931
7 73 36102
7 74 40656
7 75 38324
7 76 25300
7 77 28256
7 78 35643
7 79 26037
7 80 33514
7 81 21775
7 82 -5399
7 83 4003
7 84 15790
7 85 13608
7 86 12690
7 87 23879
7 88 1538
7 89 10371
7 90 17337
7 91 27653
7 92 27165
7 93 17415
7 94 16876
7 95 21534
7 96 20267
7 97 25503
7 98 24826
7 99 20883
7 100 24725
7 101 13700
8 1 25794
8 2 32502
8 3 37576
8 4 39138
8 5 2477
8 6 18859
8 7 9271
8 9 34703
8 10 15858
8 11 13382
8 12 34776
8 13 19288
8 14 19754
8 15 33343
8 16 14270
8 17 6440
8 18 3652
8 19 2078
8 20 34223
8 21 37180
8 22 39161
8 23 38197
8 24 45723
8 25 45404
8 26 29904
8 27 22692
8 28 27101
8 29 42314
8 30 24049
8 31 10010
8 32 16960
8 33 36436
8 34 43793
8 35 46593
8 36 4890
8 37 21314
8 38 15840
8 39 38649
8 40 31284
8 41 38163
8 42 25560
8 43 29438
8 44 17892
8 45 -5085
8 46 4217
8 47 -2867
8 48 -5317
8 49 3776
8 50 30430
8 51 33924
8 52 12642
8 53 29060
8 54 38284
8 55 55157
8 56 47418
8 57 30307
8 58 25254
8 59 12754
8 60 9961
8 61 11003
8 62 9286
8 63 22044
8 64 11145
8 65 36610
8 66 25716
8 67 41915
8 68 32203
8 69 25073
8 70 26402
8 71 40486
8 72 35318
8 73 38100
8 74 42295
8 75 40172
8 76 34230
8 77 37522
8 78 46382
8 79 36248
8 80 41629
8 81 32872
8 82 -4827
8 83 -3104
8 84 6808
8 85 7164
8 86 2623
8 87 21700
8 88 13571
8 89 12105
8 90 28979
8 91 20767
8 92 23281
8 93 11954
8 94 15733
8 95 19265
8 96 17180
8 97 22702
8 98 19579
8 99 16606
8 100 18912
8 101 18736
9 1 12023
9 2 43857
9 3 7532
9 4 28601
9 5 38549
9 6 41436
9 7 33465
9 8 40972
9 10 14609
9 11 24571
9 12 19479
9 13 35393
9 14 50408
9 15 50816
9 16 51478
9 17 50822
9 18 33523
9 19 24358
9 20 4063
9 21 36530
9 22 42047
9 23 34299
9 24 17070
9 25 27020
9 26 24191
9 27 25797
9 28 22452
9 29 8430
9 30 4567
9 31 12461
9 32 2823
9 33 750
9 34 -1321
9 35 -1358
9 36 39102
9 37 49385
9 38 51842
9 39 28079
9 40 34377
9 41 44568
9 42 48685
9 43 52747
9 44 52530
9 45 42224
9 46 49125
9 47 31150
9 48 27951
9 49 28107
9 50 8478
9 51 -1536
9 52 28399
9 53 33645
9 54 20307
9 55 36364
9 56 42451
9 57 45520
9 58 33139
9 59 40318
9 60 44602
9 61 47978
9 62 19832
9 63 20391
9 64 20242
9 65 -7134
9 66 -9170
9 67 29704
9 68 7053
9 69 19982
9 70 14874
9 71 -4503
9 72 34235
9 73 39683
9 74 43288
9 75 39090
9 76 14191
9 77 11639
9 78 4594
9 79 1149
9 80 18261
9 81 -7453
9 82 30829
9 83 36696
9 84 47463
9 85 39776
9 86 42981
9 87 40824
9 88 25296
9 89 32504
9 90 22089
9 91 53532
9 92 49423
9 93 42962
9 94 37038
9 95 41919
9 96 43849
9 97 45279
9 98 48884
9 99 45678
9 100 48636
9 101 24503
10 1 9775
10 2 39723
10 3 21687
10 4 35771
10 5 22090
10 6 29424
10 7 11206
10 8 19117
10 9 11599
10 11 396
10 12 26000
10 13 27381
10 14 38579
10 15 45401
10 16 35991
10 17 31563
10 18 15573
10 19 -642
10 20 8694
10 21 38019
10 22 43259
10 23 39714
10 24 33156
10 25 38940
10 26 26109
10 27 18129
10 28 21021
10 29 26776
10 30 -433
10 31 -4775
10 32 -8813
10 33 16856
10 34 22854
10 35 22585
10 36 14102
10 37 37465
10 38 37927
10 39 36423
10 40 32699
10 41 44339
10 42 39919
10 43 44807
10 44 38644
10 45 21070
10 46 25246
10 47 6341
10 48 3984
10 49 3756
10 50 14615
10 51 11244
10 52 12905
10 53 29346
10 54 30353
10 55 48087
10 56 47635
10 57 40336
10 58 28715
10 59 27908
10 60 27628
10 61 32147
10 62 -4907
10 63 467
10 64 -549
10 65 10716
10 66 -466
10 67 39697
10 68 19451
10 69 12543
10 70 4497
10 71 15411
10 72 36684
10 73 40520
10 74 45083
10 75 42279
10 76 21390
10 77 23123
10 78 26610
10 79 18530
10 80 29952
10 81 12257
10 82 8619
10 83 17703
10 84 29436
10 85 25821
10 86 26309
10 87 32942
10 88 4157
10 89 19534
10 90 4160
10 91 39910
10 92 37927
10 93 29285
10 94 26348
10 95 31404
10 96 31136
10 97 35394
10 98 36331
10 99 32323
10 100 36344
10 101 17982
11 1 20620
11 2 46722
11 3 32843
11 4 45610
11 5 23904
11 6 34365
11 7 12064
11 8 17034
11 9 21954
11 10 789
11 12 36410
11 13 33612
11 14 41604
11 15 51229
11 16 37368
11 17 30591
11 18 18212
11 19 -8571
11 20 17883
11 21 46777
11 22 51472
11 23 48761
11 24 44227
11 25 49429
11 26 35580
11 27 26668
11 28 30526
11 29 37954
11 30 10183
11 31 4192
11 32 -3585
11 33 27972
11 34 33597
11 35 32208
11 36 4784
11 37 41234
11 38 39359
11 39 46219
11 40 41019
11 41 52029
11 42 44696
11 43 49452
11 44 40663
11 45 18926
11 46 19542
11 47 -1020
11 48 -39
11 49 -7224
11 50 25664
11 51 21972
11 52 18729
11 53 37526
11 54 40867
11 55 58617
11 56 56843
11 57 46636
11 58 36344
11 59 31812
11 60 29704
11 61 33671
11 62 -3170
11 63 -958
11 64 -10221
11 65 18162
11 66 6595
11 67 49627
11 68 30436
11 69 22537
11 70 15670
11 71 24372
11 72 45460
11 73 48964
11 74 53572
11 75 51018
11 76 32231
11 77 34183
11 78 37606
11 79 29702
11 80 40846
11 81 23235
11 82 7452
11 83 18321
11 84 29937
11 85 28510
11 86 26562
11 87 38570
11 88 9531
11 89 24810
11 90 8269
11 91 42523
11 92 42140
11 93 32387
11 94 31577
11 95 36362
11 96 35233
11 97 40358
11 98 39820
11 99 35883
11 100 39706
11 101 26028
12 1 10862
12 2 19864
12 3 3712
12 4 4412
12 5 23904
12 6 24505
12 7 30605
12 8 33660
12 9 12094
12 10 21625
12 11 31642
12 13 14742
12 14 29389
12 15 26457
12 16 33990
12 17 37789
12 18 23626
12 19 27370
12 20 23297
12 21 11110
12 22 16552
12 23 9713
12 24 5144
12 25 7002
12 26 -361
12 27 13324
12 28 4746
12 29 3957
12 30 16493
12 31 12658
12 32 18053
12 33 9767
12 34 12499
12 35 21904
12 36 40222
12 37 29775
12 38 31595
12 39 4899
12 40 10440
12 41 19117
12 42 26258
12 43 29248
12 44 33169
12 45 32614
12 46 44512
12 47 30937
12 48 25915
12 49 33458
12 50 5583
12 51 15161
12 52 19994
12 53 13114
12 54 -1537
12 55 16201
12 56 17604
12 57 21500
12 58 10833
12 59 21816
12 60 31574
12 61 31458
12 62 23481
12 63 32029
12 64 31451
12 65 18162
12 66 14525
12 67 7892
12 68 -6760
12 69 15470
12 70 21133
12 71 20985
12 72 8749
12 73 14272
12 74 17795
12 75 13745
12 76 2288
12 77 3066
12 78 14842
12 79 3748
12 80 1564
12 81 6194
12 82 25770
12 83 25741
12 84 33971
12 85 21725
12 86 25954
12 87 18697
12 88 24624
12 89 18216
12 90 34305
12 91 34736
12 92 29965
12 93 25176
12 94 18404
12 95 22371
12 96 26300
12 97 24728
12 98 29824
12 99 28204
12 100 28898
12 101 7487
13 1 20620
13 2 5867
13 3 24548
13 4 14096
13 5 4360
13 6 6081
13 7 23990
13 8 19775
13 9 29611
13 10 24609
13 11 30447
13 12 16345
13 14 7590
13 15 10401
13 16 11886
13 17 18007
13 18 11240
13 19 22437
13 20 35603
13 21 11110
13 22 12270
13 23 11315
13 24 26545
13 25 21144
13 26 8379
13 27 13324
13 28 11805
13 29 26318
13 30 25968
13 31 14182
13 32 25174
13 33 27972
13 34 33597
13 35 41064
13 36 30924
13 37 7414
13 38 9528
13 39 12515
13 40 6298
13 41 11630
13 42 5863
13 43 10466
13 44 10829
13 45 15807
13 46 31018
13 47 21993
13 48 17102
13 49 27702
13 50 21017
13 51 30218
13 52 13890
13 53 8733
13 54 16538
13 55 31570
13 56 20829
13 57 5447
13 58 273
13 59 -145
13 60 14370
13 61 9926
13 62 22309
13 63 35082
13 64 30899
13 65 35538
13 66 28136
13 67 15469
13 68 15559
13 69 20865
13 70 28215
13 71 38025
13 72 8749
13 73 11423
13 74 15434
13 75 13325
13 76 20712
13 77 23728
13 78 35704
13 79 24451
13 80 23875
13 81 24835
13 82 15397
13 83 9685
13 84 14691
13 85 -358
13 86 3839
13 87 -1826
13 88 22508
13 89 4986
13 90 39101
13 91 12407
13 92 7638
13 93 3380
13 94 -2422
13 95 157
13 96 5426
13 97 2478
13 98 7514
13 99 6933
13 100 6555
13 101 3667
14 1 41091
14 2 17623
14 3 45683
14 4 29832
14 5 8549
14 6 21371
14 7 37375
14 8 26245
14 9 50630
14 10 41811
14 11 44443
14 12 36996
14 13 13594
14 15 6212
14 16 2450
14 17 14873
14 18 23626
14 19 34358
14 20 55533
14 21 26922
14 22 21057
14 23 19610
14 24 46046
14 25 36779
14 26 28624
14 27 33569
14 28 33009
14 29 46828
14 30 45469
14 31 32107
14 32 43189
14 33 49143
14 34 54767
14 35 62208
14 36 37764
14 37 7414
14 38 -11308
14 39 24863
14 40 25453
14 41 17163
14 42 765
14 43 -1991
14 44 -5468
14 45 17923
14 46 34945
14 47 30510
14 48 27244
14 49 37152
14 50 42132
14 51 50961
14 52 30756
14 53 29927
14 54 35341
14 55 48238
14 56 32462
14 57 9411
14 58 20591
14 59 6032
14 60 22642
14 61 6216
14 62 37604
14 63 51188
14 64 43779
14 65 56322
14 66 48101
14 67 25650
14 68 36249
14 69 40824
14 70 47425
14 71 58861
14 72 22072
14 73 25131
14 74 26579
14 75 23739
14 76 41907
14 77 44851
14 78 56884
14 79 45622
14 80 44331
14 81 46011
14 82 25770
14 83 16704
14 84 16144
14 85 -2634
14 86 -9486
14 87 6158
14 88 38630
14 89 21529
14 90 56292
14 91 5252
14 92 12986
14 93 5656
14 94 13354
14 95 12263
14 96 15565
14 97 10941
14 98 7514
14 99 13646
14 100 1207
14 101 24503
15 1 39573
15 2 9433
15 3 39702
15 4 17756
15 5 17704
15 6 24505
15 7 43162
15 8 35810
15 9 47014
15 10 44609
15 11 50044
15 12 30040
15 13 12381
15 14 2188
15 16 16270
15 17 27867
15 18 29613
15 19 41367
15 20 54730
15 21 16512
15 22 6868
15 23 4299
15 24 36242
15 25 23868
15 26 21723
15 27 32868
15 28 29364
15 29 38554
15 30 45469
15 31 34174
15 32 45086
15 33 44830
15 34 48532
15 35 57684
15 36 47819
15 37 14262
15 38 2512
15 39 10625
15 40 18659
15 41 2163
15 42 765
15 43 -5341
15 44 9899
15 45 29316
15 46 46096
15 47 39523
15 48 35176
15 49 45875
15 50 38524
15 51 48442
15 52 33760
15 53 26439
15 54 25368
15 55 36099
15 56 18451
15 57 -426
15 58 16030
15 59 11824
15 60 30339
15 61 18071
15 62 42107
15 63 55050
15 64 50325
15 65 53272
15 66 47117
15 67 10410
15 68 28831
15 69 40357
15 70 47913
15 71 55793
15 72 9762
15 73 13737
15 74 13323
15 75 9649
15 76 36810
15 77 38940
15 78 50897
15 79 39757
15 80 36470
15 81 41556
15 82 33368
15 83 25462
15 84 26968
15 85 7347
15 86 5982
15 87 4047
15 88 42383
15 89 24481
15 90 59097
15 91 16770
15 92 17882
15 93 13810
15 94 15467
15 95 14705
15 96 20589
15 97 12838
15 98 15225
15 99 20142
15 100 10355
15 101 22901
16 1 36669
16 2 21612
16 3 44010
16 4 33601
16 5 -271
16 6 17038
16 7 28687
16 8 15868
16 9 46807
16 10 34330
16 11 35314
16 12 36704
16 13 12997
16 14 -2443
16 15 15401
16 17 3692
16 18 15573
16 19 24669
16 20 49892
16 21 30299
16 22 27458
16 23 26733
16 24 47153
16 25 40789
16 26 28969
16 27 29529
16 28 30881
16 29 46615
16 30 39567
16 31 25438
16 32 35900
16 33 46104
16 34 52691
16 35 58735
16 36 26894
16 37 6234
16 38 -6677
16 39 30455
16 40 26712
16 41 24537
16 42 7670
16 43 8780
16 44 -5042
16 45 6951
16 46 23903
16 47 20036
16 48 17336
16 49 26624
16 50 39018
16 51 46591
16 52 24243
16 53 28668
16 54 37097
16 55 51594
16 56 38147
16 57 15703
16 58 20873
16 59 2505
16 60 14211
16 61 -3630
16 62 29265
16 63 42845
16 64 33998
16 65 51637
16 66 42315
16 67 32351
16 68 35798
16 69 35962
16 70 41435
16 71 54430
16 72 26730
16 73 29430
16 74 32108
16 75 29749
16 76 39994
16 77 43287
16 78 54802
16 79 43691
16 80 44280
16 81 42947
16 82 16229
16 83 7149
16 84 5811
16 85 -8351
16 86 -16762
16 87 9005
16 88 30990
16 89 16148
16 90 48567
16 91 1351
16 92 11260
16 93 282
16 94 10570
16 95 10582
16 96 11072
16 97 11108
16 98 4864
16 99 8545
16 100 909
16 101 21642
17 1 34925
17 2 29129
17 3 44734
17 4 39591
17 5 -1451
17 6 19010
17 7 22064
17 8 6796
17 9 44909
17 10 28660
17 11 27295
17 12 39261
17 13 17876
17 14 8738
17 15 25756
17 16 2450
17 18 11240
17 19 15981
17 20 46034
17 21 36530
17 22 35778
17 23 35201
17 24 50352
17 25 46617
17 26 32568
17 27 29136
17 28 32200
17 29 48513
17 30 35665
17 31 21222
17 32 30095
17 33 45306
17 34 52499
17 35 56950
17 36 16252
17 37 14262
17 38 2512
17 39 37690
17 40 31653
17 41 33563
17 42 17718
17 43 19829
17 44 5963
17 45 -3426
17 46 13031
17 47 10153
17 48 8605
17 49 16471
17 50 38524
17 51 44293
17 52 21196
17 53 31529
17 54 41253
17 55 56930
17 56 45673
17 57 24744
17 58 25447
17 59 7888
17 60 11208
17 61 1118
17 62 22606
17 63 35757
17 64 24831
17 65 48359
17 66 38034
17 67 40261
17 68 37817
17 69 34013
17 70 37666
17 71 51656
17 72 33786
17 73 36408
17 74 39819
17 75 37651
17 76 40824
17 77 44251
17 78 54760
17 79 44010
17 80 46717
17 81 42009
17 82 8493
17 83 1087
17 84 849
17 85 -1075
17 86 -11045
17 87 16836
17 88 25627
17 89 15803
17 90 42311
17 91 11118
17 92 17882
17 93 5656
17 94 14319
17 95 15939
17 96 14443
17 97 18007
17 98 12452
17 99 12407
17 100 10355
17 101 22901
18 1 17066
18 2 23892
18 3 27887
18 4 28912
18 5 -271
18 6 10190
18 7 7064
18 8 3308
18 9 26910
18 10 11970
18 11 14216
18 12 24398
18 13 10409
18 14 16791
18 15 26802
18 16 13631
18 17 10540
18 19 4974
18 20 28238
18 21 27315
18 22 30108
18 23 28796
18 24 35421
18 25 35033
18 26 19494
18 27 12513
18 28 16739
18 29 32350
18 30 17851
18 31 3442
18 32 13541
18 33 27618
18 34 34933
18 35 38947
18 36 13009
18 37 16234
18 38 15591
18 39 28645
18 40 21298
18 41 29658
18 42 19829
18 43 24500
18 44 16389
18 45 2654
18 46 14481
18 47 3980
18 48 -912
18 49 9763
18 50 21107
18 51 26271
18 52 3258
18 53 18748
18 54 27844
18 55 44748
18 56 37687
18 57 22757
18 58 15450
18 59 6831
18 60 5267
18 61 9787
18 62 7207
18 63 20813
18 64 14115
18 65 30454
18 66 20444
18 67 32010
18 68 22043
18 69 16163
18 70 19780
18 71 33651
18 72 25639
18 73 28540
18 74 32917
18 75 30736
18 76 24286
18 77 27658
18 78 37314
18 79 26838
18 80 31364
18 81 24243
18 82 -2628
18 83 -3607
18 84 7494
18 85 3763
18 86 4116
18 87 14303
18 88 8629
18 89 2026
18 90 26244
18 91 17839
18 92 17205
18 93 7463
18 94 7424
18 95 11821
18 96 10333
18 97 15722
18 98 14835
18 99 10883
18 100 14754
18 101 8298
19 1 22450
19 2 43857
19 3 35252
19 4 45170
19 5 18549
19 6 30633
19 7 8244
19 8 10588
19 9 26599
19 10 4609
19 11 -3713
19 12 36996
19 13 30460
19 14 36377
19 15 47410
19 16 31581
19 17 24135
19 18 13828
19 20 23297
19 21 45299
19 22 49367
19 23 47306
19 24 46046
19 25 49820
19 26 34994
19 27 25797
19 28 30239
19 29 40507
19 30 14567
19 31 5052
19 32 2823
19 33 31337
19 34 37748
19 35 37468
19 36 -898
19 37 36545
19 38 33414
19 39 45614
19 40 39310
19 41 49478
19 42 40381
19 43 44938
19 44 35049
19 45 12282
19 46 12475
19 47 -7958
19 48 -6558
19 49 -9500
19 50 27754
19 51 26198
19 52 16451
19 53 35914
19 54 41445
19 55 59114
19 56 55630
19 57 43216
19 58 34152
19 59 27297
19 60 24636
19 61 28023
19 62 -2012
19 63 5980
19 64 -6221
19 65 24461
19 66 12913
19 67 49100
19 68 32094
19 69 23332
19 70 18796
19 71 30006
19 72 43920
19 73 47163
19 74 51737
19 75 49365
19 76 33688
19 77 36151
19 78 41284
19 79 32664
19 80 42250
19 81 26994
19 82 1770
19 83 12707
19 84 24041
19 85 23337
19 86 20330
19 87 34860
19 88 8814
19 89 21529
19 90 14553
19 91 37252
19 92 37733
19 93 27463
19 94 27891
19 95 32421
19 96 30914
19 97 36337
19 98 35014
19 99 31249
19 100 34770
19 101 24503
20 1 10711
20 2 45464
20 3 14893
20 4 34699
20 5 34647
20 6 39321
20 7 26219
20 8 34208
20 9 -2221
20 10 5420
20 11 14216
20 12 24398
20 13 35101
20 14 49027
20 15 52248
20 16 48279
20 17 45663
20 18 28567
20 19 14772
20 21 40299
20 22 46057
20 23 40127
20 24 26200
20 25 35033
20 26 27568
20 27 24439
20 28 23810
20 29 18138
20 30 -3362
20 31 6268
20 32 -8339
20 33 7768
20 34 9860
20 35 7208
20 36 29392
20 37 47712
20 38 49623
20 39 34901
20 40 36609
20 41 48075
20 42 48554
20 43 53167
20 44 50169
20 45 35946
20 46 41022
20 47 22059
20 48 19736
20 49 17573
20 50 11325
20 51 201
20 52 24067
20 53 34441
20 54 27190
20 55 44204
20 56 48009
20 57 46865
20 58 34215
20 59 38308
20 60 40332
20 61 44529
20 62 10904
20 63 9419
20 64 9090
20 65 -4710
20 66 -14544
20 67 37316
20 68 14260
20 69 17476
20 70 8477
20 71 -380
20 72 38555
20 73 43308
20 74 47444
20 75 43872
20 76 18562
20 77 17931
20 78 15210
20 79 9792
20 80 25322
20 81 1413
20 82 23756
20 83 31458
20 84 42849
20 85 37189
20 86 39283
20 87 40874
20 88 18235
20 89 29727
20 90 11231
20 91 51170
20 92 47859
20 93 40430
20 94 35591
20 95 40676
20 96 41598
20 97 44407
20 98 46917
20 99 43208
20 100 46866
20 101 24110
21 1 23494
21 2 6873
21 3 19458
21 4 -1399
21 5 20172
21 6 21371
21 7 36115
21 8 34749
21 9 27830
21 10 32329
21 11 40694
21 12 9795
21 13 8192
21 14 18000
21 15 11614
21 16 26270
21 17 33743
21 18 25228
21 19 34358
21 20 37883
21 22 1057
21 23 -2673
21 24 15144
21 25 5789
21 26 2568
21 27 19874
21 28 12990
21 29 17374
21 30 29878
21 31 22091
21 32 30901
21 33 25489
21 34 27810
21 35 37674
21 36 44830
21 37 21234
21 38 20232
21 39 -3181
21 40 3369
21 41 3339
21 42 14017
21 43 15182
21 44 23400
21 45 31465
21 46 46096
21 47 35604
21 48 30451
21 49 40305
21 50 20288
21 51 30349
21 52 24848
21 53 13114
21 54 4243
21 55 16757
21 56 5723
21 57 7558
21 58 5007
21 59 15131
21 60 29864
21 61 25140
21 62 32185
21 63 43182
21 64 41192
21 65 33962
21 66 29663
21 67 37
21 68 7983
21 69 25938
21 70 33313
21 71 36728
21 72 -6014
21 73 -1540
21 74 2505
21 75 -427
21 76 17578
21 77 18874
21 78 30371
21 79 19446
21 80 15487
21 81 21987
21 82 29131
21 83 25040
21 84 30501
21 85 14393
21 86 17962
21 87 8011
21 88 32429
21 89 18423
21 90 46130
21 91 26269
21 92 22181
21 93 18633
21 94 13354
21 95 15454
21 96 21222
21 97 16100
21 98 21828
21 99 22593
21 100 19737
21 101 10515
22 1 33424
22 2 8640
22 3 28933
22 4 2743
22 5 24605
22 6 27294
22 7 44234
22 8 40972
22 9 37589
22 10 41811
22 11 49631
22 12 19479
22 13 13594
22 14 16377
22 15 6212
22 16 27671
22 17 37233
22 18 32263
22 19 42668
22 20 47883
22 21 5299
22 23 -9521
22 24 22160
22 25 8150
22 26 12568
22 27 29136
22 28 22821
22 29 25521
22 30 39816
22 31 31435
22 32 40732
22 33 35259
22 34 36743
22 35 47079
22 36 52049
22 37 23160
22 38 17823
22 39 -5048
22 40 12109
22 41 -5760
22 42 12640
22 43 10466
22 44 23109
22 45 36522
22 46 52168
22 47 43014
22 48 37998
22 49 48351
22 50 30268
22 51 40305
22 52 33232
22 53 21985
22 54 11715
22 55 20713
22 56 2655
22 57 5447
22 58 12548
22 59 18585
22 60 35437
22 61 27745
22 62 41161
22 63 52665
22 64 50189
22 65 43604
22 66 39639
22 67 -4029
22 68 17045
22 69 35633
22 70 43125
22 71 46479
22 72 -4161
22 73 2369
22 74 -1404
22 75 -6153
22 76 27466
22 77 28478
22 78 39538
22 79 28833
22 80 24394
22 81 31669
22 82 36404
22 83 30795
22 84 34728
22 85 16709
22 86 18686
22 87 9682
22 88 41311
22 89 25617
22 90 55783
22 91 27573
22 92 25036
22 93 21752
22 94 18601
22 95 19471
22 96 25781
22 97 18900
22 98 24040
22 99 26565
22 100 20823
22 101 19413
23 1 40393
23 2 19757
23 3 32532
23 4 3601
23 5 35719
23 6 38061
23 7 54073
23 8 51766
23 9 41599
23 10 50024
23 11 58678
23 12 24398
23 13 24397
23 14 26688
23 15 15401
23 16 38704
23 17 48414
23 18 42709
23 19 52365
23 20 53711
23 21 13327
23 22 2237
23 24 21767
23 25 3817
23 26 19494
23 27 37824
23 28 30454
23 29 26384
23 30 46576
23 31 39936
23 32 47943
23 33 39547
23 34 38489
23 35 49739
23 36 62483
23 37 34313
23 38 27512
23 39 -11579
23 40 21298
23 41 3150
23 42 23325
23 43 19441
23 44 33786
23 45 47588
23 46 63033
23 47 53334
23 48 48228
23 49 58270
23 50 35969
23 51 45478
23 52 42844
23 53 31136
23 54 13326
23 55 18207
23 56 1689
23 57 16336
23 58 22510
23 59 29749
23 60 46361
23 61 38909
23 62 50168
23 63 60837
23 64 59144
23 65 46820
23 66 44776
23 67 -14590
23 68 20044
23 69 43473
23 70 50518
23 71 50283
23 72 3115
23 73 11577
23 74 7476
23 75 -1791
23 76 32700
23 77 32575
23 78 41975
23 79 32029
23 80 27255
23 81 35547
23 82 46770
23 83 41695
23 84 45874
23 85 27868
23 86 29544
23 87 20861
23 88 50440
23 89 35941
23 90 63572
23 91 38631
23 92 36215
23 93 32931
23 94 29507
23 95 30569
23 96 36841
23 97 30075
23 98 35204
23 99 37700
23 100 31880
23 101 28543
24 1 22004
24 2 31419
24 3 6674
24 4 6629
24 5 38798
24 6 39321
24 7 44498
24 8 48447
24 9 13525
24 10 32621
24 11 43299
24 12 8984
24 13 28782
24 14 42279
24 15 36499
24 16 48279
24 17 52720
24 18 38489
24 19 40260
24 20 28939
24 21 20299
24 22 23073
24 23 10922
24 25 789
24 26 13184
24 27 27927
24 28 19609
24 29 -4624
24 30 24922
24 31 25176
24 32 26234
24 33 13313
24 34 7499
24 35 19275
24 36 53881
24 37 43668
24 38 44594
24 39 3356
24 40 23224
24 41 26232
24 42 38556
24 43 40181
24 44 46815
24 45 47588
24 46 59110
24 47 44725
24 48 39904
24 49 46060
24 50 14847
24 51 20157
24 52 34475
24 53 27797
24 54 -757
24 55 10675
24 56 20351
24 57 32518
24 58 24554
24 59 36154
24 60 46569
24 61 46027
24 62 35779
24 63 41970
24 64 42078
24 65 16588
24 66 17743
24 67 3477
24 68 -4122
24 69 28241
24 70 31435
24 71 21207
24 72 15687
24 73 22957
24 74 24503
24 75 18568
24 76 12681
24 77 8944
24 78 12058
24 79 4247
24 80 4459
24 81 8018
24 82 40190
24 83 40724
24 84 48914
24 85 36019
24 86 40238
24 87 31613
24 88 37757
24 89 33216
24 90 43779
24 91 48750
24 92 44016
24 93 39608
24 94 32918
24 95 36543
24 96 40918
24 97 38454
24 98 43892
24 99 42774
24 100 42643
24 101 22487
25 1 31862
25 2 26583
25 3 19458
25 4 -1399
25 5 39539
25 6 40241
25 7 51147
25 8 52483
25 9 27830
25 10 42760
25 11 52856
25 12 15197
25 13 27736
25 14 37367
25 15 28480
25 16 46270
25 17 53340
25 18 42456
25 19 48389
25 20 42127
25 21 15299
25 22 13418
25 23 -2673
25 24 5144
25 26 14929
25 27 33569
25 28 24937
25 29 10328
25 30 36737
25 31 33853
25 32 38345
25 33 26680
25 34 22499
25 35 34252
25 36 60728
25 37 41234
25 38 39359
25 39 -10747
25 40 21793
25 41 16417
25 42 33318
25 43 32689
25 44 43207
25 45 50197
25 46 63725
25 47 51397
25 48 46253
25 49 54517
25 50 25664
25 51 33370
25 52 40060
25 53 29596
25 54 1285
25 55 2115
25 56 8831
25 57 26250
25 58 23804
25 59 34981
25 60 48559
25 61 45049
25 62 44670
25 63 52988
25 64 52601
25 65 31560
25 66 31874
25 67 -11457
25 68 7053
25 69 36675
25 70 42042
25 71 35913
25 72 7953
25 73 16511
25 74 15682
25 75 8082
25 76 22420
25 77 20464
25 78 26843
25 79 18103
25 80 14474
25 81 21987
25 82 45594
25 83 43444
25 84 49875
25 85 34365
25 86 37946
25 87 27948
25 88 45661
25 89 36001
25 90 55098
25 91 46262
25 92 42140
25 93 38508
25 94 32729
25 95 35258
25 96 40746
25 97 36087
25 98 41820
25 99 42281
25 100 39706
25 101 26028
26 1 13635
26 2 12834
26 3 10560
26 4 2743
26 5 18549
26 6 19010
26 7 29080
26 8 30204
26 9 18222
26 10 23150
26 11 32228
26 12 1055
26 13 8192
26 14 22433
26 15 19556
26 16 27671
26 17 32512
26 18 20138
26 19 26784
26 20 27883
26 21 5299
26 22 11057
26 23 6225
26 24 10760
26 25 8150
26 27 11655
26 28 3588
26 29 10777
26 30 19981
26 31 13240
26 32 21153
26 33 15913
26 34 19515
26 35 28565
26 36 38533
26 37 23160
26 38 24682
26 39 3250
26 40 3369
26 41 13192
26 42 19204
26 43 22207
26 44 26452
26 45 28324
26 46 41398
26 47 29202
26 48 24029
26 49 32910
26 50 10331
26 51 20423
26 52 17846
26 53 7575
26 54 1285
26 55 17822
26 56 14107
26 57 14498
26 58 4039
26 59 15539
26 60 26843
26 61 25439
26 62 23768
26 63 33933
26 64 32537
26 65 24461
26 66 19698
26 67 6712
26 68 242
26 69 16566
26 70 23638
26 71 27101
26 72 3656
26 73 8336
26 74 12463
26 75 9140
26 76 7866
26 77 9786
26 78 21797
26 79 10616
26 80 8277
26 81 12547
26 82 23252
26 83 21465
26 84 28781
26 85 15407
26 86 19633
26 87 11703
26 88 24282
26 89 13863
26 90 36649
26 91 28205
26 92 23446
26 93 18997
26 94 12341
26 95 15939
26 96 20375
26 97 18007
26 98 23323
26 99 22201
26 100 22210
26 101 3667
27 1 5036
27 2 19433
27 3 13148
27 4 16885
27 5 10910
27 6 13152
27 7 15092
27 8 18047
27 9 14883
27 10 10225
27 11 18371
27 12 9795
27 13 8192
27 14 22433
27 15 25756
27 16 23286
27 17 24135
27 18 8212
27 19 12642
27 20 19809
27 21 17660
27 22 22680
27 23 19610
27 24 20558
27 25 21845
27 26 6710
27 28 2234
27 29 17374
27 30 10183
27 31 -188
27 32 9891
27 33 14137
27 34 21040
27 35 26745
27 36 24690
27 37 21234
27 38 23610
27 39 17356
27 40 12109
27 41 23731
27 42 21628
27 43 26276
27 44 24259
27 45 17581
27 46 28739
27 47 15365
27 48 10256
27 49 18769
27 50 7106
27 51 14943
27 52 4186
27 53 8733
27 54 13840
27 55 31266
27 56 27696
27 57 20454
27 58 8226
27 59 12060
27 60 17533
27 61 19916
27 62 9863
27 63 21063
27 64 18838
27 65 20285
27 66 12359
27 67 20834
27 68 7053
27 69 5058
27 70 12560
27 71 22860
27 72 16347
27 73 19996
27 74 24589
27 75 21926
27 76 9359
27 77 12770
27 78 23230
27 79 12392
27 80 16452
27 81 10960
27 82 9960
27 83 10898
27 84 20398
27 85 11497
27 86 14926
27 87 13981
27 88 10213
27 89 4512
27 90 24384
27 91 25252
27 92 21298
27 93 14683
27 94 8917
27 95 13926
27 96 15565
27 97 17546
27 98 20648
27 99 17401
27 100 20466
27 101 -2513
28 1 6219
28 2 17314
28 3 8657
28 4 10624
28 5 15475
28 6 16474
28 7 21762
28 8 24443
28 9 13525
28 10 15104
28 11 24216
28 12 3204
28 13 8660
28 14 23860
28 15 24239
28 16 26625
28 17 29186
28 18 14425
28 19 19071
28 20 21167
28 21 12763
28 22 18352
28 23 14227
28 24 14227
28 25 15200
28 26 630
28 27 4221
28 29 11842
28 30 12589
28 31 5191
28 32 13449
28 33 11713
28 34 17499
28 35 24817
28 36 31379
28 37 23253
28 38 25678
28 39 11220
28 40 8340
28 41 20014
28 42 21777
28 43 25850
28 44 26677
28 45 23526
28 46 35305
28 47 22059
28 48 16961
28 49 25213
28 50 4876
28 51 14611
28 52 10874
28 53 6724
28 54 7132
28 55 24586
28 56 22140
28 57 18865
28 58 6273
28 59 14654
28 60 22746
28 61 23678
28 62 15787
28 63 25908
28 64 24486
28 65 19658
28 66 13390
28 67 14641
28 68 1162
28 69 8548
28 70 15851
28 71 22137
28 72 11354
28 73 15522
28 74 19949
28 75 16927
28 76 4651
28 77 7938
28 78 19594
28 79 8399
28 80 10239
28 81 8570
28 82 16627
28 83 16685
28 84 25360
28 85 14479
28 86 18506
28 87 13916
28 88 16426
28 89 9349
28 90 28712
28 91 27875
28 92 23301
28 93 17758
28 94 11134
28 95 15674
28 96 18651
28 97 18702
28 98 23012
28 99 20590
28 100 22496
28 101 -1188
29 1 18261
29 2 34721
29 3 2019
29 4 12371
29 5 38997
29 6 39814
29 7 41785
29 8 46877
29 9 6724
29 10 28080
29 11 38865
29 12 9636
29 13 30394
29 14 44900
29 15 40650
29 16 49580
29 17 52720
29 18 37257
29 19 36560
29 20 22716
29 21 24368
29 22 28273
29 23 17378
29 24 -2785
29 25 7812
29 26 15040
29 27 26582
29 28 19063
29 30 19567
29 31 21645
29 32 20514
29 33 7370
29 34 537
29 35 12230
29 36 50662
29 37 45427
29 38 47154
29 39 10084
29 40 25709
29 41 31337
29 42 41545
29 43 43965
29 44 48817
29 45 46650
29 46 57073
29 47 41703
29 48 37167
29 49 42019
29 50 10934
29 51 14071
29 52 32656
29 53 28668
29 54 4008
29 55 17535
29 56 26362
29 57 36157
29 58 26439
29 59 37415
29 60 46235
29 61 46925
29 62 31849
29 63 36784
29 64 36995
29 65 9538
29 66 10950
29 67 10531
29 68 -5427
29 69 25237
29 70 26849
29 71 14177
29 72 20578
29 73 27314
29 74 29566
29 75 24162
29 76 10217
29 77 5567
29 78 5034
29 79 -1797
29 80 4673
29 81 1547
29 82 38024
29 83 39934
29 84 48895
29 85 37324
29 86 41535
29 87 34161
29 88 34507
29 89 32855
29 90 38489
29 91 50381
29 92 45613
29 93 40734
29 94 33959
29 95 38011
29 96 41778
29 97 40369
29 98 45468
29 99 43702
29 100 44547
29 101 22320
30 1 5264
30 2 39723
30 3 13745
30 4 31321
30 5 27600
30 6 32551
30 7 19425
30 8 27350
30 9 1599
30 10 -391
30 11 9832
30 12 20910
30 13 28782
30 14 42279
30 15 46303
30 16 41270
30 17 38610
30 18 21496
30 19 9358
30 20 -46
30 21 35610
30 22 41306
30 23 36308
30 24 25499
30 25 32959
30 26 22982
30 27 18129
30 28 18548
30 29 18305
30 31 -795
30 32 -8813
30 33 7768
30 34 12994
30 35 12745
30 36 24102
30 37 40955
30 38 42704
30 39 31819
30 40 31298
30 41 43035
30 42 42141
30 43 46860
30 44 43253
30 45 29009
30 46 34633
30 47 16229
30 48 13356
30 49 13386
30 50 7979
30 51 1359
30 52 17043
30 53 28668
30 54 24598
30 55 42075
30 56 44138
30 57 40956
30 58 28424
30 59 31506
30 60 33272
30 61 37505
30 62 4893
30 63 6791
30 64 7011
30 65 2284
30 66 -7677
30 67 34680
30 68 12430
30 69 11120
30 70 1435
30 71 6039
30 72 34067
30 73 38484
30 74 42815
30 75 39544
30 76 15342
30 77 15923
30 78 17066
30 79 9792
30 80 23257
30 81 2702
30 82 16948
30 83 24398
30 84 35778
30 85 30268
30 86 32230
30 87 34575
30 88 11338
30 89 22869
30 90 8491
30 91 44273
30 92 41142
30 93 33528
30 94 28953
30 95 34058
30 96 34770
30 97 37860
30 98 40103
30 99 36329
30 100 40076
30 101 17982
31 1 4659
31 2 31661
31 3 17532
31 4 28601
31 5 15752
31 6 21814
31 7 8244
31 8 15715
31 9 11897
31 10 -2329
31 11 6245
31 12 19479
31 13 19400
31 14 31321
31 15 37412
31 16 29545
31 17 26571
31 18 9491
31 19 2247
31 20 11988
31 21 30227
31 22 35329
31 23 32072
31 24 28157
31 25 32479
31 26 18645
31 27 10162
31 28 13554
31 29 22787
31 30 1609
31 32 -1645
31 33 14504
31 34 21631
31 35 23748
31 36 16185
31 37 30072
31 38 31224
31 39 29225
31 40 24758
31 41 36322
31 42 32153
31 43 37028
31 44 31817
31 45 17165
31 46 24058
31 47 7325
31 48 3196
31 49 8140
31 50 9977
31 51 11113
31 52 5491
31 53 21353
31 54 23956
31 55 41695
31 56 40060
31 57 32306
31 58 20666
31 59 20532
31 60 21363
31 61 25736
31 62 -2012
31 63 8444
31 64 6461
31 65 14306
31 66 4171
31 67 32613
31 68 14207
31 69 5588
31 70 3646
31 71 17780
31 72 28909
31 73 32634
31 74 37219
31 75 34501
31 76 15808
31 77 18292
31 78 24594
31 79 15289
31 80 24394
31 81 10630
31 82 5533
31 83 12357
31 84 23766
31 85 18865
31 86 20330
31 87 25026
31 88 213
31 89 11936
31 90 12089
31 91 32926
31 92 30415
31 93 22209
31 94 18601
31 95 23694
31 96 23751
31 97 27650
31 98 29051
31 99 25114
31 100 29064
31 101 9951
32 1 15100
32 2 48433
32 3 23773
32 4 41525
32 5 32378
32 6 39272
32 7 21271
32 8 28937
32 9 8531
32 10 -95
32 11 4740
32 12 31146
32 13 36664
32 14 48675
32 15 54596
32 16 46279
32 17 41716
32 18 25862
32 19 6290
32 20 3653
32 21 45309
32 22 50898
32 23 46351
32 24 35487
32 25 43243
32 26 32830
32 27 26513
32 28 28084
32 29 27928
32 30 -137
32 31 4627
32 33 17263
32 34 20605
32 35 17492
32 36 20307
32 37 47479
32 38 48194
32 39 42060
32 40 40581
32 41 52391
32 42 49597
32 43 54461
32 44 48883
32 45 30962
32 46 33898
32 47 13947
32 48 12999
32 49 7475
32 50 18274
32 51 9943
32 52 22845
32 53 37566
32 54 34894
32 55 52361
32 56 54184
32 57 49373
32 58 37202
32 59 37927
32 60 37916
32 61 42435
32 62 4324
32 63 -1020
32 64 -1680
32 65 2641
32 66 -8928
32 67 44964
32 68 22649
32 69 19869
32 70 9588
32 71 9274
32 72 43856
32 73 48071
32 74 52504
32 75 49390
32 76 25631
32 77 26145
32 78 25658
32 79 19397
32 80 33514
32 81 11547
32 82 18502
32 83 27960
32 84 39710
32 85 36019
32 86 36595
32 87 42372
32 88 14448
32 89 29387
32 90 1561
32 91 50104
32 92 47859
32 93 39442
32 94 36059
32 95 41156
32 96 41146
32 97 45106
32 98 46405
32 99 42424
32 100 46422
32 101 26487
33 1 6588
33 2 35790
33 3 -188
33 4 20663
33 5 32458
33 6 34619
33 7 30125
33 8 36800
33 9 -5155
33 10 13961
33 11 24684
33 12 11247
33 13 27849
33 14 43016
33 15 42727
33 16 44870
33 17 45314
33 18 28326
33 19 23191
33 20 8147
33 21 28284
33 22 33812
33 23 26342
33 24 10953
33 25 19965
33 26 15977
33 27 19146
33 28 14735
33 29 3171
33 30 4831
33 31 9163
33 32 5650
33 34 -132
33 35 5609
33 36 37726
33 37 42201
33 38 44691
33 39 20427
33 40 26265
33 41 36322
33 42 40951
33 43 44833
33 44 45514
33 45 37553
33 46 45940
33 47 29157
33 48 25196
33 49 28107
33 50 1024
33 51 -650
33 52 23156
33 53 25914
33 54 12588
33 55 29185
33 56 34409
33 57 37471
33 58 25254
33 59 33321
33 60 38808
33 61 41547
33 62 18382
33 63 22044
33 64 22265
33 65 1052
33 66 -2110
33 67 22451
33 68 -629
33 69 14541
33 70 12927
33 71 3743
33 72 26011
33 73 31437
33 74 35057
33 75 30919
33 76 5987
33 77 3522
33 78 2594
33 79 -5360
33 80 10536
33 81 -10625
33 82 27098
33 83 31470
33 84 41723
33 85 32958
33 86 36554
33 87 33096
33 88 22213
33 89 26122
33 90 23716
33 91 46581
33 92 42233
33 93 36160
33 94 29903
33 95 34656
33 96 37005
33 97 37848
33 98 41820
33 99 38895
33 100 41458
33 101 17246
34 1 18958
34 2 44848
34 3 6674
34 4 25002
34 5 44451
34 6 46180
34 7 42341
34 8 49162
34 9 -2221
34 10 24964
34 11 35314
34 12 18984
34 13 38479
34 14 53645
34 15 51434
34 16 56462
34 17 57512
34 18 40646
34 19 34607
34 20 15244
34 21 35610
34 22 40301
34 23 30289
34 24 10144
34 25 20789
34 26 24584
34 27 31054
34 28 25526
34 29 1343
34 30 15062
34 31 21295
34 32 13997
34 33 4873
34 35 -594
34 36 49300
34 37 53243
34 38 55614
34 39 23109
34 40 35349
34 41 43223
34 42 50959
34 43 54222
34 44 56676
34 45 49912
34 46 58171
34 47 40989
34 48 37282
34 49 38873
34 50 12912
34 51 8418
34 52 35492
34 53 36391
34 54 16446
34 55 30571
34 56 39052
34 57 46497
34 58 35202
34 59 44624
34 60 50952
34 61 53298
34 62 29878
34 63 31477
34 64 31405
34 65 -3315
34 66 595
34 67 23450
34 68 4387
34 69 26898
34 70 24453
34 71 2515
34 72 32467
34 73 38715
34 74 41532
34 75 36543
34 76 15833
34 77 11493
34 78 -406
34 79 -387
34 80 15364
34 81 -3403
34 82 39406
34 83 43768
34 84 53859
34 85 44400
34 86 48257
34 87 43220
34 88 34328
34 89 38045
34 90 33145
34 91 57864
34 92 53297
34 93 47641
34 94 41116
34 95 45664
34 96 48493
34 97 48573
34 98 53010
34 99 50418
34 100 52479
34 101 28543
35 1 21422
35 2 52003
35 3 14073
35 4 34307
35 5 47954
35 6 50672
35 7 42605
35 8 50253
35 9 -3967
35 10 22986
35 11 32216
35 12 26680
35 13 44237
35 14 59377
35 15 58877
35 16 60797
35 17 60254
35 18 42951
35 19 32618
35 20 10883
35 21 43765
35 22 48928
35 23 39830
35 24 20211
35 25 30833
35 26 31925
35 27 35050
35 28 31135
35 29 11327
35 30 13104
35 31 21703
35 32 9175
35 33 8905
35 34 -2303
35 36 47307
35 37 58475
35 38 60963
35 39 32904
35 40 42439
35 41 51682
35 42 57348
35 43 61162
35 44 61710
35 45 51583
35 46 58108
35 47 39711
35 48 36858
35 49 35537
35 50 17297
35 51 7791
35 52 37832
35 53 42315
35 54 25740
35 55 40509
35 56 48344
35 57 53694
35 58 41624
35 59 49494
35 60 54030
35 61 57335
35 62 28391
35 63 27202
35 64 26256
35 65 -13477
35 66 -7363
35 67 33543
35 68 12955
35 69 29401
35 70 23949
35 71 -6041
35 72 41060
35 73 46922
35 74 50142
35 75 45509
35 76 22143
35 77 18688
35 78 7747
35 79 7011
35 80 24101
35 81 148
35 82 40034
35 83 46121
35 84 56895
35 85 49026
35 86 52345
35 87 49494
35 88 34430
35 89 41850
35 90 29151
35 91 62735
35 92 58508
35 93 52215
35 94 46144
35 95 50960
35 96 53082
35 97 54213
35 98 58034
35 99 54935
35 100 57732
35 101 33524
36 1 34741
36 2 50636
36 3 47614
36 4 55001
36 5 21245
36 6 36812
36 7 17655
36 8 11656
36 9 39599
36 10 17609
36 11 7898
36 12 48104
36 13 37203
36 14 38039
36 15 52118
36 16 32062
36 17 22662
36 18 20119
36 19 -2642
36 20 36173
36 21 54027
36 22 57004
36 23 55680
36 24 57923
36 25 60415
36 26 44999
36 27 36101
36 28 40803
36 29 52865
36 30 27567
36 31 17246
36 32 15096
36 33 44128
36 34 50697
36 35 50413
36 37 40097
36 38 32594
36 39 55105
36 40 47960
36 41 56397
36 42 44347
36 43 48124
36 44 35747
36 45 10873
36 46 6783
36 47 -8809
36 48 -1203
36 49 -12598
36 50 40054
36 51 39182
36 52 25874
36 53 44966
36 54 52378
36 55 69853
36 56 64445
36 57 48898
36 58 42273
36 59 31506
36 60 28576
36 61 29261
36 62 10859
36 63 17551
36 64 -1820
36 65 36843
36 66 25277
36 67 58557
36 68 43969
36 69 35114
36 70 31663
36 71 42830
36 72 52450
36 73 55406
36 74 59816
36 75 57621
36 76 45546
36 77 48281
36 78 54134
36 79 45277
36 80 53933
36 81 39886
36 82 7155
36 83 15627
36 84 25130
36 85 25821
36 86 18961
36 87 40290
36 88 20511
36 89 28871
36 90 26922
36 91 39264
36 92 42036
36 93 30733
36 94 33910
36 95 37778
36 96 35768
36 97 41352
36 98 38353
36 99 35354
36 100 37607
36 101 33887
37 1 30024
37 2 11730
37 3 35544
37 4 23601
37 5 -271
37 6 10190
37 7 27064
37 8 17948
37 9 39750
37 10 30840
37 11 34216
37 12 27525
37 13 3561
37 14 -2443
37 15 8429
37 16 1270
37 17 10540
37 18 13212
37 19 24669
37 20 44361
37 21 20299
37 22 17983
37 23 17378
37 24 37578
37 25 30789
37 26 19494
37 27 22513
37 28 22545
37 29 37498
37 30 34288
37 31 21001
37 32 32136
37 33 38471
37 34 44508
37 35 51449
37 36 29965
37 38 -1275
37 39 20611
37 40 16914
37 41 15551
37 42 489
37 43 4642
37 44 -308
37 45 11316
37 46 28070
37 47 21927
37 48 17953
37 49 28458
37 50 31398
37 51 39941
37 52 19684
37 53 19761
37 54 27322
37 55 41614
37 56 28365
37 57 6716
37 58 11278
37 59 -5077
37 60 12877
37 61 842
37 62 26978
37 63 40477
37 64 33998
37 65 45284
37 66 36927
37 67 22746
37 68 26735
37 69 29684
37 70 36247
37 71 47856
37 72 16809
37 73 19485
37 74 22360
37 75 20088
37 76 31618
37 77 34746
37 78 46604
37 79 35383
37 80 35051
37 81 35342
37 82 16229
37 83 7713
37 84 8979
37 85 -10204
37 86 -6962
37 87 -860
37 88 27771
37 89 10371
37 90 45359
37 91 1351
37 92 1922
37 93 -4190
37 94 2326
37 95 1461
37 96 4460
37 97 1174
37 98 -2777
37 99 2883
37 100 -4509
37 101 13700
38 1 51070
38 2 28744
38 3 56563
38 4 40803
38 5 15475
38 6 31026
38 7 44498
38 8 31196
38 9 60929
38 10 50024
38 11 51063
38 12 48067
38 13 24397
38 14 -2443
38 15 15401
38 16 7081
38 17 17512
38 18 31291
38 19 40260
38 20 64994
38 21 38019
38 22 31368
38 23 29299
38 24 57226
38 25 47636
38 26 39738
38 27 43611
38 28 43692
38 29 57947
38 30 54759
38 31 40875
38 32 51573
38 33 59683
38 34 65601
38 35 72659
38 36 41184
38 37 17447
38 39 35263
38 40 36609
38 41 27051
38 42 11793
38 43 5490
38 44 -308
38 45 21527
38 46 37888
38 47 35068
38 48 32872
38 49 41466
38 50 52611
38 51 61023
38 52 39551
38 53 40744
38 54 46514
38 55 59238
38 56 42917
38 57 20187
38 58 31633
38 59 15639
38 60 29944
38 61 12146
38 62 45071
38 63 58656
38 64 49470
38 65 66312
38 66 57506
38 67 35410
38 68 47323
38 69 50580
38 70 56643
38 71 68939
38 72 32931
38 73 36102
38 74 37207
38 75 34131
38 76 52706
38 77 55743
38 78 67704
38 79 56459
38 80 55447
38 81 56554
38 82 31944
38 83 22927
38 84 21449
38 85 5572
38 86 -10049
38 87 17314
38 88 46691
38 89 30836
38 90 64320
38 91 13457
38 92 23136
38 93 14360
38 94 23520
38 95 22644
38 96 24983
38 97 21687
38 98 17069
38 99 22690
38 100 11048
38 101 34913
39 1 35812
39 2 21928
39 3 25909
39 4 -1965
39 5 37015
39 6 38367
39 7 52236
39 8 51698
39 9 34859
39 10 46213
39 11 55616
39 12 19064
39 13 25077
39 14 31421
39 15 21207
39 16 41906
39 17 50383
39 18 42038
39 19 50153
39 20 47965
39 21 12299
39 22 6190
39 23 -12099
39 24 13681
39 25 -4777
39 26 15999
39 27 35050
39 28 26927
39 29 18570
39 30 41567
39 31 36569
39 32 43132
39 33 33112
39 34 30789
39 35 42293
39 36 61388
39 37 37026
39 38 32956
39 40 20152
39 41 8679
39 42 27545
39 43 25458
39 44 37916
39 45 48445
39 46 63047
39 47 52098
39 48 46913
39 49 56253
39 50 30550
39 51 39436
39 52 40919
39 53 29346
39 54 6506
39 55 9911
39 56 1409
39 57 20294
39 58 21975
39 59 31604
39 60 46860
39 61 41375
39 62 47180
39 63 56843
39 64 55836
39 65 39512
39 66 38496
39 67 -16691
39 68 13324
39 69 39659
39 70 46084
39 71 43331
39 72 3115
39 73 12061
39 74 9470
39 75 769
39 76 27170
39 77 26302
39 78 34606
39 79 25108
39 80 20557
39 81 28844
39 82 45779
39 83 42040
39 84 47321
39 85 30446
39 86 33234
39 87 23452
39 88 47711
39 89 35265
39 90 59266
39 91 41793
39 92 38388
39 93 35019
39 94 30268
39 95 32058
39 96 38033
39 97 32214
39 98 37785
39 99 39262
39 100 35089
39 101 26458
40 1 18240
40 2 5867
40 3 17532
40 4 4412
40 5 14044
40 6 14821
40 7 29080
40 8 27854
40 9 24678
40 10 26010
40 11 33937
40 12 8126
40 13 2381
40 14 15532
40 15 12762
40 16 21684
40 17 27867
40 18 18212
40 19 27370
40 20 33194
40 21 2370
40 22 6868
40 23 4299
40 24 17070
40 25 11284
40 26 -361
40 27 13324
40 28 7568
40 29 17716
40 30 24567
40 31 15623
40 32 25174
40 33 22471
40 34 26550
40 35 35349
40 36 37764
40 37 16850
40 38 17823
40 39 3673
40 41 8108
40 42 12161
40 43 15182
40 44 19891
40 45 24913
40 46 39201
40 47 28533
40 48 23380
40 49 33276
40 50 16301
40 51 26344
40 52 17846
40 53 6221
40 54 6707
40 55 21596
40 56 12794
40 57 7558
40 58 -1687
40 59 9826
40 60 23257
40 61 19916
40 62 25442
40 63 36860
40 64 34476
40 65 30943
40 66 25348
40 67 7011
40 68 7289
40 69 19982
40 70 27580
40 71 33490
40 72 916
40 73 4242
40 74 8850
40 75 6367
40 76 14452
40 77 16726
40 78 28799
40 79 17584
40 80 15239
40 81 19197
40 82 22072
40 83 18321
40 84 24380
40 85 9511
40 86 13587
40 87 4786
40 88 25627
40 89 11421
40 90 40042
40 91 21962
40 92 17342
40 93 13361
40 94 7248
40 95 10091
40 96 15291
40 97 11599
40 98 17187
40 99 16908
40 100 15750
40 101 3667
41 1 36231
41 2 8640
41 3 32694
41 4 6986
41 5 24017
41 6 27611
41 7 45365
41 8 41034
41 9 41170
41 10 43951
41 11 51248
41 12 23104
41 13 14014
41 14 13543
41 15 2567
41 16 25810
41 17 36078
41 18 32873
41 19 43839
41 20 50961
41 21 8641
41 22 -4700
41 23 -7548
41 24 26379
41 25 12209
41 26 15763
41 27 31247
41 28 25543
41 29 29645
41 30 42605
41 31 33488
41 32 43285
41 33 38829
41 34 40725
41 35 50893
41 36 52502
41 37 21788
41 38 14566
41 39 -1499
41 40 14409
41 42 10227
41 43 6795
41 44 20655
41 45 36020
41 46 52063
41 47 43621
41 48 38731
41 49 49289
41 50 33525
41 51 43617
41 52 34642
41 53 24028
41 54 15870
41 55 24910
41 56 6492
41 57 3474
41 58 14115
41 59 17819
41 60 35356
41 61 26380
41 62 42851
41 63 54769
41 64 51806
41 65 47282
41 66 42882
41 67 -1510
41 68 20957
41 69 38089
41 70 45689
41 71 50068
41 72 -190
41 73 5496
41 74 2645
41 75 -2214
41 76 30910
41 77 32165
41 78 43441
41 79 32641
41 80 28345
41 81 35312
41 82 37030
41 83 30722
41 84 33971
41 85 15341
41 86 16473
41 87 8698
41 88 42973
41 89 26465
41 90 58089
41 91 25799
41 92 24094
41 93 20749
41 94 18718
41 95 19100
41 96 25464
41 97 18098
41 98 22735
41 99 25952
41 100 19064
41 101 21349
42 1 34938
42 2 8516
42 3 37809
42 4 20617
42 5 8674
42 6 17038
42 7 35274
42 8 26883
42 9 43739
42 10 37983
42 11 42367
42 12 28697
42 13 6699
42 14 -4403
42 15 -379
42 16 7395
42 17 18685
42 18 21496
42 19 33194
42 20 49892
42 21 17771
42 22 12152
42 23 11079
42 24 37155
42 25 27562
42 26 20227
42 27 27596
42 28 25758
42 29 38305
42 30 40163
42 31 27771
42 32 38943
42 33 41910
42 34 46913
42 35 55011
42 36 38904
42 37 5178
42 38 -2240
42 39 15819
42 40 16914
42 41 8679
42 43 -3566
42 44 2028
42 45 20135
42 46 36973
42 47 30799
42 48 26681
42 49 37280
42 50 35095
42 51 44494
42 52 26787
42 53 22535
42 54 26364
42 55 39031
42 56 23409
42 57 294
42 58 12629
42 59 3169
42 60 21646
42 61 8869
42 62 34768
42 63 48059
42 64 42399
42 65 49774
42 66 42436
42 67 16976
42 68 27898
42 69 35114
42 70 42315
42 71 52251
42 72 12859
42 73 15914
42 74 17457
42 75 14744
42 76 34268
42 77 36972
42 78 49083
42 79 37819
42 80 35847
42 81 38749
42 82 24909
42 83 16611
42 84 17788
42 85 -1870
42 86 -2206
42 87 -1895
42 88 35263
42 89 17303
42 90 52533
42 91 7654
42 92 9292
42 93 4754
42 94 8239
42 95 7100
42 96 12313
42 97 5130
42 98 6105
42 99 11443
42 100 1148
42 101 17982
43 1 43615
43 2 14872
43 3 45334
43 4 24836
43 5 16709
43 6 26084
43 7 44160
43 8 34927
43 9 51967
43 10 47037
43 11 51289
43 12 35853
43 13 15468
43 14 -2993
43 15 -2319
43 16 12671
43 17 24962
43 18 30333
43 19 41917
43 20 58671
43 21 23102
43 22 14144
43 23 11361
43 24 42946
43 25 31099
43 26 27396
43 27 36410
43 28 33997
43 29 44891
43 30 49048
43 31 36812
43 32 47973
43 33 49958
43 34 54342
43 35 62991
43 36 46847
43 37 13497
43 38 -4377
43 39 17898
43 40 24101
43 41 9413
43 42 600
43 44 5154
43 45 27422
43 46 44442
43 47 39062
43 48 35206
43 49 45644
43 50 43334
43 51 52975
43 52 35842
43 53 30818
43 54 32045
43 55 43230
43 56 25730
43 57 5022
43 58 20610
43 59 11895
43 60 30134
43 61 15605
43 62 43777
43 63 57101
43 64 51210
43 65 58129
43 66 51185
43 67 17455
43 68 34865
43 69 43952
43 70 51253
43 71 60606
43 72 16809
43 73 20537
43 74 20514
43 75 16927
43 76 42089
43 77 44522
43 78 56602
43 79 45383
43 80 42620
43 81 46755
43 82 33491
43 83 24856
43 84 25229
43 85 5572
43 86 1120
43 87 6705
43 88 44305
43 89 26356
43 90 61587
43 91 14141
43 92 18120
43 93 12925
43 94 17293
43 95 16153
43 96 21201
43 97 14186
43 98 14248
43 99 20078
43 100 8474
43 101 26663
44 1 40317
44 2 20620
44 3 46356
44 4 33008
44 5 5041
44 6 20270
44 7 34172
44 8 21885
44 9 50254
44 10 39378
44 11 41004
44 12 38278
44 13 14335
44 14 -7966
44 15 11425
44 16 -2647
44 17 9600
44 18 20726
44 19 30532
44 20 54177
44 21 29824
44 22 25291
44 23 24210
44 24 48084
44 25 40121
44 26 30145
44 27 32897
44 28 33328
44 29 48247
44 30 43945
44 31 30105
44 32 40899
44 33 49143
44 34 55300
44 35 62043
44 36 32974
44 37 7051
44 38 -11671
44 39 28860
44 40 27314
44 41 21777
44 42 4698
44 43 3658
44 45 13027
44 46 29954
44 47 26087
44 48 23249
44 49 32689
44 50 42050
44 51 50277
44 52 28763
44 53 30577
44 54 37627
44 55 51282
44 56 36457
44 57 13389
44 58 21921
44 59 4942
44 60 19440
44 61 1948
44 62 34648
44 63 48260
44 64 39906
44 65 55537
44 66 46690
44 67 30129
44 68 37507
44 69 39790
44 70 45831
44 71 58188
44 72 25570
44 73 28434
44 74 30448
44 75 27842
44 76 42419
44 77 45561
44 78 57395
44 79 46184
44 80 45776
44 81 46011
44 82 22012
44 83 12880
44 84 11766
44 85 -5242
44 86 -15025
44 87 8358
44 88 36066
44 89 20023
44 90 53737
44 91 2655
44 92 12695
44 93 3545
44 94 12955
44 95 12263
44 96 14209
44 97 11727
44 98 6439
44 99 11883
44 100 725
44 101 24377
45 1 30907
45 2 32238
45 3 42029
45 4 40803
45 5 591
45 6 19626
45 7 15503
45 8 -729
45 9 40311
45 10 22167
45 11 19630
45 12 38086
45 13 19676
45 14 15788
45 15 31205
45 16 9709
45 17 574
45 18 7354
45 19 8128
45 20 40317
45 21 38252
45 22 39067
45 23 38375
45 24 49220
45 25 47474
45 26 32380
45 27 26582
45 28 30540
45 29 46443
45 30 30064
45 31 15816
45 32 23341
45 33 41545
45 34 48899
45 35 52279
45 36 8463
45 37 19038
45 38 10527
45 39 39752
45 40 32699
45 41 37505
45 42 23168
45 43 26289
45 44 13390
45 46 5553
45 47 2091
45 48 848
45 49 8458
45 50 35190
45 51 39563
45 52 17229
45 53 31293
45 54 41031
45 55 57450
45 56 48121
45 57 29064
45 58 26501
45 59 11318
45 60 10264
45 61 7130
45 62 15675
45 63 28423
45 64 16804
45 65 42723
45 66 31956
45 67 42764
45 68 36039
45 69 30058
45 70 32282
45 71 46420
45 72 36044
45 73 38715
45 74 42604
45 75 40498
45 76 38403
45 77 41787
45 78 51348
45 79 40954
45 80 45249
45 81 38093
45 82 1498
45 83 -2253
45 84 3368
45 85 4192
45 86 -2987
45 87 20626
45 88 19626
45 89 14440
45 90 35377
45 91 17276
45 92 21721
45 93 9777
45 94 15931
45 95 18659
45 96 16596
45 97 21570
45 98 17210
45 99 15322
45 100 15987
45 101 21642
46 1 33232
46 2 41710
46 3 45617
46 4 48543
46 5 10753
46 6 28216
46 7 15175
46 8 2302
46 9 40941
46 10 20072
46 11 13975
46 12 43713
46 13 28616
46 14 26539
46 15 41714
46 16 20390
46 17 10760
46 18 12910
46 19 2050
46 20 39122
46 21 46612
46 22 48442
46 23 47549
46 24 54471
46 25 54731
46 26 39183
46 27 31469
46 28 36048
46 29 50595
46 30 29417
46 31 16438
46 32 20006
46 33 43661
46 34 50887
46 35 52533
46 36 -1898
46 37 29521
46 38 20617
46 39 48083
46 40 40716
46 41 47277
46 42 33735
46 43 37038
46 44 24046
46 45 -718
46 47 -6020
46 48 -3099
46 49 -1146
46 50 38225
46 51 40191
46 52 21137
46 53 38423
46 54 47432
46 55 64433
46 56 56835
46 57 39155
46 58 34687
46 59 21410
46 60 19077
46 61 17898
46 62 12934
46 63 23630
46 64 8559
46 65 41122
46 66 29747
46 67 51346
46 68 40774
46 69 32792
46 70 32338
46 71 45774
46 72 44732
46 73 47500
46 74 51657
46 75 49540
46 76 42598
46 77 45767
46 78 53729
46 79 43983
46 80 50348
46 81 39886
46 82 1808
46 83 5964
46 84 14001
46 85 14854
46 86 6980
46 87 30593
46 88 19544
46 89 21511
46 90 31759
46 91 28032
46 92 31896
46 93 20182
46 94 24996
46 95 28300
46 96 26180
46 97 31543
46 98 27715
46 99 25308
46 100 26663
46 101 27955
47 1 27953
47 2 43867
47 3 40802
47 4 47804
47 5 15475
47 6 30074
47 7 10480
47 8 6021
47 9 33769
47 10 11970
47 11 4216
47 12 40941
47 13 30394
47 14 32907
47 15 45944
47 16 27326
47 17 18685
47 18 13212
47 19 -7580
47 20 30962
47 21 46923
47 22 50091
47 23 48653
47 24 50889
47 25 53206
47 26 37790
47 27 28898
47 28 33605
47 29 46028
47 30 21816
47 31 10508
47 32 10858
47 33 37681
47 34 44508
47 35 44939
47 36 -6687
47 37 34181
47 38 28600
47 39 47937
47 40 40851
47 41 49638
47 42 38364
47 43 42461
47 44 30982
47 45 6623
47 46 4783
47 48 -8401
47 49 -9376
47 50 33239
47 51 33188
47 52 18664
47 53 37801
47 54 45189
47 55 62649
47 56 57345
47 57 42414
47 58 35227
47 59 25340
47 60 22329
47 61 24147
47 62 4893
47 63 14002
47 64 -1085
47 65 32421
47 66 20897
47 67 51397
47 68 36951
47 69 28142
47 70 25435
47 71 37699
47 72 45380
47 73 48373
47 74 52819
47 75 50601
47 76 38541
47 77 41362
47 78 47745
47 79 38632
47 80 46863
47 81 33590
47 82 172
47 83 9610
47 84 19945
47 85 20252
47 86 15123
47 87 33836
47 88 13652
47 89 21875
47 90 22584
47 91 33908
47 92 35864
47 93 24864
47 94 27238
47 95 31293
47 96 29382
47 97 34985
47 98 32497
47 99 29194
47 100 31957
47 101 26692
48 1 22379
48 2 37773
48 3 35111
48 4 41403
48 5 10640
48 6 24070
48 7 4344
48 8 2355
48 9 29354
48 10 8397
48 11 3981
48 12 34703
48 13 24287
48 14 28425
48 15 40381
48 16 23410
48 17 15921
48 18 7104
48 19 -7396
48 20 27423
48 21 40554
48 22 43859
48 23 42331
48 24 44852
48 25 46846
48 26 31401
48 27 22573
48 28 27291
48 29 40276
48 30 17727
48 31 5163
48 32 8694
48 33 32504
48 34 39585
48 35 40870
48 36 -297
48 37 28991
48 38 25188
48 39 41536
48 40 34482
48 41 43532
48 42 33030
48 43 37389
48 44 26928
48 45 4164
48 46 6488
48 47 -9617
48 49 -4078
48 50 27580
48 51 28636
48 52 12285
48 53 31403
48 54 38892
48 55 56310
48 56 50978
48 57 36577
48 58 28903
48 59 19920
48 60 16998
48 61 19916
48 62 1298
48 63 13003
48 64 1859
48 65 29490
48 66 18189
48 67 44999
48 68 30951
48 69 22293
48 70 20766
48 71 34070
48 72 39032
48 73 42053
48 74 46522
48 75 44286
48 76 32580
48 77 35522
48 78 42594
48 79 33164
48 80 40780
48 81 28595
48 82 -5845
48 83 4718
48 84 15861
48 85 15474
48 86 12084
48 87 28056
48 88 8213
48 89 15617
48 90 20520
48 91 29313
48 92 30415
48 93 19781
48 94 21284
48 95 25521
48 96 23751
48 97 29317
48 98 27384
48 99 23809
48 100 27029
48 101 20290
49 1 34044
49 2 55102
49 3 46661
49 4 57194
49 5 27600
49 6 41495
49 7 19868
49 8 18186
49 9 36248
49 10 14907
49 11 3534
49 12 48984
49 13 41625
49 14 45071
49 15 57818
49 16 39436
49 17 30525
49 18 24517
49 19 -3600
49 20 31998
49 21 57146
49 22 60950
49 23 59111
49 24 57746
49 25 61848
49 26 47020
49 27 37824
49 28 42281
49 29 51866
49 30 24495
49 31 16845
49 32 9908
49 33 42153
49 34 47914
49 35 46287
49 36 -4954
49 37 46234
49 38 40520
49 39 57614
49 40 51116
49 41 60828
49 42 50367
49 43 54565
49 44 43106
49 45 18512
49 46 15179
49 47 -3854
49 48 2660
49 50 39279
49 51 36286
49 52 28292
49 53 47783
49 54 53446
49 55 71131
49 56 67519
49 57 54035
49 58 45804
49 59 37287
49 60 34294
49 61 36305
49 62 9359
49 63 12004
49 64 -10493
49 65 31200
49 66 19802
49 67 61103
49 68 43830
49 69 35221
49 70 29677
49 71 38251
49 72 55733
49 73 58898
49 74 63441
49 75 61124
49 76 45466
49 77 47757
49 78 51874
49 79 43764
49 80 54069
49 81 37508
49 82 11617
49 83 21701
49 84 32102
49 85 32398
49 86 26953
49 87 45520
49 88 20825
49 89 32804
49 90 22109
49 91 46072
49 92 47797
49 93 36945
49 94 38724
49 95 42985
49 96 41191
49 97 46770
49 98 44574
49 99 41155
49 100 44083
49 101 36419
50 1 544
50 2 28744
50 3 778
50 4 16761
50 5 24784
50 6 26813
50 7 24230
50 8 30084
50 9 1863
50 10 11010
50 11 21666
50 12 6353
50 13 20184
50 14 35295
50 15 35711
50 16 37074
50 17 37822
50 18 21105
50 19 18898
50 20 10994
50 21 22373
50 22 28111
50 23 22054
50 24 11777
50 25 18239
50 26 9685
50 27 11405
50 28 7188
50 29 6025
50 30 4332
50 31 3926
50 32 5951
50 33 314
50 34 7197
50 35 13291
50 36 32942
50 37 34418
50 38 36909
50 39 17155
50 40 19385
50 41 30308
50 42 33426
50 43 37499
50 44 37711
50 45 30488
50 46 39794
50 47 24005
50 48 19562
50 49 24523
50 51 3319
50 52 16038
50 53 18381
50 54 9834
50 55 27353
50 56 29920
50 57 30373
50 58 17897
50 59 25513
50 60 31255
50 61 33779
50 62 14263
50 63 20712
50 64 20642
50 65 8022
50 66 2589
50 67 19929
50 68 -1929
50 69 7778
50 70 9889
50 71 10510
50 72 20514
50 73 25448
50 74 29449
50 75 25780
50 76 602
50 77 1733
50 78 9460
50 79 -967
50 80 8693
50 81 -2823
50 82 20770
50 83 24167
50 84 34161
50 85 25149
50 86 28778
50 87 25564
50 88 16800
50 89 18403
50 90 22701
50 91 38773
50 92 34449
50 93 28352
50 94 22106
50 95 26886
50 96 29196
50 97 30134
50 98 34019
50 99 31088
50 100 33675
50 101 9458
51 1 6261
51 2 39757
51 3 6850
51 4 27072
51 5 32594
51 6 35888
51 7 27147
51 8 34653
51 9 -7076
51 10 8714
51 11 19049
51 12 17006
51 13 30460
51 14 45199
51 15 46704
51 16 45722
51 17 44666
51 18 27344
51 19 18417
51 20 945
51 21 33509
51 22 39223
51 23 32638
51 24 18162
51 25 27020
51 26 20852
51 27 20317
51 28 17998
51 29 10237
51 30 -1213
51 31 6137
51 32 -1305
51 33 -285
51 34 3778
51 35 4860
51 36 33145
51 37 44036
51 38 46396
51 39 27116
51 40 30503
51 41 41475
51 42 43900
51 43 48215
51 44 47013
51 45 35936
51 46 42835
51 47 25029
51 48 21693
51 49 22605
51 50 4394
51 52 22269
51 53 29060
51 54 19326
51 55 36205
51 56 40583
51 57 41335
51 58 28730
51 59 34845
51 60 38559
51 61 42147
51 62 13768
51 63 15577
51 64 15728
51 65 -2497
51 66 -8488
51 67 29383
51 68 6277
51 69 14057
51 70 8601
51 71 57
51 72 31562
51 73 36602
51 74 40534
51 75 36724
51 76 11217
51 77 10046
51 78 8010
51 79 1789
51 80 17375
51 81 -6242
51 82 24505
51 83 30502
51 84 41381
51 85 34160
51 86 37121
51 87 36071
51 88 18983
51 89 26743
51 90 17214
51 91 47992
51 92 44094
51 93 37349
51 94 31707
51 95 36675
51 96 38290
51 97 40177
51 98 43443
51 99 40069
51 100 43269
51 101 19413
52 1 9451
52 2 23636
52 3 20603
52 4 24836
52 5 6241
52 6 12163
52 7 6963
52 8 9868
52 9 19356
52 10 6872
52 11 12303
52 12 18336
52 13 10629
52 14 21491
52 15 28519
52 16 19871
52 17 18066
52 18 828
52 19 5167
52 20 21308
52 21 24505
52 22 28647
52 23 26501
52 24 28977
52 25 30207
52 26 14772
52 27 6057
52 28 10758
52 29 25319
52 30 10968
52 31 -2988
52 32 8094
52 33 20018
52 34 27349
52 35 31398
52 36 16334
52 37 20276
52 38 21421
52 39 25096
52 40 18502
52 41 28997
52 42 22690
52 43 27579
52 44 21996
52 45 10099
52 46 20278
52 47 7002
52 48 1839
52 49 11108
52 50 13610
52 51 18766
52 53 15133
52 54 22349
52 55 39692
52 56 34869
52 57 23695
52 58 13425
52 59 10725
52 60 12013
52 61 16105
52 62 4065
52 63 16980
52 64 12835
52 65 23276
52 66 13714
52 67 28582
52 68 15304
52 69 8548
52 70 12836
52 71 26302
52 72 23115
52 73 26362
52 74 30945
52 75 28557
52 76 17240
52 77 20522
52 78 29765
52 79 19397
52 80 24853
52 81 16630
52 82 1419
52 83 4003
52 84 14766
52 85 9031
52 86 10884
52 87 15914
52 88 4268
52 89 2278
52 90 21420
52 91 23085
52 92 20681
52 93 12362
52 94 9137
52 95 14163
52 96 13943
52 97 18166
52 98 19218
52 99 15268
52 100 19234
52 101 3801
53 1 12658
53 2 10575
53 3 15336
53 4 9696
53 5 10572
53 6 11052
53 7 22559
53 8 22415
53 9 20731
53 10 19442
53 11 27229
53 12 7585
53 13 1601
53 14 16791
53 15 17327
53 16 20425
53 17 24528
53 18 12447
53 19 20759
53 20 27811
53 21 8900
53 22 13529
53 23 10922
53 24 18428
53 25 15872
53 26 630
53 27 6733
53 28 2737
53 29 17460
53 30 18722
53 31 9003
53 32 18944
53 33 18905
53 34 24377
53 35 32010
53 36 31555
53 37 16482
53 38 18743
53 39 9652
53 40 3006
53 41 14512
53 42 14567
53 43 18684
53 44 19939
53 45 20292
53 46 33693
53 47 22268
53 48 17086
53 49 26728
53 50 12082
53 51 21686
53 52 11262
53 54 9343
53 55 25712
53 56 19248
53 57 11941
53 58 -711
53 59 8264
53 60 18783
53 61 17860
53 62 18735
53 63 30274
53 64 27769
53 65 26836
53 66 20193
53 67 13109
53 68 6645
53 69 13778
53 70 21435
53 71 29310
53 72 7542
53 73 10950
53 74 15559
53 75 13048
53 76 11496
53 77 14522
53 78 26484
53 79 15232
53 80 15164
53 81 15753
53 82 15973
53 83 13455
53 84 20766
53 85 8171
53 86 12381
53 87 6705
53 88 18920
53 89 5921
53 90 33586
53 91 21312
53 92 16587
53 93 11586
53 94 4811
53 95 8950
53 96 12704
53 97 11695
53 98 16400
53 99 14603
53 100 15685
53 101 -3041
54 1 19831
54 2 21493
54 3 8657
54 4 -2179
54 5 30561
54 6 31026
54 7 39608
54 8 41909
54 9 17663
54 10 30719
54 11 40840
54 12 3204
54 13 19676
54 14 32475
54 15 26526
54 16 39124
54 17 44522
54 18 31813
54 19 36560
54 20 30830
54 21 10299
54 22 13529
54 23 3382
54 24 144
54 25 -2169
54 26 4610
54 27 22110
54 28 13415
54 29 3070
54 30 24922
54 31 21876
54 32 26542
54 33 15849
54 34 14702
54 35 25705
54 36 49237
54 37 34313
54 38 34783
54 39 -2918
54 40 13762
54 41 16624
54 42 28666
54 43 30181
54 44 37259
54 45 40300
54 46 52972
54 47 39926
54 48 34845
54 49 42661
54 50 13805
54 51 22222
54 52 28748
54 53 19613
54 55 6994
54 56 11873
54 57 22526
54 58 15403
54 59 27146
54 60 38870
54 61 37175
54 62 32700
54 63 40980
54 64 40560
54 65 22741
54 66 21233
54 67 -590
54 68 -3921
54 69 24685
54 70 30036
54 71 26251
54 72 5915
54 73 12990
54 74 14850
54 75 9422
54 76 10481
54 77 9082
54 78 17939
54 79 7983
54 80 3301
54 81 11627
54 82 34465
54 83 33423
54 84 40809
54 85 26917
54 86 31042
54 87 21910
54 88 33814
54 89 25791
54 90 43132
54 91 39426
54 92 34787
54 93 30657
54 94 24170
54 95 27446
54 96 32237
54 97 29060
54 98 34642
54 99 34004
54 100 33185
54 101 15291
55 1 28278
55 2 25069
55 3 15941
55 4 -2855
55 5 37057
55 6 37649
55 7 47838
55 8 49516
55 9 24454
55 10 39187
55 11 49324
55 12 11676
55 13 25442
55 14 36106
55 15 27991
55 16 44355
55 17 50933
55 18 39451
55 19 44963
55 20 38578
55 21 13547
55 22 13261
55 23 -1003
55 24 2310
55 25 -10605
55 26 11881
55 27 30270
55 28 21603
55 29 7331
55 30 33133
55 31 30349
55 32 34743
55 33 23180
55 34 19561
55 35 31208
55 36 57446
55 37 39339
55 38 38241
55 39 -8779
55 40 19385
55 41 16398
55 42 32067
55 43 32100
55 44 41648
55 45 47453
55 46 60707
55 47 48120
55 48 42997
55 49 51080
55 50 22058
55 51 29835
55 52 36825
55 53 26716
55 54 -2272
55 56 9275
55 57 25188
55 58 21356
55 59 32812
55 60 45856
55 61 42908
55 62 41170
55 63 49392
55 64 49029
55 65 28490
55 66 28435
55 67 -8151
55 68 3493
55 69 33162
55 70 38447
55 71 32649
55 72 6978
55 73 15223
55 74 15157
55 75 8163
55 76 18818
55 77 16883
55 78 23663
55 79 14693
55 80 10891
55 81 18563
55 82 42436
55 83 40646
55 84 47378
55 85 32335
55 86 36124
55 87 26249
55 88 42224
55 89 33113
55 90 51495
55 91 44418
55 92 40106
55 93 36349
55 94 30322
55 95 33071
55 96 38375
55 97 34128
55 98 39854
55 99 39988
55 100 37940
55 101 22950
56 1 33116
56 2 15115
56 3 25593
56 4 -3153
56 5 30597
56 6 32297
56 7 47393
56 8 45877
56 9 34641
56 10 42835
56 11 51650
56 12 17179
56 13 18801
56 14 24430
56 15 14443
56 16 35008
56 17 43776
56 18 36490
56 19 45579
56 20 46483
56 21 6613
56 22 -697
56 23 -13421
56 24 16086
56 25 211
56 26 12266
56 27 30800
56 28 23257
56 29 20258
56 30 39296
56 31 32814
56 32 40666
56 33 32504
56 34 32142
56 35 43143
56 36 56138
56 37 30190
56 38 26020
56 39 -13181
56 40 14683
56 41 2080
56 42 20545
56 43 18700
56 44 30923
56 45 42224
56 46 57209
56 47 46916
56 48 41765
56 49 51568
56 50 28725
56 51 38313
56 52 36102
56 53 24352
56 54 6707
56 55 13375
56 57 13294
56 58 16213
56 59 24976
56 60 40749
56 61 34618
56 62 43146
56 63 53630
56 64 52072
56 65 40101
56 66 37643
56 67 -10938
56 68 13195
56 69 36262
56 70 43254
56 71 43394
56 72 -3275
56 73 5594
56 74 2505
56 75 -6153
56 76 25482
56 77 25522
56 78 35386
56 79 25205
56 80 20418
56 81 28595
56 82 40432
56 83 36010
56 84 40864
56 85 23652
56 86 26279
56 87 16604
56 88 43473
56 89 29684
56 90 56326
56 91 34891
56 92 31667
56 93 28338
56 94 23993
56 95 25521
56 96 31618
56 97 25486
56 98 30980
56 99 32730
56 100 28174
56 101 21693
57 1 32298
57 2 2264
57 3 32756
57 4 12953
57 5 13308
57 6 18323
57 7 36914
57 8 30881
57 9 39825
57 10 37651
57 11 43558
57 12 23190
57 13 5534
57 14 3494
57 15 -2319
57 16 14679
57 17 24962
57 18 23675
57 19 35280
57 20 47454
57 21 10563
57 22 4210
57 23 3341
57 24 30368
57 25 19745
57 26 14772
57 27 25673
57 28 22097
57 29 32168
57 30 38229
57 31 27175
57 32 37970
57 33 37681
57 34 41702
57 35 50608
57 36 42706
57 37 10656
57 38 5405
57 39 7819
57 40 11562
57 41 1177
57 42 -455
57 43 107
57 44 9970
57 45 25282
57 46 41644
57 47 34100
57 48 29479
57 49 40199
57 50 31293
57 51 41180
57 52 27043
57 53 19160
57 54 19475
57 55 31403
57 56 15409
57 58 8750
57 59 7079
57 60 25186
57 61 15222
57 62 35458
57 63 48199
57 64 43965
57 65 46070
57 66 39837
57 67 9103
57 68 22154
57 69 33133
57 70 40718
57 71 48578
57 72 5038
57 73 8298
57 74 9470
57 75 6753
57 76 29699
57 77 31965
57 78 44000
57 79 32812
57 80 29894
57 81 34432
57 82 27680
57 83 20491
57 84 23086
57 85 4192
57 86 5549
57 87 -1895
57 88 35660
57 89 17986
57 90 52098
57 91 14637
57 92 13236
57 93 9777
57 94 9261
57 95 8950
57 96 15208
57 97 7477
57 98 11620
57 99 15322
57 100 7895
57 101 15682
58 1 17756
58 2 5488
58 3 19402
58 4 8526
58 5 9927
58 6 10715
58 7 25908
58 8 23932
58 9 25548
58 10 24134
58 11 31370
58 12 10627
58 13 -1536
58 14 12778
58 15 12241
58 16 17953
58 17 23769
58 18 14472
58 19 24320
58 20 32908
58 21 6116
58 22 9415
58 23 7619
58 24 20508
58 25 15403
58 26 2417
58 27 11549
58 28 7609
58 29 20554
58 30 23801
58 31 13639
58 32 23903
58 33 23568
58 34 28511
58 35 36642
58 36 34185
58 37 13322
58 38 14955
58 39 7604
58 40 421
58 41 9922
58 42 9984
58 43 13799
58 44 16606
58 45 20823
58 46 35280
58 47 25017
58 48 19909
58 49 30072
58 50 16921
58 51 26679
58 52 14877
58 53 4612
58 54 10456
58 55 25675
58 56 16432
58 57 6854
58 59 5933
58 60 19175
58 61 15981
58 62 22944
58 63 34912
58 64 31933
58 65 31726
58 66 25277
58 67 10853
58 68 9883
58 69 18802
58 70 26452
58 71 34208
58 72 4380
58 73 7340
58 74 11835
58 75 9573
58 76 15833
58 77 18564
58 78 30663
58 79 19397
58 80 18064
58 81 20385
58 82 18468
58 83 14282
58 84 20261
58 85 5720
58 86 9898
58 87 2208
58 88 23070
58 89 7670
58 90 38393
58 91 18388
58 92 13654
58 93 9449
58 94 3156
58 95 6238
58 96 11216
58 97 8158
58 98 13529
58 99 12883
58 100 12361
58 101 1542
59 1 26235
59 2 12085
59 3 32494
59 4 22835
59 5 -2966
59 6 6221
59 7 23083
59 8 14822
59 9 36117
59 10 26717
59 11 30228
59 12 25000
59 13 1436
59 14 1609
59 15 11425
59 16 2975
59 17 9600
59 18 9243
59 19 20855
59 20 40391
59 21 19630
59 22 18842
59 23 18248
59 24 35498
59 25 29970
59 26 17307
59 27 18773
59 28 19380
59 29 34920
59 30 30273
59 31 16895
59 32 28018
59 33 35025
59 34 41323
59 35 47902
59 36 26808
59 37 357
59 38 2351
59 39 20623
59 40 15324
59 41 17016
59 42 3914
59 43 8474
59 44 3017
59 45 9030
59 46 25393
59 47 18520
59 48 14316
59 49 24945
59 50 27927
59 51 36184
59 52 15567
59 53 16977
59 54 25589
59 55 40521
59 56 28585
59 57 8573
59 58 9323
59 60 9329
59 61 898
59 62 22900
59 63 36378
59 64 30118
59 65 41488
59 66 32948
59 67 23179
59 68 24108
59 69 25796
59 70 32212
59 71 44102
59 72 16717
59 73 19340
59 74 22747
59 75 20595
59 76 28504
59 77 31738
59 78 43420
59 79 32250
59 80 32575
59 81 31890
59 82 12540
59 83 4450
59 84 6973
59 85 -9291
59 86 -5059
59 87 114
59 88 23656
59 89 6299
59 90 41236
59 91 4062
59 92 1330
59 93 -5662
59 94 -1063
59 95 -942
59 96 342
59 97 1075
59 98 -585
59 99 -881
59 100 -629
59 101 10291
60 1 22521
60 2 21192
60 3 32092
60 4 29098
60 5 -6979
60 6 7954
60 7 13343
60 8 4270
60 9 32642
60 10 18678
60 11 20361
60 12 26999
60 13 8192
60 14 10460
60 15 22181
60 16 6922
60 17 5161
60 18 -80
60 19 10435
60 20 34656
60 21 26604
60 22 27935
60 23 27101
60 24 38154
60 25 35789
60 26 20852
60 27 16487
60 28 19713
60 29 35981
60 30 24280
60 31 9967
60 32 20248
60 33 32753
60 34 39892
60 35 44679
60 36 16119
60 37 10552
60 38 8897
60 39 28120
60 40 20996
60 41 26794
60 42 14632
60 43 18954
60 44 9756
60 45 217
60 46 15301
60 47 7750
60 48 3635
60 49 14193
60 50 25910
60 51 32139
60 52 9096
60 53 19737
60 54 29554
60 55 45806
60 56 36599
60 57 18921
60 58 14806
60 59 1570
60 61 3078
60 62 13768
60 63 27381
60 64 19825
60 65 36722
60 66 26960
60 67 31211
60 68 25348
60 69 21632
60 70 26167
60 71 39749
60 72 24500
60 73 27204
60 74 31239
60 75 29132
60 76 28202
60 77 31630
60 78 42133
60 79 31362
60 80 34354
60 81 29489
60 82 1923
60 83 -6072
60 84 1474
60 85 -2634
60 86 -2471
60 87 10310
60 88 15338
60 89 3271
60 90 32936
60 91 11385
60 92 12094
60 93 1388
60 94 4508
60 95 7864
60 96 5782
60 97 11339
60 98 8962
60 99 5427
60 100 8694
60 101 10515
61 1 32507
61 2 20475
61 3 40386
61 4 31787
61 5 -4743
61 6 13328
61 7 24267
61 8 11973
61 9 42679
61 10 29858
61 11 30989
61 12 33544
61 13 10409
61 14 695
61 15 16574
61 16 -4258
61 17 1732
61 18 11101
61 19 20483
61 20 45514
61 21 28541
61 22 26904
61 23 26310
61 24 44273
61 25 38940
61 26 26109
61 27 25531
61 28 27306
61 29 43332
61 30 35174
61 31 21001
61 32 31428
61 33 42153
61 34 48899
61 35 54645
61 36 23465
61 37 5178
61 38 -2240
61 39 29296
61 40 24316
61 41 24479
61 42 8516
61 43 11086
61 44 -1075
61 45 3744
61 46 20783
61 47 16229
61 48 13214
61 49 22865
61 50 35095
61 51 42388
61 52 19849
61 53 25475
61 54 34520
61 55 49519
61 56 37129
61 57 15618
61 58 18273
61 59 -200
61 60 9739
61 62 24824
61 63 38414
61 64 29864
61 65 47344
61 66 37912
61 67 31599
61 68 32516
61 69 31749
61 70 37043
61 71 50187
61 72 25417
61 73 28055
61 74 31169
61 75 28941
61 76 36363
61 77 39710
61 78 51030
61 79 39983
61 80 41119
61 81 38978
61 82 11965
61 83 2838
61 84 1837
61 85 -10204
61 86 -13087
61 87 7982
61 88 26518
61 89 12020
61 90 44100
61 91 2083
61 92 9292
61 93 -2662
61 94 7424
61 95 8058
61 96 7620
61 97 9417
61 98 3425
61 99 5129
61 100 1148
61 101 17982
62 1 13454
62 2 38883
62 3 26147
62 4 37642
62 5 17960
62 6 27028
62 7 6008
62 8 13386
62 9 17663
62 10 -4066
62 11 -2722
62 12 28697
62 13 25922
62 14 35213
62 15 43740
62 16 31767
62 17 26350
62 18 11651
62 19 -6422
62 20 15019
62 21 38716
62 22 43450
62 23 40699
62 24 37155
62 25 41691
62 26 27568
62 27 18608
62 28 22545
62 29 31386
62 30 5692
62 31 -3617
62 32 -3553
62 33 22118
62 34 28609
62 35 28831
62 36 8193
62 37 34444
62 38 33815
62 39 38231
62 40 32972
62 41 44080
62 42 37545
62 43 42388
62 44 34755
62 45 15419
62 46 18949
62 47 105
62 48 -2274
62 49 -951
62 50 18709
62 51 17139
62 52 10939
62 53 29480
62 54 33175
62 55 50911
62 56 48787
62 57 38984
62 58 28366
62 59 24932
62 60 23559
62 61 27954
62 63 2382
62 64 -2197
62 65 16966
62 66 5667
62 67 41660
62 68 23245
62 69 14807
62 70 9588
62 71 21733
62 72 37399
62 73 40916
62 74 45524
62 75 42959
62 76 24899
62 77 27172
62 78 32077
62 79 23465
62 80 33514
62 81 17804
62 82 2983
62 83 12944
62 84 24733
62 85 22202
62 86 21634
62 87 31094
62 88 1538
62 89 17303
62 90 8491
62 91 36277
62 92 35150
62 93 25863
62 94 24170
62 95 29073
62 96 28244
62 97 33089
62 98 33145
62 99 29132
62 100 33110
62 101 17982
63 1 18632
63 2 49045
63 3 29410
63 4 45037
63 5 29353
63 6 38061
63 7 17312
63 8 23932
63 9 16010
63 10 -904
63 11 -2722
63 12 35033
63 13 36483
63 14 46585
63 15 54471
63 16 43135
63 17 37289
63 18 23045
63 19 -642
63 20 11322
63 21 47501
63 22 52742
63 23 49156
63 24 41134
63 25 47797
63 26 35521
63 27 27596
63 28 30454
63 29 34109
63 30 5378
63 31 4627
63 32 -11109
63 33 23568
63 34 27996
63 35 25430
63 36 12673
63 37 45731
63 38 45188
63 39 45682
63 40 42178
63 41 53786
63 42 48624
63 43 53500
63 44 46155
63 45 25955
63 46 27433
63 47 7002
63 48 7219
63 49 -518
63 50 22946
63 51 16736
63 52 21642
63 53 38807
63 54 39243
63 55 56921
63 56 57059
63 57 49513
63 58 38122
63 59 36198
63 60 34960
63 61 39332
63 62 170
63 64 -8799
63 65 10384
63 66 -1127
63 67 48882
63 68 27754
63 69 21944
63 70 12836
63 71 17268
63 72 46162
63 73 50006
63 74 54569
63 75 51756
63 76 30045
63 77 31292
63 78 32607
63 79 25603
63 80 38425
63 81 18312
63 82 13830
63 83 24225
63 84 35997
63 85 33594
63 86 32859
63 87 41904
63 88 12242
63 89 28231
63 90 1561
63 91 47672
63 92 46359
63 93 37229
63 94 35118
63 95 40102
63 96 39477
63 97 44117
63 98 44471
63 99 40449
63 100 44451
63 101 27415
64 1 32429
64 2 59679
64 3 43757
64 4 58236
64 5 35549
64 6 47062
64 7 24523
64 8 27234
64 9 30062
64 10 12281
64 11 2216
64 12 48656
64 13 46501
64 14 53377
64 15 63947
64 16 48489
64 17 40564
64 18 30548
64 19 1358
64 20 25194
64 21 59712
64 22 64467
64 23 61664
64 24 55443
64 25 61611
64 26 48326
64 27 39572
64 28 43233
64 29 48521
64 30 19799
64 31 16845
64 32 2432
64 33 37990
64 34 42125
64 35 38685
64 36 7503
64 37 53453
64 38 50203
64 39 58876
64 40 53995
64 41 65024
64 42 57165
64 43 61810
64 44 52002
64 45 28537
64 46 26563
64 47 6116
64 48 10276
64 49 -8814
64 50 37077
64 51 31088
64 52 31698
64 53 50503
64 54 53024
64 55 70759
64 56 69702
64 57 59480
64 58 49344
64 59 44139
64 60 41605
64 61 44983
64 62 9792
64 63 5402
64 65 21481
64 66 10746
64 67 62224
64 68 41931
64 69 34980
64 70 26849
64 71 30204
64 72 58398
64 73 61939
64 74 66547
64 75 63967
64 76 44012
64 77 45512
64 78 46949
64 79 40022
64 80 52519
64 81 32688
64 82 18770
64 83 29697
64 84 40940
64 85 40333
64 86 36930
64 87 51309
64 88 22526
64 89 37633
64 90 15957
64 91 54252
64 92 54538
64 93 44423
64 94 44302
64 95 48993
64 96 47668
64 97 52961
64 98 51952
64 99 48128
64 100 51739
64 101 39006
65 1 29219
65 2 62228
65 3 25289
65 4 46029
65 5 55017
65 6 58826
65 7 46994
65 8 54997
65 9 4984
65 10 25844
65 11 32897
65 12 37665
65 13 53438
65 14 68218
65 15 69192
65 16 68426
65 17 66390
65 18 49185
65 19 34338
65 20 13692
65 21 54780
65 22 60180
65 23 51638
65 24 32251
65 25 42868
65 26 42548
65 27 43317
65 28 40703
65 29 23362
65 30 17370
65 31 26988
65 32 9051
65 33 19075
65 34 9703
65 35 1250
65 36 48464
65 37 67037
65 38 69343
65 39 44850
65 40 52760
65 41 62798
65 42 66838
65 43 71027
65 44 69931
65 45 56754
65 46 61424
65 47 41920
65 48 40205
65 49 35177
65 50 26755
65 51 15161
65 52 44437
65 53 51868
65 54 37503
65 55 52518
65 56 60029
65 57 63883
65 58 51435
65 59 57807
65 60 60800
65 61 64761
65 62 31253
65 63 26883
65 64 23779
65 66 -9887
65 67 45583
65 68 24500
65 69 36829
65 70 29085
65 71 -2453
65 72 52331
65 73 57940
65 74 61404
65 75 56992
65 76 32553
65 77 29693
65 78 19614
65 79 18411
65 80 35686
65 81 10589
65 82 44528
65 83 52167
65 84 63446
65 85 57025
65 86 59648
65 87 58990
65 88 39042
65 89 49533
65 90 29662
65 91 70905
65 92 67101
65 93 60222
65 94 54718
65 95 59695
65 96 61211
65 97 63194
65 98 66414
65 99 62951
65 100 66263
65 101 42417
66 1 19517
66 2 54156
66 3 21168
66 4 41940
66 5 43367
66 6 48254
66 7 34078
66 8 42072
66 9 917
66 10 12631
66 11 19299
66 12 31997
66 13 44005
66 14 57966
66 15 61006
66 16 57073
66 17 54034
66 18 37144
66 19 20759
66 20 1827
66 21 48450
66 22 54184
66 23 47563
66 24 31375
66 25 41151
66 26 35754
66 27 33360
66 28 32404
66 29 22743
66 30 5378
66 31 14822
66 32 -4549
66 33 13882
66 34 11582
66 35 5333
66 36 34867
66 37 56649
66 38 58506
66 39 41803
66 40 45134
66 41 56367
66 42 57469
66 43 62052
66 44 59053
66 45 43956
66 46 48018
66 47 28365
66 48 26873
66 49 21748
66 50 19291
66 51 7139
66 52 32844
66 53 43194
66 54 33964
66 55 50432
66 56 55540
66 57 55619
66 58 42955
66 59 47236
66 60 49007
66 61 53298
66 62 17923
66 63 13341
66 64 11013
66 65 -11918
66 67 43752
66 68 20742
66 69 26414
66 70 17244
66 71 -3315
66 72 46549
66 73 51521
66 74 55509
66 75 51724
66 76 26217
66 77 24787
66 78 18781
66 79 15232
66 80 31913
66 81 6472
66 82 31572
66 83 39895
66 84 51405
66 85 46069
66 86 47976
66 87 49767
66 88 26358
66 89 38634
66 90 16063
66 91 60064
66 92 56800
66 93 49321
66 94 44536
66 95 49620
66 96 50519
66 97 53346
66 98 55842
66 99 52110
66 100 55798
66 101 32984
67 1 45327
67 2 30609
67 3 34293
67 4 7810
67 5 46246
67 6 47887
67 7 62133
67 8 61373
67 9 42893
67 10 55896
67 11 65433
67 12 28466
67 13 34440
67 14 38617
67 15 27401
67 16 50211
67 17 59363
67 18 51812
67 19 60048
67 20 56789
67 21 21926
67 22 13618
67 23 -8701
67 24 20211
67 25 922
67 26 25870
67 27 44937
67 28 36757
67 29 25426
67 30 50837
67 31 46366
67 32 52445
67 33 41545
67 34 37539
67 35 49341
67 36 71249
67 37 45570
67 38 39512
67 39 -10282
67 40 29899
67 41 15077
67 42 35111
67 43 31424
67 44 45594
67 45 57866
67 46 72719
67 47 61967
67 48 56785
67 49 66151
67 50 39733
67 51 48112
67 52 50814
67 53 39212
67 54 15243
67 55 16948
67 56 10061
67 57 27987
67 58 31633
67 59 40569
67 60 56360
67 61 50087
67 62 57018
67 63 66452
67 64 65593
67 65 46654
67 66 46854
67 68 21764
67 69 49392
67 70 55604
67 71 51040
67 72 12339
67 73 21240
67 74 17906
67 75 8698
67 76 36363
67 77 35019
67 78 41975
67 79 33130
67 80 29077
67 81 36995
67 82 55613
67 83 51596
67 84 56507
67 85 39083
67 86 41240
67 87 32004
67 88 57583
67 89 45020
67 90 68783
67 91 50104
67 92 47198
67 93 43893
67 94 39636
67 95 41156
67 96 47270
67 97 41019
67 98 46405
67 99 48361
67 100 43358
67 101 36350
68 1 12247
68 2 26847
68 3 -1385
68 4 7627
68 5 30525
68 6 31290
68 7 34707
68 8 39042
68 9 7623
68 10 23031
68 11 33623
68 12 1195
68 13 21911
68 14 36597
68 15 33203
68 16 41039
68 17 44300
68 18 29226
68 19 30423
68 20 21114
68 21 17253
68 22 22073
68 23 13314
68 24 -7
68 25 6813
68 26 6781
68 27 18537
68 28 10659
68 29 -3151
68 30 15968
68 31 15341
68 32 17511
68 33 5846
68 34 5857
68 35 16134
68 36 44042
68 37 36940
68 38 38806
68 39 7114
68 40 17558
68 41 24925
68 42 33414
68 43 36215
68 44 40353
68 45 38522
68 46 49528
68 47 34902
68 48 30118
68 49 36259
68 50 5256
68 51 12387
68 52 24917
68 53 20129
68 54 -707
68 55 15973
68 56 21575
68 57 28419
68 58 18044
68 59 28879
68 60 37878
68 61 38385
68 62 25984
68 63 32705
68 64 32681
68 65 12952
68 66 11225
68 67 9145
68 69 18394
68 70 21930
68 71 16268
68 72 14212
68 73 20358
68 74 23291
68 75 18586
68 76 2833
68 77 -478
68 78 8522
68 79 -1962
68 80 -2761
68 81 1580
68 82 30543
68 83 31733
68 84 40472
68 85 28787
68 86 32993
68 87 25894
68 88 27909
68 89 24481
68 90 34626
68 91 41870
68 92 37107
68 93 32191
68 94 25417
68 95 29496
68 96 33236
68 97 31922
68 98 36955
68 99 35158
68 100 36080
68 101 13865
69 1 -1309
69 2 26500
69 3 10643
69 4 21051
69 5 16352
69 6 19819
69 7 14327
69 8 20163
69 9 8803
69 10 4374
69 11 13975
69 12 11676
69 13 15468
69 14 29423
69 15 32980
69 16 29454
69 17 28747
69 18 11597
69 19 9912
69 20 12581
69 21 23459
69 22 28912
69 23 24994
69 24 20607
69 25 24686
69 26 11356
69 27 4793
69 28 6296
69 29 15764
69 30 2909
69 31 -5027
69 32 2982
69 33 9267
69 34 16619
69 35 20831
69 36 23438
69 37 28140
69 38 30314
69 39 21700
69 40 18502
69 41 30308
69 42 28881
69 43 33553
69 44 30887
69 45 20792
69 46 29797
69 47 14344
69 48 9711
69 49 15901
69 50 3214
69 51 8418
69 52 6412
69 53 15513
69 54 16150
69 55 33893
69 56 32893
69 57 27649
69 58 15214
69 59 18818
69 60 22413
69 61 25869
69 62 5797
69 63 15146
69 64 13981
69 65 13532
69 66 5148
69 67 25024
69 68 6645
69 70 5435
69 71 16251
69 72 22087
69 73 26104
69 74 30605
69 75 27671
69 76 8217
69 77 11014
69 78 19109
69 79 9008
69 80 16710
69 81 5860
69 82 10770
69 83 14765
69 84 25295
69 85 17974
69 86 20845
69 87 21258
69 88 7296
69 89 10495
69 90 17970
69 91 31861
69 92 28249
69 93 21171
69 94 15931
69 95 21000
69 96 22180
69 97 24711
69 98 27432
69 99 23902
69 100 27333
69 101 4653
70 1 2281
70 2 35484
70 3 13627
70 4 28850
70 5 22608
70 6 27646
70 7 15092
70 8 22835
70 9 5038
70 10 -2329
70 11 8451
70 12 18682
70 13 24161
70 14 37367
70 15 41879
70 16 36270
70 17 33743
70 18 16557
70 19 6719
70 20 4925
70 21 32177
70 22 37747
70 23 33382
70 24 25144
70 25 31396
70 26 19771
70 27 13638
70 28 14942
70 29 18719
70 30 -5433
70 31 -5626
70 32 -5956
70 33 8996
70 34 15517
70 35 16722
70 36 21330
70 37 36046
70 38 37720
70 39 29468
70 40 27443
70 41 39251
70 42 37425
70 43 42197
70 44 38271
70 45 24359
70 46 30686
70 47 12980
70 48 9527
70 49 11700
70 50 6668
70 51 4305
70 52 12043
70 53 24513
70 54 22844
70 55 40521
70 56 41228
70 57 36577
70 58 24207
70 59 26577
70 60 28291
70 61 32506
70 62 1921
70 63 7381
70 64 7193
70 65 7131
70 66 -2679
70 67 32579
70 68 11524
70 69 6778
70 71 10575
70 72 30745
70 73 34921
70 74 39366
70 75 36297
70 76 13656
70 77 15138
70 78 18925
70 79 10524
70 80 22109
70 81 4658
70 82 12540
70 83 19518
70 84 30835
70 85 25286
70 86 27242
70 87 29945
70 88 6918
70 89 17923
70 90 9619
70 91 39298
70 92 36256
70 93 28554
70 94 24122
70 95 29234
70 96 29830
70 97 33075
70 98 35166
70 99 31365
70 100 35148
70 101 13582
71 1 19058
71 2 51976
71 3 15619
71 4 36643
71 5 45188
71 6 48689
71 7 38210
71 8 46103
71 9 -5155
71 10 17769
71 11 26337
71 12 27718
71 13 43155
71 14 57987
71 15 58943
71 16 58449
71 17 56917
71 18 39612
71 19 27113
71 20 5252
71 21 44776
71 22 50285
71 23 42331
71 24 24100
71 25 34451
71 26 32418
71 27 33122
71 28 30412
71 29 15231
71 30 8355
71 31 17692
71 32 2914
71 33 8996
71 34 2763
71 35 -4084
71 36 41681
71 37 56839
71 38 59200
71 39 35899
71 40 42537
71 41 52814
71 42 56545
71 43 60734
71 44 59812
71 45 47681
71 46 53306
71 47 34428
71 48 32015
71 49 29458
71 50 16473
71 51 4945
71 52 34693
71 53 41572
71 54 28243
71 55 43907
71 56 50552
71 57 53621
71 58 41147
71 59 47651
71 60 51057
71 61 54834
71 62 23250
71 63 20997
71 64 19732
71 65 -15223
71 66 -14054
71 67 37199
71 68 15046
71 69 26778
71 70 19759
71 72 42467
71 73 47929
71 74 51523
71 75 47283
71 76 22420
71 77 19840
71 78 11086
71 79 8983
71 80 26255
71 81 689
71 82 35727
71 83 42694
71 84 53800
71 85 46944
71 86 49776
71 87 48695
71 88 30099
71 89 39493
71 90 23108
71 91 60789
71 92 56895
71 93 50134
71 94 44506
71 95 49464
71 96 51087
71 97 52934
71 98 56249
71 99 52856
71 100 56074
71 101 32148
72 1 27760
72 2 8475
72 3 22615
72 4 -2455
72 5 23477
72 6 25087
72 7 40481
72 8 38672
72 9 31320
72 10 36779
72 11 45162
72 12 13219
72 13 11616
72 14 18935
72 15 10649
72 16 28486
72 17 36784
72 18 29337
72 19 38764
72 20 41924
72 21 -229
72 22 -2618
72 23 -7100
72 24 16317
72 25 4228
72 26 6710
72 27 24346
72 28 17366
72 29 19369
72 30 34120
72 31 26558
72 32 35233
72 33 29001
72 34 30452
72 35 40754
72 36 49038
72 37 23529
72 38 20929
72 39 -6580
72 40 7700
72 41 293
72 42 14890
72 43 14674
72 44 24931
72 45 35042
72 46 50001
72 47 39846
72 48 34714
72 49 44677
72 50 24214
72 51 34187
72 52 29243
72 53 17541
72 54 5644
72 55 15973
72 56 1620
72 57 7818
72 58 9056
72 59 18003
72 60 33545
72 61 27801
72 62 36653
72 63 47628
72 64 45663
72 65 37298
72 66 33547
72 67 -3765
72 68 10727
72 69 30351
72 70 37666
72 71 40204
72 73 -1540
72 74 -1404
72 75 -4891
72 76 21294
72 77 22181
72 78 33220
72 79 22509
72 80 18086
72 81 25380
72 82 33323
72 83 28800
72 84 33766
72 85 16899
72 86 19959
72 87 9999
72 88 36890
72 89 22536
72 90 50540
72 91 28392
72 92 24804
72 93 21421
72 94 16813
72 95 18467
72 96 24493
72 97 18636
72 98 24252
72 99 25675
72 100 21732
72 101 14959
73 1 26359
73 2 5433
73 3 22615
73 4 3
73 5 20329
73 6 22032
73 7 37868
73 8 35670
73 9 30984
73 10 34831
73 11 42882
73 12 12958
73 13 8506
73 14 16210
73 15 8840
73 16 25402
73 17 33622
73 18 26454
73 19 36223
73 20 40893
73 21 -1539
73 22 -1872
73 23 -4422
73 24 17803
73 25 7002
73 26 5606
73 27 22211
73 28 15750
73 29 20321
73 30 32753
73 31 24499
73 32 33664
73 33 28643
73 34 30916
73 35 40832
73 36 46210
73 37 20421
73 38 18316
73 39 -3418
73 40 5242
73 41 195
73 42 12161
73 43 12618
73 44 22011
73 45 31929
73 46 46985
73 47 37055
73 48 31951
73 49 42058
73 50 23364
73 51 33443
73 52 26706
73 53 15165
73 54 6935
73 55 18434
73 56 4705
73 57 5294
73 58 6232
73 59 14842
73 60 30465
73 61 24655
73 62 34386
73 63 45688
73 64 43420
73 65 37123
73 66 32735
73 67 -648
73 68 11089
73 69 28584
73 70 36058
73 71 39882
73 72 -7324
73 74 -94
73 75 -2466
73 76 20712
73 77 22036
73 78 33504
73 79 22598
73 80 18563
73 81 25148
73 82 30495
73 83 25741
73 84 30613
73 85 13767
73 86 16925
73 87 6925
73 88 34570
73 89 19672
73 90 48751
73 91 25321
73 92 21655
73 93 18264
73 94 13697
73 95 15306
73 96 21346
73 97 15491
73 98 21127
73 99 22515
73 100 18682
73 101 12612
74 1 30565
74 2 8138
74 3 25774
74 4 3
74 5 23904
74 6 26029
74 7 42286
74 8 39729
74 9 34453
74 10 39258
74 11 47354
74 12 16345
74 13 12381
74 14 17522
74 15 8290
74 16 27944
74 17 36897
74 18 30695
74 19 40661
74 20 44893
74 21 2370
74 22 -5781
74 23 -8659
74 24 19213
74 25 6037
74 26 9597
74 27 26668
74 28 20041
74 29 22437
74 30 36948
74 31 28948
74 32 37961
74 33 32127
74 34 33597
74 35 43916
74 36 50484
74 37 23160
74 38 19285
74 39 -6145
74 40 9714
74 41 -2792
74 42 13568
74 43 12459
74 44 23889
74 45 35682
74 46 51006
74 47 41365
74 48 36284
74 49 46465
74 50 27229
74 51 37239
74 52 31153
74 53 19638
74 54 8659
74 55 18232
74 56 1480
74 57 6330
74 58 10591
74 59 18113
74 60 34364
74 61 27633
74 62 38858
74 63 50115
74 64 47892
74 65 40451
74 66 36587
74 67 -4118
74 68 13886
74 69 32949
74 70 40367
74 71 43340
74 72 -7324
74 73 -230
74 75 -6670
74 76 24372
74 77 25328
74 78 36379
74 79 25671
74 80 21239
74 81 28523
74 82 34781
74 83 29685
74 84 34123
74 85 16645
74 86 19210
74 87 9576
74 88 39042
74 89 23948
74 90 53134
74 91 27827
74 92 24726
74 93 21421
74 94 17519
74 95 18765
74 96 24965
74 97 18547
74 98 23969
74 99 25952
74 100 21106
74 101 17084
75 1 33052
75 2 11665
75 3 27057
75 4 -582
75 5 27498
75 6 29620
75 7 45664
75 8 43316
75 9 35965
75 10 42164
75 11 50510
75 12 18005
75 13 15982
75 14 20392
75 15 10326
75 16 31295
75 17 40439
75 18 34224
75 19 43999
75 20 47031
75 21 5148
75 22 -4820
75 23 -12216
75 24 18988
75 25 4147
75 26 11984
75 27 29715
75 28 22729
75 29 22743
75 30 39387
75 31 31940
75 32 40557
75 33 33699
75 34 34318
75 35 44993
75 36 53999
75 37 26598
75 38 21919
75 39 -9136
75 40 12941
75 41 -1941
75 42 16565
75 43 14582
75 44 26993
75 45 39286
75 46 54599
75 47 44857
75 48 39758
75 49 49858
75 50 29270
75 51 39139
75 52 34475
75 53 22837
75 54 8941
75 55 16948
75 56 -1468
75 57 9323
75 58 14039
75 59 21671
75 60 37967
75 61 31115
75 62 42003
75 63 53012
75 64 51022
75 65 41749
75 66 38512
75 67 -7616
75 68 14891
75 69 35725
75 70 43008
75 71 44810
75 72 -5101
75 73 3108
75 74 -960
75 76 26217
75 77 26771
75 78 37314
75 79 26838
75 80 22165
75 81 29964
75 82 38288
75 83 33285
75 84 37708
75 85 20109
75 86 22454
75 87 13030
75 88 42224
75 89 27458
75 90 55911
75 91 31180
75 92 28249
75 93 24953
75 94 21124
75 95 22353
75 96 28565
75 97 22075
75 98 27432
75 99 29533
75 100 24443
75 101 20272
76 1 4849
76 2 25086
76 3 -760
76 4 11405
76 5 24605
76 6 25843
76 7 27147
76 8 31881
76 9 5573
76 10 15782
76 11 26230
76 12 1055
76 13 17876
76 14 33067
76 15 31994
76 16 36047
76 17 38119
76 18 22281
76 19 22829
76 20 16228
76 21 17660
76 22 23306
76 23 16782
76 24 7608
76 25 12992
76 26 5217
76 27 11655
76 28 4960
76 29 3305
76 30 9692
76 31 7754
76 32 11305
76 33 3274
76 34 8115
76 35 16134
76 36 36431
76 37 32635
76 38 35001
76 39 11772
76 40 15533
76 41 25690
76 42 30596
76 43 34251
76 44 36077
76 45 31698
76 46 42164
76 47 27304
76 48 22559
76 49 28707
76 50 -1401
76 51 8139
76 52 17665
76 53 15792
76 54 4507
76 55 22110
76 56 24674
76 57 26776
76 58 14806
76 59 24087
76 60 31544
76 61 33044
76 62 18450
76 63 25808
76 64 25574
76 65 11817
76 66 7512
76 67 14556
76 68 -6355
76 69 10778
76 70 14874
76 71 14454
76 72 15591
76 73 20793
76 74 24589
76 75 20724
76 77 -1355
76 78 10214
76 79 -1017
76 80 3841
76 81 -37
76 82 23136
76 83 25040
76 84 34326
76 85 23912
76 86 27913
76 87 22784
76 88 20293
76 89 18258
76 90 27895
76 91 37301
76 92 32695
76 93 27185
76 94 20565
76 95 25058
76 96 28067
76 97 27965
76 98 32429
76 99 30004
76 100 31868
76 101 8139
77 1 7635
77 2 28056
77 3 -4640
77 4 11688
77 5 28711
77 6 29881
77 7 30798
77 8 35868
77 9 3716
77 10 18210
77 11 28877
77 12 2528
77 13 21587
77 14 36706
77 15 34819
77 16 40035
77 17 42241
77 18 26348
77 19 25987
77 20 16292
77 21 19651
77 22 25013
77 23 17352
77 24 4566
77 25 11731
77 26 7832
77 27 15761
77 28 8942
77 29 -650
77 30 10968
77 31 10933
77 32 12514
77 33 1504
77 34 4470
77 35 13374
77 36 39861
77 37 36458
77 38 38733
77 39 11599
77 40 18502
77 41 27640
77 42 33995
77 43 37379
77 44 39914
77 45 35777
77 46 46028
77 47 30820
77 48 26196
77 49 31693
77 50 425
77 51 7663
77 52 21642
77 53 19513
77 54 3803
77 55 20870
77 56 25409
77 57 29737
77 58 18232
77 59 28016
77 60 35667
77 61 37086
77 62 21418
77 63 27750
77 64 27769
77 65 9652
77 66 6777
77 67 13907
77 68 -8971
77 69 14270
77 70 17051
77 71 12569
77 72 17173
77 73 22812
77 74 26240
77 75 21973
77 76 -660
77 78 6636
77 79 -4614
77 80 1947
77 81 -2273
77 82 26980
77 83 29144
77 84 38447
77 85 27868
77 86 31922
77 87 26249
77 88 23673
77 89 22376
77 90 29647
77 91 41196
77 92 36537
77 93 31163
77 94 24491
77 95 28896
77 96 32066
77 97 31684
77 98 36306
77 99 34004
77 100 35675
77 101 12185
78 1 14443
78 2 40033
78 3 1752
78 4 21159
78 5 39539
78 6 41200
78 7 38113
78 8 44656
78 9 -3401
78 10 21625
78 11 32228
78 12 14232
78 13 33491
78 14 48667
78 15 46704
78 16 51478
78 17 52678
78 18 35932
78 19 31048
78 20 13499
78 21 31076
78 22 36001
78 23 26680
78 24 7608
78 25 18038
78 26 19771
78 27 26149
78 28 20526
78 29 -1255
78 30 12039
78 31 17163
78 32 11955
78 33 504
78 34 -7501
78 35 2361
78 36 45642
78 37 48244
78 38 50622
78 39 19831
78 40 30503
78 41 38844
78 42 46034
78 43 49387
78 44 51676
78 45 45266
78 46 53918
78 47 37131
78 48 33196
78 49 35738
78 50 8080
78 51 5555
78 52 30813
78 53 31403
78 54 12588
78 55 27578
78 56 35201
78 57 41700
78 58 30259
78 59 39626
78 60 46098
78 61 48334
78 62 26251
78 63 28993
78 64 29134
78 65 -499
78 66 699
78 67 20791
78 68 -43
78 69 22293
78 70 20766
78 71 3743
78 72 28140
78 73 34208
78 74 37219
78 75 32444
78 76 10837
78 77 6564
78 79 -5360
78 80 11050
78 81 -7128
78 82 35041
78 83 39021
78 84 48997
78 85 39407
78 86 43283
78 87 38275
78 88 30213
78 89 33126
78 90 30630
78 91 52865
78 92 48298
78 93 42651
78 94 36118
78 95 40665
78 96 43505
78 97 43583
78 98 48011
78 99 45432
78 100 47481
78 101 23551
79 1 10250
79 2 34446
79 3 -3862
79 4 16672
79 5 34244
79 6 35725
79 7 34118
79 8 40133
79 9 -1235
79 10 19156
79 11 29935
79 12 8749
79 13 27849
79 14 43016
79 15 41175
79 16 45978
79 17 47539
79 18 31067
79 19 28039
79 20 13692
79 21 25762
79 22 30907
79 23 22345
79 24 5408
79 25 14909
79 26 14201
79 27 20922
79 28 14942
79 29 -2475
79 30 10376
79 31 13469
79 32 11305
79 33 -1839
79 34 -1871
79 35 7236
79 36 42396
79 37 42634
79 38 44988
79 39 15944
79 40 24899
79 41 33655
79 42 40381
79 43 43779
79 44 46076
79 45 40483
79 46 49783
79 47 33629
79 48 29377
79 49 33239
79 50 3264
79 51 4945
79 52 26056
79 53 25762
79 54 8243
79 55 24219
79 56 30631
79 57 36123
79 58 24604
79 59 34067
79 60 40938
79 61 42898
79 62 23250
79 63 27600
79 64 27818
79 65 3909
79 66 2761
79 67 17557
79 68 -4916
79 69 17803
79 70 17976
79 71 7251
79 72 23040
79 73 28913
79 74 32122
79 75 27579
79 76 5217
79 77 925
79 78 251
79 80 6284
79 81 -7128
79 82 30782
79 83 34070
79 84 43807
79 85 33873
79 86 37815
79 87 32619
79 88 26470
79 89 27831
79 90 29291
79 91 47291
79 92 42694
79 93 37131
79 94 30549
79 95 35058
79 96 37997
79 97 37944
79 98 42424
79 99 39929
79 100 41867
79 101 18041
80 1 13428
80 2 25433
80 3 594
80 4 5630
80 5 30142
80 6 30790
80 7 35339
80 8 39258
80 9 9621
80 10 24322
80 11 34823
80 12 309
80 13 21017
80 14 35469
80 15 31632
80 16 40311
80 17 43990
80 18 29337
80 19 31369
80 20 22966
80 21 15547
80 22 20212
80 23 11315
80 24 -636
80 25 5024
80 26 5606
80 27 18726
80 28 10526
80 29 -2261
80 30 17585
80 31 16318
80 32 19166
80 33 7801
80 34 7624
80 35 18070
80 36 44796
80 37 36046
80 38 37720
80 39 5137
80 40 16298
80 41 23103
80 42 32153
80 43 34760
80 44 39412
80 45 38522
80 46 49892
80 47 35604
80 48 30737
80 49 37288
80 50 6668
80 51 14275
80 52 25256
80 53 19438
80 54 -2695
80 55 14161
80 56 19588
80 57 26949
80 58 17015
80 59 28136
80 60 37674
80 61 37778
80 62 27043
80 63 34166
80 64 34059
80 65 14928
80 66 13186
80 67 7248
80 68 -11971
80 69 19249
80 70 23305
80 71 18267
80 72 12361
80 73 18622
80 74 21434
80 75 16650
80 76 3819
80 77 1230
80 78 10405
80 79 28
80 81 3576
80 82 30972
80 83 31685
80 84 40164
80 85 28044
80 86 32275
80 87 24732
80 88 28754
80 89 24283
80 90 36140
80 91 41029
80 92 36256
80 93 31500
80 94 24729
80 95 28673
80 96 32620
80 97 30961
80 98 36120
80 99 34526
80 100 35148
80 101 13582
81 1 9085
81 2 38492
81 3 1532
81 4 22601
81 5 35197
81 6 37429
81 7 32292
81 8 39193
81 9 -7401
81 10 15319
81 11 25904
81 12 13631
81 13 30669
81 14 45841
81 15 45410
81 16 47670
81 17 47974
81 18 30908
81 19 24805
81 20 7749
81 21 30739
81 22 36179
81 23 28299
81 24 11615
81 25 21229
81 26 18568
81 27 21926
81 28 17549
81 29 3305
81 30 5722
81 31 11246
81 32 5891
81 33 -4668
81 34 -2451
81 35 2809
81 36 39441
81 37 45029
81 38 47519
81 39 22116
81 40 28948
81 41 38762
81 42 43747
81 43 47587
81 44 48339
81 45 40058
81 46 48122
81 47 31023
81 48 27244
81 49 29419
81 50 3844
81 51 -650
81 52 25725
81 53 28719
81 54 14323
81 55 30525
81 56 36457
81 57 40179
81 58 28028
81 59 36143
81 60 41501
81 61 44329
81 62 20025
81 63 22745
81 64 22920
81 65 -1477
81 66 -3563
81 67 23858
81 68 1062
81 69 17091
81 70 14546
81 71 1393
81 72 28347
81 73 33899
81 74 37410
81 75 33141
81 76 8633
81 77 5702
81 78 919
81 79 -4692
81 80 12268
81 82 29378
81 83 34070
81 84 44415
81 85 35772
81 86 39339
81 87 35894
81 88 24282
81 89 28886
81 90 24384
81 91 49403
81 92 45061
81 93 38972
81 94 32729
81 95 37484
81 96 39818
81 97 40673
81 98 44645
81 99 41705
81 100 44287
81 101 20073
82 1 20296
82 2 32489
82 3 32582
82 4 36861
82 5 5549
82 6 18733
82 7 2895
82 8 -729
82 9 28658
82 10 9458
82 11 7898
82 12 30984
82 13 19008
82 14 23377
82 15 34999
82 16 18729
82 17 12235
82 18 1814
82 19 -2642
82 20 27869
82 21 35660
82 22 38691
82 23 37299
82 24 41564
82 25 42613
82 26 27050
82 27 18703
82 28 23383
82 29 37559
82 30 17745
82 31 3926
82 32 10623
82 33 30832
82 34 38135
82 35 40472
82 36 4487
82 37 23693
82 38 20686
82 39 36828
82 40 29600
82 41 38257
82 42 27684
82 43 32100
82 44 22117
82 45 1240
82 46 7821
82 47 -4618
82 48 -9419
82 49 1305
82 50 25214
82 51 27874
82 52 8291
82 53 26716
82 54 34938
82 55 52175
82 56 46071
82 57 31204
82 58 23888
82 59 14570
82 60 11712
82 61 15093
82 62 2981
82 63 16040
82 64 6779
82 65 30239
82 66 19314
82 67 40253
82 68 27802
82 69 19778
82 70 20205
82 71 34208
82 72 34067
82 73 37023
82 74 41445
82 75 39242
82 76 29583
82 77 32732
82 78 40865
82 79 30995
82 80 37441
82 81 27155
82 83 -265
82 84 11258
82 85 10344
82 86 7929
82 87 22674
82 88 7296
82 89 10495
82 90 22701
82 91 24252
82 92 25056
82 93 14533
82 94 15931
82 95 20138
82 96 18370
82 97 23932
82 98 22115
82 99 18470
82 100 21818
82 101 15811
83 1 23766
83 2 25433
83 3 34305
83 4 32986
83 5 -4380
83 6 12048
83 7 11382
83 8 79
83 9 33610
83 10 17627
83 11 17852
83 12 30040
83 13 12381
83 14 13396
83 15 26178
83 16 8734
83 17 3914
83 18 -80
83 19 7380
83 20 34656
83 21 30654
83 22 32167
83 23 31309
83 24 41183
83 25 39548
83 26 24348
83 27 18726
83 28 22526
83 29 38554
83 30 24280
83 31 9835
83 32 19166
83 33 34289
83 34 41582
83 35 45644
83 36 12044
83 37 14262
83 38 10754
83 39 32174
83 40 24934
83 41 31034
83 42 18471
83 43 22550
83 44 12070
83 45 -3426
83 46 11062
83 47 3905
83 48 229
83 49 10474
83 50 27696
83 51 32956
83 52 9960
83 53 23283
83 54 32981
83 55 49470
83 56 40734
83 57 23100
83 58 18787
83 59 5565
83 60 2802
83 61 5051
83 62 12027
83 63 25520
83 64 16791
83 65 36963
83 66 26722
83 67 35321
83 68 28077
83 69 22858
83 70 26268
83 71 40260
83 72 28629
83 73 31354
83 74 35434
83 75 33324
83 76 30572
83 77 33981
83 78 43930
83 79 33368
83 80 37239
83 81 30932
83 82 -1180
83 84 1474
83 85 457
83 86 -1616
83 87 14495
83 88 14422
83 89 6382
83 90 31571
83 91 14280
83 92 16094
83 93 4939
83 94 8726
83 95 12087
83 96 9986
83 97 15491
83 98 12572
83 99 9413
83 100 12079
83 101 13582
84 1 29205
84 2 24218
84 3 38706
84 4 33955
84 5 -7328
84 6 13046
84 7 18088
84 8 4910
84 9 39296
84 10 24279
84 11 24387
84 12 33189
84 13 12306
84 14 7755
84 15 22603
84 16 2315
84 17 -1405
84 18 5940
84 19 13633
84 20 40966
84 21 31034
84 22 31019
84 23 30407
84 24 44292
84 25 40898
84 26 26583
84 27 23145
84 28 26120
84 29 42434
84 30 30579
84 31 16163
84 32 25835
84 33 39461
84 34 46592
84 35 51337
84 36 16466
84 37 10447
84 38 4195
84 39 32374
84 40 25912
84 41 29202
84 42 14567
84 43 17842
84 44 5875
84 45 -2886
84 46 14018
84 47 9159
84 48 6291
84 49 15794
84 50 32609
84 51 38754
84 52 15642
84 53 25513
84 54 35286
84 55 51121
84 56 40507
84 57 20614
84 58 19685
84 59 3007
84 60 5267
84 61 -1031
84 62 18735
84 63 32211
84 64 22953
84 65 43161
84 66 33151
84 67 35151
84 68 31735
84 69 28307
84 70 32504
84 71 46285
84 72 28514
84 73 31145
84 74 34791
84 75 32666
84 76 34777
84 77 38203
84 78 48825
84 79 38024
84 80 40637
84 81 36196
84 82 5262
84 83 -3607
84 85 -4380
84 86 -8322
84 87 12295
84 88 21020
84 89 9740
84 90 38272
84 91 8901
84 92 13307
84 93 1237
84 94 8630
84 95 10710
84 96 8885
84 97 13280
84 98 8615
84 99 7179
84 100 7428
84 101 16818
85 1 31016
85 2 16080
85 3 37809
85 4 27652
85 5 -3389
85 6 11052
85 7 25348
85 8 14708
85 9 41051
85 10 30106
85 11 32402
85 12 30385
85 13 6699
85 14 -1581
85 15 12424
85 16 -2405
85 17 6113
85 18 11651
85 19 22371
85 20 44748
85 21 24368
85 22 22442
85 23 21843
85 24 40839
85 25 34830
85 26 22651
85 27 23686
85 28 24681
85 29 40305
85 30 34511
85 31 20704
85 32 31586
85 33 40138
85 34 46575
85 35 52910
85 36 26599
85 37 706
85 38 -2240
85 39 24941
85 40 20485
85 41 20014
85 42 4351
85 43 7627
85 44 -1691
85 45 7380
85 46 24313
85 47 18908
85 48 15346
85 49 25532
85 50 33039
85 51 40975
85 52 19349
85 53 22360
85 54 30836
85 55 45520
85 56 32737
85 57 11162
85 58 14586
85 59 -3815
85 60 10601
85 61 -3630
85 62 25646
85 63 39250
85 64 31788
85 65 46182
85 66 37257
85 67 27169
85 68 29492
85 69 30428
85 70 36397
85 71 48871
85 72 21089
85 73 23741
85 74 26755
85 75 24509
85 76 33805
85 77 37066
85 78 48677
85 79 37532
85 80 37959
85 81 36995
85 82 13790
85 83 4818
85 84 5062
85 86 -10438
85 87 3543
85 88 26836
85 89 10617
85 90 44523
85 91 -586
85 92 5094
85 93 -5834
85 94 4286
85 95 4278
85 96 4990
85 97 5130
85 98 -1029
85 99 2540
85 100 -2865
85 101 15509
86 1 42489
86 2 27449
86 3 50238
86 4 39640
86 5 4828
86 6 23197
86 7 32841
86 8 18578
86 9 52667
86 10 39005
86 11 38865
86 12 43025
86 13 19307
86 14 -22
86 15 19470
86 16 -2405
86 17 4554
86 18 20415
86 19 27775
86 20 55253
86 21 36348
86 22 32830
86 23 31930
86 24 53469
86 25 46822
86 26 35288
86 27 35526
86 28 37119
86 29 52927
86 30 44884
86 31 30580
86 32 40573
86 33 52145
86 34 58843
86 35 64640
86 36 28150
86 37 12359
86 38 -9450
86 39 36140
86 40 32972
86 41 29557
86 42 12426
86 43 11586
86 44 -3063
86 45 8612
86 46 24850
86 47 22190
86 48 20367
86 49 28498
86 50 45079
86 51 52347
86 52 29613
86 53 34981
86 54 43372
86 55 57720
86 56 43775
86 57 20930
86 58 27175
86 59 8828
86 60 19175
86 61 1898
86 62 33489
86 63 46926
86 64 36796
86 65 57216
86 66 47575
86 67 37737
86 68 42109
86 69 41710
86 70 46764
86 71 60114
86 72 32560
86 73 35310
86 74 37731
86 75 35265
86 76 46217
86 77 49531
86 78 60964
86 79 49885
86 80 50601
86 81 48973
86 82 19786
86 83 11156
86 84 9531
86 85 -2027
86 87 14894
86 88 35710
86 89 22019
86 90 53035
86 91 7297
86 92 17533
86 93 6570
86 94 16876
86 95 16898
86 96 17305
86 97 17288
86 98 11106
86 99 14772
86 100 6663
86 101 27842
87 1 27834
87 2 3504
87 3 30716
87 4 15675
87 5 6241
87 6 11379
87 7 30049
87 8 23674
87 9 36529
87 10 31657
87 11 36892
87 12 21787
87 13 -339
87 14 1641
87 15 3554
87 16 9381
87 17 18454
87 18 16621
87 19 28324
87 20 42863
87 21 12416
87 22 9845
87 23 9266
87 24 30863
87 25 22843
87 26 13377
87 27 20600
87 28 18548
87 29 31572
87 30 33248
87 31 21295
87 32 32369
87 33 34706
87 34 39825
87 35 47808
87 36 35498
87 37 4480
87 38 3932
87 39 12377
87 40 10190
87 41 7801
87 42 -1244
87 43 3190
87 44 6339
87 45 18244
87 46 34482
87 47 26922
87 48 22358
87 49 33084
87 50 27884
87 51 37316
87 52 20662
87 53 15324
87 54 20259
87 55 33864
87 56 20119
87 57 -495
87 58 5504
87 59 20
87 60 17975
87 61 8986
87 62 28968
87 63 41990
87 64 37194
87 65 42577
87 66 35385
87 67 14520
87 68 21029
87 69 28142
87 70 35486
87 71 45052
87 72 8619
87 73 11329
87 74 14116
87 75 11860
87 76 27107
87 77 29877
87 78 41975
87 79 30708
87 80 29077
87 81 31547
87 82 20550
87 83 13286
87 84 16167
87 85 -2027
87 86 913
87 88 29272
87 89 11333
87 90 46181
87 91 9290
87 92 6305
87 93 3000
87 94 2326
87 95 1766
87 96 7997
87 97 318
87 98 5296
87 99 8197
87 100 2663
87 101 10872
88 1 9516
88 2 32572
88 3 22365
88 4 31787
88 5 13146
88 6 21033
88 7 3389
88 8 11226
88 9 16682
88 10 -1447
88 11 3534
88 12 23395
88 13 19676
88 14 29794
88 15 37571
88 16 27047
88 17 22926
88 18 6628
88 19 -2041
88 20 15905
88 21 32515
88 22 37155
88 23 34526
88 24 32688
88 25 36237
88 26 21637
88 27 12513
88 28 16739
88 29 27599
88 30 5692
88 31 -7837
88 32 126
88 33 19504
88 34 26614
88 35 28425
88 36 11400
88 37 28792
88 38 28990
88 39 32317
88 40 26712
88 41 37757
88 42 31595
88 43 36471
88 44 29728
88 45 12925
88 46 19114
88 47 2419
88 48 -1804
88 49 4070
88 50 14801
88 51 15909
88 52 4697
88 53 23220
88 54 27844
88 55 45520
88 56 42669
88 57 32741
88 58 22047
88 59 19243
88 60 18684
88 61 23203
88 62 -4907
88 63 8009
88 64 4092
88 65 18310
88 66 7657
88 67 35780
88 68 18725
88 69 9861
88 70 8140
88 71 22137
88 72 31191
88 73 34655
88 74 39263
88 75 36735
88 76 20297
88 77 22982
88 78 29594
88 79 20240
88 80 28780
88 81 15616
88 82 853
88 83 8894
88 84 20573
88 85 16947
88 86 17410
88 87 24953
88 89 11216
88 90 12900
88 91 31037
88 92 29359
88 93 20458
88 94 18106
88 95 23076
88 96 22498
88 97 27091
88 98 27589
88 99 23566
88 100 27591
88 101 11722
89 1 14737
89 2 16558
89 3 23208
89 4 21251
89 5 632
89 6 4109
89 7 13219
89 8 10757
89 9 24887
89 10 14927
89 11 19810
89 12 17984
89 13 3151
89 14 13690
89 15 20666
89 16 13202
89 17 14099
89 18 1022
89 19 11671
89 20 28394
89 21 19506
89 22 22458
89 23 21024
89 24 29144
89 25 27574
89 26 12215
89 27 7809
89 28 10659
89 29 26944
89 30 18220
89 31 4883
89 32 16062
89 33 24410
89 34 31328
89 35 36842
89 36 20757
89 37 12389
89 38 14132
89 39 20868
89 40 13503
89 41 22246
89 42 14632
89 43 19519
89 44 14682
89 45 8736
89 46 22078
89 47 11639
89 48 6597
89 49 17046
89 50 17401
89 51 24666
89 52 3704
89 53 11218
89 54 20818
89 55 37406
89 56 29877
89 57 16064
89 58 7644
89 59 2883
89 60 7614
89 61 9702
89 62 11855
89 63 24995
89 64 20196
89 65 29798
89 66 20930
89 67 24214
89 68 16294
89 69 14057
89 70 20142
89 71 32528
89 72 17834
89 73 20754
89 74 25166
89 75 22966
89 76 19259
89 77 22682
89 78 33504
89 79 22598
89 80 25306
89 81 21217
89 82 5049
89 83 1851
89 84 10290
89 85 1725
89 86 4716
89 87 8011
89 88 12213
89 90 29477
89 91 15668
89 92 12695
89 93 4939
89 94 1106
89 95 6103
89 96 6124
89 97 10111
89 98 11461
89 99 7700
89 100 11451
89 101 1487
90 1 14810
90 2 46593
90 3 25090
90 4 41374
90 5 28860
90 6 36493
90 7 17312
90 8 24758
90 9 11599
90 10 -3320
90 11 396
90 12 31200
90 13 34393
90 14 45580
90 15 52409
90 16 42748
90 17 37734
90 18 22367
90 19 1822
90 20 7025
90 21 44340
90 22 49751
90 23 45782
90 24 36834
90 25 43798
90 26 32128
90 27 24808
90 28 27149
90 29 29705
90 30 969
90 31 2163
90 32 -14637
90 33 19131
90 34 23555
90 35 21270
90 36 15935
90 37 44504
90 38 44743
90 39 41996
90 40 39251
90 41 50997
90 42 46989
90 43 51877
90 44 45523
90 45 26800
90 46 29453
90 47 9475
90 48 8627
90 49 3478
90 50 18826
90 51 12264
90 52 19973
90 53 36010
90 54 35286
90 55 52915
90 56 53646
90 57 47303
90 58 35494
90 59 34947
90 60 34406
90 61 38909
90 62 170
90 63 -4548
90 64 -4353
90 65 7054
90 66 -4514
90 67 45104
90 68 23566
90 69 18659
90 70 8965
90 71 13270
90 72 42965
90 73 46960
90 74 51479
90 75 48546
90 76 26023
90 77 27080
90 78 28135
90 79 21185
90 80 34290
90 81 13842
90 82 14382
90 83 24167
90 84 35949
90 85 32758
90 86 32859
90 87 39986
90 88 11024
90 89 26604
90 91 46848
90 92 44985
90 93 36260
90 94 33417
90 95 38475
90 96 38180
90 97 42465
90 98 43348
90 99 39333
90 100 43358
90 101 24736
91 1 33918
91 2 16533
91 3 40239
91 4 28613
91 5 -451
91 6 13876
91 7 28465
91 8 17383
91 9 43879
91 10 33267
91 11 35487
91 12 32468
91 13 8536
91 14 -4623
91 15 10919
91 16 -3631
91 17 7378
91 18 14799
91 19 25358
91 20 47801
91 21 25316
91 22 22378
91 23 21678
91 24 42642
91 25 35799
91 26 24521
91 27 26513
91 28 27149
91 29 42434
91 30 37588
91 31 23837
91 32 34743
91 33 42833
91 34 49111
91 35 55691
91 36 29114
91 37 1333
91 38 -5283
91 39 25360
91 40 22008
91 41 19544
91 42 2947
91 43 5268
91 44 -4722
91 45 9536
91 46 26563
91 47 21636
91 48 18257
91 49 28278
91 50 35735
91 51 43879
91 52 22475
91 53 24573
91 54 32417
91 55 46675
91 56 33048
91 57 10679
91 58 16326
91 59 -1390
91 60 13692
91 61 -2271
91 62 28793
91 63 42400
91 64 34779
91 65 49134
91 66 40324
91 67 27262
91 68 31647
91 69 33387
91 70 39481
91 71 51788
91 72 21654
91 73 24367
91 74 27009
91 75 24652
91 76 36266
91 77 39466
91 78 51207
91 79 40022
91 80 40016
91 81 39698
91 82 16770
91 83 7713
91 84 7415
91 85 -11514
91 86 -12042
91 87 3932
91 88 29998
91 89 13632
91 90 47685
91 92 6710
91 93 -2831
91 94 6707
91 95 6238
91 96 7810
91 97 6273
91 98 281
91 99 5485
91 100 -4175
91 101 18099
92 1 27234
92 2 10361
92 3 32756
92 4 21662
92 5 -821
92 6 7554
92 7 25135
92 8 17055
92 9 36928
92 10 28442
92 11 32262
92 12 24855
92 13 925
92 14 269
92 15 9189
92 16 3436
92 17 11300
92 18 11323
92 19 22997
92 20 41648
92 21 18386
92 22 16999
92 23 16420
92 24 35066
92 25 28835
92 26 16920
92 27 19717
92 28 19733
92 29 34824
92 30 31615
92 31 18484
92 32 29656
92 33 35643
92 34 41702
92 35 48622
92 36 29044
92 37 -938
92 38 1554
92 39 19113
92 40 14546
92 41 14997
92 42 1743
92 43 6405
92 44 2476
92 45 11139
92 46 27585
92 47 20750
92 48 16517
92 49 27161
92 50 28569
92 51 37139
92 52 17229
92 53 17006
92 54 24936
92 55 39521
92 56 26982
92 57 6436
92 58 8750
92 59 -6964
92 60 11559
92 61 2096
92 62 24824
92 63 38245
92 64 32223
92 65 42488
92 66 34218
92 67 21514
92 68 24042
92 69 26933
92 70 33597
92 71 45052
92 72 15224
92 73 17859
92 74 21066
92 75 18879
92 76 28818
92 77 31965
92 78 43798
92 79 32583
92 80 32401
92 81 32514
92 82 14732
92 83 6685
92 84 8979
92 85 -8676
92 86 -4648
92 87 -1895
92 88 25478
92 89 7817
92 90 42980
92 91 3868
92 93 -4190
92 94 -491
92 95 -1336
92 96 2180
92 97 -763
92 98 -1029
92 99 1355
92 100 -1680
92 101 10872
93 1 28190
93 2 14818
93 3 35076
93 4 25817
93 5 -4743
93 6 8230
93 7 23141
93 8 13484
93 9 38223
93 10 27556
93 11 30265
93 12 27822
93 13 4423
93 14 695
93 15 12873
93 16 214
93 17 6830
93 18 9337
93 19 20483
93 20 41975
93 21 22594
93 22 21471
93 23 20892
93 24 38414
93 25 32959
93 26 20227
93 27 20858
93 28 21946
93 29 37701
93 30 31757
93 31 18034
93 32 28995
93 33 37326
93 34 43802
93 35 50085
93 36 25497
93 37 706
93 38 534
93 39 23500
93 40 18321
93 41 19408
93 42 4961
93 43 8966
93 44 1082
93 45 6951
93 46 23627
93 47 17506
93 48 13639
93 49 24065
93 50 30228
93 51 38150
93 52 16666
93 53 19761
93 54 28562
93 55 43520
93 56 31409
93 57 10733
93 58 12301
93 59 -6200
93 60 8609
93 61 -2102
93 62 23293
93 63 36871
93 64 29864
93 65 43365
93 66 34495
93 67 25965
93 68 26882
93 69 27611
93 70 33651
93 71 46047
93 72 19597
93 73 22224
93 74 25517
93 75 23339
93 76 31064
93 77 34347
93 78 45907
93 79 34776
93 80 35401
93 81 34181
93 82 11965
93 83 3286
93 84 4665
93 85 -11848
93 86 -7855
93 87 2556
93 88 24333
93 89 7817
93 90 42011
93 91 2083
93 92 3566
93 94 1650
93 95 2058
93 96 2180
93 97 3691
93 98 -1029
93 99 -289
93 100 -1337
93 101 12735
94 1 20846
94 2 9887
94 3 26664
94 4 18434
94 5 -49
94 6 2172
94 7 20834
94 8 15495
94 9 30531
94 10 22851
94 11 27687
94 12 19282
94 13 -3147
94 14 6625
94 15 12762
94 16 8734
94 17 13725
94 18 7530
94 19 19143
94 20 35368
94 21 15547
94 22 16552
94 23 15700
94 24 29956
94 25 25412
94 26 11803
94 27 13324
94 28 13554
94 29 29158
94 30 25414
94 31 12658
94 32 23844
94 33 29301
94 34 35509
94 35 42246
94 36 26906
94 37 5454
94 38 7926
94 39 16981
94 40 10440
94 41 15609
94 42 6678
94 43 11566
94 44 8724
94 45 11337
94 46 26673
94 47 18112
94 48 13374
94 49 24076
94 50 22214
94 51 30740
94 52 11673
94 53 11218
94 54 20307
94 55 35725
94 56 25296
94 57 8449
94 58 4240
94 59 -3369
94 60 9961
94 61 6216
94 62 19832
94 63 32992
94 64 27975
94 65 36093
94 66 27942
94 67 19940
94 68 18340
94 69 20603
94 70 27451
94 71 38651
94 72 13221
94 73 15889
94 74 19847
94 75 17742
94 76 22676
94 77 25907
94 78 37606
94 79 26426
94 80 26862
94 81 26170
94 82 11595
94 83 5305
94 84 10290
94 85 -3496
94 86 683
94 87 114
94 88 20213
94 89 2216
94 90 37400
94 91 9853
94 92 5497
94 93 -118
94 95 -1780
94 96 1180
94 97 2158
94 98 5029
94 99 2966
94 100 4705
94 101 4529
95 1 23901
95 2 8640
95 3 29152
95 4 18866
95 5 211
95 6 5010
95 7 23540
95 8 17075
95 9 33460
95 10 25955
95 11 30520
95 12 21297
95 13 -2520
95 14 3582
95 15 10048
95 16 6794
95 17 13393
95 18 9975
95 19 21721
95 20 38501
95 21 15695
95 22 15470
95 23 14810
95 24 31629
95 25 25989
95 26 13449
95 27 16381
95 28 16142
95 29 31258
95 30 28567
95 31 15799
95 32 26989
95 33 32102
95 34 38105
95 35 45110
95 36 28822
95 37 2637
95 38 5098
95 39 16819
95 40 11331
95 41 14039
95 42 3587
95 43 8474
95 44 6080
95 45 12113
95 46 28025
95 47 20215
95 48 15659
95 49 26385
95 50 25042
95 51 33756
95 52 14747
95 53 13405
95 54 21631
95 55 36522
95 56 24872
95 57 6186
95 58 5370
95 59 -5200
95 60 11365
95 61 4898
95 62 22783
95 63 36024
95 64 30714
95 65 39118
95 66 31074
95 67 19508
95 68 20467
95 69 23720
95 70 30611
95 71 41657
95 72 12923
95 73 15546
95 74 19141
95 75 17019
95 76 25217
95 77 28360
95 78 40201
95 79 28983
95 80 28854
95 81 28973
95 82 13850
95 83 6714
95 84 10418
95 85 -5456
95 86 -1247
95 87 -2398
95 88 23231
95 89 5261
95 90 40506
95 91 7432
95 92 2700
95 93 -1662
95 94 -3732
95 96 1423
95 97 -925
95 98 2517
95 99 2268
95 100 1883
95 101 7353
96 1 23288
96 2 12834
96 3 30122
96 4 22335
96 5 -3835
96 6 3253
96 7 20151
96 8 12868
96 9 33268
96 10 23565
96 11 27269
96 12 23104
96 13 627
96 14 4762
96 15 13810
96 16 5162
96 17 9775
96 18 6365
96 19 18092
96 20 37301
96 21 19341
96 22 19658
96 23 18960
96 24 33882
96 25 29355
96 26 15763
96 27 15898
96 28 16997
96 29 32903
96 30 27157
96 31 13734
96 32 24857
96 33 32329
96 34 38812
96 35 45110
96 36 24690
96 37 3514
96 38 5315
96 39 20672
96 40 14409
96 41 18281
96 42 6678
96 43 11400
96 44 5904
96 45 7928
96 46 23783
96 47 16182
96 48 11767
96 49 22469
96 50 25230
96 51 33249
96 52 12405
96 53 15037
96 54 24300
96 55 39704
96 56 28847
96 57 10322
96 58 8226
96 59 -6038
96 60 7161
96 61 2338
96 62 19832
96 63 33277
96 64 27267
96 65 38512
96 66 29851
96 67 23500
96 68 22085
96 69 22778
96 70 29085
96 71 41158
96 72 16827
96 73 19464
96 74 23219
96 75 21109
96 76 26104
96 77 29408
96 78 40919
96 79 29800
96 80 30679
96 81 29185
96 82 9960
96 83 2491
96 84 6471
96 85 -6866
96 86 -2962
96 87 1711
96 88 20531
96 89 3160
96 90 38089
96 91 6882
96 92 4094
96 93 -3662
96 94 -2894
96 95 -699
96 97 2783
96 98 2517
96 99 -881
96 100 2512
96 101 7751
97 1 26468
97 2 7203
97 3 30951
97 4 18618
97 5 2003
97 6 8010
97 7 26492
97 8 19495
97 9 35803
97 10 28928
97 11 33499
97 12 22637
97 13 -1216
97 14 1243
97 15 7164
97 16 6303
97 17 14444
97 18 12859
97 19 24620
97 20 41215
97 21 15324
97 22 13882
97 23 13299
97 24 32523
97 25 25801
97 26 14500
97 27 18984
97 28 18153
97 29 32599
97 30 31352
97 31 18738
97 32 29922
97 33 34277
97 34 39997
97 35 47346
97 36 31379
97 37 1333
97 38 3124
97 39 15958
97 40 11822
97 41 12020
97 42 600
97 43 5490
97 44 4527
97 45 14007
97 46 30251
97 47 22890
97 48 18438
97 49 29153
97 50 27273
97 51 36241
97 52 17733
97 53 15133
97 54 22228
97 55 36562
97 56 23820
97 57 3696
97 58 6273
97 59 -4200
97 60 13823
97 61 5240
97 62 25782
97 63 39022
97 64 33665
97 65 41600
97 66 33783
97 67 18354
97 68 21876
97 69 26414
97 70 33435
97 71 44110
97 72 12075
97 73 14714
97 74 17906
97 75 15724
97 76 27107
97 77 30131
97 78 42102
97 79 30852
97 80 30125
97 81 31145
97 82 16627
97 83 9101
97 84 11971
97 85 -5621
97 86 -1874
97 87 -4863
97 88 26229
97 89 8252
97 90 43479
97 91 6450
97 92 2256
97 93 -1046
97 94 -811
97 95 -1942
97 96 3888
97 98 1809
97 99 3954
97 100 279
97 101 9692
98 1 29828
98 2 12925
98 3 35799
98 4 24615
98 5 -1602
98 6 9827
98 7 26081
98 8 16638
98 9 39674
98 10 30131
98 11 33227
98 12 27999
98 13 4086
98 14 -1918
98 15 9817
98 16 325
98 17 9155
98 18 12238
98 19 23563
98 20 43991
98 21 21318
98 22 19288
98 23 18694
98 24 38227
98 25 31800
98 26 20082
98 27 22352
98 28 22729
98 29 37964
98 30 33861
98 31 20405
98 32 31487
98 33 38515
98 34 44700
98 35 51433
98 36 28646
98 37 -2352
98 38 -1228
98 39 21795
98 40 17676
98 41 16923
98 42 1841
98 43 5818
98 44 -495
98 45 9913
98 46 26689
98 47 20668
98 48 16771
98 49 27223
98 50 31424
98 51 39773
98 52 19051
98 53 20104
98 54 28076
98 55 42554
98 56 29580
98 57 8105
98 58 11910
98 59 -5594
98 60 11712
98 61 -486
98 62 26104
98 63 39642
98 64 32922
98 65 45086
98 66 36545
98 67 24006
98 68 27175
98 69 29401
98 70 35792
98 71 47691
98 72 17957
98 73 20616
98 74 23594
98 75 21347
98 76 31837
98 77 35019
98 78 46796
98 79 35598
98 80 35550
98 81 35383
98 82 15076
98 83 6448
98 84 7572
98 85 -11514
98 86 -7790
98 87 381
98 88 26993
98 89 9868
98 90 44628
98 91 724
98 92 2256
98 93 -5500
98 94 2326
98 95 1766
98 96 3888
98 97 2075
98 99 1982
98 100 -4175
98 101 13747
99 1 25364
99 2 13926
99 3 32357
99 4 24112
99 5 -5048
99 6 5413
99 7 21064
99 8 12591
99 9 35394
99 10 25049
99 11 28216
99 12 25305
99 13 2431
99 14 3140
99 15 13660
99 16 2932
99 17 8036
99 18 7212
99 19 18724
99 20 39208
99 21 21009
99 22 20739
99 23 20116
99 24 36035
99 25 31187
99 26 17886
99 27 18031
99 28 19233
99 29 35124
99 30 29013
99 31 15394
99 32 26432
99 33 34516
99 34 41034
99 35 47260
99 36 24573
99 37 2234
99 38 3319
99 39 22198
99 40 16323
99 41 19066
99 42 6105
99 43 10574
99 44 3875
99 45 6951
99 46 23208
99 47 16291
99 48 12122
99 49 22730
99 50 27419
99 51 35325
99 52 14027
99 53 17233
99 54 26364
99 55 41614
99 56 30256
99 57 10733
99 58 10190
99 59 -6964
99 60 7103
99 61 144
99 62 21017
99 63 34546
99 64 28024
99 65 40549
99 66 31739
99 67 24888
99 68 24304
99 69 24797
99 70 30917
99 71 43224
99 72 18306
99 73 20930
99 74 24503
99 75 22374
99 76 28338
99 77 31643
99 78 43143
99 79 32029
99 80 32882
99 81 31369
99 82 10357
99 83 2215
99 84 5062
99 85 -9019
99 86 -5198
99 87 2208
99 88 21896
99 89 5033
99 90 39539
99 91 4854
99 92 3566
99 93 -5834
99 94 -811
99 95 443
99 96 -584
99 97 3146
99 98 908
99 100 909
99 101 9980
100 1 32820
100 2 13462
100 3 38336
100 4 25655
100 5 918
100 6 12902
100 7 29126
100 8 19117
100 9 42572
100 10 33290
100 11 36259
100 12 30219
100 13 6273
100 14 -5079
100 15 8093
100 16 -484
100 17 10204
100 18 15303
100 19 26465
100 20 47086
100 21 22373
100 22 19217
100 23 18516
100 24 40124
100 25 32832
100 26 22115
100 27 25316
100 28 25359
100 29 40189
100 30 36980
100 31 23564
100 32 34650
100 33 41299
100 34 47315
100 35 54277
100 36 31046
100 37 -938
100 38 -4103
100 39 22245
100 40 19385
100 41 16398
100 42 30
100 43 3190
100 44 -3063
100 45 11836
100 46 28783
100 47 23274
100 48 19562
100 49 29878
100 50 34226
100 51 42745
100 52 22213
100 53 22535
100 54 29765
100 55 43786
100 56 29920
100 57 7526
100 58 13888
100 59 -2492
100 60 14590
100 61 383
100 62 29215
100 63 42768
100 64 35855
100 65 48081
100 66 39647
100 67 24105
100 68 29446
100 69 32448
100 70 38920
100 71 50662
100 72 18583
100 73 21317
100 74 23877
100 75 21504
100 76 34422
100 77 37534
100 78 49412
100 79 38187
100 80 37724
100 81 38171
100 82 17925
100 83 9101
100 84 9531
100 85 -10204
100 86 -9087
100 87 894
100 88 30141
100 89 13004
100 90 47784
100 91 -586
100 92 4751
100 93 -2662
100 94 5148
100 95 4278
100 96 7029
100 97 3691
100 98 -1029
100 99 5129
100 101 16529
END
NODE_CONSUMPTION
0 1 10
0 2 7
0 3 13
0 4 19
0 5 26
0 6 3
0 7 5
0 8 9
0 9 16
0 10 16
0 11 12
0 12 19
0 13 23
0 14 20
0 15 8
0 16 19
0 17 2
0 18 12
0 19 17
0 20 9
0 21 11
0 22 18
0 23 29
0 24 3
0 25 6
0 26 17
0 27 16
0 28 16
0 29 9
0 30 21
0 31 27
0 32 23
0 33 11
0 34 14
0 35 8
0 36 5
0 37 8
0 38 16
0 39 31
0 40 9
0 41 5
0 42 5
0 43 7
0 44 18
0 45 16
0 46 1
0 47 27
0 48 36
0 49 30
0 50 13
0 51 10
0 52 9
0 53 14
0 54 18
0 55 2
0 56 6
0 57 7
0 58 18
0 59 28
0 60 3
0 61 13
0 62 19
0 63 10
0 64 9
0 65 20
0 66 25
0 67 25
0 68 36
0 69 6
0 70 5
0 71 15
0 72 25
0 73 9
0 74 8
0 75 18
0 76 13
0 77 14
0 78 3
0 79 23
0 80 6
0 81 26
0 82 16
0 83 11
0 84 7
0 85 41
0 86 35
0 87 26
0 88 9
0 89 15
0 90 3
0 91 1
0 92 2
0 93 22
0 94 27
0 95 20
0 96 11
0 97 12
0 98 10
0 99 9
0 100 17
END
