NAME : ./data/ESPPRC - Test Instances/E-n101-k8_b.simplified-vrp
SIZE : 102
DIRECTED : 1
CYCLIC : 1
ORIGIN : 0
DESTINATION : 101
RESOURCES : 1
RES_NAMES : 0
RES_TYPE
0 CAP
END
RES_BOUND
0 0 200
END
EDGE_COST
0 1 11232
0 2 13776
0 3 18094
0 4 13681
0 5 15776
0 6 10764
0 7 14740
0 8 20800
0 9 24068
0 10 18476
0 11 26603
0 12 12037
0 13 9819
0 14 25222
0 15 23245
0 16 24360
0 17 21883
0 18 11240
0 19 21896
0 20 24841
0 21 15743
0 22 22854
0 23 23537
0 24 20182
0 25 25994
0 26 9225
0 27 3394
0 28 5638
0 29 20320
0 30 18694
0 31 12211
0 32 22602
0 33 20492
0 34 24872
0 35 32488
0 36 34312
0 37 19396
0 38 24733
0 39 25619
0 40 10210
0 41 19646
0 42 18438
0 43 23236
0 44 23779
0 45 20893
0 46 22900
0 47 26965
0 48 21508
0 49 30157
0 50 11597
0 51 18781
0 52 9585
0 53 3860
0 54 14491
0 55 24006
0 56 25197
0 57 17178
0 58 7731
0 59 13925
0 60 15614
0 61 20270
0 62 17944
0 63 27538
0 64 28750
0 65 33234
0 66 26117
0 67 27300
0 68 13447
0 69 11159
0 70 17630
0 71 32976
0 72 18210
0 73 17174
0 74 21274
0 75 23504
0 76 12727
0 77 16972
0 78 27832
0 79 20383
0 80 18241
0 81 21896
0 82 17125
0 83 15453
0 84 19402
0 85 17681
0 86 23460
0 87 12034
0 88 15548
0 89 7314
0 90 29803
0 91 23096
0 92 16985
0 93 17393
0 94 11141
0 95 12511
0 96 14277
0 97 14310
0 98 19297
0 99 15920
0 100 19172
1 2 28334
1 3 10293
1 4 20883
1 5 27362
1 6 24423
1 7 14551
1 8 26126
1 9 9856
1 10 8537
1 11 19463
1 12 13680
1 13 25040
1 14 40078
1 15 38185
1 16 37655
1 17 32175
1 18 18276
1 19 18111
1 20 9710
1 21 26990
1 22 35133
1 23 33655
1 24 17967
1 25 30096
1 26 17461
1 27 9211
1 28 11313
1 29 14529
1 30 4244
1 31 5187
1 32 9483
1 33 8102
1 34 13555
1 35 18654
1 36 33434
1 37 33988
1 38 39158
1 39 33241
1 40 23051
1 41 32796
1 42 33662
1 43 38456
1 44 37987
1 45 28426
1 46 26445
1 47 26494
1 48 21865
1 49 26050
1 50 951
1 51 3897
1 52 13503
1 53 17827
1 54 17299
1 55 27602
1 56 34888
1 57 32062
1 58 22213
1 59 28137
1 60 25888
1 61 33063
1 62 11684
1 63 17023
1 64 20441
1 65 18304
1 66 10918
1 67 34545
1 68 10097
1 69 3465
1 70 4597
1 71 18154
1 72 29279
1 73 29189
1 74 33023
1 75 34552
1 76 7705
1 77 10690
1 78 16992
1 79 10860
1 80 16355
1 81 9176
1 82 19878
1 83 23905
1 84 30057
1 85 31456
1 86 36375
1 87 27264
1 88 11610
1 89 18832
1 90 18145
1 91 37183
1 92 31615
1 93 31116
1 94 25726
1 95 27327
1 96 28082
1 97 29354
1 98 33646
1 99 29572
1 100 33731
1 101 -10894
2 1 28558
2 3 30142
2 4 8905
2 5 19014
2 6 15985
2 7 29776
2 8 30620
2 9 39476
2 10 36271
2 11 43351
2 12 20468
2 13 8073
2 14 14396
2 15 5831
2 16 20384
2 17 24165
2 18 22888
2 19 37304
2 20 42249
2 21 8155
2 22 8135
2 23 10805
2 24 25168
2 25 22603
2 26 14446
2 27 21394
2 28 20194
2 29 28775
2 30 36489
2 31 29975
2 32 40602
2 33 35090
2 34 37231
2 35 47021
2 36 47115
2 37 13480
2 38 14618
2 39 17143
2 40 8464
2 41 2991
2 42 5026
2 43 7499
2 44 16076
2 45 27543
2 46 32709
2 47 40194
2 48 35045
2 49 44894
2 50 26937
2 51 35179
2 52 25474
2 53 13530
2 54 16747
2 55 22179
2 56 14673
2 57 -186
2 58 7731
2 59 11773
2 60 22345
2 61 18817
2 62 34899
2 63 45222
2 64 45477
2 65 49099
2 66 43343
2 67 17613
2 68 22483
2 69 29060
2 70 35586
2 71 48858
2 72 7780
2 73 6049
2 74 8382
2 75 10951
2 76 25728
2 77 28897
2 78 40368
2 79 32842
2 80 26146
2 81 36369
2 82 29857
2 83 23358
2 84 22856
2 85 14306
2 86 19121
2 87 720
2 88 32452
2 89 18439
2 90 47714
2 91 17584
2 92 12528
2 93 15530
2 94 12553
2 95 9852
2 96 15414
2 97 7875
2 98 14529
2 99 15920
2 100 12159
2 101 -8126
3 1 10560
3 2 30185
3 4 13681
3 5 37880
3 6 33125
3 7 28882
3 8 39595
3 9 7052
3 10 22136
3 11 33373
3 12 8217
3 13 30655
3 14 46357
3 15 40001
3 16 46683
3 17 43671
3 18 30784
3 19 32600
3 20 15579
3 21 24641
3 22 32329
3 23 27481
3 24 4324
3 25 19379
3 26 16073
3 27 19010
3 28 15438
3 29 -26
3 30 14412
3 31 19747
3 32 19843
3 33 3013
3 34 2958
3 35 12992
3 36 47994
3 37 41195
3 38 46338
3 39 25025
3 40 24030
3 41 30946
3 42 38220
3 43 41862
3 44 45713
3 45 41235
3 46 40517
3 47 41030
3 48 36284
3 49 40354
3 50 2872
3 51 6173
3 52 26342
3 53 22192
3 54 7812
3 55 16952
3 56 29052
3 57 34207
3 58 25546
3 59 36083
3 60 37146
3 61 42629
3 62 26064
3 63 29488
3 64 33456
3 65 16061
3 66 14256
3 67 25198
3 68 -1848
3 69 17104
3 70 17630
3 71 16402
3 72 25821
3 73 27132
3 74 29919
3 75 30244
3 76 3783
3 77 102
3 78 5988
3 79 -1565
3 80 5208
3 81 3310
3 82 33851
3 83 36131
3 84 41245
3 85 39936
3 86 45811
3 87 31833
3 88 26146
3 89 28990
3 90 30112
3 91 45191
3 92 38824
3 93 39689
3 94 33231
3 95 34265
3 96 36603
3 97 35524
3 98 41304
3 99 38252
3 100 40934
3 101 -3765
4 1 28202
4 2 16000
4 3 20733
4 5 36391
4 6 31207
4 7 39625
4 8 45088
4 9 32052
4 10 40151
4 11 50071
4 12 12848
4 13 24134
4 14 34437
4 15 21986
4 16 40205
4 17 42459
4 18 35740
4 19 46449
4 20 39316
4 21 7715
4 22 10070
4 23 2481
4 24 8210
4 25 2453
4 26 12187
4 27 26678
4 28 21336
4 29 14257
4 30 35919
4 31 34747
4 32 41526
4 33 27795
4 34 25217
4 35 37157
4 36 59312
4 37 33183
4 38 34509
4 39 1082
4 40 14841
4 41 9169
4 42 24959
4 43 25295
4 44 36296
4 45 43940
4 46 47374
4 47 51963
4 48 46507
4 49 54818
4 50 22786
4 51 30326
4 52 34506
4 53 20483
4 54 907
4 55 2087
4 56 4237
4 57 18335
4 58 18601
4 59 30355
4 60 38083
4 61 37961
4 62 41490
4 63 49046
4 64 51866
4 65 40732
4 66 38959
4 67 2646
4 68 11095
4 69 31443
4 70 36784
4 71 41357
4 72 4682
4 73 8451
4 74 8079
4 75 6536
4 76 19879
4 77 20361
4 78 29326
4 79 22900
4 80 14175
4 81 28310
4 82 42061
4 83 38743
4 84 40425
4 85 33710
4 86 39144
4 87 20723
4 88 39499
4 89 30964
4 90 50327
4 91 37496
4 92 31661
4 93 34361
4 94 28932
4 95 27910
4 96 32747
4 97 27122
4 98 34051
4 99 33938
4 100 32184
4 101 -1126
5 1 28202
5 2 19630
5 3 38453
5 4 29912
5 6 9584
5 7 14143
5 8 8479
5 9 42052
5 10 26522
5 11 28417
5 12 32392
5 13 14450
5 14 13206
5 15 21986
5 16 6385
5 17 1469
5 18 6609
5 19 19880
5 20 39316
5 21 29338
5 22 31984
5 23 34651
5 24 40431
5 25 43443
5 26 28045
5 27 20755
5 28 26239
5 29 40935
5 30 32250
5 31 21950
5 32 32431
5 33 39642
5 34 44718
5 35 50856
5 36 25608
5 37 9363
5 38 9233
5 39 40114
5 40 24525
5 41 26252
5 42 13068
5 43 17220
5 44 8381
5 45 3780
5 46 9636
5 47 19686
5 48 15796
5 49 25276
5 50 30861
5 51 35900
5 52 15963
5 53 21411
5 54 33699
5 55 42051
5 56 38039
5 57 18742
5 58 20054
5 59 4606
5 60 2058
5 61 1483
5 62 21860
5 63 33414
5 64 29231
5 65 49772
5 66 40438
5 67 41134
5 68 34045
5 69 26796
5 70 30594
5 71 49954
5 72 30666
5 73 28829
5 74 32032
5 75 34668
5 76 33131
5 77 37436
5 78 47758
5 79 40524
5 80 38739
5 81 40958
5 82 10801
5 83 1429
5 84 -806
5 85 2721
5 86 4384
5 87 11341
5 88 20910
5 89 10397
5 90 37865
5 91 8484
5 92 9230
5 93 3853
5 94 10501
5 95 9307
5 96 6629
5 97 10559
5 98 7886
5 99 4830
5 100 7499
5 101 -5510
6 1 20839
6 2 12177
6 3 29274
6 4 20304
6 5 5160
6 7 14143
6 8 14400
6 9 34478
6 10 23395
6 11 28417
6 12 22532
6 13 5710
6 14 15567
6 15 18326
6 16 13233
6 17 11469
6 18 6609
6 19 21503
6 20 33529
6 21 20076
6 22 24212
6 23 26532
6 24 30493
6 25 33684
6 26 18045
6 27 12536
6 28 16777
6 29 31291
6 30 26740
6 31 17551
6 32 28864
6 33 31342
6 34 35986
6 35 43113
6 36 30714
6 37 9363
6 38 14323
6 39 31005
6 40 14841
6 41 19385
6 42 10971
6 43 16134
6 44 13149
6 45 12354
6 46 16638
6 47 23824
6 48 18765
6 49 28710
6 50 22429
6 51 28733
6 52 11424
6 53 11430
6 54 23703
6 55 32182
6 56 29278
6 57 13296
6 58 10381
6 59 3332
6 60 6530
6 61 9093
6 62 20467
6 63 31661
6 64 30283
6 65 43120
6 66 34864
6 67 32314
6 68 24349
6 69 19802
6 70 25171
6 71 42994
6 72 21815
6 73 20071
6 74 23696
6 75 26329
6 76 23908
6 77 28145
6 78 38958
6 79 31544
6 80 28926
6 81 32729
6 82 13524
6 83 7396
6 84 9107
6 85 6701
6 86 12292
6 87 6018
6 88 18336
6 89 3413
6 90 35037
6 91 12350
6 92 7144
6 93 6365
6 94 2261
6 95 3645
6 96 3256
6 97 6105
6 98 8854
6 99 4830
6 100 9022
6 101 -14946
7 1 17024
7 2 32025
7 3 31088
7 4 34779
7 5 15776
7 6 20200
7 8 6758
7 9 28453
7 10 7123
7 11 8062
7 12 30578
7 13 25565
7 14 33517
7 15 38929
7 16 26828
7 17 16469
7 18 5429
7 19 1060
7 20 22373
7 21 36766
7 22 43098
7 23 44490
7 24 37616
7 25 46536
7 26 30061
7 27 16422
7 28 24011
7 29 35208
7 30 15560
7 31 5927
7 32 12809
7 33 28794
7 34 34093
7 35 36992
7 36 13503
7 37 28183
7 38 29741
7 39 46820
7 40 31046
7 41 39085
7 42 31153
7 43 36156
7 44 28997
7 45 10177
7 46 5543
7 47 6176
7 48 985
7 49 9029
7 50 21792
7 51 21938
7 52 8170
7 53 24883
7 54 34231
7 55 44317
7 56 46320
7 57 33833
7 58 27520
7 59 22140
7 60 13865
7 61 21978
7 62 1393
7 63 12858
7 64 9690
7 65 33234
7 66 22634
7 67 48506
7 68 29712
7 69 16256
7 70 14563
7 71 34461
7 72 39155
7 73 37853
7 74 41899
7 75 44319
7 76 27158
7 77 31008
7 78 37817
7 79 31883
7 80 35421
7 81 29538
7 82 -368
7 83 8676
7 84 16095
7 85 22943
7 86 23882
7 87 26634
7 88 2638
7 89 14469
7 90 17802
7 91 28885
7 92 26671
7 93 23222
7 94 22869
7 95 24121
7 96 22100
7 97 26533
7 98 27054
7 99 22427
7 100 27192
7 101 -4913
8 1 27575
8 2 31845
8 3 40777
8 4 39218
8 5 9088
8 6 19433
8 7 5734
8 9 40156
8 10 19230
8 11 17228
8 12 37829
8 13 25546
8 14 26583
8 15 35773
8 16 18205
8 17 5397
8 18 5869
8 19 7600
8 20 34558
8 21 39596
8 22 44032
8 23 46379
8 24 45761
8 25 52068
8 26 35381
8 27 23573
8 28 30888
8 29 44496
8 30 27681
8 31 17594
8 32 24671
8 33 39665
8 34 45110
8 35 48836
8 36 11700
8 37 23263
8 38 20635
8 39 50478
8 40 34016
8 41 38950
8 42 26958
8 43 31119
8 44 20906
8 45 -1859
8 46 -3134
8 47 5913
8 48 3192
8 49 11543
8 50 31842
8 51 33640
8 52 15271
8 53 28935
8 54 40728
8 55 50191
8 56 49000
8 57 31996
8 58 29740
8 59 18075
8 60 8988
8 61 13880
8 62 12967
8 63 23674
8 64 16597
8 65 45433
8 66 34824
8 67 51942
8 68 38243
8 69 26288
8 70 26502
8 71 46550
8 72 41542
8 73 39851
8 74 43538
8 75 46167
8 76 36088
8 77 40274
8 78 48556
8 79 42094
8 80 43536
8 81 40635
8 82 204
8 83 1569
8 84 7113
8 85 16499
8 86 13815
8 87 24455
8 88 14671
8 89 16203
8 90 29444
8 91 21999
8 92 22787
8 93 17761
8 94 21726
8 95 21852
8 96 19013
8 97 23732
8 98 21807
8 99 18150
8 100 21379
8 101 123
9 1 13804
9 2 43200
9 3 10733
9 4 28681
9 5 45160
9 6 42010
9 7 29928
9 8 42655
9 10 17981
9 11 28417
9 12 22532
9 13 41651
9 14 57237
9 15 53246
9 16 55413
9 17 49779
9 18 35740
9 19 29880
9 20 4398
9 21 38946
9 22 46918
9 23 42481
9 24 17108
9 25 33684
9 26 29668
9 27 26678
9 28 26239
9 29 10612
9 30 8199
9 31 20045
9 32 10534
9 33 3979
9 34 -4
9 35 885
9 36 45912
9 37 51334
9 38 56637
9 39 39908
9 40 37109
9 41 45355
9 42 50083
9 43 54428
9 44 55544
9 45 45450
9 46 41774
9 47 39930
9 48 36460
9 49 35874
9 50 9890
9 51 -1820
9 52 31028
9 53 33520
9 54 22751
9 55 31398
9 56 44033
9 57 47209
9 58 37625
9 59 45639
9 60 43629
9 61 50855
9 62 23513
9 63 22021
9 64 25694
9 65 1689
9 66 -62
9 67 39731
9 68 13093
9 69 21197
9 70 14974
9 71 1561
9 72 40459
9 73 41434
9 74 44531
9 75 45085
9 76 16049
9 77 14391
9 78 6768
9 79 6995
9 80 20168
9 81 310
9 82 35860
9 83 41369
9 84 47768
9 85 49111
9 86 54173
9 87 43579
9 88 26396
9 89 36602
9 90 22554
9 91 54764
9 92 48929
9 93 48769
9 94 43031
9 95 44506
9 96 45682
9 97 46309
9 98 51112
9 99 47222
9 100 51103
9 101 5890
10 1 11556
10 2 39066
10 3 24888
10 4 35851
10 5 28701
10 6 29998
10 7 7669
10 8 20800
10 9 17052
10 11 4242
10 12 29053
10 13 33639
10 14 45408
10 15 47831
10 16 39926
10 17 30520
10 18 17790
10 19 4880
10 20 9029
10 21 40435
10 22 48130
10 23 47896
10 24 33194
10 25 45604
10 26 31586
10 27 19010
10 28 24808
10 29 28958
10 30 3199
10 31 2809
10 32 -1102
10 33 20085
10 34 24171
10 35 24828
10 36 20912
10 37 39414
10 38 42722
10 39 48252
10 40 35431
10 41 45126
10 42 41317
10 43 46488
10 44 41658
10 45 24296
10 46 17895
10 47 15121
10 48 12493
10 49 11523
10 50 16027
10 51 10960
10 52 15534
10 53 29221
10 54 32797
10 55 43121
10 56 49217
10 57 42025
10 58 33201
10 59 33229
10 60 26655
10 61 35024
10 62 -1226
10 63 2097
10 64 4903
10 65 19539
10 66 8642
10 67 49724
10 68 25491
10 69 13758
10 70 4597
10 71 21475
10 72 42908
10 73 42271
10 74 46326
10 75 48274
10 76 23248
10 77 25875
10 78 28784
10 79 24376
10 80 31859
10 81 20020
10 82 13650
10 83 22376
10 84 29741
10 85 35156
10 86 37501
10 87 35697
10 88 5257
10 89 23632
10 90 4625
10 91 41142
10 92 37433
10 93 35092
10 94 32341
10 95 33991
10 96 32969
10 97 36424
10 98 38559
10 99 33867
10 100 38811
10 101 -631
11 1 22401
11 2 46065
11 3 36044
11 4 45690
11 5 30515
11 6 34939
11 7 8527
11 8 18717
11 9 27407
11 10 4161
11 12 39463
11 13 39870
11 14 48433
11 15 53659
11 16 41303
11 17 29548
11 18 20429
11 19 -3049
11 20 18218
11 21 49193
11 22 56343
11 23 56943
11 24 44265
11 25 56093
11 26 41057
11 27 27549
11 28 34313
11 29 40136
11 30 13815
11 31 11776
11 32 4126
11 33 31201
11 34 34914
11 35 34451
11 36 11594
11 37 43183
11 38 44154
11 39 58048
11 40 43751
11 41 52816
11 42 46094
11 43 51133
11 44 43677
11 45 22152
11 46 12191
11 47 7760
11 48 8470
11 49 543
11 50 27076
11 51 21688
11 52 21358
11 53 37401
11 54 43311
11 55 53651
11 56 58425
11 57 48325
11 58 40830
11 59 37133
11 60 28731
11 61 36548
11 62 511
11 63 672
11 64 -4769
11 65 26985
11 66 15703
11 67 59654
11 68 36476
11 69 23752
11 70 15770
11 71 30436
11 72 51684
11 73 50715
11 74 54815
11 75 57013
11 76 34089
11 77 36935
11 78 39780
11 79 35548
11 80 42753
11 81 30998
11 82 12483
11 83 22994
11 84 30242
11 85 37845
11 86 37754
11 87 41325
11 88 10631
11 89 28908
11 90 8734
11 91 43755
11 92 41646
11 93 38194
11 94 37570
11 95 38949
11 96 37066
11 97 41388
11 98 42048
11 99 37427
11 100 42173
11 101 7415
12 1 12643
12 2 19207
12 3 6913
12 4 4492
12 5 30515
12 6 25079
12 7 27068
12 8 35343
12 9 17547
12 10 24997
12 11 35488
12 13 21000
12 14 36218
12 15 28887
12 16 37925
12 17 36746
12 18 25843
12 19 32892
12 20 23632
12 21 13526
12 22 21423
12 23 17895
12 24 5182
12 25 13666
12 26 5116
12 27 14205
12 28 8533
12 29 6139
12 30 20125
12 31 20242
12 32 25764
12 33 12996
12 34 13816
12 35 24147
12 36 47032
12 37 31724
12 38 36390
12 39 16728
12 40 13172
12 41 19904
12 42 27656
12 43 30929
12 44 36183
12 45 35840
12 46 37161
12 47 39717
12 48 34424
12 49 41225
12 50 6995
12 51 14877
12 52 22623
12 53 12989
12 54 907
12 55 11235
12 56 19186
12 57 23189
12 58 15319
12 59 27137
12 60 30601
12 61 34335
12 62 27162
12 63 33659
12 64 36903
12 65 26985
12 66 23633
12 67 17919
12 68 -720
12 69 16685
12 70 21233
12 71 27049
12 72 14973
12 73 16023
12 74 19038
12 75 19740
12 76 4146
12 77 5818
12 78 17016
12 79 9594
12 80 3471
12 81 13957
12 82 30801
12 83 30414
12 84 34276
12 85 31060
12 86 37146
12 87 21452
12 88 25724
12 89 22314
12 90 34770
12 91 35968
12 92 29471
12 93 30983
12 94 24397
12 95 24958
12 96 28133
12 97 25758
12 98 32052
12 99 29748
12 100 31365
12 101 -11126
13 1 22401
13 2 5210
13 3 27749
13 4 14176
13 5 10971
13 6 6655
13 7 20453
13 8 21458
13 9 35064
13 10 27981
13 11 34293
13 12 19398
13 14 14419
13 15 12831
13 16 15821
13 17 16964
13 18 13457
13 19 27959
13 20 35938
13 21 13526
13 22 17141
13 23 19497
13 24 26583
13 25 27808
13 26 13856
13 27 14205
13 28 15592
13 29 28500
13 30 29600
13 31 21766
13 32 32885
13 33 31201
13 34 34914
13 35 43307
13 36 37734
13 37 9363
13 38 14323
13 39 24344
13 40 9030
13 41 12417
13 42 7261
13 43 12147
13 44 13843
13 45 19033
13 46 23667
13 47 30773
13 48 25611
13 49 35469
13 50 22429
13 51 29934
13 52 16519
13 53 8608
13 54 18982
13 55 26604
13 56 22411
13 57 7136
13 58 4759
13 59 5176
13 60 13397
13 61 12803
13 62 25990
13 63 36712
13 64 36351
13 65 44361
13 66 37244
13 67 25496
13 68 21599
13 69 22080
13 70 28315
13 71 44089
13 72 14973
13 73 13174
13 74 16677
13 75 19320
13 76 22570
13 77 26480
13 78 37878
13 79 30297
13 80 25782
13 81 32598
13 82 20428
13 83 14358
13 84 14996
13 85 8977
13 86 15031
13 87 929
13 88 23608
13 89 9084
13 90 39566
13 91 13639
13 92 7144
13 93 9187
13 94 3571
13 95 2744
13 96 7259
13 97 3508
13 98 9742
13 99 8477
13 100 9022
13 101 -14946
14 1 42872
14 2 16966
14 3 48884
14 4 29912
14 5 15160
14 6 21945
14 7 33838
14 8 27928
14 9 56083
14 10 45183
14 11 48289
14 12 40049
14 13 19852
14 15 8642
14 16 6385
14 17 13830
14 18 25843
14 19 39880
14 20 55868
14 21 29338
14 22 25928
14 23 27792
14 24 46084
14 25 43443
14 26 34101
14 27 34450
14 28 36796
14 29 49010
14 30 49101
14 31 39691
14 32 50900
14 33 52372
14 34 56084
14 35 64451
14 36 44574
14 37 9363
14 38 -6513
14 39 36692
14 40 28185
14 41 17950
14 42 2163
14 43 -310
14 44 -2454
14 45 21149
14 46 27594
14 47 39290
14 48 35753
14 49 44919
14 50 43544
14 51 50677
14 52 33385
14 53 29802
14 54 37785
14 55 43272
14 56 34044
14 57 11100
14 58 25077
14 59 11353
14 60 21669
14 61 9093
14 62 41285
14 63 52818
14 64 49231
14 65 65145
14 66 57209
14 67 35677
14 68 42289
14 69 42039
14 70 47525
14 71 64925
14 72 28296
14 73 26882
14 74 27822
14 75 29734
14 76 43765
14 77 47603
14 78 59058
14 79 51468
14 80 46238
14 81 53774
14 82 30801
14 83 21377
14 84 16449
14 85 6701
14 86 1706
14 87 8913
14 88 39730
14 89 25627
14 90 56757
14 91 6484
14 92 12492
14 93 11463
14 94 19347
14 95 14850
14 96 17398
14 97 11971
14 98 9742
14 99 15190
14 100 3674
14 101 5890
15 1 41354
15 2 8776
15 3 42903
15 4 17836
15 5 24315
15 6 25079
15 7 39625
15 8 37493
15 9 52467
15 10 47981
15 11 53890
15 12 33093
15 13 18639
15 14 9017
15 16 20205
15 17 26824
15 18 31830
15 19 46889
15 20 55065
15 21 18928
15 22 11739
15 23 12481
15 24 36280
15 25 30532
15 26 27200
15 27 33749
15 28 33151
15 29 40736
15 30 49101
15 31 41758
15 32 52797
15 33 48059
15 34 49849
15 35 59927
15 36 54629
15 37 16211
15 38 7307
15 39 22454
15 40 21391
15 41 2950
15 42 2163
15 43 -3660
15 44 12913
15 45 32542
15 46 38745
15 47 48303
15 48 43685
15 49 53642
15 50 39936
15 51 48158
15 52 36389
15 53 26314
15 54 27812
15 55 31133
15 56 20033
15 57 1263
15 58 20516
15 59 17145
15 60 29366
15 61 20948
15 62 45788
15 63 56680
15 64 55777
15 65 62095
15 66 56225
15 67 20437
15 68 34871
15 69 41572
15 70 48013
15 71 61857
15 72 15986
15 73 15488
15 74 14566
15 75 15644
15 76 38668
15 77 41692
15 78 53071
15 79 45603
15 80 38377
15 81 49319
15 82 38399
15 83 30135
15 84 27273
15 85 16682
15 86 17174
15 87 6802
15 88 43483
15 89 28579
15 90 59562
15 91 18002
15 92 17388
15 93 19617
15 94 21460
15 95 17292
15 96 22422
15 97 13868
15 98 17453
15 99 21686
15 100 12822
15 101 4288
16 1 38450
16 2 20955
16 3 47211
16 4 33681
16 5 6340
16 6 17612
16 7 25150
16 8 17551
16 9 52260
16 10 37702
16 11 39160
16 12 39757
16 13 19255
16 14 4386
16 15 17831
16 17 2649
16 18 17790
16 19 30191
16 20 50227
16 21 32715
16 22 32329
16 23 34915
16 24 47191
16 25 47453
16 26 34446
16 27 30410
16 28 34668
16 29 48797
16 30 43199
16 31 33022
16 32 43611
16 33 49333
16 34 54008
16 35 60978
16 36 33704
16 37 8183
16 38 -1882
16 39 42284
16 40 29444
16 41 25324
16 42 9068
16 43 10461
16 44 -2028
16 45 10177
16 46 16552
16 47 28816
16 48 25845
16 49 34391
16 50 40430
16 51 46307
16 52 26872
16 53 28543
16 54 39541
16 55 46628
16 56 39729
16 57 17392
16 58 25359
16 59 7826
16 60 13238
16 61 -753
16 62 32946
16 63 44475
16 64 39450
16 65 60460
16 66 51423
16 67 42378
16 68 41838
16 69 37177
16 70 41535
16 71 60494
16 72 32954
16 73 31181
16 74 33351
16 75 35744
16 76 41852
16 77 46039
16 78 56976
16 79 49537
16 80 46187
16 81 50710
16 82 21260
16 83 11822
16 84 6116
16 85 984
16 86 -5570
16 87 11760
16 88 32090
16 89 20246
16 90 49032
16 91 2583
16 92 10766
16 93 6089
16 94 16563
16 95 13169
16 96 12905
16 97 12138
16 98 7092
16 99 10089
16 100 3376
16 101 3029
17 1 36706
17 2 28472
17 3 47935
17 4 39671
17 5 5160
17 6 19584
17 7 18527
17 8 8479
17 9 50362
17 10 32032
17 11 31141
17 12 42314
17 13 24134
17 14 15567
17 15 28186
17 16 6385
17 18 13457
17 19 21503
17 20 46369
17 21 38946
17 22 40649
17 23 43383
17 24 50390
17 25 53281
17 26 38045
17 27 30017
17 28 35987
17 29 50695
17 30 39297
17 31 28806
17 32 37806
17 33 48535
17 34 53816
17 35 59193
17 36 23062
17 37 16211
17 38 7307
17 39 49519
17 40 34385
17 41 34350
17 42 19116
17 43 21510
17 44 8977
17 45 -200
17 46 5680
17 47 18933
17 48 17114
17 49 24238
17 50 39936
17 51 44009
17 52 23825
17 53 31404
17 54 43697
17 55 51964
17 56 47255
17 57 26433
17 58 29933
17 59 13209
17 60 10235
17 61 3995
17 62 26287
17 63 37387
17 64 30283
17 65 57182
17 66 47142
17 67 50288
17 68 43857
17 69 35228
17 70 37766
17 71 57720
17 72 40010
17 73 38159
17 74 41062
17 75 43646
17 76 42682
17 77 47003
17 78 56934
17 79 49856
17 80 48624
17 81 49772
17 82 13524
17 83 5760
17 84 1154
17 85 8260
17 86 147
17 87 19591
17 88 26727
17 89 19901
17 90 42776
17 91 12350
17 92 17388
17 93 11463
17 94 20312
17 95 18526
17 96 16276
17 97 19037
17 98 14680
17 99 13951
17 100 12822
17 101 4288
18 1 18847
18 2 23235
18 3 31088
18 4 28992
18 5 6340
18 6 10764
18 7 3527
18 8 4991
18 9 32363
18 10 15342
18 11 18062
18 12 27451
18 13 16667
18 14 23620
18 15 29232
18 16 17566
18 17 9497
18 19 10496
18 20 28573
18 21 29731
18 22 34979
18 23 36978
18 24 35459
18 25 41697
18 26 24971
18 27 13394
18 28 20526
18 29 34532
18 30 21483
18 31 11026
18 32 21252
18 33 30847
18 34 36250
18 35 41190
18 36 19819
18 37 18183
18 38 20386
18 39 40474
18 40 24030
18 41 30445
18 42 21227
18 43 26181
18 44 19403
18 45 5880
18 46 7130
18 47 12760
18 48 7597
18 49 17530
18 50 22519
18 51 25987
18 52 5887
18 53 18623
18 54 30288
18 55 39782
18 56 39269
18 57 24446
18 58 19936
18 59 12152
18 60 4294
18 61 12664
18 62 10888
18 63 22443
18 64 19567
18 65 39277
18 66 29552
18 67 42037
18 68 28083
18 69 17378
18 70 19880
18 71 39715
18 72 31863
18 73 30291
18 74 34160
18 75 36731
18 76 26144
18 77 30410
18 78 39488
18 79 32684
18 80 33271
18 81 32006
18 82 2403
18 83 1066
18 84 7799
18 85 13098
18 86 15308
18 87 17058
18 88 9729
18 89 6124
18 90 26709
18 91 19071
18 92 16711
18 93 13270
18 94 13417
18 95 14408
18 96 12166
18 97 16752
18 98 17063
18 99 12427
18 100 17221
18 101 -10315
19 1 24231
19 2 43200
19 3 38453
19 4 45250
19 5 25160
19 6 31207
19 7 4707
19 8 12271
19 9 32052
19 10 7981
19 11 133
19 12 40049
19 13 36718
19 14 43206
19 15 49840
19 16 35516
19 17 23092
19 18 16045
19 20 23632
19 21 47715
19 22 54238
19 23 55488
19 24 46084
19 25 56484
19 26 40471
19 27 26678
19 28 34026
19 29 42689
19 30 18199
19 31 12636
19 32 10534
19 33 34566
19 34 39065
19 35 39711
19 36 5912
19 37 38494
19 38 38209
19 39 57443
19 40 42042
19 41 50265
19 42 41779
19 43 46619
19 44 38063
19 45 15508
19 46 5124
19 47 822
19 48 1951
19 49 -1733
19 50 29166
19 51 25914
19 52 19080
19 53 35789
19 54 43889
19 55 54148
19 56 57212
19 57 44905
19 58 38638
19 59 32618
19 60 23663
19 61 30900
19 62 1669
19 63 7610
19 64 -769
19 65 33284
19 66 22021
19 67 59127
19 68 38134
19 69 24547
19 70 18896
19 71 36070
19 72 50144
19 73 48914
19 74 52980
19 75 55360
19 76 35546
19 77 38903
19 78 43458
19 79 38510
19 80 44157
19 81 34757
19 82 6801
19 83 17380
19 84 24346
19 85 32672
19 86 31522
19 87 37615
19 88 9914
19 89 25627
19 90 15018
19 91 38484
19 92 37239
19 93 33270
19 94 33884
19 95 35008
19 96 32747
19 97 37367
19 98 37242
19 99 32793
19 100 37237
19 101 5890
20 1 12492
20 2 44807
20 3 18094
20 4 34779
20 5 41258
20 6 39895
20 7 22682
20 8 35891
20 9 3232
20 10 8792
20 11 18062
20 12 27451
20 13 41359
20 14 55856
20 15 54678
20 16 52214
20 17 44620
20 18 30784
20 19 20294
20 21 42715
20 22 50928
20 23 48309
20 24 26238
20 25 41697
20 26 33045
20 27 25320
20 28 27597
20 29 20320
20 30 270
20 31 13852
20 32 -628
20 33 10997
20 34 11177
20 35 9451
20 36 36202
20 37 49661
20 38 54418
20 39 46730
20 40 39341
20 41 48862
20 42 49952
20 43 54848
20 44 53183
20 45 39172
20 46 33671
20 47 30839
20 48 28245
20 49 25340
20 50 12737
20 51 -83
20 52 26696
20 53 34316
20 54 29634
20 55 39238
20 56 49591
20 57 48554
20 58 38701
20 59 43629
20 60 39359
20 61 47406
20 62 14585
20 63 11049
20 64 14542
20 65 4113
20 66 -5436
20 67 47343
20 68 20300
20 69 18691
20 70 8577
20 71 5684
20 72 44779
20 73 45059
20 74 48687
20 75 49867
20 76 20420
20 77 20683
20 78 17384
20 79 15638
20 80 27229
20 81 9176
20 82 28787
20 83 36131
20 84 43154
20 85 46524
20 86 50475
20 87 43629
20 88 19335
20 89 33825
20 90 11696
20 91 52402
20 92 47365
20 93 46237
20 94 41584
20 95 43263
20 96 43431
20 97 45437
20 98 49145
20 99 44752
20 100 49333
20 101 5497
21 1 25275
21 2 6216
21 3 22659
21 4 -1319
21 5 26783
21 6 21945
21 7 32578
21 8 36432
21 9 33283
21 10 35701
21 11 44540
21 12 12848
21 13 14450
21 14 24829
21 15 14044
21 16 30205
21 17 32700
21 18 27445
21 19 39880
21 20 38218
21 22 5928
21 23 5509
21 24 15182
21 25 12453
21 26 8045
21 27 20755
21 28 16777
21 29 19556
21 30 33510
21 31 29675
21 32 38612
21 33 28718
21 34 29127
21 35 39917
21 36 51640
21 37 23183
21 38 25027
21 39 8648
21 40 6101
21 41 4126
21 42 15415
21 43 16863
21 44 26414
21 45 34691
21 46 38745
21 47 44384
21 48 38960
21 49 48072
21 50 21700
21 51 30065
21 52 27477
21 53 12989
21 54 6687
21 55 11791
21 56 7305
21 57 9247
21 58 9493
21 59 20452
21 60 28891
21 61 28017
21 62 35866
21 63 44812
21 64 46644
21 65 42785
21 66 38771
21 67 10064
21 68 14023
21 69 27153
21 70 33413
21 71 42792
21 72 210
21 73 211
21 74 3748
21 75 5568
21 76 19436
21 77 21626
21 78 32545
21 79 25292
21 80 17394
21 81 29750
21 82 34162
21 83 29713
21 84 30806
21 85 23728
21 86 29154
21 87 10766
21 88 33529
21 89 22521
21 90 46595
21 91 27501
21 92 21687
21 93 24440
21 94 19347
21 95 18041
21 96 23055
21 97 17130
21 98 24056
21 99 24137
21 100 22204
21 101 -8098
22 1 35205
22 2 7983
22 3 32134
22 4 2823
22 5 31216
22 6 27868
22 7 40697
22 8 42655
22 9 43042
22 10 45183
22 11 53477
22 12 22532
22 13 19852
22 14 23206
22 15 8642
22 16 31606
22 17 36190
22 18 34480
22 19 48190
22 20 48218
22 21 7715
22 23 -1339
22 24 22198
22 25 14814
22 26 18045
22 27 30017
22 28 26608
22 29 27703
22 30 43448
22 31 39019
22 32 48443
22 33 38488
22 34 38060
22 35 49322
22 36 58859
22 37 25109
22 38 22618
22 39 6781
22 40 14841
22 41 -4973
22 42 14038
22 43 12147
22 44 26123
22 45 39748
22 46 44817
22 47 51794
22 48 46507
22 49 56118
22 50 31680
22 51 40021
22 52 35861
22 53 21860
22 54 14159
22 55 15747
22 56 4237
22 57 7136
22 58 17034
22 59 23906
22 60 34464
22 61 30622
22 62 44842
22 63 54295
22 64 55641
22 65 52427
22 66 48747
22 67 5998
22 68 23085
22 69 36848
22 70 43225
22 71 52543
22 72 2063
22 73 4120
22 74 -161
22 75 -158
22 76 29324
22 77 31230
22 78 41712
22 79 34679
22 80 26301
22 81 39432
22 82 41435
22 83 35468
22 84 35033
22 85 26044
22 86 29878
22 87 12437
22 88 42411
22 89 29715
22 90 56248
22 91 28805
22 92 24542
22 93 27559
22 94 24594
22 95 22058
22 96 27614
22 97 19930
22 98 26268
22 99 28109
22 100 23290
22 101 800
23 1 42174
23 2 19100
23 3 35733
23 4 3681
23 5 42330
23 6 38635
23 7 50536
23 8 53449
23 9 47052
23 10 53396
23 11 62524
23 12 27451
23 13 30655
23 14 33517
23 15 17831
23 16 42639
23 17 47371
23 18 44926
23 19 57887
23 20 54046
23 21 15743
23 22 7108
23 24 21805
23 25 10481
23 26 24971
23 27 38705
23 28 34241
23 29 28566
23 30 50208
23 31 47520
23 32 55654
23 33 42776
23 34 39806
23 35 51982
23 36 69293
23 37 36262
23 38 32307
23 39 250
23 40 24030
23 41 3937
23 42 24723
23 43 21122
23 44 36800
23 45 50814
23 46 55682
23 47 62114
23 48 56737
23 49 66037
23 50 37381
23 51 45194
23 52 45473
23 53 31011
23 54 15770
23 55 13241
23 56 3271
23 57 18025
23 58 26996
23 59 35070
23 60 45388
23 61 41786
23 62 53849
23 63 62467
23 64 64596
23 65 55643
23 66 53884
23 67 -4563
23 68 26084
23 69 44688
23 70 50618
23 71 56347
23 72 9339
23 73 13328
23 74 8719
23 75 4204
23 76 34558
23 77 35327
23 78 44149
23 79 37875
23 80 29162
23 81 43310
23 82 51801
23 83 46368
23 84 46179
23 85 37203
23 86 40736
23 87 23616
23 88 51540
23 89 40039
23 90 64037
23 91 39863
23 92 35721
23 93 38738
23 94 35500
23 95 33156
23 96 38674
23 97 31105
23 98 37432
23 99 39244
23 100 34347
23 101 9930
24 1 23785
24 2 30762
24 3 9875
24 4 6709
24 5 45409
24 6 39895
24 7 40961
24 8 50130
24 9 18978
24 10 35993
24 11 47145
24 12 12037
24 13 35040
24 14 49108
24 15 38929
24 16 52214
24 17 51677
24 18 40706
24 19 45782
24 20 29274
24 21 22715
24 22 27944
24 23 19104
24 25 7453
24 26 18661
24 27 28808
24 28 23396
24 29 -2442
24 30 28554
24 31 32760
24 32 33945
24 33 16542
24 34 8816
24 35 21518
24 36 60691
24 37 45617
24 38 49389
24 39 15185
24 40 25956
24 41 27019
24 42 39954
24 43 41862
24 44 49829
24 45 50814
24 46 51759
24 47 53505
24 48 48413
24 49 53827
24 50 16259
24 51 19873
24 52 37104
24 53 27672
24 54 1687
24 55 5709
24 56 21933
24 57 34207
24 58 29040
24 59 41475
24 60 45596
24 61 48904
24 62 39460
24 63 43600
24 64 47530
24 65 25411
24 66 26851
24 67 13504
24 68 1918
24 69 29456
24 70 31535
24 71 27271
24 72 21911
24 73 24708
24 74 25746
24 75 24563
24 76 14539
24 77 11696
24 78 14232
24 79 10093
24 80 6366
24 81 15781
24 82 45221
24 83 45397
24 84 49219
24 85 45354
24 86 51430
24 87 34368
24 88 38857
24 89 37314
24 90 44244
24 91 49982
24 92 43522
24 93 45415
24 94 38911
24 95 39130
24 96 42751
24 97 39484
24 98 46120
24 99 44318
24 100 45110
24 101 3874
25 1 33643
25 2 25926
25 3 22659
25 4 -1319
25 5 46150
25 6 40815
25 7 47610
25 8 54166
25 9 33283
25 10 46132
25 11 56702
25 12 18250
25 13 33994
25 14 44196
25 15 30910
25 16 50205
25 17 52297
25 18 44673
25 19 53911
25 20 42462
25 21 17715
25 22 18289
25 23 5509
25 24 5182
25 26 20406
25 27 34450
25 28 28724
25 29 12510
25 30 40369
25 31 41437
25 32 46056
25 33 29909
25 34 23816
25 35 36495
25 36 67538
25 37 43183
25 38 44154
25 39 1082
25 40 24525
25 41 17204
25 42 34716
25 43 34370
25 44 46221
25 45 53423
25 46 56374
25 47 60177
25 48 54762
25 49 62284
25 50 27076
25 51 33086
25 52 42689
25 53 29471
25 54 3729
25 55 -2851
25 56 10413
25 57 27939
25 58 28290
25 59 40302
25 60 47586
25 61 47926
25 62 48351
25 63 54618
25 64 58053
25 65 40383
25 66 40982
25 67 -1430
25 68 13093
25 69 37890
25 70 42142
25 71 41977
25 72 14177
25 73 18262
25 74 16925
25 75 14077
25 76 24278
25 77 23216
25 78 29017
25 79 23949
25 80 16381
25 81 29750
25 82 50625
25 83 48117
25 84 50180
25 85 43700
25 86 49138
25 87 30703
25 88 46761
25 89 40099
25 90 55563
25 91 47494
25 92 41646
25 93 44315
25 94 38722
25 95 37845
25 96 42579
25 97 37117
25 98 44048
25 99 43825
25 100 42173
25 101 7415
26 1 15416
26 2 12177
26 3 13761
26 4 2823
26 5 25160
26 6 19584
26 7 25543
26 8 31887
26 9 23675
26 10 26522
26 11 36074
26 12 4108
26 13 14450
26 14 29262
26 15 21986
26 16 31606
26 17 31469
26 18 22355
26 19 32306
26 20 28218
26 21 7715
26 22 15928
26 23 14407
26 24 10798
26 25 14814
26 27 12536
26 28 7375
26 29 12959
26 30 23613
26 31 20824
26 32 28864
26 33 19142
26 34 20832
26 35 30808
26 36 45343
26 37 25109
26 38 29477
26 39 15079
26 40 6101
26 41 13979
26 42 20602
26 43 23888
26 44 29466
26 45 31550
26 46 34047
26 47 37982
26 48 32538
26 49 40677
26 50 11743
26 51 20139
26 52 20475
26 53 7450
26 54 3729
26 55 12856
26 56 15689
26 57 16187
26 58 8525
26 59 20860
26 60 25870
26 61 28316
26 62 27449
26 63 35563
26 64 37989
26 65 33284
26 66 28806
26 67 16739
26 68 6282
26 69 17781
26 70 23738
26 71 33165
26 72 9880
26 73 10087
26 74 13706
26 75 15135
26 76 9724
26 77 12538
26 78 23971
26 79 16462
26 80 10184
26 81 20310
26 82 28283
26 83 26138
26 84 29086
26 85 24742
26 86 30825
26 87 14458
26 88 25382
26 89 17961
26 90 37114
26 91 29437
26 92 22952
26 93 24804
26 94 18334
26 95 18526
26 96 22208
26 97 19037
26 98 25551
26 99 23745
26 100 24677
26 101 -14946
27 1 6817
27 2 18776
27 3 16349
27 4 16965
27 5 17521
27 6 13726
27 7 11555
27 8 19730
27 9 20336
27 10 13597
27 11 22217
27 12 12848
27 13 14450
27 14 29262
27 15 28186
27 16 27221
27 17 23092
27 18 10429
27 19 18164
27 20 20144
27 21 20076
27 22 27551
27 23 27792
27 24 20596
27 25 28509
27 26 12187
27 28 6021
27 29 19556
27 30 13815
27 31 7396
27 32 17602
27 33 17366
27 34 22357
27 35 28988
27 36 31500
27 37 23183
27 38 28405
27 39 29185
27 40 14841
27 41 24518
27 42 23026
27 43 27957
27 44 27273
27 45 20807
27 46 21388
27 47 24145
27 48 18765
27 49 26536
27 50 8518
27 51 14659
27 52 6815
27 53 8608
27 54 16284
27 55 26300
27 56 29278
27 57 22143
27 58 12712
27 59 17381
27 60 16560
27 61 22793
27 62 13544
27 63 22693
27 64 24290
27 65 29108
27 66 21467
27 67 30861
27 68 13093
27 69 6273
27 70 12660
27 71 28924
27 72 22571
27 73 21747
27 74 25832
27 75 27921
27 76 11217
27 77 15522
27 78 25404
27 79 18238
27 80 18359
27 81 18723
27 82 14991
27 83 15571
27 84 20703
27 85 20832
27 86 26118
27 87 16736
27 88 11313
27 89 8610
27 90 24849
27 91 26484
27 92 20804
27 93 20490
27 94 14910
27 95 16513
27 96 17398
27 97 18576
27 98 22876
27 99 18945
27 100 22933
27 101 -21126
28 1 8000
28 2 16657
28 3 11858
28 4 10704
28 5 22086
28 6 17048
28 7 18225
28 8 26126
28 9 18978
28 10 18476
28 11 28062
28 12 6257
28 13 14918
28 14 30689
28 15 26669
28 16 30560
28 17 28143
28 18 16642
28 19 24593
28 20 21502
28 21 15179
28 22 23223
28 23 22409
28 24 14265
28 25 21864
28 26 6107
28 27 5102
28 29 14024
28 30 16221
28 31 12775
28 32 21160
28 33 14942
28 34 18816
28 35 27060
28 36 38189
28 37 25202
28 38 30473
28 39 23049
28 40 11072
28 41 20801
28 42 23175
28 43 27531
28 44 29691
28 45 26752
28 46 27954
28 47 30839
28 48 25470
28 49 32980
28 50 6288
28 51 14327
28 52 13503
28 53 6599
28 54 9576
28 55 19620
28 56 23722
28 57 20554
28 58 10759
28 59 19975
28 60 21773
28 61 26555
28 62 19468
28 63 27538
28 64 29938
28 65 28481
28 66 22498
28 67 24668
28 68 7202
28 69 9763
28 70 15951
28 71 28201
28 72 17578
28 73 17273
28 74 21192
28 75 22922
28 76 6509
28 77 10690
28 78 21768
28 79 14245
28 80 12146
28 81 16333
28 82 21658
28 83 21358
28 84 25665
28 85 23814
28 86 29698
28 87 16671
28 88 17526
28 89 13447
28 90 29177
28 91 29107
28 92 22807
28 93 23565
28 94 17127
28 95 18261
28 96 20484
28 97 19732
28 98 25240
28 99 22134
28 100 24963
28 101 -19801
29 1 20042
29 2 34064
29 3 5220
29 4 12451
29 5 45608
29 6 40388
29 7 38248
29 8 48560
29 9 12177
29 10 31452
29 11 42711
29 12 12689
29 13 36652
29 14 51729
29 15 43080
29 16 53515
29 17 51677
29 18 39474
29 19 42082
29 20 23051
29 21 26784
29 22 33144
29 23 25560
29 24 -2747
29 25 14476
29 26 20517
29 27 27463
29 28 22850
29 30 23199
29 31 29229
29 32 28225
29 33 10599
29 34 1854
29 35 14473
29 36 57472
29 37 47376
29 38 51949
29 39 21913
29 40 28441
29 41 32124
29 42 42943
29 43 45646
29 44 51831
29 45 49876
29 46 49722
29 47 50483
29 48 45676
29 49 49786
29 50 12346
29 51 13787
29 52 35285
29 53 28543
29 54 6452
29 55 12569
29 56 27944
29 57 37846
29 58 30925
29 59 42736
29 60 45262
29 61 49802
29 62 35530
29 63 38414
29 64 42447
29 65 18361
29 66 20058
29 67 20558
29 68 613
29 69 26452
29 70 26949
29 71 20241
29 72 26802
29 73 29065
29 74 30809
29 75 30157
29 76 12075
29 77 8319
29 78 7208
29 79 4049
29 80 6580
29 81 9310
29 82 43055
29 83 44607
29 84 49200
29 85 46659
29 86 52727
29 87 36916
29 88 35607
29 89 36953
29 90 38954
29 91 51613
29 92 45119
29 93 46541
29 94 39952
29 95 40598
29 96 43611
29 97 41399
29 98 47696
29 99 45246
29 100 47014
29 101 3707
30 1 7045
30 2 39066
30 3 16946
30 4 31401
30 5 34211
30 6 33125
30 7 15888
30 8 29033
30 9 7052
30 10 2981
30 11 13678
30 12 23963
30 13 35040
30 14 49108
30 15 48733
30 16 45205
30 17 37567
30 18 23713
30 19 14880
30 20 289
30 21 38026
30 22 46177
30 23 44490
30 24 25537
30 25 39623
30 26 28459
30 27 19010
30 28 22335
30 29 20487
30 31 6789
30 32 -1102
30 33 10997
30 34 14311
30 35 14988
30 36 30912
30 37 42904
30 38 47499
30 39 43648
30 40 34030
30 41 43822
30 42 43539
30 43 48541
30 44 46267
30 45 32235
30 46 27282
30 47 25009
30 48 21865
30 49 21153
30 50 9391
30 51 1075
30 52 19672
30 53 28543
30 54 27042
30 55 37109
30 56 45720
30 57 42645
30 58 32910
30 59 36827
30 60 32299
30 61 40382
30 62 8574
30 63 8421
30 64 12463
30 65 11107
30 66 1431
30 67 44707
30 68 18470
30 69 12335
30 70 1535
30 71 12103
30 72 40291
30 73 40235
30 74 44058
30 75 45539
30 76 17200
30 77 18675
30 78 19240
30 79 15638
30 80 25164
30 81 10465
30 82 21979
30 83 29071
30 84 36083
30 85 39603
30 86 43422
30 87 37330
30 88 12438
30 89 26967
30 90 8956
30 91 45505
30 92 40648
30 93 39335
30 94 34946
30 95 36645
30 96 36603
30 97 38890
30 98 42331
30 99 37873
30 100 42543
30 101 -631
31 1 6440
31 2 31004
31 3 20733
31 4 28681
31 5 22363
31 6 22388
31 7 4707
31 8 17398
31 9 17350
31 10 1043
31 11 10091
31 12 22532
31 13 25658
31 14 38150
31 15 39842
31 16 33480
31 17 25528
31 18 11708
31 19 7769
31 20 12323
31 21 32643
31 22 40200
31 23 40254
31 24 28195
31 25 39143
31 26 24122
31 27 11043
31 28 17341
31 29 24969
31 30 5241
31 32 6066
31 33 17733
31 34 22948
31 35 25991
31 36 22995
31 37 32021
31 38 36019
31 39 41054
31 40 27490
31 41 37109
31 42 33551
31 43 38709
31 44 34831
31 45 20391
31 46 16707
31 47 16105
31 48 11705
31 49 15907
31 50 11389
31 51 10829
31 52 8120
31 53 21228
31 54 26400
31 55 36729
31 56 41642
31 57 33995
31 58 25152
31 59 25853
31 60 20390
31 61 28613
31 62 1669
31 63 10074
31 64 11913
31 65 23129
31 66 13279
31 67 42640
31 68 20247
31 69 6803
31 70 3746
31 71 23844
31 72 35133
31 73 34385
31 74 38462
31 75 40496
31 76 17666
31 77 21044
31 78 26768
31 79 21135
31 80 26301
31 81 18393
31 82 10564
31 83 17030
31 84 24071
31 85 28200
31 86 31522
31 87 27781
31 88 1313
31 89 16034
31 90 12554
31 91 34158
31 92 29921
31 93 28016
31 94 24594
31 95 26281
31 96 25584
31 97 28680
31 98 31279
31 99 26658
31 100 31531
31 101 -8662
32 1 16881
32 2 47776
32 3 26974
32 4 41605
32 5 38989
32 6 39846
32 7 17734
32 8 30620
32 9 13984
32 10 3277
32 11 8586
32 12 34199
32 13 42922
32 14 55504
32 15 57026
32 16 50214
32 17 40673
32 18 28079
32 19 11812
32 20 3988
32 21 47725
32 22 55769
32 23 54533
32 24 35525
32 25 49907
32 26 38307
32 27 27394
32 28 31871
32 29 30110
32 30 3495
32 31 12211
32 33 20492
32 34 21922
32 35 19735
32 36 27117
32 37 49428
32 38 52989
32 39 53889
32 40 43313
32 41 53178
32 42 50995
32 43 56142
32 44 51897
32 45 34188
32 46 26547
32 47 22727
32 48 21508
32 49 15242
32 50 19686
32 51 9659
32 52 25474
32 53 37441
32 54 37338
32 55 47395
32 56 55766
32 57 51062
32 58 41688
32 59 43248
32 60 36943
32 61 45312
32 62 8005
32 63 610
32 64 3772
32 65 11464
32 66 180
32 67 54991
32 68 28689
32 69 21084
32 70 9688
32 71 15338
32 72 50080
32 73 49822
32 74 53747
32 75 55385
32 76 27489
32 77 28897
32 78 27832
32 79 25243
32 80 35421
32 81 19310
32 82 23533
32 83 32633
32 84 40015
32 85 45354
32 86 47787
32 87 45127
32 88 15548
32 89 33485
32 90 2026
32 91 51336
32 92 47365
32 93 45249
32 94 42052
32 95 43743
32 96 42979
32 97 46136
32 98 48633
32 99 43968
32 100 48889
32 101 7874
33 1 8369
33 2 35133
33 3 3013
33 4 20743
33 5 39069
33 6 35193
33 7 26588
33 8 38483
33 9 298
33 10 17333
33 11 28530
33 12 14300
33 13 34107
33 14 49845
33 15 45157
33 16 48805
33 17 44271
33 18 30543
33 19 28713
33 20 8482
33 21 30700
33 22 38683
33 23 34524
33 24 10991
33 25 26629
33 26 21454
33 27 20027
33 28 18522
33 29 5353
33 30 8463
33 31 16747
33 32 13361
33 34 1185
33 35 7852
33 36 44536
33 37 44150
33 38 49486
33 39 32256
33 40 28997
33 41 37109
33 42 42349
33 43 46514
33 44 48528
33 45 40779
33 46 38589
33 47 37937
33 48 33705
33 49 35874
33 50 2436
33 51 -934
33 52 25785
33 53 25789
33 54 15032
33 55 24219
33 56 35991
33 57 39160
33 58 29740
33 59 38642
33 60 37835
33 61 44424
33 62 22063
33 63 23674
33 64 27717
33 65 9875
33 66 6998
33 67 32478
33 68 5411
33 69 15756
33 70 13027
33 71 9807
33 72 32235
33 73 33188
33 74 36300
33 75 36914
33 76 7845
33 77 6274
33 78 4768
33 79 486
33 80 12443
33 81 -2862
33 82 32129
33 83 36143
33 84 42028
33 85 42293
33 86 47746
33 87 35851
33 88 23313
33 89 30220
33 90 24181
33 91 47813
33 92 41739
33 93 41967
33 94 35896
33 95 37243
33 96 38838
33 97 38878
33 98 44048
33 99 40439
33 100 43925
33 101 -1367
34 1 20739
34 2 44191
34 3 9875
34 4 25082
34 5 51062
34 6 46754
34 7 38804
34 8 50845
34 9 3232
34 10 28336
34 11 39160
34 12 22037
34 13 44737
34 14 60474
34 15 53864
34 16 60397
34 17 56469
34 18 42863
34 19 40129
34 20 15579
34 21 38026
34 22 45172
34 23 38471
34 24 10182
34 25 27453
34 26 30061
34 27 31935
34 28 29313
34 29 3525
34 30 18694
34 31 28879
34 32 21708
34 33 8102
34 35 1649
34 36 56110
34 37 55192
34 38 60409
34 39 34938
34 40 38081
34 41 44010
34 42 52357
34 43 55903
34 44 59690
34 45 53138
34 46 50820
34 47 49769
34 48 45791
34 49 46640
34 50 14324
34 51 8134
34 52 38121
34 53 36266
34 54 18890
34 55 25605
34 56 40634
34 57 48186
34 58 39688
34 59 49945
34 60 49979
34 61 56175
34 62 33559
34 63 33107
34 64 36857
34 65 5508
34 66 9703
34 67 33477
34 68 10427
34 69 28113
34 70 24553
34 71 8579
34 72 38691
34 73 40466
34 74 42775
34 75 42538
34 76 17691
34 77 14245
34 78 1768
34 79 5459
34 80 17271
34 81 4360
34 82 44437
34 83 48441
34 84 54164
34 85 53735
34 86 59449
34 87 45975
34 88 35428
34 89 42143
34 90 33610
34 91 59096
34 92 52803
34 93 53448
34 94 47109
34 95 48251
34 96 50326
34 97 49603
34 98 55238
34 99 51962
34 100 54946
34 101 9930
35 1 23203
35 2 51346
35 3 17274
35 4 34387
35 5 54565
35 6 51246
35 7 39068
35 8 51936
35 9 1486
35 10 26358
35 11 36062
35 12 29733
35 13 50495
35 14 66206
35 15 61307
35 16 64732
35 17 59211
35 18 45168
35 19 38140
35 20 11218
35 21 46181
35 22 53799
35 23 48012
35 24 20249
35 25 37497
35 26 37402
35 27 35931
35 28 34922
35 29 13509
35 30 16736
35 31 29287
35 32 16886
35 33 12134
35 34 -986
35 36 54117
35 37 60424
35 38 65758
35 39 44733
35 40 45171
35 41 52469
35 42 58746
35 43 62843
35 44 64724
35 45 54809
35 46 50757
35 47 48491
35 48 45367
35 49 43304
35 50 18709
35 51 7507
35 52 40461
35 53 42190
35 54 28184
35 55 35543
35 56 49926
35 57 55383
35 58 46110
35 59 54815
35 60 53057
35 61 60212
35 62 32072
35 63 28832
35 64 31708
35 65 -4654
35 66 1745
35 67 43570
35 68 18995
35 69 30616
35 70 24049
35 71 23
35 72 47284
35 73 48673
35 74 51385
35 75 51504
35 76 24001
35 77 21440
35 78 9921
35 79 12857
35 80 26008
35 81 7911
35 82 45065
35 83 50794
35 84 57200
35 85 58361
35 86 63537
35 87 52249
35 88 35530
35 89 45948
35 90 29616
35 91 63967
35 92 58014
35 93 58022
35 94 52137
35 95 53547
35 96 54915
35 97 55243
35 98 60262
35 99 56479
35 100 60199
35 101 14911
36 1 36522
36 2 49979
36 3 50815
36 4 55081
36 5 27856
36 6 37386
36 7 14118
36 8 13339
36 9 45052
36 10 20981
36 11 11744
36 12 51157
36 13 43461
36 14 44868
36 15 54548
36 16 35997
36 17 21619
36 18 22336
36 19 2880
36 20 36508
36 21 56443
36 22 61875
36 23 63862
36 24 57961
36 25 67079
36 26 50476
36 27 36982
36 28 44590
36 29 55047
36 30 31199
36 31 24830
36 32 22807
36 33 47357
36 34 52014
36 35 52656
36 37 42046
36 38 37389
36 39 66934
36 40 50692
36 41 57184
36 42 45745
36 43 49805
36 44 38761
36 45 14099
36 46 -568
36 47 -29
36 48 7306
36 49 -4831
36 50 41466
36 51 38898
36 52 28503
36 53 44841
36 54 54822
36 55 64887
36 56 66027
36 57 50587
36 58 46759
36 59 36827
36 60 27603
36 61 32138
36 62 14540
36 63 19181
36 64 3632
36 65 45666
36 66 34385
36 67 68584
36 68 50009
36 69 36329
36 70 31763
36 71 48894
36 72 58674
36 73 57157
36 74 61059
36 75 63616
36 76 47404
36 77 51033
36 78 56308
36 79 51123
36 80 55840
36 81 47649
36 82 12186
36 83 20300
36 84 25435
36 85 35156
36 86 30153
36 87 43045
36 88 21611
36 89 32969
36 90 27387
36 91 40496
36 92 41542
36 93 36540
36 94 39903
36 95 40365
36 96 37601
36 97 42382
36 98 40581
36 99 36898
36 100 40074
36 101 15274
37 1 31805
37 2 11073
37 3 38745
37 4 23681
37 5 6340
37 6 10764
37 7 23527
37 8 19631
37 9 45203
37 10 34212
37 11 38062
37 12 30578
37 13 9819
37 14 4386
37 15 10859
37 16 5205
37 17 9497
37 18 15429
37 19 30191
37 20 44696
37 21 22715
37 22 22854
37 23 25560
37 24 37616
37 25 37453
37 26 24971
37 27 23394
37 28 26332
37 29 39680
37 30 37920
37 31 28585
37 32 39847
37 33 41700
37 34 45825
37 35 53692
37 36 36775
37 38 3520
37 39 32440
37 40 19646
37 41 16338
37 42 1887
37 43 6323
37 44 2706
37 45 14542
37 46 20719
37 47 30707
37 48 26462
37 49 36225
37 50 32810
37 51 39657
37 52 22313
37 53 19636
37 54 29766
37 55 36648
37 56 29947
37 57 8405
37 58 15764
37 59 244
37 60 11904
37 61 3719
37 62 30659
37 63 42107
37 64 39450
37 65 54107
37 66 46035
37 67 32773
37 68 32775
37 69 30899
37 70 36347
37 71 53920
37 72 23033
37 73 21236
37 74 23603
37 75 26083
37 76 33476
37 77 37498
37 78 48778
37 79 41229
37 80 36958
37 81 43105
37 82 21260
37 83 12386
37 84 9284
37 85 -869
37 86 4230
37 87 1895
37 88 28871
37 89 14469
37 90 45824
37 91 2583
37 92 1428
37 93 1617
37 94 8319
37 95 4048
37 96 6293
37 97 2204
37 98 -549
37 99 4427
37 100 -2042
37 101 -4913
38 1 52851
38 2 28087
38 3 59764
38 4 40883
38 5 22086
38 6 31600
38 7 40961
38 8 32879
38 9 66382
38 10 53396
38 11 54909
38 12 51120
38 13 30655
38 14 4386
38 15 17831
38 16 11016
38 17 16469
38 18 33508
38 19 45782
38 20 65329
38 21 40435
38 22 36239
38 23 37481
38 24 57264
38 25 54300
38 26 45215
38 27 44492
38 28 47479
38 29 60129
38 30 58391
38 31 48459
38 32 59284
38 33 62912
38 34 66918
38 35 74902
38 36 47994
38 37 19396
38 39 47092
38 40 39341
38 41 27838
38 42 13191
38 43 7171
38 44 2706
38 45 24753
38 46 30537
38 47 43848
38 48 41381
38 49 49233
38 50 54023
38 51 60739
38 52 42180
38 53 40619
38 54 48958
38 55 54272
38 56 44499
38 57 21876
38 58 36119
38 59 20960
38 60 28971
38 61 15023
38 62 48752
38 63 60286
38 64 54922
38 65 75135
38 66 66614
38 67 45437
38 68 53363
38 69 51795
38 70 56743
38 71 75003
38 72 39155
38 73 37853
38 74 38450
38 75 40126
38 76 54564
38 77 58495
38 78 69878
38 79 62305
38 80 57354
38 81 64317
38 82 36975
38 83 27600
38 84 21754
38 85 14907
38 86 1143
38 87 20069
38 88 47791
38 89 34934
38 90 64785
38 91 14689
38 92 22642
38 93 20167
38 94 29513
38 95 25231
38 96 26816
38 97 22717
38 98 19297
38 99 24234
38 100 13515
38 101 16300
39 1 37593
39 2 21271
39 3 29110
39 4 -1885
39 5 43626
39 6 38941
39 7 48699
39 8 53381
39 9 40312
39 10 49585
39 11 59462
39 12 22117
39 13 31335
39 14 38250
39 15 23637
39 16 45841
39 17 49340
39 18 44255
39 19 55675
39 20 48300
39 21 14715
39 22 11061
39 23 -3917
39 24 13719
39 25 1887
39 26 21476
39 27 35931
39 28 30714
39 29 20752
39 30 45199
39 31 44153
39 32 50843
39 33 36341
39 34 32106
39 35 44536
39 36 68198
39 37 38975
39 38 37751
39 40 22884
39 41 9466
39 42 28943
39 43 27139
39 44 40930
39 45 51671
39 46 55696
39 47 60878
39 48 55422
39 49 64020
39 50 31962
39 51 39152
39 52 43548
39 53 29221
39 54 8950
39 55 4945
39 56 2991
39 57 21983
39 58 26461
39 59 36925
39 60 45887
39 61 44252
39 62 50861
39 63 58473
39 64 61288
39 65 48335
39 66 47604
39 67 -6664
39 68 19364
39 69 40874
39 70 46184
39 71 49395
39 72 9339
39 73 13812
39 74 10713
39 75 6764
39 76 29028
39 77 29054
39 78 36780
39 79 30954
39 80 22464
39 81 36607
39 82 50810
39 83 46713
39 84 47626
39 85 39781
39 86 44426
39 87 26207
39 88 48811
39 89 39363
39 90 59731
39 91 43025
39 92 37894
39 93 40826
39 94 36261
39 95 34645
39 96 39866
39 97 33244
39 98 40013
39 99 40806
39 100 37556
39 101 7845
40 1 20021
40 2 5210
40 3 20733
40 4 4492
40 5 20655
40 6 15395
40 7 25543
40 8 29537
40 9 30131
40 10 29382
40 11 37783
40 12 11179
40 13 8639
40 14 22361
40 15 15192
40 16 25619
40 17 26824
40 18 20429
40 19 32892
40 20 33529
40 21 4786
40 22 11739
40 23 12481
40 24 17108
40 25 17948
40 26 5116
40 27 14205
40 28 11355
40 29 19898
40 30 28199
40 31 23207
40 32 32885
40 33 25700
40 34 27867
40 35 37592
40 36 44574
40 37 18799
40 38 22618
40 39 15502
40 41 8895
40 42 13559
40 43 16863
40 44 22905
40 45 28139
40 46 31850
40 47 37313
40 48 31889
40 49 41043
40 50 17713
40 51 26060
40 52 20475
40 53 6096
40 54 9151
40 55 16630
40 56 14376
40 57 9247
40 58 2799
40 59 15147
40 60 22284
40 61 22793
40 62 29123
40 63 38490
40 64 39928
40 65 39766
40 66 34456
40 67 17038
40 68 13329
40 69 21197
40 70 27680
40 71 39554
40 72 7140
40 73 5993
40 74 10093
40 75 12362
40 76 16310
40 77 19478
40 78 30973
40 79 23430
40 80 17146
40 81 26960
40 82 27103
40 83 22994
40 84 24685
40 85 18846
40 86 24779
40 87 7541
40 88 26727
40 89 15519
40 90 40507
40 91 23194
40 92 16848
40 93 19168
40 94 13241
40 95 12678
40 96 17124
40 97 12629
40 98 19415
40 99 18452
40 100 18217
40 101 -14946
41 1 38012
41 2 7983
41 3 35895
41 4 7066
41 5 30628
41 6 28185
41 7 41828
41 8 42717
41 9 46623
41 10 47323
41 11 55094
41 12 26157
41 13 20272
41 14 20372
41 15 4997
41 16 29745
41 17 35035
41 18 35090
41 19 49361
41 20 51296
41 21 11057
41 22 171
41 23 634
41 24 26417
41 25 18873
41 26 21240
41 27 32128
41 28 29330
41 29 31827
41 30 46237
41 31 41072
41 32 50996
41 33 42058
41 34 42042
41 35 53136
41 36 59312
41 37 23737
41 38 19361
41 39 10330
41 40 17141
41 42 11625
41 43 8476
41 44 23669
41 45 39246
41 46 44712
41 47 52401
41 48 47240
41 49 57056
41 50 34937
41 51 43333
41 52 37271
41 53 23903
41 54 18314
41 55 19944
41 56 8074
41 57 5163
41 58 18601
41 59 23140
41 60 34383
41 61 29257
41 62 46532
41 63 56399
41 64 57258
41 65 56105
41 66 51990
41 67 8517
41 68 26997
41 69 39304
41 70 45789
41 71 56132
41 72 6034
41 73 7247
41 74 3888
41 75 3781
41 76 32768
41 77 34917
41 78 45615
41 79 38487
41 80 30252
41 81 43075
41 82 42061
41 83 35395
41 84 34276
41 85 24676
41 86 27665
41 87 11453
41 88 44073
41 89 30563
41 90 58554
41 91 27031
41 92 23600
41 93 26556
41 94 24711
41 95 21687
41 96 27297
41 97 19128
41 98 24963
41 99 27496
41 100 21531
41 101 2736
42 1 36719
42 2 7859
42 3 41010
42 4 20697
42 5 15285
42 6 17612
42 7 31737
42 8 28566
42 9 49192
42 10 41355
42 11 46213
42 12 31750
42 13 12957
42 14 2426
42 15 2051
42 16 11330
42 17 17642
42 18 23713
42 19 38716
42 20 50227
42 21 20187
42 22 17023
42 23 19261
42 24 37193
42 25 34226
42 26 25704
42 27 28477
42 28 29545
42 29 40487
42 30 43795
42 31 35355
42 32 46654
42 33 45139
42 34 48230
42 35 57254
42 36 45714
42 37 7127
42 38 2555
42 39 27648
42 40 19646
42 41 9466
42 43 -1885
42 44 5042
42 45 23361
42 46 29622
42 47 39579
42 48 35190
42 49 45047
42 50 36507
42 51 44210
42 52 29416
42 53 22410
42 54 28808
42 55 34065
42 56 24991
42 57 1983
42 58 17115
42 59 8490
42 60 20673
42 61 11746
42 62 38449
42 63 49689
42 64 47851
42 65 58597
42 66 51544
42 67 27003
42 68 33938
42 69 36329
42 70 42415
42 71 58315
42 72 19083
42 73 17665
42 74 18700
42 75 20739
42 76 36126
42 77 39724
42 78 51257
42 79 43665
42 80 37754
42 81 46512
42 82 29940
42 83 21284
42 84 18093
42 85 7465
42 86 8986
42 87 860
42 88 36363
42 89 21401
42 90 52998
42 91 8886
42 92 8798
42 93 10561
42 94 14232
42 95 9687
42 96 14146
42 97 6160
42 98 8333
42 99 12987
42 100 3615
42 101 -631
43 1 45396
43 2 14215
43 3 48535
43 4 24916
43 5 23320
43 6 26658
43 7 40623
43 8 36610
43 9 57420
43 10 50409
43 11 55135
43 12 38906
43 13 21726
43 14 3836
43 15 111
43 16 16606
43 17 23919
43 18 32550
43 19 47439
43 20 59006
43 21 25518
43 22 19015
43 23 19543
43 24 42984
43 25 37763
43 26 32873
43 27 37291
43 28 37784
43 29 47073
43 30 52680
43 31 44396
43 32 55684
43 33 53187
43 34 55659
43 35 65234
43 36 53657
43 37 15446
43 38 418
43 39 29727
43 40 26833
43 41 10200
43 42 1998
43 44 8168
43 45 30648
43 46 37091
43 47 47842
43 48 43715
43 49 53411
43 50 44746
43 51 52691
43 52 38471
43 53 30693
43 54 34489
43 55 38264
43 56 27312
43 57 6711
43 58 25096
43 59 17216
43 60 29161
43 61 18482
43 62 47458
43 63 58731
43 64 56662
43 65 66952
43 66 60293
43 67 27482
43 68 40905
43 69 45167
43 70 51353
43 71 66670
43 72 23033
43 73 22288
43 74 21757
43 75 22922
43 76 43947
43 77 47274
43 78 58776
43 79 51229
43 80 44527
43 81 54518
43 82 38522
43 83 29529
43 84 25534
43 85 14907
43 86 12312
43 87 9460
43 88 45405
43 89 30454
43 90 62052
43 91 15373
43 92 17626
43 93 18732
43 94 23286
43 95 18740
43 96 23034
43 97 15216
43 98 16476
43 99 21622
43 100 10941
43 101 8050
44 1 42098
44 2 19963
44 3 49557
44 4 33088
44 5 11652
44 6 20844
44 7 30635
44 8 23568
44 9 55707
44 10 42750
44 11 44850
44 12 41331
44 13 20593
44 14 -1137
44 15 13855
44 16 1288
44 17 8557
44 18 22943
44 19 36054
44 20 54512
44 21 32240
44 22 30162
44 23 32392
44 24 48122
44 25 46785
44 26 35622
44 27 33778
44 28 37115
44 29 50429
44 30 47577
44 31 37689
44 32 48610
44 33 52372
44 34 56617
44 35 64286
44 36 39784
44 37 9000
44 38 -6876
44 39 40689
44 40 30046
44 41 22564
44 42 6096
44 43 5339
44 45 16253
44 46 22603
44 47 34867
44 48 31758
44 49 40456
44 50 43462
44 51 49993
44 52 31392
44 53 30452
44 54 40071
44 55 46316
44 56 38039
44 57 15078
44 58 26407
44 59 10263
44 60 18467
44 61 4825
44 62 38329
44 63 49890
44 64 45358
44 65 64360
44 66 55798
44 67 40156
44 68 43547
44 69 41005
44 70 45931
44 71 64252
44 72 31794
44 73 30185
44 74 31691
44 75 33837
44 76 44277
44 77 48313
44 78 59569
44 79 52030
44 80 47683
44 81 53774
44 82 27043
44 83 17553
44 84 12071
44 85 4093
44 86 -3833
44 87 11113
44 88 37166
44 89 24121
44 90 54202
44 91 3887
44 92 12201
44 93 9352
44 94 18948
44 95 14850
44 96 16042
44 97 12757
44 98 8667
44 99 13427
44 100 3192
44 101 5764
45 1 32688
45 2 31581
45 3 45230
45 4 40883
45 5 7202
45 6 20200
45 7 11966
45 8 954
45 9 45764
45 10 25539
45 11 23476
45 12 41139
45 13 25934
45 14 22617
45 15 33635
45 16 13644
45 17 -469
45 18 9571
45 19 13650
45 20 40652
45 21 40668
45 22 43938
45 23 46557
45 24 49258
45 25 54138
45 26 37857
45 27 27463
45 28 34327
45 29 48625
45 30 33696
45 31 23400
45 32 31052
45 33 44774
45 34 50216
45 35 54522
45 36 15273
45 37 20987
45 38 15322
45 39 51581
45 40 35431
45 41 38292
45 42 24566
45 43 27970
45 44 16404
45 46 -1798
45 47 10871
45 48 9357
45 49 16225
45 50 36602
45 51 39279
45 52 19858
45 53 31168
45 54 43475
45 55 52484
45 56 49703
45 57 30753
45 58 30987
45 59 16639
45 60 9291
45 61 10007
45 62 19356
45 63 30053
45 64 22256
45 65 51546
45 66 41064
45 67 52791
45 68 42079
45 69 31273
45 70 32382
45 71 52484
45 72 42268
45 73 40466
45 74 43847
45 75 46493
45 76 40261
45 77 44539
45 78 53522
45 79 46800
45 80 47156
45 81 45856
45 82 6529
45 83 2420
45 84 3673
45 85 13527
45 86 8205
45 87 23381
45 88 20726
45 89 18538
45 90 35842
45 91 18508
45 92 21227
45 93 15584
45 94 21924
45 95 21246
45 96 18429
45 97 22600
45 98 19438
45 99 16866
45 100 18454
45 101 3029
46 1 35013
46 2 41053
46 3 48818
46 4 48623
46 5 17364
46 6 28790
46 7 11638
46 8 3985
46 9 46394
46 10 23444
46 11 17821
46 12 46766
46 13 34874
46 14 33368
46 15 44144
46 16 24325
46 17 9717
46 18 15127
46 19 7572
46 20 39457
46 21 49028
46 22 53313
46 23 55731
46 24 54509
46 25 61395
46 26 44660
46 27 32350
46 28 39835
46 29 52777
46 30 33049
46 31 24022
46 32 27717
46 33 46890
46 34 52204
46 35 54776
46 36 4912
46 37 31470
46 38 25412
46 39 59912
46 40 43448
46 41 48064
46 42 35133
46 43 38719
46 44 27060
46 45 2508
46 47 2760
46 48 5410
46 49 6621
46 50 39637
46 51 39907
46 52 23766
46 53 38298
46 54 49876
46 55 59467
46 56 58417
46 57 40844
46 58 39173
46 59 26731
46 60 18104
46 61 20775
46 62 16615
46 63 25260
46 64 14011
46 65 49945
46 66 38855
46 67 61373
46 68 46814
46 69 34007
46 70 32438
46 71 51838
46 72 50956
46 73 49251
46 74 52900
46 75 55535
46 76 44456
46 77 48519
46 78 55903
46 79 49829
46 80 52255
46 81 47649
46 82 6839
46 83 10637
46 84 14306
46 85 24189
46 86 18172
46 87 33348
46 88 20644
46 89 25609
46 90 32224
46 91 29264
46 92 31402
46 93 25989
46 94 30989
46 95 30887
46 96 28013
46 97 32573
46 98 29943
46 99 26852
46 100 29130
46 101 9342
47 1 29734
47 2 43210
47 3 44003
47 4 47884
47 5 22086
47 6 30648
47 7 6943
47 8 7704
47 9 39222
47 10 15342
47 11 8062
47 12 43994
47 13 36652
47 14 39736
47 15 48374
47 16 31261
47 17 17642
47 18 15429
47 19 -2058
47 20 31297
47 21 49339
47 22 54962
47 23 56835
47 24 50927
47 25 59870
47 26 43267
47 27 29779
47 28 37392
47 29 48210
47 30 25448
47 31 18092
47 32 18569
47 33 40910
47 34 45825
47 35 47182
47 36 123
47 37 36130
47 38 33395
47 39 59766
47 40 43583
47 41 50425
47 42 39762
47 43 44142
47 44 33996
47 45 9849
47 46 -2568
47 48 108
47 49 -1609
47 50 34651
47 51 32904
47 52 21293
47 53 37676
47 54 47633
47 55 57683
47 56 58927
47 57 44103
47 58 39713
47 59 30661
47 60 21356
47 61 27024
47 62 8574
47 63 15632
47 64 4367
47 65 41244
47 66 30005
47 67 61424
47 68 42991
47 69 29357
47 70 25535
47 71 43763
47 72 51604
47 73 50124
47 74 54062
47 75 56596
47 76 40399
47 77 44114
47 78 49919
47 79 44478
47 80 48770
47 81 41353
47 82 5203
47 83 14283
47 84 20250
47 85 29587
47 86 26315
47 87 36591
47 88 14752
47 89 25973
47 90 23049
47 91 35140
47 92 35370
47 93 30671
47 94 33231
47 95 33880
47 96 31215
47 97 36015
47 98 34725
47 99 30738
47 100 34424
47 101 8079
48 1 24160
48 2 37116
48 3 38312
48 4 41483
48 5 17251
48 6 24644
48 7 807
48 8 4038
48 9 34807
48 10 11769
48 11 7827
48 12 37756
48 13 30545
48 14 35254
48 15 42811
48 16 27345
48 17 14878
48 18 9321
48 19 -1874
48 20 27758
48 21 42970
48 22 48730
48 23 50513
48 24 44890
48 25 53510
48 26 36878
48 27 23454
48 28 31078
48 29 42458
48 30 21359
48 31 12747
48 32 16405
48 33 35733
48 34 40902
48 35 43113
48 36 6513
48 37 30940
48 38 29983
48 39 53365
48 40 37214
48 41 44319
48 42 34428
48 43 39070
48 44 29942
48 45 7390
48 46 -863
48 47 -837
48 49 3689
48 50 28992
48 51 28352
48 52 14914
48 53 31278
48 54 41336
48 55 51344
48 56 52560
48 57 38266
48 58 33389
48 59 25241
48 60 16025
48 61 22793
48 62 4979
48 63 14633
48 64 7311
48 65 38313
48 66 27297
48 67 55026
48 68 36991
48 69 23508
48 70 20866
48 71 40134
48 72 45256
48 73 43804
48 74 47765
48 75 50281
48 76 34438
48 77 38274
48 78 44768
48 79 39010
48 80 42687
48 81 36358
48 82 -814
48 83 9391
48 84 16166
48 85 24809
48 86 23276
48 87 30811
48 88 9313
48 89 19715
48 90 20985
48 91 30545
48 92 29921
48 93 25588
48 94 27277
48 95 28108
48 96 25584
48 97 30347
48 98 29612
48 99 25353
48 100 29496
48 101 1677
49 1 35825
49 2 54445
49 3 49862
49 4 57274
49 5 34211
49 6 42069
49 7 16331
49 8 19869
49 9 41701
49 10 18279
49 11 7380
49 12 52037
49 13 47883
49 14 51900
49 15 60248
49 16 43371
49 17 29482
49 18 26734
49 19 1922
49 20 32333
49 21 59562
49 22 65821
49 23 67293
49 24 57784
49 25 68512
49 26 52497
49 27 38705
49 28 46068
49 29 54048
49 30 28127
49 31 24429
49 32 17619
49 33 45382
49 34 49231
49 35 48530
49 36 1856
49 37 48183
49 38 45315
49 39 69443
49 40 53848
49 41 61615
49 42 51765
49 43 56246
49 44 46120
49 45 21738
49 46 7828
49 47 4926
49 48 11169
49 50 40691
49 51 36002
49 52 30921
49 53 47658
49 54 55890
49 55 66165
49 56 69101
49 57 55724
49 58 50290
49 59 42608
49 60 33321
49 61 39182
49 62 13040
49 63 13634
49 64 -5041
49 65 40023
49 66 28910
49 67 71130
49 68 49870
49 69 36436
49 70 29777
49 71 44315
49 72 61957
49 73 60649
49 74 64684
49 75 67119
49 76 47324
49 77 50509
49 78 54048
49 79 49610
49 80 55976
49 81 45271
49 82 16648
49 83 26374
49 84 32407
49 85 41733
49 86 38145
49 87 48275
49 88 21925
49 89 36902
49 90 22574
49 91 47304
49 92 47303
49 93 42752
49 94 44717
49 95 45572
49 96 43024
49 97 47800
49 98 46802
49 99 42699
49 100 46550
49 101 17806
50 1 2325
50 2 28087
50 3 3979
50 4 16841
50 5 31395
50 6 27387
50 7 20693
50 8 31767
50 9 7316
50 10 14382
50 11 25512
50 12 9406
50 13 26442
50 14 42124
50 15 38141
50 16 41009
50 17 36779
50 18 23322
50 19 24420
50 20 11329
50 21 24789
50 22 32982
50 23 30236
50 24 11815
50 25 24903
50 26 15162
50 27 12286
50 28 10975
50 29 8207
50 30 7964
50 31 11510
50 32 13662
50 33 3543
50 34 8514
50 35 15534
50 36 39752
50 37 36367
50 38 41704
50 39 28984
50 40 22117
50 41 31095
50 42 34824
50 43 39180
50 44 40725
50 45 33714
50 46 32443
50 47 32785
50 48 28071
50 49 32290
50 51 3035
50 52 18667
50 53 18256
50 54 12278
50 55 22387
50 56 31502
50 57 32062
50 58 22383
50 59 30834
50 60 30282
50 61 36656
50 62 17944
50 63 22342
50 64 26094
50 65 16845
50 66 11697
50 67 29956
50 68 4111
50 69 8993
50 70 9989
50 71 16574
50 72 26738
50 73 27199
50 74 30692
50 75 31775
50 76 2460
50 77 4485
50 78 11634
50 79 4879
50 80 10600
50 81 4940
50 82 25801
50 83 28840
50 84 34466
50 85 34484
50 86 39970
50 87 28319
50 88 17900
50 89 22501
50 90 23166
50 91 40005
50 92 33955
50 93 34159
50 94 28099
50 95 29473
50 96 31029
50 97 31164
50 98 36247
50 99 32632
50 100 36142
50 101 -9155
51 1 8042
51 2 39100
51 3 10051
51 4 27152
51 5 39205
51 6 36462
51 7 23610
51 8 36336
51 9 -1623
51 10 12086
51 11 22895
51 12 20059
51 13 36718
51 14 52028
51 15 49134
51 16 49657
51 17 43623
51 18 29561
51 19 23939
51 20 1280
51 21 35925
51 22 44094
51 23 40820
51 24 18200
51 25 33684
51 26 26329
51 27 21198
51 28 21785
51 29 12419
51 30 2419
51 31 13721
51 32 6406
51 33 2944
51 34 5095
51 35 7103
51 36 39955
51 37 45985
51 38 51191
51 39 38945
51 40 33235
51 41 42262
51 42 45298
51 43 49896
51 44 50027
51 45 39162
51 46 35484
51 47 33809
51 48 30202
51 49 30372
51 50 5806
51 52 24898
51 53 28935
51 54 21770
51 55 31239
51 56 42165
51 57 43024
51 58 33216
51 59 40166
51 60 37586
51 61 45024
51 62 17449
51 63 17207
51 64 21180
51 65 6326
51 66 620
51 67 39410
51 68 12317
51 69 15272
51 70 8701
51 71 6121
51 72 37786
51 73 38353
51 74 41777
51 75 42719
51 76 13075
51 77 12798
51 78 10184
51 79 7635
51 80 19282
51 81 1521
51 82 29536
51 83 35175
51 84 41686
51 85 43495
51 86 48313
51 87 38826
51 88 20083
51 89 30841
51 90 17679
51 91 49224
51 92 43600
51 93 43156
51 94 37700
51 95 39262
51 96 40123
51 97 41207
51 98 45671
51 99 41613
51 100 45736
51 101 800
52 1 11232
52 2 22979
52 3 23804
52 4 24916
52 5 12852
52 6 12737
52 7 3426
52 8 11551
52 9 24809
52 10 10244
52 11 16149
52 12 21389
52 13 16887
52 14 28320
52 15 30949
52 16 23806
52 17 17023
52 18 3045
52 19 10689
52 20 21643
52 21 26921
52 22 33518
52 23 34683
52 24 29015
52 25 36871
52 26 20249
52 27 6938
52 28 14545
52 29 27501
52 30 14600
52 31 4596
52 32 15805
52 33 23247
52 34 28666
52 35 33641
52 36 23144
52 37 22225
52 38 26216
52 39 36925
52 40 21234
52 41 29784
52 42 24088
52 43 29260
52 44 25010
52 45 13325
52 46 12927
52 47 15782
52 48 10348
52 49 18875
52 50 15022
52 51 18482
52 53 15008
52 54 24793
52 55 34726
52 56 36451
52 57 25384
52 58 17911
52 59 16046
52 60 11040
52 61 18982
52 62 7746
52 63 18610
52 64 18287
52 65 32099
52 66 22822
52 67 38609
52 68 21344
52 69 9763
52 70 12936
52 71 32366
52 72 29339
52 73 28113
52 74 32188
52 75 34552
52 76 19098
52 77 23274
52 78 31939
52 79 25243
52 80 26760
52 81 24393
52 82 6450
52 83 8676
52 84 15071
52 85 18366
52 86 22076
52 87 18669
52 88 5368
52 89 6376
52 90 21885
52 91 24317
52 92 20187
52 93 18169
52 94 15130
52 95 16750
52 96 15776
52 97 19196
52 98 21446
52 99 16812
52 100 21701
52 101 -14812
53 1 14439
53 2 9918
53 3 18537
53 4 9776
53 5 17183
53 6 11626
53 7 19022
53 8 24098
53 9 26184
53 10 22814
53 11 31075
53 12 10638
53 13 7859
53 14 23620
53 15 19757
53 16 24360
53 17 23485
53 18 14664
53 19 26281
53 20 28146
53 21 11316
53 22 18400
53 23 19104
53 24 18466
53 25 22536
53 26 6107
53 27 7614
53 28 6524
53 29 19642
53 30 22354
53 31 16587
53 32 26655
53 33 22134
53 34 25694
53 35 34253
53 36 38365
53 37 18431
53 38 23538
53 39 21481
53 40 5738
53 41 15299
53 42 15965
53 43 20365
53 44 22953
53 45 23518
53 46 26342
53 47 31048
53 48 25595
53 49 34495
53 50 13494
53 51 21402
53 52 13891
53 54 11787
53 55 20746
53 56 20830
53 57 13630
53 58 3775
53 59 13585
53 60 17810
53 61 20737
53 62 22416
53 63 31904
53 64 33221
53 65 35659
53 66 29301
53 67 23136
53 68 12685
53 69 14993
53 70 21535
53 71 35374
53 72 13766
53 73 12701
53 74 16802
53 75 19043
53 76 13354
53 77 17274
53 78 28658
53 79 21078
53 80 17071
53 81 23516
53 82 21004
53 83 18128
53 84 21071
53 85 17506
53 86 23573
53 87 9460
53 88 20020
53 89 10019
53 90 34051
53 91 22544
53 92 16093
53 93 17393
53 94 10804
53 95 11537
53 96 14537
53 97 12725
53 98 18628
53 99 16147
53 100 18152
53 101 -21654
54 1 21612
54 2 20836
54 3 11858
54 4 -2099
54 5 37172
54 6 31600
54 7 36071
54 8 43592
54 9 23116
54 10 34091
54 11 44686
54 12 6257
54 13 25934
54 14 39304
54 15 28956
54 16 43059
54 17 43479
54 18 34030
54 19 42082
54 20 31165
54 21 12715
54 22 18400
54 23 11564
54 24 182
54 25 4495
54 26 10087
54 27 22991
54 28 17202
54 29 5252
54 30 28554
54 31 29460
54 32 34253
54 33 19078
54 34 16019
54 35 27948
54 36 56047
54 37 36262
54 38 39578
54 39 8911
54 40 16494
54 41 17411
54 42 30064
54 43 31862
54 44 40273
54 45 43526
54 46 45621
54 47 48706
54 48 43354
54 49 50428
54 50 15217
54 51 21938
54 52 31377
54 53 19488
54 55 2028
54 56 13455
54 57 24215
54 58 19889
54 59 32467
54 60 37897
54 61 40052
54 62 36381
54 63 42610
54 64 46012
54 65 31564
54 66 30341
54 67 9437
54 68 2119
54 69 25900
54 70 30136
54 71 32315
54 72 12139
54 73 14741
54 74 16093
54 75 15417
54 76 12339
54 77 11834
54 78 20113
54 79 13829
54 80 5208
54 81 19390
54 82 39496
54 83 38096
54 84 41114
54 85 36252
54 86 42234
54 87 24665
54 88 34914
54 89 29889
54 90 43597
54 91 40658
54 92 34293
54 93 36464
54 94 30163
54 95 30033
54 96 34070
54 97 30090
54 98 36870
54 99 35548
54 100 35652
54 101 -3322
55 1 30059
55 2 24412
55 3 19142
55 4 -2775
55 5 43668
55 6 38223
55 7 44301
55 8 51199
55 9 29907
55 10 42559
55 11 53170
55 12 14729
55 13 31700
55 14 42935
55 15 30421
55 16 48290
55 17 49890
55 18 41668
55 19 50485
55 20 38913
55 21 15963
55 22 18132
55 23 7179
55 24 2348
55 25 -3941
55 26 17358
55 27 31151
55 28 25390
55 29 9513
55 30 36765
55 31 37933
55 32 42454
55 33 26409
55 34 20878
55 35 33451
55 36 64256
55 37 41288
55 38 43036
55 39 3050
55 40 22117
55 41 17185
55 42 33465
55 43 33781
55 44 44662
55 45 50679
55 46 53356
55 47 56900
55 48 51506
55 49 58847
55 50 23470
55 51 29551
55 52 39454
55 53 26591
55 54 172
55 56 10857
55 57 26877
55 58 25842
55 59 38133
55 60 44883
55 61 45785
55 62 44851
55 63 51022
55 64 54481
55 65 37313
55 66 37543
55 67 1876
55 68 9533
55 69 34377
55 70 38547
55 71 38713
55 72 13202
55 73 16974
55 74 16400
55 75 14158
55 76 20676
55 77 19635
55 78 25837
55 79 20539
55 80 12798
55 81 26326
55 82 47467
55 83 45319
55 84 47683
55 85 41670
55 86 47316
55 87 29004
55 88 43324
55 89 37211
55 90 51960
55 91 45650
55 92 39612
55 93 42156
55 94 36315
55 95 35658
55 96 40208
55 97 35158
55 98 42082
55 99 41532
55 100 40407
55 101 4337
56 1 34897
56 2 14458
56 3 28794
56 4 -3073
56 5 37208
56 6 32871
56 7 43856
56 8 47560
56 9 40094
56 10 46207
56 11 55496
56 12 20232
56 13 25059
56 14 31259
56 15 16873
56 16 38943
56 17 42733
56 18 38707
56 19 51101
56 20 46818
56 21 9029
56 22 4174
56 23 -5239
56 24 16124
56 25 6875
56 26 17743
56 27 31681
56 28 27044
56 29 22440
56 30 42928
56 31 40398
56 32 48377
56 33 35733
56 34 33459
56 35 45386
56 36 62948
56 37 32139
56 38 30815
56 39 -1352
56 40 17415
56 41 2867
56 42 21943
56 43 20381
56 44 33937
56 45 45450
56 46 49858
56 47 55696
56 48 50274
56 49 59335
56 50 30137
56 51 38029
56 52 38731
56 53 24227
56 54 9151
56 55 8409
56 57 14983
56 58 20699
56 59 30297
56 60 39776
56 61 37495
56 62 46827
56 63 55260
56 64 57524
56 65 48924
56 66 46751
56 67 -911
56 68 19235
56 69 37477
56 70 43354
56 71 49458
56 72 2949
56 73 7345
56 74 3748
56 75 -158
56 76 27340
56 77 28274
56 78 37560
56 79 31051
56 80 22325
56 81 36358
56 82 45463
56 83 40683
56 84 41169
56 85 32987
56 86 37471
56 87 19359
56 88 44573
56 89 33782
56 90 56791
56 91 36123
56 92 31173
56 93 34145
56 94 29986
56 95 28108
56 96 33451
56 97 26516
56 98 33208
56 99 34274
56 100 30641
56 101 3080
57 1 34079
57 2 1607
57 3 35957
57 4 13033
57 5 19919
57 6 18897
57 7 33377
57 8 32564
57 9 45278
57 10 41023
57 11 47404
57 12 26243
57 13 11792
57 14 10323
57 15 111
57 16 18614
57 17 23919
57 18 25892
57 19 40802
57 20 47789
57 21 12979
57 22 9081
57 23 11523
57 24 30406
57 25 26409
57 26 20249
57 27 26554
57 28 25884
57 29 34350
57 30 41861
57 31 34759
57 32 45681
57 33 40910
57 34 43019
57 35 52851
57 36 49516
57 37 12605
57 38 10200
57 39 19648
57 40 14294
57 41 1964
57 42 943
57 43 1788
57 44 12984
57 45 28508
57 46 34293
57 47 42880
57 48 37988
57 49 47966
57 50 32705
57 51 40896
57 52 29672
57 53 19035
57 54 21919
57 55 26437
57 56 16991
57 58 13236
57 59 12400
57 60 24213
57 61 18099
57 62 39139
57 63 49829
57 64 49417
57 65 54893
57 66 48945
57 67 19130
57 68 28194
57 69 34348
57 70 40818
57 71 54642
57 72 11262
57 73 10049
57 74 10713
57 75 12748
57 76 31557
57 77 34717
57 78 46174
57 79 38658
57 80 31801
57 81 42195
57 82 32711
57 83 25164
57 84 23391
57 85 13527
57 86 16741
57 87 860
57 88 36760
57 89 22084
57 90 52563
57 91 15869
57 92 12742
57 93 15584
57 94 15254
57 95 11537
57 96 17041
57 97 8507
57 98 13848
57 99 16866
57 100 10362
57 101 -2931
58 1 19537
58 2 4831
58 3 22603
58 4 8606
58 5 16538
58 6 11289
58 7 22371
58 8 25615
58 9 31001
58 10 27506
58 11 35216
58 12 13680
58 13 4722
58 14 19607
58 15 14671
58 16 21888
58 17 22726
58 18 16689
58 19 29842
58 20 33243
58 21 8532
58 22 14286
58 23 15801
58 24 20546
58 25 22067
58 26 7894
58 27 12430
58 28 11396
58 29 22736
58 30 27433
58 31 21223
58 32 31614
58 33 26797
58 34 29828
58 35 38885
58 36 40995
58 37 15271
58 38 19750
58 39 19433
58 40 3153
58 41 10709
58 42 11382
58 43 15480
58 44 19620
58 45 24049
58 46 27929
58 47 33797
58 48 28418
58 49 37839
58 50 18333
58 51 26395
58 52 17506
58 53 4487
58 54 12900
58 55 20709
58 56 18014
58 57 8543
58 59 11254
58 60 18202
58 61 18858
58 62 26625
58 63 36542
58 64 37385
58 65 40549
58 66 34385
58 67 20880
58 68 15923
58 69 20017
58 70 26552
58 71 40272
58 72 10604
58 73 9091
58 74 13078
58 75 15568
58 76 17691
58 77 21316
58 78 32837
58 79 25243
58 80 19971
58 81 28148
58 82 23499
58 83 18955
58 84 20566
58 85 15055
58 86 21090
58 87 4963
58 88 24170
58 89 11768
58 90 38858
58 91 19620
58 92 13160
58 93 15256
58 94 9149
58 95 8825
58 96 13049
58 97 9188
58 98 15757
58 99 14427
58 100 14828
58 101 -17071
59 1 28016
59 2 11428
59 3 35695
59 4 22915
59 5 3645
59 6 6795
59 7 19546
59 8 16505
59 9 41570
59 10 30089
59 11 34074
59 12 28053
59 13 7694
59 14 8438
59 15 13855
59 16 6910
59 17 8557
59 18 11460
59 19 26377
59 20 40726
59 21 22046
59 22 23713
59 23 26430
59 24 35536
59 25 36634
59 26 22784
59 27 19654
59 28 23167
59 29 37102
59 30 33905
59 31 24479
59 32 35729
59 33 38254
59 34 42640
59 35 50145
59 36 33618
59 37 2306
59 38 7146
59 39 32452
59 40 18056
59 41 17803
59 42 5312
59 43 10155
59 44 6031
59 45 12256
59 46 18042
59 47 27300
59 48 22825
59 49 32712
59 50 29339
59 51 35900
59 52 18196
59 53 16852
59 54 28033
59 55 35555
59 56 30167
59 57 10262
59 58 13809
59 60 8356
59 61 3775
59 62 26581
59 63 38008
59 64 35570
59 65 50311
59 66 42056
59 67 33206
59 68 30148
59 69 27011
59 70 32312
59 71 50166
59 72 22941
59 73 21091
59 74 23990
59 75 26590
59 76 30362
59 77 34490
59 78 45594
59 79 38096
59 80 34482
59 81 39653
59 82 17571
59 83 9123
59 84 7278
59 85 44
59 86 6133
59 87 2869
59 88 24756
59 89 10397
59 90 41701
59 91 5294
59 92 836
59 93 145
59 94 4930
59 95 1645
59 96 2175
59 97 2105
59 98 1643
59 99 663
59 100 1838
59 101 -8322
60 1 24302
60 2 20535
60 3 35293
60 4 29178
60 5 -368
60 6 8528
60 7 9806
60 8 5953
60 9 38095
60 10 22050
60 11 24207
60 12 30052
60 13 14450
60 14 17289
60 15 24611
60 16 10857
60 17 4118
60 18 2137
60 19 15957
60 20 34991
60 21 29020
60 22 32806
60 23 35283
60 24 38192
60 25 42453
60 26 26329
60 27 17368
60 28 23500
60 29 38163
60 30 27912
60 31 17551
60 32 27959
60 33 35982
60 34 41209
60 35 46922
60 36 22929
60 37 12501
60 38 13692
60 39 39949
60 40 23728
60 41 27581
60 42 16030
60 43 20635
60 44 12770
60 45 3443
60 46 7950
60 47 16530
60 48 12144
60 49 21960
60 50 27322
60 51 31855
60 52 11725
60 53 19612
60 54 31998
60 55 40840
60 56 38181
60 57 20610
60 58 19292
60 59 6891
60 61 5955
60 62 17449
60 63 29011
60 64 25277
60 65 45545
60 66 36068
60 67 41238
60 68 31388
60 69 22847
60 70 26267
60 71 45813
60 72 30724
60 73 28955
60 74 32482
60 75 35127
60 76 30060
60 77 34382
60 78 44307
60 79 37208
60 80 36261
60 81 37252
60 82 6954
60 83 -1399
60 84 1779
60 85 6701
60 86 8721
60 87 13065
60 88 16438
60 89 7369
60 90 33401
60 91 12617
60 92 11600
60 93 7195
60 94 10501
60 95 10451
60 96 7615
60 97 12369
60 98 11190
60 99 6971
60 100 11161
60 101 -8098
61 1 34288
61 2 19818
61 3 43587
61 4 31867
61 5 1868
61 6 13902
61 7 20730
61 8 13656
61 9 48132
61 10 33230
61 11 34835
61 12 36597
61 13 16667
61 14 7524
61 15 19004
61 16 -323
61 17 689
61 18 13318
61 19 26005
61 20 45849
61 21 30957
61 22 31775
61 23 34492
61 24 44311
61 25 45604
61 26 31586
61 27 26412
61 28 31093
61 29 45514
61 30 38806
61 31 28585
61 32 39139
61 33 45382
61 34 50216
61 35 56888
61 36 30275
61 37 7127
61 38 2555
61 39 41125
61 40 27048
61 41 25266
61 42 9914
61 43 12767
61 44 1939
61 45 6970
61 46 13432
61 47 25009
61 48 21723
61 49 30632
61 50 36507
61 51 42104
61 52 22478
61 53 25350
61 54 36964
61 55 44553
61 56 38711
61 57 17307
61 58 22759
61 59 5121
61 60 8766
61 62 28505
61 63 40044
61 64 35316
61 65 56167
61 66 47020
61 67 41626
61 68 38556
61 69 32964
61 70 37143
61 71 56251
61 72 31641
61 73 29806
61 74 32412
61 75 34936
61 76 38221
61 77 42462
61 78 53204
61 79 45829
61 80 43026
61 81 46741
61 82 16996
61 83 7511
61 84 2142
61 85 -869
61 86 -1895
61 87 10737
61 88 27618
61 89 16118
61 90 44565
61 91 3315
61 92 8798
61 93 3145
61 94 13417
61 95 10645
61 96 9453
61 97 10447
61 98 5653
61 99 6673
61 100 3615
61 101 -631
62 1 15235
62 2 38226
62 3 29348
62 4 37722
62 5 24571
62 6 27602
62 7 2471
62 8 15069
62 9 23116
62 10 -694
62 11 1124
62 12 31750
62 13 32180
62 14 42042
62 15 46170
62 16 35702
62 17 25307
62 18 13868
62 19 -900
62 20 15354
62 21 41132
62 22 48321
62 23 48881
62 24 37193
62 25 48355
62 26 33045
62 27 19489
62 28 26332
62 29 33568
62 30 9324
62 31 3967
62 32 4158
62 33 25347
62 34 29926
62 35 31074
62 36 15003
62 37 36393
62 38 38610
62 39 50060
62 40 35704
62 41 44867
62 42 38943
62 43 44069
62 44 37769
62 45 18645
62 46 11598
62 47 8885
62 48 6235
62 49 6816
62 50 20121
62 51 16855
62 52 13568
62 53 29355
62 54 35619
62 55 45945
62 56 50369
62 57 40673
62 58 32852
62 59 30253
62 60 22586
62 61 30831
62 63 4012
62 64 3255
62 65 25789
62 66 14775
62 67 51687
62 68 29285
62 69 16022
62 70 9688
62 71 27797
62 72 43623
62 73 42667
62 74 46767
62 75 48954
62 76 26757
62 77 29924
62 78 34251
62 79 29311
62 80 35421
62 81 25567
62 82 8014
62 83 17617
62 84 25038
62 85 31537
62 86 32826
62 87 33849
62 88 2638
62 89 21401
62 90 8956
62 91 37509
62 92 34656
62 93 31670
62 94 30163
62 95 31660
62 96 30077
62 97 34119
62 98 35373
62 99 30676
62 100 35577
62 101 -631
63 1 20413
63 2 48388
63 3 32611
63 4 45117
63 5 35964
63 6 38635
63 7 13775
63 8 25615
63 9 21463
63 10 2468
63 11 1124
63 12 38086
63 13 42741
63 14 53414
63 15 56901
63 16 47070
63 17 36246
63 18 25262
63 19 4880
63 20 11657
63 21 49917
63 22 57613
63 23 57338
63 24 41172
63 25 54461
63 26 40998
63 27 28477
63 28 34241
63 29 36291
63 30 9010
63 31 12211
63 32 -3398
63 33 26797
63 34 29313
63 35 27673
63 36 19483
63 37 47680
63 38 49983
63 39 57511
63 40 44910
63 41 54573
63 42 50022
63 43 55181
63 44 49169
63 45 29181
63 46 20082
63 47 15782
63 48 15728
63 49 7249
63 50 24358
63 51 16452
63 52 24271
63 53 38682
63 54 41687
63 55 51955
63 56 58641
63 57 51202
63 58 42608
63 59 41519
63 60 33987
63 61 42209
63 62 3851
63 64 -3347
63 65 19207
63 66 7981
63 67 58909
63 68 33794
63 69 23159
63 70 12936
63 71 23332
63 72 52386
63 73 51757
63 74 55812
63 75 57751
63 76 31903
63 77 34044
63 78 34781
63 79 31449
63 80 40332
63 81 26075
63 82 18861
63 83 28898
63 84 36302
63 85 42929
63 86 44051
63 87 44659
63 88 13342
63 89 32329
63 90 2026
63 91 48904
63 92 45865
63 93 43036
63 94 41111
63 95 42689
63 96 41310
63 97 45147
63 98 46699
63 99 41993
63 100 46918
63 101 8802
64 1 34210
64 2 59022
64 3 46958
64 4 58316
64 5 42160
64 6 47636
64 7 20986
64 8 28917
64 9 35515
64 10 15653
64 11 6062
64 12 51709
64 13 52759
64 14 60206
64 15 66377
64 16 52424
64 17 39521
64 18 32765
64 19 6880
64 20 25529
64 21 62128
64 22 69338
64 23 69846
64 24 55481
64 25 68275
64 26 53803
64 27 40453
64 28 47020
64 29 50703
64 30 23431
64 31 24429
64 32 10143
64 33 41219
64 34 43442
64 35 40928
64 36 14313
64 37 55402
64 38 54998
64 39 70705
64 40 56727
64 41 65811
64 42 58563
64 43 63491
64 44 55016
64 45 31763
64 46 19212
64 47 14896
64 48 18785
64 49 -1047
64 50 38489
64 51 30804
64 52 34327
64 53 50378
64 54 55468
64 55 65793
64 56 71284
64 57 61169
64 58 53830
64 59 49460
64 60 40632
64 61 47860
64 62 13473
64 63 7032
64 65 30304
64 66 19854
64 67 72251
64 68 47971
64 69 36195
64 70 26949
64 71 36268
64 72 64622
64 73 63690
64 74 67790
64 75 69962
64 76 45870
64 77 48264
64 78 49123
64 79 45868
64 80 54426
64 81 40451
64 82 23801
64 83 34370
64 84 41245
64 85 49668
64 86 48122
64 87 54064
64 88 23626
64 89 41731
64 90 16422
64 91 55484
64 92 54044
64 93 50230
64 94 50295
64 95 51580
64 96 49501
64 97 53991
64 98 54180
64 99 49672
64 100 54206
64 101 20393
65 1 31000
65 2 61571
65 3 28490
65 4 46109
65 5 61628
65 6 59400
65 7 43457
65 8 56680
65 9 10437
65 10 29216
65 11 36743
65 12 40718
65 13 59696
65 14 75047
65 15 71622
65 16 72361
65 17 65347
65 18 51402
65 19 39860
65 20 14027
65 21 57196
65 22 65051
65 23 59820
65 24 32289
65 25 49532
65 26 48025
65 27 44198
65 28 44490
65 29 25544
65 30 21002
65 31 34572
65 32 16762
65 33 22304
65 34 11020
65 35 3493
65 36 55274
65 37 68986
65 38 74138
65 39 56679
65 40 55492
65 41 63585
65 42 68236
65 43 72708
65 44 72945
65 45 59980
65 46 54073
65 47 50700
65 48 48714
65 49 42944
65 50 28167
65 51 14877
65 52 47066
65 53 51743
65 54 39947
65 55 47552
65 56 61611
65 57 65572
65 58 55921
65 59 63128
65 60 59827
65 61 67638
65 62 34934
65 63 28513
65 64 29231
65 66 -779
65 67 55610
65 68 30540
65 69 38044
65 70 29185
65 71 3611
65 72 58555
65 73 59691
65 74 62647
65 75 62987
65 76 34411
65 77 32445
65 78 21788
65 79 24257
65 80 37593
65 81 18352
65 82 49559
65 83 56840
65 84 63751
65 85 66360
65 86 70840
65 87 61745
65 88 40142
65 89 53631
65 90 30127
65 91 72137
65 92 66607
65 93 66029
65 94 60711
65 95 62282
65 96 63044
65 97 64224
65 98 68642
65 99 64495
65 100 68730
65 101 23804
66 1 21298
66 2 53499
66 3 24369
66 4 42020
66 5 49978
66 6 48828
66 7 30541
66 8 43755
66 9 6370
66 10 16003
66 11 23145
66 12 35050
66 13 50263
66 14 64795
66 15 63436
66 16 61008
66 17 52991
66 18 39361
66 19 26281
66 20 2162
66 21 50866
66 22 59055
66 23 55745
66 24 31413
66 25 47815
66 26 41231
66 27 34241
66 28 36191
66 29 24925
66 30 9010
66 31 22406
66 32 3162
66 33 17111
66 34 12899
66 35 7576
66 36 41677
66 37 58598
66 38 63301
66 39 53632
66 40 47866
66 41 57154
66 42 58867
66 43 63733
66 44 62067
66 45 47182
66 46 40667
66 47 37145
66 48 35382
66 49 29515
66 50 20703
66 51 6855
66 52 35473
66 53 43069
66 54 36408
66 55 45466
66 56 57122
66 57 57308
66 58 47441
66 59 52557
66 60 48034
66 61 56175
66 62 21604
66 63 14971
66 64 16465
66 65 -3095
66 67 53779
66 68 26782
66 69 27629
66 70 17344
66 71 2749
66 72 52773
66 73 53272
66 74 56752
66 75 57719
66 76 28075
66 77 27539
66 78 20955
66 79 21078
66 80 33820
66 81 14235
66 82 36603
66 83 44568
66 84 51710
66 85 55404
66 86 59168
66 87 52522
66 88 27458
66 89 42732
66 90 16528
66 91 61296
66 92 56306
66 93 55128
66 94 50529
66 95 52207
66 96 52352
66 97 54376
66 98 58070
66 99 53654
66 100 58265
66 101 14371
67 1 47108
67 2 29952
67 3 37494
67 4 7890
67 5 52857
67 6 48461
67 7 58596
67 8 63056
67 9 48346
67 10 59268
67 11 69279
67 12 31519
67 13 40698
67 14 45446
67 15 29831
67 16 54146
67 17 58320
67 18 54029
67 19 65570
67 20 57124
67 21 24342
67 22 18489
67 23 -519
67 24 20249
67 25 7586
67 26 31347
67 27 45818
67 28 40544
67 29 27608
67 30 54469
67 31 53950
67 32 60156
67 33 44774
67 34 38856
67 35 51584
67 36 78059
67 37 47519
67 38 44307
67 39 1547
67 40 32631
67 41 15864
67 42 36509
67 43 33105
67 44 48608
67 45 61092
67 46 65368
67 47 70747
67 48 65294
67 49 73918
67 50 41145
67 51 47828
67 52 53443
67 53 39087
67 54 17687
67 55 11982
67 56 11643
67 57 29676
67 58 36119
67 59 45890
67 60 55387
67 61 52964
67 62 60699
67 63 68082
67 64 71045
67 65 55477
67 66 55962
67 68 27804
67 69 50607
67 70 55704
67 71 57104
67 72 18563
67 73 22991
67 74 19149
67 75 14693
67 76 38221
67 77 37771
67 78 44149
67 79 38976
67 80 30984
67 81 44758
67 82 60644
67 83 56269
67 84 56812
67 85 48418
67 86 52432
67 87 34759
67 88 58683
67 89 49118
67 90 69248
67 91 51336
67 92 46704
67 93 49700
67 94 45629
67 95 43743
67 96 49103
67 97 42049
67 98 48633
67 99 49905
67 100 45825
67 101 17737
68 1 14028
68 2 26190
68 3 1816
68 4 7707
68 5 37136
68 6 31864
68 7 31170
68 8 40725
68 9 13076
68 10 26403
68 11 37469
68 12 4248
68 13 28169
68 14 43426
68 15 35633
68 16 44974
68 17 43257
68 18 31443
68 19 35945
68 20 21449
68 21 19669
68 22 26944
68 23 21496
68 24 31
68 25 13477
68 26 12258
68 27 19418
68 28 14446
68 29 -969
68 30 19600
68 31 22925
68 32 25222
68 33 9075
68 34 7174
68 35 18377
68 36 50852
68 37 38889
68 38 43601
68 39 18943
68 40 20290
68 41 25712
68 42 34812
68 43 37896
68 44 43367
68 45 41748
68 46 42177
68 47 43682
68 48 38627
68 49 44026
68 50 6668
68 51 12103
68 52 27546
68 53 20004
68 54 1737
68 55 11007
68 56 23157
68 57 30108
68 58 22530
68 59 34200
68 60 36905
68 61 41262
68 62 29665
68 63 34335
68 64 38133
68 65 21775
68 66 20333
68 67 19172
68 69 19609
68 70 22030
68 71 22332
68 72 20436
68 73 22109
68 74 24534
68 75 24581
68 76 4691
68 77 2274
68 78 10696
68 79 3884
68 80 -854
68 81 9343
68 82 35574
68 83 36406
68 84 40777
68 85 38122
68 86 44185
68 87 28649
68 88 29009
68 89 28579
68 90 35091
68 91 43102
68 92 36613
68 93 37998
68 94 31410
68 95 32083
68 96 35069
68 97 32952
68 98 39183
68 99 36702
68 100 38547
68 101 -4748
69 1 472
69 2 25843
69 3 13844
69 4 21131
69 5 22963
69 6 20393
69 7 10790
69 8 21846
69 9 14256
69 10 7746
69 11 17821
69 12 14729
69 13 21726
69 14 36252
69 15 35410
69 16 33389
69 17 27704
69 18 13814
69 19 15434
69 20 12916
69 21 25875
69 22 33783
69 23 33176
69 24 20645
69 25 31350
69 26 16833
69 27 5674
69 28 10083
69 29 17946
69 30 6541
69 31 2557
69 32 10693
69 33 12496
69 34 17936
69 35 23074
69 36 30248
69 37 30089
69 38 35109
69 39 33529
69 40 21234
69 41 31095
69 42 30279
69 43 35234
69 44 33901
69 45 24018
69 46 22446
69 47 23124
69 48 18220
69 49 23668
69 50 4626
69 51 8134
69 52 9041
69 53 15388
69 54 18594
69 55 28927
69 56 34475
69 57 29338
69 58 19700
69 59 24139
69 60 21440
69 61 28746
69 62 9478
69 63 16776
69 64 19433
69 65 22355
69 66 14256
69 67 35051
69 68 12685
69 70 5535
69 71 22315
69 72 28311
69 73 27855
69 74 31848
69 75 33666
69 76 10075
69 77 13766
69 78 21283
69 79 14854
69 80 18617
69 81 13623
69 82 15801
69 83 19438
69 84 25600
69 85 27309
69 86 32037
69 87 24013
69 88 8396
69 89 14593
69 90 18435
69 91 33093
69 92 27755
69 93 26978
69 94 21924
69 95 23587
69 96 24013
69 97 25741
69 98 29660
69 99 25446
69 100 29800
69 101 -13960
70 1 4062
70 2 34827
70 3 16828
70 4 28930
70 5 29219
70 6 28220
70 7 11555
70 8 24518
70 9 10491
70 10 1043
70 11 12297
70 12 21735
70 13 30419
70 14 44196
70 15 44309
70 16 40205
70 17 32700
70 18 18774
70 19 12241
70 20 5260
70 21 34593
70 22 42618
70 23 41564
70 24 25182
70 25 38060
70 26 25248
70 27 14519
70 28 18729
70 29 20901
70 30 -1801
70 31 1958
70 32 1755
70 33 12225
70 34 16834
70 35 18965
70 36 28140
70 37 37995
70 38 42515
70 39 41297
70 40 30175
70 41 40038
70 42 38823
70 43 43878
70 44 41285
70 45 27585
70 46 23335
70 47 21760
70 48 18036
70 49 19467
70 50 8080
70 51 4021
70 52 14672
70 53 24388
70 54 25288
70 55 35555
70 56 42810
70 57 38266
70 58 28693
70 59 31898
70 60 27318
70 61 35383
70 62 5602
70 63 9011
70 64 12645
70 65 15954
70 66 6429
70 67 42606
70 68 17564
70 69 7993
70 71 16639
70 72 36969
70 73 36672
70 74 40609
70 75 42292
70 76 15514
70 77 17890
70 78 21099
70 79 16370
70 80 24016
70 81 12421
70 82 17571
70 83 24191
70 84 31140
70 85 34621
70 86 38434
70 87 32700
70 88 8018
70 89 22021
70 90 10084
70 91 40530
70 92 35762
70 93 34361
70 94 30115
70 95 31821
70 96 31663
70 97 34105
70 98 37394
70 99 32909
70 100 37615
70 101 -5031
71 1 20839
71 2 51319
71 3 18820
71 4 36723
71 5 51799
71 6 49263
71 7 34673
71 8 47786
71 9 298
71 10 21141
71 11 30183
71 12 30771
71 13 49413
71 14 64816
71 15 61373
71 16 62384
71 17 55874
71 18 41829
71 19 32635
71 20 5587
71 21 47192
71 22 55156
71 23 50513
71 24 24138
71 25 41115
71 26 37895
71 27 34003
71 28 34199
71 29 17413
71 30 11987
71 31 25276
71 32 10625
71 33 12225
71 34 4080
71 35 -1841
71 36 48491
71 37 58788
71 38 63995
71 39 47728
71 40 45269
71 41 53601
71 42 57943
71 43 62415
71 44 62826
71 45 50907
71 46 45955
71 47 43208
71 48 40524
71 49 37225
71 50 17885
71 51 4661
71 52 37322
71 53 41447
71 54 30687
71 55 38941
71 56 52134
71 57 55310
71 58 45633
71 59 52972
71 60 50084
71 61 57711
71 62 26931
71 63 22627
71 64 25184
71 65 -6400
71 66 -4946
71 67 47226
71 68 21086
71 69 27993
71 70 19859
71 72 48691
71 73 49680
71 74 52766
71 75 53278
71 76 24278
71 77 22592
71 78 13260
71 79 14829
71 80 28162
71 81 8452
71 82 40758
71 83 47367
71 84 54105
71 85 56279
71 86 60968
71 87 51450
71 88 31199
71 89 43591
71 90 23573
71 91 62021
71 92 56401
71 93 55941
71 94 50499
71 95 52051
71 96 52920
71 97 53964
71 98 58477
71 99 54400
71 100 58541
71 101 13535
72 1 29541
72 2 7818
72 3 25816
72 4 -2375
72 5 30088
72 6 25661
72 7 36944
72 8 40355
72 9 36773
72 10 40151
72 11 49008
72 12 16272
72 13 17874
72 14 25764
72 15 13079
72 16 32421
72 17 35741
72 18 31554
72 19 44286
72 20 42259
72 21 2187
72 22 2253
72 23 1082
72 24 16355
72 25 10892
72 26 12187
72 27 25227
72 28 21153
72 29 21551
72 30 37752
72 31 34142
72 32 42944
72 33 32230
72 34 31769
72 35 42997
72 36 55848
72 37 25478
72 38 25724
72 39 5249
72 40 10432
72 41 1080
72 42 16288
72 43 16355
72 44 27945
72 45 38268
72 46 42650
72 47 48626
72 48 43223
72 49 52444
72 50 25626
72 51 33903
72 52 31872
72 53 17416
72 54 8088
72 55 11007
72 56 3202
72 57 9507
72 58 13542
72 59 23324
72 60 32572
72 61 30678
72 62 40334
72 63 49258
72 64 51115
72 65 46121
72 66 42655
72 67 6262
72 68 16767
72 69 31566
72 70 37766
72 71 46268
72 73 211
72 74 -161
72 75 1104
72 76 23152
72 77 24933
72 78 35394
72 79 28355
72 80 19993
72 81 33143
72 82 38354
72 83 33473
72 84 34071
72 85 26234
72 86 31151
72 87 12754
72 88 37990
72 89 26634
72 90 51005
72 91 29624
72 92 24310
72 93 27228
72 94 22806
72 95 21054
72 96 26326
72 97 19666
72 98 26480
72 99 27219
72 100 24199
72 101 -3654
73 1 28140
73 2 4776
73 3 25816
73 4 83
73 5 26940
73 6 22606
73 7 34331
73 8 37353
73 9 36437
73 10 38203
73 11 46728
73 12 16011
73 13 14764
73 14 23039
73 15 11270
73 16 29337
73 17 32579
73 18 28671
73 19 41745
73 20 41228
73 21 877
73 22 2999
73 23 3760
73 24 17841
73 25 13666
73 26 11083
73 27 23092
73 28 19537
73 29 22503
73 30 36385
73 31 32083
73 32 41375
73 33 31872
73 34 32233
73 35 43075
73 36 53020
73 37 22370
73 38 23111
73 39 8411
73 40 7974
73 41 982
73 42 13559
73 43 14299
73 44 25025
73 45 35155
73 46 39634
73 47 45835
73 48 40460
73 49 49825
73 50 24776
73 51 33159
73 52 29335
73 53 15040
73 54 9379
73 55 13468
73 56 6287
73 57 6983
73 58 10718
73 59 20163
73 60 29492
73 61 27532
73 62 38067
73 63 47318
73 64 48872
73 65 45946
73 66 41843
73 67 9379
73 68 17129
73 69 29799
73 70 36158
73 71 45946
73 72 -1100
73 74 1149
73 75 3529
73 76 22570
73 77 24788
73 78 35678
73 79 28444
73 80 20470
73 81 32911
73 82 35526
73 83 30414
73 84 30918
73 85 23102
73 86 28117
73 87 9680
73 88 35670
73 89 23770
73 90 49216
73 91 26553
73 92 21161
73 93 24071
73 94 19690
73 95 17893
73 96 23179
73 97 16521
73 98 23355
73 99 24059
73 100 21149
73 101 -6001
74 1 32346
74 2 7481
74 3 28975
74 4 83
74 5 30515
74 6 26603
74 7 38749
74 8 41412
74 9 39906
74 10 42630
74 11 51200
74 12 19398
74 13 18639
74 14 24351
74 15 10720
74 16 31879
74 17 35854
74 18 32912
74 19 46183
74 20 45228
74 21 4786
74 22 -910
74 23 -477
74 24 19251
74 25 12701
74 26 15074
74 27 27549
74 28 23828
74 29 24619
74 30 40580
74 31 36532
74 32 45672
74 33 35356
74 34 34914
74 35 46159
74 36 57294
74 37 25109
74 38 24080
74 39 5684
74 40 12446
74 41 -2005
74 42 14966
74 43 14140
74 44 26903
74 45 38908
74 46 43655
74 47 50145
74 48 44793
74 49 54232
74 50 28641
74 51 36955
74 52 33782
74 53 19513
74 54 11103
74 55 13266
74 56 3062
74 57 8019
74 58 15077
74 59 23434
74 60 33391
74 61 30510
74 62 42539
74 63 51745
74 64 53344
74 65 49274
74 66 45695
74 67 5909
74 68 19926
74 69 34164
74 70 40467
74 71 49404
74 72 -1100
74 73 1521
74 75 -675
74 76 26230
74 77 28080
74 78 38553
74 79 31517
74 80 23146
74 81 36286
74 82 39812
74 83 34358
74 84 34428
74 85 25980
74 86 30402
74 87 12331
74 88 40142
74 89 28046
74 90 53599
74 91 29059
74 92 24232
74 93 27228
74 94 23512
74 95 21352
74 96 26798
74 97 19577
74 98 26197
74 99 27496
74 100 23573
74 101 -1529
75 1 34833
75 2 11008
75 3 30258
75 4 -502
75 5 34109
75 6 30194
75 7 42127
75 8 44999
75 9 41418
75 10 45536
75 11 54356
75 12 21058
75 13 22240
75 14 27221
75 15 12756
75 16 35230
75 17 39396
75 18 36441
75 19 49521
75 20 47366
75 21 7564
75 22 51
75 23 -4034
75 24 19026
75 25 10811
75 26 17461
75 27 30596
75 28 26516
75 29 24925
75 30 43019
75 31 39524
75 32 48268
75 33 36928
75 34 35635
75 35 47236
75 36 60809
75 37 28547
75 38 26714
75 39 2693
75 40 15673
75 41 -1154
75 42 17963
75 43 16263
75 44 30007
75 45 42512
75 46 47248
75 47 53637
75 48 48267
75 49 57625
75 50 30682
75 51 38855
75 52 37104
75 53 22712
75 54 11385
75 55 11982
75 56 114
75 57 11012
75 58 18525
75 59 26992
75 60 36994
75 61 33992
75 62 45684
75 63 54642
75 64 56474
75 65 50572
75 66 47620
75 67 2411
75 68 20931
75 69 36940
75 70 43108
75 71 50874
75 72 1123
75 73 4859
75 74 283
75 76 28075
75 77 29523
75 78 39488
75 79 32684
75 80 24072
75 81 37727
75 82 43319
75 83 37958
75 84 38013
75 85 29444
75 86 33646
75 87 15785
75 88 43324
75 89 31556
75 90 56376
75 91 32412
75 92 27755
75 93 30760
75 94 27117
75 95 24940
75 96 30398
75 97 23105
75 98 29660
75 99 31077
75 100 26910
75 101 1659
76 1 6630
76 2 24429
76 3 2441
76 4 11485
76 5 31216
76 6 26417
76 7 23610
76 8 33564
76 9 11026
76 10 19154
76 11 30076
76 12 4108
76 13 24134
76 14 39896
76 15 34424
76 16 39982
76 17 37076
76 18 24498
76 19 28351
76 20 16563
76 21 20076
76 22 28177
76 23 24964
76 24 7646
76 25 19656
76 26 10694
76 27 12536
76 28 8747
76 29 5487
76 30 13324
76 31 15338
76 32 19016
76 33 6503
76 34 9432
76 35 18377
76 36 43241
76 37 34584
76 38 39796
76 39 23601
76 40 18265
76 41 26477
76 42 31994
76 43 35932
76 44 39091
76 45 34924
76 46 34813
76 47 36084
76 48 31068
76 49 36474
76 50 11
76 51 7855
76 52 20294
76 53 15667
76 54 6951
76 55 17144
76 56 26256
76 57 28465
76 58 19292
76 59 29408
76 60 30571
76 61 35921
76 62 22131
76 63 27438
76 64 31026
76 65 20640
76 66 16620
76 67 24583
76 68 -315
76 69 11993
76 70 14974
76 71 20518
76 72 21815
76 73 22544
76 74 25832
76 75 26719
76 77 1397
76 78 12388
76 79 4829
76 80 5748
76 81 7726
76 82 28167
76 83 29713
76 84 34631
76 85 33247
76 86 39105
76 87 25539
76 88 21393
76 89 22356
76 90 28360
76 91 38533
76 92 32201
76 93 32992
76 94 26558
76 95 27645
76 96 29900
76 97 28995
76 98 34657
76 99 31548
76 100 34335
76 101 -10474
77 1 9416
77 2 27399
77 3 -1439
77 4 11768
77 5 35322
77 6 30455
77 7 27261
77 8 37551
77 9 9169
77 10 21582
77 11 32723
77 12 5581
77 13 27845
77 14 43535
77 15 37249
77 16 43970
77 17 41198
77 18 28565
77 19 31509
77 20 16627
77 21 22067
77 22 29884
77 23 25534
77 24 4604
77 25 18395
77 26 13309
77 27 16642
77 28 12729
77 29 1532
77 30 14600
77 31 18517
77 32 20225
77 33 4733
77 34 5787
77 35 15617
77 36 46671
77 37 38407
77 38 43528
77 39 23428
77 40 21234
77 41 28427
77 42 35393
77 43 39060
77 44 42928
77 45 39003
77 46 38677
77 47 39600
77 48 34705
77 49 39460
77 50 1837
77 51 7379
77 52 24271
77 53 19388
77 54 6247
77 55 15904
77 56 26991
77 57 31426
77 58 22718
77 59 33337
77 60 34694
77 61 39963
77 62 25099
77 63 29380
77 64 33221
77 65 18475
77 66 15885
77 67 23934
77 68 -2931
77 69 15485
77 70 17151
77 71 18633
77 72 23397
77 73 24563
77 74 27483
77 75 27968
77 76 1198
77 78 8810
77 79 1232
77 80 3854
77 81 5490
77 82 32011
77 83 33817
77 84 38752
77 85 37203
77 86 43114
77 87 29004
77 88 24773
77 89 26474
77 90 30112
77 91 42428
77 92 36043
77 93 36970
77 94 30484
77 95 31483
77 96 33899
77 97 32714
77 98 38534
77 99 35548
77 100 38142
77 101 -6428
78 1 16224
78 2 39376
78 3 4953
78 4 21239
78 5 46150
78 6 41774
78 7 34576
78 8 46339
78 9 2052
78 10 24997
78 11 36074
78 12 17285
78 13 39749
78 14 55496
78 15 49134
78 16 55413
78 17 51635
78 18 38149
78 19 36570
78 20 13834
78 21 33492
78 22 40872
78 23 34862
78 24 7646
78 25 24702
78 26 25248
78 27 27030
78 28 24313
78 29 927
78 30 15671
78 31 24747
78 32 19666
78 33 3733
78 34 -6184
78 35 4604
78 36 52452
78 37 50193
78 38 55417
78 39 31660
78 40 33235
78 41 39631
78 42 47432
78 43 51068
78 44 54690
78 45 48492
78 46 46567
78 47 45911
78 48 41705
78 49 43505
78 50 9492
78 51 5271
78 52 33442
78 53 31278
78 54 15032
78 55 22612
78 56 36783
78 57 43389
78 58 34745
78 59 44947
78 60 45125
78 61 51211
78 62 29932
78 63 30623
78 64 34586
78 65 8324
78 66 9807
78 67 30818
78 68 5997
78 69 23508
78 70 20866
78 71 9807
78 72 34364
78 73 35959
78 74 38462
78 75 38439
78 76 12695
78 77 9316
78 79 486
78 80 12957
78 81 635
78 82 40072
78 83 43694
78 84 49302
78 85 48742
78 86 54475
78 87 41030
78 88 31313
78 89 37224
78 90 31095
78 91 54097
78 92 47804
78 93 48458
78 94 42111
78 95 43252
78 96 45338
78 97 44613
78 98 50239
78 99 46976
78 100 49948
78 101 4938
79 1 12031
79 2 33789
79 3 -661
79 4 16752
79 5 40855
79 6 36299
79 7 30581
79 8 41816
79 9 4218
79 10 22528
79 11 33781
79 12 11802
79 13 34107
79 14 49845
79 15 43605
79 16 49913
79 17 46496
79 18 33284
79 19 33561
79 20 14027
79 21 28178
79 22 35778
79 23 30527
79 24 5446
79 25 21573
79 26 19678
79 27 21803
79 28 18729
79 29 -293
79 30 14008
79 31 21053
79 32 19016
79 33 1390
79 34 -554
79 35 9479
79 36 49206
79 37 44583
79 38 49783
79 39 27773
79 40 27631
79 41 34442
79 42 41779
79 43 45460
79 44 49090
79 45 43709
79 46 42432
79 47 42409
79 48 37886
79 49 41006
79 50 4676
79 51 4661
79 52 28685
79 53 25637
79 54 10687
79 55 19253
79 56 32213
79 57 37812
79 58 29090
79 59 39388
79 60 39965
79 61 45775
79 62 26931
79 63 29230
79 64 33270
79 65 12732
79 66 11869
79 67 27584
79 68 1124
79 69 19018
79 70 18076
79 71 13315
79 72 29264
79 73 30664
79 74 33365
79 75 33574
79 76 7075
79 77 3677
79 78 2425
79 80 8191
79 81 635
79 82 35813
79 83 38743
79 84 44112
79 85 43208
79 86 49007
79 87 35374
79 88 27570
79 89 31929
79 90 29756
79 91 48523
79 92 42200
79 93 42938
79 94 36542
79 95 37645
79 96 39830
79 97 38974
79 98 44652
79 99 41473
79 100 44334
79 101 -572
80 1 15209
80 2 24776
80 3 3795
80 4 5710
80 5 36753
80 6 31364
80 7 31802
80 8 40941
80 9 15074
80 10 27694
80 11 38669
80 12 3362
80 13 27275
80 14 42298
80 15 34062
80 16 44246
80 17 42947
80 18 31554
80 19 36891
80 20 23301
80 21 17963
80 22 25083
80 23 19497
80 24 -598
80 25 11688
80 26 11083
80 27 19607
80 28 14313
80 29 -79
80 30 21217
80 31 23902
80 32 26877
80 33 11030
80 34 8941
80 35 20313
80 36 51606
80 37 37995
80 38 42515
80 39 16966
80 40 19030
80 41 23890
80 42 33551
80 43 36441
80 44 42426
80 45 41748
80 46 42541
80 47 44384
80 48 39246
80 49 45055
80 50 8080
80 51 13991
80 52 27885
80 53 19313
80 54 -251
80 55 9195
80 56 21170
80 57 28638
80 58 21501
80 59 33457
80 60 36701
80 61 40655
80 62 30724
80 63 35796
80 64 39511
80 65 23751
80 66 22294
80 67 17275
80 68 -5931
80 69 20464
80 70 23405
80 71 24331
80 72 18585
80 73 20373
80 74 22677
80 75 22645
80 76 5677
80 77 3982
80 78 12579
80 79 5874
80 81 11339
80 82 36003
80 83 36358
80 84 40469
80 85 37379
80 86 43467
80 87 27487
80 88 29854
80 89 28381
80 90 36605
80 91 42261
80 92 35762
80 93 37307
80 94 30722
80 95 31260
80 96 34453
80 97 31991
80 98 38348
80 99 36070
80 100 37615
80 101 -5031
81 1 10866
81 2 37835
81 3 4733
81 4 22681
81 5 41808
81 6 38003
81 7 28755
81 8 40876
81 9 -1948
81 10 18691
81 11 29750
81 12 16684
81 13 36927
81 14 52670
81 15 47840
81 16 51605
81 17 46931
81 18 33125
81 19 30327
81 20 8084
81 21 33155
81 22 41050
81 23 36481
81 24 11653
81 25 27893
81 26 24045
81 27 22807
81 28 21336
81 29 5487
81 30 9354
81 31 18830
81 32 13602
81 33 -1439
81 34 -1134
81 35 5052
81 36 46251
81 37 46978
81 38 52314
81 39 33945
81 40 31680
81 41 39549
81 42 45145
81 43 49268
81 44 51353
81 45 43284
81 46 40771
81 47 39803
81 48 35753
81 49 37186
81 50 5256
81 51 -934
81 52 28354
81 53 28594
81 54 16767
81 55 25559
81 56 38039
81 57 41868
81 58 32514
81 59 41464
81 60 40528
81 61 47206
81 62 23706
81 63 24375
81 64 28372
81 65 7346
81 66 5545
81 67 33885
81 68 7102
81 69 18306
81 70 14646
81 71 7457
81 72 34571
81 73 35650
81 74 38653
81 75 39136
81 76 10491
81 77 8454
81 78 3093
81 79 1154
81 80 14175
81 82 34409
81 83 38743
81 84 44720
81 85 45107
81 86 50531
81 87 38649
81 88 25382
81 89 32984
81 90 24849
81 91 50635
81 92 44567
81 93 44779
81 94 38722
81 95 40071
81 96 41651
81 97 41703
81 98 46873
81 99 43249
81 100 46754
81 101 1460
82 1 22077
82 2 31832
82 3 35783
82 4 36941
82 5 12160
82 6 19307
82 7 -642
82 8 954
82 9 34111
82 10 12830
82 11 11744
82 12 34037
82 13 25266
82 14 30206
82 15 37429
82 16 22664
82 17 11192
82 18 4031
82 19 2880
82 20 28204
82 21 38076
82 22 43562
82 23 45481
82 24 41602
82 25 49277
82 26 32527
82 27 19584
82 28 27170
82 29 39741
82 30 21377
82 31 11510
82 32 18334
82 33 34061
82 34 39452
82 35 42715
82 36 11297
82 37 25642
82 38 25481
82 39 48657
82 40 32332
82 41 39044
82 42 29082
82 43 33781
82 44 25131
82 45 4466
82 46 470
82 47 4162
82 48 -910
82 49 9072
82 50 26626
82 51 27590
82 52 10920
82 53 26591
82 54 37382
82 55 47209
82 56 47653
82 57 32893
82 58 28374
82 59 19891
82 60 10739
82 61 17970
82 62 6662
82 63 17670
82 64 12231
82 65 39062
82 66 28422
82 67 50280
82 68 33842
82 69 20993
82 70 20305
82 71 40272
82 72 40291
82 73 38774
82 74 42688
82 75 45237
82 76 31441
82 77 35484
82 78 43039
82 79 36841
82 80 39348
82 81 34918
82 83 4408
82 84 11563
82 85 19679
82 86 19121
82 87 25429
82 88 8396
82 89 14593
82 90 23166
82 91 25484
82 92 24562
82 93 20340
82 94 21924
82 95 22725
82 96 20203
82 97 24962
82 98 24343
82 99 20014
82 100 24285
82 101 -2802
83 1 25547
83 2 24776
83 3 37506
83 4 33066
83 5 2231
83 6 12622
83 7 7845
83 8 1762
83 9 39063
83 10 20999
83 11 21698
83 12 33093
83 13 18639
83 14 20225
83 15 28608
83 16 12669
83 17 2871
83 18 2137
83 19 12902
83 20 34991
83 21 33070
83 22 37038
83 23 39491
83 24 41221
83 25 46212
83 26 29825
83 27 19607
83 28 26313
83 29 40736
83 30 27912
83 31 17419
83 32 26877
83 33 37518
83 34 42899
83 35 47887
83 36 18854
83 37 16211
83 38 15549
83 39 44003
83 40 27666
83 41 31821
83 42 19869
83 43 24231
83 44 15084
83 45 -200
83 46 3711
83 47 12685
83 48 8738
83 49 18241
83 50 29108
83 51 32672
83 52 12589
83 53 23158
83 54 35425
83 55 44504
83 56 42316
83 57 24789
83 58 23273
83 59 10886
83 60 1829
83 61 7928
83 62 15708
83 63 27150
83 64 22243
83 65 45786
83 66 35830
83 67 45348
83 68 34117
83 69 24073
83 70 26368
83 71 46324
83 72 34853
83 73 33105
83 74 36677
83 75 39319
83 76 32430
83 77 36733
83 78 46104
83 79 39214
83 80 39146
83 81 38695
83 82 3851
83 84 1779
83 85 9792
83 86 9576
83 87 17250
83 88 15522
83 89 10480
83 90 32036
83 91 15512
83 92 15600
83 93 10746
83 94 14719
83 95 14674
83 96 11819
83 97 16521
83 98 14800
83 99 10957
83 100 14546
83 101 -5031
84 1 30986
84 2 23561
84 3 41907
84 4 34035
84 5 -717
84 6 13620
84 7 14551
84 8 6593
84 9 44749
84 10 27651
84 11 28233
84 12 36242
84 13 18564
84 14 14584
84 15 25033
84 16 6250
84 17 -2448
84 18 8157
84 19 19155
84 20 41301
84 21 33450
84 22 35890
84 23 38589
84 24 44330
84 25 47562
84 26 32060
84 27 24026
84 28 29907
84 29 44616
84 30 34211
84 31 23747
84 32 33546
84 33 42690
84 34 47909
84 35 53580
84 36 23276
84 37 12396
84 38 8990
84 39 44203
84 40 28644
84 41 29989
84 42 15965
84 43 19523
84 44 8889
84 45 340
84 46 6667
84 47 17939
84 48 14800
84 49 23561
84 50 34021
84 51 38470
84 52 18271
84 53 25388
84 54 37730
84 55 46155
84 56 42089
84 57 22303
84 58 24171
84 59 8328
84 60 4294
84 61 1846
84 62 22416
84 63 33841
84 64 28405
84 65 51984
84 66 42259
84 67 45178
84 68 37775
84 69 29522
84 70 32604
84 71 52349
84 72 34738
84 73 32896
84 74 36034
84 75 38661
84 76 36635
84 77 40955
84 78 50999
84 79 43870
84 80 42544
84 81 43959
84 82 10293
84 83 1066
84 85 4955
84 86 2870
84 87 15050
84 88 22120
84 89 13838
84 90 38737
84 91 10133
84 92 12813
84 93 7044
84 94 14623
84 95 13297
84 96 10718
84 97 14310
84 98 10843
84 99 8723
84 100 9895
84 101 -1795
85 1 32797
85 2 15423
85 3 41010
85 4 27732
85 5 3222
85 6 11626
85 7 21811
85 8 16391
85 9 46504
85 10 33478
85 11 36248
85 12 33438
85 13 12957
85 14 5248
85 15 14854
85 16 1530
85 17 5070
85 18 13868
85 19 27893
85 20 45083
85 21 26784
85 22 27313
85 23 30025
85 24 40877
85 25 41494
85 26 28128
85 27 24567
85 28 28468
85 29 42487
85 30 38143
85 31 28288
85 32 39297
85 33 43367
85 34 47892
85 35 55153
85 36 33409
85 37 2655
85 38 2555
85 39 36770
85 40 23217
85 41 20801
85 42 5749
85 43 9308
85 44 1323
85 45 10606
85 46 16962
85 47 27688
85 48 23855
85 49 33299
85 50 34451
85 51 40691
85 52 21978
85 53 22235
85 54 33280
85 55 40554
85 56 34319
85 57 12851
85 58 19072
85 59 1506
85 60 9628
85 61 -753
85 62 29327
85 63 40880
85 64 37240
85 65 55005
85 66 46365
85 67 37196
85 68 35532
85 69 31643
85 70 36497
85 71 54935
85 72 27313
85 73 25492
85 74 27998
85 75 30504
85 76 35663
85 77 39818
85 78 50851
85 79 43378
85 80 39866
85 81 44758
85 82 18821
85 83 9491
85 84 5367
85 86 754
85 87 6298
85 88 27936
85 89 14715
85 90 44988
85 91 646
85 92 4600
85 93 -27
85 94 10279
85 95 6865
85 96 6823
85 97 6160
85 98 1199
85 99 4084
85 100 -398
85 101 -3104
86 1 44270
86 2 26792
86 3 53439
86 4 39720
86 5 11439
86 6 23771
86 7 29304
86 8 20261
86 9 58120
86 10 42377
86 11 42711
86 12 46078
86 13 25565
86 14 6807
86 15 21900
86 16 1530
86 17 3511
86 18 22632
86 19 33297
86 20 55588
86 21 38764
86 22 37701
86 23 40112
86 24 53507
86 25 53486
86 26 40765
86 27 36407
86 28 40906
86 29 55109
86 30 48516
86 31 38164
86 32 48284
86 33 55374
86 34 60160
86 35 66883
86 36 34960
86 37 14308
86 38 -4655
86 39 47969
86 40 35704
86 41 30344
86 42 13824
86 43 13267
86 44 -49
86 45 11838
86 46 17499
86 47 30970
86 48 28876
86 49 36265
86 50 46491
86 51 52063
86 52 32242
86 53 34856
86 54 45816
86 55 52754
86 56 45357
86 57 22619
86 58 31661
86 59 14149
86 60 18202
86 61 4775
86 62 37170
86 63 48556
86 64 42248
86 65 66039
86 66 56683
86 67 47764
86 68 48149
86 69 42925
86 70 46864
86 71 66178
86 72 38784
86 73 37061
86 74 38974
86 75 41260
86 76 48075
86 77 52283
86 78 63138
86 79 55731
86 80 52508
86 81 56736
86 82 24817
86 83 15829
86 84 9836
86 85 7308
86 87 17649
86 88 36810
86 89 26117
86 90 53500
86 91 8529
86 92 17039
86 93 12377
86 94 22869
86 95 19485
86 96 19138
86 97 18318
86 98 13334
86 99 16316
86 100 9130
86 101 9229
87 1 29615
87 2 2847
87 3 33917
87 4 15755
87 5 12852
87 6 11953
87 7 26512
87 8 25357
87 9 41982
87 10 35029
87 11 40738
87 12 24840
87 13 5919
87 14 8470
87 15 5984
87 16 13316
87 17 17411
87 18 18838
87 19 33846
87 20 43198
87 21 14832
87 22 14716
87 23 17448
87 24 30901
87 25 29507
87 26 18854
87 27 21481
87 28 22335
87 29 33754
87 30 36880
87 31 28879
87 32 40080
87 33 37935
87 34 41142
87 35 50051
87 36 42308
87 37 6429
87 38 8727
87 39 24206
87 40 12922
87 41 8588
87 42 154
87 43 4871
87 44 9353
87 45 21470
87 46 27131
87 47 35702
87 48 30867
87 49 40851
87 50 29296
87 51 37032
87 52 23291
87 53 15199
87 54 22703
87 55 28898
87 56 21701
87 57 1194
87 58 9990
87 59 5341
87 60 17002
87 61 11863
87 62 32649
87 63 43620
87 64 42646
87 65 51400
87 66 44493
87 67 24547
87 68 27069
87 69 29357
87 70 35586
87 71 51116
87 72 14843
87 73 13080
87 74 15359
87 75 17855
87 76 28965
87 77 32629
87 78 44149
87 79 36554
87 80 30984
87 81 39310
87 82 25581
87 83 17959
87 84 16472
87 85 7308
87 86 12105
87 88 30372
87 89 15431
87 90 46646
87 91 10522
87 92 5811
87 93 8807
87 94 8319
87 95 4353
87 96 9830
87 97 1348
87 98 7524
87 99 9741
87 100 5130
87 101 -7741
88 1 11297
88 2 31915
88 3 25566
88 4 31867
88 5 19757
88 6 21607
88 7 -148
88 8 12909
88 9 22135
88 10 1925
88 11 7380
88 12 26448
88 13 25934
88 14 36623
88 15 40001
88 16 30982
88 17 21883
88 18 8845
88 19 3481
88 20 16240
88 21 34931
88 22 42026
88 23 42708
88 24 32726
88 25 42901
88 26 27114
88 27 13394
88 28 20526
88 29 29781
88 30 9324
88 31 -253
88 32 7837
88 33 22733
88 34 27931
88 35 30668
88 36 18210
88 37 30741
88 38 33785
88 39 44146
88 40 29444
88 41 38544
88 42 32993
88 43 38152
88 44 32742
88 45 16151
88 46 11763
88 47 11199
88 48 6705
88 49 11837
88 50 16213
88 51 15625
88 52 7326
88 53 23095
88 54 30288
88 55 40554
88 56 44251
88 57 34430
88 58 26533
88 59 24564
88 60 17711
88 61 26080
88 62 -1226
88 63 9639
88 64 9544
88 65 27133
88 66 16765
88 67 45807
88 68 24765
88 69 11076
88 70 8240
88 71 28201
88 72 37415
88 73 36406
88 74 40506
88 75 42730
88 76 22155
88 77 25734
88 78 31768
88 79 26086
88 80 30687
88 81 23379
88 82 5884
88 83 13567
88 84 20878
88 85 26282
88 86 28602
88 87 27708
88 89 15314
88 90 13365
88 91 32269
88 92 28865
88 93 26265
88 94 24099
88 95 25663
88 96 24331
88 97 28121
88 98 29817
88 99 25110
88 100 30058
88 101 -6891
89 1 16518
89 2 15901
89 3 26409
89 4 21331
89 5 7243
89 6 4683
89 7 9682
89 8 12440
89 9 30340
89 10 18299
89 11 23656
89 12 21037
89 13 9409
89 14 20519
89 15 23096
89 16 17137
89 17 13056
89 18 3239
89 19 17193
89 20 28729
89 21 21922
89 22 27329
89 23 29206
89 24 29182
89 25 34238
89 26 17692
89 27 8690
89 28 14446
89 29 29126
89 30 21852
89 31 12467
89 32 23773
89 33 27639
89 34 32645
89 35 39085
89 36 27567
89 37 14338
89 38 18927
89 39 32697
89 40 16235
89 41 23033
89 42 16030
89 43 21200
89 44 17696
89 45 11962
89 46 14727
89 47 20419
89 48 15106
89 49 24813
89 50 18813
89 51 24382
89 52 6333
89 53 11093
89 54 23262
89 55 32440
89 56 31459
89 57 17753
89 58 12130
89 59 8204
89 60 6641
89 61 12579
89 62 15536
89 63 26625
89 64 25648
89 65 38621
89 66 30038
89 67 34241
89 68 22334
89 69 15272
89 70 20242
89 71 38592
89 72 24058
89 73 22505
89 74 26409
89 75 28961
89 76 21117
89 77 25434
89 78 35678
89 79 28444
89 80 27213
89 81 28980
89 82 10080
89 83 6524
89 84 10595
89 85 11060
89 86 15908
89 87 10766
89 88 13313
89 90 29942
89 91 16900
89 92 12201
89 93 10746
89 94 7099
89 95 8690
89 96 7957
89 97 11141
89 98 13689
89 99 9244
89 100 13918
89 101 -17126
90 1 16591
90 2 45936
90 3 28291
90 4 41454
90 5 35471
90 6 37067
90 7 13775
90 8 26441
90 9 17052
90 10 52
90 11 4242
90 12 34253
90 13 40651
90 14 52409
90 15 54839
90 16 46683
90 17 36691
90 18 24584
90 19 7344
90 20 7360
90 21 46756
90 22 54622
90 23 53964
90 24 36872
90 25 50462
90 26 37605
90 27 25689
90 28 30936
90 29 31887
90 30 4601
90 31 9747
90 32 -6926
90 33 22360
90 34 24872
90 35 23513
90 36 22745
90 37 46453
90 38 49538
90 39 53825
90 40 41983
90 41 51784
90 42 48387
90 43 53558
90 44 48537
90 45 30026
90 46 22102
90 47 18255
90 48 17136
90 49 11245
90 50 20238
90 51 11980
90 52 22602
90 53 35885
90 54 37730
90 55 47949
90 56 55228
90 57 48992
90 58 39980
90 59 40268
90 60 33433
90 61 41786
90 62 3851
90 63 -2918
90 64 1099
90 65 15877
90 66 4594
90 67 55131
90 68 29606
90 69 19874
90 70 9065
90 71 19334
90 72 49189
90 73 48711
90 74 52722
90 75 54541
90 76 27881
90 77 29832
90 78 30309
90 79 27031
90 80 36197
90 81 21605
90 82 19413
90 83 28840
90 84 36254
90 85 42093
90 86 44051
90 87 42741
90 88 12124
90 89 30702
90 91 48080
90 92 44491
90 93 42067
90 94 39410
90 95 41062
90 96 40013
90 97 43495
90 98 45576
90 99 40877
90 100 45825
90 101 6123
91 1 35699
91 2 15876
91 3 43440
91 4 28693
91 5 6160
91 6 14450
91 7 24928
91 8 19066
91 9 49332
91 10 36639
91 11 39333
91 12 35521
91 13 14794
91 14 2206
91 15 13349
91 16 304
91 17 6335
91 18 17016
91 19 30880
91 20 48136
91 21 27732
91 22 27249
91 23 29860
91 24 42680
91 25 42463
91 26 29998
91 27 27394
91 28 30936
91 29 44616
91 30 41220
91 31 31421
91 32 42454
91 33 46062
91 34 50428
91 35 57934
91 36 35924
91 37 3282
91 38 -488
91 39 37189
91 40 24740
91 41 20331
91 42 4345
91 43 6949
91 44 -1708
91 45 12762
91 46 19212
91 47 30416
91 48 26766
91 49 36045
91 50 37147
91 51 43595
91 52 25104
91 53 24448
91 54 34861
91 55 41709
91 56 34630
91 57 12368
91 58 20812
91 59 3931
91 60 12719
91 61 606
91 62 32474
91 63 44030
91 64 40231
91 65 57957
91 66 49432
91 67 37289
91 68 37687
91 69 34602
91 70 39581
91 71 57852
91 72 27878
91 73 26118
91 74 28252
91 75 30647
91 76 38124
91 77 42218
91 78 53381
91 79 45868
91 80 41923
91 81 47461
91 82 21801
91 83 12386
91 84 7720
91 85 -2179
91 86 -850
91 87 6687
91 88 31098
91 89 17730
91 90 48150
91 92 6216
91 93 2976
91 94 12700
91 95 8825
91 96 9643
91 97 7303
91 98 2509
91 99 7029
91 100 -1708
91 101 -514
92 1 29015
92 2 9704
92 3 35957
92 4 21742
92 5 5790
92 6 8128
92 7 21598
92 8 18738
92 9 42381
92 10 31814
92 11 36108
92 12 27908
92 13 7183
92 14 7098
92 15 11619
92 16 7371
92 17 10257
92 18 13540
92 19 28519
92 20 41983
92 21 20802
92 22 21870
92 23 24602
92 24 35104
92 25 35499
92 26 22397
92 27 20598
92 28 23520
92 29 37006
92 30 35247
92 31 26068
92 32 37367
92 33 38872
92 34 43019
92 35 50865
92 36 35854
92 37 1011
92 38 6349
92 39 30942
92 40 17278
92 41 15784
92 42 3141
92 43 8086
92 44 5490
92 45 14365
92 46 20234
92 47 29530
92 48 25026
92 49 34928
92 50 29981
92 51 36855
92 52 19858
92 53 16881
92 54 27380
92 55 34555
92 56 28564
92 57 8125
92 58 13236
92 59 -1643
92 60 10586
92 61 4973
92 62 28505
92 63 39875
92 64 37675
92 65 51311
92 66 43326
92 67 31541
92 68 30082
92 69 28148
92 70 33697
92 71 51116
92 72 21448
92 73 19610
92 74 22309
92 75 24874
92 76 30676
92 77 34717
92 78 45972
92 79 38429
92 80 34308
92 81 40277
92 82 19763
92 83 11358
92 84 9284
92 85 659
92 86 6544
92 87 860
92 88 26578
92 89 11915
92 90 43445
92 91 5100
92 93 1617
92 94 5502
92 95 1251
92 96 4013
92 97 267
92 98 1199
92 99 2899
92 100 787
92 101 -7741
93 1 29971
93 2 14161
93 3 38277
93 4 25897
93 5 1868
93 6 8804
93 7 19604
93 8 15167
93 9 43676
93 10 30928
93 11 34111
93 12 30875
93 13 10681
93 14 7524
93 15 15303
93 16 4149
93 17 5787
93 18 11554
93 19 26005
93 20 42310
93 21 25010
93 22 26342
93 23 29074
93 24 38452
93 25 39623
93 26 25704
93 27 21739
93 28 25733
93 29 39883
93 30 35389
93 31 25618
93 32 36706
93 33 40555
93 34 45119
93 35 52328
93 36 32307
93 37 2655
93 38 5329
93 39 35329
93 40 21053
93 41 20195
93 42 6359
93 43 10647
93 44 4096
93 45 10177
93 46 16276
93 47 26286
93 48 22148
93 49 31832
93 50 31640
93 51 37866
93 52 19295
93 53 19636
93 54 31006
93 55 38554
93 56 32991
93 57 12422
93 58 16787
93 59 -879
93 60 7636
93 61 775
93 62 26974
93 63 38501
93 64 35316
93 65 52188
93 66 43603
93 67 35992
93 68 32922
93 69 28826
93 70 33751
93 71 52111
93 72 25821
93 73 23975
93 74 26760
93 75 29334
93 76 32922
93 77 37099
93 78 48081
93 79 40622
93 80 37308
93 81 41944
93 82 16996
93 83 7959
93 84 4970
93 85 -2513
93 86 3337
93 87 5311
93 88 25433
93 89 11915
93 90 42476
93 91 3315
93 92 3072
93 94 7643
93 95 4645
93 96 4013
93 97 4721
93 98 1199
93 99 1255
93 100 1130
93 101 -5878
94 1 22627
94 2 9230
94 3 29865
94 4 18514
94 5 6562
94 6 2746
94 7 17297
94 8 17178
94 9 35984
94 10 26223
94 11 31533
94 12 22335
94 13 3111
94 14 13454
94 15 15192
94 16 12669
94 17 12682
94 18 9747
94 19 24665
94 20 35703
94 21 17963
94 22 21423
94 23 23882
94 24 29994
94 25 32076
94 26 17280
94 27 14205
94 28 17341
94 29 31340
94 30 29046
94 31 20242
94 32 31555
94 33 32530
94 34 36826
94 35 44489
94 36 33716
94 37 7403
94 38 12721
94 39 28810
94 40 13172
94 41 16396
94 42 8076
94 43 13247
94 44 11738
94 45 14563
94 46 19322
94 47 26892
94 48 21883
94 49 31843
94 50 23626
94 51 30456
94 52 14302
94 53 11093
94 54 22751
94 55 30759
94 56 26878
94 57 10138
94 58 8726
94 59 1952
94 60 8988
94 61 9093
94 62 23513
94 63 34622
94 64 33427
94 65 44916
94 66 37050
94 67 29967
94 68 24380
94 69 21818
94 70 27551
94 71 44715
94 72 19445
94 73 17640
94 74 21090
94 75 23737
94 76 24534
94 77 28659
94 78 39780
94 79 32272
94 80 28769
94 81 33933
94 82 16626
94 83 9978
94 84 10595
94 85 5839
94 86 11875
94 87 2869
94 88 21313
94 89 6314
94 90 37865
94 91 11085
94 92 5003
94 93 5689
94 95 807
94 96 3013
94 97 3188
94 98 7257
94 99 4510
94 100 7172
94 101 -14084
95 1 25682
95 2 7983
95 3 32353
95 4 18946
95 5 6822
95 6 5584
95 7 20003
95 8 18758
95 9 38913
95 10 29327
95 11 34366
95 12 24350
95 13 3738
95 14 10411
95 15 12478
95 16 10729
95 17 12350
95 18 12192
95 19 27243
95 20 38836
95 21 18111
95 22 20341
95 23 22992
95 24 31667
95 25 32653
95 26 18926
95 27 17262
95 28 19929
95 29 33440
95 30 32199
95 31 23383
95 32 34700
95 33 35331
95 34 39422
95 35 47353
95 36 35632
95 37 4586
95 38 9893
95 39 28648
95 40 14063
95 41 14826
95 42 4985
95 43 10155
95 44 9094
95 45 15339
95 46 20674
95 47 28995
95 48 24168
95 49 34152
95 50 26454
95 51 33472
95 52 17376
95 53 13280
95 54 24075
95 55 31556
95 56 26454
95 57 7875
95 58 9856
95 59 121
95 60 10392
95 61 7775
95 62 26464
95 63 37654
95 64 36166
95 65 47941
95 66 40182
95 67 29535
95 68 26507
95 69 24935
95 70 30711
95 71 47721
95 72 19147
95 73 17297
95 74 20384
95 75 23014
95 76 27075
95 77 31112
95 78 42375
95 79 34829
95 80 30761
95 81 36736
95 82 18881
95 83 11387
95 84 10723
95 85 3879
95 86 9945
95 87 357
95 88 24331
95 89 9359
95 90 40971
95 91 8664
95 92 2206
95 93 4145
95 94 2261
95 96 3256
95 97 105
95 98 4745
95 99 3812
95 100 4350
95 101 -11260
96 1 25069
96 2 12177
96 3 33323
96 4 22415
96 5 2776
96 6 3827
96 7 16614
96 8 14551
96 9 38721
96 10 26937
96 11 31115
96 12 26157
96 13 6885
96 14 11591
96 15 16240
96 16 9097
96 17 8732
96 18 8582
96 19 23614
96 20 37636
96 21 21757
96 22 24529
96 23 27142
96 24 33920
96 25 36019
96 26 21240
96 27 16779
96 28 20784
96 29 35085
96 30 30789
96 31 21318
96 32 32568
96 33 35558
96 34 40129
96 35 47353
96 36 31500
96 37 5463
96 38 10110
96 39 32501
96 40 17141
96 41 19068
96 42 8076
96 43 13081
96 44 8918
96 45 11154
96 46 16432
96 47 24962
96 48 20276
96 49 30236
96 50 26642
96 51 32965
96 52 15034
96 53 14912
96 54 26744
96 55 34738
96 56 30429
96 57 12011
96 58 12712
96 59 -717
96 60 6188
96 61 5215
96 62 23513
96 63 34907
96 64 32719
96 65 47335
96 66 38959
96 67 33527
96 68 28125
96 69 23993
96 70 29185
96 71 47222
96 72 23051
96 73 21215
96 74 24462
96 75 27104
96 76 27962
96 77 32160
96 78 43093
96 79 35646
96 80 32586
96 81 36948
96 82 14991
96 83 7164
96 84 6776
96 85 2469
96 86 8230
96 87 4466
96 88 21631
96 89 7258
96 90 38554
96 91 8114
96 92 3600
96 93 2145
96 94 3099
96 95 1888
96 97 3813
96 98 4745
96 99 663
96 100 4979
96 101 -10862
97 1 28249
97 2 6546
97 3 34152
97 4 18698
97 5 8614
97 6 8584
97 7 22955
97 8 21178
97 9 41256
97 10 32300
97 11 37345
97 12 25690
97 13 5042
97 14 8072
97 15 9594
97 16 10238
97 17 13401
97 18 15076
97 19 30142
97 20 41550
97 21 17740
97 22 18753
97 23 21481
97 24 32561
97 25 32465
97 26 19977
97 27 19865
97 28 21940
97 29 34781
97 30 34984
97 31 26322
97 32 37633
97 33 37506
97 34 41314
97 35 49589
97 36 38189
97 37 3282
97 38 7919
97 39 27787
97 40 14554
97 41 12807
97 42 1998
97 43 7171
97 44 7541
97 45 17233
97 46 22900
97 47 31670
97 48 26947
97 49 36920
97 50 28685
97 51 35957
97 52 20362
97 53 15008
97 54 24672
97 55 31596
97 56 25402
97 57 5385
97 58 10759
97 59 1121
97 60 12850
97 61 8117
97 62 29463
97 63 40652
97 64 39117
97 65 50423
97 66 42891
97 67 28381
97 68 27916
97 69 27629
97 70 33535
97 71 50174
97 72 18299
97 73 16465
97 74 19149
97 75 21719
97 76 28965
97 77 32883
97 78 44276
97 79 36698
97 80 32032
97 81 38908
97 82 21658
97 83 13774
97 84 12276
97 85 3714
97 86 9318
97 87 -2108
97 88 27329
97 89 12350
97 90 43944
97 91 7682
97 92 1762
97 93 4761
97 94 5182
97 95 645
97 96 5721
97 98 4037
97 99 5498
97 100 2746
97 101 -8921
98 1 31609
98 2 12268
98 3 39000
98 4 24695
98 5 5009
98 6 10401
98 7 22544
98 8 18321
98 9 45127
98 10 33503
98 11 37073
98 12 31052
98 13 10344
98 14 4911
98 15 12247
98 16 4260
98 17 8112
98 18 14455
98 19 29085
98 20 44326
98 21 23734
98 22 24159
98 23 26876
98 24 38265
98 25 38464
98 26 25559
98 27 23233
98 28 26516
98 29 40146
98 30 37493
98 31 27989
98 32 39198
98 33 41744
98 34 46017
98 35 53676
98 36 35456
98 37 -403
98 38 3567
98 39 33624
98 40 20408
98 41 17710
98 42 3239
98 43 7499
98 44 2519
98 45 13139
98 46 19338
98 47 29448
98 48 25280
98 49 34990
98 50 32836
98 51 39489
98 52 21680
98 53 19979
98 54 30520
98 55 37588
98 56 31162
98 57 9794
98 58 16396
98 59 -273
98 60 10739
98 61 2391
98 62 29785
98 63 41272
98 64 38374
98 65 53909
98 66 45653
98 67 34033
98 68 33215
98 69 30616
98 70 35892
98 71 53755
98 72 24181
98 73 22367
98 74 24837
98 75 27342
98 76 33695
98 77 37771
98 78 48970
98 79 41444
98 80 37457
98 81 43146
98 82 20107
98 83 11121
98 84 7877
98 85 -2179
98 86 3402
98 87 3136
98 88 28093
98 89 13966
98 90 45093
98 91 1956
98 92 1762
98 93 307
98 94 8319
98 95 4353
98 96 5721
98 97 3105
98 99 3526
98 100 -1708
98 101 -4866
99 1 27145
99 2 13269
99 3 35558
99 4 24192
99 5 1563
99 6 5987
99 7 17527
99 8 14274
99 9 40847
99 10 28421
99 11 32062
99 12 28358
99 13 8689
99 14 9969
99 15 16090
99 16 6867
99 17 6993
99 18 9429
99 19 24246
99 20 39543
99 21 23425
99 22 25610
99 23 28298
99 24 36073
99 25 37851
99 26 23363
99 27 18912
99 28 23020
99 29 37306
99 30 32645
99 31 22978
99 32 34143
99 33 37745
99 34 42351
99 35 49503
99 36 31383
99 37 4183
99 38 8114
99 39 34027
99 40 19055
99 41 19853
99 42 7503
99 43 12255
99 44 6889
99 45 10177
99 46 15857
99 47 25071
99 48 20631
99 49 30497
99 50 28831
99 51 35041
99 52 16656
99 53 17108
99 54 28808
99 55 36648
99 56 31838
99 57 12422
99 58 14676
99 59 -1643
99 60 6130
99 61 3021
99 62 24698
99 63 36176
99 64 33476
99 65 49372
99 66 40847
99 67 34915
99 68 30344
99 69 26012
99 70 31017
99 71 49288
99 72 24530
99 73 22681
99 74 25746
99 75 28369
99 76 30196
99 77 34395
99 78 45317
99 79 37875
99 80 34789
99 81 39132
99 82 15388
99 83 6888
99 84 5367
99 85 316
99 86 5994
99 87 4963
99 88 22996
99 89 9131
99 90 40004
99 91 6086
99 92 3072
99 93 -27
99 94 5182
99 95 3030
99 96 1249
99 97 4176
99 98 3136
99 100 3376
99 101 -8633
100 1 34601
100 2 12805
100 3 41537
100 4 25735
100 5 7529
100 6 13476
100 7 25589
100 8 20800
100 9 48025
100 10 36662
100 11 40105
100 12 33272
100 13 12531
100 14 1750
100 15 10523
100 16 3451
100 17 9161
100 18 17520
100 19 31987
100 20 47421
100 21 24789
100 22 24088
100 23 26698
100 24 40162
100 25 39496
100 26 27592
100 27 26197
100 28 29146
100 29 42371
100 30 40612
100 31 31148
100 32 42361
100 33 44528
100 34 48632
100 35 56520
100 36 37856
100 37 1011
100 38 692
100 39 34074
100 40 22117
100 41 17185
100 42 1428
100 43 4871
100 44 -49
100 45 15062
100 46 21432
100 47 32054
100 48 28071
100 49 37645
100 50 35638
100 51 42461
100 52 24842
100 53 22410
100 54 32209
100 55 38820
100 56 31502
100 57 9215
100 58 18374
100 59 2829
100 60 13617
100 61 3260
100 62 32896
100 63 44398
100 64 41307
100 65 56904
100 66 48755
100 67 34132
100 68 35486
100 69 33663
100 70 39020
100 71 56726
100 72 24807
100 73 23068
100 74 25120
100 75 27499
100 76 36280
100 77 40286
100 78 51586
100 79 44033
100 80 39631
100 81 45934
100 82 22956
100 83 13774
100 84 9836
100 85 -869
100 86 2105
100 87 3649
100 88 31241
100 89 17102
100 90 48249
100 91 646
100 92 4257
100 93 3145
100 94 11141
100 95 6865
100 96 8862
100 97 4721
100 98 1199
100 99 6673
100 101 -2084
END
NODE_CONSUMPTION
0 1 10
0 2 7
0 3 13
0 4 19
0 5 26
0 6 3
0 7 5
0 8 9
0 9 16
0 10 16
0 11 12
0 12 19
0 13 23
0 14 20
0 15 8
0 16 19
0 17 2
0 18 12
0 19 17
0 20 9
0 21 11
0 22 18
0 23 29
0 24 3
0 25 6
0 26 17
0 27 16
0 28 16
0 29 9
0 30 21
0 31 27
0 32 23
0 33 11
0 34 14
0 35 8
0 36 5
0 37 8
0 38 16
0 39 31
0 40 9
0 41 5
0 42 5
0 43 7
0 44 18
0 45 16
0 46 1
0 47 27
0 48 36
0 49 30
0 50 13
0 51 10
0 52 9
0 53 14
0 54 18
0 55 2
0 56 6
0 57 7
0 58 18
0 59 28
0 60 3
0 61 13
0 62 19
0 63 10
0 64 9
0 65 20
0 66 25
0 67 25
0 68 36
0 69 6
0 70 5
0 71 15
0 72 25
0 73 9
0 74 8
0 75 18
0 76 13
0 77 14
0 78 3
0 79 23
0 80 6
0 81 26
0 82 16
0 83 11
0 84 7
0 85 41
0 86 35
0 87 26
0 88 9
0 89 15
0 90 3
0 91 1
0 92 2
0 93 22
0 94 27
0 95 20
0 96 11
0 97 12
0 98 10
0 99 9
0 100 17
END
