NAME : ./data/ESPPRC - Test Instances/E-n101-k8_a.simplified-vrp
SIZE : 102
DIRECTED : 1
CYCLIC : 1
ORIGIN : 0
DESTINATION : 101
RESOURCES : 1
RES_NAMES : 0
RES_TYPE
0 CAP
END
RES_BOUND
0 0 200
END
EDGE_COST
0 1 8274
0 2 13743
0 3 17378
0 4 14439
0 5 13424
0 6 5647
0 7 15651
0 8 19261
0 9 22549
0 10 14874
0 11 24388
0 12 11297
0 13 2804
0 14 24825
0 15 19405
0 16 24393
0 17 23149
0 18 8402
0 19 19875
0 20 24584
0 21 13334
0 22 20972
0 23 21857
0 24 19118
0 25 24916
0 26 3060
0 27 2077
0 28 2508
0 29 19256
0 30 16646
0 31 9149
0 32 21023
0 33 20537
0 34 22034
0 35 34490
0 36 33040
0 37 20297
0 38 22528
0 39 23374
0 40 3983
0 41 17129
0 42 16691
0 43 22005
0 44 21583
0 45 17879
0 46 23790
0 47 24050
0 48 14508
0 49 28213
0 50 8595
0 51 19027
0 52 8380
0 53 555
0 54 13426
0 55 22928
0 56 25787
0 57 17893
0 58 2436
0 59 11958
0 60 14210
0 61 17854
0 62 17208
0 63 27302
0 64 26805
0 65 30291
0 66 25031
0 67 22900
0 68 11551
0 69 8975
0 70 15602
0 71 30006
0 72 17305
0 73 17743
0 74 21917
0 75 20976
0 76 9471
0 77 16987
0 78 26591
0 79 16851
0 80 14949
0 81 17775
0 82 16742
0 83 14668
0 84 17767
0 85 13565
0 86 19922
0 87 8881
0 88 13178
0 89 5400
0 90 29617
0 91 23242
0 92 18120
0 93 17539
0 94 5073
0 95 7578
0 96 13421
0 97 11209
0 98 18315
0 99 14094
0 100 18028
1 2 28301
1 3 9577
1 4 21641
1 5 25010
1 6 19306
1 7 15462
1 8 24587
1 9 8337
1 10 4935
1 11 17248
1 12 12940
1 13 18025
1 14 39681
1 15 34345
1 16 37688
1 17 33441
1 18 15438
1 19 16090
1 20 9453
1 21 24581
1 22 33251
1 23 31975
1 24 16903
1 25 29018
1 26 11296
1 27 7894
1 28 8183
1 29 13465
1 30 2196
1 31 2125
1 32 7904
1 33 8147
1 34 10717
1 35 20656
1 36 32162
1 37 34889
1 38 36953
1 39 30996
1 40 16824
1 41 30279
1 42 31915
1 43 37225
1 44 35791
1 45 25412
1 46 27335
1 47 23579
1 48 14865
1 49 24106
1 50 -2051
1 51 4143
1 52 12298
1 53 14522
1 54 16234
1 55 26524
1 56 35478
1 57 32777
1 58 16918
1 59 26170
1 60 24484
1 61 30647
1 62 10948
1 63 16787
1 64 18496
1 65 15361
1 66 9832
1 67 30145
1 68 8201
1 69 1281
1 70 2569
1 71 15184
1 72 28374
1 73 29758
1 74 33666
1 75 32024
1 76 4449
1 77 10705
1 78 15751
1 79 7328
1 80 13063
1 81 5055
1 82 19495
1 83 23120
1 84 28422
1 85 27340
1 86 32837
1 87 24111
1 88 9240
1 89 16918
1 90 17959
1 91 37329
1 92 32750
1 93 31262
1 94 19658
1 95 22394
1 96 27226
1 97 26253
1 98 32664
1 99 27746
1 100 32587
1 101 10705
2 1 25600
2 3 29426
2 4 9663
2 5 16662
2 6 10868
2 7 30687
2 8 29081
2 9 37957
2 10 32669
2 11 41136
2 12 19728
2 13 1058
2 14 13999
2 15 1991
2 16 20417
2 17 25431
2 18 20050
2 19 35283
2 20 41992
2 21 5746
2 22 6253
2 23 9125
2 24 24104
2 25 21525
2 26 8281
2 27 20077
2 28 17064
2 29 27711
2 30 34441
2 31 26913
2 32 39023
2 33 35135
2 34 34393
2 35 49023
2 36 45843
2 37 14381
2 38 12413
2 39 14898
2 40 2237
2 41 474
2 42 3279
2 43 6268
2 44 13880
2 45 24529
2 46 33599
2 47 37279
2 48 28045
2 49 42950
2 50 23935
2 51 35425
2 52 24269
2 53 10225
2 54 15682
2 55 21101
2 56 15263
2 57 529
2 58 2436
2 59 9806
2 60 20941
2 61 16401
2 62 34163
2 63 44986
2 64 43532
2 65 46156
2 66 42257
2 67 13213
2 68 20587
2 69 26876
2 70 33558
2 71 45888
2 72 6875
2 73 6618
2 74 9025
2 75 8423
2 76 22472
2 77 28912
2 78 39127
2 79 29310
2 80 22854
2 81 32248
2 82 29474
2 83 22573
2 84 21221
2 85 10190
2 86 15583
2 87 -2433
2 88 30082
2 89 16525
2 90 47528
2 91 17730
2 92 13663
2 93 15676
2 94 6485
2 95 4919
2 96 14558
2 97 4774
2 98 13547
2 99 14094
2 100 11015
2 101 13473
3 1 7602
3 2 30152
3 4 14439
3 5 35528
3 6 28008
3 7 29793
3 8 38056
3 9 5533
3 10 18534
3 11 31158
3 12 7477
3 13 23640
3 14 45960
3 15 36161
3 16 46716
3 17 44937
3 18 27946
3 19 30579
3 20 15322
3 21 22232
3 22 30447
3 23 25801
3 24 3260
3 25 18301
3 26 9908
3 27 17693
3 28 12308
3 29 -1090
3 30 12364
3 31 16685
3 32 18264
3 33 3058
3 34 120
3 35 14994
3 36 46722
3 37 42096
3 38 44133
3 39 22780
3 40 17803
3 41 28429
3 42 36473
3 43 40631
3 44 43517
3 45 38221
3 46 41407
3 47 38115
3 48 29284
3 49 38410
3 50 -130
3 51 6419
3 52 25137
3 53 18887
3 54 6747
3 55 15874
3 56 29642
3 57 34922
3 58 20251
3 59 34116
3 60 35742
3 61 40213
3 62 25328
3 63 29252
3 64 31511
3 65 13118
3 66 13170
3 67 20798
3 68 -3744
3 69 14920
3 70 15602
3 71 13432
3 72 24916
3 73 27701
3 74 30562
3 75 27716
3 76 527
3 77 117
3 78 4747
3 79 -5097
3 80 1916
3 81 -811
3 82 33468
3 83 35346
3 84 39610
3 85 35820
3 86 42273
3 87 28680
3 88 23776
3 89 27076
3 90 29926
3 91 45337
3 92 39959
3 93 39835
3 94 27163
3 95 29332
3 96 35747
3 97 32423
3 98 40322
3 99 36426
3 100 39790
3 101 17834
4 1 25244
4 2 15967
4 3 20017
4 5 34039
4 6 26090
4 7 40536
4 8 43549
4 9 30533
4 10 36549
4 11 47856
4 12 12108
4 13 17119
4 14 34040
4 15 18146
4 16 40238
4 17 43725
4 18 32902
4 19 44428
4 20 39059
4 21 5306
4 22 8188
4 23 801
4 24 7146
4 25 1375
4 26 6022
4 27 25361
4 28 18206
4 29 13193
4 30 33871
4 31 31685
4 32 39947
4 33 27840
4 34 22379
4 35 39159
4 36 58040
4 37 34084
4 38 32304
4 39 -1163
4 40 8614
4 41 6652
4 42 23212
4 43 24064
4 44 34100
4 45 40926
4 46 48264
4 47 49048
4 48 39507
4 49 52874
4 50 19784
4 51 30572
4 52 33301
4 53 17178
4 54 -158
4 55 1009
4 56 4827
4 57 19050
4 58 13306
4 59 28388
4 60 36679
4 61 35545
4 62 40754
4 63 48810
4 64 49921
4 65 37789
4 66 37873
4 67 -1754
4 68 9199
4 69 29259
4 70 34756
4 71 38387
4 72 3777
4 73 9020
4 74 8722
4 75 4008
4 76 16623
4 77 20376
4 78 28085
4 79 19368
4 80 10883
4 81 24189
4 82 41678
4 83 37958
4 84 38790
4 85 29594
4 86 35606
4 87 17570
4 88 37129
4 89 29050
4 90 50141
4 91 37642
4 92 32796
4 93 34507
4 94 22864
4 95 22977
4 96 31891
4 97 24021
4 98 33069
4 99 32112
4 100 31040
4 101 20473
5 1 25244
5 2 19597
5 3 37737
5 4 30670
5 6 4467
5 7 15054
5 8 6940
5 9 40533
5 10 22920
5 11 26202
5 12 31652
5 13 7435
5 14 12809
5 15 18146
5 16 6418
5 17 2735
5 18 3771
5 19 17859
5 20 39059
5 21 26929
5 22 30102
5 23 32971
5 24 39367
5 25 42365
5 26 21880
5 27 19438
5 28 23109
5 29 39871
5 30 30202
5 31 18888
5 32 30852
5 33 39687
5 34 41880
5 35 52858
5 36 24336
5 37 10264
5 38 7028
5 39 37869
5 40 18298
5 41 23735
5 42 11321
5 43 15989
5 44 6185
5 45 766
5 46 10526
5 47 16771
5 48 8796
5 49 23332
5 50 27859
5 51 36146
5 52 14758
5 53 18106
5 54 32634
5 55 40973
5 56 38629
5 57 19457
5 58 14759
5 59 2639
5 60 654
5 61 -933
5 62 21124
5 63 33178
5 64 27286
5 65 46829
5 66 39352
5 67 36734
5 68 32149
5 69 24612
5 70 28566
5 71 46984
5 72 29761
5 73 29398
5 74 32675
5 75 32140
5 76 29875
5 77 37451
5 78 46517
5 79 36992
5 80 35447
5 81 36837
5 82 10418
5 83 644
5 84 -2441
5 85 -1395
5 86 846
5 87 8188
5 88 18540
5 89 8483
5 90 37679
5 91 8630
5 92 10365
5 93 3999
5 94 4433
5 95 4374
5 96 5773
5 97 7458
5 98 6904
5 99 3004
5 100 6355
5 101 16089
6 1 17881
6 2 12144
6 3 28558
6 4 21062
6 5 2808
6 7 15054
6 8 12861
6 9 32959
6 10 19793
6 11 26202
6 12 21792
6 13 -1305
6 14 15170
6 15 14486
6 16 13266
6 17 12735
6 18 3771
6 19 19482
6 20 33272
6 21 17667
6 22 22330
6 23 24852
6 24 29429
6 25 32606
6 26 11880
6 27 11219
6 28 13647
6 29 30227
6 30 24692
6 31 14489
6 32 27285
6 33 31387
6 34 33148
6 35 45115
6 36 29442
6 37 10264
6 38 12118
6 39 28760
6 40 8614
6 41 16868
6 42 9224
6 43 14903
6 44 10953
6 45 9340
6 46 17528
6 47 20909
6 48 11765
6 49 26766
6 50 19427
6 51 28979
6 52 10219
6 53 8125
6 54 22638
6 55 31104
6 56 29868
6 57 14011
6 58 5086
6 59 1365
6 60 5126
6 61 6677
6 62 19731
6 63 31425
6 64 28338
6 65 40177
6 66 33778
6 67 27914
6 68 22453
6 69 17618
6 70 23143
6 71 40024
6 72 20910
6 73 20640
6 74 24339
6 75 23801
6 76 20652
6 77 28160
6 78 37717
6 79 28012
6 80 25634
6 81 28608
6 82 13141
6 83 6611
6 84 7472
6 85 2585
6 86 8754
6 87 2865
6 88 15966
6 89 1499
6 90 34851
6 91 12496
6 92 8279
6 93 6511
6 94 -3807
6 95 -1288
6 96 2400
6 97 3004
6 98 7872
6 99 3004
6 100 7878
6 101 6653
7 1 14066
7 2 31992
7 3 30372
7 4 35537
7 5 13424
7 6 15083
7 8 5219
7 9 26934
7 10 3521
7 11 5847
7 12 29838
7 13 18550
7 14 33120
7 15 35089
7 16 26861
7 17 17735
7 18 2591
7 19 -961
7 20 22116
7 21 34357
7 22 41216
7 23 42810
7 24 36552
7 25 45458
7 26 23896
7 27 15105
7 28 20881
7 29 34144
7 30 13512
7 31 2865
7 32 11230
7 33 28839
7 34 31255
7 35 38994
7 36 12231
7 37 29084
7 38 27536
7 39 44575
7 40 24819
7 41 36568
7 42 29406
7 43 34925
7 44 26801
7 45 7163
7 46 6433
7 47 3261
7 48 -6015
7 49 7085
7 50 18790
7 51 22184
7 52 6965
7 53 21578
7 54 33166
7 55 43239
7 56 46910
7 57 34548
7 58 22225
7 59 20173
7 60 12461
7 61 19562
7 62 657
7 63 12622
7 64 7745
7 65 30291
7 66 21548
7 67 44106
7 68 27816
7 69 14072
7 70 12535
7 71 31491
7 72 38250
7 73 38422
7 74 42542
7 75 41791
7 76 23902
7 77 31023
7 78 36576
7 79 28351
7 80 32129
7 81 25417
7 82 -751
7 83 7891
7 84 14460
7 85 18827
7 86 20344
7 87 23481
7 88 268
7 89 12555
7 90 17616
7 91 29031
7 92 27806
7 93 23368
7 94 16801
7 95 19188
7 96 21244
7 97 23432
7 98 26072
7 99 20601
7 100 26048
7 101 16686
8 1 24617
8 2 31812
8 3 40061
8 4 39976
8 5 6736
8 6 14316
8 7 6645
8 9 38637
8 10 15628
8 11 15013
8 12 37089
8 13 18531
8 14 26186
8 15 31933
8 16 18238
8 17 6663
8 18 3031
8 19 5579
8 20 34301
8 21 37187
8 22 42150
8 23 44699
8 24 44697
8 25 50990
8 26 29216
8 27 22256
8 28 27758
8 29 43432
8 30 25633
8 31 14532
8 32 23092
8 33 39710
8 34 42272
8 35 50838
8 36 10428
8 37 24164
8 38 18430
8 39 48233
8 40 27789
8 41 36433
8 42 25211
8 43 29888
8 44 18710
8 45 -4873
8 46 -2244
8 47 2998
8 48 -3808
8 49 9599
8 50 28840
8 51 33886
8 52 14066
8 53 25630
8 54 39663
8 55 49113
8 56 49590
8 57 32711
8 58 24445
8 59 16108
8 60 7584
8 61 11464
8 62 12231
8 63 23438
8 64 14652
8 65 42490
8 66 33738
8 67 47542
8 68 36347
8 69 24104
8 70 24474
8 71 43580
8 72 40637
8 73 40420
8 74 44181
8 75 43639
8 76 32832
8 77 40289
8 78 47315
8 79 38562
8 80 40244
8 81 36514
8 82 -179
8 83 784
8 84 5478
8 85 12383
8 86 10277
8 87 21302
8 88 12301
8 89 14289
8 90 29258
8 91 22145
8 92 23922
8 93 17907
8 94 15658
8 95 16919
8 96 18157
8 97 20631
8 98 20825
8 99 16324
8 100 20235
8 101 21722
9 1 10846
9 2 43167
9 3 10017
9 4 29439
9 5 42808
9 6 36893
9 7 30839
9 8 41116
9 10 14379
9 11 26202
9 12 21792
9 13 34636
9 14 56840
9 15 49406
9 16 55446
9 17 51045
9 18 32902
9 19 27859
9 20 4141
9 21 36537
9 22 45036
9 23 40801
9 24 16044
9 25 32606
9 26 23503
9 27 25361
9 28 23109
9 29 9548
9 30 6151
9 31 16983
9 32 8955
9 33 4024
9 34 -2842
9 35 2887
9 36 44640
9 37 52235
9 38 54432
9 39 37663
9 40 30882
9 41 42838
9 42 48336
9 43 53197
9 44 53348
9 45 42436
9 46 42664
9 47 37015
9 48 29460
9 49 33930
9 50 6888
9 51 -1574
9 52 29823
9 53 30215
9 54 21686
9 55 30320
9 56 44623
9 57 47924
9 58 32330
9 59 43672
9 60 42225
9 61 48439
9 62 22777
9 63 21785
9 64 23749
9 65 -1254
9 66 -1148
9 67 35331
9 68 11197
9 69 19013
9 70 12946
9 71 -1409
9 72 39554
9 73 42003
9 74 45174
9 75 42557
9 76 12793
9 77 14406
9 78 5527
9 79 3463
9 80 16876
9 81 -3811
9 82 35477
9 83 40584
9 84 46133
9 85 44995
9 86 50635
9 87 40426
9 88 24026
9 89 34688
9 90 22368
9 91 54910
9 92 50064
9 93 48915
9 94 36963
9 95 39573
9 96 44826
9 97 43208
9 98 50130
9 99 45396
9 100 49959
9 101 27489
10 1 8598
10 2 39033
10 3 24172
10 4 36609
10 5 26349
10 6 24881
10 7 8580
10 8 19261
10 9 15533
10 11 2027
10 12 28313
10 13 26624
10 14 45011
10 15 43991
10 16 39959
10 17 31786
10 18 14952
10 19 2859
10 20 8772
10 21 38026
10 22 46248
10 23 46216
10 24 32130
10 25 44526
10 26 25421
10 27 17693
10 28 21678
10 29 27894
10 30 1151
10 31 -253
10 32 -2681
10 33 20130
10 34 21333
10 35 26830
10 36 19640
10 37 40315
10 38 40517
10 39 46007
10 40 29204
10 41 42609
10 42 39570
10 43 45257
10 44 39462
10 45 21282
10 46 18785
10 47 12206
10 48 5493
10 49 9579
10 50 13025
10 51 11206
10 52 14329
10 53 25916
10 54 31732
10 55 42043
10 56 49807
10 57 42740
10 58 27906
10 59 31262
10 60 25251
10 61 32608
10 62 -1962
10 63 1861
10 64 2958
10 65 16596
10 66 7556
10 67 45324
10 68 23595
10 69 11574
10 70 2569
10 71 18505
10 72 42003
10 73 42840
10 74 46969
10 75 45746
10 76 19992
10 77 25890
10 78 27543
10 79 20844
10 80 28567
10 81 15899
10 82 13267
10 83 21591
10 84 28106
10 85 31040
10 86 33963
10 87 32544
10 88 2887
10 89 21718
10 90 4439
10 91 41288
10 92 38568
10 93 35238
10 94 26273
10 95 29058
10 96 32113
10 97 33323
10 98 37577
10 99 32041
10 100 37667
10 101 20968
11 1 19443
11 2 46032
11 3 35328
11 4 46448
11 5 28163
11 6 29822
11 7 9438
11 8 17178
11 9 25888
11 10 559
11 12 38723
11 13 32855
11 14 48036
11 15 49819
11 16 41336
11 17 30814
11 18 17591
11 19 -5070
11 20 17961
11 21 46784
11 22 54461
11 23 55263
11 24 43201
11 25 55015
11 26 34892
11 27 26232
11 28 31183
11 29 39072
11 30 11767
11 31 8714
11 32 2547
11 33 31246
11 34 32076
11 35 36453
11 36 10322
11 37 44084
11 38 41949
11 39 55803
11 40 37524
11 41 50299
11 42 44347
11 43 49902
11 44 41481
11 45 19138
11 46 13081
11 47 4845
11 48 1470
11 49 -1401
11 50 24074
11 51 21934
11 52 20153
11 53 34096
11 54 42246
11 55 52573
11 56 59015
11 57 49040
11 58 35535
11 59 35166
11 60 27327
11 61 34132
11 62 -225
11 63 436
11 64 -6714
11 65 24042
11 66 14617
11 67 55254
11 68 34580
11 69 21568
11 70 13742
11 71 27466
11 72 50779
11 73 51284
11 74 55458
11 75 54485
11 76 30833
11 77 36950
11 78 38539
11 79 32016
11 80 39461
11 81 26877
11 82 12100
11 83 22209
11 84 28607
11 85 33729
11 86 34216
11 87 38172
11 88 8261
11 89 26994
11 90 8548
11 91 43901
11 92 42781
11 93 38340
11 94 31502
11 95 34016
11 96 36210
11 97 38287
11 98 41066
11 99 35601
11 100 41029
11 101 29014
12 1 9685
12 2 19174
12 3 6197
12 4 5250
12 5 28163
12 6 19962
12 7 27979
12 8 33804
12 9 16028
12 10 21395
12 11 33273
12 13 13985
12 14 35821
12 15 25047
12 16 37958
12 17 38012
12 18 23005
12 19 30871
12 20 23375
12 21 11117
12 22 19541
12 23 16215
12 24 4118
12 25 12588
12 26 -1049
12 27 12888
12 28 5403
12 29 5075
12 30 18077
12 31 17180
12 32 24185
12 33 13041
12 34 10978
12 35 26149
12 36 45760
12 37 32625
12 38 34185
12 39 14483
12 40 6945
12 41 17387
12 42 25909
12 43 29698
12 44 33987
12 45 32826
12 46 38051
12 47 36802
12 48 27424
12 49 39281
12 50 3993
12 51 15123
12 52 21418
12 53 9684
12 54 -158
12 55 10157
12 56 19776
12 57 23904
12 58 10024
12 59 25170
12 60 29197
12 61 31919
12 62 26426
12 63 33423
12 64 34958
12 65 24042
12 66 22547
12 67 13519
12 68 -2616
12 69 14501
12 70 19205
12 71 24079
12 72 14068
12 73 16592
12 74 19681
12 75 17212
12 76 890
12 77 5833
12 78 15775
12 79 6062
12 80 179
12 81 9836
12 82 30418
12 83 29629
12 84 32641
12 85 26944
12 86 33608
12 87 18299
12 88 23354
12 89 20400
12 90 34584
12 91 36114
12 92 30606
12 93 31129
12 94 18329
12 95 20025
12 96 27277
12 97 22657
12 98 31070
12 99 27922
12 100 30221
12 101 10473
13 1 19443
13 2 5177
13 3 27033
13 4 14934
13 5 8619
13 6 1538
13 7 21364
13 8 19919
13 9 33545
13 10 24379
13 11 32078
13 12 18658
13 14 14022
13 15 8991
13 16 15854
13 17 18230
13 18 10619
13 19 25938
13 20 35681
13 21 11117
13 22 15259
13 23 17817
13 24 25519
13 25 26730
13 26 7691
13 27 12888
13 28 12462
13 29 27436
13 30 27552
13 31 18704
13 32 31306
13 33 31246
13 34 32076
13 35 45309
13 36 36462
13 37 10264
13 38 12118
13 39 22099
13 40 2803
13 41 9900
13 42 5514
13 43 10916
13 44 11647
13 45 16019
13 46 24557
13 47 27858
13 48 18611
13 49 33525
13 50 19427
13 51 30180
13 52 15314
13 53 5303
13 54 17917
13 55 25526
13 56 23001
13 57 7851
13 58 -536
13 59 3209
13 60 11993
13 61 10387
13 62 25254
13 63 36476
13 64 34406
13 65 41418
13 66 36158
13 67 21096
13 68 19703
13 69 19896
13 70 26287
13 71 41119
13 72 14068
13 73 13743
13 74 17320
13 75 16792
13 76 19314
13 77 26495
13 78 36637
13 79 26765
13 80 22490
13 81 28477
13 82 20045
13 83 13573
13 84 13361
13 85 4861
13 86 11493
13 87 -2224
13 88 21238
13 89 7170
13 90 39380
13 91 13785
13 92 8279
13 93 9333
13 94 -2497
13 95 -2189
13 96 6403
13 97 407
13 98 8760
13 99 6651
13 100 7878
13 101 6653
14 1 39914
14 2 16933
14 3 48168
14 4 30670
14 5 12808
14 6 16828
14 7 34749
14 8 26389
14 9 54564
14 10 41581
14 11 46074
14 12 39309
14 13 12837
14 15 4802
14 16 6418
14 17 15096
14 18 23005
14 19 37859
14 20 55611
14 21 26929
14 22 24046
14 23 26112
14 24 45020
14 25 42365
14 26 27936
14 27 33133
14 28 33666
14 29 47946
14 30 47053
14 31 36629
14 32 49321
14 33 52417
14 34 53246
14 35 66453
14 36 43302
14 37 10264
14 38 -8718
14 39 34447
14 40 21958
14 41 15433
14 42 416
14 43 -1541
14 44 -4650
14 45 18135
14 46 28484
14 47 36375
14 48 28753
14 49 42975
14 50 40542
14 51 50923
14 52 32180
14 53 26497
14 54 36720
14 55 42194
14 56 34634
14 57 11815
14 58 19782
14 59 9386
14 60 20265
14 61 6677
14 62 40549
14 63 52582
14 64 47286
14 65 62202
14 66 56123
14 67 31277
14 68 40393
14 69 39855
14 70 45497
14 71 61955
14 72 27391
14 73 27451
14 74 28465
14 75 27206
14 76 40509
14 77 47618
14 78 57817
14 79 47936
14 80 42946
14 81 49653
14 82 30418
14 83 20592
14 84 14814
14 85 2585
14 86 -1832
14 87 5760
14 88 37360
14 89 23713
14 90 56571
14 91 6630
14 92 13627
14 93 11609
14 94 13279
14 95 9917
14 96 16542
14 97 8870
14 98 8760
14 99 13364
14 100 2530
14 101 27489
15 1 38396
15 2 8743
15 3 42187
15 4 18594
15 5 21963
15 6 19962
15 7 40536
15 8 35954
15 9 50948
15 10 44379
15 11 51675
15 12 32353
15 13 11624
15 14 8620
15 16 20238
15 17 28090
15 18 28992
15 19 44868
15 20 54808
15 21 16519
15 22 9857
15 23 10801
15 24 35216
15 25 29454
15 26 21035
15 27 32432
15 28 30021
15 29 39672
15 30 47053
15 31 38696
15 32 51218
15 33 48104
15 34 47011
15 35 61929
15 36 53357
15 37 17112
15 38 5102
15 39 20209
15 40 15164
15 41 433
15 42 416
15 43 -4891
15 44 10717
15 45 29528
15 46 39635
15 47 45388
15 48 36685
15 49 51698
15 50 36934
15 51 48404
15 52 35184
15 53 23009
15 54 26747
15 55 30055
15 56 20623
15 57 1978
15 58 15221
15 59 15178
15 60 27962
15 61 18532
15 62 45052
15 63 56444
15 64 53832
15 65 59152
15 66 55139
15 67 16037
15 68 32975
15 69 39388
15 70 45985
15 71 58887
15 72 15081
15 73 16057
15 74 15209
15 75 13116
15 76 35412
15 77 41707
15 78 51830
15 79 42071
15 80 35085
15 81 45198
15 82 38016
15 83 29350
15 84 25638
15 85 12566
15 86 13636
15 87 3649
15 88 41113
15 89 26665
15 90 59376
15 91 18148
15 92 18523
15 93 19763
15 94 15392
15 95 12359
15 96 21566
15 97 10767
15 98 16471
15 99 19860
15 100 11678
15 101 25887
16 1 35492
16 2 20922
16 3 46495
16 4 34439
16 5 3988
16 6 12495
16 7 26061
16 8 16012
16 9 50741
16 10 34100
16 11 36945
16 12 39017
16 13 12240
16 14 3989
16 15 13991
16 17 3915
16 18 14952
16 19 28170
16 20 49970
16 21 30306
16 22 30447
16 23 33235
16 24 46127
16 25 46375
16 26 28281
16 27 29093
16 28 31538
16 29 47733
16 30 41151
16 31 29960
16 32 42032
16 33 49378
16 34 51170
16 35 62980
16 36 32432
16 37 9084
16 38 -4087
16 39 40039
16 40 23217
16 41 22807
16 42 7321
16 43 9230
16 44 -4224
16 45 7163
16 46 17442
16 47 25901
16 48 18845
16 49 32447
16 50 37428
16 51 46553
16 52 25667
16 53 25238
16 54 38476
16 55 45550
16 56 40319
16 57 18107
16 58 20064
16 59 5859
16 60 11834
16 61 -3169
16 62 32210
16 63 44239
16 64 37505
16 65 57517
16 66 50337
16 67 37978
16 68 39942
16 69 34993
16 70 39507
16 71 57524
16 72 32049
16 73 31750
16 74 33994
16 75 33216
16 76 38596
16 77 46054
16 78 55735
16 79 46005
16 80 42895
16 81 46589
16 82 20877
16 83 11037
16 84 4481
16 85 -3132
16 86 -9108
16 87 8607
16 88 29720
16 89 18332
16 90 48846
16 91 2729
16 92 11901
16 93 6235
16 94 10495
16 95 8236
16 96 12049
16 97 9037
16 98 6110
16 99 8263
16 100 2232
16 101 24628
17 1 33748
17 2 28439
17 3 47219
17 4 40429
17 5 2808
17 6 14467
17 7 19438
17 8 6940
17 9 48843
17 10 28430
17 11 28926
17 12 41574
17 13 17119
17 14 15170
17 15 24346
17 16 6418
17 18 10619
17 19 19482
17 20 46112
17 21 36537
17 22 38767
17 23 41703
17 24 49326
17 25 52203
17 26 31880
17 27 28700
17 28 32857
17 29 49631
17 30 37249
17 31 25744
17 32 36227
17 33 48580
17 34 50978
17 35 61195
17 36 21790
17 37 17112
17 38 5102
17 39 47274
17 40 28158
17 41 31833
17 42 17369
17 43 20279
17 44 6781
17 45 -3214
17 46 6570
17 47 16018
17 48 10114
17 49 22294
17 50 36934
17 51 44255
17 52 22620
17 53 28099
17 54 42632
17 55 50886
17 56 47845
17 57 27148
17 58 24638
17 59 11242
17 60 8831
17 61 1579
17 62 25551
17 63 37151
17 64 28338
17 65 54239
17 66 46056
17 67 45888
17 68 41961
17 69 33044
17 70 35738
17 71 54750
17 72 39105
17 73 38728
17 74 41705
17 75 41118
17 76 39426
17 77 47018
17 78 55693
17 79 46324
17 80 45332
17 81 45651
17 82 13141
17 83 4975
17 84 -481
17 85 4144
17 86 -3391
17 87 16438
17 88 24357
17 89 17987
17 90 42590
17 91 12496
17 92 18523
17 93 11609
17 94 14244
17 95 13593
17 96 15420
17 97 15936
17 98 13698
17 99 12125
17 100 11678
17 101 25887
18 1 15889
18 2 23202
18 3 30372
18 4 29750
18 5 3988
18 6 5647
18 7 4438
18 8 3452
18 9 30844
18 10 11740
18 11 15847
18 12 26711
18 13 9652
18 14 23223
18 15 25392
18 16 17599
18 17 10763
18 19 8475
18 20 28316
18 21 27322
18 22 33097
18 23 35298
18 24 34395
18 25 40619
18 26 18806
18 27 12077
18 28 17396
18 29 33468
18 30 19435
18 31 7964
18 32 19673
18 33 30892
18 34 33412
18 35 43192
18 36 18547
18 37 19084
18 38 18181
18 39 38229
18 40 17803
18 41 27928
18 42 19480
18 43 24950
18 44 17207
18 45 2866
18 46 8020
18 47 9845
18 48 597
18 49 15586
18 50 19517
18 51 26233
18 52 4682
18 53 15318
18 54 29223
18 55 38704
18 56 39859
18 57 25161
18 58 14641
18 59 10185
18 60 2890
18 61 10248
18 62 10152
18 63 22207
18 64 17622
18 65 36334
18 66 28466
18 67 37637
18 68 26187
18 69 15194
18 70 17852
18 71 36745
18 72 30958
18 73 30860
18 74 34803
18 75 34203
18 76 22888
18 77 30425
18 78 38247
18 79 29152
18 80 29979
18 81 27885
18 82 2020
18 83 281
18 84 6164
18 85 8982
18 86 11770
18 87 13905
18 88 7359
18 89 4210
18 90 26523
18 91 19217
18 92 17846
18 93 13416
18 94 7349
18 95 9475
18 96 11310
18 97 13651
18 98 16081
18 99 10601
18 100 16077
18 101 11284
19 1 21273
19 2 43167
19 3 37737
19 4 46008
19 5 22808
19 6 26090
19 7 5618
19 8 10732
19 9 30533
19 10 4379
19 11 -2082
19 12 39309
19 13 29703
19 14 42809
19 15 46000
19 16 35549
19 17 24358
19 18 13207
19 20 23375
19 21 45306
19 22 52356
19 23 53808
19 24 45020
19 25 55406
19 26 34306
19 27 25361
19 28 30896
19 29 41625
19 30 16151
19 31 9574
19 32 8955
19 33 34611
19 34 36227
19 35 41713
19 36 4640
19 37 39395
19 38 36004
19 39 55198
19 40 35815
19 41 47748
19 42 40032
19 43 45388
19 44 35867
19 45 12494
19 46 6014
19 47 -2093
19 48 -5049
19 49 -3677
19 50 26164
19 51 26160
19 52 17875
19 53 32484
19 54 42824
19 55 53070
19 56 57802
19 57 45620
19 58 33343
19 59 30651
19 60 22259
19 61 28484
19 62 933
19 63 7374
19 64 -2714
19 65 30341
19 66 20935
19 67 54727
19 68 36238
19 69 22363
19 70 16868
19 71 33100
19 72 49239
19 73 49483
19 74 53623
19 75 52832
19 76 32290
19 77 38918
19 78 42217
19 79 34978
19 80 40865
19 81 30636
19 82 6418
19 83 16595
19 84 22711
19 85 28556
19 86 27984
19 87 34462
19 88 7544
19 89 23713
19 90 14832
19 91 38630
19 92 38374
19 93 33416
19 94 27816
19 95 30075
19 96 31891
19 97 34266
19 98 36260
19 99 30967
19 100 36093
19 101 27489
20 1 9534
20 2 44774
20 3 17378
20 4 35537
20 5 38906
20 6 34778
20 7 23593
20 8 34352
20 9 1713
20 10 5190
20 11 15847
20 12 26711
20 13 34344
20 14 55459
20 15 50838
20 16 52247
20 17 45886
20 18 27946
20 19 18273
20 21 40306
20 22 49046
20 23 46629
20 24 25174
20 25 40619
20 26 26880
20 27 24003
20 28 24467
20 29 19256
20 30 -1778
20 31 10790
20 32 -2207
20 33 11042
20 34 8339
20 35 11453
20 36 34930
20 37 50562
20 38 52213
20 39 44485
20 40 33114
20 41 46345
20 42 48205
20 43 53617
20 44 50987
20 45 36158
20 46 34561
20 47 27924
20 48 21245
20 49 23396
20 50 9735
20 51 163
20 52 25491
20 53 31011
20 54 28569
20 55 38160
20 56 50181
20 57 49269
20 58 33406
20 59 41662
20 60 37955
20 61 44990
20 62 13849
20 63 10813
20 64 12597
20 65 1170
20 66 -6522
20 67 42943
20 68 18404
20 69 16507
20 70 6549
20 71 2714
20 72 43874
20 73 45628
20 74 49330
20 75 47339
20 76 17164
20 77 20698
20 78 16143
20 79 12106
20 80 23937
20 81 5055
20 82 28404
20 83 35346
20 84 41519
20 85 42408
20 86 46937
20 87 40476
20 88 16965
20 89 31911
20 90 11510
20 91 52548
20 92 48500
20 93 46383
20 94 35516
20 95 38330
20 96 42575
20 97 42336
20 98 48163
20 99 42926
20 100 48189
20 101 27096
21 1 22317
21 2 6183
21 3 21943
21 4 -561
21 5 24431
21 6 16828
21 7 33489
21 8 34893
21 9 31764
21 10 32099
21 11 42325
21 12 12108
21 13 7435
21 14 24432
21 15 10204
21 16 30238
21 17 33966
21 18 24607
21 19 37859
21 20 37961
21 22 4046
21 23 3829
21 24 14118
21 25 11375
21 26 1880
21 27 19438
21 28 13647
21 29 18492
21 30 31462
21 31 26613
21 32 37033
21 33 28763
21 34 26289
21 35 41919
21 36 50368
21 37 24084
21 38 22822
21 39 6403
21 40 -126
21 41 1609
21 42 13668
21 43 15632
21 44 24218
21 45 31677
21 46 39635
21 47 41469
21 48 31960
21 49 46128
21 50 18698
21 51 30311
21 52 26272
21 53 9684
21 54 5622
21 55 10713
21 56 7895
21 57 9962
21 58 4198
21 59 18485
21 60 27487
21 61 25601
21 62 35130
21 63 44576
21 64 44699
21 65 39842
21 66 37685
21 67 5664
21 68 12127
21 69 24969
21 70 31385
21 71 39822
21 72 -695
21 73 780
21 74 4391
21 75 3040
21 76 16180
21 77 21641
21 78 31304
21 79 21760
21 80 14102
21 81 25629
21 82 33779
21 83 28928
21 84 29171
21 85 19612
21 86 25616
21 87 7613
21 88 31159
21 89 20607
21 90 46409
21 91 27647
21 92 22822
21 93 24586
21 94 13279
21 95 13108
21 96 22199
21 97 14029
21 98 23074
21 99 22311
21 100 21060
21 101 13501
22 1 32247
22 2 7950
22 3 31418
22 4 3581
22 5 28864
22 6 22751
22 7 41608
22 8 41116
22 9 41523
22 10 41581
22 11 51262
22 12 21792
22 13 12837
22 14 22809
22 15 4802
22 16 31639
22 17 37456
22 18 31642
22 19 46169
22 20 47961
22 21 5306
22 23 -3019
22 24 21134
22 25 13736
22 26 11880
22 27 28700
22 28 23478
22 29 26639
22 30 41400
22 31 35957
22 32 46864
22 33 38533
22 34 35222
22 35 51324
22 36 57587
22 37 26010
22 38 20413
22 39 4536
22 40 8614
22 41 -7490
22 42 12291
22 43 10916
22 44 23927
22 45 36734
22 46 45707
22 47 48879
22 48 39507
22 49 54174
22 50 28678
22 51 40267
22 52 34656
22 53 18555
22 54 13094
22 55 14669
22 56 4827
22 57 7851
22 58 11739
22 59 21939
22 60 33060
22 61 28206
22 62 44106
22 63 54059
22 64 53696
22 65 49484
22 66 47661
22 67 1598
22 68 21189
22 69 34664
22 70 41197
22 71 49573
22 72 1158
22 73 4689
22 74 482
22 75 -2686
22 76 26068
22 77 31245
22 78 40471
22 79 31147
22 80 23009
22 81 35311
22 82 41052
22 83 34683
22 84 33398
22 85 21928
22 86 26340
22 87 9284
22 88 40041
22 89 27801
22 90 56062
22 91 28951
22 92 25677
22 93 27705
22 94 18526
22 95 17125
22 96 26758
22 97 16829
22 98 25286
22 99 26283
22 100 22146
22 101 22399
23 1 39216
23 2 19067
23 3 35017
23 4 4439
23 5 39978
23 6 33518
23 7 51447
23 8 51910
23 9 45533
23 10 49794
23 11 60309
23 12 26711
23 13 23640
23 14 33120
23 15 13991
23 16 42672
23 17 48637
23 18 42088
23 19 55866
23 20 53789
23 21 13334
23 22 5226
23 24 20741
23 25 9403
23 26 18806
23 27 37388
23 28 31111
23 29 27502
23 30 48160
23 31 44458
23 32 54075
23 33 42821
23 34 36968
23 35 53984
23 36 68021
23 37 37163
23 38 30102
23 39 -1995
23 40 17803
23 41 1420
23 42 22976
23 43 19891
23 44 34604
23 45 47800
23 46 56572
23 47 59199
23 48 49737
23 49 64093
23 50 34379
23 51 45440
23 52 44268
23 53 27706
23 54 14705
23 55 12163
23 56 3861
23 57 18740
23 58 21701
23 59 33103
23 60 43984
23 61 39370
23 62 53113
23 63 62231
23 64 62651
23 65 52700
23 66 52798
23 67 -8963
23 68 24188
23 69 42504
23 70 48590
23 71 53377
23 72 8434
23 73 13897
23 74 9362
23 75 1676
23 76 31302
23 77 35342
23 78 42908
23 79 34343
23 80 25870
23 81 39189
23 82 51418
23 83 45583
23 84 44544
23 85 33087
23 86 37198
23 87 20463
23 88 49170
23 89 38125
23 90 63851
23 91 40009
23 92 36856
23 93 38884
23 94 29432
23 95 28223
23 96 37818
23 97 28004
23 98 36450
23 99 37418
23 100 33203
23 101 31529
24 1 20827
24 2 30729
24 3 9159
24 4 7467
24 5 43057
24 6 34778
24 7 41872
24 8 48591
24 9 17459
24 10 32391
24 11 44930
24 12 11297
24 13 28025
24 14 48711
24 15 35089
24 16 52247
24 17 52943
24 18 37868
24 19 43761
24 20 29017
24 21 20306
24 22 26062
24 23 17424
24 25 6375
24 26 12496
24 27 27491
24 28 20266
24 29 -3506
24 30 26506
24 31 29698
24 32 32366
24 33 16587
24 34 5978
24 35 23520
24 36 59419
24 37 46518
24 38 47184
24 39 12940
24 40 19729
24 41 24502
24 42 38207
24 43 40631
24 44 47633
24 45 47800
24 46 52649
24 47 50590
24 48 41413
24 49 51883
24 50 13257
24 51 20119
24 52 35899
24 53 24367
24 54 622
24 55 4631
24 56 22523
24 57 34922
24 58 23745
24 59 39508
24 60 44192
24 61 46488
24 62 38724
24 63 43364
24 64 45585
24 65 22468
24 66 25765
24 67 9104
24 68 22
24 69 27272
24 70 29507
24 71 24301
24 72 21006
24 73 25277
24 74 26389
24 75 22035
24 76 11283
24 77 11711
24 78 12991
24 79 6561
24 80 3074
24 81 11660
24 82 44838
24 83 44612
24 84 47584
24 85 41238
24 86 47892
24 87 31215
24 88 36487
24 89 35400
24 90 44058
24 91 50128
24 92 44657
24 93 45561
24 94 32843
24 95 34197
24 96 41895
24 97 36383
24 98 45138
24 99 42492
24 100 43966
24 101 25473
25 1 30685
25 2 25893
25 3 21943
25 4 -561
25 5 43798
25 6 35698
25 7 48521
25 8 52627
25 9 31764
25 10 42530
25 11 54487
25 12 17510
25 13 26979
25 14 43799
25 15 27070
25 16 50238
25 17 53563
25 18 41835
25 19 51890
25 20 42205
25 21 15306
25 22 16407
25 23 3829
25 24 4118
25 26 14241
25 27 33133
25 28 25594
25 29 11446
25 30 38321
25 31 38375
25 32 44477
25 33 29954
25 34 20978
25 35 38497
25 36 66266
25 37 44084
25 38 41949
25 39 -1163
25 40 18298
25 41 14687
25 42 32969
25 43 33139
25 44 44025
25 45 50409
25 46 57264
25 47 57262
25 48 47762
25 49 60340
25 50 24074
25 51 33332
25 52 41484
25 53 26166
25 54 2664
25 55 -3929
25 56 11003
25 57 28654
25 58 22995
25 59 38335
25 60 46182
25 61 45510
25 62 47615
25 63 54382
25 64 56108
25 65 37440
25 66 39896
25 67 -5830
25 68 11197
25 69 35706
25 70 40114
25 71 39007
25 72 13272
25 73 18831
25 74 17568
25 75 11549
25 76 21022
25 77 23231
25 78 27776
25 79 20417
25 80 13089
25 81 25629
25 82 50242
25 83 47332
25 84 48545
25 85 39584
25 86 45600
25 87 27550
25 88 44391
25 89 38185
25 90 55377
25 91 47640
25 92 42781
25 93 44461
25 94 32654
25 95 32912
25 96 41723
25 97 34016
25 98 43066
25 99 41999
25 100 41029
25 101 29014
26 1 12458
26 2 12144
26 3 13045
26 4 3581
26 5 22808
26 6 14467
26 7 26454
26 8 30348
26 9 22156
26 10 22920
26 11 33859
26 12 3368
26 13 7435
26 14 28865
26 15 18146
26 16 31639
26 17 32735
26 18 19517
26 19 30285
26 20 27961
26 21 5306
26 22 14046
26 23 12727
26 24 9734
26 25 13736
26 27 11219
26 28 4245
26 29 11895
26 30 21565
26 31 17762
26 32 27285
26 33 19187
26 34 17994
26 35 32810
26 36 44071
26 37 26010
26 38 27272
26 39 12834
26 40 -126
26 41 11462
26 42 18855
26 43 22657
26 44 27270
26 45 28536
26 46 34937
26 47 35067
26 48 25538
26 49 38733
26 50 8741
26 51 20385
26 52 19270
26 53 4145
26 54 2664
26 55 11778
26 56 16279
26 57 16902
26 58 3230
26 59 18893
26 60 24466
26 61 25900
26 62 26713
26 63 35327
26 64 36044
26 65 30341
26 66 27720
26 67 12339
26 68 4386
26 69 15597
26 70 21710
26 71 30195
26 72 8975
26 73 10656
26 74 14349
26 75 12607
26 76 6468
26 77 12553
26 78 22730
26 79 12930
26 80 6892
26 81 16189
26 82 27900
26 83 25353
26 84 27451
26 85 20626
26 86 27287
26 87 11305
26 88 23012
26 89 16047
26 90 36928
26 91 29583
26 92 24087
26 93 24950
26 94 12266
26 95 13593
26 96 21352
26 97 15936
26 98 24569
26 99 21919
26 100 23533
26 101 6653
27 1 3859
27 2 18743
27 3 15633
27 4 17723
27 5 15169
27 6 8609
27 7 12466
27 8 18191
27 9 18817
27 10 9995
27 11 20002
27 12 12108
27 13 7435
27 14 28865
27 15 24346
27 16 27254
27 17 24358
27 18 7591
27 19 16143
27 20 19887
27 21 17667
27 22 25669
27 23 26112
27 24 19532
27 25 27431
27 26 6022
27 28 2891
27 29 18492
27 30 11767
27 31 4334
27 32 16023
27 33 17411
27 34 19519
27 35 30990
27 36 30228
27 37 24084
27 38 26200
27 39 26940
27 40 8614
27 41 22001
27 42 21279
27 43 26726
27 44 25077
27 45 17793
27 46 22278
27 47 21230
27 48 11765
27 49 24592
27 50 5516
27 51 14905
27 52 5610
27 53 5303
27 54 15219
27 55 25222
27 56 29868
27 57 22858
27 58 7417
27 59 15414
27 60 15156
27 61 20377
27 62 12808
27 63 22457
27 64 22345
27 65 26165
27 66 20381
27 67 26461
27 68 11197
27 69 4089
27 70 10632
27 71 25954
27 72 21666
27 73 22316
27 74 26475
27 75 25393
27 76 7961
27 77 15537
27 78 24163
27 79 14706
27 80 15067
27 81 14602
27 82 14608
27 83 14786
27 84 19068
27 85 16716
27 86 22580
27 87 13583
27 88 8943
27 89 6696
27 90 24663
27 91 26630
27 92 21939
27 93 20636
27 94 8842
27 95 11580
27 96 16542
27 97 15475
27 98 21894
27 99 17119
27 100 21789
27 101 473
28 1 5042
28 2 16624
28 3 11142
28 4 11462
28 5 19734
28 6 11931
28 7 19136
28 8 24587
28 9 17459
28 10 14874
28 11 25847
28 12 5517
28 13 7903
28 14 30292
28 15 22829
28 16 30593
28 17 29409
28 18 13804
28 19 22572
28 20 21245
28 21 12770
28 22 21341
28 23 20729
28 24 13201
28 25 20786
28 26 -58
28 27 3785
28 29 12960
28 30 14173
28 31 9713
28 32 19581
28 33 14987
28 34 15978
28 35 29062
28 36 36917
28 37 26103
28 38 28268
28 39 20804
28 40 4845
28 41 18284
28 42 21428
28 43 26300
28 44 27495
28 45 23738
28 46 28844
28 47 27924
28 48 18470
28 49 31036
28 50 3286
28 51 14573
28 52 12298
28 53 3294
28 54 8511
28 55 18542
28 56 24312
28 57 21269
28 58 5464
28 59 18008
28 60 20369
28 61 24139
28 62 18732
28 63 27302
28 64 27993
28 65 25538
28 66 21412
28 67 20268
28 68 5306
28 69 7579
28 70 13923
28 71 25231
28 72 16673
28 73 17842
28 74 21835
28 75 20394
28 76 3253
28 77 10705
28 78 20527
28 79 10713
28 80 8854
28 81 12212
28 82 21275
28 83 20573
28 84 24030
28 85 19698
28 86 26160
28 87 13518
28 88 15156
28 89 11533
28 90 28991
28 91 29253
28 92 23942
28 93 23711
28 94 11059
28 95 13328
28 96 19628
28 97 16631
28 98 24258
28 99 20308
28 100 23819
28 101 1798
29 1 17084
29 2 34031
29 3 4504
29 4 13209
29 5 43256
29 6 35271
29 7 39159
29 8 47021
29 9 10658
29 10 27850
29 11 40496
29 12 11949
29 13 29637
29 14 51332
29 15 39240
29 16 53548
29 17 52943
29 18 36636
29 19 40061
29 20 22794
29 21 24375
29 22 31262
29 23 23880
29 24 -3811
29 25 13398
29 26 14352
29 27 26146
29 28 19720
29 30 21151
29 31 26167
29 32 26646
29 33 10644
29 34 -984
29 35 16475
29 36 56200
29 37 48277
29 38 49744
29 39 19668
29 40 22214
29 41 29607
29 42 41196
29 43 44415
29 44 49635
29 45 46862
29 46 50612
29 47 47568
29 48 38676
29 49 47842
29 50 9344
29 51 14033
29 52 34080
29 53 25238
29 54 5387
29 55 11491
29 56 28534
29 57 38561
29 58 25630
29 59 40769
29 60 43858
29 61 47386
29 62 34794
29 63 38178
29 64 40502
29 65 15418
29 66 18972
29 67 16158
29 68 -1283
29 69 24268
29 70 24921
29 71 17271
29 72 25897
29 73 29634
29 74 31452
29 75 27629
29 76 8819
29 77 8334
29 78 5967
29 79 517
29 80 3288
29 81 5189
29 82 42672
29 83 43822
29 84 47565
29 85 42543
29 86 49189
29 87 33763
29 88 33237
29 89 35039
29 90 38768
29 91 51759
29 92 46254
29 93 46687
29 94 33884
29 95 35665
29 96 42755
29 97 38298
29 98 46714
29 99 43420
29 100 45870
29 101 25306
30 1 4087
30 2 39033
30 3 16230
30 4 32159
30 5 31859
30 6 28008
30 7 16799
30 8 27494
30 9 5533
30 10 -621
30 11 11463
30 12 23223
30 13 28025
30 14 48711
30 15 44893
30 16 45238
30 17 38833
30 18 20875
30 19 12859
30 20 32
30 21 35617
30 22 44295
30 23 42810
30 24 24473
30 25 38545
30 26 22294
30 27 17693
30 28 19205
30 29 19423
30 31 3727
30 32 -2681
30 33 11042
30 34 11473
30 35 16990
30 36 29640
30 37 43805
30 38 45294
30 39 41403
30 40 27803
30 41 41305
30 42 41792
30 43 47310
30 44 44071
30 45 29221
30 46 28172
30 47 22094
30 48 14865
30 49 19209
30 50 6389
30 51 1321
30 52 18467
30 53 25238
30 54 25977
30 55 36031
30 56 46310
30 57 43360
30 58 27615
30 59 34860
30 60 30895
30 61 37966
30 62 7838
30 63 8185
30 64 10518
30 65 8164
30 66 345
30 67 40307
30 68 16574
30 69 10151
30 70 -493
30 71 9133
30 72 39386
30 73 40804
30 74 44701
30 75 43011
30 76 13944
30 77 18690
30 78 17999
30 79 12106
30 80 21872
30 81 6344
30 82 21596
30 83 28286
30 84 34448
30 85 35487
30 86 39884
30 87 34177
30 88 10068
30 89 25053
30 90 8770
30 91 45651
30 92 41783
30 93 39481
30 94 28878
30 95 31712
30 96 35747
30 97 35789
30 98 41349
30 99 36047
30 100 41399
30 101 20968
31 1 3482
31 2 30971
31 3 20017
31 4 29439
31 5 20011
31 6 17271
31 7 5618
31 8 15859
31 9 15831
31 10 -2559
31 11 7876
31 12 21792
31 13 18643
31 14 37753
31 15 36002
31 16 33513
31 17 26794
31 18 8870
31 19 5748
31 20 12066
31 21 30234
31 22 38318
31 23 38574
31 24 27131
31 25 38065
31 26 17957
31 27 9726
31 28 14211
31 29 23905
31 30 3193
31 32 4487
31 33 17778
31 34 20110
31 35 27993
31 36 21723
31 37 32922
31 38 33814
31 39 38809
31 40 21263
31 41 34592
31 42 31804
31 43 37478
31 44 32635
31 45 17377
31 46 17597
31 47 13190
31 48 4705
31 49 13963
31 50 8387
31 51 11075
31 52 6915
31 53 17923
31 54 25335
31 55 35651
31 56 42232
31 57 34710
31 58 19857
31 59 23886
31 60 18986
31 61 26197
31 62 933
31 63 9838
31 64 9968
31 65 20186
31 66 12193
31 67 38240
31 68 18351
31 69 4619
31 70 1718
31 71 20874
31 72 34228
31 73 34954
31 74 39105
31 75 37968
31 76 14410
31 77 21059
31 78 25527
31 79 17603
31 80 23009
31 81 14272
31 82 10181
31 83 16245
31 84 22436
31 85 24084
31 86 27984
31 87 24628
31 88 -1057
31 89 14120
31 90 12368
31 91 34304
31 92 31056
31 93 28162
31 94 18526
31 95 21348
31 96 24728
31 97 25579
31 98 30297
31 99 24832
31 100 30387
31 101 12937
32 1 13923
32 2 47743
32 3 26258
32 4 42363
32 5 36637
32 6 34729
32 7 18645
32 8 29081
32 9 12465
32 10 -325
32 11 6371
32 12 33459
32 13 35907
32 14 55107
32 15 53186
32 16 50247
32 17 41939
32 18 25241
32 19 9791
32 20 3731
32 21 45316
32 22 53887
32 23 52853
32 24 34461
32 25 48829
32 26 32142
32 27 26077
32 28 28741
32 29 29046
32 30 1447
32 31 9149
32 33 20537
32 34 19084
32 35 21737
32 36 25845
32 37 50329
32 38 50784
32 39 51644
32 40 37086
32 41 50661
32 42 49248
32 43 54911
32 44 49701
32 45 31174
32 46 27437
32 47 19812
32 48 14508
32 49 13298
32 50 16684
32 51 9905
32 52 24269
32 53 34136
32 54 36273
32 55 46317
32 56 56356
32 57 51777
32 58 36393
32 59 41281
32 60 35539
32 61 42896
32 62 7269
32 63 374
32 64 1827
32 65 8521
32 66 -906
32 67 50591
32 68 26793
32 69 18900
32 70 7660
32 71 12368
32 72 49175
32 73 50391
32 74 54390
32 75 52857
32 76 24233
32 77 28912
32 78 26591
32 79 21711
32 80 32129
32 81 15189
32 82 23150
32 83 31848
32 84 38380
32 85 41238
32 86 44249
32 87 41974
32 88 13178
32 89 31571
32 90 1840
32 91 51482
32 92 48500
32 93 45395
32 94 35984
32 95 38810
32 96 42123
32 97 43035
32 98 47651
32 99 42142
32 100 47745
32 101 29473
33 1 5411
33 2 35100
33 3 2297
33 4 21501
33 5 36717
33 6 30076
33 7 27499
33 8 36944
33 9 -1221
33 10 13731
33 11 26315
33 12 13560
33 13 27092
33 14 49448
33 15 41317
33 16 48838
33 17 45537
33 18 27705
33 19 26692
33 20 8225
33 21 28291
33 22 36801
33 23 32844
33 24 9927
33 25 25551
33 26 15289
33 27 18710
33 28 15392
33 29 4289
33 30 6415
33 31 13685
33 32 11782
33 34 -1653
33 35 9854
33 36 43264
33 37 45051
33 38 47281
33 39 30011
33 40 22770
33 41 34592
33 42 40602
33 43 45283
33 44 46332
33 45 37765
33 46 39479
33 47 35022
33 48 26705
33 49 33930
33 50 -566
33 51 -688
33 52 24580
33 53 22484
33 54 13967
33 55 23141
33 56 36581
33 57 39875
33 58 24445
33 59 36675
33 60 36431
33 61 42008
33 62 21327
33 63 23438
33 64 25772
33 65 6932
33 66 5912
33 67 28078
33 68 3515
33 69 13572
33 70 10999
33 71 6837
33 72 31330
33 73 33757
33 74 36943
33 75 34386
33 76 4589
33 77 6289
33 78 3527
33 79 -3046
33 80 9151
33 81 -6983
33 82 31746
33 83 35358
33 84 40393
33 85 38177
33 86 44208
33 87 32698
33 88 20943
33 89 28306
33 90 23995
33 91 47959
33 92 42874
33 93 42113
33 94 29828
33 95 32310
33 96 37982
33 97 35777
33 98 43066
33 99 38613
33 100 42781
33 101 20232
34 1 17781
34 2 44158
34 3 9159
34 4 25840
34 5 48710
34 6 41637
34 7 39715
34 8 49306
34 9 1713
34 10 24734
34 11 36945
34 12 21297
34 13 37722
34 14 60077
34 15 50024
34 16 60430
34 17 57735
34 18 40025
34 19 38108
34 20 15322
34 21 35617
34 22 43290
34 23 36791
34 24 9118
34 25 26375
34 26 23896
34 27 30618
34 28 26183
34 29 2461
34 30 16646
34 31 25817
34 32 20129
34 33 8147
34 35 3651
34 36 54838
34 37 56093
34 38 58204
34 39 32693
34 40 31854
34 41 41493
34 42 50610
34 43 54672
34 44 57494
34 45 50124
34 46 51710
34 47 46854
34 48 38791
34 49 44696
34 50 11322
34 51 8380
34 52 36916
34 53 32961
34 54 17825
34 55 24527
34 56 41224
34 57 48901
34 58 34393
34 59 47978
34 60 48575
34 61 53759
34 62 32823
34 63 32871
34 64 34912
34 65 2565
34 66 8617
34 67 29077
34 68 8531
34 69 25929
34 70 22525
34 71 5609
34 72 37786
34 73 41035
34 74 43418
34 75 40010
34 76 14435
34 77 14260
34 78 527
34 79 1927
34 80 13979
34 81 239
34 82 44054
34 83 47656
34 84 52529
34 85 49619
34 86 55911
34 87 42822
34 88 33058
34 89 40229
34 90 33424
34 91 59242
34 92 53938
34 93 53594
34 94 41041
34 95 43318
34 96 49470
34 97 46502
34 98 54256
34 99 50136
34 100 53802
34 101 31529
35 1 20245
35 2 51313
35 3 16558
35 4 35145
35 5 52213
35 6 46129
35 7 39979
35 8 50397
35 9 -33
35 10 22756
35 11 33847
35 12 28993
35 13 43480
35 14 65809
35 15 57467
35 16 64765
35 17 60477
35 18 42330
35 19 36119
35 20 10961
35 21 43772
35 22 51917
35 23 46332
35 24 19185
35 25 36419
35 26 31237
35 27 34614
35 28 31792
35 29 12445
35 30 14688
35 31 26225
35 32 15307
35 33 12179
35 34 -3824
35 36 52845
35 37 61325
35 38 63553
35 39 42488
35 40 38944
35 41 49952
35 42 56999
35 43 61612
35 44 62528
35 45 51795
35 46 51647
35 47 45576
35 48 38367
35 49 41360
35 50 15707
35 51 7753
35 52 39256
35 53 38885
35 54 27119
35 55 34465
35 56 50516
35 57 56098
35 58 40815
35 59 52848
35 60 51653
35 61 57796
35 62 31336
35 63 28596
35 64 29763
35 65 -7597
35 66 659
35 67 39170
35 68 17099
35 69 28432
35 70 22021
35 71 -2947
35 72 46379
35 73 49242
35 74 52028
35 75 48976
35 76 20745
35 77 21455
35 78 8680
35 79 9325
35 80 22716
35 81 3790
35 82 44682
35 83 50009
35 84 55565
35 85 54245
35 86 59999
35 87 49096
35 88 33160
35 89 44034
35 90 29430
35 91 64113
35 92 59149
35 93 58168
35 94 46069
35 95 48614
35 96 54059
35 97 52142
35 98 59280
35 99 54653
35 100 59055
35 101 36510
36 1 33564
36 2 49946
36 3 50099
36 4 55839
36 5 25504
36 6 32269
36 7 15029
36 8 11800
36 9 43533
36 10 17379
36 11 9529
36 12 50417
36 13 36446
36 14 44471
36 15 50708
36 16 36030
36 17 22885
36 18 19498
36 19 859
36 20 36251
36 21 54034
36 22 59993
36 23 62182
36 24 56897
36 25 66001
36 26 44311
36 27 35665
36 28 41460
36 29 53983
36 30 29151
36 31 21768
36 32 21228
36 33 47402
36 34 49176
36 35 54658
36 37 42947
36 38 35184
36 39 64689
36 40 44465
36 41 54667
36 42 43998
36 43 48574
36 44 36565
36 45 11085
36 46 322
36 47 -2944
36 48 306
36 49 -6775
36 50 38464
36 51 39144
36 52 27298
36 53 41536
36 54 53757
36 55 63809
36 56 66617
36 57 51302
36 58 41464
36 59 34860
36 60 26199
36 61 29722
36 62 13804
36 63 18945
36 64 1687
36 65 42723
36 66 33299
36 67 64184
36 68 48113
36 69 34145
36 70 29735
36 71 45924
36 72 57769
36 73 57726
36 74 61702
36 75 61088
36 76 44148
36 77 51048
36 78 55067
36 79 47591
36 80 52548
36 81 43528
36 82 11803
36 83 19515
36 84 23800
36 85 31040
36 86 26615
36 87 39892
36 88 19241
36 89 31055
36 90 27201
36 91 40642
36 92 42677
36 93 36686
36 94 33835
36 95 35432
36 96 36745
36 97 39281
36 98 39599
36 99 35072
36 100 38930
36 101 36873
37 1 28847
37 2 11040
37 3 38029
37 4 24439
37 5 3988
37 6 5647
37 7 24438
37 8 18092
37 9 43684
37 10 30610
37 11 35847
37 12 29838
37 13 2804
37 14 3989
37 15 7019
37 16 5238
37 17 10763
37 18 12591
37 19 28170
37 20 44439
37 21 20306
37 22 20972
37 23 23880
37 24 36552
37 25 36375
37 26 18806
37 27 22077
37 28 23202
37 29 38616
37 30 35872
37 31 25523
37 32 38268
37 33 41745
37 34 42987
37 35 55694
37 36 35503
37 38 1315
37 39 30195
37 40 13419
37 41 13821
37 42 140
37 43 5092
37 44 510
37 45 11528
37 46 21609
37 47 27792
37 48 19462
37 49 34281
37 50 29808
37 51 39903
37 52 21108
37 53 16331
37 54 28701
37 55 35570
37 56 30537
37 57 9120
37 58 10469
37 59 -1723
37 60 10500
37 61 1303
37 62 29923
37 63 41871
37 64 37505
37 65 51164
37 66 44949
37 67 28373
37 68 30879
37 69 28715
37 70 34319
37 71 50950
37 72 22128
37 73 21805
37 74 24246
37 75 23555
37 76 30220
37 77 37513
37 78 47537
37 79 37697
37 80 33666
37 81 38984
37 82 20877
37 83 11601
37 84 7649
37 85 -4985
37 86 692
37 87 -1258
37 88 26501
37 89 12555
37 90 45638
37 91 2729
37 92 2563
37 93 1763
37 94 2251
37 95 -885
37 96 5437
37 97 -897
37 98 -1531
37 99 2601
37 100 -3186
37 101 16686
38 1 49893
38 2 28054
38 3 59048
38 4 41641
38 5 19734
38 6 26483
38 7 41872
38 8 31340
38 9 64863
38 10 49794
38 11 52694
38 12 50380
38 13 23640
38 14 3989
38 15 13991
38 16 11049
38 17 17735
38 18 30670
38 19 43761
38 20 65072
38 21 38026
38 22 34357
38 23 35801
38 24 56200
38 25 53222
38 26 39050
38 27 43175
38 28 44349
38 29 59065
38 30 56343
38 31 45397
38 32 57705
38 33 62957
38 34 64080
38 35 76904
38 36 46722
38 37 20297
38 39 44847
38 40 33114
38 41 25321
38 42 11444
38 43 5940
38 44 510
38 45 21739
38 46 31427
38 47 40933
38 48 34381
38 49 47289
38 50 51021
38 51 60985
38 52 40975
38 53 37314
38 54 47893
38 55 53194
38 56 45089
38 57 22591
38 58 30824
38 59 18993
38 60 27567
38 61 12607
38 62 48016
38 63 60050
38 64 52977
38 65 72192
38 66 65528
38 67 41037
38 68 51467
38 69 49611
38 70 54715
38 71 72033
38 72 38250
38 73 38422
38 74 39093
38 75 37598
38 76 51308
38 77 58510
38 78 68637
38 79 58773
38 80 54062
38 81 60196
38 82 36592
38 83 26815
38 84 20119
38 85 10791
38 86 -2395
38 87 16916
38 88 45421
38 89 33020
38 90 64599
38 91 14835
38 92 23777
38 93 20313
38 94 23445
38 95 20298
38 96 25960
38 97 19616
38 98 18315
38 99 22408
38 100 12371
38 101 37899
39 1 34635
39 2 21238
39 3 28394
39 4 -1127
39 5 41274
39 6 33824
39 7 49610
39 8 51842
39 9 38793
39 10 45983
39 11 57247
39 12 21377
39 13 24320
39 14 37853
39 15 19797
39 16 45874
39 17 50606
39 18 41417
39 19 53654
39 20 48043
39 21 12306
39 22 9179
39 23 -5597
39 24 12655
39 25 809
39 26 15311
39 27 34614
39 28 27584
39 29 19688
39 30 43151
39 31 41091
39 32 49264
39 33 36386
39 34 29268
39 35 46538
39 36 66926
39 37 39876
39 38 35546
39 40 16657
39 41 6949
39 42 27196
39 43 25908
39 44 38734
39 45 48657
39 46 56586
39 47 57963
39 48 48422
39 49 62076
39 50 28960
39 51 39398
39 52 42343
39 53 25916
39 54 7885
39 55 3867
39 56 3581
39 57 22698
39 58 21166
39 59 34958
39 60 44483
39 61 41836
39 62 50125
39 63 58237
39 64 59343
39 65 45392
39 66 46518
39 67 -11064
39 68 17468
39 69 38690
39 70 44156
39 71 46425
39 72 8434
39 73 14381
39 74 11356
39 75 4236
39 76 25772
39 77 29069
39 78 35539
39 79 27422
39 80 19172
39 81 32486
39 82 50427
39 83 45928
39 84 45991
39 85 35665
39 86 40888
39 87 23054
39 88 46441
39 89 37449
39 90 59545
39 91 43171
39 92 39029
39 93 40972
39 94 30193
39 95 29712
39 96 39010
39 97 30143
39 98 39031
39 99 38980
39 100 36412
39 101 29444
40 1 17063
40 2 5177
40 3 20017
40 4 5250
40 5 18303
40 6 10278
40 7 26454
40 8 27998
40 9 28612
40 10 25780
40 11 35568
40 12 10439
40 13 1624
40 14 21964
40 15 11352
40 16 25652
40 17 28090
40 18 17591
40 19 30871
40 20 33272
40 21 2377
40 22 9857
40 23 10801
40 24 16044
40 25 16870
40 26 -1049
40 27 12888
40 28 8225
40 29 18834
40 30 26151
40 31 20145
40 32 31306
40 33 25745
40 34 25029
40 35 39594
40 36 43302
40 37 19700
40 38 20413
40 39 13257
40 41 6378
40 42 11812
40 43 15632
40 44 20709
40 45 25125
40 46 32740
40 47 34398
40 48 24889
40 49 39099
40 50 14711
40 51 26306
40 52 19270
40 53 2791
40 54 8086
40 55 15552
40 56 14966
40 57 9962
40 58 -2496
40 59 13180
40 60 20880
40 61 20377
40 62 28387
40 63 38254
40 64 37983
40 65 36823
40 66 33370
40 67 12638
40 68 11433
40 69 19013
40 70 25652
40 71 36584
40 72 6235
40 73 6562
40 74 10736
40 75 9834
40 76 13054
40 77 19493
40 78 29732
40 79 19898
40 80 13854
40 81 22839
40 82 26720
40 83 22209
40 84 23050
40 85 14730
40 86 21241
40 87 4388
40 88 24357
40 89 13605
40 90 40321
40 91 23340
40 92 17983
40 93 19314
40 94 7173
40 95 7745
40 96 16268
40 97 9528
40 98 18433
40 99 16626
40 100 17073
40 101 6653
41 1 35054
41 2 7950
41 3 35179
41 4 7824
41 5 28276
41 6 23068
41 7 42739
41 8 41178
41 9 45104
41 10 43721
41 11 52879
41 12 25417
41 13 13257
41 14 19975
41 15 1157
41 16 29778
41 17 36301
41 18 32252
41 19 47340
41 20 51039
41 21 8648
41 22 -1711
41 23 -1046
41 24 25353
41 25 17795
41 26 15075
41 27 30811
41 28 26200
41 29 30763
41 30 44189
41 31 38010
41 32 49417
41 33 42103
41 34 39204
41 35 55138
41 36 58040
41 37 24638
41 38 17156
41 39 8085
41 40 10914
41 42 9878
41 43 7245
41 44 21473
41 45 36232
41 46 45602
41 47 49486
41 48 40240
41 49 55112
41 50 31935
41 51 43579
41 52 36066
41 53 20598
41 54 17249
41 55 18866
41 56 8664
41 57 5878
41 58 13306
41 59 21173
41 60 32979
41 61 26841
41 62 45796
41 63 56163
41 64 55313
41 65 53162
41 66 50904
41 67 4117
41 68 25101
41 69 37120
41 70 43761
41 71 53162
41 72 5129
41 73 7816
41 74 4531
41 75 1253
41 76 29512
41 77 34932
41 78 44374
41 79 34955
41 80 26960
41 81 38954
41 82 41678
41 83 34610
41 84 32641
41 85 20560
41 86 24127
41 87 8300
41 88 41703
41 89 28649
41 90 58368
41 91 27177
41 92 24735
41 93 26702
41 94 18643
41 95 16754
41 96 26441
41 97 16027
41 98 23981
41 99 25670
41 100 20387
41 101 24335
42 1 33761
42 2 7826
42 3 40294
42 4 21455
42 5 12933
42 6 12495
42 7 32648
42 8 27027
42 9 47673
42 10 37753
42 11 43998
42 12 31010
42 13 5942
42 14 2029
42 15 -1789
42 16 11363
42 17 18908
42 18 20875
42 19 36695
42 20 49970
42 21 17778
42 22 15141
42 23 17581
42 24 36129
42 25 33148
42 26 19539
42 27 27160
42 28 26415
42 29 39423
42 30 41747
42 31 32293
42 32 45075
42 33 45184
42 34 45392
42 35 59256
42 36 44442
42 37 8028
42 38 350
42 39 25403
42 40 13419
42 41 6949
42 43 -3116
42 44 2846
42 45 20347
42 46 30512
42 47 36664
42 48 28190
42 49 43103
42 50 33505
42 51 44456
42 52 28211
42 53 19105
42 54 27743
42 55 32987
42 56 25581
42 57 2698
42 58 11820
42 59 6523
42 60 19269
42 61 9330
42 62 37713
42 63 49453
42 64 45906
42 65 55654
42 66 50458
42 67 22603
42 68 32042
42 69 34145
42 70 40387
42 71 55345
42 72 18178
42 73 18234
42 74 19343
42 75 18211
42 76 32870
42 77 39739
42 78 50016
42 79 40133
42 80 34462
42 81 42391
42 82 29557
42 83 20499
42 84 16458
42 85 3349
42 86 5448
42 87 -2293
42 88 33993
42 89 19487
42 90 52812
42 91 9032
42 92 9933
42 93 10707
42 94 8164
42 95 4754
42 96 13290
42 97 3059
42 98 7351
42 99 11161
42 100 2471
42 101 20968
43 1 42438
43 2 14182
43 3 47819
43 4 25674
43 5 20968
43 6 21541
43 7 41534
43 8 35071
43 9 55901
43 10 46807
43 11 52920
43 12 38166
43 13 14711
43 14 3439
43 15 -3729
43 16 16639
43 17 25185
43 18 29712
43 19 45418
43 20 58749
43 21 23109
43 22 17133
43 23 17863
43 24 41920
43 25 36685
43 26 26708
43 27 35974
43 28 34654
43 29 46009
43 30 50632
43 31 41334
43 32 54105
43 33 53232
43 34 52821
43 35 67236
43 36 52385
43 37 16347
43 38 -1787
43 39 27482
43 40 20606
43 41 7683
43 42 251
43 44 5972
43 45 27634
43 46 37981
43 47 44927
43 48 36715
43 49 51467
43 50 41744
43 51 52937
43 52 37266
43 53 27388
43 54 33424
43 55 37186
43 56 27902
43 57 7426
43 58 19801
43 59 15249
43 60 27757
43 61 16066
43 62 46722
43 63 58495
43 64 54717
43 65 64009
43 66 59207
43 67 23082
43 68 39009
43 69 42983
43 70 49325
43 71 63700
43 72 22128
43 73 22857
43 74 22400
43 75 20394
43 76 40691
43 77 47289
43 78 57535
43 79 47697
43 80 41235
43 81 50397
43 82 38139
43 83 28744
43 84 23899
43 85 10791
43 86 8774
43 87 6307
43 88 43035
43 89 28540
43 90 61866
43 91 15519
43 92 18761
43 93 18878
43 94 17218
43 95 13807
43 96 22178
43 97 12115
43 98 15494
43 99 19796
43 100 9797
43 101 29649
44 1 39140
44 2 19930
44 3 48841
44 4 33846
44 5 9300
44 6 15727
44 7 31546
44 8 22029
44 9 54188
44 10 39148
44 11 42635
44 12 40591
44 13 13578
44 14 -1534
44 15 10015
44 16 1321
44 17 9823
44 18 20105
44 19 34033
44 20 54255
44 21 29831
44 22 28280
44 23 30712
44 24 47058
44 25 45707
44 26 29457
44 27 32461
44 28 33985
44 29 49365
44 30 45529
44 31 34627
44 32 47031
44 33 52417
44 34 53779
44 35 66288
44 36 38512
44 37 9901
44 38 -9081
44 39 38444
44 40 23819
44 41 20047
44 42 4349
44 43 4108
44 45 13239
44 46 23493
44 47 31952
44 48 24758
44 49 38512
44 50 40460
44 51 50239
44 52 30187
44 53 27147
44 54 39006
44 55 45238
44 56 38629
44 57 15793
44 58 21112
44 59 8296
44 60 17063
44 61 2409
44 62 37593
44 63 49654
44 64 43413
44 65 61417
44 66 54712
44 67 35756
44 68 41651
44 69 38821
44 70 43903
44 71 61282
44 72 30889
44 73 30754
44 74 32334
44 75 31309
44 76 41021
44 77 48328
44 78 58328
44 79 48498
44 80 44391
44 81 49653
44 82 26660
44 83 16768
44 84 10436
44 85 -23
44 86 -7371
44 87 7960
44 88 34796
44 89 22207
44 90 54016
44 91 4033
44 92 13336
44 93 9498
44 94 12880
44 95 9917
44 96 15186
44 97 9656
44 98 7685
44 99 11601
44 100 2048
44 101 27363
45 1 29730
45 2 31548
45 3 44514
45 4 41641
45 5 4850
45 6 15083
45 7 12877
45 8 -585
45 9 44245
45 10 21937
45 11 21261
45 12 40399
45 13 18919
45 14 22220
45 15 29795
45 16 13677
45 17 797
45 18 6733
45 19 11629
45 20 40395
45 21 38259
45 22 42056
45 23 44877
45 24 48194
45 25 53060
45 26 31692
45 27 26146
45 28 31197
45 29 47561
45 30 31648
45 31 20338
45 32 29473
45 33 44819
45 34 47378
45 35 56524
45 36 14001
45 37 21888
45 38 13117
45 39 49336
45 40 29204
45 41 35775
45 42 22819
45 43 26739
45 44 14208
45 46 -908
45 47 7956
45 48 2357
45 49 14281
45 50 33600
45 51 39525
45 52 18653
45 53 27863
45 54 42410
45 55 51406
45 56 50293
45 57 31468
45 58 25692
45 59 14672
45 60 7887
45 61 7591
45 62 18620
45 63 29817
45 64 20311
45 65 48603
45 66 39978
45 67 48391
45 68 40183
45 69 29089
45 70 30354
45 71 49514
45 72 41363
45 73 41035
45 74 44490
45 75 43965
45 76 37005
45 77 44554
45 78 52281
45 79 43268
45 80 43864
45 81 41735
45 82 6146
45 83 1635
45 84 2038
45 85 9411
45 86 4667
45 87 20228
45 88 18356
45 89 16624
45 90 35656
45 91 18654
45 92 22362
45 93 15730
45 94 15856
45 95 16313
45 96 17573
45 97 19499
45 98 18456
45 99 15040
45 100 17310
45 101 24628
46 1 32055
46 2 41020
46 3 48102
46 4 49381
46 5 15012
46 6 23673
46 7 12549
46 8 2446
46 9 44875
46 10 19842
46 11 15606
46 12 46026
46 13 27859
46 14 32971
46 15 40304
46 16 24358
46 17 10983
46 18 12289
46 19 5551
46 20 39200
46 21 46619
46 22 51431
46 23 54051
46 24 53445
46 25 60317
46 26 38495
46 27 31033
46 28 36705
46 29 51713
46 30 31001
46 31 20960
46 32 26138
46 33 46935
46 34 49366
46 35 56778
46 36 3640
46 37 32371
46 38 23207
46 39 57667
46 40 37221
46 41 45547
46 42 33386
46 43 37488
46 44 24864
46 45 -506
46 47 -155
46 48 -1590
46 49 4677
46 50 36635
46 51 40153
46 52 22561
46 53 34993
46 54 48811
46 55 58389
46 56 59007
46 57 41559
46 58 33878
46 59 24764
46 60 16700
46 61 18359
46 62 15879
46 63 25024
46 64 12066
46 65 47002
46 66 37769
46 67 56973
46 68 44918
46 69 31823
46 70 30410
46 71 48868
46 72 50051
46 73 49820
46 74 53543
46 75 53007
46 76 41200
46 77 48534
46 78 54662
46 79 46297
46 80 48963
46 81 43528
46 82 6456
46 83 9852
46 84 12671
46 85 20073
46 86 14634
46 87 30195
46 88 18274
46 89 23695
46 90 32038
46 91 29410
46 92 32537
46 93 26135
46 94 24921
46 95 25954
46 96 27157
46 97 29472
46 98 28961
46 99 25026
46 100 27986
46 101 30941
47 1 26776
47 2 43177
47 3 43287
47 4 48642
47 5 19734
47 6 25531
47 7 7854
47 8 6165
47 9 37703
47 10 11740
47 11 5847
47 12 43254
47 13 29637
47 14 39339
47 15 44534
47 16 31294
47 17 18908
47 18 12591
47 19 -4079
47 20 31040
47 21 46930
47 22 53080
47 23 55155
47 24 49863
47 25 58792
47 26 37102
47 27 28462
47 28 34262
47 29 47146
47 30 23400
47 31 15030
47 32 16990
47 33 40955
47 34 42987
47 35 49184
47 36 -1149
47 37 37031
47 38 31190
47 39 57521
47 40 37356
47 41 47908
47 42 38015
47 43 42911
47 44 31800
47 45 6835
47 46 -1678
47 48 -6892
47 49 -3553
47 50 31649
47 51 33150
47 52 20088
47 53 34371
47 54 46568
47 55 56605
47 56 59517
47 57 44818
47 58 34418
47 59 28694
47 60 19952
47 61 24608
47 62 7838
47 63 15396
47 64 2422
47 65 38301
47 66 28919
47 67 57024
47 68 41095
47 69 27173
47 70 23507
47 71 40793
47 72 50699
47 73 50693
47 74 54705
47 75 54068
47 76 37143
47 77 44129
47 78 48678
47 79 40946
47 80 45478
47 81 37232
47 82 4820
47 83 13498
47 84 18615
47 85 25471
47 86 22777
47 87 33438
47 88 12382
47 89 24059
47 90 22863
47 91 35286
47 92 36505
47 93 30817
47 94 27163
47 95 28947
47 96 30359
47 97 32914
47 98 33743
47 99 28912
47 100 33280
47 101 29678
48 1 21202
48 2 37083
48 3 37596
48 4 42241
48 5 14899
48 6 19527
48 7 1718
48 8 2499
48 9 33288
48 10 8167
48 11 5612
48 12 37016
48 13 23530
48 14 34857
48 15 38971
48 16 27378
48 17 16144
48 18 6483
48 19 -3895
48 20 27501
48 21 40561
48 22 46848
48 23 48833
48 24 43826
48 25 52432
48 26 30713
48 27 22137
48 28 27948
48 29 41394
48 30 19311
48 31 9685
48 32 14826
48 33 35778
48 34 38064
48 35 45115
48 36 5241
48 37 31841
48 38 27778
48 39 51120
48 40 30987
48 41 41802
48 42 32681
48 43 37839
48 44 27746
48 45 4376
48 46 27
48 47 -3752
48 49 1745
48 50 25990
48 51 28598
48 52 13709
48 53 27973
48 54 40271
48 55 50266
48 56 53150
48 57 38981
48 58 28094
48 59 23274
48 60 14621
48 61 20377
48 62 4243
48 63 14397
48 64 5366
48 65 35370
48 66 26211
48 67 50626
48 68 35095
48 69 21324
48 70 18838
48 71 37164
48 72 44351
48 73 44373
48 74 48408
48 75 47753
48 76 31182
48 77 38289
48 78 43527
48 79 35478
48 80 39395
48 81 32237
48 82 -1197
48 83 8606
48 84 14531
48 85 20693
48 86 19738
48 87 27658
48 88 6943
48 89 17801
48 90 20799
48 91 30691
48 92 31056
48 93 25734
48 94 21209
48 95 23175
48 96 24728
48 97 27246
48 98 28630
48 99 23527
48 100 28352
48 101 23276
49 1 32867
49 2 54412
49 3 49146
49 4 58032
49 5 31859
49 6 36952
49 7 17242
49 8 18330
49 9 40182
49 10 14677
49 11 5165
49 12 51297
49 13 40868
49 14 51503
49 15 56408
49 16 43404
49 17 30748
49 18 23896
49 19 -99
49 20 32076
49 21 57153
49 22 63939
49 23 65613
49 24 56720
49 25 67434
49 26 46332
49 27 37388
49 28 42938
49 29 52984
49 30 26079
49 31 21367
49 32 16040
49 33 45427
49 34 46393
49 35 50532
49 36 584
49 37 49084
49 38 43110
49 39 67198
49 40 47621
49 41 59098
49 42 50018
49 43 55015
49 44 43924
49 45 18724
49 46 8718
49 47 2011
49 48 4169
49 50 37689
49 51 36248
49 52 29716
49 53 44353
49 54 54825
49 55 65087
49 56 69691
49 57 56439
49 58 44995
49 59 40641
49 60 31917
49 61 36766
49 62 12304
49 63 13398
49 64 -6986
49 65 37080
49 66 27824
49 67 66730
49 68 47974
49 69 34252
49 70 27749
49 71 41345
49 72 61052
49 73 61218
49 74 65327
49 75 64591
49 76 44068
49 77 50524
49 78 52807
49 79 46078
49 80 52684
49 81 41150
49 82 16265
49 83 25589
49 84 30772
49 85 37617
49 86 34607
49 87 45122
49 88 19555
49 89 34988
49 90 22388
49 91 47450
49 92 48438
49 93 42898
49 94 38649
49 95 40639
49 96 42168
49 97 44699
49 98 45820
49 99 40873
49 100 45406
49 101 39405
50 1 -633
50 2 28054
50 3 3263
50 4 17599
50 5 29043
50 6 22270
50 7 21604
50 8 30228
50 9 5797
50 10 10780
50 11 23297
50 12 8666
50 13 19427
50 14 41727
50 15 34301
50 16 41042
50 17 38045
50 18 20484
50 19 22399
50 20 11072
50 21 22380
50 22 31100
50 23 28556
50 24 10751
50 25 23825
50 26 8997
50 27 10969
50 28 7845
50 29 7143
50 30 5916
50 31 8448
50 32 12083
50 33 3588
50 34 5676
50 35 17536
50 36 38480
50 37 37268
50 38 39499
50 39 26739
50 40 15890
50 41 28578
50 42 33077
50 43 37949
50 44 38529
50 45 30700
50 46 33333
50 47 29870
50 48 21071
50 49 30346
50 51 3281
50 52 17462
50 53 14951
50 54 11213
50 55 21309
50 56 32092
50 57 32777
50 58 17088
50 59 28867
50 60 28878
50 61 34240
50 62 17208
50 63 22106
50 64 24149
50 65 13902
50 66 10611
50 67 25556
50 68 2215
50 69 6809
50 70 7961
50 71 13604
50 72 25833
50 73 27768
50 74 31335
50 75 29247
50 76 -796
50 77 4500
50 78 10393
50 79 1347
50 80 7308
50 81 819
50 82 25418
50 83 28055
50 84 32831
50 85 30368
50 86 36432
50 87 25166
50 88 15530
50 89 20587
50 90 22980
50 91 40151
50 92 35090
50 93 34305
50 94 22031
50 95 24540
50 96 30173
50 97 28063
50 98 35265
50 99 30806
50 100 34998
50 101 12444
51 1 5084
51 2 39067
51 3 9335
51 4 27910
51 5 36853
51 6 31345
51 7 24521
51 8 34797
51 9 -3142
51 10 8484
51 11 20680
51 12 19319
51 13 29703
51 14 51631
51 15 45294
51 16 49690
51 17 44889
51 18 26723
51 19 21918
51 20 1023
51 21 33516
51 22 42212
51 23 39140
51 24 17136
51 25 32606
51 26 20164
51 27 19881
51 28 18655
51 29 11355
51 30 371
51 31 10659
51 32 4827
51 33 2989
51 34 2257
51 35 9105
51 36 38683
51 37 46886
51 38 48986
51 39 36700
51 40 27008
51 41 39745
51 42 43551
51 43 48665
51 44 47831
51 45 36148
51 46 36374
51 47 30894
51 48 23202
51 49 28428
51 50 2804
51 52 23693
51 53 25630
51 54 20705
51 55 30161
51 56 42755
51 57 43739
51 58 27921
51 59 38199
51 60 36182
51 61 42608
51 62 16713
51 63 16971
51 64 19235
51 65 3383
51 66 -466
51 67 35010
51 68 10421
51 69 13088
51 70 6673
51 71 3151
51 72 36881
51 73 38922
51 74 42420
51 75 40191
51 76 9819
51 77 12813
51 78 8943
51 79 4103
51 80 15990
51 81 -2600
51 82 29153
51 83 34390
51 84 40051
51 85 39379
51 86 44775
51 87 35673
51 88 17713
51 89 28927
51 90 17493
51 91 49370
51 92 44735
51 93 43302
51 94 31632
51 95 34329
51 96 39267
51 97 38106
51 98 44689
51 99 39787
51 100 44592
51 101 22399
52 1 8274
52 2 22946
52 3 23088
52 4 25674
52 5 10500
52 6 7620
52 7 4337
52 8 10012
52 9 23290
52 10 6642
52 11 13934
52 12 20649
52 13 9872
52 14 27923
52 15 27109
52 16 23839
52 17 18289
52 18 207
52 19 8668
52 20 21386
52 21 24512
52 22 31636
52 23 33003
52 24 27951
52 25 35793
52 26 14084
52 27 5621
52 28 11415
52 29 26437
52 30 12552
52 31 1534
52 32 14226
52 33 23292
52 34 25828
52 35 35643
52 36 21872
52 37 23126
52 38 24011
52 39 34680
52 40 15007
52 41 27267
52 42 22341
52 43 28029
52 44 22814
52 45 10311
52 46 13817
52 47 12867
52 48 3348
52 49 16931
52 50 12020
52 51 18728
52 53 11703
52 54 23728
52 55 33648
52 56 37041
52 57 26099
52 58 12616
52 59 14079
52 60 9636
52 61 16566
52 62 7010
52 63 18374
52 64 16342
52 65 29156
52 66 21736
52 67 34209
52 68 19448
52 69 7579
52 70 10908
52 71 29396
52 72 28434
52 73 28682
52 74 32831
52 75 32024
52 76 15842
52 77 23289
52 78 30698
52 79 21711
52 80 23468
52 81 20272
52 82 6067
52 83 7891
52 84 13436
52 85 14250
52 86 18538
52 87 15516
52 88 2998
52 89 4462
52 90 21699
52 91 24463
52 92 21322
52 93 18315
52 94 9062
52 95 11817
52 96 14920
52 97 16095
52 98 20464
52 99 14986
52 100 20557
52 101 6787
53 1 11481
53 2 9885
53 3 17821
53 4 10534
53 5 14831
53 6 6509
53 7 19933
53 8 22559
53 9 24665
53 10 19212
53 11 28860
53 12 9898
53 13 844
53 14 23223
53 15 15917
53 16 24393
53 17 24751
53 18 11826
53 19 24260
53 20 27889
53 21 8907
53 22 16518
53 23 17424
53 24 17402
53 25 21458
53 26 -58
53 27 6297
53 28 3394
53 29 18578
53 30 20306
53 31 13525
53 32 25076
53 33 22179
53 34 22856
53 35 36255
53 36 37093
53 37 19332
53 38 21333
53 39 19236
53 40 -489
53 41 12782
53 42 14218
53 43 19134
53 44 20757
53 45 20504
53 46 27232
53 47 28133
53 48 18595
53 49 32551
53 50 10492
53 51 21648
53 52 12686
53 54 10722
53 55 19668
53 56 21420
53 57 14345
53 58 -1520
53 59 11618
53 60 16406
53 61 18321
53 62 21680
53 63 31668
53 64 31276
53 65 32716
53 66 28215
53 67 18736
53 68 10789
53 69 12809
53 70 19507
53 71 32404
53 72 12861
53 73 13270
53 74 17445
53 75 16515
53 76 10098
53 77 17289
53 78 27417
53 79 17546
53 80 13779
53 81 19395
53 82 20621
53 83 17343
53 84 19436
53 85 13390
53 86 20035
53 87 6307
53 88 17650
53 89 8105
53 90 33865
53 91 22690
53 92 17228
53 93 17539
53 94 4736
53 95 6604
53 96 13681
53 97 9624
53 98 17646
53 99 14321
53 100 17008
53 101 -55
54 1 18654
54 2 20803
54 3 11142
54 4 -1341
54 5 34820
54 6 26483
54 7 36982
54 8 42053
54 9 21597
54 10 30489
54 11 42471
54 12 5517
54 13 18919
54 14 38907
54 15 25116
54 16 43092
54 17 44745
54 18 31192
54 19 40061
54 20 30908
54 21 10306
54 22 16518
54 23 9884
54 24 -882
54 25 3417
54 26 3922
54 27 21674
54 28 14072
54 29 4188
54 30 26506
54 31 26398
54 32 32674
54 33 19123
54 34 13181
54 35 29950
54 36 54775
54 37 37163
54 38 37373
54 39 6666
54 40 10267
54 41 14894
54 42 28317
54 43 30631
54 44 38077
54 45 40512
54 46 46511
54 47 45791
54 48 36354
54 49 48484
54 50 12215
54 51 22184
54 52 30172
54 53 16183
54 55 950
54 56 14045
54 57 24930
54 58 14594
54 59 30500
54 60 36493
54 61 37636
54 62 35645
54 63 42374
54 64 44067
54 65 28621
54 66 29255
54 67 5037
54 68 223
54 69 23716
54 70 28108
54 71 29345
54 72 11234
54 73 15310
54 74 16736
54 75 12889
54 76 9083
54 77 11849
54 78 18872
54 79 10297
54 80 1916
54 81 15269
54 82 39113
54 83 37311
54 84 39479
54 85 32136
54 86 38696
54 87 21512
54 88 32544
54 89 27975
54 90 43411
54 91 40804
54 92 35428
54 93 36610
54 94 24095
54 95 25100
54 96 33214
54 97 26989
54 98 35888
54 99 33722
54 100 34508
54 101 18277
55 1 27101
55 2 24379
55 3 18426
55 4 -2017
55 5 41316
55 6 33106
55 7 45212
55 8 49660
55 9 28388
55 10 38957
55 11 50955
55 12 13989
55 13 24685
55 14 42538
55 15 26581
55 16 48323
55 17 51156
55 18 38830
55 19 48464
55 20 38656
55 21 13554
55 22 16250
55 23 5499
55 24 1284
55 25 -5019
55 26 11193
55 27 29834
55 28 22260
55 29 8449
55 30 34717
55 31 34871
55 32 40875
55 33 26454
55 34 18040
55 35 35453
55 36 62984
55 37 42189
55 38 40831
55 39 805
55 40 15890
55 41 14668
55 42 31718
55 43 32550
55 44 42466
55 45 47665
55 46 54246
55 47 53985
55 48 44506
55 49 56903
55 50 20468
55 51 29797
55 52 38249
55 53 23286
55 54 -893
55 56 11447
55 57 27592
55 58 20547
55 59 36166
55 60 43479
55 61 43369
55 62 44115
55 63 50786
55 64 52536
55 65 34370
55 66 36457
55 67 -2524
55 68 7637
55 69 32193
55 70 36519
55 71 35743
55 72 12297
55 73 17543
55 74 17043
55 75 11630
55 76 17420
55 77 19650
55 78 24596
55 79 17007
55 80 9506
55 81 22205
55 82 47084
55 83 44534
55 84 46048
55 85 37554
55 86 43778
55 87 25851
55 88 40954
55 89 35297
55 90 51774
55 91 45796
55 92 40747
55 93 42302
55 94 30247
55 95 30725
55 96 39352
55 97 32057
55 98 41100
55 99 39706
55 100 39263
55 101 25936
56 1 31939
56 2 14425
56 3 28078
56 4 -2315
56 5 34856
56 6 27754
56 7 44767
56 8 46021
56 9 38575
56 10 42605
56 11 53281
56 12 19492
56 13 18044
56 14 30862
56 15 13033
56 16 38976
56 17 43999
56 18 35869
56 19 49080
56 20 46561
56 21 6620
56 22 2292
56 23 -6919
56 24 15060
56 25 5797
56 26 11578
56 27 30364
56 28 23914
56 29 21376
56 30 40880
56 31 37336
56 32 46798
56 33 35778
56 34 30621
56 35 47388
56 36 61676
56 37 33040
56 38 28610
56 39 -3597
56 40 11188
56 41 350
56 42 20196
56 43 19150
56 44 31741
56 45 42436
56 46 50748
56 47 52781
56 48 43274
56 49 57391
56 50 27135
56 51 38275
56 52 37526
56 53 20922
56 54 8086
56 55 7331
56 57 15698
56 58 15404
56 59 28330
56 60 38372
56 61 35079
56 62 46091
56 63 55024
56 64 55579
56 65 45981
56 66 45665
56 67 -5311
56 68 17339
56 69 35293
56 70 41326
56 71 46488
56 72 2044
56 73 7914
56 74 4391
56 75 -2686
56 76 24084
56 77 28289
56 78 36319
56 79 27519
56 80 19033
56 81 32237
56 82 45080
56 83 39898
56 84 39534
56 85 28871
56 86 33933
56 87 16206
56 88 42203
56 89 31868
56 90 56605
56 91 36269
56 92 32308
56 93 34291
56 94 23918
56 95 23175
56 96 32595
56 97 23415
56 98 32226
56 99 32448
56 100 29497
56 101 24679
57 1 31121
57 2 1574
57 3 35241
57 4 13791
57 5 17567
57 6 13780
57 7 34288
57 8 31025
57 9 43759
57 10 37421
57 11 45189
57 12 25503
57 13 4777
57 14 9926
57 15 -3729
57 16 18647
57 17 25185
57 18 23054
57 19 38781
57 20 47532
57 21 10570
57 22 7199
57 23 9843
57 24 29342
57 25 25331
57 26 14084
57 27 25237
57 28 22754
57 29 33286
57 30 39813
57 31 31697
57 32 44102
57 33 40955
57 34 40181
57 35 54853
57 36 48244
57 37 13506
57 38 7995
57 39 17403
57 40 8067
57 41 -553
57 42 -804
57 43 557
57 44 10788
57 45 25494
57 46 35183
57 47 39965
57 48 30988
57 49 46022
57 50 29703
57 51 41142
57 52 28467
57 53 15730
57 54 20854
57 55 25359
57 56 17581
57 58 7941
57 59 10433
57 60 22809
57 61 15683
57 62 38403
57 63 49593
57 64 47472
57 65 51950
57 66 47859
57 67 14730
57 68 26298
57 69 32164
57 70 38790
57 71 51672
57 72 10357
57 73 10618
57 74 11356
57 75 10220
57 76 28301
57 77 34732
57 78 44933
57 79 35126
57 80 28509
57 81 38074
57 82 32328
57 83 24379
57 84 21756
57 85 9411
57 86 13203
57 87 -2293
57 88 34390
57 89 20170
57 90 52377
57 91 16015
57 92 13877
57 93 15730
57 94 9186
57 95 6604
57 96 16185
57 97 5406
57 98 12866
57 99 15040
57 100 9218
57 101 18668
58 1 16579
58 2 4798
58 3 21887
58 4 9364
58 5 14186
58 6 6172
58 7 23282
58 8 24076
58 9 29482
58 10 23904
58 11 33001
58 12 12940
58 13 -2293
58 14 19210
58 15 10831
58 16 21921
58 17 23992
58 18 13851
58 19 27821
58 20 32986
58 21 6123
58 22 12404
58 23 14121
58 24 19482
58 25 20989
58 26 1729
58 27 11113
58 28 8266
58 29 21672
58 30 25385
58 31 18161
58 32 30035
58 33 26842
58 34 26990
58 35 40887
58 36 39723
58 37 16172
58 38 17545
58 39 17188
58 40 -3074
58 41 8192
58 42 9635
58 43 14249
58 44 17424
58 45 21035
58 46 28819
58 47 30882
58 48 21418
58 49 35895
58 50 15331
58 51 26641
58 52 16301
58 53 1182
58 54 11835
58 55 19631
58 56 18604
58 57 9258
58 59 9287
58 60 16798
58 61 16442
58 62 25889
58 63 36306
58 64 35440
58 65 37606
58 66 33299
58 67 16480
58 68 14027
58 69 17833
58 70 24524
58 71 37302
58 72 9699
58 73 9660
58 74 13721
58 75 13040
58 76 14435
58 77 21331
58 78 31596
58 79 21711
58 80 16679
58 81 24027
58 82 23116
58 83 18170
58 84 18931
58 85 10939
58 86 17552
58 87 1810
58 88 21800
58 89 9854
58 90 38672
58 91 19766
58 92 14295
58 93 15402
58 94 3081
58 95 3892
58 96 12193
58 97 6087
58 98 14775
58 99 12601
58 100 13684
58 101 4528
59 1 25058
59 2 11395
59 3 34979
59 4 23673
59 5 1293
59 6 1678
59 7 20457
59 8 14966
59 9 40051
59 10 26487
59 11 31859
59 12 27313
59 13 679
59 14 8041
59 15 10015
59 16 6943
59 17 9823
59 18 8622
59 19 24356
59 20 40469
59 21 19637
59 22 21831
59 23 24750
59 24 34472
59 25 35556
59 26 16619
59 27 18337
59 28 20037
59 29 36038
59 30 31857
59 31 21417
59 32 34150
59 33 38299
59 34 39802
59 35 52147
59 36 32346
59 37 3207
59 38 4941
59 39 30207
59 40 11829
59 41 15286
59 42 3565
59 43 8924
59 44 3835
59 45 9242
59 46 18932
59 47 24385
59 48 15825
59 49 30768
59 50 26337
59 51 36146
59 52 16991
59 53 13547
59 54 26968
59 55 34477
59 56 30757
59 57 10977
59 58 8514
59 60 6952
59 61 1359
59 62 25845
59 63 37772
59 64 33625
59 65 47368
59 66 40970
59 67 28806
59 68 28252
59 69 24827
59 70 30284
59 71 47196
59 72 22036
59 73 21660
59 74 24633
59 75 24062
59 76 27106
59 77 34505
59 78 44353
59 79 34564
59 80 31190
59 81 35532
59 82 17188
59 83 8338
59 84 5643
59 85 -4072
59 86 2595
59 87 -284
59 88 22386
59 89 8483
59 90 41515
59 91 5440
59 92 1971
59 93 291
59 94 -1138
59 95 -3288
59 96 1319
59 97 -996
59 98 661
59 99 -1163
59 100 694
59 101 13277
60 1 21344
60 2 20502
60 3 34577
60 4 29936
60 5 -2720
60 6 3411
60 7 10717
60 8 4414
60 9 36576
60 10 18448
60 11 21992
60 12 29312
60 13 7435
60 14 16892
60 15 20771
60 16 10890
60 17 5384
60 18 -701
60 19 13936
60 20 34734
60 21 26611
60 22 30924
60 23 33603
60 24 37128
60 25 41375
60 26 20164
60 27 16051
60 28 20370
60 29 37099
60 30 25864
60 31 14489
60 32 26380
60 33 36027
60 34 38371
60 35 48924
60 36 21657
60 37 13402
60 38 11487
60 39 37704
60 40 17501
60 41 25064
60 42 14283
60 43 19404
60 44 10574
60 45 429
60 46 8840
60 47 13615
60 48 5144
60 49 20016
60 50 24320
60 51 32101
60 52 10520
60 53 16307
60 54 30933
60 55 39762
60 56 38771
60 57 21325
60 58 13997
60 59 4924
60 61 3539
60 62 16713
60 63 28775
60 64 23332
60 65 42602
60 66 34982
60 67 36838
60 68 29492
60 69 20663
60 70 24239
60 71 42843
60 72 29819
60 73 29524
60 74 33125
60 75 32599
60 76 26804
60 77 34397
60 78 43066
60 79 33676
60 80 32969
60 81 33131
60 82 6571
60 83 -2184
60 84 144
60 85 2585
60 86 5183
60 87 9912
60 88 14068
60 89 5455
60 90 33215
60 91 12763
60 92 12735
60 93 7341
60 94 4433
60 95 5518
60 96 6759
60 97 9268
60 98 10208
60 99 5145
60 100 10017
60 101 13501
61 1 31330
61 2 19785
61 3 42871
61 4 32625
61 5 -484
61 6 8785
61 7 21641
61 8 12117
61 9 46613
61 10 29628
61 11 32620
61 12 35857
61 13 9652
61 14 7127
61 15 15164
61 16 -290
61 17 1955
61 18 10480
61 19 23984
61 20 45592
61 21 28548
61 22 29893
61 23 32812
61 24 43247
61 25 44526
61 26 25421
61 27 25095
61 28 27963
61 29 44450
61 30 36758
61 31 25523
61 32 37560
61 33 45427
61 34 47378
61 35 58890
61 36 29003
61 37 8028
61 38 350
61 39 38880
61 40 20821
61 41 22749
61 42 8167
61 43 11536
61 44 -257
61 45 3956
61 46 14322
61 47 22094
61 48 14723
61 49 28688
61 50 33505
61 51 42350
61 52 21273
61 53 22045
61 54 35899
61 55 43475
61 56 39301
61 57 18022
61 58 17464
61 59 3154
61 60 7362
61 62 27769
61 63 39808
61 64 33371
61 65 53224
61 66 45934
61 67 37226
61 68 36660
61 69 30780
61 70 35115
61 71 53281
61 72 30736
61 73 30375
61 74 33055
61 75 32408
61 76 34965
61 77 42477
61 78 51963
61 79 42297
61 80 39734
61 81 42620
61 82 16613
61 83 6726
61 84 507
61 85 -4985
61 86 -5433
61 87 7584
61 88 25248
61 89 14204
61 90 44379
61 91 3461
61 92 9933
61 93 3291
61 94 7349
61 95 5712
61 96 8597
61 97 7346
61 98 4671
61 99 4847
61 100 2471
61 101 20968
62 1 12277
62 2 38193
62 3 28632
62 4 38480
62 5 22219
62 6 22485
62 7 3382
62 8 13530
62 9 21597
62 10 -4296
62 11 -1091
62 12 31010
62 13 25165
62 14 41645
62 15 42330
62 16 35735
62 17 26573
62 18 11030
62 19 -2921
62 20 15097
62 21 38723
62 22 46439
62 23 47201
62 24 36129
62 25 47277
62 26 26880
62 27 18172
62 28 23202
62 29 32504
62 30 7276
62 31 905
62 32 2579
62 33 25392
62 34 27088
62 35 33076
62 36 13731
62 37 37294
62 38 36405
62 39 47815
62 40 29477
62 41 42350
62 42 37196
62 43 42838
62 44 35573
62 45 15631
62 46 12488
62 47 5970
62 48 -765
62 49 4872
62 50 17119
62 51 17101
62 52 12363
62 53 26050
62 54 34554
62 55 44867
62 56 50959
62 57 41388
62 58 27557
62 59 28286
62 60 21182
62 61 28415
62 63 3776
62 64 1310
62 65 22846
62 66 13689
62 67 47287
62 68 27389
62 69 13838
62 70 7660
62 71 24827
62 72 42718
62 73 43236
62 74 47410
62 75 46426
62 76 23501
62 77 29939
62 78 33010
62 79 25779
62 80 32129
62 81 21446
62 82 7631
62 83 16832
62 84 23403
62 85 27421
62 86 29288
62 87 30696
62 88 268
62 89 19487
62 90 8770
62 91 37655
62 92 35791
62 93 31816
62 94 24095
62 95 26727
62 96 29221
62 97 31018
62 98 34391
62 99 28850
62 100 34433
62 101 20968
63 1 17455
63 2 48355
63 3 31895
63 4 45875
63 5 33612
63 6 33518
63 7 14686
63 8 24076
63 9 19944
63 10 -1134
63 11 -1091
63 12 37346
63 13 35726
63 14 53017
63 15 53061
63 16 47103
63 17 37512
63 18 22424
63 19 2859
63 20 11400
63 21 47508
63 22 55731
63 23 55658
63 24 40108
63 25 53383
63 26 34833
63 27 27160
63 28 31111
63 29 35227
63 30 6962
63 31 9149
63 32 -4977
63 33 26842
63 34 26475
63 35 29675
63 36 18211
63 37 48581
63 38 47778
63 39 55266
63 40 38683
63 41 52056
63 42 48275
63 43 53950
63 44 46973
63 45 26167
63 46 20972
63 47 12867
63 48 8728
63 49 5305
63 50 21356
63 51 16698
63 52 23066
63 53 35377
63 54 40622
63 55 50877
63 56 59231
63 57 51917
63 58 37313
63 59 39552
63 60 32583
63 61 39793
63 62 3115
63 64 -5292
63 65 16264
63 66 6895
63 67 54509
63 68 31898
63 69 20975
63 70 10908
63 71 20362
63 72 51481
63 73 52326
63 74 56455
63 75 55223
63 76 28647
63 77 34059
63 78 33540
63 79 27917
63 80 37040
63 81 21954
63 82 18478
63 83 28113
63 84 34667
63 85 38813
63 86 40513
63 87 41506
63 88 10972
63 89 30415
63 90 1840
63 91 49050
63 92 47000
63 93 43182
63 94 35043
63 95 37756
63 96 40454
63 97 42046
63 98 45717
63 99 40167
63 100 45774
63 101 30401
64 1 31252
64 2 58989
64 3 46242
64 4 59074
64 5 39808
64 6 42519
64 7 21897
64 8 27378
64 9 33996
64 10 12051
64 11 3847
64 12 50969
64 13 45744
64 14 59809
64 15 62537
64 16 52457
64 17 40787
64 18 29927
64 19 4859
64 20 25272
64 21 59719
64 22 67456
64 23 68166
64 24 54417
64 25 67197
64 26 47638
64 27 39136
64 28 43890
64 29 49639
64 30 21383
64 31 21367
64 32 8564
64 33 41264
64 34 40604
64 35 42930
64 36 13041
64 37 56303
64 38 52793
64 39 68460
64 40 50500
64 41 63294
64 42 56816
64 43 62260
64 44 52820
64 45 28749
64 46 20102
64 47 11981
64 48 11785
64 49 -2991
64 50 35487
64 51 31050
64 52 33122
64 53 47073
64 54 54403
64 55 64715
64 56 71874
64 57 61884
64 58 48535
64 59 47493
64 60 39228
64 61 45444
64 62 12737
64 63 6796
64 65 27361
64 66 18768
64 67 67851
64 68 46075
64 69 34011
64 70 24921
64 71 33298
64 72 63717
64 73 64259
64 74 68433
64 75 67434
64 76 42614
64 77 48279
64 78 47882
64 79 42336
64 80 51134
64 81 36330
64 82 23418
64 83 33585
64 84 39610
64 85 45552
64 86 44584
64 87 50911
64 88 21256
64 89 39817
64 90 16236
64 91 55630
64 92 55179
64 93 50376
64 94 44227
64 95 46647
64 96 48645
64 97 50890
64 98 53198
64 99 47846
64 100 53062
64 101 41992
65 1 28042
65 2 61538
65 3 27774
65 4 46867
65 5 59276
65 6 54283
65 7 44368
65 8 55141
65 9 8918
65 10 25614
65 11 34528
65 12 39978
65 13 52681
65 14 74650
65 15 67782
65 16 72394
65 17 66613
65 18 48564
65 19 37839
65 20 13770
65 21 54787
65 22 63169
65 23 58140
65 24 31225
65 25 48454
65 26 41860
65 27 42881
65 28 41360
65 29 24480
65 30 18954
65 31 31510
65 32 15183
65 33 22349
65 34 8182
65 35 5495
65 36 54002
65 37 69887
65 38 71933
65 39 54434
65 40 49265
65 41 61068
65 42 66489
65 43 71477
65 44 70749
65 45 56966
65 46 54963
65 47 47785
65 48 41714
65 49 41000
65 50 25165
65 51 15123
65 52 45861
65 53 48438
65 54 38882
65 55 46474
65 56 62201
65 57 66287
65 58 50626
65 59 61161
65 60 58423
65 61 65222
65 62 34198
65 63 28277
65 64 27286
65 66 -1865
65 67 51210
65 68 28644
65 69 35860
65 70 27157
65 71 641
65 72 57650
65 73 60260
65 74 63290
65 75 60459
65 76 31155
65 77 32460
65 78 20547
65 79 20725
65 80 34301
65 81 14231
65 82 49176
65 83 56055
65 84 62116
65 85 62244
65 86 67302
65 87 58592
65 88 37772
65 89 51717
65 90 29941
65 91 72283
65 92 67742
65 93 66175
65 94 54643
65 95 57349
65 96 62188
65 97 61123
65 98 67660
65 99 62669
65 100 67586
65 101 45403
66 1 18340
66 2 53466
66 3 23653
66 4 42778
66 5 47626
66 6 43711
66 7 31452
66 8 42216
66 9 4851
66 10 12401
66 11 20930
66 12 34310
66 13 43248
66 14 64398
66 15 59596
66 16 61041
66 17 54257
66 18 36523
66 19 24260
66 20 1905
66 21 48457
66 22 57173
66 23 54065
66 24 30349
66 25 46737
66 26 35066
66 27 32924
66 28 33061
66 29 23861
66 30 6962
66 31 19344
66 32 1583
66 33 17156
66 34 10061
66 35 9578
66 36 40405
66 37 59499
66 38 61096
66 39 51387
66 40 41639
66 41 54637
66 42 57120
66 43 62502
66 44 59871
66 45 44168
66 46 41557
66 47 34230
66 48 28382
66 49 27571
66 50 17701
66 51 7101
66 52 34268
66 53 39764
66 54 35343
66 55 44388
66 56 57712
66 57 58023
66 58 42146
66 59 50590
66 60 46630
66 61 53759
66 62 20868
66 63 14735
66 64 14520
66 65 -6038
66 67 49379
66 68 24886
66 69 25445
66 70 15316
66 71 -221
66 72 51868
66 73 53841
66 74 57395
66 75 55191
66 76 24819
66 77 27554
66 78 19714
66 79 17546
66 80 30528
66 81 10114
66 82 36220
66 83 43783
66 84 50075
66 85 51288
66 86 55630
66 87 49369
66 88 25088
66 89 40818
66 90 16342
66 91 61442
66 92 57441
66 93 55274
66 94 44461
66 95 47274
66 96 51496
66 97 51275
66 98 57088
66 99 51828
66 100 57121
66 101 35970
67 1 44150
67 2 29919
67 3 36778
67 4 8648
67 5 50505
67 6 43344
67 7 59507
67 8 61517
67 9 46827
67 10 55666
67 11 67064
67 12 30779
67 13 33683
67 14 45049
67 15 25991
67 16 54179
67 17 59586
67 18 51191
67 19 63549
67 20 56867
67 21 21933
67 22 16607
67 23 -2199
67 24 19185
67 25 6508
67 26 25182
67 27 44501
67 28 37414
67 29 26544
67 30 52421
67 31 50888
67 32 58577
67 33 44819
67 34 36018
67 35 53586
67 36 76787
67 37 48420
67 38 42102
67 39 -698
67 40 26404
67 41 13347
67 42 34762
67 43 31874
67 44 46412
67 45 58078
67 46 66258
67 47 67832
67 48 58294
67 49 71974
67 50 38143
67 51 48074
67 52 52238
67 53 35782
67 54 16622
67 55 10904
67 56 12233
67 57 30391
67 58 30824
67 59 43923
67 60 53983
67 61 50548
67 62 59963
67 63 67846
67 64 69100
67 65 52534
67 66 54876
67 68 25908
67 69 48423
67 70 53676
67 71 54134
67 72 17658
67 73 23560
67 74 19792
67 75 12165
67 76 34965
67 77 37786
67 78 42908
67 79 35444
67 80 27692
67 81 40637
67 82 60261
67 83 55484
67 84 55177
67 85 44302
67 86 48894
67 87 31606
67 88 56313
67 89 47204
67 90 69062
67 91 51482
67 92 47839
67 93 49846
67 94 39561
67 95 38810
67 96 48247
67 97 38948
67 98 47651
67 99 48079
67 100 44681
67 101 39336
68 1 11070
68 2 26157
68 3 1100
68 4 8465
68 5 34784
68 6 26747
68 7 32081
68 8 39186
68 9 11557
68 10 22801
68 11 35254
68 12 3508
68 13 21154
68 14 43029
68 15 31793
68 16 45007
68 17 44523
68 18 28605
68 19 33924
68 20 21192
68 21 17260
68 22 25062
68 23 19816
68 24 -1033
68 25 12399
68 26 6093
68 27 18101
68 28 11316
68 29 -2033
68 30 17552
68 31 19863
68 32 23643
68 33 9120
68 34 4336
68 35 20379
68 36 49580
68 37 39790
68 38 41396
68 39 16698
68 40 14063
68 41 23195
68 42 33065
68 43 36665
68 44 41171
68 45 38734
68 46 43067
68 47 40767
68 48 31627
68 49 42082
68 50 3666
68 51 12349
68 52 26341
68 53 16699
68 54 672
68 55 9929
68 56 23747
68 57 30823
68 58 17235
68 59 32233
68 60 35501
68 61 38846
68 62 28929
68 63 34099
68 64 36188
68 65 18832
68 66 19247
68 67 14772
68 69 17425
68 70 20002
68 71 19362
68 72 19531
68 73 22678
68 74 25177
68 75 22053
68 76 1435
68 77 2289
68 78 9455
68 79 352
68 80 -4146
68 81 5222
68 82 35191
68 83 35621
68 84 39142
68 85 34006
68 86 40647
68 87 25496
68 88 26639
68 89 26665
68 90 34905
68 91 43248
68 92 37748
68 93 38144
68 94 25342
68 95 27150
68 96 34213
68 97 29851
68 98 38201
68 99 34876
68 100 37403
68 101 16851
69 1 -2486
69 2 25810
69 3 13128
69 4 21889
69 5 20611
69 6 15276
69 7 11701
69 8 20307
69 9 12737
69 10 4144
69 11 15606
69 12 13989
69 13 14711
69 14 35855
69 15 31570
69 16 33422
69 17 28970
69 18 10976
69 19 13413
69 20 12659
69 21 23466
69 22 31901
69 23 31496
69 24 19581
69 25 30272
69 26 10668
69 27 4357
69 28 6953
69 29 16882
69 30 4493
69 31 -505
69 32 9114
69 33 12541
69 34 15098
69 35 25076
69 36 28976
69 37 30990
69 38 32904
69 39 31284
69 40 15007
69 41 28578
69 42 28532
69 43 34003
69 44 31705
69 45 21004
69 46 23336
69 47 20209
69 48 11220
69 49 21724
69 50 1624
69 51 8380
69 52 7836
69 53 12083
69 54 17529
69 55 27849
69 56 35065
69 57 30053
69 58 14405
69 59 22172
69 60 20036
69 61 26330
69 62 8742
69 63 16540
69 64 17488
69 65 19412
69 66 13170
69 67 30651
69 68 10789
69 70 3507
69 71 19345
69 72 27406
69 73 28424
69 74 32491
69 75 31138
69 76 6819
69 77 13781
69 78 20042
69 79 11322
69 80 15325
69 81 9502
69 82 15418
69 83 18653
69 84 23965
69 85 23193
69 86 28499
69 87 20860
69 88 6026
69 89 12679
69 90 18249
69 91 33239
69 92 28890
69 93 27124
69 94 15856
69 95 18654
69 96 23157
69 97 22640
69 98 28678
69 99 23620
69 100 28656
69 101 7639
70 1 1104
70 2 34794
70 3 16112
70 4 29688
70 5 26867
70 6 23103
70 7 12466
70 8 22979
70 9 8972
70 10 -2559
70 11 10082
70 12 20995
70 13 23404
70 14 43799
70 15 40469
70 16 40238
70 17 33966
70 18 15936
70 19 10220
70 20 5003
70 21 32184
70 22 40736
70 23 39884
70 24 24118
70 25 36982
70 26 19083
70 27 13202
70 28 15599
70 29 19837
70 30 -3849
70 31 -1104
70 32 176
70 33 12270
70 34 13996
70 35 20967
70 36 26868
70 37 38896
70 38 40310
70 39 39052
70 40 23948
70 41 37521
70 42 37076
70 43 42647
70 44 39089
70 45 24571
70 46 24225
70 47 18845
70 48 11036
70 49 17523
70 50 5078
70 51 4267
70 52 13467
70 53 21083
70 54 24223
70 55 34477
70 56 43400
70 57 38981
70 58 23398
70 59 29931
70 60 25914
70 61 32967
70 62 4866
70 63 8775
70 64 10700
70 65 13011
70 66 5343
70 67 38206
70 68 15668
70 69 5809
70 71 13669
70 72 36064
70 73 37241
70 74 41252
70 75 39764
70 76 12258
70 77 17905
70 78 19858
70 79 12838
70 80 20724
70 81 8300
70 82 17188
70 83 23406
70 84 29505
70 85 30505
70 86 34896
70 87 29547
70 88 5648
70 89 20107
70 90 9898
70 91 40676
70 92 36897
70 93 34507
70 94 24047
70 95 26888
70 96 30807
70 97 31004
70 98 36412
70 99 31083
70 100 36471
70 101 16568
71 1 17881
71 2 51286
71 3 18104
71 4 37481
71 5 49447
71 6 44146
71 7 35584
71 8 46247
71 9 -1221
71 10 17539
71 11 27968
71 12 30031
71 13 42398
71 14 64419
71 15 57533
71 16 62417
71 17 57140
71 18 38991
71 19 30614
71 20 5330
71 21 44783
71 22 53274
71 23 48833
71 24 23074
71 25 40037
71 26 31730
71 27 32686
71 28 31069
71 29 16349
71 30 9939
71 31 22214
71 32 9046
71 33 12270
71 34 1242
71 35 161
71 36 47219
71 37 59689
71 38 61790
71 39 45483
71 40 39042
71 41 51084
71 42 56196
71 43 61184
71 44 60630
71 45 47893
71 46 46845
71 47 40293
71 48 33524
71 49 35281
71 50 14883
71 51 4907
71 52 36117
71 53 38142
71 54 29622
71 55 37863
71 56 52724
71 57 56025
71 58 40338
71 59 51005
71 60 48680
71 61 55295
71 62 26195
71 63 22391
71 64 23239
71 65 -9343
71 66 -6032
71 67 42826
71 68 19190
71 69 25809
71 70 17831
71 72 47786
71 73 50249
71 74 53409
71 75 50750
71 76 21022
71 77 22607
71 78 12019
71 79 11297
71 80 24870
71 81 4331
71 82 40375
71 83 46582
71 84 52470
71 85 52163
71 86 57430
71 87 48297
71 88 28829
71 89 41677
71 90 23387
71 91 62167
71 92 57536
71 93 56087
71 94 44431
71 95 47118
71 96 52064
71 97 50863
71 98 57495
71 99 52574
71 100 57397
71 101 35134
72 1 26583
72 2 7785
72 3 25100
72 4 -1617
72 5 27736
72 6 20544
72 7 37855
72 8 38816
72 9 35254
72 10 36549
72 11 46793
72 12 15532
72 13 10859
72 14 25367
72 15 9239
72 16 32454
72 17 37007
72 18 28716
72 19 42265
72 20 42002
72 21 -222
72 22 371
72 23 -598
72 24 15291
72 25 9814
72 26 6022
72 27 23910
72 28 18023
72 29 20487
72 30 35704
72 31 31080
72 32 41365
72 33 32275
72 34 28931
72 35 44999
72 36 54576
72 37 26379
72 38 23519
72 39 3004
72 40 4205
72 41 -1437
72 42 14541
72 43 15124
72 44 25749
72 45 35254
72 46 43540
72 47 45711
72 48 36223
72 49 50500
72 50 22624
72 51 34149
72 52 30667
72 53 14111
72 54 7023
72 55 9929
72 56 3792
72 57 10222
72 58 8247
72 59 21357
72 60 31168
72 61 28262
72 62 39598
72 63 49022
72 64 49170
72 65 43178
72 66 41569
72 67 1862
72 68 14871
72 69 29382
72 70 35738
72 71 43298
72 73 780
72 74 482
72 75 -1424
72 76 19896
72 77 24948
72 78 34153
72 79 24823
72 80 16701
72 81 29022
72 82 37971
72 83 32688
72 84 32436
72 85 22118
72 86 27613
72 87 9601
72 88 35620
72 89 24720
72 90 50819
72 91 29770
72 92 25445
72 93 27374
72 94 16738
72 95 16121
72 96 25470
72 97 16565
72 98 25498
72 99 25393
72 100 23055
72 101 17945
73 1 25182
73 2 4743
73 3 25100
73 4 841
73 5 24588
73 6 17489
73 7 35242
73 8 35814
73 9 34918
73 10 34601
73 11 44513
73 12 15271
73 13 7749
73 14 22642
73 15 7430
73 16 29370
73 17 33845
73 18 25833
73 19 39724
73 20 40971
73 21 -1532
73 22 1117
73 23 2080
73 24 16777
73 25 12588
73 26 4918
73 27 21775
73 28 16407
73 29 21439
73 30 34337
73 31 29021
73 32 39796
73 33 31917
73 34 29395
73 35 45077
73 36 51748
73 37 23271
73 38 20906
73 39 6166
73 40 1747
73 41 -1535
73 42 11812
73 43 13068
73 44 22829
73 45 32141
73 46 40524
73 47 42920
73 48 33460
73 49 47881
73 50 21774
73 51 33405
73 52 28130
73 53 11735
73 54 8314
73 55 12390
73 56 6877
73 57 7698
73 58 5423
73 59 18196
73 60 28088
73 61 25116
73 62 37331
73 63 47082
73 64 46927
73 65 43003
73 66 40757
73 67 4979
73 68 15233
73 69 27615
73 70 34130
73 71 42976
73 72 -2005
73 74 1792
73 75 1001
73 76 19314
73 77 24803
73 78 34437
73 79 24912
73 80 17178
73 81 28790
73 82 35143
73 83 29629
73 84 29283
73 85 18986
73 86 24579
73 87 6527
73 88 33300
73 89 21856
73 90 49030
73 91 26699
73 92 22296
73 93 24217
73 94 13622
73 95 12960
73 96 22323
73 97 13420
73 98 22373
73 99 22233
73 100 20005
73 101 15598
74 1 29388
74 2 7448
74 3 28259
74 4 841
74 5 28163
74 6 21486
74 7 39660
74 8 39873
74 9 38387
74 10 39028
74 11 48985
74 12 18658
74 13 11624
74 14 23954
74 15 6880
74 16 31912
74 17 37120
74 18 30074
74 19 44162
74 20 44971
74 21 2377
74 22 -2792
74 23 -2157
74 24 18187
74 25 11623
74 26 8909
74 27 26232
74 28 20698
74 29 23555
74 30 38532
74 31 33470
74 32 44093
74 33 35401
74 34 32076
74 35 48161
74 36 56022
74 37 26010
74 38 21875
74 39 3439
74 40 6219
74 41 -4522
74 42 13219
74 43 12909
74 44 24707
74 45 35894
74 46 44545
74 47 47230
74 48 37793
74 49 52288
74 50 25639
74 51 37201
74 52 32577
74 53 16208
74 54 10038
74 55 12188
74 56 3652
74 57 8734
74 58 9782
74 59 21467
74 60 31987
74 61 28094
74 62 41803
74 63 51509
74 64 51399
74 65 46331
74 66 44609
74 67 1509
74 68 18030
74 69 31980
74 70 38439
74 71 46434
74 72 -2005
74 73 2090
74 75 -3203
74 76 22974
74 77 28095
74 78 37312
74 79 27985
74 80 19854
74 81 32165
74 82 39429
74 83 33573
74 84 32793
74 85 21864
74 86 26864
74 87 9178
74 88 37772
74 89 26132
74 90 53413
74 91 29205
74 92 25367
74 93 27374
74 94 17444
74 95 16419
74 96 25942
74 97 16476
74 98 25215
74 99 25670
74 100 22429
74 101 20070
75 1 31875
75 2 10975
75 3 29542
75 4 256
75 5 31757
75 6 25077
75 7 43038
75 8 43460
75 9 39899
75 10 41934
75 11 52141
75 12 20318
75 13 15225
75 14 26824
75 15 8916
75 16 35263
75 17 40662
75 18 33603
75 19 47500
75 20 47109
75 21 5155
75 22 -1831
75 23 -5714
75 24 17962
75 25 9733
75 26 11296
75 27 29279
75 28 23386
75 29 23861
75 30 40971
75 31 36462
75 32 46689
75 33 36973
75 34 32797
75 35 49238
75 36 59537
75 37 29448
75 38 24509
75 39 448
75 40 9446
75 41 -3671
75 42 16216
75 43 15032
75 44 27811
75 45 39498
75 46 48138
75 47 50722
75 48 41267
75 49 55681
75 50 27680
75 51 39101
75 52 35899
75 53 19407
75 54 10320
75 55 10904
75 56 704
75 57 11727
75 58 13230
75 59 25025
75 60 35590
75 61 31576
75 62 44948
75 63 54406
75 64 54529
75 65 47629
75 66 46534
75 67 -1989
75 68 19035
75 69 34756
75 70 41080
75 71 47904
75 72 218
75 73 5428
75 74 926
75 76 24819
75 77 29538
75 78 38247
75 79 29152
75 80 20780
75 81 33606
75 82 42936
75 83 37173
75 84 36378
75 85 25328
75 86 30108
75 87 12632
75 88 40954
75 89 29642
75 90 56190
75 91 32558
75 92 28890
75 93 30906
75 94 21049
75 95 20007
75 96 29542
75 97 20004
75 98 28678
75 99 29251
75 100 25766
75 101 23258
76 1 3672
76 2 24396
76 3 1725
76 4 12243
76 5 28864
76 6 21300
76 7 24521
76 8 32025
76 9 9507
76 10 15552
76 11 27861
76 12 3368
76 13 17119
76 14 39499
76 15 30584
76 16 40015
76 17 38342
76 18 21660
76 19 26330
76 20 16306
76 21 17667
76 22 26295
76 23 23284
76 24 6582
76 25 18578
76 26 4529
76 27 11219
76 28 5617
76 29 4423
76 30 11276
76 31 12276
76 32 17437
76 33 6548
76 34 6594
76 35 20379
76 36 41969
76 37 35485
76 38 37591
76 39 21356
76 40 12038
76 41 23960
76 42 30247
76 43 34701
76 44 36895
76 45 31910
76 46 35703
76 47 33169
76 48 24068
76 49 34530
76 50 -2991
76 51 8101
76 52 19089
76 53 12362
76 54 5886
76 55 16066
76 56 26846
76 57 29180
76 58 13997
76 59 27441
76 60 29167
76 61 33505
76 62 21395
76 63 27202
76 64 29081
76 65 17697
76 66 15534
76 67 20183
76 68 -2211
76 69 9809
76 70 12946
76 71 17548
76 72 20910
76 73 23113
76 74 26475
76 75 24191
76 77 1412
76 78 11147
76 79 1297
76 80 2456
76 81 3605
76 82 27784
76 83 28928
76 84 32996
76 85 29131
76 86 35567
76 87 22386
76 88 19023
76 89 20442
76 90 28174
76 91 38679
76 92 33336
76 93 33138
76 94 20490
76 95 22712
76 96 29044
76 97 25894
76 98 33675
76 99 29722
76 100 33191
76 101 11125
77 1 6458
77 2 27366
77 3 -2155
77 4 12526
77 5 32970
77 6 25338
77 7 28172
77 8 36012
77 9 7650
77 10 17980
77 11 30508
77 12 4841
77 13 20830
77 14 43138
77 15 33409
77 16 44003
77 17 42464
77 18 25727
77 19 29488
77 20 16370
77 21 19658
77 22 28002
77 23 23854
77 24 3540
77 25 17317
77 26 7144
77 27 15325
77 28 9599
77 29 468
77 30 12552
77 31 15455
77 32 18646
77 33 4778
77 34 2949
77 35 17619
77 36 45399
77 37 39308
77 38 41323
77 39 21183
77 40 15007
77 41 25910
77 42 33646
77 43 37829
77 44 40732
77 45 35989
77 46 39567
77 47 36685
77 48 27705
77 49 37516
77 50 -1165
77 51 7625
77 52 23066
77 53 16083
77 54 5182
77 55 14826
77 56 27581
77 57 32141
77 58 17423
77 59 31370
77 60 33290
77 61 37547
77 62 24363
77 63 29144
77 64 31276
77 65 15532
77 66 14799
77 67 19534
77 68 -4827
77 69 13301
77 70 15123
77 71 15663
77 72 22492
77 73 25132
77 74 28126
77 75 25440
77 76 -2058
77 78 7569
77 79 -2300
77 80 562
77 81 1369
77 82 31628
77 83 33032
77 84 37117
77 85 33087
77 86 39576
77 87 25851
77 88 22403
77 89 24560
77 90 29926
77 91 42574
77 92 37178
77 93 37116
77 94 24416
77 95 26550
77 96 33043
77 97 29613
77 98 37552
77 99 33722
77 100 36998
77 101 15171
78 1 13266
78 2 39343
78 3 4237
78 4 21997
78 5 43798
78 6 36657
78 7 35487
78 8 44800
78 9 533
78 10 21395
78 11 33859
78 12 16545
78 13 32734
78 14 55099
78 15 45294
78 16 55446
78 17 52901
78 18 35311
78 19 34549
78 20 13577
78 21 31083
78 22 38990
78 23 33182
78 24 6582
78 25 23624
78 26 19083
78 27 25713
78 28 21183
78 29 -137
78 30 13623
78 31 21685
78 32 18087
78 33 3778
78 34 -9022
78 35 6606
78 36 51180
78 37 51094
78 38 53212
78 39 29415
78 40 27008
78 41 37114
78 42 45685
78 43 49837
78 44 52494
78 45 45478
78 46 47457
78 47 42996
78 48 34705
78 49 41561
78 50 6490
78 51 5517
78 52 32237
78 53 27973
78 54 13967
78 55 21534
78 56 37373
78 57 44104
78 58 29450
78 59 42980
78 60 43721
78 61 48795
78 62 29196
78 63 30387
78 64 32641
78 65 5381
78 66 8721
78 67 26418
78 68 4101
78 69 21324
78 70 18838
78 71 6837
78 72 33459
78 73 36528
78 74 39105
78 75 35911
78 76 9439
78 77 9331
78 79 -3046
78 80 9665
78 81 -3486
78 82 39689
78 83 42909
78 84 47667
78 85 44626
78 86 50937
78 87 37877
78 88 28943
78 89 35310
78 90 30909
78 91 54243
78 92 48939
78 93 48604
78 94 36043
78 95 38319
78 96 44482
78 97 41512
78 98 49257
78 99 45150
78 100 48804
78 101 26537
79 1 9073
79 2 33756
79 3 -1377
79 4 17510
79 5 38503
79 6 31182
79 7 31492
79 8 40277
79 9 2699
79 10 18926
79 11 31566
79 12 11062
79 13 27092
79 14 49448
79 15 39765
79 16 49946
79 17 47762
79 18 30446
79 19 31540
79 20 13770
79 21 25769
79 22 33896
79 23 28847
79 24 4382
79 25 20495
79 26 13513
79 27 20486
79 28 15599
79 29 -1357
79 30 11960
79 31 17991
79 32 17437
79 33 1435
79 34 -3392
79 35 11481
79 36 47934
79 37 45484
79 38 47578
79 39 25528
79 40 21404
79 41 31925
79 42 40032
79 43 44229
79 44 46894
79 45 40695
79 46 43322
79 47 39494
79 48 30886
79 49 39062
79 50 1674
79 51 4907
79 52 27480
79 53 22332
79 54 9622
79 55 18175
79 56 32803
79 57 38527
79 58 23795
79 59 37421
79 60 38561
79 61 43359
79 62 26195
79 63 28994
79 64 31325
79 65 9789
79 66 10783
79 67 23184
79 68 -772
79 69 16834
79 70 16048
79 71 10345
79 72 28359
79 73 31233
79 74 34008
79 75 31046
79 76 3819
79 77 3692
79 78 1184
79 80 4899
79 81 -3486
79 82 35430
79 83 37958
79 84 42477
79 85 39092
79 86 45469
79 87 32221
79 88 25200
79 89 30015
79 90 29570
79 91 48669
79 92 43335
79 93 43084
79 94 30474
79 95 32712
79 96 38974
79 97 35873
79 98 43670
79 99 39647
79 100 43190
79 101 21027
80 1 12251
80 2 24743
80 3 3079
80 4 6468
80 5 34401
80 6 26247
80 7 32713
80 8 39402
80 9 13555
80 10 24092
80 11 36454
80 12 2622
80 13 20260
80 14 41901
80 15 30222
80 16 44279
80 17 44213
80 18 28716
80 19 34870
80 20 23044
80 21 15554
80 22 23201
80 23 17817
80 24 -1662
80 25 10610
80 26 4918
80 27 18290
80 28 11183
80 29 -1143
80 30 19169
80 31 20840
80 32 25298
80 33 11075
80 34 6103
80 35 22315
80 36 50334
80 37 38896
80 38 40310
80 39 14721
80 40 12803
80 41 21373
80 42 31804
80 43 35210
80 44 40230
80 45 38734
80 46 43431
80 47 41469
80 48 32246
80 49 43111
80 50 5078
80 51 14237
80 52 26680
80 53 16008
80 54 -1316
80 55 8117
80 56 21760
80 57 29353
80 58 16206
80 59 31490
80 60 35297
80 61 38239
80 62 29988
80 63 35560
80 64 37566
80 65 20808
80 66 21208
80 67 12875
80 68 -7827
80 69 18280
80 70 21377
80 71 21361
80 72 17680
80 73 20942
80 74 23320
80 75 20117
80 76 2421
80 77 3997
80 78 11338
80 79 2342
80 81 7218
80 82 35620
80 83 35573
80 84 38834
80 85 33263
80 86 39929
80 87 24334
80 88 27484
80 89 26467
80 90 36419
80 91 42407
80 92 36897
80 93 37453
80 94 24654
80 95 26327
80 96 33597
80 97 28890
80 98 37366
80 99 34244
80 100 36471
80 101 16568
81 1 7908
81 2 37802
81 3 4017
81 4 23439
81 5 39456
81 6 32886
81 7 29666
81 8 39337
81 9 -3467
81 10 15089
81 11 27535
81 12 15944
81 13 29912
81 14 52273
81 15 44000
81 16 51638
81 17 48197
81 18 30287
81 19 28306
81 20 7827
81 21 30746
81 22 39168
81 23 34801
81 24 10589
81 25 26815
81 26 17880
81 27 21490
81 28 18206
81 29 4423
81 30 7306
81 31 15768
81 32 12023
81 33 -1394
81 34 -3972
81 35 7054
81 36 44979
81 37 47879
81 38 50109
81 39 31700
81 40 25453
81 41 37032
81 42 43398
81 43 48037
81 44 49157
81 45 40270
81 46 41661
81 47 36888
81 48 28753
81 49 35242
81 50 2254
81 51 -688
81 52 27149
81 53 25289
81 54 15702
81 55 24481
81 56 38629
81 57 42583
81 58 27219
81 59 39497
81 60 39124
81 61 44790
81 62 22970
81 63 24139
81 64 26427
81 65 4403
81 66 4459
81 67 29485
81 68 5206
81 69 16122
81 70 12618
81 71 4487
81 72 33666
81 73 36219
81 74 39296
81 75 36608
81 76 7235
81 77 8469
81 78 1852
81 79 -2378
81 80 10883
81 82 34026
81 83 37958
81 84 43085
81 85 40991
81 86 46993
81 87 35496
81 88 23012
81 89 31070
81 90 24663
81 91 50781
81 92 45702
81 93 44925
81 94 32654
81 95 35138
81 96 40795
81 97 38602
81 98 45891
81 99 41423
81 100 45610
81 101 23059
82 1 19119
82 2 31799
82 3 35067
82 4 37699
82 5 9808
82 6 14190
82 7 269
82 8 -585
82 9 32592
82 10 9228
82 11 9529
82 12 33297
82 13 18251
82 14 29809
82 15 33589
82 16 22697
82 17 12458
82 18 1193
82 19 859
82 20 27947
82 21 35667
82 22 41680
82 23 43801
82 24 40538
82 25 48199
82 26 26362
82 27 18267
82 28 24040
82 29 38677
82 30 19329
82 31 8448
82 32 16755
82 33 34106
82 34 36614
82 35 44717
82 36 10025
82 37 26543
82 38 23276
82 39 46412
82 40 26105
82 41 36527
82 42 27335
82 43 32550
82 44 22935
82 45 1452
82 46 1360
82 47 1247
82 48 -7910
82 49 7128
82 50 23624
82 51 27836
82 52 9715
82 53 23286
82 54 36317
82 55 46131
82 56 48243
82 57 33608
82 58 23079
82 59 17924
82 60 9335
82 61 15554
82 62 5926
82 63 17434
82 64 10286
82 65 36119
82 66 27336
82 67 45880
82 68 31946
82 69 18809
82 70 18277
82 71 37302
82 72 39386
82 73 39343
82 74 43331
82 75 42709
82 76 28185
82 77 35499
82 78 41798
82 79 33309
82 80 36056
82 81 30797
82 83 3623
82 84 9928
82 85 15563
82 86 15583
82 87 22276
82 88 6026
82 89 12679
82 90 22980
82 91 25630
82 92 25697
82 93 20486
82 94 15856
82 95 17792
82 96 19347
82 97 21861
82 98 23361
82 99 18188
82 100 23141
82 101 18797
83 1 22589
83 2 24743
83 3 36790
83 4 33824
83 5 -121
83 6 7505
83 7 8756
83 8 223
83 9 37544
83 10 17397
83 11 19483
83 12 32353
83 13 11624
83 14 19828
83 15 24768
83 16 12702
83 17 4137
83 18 -701
83 19 10881
83 20 34734
83 21 30661
83 22 35156
83 23 37811
83 24 40157
83 25 45134
83 26 23660
83 27 18290
83 28 23183
83 29 39672
83 30 25864
83 31 14357
83 32 25298
83 33 37563
83 34 40061
83 35 49889
83 36 17582
83 37 17112
83 38 13344
83 39 41758
83 40 21439
83 41 29304
83 42 18122
83 43 23000
83 44 12888
83 45 -3214
83 46 4601
83 47 9770
83 48 1738
83 49 16297
83 50 26106
83 51 32918
83 52 11384
83 53 19853
83 54 34360
83 55 43426
83 56 42906
83 57 25504
83 58 17978
83 59 8919
83 60 425
83 61 5512
83 62 14972
83 63 26914
83 64 20298
83 65 42843
83 66 34744
83 67 40948
83 68 32221
83 69 21889
83 70 24340
83 71 43354
83 72 33948
83 73 33674
83 74 37320
83 75 36791
83 76 29174
83 77 36748
83 78 44863
83 79 35682
83 80 35854
83 81 34574
83 82 3468
83 84 144
83 85 5676
83 86 6038
83 87 14097
83 88 13152
83 89 8566
83 90 31850
83 91 15658
83 92 16735
83 93 10892
83 94 8651
83 95 9741
83 96 10963
83 97 13420
83 98 13818
83 99 9131
83 100 13402
83 101 16568
84 1 28028
84 2 23528
84 3 41191
84 4 34793
84 5 -3069
84 6 8503
84 7 15462
84 8 5054
84 9 43230
84 10 24049
84 11 26018
84 12 35502
84 13 11549
84 14 14187
84 15 21193
84 16 6283
84 17 -1182
84 18 5319
84 19 17134
84 20 41044
84 21 31041
84 22 34008
84 23 36909
84 24 43266
84 25 46484
84 26 25895
84 27 22709
84 28 26777
84 29 43552
84 30 32163
84 31 20685
84 32 31967
84 33 42735
84 34 45071
84 35 55582
84 36 22004
84 37 13297
84 38 6785
84 39 41958
84 40 22417
84 41 27472
84 42 14218
84 43 18292
84 44 6693
84 45 -2674
84 46 7557
84 47 15024
84 48 7800
84 49 21617
84 50 31019
84 51 38716
84 52 17066
84 53 22083
84 54 36665
84 55 45077
84 56 42679
84 57 23018
84 58 18876
84 59 6361
84 60 2890
84 61 -570
84 62 21680
84 63 33605
84 64 26460
84 65 49041
84 66 41173
84 67 40778
84 68 35879
84 69 27338
84 70 30576
84 71 49379
84 72 33833
84 73 33465
84 74 36677
84 75 36133
84 76 33379
84 77 40970
84 78 49758
84 79 40338
84 80 39252
84 81 39838
84 82 9910
84 83 281
84 85 839
84 86 -668
84 87 11897
84 88 19750
84 89 11924
84 90 38551
84 91 10279
84 92 13948
84 93 7190
84 94 8555
84 95 8364
84 96 9862
84 97 11209
84 98 9861
84 99 6897
84 100 8751
84 101 19804
85 1 29839
85 2 15390
85 3 40294
85 4 28490
85 5 870
85 6 6509
85 7 22722
85 8 14852
85 9 44985
85 10 29876
85 11 34033
85 12 32698
85 13 5942
85 14 4851
85 15 11014
85 16 1563
85 17 6336
85 18 11030
85 19 25872
85 20 44826
85 21 24375
85 22 25431
85 23 28345
85 24 39813
85 25 40416
85 26 21963
85 27 23250
85 28 25338
85 29 41423
85 30 36095
85 31 25226
85 32 37718
85 33 43412
85 34 45054
85 35 57155
85 36 32137
85 37 3556
85 38 350
85 39 34525
85 40 16990
85 41 18284
85 42 4002
85 43 8077
85 44 -873
85 45 7592
85 46 17852
85 47 24773
85 48 16855
85 49 31355
85 50 31449
85 51 40937
85 52 20773
85 53 18930
85 54 32215
85 55 39476
85 56 34909
85 57 13566
85 58 13777
85 59 -461
85 60 8224
85 61 -3169
85 62 28591
85 63 40644
85 64 35295
85 65 52062
85 66 45279
85 67 32796
85 68 33636
85 69 29459
85 70 34469
85 71 51965
85 72 26408
85 73 26061
85 74 28641
85 75 27976
85 76 32407
85 77 39833
85 78 49610
85 79 39846
85 80 36574
85 81 40637
85 82 18438
85 83 8706
85 84 3732
85 86 -2784
85 87 3145
85 88 25566
85 89 12801
85 90 44802
85 91 792
85 92 5735
85 93 119
85 94 4211
85 95 1932
85 96 5967
85 97 3059
85 98 217
85 99 2258
85 100 -1542
85 101 18495
86 1 41312
86 2 26759
86 3 52723
86 4 40478
86 5 9087
86 6 18654
86 7 30215
86 8 18722
86 9 56601
86 10 38775
86 11 40496
86 12 45338
86 13 18550
86 14 6410
86 15 18060
86 16 1563
86 17 4777
86 18 19794
86 19 31276
86 20 55331
86 21 36355
86 22 35819
86 23 38432
86 24 52443
86 25 52408
86 26 34600
86 27 35090
86 28 37776
86 29 54045
86 30 46468
86 31 35102
86 32 46705
86 33 55419
86 34 57322
86 35 68885
86 36 33688
86 37 15209
86 38 -6860
86 39 45724
86 40 29477
86 41 27827
86 42 12077
86 43 12036
86 44 -2245
86 45 8824
86 46 18389
86 47 28055
86 48 21876
86 49 34321
86 50 43489
86 51 52309
86 52 31037
86 53 31551
86 54 44751
86 55 51676
86 56 45947
86 57 23334
86 58 26366
86 59 12182
86 60 16798
86 61 2359
86 62 36434
86 63 48320
86 64 40303
86 65 63096
86 66 55597
86 67 43364
86 68 46253
86 69 40741
86 70 44836
86 71 63208
86 72 37879
86 73 37630
86 74 39617
86 75 38732
86 76 44819
86 77 52298
86 78 61897
86 79 52199
86 80 49216
86 81 52615
86 82 24434
86 83 15044
86 84 8201
86 85 3192
86 87 14496
86 88 34440
86 89 24203
86 90 53314
86 91 8675
86 92 18174
86 93 12523
86 94 16801
86 95 14552
86 96 18282
86 97 15217
86 98 12352
86 99 14490
86 100 7986
86 101 30828
87 1 26657
87 2 2814
87 3 33201
87 4 16513
87 5 10500
87 6 6836
87 7 27423
87 8 23818
87 9 40463
87 10 31427
87 11 38523
87 12 24100
87 13 -1096
87 14 8073
87 15 2144
87 16 13349
87 17 18677
87 18 16000
87 19 31825
87 20 42941
87 21 12423
87 22 12834
87 23 15768
87 24 29837
87 25 28429
87 26 12689
87 27 20164
87 28 19205
87 29 32690
87 30 34832
87 31 25817
87 32 38501
87 33 37980
87 34 38304
87 35 52053
87 36 41036
87 37 7330
87 38 6522
87 39 21961
87 40 6695
87 41 6071
87 42 -1593
87 43 3640
87 44 7157
87 45 18456
87 46 28021
87 47 32787
87 48 23867
87 49 38907
87 50 26294
87 51 37278
87 52 22086
87 53 11894
87 54 21638
87 55 27820
87 56 22291
87 57 1909
87 58 4695
87 59 3374
87 60 15598
87 61 9447
87 62 31913
87 63 43384
87 64 40701
87 65 48457
87 66 43407
87 67 20147
87 68 25173
87 69 27173
87 70 33558
87 71 48146
87 72 13938
87 73 13649
87 74 16002
87 75 15327
87 76 25709
87 77 32644
87 78 42908
87 79 33022
87 80 27692
87 81 35189
87 82 25198
87 83 17174
87 84 14837
87 85 3192
87 86 8567
87 88 28002
87 89 13517
87 90 46460
87 91 10668
87 92 6946
87 93 8953
87 94 2251
87 95 -580
87 96 8974
87 97 -1753
87 98 6542
87 99 7915
87 100 3986
87 101 13858
88 1 8339
88 2 31882
88 3 24850
88 4 32625
88 5 17405
88 6 16490
88 7 763
88 8 11370
88 9 20616
88 10 -1677
88 11 5165
88 12 25708
88 13 18919
88 14 36226
88 15 36161
88 16 31015
88 17 23149
88 18 6007
88 19 1460
88 20 15983
88 21 32522
88 22 40144
88 23 41028
88 24 31662
88 25 41823
88 26 20949
88 27 12077
88 28 17396
88 29 28717
88 30 7276
88 31 -3315
88 32 6258
88 33 22778
88 34 25093
88 35 32670
88 36 16938
88 37 31642
88 38 31580
88 39 41901
88 40 23217
88 41 36027
88 42 31246
88 43 36921
88 44 30546
88 45 13137
88 46 12653
88 47 8284
88 48 -295
88 49 9893
88 50 13211
88 51 15871
88 52 6121
88 53 19790
88 54 29223
88 55 39476
88 56 44841
88 57 35145
88 58 21238
88 59 22597
88 60 16307
88 61 23664
88 62 -1962
88 63 9403
88 64 7599
88 65 24190
88 66 15679
88 67 41407
88 68 22869
88 69 8892
88 70 6212
88 71 25231
88 72 36510
88 73 36975
88 74 41149
88 75 40202
88 76 18899
88 77 25749
88 78 30527
88 79 22554
88 80 27395
88 81 19258
88 82 5501
88 83 12782
88 84 19243
88 85 22166
88 86 25064
88 87 24555
88 89 13400
88 90 13179
88 91 32415
88 92 30000
88 93 26411
88 94 18031
88 95 20730
88 96 23475
88 97 25020
88 98 28835
88 99 23284
88 100 28914
88 101 14708
89 1 13560
89 2 15868
89 3 25693
89 4 22089
89 5 4891
89 6 -434
89 7 10593
89 8 10901
89 9 28821
89 10 14697
89 11 21441
89 12 20297
89 13 2394
89 14 20122
89 15 19256
89 16 17170
89 17 14322
89 18 401
89 19 15172
89 20 28472
89 21 19513
89 22 25447
89 23 27526
89 24 28118
89 25 33160
89 26 11527
89 27 7373
89 28 11316
89 29 28062
89 30 19804
89 31 9405
89 32 22194
89 33 27684
89 34 29807
89 35 41087
89 36 26295
89 37 15239
89 38 16722
89 39 30452
89 40 10008
89 41 20516
89 42 14283
89 43 19969
89 44 15500
89 45 8948
89 46 15617
89 47 17504
89 48 8106
89 49 22869
89 50 15811
89 51 24628
89 52 5128
89 53 7788
89 54 22197
89 55 31362
89 56 32049
89 57 18468
89 58 6835
89 59 6237
89 60 5237
89 61 10163
89 62 14800
89 63 26389
89 64 23703
89 65 35678
89 66 28952
89 67 29841
89 68 20438
89 69 13088
89 70 18214
89 71 35622
89 72 23153
89 73 23074
89 74 27052
89 75 26433
89 76 17861
89 77 25449
89 78 34437
89 79 24912
89 80 23921
89 81 24859
89 82 9697
89 83 5739
89 84 8960
89 85 6944
89 86 12370
89 87 7613
89 88 10943
89 90 29756
89 91 17046
89 92 13336
89 93 10892
89 94 1031
89 95 3757
89 96 7101
89 97 8040
89 98 12707
89 99 7418
89 100 12774
89 101 4473
90 1 13633
90 2 45903
90 3 27575
90 4 42212
90 5 33119
90 6 31950
90 7 14686
90 8 24902
90 9 15533
90 10 -3550
90 11 2027
90 12 33513
90 13 33636
90 14 52012
90 15 50999
90 16 46716
90 17 37957
90 18 21746
90 19 5323
90 20 7103
90 21 44347
90 22 52740
90 23 52284
90 24 35808
90 25 49384
90 26 31440
90 27 24372
90 28 27806
90 29 30823
90 30 2553
90 31 6685
90 32 -8505
90 33 22405
90 34 22034
90 35 25515
90 36 21473
90 37 47354
90 38 47333
90 39 51580
90 40 35756
90 41 49267
90 42 46640
90 43 52327
90 44 46341
90 45 27012
90 46 22992
90 47 15340
90 48 10136
90 49 9301
90 50 17236
90 51 12226
90 52 21397
90 53 32580
90 54 36665
90 55 46871
90 56 55818
90 57 49707
90 58 34685
90 59 38301
90 60 32029
90 61 39370
90 62 3115
90 63 -3154
90 64 -846
90 65 12934
90 66 3508
90 67 50731
90 68 27710
90 69 17690
90 70 7037
90 71 16364
90 72 48284
90 73 49280
90 74 53365
90 75 52013
90 76 24625
90 77 29847
90 78 29068
90 79 23499
90 80 32905
90 81 17484
90 82 19030
90 83 28055
90 84 34619
90 85 37977
90 86 40513
90 87 39588
90 88 9754
90 89 28788
90 91 48226
90 92 45626
90 93 42213
90 94 33342
90 95 36129
90 96 39157
90 97 40394
90 98 44594
90 99 39051
90 100 44681
90 101 27722
91 1 32741
91 2 15843
91 3 42724
91 4 29451
91 5 3808
91 6 9333
91 7 25839
91 8 17527
91 9 47813
91 10 33037
91 11 37118
91 12 34781
91 13 7779
91 14 1809
91 15 9509
91 16 337
91 17 7601
91 18 14178
91 19 28859
91 20 47879
91 21 25323
91 22 25367
91 23 28180
91 24 41616
91 25 41385
91 26 23833
91 27 26077
91 28 27806
91 29 43552
91 30 39172
91 31 28359
91 32 40875
91 33 46107
91 34 47590
91 35 59936
91 36 34652
91 37 4183
91 38 -2693
91 39 34944
91 40 18513
91 41 17814
91 42 2598
91 43 5718
91 44 -3904
91 45 9748
91 46 20102
91 47 27501
91 48 19766
91 49 34101
91 50 34145
91 51 43841
91 52 23899
91 53 21143
91 54 33796
91 55 40631
91 56 35220
91 57 13083
91 58 15517
91 59 1964
91 60 11315
91 61 -1810
91 62 31738
91 63 43794
91 64 38286
91 65 55014
91 66 48346
91 67 32889
91 68 35791
91 69 32418
91 70 37553
91 71 54882
91 72 26973
91 73 26687
91 74 28895
91 75 28119
91 76 34868
91 77 42233
91 78 52140
91 79 42336
91 80 38631
91 81 43340
91 82 21418
91 83 11601
91 84 6085
91 85 -6295
91 86 -4388
91 87 3534
91 88 28728
91 89 15816
91 90 47964
91 92 7351
91 93 3122
91 94 6632
91 95 3892
91 96 8787
91 97 4202
91 98 1527
91 99 5203
91 100 -2852
91 101 21085
92 1 26057
92 2 9671
92 3 35241
92 4 22500
92 5 3438
92 6 3011
92 7 22509
92 8 17199
92 9 40862
92 10 28212
92 11 33893
92 12 27168
92 13 168
92 14 6701
92 15 7779
92 16 7404
92 17 11523
92 18 10702
92 19 26498
92 20 41726
92 21 18393
92 22 19988
92 23 22922
92 24 34040
92 25 34421
92 26 16232
92 27 19281
92 28 20390
92 29 35942
92 30 33199
92 31 23006
92 32 35788
92 33 38917
92 34 40181
92 35 52867
92 36 34582
92 37 1912
92 38 4144
92 39 28697
92 40 11051
92 41 13267
92 42 1394
92 43 6855
92 44 3294
92 45 11351
92 46 21124
92 47 26615
92 48 18026
92 49 32984
92 50 26979
92 51 37101
92 52 18653
92 53 13576
92 54 26315
92 55 33477
92 56 29154
92 57 8840
92 58 7941
92 59 -3610
92 60 9182
92 61 2557
92 62 27769
92 63 39639
92 64 35730
92 65 48368
92 66 42240
92 67 27141
92 68 28186
92 69 25964
92 70 31669
92 71 48146
92 72 20543
92 73 20179
92 74 22952
92 75 22346
92 76 27420
92 77 34732
92 78 44731
92 79 34897
92 80 31016
92 81 36156
92 82 19380
92 83 10573
92 84 7649
92 85 -3457
92 86 3006
92 87 -2293
92 88 24208
92 89 10001
92 90 43259
92 91 5246
92 93 1763
92 94 -566
92 95 -3682
92 96 3157
92 97 -2834
92 98 217
92 99 1073
92 100 -357
92 101 13858
93 1 27013
93 2 14128
93 3 37561
93 4 26655
93 5 -484
93 6 3687
93 7 20515
93 8 13628
93 9 42157
93 10 27326
93 11 31896
93 12 30135
93 13 3666
93 14 7127
93 15 11463
93 16 4182
93 17 7053
93 18 8716
93 19 23984
93 20 42053
93 21 22601
93 22 24460
93 23 27394
93 24 37388
93 25 38545
93 26 19539
93 27 20422
93 28 22603
93 29 38819
93 30 33341
93 31 22556
93 32 35127
93 33 40600
93 34 42281
93 35 54330
93 36 31035
93 37 3556
93 38 3124
93 39 33084
93 40 14826
93 41 17678
93 42 4612
93 43 9416
93 44 1900
93 45 7163
93 46 17166
93 47 23371
93 48 15148
93 49 29888
93 50 28638
93 51 38112
93 52 18090
93 53 16331
93 54 29941
93 55 37476
93 56 33581
93 57 13137
93 58 11492
93 59 -2846
93 60 6232
93 61 -1641
93 62 26238
93 63 38265
93 64 33371
93 65 49245
93 66 42517
93 67 31592
93 68 31026
93 69 26642
93 70 31723
93 71 49141
93 72 24916
93 73 24544
93 74 27403
93 75 26806
93 76 29666
93 77 37114
93 78 46840
93 79 37090
93 80 34016
93 81 37823
93 82 16613
93 83 7174
93 84 3335
93 85 -6629
93 86 -201
93 87 2158
93 88 23063
93 89 10001
93 90 42290
93 91 3461
93 92 4207
93 94 1575
93 95 -288
93 96 3157
93 97 1620
93 98 217
93 99 -571
93 100 -14
93 101 15721
94 1 19669
94 2 9197
94 3 29149
94 4 19272
94 5 4210
94 6 -2371
94 7 18208
94 8 15639
94 9 34465
94 10 22621
94 11 29318
94 12 21595
94 13 -3904
94 14 13057
94 15 11352
94 16 12702
94 17 13948
94 18 6909
94 19 22644
94 20 35446
94 21 15554
94 22 19541
94 23 22202
94 24 28930
94 25 30998
94 26 11115
94 27 12888
94 28 14211
94 29 30276
94 30 26998
94 31 17180
94 32 29976
94 33 32575
94 34 33988
94 35 46491
94 36 32444
94 37 8304
94 38 10516
94 39 26565
94 40 6945
94 41 13879
94 42 6329
94 43 12016
94 44 9542
94 45 11549
94 46 20212
94 47 23977
94 48 14883
94 49 29899
94 50 20624
94 51 30702
94 52 13097
94 53 7788
94 54 21686
94 55 29681
94 56 27468
94 57 10853
94 58 3431
94 59 -15
94 60 7584
94 61 6677
94 62 22777
94 63 34386
94 64 31482
94 65 41973
94 66 35964
94 67 25567
94 68 22484
94 69 19634
94 70 25523
94 71 41745
94 72 18540
94 73 18209
94 74 21733
94 75 21209
94 76 21278
94 77 28674
94 78 38539
94 79 28740
94 80 25477
94 81 29812
94 82 16243
94 83 9193
94 84 8960
94 85 1723
94 86 8337
94 87 -284
94 88 18943
94 89 4400
94 90 37679
94 91 11231
94 92 6138
94 93 5835
94 95 -4126
94 96 2157
94 97 87
94 98 6275
94 99 2684
94 100 6028
94 101 7515
95 1 22724
95 2 7950
95 3 31637
95 4 19704
95 5 4470
95 6 467
95 7 20914
95 8 17219
95 9 37394
95 10 25725
95 11 32151
95 12 23610
95 13 -3277
95 14 10014
95 15 8638
95 16 10762
95 17 13616
95 18 9354
95 19 25222
95 20 38579
95 21 15702
95 22 18459
95 23 21312
95 24 30603
95 25 31575
95 26 12761
95 27 15945
95 28 16799
95 29 32376
95 30 30151
95 31 20321
95 32 33121
95 33 35376
95 34 36584
95 35 49355
95 36 34360
95 37 5487
95 38 7688
95 39 26403
95 40 7836
95 41 12309
95 42 3238
95 43 8924
95 44 6898
95 45 12325
95 46 21564
95 47 26080
95 48 17168
95 49 32208
95 50 23452
95 51 33718
95 52 16171
95 53 9975
95 54 23010
95 55 30478
95 56 27044
95 57 8590
95 58 4561
95 59 -1846
95 60 8988
95 61 5359
95 62 25728
95 63 37418
95 64 34221
95 65 44998
95 66 39096
95 67 25135
95 68 24611
95 69 22751
95 70 28683
95 71 44751
95 72 18242
95 73 17866
95 74 21027
95 75 20486
95 76 23819
95 77 31127
95 78 41134
95 79 31297
95 80 27469
95 81 32615
95 82 18498
95 83 10602
95 84 9088
95 85 -237
95 86 6407
95 87 -2796
95 88 21961
95 89 7445
95 90 40785
95 91 8810
95 92 3341
95 93 4291
95 94 -3807
95 96 2400
95 97 -2996
95 98 3763
95 99 1986
95 100 3206
95 101 10339
96 1 22111
96 2 12144
96 3 32607
96 4 23173
96 5 424
96 6 -1290
96 7 17525
96 8 13012
96 9 37202
96 10 23335
96 11 28900
96 12 25417
96 13 -130
96 14 11194
96 15 12400
96 16 9130
96 17 9998
96 18 5744
96 19 21593
96 20 37379
96 21 19348
96 22 22647
96 23 25462
96 24 32856
96 25 34941
96 26 15075
96 27 15462
96 28 17654
96 29 34021
96 30 28741
96 31 18256
96 32 30989
96 33 35603
96 34 37291
96 35 49355
96 36 30228
96 37 6364
96 38 7905
96 39 30256
96 40 10914
96 41 16551
96 42 6329
96 43 11850
96 44 6722
96 45 8140
96 46 17322
96 47 22047
96 48 13276
96 49 28292
96 50 23640
96 51 33211
96 52 13829
96 53 11607
96 54 25679
96 55 33660
96 56 31019
96 57 12726
96 58 7417
96 59 -2684
96 60 4784
96 61 2799
96 62 22777
96 63 34671
96 64 30774
96 65 44392
96 66 37873
96 67 29127
96 68 26229
96 69 21809
96 70 27157
96 71 44252
96 72 22146
96 73 21784
96 74 25105
96 75 24576
96 76 24706
96 77 32175
96 78 41852
96 79 32114
96 80 29294
96 81 32827
96 82 14608
96 83 6379
96 84 5141
96 85 -1647
96 86 4692
96 87 1313
96 88 19261
96 89 5344
96 90 38368
96 91 8260
96 92 4735
96 93 2291
96 94 -2969
96 95 -3045
96 97 712
96 98 3763
96 99 -1163
96 100 3835
96 101 10737
97 1 25291
97 2 6513
97 3 33436
97 4 19456
97 5 6262
97 6 3467
97 7 23866
97 8 19639
97 9 39737
97 10 28698
97 11 35130
97 12 24950
97 13 -1973
97 14 7675
97 15 5754
97 16 10271
97 17 14667
97 18 12238
97 19 28121
97 20 41293
97 21 15331
97 22 16871
97 23 19801
97 24 31497
97 25 31387
97 26 13812
97 27 18548
97 28 18810
97 29 33717
97 30 32936
97 31 23260
97 32 36054
97 33 37551
97 34 38476
97 35 51591
97 36 36917
97 37 4183
97 38 5714
97 39 25542
97 40 8327
97 41 10290
97 42 251
97 43 5940
97 44 5345
97 45 14219
97 46 23790
97 47 28755
97 48 19947
97 49 34976
97 50 25683
97 51 36203
97 52 19157
97 53 11703
97 54 23607
97 55 30518
97 56 25992
97 57 6100
97 58 5464
97 59 -846
97 60 11446
97 61 5701
97 62 28727
97 63 40416
97 64 37172
97 65 47480
97 66 41805
97 67 23981
97 68 26020
97 69 25445
97 70 31507
97 71 47204
97 72 17394
97 73 17034
97 74 19792
97 75 19191
97 76 25709
97 77 32898
97 78 43035
97 79 33166
97 80 28740
97 81 34787
97 82 21275
97 83 12989
97 84 10641
97 85 -402
97 86 5780
97 87 -5261
97 88 24959
97 89 10436
97 90 43758
97 91 7828
97 92 2897
97 93 4907
97 94 -886
97 95 -4288
97 96 4865
97 98 3055
97 99 3672
97 100 1602
97 101 12678
98 1 28651
98 2 12235
98 3 38284
98 4 25453
98 5 2657
98 6 5284
98 7 23455
98 8 16782
98 9 43608
98 10 29901
98 11 34858
98 12 30312
98 13 3329
98 14 4514
98 15 8407
98 16 4293
98 17 9378
98 18 11617
98 19 27064
98 20 44069
98 21 21325
98 22 22277
98 23 25196
98 24 37201
98 25 37386
98 26 19394
98 27 21916
98 28 23386
98 29 39082
98 30 35445
98 31 24927
98 32 37619
98 33 41789
98 34 43179
98 35 55678
98 36 34184
98 37 498
98 38 1362
98 39 31379
98 40 14181
98 41 15193
98 42 1492
98 43 6268
98 44 323
98 45 10125
98 46 20228
98 47 26533
98 48 18280
98 49 33046
98 50 29834
98 51 39735
98 52 20475
98 53 16674
98 54 29455
98 55 36510
98 56 31752
98 57 10509
98 58 11101
98 59 -2240
98 60 9335
98 61 -25
98 62 29049
98 63 41036
98 64 36429
98 65 50966
98 66 44567
98 67 29633
98 68 31319
98 69 28432
98 70 33864
98 71 50785
98 72 23276
98 73 22936
98 74 25480
98 75 24814
98 76 30439
98 77 37786
98 78 47729
98 79 37912
98 80 34165
98 81 39025
98 82 19724
98 83 10336
98 84 6242
98 85 -6295
98 86 -136
98 87 -17
98 88 25723
98 89 12052
98 90 44907
98 91 2102
98 92 2897
98 93 453
98 94 2251
98 95 -580
98 96 4865
98 97 4
98 99 1700
98 100 -2852
98 101 16733
99 1 24187
99 2 13236
99 3 34842
99 4 24950
99 5 -789
99 6 870
99 7 18438
99 8 12735
99 9 39328
99 10 24819
99 11 29847
99 12 27618
99 13 1674
99 14 9572
99 15 12250
99 16 6900
99 17 8259
99 18 6591
99 19 22225
99 20 39286
99 21 21016
99 22 23728
99 23 26618
99 24 35009
99 25 36773
99 26 17198
99 27 17595
99 28 19890
99 29 36242
99 30 30597
99 31 19916
99 32 32564
99 33 37790
99 34 39513
99 35 51505
99 36 30111
99 37 5084
99 38 5909
99 39 31782
99 40 12828
99 41 17336
99 42 5756
99 43 11024
99 44 4693
99 45 7163
99 46 16747
99 47 22156
99 48 13631
99 49 28553
99 50 25829
99 51 35287
99 52 15451
99 53 13803
99 54 27743
99 55 35570
99 56 32428
99 57 13137
99 58 9381
99 59 -3610
99 60 4726
99 61 605
99 62 23962
99 63 35940
99 64 31531
99 65 46429
99 66 39761
99 67 30515
99 68 28448
99 69 23828
99 70 28989
99 71 46318
99 72 23625
99 73 23250
99 74 26389
99 75 25841
99 76 26940
99 77 34410
99 78 44076
99 79 34343
99 80 31497
99 81 35011
99 82 15005
99 83 6103
99 84 3732
99 85 -3800
99 86 2456
99 87 1810
99 88 20626
99 89 7217
99 90 39818
99 91 6232
99 92 4207
99 93 119
99 94 -886
99 95 -1903
99 96 393
99 97 1075
99 98 2154
99 100 2232
99 101 12966
100 1 31643
100 2 12772
100 3 40821
100 4 26493
100 5 5177
100 6 8359
100 7 26500
100 8 19261
100 9 46506
100 10 33060
100 11 37890
100 12 32532
100 13 5516
100 14 1353
100 15 6683
100 16 3484
100 17 10427
100 18 14682
100 19 29966
100 20 47164
100 21 22380
100 22 22206
100 23 25018
100 24 39098
100 25 38418
100 26 21427
100 27 24880
100 28 26016
100 29 41307
100 30 38564
100 31 28086
100 32 40782
100 33 44573
100 34 45794
100 35 58522
100 36 36584
100 37 1912
100 38 -1513
100 39 31829
100 40 15890
100 41 14668
100 42 -319
100 43 3640
100 44 -2245
100 45 12048
100 46 22322
100 47 29139
100 48 21071
100 49 35701
100 50 32636
100 51 42707
100 52 23637
100 53 19105
100 54 31144
100 55 37742
100 56 32092
100 57 9930
100 58 13079
100 59 862
100 60 12213
100 61 844
100 62 32160
100 63 44162
100 64 39362
100 65 53961
100 66 47669
100 67 29732
100 68 33590
100 69 31479
100 70 36992
100 71 53756
100 72 23902
100 73 23637
100 74 25763
100 75 24971
100 76 33024
100 77 40301
100 78 50345
100 79 40501
100 80 36339
100 81 41813
100 82 22573
100 83 12989
100 84 8201
100 85 -4985
100 86 -1433
100 87 496
100 88 28871
100 89 15188
100 90 48063
100 91 792
100 92 5392
100 93 3291
100 94 5073
100 95 1932
100 96 8006
100 97 1620
100 98 217
100 99 4847
100 101 19515
END
NODE_CONSUMPTION
0 1 10
0 2 7
0 3 13
0 4 19
0 5 26
0 6 3
0 7 5
0 8 9
0 9 16
0 10 16
0 11 12
0 12 19
0 13 23
0 14 20
0 15 8
0 16 19
0 17 2
0 18 12
0 19 17
0 20 9
0 21 11
0 22 18
0 23 29
0 24 3
0 25 6
0 26 17
0 27 16
0 28 16
0 29 9
0 30 21
0 31 27
0 32 23
0 33 11
0 34 14
0 35 8
0 36 5
0 37 8
0 38 16
0 39 31
0 40 9
0 41 5
0 42 5
0 43 7
0 44 18
0 45 16
0 46 1
0 47 27
0 48 36
0 49 30
0 50 13
0 51 10
0 52 9
0 53 14
0 54 18
0 55 2
0 56 6
0 57 7
0 58 18
0 59 28
0 60 3
0 61 13
0 62 19
0 63 10
0 64 9
0 65 20
0 66 25
0 67 25
0 68 36
0 69 6
0 70 5
0 71 15
0 72 25
0 73 9
0 74 8
0 75 18
0 76 13
0 77 14
0 78 3
0 79 23
0 80 6
0 81 26
0 82 16
0 83 11
0 84 7
0 85 41
0 86 35
0 87 26
0 88 9
0 89 15
0 90 3
0 91 1
0 92 2
0 93 22
0 94 27
0 95 20
0 96 11
0 97 12
0 98 10
0 99 9
0 100 17
END
