NAME : ./data/ESPPRC - Test Instances/E-n101-k14_a.simplified-vrp
SIZE : 102
DIRECTED : 1
CYCLIC : 1
ORIGIN : 0
DESTINATION : 101
RESOURCES : 1
RES_NAMES : 0
RES_TYPE
0 CAP
END
RES_BOUND
0 0 112
END
EDGE_COST
0 1 9389
0 2 13462
0 3 14840
0 4 11027
0 5 6282
0 6 9559
0 7 18215
0 8 19752
0 9 19946
0 10 16127
0 11 22554
0 12 8379
0 13 4099
0 14 18156
0 15 20058
0 16 20327
0 17 22201
0 18 8383
0 19 15608
0 20 24096
0 21 13017
0 22 17826
0 23 14242
0 24 18082
0 25 16040
0 26 4283
0 27 1352
0 28 2955
0 29 18515
0 30 13338
0 31 5139
0 32 15281
0 33 17771
0 34 23174
0 35 29370
0 36 28179
0 37 17596
0 38 18874
0 39 15605
0 40 7699
0 41 17959
0 42 16989
0 43 21503
0 44 20315
0 45 19492
0 46 27578
0 47 17313
0 48 12477
0 49 20189
0 50 9508
0 51 19251
0 52 6112
0 53 2824
0 54 12169
0 55 30105
0 56 23088
0 57 14799
0 58 2303
0 59 7893
0 60 16220
0 61 17824
0 62 13763
0 63 23180
0 64 24242
0 65 23283
0 66 16110
0 67 17680
0 68 6256
0 69 8515
0 70 16270
0 71 26894
0 72 11662
0 73 15452
0 74 20549
0 75 17964
0 76 9560
0 77 13446
0 78 25148
0 79 14488
0 80 16142
0 81 12109
0 82 10918
0 83 10882
0 84 19929
0 85 8315
0 86 11006
0 87 8416
0 88 14863
0 89 2967
0 90 30261
0 91 21084
0 92 17606
0 93 11244
0 94 4641
0 95 9743
0 96 12093
0 97 11455
0 98 16070
0 99 13947
0 100 17222
1 2 28020
1 3 7039
1 4 18229
1 5 17868
1 6 23218
1 7 18026
1 8 25078
1 9 5734
1 10 6188
1 11 15414
1 12 10022
1 13 19320
1 14 33012
1 15 34998
1 16 33622
1 17 32493
1 18 15419
1 19 11823
1 20 8965
1 21 24264
1 22 30105
1 23 24360
1 24 15867
1 25 20142
1 26 12519
1 27 7169
1 28 8630
1 29 12724
1 30 -1112
1 31 -1885
1 32 2162
1 33 5381
1 34 11857
1 35 15536
1 36 27301
1 37 32188
1 38 33299
1 39 23227
1 40 20540
1 41 31109
1 42 32213
1 43 36723
1 44 34523
1 45 27025
1 46 31123
1 47 16842
1 48 12834
1 49 16082
1 50 -1138
1 51 4367
1 52 10030
1 53 16791
1 54 14977
1 55 33701
1 56 32779
1 57 29683
1 58 16785
1 59 22105
1 60 26494
1 61 30617
1 62 7503
1 63 12665
1 64 15933
1 65 8353
1 66 911
1 67 24925
1 68 2906
1 69 821
1 70 3237
1 71 12072
1 72 22731
1 73 27467
1 74 32298
1 75 29012
1 76 4538
1 77 7164
1 78 14308
1 79 4965
1 80 14256
1 81 -611
1 82 13671
1 83 19334
1 84 30584
1 85 22090
1 86 23921
1 87 23646
1 88 10925
1 89 14485
1 90 18603
1 91 35171
1 92 32236
1 93 24967
1 94 19226
1 95 24559
1 96 25898
1 97 26499
1 98 30419
1 99 27599
1 100 31781
1 101 7985
2 1 26715
2 3 26888
2 4 6251
2 5 9520
2 6 14780
2 7 33251
2 8 29572
2 9 35354
2 10 33922
2 11 39302
2 12 16810
2 13 2353
2 14 7330
2 15 2644
2 16 16351
2 17 24483
2 18 20031
2 19 31016
2 20 41504
2 21 5429
2 22 3107
2 23 1510
2 24 23068
2 25 12649
2 26 9504
2 27 19352
2 28 17511
2 29 26970
2 30 31133
2 31 22903
2 32 33281
2 33 32369
2 34 35533
2 35 43903
2 36 40982
2 37 11680
2 38 8759
2 39 7129
2 40 5953
2 41 1304
2 42 3577
2 43 5766
2 44 12612
2 45 26142
2 46 37387
2 47 30542
2 48 26014
2 49 34926
2 50 24848
2 51 35649
2 52 22001
2 53 12494
2 54 14425
2 55 28278
2 56 12564
2 57 -2565
2 58 2303
2 59 5741
2 60 22951
2 61 16371
2 62 30718
2 63 40864
2 64 40969
2 65 39148
2 66 33336
2 67 7993
2 68 15292
2 69 26416
2 70 34226
2 71 42776
2 72 1232
2 73 4327
2 74 7657
2 75 5411
2 76 22561
2 77 25371
2 78 37684
2 79 26947
2 80 24047
2 81 26582
2 82 23650
2 83 18787
2 84 23383
2 85 4940
2 86 6667
2 87 -2898
2 88 31767
2 89 14092
2 90 48172
2 91 15572
2 92 13149
2 93 9381
2 94 6053
2 95 7084
2 96 13230
2 97 5020
2 98 11302
2 99 13947
2 100 10209
2 101 10753
3 1 8717
3 2 29871
3 4 11027
3 5 28386
3 6 31920
3 7 32357
3 8 38547
3 9 2930
3 10 19787
3 11 29324
3 12 4559
3 13 24935
3 14 39291
3 15 36814
3 16 42650
3 17 43989
3 18 27927
3 19 26312
3 20 14834
3 21 21915
3 22 27301
3 23 18186
3 24 2224
3 25 9425
3 26 11131
3 27 16968
3 28 12755
3 29 -1831
3 30 9056
3 31 12675
3 32 12522
3 33 292
3 34 1260
3 35 9874
3 36 41861
3 37 39395
3 38 40479
3 39 15011
3 40 21519
3 41 29259
3 42 36771
3 43 40129
3 44 42249
3 45 39834
3 46 45195
3 47 31378
3 48 27253
3 49 30386
3 50 783
3 51 6643
3 52 22869
3 53 21156
3 54 5490
3 55 23051
3 56 26943
3 57 31828
3 58 20118
3 59 30051
3 60 37752
3 61 40183
3 62 21883
3 63 25130
3 64 28948
3 65 6110
3 66 4249
3 67 15578
3 68 -9039
3 69 14460
3 70 16270
3 71 10320
3 72 19273
3 73 25410
3 74 29194
3 75 24704
3 76 616
3 77 -3424
3 78 3304
3 79 -7460
3 80 3109
3 81 -6477
3 82 27644
3 83 31560
3 84 41772
3 85 30570
3 86 33357
3 87 28215
3 88 25461
3 89 24643
3 90 30570
3 91 43179
3 92 39445
3 93 33540
3 94 26731
3 95 31497
3 96 34419
3 97 32669
3 98 38077
3 99 36279
3 100 38984
3 101 15114
4 1 26359
4 2 15686
4 3 17479
4 5 26897
4 6 30002
4 7 43100
4 8 44040
4 9 27930
4 10 37802
4 11 46022
4 12 9190
4 13 18414
4 14 27371
4 15 18799
4 16 36172
4 17 42777
4 18 32883
4 19 40161
4 20 38571
4 21 4989
4 22 5042
4 23 -6814
4 24 6110
4 25 -7501
4 26 7245
4 27 24636
4 28 18653
4 29 12452
4 30 30563
4 31 27675
4 32 34205
4 33 25074
4 34 23519
4 35 34039
4 36 53179
4 37 31383
4 38 28650
4 39 -8932
4 40 12330
4 41 7482
4 42 23510
4 43 23562
4 44 32832
4 45 42539
4 46 52052
4 47 42311
4 48 37476
4 49 44850
4 50 20697
4 51 30796
4 52 31033
4 53 19447
4 54 -1415
4 55 8186
4 56 2128
4 57 15956
4 58 13173
4 59 24323
4 60 38689
4 61 35515
4 62 37309
4 63 44688
4 64 47358
4 65 30781
4 66 28952
4 67 -6974
4 68 3904
4 69 28799
4 70 35424
4 71 35275
4 72 -1866
4 73 6729
4 74 7354
4 75 996
4 76 16712
4 77 16835
4 78 26642
4 79 17005
4 80 12076
4 81 18523
4 82 35854
4 83 34172
4 84 40952
4 85 24344
4 86 26690
4 87 17105
4 88 38814
4 89 26617
4 90 50785
4 91 35484
4 92 32282
4 93 28212
4 94 22432
4 95 25142
4 96 30563
4 97 24267
4 98 30824
4 99 31965
4 100 30234
4 101 17753
5 1 26359
5 2 19316
5 3 35199
5 4 27258
5 6 8379
5 7 17618
5 8 7431
5 9 37930
5 10 24173
5 11 24368
5 12 28734
5 13 8730
5 14 6140
5 15 18799
5 16 2352
5 17 1787
5 18 3752
5 19 13592
5 20 38571
5 21 26612
5 22 26956
5 23 25356
5 24 38331
5 25 33489
5 26 23103
5 27 18713
5 28 23556
5 29 39130
5 30 26894
5 31 14878
5 32 25110
5 33 36921
5 34 43020
5 35 47738
5 36 19475
5 37 7563
5 38 3374
5 39 30100
5 40 22014
5 41 24565
5 42 11619
5 43 15487
5 44 4917
5 45 2379
5 46 14314
5 47 10034
5 48 6765
5 49 15308
5 50 28772
5 51 36370
5 52 12490
5 53 20375
5 54 31377
5 55 48150
5 56 35930
5 57 16363
5 58 14626
5 59 -1426
5 60 2664
5 61 -963
5 62 17679
5 63 29056
5 64 24723
5 65 39821
5 66 30431
5 67 31514
5 68 26854
5 69 24152
5 70 29234
5 71 43872
5 72 24118
5 73 27107
5 74 31307
5 75 29128
5 76 29964
5 77 33910
5 78 45074
5 79 34629
5 80 36640
5 81 31171
5 82 4594
5 83 -3142
5 84 -279
5 85 -6645
5 86 -8070
5 87 7723
5 88 20225
5 89 6050
5 90 38323
5 91 6472
5 92 9851
5 93 -2296
5 94 4001
5 95 6539
5 96 4445
5 97 7704
5 98 4659
5 99 2857
5 100 5549
5 101 13369
6 1 18996
6 2 11863
6 3 26020
6 4 17650
6 5 -4334
6 7 17618
6 8 13352
6 9 30356
6 10 21046
6 11 24368
6 12 18874
6 13 -10
6 14 8501
6 15 15139
6 16 9200
6 17 11787
6 18 3752
6 19 15215
6 20 32784
6 21 17350
6 22 19184
6 23 17237
6 24 28393
6 25 23730
6 26 13103
6 27 10494
6 28 14094
6 29 29486
6 30 21384
6 31 10479
6 32 21543
6 33 28621
6 34 34288
6 35 39995
6 36 24581
6 37 7563
6 38 8464
6 39 20991
6 40 12330
6 41 17698
6 42 9522
6 43 14401
6 44 9685
6 45 10953
6 46 21316
6 47 14172
6 48 9734
6 49 18742
6 50 20340
6 51 29203
6 52 7951
6 53 10394
6 54 21381
6 55 38281
6 56 27169
6 57 10917
6 58 4953
6 59 -2700
6 60 7136
6 61 6647
6 62 16286
6 63 27303
6 64 25775
6 65 33169
6 66 24857
6 67 22694
6 68 17158
6 69 17158
6 70 23811
6 71 36912
6 72 15267
6 73 18349
6 74 22971
6 75 20789
6 76 20741
6 77 24619
6 78 36274
6 79 25649
6 80 26827
6 81 22942
6 82 7317
6 83 2825
6 84 9634
6 85 -2665
6 86 -162
6 87 2400
6 88 17651
6 89 -934
6 90 35495
6 91 10338
6 92 7765
6 93 216
6 94 -4239
6 95 877
6 96 1072
6 97 3250
6 98 5627
6 99 2857
6 100 7072
6 101 3933
7 1 15181
7 2 31711
7 3 27834
7 4 32125
7 5 6282
7 6 18995
7 8 5710
7 9 24331
7 10 4774
7 11 4013
7 12 26920
7 13 19845
7 14 26451
7 15 35742
7 16 22795
7 17 16787
7 18 2572
7 19 -5228
7 20 21628
7 21 34040
7 22 38070
7 23 35195
7 24 35516
7 25 36582
7 26 25119
7 27 14380
7 28 21328
7 29 33403
7 30 10204
7 31 -1145
7 32 5488
7 33 26073
7 34 32395
7 35 33874
7 36 7370
7 37 26383
7 38 23882
7 39 36806
7 40 28535
7 41 37398
7 42 29704
7 43 34423
7 44 25533
7 45 8776
7 46 10221
7 47 -3476
7 48 -8046
7 49 -939
7 50 19703
7 51 22408
7 52 4697
7 53 23847
7 54 31909
7 55 50416
7 56 44211
7 57 31454
7 58 22092
7 59 16108
7 60 14471
7 61 19532
7 62 -2788
7 63 8500
7 64 5182
7 65 23283
7 66 12627
7 67 38886
7 68 22521
7 69 13612
7 70 13203
7 71 28379
7 72 32607
7 73 36131
7 74 41174
7 75 38779
7 76 23991
7 77 27482
7 78 35133
7 79 25988
7 80 33322
7 81 19751
7 82 -6575
7 83 4105
7 84 16622
7 85 13577
7 86 11428
7 87 23016
7 88 1953
7 89 10122
7 90 18260
7 91 26873
7 92 27292
7 93 17073
7 94 16369
7 95 21353
7 96 19916
7 97 23678
7 98 23827
7 99 20454
7 100 25242
7 101 13966
8 1 25732
8 2 31531
8 3 37523
8 4 36564
8 5 -406
8 6 18228
8 7 9209
8 9 36034
8 10 16881
8 11 13179
8 12 34171
8 13 19826
8 14 19517
8 15 32586
8 16 14172
8 17 5715
8 18 3012
8 19 1312
8 20 33813
8 21 36870
8 22 39004
8 23 37084
8 24 43661
8 25 42114
8 26 30439
8 27 21531
8 28 28205
8 29 42691
8 30 22325
8 31 10522
8 32 17350
8 33 36944
8 34 43412
8 35 45718
8 36 5567
8 37 21463
8 38 14776
8 39 40464
8 40 31505
8 41 37263
8 42 25509
8 43 29386
8 44 17442
8 45 -3260
8 46 1544
8 47 -3739
8 48 -5839
8 49 1575
8 50 29753
8 51 34110
8 52 11798
8 53 27899
8 54 38406
8 55 56290
8 56 46891
8 57 29617
8 58 24312
8 59 12043
8 60 9594
8 61 11434
8 62 8786
8 63 19316
8 64 12089
8 65 35482
8 66 24817
8 67 42322
8 68 31052
8 69 23644
8 70 25142
8 71 40468
8 72 34994
8 73 38129
8 74 42813
8 75 40627
8 76 32921
8 77 36748
8 78 45872
8 79 36199
8 80 41437
8 81 30848
8 82 -6003
8 83 -3002
8 84 7640
8 85 7133
8 86 1361
8 87 20837
8 88 13986
8 89 11856
8 90 29902
8 91 19987
8 92 23408
8 93 11612
8 94 15226
8 95 19084
8 96 16829
8 97 20877
8 98 18580
8 99 16177
8 100 19429
8 101 19002
9 1 11961
9 2 42886
9 3 7479
9 4 26027
9 5 35666
9 6 40805
9 7 33403
9 8 41607
9 10 15632
9 11 24368
9 12 18874
9 13 35931
9 14 50171
9 15 50059
9 16 51380
9 17 50097
9 18 32883
9 19 23592
9 20 3653
9 21 36220
9 22 41890
9 23 33186
9 24 15008
9 25 23730
9 26 24726
9 27 24636
9 28 23556
9 29 8807
9 30 2843
9 31 12973
9 32 3213
9 33 1258
9 34 -1702
9 35 -2233
9 36 39779
9 37 49534
9 38 50778
9 39 29894
9 40 34598
9 41 43668
9 42 48634
9 43 52695
9 44 52080
9 45 44049
9 46 46452
9 47 30278
9 48 27429
9 49 25906
9 50 7801
9 51 -1350
9 52 27555
9 53 32484
9 54 20429
9 55 37497
9 56 41924
9 57 44830
9 58 32197
9 59 39607
9 60 44235
9 61 48409
9 62 19332
9 63 17663
9 64 21186
9 65 -8262
9 66 -10069
9 67 30111
9 68 5902
9 69 18553
9 70 13614
9 71 -4521
9 72 33911
9 73 39712
9 74 43806
9 75 39545
9 76 12882
9 77 10865
9 78 4084
9 79 1100
9 80 18069
9 81 -9477
9 82 29653
9 83 36798
9 84 48295
9 85 39745
9 86 41719
9 87 39961
9 88 25711
9 89 32255
9 90 23012
9 91 52752
9 92 49550
9 93 42620
9 94 36531
9 95 41738
9 96 43498
9 97 43454
9 98 47885
9 99 45249
9 100 49153
9 101 24769
10 1 9713
10 2 38752
10 3 21634
10 4 33197
10 5 19207
10 6 28793
10 7 11144
10 8 19752
10 9 12930
10 11 193
10 12 25395
10 13 27919
10 14 38342
10 15 44644
10 16 35893
10 17 30838
10 18 14933
10 19 -1408
10 20 8284
10 21 37709
10 22 43102
10 23 38601
10 24 31094
10 25 35650
10 26 26644
10 27 16968
10 28 22125
10 29 27153
10 30 -2157
10 31 -4263
10 32 -8423
10 33 17364
10 34 22473
10 35 21710
10 36 14779
10 37 37614
10 38 36863
10 39 38238
10 40 32920
10 41 43439
10 42 39868
10 43 44755
10 44 38194
10 45 22895
10 46 22573
10 47 5469
10 48 3462
10 49 1555
10 50 13938
10 51 11430
10 52 12061
10 53 28185
10 54 30475
10 55 49220
10 56 47108
10 57 39646
10 58 27773
10 59 27197
10 60 27261
10 61 32578
10 62 -5407
10 63 -2261
10 64 395
10 65 9588
10 66 -1365
10 67 40104
10 68 18300
10 69 11114
10 70 3237
10 71 15393
10 72 36360
10 73 40549
10 74 45601
10 75 42734
10 76 20081
10 77 22349
10 78 26100
10 79 18481
10 80 29760
10 81 10233
10 82 7443
10 83 17805
10 84 30268
10 85 25790
10 86 25047
10 87 32079
10 88 4572
10 89 19285
10 90 5083
10 91 39130
10 92 38054
10 93 28943
10 94 25841
10 95 31223
10 96 30785
10 97 33569
10 98 35332
10 99 31894
10 100 36861
10 101 18248
11 1 20558
11 2 45751
11 3 32790
11 4 43036
11 5 21021
11 6 33734
11 7 12002
11 8 17669
11 9 23285
11 10 1812
11 12 35805
11 13 34150
11 14 41367
11 15 50472
11 16 37270
11 17 29866
11 18 17572
11 19 -9337
11 20 17473
11 21 46467
11 22 51315
11 23 47648
11 24 42165
11 25 46139
11 26 36115
11 27 25507
11 28 31630
11 29 38331
11 30 8459
11 31 4704
11 32 -3195
11 33 28480
11 34 33216
11 35 31333
11 36 5461
11 37 41383
11 38 38295
11 39 48034
11 40 41240
11 41 51129
11 42 44645
11 43 49400
11 44 40213
11 45 20751
11 46 16869
11 47 -1892
11 48 -561
11 49 -9425
11 50 24987
11 51 22158
11 52 17885
11 53 36365
11 54 40989
11 55 59750
11 56 56316
11 57 45946
11 58 35402
11 59 31101
11 60 29337
11 61 34102
11 62 -3670
11 63 -3686
11 64 -9277
11 65 17034
11 66 5696
11 67 50034
11 68 29285
11 69 21108
11 70 14410
11 71 24354
11 72 45136
11 73 48993
11 74 54090
11 75 51473
11 76 30922
11 77 33409
11 78 37096
11 79 29653
11 80 40654
11 81 21211
11 82 6276
11 83 18423
11 84 30769
11 85 28479
11 86 25300
11 87 37707
11 88 9946
11 89 24561
11 90 9192
11 91 41743
11 92 42267
11 93 32045
11 94 31070
11 95 36181
11 96 34882
11 97 38533
11 98 38821
11 99 35454
11 100 40223
11 101 26294
12 1 10800
12 2 18893
12 3 3659
12 4 1838
12 5 21021
12 6 23874
12 7 30543
12 8 34295
12 9 13425
12 10 22648
12 11 31439
12 13 15280
12 14 29152
12 15 25700
12 16 33892
12 17 37064
12 18 22986
12 19 26604
12 20 22887
12 21 10800
12 22 16395
12 23 8600
12 24 3082
12 25 3712
12 26 174
12 27 12163
12 28 5850
12 29 4334
12 30 14769
12 31 13170
12 32 18443
12 33 10275
12 34 12118
12 35 21029
12 36 40899
12 37 29924
12 38 30531
12 39 6714
12 40 10661
12 41 18217
12 42 26207
12 43 29196
12 44 32719
12 45 34439
12 46 41839
12 47 30065
12 48 25393
12 49 31257
12 50 4906
12 51 15347
12 52 19150
12 53 11953
12 54 -1415
12 55 17334
12 56 17077
12 57 20810
12 58 9891
12 59 21105
12 60 31207
12 61 31889
12 62 22981
12 63 29301
12 64 32395
12 65 17034
12 66 13626
12 67 8299
12 68 -7911
12 69 14041
12 70 19873
12 71 20967
12 72 8425
12 73 14301
12 74 18313
12 75 14200
12 76 979
12 77 2292
12 78 14332
12 79 3699
12 80 1372
12 81 4170
12 82 24594
12 83 25843
12 84 34803
12 85 21694
12 86 24692
12 87 17834
12 88 25039
12 89 17967
12 90 35228
12 91 33956
12 92 30092
12 93 24834
12 94 17897
12 95 22190
12 96 25949
12 97 22903
12 98 28825
12 99 27775
12 100 29415
12 101 7753
13 1 20558
13 2 4896
13 3 24495
13 4 11522
13 5 1477
13 6 5450
13 7 23928
13 8 20410
13 9 30942
13 10 25632
13 11 30244
13 12 15740
13 14 7353
13 15 9644
13 16 11788
13 17 17282
13 18 10600
13 19 21671
13 20 35193
13 21 10800
13 22 12113
13 23 10202
13 24 24483
13 25 17854
13 26 8914
13 27 12163
13 28 12909
13 29 26695
13 30 24244
13 31 14694
13 32 25564
13 33 28480
13 34 33216
13 35 40189
13 36 31601
13 37 7563
13 38 8464
13 39 14330
13 40 6519
13 41 10730
13 42 5812
13 43 10414
13 44 10379
13 45 17632
13 46 28345
13 47 21121
13 48 16580
13 49 25501
13 50 20340
13 51 30404
13 52 13046
13 53 7572
13 54 16660
13 55 32703
13 56 20302
13 57 4757
13 58 -669
13 59 -856
13 60 14003
13 61 10357
13 62 21809
13 63 32354
13 64 31843
13 65 34410
13 66 27237
13 67 15876
13 68 14408
13 69 19436
13 70 26955
13 71 38007
13 72 8425
13 73 11452
13 74 15952
13 75 13780
13 76 19403
13 77 22954
13 78 35194
13 79 24402
13 80 23683
13 81 22811
13 82 14221
13 83 9787
13 84 15523
13 85 -389
13 86 2577
13 87 -2689
13 88 22923
13 89 4737
13 90 40024
13 91 11627
13 92 7765
13 93 3038
13 94 -2929
13 95 -24
13 96 5075
13 97 653
13 98 6515
13 99 6504
13 100 7072
13 101 3933
14 1 41029
14 2 16652
14 3 45630
14 4 27258
14 5 5666
14 6 20740
14 7 37313
14 8 26880
14 9 51961
14 10 42834
14 11 44240
14 12 36391
14 13 14132
14 15 5455
14 16 2352
14 17 14148
14 18 22986
14 19 33592
14 20 55123
14 21 26612
14 22 20900
14 23 18497
14 24 43984
14 25 33489
14 26 29159
14 27 32408
14 28 34113
14 29 47205
14 30 43745
14 31 32619
14 32 43579
14 33 49651
14 34 54386
14 35 61333
14 36 38441
14 37 7563
14 38 -12372
14 39 26678
14 40 25674
14 41 16263
14 42 714
14 43 -2043
14 44 -5918
14 45 19748
14 46 32272
14 47 29638
14 48 26722
14 49 34951
14 50 41455
14 51 51147
14 52 29912
14 53 28766
14 54 35463
14 55 49371
14 56 31935
14 57 8721
14 58 19649
14 59 5321
14 60 22275
14 61 6647
14 62 37104
14 63 48460
14 64 44723
14 65 55194
14 66 47202
14 67 26057
14 68 35098
14 69 39395
14 70 46165
14 71 58843
14 72 21748
14 73 25160
14 74 27097
14 75 24194
14 76 40598
14 77 44077
14 78 56374
14 79 45573
14 80 44139
14 81 43987
14 82 24594
14 83 16806
14 84 16976
14 85 -2665
14 86 -10748
14 87 5295
14 88 39045
14 89 21280
14 90 57215
14 91 4472
14 92 13113
14 93 5314
14 94 12847
14 95 12082
14 96 15214
14 97 9116
14 98 6515
14 99 13217
14 100 1724
14 101 24769
15 1 39511
15 2 8462
15 3 39649
15 4 15182
15 5 14821
15 6 23874
15 7 43100
15 8 36445
15 9 48345
15 10 45632
15 11 49841
15 12 29435
15 13 12919
15 14 1951
15 16 16172
15 17 27142
15 18 28973
15 19 40601
15 20 54320
15 21 16202
15 22 6711
15 23 3186
15 24 34180
15 25 20578
15 26 22258
15 27 31707
15 28 30468
15 29 38931
15 30 43745
15 31 34686
15 32 45476
15 33 45338
15 34 48151
15 35 56809
15 36 48496
15 37 14411
15 38 1448
15 39 12440
15 40 18880
15 41 1263
15 42 714
15 43 -5393
15 44 9449
15 45 31141
15 46 43423
15 47 38651
15 48 34654
15 49 43674
15 50 37847
15 51 48628
15 52 32916
15 53 25278
15 54 25490
15 55 37232
15 56 17924
15 57 -1116
15 58 15088
15 59 11113
15 60 29972
15 61 18502
15 62 41607
15 63 52322
15 64 51269
15 65 52144
15 66 46218
15 67 10817
15 68 27680
15 69 38928
15 70 46653
15 71 55775
15 72 9438
15 73 13766
15 74 13841
15 75 10104
15 76 35501
15 77 38166
15 78 50387
15 79 39708
15 80 36278
15 81 39532
15 82 32192
15 83 25564
15 84 27800
15 85 7316
15 86 4720
15 87 3184
15 88 42798
15 89 24232
15 90 60020
15 91 15990
15 92 18009
15 93 13468
15 94 14960
15 95 14524
15 96 20238
15 97 11013
15 98 14226
15 99 19713
15 100 10872
15 101 23167
16 1 36607
16 2 20641
16 3 43957
16 4 31027
16 5 -3154
16 6 16407
16 7 28625
16 8 16503
16 9 48138
16 10 35353
16 11 35111
16 12 36099
16 13 13535
16 14 -2680
16 15 14644
16 17 2967
16 18 14933
16 19 23903
16 20 49482
16 21 29989
16 22 27301
16 23 25620
16 24 45091
16 25 37499
16 26 29504
16 27 28368
16 28 31985
16 29 46992
16 30 37843
16 31 25950
16 32 36290
16 33 46612
16 34 52310
16 35 57860
16 36 27571
16 37 6383
16 38 -7741
16 39 32270
16 40 26933
16 41 23637
16 42 7619
16 43 8728
16 44 -5492
16 45 8776
16 46 21230
16 47 19164
16 48 16814
16 49 24423
16 50 38341
16 51 46777
16 52 23399
16 53 27507
16 54 37219
16 55 52727
16 56 37620
16 57 15013
16 58 19931
16 59 1794
16 60 13844
16 61 -3199
16 62 28765
16 63 40117
16 64 34942
16 65 50509
16 66 41416
16 67 32758
16 68 34647
16 69 34533
16 70 40175
16 71 54412
16 72 26406
16 73 29459
16 74 32626
16 75 30204
16 76 38685
16 77 42513
16 78 54292
16 79 43642
16 80 44088
16 81 40923
16 82 15053
16 83 7251
16 84 6643
16 85 -8382
16 86 -18024
16 87 8142
16 88 31405
16 89 15899
16 90 49490
16 91 571
16 92 11387
16 93 -60
16 94 10063
16 95 10401
16 96 10721
16 97 9283
16 98 3865
16 99 8116
16 100 1426
16 101 21908
17 1 34863
17 2 28158
17 3 44681
17 4 37017
17 5 -4334
17 6 18379
17 7 22002
17 8 7431
17 9 46240
17 10 29683
17 11 27092
17 12 38656
17 13 18414
17 14 8501
17 15 24999
17 16 2352
17 18 10600
17 19 15215
17 20 45624
17 21 36220
17 22 35621
17 23 34088
17 24 48290
17 25 43327
17 26 33103
17 27 27975
17 28 33304
17 29 48890
17 30 33941
17 31 21734
17 32 30485
17 33 45814
17 34 52118
17 35 56075
17 36 16929
17 37 14411
17 38 1448
17 39 39505
17 40 31874
17 41 32663
17 42 17667
17 43 19777
17 44 5513
17 45 -1601
17 46 10358
17 47 9281
17 48 8083
17 49 14270
17 50 37847
17 51 44479
17 52 20352
17 53 30368
17 54 41375
17 55 58063
17 56 45146
17 57 24054
17 58 24505
17 59 7177
17 60 10841
17 61 1549
17 62 22106
17 63 33029
17 64 25775
17 65 47231
17 66 37135
17 67 40668
17 68 36666
17 69 32584
17 70 36406
17 71 51638
17 72 33462
17 73 36437
17 74 40337
17 75 38106
17 76 39515
17 77 43477
17 78 54250
17 79 43961
17 80 46525
17 81 39985
17 82 7317
17 83 1189
17 84 1681
17 85 -1106
17 86 -12307
17 87 15973
17 88 26042
17 89 15554
17 90 43234
17 91 10338
17 92 18009
17 93 5314
17 94 13812
17 95 15758
17 96 14092
17 97 16182
17 98 11453
17 99 11978
17 100 10872
17 101 23167
18 1 17004
18 2 22921
18 3 27834
18 4 26338
18 5 -3154
18 6 9559
18 7 7002
18 8 3943
18 9 28241
18 10 12993
18 11 14013
18 12 23793
18 13 10947
18 14 16554
18 15 26045
18 16 13533
18 17 9815
18 19 4208
18 20 27828
18 21 27005
18 22 29951
18 23 27683
18 24 33359
18 25 31743
18 26 20029
18 27 11352
18 28 17843
18 29 32727
18 30 16127
18 31 3954
18 32 13931
18 33 28126
18 34 34552
18 35 38072
18 36 13686
18 37 16383
18 38 14527
18 39 30460
18 40 21519
18 41 28758
18 42 19778
18 43 24448
18 44 15939
18 45 4479
18 46 11808
18 47 3108
18 48 -1434
18 49 7562
18 50 20430
18 51 26457
18 52 2414
18 53 17587
18 54 27966
18 55 45881
18 56 37160
18 57 22067
18 58 14508
18 59 6120
18 60 4900
18 61 10218
18 62 6707
18 63 18085
18 64 15059
18 65 29326
18 66 19545
18 67 32417
18 68 20892
18 69 14734
18 70 18520
18 71 33633
18 72 25315
18 73 28569
18 74 33435
18 75 31191
18 76 22977
18 77 26884
18 78 36804
18 79 26789
18 80 31172
18 81 22219
18 82 -3804
18 83 -3505
18 84 8326
18 85 3732
18 86 2854
18 87 13440
18 88 9044
18 89 1777
18 90 27167
18 91 17059
18 92 17332
18 93 7121
18 94 6917
18 95 11640
18 96 9982
18 97 13897
18 98 13836
18 99 10454
18 100 15271
18 101 8564
19 1 22388
19 2 42886
19 3 35199
19 4 42596
19 5 15666
19 6 30002
19 7 8182
19 8 11223
19 9 27930
19 10 5632
19 11 -3916
19 12 36391
19 13 30998
19 14 36140
19 15 46653
19 16 31483
19 17 23410
19 18 13188
19 20 22887
19 21 44989
19 22 49210
19 23 46193
19 24 43984
19 25 46530
19 26 35529
19 27 24636
19 28 31343
19 29 40884
19 30 12843
19 31 5564
19 32 3213
19 33 31845
19 34 37367
19 35 36593
19 36 -221
19 37 36694
19 38 32350
19 39 47429
19 40 39531
19 41 48578
19 42 40330
19 43 44886
19 44 34599
19 45 14107
19 46 9802
19 47 -8830
19 48 -7080
19 49 -11701
19 50 27077
19 51 26384
19 52 15607
19 53 34753
19 54 41567
19 55 60247
19 56 55103
19 57 42526
19 58 33210
19 59 26586
19 60 24269
19 61 28454
19 62 -2512
19 63 3252
19 64 -5277
19 65 23333
19 66 12014
19 67 49507
19 68 30943
19 69 21903
19 70 17536
19 71 29988
19 72 43596
19 73 47192
19 74 52255
19 75 49820
19 76 32379
19 77 35377
19 78 40774
19 79 32615
19 80 42058
19 81 24970
19 82 594
19 83 12809
19 84 24873
19 85 23306
19 86 19068
19 87 33997
19 88 9229
19 89 21280
19 90 15476
19 91 36472
19 92 37860
19 93 27121
19 94 27384
19 95 32240
19 96 30563
19 97 34512
19 98 34015
19 99 30820
19 100 35287
19 101 24769
20 1 10649
20 2 44493
20 3 14840
20 4 32125
20 5 31764
20 6 38690
20 7 26157
20 8 34843
20 9 -890
20 10 6443
20 11 14013
20 12 23793
20 13 35639
20 14 48790
20 15 51491
20 16 48181
20 17 44938
20 18 27927
20 19 14006
20 21 39989
20 22 45900
20 23 39014
20 24 24138
20 25 31743
20 26 28103
20 27 23278
20 28 24914
20 29 18515
20 30 -5086
20 31 6780
20 32 -7949
20 33 8276
20 34 9479
20 35 6333
20 36 30069
20 37 47861
20 38 48559
20 39 36716
20 40 36830
20 41 47175
20 42 48503
20 43 53115
20 44 49719
20 45 37771
20 46 38349
20 47 21187
20 48 19214
20 49 15372
20 50 10648
20 51 387
20 52 23223
20 53 33280
20 54 27312
20 55 45337
20 56 47482
20 57 46175
20 58 33273
20 59 37597
20 60 39965
20 61 44960
20 62 10404
20 63 6691
20 64 10034
20 65 -5838
20 66 -15443
20 67 37723
20 68 13109
20 69 16047
20 70 7217
20 71 -398
20 72 38231
20 73 43337
20 74 47962
20 75 44327
20 76 17253
20 77 17157
20 78 14700
20 79 9743
20 80 25130
20 81 -611
20 82 22580
20 83 31560
20 84 43681
20 85 37158
20 86 38021
20 87 40011
20 88 18650
20 89 29478
20 90 12154
20 91 50390
20 92 47986
20 93 40088
20 94 35084
20 95 40495
20 96 41247
20 97 42582
20 98 45918
20 99 42779
20 100 47383
20 101 24376
21 1 23432
21 2 5902
21 3 19405
21 4 -3973
21 5 17289
21 6 20740
21 7 36053
21 8 35384
21 9 29161
21 10 33352
21 11 40491
21 12 9190
21 13 8730
21 14 17763
21 15 10857
21 16 26172
21 17 33018
21 18 24588
21 19 33592
21 20 37473
21 22 900
21 23 -3786
21 24 13082
21 25 2499
21 26 3103
21 27 18713
21 28 14094
21 29 17751
21 30 28154
21 31 22603
21 32 31291
21 33 25997
21 34 27429
21 35 36799
21 36 45507
21 37 21383
21 38 19168
21 39 -1366
21 40 3590
21 41 2439
21 42 13966
21 43 15130
21 44 22950
21 45 33290
21 46 43423
21 47 34732
21 48 29929
21 49 38104
21 50 19611
21 51 30535
21 52 24004
21 53 11953
21 54 4365
21 55 17890
21 56 5196
21 57 6868
21 58 4065
21 59 14420
21 60 29497
21 61 25571
21 62 31685
21 63 40454
21 64 42136
21 65 32834
21 66 28764
21 67 444
21 68 6832
21 69 24509
21 70 32053
21 71 36710
21 72 -6338
21 73 -1511
21 74 3023
21 75 28
21 76 16269
21 77 18100
21 78 29861
21 79 19397
21 80 15295
21 81 19963
21 82 27955
21 83 25142
21 84 31333
21 85 14362
21 86 16700
21 87 7148
21 88 32844
21 89 18174
21 90 47053
21 91 25489
21 92 22308
21 93 18291
21 94 12847
21 95 15273
21 96 20871
21 97 14275
21 98 20829
21 99 22164
21 100 20254
21 101 10781
22 1 33362
22 2 7669
22 3 28880
22 4 169
22 5 21722
22 6 26663
22 7 44172
22 8 41607
22 9 38920
22 10 42834
22 11 49428
22 12 18874
22 13 14132
22 14 16140
22 15 5455
22 16 27573
22 17 36508
22 18 31623
22 19 41902
22 20 47473
22 21 4989
22 23 -10634
22 24 20098
22 25 4860
22 26 13103
22 27 27975
22 28 23925
22 29 25898
22 30 38092
22 31 31947
22 32 41122
22 33 35767
22 34 36362
22 35 46204
22 36 52726
22 37 23309
22 38 16759
22 39 -3233
22 40 12330
22 41 -6660
22 42 12589
22 43 10414
22 44 22659
22 45 38347
22 46 49495
22 47 42142
22 48 37476
22 49 46150
22 50 29591
22 51 40491
22 52 32388
22 53 20824
22 54 11837
22 55 21846
22 56 2128
22 57 4757
22 58 11606
22 59 17874
22 60 35070
22 61 28176
22 62 40661
22 63 49937
22 64 51133
22 65 42476
22 66 38740
22 67 -3622
22 68 15894
22 69 34204
22 70 41865
22 71 46461
22 72 -4485
22 73 2398
22 74 -886
22 75 -5698
22 76 26157
22 77 27704
22 78 39028
22 79 28784
22 80 24202
22 81 29645
22 82 35228
22 83 30897
22 84 35560
22 85 16678
22 86 17424
22 87 8819
22 88 41726
22 89 25368
22 90 56706
22 91 26793
22 92 25163
22 93 21410
22 94 18094
22 95 19290
22 96 25430
22 97 17075
22 98 23041
22 99 26136
22 100 21340
22 101 19679
23 1 40331
23 2 18786
23 3 32479
23 4 1027
23 5 32836
23 6 37430
23 7 54011
23 8 52401
23 9 42930
23 10 51047
23 11 58475
23 12 23793
23 13 24935
23 14 26451
23 15 14644
23 16 38606
23 17 47689
23 18 42069
23 19 51599
23 20 53301
23 21 13017
23 22 2080
23 24 19705
23 25 527
23 26 20029
23 27 36663
23 28 31558
23 29 26761
23 30 44852
23 31 40448
23 32 48333
23 33 40055
23 34 38108
23 35 48864
23 36 63160
23 37 34462
23 38 26448
23 39 -9764
23 40 21519
23 41 2250
23 42 23274
23 43 19389
23 44 33336
23 45 49413
23 46 60360
23 47 52462
23 48 47706
23 49 56069
23 50 35292
23 51 45664
23 52 42000
23 53 29975
23 54 13448
23 55 19340
23 56 1162
23 57 15646
23 58 21568
23 59 29038
23 60 45994
23 61 39340
23 62 49668
23 63 58109
23 64 60088
23 65 45692
23 66 43877
23 67 -14183
23 68 18893
23 69 42044
23 70 49258
23 71 50265
23 72 2791
23 73 11606
23 74 7994
23 75 -1336
23 76 31391
23 77 31801
23 78 41465
23 79 31980
23 80 27063
23 81 33523
23 82 45594
23 83 41797
23 84 46706
23 85 27837
23 86 28282
23 87 19998
23 88 50855
23 89 35692
23 90 64495
23 91 37851
23 92 36342
23 93 32589
23 94 29000
23 95 30388
23 96 36490
23 97 28250
23 98 34205
23 99 37271
23 100 32397
23 101 28809
24 1 21942
24 2 30448
24 3 6621
24 4 4055
24 5 35915
24 6 38690
24 7 44436
24 8 49082
24 9 14856
24 10 33644
24 11 43096
24 12 8379
24 13 29320
24 14 42042
24 15 35742
24 16 48181
24 17 51995
24 18 37849
24 19 39494
24 20 28529
24 21 19989
24 22 22916
24 23 9809
24 25 -2501
24 26 13719
24 27 26766
24 28 20713
24 29 -4247
24 30 23198
24 31 25688
24 32 26624
24 33 13821
24 34 7118
24 35 18400
24 36 54558
24 37 43817
24 38 43530
24 39 5171
24 40 23445
24 41 25332
24 42 38505
24 43 40129
24 44 46365
24 45 49413
24 46 56437
24 47 43853
24 48 39382
24 49 43859
24 50 14170
24 51 20343
24 52 33631
24 53 26636
24 54 -635
24 55 11808
24 56 19824
24 57 31828
24 58 23612
24 59 35443
24 60 46202
24 61 46458
24 62 35279
24 63 39242
24 64 43022
24 65 15460
24 66 16844
24 67 3884
24 68 -5273
24 69 26812
24 70 30175
24 71 21189
24 72 15363
24 73 22986
24 74 25021
24 75 19023
24 76 11372
24 77 8170
24 78 11548
24 79 4198
24 80 4267
24 81 5994
24 82 39014
24 83 40826
24 84 49746
24 85 35988
24 86 38976
24 87 30750
24 88 38172
24 89 32967
24 90 44702
24 91 47970
24 92 44143
24 93 39266
24 94 32411
24 95 36362
24 96 40567
24 97 36629
24 98 42893
24 99 42345
24 100 43160
24 101 22753
25 1 31800
25 2 25612
25 3 19405
25 4 -3973
25 5 36656
25 6 39610
25 7 51085
25 8 53118
25 9 29161
25 10 43783
25 11 52653
25 12 14592
25 13 28274
25 14 37130
25 15 27723
25 16 46172
25 17 52615
25 18 41816
25 19 47623
25 20 41717
25 21 14989
25 22 13261
25 23 -3786
25 24 3082
25 26 15464
25 27 32408
25 28 26041
25 29 10705
25 30 35013
25 31 34365
25 32 38735
25 33 27188
25 34 22118
25 35 33377
25 36 61405
25 37 41383
25 38 38295
25 39 -8932
25 40 22014
25 41 15517
25 42 33267
25 43 32637
25 44 42757
25 45 52022
25 46 61052
25 47 50525
25 48 45731
25 49 52316
25 50 24987
25 51 33556
25 52 39216
25 53 28435
25 54 1407
25 55 3248
25 56 8304
25 57 25560
25 58 22862
25 59 34270
25 60 48192
25 61 45480
25 62 44170
25 63 50260
25 64 53545
25 65 30432
25 66 30975
25 67 -11050
25 68 5902
25 69 35246
25 70 40782
25 71 35895
25 72 7629
25 73 16540
25 74 16200
25 75 8537
25 76 21111
25 77 19690
25 78 26333
25 79 18054
25 80 14282
25 81 19963
25 82 44418
25 83 43546
25 84 50707
25 85 34334
25 86 36684
25 87 27085
25 88 46076
25 89 35752
25 90 56021
25 91 45482
25 92 42267
25 93 38166
25 94 32222
25 95 35077
25 96 40395
25 97 34262
25 98 40821
25 99 41852
25 100 40223
25 101 26294
26 1 13573
26 2 11863
26 3 10507
26 4 169
26 5 15666
26 6 18379
26 7 29018
26 8 30839
26 9 19553
26 10 24173
26 11 32025
26 12 450
26 13 8730
26 14 22196
26 15 18799
26 16 27573
26 17 31787
26 18 19498
26 19 26018
26 20 27473
26 21 4989
26 22 10900
26 23 5112
26 24 8698
26 25 4860
26 27 10494
26 28 4692
26 29 11154
26 30 18257
26 31 13752
26 32 21543
26 33 16421
26 34 19134
26 35 27690
26 36 39210
26 37 23309
26 38 23618
26 39 5065
26 40 3590
26 41 12292
26 42 19153
26 43 22155
26 44 26002
26 45 30149
26 46 38725
26 47 28330
26 48 23507
26 49 30709
26 50 9654
26 51 20609
26 52 17002
26 53 6414
26 54 1407
26 55 18955
26 56 13580
26 57 13808
26 58 3097
26 59 14828
26 60 26476
26 61 25870
26 62 23268
26 63 31205
26 64 33481
26 65 23333
26 66 18799
26 67 7119
26 68 -909
26 69 15137
26 70 22378
26 71 27083
26 72 3332
26 73 8365
26 74 12981
26 75 9595
26 76 6557
26 77 9012
26 78 21287
26 79 10567
26 80 8085
26 81 10523
26 82 22076
26 83 21567
26 84 29613
26 85 15376
26 86 18371
26 87 10840
26 88 24697
26 89 13614
26 90 37572
26 91 27425
26 92 23573
26 93 18655
26 94 11834
26 95 15758
26 96 20024
26 97 16182
26 98 22324
26 99 21772
26 100 22727
26 101 3933
27 1 4974
27 2 18462
27 3 13095
27 4 14311
27 5 8027
27 6 12521
27 7 15030
27 8 18682
27 9 16214
27 10 11248
27 11 18168
27 12 9190
27 13 8730
27 14 22196
27 15 24999
27 16 23188
27 17 23410
27 18 7572
27 19 11876
27 20 19399
27 21 17350
27 22 22523
27 23 18497
27 24 18496
27 25 18555
27 26 7245
27 28 3338
27 29 17751
27 30 8459
27 31 324
27 32 10281
27 33 14645
27 34 20659
27 35 25870
27 36 25367
27 37 21383
27 38 22546
27 39 19171
27 40 12330
27 41 22831
27 42 21577
27 43 26224
27 44 23809
27 45 19406
27 46 26066
27 47 14493
27 48 9734
27 49 16568
27 50 6429
27 51 15129
27 52 3342
27 53 7572
27 54 13962
27 55 32399
27 56 27169
27 57 19764
27 58 7284
27 59 11349
27 60 17166
27 61 20347
27 62 9363
27 63 18335
27 64 19782
27 65 19157
27 66 11460
27 67 21241
27 68 5902
27 69 3629
27 70 11300
27 71 22842
27 72 16023
27 73 20025
27 74 25107
27 75 22381
27 76 8050
27 77 11996
27 78 22720
27 79 12343
27 80 16260
27 81 8936
27 82 8784
27 83 11000
27 84 21230
27 85 11466
27 86 13664
27 87 13118
27 88 10628
27 89 4263
27 90 25307
27 91 24472
27 92 21425
27 93 14341
27 94 8410
27 95 13745
27 96 15214
27 97 15721
27 98 19649
27 99 16972
27 100 20983
27 101 -2247
28 1 6157
28 2 16343
28 3 8604
28 4 8050
28 5 12592
28 6 15843
28 7 21700
28 8 25078
28 9 14856
28 10 16127
28 11 24013
28 12 2599
28 13 9198
28 14 23623
28 15 23482
28 16 26527
28 17 28461
28 18 13785
28 19 18305
28 20 20757
28 21 12453
28 22 18195
28 23 13114
28 24 12165
28 25 11910
28 26 1165
28 27 3060
28 29 12219
28 30 10865
28 31 5703
28 32 13839
28 33 12221
28 34 17118
28 35 23942
28 36 32056
28 37 23402
28 38 24614
28 39 13035
28 40 8561
28 41 19114
28 42 21726
28 43 25798
28 44 26227
28 45 25351
28 46 32632
28 47 21187
28 48 16439
28 49 23012
28 50 4199
28 51 14797
28 52 10030
28 53 5563
28 54 7254
28 55 25719
28 56 21613
28 57 18175
28 58 5331
28 59 13943
28 60 22379
28 61 24109
28 62 15287
28 63 23180
28 64 25430
28 65 18530
28 66 12491
28 67 15048
28 68 11
28 69 7119
28 70 14591
28 71 22119
28 72 11030
28 73 15551
28 74 20467
28 75 17382
28 76 3342
28 77 7164
28 78 19084
28 79 8350
28 80 10047
28 81 6546
28 82 15451
28 83 16787
28 84 26192
28 85 14448
28 86 17244
28 87 13053
28 88 16841
28 89 9100
28 90 29635
28 91 27095
28 92 23428
28 93 17416
28 94 10627
28 95 15493
28 96 18300
28 97 16877
28 98 22013
28 99 20161
28 100 23013
28 101 -922
29 1 18199
29 2 33750
29 3 1966
29 4 9797
29 5 36114
29 6 39183
29 7 41723
29 8 47512
29 9 8055
29 10 29103
29 11 38662
29 12 9031
29 13 30932
29 14 44663
29 15 39893
29 16 49482
29 17 51995
29 18 36617
29 19 35794
29 20 22306
29 21 24058
29 22 28116
29 23 16265
29 24 -4847
29 25 4522
29 26 15575
29 27 25421
29 28 20167
29 30 17843
29 31 22157
29 32 20904
29 33 7878
29 34 156
29 35 11355
29 36 51339
29 37 45576
29 38 46090
29 39 11899
29 40 25930
29 41 30437
29 42 41494
29 43 43913
29 44 48367
29 45 48475
29 46 54400
29 47 40831
29 48 36645
29 49 39818
29 50 10257
29 51 14257
29 52 31812
29 53 27507
29 54 4130
29 55 18668
29 56 25835
29 57 35467
29 58 25497
29 59 36704
29 60 45868
29 61 47356
29 62 31349
29 63 34056
29 64 37939
29 65 8410
29 66 10051
29 67 10938
29 68 -6578
29 69 23808
29 70 25589
29 71 14159
29 72 20254
29 73 27343
29 74 30084
29 75 24617
29 76 8908
29 77 4793
29 78 4524
29 79 -1846
29 80 4481
29 81 -477
29 82 36848
29 83 40036
29 84 49727
29 85 37293
29 86 40273
29 87 33298
29 88 34922
29 89 32606
29 90 39412
29 91 49601
29 92 45740
29 93 40392
29 94 33452
29 95 37830
29 96 41427
29 97 38544
29 98 44469
29 99 43273
29 100 45064
29 101 22586
30 1 5202
30 2 38752
30 3 13692
30 4 28747
30 5 24717
30 6 31920
30 7 19363
30 8 27985
30 9 2930
30 10 632
30 11 9629
30 12 20305
30 13 29320
30 14 42042
30 15 45546
30 16 41172
30 17 37885
30 18 20856
30 19 8592
30 20 -456
30 21 35300
30 22 41149
30 23 35195
30 24 23437
30 25 29669
30 26 23517
30 27 16968
30 28 19652
30 29 18682
30 31 -283
30 32 -8423
30 33 8276
30 34 12613
30 35 11870
30 36 24779
30 37 41104
30 38 41640
30 39 33634
30 40 31519
30 41 42135
30 42 42090
30 43 46808
30 44 42803
30 45 30834
30 46 31960
30 47 15357
30 48 12834
30 49 11185
30 50 7302
30 51 1545
30 52 16199
30 53 27507
30 54 24720
30 55 43208
30 56 43611
30 57 40266
30 58 27482
30 59 30795
30 60 32905
30 61 37936
30 62 4393
30 63 4063
30 64 7955
30 65 1156
30 66 -8576
30 67 35087
30 68 11279
30 69 9691
30 70 175
30 71 6021
30 72 33743
30 73 38513
30 74 43333
30 75 39999
30 76 14033
30 77 15149
30 78 16556
30 79 9743
30 80 23065
30 81 678
30 82 15772
30 83 24500
30 84 36610
30 85 30237
30 86 30968
30 87 33712
30 88 11753
30 89 22620
30 90 9414
30 91 43493
30 92 41269
30 93 33186
30 94 28446
30 95 33877
30 96 34419
30 97 36035
30 98 39104
30 99 35900
30 100 40593
30 101 18248
31 1 4597
31 2 30690
31 3 17479
31 4 26027
31 5 12869
31 6 21183
31 7 8182
31 8 16350
31 9 13228
31 10 -1306
31 11 6042
31 12 18874
31 13 19938
31 14 31084
31 15 36655
31 16 29447
31 17 25846
31 18 8851
31 19 1481
31 20 11578
31 21 29917
31 22 35172
31 23 30959
31 24 26095
31 25 29189
31 26 19180
31 27 9001
31 28 14658
31 29 23164
31 30 -115
31 32 -1255
31 33 15012
31 34 21250
31 35 22873
31 36 16862
31 37 30221
31 38 30160
31 39 31040
31 40 24979
31 41 35422
31 42 32102
31 43 36976
31 44 31367
31 45 18990
31 46 21385
31 47 6453
31 48 2674
31 49 5939
31 50 9300
31 51 11299
31 52 4647
31 53 20192
31 54 24078
31 55 42828
31 56 39533
31 57 31616
31 58 19724
31 59 19821
31 60 20996
31 61 26167
31 62 -2512
31 63 5716
31 64 7405
31 65 13178
31 66 3272
31 67 33020
31 68 13056
31 69 4159
31 70 2386
31 71 17762
31 72 28585
31 73 32663
31 74 37737
31 75 34956
31 76 14499
31 77 17518
31 78 24084
31 79 15240
31 80 24202
31 81 8606
31 82 4357
31 83 12459
31 84 24598
31 85 18834
31 86 19068
31 87 24163
31 88 628
31 89 11687
31 90 13012
31 91 32146
31 92 30542
31 93 21867
31 94 18094
31 95 23513
31 96 23400
31 97 25825
31 98 28052
31 99 24685
31 100 29581
31 101 10217
32 1 15038
32 2 47462
32 3 23720
32 4 38951
32 5 29495
32 6 38641
32 7 21209
32 8 29572
32 9 9862
32 10 928
32 11 4537
32 12 30541
32 13 37202
32 14 48438
32 15 53839
32 16 46181
32 17 40991
32 18 25222
32 19 5524
32 20 3243
32 21 44999
32 22 50741
32 23 45238
32 24 33425
32 25 39953
32 26 33365
32 27 25352
32 28 29188
32 29 28305
32 30 -1861
32 31 5139
32 33 17771
32 34 20224
32 35 16617
32 36 20984
32 37 47628
32 38 47130
32 39 43875
32 40 40802
32 41 51491
32 42 49546
32 43 54409
32 44 48433
32 45 32787
32 46 31225
32 47 13075
32 48 12477
32 49 5274
32 50 17597
32 51 10129
32 52 22001
32 53 36405
32 54 35016
32 55 53494
32 56 53657
32 57 48683
32 58 36260
32 59 37216
32 60 37549
32 61 42866
32 62 3824
32 63 -3748
32 64 -736
32 65 1513
32 66 -9827
32 67 45371
32 68 21498
32 69 18440
32 70 8328
32 71 9256
32 72 43532
32 73 48100
32 74 53022
32 75 49845
32 76 24322
32 77 25371
32 78 25148
32 79 19348
32 80 33322
32 81 9523
32 82 17326
32 83 28062
32 84 40542
32 85 35988
32 86 35333
32 87 41509
32 88 14863
32 89 29138
32 90 2484
32 91 49324
32 92 47986
32 93 39100
32 94 35552
32 95 40975
32 96 40795
32 97 43281
32 98 45406
32 99 41995
32 100 46939
32 101 26753
33 1 6526
33 2 34819
33 3 -241
33 4 18089
33 5 29575
33 6 33988
33 7 30063
33 8 37435
33 9 -3824
33 10 14984
33 11 24481
33 12 10642
33 13 28387
33 14 42779
33 15 41970
33 16 44772
33 17 44589
33 18 27686
33 19 22425
33 20 7737
33 21 27974
33 22 33655
33 23 25229
33 24 8891
33 25 16675
33 26 16512
33 27 17985
33 28 15839
33 29 3548
33 30 3107
33 31 9675
33 32 6040
33 34 -513
33 35 4734
33 36 38403
33 37 42350
33 38 43627
33 39 22242
33 40 26486
33 41 35422
33 42 40900
33 43 44781
33 44 45064
33 45 39378
33 46 43267
33 47 28285
33 48 24674
33 49 25906
33 50 347
33 51 -464
33 52 22312
33 53 24753
33 54 12710
33 55 30318
33 56 33882
33 57 36781
33 58 24312
33 59 32610
33 60 38441
33 61 41978
33 62 17882
33 63 19316
33 64 23209
33 65 -76
33 66 -3009
33 67 22858
33 68 -1780
33 69 13112
33 70 11667
33 71 3725
33 72 25687
33 73 31466
33 74 35575
33 75 31374
33 76 4678
33 77 2748
33 78 2084
33 79 -5409
33 80 10344
33 81 -12649
33 82 25922
33 83 31572
33 84 42555
33 85 32927
33 86 35292
33 87 32233
33 88 22628
33 89 25873
33 90 24639
33 91 45801
33 92 42360
33 93 35818
33 94 29396
33 95 34475
33 96 36654
33 97 36023
33 98 40821
33 99 38466
33 100 41975
33 101 17512
34 1 18896
34 2 43877
34 3 6621
34 4 22428
34 5 41568
34 6 45549
34 7 42279
34 8 49797
34 9 -890
34 10 25987
34 11 35111
34 12 18379
34 13 39017
34 14 53408
34 15 50677
34 16 56364
34 17 56787
34 18 40006
34 19 33841
34 20 14834
34 21 35300
34 22 40144
34 23 29176
34 24 8082
34 25 17499
34 26 25119
34 27 29893
34 28 26630
34 29 1720
34 30 13338
34 31 21807
34 32 14387
34 33 5381
34 35 -1469
34 36 49977
34 37 53392
34 38 54550
34 39 24924
34 40 35570
34 41 42323
34 42 50908
34 43 54170
34 44 56226
34 45 51737
34 46 55498
34 47 40117
34 48 36760
34 49 36672
34 50 12235
34 51 8604
34 52 34648
34 53 35230
34 54 16568
34 55 31704
34 56 38525
34 57 45807
34 58 34260
34 59 43913
34 60 50585
34 61 53729
34 62 29378
34 63 28749
34 64 32349
34 65 -4443
34 66 -304
34 67 23857
34 68 3236
34 69 25469
34 70 23193
34 71 2497
34 72 32143
34 73 38744
34 74 42050
34 75 36998
34 76 14524
34 77 10719
34 78 -916
34 79 -436
34 80 15172
34 81 -5427
34 82 38230
34 83 43870
34 84 54691
34 85 44369
34 86 46995
34 87 42357
34 88 34743
34 89 37796
34 90 34068
34 91 57084
34 92 53424
34 93 47299
34 94 40609
34 95 45483
34 96 48142
34 97 46748
34 98 52011
34 99 49989
34 100 52996
34 101 28809
35 1 21360
35 2 51032
35 3 14020
35 4 31733
35 5 45071
35 6 50041
35 7 42543
35 8 50888
35 9 -2636
35 10 24009
35 11 32013
35 12 26075
35 13 44775
35 14 59140
35 15 58120
35 16 60699
35 17 59529
35 18 42311
35 19 31852
35 20 10473
35 21 43455
35 22 48771
35 23 38717
35 24 18149
35 25 27543
35 26 32460
35 27 33889
35 28 32239
35 29 11704
35 30 11380
35 31 22215
35 32 9565
35 33 9413
35 34 -2684
35 36 47984
35 37 58624
35 38 59899
35 39 34719
35 40 42660
35 41 50782
35 42 57297
35 43 61110
35 44 61260
35 45 53408
35 46 55435
35 47 38839
35 48 36336
35 49 33336
35 50 16620
35 51 7977
35 52 36988
35 53 41154
35 54 25862
35 55 41642
35 56 47817
35 57 53004
35 58 40682
35 59 48783
35 60 53663
35 61 57766
35 62 27891
35 63 24474
35 64 27200
35 65 -14605
35 66 -8262
35 67 33950
35 68 11804
35 69 27972
35 70 22689
35 71 -6059
35 72 40736
35 73 46951
35 74 50660
35 75 45964
35 76 20834
35 77 17914
35 78 7237
35 79 6962
35 80 23909
35 81 -1876
35 82 38858
35 83 46223
35 84 57727
35 85 48995
35 86 51083
35 87 48631
35 88 34845
35 89 41601
35 90 30074
35 91 61955
35 92 58635
35 93 51873
35 94 45637
35 95 50779
35 96 52731
35 97 52388
35 98 57035
35 99 54506
35 100 58249
35 101 33790
36 1 34679
36 2 49665
36 3 47561
36 4 52427
36 5 18362
36 6 36181
36 7 17593
36 8 12291
36 9 40930
36 10 18632
36 11 7695
36 12 47499
36 13 37741
36 14 37802
36 15 51361
36 16 31964
36 17 21937
36 18 19479
36 19 -3408
36 20 35763
36 21 53717
36 22 56847
36 23 54567
36 24 55861
36 25 57125
36 26 45534
36 27 34940
36 28 41907
36 29 53242
36 30 25843
36 31 17758
36 32 15486
36 33 44636
36 34 50316
36 35 49538
36 37 40246
36 38 31530
36 39 56920
36 40 48181
36 41 55497
36 42 44296
36 43 48072
36 44 35297
36 45 12698
36 46 4110
36 47 -9681
36 48 -1725
36 49 -14799
36 50 39377
36 51 39368
36 52 25030
36 53 43805
36 54 52500
36 55 70986
36 56 63918
36 57 48208
36 58 41331
36 59 30795
36 60 28209
36 61 29692
36 62 10359
36 63 14823
36 64 -876
36 65 35715
36 66 24378
36 67 58964
36 68 42818
36 69 33685
36 70 30403
36 71 42812
36 72 52126
36 73 55435
36 74 60334
36 75 58076
36 76 44237
36 77 47507
36 78 53624
36 79 45228
36 80 53741
36 81 37862
36 82 5979
36 83 15729
36 84 25962
36 85 25790
36 86 17699
36 87 39427
36 88 20926
36 89 28622
36 90 27845
36 91 38484
36 92 42163
36 93 30391
36 94 33403
36 95 37597
36 96 35417
36 97 39527
36 98 37354
36 99 34925
36 100 38124
36 101 34153
37 1 29962
37 2 10759
37 3 35491
37 4 21027
37 5 -3154
37 6 9559
37 7 27002
37 8 18583
37 9 41081
37 10 31863
37 11 34013
37 12 26920
37 13 4099
37 14 -2680
37 15 7672
37 16 1172
37 17 9815
37 18 12572
37 19 23903
37 20 43951
37 21 19989
37 22 17826
37 23 16265
37 24 35516
37 25 27499
37 26 20029
37 27 21352
37 28 23649
37 29 37875
37 30 32564
37 31 21513
37 32 32526
37 33 38979
37 34 44127
37 35 50574
37 36 30642
37 38 -2339
37 39 22426
37 40 17135
37 41 14651
37 42 438
37 43 4590
37 44 -758
37 45 13141
37 46 25397
37 47 21055
37 48 17431
37 49 26257
37 50 30721
37 51 40127
37 52 18840
37 53 18600
37 54 27444
37 55 42747
37 56 27838
37 57 6026
37 58 10336
37 59 -5788
37 60 12510
37 61 1273
37 62 26478
37 63 37749
37 64 34942
37 65 44156
37 66 36028
37 67 23153
37 68 25584
37 69 28255
37 70 34987
37 71 47838
37 72 16485
37 73 19514
37 74 22878
37 75 20543
37 76 30309
37 77 33972
37 78 46094
37 79 35334
37 80 34859
37 81 33318
37 82 15053
37 83 7815
37 84 9811
37 85 -10235
37 86 -8224
37 87 -1723
37 88 28186
37 89 10122
37 90 46282
37 91 571
37 92 2049
37 93 -4532
37 94 1819
37 95 1280
37 96 4109
37 97 -651
37 98 -3776
37 99 2454
37 100 -3992
37 101 13966
38 1 51008
38 2 27773
38 3 56510
38 4 38229
38 5 12592
38 6 30395
38 7 44436
38 8 31831
38 9 62260
38 10 51047
38 11 50860
38 12 47462
38 13 24935
38 14 -2680
38 15 14644
38 16 6983
38 17 16787
38 18 30651
38 19 39494
38 20 64584
38 21 37709
38 22 31211
38 23 28186
38 24 55164
38 25 44346
38 26 40273
38 27 42450
38 28 44796
38 29 58324
38 30 53035
38 31 41387
38 32 51963
38 33 60191
38 34 65220
38 35 71784
38 36 41861
38 37 17596
38 39 37078
38 40 36830
38 41 26151
38 42 11742
38 43 5438
38 44 -758
38 45 23352
38 46 35215
38 47 34196
38 48 32350
38 49 39265
38 50 51934
38 51 61209
38 52 38707
38 53 39583
38 54 46636
38 55 60371
38 56 42390
38 57 19497
38 58 30691
38 59 14928
38 60 29577
38 61 12577
38 62 44571
38 63 55928
38 64 50414
38 65 65184
38 66 56607
38 67 35817
38 68 46172
38 69 49151
38 70 55383
38 71 68921
38 72 32607
38 73 36131
38 74 37725
38 75 34586
38 76 51397
38 77 54969
38 78 67194
38 79 56410
38 80 55255
38 81 54530
38 82 30768
38 83 23029
38 84 22281
38 85 5541
38 86 -11311
38 87 16451
38 88 47106
38 89 30587
38 90 65243
38 91 12677
38 92 23263
38 93 14018
38 94 23013
38 95 22463
38 96 24632
38 97 19862
38 98 16070
38 99 22261
38 100 11565
38 101 35179
39 1 35750
39 2 20957
39 3 25856
39 4 -4539
39 5 34132
39 6 37736
39 7 52174
39 8 52333
39 9 36190
39 10 47236
39 11 55413
39 12 18459
39 13 25615
39 14 31184
39 15 20450
39 16 41808
39 17 49658
39 18 41398
39 19 49387
39 20 47555
39 21 11989
39 22 6033
39 23 -13212
39 24 11619
39 25 -8067
39 26 16534
39 27 33889
39 28 28031
39 29 18947
39 30 39843
39 31 37081
39 32 43522
39 33 33620
39 34 30408
39 35 41418
39 36 62065
39 37 37175
39 38 31892
39 40 20373
39 41 7779
39 42 27494
39 43 25406
39 44 37466
39 45 50270
39 46 60374
39 47 51226
39 48 46391
39 49 54052
39 50 29873
39 51 39622
39 52 40075
39 53 28185
39 54 6628
39 55 11044
39 56 882
39 57 19604
39 58 21033
39 59 30893
39 60 46493
39 61 41806
39 62 46680
39 63 54115
39 64 56780
39 65 38384
39 66 37597
39 67 -16284
39 68 12173
39 69 38230
39 70 44824
39 71 43313
39 72 2791
39 73 12090
39 74 9988
39 75 1224
39 76 25861
39 77 25528
39 78 34096
39 79 25059
39 80 20365
39 81 26820
39 82 44603
39 83 42142
39 84 48153
39 85 30415
39 86 31972
39 87 22589
39 88 48126
39 89 35016
39 90 60189
39 91 41013
39 92 38515
39 93 34677
39 94 29761
39 95 31877
39 96 37682
39 97 30389
39 98 36786
39 99 38833
39 100 35606
39 101 26724
40 1 18178
40 2 4896
40 3 17479
40 4 1838
40 5 11161
40 6 14190
40 7 29018
40 8 28489
40 9 26009
40 10 27033
40 11 33734
40 12 7521
40 13 2919
40 14 15295
40 15 12005
40 16 21586
40 17 27142
40 18 17572
40 19 26604
40 20 32784
40 21 2060
40 22 6711
40 23 3186
40 24 15008
40 25 7994
40 26 174
40 27 12163
40 28 8672
40 29 18093
40 30 22843
40 31 16135
40 32 25564
40 33 22979
40 34 26169
40 35 34474
40 36 38441
40 37 16999
40 38 16759
40 39 5488
40 41 7208
40 42 12110
40 43 15130
40 44 19441
40 45 26738
40 46 36528
40 47 27661
40 48 22858
40 49 31075
40 50 15624
40 51 26530
40 52 17002
40 53 5060
40 54 6829
40 55 22729
40 56 12267
40 57 6868
40 58 -2629
40 59 9115
40 60 22890
40 61 20347
40 62 24942
40 63 34132
40 64 35420
40 65 29815
40 66 24449
40 67 7418
40 68 6138
40 69 18553
40 70 26320
40 71 33472
40 72 592
40 73 4271
40 74 9368
40 75 6822
40 76 13143
40 77 15952
40 78 28289
40 79 17535
40 80 15047
40 81 17173
40 82 20896
40 83 18423
40 84 25212
40 85 9480
40 86 12325
40 87 3923
40 88 26042
40 89 11172
40 90 40965
40 91 21182
40 92 17469
40 93 13019
40 94 6741
40 95 9910
40 96 14940
40 97 9774
40 98 16188
40 99 16479
40 100 16267
40 101 3933
41 1 36169
41 2 7669
41 3 32641
41 4 4412
41 5 21134
41 6 26980
41 7 45303
41 8 41669
41 9 42501
41 10 44974
41 11 51045
41 12 22499
41 13 14552
41 14 13306
41 15 1810
41 16 25712
41 17 35353
41 18 32233
41 19 43073
41 20 50551
41 21 8331
41 22 -4857
41 23 -8661
41 24 24317
41 25 8919
41 26 16298
41 27 30086
41 28 26647
41 29 30022
41 30 40881
41 31 34000
41 32 43675
41 33 39337
41 34 40344
41 35 50018
41 36 53179
41 37 21937
41 38 13502
41 39 316
41 40 14630
41 42 10176
41 43 6743
41 44 20205
41 45 37845
41 46 49390
41 47 42749
41 48 38209
41 49 47088
41 50 32848
41 51 43803
41 52 33798
41 53 22867
41 54 15992
41 55 26043
41 56 5965
41 57 2784
41 58 13173
41 59 17108
41 60 34989
41 61 26811
41 62 42351
41 63 52041
41 64 52750
41 65 46154
41 66 41983
41 67 -1103
41 68 19806
41 69 36660
41 70 44429
41 71 50050
41 72 -514
41 73 5525
41 74 3163
41 75 -1759
41 76 29601
41 77 31391
41 78 42931
41 79 32592
41 80 28153
41 81 33288
41 82 35854
41 83 30824
41 84 34803
41 85 15310
41 86 15211
41 87 7835
41 88 43388
41 89 26216
41 90 59012
41 91 25019
41 92 24221
41 93 20407
41 94 18211
41 95 18919
41 96 25113
41 97 16273
41 98 21736
41 99 25523
41 100 19581
41 101 21615
42 1 34876
42 2 7545
42 3 37756
42 4 18043
42 5 5791
42 6 16407
42 7 35212
42 8 27518
42 9 45070
42 10 39006
42 11 42164
42 12 28092
42 13 7237
42 14 -4640
42 15 -1136
42 16 7297
42 17 17960
42 18 20856
42 19 32428
42 20 49482
42 21 17461
42 22 11995
42 23 9966
42 24 35093
42 25 24272
42 26 20762
42 27 26435
42 28 26862
42 29 38682
42 30 38439
42 31 28283
42 32 39333
42 33 42418
42 34 46532
42 35 54136
42 36 39581
42 37 5327
42 38 -3304
42 39 17634
42 40 17135
42 41 7779
42 43 -3618
42 44 1578
42 45 21960
42 46 34300
42 47 29927
42 48 26159
42 49 35079
42 50 34418
42 51 44680
42 52 25943
42 53 21374
42 54 26486
42 55 40164
42 56 22882
42 57 -396
42 58 11687
42 59 2458
42 60 21279
42 61 9300
42 62 34268
42 63 45331
42 64 43343
42 65 48646
42 66 41537
42 67 17383
42 68 26747
42 69 33685
42 70 41055
42 71 52233
42 72 12535
42 73 15943
42 74 17975
42 75 15199
42 76 32959
42 77 36198
42 78 48573
42 79 37770
42 80 35655
42 81 36725
42 82 23733
42 83 16713
42 84 18620
42 85 -1901
42 86 -3468
42 87 -2758
42 88 35678
42 89 17054
42 90 53456
42 91 6874
42 92 9419
42 93 4412
42 94 7732
42 95 6919
42 96 11962
42 97 3305
42 98 5106
42 99 11014
42 100 1665
42 101 18248
43 1 43553
43 2 13901
43 3 45281
43 4 22262
43 5 13826
43 6 25453
43 7 44098
43 8 35562
43 9 53298
43 10 48060
43 11 51086
43 12 35248
43 13 16006
43 14 -3230
43 15 -3076
43 16 12573
43 17 24237
43 18 29693
43 19 41151
43 20 58261
43 21 22792
43 22 13987
43 23 10248
43 24 40884
43 25 27809
43 26 27931
43 27 35249
43 28 35101
43 29 45268
43 30 47324
43 31 37324
43 32 48363
43 33 50466
43 34 53961
43 35 62116
43 36 47524
43 37 13646
43 38 -5441
43 39 19713
43 40 24322
43 41 8513
43 42 549
43 44 4704
43 45 29247
43 46 41769
43 47 38190
43 48 34684
43 49 43443
43 50 42657
43 51 53161
43 52 34998
43 53 29657
43 54 32167
43 55 44363
43 56 25203
43 57 4332
43 58 19668
43 59 11184
43 60 29767
43 61 16036
43 62 43277
43 63 54373
43 64 52154
43 65 57001
43 66 50286
43 67 17862
43 68 33714
43 69 42523
43 70 49993
43 71 60588
43 72 16485
43 73 20566
43 74 21032
43 75 17382
43 76 40780
43 77 43748
43 78 56092
43 79 45334
43 80 42428
43 81 44731
43 82 32315
43 83 24958
43 84 26061
43 85 5541
43 86 -142
43 87 5842
43 88 44720
43 89 26107
43 90 62510
43 91 13361
43 92 18247
43 93 12583
43 94 16786
43 95 15972
43 96 20850
43 97 12361
43 98 13249
43 99 19649
43 100 8991
43 101 26929
44 1 40255
44 2 19649
44 3 46303
44 4 30434
44 5 2158
44 6 19639
44 7 34110
44 8 22520
44 9 51585
44 10 40401
44 11 40801
44 12 37673
44 13 14873
44 14 -8203
44 15 10668
44 16 -2745
44 17 8875
44 18 20086
44 19 29766
44 20 53767
44 21 29514
44 22 25134
44 23 23097
44 24 46022
44 25 36831
44 26 30680
44 27 31736
44 28 34432
44 29 48624
44 30 42221
44 31 30617
44 32 41289
44 33 49651
44 34 54919
44 35 61168
44 36 33651
44 37 7200
44 38 -12735
44 39 30675
44 40 27535
44 41 20877
44 42 4647
44 43 3606
44 45 14852
44 46 27281
44 47 25215
44 48 22727
44 49 30488
44 50 41373
44 51 50463
44 52 27919
44 53 29416
44 54 37749
44 55 52415
44 56 35930
44 57 12699
44 58 20979
44 59 4231
44 60 19073
44 61 2379
44 62 34148
44 63 45532
44 64 40850
44 65 54409
44 66 45791
44 67 30536
44 68 36356
44 69 38361
44 70 44571
44 71 58170
44 72 25246
44 73 28463
44 74 30966
44 75 28297
44 76 41110
44 77 44787
44 78 56885
44 79 46135
44 80 45584
44 81 43987
44 82 20836
44 83 12982
44 84 12598
44 85 -5273
44 86 -16287
44 87 7495
44 88 36481
44 89 19774
44 90 54660
44 91 1875
44 92 12822
44 93 3203
44 94 12448
44 95 12082
44 96 13858
44 97 9902
44 98 5440
44 99 11454
44 100 1242
44 101 24643
45 1 30845
45 2 31267
45 3 41976
45 4 38229
45 5 -2292
45 6 18995
45 7 15441
45 8 -94
45 9 41642
45 10 23190
45 11 19427
45 12 37481
45 13 20214
45 14 15551
45 15 30448
45 16 9611
45 17 -151
45 18 6714
45 19 7362
45 20 39907
45 21 37942
45 22 38910
45 23 37262
45 24 47158
45 25 44184
45 26 32915
45 27 25421
45 28 31644
45 29 46820
45 30 28340
45 31 16328
45 32 23731
45 33 42053
45 34 48518
45 35 51404
45 36 9140
45 37 19187
45 38 9463
45 39 41567
45 40 32920
45 41 36605
45 42 23117
45 43 26237
45 44 12940
45 46 2880
45 47 1219
45 48 326
45 49 6257
45 50 34513
45 51 39749
45 52 16385
45 53 30132
45 54 41153
45 55 58583
45 56 47594
45 57 28374
45 58 25559
45 59 10607
45 60 9897
45 61 7561
45 62 15175
45 63 25695
45 64 17748
45 65 41595
45 66 31057
45 67 43171
45 68 34888
45 69 28629
45 70 31022
45 71 46402
45 72 35720
45 73 38744
45 74 43122
45 75 40953
45 76 37094
45 77 41013
45 78 50838
45 79 40905
45 80 45057
45 81 36069
45 82 322
45 83 -2151
45 84 4200
45 85 4161
45 86 -4249
45 87 19763
45 88 20041
45 89 14191
45 90 36300
45 91 16496
45 92 21848
45 93 9435
45 94 15424
45 95 18478
45 96 16245
45 97 19745
45 98 16211
45 99 14893
45 100 16504
45 101 21908
46 1 33170
46 2 40739
46 3 45564
46 4 45969
46 5 7870
46 6 27585
46 7 15113
46 8 2937
46 9 42272
46 10 21095
46 11 13772
46 12 43108
46 13 29154
46 14 26302
46 15 40957
46 16 20292
46 17 10035
46 18 12270
46 19 1284
46 20 38712
46 21 46302
46 22 48285
46 23 46436
46 24 52409
46 25 51441
46 26 39718
46 27 30308
46 28 37152
46 29 50972
46 30 27693
46 31 16950
46 32 20396
46 33 44169
46 34 50506
46 35 51658
46 36 -1221
46 37 29670
46 38 19553
46 39 49898
46 40 40937
46 41 46377
46 42 33684
46 43 36986
46 44 23596
46 45 1107
46 47 -6892
46 48 -3621
46 49 -3347
46 50 37548
46 51 40377
46 52 20293
46 53 37262
46 54 47554
46 55 65566
46 56 56308
46 57 38465
46 58 33745
46 59 20699
46 60 18710
46 61 18329
46 62 12434
46 63 20902
46 64 9503
46 65 39994
46 66 28848
46 67 51753
46 68 39623
46 69 31363
46 70 31078
46 71 45756
46 72 44408
46 73 47529
46 74 52175
46 75 49995
46 76 41289
46 77 44993
46 78 53219
46 79 43934
46 80 50156
46 81 37862
46 82 632
46 83 6066
46 84 14833
46 85 14823
46 86 5718
46 87 29730
46 88 19959
46 89 21262
46 90 32682
46 91 27252
46 92 32023
46 93 19840
46 94 24489
46 95 28119
46 96 25829
46 97 29718
46 98 26716
46 99 24879
46 100 27180
46 101 28221
47 1 27891
47 2 42896
47 3 40749
47 4 45230
47 5 12592
47 6 29443
47 7 10418
47 8 6656
47 9 35100
47 10 12993
47 11 4013
47 12 40336
47 13 30932
47 14 32670
47 15 45187
47 16 27228
47 17 17960
47 18 12572
47 19 -8346
47 20 30552
47 21 46613
47 22 49934
47 23 47540
47 24 48827
47 25 49916
47 26 38325
47 27 27737
47 28 34709
47 29 46405
47 30 20092
47 31 11020
47 32 11248
47 33 38189
47 34 44127
47 35 44064
47 36 -6010
47 37 34330
47 38 27536
47 39 49752
47 40 41072
47 41 48738
47 42 38313
47 43 42409
47 44 30532
47 45 8448
47 46 2110
47 48 -8923
47 49 -11577
47 50 32562
47 51 33374
47 52 17820
47 53 36640
47 54 45311
47 55 63782
47 56 56818
47 57 41724
47 58 34285
47 59 24629
47 60 21962
47 61 24578
47 62 4393
47 63 11274
47 64 -141
47 65 31293
47 66 19998
47 67 51804
47 68 35800
47 69 26713
47 70 24175
47 71 37681
47 72 45056
47 73 48402
47 74 53337
47 75 51056
47 76 37232
47 77 40588
47 78 47235
47 79 38583
47 80 46671
47 81 31566
47 82 -1004
47 83 9712
47 84 20777
47 85 20221
47 86 13861
47 87 32973
47 88 14067
47 89 21626
47 90 23507
47 91 33128
47 92 35991
47 93 24522
47 94 26731
47 95 31112
47 96 29031
47 97 33160
47 98 31498
47 99 28765
47 100 32474
47 101 26958
48 1 22317
48 2 36802
48 3 35058
48 4 38829
48 5 7757
48 6 23439
48 7 4282
48 8 2990
48 9 30685
48 10 9420
48 11 3778
48 12 34098
48 13 24825
48 14 28188
48 15 39624
48 16 23312
48 17 15196
48 18 6464
48 19 -8162
48 20 27013
48 21 40244
48 22 43702
48 23 41218
48 24 42790
48 25 43556
48 26 31936
48 27 21412
48 28 28395
48 29 40653
48 30 16003
48 31 5675
48 32 9084
48 33 33012
48 34 39204
48 35 39995
48 36 380
48 37 29140
48 38 24124
48 39 43351
48 40 34703
48 41 42632
48 42 32979
48 43 37337
48 44 26478
48 45 5989
48 46 3815
48 47 -10489
48 49 -6279
48 50 26903
48 51 28822
48 52 11441
48 53 30242
48 54 39014
48 55 57443
48 56 50451
48 57 35887
48 58 27961
48 59 19209
48 60 16631
48 61 20347
48 62 798
48 63 10275
48 64 2803
48 65 28362
48 66 17290
48 67 45406
48 68 29800
48 69 20864
48 70 19506
48 71 34052
48 72 38708
48 73 42082
48 74 47040
48 75 44741
48 76 31271
48 77 34748
48 78 42084
48 79 33115
48 80 40588
48 81 26571
48 82 -7021
48 83 4820
48 84 16693
48 85 15443
48 86 10822
48 87 27193
48 88 8628
48 89 15368
48 90 21443
48 91 28533
48 92 30542
48 93 19439
48 94 20777
48 95 25340
48 96 23400
48 97 27492
48 98 26385
48 99 23380
48 100 27546
48 101 20556
49 1 33982
49 2 54131
49 3 46608
49 4 54620
49 5 24717
49 6 40864
49 7 19806
49 8 18821
49 9 37579
49 10 15930
49 11 3331
49 12 48379
49 13 42163
49 14 44834
49 15 57061
49 16 39338
49 17 29800
49 18 23877
49 19 -4366
49 20 31588
49 21 56836
49 22 60793
49 23 57998
49 24 55684
49 25 58558
49 26 47555
49 27 36663
49 28 43385
49 29 52243
49 30 22771
49 31 17357
49 32 10298
49 33 42661
49 34 47533
49 35 45412
49 36 -4277
49 37 46383
49 38 39456
49 39 59429
49 40 51337
49 41 59928
49 42 50316
49 43 54513
49 44 42656
49 45 20337
49 46 12506
49 47 -4726
49 48 2138
49 50 38602
49 51 36472
49 52 27448
49 53 46622
49 54 53568
49 55 72264
49 56 66992
49 57 53345
49 58 44862
49 59 36576
49 60 33927
49 61 36736
49 62 8859
49 63 9276
49 64 -9549
49 65 30072
49 66 18903
49 67 61510
49 68 42679
49 69 33792
49 70 28417
49 71 38233
49 72 55409
49 73 58927
49 74 63959
49 75 61579
49 76 44157
49 77 46983
49 78 51364
49 79 43715
49 80 53877
49 81 35484
49 82 10441
49 83 21803
49 84 32934
49 85 32367
49 86 25691
49 87 44657
49 88 21240
49 89 32555
49 90 23032
49 91 45292
49 92 47924
49 93 36603
49 94 38217
49 95 42804
49 96 40840
49 97 44945
49 98 43575
49 99 40726
49 100 44600
49 101 36685
50 1 482
50 2 27773
50 3 725
50 4 14187
50 5 21901
50 6 26182
50 7 24168
50 8 30719
50 9 3194
50 10 12033
50 11 21463
50 12 5748
50 13 20722
50 14 35058
50 15 34954
50 16 36976
50 17 37097
50 18 20465
50 19 18132
50 20 10584
50 21 22063
50 22 27954
50 23 20941
50 24 9715
50 25 14949
50 26 10220
50 27 10244
50 28 8292
50 29 6402
50 30 2608
50 31 4438
50 32 6341
50 33 822
50 34 6816
50 35 12416
50 36 33619
50 37 34567
50 38 35845
50 39 18970
50 40 19606
50 41 29408
50 42 33375
50 43 37447
50 44 37261
50 45 32313
50 46 37121
50 47 23133
50 48 19040
50 49 22322
50 51 3505
50 52 15194
50 53 17220
50 54 9956
50 55 28486
50 56 29393
50 57 29683
50 58 16955
50 59 24802
50 60 30888
50 61 34210
50 62 13763
50 63 17984
50 64 21586
50 65 6894
50 66 1690
50 67 20336
50 68 -3080
50 69 6349
50 70 8629
50 71 10492
50 72 20190
50 73 25477
50 74 29967
50 75 26235
50 76 -707
50 77 959
50 78 8950
50 79 -1016
50 80 8501
50 81 -4847
50 82 19594
50 83 24269
50 84 34993
50 85 25118
50 86 27516
50 87 24701
50 88 17215
50 89 18154
50 90 23624
50 91 37993
50 92 34576
50 93 28010
50 94 21599
50 95 26705
50 96 28845
50 97 28309
50 98 33020
50 99 30659
50 100 34192
50 101 9724
51 1 6199
51 2 38786
51 3 6797
51 4 24498
51 5 29711
51 6 35257
51 7 27085
51 8 35288
51 9 -5745
51 10 9737
51 11 18846
51 12 16401
51 13 30998
51 14 44962
51 15 45947
51 16 45624
51 17 43941
51 18 26704
51 19 17651
51 20 535
51 21 33199
51 22 39066
51 23 31525
51 24 16100
51 25 23730
51 26 21387
51 27 19156
51 28 19102
51 29 10614
51 30 -2937
51 31 6649
51 32 -915
51 33 223
51 34 3397
51 35 3985
51 36 33822
51 37 44185
51 38 45332
51 39 28931
51 40 30724
51 41 40575
51 42 43849
51 43 48163
51 44 46563
51 45 37761
51 46 40162
51 47 24157
51 48 21171
51 49 20404
51 50 3717
51 52 21425
51 53 27899
51 54 19448
51 55 37338
51 56 40056
51 57 40645
51 58 27788
51 59 34134
51 60 38192
51 61 42578
51 62 13268
51 63 12849
51 64 16672
51 65 -3625
51 66 -9387
51 67 29790
51 68 5126
51 69 12628
51 70 7341
51 71 39
51 72 31238
51 73 36631
51 74 41052
51 75 37179
51 76 9908
51 77 9272
51 78 7500
51 79 1740
51 80 17183
51 81 -8266
51 82 23329
51 83 30604
51 84 42213
51 85 34129
51 86 35859
51 87 35208
51 88 19398
51 89 26494
51 90 18137
51 91 47212
51 92 44221
51 93 37007
51 94 31200
51 95 36494
51 96 37939
51 97 38352
51 98 42444
51 99 39640
51 100 43786
51 101 19679
52 1 9389
52 2 22665
52 3 20550
52 4 22262
52 5 3358
52 6 11532
52 7 6901
52 8 10503
52 9 20687
52 10 7895
52 11 12100
52 12 17731
52 13 11167
52 14 21254
52 15 27762
52 16 19773
52 17 17341
52 18 188
52 19 4401
52 20 20898
52 21 24195
52 22 28490
52 23 25388
52 24 26915
52 25 26917
52 26 15307
52 27 4896
52 28 11862
52 29 25696
52 30 9244
52 31 -2476
52 32 8484
52 33 20526
52 34 26968
52 35 30523
52 36 17011
52 37 20425
52 38 20357
52 39 26911
52 40 18723
52 41 28097
52 42 22639
52 43 27527
52 44 21546
52 45 11924
52 46 17605
52 47 6130
52 48 1317
52 49 8907
52 50 12933
52 51 18952
52 53 13972
52 54 22471
52 55 40825
52 56 34342
52 57 23005
52 58 12483
52 59 10014
52 60 11646
52 61 16536
52 62 3565
52 63 14252
52 64 13779
52 65 22148
52 66 12815
52 67 28989
52 68 14153
52 69 7119
52 70 11576
52 71 26284
52 72 22791
52 73 26391
52 74 31463
52 75 29012
52 76 15931
52 77 19748
52 78 29255
52 79 19348
52 80 24661
52 81 14606
52 82 243
52 83 4105
52 84 15598
52 85 9000
52 86 9622
52 87 15051
52 88 4683
52 89 2029
52 90 22343
52 91 22305
52 92 20808
52 93 12020
52 94 8630
52 95 13982
52 96 13592
52 97 16341
52 98 18219
52 99 14839
52 100 19751
52 101 4067
53 1 12596
53 2 9604
53 3 15283
53 4 7122
53 5 7689
53 6 10421
53 7 22497
53 8 23050
53 9 22062
53 10 20465
53 11 27026
53 12 6980
53 13 2139
53 14 16554
53 15 16570
53 16 20327
53 17 23803
53 18 11807
53 19 19993
53 20 27401
53 21 8590
53 22 13372
53 23 9809
53 24 16366
53 25 12582
53 26 1165
53 27 5572
53 28 3841
53 29 17837
53 30 16998
53 31 9515
53 32 19334
53 33 19413
53 34 23996
53 35 31135
53 36 32232
53 37 16631
53 38 17679
53 39 11467
53 40 3227
53 41 13612
53 42 14516
53 43 18632
53 44 19489
53 45 22117
53 46 31020
53 47 21396
53 48 16564
53 49 24527
53 50 11405
53 51 21872
53 52 10418
53 54 9465
53 55 26845
53 56 18721
53 57 11251
53 58 -1653
53 59 7553
53 60 18416
53 61 18291
53 62 18235
53 63 27546
53 64 28713
53 65 25708
53 66 19294
53 67 13516
53 68 5494
53 69 12349
53 70 20175
53 71 29292
53 72 7218
53 73 10979
53 74 16077
53 75 13503
53 76 10187
53 77 13748
53 78 25974
53 79 15183
53 80 14972
53 81 13729
53 82 14797
53 83 13557
53 84 21598
53 85 8140
53 86 11119
53 87 5842
53 88 19335
53 89 5672
53 90 34509
53 91 20532
53 92 16714
53 93 11244
53 94 4304
53 95 8769
53 96 12353
53 97 9870
53 98 15401
53 99 14174
53 100 16202
53 101 -2775
54 1 19769
54 2 20522
54 3 8604
54 4 -4753
54 5 27678
54 6 30395
54 7 39546
54 8 42544
54 9 18994
54 10 31742
54 11 40637
54 12 2599
54 13 20214
54 14 32238
54 15 25769
54 16 39026
54 17 43797
54 18 31173
54 19 35794
54 20 30420
54 21 9989
54 22 13372
54 23 2269
54 24 -1918
54 25 -5459
54 26 5145
54 27 20949
54 28 14519
54 29 3447
54 30 23198
54 31 22388
54 32 26932
54 33 16357
54 34 14321
54 35 24830
54 36 49914
54 37 34462
54 38 33719
54 39 -1103
54 40 13983
54 41 15724
54 42 28615
54 43 30129
54 44 36809
54 45 42125
54 46 50299
54 47 39054
54 48 34323
54 49 40460
54 50 13128
54 51 22408
54 52 27904
54 53 18452
54 55 8127
54 56 11346
54 57 21836
54 58 14461
54 59 26435
54 60 38503
54 61 37606
54 62 32200
54 63 38252
54 64 41504
54 65 21613
54 66 20334
54 67 -183
54 68 -5072
54 69 23256
54 70 28776
54 71 26233
54 72 5591
54 73 13019
54 74 15368
54 75 9877
54 76 9172
54 77 8308
54 78 17429
54 79 7934
54 80 3109
54 81 9603
54 82 33289
54 83 33525
54 84 41641
54 85 26886
54 86 29780
54 87 21047
54 88 34229
54 89 25542
54 90 44055
54 91 38646
54 92 34914
54 93 30315
54 94 23663
54 95 27265
54 96 31886
54 97 27235
54 98 33643
54 99 33575
54 100 33702
54 101 15557
55 1 28216
55 2 24098
55 3 15888
55 4 -5429
55 5 34174
55 6 37018
55 7 47776
55 8 50151
55 9 25785
55 10 40210
55 11 49121
55 12 11071
55 13 25980
55 14 35869
55 15 27234
55 16 44257
55 17 50208
55 18 38811
55 19 44197
55 20 38168
55 21 13237
55 22 13104
55 23 -2116
55 24 248
55 25 -13895
55 26 12416
55 27 29109
55 28 22707
55 29 7708
55 30 31409
55 31 30861
55 32 35133
55 33 23688
55 34 19180
55 35 30333
55 36 58123
55 37 39488
55 38 37177
55 39 -6964
55 40 19606
55 41 15498
55 42 32016
55 43 32048
55 44 41198
55 45 49278
55 46 58034
55 47 47248
55 48 42475
55 49 48879
55 50 21381
55 51 30021
55 52 35981
55 53 25555
55 54 -2150
55 56 8748
55 57 24498
55 58 20414
55 59 32101
55 60 45489
55 61 43339
55 62 40670
55 63 46664
55 64 49973
55 65 27362
55 66 27536
55 67 -7744
55 68 2342
55 69 31733
55 70 37187
55 71 32631
55 72 6654
55 73 15252
55 74 15675
55 75 8618
55 76 17509
55 77 16109
55 78 23153
55 79 14644
55 80 10699
55 81 16539
55 82 41260
55 83 40748
55 84 48210
55 85 32304
55 86 34862
55 87 25386
55 88 42639
55 89 32864
55 90 52418
55 91 43638
55 92 40233
55 93 36007
55 94 29815
55 95 32890
55 96 38024
55 97 32303
55 98 38855
55 99 39559
55 100 38457
55 101 23216
56 1 33054
56 2 14144
56 3 25540
56 4 -5727
56 5 27714
56 6 31666
56 7 47331
56 8 46512
56 9 35972
56 10 43858
56 11 51447
56 12 16574
56 13 19339
56 14 24193
56 15 13686
56 16 34910
56 17 43051
56 18 35850
56 19 44813
56 20 46073
56 21 6303
56 22 -854
56 23 -14534
56 24 14024
56 25 -3079
56 26 12801
56 27 29639
56 28 24361
56 29 20635
56 30 37572
56 31 33326
56 32 41056
56 33 33012
56 34 31761
56 35 42268
56 36 56815
56 37 30339
56 38 24956
56 39 -11366
56 40 14904
56 41 1180
56 42 20494
56 43 18648
56 44 30473
56 45 44049
56 46 54536
56 47 46044
56 48 41243
56 49 49367
56 50 28048
56 51 38499
56 52 35258
56 53 23191
56 54 6829
56 55 14508
56 57 12604
56 58 15271
56 59 24265
56 60 40382
56 61 35049
56 62 42646
56 63 50902
56 64 53016
56 65 38973
56 66 36744
56 67 -10531
56 68 12044
56 69 34833
56 70 41994
56 71 43376
56 72 -3599
56 73 5623
56 74 3023
56 75 -5698
56 76 24173
56 77 24748
56 78 34876
56 79 25156
56 80 20226
56 81 26571
56 82 39256
56 83 36112
56 84 41696
56 85 23621
56 86 25017
56 87 15741
56 88 43888
56 89 29435
56 90 57249
56 91 34111
56 92 31794
56 93 27996
56 94 23486
56 95 25340
56 96 31267
56 97 23661
56 98 29981
56 99 32301
56 100 28691
56 101 21959
57 1 32236
57 2 1293
57 3 32703
57 4 10379
57 5 10425
57 6 17692
57 7 36852
57 8 31516
57 9 41156
57 10 38674
57 11 43355
57 12 22585
57 13 6072
57 14 3257
57 15 -3076
57 16 14581
57 17 24237
57 18 23035
57 19 34514
57 20 47044
57 21 10253
57 22 4053
57 23 2228
57 24 28306
57 25 16455
57 26 15307
57 27 24512
57 28 23201
57 29 32545
57 30 36505
57 31 27687
57 32 38360
57 33 38189
57 34 41321
57 35 49733
57 36 43383
57 37 10805
57 38 4341
57 39 9634
57 40 11783
57 41 277
57 42 -506
57 43 55
57 44 9520
57 45 27107
57 46 38971
57 47 33228
57 48 28957
57 49 37998
57 50 30616
57 51 41366
57 52 26199
57 53 17999
57 54 19597
57 55 32536
57 56 14882
57 58 7808
57 59 6368
57 60 24819
57 61 15653
57 62 34958
57 63 45471
57 64 44909
57 65 44942
57 66 38938
57 67 9510
57 68 21003
57 69 31704
57 70 39458
57 71 48560
57 72 4714
57 73 8327
57 74 9988
57 75 7208
57 76 28390
57 77 31191
57 78 43490
57 79 32763
57 80 29702
57 81 32408
57 82 26504
57 83 20593
57 84 23918
57 85 4161
57 86 4287
57 87 -2758
57 88 36075
57 89 17737
57 90 53021
57 91 13857
57 92 13363
57 93 9435
57 94 8754
57 95 8769
57 96 14857
57 97 5652
57 98 10621
57 99 14893
57 100 8412
57 101 15948
58 1 17694
58 2 4517
58 3 19349
58 4 5952
58 5 7044
58 6 10084
58 7 25846
58 8 24567
58 9 26879
58 10 25157
58 11 31167
58 12 10022
58 13 -998
58 14 12541
58 15 11484
58 16 17855
58 17 23044
58 18 13832
58 19 23554
58 20 32498
58 21 5806
58 22 9258
58 23 6506
58 24 18446
58 25 12113
58 26 2952
58 27 10388
58 28 8713
58 29 20931
58 30 22077
58 31 14151
58 32 24293
58 33 24076
58 34 28130
58 35 35767
58 36 34862
58 37 13471
58 38 13891
58 39 9419
58 40 642
58 41 9022
58 42 9933
58 43 13747
58 44 16156
58 45 22648
58 46 32607
58 47 24145
58 48 19387
58 49 27871
58 50 16244
58 51 26865
58 52 14033
58 53 3451
58 54 10578
58 55 26808
58 56 15905
58 57 6164
58 59 5222
58 60 18808
58 61 16412
58 62 22444
58 63 32184
58 64 32877
58 65 30598
58 66 24378
58 67 11260
58 68 8732
58 69 17373
58 70 25192
58 71 34190
58 72 4056
58 73 7369
58 74 12353
58 75 10028
58 76 14524
58 77 17790
58 78 30153
58 79 19348
58 80 17872
58 81 18361
58 82 17292
58 83 14384
58 84 21093
58 85 5689
58 86 8636
58 87 1345
58 88 23485
58 89 7421
58 90 39316
58 91 17608
58 92 13781
58 93 9107
58 94 2649
58 95 6057
58 96 10865
58 97 6333
58 98 12530
58 99 12454
58 100 12878
58 101 1808
59 1 26173
59 2 11114
59 3 32441
59 4 20261
59 5 -5849
59 6 5590
59 7 23021
59 8 15457
59 9 37448
59 10 27740
59 11 30025
59 12 24395
59 13 1974
59 14 1372
59 15 10668
59 16 2877
59 17 8875
59 18 8603
59 19 20089
59 20 39981
59 21 19320
59 22 18685
59 23 17135
59 24 33436
59 25 26680
59 26 17842
59 27 17612
59 28 20484
59 29 35297
59 30 28549
59 31 17407
59 32 28408
59 33 35533
59 34 40942
59 35 47027
59 36 27485
59 37 506
59 38 1287
59 39 22438
59 40 15545
59 41 16116
59 42 3863
59 43 8422
59 44 2567
59 45 10855
59 46 22720
59 47 17648
59 48 13794
59 49 22744
59 50 27250
59 51 36370
59 52 14723
59 53 15816
59 54 25711
59 55 41654
59 56 28058
59 57 7883
59 58 8381
59 60 8962
59 61 1329
59 62 22400
59 63 33650
59 64 31062
59 65 40360
59 66 32049
59 67 23586
59 68 22957
59 69 24367
59 70 30952
59 71 44084
59 72 16393
59 73 19369
59 74 23265
59 75 21050
59 76 27195
59 77 30964
59 78 42910
59 79 32201
59 80 32383
59 81 29866
59 82 11364
59 83 4552
59 84 7805
59 85 -9322
59 86 -6321
59 87 -749
59 88 24071
59 89 6050
59 90 42159
59 91 3282
59 92 1457
59 93 -6004
59 94 -1570
59 95 -1123
59 96 -9
59 97 -750
59 98 -1584
59 99 -1310
59 100 -112
59 101 10557
60 1 22459
60 2 20221
60 3 32039
60 4 26524
60 5 -9862
60 6 7323
60 7 13281
60 8 4905
60 9 33973
60 10 19701
60 11 20158
60 12 26394
60 13 8730
60 14 10223
60 15 21424
60 16 6824
60 17 4436
60 18 -720
60 19 9669
60 20 34246
60 21 26294
60 22 27778
60 23 25988
60 24 36092
60 25 32499
60 26 21387
60 27 15326
60 28 20817
60 29 36358
60 30 22556
60 31 10479
60 32 20638
60 33 33261
60 34 39511
60 35 43804
60 36 16796
60 37 10701
60 38 7833
60 39 29935
60 40 21217
60 41 25894
60 42 14581
60 43 18902
60 44 9306
60 45 2042
60 46 12628
60 47 6878
60 48 3113
60 49 11992
60 50 25233
60 51 32325
60 52 8252
60 53 18576
60 54 29676
60 55 46939
60 56 36072
60 57 18231
60 58 13864
60 59 859
60 61 3509
60 62 13268
60 63 24653
60 64 20769
60 65 35594
60 66 26061
60 67 31618
60 68 24197
60 69 20203
60 70 24907
60 71 39731
60 72 24176
60 73 27233
60 74 31757
60 75 29587
60 76 26893
60 77 30856
60 78 41623
60 79 31313
60 80 34162
60 81 27465
60 82 747
60 83 -5970
60 84 2306
60 85 -2665
60 86 -3733
60 87 9447
60 88 15753
60 89 3022
60 90 33859
60 91 10605
60 92 12221
60 93 1046
60 94 4001
60 95 7683
60 96 5431
60 97 9514
60 98 7963
60 99 4998
60 100 9211
60 101 10781
61 1 32445
61 2 19504
61 3 40333
61 4 29213
61 5 -7626
61 6 12697
61 7 24205
61 8 12608
61 9 44010
61 10 30881
61 11 30786
61 12 32939
61 13 10947
61 14 458
61 15 15817
61 16 -4356
61 17 1007
61 18 10461
61 19 19717
61 20 45104
61 21 28231
61 22 26747
61 23 25197
61 24 42211
61 25 35650
61 26 26644
61 27 24370
61 28 28410
61 29 43709
61 30 33450
61 31 21513
61 32 31818
61 33 42661
61 34 48518
61 35 53770
61 36 24142
61 37 5327
61 38 -3304
61 39 31111
61 40 24537
61 41 23579
61 42 8465
61 43 11034
61 44 -1525
61 45 5569
61 46 18110
61 47 15357
61 48 12692
61 49 20664
61 50 34418
61 51 42574
61 52 19005
61 53 24314
61 54 34642
61 55 50652
61 56 36602
61 57 14928
61 58 17331
61 59 -911
61 60 9372
61 62 24324
61 63 35686
61 64 30808
61 65 46216
61 66 37013
61 67 32006
61 68 31365
61 69 30320
61 70 35783
61 71 50169
61 72 25093
61 73 28084
61 74 31687
61 75 29396
61 76 35054
61 77 38936
61 78 50520
61 79 39934
61 80 40927
61 81 36954
61 82 10789
61 83 2940
61 84 2669
61 85 -10235
61 86 -14349
61 87 7119
61 88 26933
61 89 11771
61 90 45023
61 91 1303
61 92 9419
61 93 -3004
61 94 6917
61 95 7877
61 96 7269
61 97 7592
61 98 2426
61 99 4700
61 100 1665
61 101 18248
62 1 13392
62 2 37912
62 3 26094
62 4 35068
62 5 15077
62 6 26397
62 7 5946
62 8 14021
62 9 18994
62 10 -3043
62 11 -2925
62 12 28092
62 13 26460
62 14 34976
62 15 42983
62 16 31669
62 17 25625
62 18 11011
62 19 -7188
62 20 14609
62 21 38406
62 22 43293
62 23 39586
62 24 35093
62 25 38401
62 26 28103
62 27 17447
62 28 23649
62 29 31763
62 30 3968
62 31 -3105
62 32 -3163
62 33 22626
62 34 28228
62 35 27956
62 36 8870
62 37 34593
62 38 32751
62 39 40046
62 40 33193
62 41 43180
62 42 37494
62 43 42336
62 44 34305
62 45 17244
62 46 16276
62 47 -767
62 48 -2796
62 49 -3152
62 50 18032
62 51 17325
62 52 10095
62 53 28319
62 54 33297
62 55 52044
62 56 48260
62 57 38294
62 58 27424
62 59 24221
62 60 23192
62 61 28385
62 63 -346
62 64 -1253
62 65 15838
62 66 4768
62 67 42067
62 68 22094
62 69 13378
62 70 8328
62 71 21715
62 72 37075
62 73 40945
62 74 46042
62 75 43414
62 76 23590
62 77 26398
62 78 31567
62 79 23416
62 80 33322
62 81 15780
62 82 1807
62 83 13046
62 84 25565
62 85 22171
62 86 20372
62 87 30231
62 88 1953
62 89 17054
62 90 9414
62 91 35497
62 92 35277
62 93 25521
62 94 23663
62 95 28892
62 96 27893
62 97 31264
62 98 32146
62 99 28703
62 100 33627
62 101 18248
63 1 18570
63 2 48074
63 3 29357
63 4 42463
63 5 26470
63 6 37430
63 7 17250
63 8 24567
63 9 17341
63 10 119
63 11 -2925
63 12 34428
63 13 37021
63 14 46348
63 15 53714
63 16 43037
63 17 36564
63 18 22405
63 19 -1408
63 20 10912
63 21 47191
63 22 52585
63 23 48043
63 24 39072
63 25 44507
63 26 36056
63 27 26435
63 28 31558
63 29 34486
63 30 3654
63 31 5139
63 32 -10719
63 33 24076
63 34 27615
63 35 24555
63 36 13350
63 37 45880
63 38 44124
63 39 47497
63 40 42399
63 41 52886
63 42 48573
63 43 53448
63 44 45705
63 45 27780
63 46 24760
63 47 6130
63 48 6697
63 49 -2719
63 50 22269
63 51 16922
63 52 20798
63 53 37646
63 54 39365
63 55 58054
63 56 56532
63 57 48823
63 58 37180
63 59 35487
63 60 34593
63 61 39763
63 62 -330
63 64 -7855
63 65 9256
63 66 -2026
63 67 49289
63 68 26603
63 69 20515
63 70 11576
63 71 17250
63 72 45838
63 73 50035
63 74 55087
63 75 52211
63 76 28736
63 77 30518
63 78 32097
63 79 25554
63 80 38233
63 81 16288
63 82 12654
63 83 24327
63 84 36829
63 85 33563
63 86 31597
63 87 41041
63 88 12657
63 89 27982
63 90 2484
63 91 46892
63 92 46486
63 93 36887
63 94 34611
63 95 39921
63 96 39126
63 97 42292
63 98 43472
63 99 40020
63 100 44968
63 101 27681
64 1 32367
64 2 58708
64 3 43704
64 4 55662
64 5 32666
64 6 46431
64 7 24461
64 8 27869
64 9 31393
64 10 13304
64 11 2013
64 12 48051
64 13 47039
64 14 53140
64 15 63190
64 16 48391
64 17 39839
64 18 29908
64 19 592
64 20 24784
64 21 59402
64 22 64310
64 23 60551
64 24 53381
64 25 58321
64 26 48861
64 27 38411
64 28 44337
64 29 48898
64 30 18075
64 31 17357
64 32 2822
64 33 38498
64 34 41744
64 35 37810
64 36 8180
64 37 53602
64 38 49139
64 39 60691
64 40 54216
64 41 64124
64 42 57114
64 43 61758
64 44 51552
64 45 30362
64 46 23890
64 47 5244
64 48 9754
64 49 -11015
64 50 36400
64 51 31274
64 52 30854
64 53 49342
64 54 53146
64 55 71892
64 56 69175
64 57 58790
64 58 48402
64 59 43428
64 60 41238
64 61 45414
64 62 9292
64 63 2674
64 65 20353
64 66 9847
64 67 62631
64 68 40780
64 69 33551
64 70 25589
64 71 30186
64 72 58074
64 73 61968
64 74 67065
64 75 64422
64 76 42703
64 77 44738
64 78 46439
64 79 39973
64 80 52327
64 81 30664
64 82 17594
64 83 29799
64 84 41772
64 85 40302
64 86 35668
64 87 50446
64 88 22941
64 89 37384
64 90 16880
64 91 53472
64 92 54665
64 93 44081
64 94 43795
64 95 48812
64 96 47317
64 97 51136
64 98 50953
64 99 47699
64 100 52256
64 101 39272
65 1 29157
65 2 61257
65 3 25236
65 4 43455
65 5 52134
65 6 58195
65 7 46932
65 8 55632
65 9 6315
65 10 26867
65 11 32694
65 12 37060
65 13 53976
65 14 67981
65 15 68435
65 16 68328
65 17 65665
65 18 48545
65 19 33572
65 20 13282
65 21 54470
65 22 60023
65 23 50525
65 24 30189
65 25 39578
65 26 43083
65 27 42156
65 28 41807
65 29 23739
65 30 15646
65 31 27500
65 32 9441
65 33 19583
65 34 9322
65 35 375
65 36 49141
65 37 67186
65 38 68279
65 39 46665
65 40 52981
65 41 61898
65 42 66787
65 43 70975
65 44 69481
65 45 58579
65 46 58751
65 47 41048
65 48 39683
65 49 32976
65 50 26078
65 51 15347
65 52 43593
65 53 50707
65 54 37625
65 55 53651
65 56 59502
65 57 63193
65 58 50493
65 59 57096
65 60 60433
65 61 65192
65 62 30753
65 63 24155
65 64 24723
65 66 -10786
65 67 45990
65 68 23349
65 69 35400
65 70 27825
65 71 -2471
65 72 52007
65 73 57969
65 74 61922
65 75 57447
65 76 31244
65 77 28919
65 78 19104
65 79 18362
65 80 35494
65 81 8565
65 82 43352
65 83 52269
65 84 64278
65 85 56994
65 86 58386
65 87 58127
65 88 39457
65 89 49284
65 90 30585
65 91 70125
65 92 67228
65 93 59880
65 94 54211
65 95 59514
65 96 60860
65 97 61369
65 98 65415
65 99 62522
65 100 66780
65 101 42683
66 1 19455
66 2 53185
66 3 21115
66 4 39366
66 5 40484
66 6 47623
66 7 34016
66 8 42707
66 9 2248
66 10 13654
66 11 19096
66 12 31392
66 13 44543
66 14 57729
66 15 60249
66 16 56975
66 17 53309
66 18 36504
66 19 19993
66 20 1417
66 21 48140
66 22 54027
66 23 46450
66 24 29313
66 25 37861
66 26 36289
66 27 32199
66 28 33508
66 29 23120
66 30 3654
66 31 15334
66 32 -4159
66 33 14390
66 34 11201
66 35 4458
66 36 35544
66 37 56798
66 38 57442
66 39 43618
66 40 45355
66 41 55467
66 42 57418
66 43 62000
66 44 58603
66 45 45781
66 46 45345
66 47 27493
66 48 26351
66 49 19547
66 50 18614
66 51 7325
66 52 32000
66 53 42033
66 54 34086
66 55 51565
66 56 55013
66 57 54929
66 58 42013
66 59 46525
66 60 48640
66 61 53729
66 62 17423
66 63 10613
66 64 11957
66 65 -13046
66 67 44159
66 68 19591
66 69 24985
66 70 15984
66 71 -3333
66 72 46225
66 73 51550
66 74 56027
66 75 52179
66 76 24908
66 77 24013
66 78 18271
66 79 15183
66 80 31721
66 81 4448
66 82 30396
66 83 39997
66 84 52237
66 85 46038
66 86 46714
66 87 48904
66 88 26773
66 89 38385
66 90 16986
66 91 59284
66 92 56927
66 93 48979
66 94 44029
66 95 49439
66 96 50168
66 97 51521
66 98 54843
66 99 51681
66 100 56315
66 101 33250
67 1 45265
67 2 29638
67 3 34240
67 4 5236
67 5 43363
67 6 47256
67 7 62071
67 8 62008
67 9 44224
67 10 56919
67 11 65230
67 12 27861
67 13 34978
67 14 38380
67 15 26644
67 16 50113
67 17 58638
67 18 51172
67 19 59282
67 20 56379
67 21 21616
67 22 13461
67 23 -9814
67 24 18149
67 25 -2368
67 26 26405
67 27 43776
67 28 37861
67 29 25803
67 30 49113
67 31 46878
67 32 52835
67 33 42053
67 34 37158
67 35 48466
67 36 71926
67 37 45719
67 38 38448
67 39 -8467
67 40 30120
67 41 14177
67 42 35060
67 43 31372
67 44 45144
67 45 59691
67 46 70046
67 47 61095
67 48 56263
67 49 63950
67 50 39056
67 51 48298
67 52 49970
67 53 38051
67 54 15365
67 55 18081
67 56 9534
67 57 27297
67 58 30691
67 59 39858
67 60 55993
67 61 50518
67 62 56518
67 63 63724
67 64 66537
67 65 45526
67 66 45955
67 68 20613
67 69 47963
67 70 54344
67 71 51022
67 72 12015
67 73 21269
67 74 18424
67 75 9153
67 76 35054
67 77 34245
67 78 41465
67 79 33081
67 80 28885
67 81 34971
67 82 54437
67 83 51698
67 84 57339
67 85 39052
67 86 39978
67 87 31141
67 88 57998
67 89 44771
67 90 69706
67 91 49324
67 92 47325
67 93 43551
67 94 39129
67 95 40975
67 96 46919
67 97 39194
67 98 45406
67 99 47932
67 100 43875
67 101 36616
68 1 12185
68 2 25876
68 3 -1438
68 4 5053
68 5 27642
68 6 30659
68 7 34645
68 8 39677
68 9 8954
68 10 24054
68 11 33420
68 12 590
68 13 22449
68 14 36360
68 15 32446
68 16 40941
68 17 43575
68 18 28586
68 19 29657
68 20 20704
68 21 16943
68 22 21916
68 23 12201
68 24 -2069
68 25 3523
68 26 7316
68 27 17376
68 28 11763
68 29 -2774
68 30 14244
68 31 15853
68 32 17901
68 33 6354
68 34 5476
68 35 15259
68 36 44719
68 37 37089
68 38 37742
68 39 8929
68 40 17779
68 41 24025
68 42 33363
68 43 36163
68 44 39903
68 45 40347
68 46 46855
68 47 34030
68 48 29596
68 49 34058
68 50 4579
68 51 12573
68 52 24073
68 53 18968
68 54 -585
68 55 17106
68 56 21048
68 57 27729
68 58 17102
68 59 28168
68 60 37511
68 61 38816
68 62 25484
68 63 29977
68 64 33625
68 65 11824
68 66 10326
68 67 9552
68 69 16965
68 70 20670
68 71 16250
68 72 13888
68 73 20387
68 74 23809
68 75 19041
68 76 1524
68 77 -1252
68 78 8012
68 79 -2011
68 80 -2953
68 81 -444
68 82 29367
68 83 31835
68 84 41304
68 85 28756
68 86 31731
68 87 25031
68 88 28324
68 89 24232
68 90 35549
68 91 41090
68 92 37234
68 93 31849
68 94 24910
68 95 29315
68 96 32885
68 97 30097
68 98 35956
68 99 34729
68 100 36597
68 101 14131
69 1 -1371
69 2 25529
69 3 10590
69 4 18477
69 5 13469
69 6 19188
69 7 14265
69 8 20798
69 9 10134
69 10 5397
69 11 13772
69 12 11071
69 13 16006
69 14 29186
69 15 32223
69 16 29356
69 17 28022
69 18 10957
69 19 9146
69 20 12171
69 21 23149
69 22 28755
69 23 23881
69 24 18545
69 25 21396
69 26 11891
69 27 3632
69 28 7400
69 29 16141
69 30 1185
69 31 -4515
69 32 3372
69 33 9775
69 34 16238
69 35 19956
69 36 24115
69 37 28289
69 38 29250
69 39 23515
69 40 18723
69 41 29408
69 42 28830
69 43 33501
69 44 30437
69 45 22617
69 46 27124
69 47 13472
69 48 9189
69 49 13700
69 50 2537
69 51 8604
69 52 5568
69 53 14352
69 54 16272
69 55 35026
69 56 32366
69 57 26959
69 58 14272
69 59 18107
69 60 22046
69 61 26300
69 62 5297
69 63 12418
69 64 14925
69 65 12404
69 66 4249
69 67 25431
69 68 5494
69 70 4175
69 71 16233
69 72 21763
69 73 26133
69 74 31123
69 75 28126
69 76 6908
69 77 10240
69 78 18599
69 79 8959
69 80 16518
69 81 3836
69 82 9594
69 83 14867
69 84 26127
69 85 17943
69 86 19583
69 87 20395
69 88 7711
69 89 10246
69 90 18893
69 91 31081
69 92 28376
69 93 20829
69 94 15424
69 95 20819
69 96 21829
69 97 22886
69 98 26433
69 99 23473
69 100 27850
69 101 4919
70 1 2219
70 2 34513
70 3 13574
70 4 26276
70 5 19725
70 6 27015
70 7 15030
70 8 23470
70 9 6369
70 10 -1306
70 11 8248
70 12 18077
70 13 24699
70 14 37130
70 15 41122
70 16 36172
70 17 33018
70 18 15917
70 19 5953
70 20 4515
70 21 31867
70 22 37590
70 23 32269
70 24 23082
70 25 28106
70 26 20306
70 27 12477
70 28 16046
70 29 19096
70 30 -7157
70 31 -5114
70 32 -5566
70 33 9504
70 34 15136
70 35 15847
70 36 22007
70 37 36195
70 38 36656
70 39 31283
70 40 27664
70 41 38351
70 42 37374
70 43 42145
70 44 37821
70 45 26184
70 46 28013
70 47 12108
70 48 9005
70 49 9499
70 50 5991
70 51 4491
70 52 11199
70 53 23352
70 54 22966
70 55 41654
70 56 40701
70 57 35887
70 58 23265
70 59 25866
70 60 27924
70 61 32937
70 62 1421
70 63 4653
70 64 8137
70 65 6003
70 66 -3578
70 67 32986
70 68 10373
70 69 5349
70 71 10557
70 72 30421
70 73 34950
70 74 39884
70 75 36752
70 76 12347
70 77 14364
70 78 18415
70 79 10475
70 80 21917
70 81 2634
70 82 11364
70 83 19620
70 84 31667
70 85 25255
70 86 25980
70 87 29082
70 88 7333
70 89 17674
70 90 10542
70 91 38518
70 92 36383
70 93 28212
70 94 23615
70 95 29053
70 96 29479
70 97 31250
70 98 34167
70 99 30936
70 100 35665
70 101 13848
71 1 18996
71 2 51005
71 3 15566
71 4 34069
71 5 42305
71 6 48058
71 7 38148
71 8 46738
71 9 -3824
71 10 18792
71 11 26134
71 12 27113
71 13 43693
71 14 57750
71 15 58186
71 16 58351
71 17 56192
71 18 38972
71 19 26347
71 20 4842
71 21 44466
71 22 50128
71 23 41218
71 24 22038
71 25 31161
71 26 32953
71 27 31961
71 28 31516
71 29 15608
71 30 6631
71 31 18204
71 32 3304
71 33 9504
71 34 2382
71 35 -4959
71 36 42358
71 37 56988
71 38 58136
71 39 37714
71 40 42758
71 41 51914
71 42 56494
71 43 60682
71 44 59362
71 45 49506
71 46 50633
71 47 33556
71 48 31493
71 49 27257
71 50 15796
71 51 5131
71 52 33849
71 53 40411
71 54 28365
71 55 45040
71 56 50025
71 57 52931
71 58 40205
71 59 46940
71 60 50690
71 61 55265
71 62 22750
71 63 18269
71 64 20676
71 65 -16351
71 66 -14953
71 67 37606
71 68 13895
71 69 25349
71 70 18499
71 72 42143
71 73 47958
71 74 52041
71 75 47738
71 76 21111
71 77 19066
71 78 10576
71 79 8934
71 80 26063
71 81 -1335
71 82 34551
71 83 42796
71 84 54632
71 85 46913
71 86 48514
71 87 47832
71 88 30514
71 89 39244
71 90 24031
71 91 60009
71 92 57022
71 93 49792
71 94 43999
71 95 49283
71 96 50736
71 97 51109
71 98 55250
71 99 52427
71 100 56591
71 101 32414
72 1 27698
72 2 7504
72 3 22562
72 4 -5029
72 5 20594
72 6 24456
72 7 40419
72 8 39307
72 9 32651
72 10 37802
72 11 44959
72 12 12614
72 13 12154
72 14 18698
72 15 9892
72 16 28388
72 17 36059
72 18 28697
72 19 37998
72 20 41514
72 21 -539
72 22 -2775
72 23 -8213
72 24 14255
72 25 938
72 26 7245
72 27 23185
72 28 18470
72 29 19746
72 30 32396
72 31 27070
72 32 35623
72 33 29509
72 34 30071
72 35 39879
72 36 49715
72 37 23678
72 38 19865
72 39 -4765
72 40 7921
72 41 -607
72 42 14839
72 43 14622
72 44 24481
72 45 36867
72 46 47328
72 47 38974
72 48 34192
72 49 42476
72 50 23537
72 51 34373
72 52 28399
72 53 16380
72 54 5766
72 55 17106
72 56 1093
72 57 7128
72 58 8114
72 59 17292
72 60 33178
72 61 28232
72 62 36153
72 63 44900
72 64 46607
72 65 36170
72 66 32648
72 67 -3358
72 68 9576
72 69 28922
72 70 36406
72 71 40186
72 73 -1511
72 74 -886
72 75 -4436
72 76 19985
72 77 21407
72 78 32710
72 79 22460
72 80 17894
72 81 23356
72 82 32147
72 83 28902
72 84 34598
72 85 16868
72 86 18697
72 87 9136
72 88 37305
72 89 22287
72 90 51463
72 91 27612
72 92 24931
72 93 21079
72 94 16306
72 95 18286
72 96 24142
72 97 16811
72 98 23253
72 99 25246
72 100 22249
72 101 15225
73 1 26297
73 2 4462
73 3 22562
73 4 -2571
73 5 17446
73 6 21401
73 7 37806
73 8 36305
73 9 32315
73 10 35854
73 11 42679
73 12 12353
73 13 9044
73 14 15973
73 15 8083
73 16 25304
73 17 32897
73 18 25814
73 19 35457
73 20 40483
73 21 -1849
73 22 -2029
73 23 -5535
73 24 15741
73 25 3712
73 26 6141
73 27 21050
73 28 16854
73 29 20698
73 30 31029
73 31 25011
73 32 34054
73 33 29151
73 34 30535
73 35 39957
73 36 46887
73 37 20570
73 38 17252
73 39 -1603
73 40 5463
73 41 -705
73 42 12110
73 43 12566
73 44 21561
73 45 33754
73 46 44312
73 47 36183
73 48 31429
73 49 39857
73 50 22687
73 51 33629
73 52 25862
73 53 14004
73 54 7057
73 55 19567
73 56 4178
73 57 4604
73 58 5290
73 59 14131
73 60 30098
73 61 25086
73 62 33886
73 63 42960
73 64 44364
73 65 35995
73 66 31836
73 67 -241
73 68 9938
73 69 27155
73 70 34798
73 71 39864
73 72 -7648
73 74 424
73 75 -2011
73 76 19403
73 77 21262
73 78 32994
73 79 22549
73 80 18371
73 81 23124
73 82 29319
73 83 25843
73 84 31445
73 85 13736
73 86 15663
73 87 6062
73 88 34985
73 89 19423
73 90 49674
73 91 24541
73 92 21782
73 93 17922
73 94 13190
73 95 15125
73 96 20995
73 97 13666
73 98 20128
73 99 22086
73 100 19199
73 101 12878
74 1 30503
74 2 7167
74 3 25721
74 4 -2571
74 5 21021
74 6 25398
74 7 42224
74 8 40364
74 9 35784
74 10 40281
74 11 47151
74 12 15740
74 13 12919
74 14 17285
74 15 7533
74 16 27846
74 17 36172
74 18 30055
74 19 39895
74 20 44483
74 21 2060
74 22 -5938
74 23 -9772
74 24 17151
74 25 2747
74 26 10132
74 27 25507
74 28 21145
74 29 22814
74 30 35224
74 31 29460
74 32 38351
74 33 32635
74 34 33216
74 35 43041
74 36 51161
74 37 23309
74 38 18221
74 39 -4330
74 40 9935
74 41 -3692
74 42 13517
74 43 12407
74 44 23439
74 45 37507
74 46 48333
74 47 40493
74 48 35762
74 49 44264
74 50 26552
74 51 37425
74 52 30309
74 53 18477
74 54 8781
74 55 19365
74 56 953
74 57 5640
74 58 9649
74 59 17402
74 60 33997
74 61 28064
74 62 38358
74 63 47387
74 64 48836
74 65 39323
74 66 35688
74 67 -3711
74 68 12735
74 69 31520
74 70 39107
74 71 43322
74 72 -7648
74 73 -201
74 75 -6215
74 76 23063
74 77 24554
74 78 35869
74 79 25622
74 80 21047
74 81 26499
74 82 33605
74 83 29787
74 84 34955
74 85 16614
74 86 17948
74 87 8713
74 88 39457
74 89 23699
74 90 54057
74 91 27047
74 92 24853
74 93 21079
74 94 17012
74 95 18584
74 96 24614
74 97 16722
74 98 22970
74 99 25523
74 100 21623
74 101 17350
75 1 32990
75 2 10694
75 3 27004
75 4 -3156
75 5 24615
75 6 28989
75 7 45602
75 8 43951
75 9 37296
75 10 43187
75 11 50307
75 12 17400
75 13 16520
75 14 20155
75 15 9569
75 16 31197
75 17 39714
75 18 33584
75 19 43233
75 20 46621
75 21 4838
75 22 -4977
75 23 -13329
75 24 16926
75 25 857
75 26 12519
75 27 28554
75 28 23833
75 29 23120
75 30 37663
75 31 32452
75 32 40947
75 33 34207
75 34 33937
75 35 44118
75 36 54676
75 37 26747
75 38 20855
75 39 -7321
75 40 13162
75 41 -2841
75 42 16514
75 43 14530
75 44 26543
75 45 41111
75 46 51926
75 47 43985
75 48 39236
75 49 47657
75 50 28593
75 51 39325
75 52 33631
75 53 21676
75 54 9063
75 55 18081
75 56 -1995
75 57 8633
75 58 13097
75 59 20960
75 60 37600
75 61 31546
75 62 41503
75 63 50284
75 64 51966
75 65 40621
75 66 37613
75 67 -7209
75 68 13740
75 69 34296
75 70 41748
75 71 44792
75 72 -5425
75 73 3137
75 74 -442
75 76 24908
75 77 25997
75 78 36804
75 79 26789
75 80 21973
75 81 27940
75 82 37112
75 83 33387
75 84 38540
75 85 20078
75 86 21192
75 87 12167
75 88 42639
75 89 27209
75 90 56834
75 91 30400
75 92 28376
75 93 24611
75 94 20617
75 95 22172
75 96 28214
75 97 20250
75 98 26433
75 99 29104
75 100 24960
75 101 20538
76 1 4787
76 2 24115
76 3 -813
76 4 8831
76 5 21722
76 6 25212
76 7 27085
76 8 32516
76 9 6904
76 10 16805
76 11 26027
76 12 450
76 13 18414
76 14 32830
76 15 31237
76 16 35949
76 17 37394
76 18 21641
76 19 22063
76 20 15818
76 21 17350
76 22 23149
76 23 15669
76 24 5546
76 25 9702
76 26 5752
76 27 10494
76 28 6064
76 29 3682
76 30 7968
76 31 8266
76 32 11695
76 33 3782
76 34 7734
76 35 15259
76 36 37108
76 37 32784
76 38 33937
76 39 13587
76 40 15754
76 41 24790
76 42 30545
76 43 34199
76 44 35627
76 45 33523
76 46 39491
76 47 26432
76 48 22037
76 49 26506
76 50 -2078
76 51 8325
76 52 16821
76 53 14631
76 54 4629
76 55 23243
76 56 24147
76 57 26086
76 58 13864
76 59 23376
76 60 31177
76 61 33475
76 62 17950
76 63 23080
76 64 26518
76 65 10689
76 66 6613
76 67 14963
76 68 -7506
76 69 9349
76 70 13614
76 71 14436
76 72 15267
76 73 20822
76 74 25107
76 75 21179
76 77 -2129
76 78 9704
76 79 -1066
76 80 3649
76 81 -2061
76 82 21960
76 83 25142
76 84 35158
76 85 23881
76 86 26651
76 87 21921
76 88 20708
76 89 18009
76 90 28818
76 91 36521
76 92 32822
76 93 26843
76 94 20058
76 95 24877
76 96 27716
76 97 26140
76 98 31430
76 99 29575
76 100 32385
76 101 8405
77 1 7573
77 2 27085
77 3 -4693
77 4 9114
77 5 25828
77 6 29250
77 7 30736
77 8 36503
77 9 5047
77 10 19233
77 11 28674
77 12 1923
77 13 22125
77 14 36469
77 15 34062
77 16 39937
77 17 41516
77 18 25708
77 19 25221
77 20 15882
77 21 19341
77 22 24856
77 23 16239
77 24 2504
77 25 8441
77 26 8367
77 27 14600
77 28 10046
77 29 -273
77 30 9244
77 31 11445
77 32 12904
77 33 2012
77 34 4089
77 35 12499
77 36 40538
77 37 36607
77 38 37669
77 39 13414
77 40 18723
77 41 26740
77 42 33944
77 43 37327
77 44 39464
77 45 37602
77 46 43355
77 47 29948
77 48 25674
77 49 29492
77 50 -252
77 51 7849
77 52 20798
77 53 18352
77 54 3925
77 55 22003
77 56 24882
77 57 29047
77 58 17290
77 59 27305
77 60 35300
77 61 37517
77 62 20918
77 63 25022
77 64 28713
77 65 8524
77 66 5878
77 67 14314
77 68 -10122
77 69 12841
77 70 15791
77 71 12551
77 72 16849
77 73 22841
77 74 26758
77 75 22428
77 76 -1969
77 78 6126
77 79 -4663
77 80 1755
77 81 -4297
77 82 25804
77 83 29246
77 84 39279
77 85 27837
77 86 30660
77 87 25386
77 88 24088
77 89 22127
77 90 30570
77 91 40416
77 92 36664
77 93 30821
77 94 23984
77 95 28715
77 96 31715
77 97 29859
77 98 35307
77 99 33575
77 100 36192
77 101 12451
78 1 14381
78 2 39062
78 3 1699
78 4 18585
78 5 36656
78 6 40569
78 7 38051
78 8 45291
78 9 -2070
78 10 22648
78 11 32025
78 12 13627
78 13 34029
78 14 48430
78 15 45947
78 16 51380
78 17 51953
78 18 35292
78 19 30282
78 20 13089
78 21 30766
78 22 35844
78 23 25567
78 24 5546
78 25 14748
78 26 20306
78 27 24988
78 28 21630
78 29 -878
78 30 10315
78 31 17675
78 32 12345
78 33 1012
78 34 -7882
78 35 1486
78 36 46319
78 37 48393
78 38 49558
78 39 21646
78 40 30724
78 41 37944
78 42 45983
78 43 49335
78 44 51226
78 45 47091
78 46 51245
78 47 36259
78 48 32674
78 49 33537
78 50 7403
78 51 5741
78 52 29969
78 53 30242
78 54 12710
78 55 28711
78 56 34674
78 57 41010
78 58 29317
78 59 38915
78 60 45731
78 61 48765
78 62 25751
78 63 26265
78 64 30078
78 65 -1627
78 66 -200
78 67 21198
78 68 -1194
78 69 20864
78 70 19506
78 71 3725
78 72 27816
78 73 34237
78 74 37737
78 75 32899
78 76 9528
78 77 5790
78 79 -5409
78 80 10858
78 81 -9152
78 82 33865
78 83 39123
78 84 49829
78 85 39376
78 86 42021
78 87 37412
78 88 30628
78 89 32877
78 90 31553
78 91 52085
78 92 48425
78 93 42309
78 94 35611
78 95 40484
78 96 43154
78 97 41758
78 98 47012
78 99 45003
78 100 47998
78 101 23817
79 1 10188
79 2 33475
79 3 -3915
79 4 14098
79 5 31361
79 6 35094
79 7 34056
79 8 40768
79 9 96
79 10 20179
79 11 29732
79 12 8144
79 13 28387
79 14 42779
79 15 40418
79 16 45880
79 17 46814
79 18 30427
79 19 27273
79 20 13282
79 21 25452
79 22 30750
79 23 21232
79 24 3346
79 25 11619
79 26 14736
79 27 19761
79 28 16046
79 29 -2098
79 30 8652
79 31 13981
79 32 11695
79 33 -1331
79 34 -2252
79 35 6361
79 36 43073
79 37 42783
79 38 43924
79 39 17759
79 40 25120
79 41 32755
79 42 40330
79 43 43727
79 44 45626
79 45 42308
79 46 47110
79 47 32757
79 48 28855
79 49 31038
79 50 2587
79 51 5131
79 52 25212
79 53 24601
79 54 8365
79 55 25352
79 56 30104
79 57 35433
79 58 23662
79 59 33356
79 60 40571
79 61 43329
79 62 22750
79 63 24872
79 64 28762
79 65 2781
79 66 1862
79 67 17964
79 68 -6067
79 69 16374
79 70 16716
79 71 7233
79 72 22716
79 73 28942
79 74 32640
79 75 28034
79 76 3908
79 77 151
79 78 -259
79 80 6092
79 81 -9152
79 82 29606
79 83 34172
79 84 44639
79 85 33842
79 86 36553
79 87 31756
79 88 26885
79 89 27582
79 90 30214
79 91 46511
79 92 42821
79 93 36789
79 94 30042
79 95 34877
79 96 37646
79 97 36119
79 98 41425
79 99 39500
79 100 42384
79 101 18307
80 1 13366
80 2 24462
80 3 541
80 4 3056
80 5 27259
80 6 30159
80 7 35277
80 8 39893
80 9 10952
80 10 25345
80 11 34620
80 12 -296
80 13 21555
80 14 35232
80 15 30875
80 16 40213
80 17 43265
80 18 28697
80 19 30603
80 20 22556
80 21 15237
80 22 20055
80 23 10202
80 24 -2698
80 25 1734
80 26 6141
80 27 17565
80 28 11630
80 29 -1884
80 30 15861
80 31 16830
80 32 19556
80 33 8309
80 34 7243
80 35 17195
80 36 45473
80 37 36195
80 38 36656
80 39 6952
80 40 16519
80 41 22203
80 42 32102
80 43 34708
80 44 38962
80 45 40347
80 46 47219
80 47 34732
80 48 30215
80 49 35087
80 50 5991
80 51 14461
80 52 24412
80 53 18277
80 54 -2573
80 55 15294
80 56 19061
80 57 26259
80 58 16073
80 59 27425
80 60 37307
80 61 38209
80 62 26543
80 63 31438
80 64 35003
80 65 13800
80 66 12287
80 67 7655
80 68 -13122
80 69 17820
80 70 22045
80 71 18249
80 72 12037
80 73 18651
80 74 21952
80 75 17105
80 76 2510
80 77 456
80 78 9895
80 79 -21
80 81 1552
80 82 29796
80 83 31787
80 84 40996
80 85 28013
80 86 31013
80 87 23869
80 88 29169
80 89 24034
80 90 37063
80 91 40249
80 92 36383
80 93 31158
80 94 24222
80 95 28492
80 96 32269
80 97 29136
80 98 35121
80 99 34097
80 100 35665
80 101 13848
81 1 9023
81 2 37521
81 3 1479
81 4 20027
81 5 32314
81 6 36798
81 7 32230
81 8 39828
81 9 -6070
81 10 16342
81 11 25701
81 12 13026
81 13 31207
81 14 45604
81 15 44653
81 16 47572
81 17 47249
81 18 30268
81 19 24039
81 20 7339
81 21 30429
81 22 36022
81 23 27186
81 24 9553
81 25 17939
81 26 19103
81 27 20765
81 28 18653
81 29 3682
81 30 3998
81 31 11758
81 32 6281
81 33 -4160
81 34 -2832
81 35 1934
81 36 40118
81 37 45178
81 38 46455
81 39 23931
81 40 29169
81 41 37862
81 42 43696
81 43 47535
81 44 47889
81 45 41883
81 46 45449
81 47 30151
81 48 26722
81 49 27218
81 50 3167
81 51 -464
81 52 24881
81 53 27558
81 54 14445
81 55 31658
81 56 35930
81 57 39489
81 58 27086
81 59 35432
81 60 41134
81 61 44760
81 62 19525
81 63 20017
81 64 23864
81 65 -2605
81 66 -4462
81 67 24265
81 68 -89
81 69 15662
81 70 13286
81 71 1375
81 72 28023
81 73 33928
81 74 37928
81 75 33596
81 76 7324
81 77 4928
81 78 409
81 79 -4741
81 80 12076
81 82 28202
81 83 34172
81 84 45247
81 85 35741
81 86 38077
81 87 35031
81 88 24697
81 89 28637
81 90 25307
81 91 48623
81 92 45188
81 93 38630
81 94 32222
81 95 37303
81 96 39467
81 97 38848
81 98 43646
81 99 41276
81 100 44804
81 101 20339
82 1 20234
82 2 31518
82 3 32529
82 4 34287
82 5 2666
82 6 18102
82 7 2833
82 8 -94
82 9 29989
82 10 10481
82 11 7695
82 12 30379
82 13 19546
82 14 23140
82 15 34242
82 16 18631
82 17 11510
82 18 1174
82 19 -3408
82 20 27459
82 21 35350
82 22 38534
82 23 36186
82 24 39502
82 25 39323
82 26 27585
82 27 17542
82 28 24487
82 29 37936
82 30 16021
82 31 4438
82 32 11013
82 33 31340
82 34 37754
82 35 39597
82 36 5164
82 37 23842
82 38 19622
82 39 38643
82 40 29821
82 41 37357
82 42 27633
82 43 32048
82 44 21667
82 45 3065
82 46 5148
82 47 -5490
82 48 -9941
82 49 -896
82 50 24537
82 51 28060
82 52 7447
82 53 25555
82 54 35060
82 55 53308
82 56 45544
82 57 30514
82 58 22946
82 59 13859
82 60 11345
82 61 15524
82 62 2481
82 63 13312
82 64 7723
82 65 29111
82 66 18415
82 67 40660
82 68 26651
82 69 18349
82 70 18945
82 71 34190
82 72 33743
82 73 37052
82 74 41963
82 75 39697
82 76 28274
82 77 31958
82 78 40355
82 79 30946
82 80 37249
82 81 25131
82 83 -163
82 84 12090
82 85 10313
82 86 6667
82 87 21811
82 88 7711
82 89 10246
82 90 23624
82 91 23472
82 92 25183
82 93 14191
82 94 15424
82 95 19957
82 96 18019
82 97 22107
82 98 21116
82 99 18041
82 100 22335
82 101 16077
83 1 23704
83 2 24462
83 3 34252
83 4 30412
83 5 -7263
83 6 11417
83 7 11320
83 8 714
83 9 34941
83 10 18650
83 11 17649
83 12 29435
83 13 12919
83 14 13159
83 15 25421
83 16 8636
83 17 3189
83 18 -720
83 19 6614
83 20 34246
83 21 30344
83 22 32010
83 23 30196
83 24 39121
83 25 36258
83 26 24883
83 27 17565
83 28 23630
83 29 38931
83 30 22556
83 31 10347
83 32 19556
83 33 34797
83 34 41201
83 35 44769
83 36 12721
83 37 14411
83 38 9690
83 39 33989
83 40 25155
83 41 30134
83 42 18420
83 43 22498
83 44 11620
83 45 -1601
83 46 8389
83 47 3033
83 48 -293
83 49 8273
83 50 27019
83 51 33142
83 52 9116
83 53 22122
83 54 33103
83 55 50603
83 56 40207
83 57 22410
83 58 17845
83 59 4854
83 60 2435
83 61 5482
83 62 11527
83 63 22792
83 64 17735
83 65 35835
83 66 25823
83 67 35728
83 68 26926
83 69 21429
83 70 25008
83 71 40242
83 72 28305
83 73 31383
83 74 35952
83 75 33779
83 76 29263
83 77 33207
83 78 43420
83 79 33319
83 80 37047
83 81 28908
83 82 -2356
83 84 2306
83 85 426
83 86 -2878
83 87 13632
83 88 14837
83 89 6133
83 90 32494
83 91 13500
83 92 16221
83 93 4597
83 94 8219
83 95 11906
83 96 9635
83 97 13666
83 98 11573
83 99 8984
83 100 12596
83 101 13848
84 1 29143
84 2 23247
84 3 38653
84 4 31381
84 5 -10211
84 6 12415
84 7 18026
84 8 5545
84 9 40627
84 10 25302
84 11 24184
84 12 32584
84 13 12844
84 14 7518
84 15 21846
84 16 2217
84 17 -2130
84 18 5300
84 19 12867
84 20 40556
84 21 30724
84 22 30862
84 23 29294
84 24 42230
84 25 37608
84 26 27118
84 27 21984
84 28 27224
84 29 42811
84 30 28855
84 31 16675
84 32 26225
84 33 39969
84 34 46211
84 35 50462
84 36 17143
84 37 10596
84 38 3131
84 39 34189
84 40 26133
84 41 28302
84 42 14516
84 43 17790
84 44 5425
84 45 -1061
84 46 11345
84 47 8287
84 48 5769
84 49 13593
84 50 31932
84 51 38940
84 52 14798
84 53 24352
84 54 35408
84 55 52254
84 56 39980
84 57 19924
84 58 18743
84 59 2296
84 60 4900
84 61 -600
84 62 18235
84 63 29483
84 64 23897
84 65 42033
84 66 32252
84 67 35558
84 68 30584
84 69 26878
84 70 31244
84 71 46267
84 72 28190
84 73 31174
84 74 35309
84 75 33121
84 76 33468
84 77 37429
84 78 48315
84 79 37975
84 80 40445
84 81 34172
84 82 4086
84 83 -3505
84 85 -4411
84 86 -9584
84 87 11432
84 88 21435
84 89 9491
84 90 39195
84 91 8121
84 92 13434
84 93 895
84 94 8123
84 95 10529
84 96 8534
84 97 11455
84 98 7616
84 99 6750
84 100 7945
84 101 17084
85 1 30954
85 2 15109
85 3 37756
85 4 25078
85 5 -6272
85 6 10421
85 7 25286
85 8 15343
85 9 42382
85 10 31129
85 11 32199
85 12 29780
85 13 7237
85 14 -1818
85 15 11667
85 16 -2503
85 17 5388
85 18 11011
85 19 21605
85 20 44338
85 21 24058
85 22 22285
85 23 20730
85 24 38777
85 25 31540
85 26 23186
85 27 22525
85 28 25785
85 29 40682
85 30 32787
85 31 21216
85 32 31976
85 33 40646
85 34 46194
85 35 52035
85 36 27276
85 37 855
85 38 -3304
85 39 26756
85 40 20706
85 41 19114
85 42 4300
85 43 7575
85 44 -2141
85 45 9205
85 46 21640
85 47 18036
85 48 14824
85 49 23331
85 50 32362
85 51 41161
85 52 18505
85 53 21199
85 54 30958
85 55 46653
85 56 32210
85 57 10472
85 58 13644
85 59 -4526
85 60 10234
85 61 -3199
85 62 25146
85 63 36522
85 64 32732
85 65 45054
85 66 36358
85 67 27576
85 68 28341
85 69 28999
85 70 35137
85 71 48853
85 72 20765
85 73 23770
85 74 27273
85 75 24964
85 76 32496
85 77 36292
85 78 48167
85 79 37483
85 80 37767
85 81 34971
85 82 12614
85 83 4920
85 84 5894
85 86 -11700
85 87 2680
85 88 27251
85 89 10368
85 90 45446
85 91 -1366
85 92 5221
85 93 -6176
85 94 3779
85 95 4097
85 96 4639
85 97 3305
85 98 -2028
85 99 2111
85 100 -2348
85 101 15775
86 1 42427
86 2 26478
86 3 50185
86 4 37066
86 5 1945
86 6 22566
86 7 32779
86 8 19213
86 9 53998
86 10 40028
86 11 38662
86 12 42420
86 13 19845
86 14 -259
86 15 18713
86 16 -2503
86 17 3829
86 18 19775
86 19 27009
86 20 54843
86 21 36038
86 22 32673
86 23 30817
86 24 51407
86 25 43532
86 26 35823
86 27 34365
86 28 38223
86 29 53304
86 30 43160
86 31 31092
86 32 40963
86 33 52653
86 34 58462
86 35 63765
86 36 28827
86 37 12508
86 38 -10514
86 39 37955
86 40 33193
86 41 28657
86 42 12375
86 43 11534
86 44 -3513
86 45 10437
86 46 22177
86 47 21318
86 48 19845
86 49 26297
86 50 44402
86 51 52533
86 52 28769
86 53 33820
86 54 43494
86 55 58853
86 56 43248
86 57 20240
86 58 26233
86 59 8117
86 60 18808
86 61 2329
86 62 32989
86 63 44198
86 64 37740
86 65 56088
86 66 46676
86 67 38144
86 68 40958
86 69 40281
86 70 45504
86 71 60096
86 72 32236
86 73 35339
86 74 38249
86 75 35720
86 76 44908
86 77 48757
86 78 60454
86 79 49836
86 80 50409
86 81 46949
86 82 18610
86 83 11258
86 84 10363
86 85 -2058
86 87 14031
86 88 36125
86 89 21770
86 90 53958
86 91 6517
86 92 17660
86 93 6228
86 94 16369
86 95 16717
86 96 16954
86 97 15463
86 98 10107
86 99 14343
86 100 7180
86 101 28108
87 1 27772
87 2 2533
87 3 30663
87 4 13101
87 5 3358
87 6 10748
87 7 29987
87 8 24309
87 9 37860
87 10 32680
87 11 36689
87 12 21182
87 13 199
87 14 1404
87 15 2797
87 16 9283
87 17 17729
87 18 15981
87 19 27558
87 20 42453
87 21 12106
87 22 9688
87 23 8153
87 24 28801
87 25 19553
87 26 13912
87 27 19439
87 28 19652
87 29 31949
87 30 31524
87 31 21807
87 32 32759
87 33 35214
87 34 39444
87 35 46933
87 36 36175
87 37 4629
87 38 2868
87 39 14192
87 40 10411
87 41 6901
87 42 -1295
87 43 3138
87 44 5889
87 45 20069
87 46 31809
87 47 26050
87 48 21836
87 49 30883
87 50 27207
87 51 37502
87 52 19818
87 53 14163
87 54 20381
87 55 34997
87 56 19592
87 57 -1185
87 58 4562
87 59 -691
87 60 17608
87 61 9417
87 62 28468
87 63 39262
87 64 38138
87 65 41449
87 66 34486
87 67 14927
87 68 19878
87 69 26713
87 70 34226
87 71 45034
87 72 8295
87 73 11358
87 74 14634
87 75 12315
87 76 25798
87 77 29103
87 78 41465
87 79 30659
87 80 28885
87 81 29523
87 82 19374
87 83 13388
87 84 16999
87 85 -2058
87 86 -349
87 88 29687
87 89 11084
87 90 47104
87 91 8510
87 92 6432
87 93 2658
87 94 1819
87 95 1585
87 96 7646
87 97 -1507
87 98 4297
87 99 7768
87 100 3180
87 101 11138
88 1 9454
88 2 31601
88 3 22312
88 4 29213
88 5 10263
88 6 20402
88 7 3327
88 8 11861
88 9 18013
88 10 -424
88 11 3331
88 12 22790
88 13 20214
88 14 29557
88 15 36814
88 16 26949
88 17 22201
88 18 5988
88 19 -2807
88 20 15495
88 21 32205
88 22 36998
88 23 33413
88 24 30626
88 25 32947
88 26 22172
88 27 11352
88 28 17843
88 29 27976
88 30 3968
88 31 -7325
88 32 516
88 33 20012
88 34 26233
88 35 27550
88 36 12077
88 37 28941
88 38 27926
88 39 34132
88 40 26933
88 41 36857
88 42 31544
88 43 36419
88 44 29278
88 45 14750
88 46 16441
88 47 1547
88 48 -2326
88 49 1869
88 50 14124
88 51 16095
88 52 3853
88 53 22059
88 54 27966
88 55 46653
88 56 42142
88 57 32051
88 58 21105
88 59 18532
88 60 18317
88 61 23634
88 62 -5407
88 63 5281
88 64 5036
88 65 17182
88 66 6758
88 67 36187
88 68 17574
88 69 8432
88 70 6880
88 71 22119
88 72 30867
88 73 34684
88 74 39781
88 75 37190
88 76 18988
88 77 22208
88 78 29084
88 79 20191
88 80 28588
88 81 13592
88 82 -323
88 83 8996
88 84 21405
88 85 16916
88 86 16148
88 87 24090
88 89 10967
88 90 13823
88 91 30257
88 92 29486
88 93 20116
88 94 17599
88 95 22895
88 96 22147
88 97 25266
88 98 26590
88 99 23137
88 100 28108
88 101 11988
89 1 14675
89 2 15587
89 3 23155
89 4 18677
89 5 -2251
89 6 3478
89 7 13157
89 8 11392
89 9 26218
89 10 15950
89 11 19607
89 12 17379
89 13 3689
89 14 13453
89 15 19909
89 16 13104
89 17 13374
89 18 382
89 19 10905
89 20 27984
89 21 19196
89 22 22301
89 23 19911
89 24 27082
89 25 24284
89 26 12750
89 27 6648
89 28 11763
89 29 27321
89 30 16496
89 31 5395
89 32 16452
89 33 24918
89 34 30947
89 35 35967
89 36 21434
89 37 12538
89 38 13068
89 39 22683
89 40 13724
89 41 21346
89 42 14581
89 43 19467
89 44 14232
89 45 10561
89 46 19405
89 47 10767
89 48 6075
89 49 14845
89 50 16724
89 51 24852
89 52 2860
89 53 10057
89 54 20940
89 55 38539
89 56 29350
89 57 15374
89 58 6702
89 59 2172
89 60 7247
89 61 10133
89 62 11355
89 63 22267
89 64 21140
89 65 28670
89 66 20031
89 67 24621
89 68 15143
89 69 12628
89 70 18882
89 71 32510
89 72 17510
89 73 20783
89 74 25684
89 75 23421
89 76 17950
89 77 21908
89 78 32994
89 79 22549
89 80 25114
89 81 19193
89 82 3873
89 83 1953
89 84 11122
89 85 1694
89 86 3454
89 87 7148
89 88 12628
89 90 30400
89 91 14888
89 92 12822
89 93 4597
89 94 599
89 95 5922
89 96 5773
89 97 8286
89 98 10462
89 99 7271
89 100 11968
89 101 1753
90 1 14748
90 2 45622
90 3 25037
90 4 38800
90 5 25977
90 6 35862
90 7 17250
90 8 25393
90 9 12930
90 10 -2297
90 11 193
90 12 30595
90 13 34931
90 14 45343
90 15 51652
90 16 42650
90 17 37009
90 18 21727
90 19 1056
90 20 6615
90 21 44030
90 22 49594
90 23 44669
90 24 34772
90 25 40508
90 26 32663
90 27 23647
90 28 28253
90 29 30082
90 30 -755
90 31 2675
90 32 -14247
90 33 19639
90 34 23174
90 35 20395
90 36 16612
90 37 44653
90 38 43679
90 39 43811
90 40 39472
90 41 50097
90 42 46938
90 43 51825
90 44 45073
90 45 28625
90 46 26780
90 47 8603
90 48 8105
90 49 1277
90 50 18149
90 51 12450
90 52 19129
90 53 34849
90 54 35408
90 55 54048
90 56 53119
90 57 46613
90 58 34552
90 59 34236
90 60 34039
90 61 39340
90 62 -330
90 63 -7276
90 64 -3409
90 65 5926
90 66 -5413
90 67 45511
90 68 22415
90 69 17230
90 70 7705
90 71 13252
90 72 42641
90 73 46989
90 74 51997
90 75 49001
90 76 24714
90 77 26306
90 78 27625
90 79 21136
90 80 34098
90 81 11818
90 82 13206
90 83 24269
90 84 36781
90 85 32727
90 86 31597
90 87 39123
90 88 11439
90 89 26355
90 91 46068
90 92 45112
90 93 35918
90 94 32910
90 95 38294
90 96 37829
90 97 40640
90 98 42349
90 99 38904
90 100 43875
90 101 25002
91 1 33856
91 2 15562
91 3 40186
91 4 26039
91 5 -3334
91 6 13245
91 7 28403
91 8 18018
91 9 45210
91 10 34290
91 11 35284
91 12 31863
91 13 9074
91 14 -4860
91 15 10162
91 16 -3729
91 17 6653
91 18 14159
91 19 24592
91 20 47391
91 21 25006
91 22 22221
91 23 20565
91 24 40580
91 25 32509
91 26 25056
91 27 25352
91 28 28253
91 29 42811
91 30 35864
91 31 24349
91 32 35133
91 33 43341
91 34 48730
91 35 54816
91 36 29791
91 37 1482
91 38 -6347
91 39 27175
91 40 22229
91 41 18644
91 42 2896
91 43 5216
91 44 -5172
91 45 11361
91 46 23890
91 47 20764
91 48 17735
91 49 26077
91 50 35058
91 51 44065
91 52 21631
91 53 23412
91 54 32539
91 55 47808
91 56 32521
91 57 9989
91 58 15384
91 59 -2101
91 60 13325
91 61 -1840
91 62 28293
91 63 39672
91 64 35723
91 65 48006
91 66 39425
91 67 27669
91 68 30496
91 69 31958
91 70 38221
91 71 51770
91 72 21330
91 73 24396
91 74 27527
91 75 25107
91 76 34957
91 77 38692
91 78 50697
91 79 39973
91 80 39824
91 81 37674
91 82 15594
91 83 7815
91 84 8247
91 85 -11545
91 86 -13304
91 87 3069
91 88 30413
91 89 13383
91 90 48608
91 92 6837
91 93 -3173
91 94 6200
91 95 6057
91 96 7459
91 97 4448
91 98 -718
91 99 5056
91 100 -3658
91 101 18365
92 1 27172
92 2 9390
92 3 32703
92 4 19088
92 5 -3704
92 6 6923
92 7 25073
92 8 17690
92 9 38259
92 10 29465
92 11 32059
92 12 24250
92 13 1463
92 14 32
92 15 8432
92 16 3338
92 17 10575
92 18 10683
92 19 22231
92 20 41238
92 21 18076
92 22 16842
92 23 15307
92 24 33004
92 25 25545
92 26 17455
92 27 18556
92 28 20837
92 29 35201
92 30 29891
92 31 18996
92 32 30046
92 33 36151
92 34 41321
92 35 47747
92 36 29721
92 37 -789
92 38 490
92 39 20928
92 40 14767
92 41 14097
92 42 1692
92 43 6353
92 44 2026
92 45 12964
92 46 24912
92 47 19878
92 48 15995
92 49 24960
92 50 27892
92 51 37325
92 52 16385
92 53 15845
92 54 25058
92 55 40654
92 56 26455
92 57 5746
92 58 7808
92 59 -7675
92 60 11192
92 61 2527
92 62 24324
92 63 35517
92 64 33167
92 65 41360
92 66 33319
92 67 21921
92 68 22891
92 69 25504
92 70 32337
92 71 45034
92 72 14900
92 73 17888
92 74 21584
92 75 19334
92 76 27509
92 77 31191
92 78 43288
92 79 32534
92 80 32209
92 81 30490
92 82 13556
92 83 6787
92 84 9811
92 85 -8707
92 86 -5910
92 87 -2758
92 88 25893
92 89 7568
92 90 43903
92 91 3088
92 93 -4532
92 94 -998
92 95 -1517
92 96 1829
92 97 -2588
92 98 -2028
92 99 926
92 100 -1163
92 101 11138
93 1 28128
93 2 13847
93 3 35023
93 4 23243
93 5 -7626
93 6 7599
93 7 23079
93 8 14119
93 9 39554
93 10 28579
93 11 30062
93 12 27217
93 13 4961
93 14 458
93 15 12116
93 16 116
93 17 6105
93 18 8697
93 19 19717
93 20 41565
93 21 22284
93 22 21314
93 23 19779
93 24 36352
93 25 29669
93 26 20762
93 27 19697
93 28 23050
93 29 38078
93 30 30033
93 31 18546
93 32 29385
93 33 37834
93 34 43421
93 35 49210
93 36 26174
93 37 855
93 38 -530
93 39 25315
93 40 18542
93 41 18508
93 42 4910
93 43 8914
93 44 632
93 45 8776
93 46 20954
93 47 16634
93 48 13117
93 49 21864
93 50 29551
93 51 38336
93 52 15822
93 53 18600
93 54 28684
93 55 44653
93 56 30882
93 57 10043
93 58 11359
93 59 -6911
93 60 8242
93 61 -1671
93 62 22793
93 63 34143
93 64 30808
93 65 42237
93 66 33596
93 67 26372
93 68 25731
93 69 26182
93 70 32391
93 71 46029
93 72 19273
93 73 22253
93 74 26035
93 75 23794
93 76 29755
93 77 33573
93 78 45397
93 79 34727
93 80 35209
93 81 32157
93 82 10789
93 83 3388
93 84 5497
93 85 -11879
93 86 -9117
93 87 1693
93 88 24748
93 89 7568
93 90 42934
93 91 1303
93 92 3693
93 94 1143
93 95 1877
93 96 1829
93 97 1866
93 98 -2028
93 99 -718
93 100 -820
93 101 13001
94 1 20784
94 2 8916
94 3 26611
94 4 15860
94 5 -2932
94 6 1541
94 7 20772
94 8 16130
94 9 31862
94 10 23874
94 11 27484
94 12 18677
94 13 -2609
94 14 6388
94 15 12005
94 16 8636
94 17 13000
94 18 6890
94 19 18377
94 20 34958
94 21 15237
94 22 16395
94 23 14587
94 24 27894
94 25 22122
94 26 12338
94 27 12163
94 28 14658
94 29 29535
94 30 23690
94 31 13170
94 32 24234
94 33 29809
94 34 35128
94 35 41371
94 36 27583
94 37 5603
94 38 6862
94 39 18796
94 40 10661
94 41 14709
94 42 6627
94 43 11514
94 44 8274
94 45 13162
94 46 24000
94 47 17240
94 48 12852
94 49 21875
94 50 21537
94 51 30926
94 52 10829
94 53 10057
94 54 20429
94 55 36858
94 56 24769
94 57 7759
94 58 3298
94 59 -4080
94 60 9594
94 61 6647
94 62 19332
94 63 30264
94 64 28919
94 65 34965
94 66 27043
94 67 20347
94 68 17189
94 69 19174
94 70 26191
94 71 38633
94 72 12897
94 73 15918
94 74 20365
94 75 18197
94 76 21367
94 77 25133
94 78 37096
94 79 26377
94 80 26670
94 81 24146
94 82 10419
94 83 5407
94 84 11122
94 85 -3527
94 86 -579
94 87 -749
94 88 20628
94 89 1967
94 90 38323
94 91 9073
94 92 5624
94 93 -460
94 95 -1961
94 96 829
94 97 333
94 98 4030
94 99 2537
94 100 5222
94 101 4795
95 1 23839
95 2 7669
95 3 29099
95 4 16292
95 5 -2672
95 6 4379
95 7 23478
95 8 17710
95 9 34791
95 10 26978
95 11 30317
95 12 20692
95 13 -1982
95 14 3345
95 15 9291
95 16 6696
95 17 12668
95 18 9335
95 19 20955
95 20 38091
95 21 15385
95 22 15313
95 23 13697
95 24 29567
95 25 22699
95 26 13984
95 27 15220
95 28 17246
95 29 31635
95 30 26843
95 31 16311
95 32 27379
95 33 32610
95 34 37724
95 35 44235
95 36 29499
95 37 2786
95 38 4034
95 39 18634
95 40 11552
95 41 13139
95 42 3536
95 43 8422
95 44 5630
95 45 13938
95 46 25352
95 47 19343
95 48 15137
95 49 24184
95 50 24365
95 51 33942
95 52 13903
95 53 12244
95 54 21753
95 55 37655
95 56 24345
95 57 5496
95 58 4428
95 59 -5911
95 60 10998
95 61 5329
95 62 22283
95 63 33296
95 64 31658
95 65 37990
95 66 30175
95 67 19915
95 68 19316
95 69 22291
95 70 29351
95 71 41639
95 72 12599
95 73 15575
95 74 19659
95 75 17474
95 76 23908
95 77 27586
95 78 39691
95 79 28934
95 80 28662
95 81 26949
95 82 12674
95 83 6816
95 84 11250
95 85 -5487
95 86 -2509
95 87 -3261
95 88 23646
95 89 5012
95 90 41429
95 91 6652
95 92 2827
95 93 -2004
95 94 -4239
95 96 1072
95 97 -2750
95 98 1518
95 99 1839
95 100 2400
95 101 7619
96 1 23226
96 2 11863
96 3 30069
96 4 19761
96 5 -6718
96 6 2622
96 7 20089
96 8 13503
96 9 34599
96 10 24588
96 11 27066
96 12 22499
96 13 1165
96 14 4525
96 15 13053
96 16 5064
96 17 9050
96 18 5725
96 19 17326
96 20 36891
96 21 19031
96 22 19501
96 23 17847
96 24 31820
96 25 26065
96 26 16298
96 27 14737
96 28 18101
96 29 33280
96 30 25433
96 31 14246
96 32 25247
96 33 32837
96 34 38431
96 35 44235
96 36 25367
96 37 3663
96 38 4251
96 39 22487
96 40 14630
96 41 17381
96 42 6627
96 43 11348
96 44 5454
96 45 9753
96 46 21110
96 47 15310
96 48 11245
96 49 20268
96 50 24553
96 51 33435
96 52 11561
96 53 13876
96 54 24422
96 55 40837
96 56 28320
96 57 9632
96 58 7284
96 59 -6749
96 60 6794
96 61 2769
96 62 19332
96 63 30549
96 64 28211
96 65 37384
96 66 28952
96 67 23907
96 68 20934
96 69 21349
96 70 27825
96 71 41140
96 72 16503
96 73 19493
96 74 23737
96 75 21564
96 76 24795
96 77 28634
96 78 40409
96 79 29751
96 80 30487
96 81 27161
96 82 8784
96 83 2593
96 84 7303
96 85 -6897
96 86 -4224
96 87 848
96 88 20946
96 89 2911
96 90 39012
96 91 6102
96 92 4221
96 93 -4004
96 94 -3401
96 95 -880
96 97 958
96 98 1518
96 99 -1310
96 100 3029
96 101 8017
97 1 26406
97 2 6232
97 3 30898
97 4 16044
97 5 -880
97 6 7379
97 7 26430
97 8 20130
97 9 37134
97 10 29951
97 11 33296
97 12 22032
97 13 -678
97 14 1006
97 15 6407
97 16 6205
97 17 13719
97 18 12219
97 19 23854
97 20 40805
97 21 15014
97 22 13725
97 23 12186
97 24 30461
97 25 22511
97 26 15035
97 27 17823
97 28 19257
97 29 32976
97 30 29628
97 31 19250
97 32 30312
97 33 34785
97 34 39616
97 35 46471
97 36 32056
97 37 1482
97 38 2060
97 39 17773
97 40 12043
97 41 11120
97 42 549
97 43 5438
97 44 4077
97 45 15832
97 46 27578
97 47 22018
97 48 17916
97 49 26952
97 50 26596
97 51 36427
97 52 16889
97 53 13972
97 54 22350
97 55 37695
97 56 23293
97 57 3006
97 58 5331
97 59 -4911
97 60 13456
97 61 5671
97 62 25282
97 63 36294
97 64 34609
97 65 40472
97 66 32884
97 67 18761
97 68 20725
97 69 24985
97 70 32175
97 71 44092
97 72 11751
97 73 14743
97 74 18424
97 75 16179
97 76 25798
97 77 29357
97 78 41592
97 79 30803
97 80 29933
97 81 29121
97 82 15451
97 83 9203
97 84 12803
97 85 -5652
97 86 -3136
97 87 -5726
97 88 26644
97 89 8003
97 90 44402
97 91 5670
97 92 2383
97 93 -1388
97 94 -1318
97 95 -2123
97 96 3537
97 98 810
97 99 3525
97 100 796
97 101 9958
98 1 29766
98 2 11954
98 3 35746
98 4 22041
98 5 -4485
98 6 9196
98 7 26019
98 8 17273
98 9 41005
98 10 31154
98 11 33024
98 12 27394
98 13 4624
98 14 -2155
98 15 9060
98 16 227
98 17 8430
98 18 11598
98 19 22797
98 20 43581
98 21 21008
98 22 19131
98 23 17581
98 24 36165
98 25 28510
98 26 20617
98 27 21191
98 28 23833
98 29 38341
98 30 32137
98 31 20917
98 32 31877
98 33 39023
98 34 44319
98 35 50558
98 36 29323
98 37 -2203
98 38 -2292
98 39 23610
98 40 17897
98 41 16023
98 42 1790
98 43 5766
98 44 -945
98 45 11738
98 46 24016
98 47 19796
98 48 16249
98 49 25022
98 50 30747
98 51 39959
98 52 18207
98 53 18943
98 54 28198
98 55 43687
98 56 29053
98 57 7415
98 58 10968
98 59 -6305
98 60 11345
98 61 -55
98 62 25604
98 63 36914
98 64 33866
98 65 43958
98 66 35646
98 67 24413
98 68 26024
98 69 27972
98 70 34532
98 71 47673
98 72 17633
98 73 20645
98 74 24112
98 75 21802
98 76 30528
98 77 34245
98 78 46286
98 79 35549
98 80 35358
98 81 33359
98 82 13900
98 83 6550
98 84 8404
98 85 -11545
98 86 -9052
98 87 -482
98 88 27408
98 89 9619
98 90 45551
98 91 -56
98 92 2383
98 93 -5842
98 94 1819
98 95 1585
98 96 3537
98 97 250
98 99 1553
98 100 -3658
98 101 14013
99 1 25302
99 2 12955
99 3 32304
99 4 21538
99 5 -7931
99 6 4782
99 7 21002
99 8 13226
99 9 36725
99 10 26072
99 11 28013
99 12 24700
99 13 2969
99 14 2903
99 15 12903
99 16 2834
99 17 7311
99 18 6572
99 19 17958
99 20 38798
99 21 20699
99 22 20582
99 23 19003
99 24 33973
99 25 27897
99 26 18421
99 27 16870
99 28 20337
99 29 35501
99 30 27289
99 31 15906
99 32 26822
99 33 35024
99 34 40653
99 35 46385
99 36 25250
99 37 2383
99 38 2255
99 39 24013
99 40 16544
99 41 18166
99 42 6054
99 43 10522
99 44 3425
99 45 8776
99 46 20535
99 47 15419
99 48 11600
99 49 20529
99 50 26742
99 51 35511
99 52 13183
99 53 16072
99 54 26486
99 55 42747
99 56 29729
99 57 10043
99 58 9248
99 59 -7675
99 60 6736
99 61 575
99 62 20517
99 63 31818
99 64 28968
99 65 39421
99 66 30840
99 67 25295
99 68 23153
99 69 23368
99 70 29657
99 71 43206
99 72 17982
99 73 20959
99 74 25021
99 75 22829
99 76 27029
99 77 30869
99 78 42633
99 79 31980
99 80 32690
99 81 29345
99 82 9181
99 83 2317
99 84 5894
99 85 -9050
99 86 -6460
99 87 1345
99 88 22311
99 89 4784
99 90 40462
99 91 4074
99 92 3693
99 93 -6176
99 94 -1318
99 95 262
99 96 -935
99 97 1321
99 98 -91
99 100 1426
99 101 10246
100 1 32758
100 2 12491
100 3 38283
100 4 23081
100 5 -1965
100 6 12271
100 7 29064
100 8 19752
100 9 43903
100 10 34313
100 11 36056
100 12 29614
100 13 6811
100 14 -5316
100 15 7336
100 16 -582
100 17 9479
100 18 14663
100 19 25699
100 20 46676
100 21 22063
100 22 19060
100 23 17403
100 24 38062
100 25 29542
100 26 22650
100 27 24155
100 28 26463
100 29 40566
100 30 35256
100 31 24076
100 32 35040
100 33 41807
100 34 46934
100 35 53402
100 36 31723
100 37 -789
100 38 -5167
100 39 24060
100 40 19606
100 41 15498
100 42 -21
100 43 3138
100 44 -3513
100 45 13661
100 46 26110
100 47 22402
100 48 19040
100 49 27677
100 50 33549
100 51 42931
100 52 21369
100 53 21374
100 54 29887
100 55 44919
100 56 29393
100 57 6836
100 58 12946
100 59 -3203
100 60 14223
100 61 814
100 62 28715
100 63 40040
100 64 36799
100 65 46953
100 66 38748
100 67 24512
100 68 28295
100 69 31019
100 70 37660
100 71 50644
100 72 18259
100 73 21346
100 74 24395
100 75 21959
100 76 33113
100 77 36760
100 78 48902
100 79 38138
100 80 37532
100 81 36147
100 82 16749
100 83 9203
100 84 10363
100 85 -10235
100 86 -10349
100 87 31
100 88 30556
100 89 12755
100 90 48707
100 91 -1366
100 92 4878
100 93 -3004
100 94 4641
100 95 4097
100 96 6678
100 97 1866
100 98 -2028
100 99 4700
100 101 16795
END
NODE_CONSUMPTION
0 1 10
0 2 7
0 3 13
0 4 19
0 5 26
0 6 3
0 7 5
0 8 9
0 9 16
0 10 16
0 11 12
0 12 19
0 13 23
0 14 20
0 15 8
0 16 19
0 17 2
0 18 12
0 19 17
0 20 9
0 21 11
0 22 18
0 23 29
0 24 3
0 25 6
0 26 17
0 27 16
0 28 16
0 29 9
0 30 21
0 31 27
0 32 23
0 33 11
0 34 14
0 35 8
0 36 5
0 37 8
0 38 16
0 39 31
0 40 9
0 41 5
0 42 5
0 43 7
0 44 18
0 45 16
0 46 1
0 47 27
0 48 36
0 49 30
0 50 13
0 51 10
0 52 9
0 53 14
0 54 18
0 55 2
0 56 6
0 57 7
0 58 18
0 59 28
0 60 3
0 61 13
0 62 19
0 63 10
0 64 9
0 65 20
0 66 25
0 67 25
0 68 36
0 69 6
0 70 5
0 71 15
0 72 25
0 73 9
0 74 8
0 75 18
0 76 13
0 77 14
0 78 3
0 79 23
0 80 6
0 81 26
0 82 16
0 83 11
0 84 7
0 85 41
0 86 35
0 87 26
0 88 9
0 89 15
0 90 3
0 91 1
0 92 2
0 93 22
0 94 27
0 95 20
0 96 11
0 97 12
0 98 10
0 99 9
0 100 17
END
