NAME : ./data/ESPPRC - Test Instances/F-n135-k7_a.simplified-vrp
SIZE : 136
DIRECTED : 1
CYCLIC : 1
ORIGIN : 0
DESTINATION : 135
RESOURCES : 1
RES_NAMES : 0
RES_TYPE
0 CAP
END
RES_BOUND
0 0 2210
END
EDGE_COST
0 1 12378
0 2 23977
0 3 28161
0 4 33563
0 5 34509
0 6 34959
0 7 33617
0 8 34484
0 9 33558
0 10 31498
0 11 30988
0 12 30102
0 13 25806
0 14 30881
0 15 31367
0 16 22711
0 17 13107
0 18 12032
0 19 17247
0 20 6837
0 21 6555
0 22 7619
0 23 7722
0 24 7933
0 25 9819
0 26 11839
0 27 13272
0 28 15550
0 29 18541
0 30 11396
0 31 13944
0 32 12022
0 33 21354
0 34 13865
0 35 23635
0 36 23696
0 37 23887
0 38 24461
0 39 24933
0 40 27853
0 41 30189
0 42 29668
0 43 27284
0 44 27685
0 45 24430
0 46 4802
0 47 8847
0 48 12611
0 49 14914
0 50 18032
0 51 18922
0 52 17543
0 53 19732
0 54 18626
0 55 19286
0 56 19922
0 57 19538
0 58 16918
0 59 12512
0 60 13385
0 61 13880
0 62 15091
0 63 16733
0 64 12829
0 65 28646
0 66 6020
0 67 14320
0 68 36778
0 69 36643
0 70 38338
0 71 11483
0 72 6298
0 73 6884
0 74 9371
0 75 10824
0 76 12522
0 77 11087
0 78 11613
0 79 16189
0 80 23028
0 81 54288
0 82 12177
0 83 8183
0 84 40597
0 85 40197
0 86 37509
0 87 10668
0 88 31001
0 89 20150
0 90 19852
0 91 5878
0 92 17116
0 93 22100
0 94 22813
0 95 19202
0 96 23678
0 97 22616
0 98 23132
0 99 23176
0 100 22292
0 101 21567
0 102 20256
0 103 19543
0 104 20947
0 105 20354
0 106 110664
0 107 129585
0 108 90271
0 109 104127
0 110 63333
0 111 70303
0 112 69892
0 113 55904
0 114 50317
0 115 80516
0 116 75840
0 117 68725
0 118 8039
0 119 55325
0 120 38826
0 121 58834
0 122 78616
0 123 71459
0 124 76373
0 125 75023
0 126 76204
0 127 75557
0 128 72890
0 129 73016
0 130 23937
0 131 41019
0 132 11392
0 133 15250
0 134 11228
1 2 14290
1 3 16272
1 4 23912
1 5 24778
1 6 25254
1 7 24638
1 8 25543
1 9 24464
1 10 23048
1 11 23414
1 12 22611
1 13 20639
1 14 25730
1 15 26371
1 16 18103
1 17 23473
1 18 22784
1 19 30445
1 20 18019
1 21 11577
1 22 8539
1 23 7816
1 24 8395
1 25 10842
1 26 9443
1 27 10650
1 28 10617
1 29 10610
1 30 4547
1 31 6332
1 32 1622
1 33 23172
1 34 2104
1 35 10832
1 36 11145
1 37 11744
1 38 12899
1 39 13529
1 40 15921
1 41 18729
1 42 18483
1 43 15948
1 44 16349
1 45 13819
1 46 17103
1 47 3171
1 48 -369
1 49 1421
1 50 4891
1 51 5972
1 52 4659
1 53 7130
1 54 6531
1 55 7244
1 56 8031
1 57 8028
1 58 6106
1 59 4596
1 60 4193
1 61 2004
1 62 2056
1 63 9232
1 64 6032
1 65 42154
1 66 14572
1 67 9553
1 68 34705
1 69 32178
1 70 33652
1 71 20242
1 72 7040
1 73 7366
1 74 5132
1 75 420
1 76 5106
1 77 4677
1 78 7984
1 79 7690
1 80 24542
1 81 59887
1 82 24347
1 83 17586
1 84 47676
1 85 47276
1 86 44515
1 87 11703
1 88 26240
1 89 17758
1 90 16657
1 91 11534
1 92 10657
1 93 12047
1 94 12723
1 95 7028
1 96 11948
1 97 10760
1 98 10930
1 99 10767
1 100 10031
1 101 8993
1 102 7642
1 103 7316
1 104 8677
1 105 8961
1 106 119721
1 107 138169
1 108 98786
1 109 110178
1 110 68410
1 111 75523
1 112 75255
1 113 61788
1 114 60471
1 115 91386
1 116 85482
1 117 78526
1 118 20198
1 119 67333
1 120 45305
1 121 64106
1 122 83747
1 123 76660
1 124 81645
1 125 80314
1 126 81617
1 127 81019
1 128 78493
1 129 78760
1 130 36849
1 131 50773
1 132 17173
1 133 14574
1 134 3022
1 135 -12034
2 1 20501
2 3 2936
2 4 2305
2 5 3226
2 6 3710
2 7 3029
2 8 4035
2 9 2920
2 10 2726
2 11 3730
2 12 3557
2 13 6792
2 14 10276
2 15 11673
2 16 7370
2 17 43812
2 18 42954
2 19 47699
2 20 28506
2 21 23898
2 22 23181
2 23 22994
2 24 23024
2 25 20462
2 26 17671
2 27 14360
2 28 12727
2 29 8440
2 30 8227
2 31 13538
2 32 22773
2 33 44284
2 34 20941
2 35 11273
2 36 10486
2 37 6950
2 38 7330
2 39 6008
2 40 6105
2 41 4530
2 42 3240
2 43 4052
2 44 4453
2 45 4853
2 46 36101
2 47 24195
2 48 19426
2 49 17422
2 50 15753
2 51 16281
2 52 14964
2 53 13232
2 54 13182
2 55 12541
2 56 11738
2 57 11534
2 58 11379
2 59 17089
2 60 18714
2 61 15455
2 62 15831
2 63 28761
2 64 27206
2 65 56915
2 66 35360
2 67 28853
2 68 54059
2 69 48996
2 70 50288
2 71 41117
2 72 26549
2 73 28206
2 74 26728
2 75 21462
2 76 26604
2 77 26055
2 78 29252
2 79 26061
2 80 45555
2 81 81473
2 82 36206
2 83 19474
2 84 46360
2 85 45960
2 86 43241
2 87 7006
2 88 11220
2 89 12684
2 90 12145
2 91 25624
2 92 3432
2 93 6591
2 94 6501
2 95 1031
2 96 8339
2 97 9428
2 98 9911
2 99 10296
2 100 9944
2 101 11804
2 102 12643
2 103 11762
2 104 11663
2 105 10298
2 106 141094
2 107 159666
2 108 120297
2 109 131731
2 110 89879
2 111 97018
2 112 96774
2 113 83375
2 114 81355
2 115 111785
2 116 106582
2 117 99544
2 118 39326
2 119 86586
2 120 66917
2 121 85584
2 122 105224
2 123 98149
2 124 103147
2 125 101822
2 126 103143
2 127 102550
2 128 100045
2 129 100330
2 130 54591
2 131 71824
2 132 38777
2 133 35692
2 134 24515
2 135 5776
3 1 19319
3 2 -228
3 4 7427
3 5 7613
3 6 7510
3 7 7597
3 8 9585
3 9 8604
3 10 9712
3 11 10609
3 12 10611
3 13 13737
3 14 17387
3 15 18743
3 16 13831
3 17 43818
3 18 43083
3 19 49481
3 20 32110
3 21 26236
3 22 24597
3 23 24219
3 24 24407
3 25 23099
3 26 20132
3 27 17795
3 28 15915
3 29 11195
3 30 10436
3 31 14914
3 32 20901
3 33 41184
3 34 18205
3 35 7616
3 36 7207
3 37 3684
3 38 5624
3 39 4481
3 40 1665
3 41 895
3 42 1369
3 43 1994
3 44 2395
3 45 5468
3 46 36832
3 47 23506
3 48 17487
3 49 15048
3 50 13606
3 51 14338
3 52 13110
3 53 11194
3 54 11874
3 55 11182
3 56 10435
3 57 10694
3 58 11239
3 59 17718
3 60 18836
3 61 14676
3 62 14233
3 63 25438
3 64 25007
3 65 59823
3 66 35000
3 67 24938
3 68 49741
3 69 43575
3 70 44821
3 71 40689
3 72 26649
3 73 27714
3 74 25490
3 75 20623
3 76 24833
3 77 24054
3 78 26908
3 79 22270
3 80 42345
3 81 79006
3 82 39510
3 83 25435
3 84 52701
3 85 52301
3 86 49563
3 87 13237
3 88 18327
3 89 18355
3 90 17472
3 91 27513
3 92 8265
3 93 7883
3 94 7829
3 95 -2747
3 96 6498
3 97 7637
3 98 7417
3 99 7428
3 100 7501
3 101 9261
3 102 10414
3 103 10066
3 104 9710
3 105 9507
3 106 139923
3 107 158215
3 108 118807
3 109 128984
3 110 87023
3 111 94223
3 112 94041
3 113 80851
3 114 80906
3 115 111831
3 116 105876
3 117 98947
3 118 40008
3 119 87458
3 120 64448
3 121 82717
3 122 102382
3 123 95338
3 124 100366
3 125 99058
3 126 100422
3 127 99842
3 128 97398
3 129 97744
3 130 56262
3 131 71182
3 132 36386
3 133 32891
3 134 22786
3 135 6796
4 1 23670
4 2 -4148
4 3 4138
4 5 53
4 6 517
4 7 -29
4 8 1315
4 9 284
4 10 2471
4 11 2702
4 12 3148
4 13 7568
4 14 10331
4 15 11996
4 16 8864
4 17 46996
4 18 46131
4 19 50684
4 20 31132
4 21 26887
4 22 26302
4 23 26133
4 24 26150
4 25 23425
4 26 20691
4 27 17212
4 28 15676
4 29 11540
4 30 11336
4 31 16706
4 32 25901
4 33 47327
4 34 23967
4 35 13983
4 36 13248
4 37 9617
4 38 10235
4 39 8875
4 40 8291
4 41 6241
4 42 5096
4 43 6529
4 44 6930
4 45 7956
4 46 39243
4 47 27391
4 48 22538
4 49 20473
4 50 18805
4 51 19353
4 52 18045
4 53 16267
4 54 16297
4 55 15644
4 56 14835
4 57 14670
4 58 14565
4 59 20281
4 60 21914
4 61 18632
4 62 18952
4 63 31724
4 64 30315
4 65 59641
4 66 38558
4 67 31724
4 68 56859
4 69 51439
4 70 52711
4 71 44315
4 72 29743
4 73 31405
4 74 29907
4 75 24650
4 76 29747
4 77 29183
4 78 32356
4 79 28934
4 80 48581
4 81 84607
4 82 38907
4 83 20875
4 84 47472
4 85 47072
4 86 44376
4 87 8418
4 88 11270
4 89 14682
4 90 14381
4 91 28677
4 92 6085
4 93 9787
4 94 9695
4 95 3557
4 96 11273
4 97 12412
4 98 12799
4 99 13133
4 100 12855
4 101 14739
4 102 15644
4 103 14823
4 104 14680
4 105 13423
4 106 144294
4 107 162863
4 108 123493
4 109 134847
4 110 92974
4 111 100121
4 112 99884
4 113 86506
4 114 84540
4 115 114943
4 116 109778
4 117 102737
4 118 42471
4 119 89677
4 120 70059
4 121 88680
4 122 108321
4 123 101250
4 124 106252
4 125 104928
4 126 106254
4 127 105663
4 128 103164
4 129 103455
4 130 57575
4 131 75018
4 132 41917
4 133 38758
4 134 27660
4 135 8909
5 1 24825
5 2 -2938
5 3 4613
5 4 342
5 6 -697
5 7 -991
5 8 897
5 9 203
5 10 3296
5 11 3020
5 12 3705
5 13 8334
5 14 10862
5 15 12615
5 16 9812
5 17 48219
5 18 47358
5 19 51913
5 20 32301
5 21 28118
5 22 27539
5 23 27368
5 24 27386
5 25 24654
5 26 21926
5 27 18429
5 28 16905
5 29 12776
5 30 12572
5 31 17935
5 32 27023
5 33 48384
5 34 25025
5 35 14912
5 36 14203
5 37 10547
5 38 11267
5 39 9897
5 40 9072
5 41 6930
5 42 5863
5 43 7438
5 44 7839
5 45 9085
5 46 40478
5 47 28577
5 48 23650
5 49 21548
5 50 19884
5 51 20444
5 52 19142
5 53 17340
5 54 17417
5 55 16756
5 56 15945
5 57 15805
5 58 15740
5 59 21499
5 60 23118
5 61 19796
5 62 20072
5 63 32742
5 64 31422
5 65 60825
5 66 39769
5 67 32688
5 68 57781
5 69 52184
5 70 53447
5 71 45526
5 72 30959
5 73 32604
5 74 31071
5 75 25824
5 76 30880
5 77 30303
5 78 33458
5 79 29904
5 80 49628
5 81 85724
5 82 40090
5 83 21701
5 84 48213
5 85 47813
5 86 45125
5 87 9289
5 88 11785
5 89 15731
5 90 15487
5 91 29913
5 92 7281
5 93 10978
5 94 10882
5 95 4437
5 96 12312
5 97 13469
5 98 13811
5 99 14121
5 100 13876
5 101 15766
5 102 16701
5 103 15912
5 104 15748
5 105 14552
5 106 145494
5 107 164050
5 108 124679
5 109 135949
5 110 94063
5 111 101215
5 112 100983
5 113 87622
5 114 85763
5 115 116176
5 116 110992
5 117 103954
5 118 43705
5 119 90914
5 120 71182
5 121 89769
5 122 109411
5 123 102343
5 124 107347
5 125 106025
5 126 107354
5 127 106764
5 128 104270
5 129 104566
5 130 58804
5 131 76234
5 132 43040
5 133 39833
5 134 28794
5 135 10144
6 1 26814
6 2 -941
6 3 6023
6 4 2319
6 5 816
6 7 -2603
6 8 897
6 9 1031
6 10 4657
6 11 3535
6 12 4558
6 13 9350
6 14 11493
6 15 13382
6 16 11118
6 17 50210
6 18 49344
6 19 53791
6 20 33994
6 21 30011
6 22 29497
6 23 29336
6 24 29347
6 25 26538
6 26 23839
6 27 20269
6 28 18793
6 29 14733
6 30 14529
6 31 19918
6 32 28993
6 33 50299
6 34 26948
6 35 16734
6 36 16051
6 37 12379
6 38 13184
6 39 11810
6 40 10779
6 41 8579
6 42 7596
6 43 9270
6 44 9671
6 45 11066
6 46 42446
6 47 30575
6 48 25613
6 49 23487
6 50 21827
6 51 22395
6 52 21098
6 53 19280
6 54 19388
6 55 18723
6 56 17911
6 57 17785
6 58 17737
6 59 23494
6 60 25118
6 61 21788
6 62 22042
6 63 34628
6 64 33380
6 65 62551
6 66 41767
6 67 34520
6 68 59563
6 69 53760
6 70 55011
6 71 47524
6 72 32956
6 73 34604
6 74 33063
6 75 27820
6 76 32855
6 77 32270
6 78 35413
6 79 31746
6 80 51535
6 81 87687
6 82 41821
6 83 22675
6 84 49040
6 85 48640
6 86 45968
6 87 10398
6 88 12371
6 89 17195
6 90 17069
6 91 31837
6 92 9075
6 93 12977
6 94 12881
6 95 6225
6 96 14233
6 97 15401
6 98 15708
6 99 15998
6 100 15779
6 101 17672
6 102 18629
6 103 17864
6 104 17685
6 105 16530
6 106 147494
6 107 166049
6 108 126677
6 109 137899
6 110 96003
6 111 103159
6 112 102931
6 113 89583
6 114 87754
6 115 118151
6 116 112989
6 117 105950
6 118 45674
6 119 92849
6 120 73148
6 121 91710
6 122 111352
6 123 104286
6 124 109292
6 125 107971
6 126 109303
6 127 108714
6 128 106224
6 129 106524
6 130 60679
6 131 78230
6 132 45007
6 133 41765
6 134 30770
6 135 12107
7 1 29640
7 2 1820
7 3 9552
7 4 5215
7 5 3964
7 6 839
7 8 1704
7 9 2731
7 10 5933
7 11 3121
7 12 4624
7 13 9160
7 14 10597
7 15 12714
7 16 11443
7 17 52523
7 18 51611
7 19 55372
7 20 34961
7 21 31753
7 22 31598
7 23 31500
7 24 31463
7 25 28262
7 26 25718
7 27 21863
7 28 20602
7 29 16925
7 30 16683
7 31 22252
7 32 31940
7 33 53426
7 34 30069
7 35 20054
7 36 19336
7 37 15688
7 38 16345
7 39 14984
7 40 14206
7 41 12037
7 42 11001
7 43 12581
7 44 12982
7 45 14014
7 46 44557
7 47 33246
7 48 28594
7 49 26566
7 50 24897
7 51 25435
7 52 24122
7 53 22364
7 54 22349
7 55 21706
7 56 20901
7 57 20701
7 58 20495
7 59 25947
7 60 27685
7 61 24586
7 62 24999
7 63 37834
7 64 36373
7 65 63536
7 66 44227
7 67 37820
7 68 62926
7 69 57266
7 70 58522
7 71 49985
7 72 35399
7 73 37187
7 74 35843
7 75 30557
7 76 35765
7 77 35222
7 78 38419
7 79 35032
7 80 54685
7 81 90636
7 82 42897
7 83 21858
7 84 47978
7 85 47578
7 86 44938
7 87 10057
7 88 11346
7 89 17754
7 90 17938
7 91 33726
7 92 10642
7 93 15689
7 94 15612
7 95 9585
7 96 17383
7 97 18518
7 98 18907
7 99 19236
7 100 18965
7 101 20849
7 102 21749
7 103 20909
7 104 20781
7 105 19466
7 106 150011
7 107 168658
7 108 129299
7 109 140898
7 110 99045
7 111 106186
7 112 105942
7 113 92538
7 114 90034
7 115 120255
7 116 115386
7 117 108316
7 118 47795
7 119 94692
7 120 76075
7 121 94751
7 122 114390
7 123 107317
7 124 112315
7 125 110990
7 126 112310
7 127 111718
7 128 109212
7 129 109495
7 130 62224
7 131 80604
7 132 47937
7 133 44847
7 134 33676
7 135 14207
8 1 26202
8 2 -1517
8 3 7197
8 4 2216
8 5 1509
8 6 -4
8 7 -2639
8 9 -679
8 10 2531
8 11 844
8 12 1936
8 13 6736
8 14 8801
8 15 10701
8 16 8659
8 17 49027
8 18 48119
8 19 52034
8 20 31870
8 21 28350
8 22 28119
8 23 28014
8 24 27982
8 25 24860
8 26 22275
8 27 18492
8 28 17168
8 29 13428
8 30 13192
8 31 18752
8 32 28543
8 33 50104
8 34 26769
8 35 16991
8 36 16232
8 37 12634
8 38 13136
8 39 11796
8 40 11392
8 41 9352
8 42 8204
8 43 9579
8 44 9980
8 45 10673
8 46 41082
8 47 29768
8 48 25215
8 49 23246
8 50 21578
8 51 22099
8 52 20778
8 53 19062
8 54 18977
8 55 18347
8 56 17548
8 57 17312
8 58 17048
8 59 22449
8 60 24196
8 61 21144
8 62 21616
8 63 34591
8 64 32992
8 65 60452
8 66 40727
8 67 34664
8 68 59844
8 69 54536
8 70 55810
8 71 46486
8 72 31899
8 73 33696
8 74 32386
8 75 27093
8 76 32350
8 77 31822
8 78 35041
8 79 31871
8 80 51380
8 81 87217
8 82 39755
8 83 20011
8 84 46354
8 85 45954
8 86 43283
8 87 7791
8 88 9679
8 89 14846
8 90 14856
8 91 30287
8 92 7257
8 93 12243
8 94 12174
8 95 6612
8 96 14156
8 97 15257
8 98 15716
8 99 16081
8 100 15757
8 101 17625
8 102 18474
8 103 17586
8 104 17493
8 105 16090
8 106 146511
8 107 165163
8 108 125805
8 109 137494
8 110 95665
8 111 102798
8 112 102547
8 113 89119
8 114 86544
8 115 116789
8 116 111887
8 117 104819
8 118 44319
8 119 91281
8 120 72643
8 121 91369
8 122 111008
8 123 103931
8 124 108925
8 125 107599
8 126 108914
8 127 108319
8 128 105806
8 129 106083
8 130 58903
8 131 77107
8 132 44510
8 133 41504
8 134 30260
8 135 10731
9 1 25124
9 2 -2631
9 3 6217
9 4 1186
9 5 816
9 6 131
9 7 -1611
9 8 -678
9 10 1854
9 11 1038
9 12 1837
9 13 6584
9 14 8933
9 15 10736
9 16 8290
9 17 48057
9 18 47159
9 19 51243
9 20 31250
9 21 27513
9 22 27191
9 23 27070
9 24 27050
9 25 24027
9 26 21400
9 27 17694
9 28 16309
9 29 12466
9 30 12244
9 31 17763
9 32 27449
9 33 48997
9 34 25657
9 35 15877
9 36 15117
9 37 11522
9 38 12018
9 39 10679
9 40 10312
9 41 8303
9 42 7137
9 43 8475
9 44 8876
9 45 9564
9 46 40157
9 47 28718
9 48 24117
9 49 22136
9 50 20468
9 51 20991
9 52 19672
9 53 17949
9 54 17876
9 55 17243
9 56 16443
9 57 16215
9 58 15974
9 59 21437
9 60 23161
9 61 20068
9 62 20519
9 63 33475
9 64 31895
9 65 59822
9 66 39724
9 67 33546
9 68 58727
9 69 53447
9 70 54724
9 71 45483
9 72 30895
9 73 32665
9 74 31319
9 75 26031
9 76 31263
9 77 30730
9 78 33943
9 79 30753
9 80 50270
9 81 86133
9 82 39103
9 83 19948
9 84 46384
9 85 45984
9 86 43302
9 87 7613
9 88 9845
9 89 14375
9 90 14283
9 91 29413
9 92 6464
9 93 11168
9 94 11095
9 95 5508
9 96 13038
9 97 14141
9 98 14597
9 99 14963
9 100 14639
9 101 16507
9 102 17359
9 103 16476
9 104 16379
9 105 14989
9 106 145505
9 107 164139
9 108 124778
9 109 136405
9 110 94569
9 111 101704
9 112 101455
9 113 88035
9 114 85587
9 115 115871
9 116 110904
9 117 103842
9 118 43391
9 119 90424
9 120 71564
9 121 90273
9 122 109913
9 123 102836
9 124 107832
9 125 106505
9 126 107822
9 127 107228
9 128 104717
9 129 104996
9 130 58121
9 131 76129
9 132 43428
9 133 40400
9 134 29173
9 135 9806
10 1 23080
10 2 -3453
10 3 6697
10 4 2745
10 5 3281
10 6 3129
10 7 963
10 8 1904
10 9 1226
10 11 -157
10 12 -257
10 13 3928
10 14 6808
10 15 8400
10 16 5360
10 17 45483
10 18 44555
10 19 48335
10 20 28234
10 21 24664
10 22 24516
10 23 24434
10 24 24385
10 25 21173
10 26 18616
10 27 14795
10 28 13500
10 29 9915
10 30 9636
10 31 15280
10 32 25537
10 33 47223
10 34 24015
10 35 14889
10 36 14066
10 37 10638
10 38 10817
10 39 9567
10 40 9988
10 41 8389
10 42 7110
10 43 7894
10 44 8295
10 45 8060
10 46 37468
10 47 26479
10 48 22273
10 49 20467
10 50 18830
10 51 19311
10 52 17968
10 53 16384
10 54 16110
10 55 15524
10 56 14754
10 57 14414
10 58 13941
10 59 19035
10 60 20859
10 61 18028
10 62 18687
10 63 31932
10 64 30020
10 65 56810
10 66 37259
10 67 32151
10 68 57427
10 69 52676
10 70 53980
10 71 43015
10 72 28446
10 73 30328
10 74 29182
10 75 23876
10 76 29287
10 77 28799
10 78 32064
10 79 29379
10 80 48534
10 81 84083
10 82 36097
10 83 17260
10 84 43833
10 85 43433
10 86 40737
10 87 4828
10 88 7756
10 89 11372
10 90 11260
10 91 26624
10 92 3562
10 93 9210
10 94 9178
10 95 4804
10 96 11762
10 97 12749
10 98 13365
10 99 13803
10 100 13360
10 101 15160
10 102 15871
10 103 14866
10 104 14876
10 105 13246
10 106 143033
10 107 161735
10 108 122385
10 109 134384
10 110 92625
10 111 99740
10 112 99470
10 113 85981
10 114 82965
10 115 113156
10 116 108358
10 117 101277
10 118 40706
10 119 87600
10 120 69464
10 121 88322
10 122 107963
10 123 100876
10 124 105862
10 125 104531
10 126 105832
10 127 105233
10 128 102702
10 129 102962
10 130 55203
10 131 73568
10 132 41355
10 133 38596
10 134 27196
10 135 7118
11 1 25596
11 2 -299
11 3 9744
11 4 5126
11 5 5155
11 6 4157
11 7 301
11 8 2367
11 9 2560
11 10 1993
11 12 -1605
11 13 2754
11 14 4640
11 15 6552
11 16 5018
11 17 47282
11 18 46300
11 19 49322
11 20 28619
11 21 25962
11 22 26232
11 23 26221
11 24 26120
11 25 22490
11 26 20150
11 27 16033
11 28 15044
11 29 12028
11 30 11585
11 31 17389
11 32 28143
11 33 49861
11 34 26801
11 35 17977
11 36 17144
11 37 13759
11 38 13877
11 39 12656
11 40 13149
11 41 11505
11 42 10236
11 43 11055
11 44 11456
11 45 11052
11 46 39074
11 47 28792
11 48 24940
11 49 23255
11 50 21654
11 51 22114
11 52 20758
11 53 19262
11 54 18880
11 55 18328
11 56 17581
11 57 17179
11 58 16538
11 59 21215
11 60 23149
11 61 20578
11 62 21388
11 63 34752
11 64 32638
11 65 57172
11 66 39237
11 67 35031
11 68 60336
11 69 55759
11 70 57070
11 71 44982
11 72 30499
11 73 32513
11 74 31583
11 75 26288
11 76 31833
11 77 31375
11 78 34666
11 79 32283
11 80 51197
11 81 86473
11 82 36594
11 83 15875
11 84 42193
11 85 41793
11 86 39124
11 87 3758
11 88 5527
11 89 11352
11 90 11652
11 91 28078
11 92 5005
11 93 11948
11 94 11951
11 95 7950
11 96 14792
11 97 15731
11 98 16397
11 99 16853
11 100 16374
11 101 18140
11 102 18787
11 103 17730
11 104 17796
11 105 16058
11 106 144905
11 107 163705
11 108 124368
11 109 136780
11 110 95103
11 111 102200
11 112 101913
11 113 88360
11 114 84600
11 115 114616
11 116 110134
11 117 103027
11 118 42317
11 119 88820
11 120 71789
11 121 90790
11 122 110435
11 123 103340
11 124 108317
11 125 106983
11 126 108270
11 127 107666
11 128 105118
11 129 105359
11 130 56129
11 131 75321
11 132 43724
11 133 41234
11 134 29744
11 135 8758
12 1 24379
12 2 -886
12 3 9332
12 4 5158
12 5 5426
12 6 4766
12 7 1390
12 8 3045
12 9 2945
12 10 1479
12 11 -2019
12 13 1896
12 14 4280
12 15 6007
12 16 3932
12 17 45983
12 18 45000
12 19 48068
12 20 27448
12 21 24673
12 22 24932
12 23 24923
12 24 24821
12 25 21199
12 26 18851
12 27 14744
12 28 13744
12 29 10760
12 30 10297
12 31 16113
12 32 26947
12 33 48663
12 34 25666
12 35 17063
12 36 16220
12 37 12902
12 38 12943
12 39 11759
12 40 12479
12 41 10989
12 42 9701
12 43 10336
12 44 10737
12 45 10068
12 46 37775
12 47 27534
12 48 23764
12 49 22124
12 50 20542
12 51 20994
12 52 19633
12 53 18182
12 54 17751
12 55 17214
12 56 16479
12 57 16052
12 58 15353
12 59 19945
12 60 21892
12 61 19373
12 62 20227
12 63 33626
12 64 31442
12 65 56016
12 66 37944
12 67 33930
12 68 59247
12 69 54810
12 70 56130
12 71 43688
12 72 29212
12 73 31238
12 74 30339
12 75 25048
12 76 30619
12 77 30169
12 78 33465
12 79 31199
12 80 50007
12 81 85219
12 82 35404
12 83 15220
12 84 41642
12 85 41242
12 86 38560
12 87 2951
12 88 5217
12 89 10226
12 90 10446
12 91 26782
12 92 3705
12 93 10825
12 94 10843
12 95 7148
12 96 13826
12 97 14723
12 98 15428
12 99 15900
12 100 15389
12 101 17124
12 102 17729
12 103 16644
12 104 16741
12 105 14952
12 106 143606
12 107 162408
12 108 123072
12 109 135524
12 110 93863
12 111 100957
12 112 100667
12 113 87103
12 114 83302
12 115 113325
12 116 108834
12 117 101727
12 118 41018
12 119 87545
12 120 70523
12 121 89548
12 122 109195
12 123 102098
12 124 107073
12 125 105738
12 126 107023
12 127 106418
12 128 103866
12 129 104105
12 130 54884
12 131 74021
12 132 42465
12 133 40040
12 134 28532
12 135 7458
13 1 23466
13 2 3408
13 3 13517
13 4 10637
13 5 11114
13 6 10617
13 7 6985
13 8 8904
13 9 8751
13 10 6723
13 11 3399
13 12 2955
13 14 1186
13 15 1769
13 16 -1089
13 17 42877
13 18 41779
13 19 43564
13 20 22353
13 21 20968
13 22 22041
13 23 22182
13 24 21979
13 25 17642
13 26 15817
13 27 11300
13 28 11053
13 29 9729
13 30 8460
13 31 14499
13 32 26202
13 33 47553
13 34 25557
13 35 18936
13 36 18078
13 37 15241
13 38 14955
13 39 14045
13 40 15760
13 41 14942
13 42 13660
13 43 13555
13 44 13956
13 45 12020
13 46 34360
13 47 25934
13 48 23303
13 49 22165
13 50 20872
13 51 21270
13 52 19867
13 53 18874
13 54 18045
13 55 17674
13 56 17086
13 57 16460
13 58 15160
13 59 18313
13 60 20493
13 61 18753
13 62 20060
13 63 33478
13 64 30630
13 65 50793
13 66 35262
13 67 33894
13 68 59188
13 69 55738
13 70 57115
13 71 40948
13 72 26937
13 73 29222
13 74 28902
13 75 23800
13 76 29625
13 77 29229
13 78 32514
13 79 31407
13 80 48981
13 81 83245
13 82 30409
13 83 9410
13 84 35941
13 85 35541
13 86 32845
13 87 -2909
13 88 1645
13 89 5108
13 90 5948
13 91 23326
13 92 1765
13 93 11684
13 94 11864
13 95 9775
13 96 15584
13 97 16150
13 98 17063
13 99 17599
13 100 16896
13 101 18352
13 102 18610
13 103 17349
13 104 17713
13 105 15613
13 106 140342
13 107 159336
13 108 120027
13 109 133446
13 110 92089
13 111 99135
13 112 98796
13 113 85058
13 114 79630
13 115 109371
13 116 105449
13 117 98304
13 118 37601
13 119 83285
13 120 68279
13 121 87724
13 122 107404
13 123 100283
13 124 105235
13 125 103891
13 126 105136
13 127 104516
13 128 101917
13 129 102107
13 130 50255
13 131 70593
13 132 40434
13 133 39073
13 134 27565
13 135 4221
14 1 26100
14 2 4435
14 3 14710
14 4 10943
14 5 11185
14 6 10303
14 7 5965
14 8 8512
14 9 8643
14 10 7146
14 11 2828
14 12 2882
14 13 -1271
14 15 966
14 16 1501
14 17 45495
14 18 44380
14 19 45831
14 20 24377
14 21 23534
14 22 24709
14 23 24858
14 24 24650
14 25 20246
14 26 18486
14 27 13944
14 28 13745
14 29 12308
14 30 11133
14 31 17166
14 32 28827
14 33 50229
14 34 28106
14 35 21020
14 36 20158
14 37 17163
14 38 16955
14 39 15954
14 40 17346
14 41 16227
14 42 14931
14 43 15138
14 44 15539
14 45 13995
14 46 36940
14 47 28617
14 48 25891
14 49 24680
14 50 23324
14 51 23729
14 52 22333
14 53 21244
14 54 20487
14 55 20081
14 56 19459
14 57 18867
14 58 17671
14 59 20988
14 60 23157
14 61 21344
14 62 22595
14 63 36047
14 64 33268
14 65 52653
14 66 37926
14 67 36459
14 68 61768
14 69 58162
14 70 59527
14 71 43605
14 72 29627
14 73 31915
14 74 31581
14 75 26462
14 76 32276
14 77 31877
14 78 35168
14 79 33925
14 80 51652
14 81 85934
14 82 32484
14 83 9812
14 84 36063
14 85 35663
14 86 33000
14 87 -1955
14 88 -557
14 89 7396
14 90 8476
14 91 25928
14 92 4390
14 93 13939
14 94 14078
14 95 11605
14 96 17665
14 97 18325
14 98 19193
14 99 19718
14 100 19062
14 101 20599
14 102 20939
14 103 19708
14 104 20013
14 105 17963
14 106 142903
14 107 161926
14 108 122622
14 109 136128
14 110 94781
14 111 101826
14 112 101487
14 113 87743
14 114 82112
14 115 111783
14 116 107996
14 117 100845
14 118 40179
14 119 85616
14 120 70954
14 121 90415
14 122 110096
14 123 102975
14 124 107926
14 125 106582
14 126 107826
14 127 107206
14 128 104605
14 129 104795
14 130 52452
14 131 73132
14 132 43121
14 133 41734
14 134 30212
14 135 6839
15 1 25268
15 2 4359
15 3 14593
15 4 11135
15 5 11465
15 6 10719
15 7 6609
15 8 8939
15 9 8973
15 10 7265
15 11 3267
15 12 3136
15 13 -2161
15 14 -507
15 16 521
15 17 44506
15 18 43389
15 19 44847
15 20 23427
15 21 22538
15 22 23741
15 23 23898
15 24 23685
15 25 19257
15 26 17521
15 27 12967
15 28 12813
15 29 11521
15 30 10258
15 31 16299
15 32 28004
15 33 49349
15 34 27345
15 35 20519
15 36 19658
15 37 16737
15 38 16490
15 39 15531
15 40 17067
15 41 16070
15 42 14777
15 43 14856
15 44 15257
15 45 13537
15 46 35945
15 47 27724
15 48 25099
15 49 23942
15 50 22626
15 51 23027
15 52 21626
15 53 20594
15 54 19794
15 55 19409
15 56 18806
15 57 18194
15 58 16934
15 59 20109
15 60 22294
15 61 20550
15 62 21842
15 63 35271
15 64 32433
15 65 51739
15 66 36955
15 67 35686
15 68 60984
15 69 57485
15 70 58858
15 71 42630
15 72 28687
15 73 30989
15 74 30696
15 75 25601
15 76 31428
15 77 31032
15 78 34316
15 79 33186
15 80 50779
15 81 84988
15 82 31526
15 83 9290
15 84 35627
15 85 35227
15 86 32552
15 87 -2681
15 88 -143
15 89 6401
15 90 7480
15 91 24937
15 92 3566
15 93 13345
15 94 13506
15 95 11220
15 96 17162
15 97 17777
15 98 18668
15 99 19199
15 100 18519
15 101 20016
15 102 20312
15 103 19064
15 104 19401
15 105 17322
15 106 141905
15 107 160932
15 108 121628
15 109 135172
15 110 93845
15 111 100887
15 112 100545
15 113 86792
15 114 81112
15 115 110786
15 116 106998
15 117 99846
15 118 39184
15 119 84626
15 120 69990
15 121 89476
15 122 109159
15 123 102036
15 124 106986
15 125 105642
15 126 106884
15 127 106262
15 128 103659
15 129 103846
15 130 51477
15 131 72133
15 132 42172
15 133 40874
15 134 29367
15 135 5852
16 1 21055
16 2 4111
16 3 13736
16 4 12058
16 5 12717
16 6 12510
16 7 9393
16 8 10952
16 9 10582
16 10 8280
16 11 5788
16 12 5116
16 13 -964
16 14 4083
16 15 4576
16 17 39907
16 18 38799
16 19 40629
16 20 19575
16 21 17973
16 22 19137
16 23 19303
16 24 19083
16 25 14662
16 26 12919
16 27 8357
16 28 8295
16 29 7631
16 30 5933
16 31 11991
16 32 23811
16 33 44933
16 34 23384
16 35 17785
16 36 16950
16 37 14411
16 38 14033
16 39 13293
16 40 15461
16 41 15092
16 42 13859
16 43 13317
16 44 13718
16 45 11222
16 46 31370
16 47 23293
16 48 21032
16 49 20097
16 50 18971
16 51 19360
16 52 17942
16 53 17178
16 54 16199
16 55 15910
16 56 15406
16 57 14714
16 58 13167
16 59 15742
16 60 17978
16 61 16502
16 62 17955
16 63 31232
16 64 28187
16 65 48093
16 66 32347
16 67 31641
16 68 56880
16 69 53768
16 70 55170
16 71 38021
16 72 24128
16 73 26460
16 74 26285
16 75 21278
16 76 27140
16 77 26749
16 78 30005
16 79 29287
16 80 46383
16 81 80410
16 82 27593
16 83 8043
16 84 34916
16 85 34516
16 86 31793
16 87 -4443
16 88 4295
16 89 2270
16 90 2950
16 91 20345
16 92 -352
16 93 10369
16 94 10638
16 95 9090
16 96 14506
16 97 14886
16 98 15864
16 99 16408
16 100 15626
16 101 16913
16 102 17001
16 103 15689
16 104 16179
16 105 14006
16 106 137348
16 107 156352
16 108 117045
16 109 130576
16 110 89285
16 111 96321
16 112 95974
16 113 82203
16 114 76630
16 115 106382
16 116 102452
16 117 95306
16 118 34611
16 119 80320
16 120 65386
16 121 84907
16 122 104596
16 123 97471
16 124 102418
16 125 101073
16 126 102310
16 127 101687
16 128 99079
16 129 99261
16 130 47349
16 131 67595
16 132 37588
16 133 36526
16 134 25093
16 135 1251
17 1 23371
17 2 37499
17 3 40669
17 4 47136
17 5 48070
17 6 48548
17 7 47419
17 8 48266
17 9 47295
17 10 45349
17 11 44998
17 12 44113
17 13 39948
17 14 45023
17 15 45507
17 16 36853
17 18 -1587
17 19 8668
17 20 14476
17 21 20570
17 22 21542
17 23 21494
17 24 21819
17 25 23956
17 26 25913
17 27 27408
17 28 29579
17 29 32250
17 30 25149
17 31 27441
17 32 21138
17 33 11779
17 34 22419
17 35 35338
17 36 35640
17 37 36167
17 38 37097
17 39 37669
17 40 40308
17 41 42957
17 42 42584
17 43 40095
17 44 40496
17 45 37526
17 46 3448
17 47 19488
17 48 22674
17 49 25284
17 50 29388
17 51 30478
17 52 29158
17 53 31603
17 54 30819
17 55 31530
17 56 32271
17 57 32078
17 58 29697
17 59 25640
17 60 26103
17 61 25990
17 62 26558
17 63 20973
17 64 19401
17 65 21746
17 66 1555
17 67 13523
17 68 30330
17 69 31415
17 70 33363
17 71 2089
17 72 18143
17 73 16367
17 74 17719
17 75 21986
17 76 20629
17 77 17993
17 78 14965
17 79 20471
17 80 13644
17 81 40846
17 82 17853
17 83 14120
17 84 49490
17 85 49090
17 86 46529
17 87 23986
17 88 45133
17 89 34224
17 90 33983
17 91 19997
17 92 31128
17 93 35345
17 94 36057
17 95 31467
17 96 36204
17 97 35048
17 98 35346
17 99 35236
17 100 34458
17 101 33479
17 102 32124
17 103 31690
17 104 33081
17 105 32985
17 106 96590
17 107 115459
17 108 76141
17 109 90250
17 110 49951
17 111 56866
17 112 56400
17 113 42219
17 114 36510
17 115 67053
17 116 61842
17 117 54759
17 118 4815
17 119 42900
17 120 24878
17 121 45308
17 122 65206
17 123 58021
17 124 62909
17 125 61559
17 126 62687
17 127 62016
17 128 59300
17 129 59378
17 130 13402
17 131 27050
17 132 -2121
17 133 11946
17 134 19790
17 135 -11407
18 1 24648
18 2 38607
18 3 41900
18 4 48237
18 5 49175
18 6 49648
18 7 48473
18 8 49324
18 9 48363
18 10 46387
18 11 45982
18 12 45096
18 13 40816
18 14 45874
18 15 46356
18 16 37711
18 17 379
18 19 7303
18 20 14431
18 21 21357
18 22 22528
18 23 22512
18 24 22814
18 25 24809
18 26 26857
18 27 28301
18 28 30547
18 29 33311
18 30 26195
18 31 28530
18 32 22482
18 33 12331
18 34 23791
18 35 36616
18 36 36903
18 37 37408
18 38 38307
18 39 38871
18 40 41540
18 41 44163
18 42 43774
18 43 41294
18 44 41695
18 45 38688
18 46 4020
18 47 20751
18 48 23997
18 49 26605
18 50 30671
18 51 31750
18 52 30426
18 53 32861
18 54 32052
18 55 32761
18 56 33496
18 57 33287
18 58 30879
18 59 26769
18 60 27272
18 61 27217
18 62 27829
18 63 22387
18 64 20794
18 65 20388
18 66 2935
18 67 14825
18 68 31187
18 69 32318
18 70 34289
18 71 3483
18 72 19311
18 73 17632
18 74 19056
18 75 23245
18 76 21990
18 77 19378
18 78 16379
18 79 21883
18 80 14215
18 81 40469
18 82 17660
18 83 13632
18 84 49327
18 85 48927
18 86 46384
18 87 24516
18 88 45961
18 89 35002
18 90 34815
18 91 20841
18 92 32106
18 93 36485
18 94 37198
18 95 32711
18 96 37423
18 97 36272
18 98 36588
18 99 36489
18 100 35703
18 101 34739
18 102 33384
18 103 32930
18 104 34325
18 105 34188
18 106 95633
18 107 114558
18 108 75248
18 109 89655
18 110 49572
18 111 56469
18 112 55986
18 113 41731
18 114 35427
18 115 65884
18 116 60834
18 117 53734
18 118 5309
18 119 41579
18 120 24250
18 121 44873
18 122 64818
18 123 57624
18 124 62503
18 125 61153
18 126 62263
18 127 61582
18 128 58848
18 129 58908
18 130 11992
18 131 26027
18 132 -2523
18 133 13200
18 134 21142
18 135 -10516
19 1 40363
19 2 51406
19 3 56352
19 4 60844
19 5 61784
19 6 62149
19 7 60288
19 8 61293
19 9 60501
19 10 58221
19 11 57058
19 12 56218
19 13 50655
19 14 55379
19 15 55868
19 16 47595
19 17 18688
19 18 15357
19 20 16804
19 21 32330
19 22 35416
19 23 35706
19 24 35769
19 25 35984
19 26 38764
19 27 39386
19 28 42349
19 29 45985
19 30 38910
19 31 41834
19 32 39092
19 33 26699
19 34 40728
19 35 51926
19 36 51998
19 37 52163
19 38 52661
19 39 53090
19 40 56080
19 41 58284
19 42 57686
19 43 55381
19 44 55782
19 45 52401
19 46 18000
19 47 36524
19 48 40250
19 49 42757
19 50 46232
19 51 47163
19 52 45793
19 53 48025
19 54 46928
19 55 47585
19 56 48211
19 57 47802
19 58 45140
19 59 40700
19 60 41673
19 61 42174
19 62 43293
19 63 40430
19 64 38184
19 65 2034
19 66 20724
19 67 33108
19 68 47202
19 69 48347
19 70 50473
19 71 21807
19 72 34304
19 73 33663
19 74 35728
19 75 38825
19 76 38889
19 77 36642
19 78 34382
19 79 39976
19 80 28644
19 81 44186
19 82 19044
19 83 5781
19 84 45937
19 85 45537
19 86 43291
19 87 30602
19 88 55162
19 89 44218
19 90 44710
19 91 32591
19 92 43648
19 93 50004
19 94 50710
19 95 47477
19 96 51916
19 97 50880
19 98 51424
19 99 51476
19 100 50588
19 101 49867
19 102 48551
19 103 47844
19 104 49248
19 105 48591
19 106 88494
19 107 108314
19 108 69136
19 109 88092
19 110 52302
19 111 58983
19 112 58280
19 113 43027
19 114 26461
19 115 55408
19 116 54114
19 117 47014
19 118 19502
19 119 28864
19 120 22530
19 121 46444
19 122 67383
19 123 60083
19 124 64854
19 125 63558
19 126 64395
19 127 63556
19 128 60600
19 129 60434
19 130 -4163
19 131 19028
19 132 914
19 133 31388
19 134 37899
19 135 2753
20 1 25078
20 2 29354
20 3 36122
20 4 38433
20 5 39313
20 6 39493
20 7 37018
20 8 38270
20 9 37649
20 10 35261
20 11 33496
20 12 32739
20 13 26585
20 14 31066
20 15 31589
20 16 23682
20 17 21637
20 18 19626
20 19 13945
20 21 12467
20 22 17296
20 23 17911
20 24 17642
20 25 15115
20 26 18048
20 27 17356
20 28 20709
20 29 24753
20 30 18216
20 31 22071
20 32 25921
20 33 33869
20 34 27671
20 35 33757
20 36 33464
20 37 32906
20 38 32906
20 39 33062
20 40 36223
20 41 37711
20 42 36862
20 43 34942
20 44 35343
20 45 31769
20 46 13383
20 47 22590
20 48 25740
20 49 27467
20 50 29384
20 51 30047
20 52 28613
20 53 30160
20 54 28748
20 55 29218
20 56 29571
20 57 28911
20 58 26120
20 59 22266
20 60 23973
20 61 24827
20 62 26628
20 63 31643
20 64 27576
20 65 20388
20 66 18085
20 67 29272
20 68 50805
20 69 51162
20 70 52917
20 71 22337
20 72 20119
20 73 21627
20 74 24011
20 75 23700
20 76 26976
20 77 25816
20 78 26647
20 79 31032
20 80 35665
20 81 62596
20 82 44
20 83 -6764
20 84 26913
20 85 26513
20 86 23921
20 87 5615
20 88 30723
20 89 20193
20 90 21117
20 91 14089
20 92 21096
20 93 29381
20 94 30033
20 95 28142
20 96 32450
20 97 31711
20 98 32546
20 99 32825
20 100 31843
20 101 31663
20 102 30589
20 103 29512
20 104 30801
20 105 29393
20 106 113153
20 107 132748
20 108 93532
20 109 110525
20 110 71629
20 111 78468
20 112 77923
20 113 63378
20 114 51381
20 115 80408
20 116 78418
20 117 71250
20 118 16189
20 119 53837
20 120 44973
20 121 66690
20 122 86839
20 123 79616
20 124 84465
20 125 83121
20 126 84162
20 127 83444
20 128 80642
20 129 80630
20 130 20090
20 131 43413
20 132 19531
20 133 29666
20 134 25509
20 135 -10516
21 1 11704
21 2 17814
21 3 23316
21 4 27256
21 5 28198
21 6 28578
21 7 26878
21 8 27818
21 9 26980
21 10 24759
21 11 23907
21 12 23032
21 13 18268
21 14 23291
21 15 23768
21 16 15148
21 17 20799
21 18 19620
21 19 22539
21 20 5535
21 22 3758
21 23 4421
21 24 4069
21 25 2425
21 26 5190
21 27 5975
21 28 8768
21 29 12432
21 30 5435
21 31 8747
21 32 13167
21 33 28562
21 34 14679
21 35 20176
21 36 19956
21 37 19621
21 38 19793
21 39 20081
21 40 23207
21 41 25072
21 42 24368
21 43 22203
21 44 22604
21 45 19099
21 46 12146
21 47 10104
21 48 12451
21 49 13909
21 50 15655
21 51 16317
21 52 14883
21 53 16487
21 54 15102
21 55 15611
21 56 16028
21 57 15420
21 58 12631
21 59 8560
21 60 10245
21 61 11097
21 62 12916
21 63 20063
21 64 15855
21 65 32323
21 66 13794
21 67 19225
21 68 43002
21 69 42143
21 70 43746
21 71 19300
21 72 8364
21 73 10745
21 74 12434
21 75 10492
21 76 14876
21 77 14120
21 78 16220
21 79 19161
21 80 30178
21 81 62097
21 82 12384
21 83 4843
21 84 35575
21 85 35175
21 86 32435
21 87 3072
21 88 23349
21 89 12390
21 90 12215
21 91 1531
21 92 10186
21 93 16671
21 94 17362
21 95 14897
21 96 19211
21 97 18355
21 98 19113
21 99 19337
21 100 18369
21 101 18061
21 102 16935
21 103 15910
21 104 17234
21 105 16007
21 106 118111
21 107 137133
21 108 97832
21 109 111939
21 110 71132
21 111 78107
21 112 77701
21 113 63722
21 114 57472
21 115 87393
21 116 83218
21 117 76074
21 118 15383
21 119 61675
21 120 46627
21 121 66644
21 122 86418
21 123 79263
21 124 84180
21 125 82830
21 126 84014
21 127 83369
21 128 80705
21 129 80833
21 130 29431
21 131 48364
21 132 19206
21 133 21446
21 134 13192
21 135 -17730
22 1 7675
22 2 16106
22 3 20686
22 4 25680
22 5 26628
22 6 27073
22 7 25732
22 8 26596
22 9 25667
22 10 23620
22 11 23186
22 12 22300
22 13 18350
22 14 23475
22 15 23980
22 16 15321
22 17 20780
22 18 19800
22 19 24634
22 20 9373
22 21 2767
22 23 394
22 24 94
22 25 3221
22 26 4176
22 27 5867
22 28 7768
22 29 10654
22 30 3507
22 31 6166
22 32 9216
22 33 26419
22 34 10666
22 35 16842
22 36 16731
22 37 16646
22 38 17017
22 39 17416
22 40 20449
22 41 22596
22 42 22008
22 43 19692
22 44 20093
22 45 16730
22 46 12692
22 47 6329
22 48 8420
22 49 9928
22 50 11914
22 51 12630
22 52 11209
22 53 13023
22 54 11719
22 55 12298
22 56 12817
22 57 12303
22 58 9567
22 59 5172
22 60 6553
22 61 7391
22 62 9097
22 63 16349
22 64 12190
22 65 35210
22 66 12948
22 67 15849
22 68 40089
22 69 38830
22 70 40397
22 71 18644
22 72 5269
22 73 7806
22 74 8955
22 75 6470
22 76 11128
22 77 10484
22 78 12947
22 79 15350
22 80 27971
22 81 61056
22 82 15978
22 83 8849
22 84 39356
22 85 38956
22 86 36207
22 87 5392
22 88 23691
22 89 13267
22 90 12672
22 91 2938
22 92 9313
22 93 14353
22 94 15064
22 95 11949
22 96 16320
22 97 15349
22 98 16000
22 99 16147
22 100 15209
22 101 14718
22 102 13508
22 103 12593
22 104 13962
22 105 13017
22 106 118405
22 107 137247
22 108 97920
22 109 111175
22 110 69987
22 111 77004
22 112 76639
22 113 62819
22 114 58178
22 115 88407
22 116 83634
22 117 76534
22 118 15927
22 119 63147
22 120 45977
22 121 65580
22 122 85291
22 123 78156
22 124 83093
22 125 81747
22 126 82969
22 127 82340
22 128 79718
22 129 79888
22 130 31463
22 131 48827
22 132 18218
22 133 18702
22 134 9376
22 135 -17657
23 1 6985
23 2 15952
23 3 20341
23 4 25544
23 5 26490
23 6 26945
23 7 25667
23 8 26524
23 9 25579
23 10 23571
23 11 23208
23 12 22324
23 13 18524
23 14 23657
23 15 24170
23 16 15520
23 17 20765
23 18 19817
23 19 24957
23 20 10021
23 21 3463
23 22 427
23 24 350
23 25 3755
23 26 4375
23 27 6123
23 28 7845
23 29 10536
23 30 3399
23 31 5926
23 32 8521
23 33 26004
23 34 9967
23 35 16352
23 36 16268
23 37 16238
23 38 16657
23 39 17078
23 40 20083
23 41 22286
23 42 21723
23 43 19381
23 44 19782
23 45 16458
23 46 12804
23 47 5669
23 48 7726
23 49 9263
23 50 11327
23 51 12060
23 52 10642
23 53 12509
23 54 11231
23 55 11826
23 56 12369
23 57 11881
23 58 9167
23 59 4736
23 60 6009
23 61 6824
23 62 8490
23 63 15685
23 64 11539
23 65 35663
23 66 12808
23 67 15234
23 68 39542
23 69 38217
23 70 39780
23 71 18524
23 72 4799
23 73 7327
23 74 8346
23 75 5771
23 76 10464
23 77 9838
23 78 12361
23 79 14670
23 80 27545
23 81 60814
23 82 16580
23 83 9549
23 84 40041
23 85 39641
23 86 36891
23 87 5909
23 88 23900
23 89 13596
23 90 12943
23 91 3540
23 92 9352
23 93 14102
23 94 14815
23 95 11545
23 96 15936
23 97 14942
23 98 15566
23 99 15694
23 100 14765
23 101 14231
23 102 13002
23 103 12117
23 104 13495
23 105 12621
23 106 118380
23 107 137190
23 108 97859
23 109 110968
23 110 69723
23 111 76747
23 112 76389
23 113 62596
23 114 58228
23 115 88513
23 116 83639
23 117 76548
23 118 16032
23 119 63343
23 120 45791
23 121 65327
23 122 85030
23 123 77898
23 124 82840
23 125 81494
23 126 82722
23 127 82096
23 128 79481
23 129 79658
23 130 31762
23 131 48840
23 132 17985
23 133 18198
23 134 8700
23 135 -17521
24 1 7447
24 2 15865
24 3 20412
24 4 25444
24 5 26391
24 6 26839
24 7 25513
24 8 26375
24 9 25442
24 10 23405
24 11 22990
24 12 22105
24 13 18204
24 14 23332
24 15 23840
24 16 15183
24 17 20973
24 18 20002
24 19 24903
24 20 9635
24 21 2994
24 22 10
24 23 233
24 25 3240
24 26 4031
24 27 5748
24 28 7586
24 29 10420
24 30 3274
24 31 5906
24 32 9041
24 33 26460
24 34 10465
24 35 16560
24 36 16449
24 37 16367
24 38 16742
24 39 17143
24 40 20173
24 41 22327
24 42 21742
24 43 19423
24 44 19824
24 45 16466
24 46 12919
24 47 6207
24 48 8197
24 49 9678
24 50 11638
24 51 12353
24 52 10931
24 53 12741
24 54 11436
24 55 12015
24 56 12534
24 57 12022
24 58 9287
24 59 4890
24 60 6273
24 61 7113
24 62 8826
24 63 16223
24 64 12077
24 65 35492
24 66 13101
24 67 15769
24 68 40057
24 69 38751
24 70 40315
24 71 18804
24 72 5276
24 73 7811
24 74 8879
24 75 6265
24 76 11002
24 77 10377
24 78 12888
24 79 15204
24 80 28007
24 81 61174
24 82 16252
24 83 9053
24 84 39510
24 85 39110
24 86 36360
24 87 5403
24 88 23558
24 89 13181
24 90 12561
24 91 3216
24 92 9121
24 93 14093
24 94 14804
24 95 11670
24 96 16043
24 97 15069
24 98 15719
24 99 15865
24 100 14927
24 101 14435
24 102 13225
24 103 12310
24 104 13680
24 105 12738
24 106 118597
24 107 137430
24 108 98101
24 109 111307
24 110 70096
24 111 77116
24 112 76754
24 113 62944
24 114 58392
24 115 88635
24 116 83835
24 117 76737
24 118 16153
24 119 63394
24 120 46116
24 121 65694
24 122 85401
24 123 78268
24 124 83207
24 125 81860
24 126 83085
24 127 82457
24 128 79838
24 129 80010
24 130 31729
24 131 49030
24 132 18339
24 133 18696
24 134 9236
24 135 -17427
25 1 10870
25 2 14279
25 3 20080
25 4 23695
25 5 24635
25 6 25006
25 7 23288
25 8 24229
25 9 23395
25 10 21169
25 11 20336
25 12 19459
25 13 14843
25 14 19904
25 15 20388
25 16 11738
25 17 24086
25 18 22973
25 19 26094
25 20 8084
25 21 2326
25 22 4113
25 23 4614
25 24 4216
25 26 1812
25 27 2407
25 28 5201
25 29 8973
25 30 2098
25 31 5793
25 32 12959
25 33 30745
25 34 14094
25 35 17522
25 36 17197
25 37 16641
25 38 16691
25 39 16906
25 40 20060
25 41 21769
25 42 21018
25 43 18930
25 44 19331
25 45 15786
25 46 15567
25 47 10462
25 48 11621
25 49 12562
25 50 13655
25 51 14228
25 52 12780
25 53 14051
25 54 12605
25 55 13023
25 56 13328
25 57 12649
25 58 9863
25 59 6430
25 60 8472
25 61 9163
25 62 11128
25 63 20397
25 64 16327
25 65 35618
25 66 16725
25 67 20108
25 68 44461
25 69 43089
25 70 44640
25 71 22333
25 72 9654
25 73 12191
25 74 13243
25 75 9996
25 76 15210
25 77 14652
25 78 17274
25 79 19263
25 80 32310
25 81 65011
25 82 15288
25 83 5810
25 84 35670
25 85 35270
25 86 32509
25 87 1006
25 88 20017
25 89 9239
25 90 8870
25 91 4519
25 92 6596
25 93 13360
25 94 14039
25 95 11888
25 96 16192
25 97 15433
25 98 16267
25 99 16553
25 100 15570
25 101 15450
25 102 14441
25 103 13309
25 104 14567
25 105 13113
25 106 121555
25 107 140529
25 108 101221
25 109 115006
25 110 73997
25 111 80994
25 112 80610
25 113 66713
25 114 61000
25 115 90961
25 116 86684
25 117 79549
25 118 18809
25 119 65265
25 120 49743
25 121 69555
25 122 89292
25 123 82148
25 124 87076
25 125 85728
25 126 86933
25 127 86296
25 128 83654
25 129 83803
25 130 32985
25 131 51841
25 132 22148
25 133 23088
25 134 13381
25 135 -14565
26 1 9467
26 2 11484
26 3 17109
26 4 20957
26 5 21903
26 6 22303
26 7 20740
26 8 21640
26 9 20764
26 10 18608
26 11 17992
26 12 17107
26 13 13014
26 14 18140
26 15 18648
26 16 9991
26 17 26039
26 18 25017
26 19 28870
26 20 11013
26 21 5087
26 22 5064
26 23 5230
26 24 5003
26 25 1808
26 27 616
26 28 2571
26 29 6081
26 30 -867
26 31 2927
26 32 11928
26 33 31353
26 34 12676
26 35 14693
26 36 14327
26 37 13697
26 38 13725
26 39 13934
26 40 17088
26 41 18807
26 42 18068
26 43 15962
26 44 16363
26 45 12824
26 46 17764
26 47 10095
26 48 10109
26 49 10615
26 50 11247
26 51 11769
26 52 10315
26 53 11361
26 54 9899
26 55 10261
26 56 10506
26 57 9797
26 58 7030
26 59 4259
26 60 6523
26 61 6906
26 62 8910
26 63 19582
26 64 15749
26 65 38572
26 66 18285
26 67 19631
26 68 44377
26 69 42518
26 70 44027
26 71 23978
26 72 10191
26 73 12642
26 74 13073
26 75 8936
26 76 14597
26 77 14146
26 78 17098
26 79 18235
26 80 32866
26 81 66350
26 82 18257
26 83 8040
26 84 37407
26 85 37007
26 86 34239
26 87 1234
26 88 18368
26 89 8163
26 90 7427
26 91 6852
26 92 4129
26 93 10396
26 94 11078
26 95 8936
26 96 13242
26 97 12510
26 98 13367
26 99 13676
26 100 12689
26 101 12654
26 102 11713
26 103 10531
26 104 11752
26 105 10208
26 106 123650
26 107 142530
26 108 103208
26 109 116497
26 110 75257
26 111 82282
26 112 81925
26 113 68130
26 114 63294
26 115 93391
26 116 88839
26 117 81725
26 118 21007
26 119 67865
26 120 51309
26 121 70863
26 122 90564
26 123 83433
26 124 88375
26 125 87029
26 126 88259
26 127 87632
26 128 85017
26 129 85193
26 130 35761
26 131 54019
26 132 23521
26 133 23295
26 134 12668
26 135 -12549
27 1 12122
27 2 9621
27 3 16220
27 4 18926
27 5 19854
27 6 20181
27 7 18333
27 8 19305
27 9 18506
27 10 16235
27 11 15323
27 12 14448
27 13 9945
27 14 15046
27 15 15542
27 16 6877
27 17 28982
27 18 27909
27 19 30940
27 20 11769
27 21 7320
27 22 8203
27 23 8426
27 24 8168
27 25 3851
27 26 2064
27 28 783
27 29 4826
27 30 -1113
27 31 3972
27 32 14737
27 33 34570
27 34 15206
27 35 15104
27 36 14579
27 37 13498
27 38 13310
27 39 13325
27 40 16463
27 41 17769
27 42 16900
27 43 15040
27 44 15441
27 45 11870
27 46 20548
27 47 13204
27 48 12628
27 49 12725
27 50 12773
27 51 13223
27 52 11766
27 53 12303
27 54 10862
27 55 11049
27 56 11082
27 57 10297
27 58 7707
27 59 6584
27 60 8947
27 61 8818
27 62 10773
27 63 22423
27 64 18732
27 65 39975
27 66 21387
27 67 22592
27 68 47456
27 69 45393
27 70 46882
27 71 27056
27 72 13415
27 73 15864
27 74 16205
27 75 11804
27 76 17585
27 77 17161
27 78 20198
27 79 20949
27 80 36077
27 81 69530
27 82 19324
27 83 6925
27 84 35687
27 85 35287
27 86 32515
27 87 -1545
27 88 15230
27 89 4949
27 90 4211
27 91 9494
27 92 1654
27 93 9536
27 94 10163
27 95 8652
27 96 13034
27 97 12540
27 98 13505
27 99 13912
27 100 12927
27 101 13240
27 102 12535
27 103 11239
27 104 12303
27 105 10422
27 106 126525
27 107 145465
27 108 106151
27 109 119646
27 110 78452
27 111 85473
27 112 85111
27 113 71294
27 114 66012
27 115 95974
27 116 91670
27 117 84540
27 118 23791
27 119 70235
27 120 54435
27 121 74051
27 122 93757
27 123 86624
27 124 91564
27 125 90217
27 126 91442
27 127 90814
27 128 88193
27 129 88364
27 130 37818
27 131 56833
27 132 26693
27 133 26466
27 134 15622
27 135 -9668
28 1 11337
28 2 7236
28 3 13588
28 4 16638
28 5 17578
28 6 17953
28 7 16320
28 8 17229
28 9 16369
28 10 14188
28 11 13582
28 12 12696
28 13 8946
28 14 14095
28 15 14636
28 16 6063
28 17 30401
28 18 29403
28 19 33151
28 20 14370
28 21 9361
28 22 9352
28 23 9396
28 24 9254
28 25 5893
28 26 3267
28 27 31
28 29 2194
28 30 -3335
28 31 2393
28 32 14074
28 33 34805
28 34 14145
28 35 12662
28 36 12092
28 37 10904
28 38 10691
28 39 10689
28 40 13823
28 41 15149
28 42 14298
28 43 12407
28 44 12808
28 45 9235
28 46 22184
28 47 13176
28 48 11618
28 49 11303
28 50 10936
28 51 11353
28 52 9901
28 53 10132
28 54 8738
28 55 8830
28 56 8763
28 57 7964
28 58 5509
28 59 5794
28 60 8120
28 61 7385
28 62 9217
28 63 21699
28 64 18309
28 65 42468
28 66 22505
28 67 22022
28 68 47105
28 69 44598
28 70 46053
28 71 28225
28 72 14030
28 73 16320
28 74 16182
28 75 11329
28 76 17207
28 77 16814
28 78 20007
28 79 20028
28 80 36267
28 81 70342
28 82 21876
28 83 9315
28 84 37812
28 85 37412
28 86 34641
28 87 -197
28 88 14425
28 89 5309
28 90 4183
28 91 11267
28 92 -292
28 93 6896
28 94 7524
28 95 6042
28 96 10447
28 97 10009
28 98 10995
28 99 11426
28 100 10448
28 101 10886
28 102 10296
28 103 8965
28 104 9951
28 105 7973
28 106 128025
28 107 146872
28 108 107544
28 109 120564
28 110 79179
28 111 86225
28 112 85888
28 113 72164
28 114 67715
28 115 97818
28 116 93235
28 117 86126
28 118 25427
28 119 72259
28 120 55428
28 121 74815
28 122 94495
28 123 87374
28 124 92326
28 125 90983
28 126 92229
28 127 91610
28 128 89014
28 129 89209
28 130 40043
28 131 58420
28 132 27536
28 133 26463
28 134 15188
28 135 -8142
29 1 11665
29 2 3284
29 3 9203
29 4 12837
29 5 13784
29 6 14228
29 7 12978
29 8 13824
29 9 12861
29 10 10938
29 11 10901
29 12 10047
29 13 7957
29 14 12993
29 15 13679
29 16 5734
29 17 33407
29 18 32502
29 19 37122
29 20 18749
29 21 13360
29 22 12573
29 23 12422
29 24 12423
29 25 10000
29 26 7112
29 27 4409
29 28 2529
29 30 -2396
29 31 3186
29 32 14359
29 33 35944
29 34 13641
29 35 9111
29 36 8411
29 37 6816
29 38 6502
29 39 6390
29 40 9489
29 41 10766
29 42 9933
29 43 8022
29 44 8423
29 45 4853
29 46 25526
29 47 14592
29 48 11391
29 49 10291
29 50 9163
29 51 9551
29 52 8129
29 53 7546
29 54 6438
29 55 6230
29 56 5848
29 57 5087
29 58 3347
29 59 6995
29 60 8957
29 61 6844
29 62 8161
29 63 21558
29 64 18826
29 65 46749
29 66 25153
29 67 21974
29 68 47272
29 69 43950
29 70 45349
29 71 30909
29 72 16346
29 73 18298
29 74 17436
29 75 12179
29 76 17889
29 77 17474
29 78 20780
29 79 19513
29 80 37330
29 81 72275
29 82 26224
29 83 13152
29 84 41223
29 85 40823
29 86 38057
29 87 2363
29 88 13564
29 89 7177
29 90 5922
29 91 15003
29 92 -1991
29 93 2558
29 94 3161
29 95 1879
29 96 6421
29 97 6234
29 98 7267
29 99 7766
29 100 6839
29 101 7691
29 102 7487
29 103 6132
29 104 6825
29 105 4639
29 106 130927
29 107 149633
29 108 110285
29 109 122577
29 110 80950
29 111 88035
29 112 87738
29 113 74156
29 114 70930
29 115 101240
29 116 96271
29 117 89199
29 118 28757
29 119 75957
29 120 57571
29 121 76628
29 122 96279
29 123 89178
29 124 94149
29 125 92812
29 126 94091
29 127 93485
29 128 90927
29 129 91161
29 130 44009
29 131 61488
29 132 29517
29 133 27369
29 134 15812
29 135 -4816
30 1 9277
30 2 6746
30 3 12119
30 4 16308
30 5 17255
30 6 17699
30 7 16411
30 8 17263
30 9 16314
30 10 14334
30 11 14133
30 12 13259
30 13 10363
30 14 15493
30 15 16091
30 16 7711
30 17 29981
30 18 29061
30 19 33722
30 20 15887
30 21 10038
30 22 9101
30 23 8960
30 24 8952
30 25 6800
30 26 3839
30 27 2145
30 28 675
30 29 1279
30 31 191
30 32 12036
30 33 33229
30 34 11865
30 35 10354
30 36 9848
30 37 8914
30 38 8834
30 39 8982
30 40 12143
30 41 13807
30 42 13074
30 43 10965
30 44 11366
30 45 7824
30 46 22058
30 47 11636
30 48 9393
30 49 8882
30 50 8412
30 51 8826
30 52 7374
30 53 7632
30 54 6223
30 55 6346
30 56 6337
30 57 5548
30 58 3010
30 59 3989
30 60 6181
30 61 5006
30 62 6765
30 63 19560
30 64 16389
30 65 43571
30 66 21801
30 67 19938
30 68 45119
30 69 42358
30 70 43797
30 71 27552
30 72 13048
30 73 15128
30 74 14583
30 75 9487
30 76 15341
30 77 14950
30 78 18213
30 79 17780
30 80 34655
30 81 69204
30 82 23217
30 83 11673
30 84 40298
30 85 39898
30 86 37127
30 87 2311
30 88 15936
30 89 7642
30 90 6437
30 91 11578
30 92 518
30 93 5396
30 94 6079
30 95 4114
30 96 8443
30 97 7853
30 98 8794
30 99 9182
30 100 8195
30 101 8489
30 102 7824
30 103 6510
30 104 7552
30 105 5682
30 106 127544
30 107 146286
30 108 106943
30 109 119486
30 110 77953
30 111 85021
30 112 84707
30 113 71065
30 114 67485
30 115 97773
30 116 92855
30 117 85776
30 118 25290
30 119 72492
30 120 54426
30 121 73615
30 122 93276
30 123 86167
30 124 91129
30 125 89790
30 126 91055
30 127 90443
30 128 87869
30 129 88087
30 130 40602
30 131 58066
30 132 26427
30 133 24755
30 134 13293
30 135 -8286
31 1 7144
31 2 8139
31 3 12679
31 4 17760
31 5 18700
31 6 19170
31 7 18062
31 8 18905
31 9 17915
31 10 16060
31 11 16019
31 12 15157
31 13 12484
31 14 17608
31 15 18214
31 16 9851
31 17 28355
31 18 27478
31 19 32728
31 20 15824
31 21 9432
31 22 7842
31 23 7569
31 24 7666
31 25 6577
31 26 3715
31 27 3312
31 28 2485
31 29 2943
31 30 -3727
31 32 9903
31 33 31117
31 34 9818
31 35 9817
31 36 9461
31 37 8945
31 38 9100
31 39 9417
31 40 12523
31 41 14519
31 42 13903
31 43 11623
31 44 12024
31 45 8619
31 46 20635
31 47 9567
31 48 7312
31 49 6979
31 50 6852
31 51 7305
31 52 5848
31 53 6570
31 54 5105
31 55 5414
31 56 5630
31 57 4922
31 58 2155
31 59 1908
31 60 4047
31 61 3052
31 62 4929
31 63 17452
31 64 14249
31 65 42992
31 66 20034
31 67 17818
31 68 42985
31 69 40295
31 70 41742
31 71 25792
31 72 11217
31 73 13175
31 74 12488
31 75 7355
31 76 13202
31 77 12811
31 78 16078
31 79 15717
31 80 32537
31 81 67205
31 82 22963
31 83 12636
31 84 41592
31 85 41192
31 86 38420
31 87 4079
31 88 18064
31 89 9633
31 90 8467
31 91 10653
31 92 2587
31 93 6238
31 94 6949
31 95 4211
31 96 8520
31 97 7706
31 98 8525
31 99 8814
31 100 7829
31 101 7784
31 102 6885
31 103 5672
31 104 6877
31 105 5375
31 106 125817
31 107 144506
31 108 105157
31 109 117499
31 110 75923
31 111 82998
31 112 82690
31 113 69077
31 114 65899
31 115 96299
31 116 91192
31 117 84131
31 118 23855
31 119 71216
31 120 52469
31 121 71592
31 122 91248
31 123 84142
31 124 89108
31 125 87770
31 126 89041
31 127 88431
31 128 85865
31 129 86091
31 130 39571
31 131 56417
31 132 24437
31 133 22626
31 134 11153
31 135 -9656
32 1 2334
32 2 17274
32 3 18566
32 4 26855
32 5 27688
32 6 28145
32 7 27650
32 8 28596
32 9 27501
32 10 26217
32 11 26673
32 12 25891
32 13 24087
32 14 29169
32 15 29819
32 16 21571
32 17 21952
32 18 21330
32 19 29886
32 20 19574
32 21 13752
32 22 10792
32 23 10064
32 24 10701
32 25 13643
32 26 12616
32 27 13977
32 28 14066
32 29 14016
32 30 8018
32 31 9803
32 33 19868
32 34 -5
32 35 12827
32 36 13327
32 37 14091
32 38 15529
32 39 16186
32 40 18272
32 41 21229
32 42 21084
32 43 18550
32 44 18951
32 45 16722
32 46 16422
32 47 3301
32 48 -69
32 49 2440
32 50 7029
32 51 8314
32 52 7071
32 53 9542
32 54 9295
32 55 9977
32 56 10775
32 57 10926
32 58 9271
32 59 8014
32 60 7629
32 61 5239
32 62 4616
32 63 5838
32 64 2647
32 65 42067
32 66 12905
32 67 6099
32 68 31234
32 69 28808
32 70 30297
32 71 18428
32 72 7550
32 73 6547
32 74 3150
32 75 2580
32 76 2084
32 77 1433
32 78 4679
32 79 4484
32 80 21212
32 81 56856
32 82 25571
32 83 19843
32 84 50376
32 85 49976
32 86 47222
32 87 14982
32 88 29690
32 89 21187
32 90 20104
32 91 13406
32 92 14099
32 93 15144
32 94 15799
32 95 9325
32 96 14548
32 97 13359
32 98 13346
32 99 13063
32 100 12439
32 101 11281
32 102 9991
32 103 9911
32 104 11187
32 105 11835
32 106 117184
32 107 135526
32 108 96128
32 109 107109
32 110 65276
32 111 72407
32 112 72157
32 113 58756
32 114 58242
32 115 89393
32 116 83164
32 117 76266
32 118 19419
32 119 65877
32 120 42310
32 121 60979
32 122 80618
32 123 73540
32 124 78534
32 125 77207
32 126 78524
32 127 77930
32 128 75423
32 129 75708
32 130 35951
32 131 48484
32 132 14168
32 133 11244
32 134 61
32 135 -11678
33 1 35336
33 2 50237
33 3 50301
33 4 59733
33 5 60501
33 6 60903
33 7 60588
33 8 61609
33 9 60501
33 10 59355
33 11 59843
33 12 59059
33 13 56890
33 14 62023
33 15 62616
33 16 54145
33 17 24045
33 18 22631
33 19 28945
33 20 38974
33 21 40599
33 22 39447
33 23 38999
33 24 39572
33 25 42881
33 26 43493
33 27 45262
33 28 46249
33 29 47053
33 30 40663
33 31 42469
33 32 31320
33 34 30391
33 35 44650
33 36 45413
33 37 46288
33 38 48160
33 39 48818
33 40 50295
33 41 53428
33 42 53470
33 43 51008
33 44 51409
33 45 49662
33 46 27269
33 47 33054
33 48 32913
33 49 34846
33 50 39691
33 51 41104
33 52 39912
33 53 42224
33 54 42287
33 55 42922
33 56 43703
33 57 43969
33 58 42437
33 59 40412
33 60 40211
33 61 38399
33 62 37655
33 63 24311
33 64 27938
33 65 40404
33 66 20724
33 67 7825
33 68 8133
33 69 8650
33 70 10907
33 71 21807
33 72 34304
33 73 31227
33 74 29818
33 75 34820
33 76 30918
33 77 27292
33 78 21660
33 79 22271
33 80 -11356
33 81 24961
33 82 42695
33 83 39199
33 84 74069
33 85 73669
33 86 71059
33 87 44899
33 88 62451
33 89 52817
33 90 52010
33 91 39721
33 92 46993
33 93 48266
33 94 48907
33 95 41384
33 96 47177
33 97 46036
33 98 45785
33 99 45341
33 100 44898
33 101 43687
33 102 42564
33 103 42720
33 104 43870
33 105 44838
33 106 87836
33 107 105410
33 108 65911
33 109 74510
33 110 32545
33 111 39763
33 112 39609
33 113 26584
33 114 31736
33 115 65178
33 116 56842
33 117 50845
33 118 29001
33 119 49604
33 120 10128
33 121 28234
33 122 47907
33 123 40871
33 124 45910
33 125 44610
33 126 45995
33 127 45422
33 128 43018
33 129 43415
33 130 26853
33 131 22434
33 132 -17518
33 133 10381
33 134 30275
33 135 9106
34 1 4102
34 2 16728
34 3 17156
34 4 26207
34 5 26976
34 6 27386
34 7 27065
34 8 28108
34 9 26995
34 10 25981
34 11 26617
34 12 25896
34 13 24728
34 14 29734
34 15 30446
34 16 22430
34 17 24519
34 18 23925
34 19 32808
34 20 22610
34 21 16550
34 22 13528
34 23 12796
34 24 13411
34 25 16064
34 26 14650
34 27 15732
34 28 15423
34 29 14584
34 30 9133
34 31 11004
34 32 1281
34 33 20225
34 35 11351
34 36 12016
34 37 12874
34 38 14640
34 39 15300
34 40 16980
34 41 20057
34 42 20030
34 43 17535
34 44 17936
34 45 16162
34 46 19367
34 47 6395
34 48 377
34 49 1366
34 50 6191
34 51 7638
34 52 6468
34 53 8704
34 54 8896
34 55 9484
34 56 10244
34 57 10595
34 58 9406
34 59 9628
34 60 9224
34 61 5844
34 62 4468
34 63 4839
34 64 3849
34 65 45100
34 66 15447
34 67 5226
34 68 30554
34 69 27359
34 70 28797
34 71 20844
34 72 10665
34 73 9604
34 74 6002
34 75 5065
34 76 4538
34 77 3130
34 78 5580
34 79 2786
34 80 21482
34 81 57738
34 82 28667
34 83 22650
34 84 52898
34 85 52498
34 86 49738
34 87 16793
34 88 30333
34 89 22585
34 90 21417
34 91 16314
34 92 14774
34 93 14941
34 94 15550
34 95 8032
34 96 13655
34 97 12510
34 98 12287
34 99 11880
34 100 11393
34 101 10182
34 102 9038
34 103 9218
34 104 10345
34 105 11410
34 106 118704
34 107 136918
34 108 97502
34 109 107857
34 110 65934
34 111 73101
34 112 72887
34 113 59611
34 114 60098
34 115 91461
34 116 84953
34 117 78119
34 118 22329
34 119 68356
34 120 43202
34 121 61640
34 122 81286
34 123 74225
34 124 79237
34 125 77920
34 126 79263
34 127 78678
34 128 76205
34 129 76527
34 130 38725
34 131 50303
34 132 15096
34 133 11690
34 134 2798
34 135 -8549
35 1 10884
35 2 5114
35 3 4621
35 4 14277
35 5 14917
35 6 15226
35 7 15104
35 8 16384
35 9 15269
35 10 14909
35 11 15847
35 12 15347
35 13 16161
35 14 20702
35 15 21674
35 16 14885
35 17 35492
35 18 34804
35 19 42060
35 20 26750
35 21 20101
35 22 17758
35 23 17235
35 24 17560
35 25 17546
35 26 14721
35 27 13684
35 28 11994
35 29 8108
35 30 5676
35 31 9057
35 32 12167
35 33 32538
35 34 9405
35 36 -165
35 37 527
35 38 3057
35 39 3538
35 40 4463
35 41 7589
35 42 7666
35 43 5292
35 44 5693
35 45 5184
35 46 28946
35 47 15175
35 48 8773
35 49 6277
35 50 5002
35 51 5861
35 52 4684
35 53 2952
35 54 4153
35 55 3615
35 56 3227
35 57 3928
35 58 4666
35 59 10754
35 60 11400
35 61 6752
35 62 5800
35 63 16792
35 64 16208
35 65 53187
35 66 26566
35 67 16596
35 68 41688
35 69 36599
35 70 37906
35 71 32206
35 72 18690
35 73 19384
35 74 16882
35 75 12310
35 76 16098
35 77 15274
35 78 18103
35 79 13824
35 80 33734
35 81 70248
35 82 33749
35 83 23167
35 84 51484
35 85 51084
35 86 48316
35 87 12631
35 88 21514
35 89 17402
35 90 16173
35 91 20918
35 92 7476
35 93 5564
35 94 5895
35 95 -4453
35 96 2350
35 97 1950
35 98 1007
35 99 289
35 100 538
35 101 1072
35 102 2149
35 103 2353
35 104 2067
35 105 3385
35 106 131143
35 107 149415
35 108 110005
35 109 120296
35 110 78346
35 111 85532
35 112 85336
35 113 72107
35 114 72252
35 115 103321
35 116 97180
35 117 90278
35 118 32079
35 119 79344
35 120 55704
35 121 74047
35 122 93702
35 123 86651
35 124 91672
35 125 90360
35 126 91715
35 127 91133
35 128 88676
35 129 89011
35 130 48651
35 131 62499
35 132 27617
35 133 24147
35 134 14067
35 135 -725
36 1 11116
36 2 4246
36 3 4131
36 4 13461
36 5 14127
36 6 14462
36 7 14305
36 8 15544
36 9 14428
36 10 14005
36 11 14933
36 12 14423
36 13 15222
36 14 19759
36 15 20732
36 16 13969
36 17 35713
36 18 35010
36 19 42051
36 20 26376
36 21 19800
36 22 17566
36 23 17070
36 24 17368
36 25 17140
36 26 14274
36 27 13078
36 28 11343
36 29 7327
36 30 5089
36 31 8620
36 32 12586
36 33 33220
36 34 9989
36 35 -246
36 37 -234
36 38 2126
36 39 2636
36 40 3868
36 41 6935
36 42 6949
36 43 4517
36 44 4918
36 45 4244
36 46 29030
36 47 15373
36 48 9173
36 49 6741
36 50 5308
36 51 6084
36 52 4878
36 53 3015
36 54 4024
36 55 3411
36 56 2884
36 57 3499
36 58 4266
36 59 10539
36 60 11294
36 61 6763
36 62 6012
36 63 17494
36 64 16717
36 65 53039
36 66 26824
36 67 17377
36 68 42508
36 69 37508
36 70 38818
36 71 32487
36 72 18769
36 73 19590
36 74 17213
36 75 12494
36 76 16518
36 77 15746
36 78 18654
36 79 14593
36 80 34429
36 81 70860
36 82 33434
36 83 22502
36 84 50734
36 85 50334
36 86 47567
36 87 11809
36 88 20571
36 89 16572
36 90 15353
36 91 20695
36 92 6597
36 93 4661
36 94 4976
36 95 -5086
36 96 1408
36 97 1109
36 98 145
36 99 -511
36 100 -162
36 101 1033
36 102 2207
36 103 2168
36 104 1804
36 105 2784
36 106 131610
36 107 149917
36 108 110512
36 109 120948
36 110 79007
36 111 86185
36 112 85982
36 113 72729
36 114 72623
36 115 103625
36 116 97575
36 117 90657
36 118 32175
36 119 79513
36 120 56323
36 121 74710
36 122 94361
36 123 87306
36 124 92324
36 125 91010
36 126 92360
36 127 91776
36 128 89312
36 129 89640
36 130 48691
36 131 62886
36 132 28220
36 133 24782
36 134 14473
36 135 -745
37 1 13121
37 2 2116
37 3 2014
37 4 11236
37 5 11877
37 6 12196
37 7 12063
37 8 13352
37 9 12239
37 10 11983
37 11 12954
37 12 12511
37 13 13791
37 14 18170
37 15 19217
37 16 12836
37 17 37646
37 18 36921
37 19 43622
37 20 27224
37 21 20871
37 22 18887
37 23 18446
37 24 18692
37 25 17990
37 26 15050
37 27 13403
37 28 11561
37 29 7138
37 30 5561
37 31 9510
37 32 14756
37 33 35501
37 34 12253
37 35 1852
37 36 1172
37 38 670
37 39 749
37 40 1674
37 41 4671
37 42 4669
37 43 2254
37 44 2655
37 45 2670
37 46 30775
37 47 17319
37 48 11337
37 49 8957
37 50 7438
37 51 8148
37 52 6915
37 53 4997
37 54 5721
37 55 5039
37 56 4335
37 57 4717
37 58 5406
37 59 11888
37 60 12842
37 61 8532
37 62 8035
37 63 19773
37 64 18943
37 65 54342
37 66 28809
37 67 19631
37 68 44730
37 69 39543
37 70 40841
37 71 34494
37 72 20544
37 73 21531
37 74 19298
37 75 14435
37 76 18685
37 77 17949
37 78 20899
37 79 16853
37 80 36709
37 81 73126
37 82 34418
37 83 22477
37 84 50406
37 85 50006
37 86 47244
37 87 11218
37 88 19020
37 89 15985
37 90 14832
37 91 21934
37 92 5805
37 93 3921
37 94 4086
37 95 -7199
37 96 789
37 97 1629
37 98 1225
37 99 1257
37 100 1304
37 101 3084
37 102 4222
37 103 3889
37 104 3522
37 105 3657
37 106 133788
37 107 152121
37 108 112719
37 109 123224
37 110 81285
37 111 88462
37 112 88258
37 113 74998
37 114 74711
37 115 105638
37 116 99690
37 117 92755
37 118 33938
37 119 81353
37 120 58591
37 121 76988
37 122 96639
37 123 89583
37 124 94600
37 125 93286
37 126 94635
37 127 94051
37 128 91585
37 129 91911
37 130 50336
37 131 64993
37 132 30482
37 133 27056
37 134 16630
37 135 852
38 1 12892
38 2 1112
38 3 2570
38 4 10470
38 5 11213
38 6 11617
38 7 11336
38 8 12470
38 9 11351
38 10 10778
38 11 11688
38 12 11168
38 13 12121
38 14 16578
38 15 17586
38 16 11074
38 17 37192
38 18 36436
38 19 42736
38 20 25840
38 21 19659
38 22 17874
38 23 17481
38 24 17683
38 25 16656
38 26 13694
38 27 11831
38 28 9964
38 29 5440
38 30 4097
38 31 8281
38 32 14810
38 33 35989
38 34 12635
38 35 2998
38 36 2148
38 37 -714
38 39 -467
38 40 2304
38 41 4734
38 42 4455
38 43 1920
38 44 2321
38 45 1019
38 46 30097
38 47 16961
38 48 11401
38 49 9187
38 50 7544
38 51 8148
38 52 6872
38 53 4997
38 54 5340
38 55 4643
38 56 3847
38 57 3989
38 58 4486
38 59 10966
38 60 12097
38 61 8065
38 62 7910
38 63 20359
38 64 19129
38 65 53219
38 66 28442
38 67 20398
38 68 45599
38 69 40753
38 70 42066
38 71 34158
38 72 19952
38 73 21142
38 74 19147
38 75 14096
38 76 18713
38 77 18064
38 78 21142
38 79 17605
38 80 37231
38 81 73424
38 82 33109
38 83 20746
38 84 48625
38 85 48225
38 86 45465
38 87 9420
38 88 17408
38 89 14189
38 90 13042
38 91 20838
38 92 4005
38 93 2143
38 94 2291
38 95 -5752
38 96 -78
38 97 1118
38 98 1451
38 99 1857
38 100 1493
38 101 3373
38 102 4321
38 103 3652
38 104 3402
38 105 2769
38 106 133737
38 107 152145
38 108 112754
38 109 123603
38 110 81695
38 111 88855
38 112 88633
38 113 75313
38 114 74465
38 115 105259
38 116 99503
38 117 92536
38 118 33278
38 119 80739
38 120 58892
38 121 77401
38 122 97045
38 123 89981
38 124 94989
38 125 93670
38 126 95006
38 127 94419
38 128 91936
38 129 92244
38 130 49509
38 131 64788
38 132 30758
38 133 27454
38 134 16639
38 135 42
39 1 13879
39 2 147
39 3 1784
39 4 9467
39 5 10200
39 6 10600
39 7 10332
39 8 11487
39 9 10369
39 10 9885
39 11 10824
39 12 10341
39 13 11568
39 14 15934
39 15 16984
39 16 10691
39 17 38121
39 18 37357
39 19 43522
39 20 26353
39 21 20304
39 22 18630
39 23 18259
39 24 18441
39 25 17228
39 26 14260
39 27 12203
39 28 10319
39 29 5685
39 30 4602
39 31 8955
39 32 15824
39 33 37004
39 34 13652
39 35 3836
39 36 3015
39 37 -278
39 38 -110
39 40 1674
39 41 3807
39 42 3469
39 43 945
39 44 1346
39 45 486
39 46 30966
39 47 17922
39 48 12416
39 49 10206
39 50 8563
39 51 9165
39 52 7886
39 53 6016
39 54 6326
39 55 5632
39 56 4830
39 57 4921
39 58 5339
39 59 11779
39 60 12973
39 61 9020
39 62 8915
39 63 21364
39 64 20147
39 65 53887
39 66 29393
39 67 21383
39 68 46568
39 69 41624
39 70 42931
39 71 35114
39 72 20857
39 73 22094
39 74 20139
39 75 15064
39 76 19724
39 77 19080
39 78 22161
39 79 18590
39 80 38244
39 81 74444
39 82 33675
39 83 20842
39 84 48587
39 85 48187
39 86 45430
39 87 9289
39 88 16784
39 89 14091
39 90 12990
39 91 21548
39 92 3855
39 93 2277
39 94 2325
39 95 -5685
39 96 942
39 97 2134
39 98 2438
39 99 2802
39 100 2494
39 101 4382
39 102 5340
39 103 4661
39 104 4420
39 105 3677
39 106 134733
39 107 153149
39 108 113759
39 109 124623
39 110 82714
39 111 89874
39 112 89653
39 113 76333
39 114 75430
39 115 106198
39 116 100480
39 117 93507
39 118 34152
39 119 81618
39 120 59911
39 121 78420
39 122 98064
39 123 91000
39 124 96009
39 125 94689
39 126 96026
39 127 95439
39 128 92956
39 129 93264
39 130 50316
39 131 65762
39 132 31778
39 133 28472
39 134 17649
39 135 871
40 1 16224
40 2 197
40 3 -1079
40 4 8836
40 5 9328
40 6 9522
40 7 9507
40 8 11036
40 9 9955
40 10 10259
40 11 11270
40 12 11014
40 13 13236
40 14 17279
40 15 18473
40 16 12812
40 17 40713
40 18 39979
40 19 46465
40 20 29467
40 21 23383
40 22 21616
40 23 21217
40 24 21424
40 25 20335
40 26 17367
40 27 15294
40 28 13406
40 29 8737
40 30 7716
40 31 12014
40 32 17863
40 33 38434
40 34 15285
40 35 4714
40 36 4200
40 37 600
40 38 2614
40 39 1627
40 41 1720
40 42 1954
40 43 279
40 44 680
40 45 3126
40 46 33749
40 47 20403
40 48 14445
40 49 12044
40 50 10550
40 51 11263
40 52 10028
40 53 8109
40 54 8769
40 55 8077
40 56 7334
40 57 7612
40 58 8194
40 59 14689
40 60 15763
40 61 11572
40 62 11145
40 63 22682
40 64 22024
40 65 56955
40 66 31897
40 67 22382
40 68 47356
40 69 41708
40 70 42980
40 71 37589
40 72 23553
40 73 24610
40 74 22411
40 75 17520
40 76 21793
40 77 21045
40 78 23961
40 79 19644
40 80 39622
40 81 76146
40 82 36784
40 83 23674
40 84 51238
40 85 50838
40 86 48087
40 87 11833
40 88 18184
40 89 16729
40 90 15707
40 91 24582
40 92 6493
40 93 5327
40 94 5329
40 95 -5791
40 96 3421
40 97 4539
40 98 4321
40 99 4365
40 100 4407
40 101 6196
40 102 7337
40 103 6963
40 104 6610
40 105 6445
40 106 136896
40 107 155219
40 108 115815
40 109 126199
40 110 84248
40 111 91435
40 112 91239
40 113 78008
40 114 77822
40 115 108730
40 116 102804
40 117 95868
40 118 36922
40 119 84365
40 120 61604
40 121 79948
40 122 99604
40 123 92553
40 124 97575
40 125 96263
40 126 97618
40 127 97036
40 128 94579
40 129 94913
40 130 53224
40 131 68106
40 132 33511
40 133 30049
40 134 19740
40 135 3744
41 1 18565
41 2 -1845
41 3 -2316
41 4 6319
41 5 6719
41 6 6855
41 7 6871
41 8 8529
41 9 7479
41 10 8193
41 11 9159
41 12 9057
41 13 11951
41 14 15693
41 15 17009
41 16 11976
41 17 42895
41 18 42135
41 19 48202
41 20 30488
41 21 24781
41 22 23296
41 23 22953
41 24 23111
41 25 21577
41 26 18619
41 27 16133
41 28 14265
41 29 9547
41 30 8913
41 31 13543
41 32 20353
41 33 41100
41 34 17895
41 35 7373
41 36 6800
41 37 3130
41 38 4577
41 39 3293
41 40 1253
41 42 -426
41 43 507
41 44 908
41 45 3884
41 46 35736
41 47 22664
41 48 16933
41 49 14590
41 50 13032
41 51 13700
41 52 12448
41 53 10532
41 54 11026
41 55 10328
41 56 9543
41 57 9690
41 58 10113
41 59 16521
41 60 17750
41 61 13771
41 62 13534
41 63 25353
41 64 24577
41 65 58349
41 66 34149
41 67 25075
41 68 50042
41 69 44282
41 70 45545
41 71 39862
41 72 25637
41 73 26848
41 74 24801
41 75 19795
41 76 24275
41 77 23568
41 78 26541
41 79 22334
41 80 42294
41 81 78767
41 82 37937
41 83 23575
41 84 50834
41 85 50434
41 86 47695
41 87 11369
41 88 16627
41 89 16494
41 90 15624
41 91 26139
41 92 6427
41 93 6336
41 94 6259
41 95 -3169
41 96 5563
41 97 6761
41 98 6746
41 99 6888
41 100 6839
41 101 8692
41 102 9789
41 103 9285
41 104 8973
41 105 8455
41 106 139363
41 107 157728
41 108 118329
41 109 128849
41 110 86903
41 111 94086
41 112 93885
41 113 80637
41 114 80161
41 115 110966
41 116 105184
41 117 98225
41 118 38925
41 119 86391
41 120 64230
41 121 82605
41 122 102258
41 123 95205
41 124 100225
41 125 98911
41 126 100263
41 127 99681
41 128 97218
41 129 97547
41 130 55021
41 131 70474
41 132 36125
41 133 32687
41 134 22212
41 135 5613
42 1 18694
42 2 -2760
42 3 -1467
42 4 5549
42 5 6027
42 6 6247
42 7 6210
42 8 7756
42 9 6688
42 10 7289
42 11 8265
42 12 8144
42 13 11044
42 14 14772
42 15 16091
42 16 11118
42 17 42897
42 18 42121
42 19 47979
42 20 30014
42 21 24452
42 22 23083
42 23 22765
42 24 22901
42 25 21201
42 26 18255
42 27 15639
42 28 13789
42 29 9089
42 30 8555
42 31 13302
42 32 20583
42 33 41517
42 34 18243
42 35 7825
42 36 7189
42 37 3503
42 38 4673
42 39 3330
42 40 1862
42 41 -51
42 43 514
42 44 915
42 45 3564
42 46 35637
42 47 22734
42 48 17167
42 49 14880
42 50 13279
42 51 13916
42 52 12651
42 53 10751
42 54 11140
42 55 10445
42 56 9645
42 57 9724
42 58 10057
42 59 16392
42 60 17692
42 61 13830
42 62 13708
42 63 25788
42 64 24857
42 65 57984
42 66 34195
42 67 25595
42 68 50619
42 69 45002
42 70 46271
42 71 39920
42 72 25605
42 73 26899
42 74 24950
42 75 19879
42 76 24495
42 77 23822
42 78 26845
42 79 22833
42 80 42726
42 81 79106
42 82 37504
42 83 22808
42 84 50015
42 85 49615
42 86 46879
42 87 10553
42 88 15706
42 89 15731
42 90 14896
42 91 25870
42 92 5726
42 93 6005
42 94 5912
42 95 -2708
42 96 5702
42 97 6909
42 98 7007
42 99 7212
42 100 7097
42 101 8977
42 102 10034
42 103 9448
42 104 9169
42 105 8469
42 106 139540
42 107 157941
42 108 118548
42 109 129229
42 110 87295
42 111 94469
42 112 94261
42 113 80985
42 114 80242
42 115 110983
42 116 105296
42 117 98322
42 118 38834
42 119 86295
42 120 64574
42 121 82999
42 122 102648
42 123 95591
42 124 100607
42 125 99291
42 126 100637
42 127 100053
42 128 97583
42 129 97904
42 130 54818
42 131 70578
42 132 36454
42 133 33059
42 134 22425
42 135 5467
43 1 16497
43 2 -1610
43 3 -504
43 4 7320
43 5 7940
43 6 8259
43 7 8128
43 8 9469
43 9 8364
43 10 8411
43 11 9422
43 12 9117
43 13 11277
43 14 15317
43 15 16508
43 16 10914
43 17 40746
43 18 39979
43 19 46012
43 20 28432
43 21 22625
43 22 21105
43 23 20761
43 24 20920
43 25 19451
43 26 16487
43 27 14117
43 28 12236
43 29 7516
43 30 6784
43 31 11360
43 32 18387
43 33 39393
43 34 16086
43 35 5789
43 36 5095
43 37 1426
43 38 2476
43 39 1144
43 40 525
43 41 1220
43 42 852
43 44 -1285
43 45 1788
43 46 33551
43 47 20553
43 48 14972
43 49 12699
43 50 11088
43 51 11720
43 52 10453
43 53 8555
43 54 8944
43 55 8248
43 56 7451
43 57 7550
43 58 7934
43 59 14329
43 60 15573
43 61 11650
43 62 11508
43 63 23686
43 64 22671
43 65 56205
43 66 32023
43 67 23570
43 68 48660
43 69 43310
43 70 44594
43 71 37744
43 72 23471
43 73 24725
43 74 22752
43 75 17693
43 76 22297
43 77 21629
43 78 24666
43 79 20791
43 80 40612
43 81 76936
43 82 35844
43 83 22039
43 84 49486
43 85 49086
43 86 46339
43 87 10048
43 88 16221
43 89 15011
43 90 14044
43 91 23960
43 92 4816
43 93 4214
43 94 4154
43 95 -4652
43 96 3502
43 97 4709
43 98 4831
43 99 5067
43 100 4917
43 101 6804
43 102 7844
43 103 7248
43 104 6971
43 105 6303
43 106 137341
43 107 155741
43 108 116348
43 109 127078
43 110 85151
43 111 92321
43 112 92108
43 113 78819
43 114 78060
43 115 108826
43 116 103106
43 117 96135
43 118 36742
43 119 84208
43 120 62405
43 121 80856
43 122 100503
43 123 93444
43 124 98457
43 125 97140
43 126 98483
43 127 97898
43 128 95424
43 129 95741
43 130 52829
43 131 68389
43 132 34280
43 133 30909
43 134 20227
43 135 3421
44 1 16497
44 2 -1610
44 3 -504
44 4 7320
44 5 7940
44 6 8259
44 7 8128
44 8 9469
44 9 8364
44 10 8411
44 11 9422
44 12 9117
44 13 11277
44 14 15317
44 15 16508
44 16 10914
44 17 40746
44 18 39979
44 19 46012
44 20 28432
44 21 22625
44 22 21105
44 23 20761
44 24 20920
44 25 19451
44 26 16487
44 27 14117
44 28 12236
44 29 7516
44 30 6784
44 31 11360
44 32 18387
44 33 39393
44 34 16086
44 35 5789
44 36 5095
44 37 1426
44 38 2476
44 39 1144
44 40 525
44 41 1220
44 42 852
44 43 -1686
44 45 1788
44 46 33551
44 47 20553
44 48 14972
44 49 12699
44 50 11088
44 51 11720
44 52 10453
44 53 8555
44 54 8944
44 55 8248
44 56 7451
44 57 7550
44 58 7934
44 59 14329
44 60 15573
44 61 11650
44 62 11508
44 63 23686
44 64 22671
44 65 56205
44 66 32023
44 67 23570
44 68 48660
44 69 43310
44 70 44594
44 71 37744
44 72 23471
44 73 24725
44 74 22752
44 75 17693
44 76 22297
44 77 21629
44 78 24666
44 79 20791
44 80 40612
44 81 76936
44 82 35844
44 83 22039
44 84 49486
44 85 49086
44 86 46339
44 87 10048
44 88 16221
44 89 15011
44 90 14044
44 91 23960
44 92 4816
44 93 4214
44 94 4154
44 95 -4652
44 96 3502
44 97 4709
44 98 4831
44 99 5067
44 100 4917
44 101 6804
44 102 7844
44 103 7248
44 104 6971
44 105 6303
44 106 137341
44 107 155741
44 108 116348
44 109 127078
44 110 85151
44 111 92321
44 112 92108
44 113 78819
44 114 78060
44 115 108826
44 116 103106
44 117 96135
44 118 36742
44 119 84208
44 120 62405
44 121 80856
44 122 100503
44 123 93444
44 124 98457
44 125 97140
44 126 98483
44 127 97898
44 128 95424
44 129 95741
44 130 52829
44 131 68389
44 132 34280
44 133 30909
44 134 20227
44 135 3421
45 1 14218
45 2 -959
45 3 2820
45 4 8597
45 5 9437
45 6 9905
45 7 9411
45 8 10413
45 9 9303
45 10 8427
45 11 9269
45 12 8699
45 13 9592
45 14 14024
45 15 15039
45 16 8669
45 17 38027
45 18 37223
45 19 42882
45 20 25109
45 21 19371
45 22 17993
45 23 17688
45 24 17813
45 25 16157
45 26 13199
45 27 10797
45 28 8914
45 29 4197
45 30 3493
45 31 8206
45 32 16409
45 33 37897
45 34 14563
45 35 5531
45 36 4672
45 37 1692
45 38 1425
45 39 535
45 40 3222
45 41 4447
45 42 3752
45 43 1638
45 44 2039
45 46 30628
45 47 18063
45 48 13049
45 49 11037
45 50 9369
45 51 9892
45 52 8575
45 53 6861
45 54 6805
45 55 6157
45 56 5351
45 57 5184
45 58 5223
45 59 11380
45 60 12785
45 61 9211
45 62 9460
45 63 22415
45 64 20827
45 65 52930
45 66 29417
45 67 22577
45 68 47837
45 69 43207
45 70 44528
45 71 35160
45 72 20709
45 73 22161
45 74 20477
45 75 15265
45 76 20259
45 77 19691
45 78 22871
45 79 19796
45 80 39171
45 81 75115
45 82 32529
45 83 19026
45 84 46671
45 85 46271
45 86 43517
45 87 7329
45 88 14857
45 89 12158
45 90 11093
45 91 20770
45 92 1911
45 93 917
45 94 840
45 95 -3665
45 96 2226
45 97 3153
45 98 3825
45 99 4306
45 100 3788
45 101 5564
45 102 6302
45 103 5377
45 104 5312
45 105 3932
45 106 135002
45 107 153500
45 108 114122
45 109 125358
45 110 83496
45 111 90638
45 112 90398
45 113 77014
45 114 75487
45 115 106108
45 116 100613
45 117 93607
45 118 33832
45 119 81275
45 120 60568
45 121 79201
45 122 98841
45 123 91768
45 124 96768
45 125 95444
45 126 96767
45 127 96175
45 128 93674
45 129 93964
45 130 49727
45 131 65876
45 132 32426
45 133 29303
45 134 18173
45 135 417
46 1 19226
46 2 32013
46 3 35908
46 4 41608
46 5 42554
46 6 43009
46 7 41678
46 8 42546
46 9 41620
46 10 39559
46 11 39015
46 12 38130
46 13 33656
46 14 38693
46 15 39171
46 16 30541
46 17 5673
46 18 4279
46 19 10205
46 20 8447
46 21 14142
46 22 15679
46 23 15758
46 24 15990
46 25 17662
46 26 19863
46 27 21199
46 28 23587
46 29 26594
46 30 19451
46 31 21946
46 32 17833
46 33 17228
46 34 19492
46 35 31017
46 36 31182
46 37 31521
46 38 32227
46 39 32739
46 40 35569
46 41 38023
46 42 37549
46 43 35125
46 44 35526
46 45 32352
46 47 15337
46 48 19012
46 49 21544
46 50 25188
46 51 26172
46 52 24819
46 53 27149
46 54 26173
46 55 26861
46 56 27547
46 57 27238
46 58 24699
46 59 20381
46 60 21086
46 61 21344
46 62 22269
46 63 19989
46 64 17147
46 65 22575
46 66 1807
46 67 14998
46 68 34596
46 69 35328
46 70 37168
46 71 5694
46 72 13311
46 73 12410
46 74 14487
46 75 17712
46 76 17672
46 77 15549
46 78 14044
46 79 19573
46 80 19029
46 81 47550
46 82 12276
46 83 9129
46 84 43553
46 85 43153
46 86 40552
46 87 17287
46 88 38754
46 89 27760
46 90 27619
46 91 13702
46 92 25151
46 93 30059
46 94 30773
46 95 26835
46 96 31399
46 97 30294
46 98 30725
46 99 30707
46 100 29863
46 101 29021
46 102 27679
46 103 27084
46 104 28491
46 105 28096
46 106 102729
46 107 121728
46 108 82426
46 109 96914
46 110 56654
46 111 63572
46 112 63108
46 113 48922
46 114 42271
46 115 72456
46 116 67862
46 117 60733
46 118 -16
46 119 47398
46 120 31520
46 121 52017
46 122 71911
46 123 64727
46 124 69616
46 125 68265
46 126 69395
46 127 68724
46 128 66007
46 129 66084
46 130 16486
46 131 33026
46 132 4586
46 133 14251
46 134 16656
46 135 -17487
47 1 2978
47 2 17791
47 3 20266
47 4 27440
47 5 28337
47 6 28822
47 7 28051
47 8 28916
47 9 27865
47 10 26254
47 11 26417
47 12 25573
47 13 22914
47 14 28054
47 15 28634
47 16 20148
47 17 19397
47 18 18694
47 19 26413
47 20 15338
47 21 9784
47 22 7000
47 23 6307
47 24 6962
47 25 10241
47 26 9878
47 27 11539
47 28 12263
47 29 13344
47 30 6713
47 31 8562
47 32 2396
47 33 20697
47 34 4204
47 35 14930
47 36 15209
47 37 15749
47 38 16775
47 39 17379
47 40 19907
47 41 22635
47 42 22330
47 43 19811
47 44 20212
47 45 17471
47 46 13021
47 48 2854
47 49 5292
47 50 9001
47 51 10058
47 52 8732
47 53 11171
47 54 10432
47 55 11147
47 56 11910
47 57 11795
47 58 9606
47 59 6474
47 60 6413
47 61 5656
47 62 6136
47 63 9076
47 64 4931
47 65 38292
47 66 10552
47 67 8721
47 68 33338
47 69 31692
47 70 33237
47 71 16255
47 72 3339
47 73 3273
47 74 2071
47 75 1557
47 76 3855
47 77 3246
47 78 6059
47 79 8116
47 80 22150
47 81 56741
47 82 21331
47 83 15763
47 84 46592
47 85 46192
47 86 43447
47 87 12171
47 88 28461
47 89 19050
47 90 18127
47 91 9306
47 92 13090
47 93 15500
47 94 16196
47 95 11045
47 96 15852
47 97 14678
47 98 14928
47 99 14805
47 100 14037
47 101 13047
47 102 11692
47 103 11280
47 104 12664
47 105 12723
47 106 115998
47 107 134530
47 108 95159
47 109 107046
47 110 65422
47 111 72503
47 112 72203
47 113 58625
47 114 56564
47 115 87384
47 116 81632
47 117 74647
47 118 16103
47 119 63227
47 120 42064
47 121 61096
47 122 80749
47 123 73646
47 124 78615
47 125 77278
47 126 78556
47 127 77949
47 128 75391
47 129 75627
47 130 32758
47 131 46906
47 132 13988
47 133 12366
47 134 2146
47 135 -15758
48 1 1163
48 2 14747
48 3 15972
48 4 24312
48 5 25135
48 6 25585
48 7 25124
48 8 26088
48 9 24989
48 10 23773
48 11 24290
48 12 23528
48 13 22008
48 14 27053
48 15 27734
48 16 19612
48 17 24308
48 18 23665
48 19 31864
48 20 20213
48 21 13856
48 22 10816
48 23 10089
48 24 10677
48 25 13125
48 26 11617
48 27 12688
48 28 12430
48 29 11868
48 30 6195
48 31 8032
48 32 751
48 33 22281
48 34 -89
48 35 10253
48 36 10734
48 37 11492
48 38 12940
48 39 13598
48 40 15674
48 41 18629
48 42 18488
48 43 15955
48 44 16356
48 45 14182
48 46 18421
48 47 4579
48 49 -59
48 50 4429
48 51 5721
48 52 4484
48 53 6946
48 54 6754
48 55 7422
48 56 8218
48 57 8411
48 58 6895
48 59 6584
48 60 6178
48 61 3026
48 62 2084
48 63 7532
48 64 5110
48 65 43814
48 66 15296
48 67 7943
48 68 33217
48 69 30315
48 70 31766
48 71 20872
48 72 8776
48 73 8485
48 74 5510
48 75 2438
48 76 4679
48 77 3996
48 78 7157
48 79 5741
48 80 23598
48 81 59406
48 82 26460
48 83 19884
48 84 49954
48 85 49554
48 86 46791
48 87 13751
48 88 27616
48 89 19596
48 90 18446
48 91 13762
48 92 12023
48 93 12685
48 94 13328
48 95 6729
48 96 11957
48 97 10770
48 98 10747
48 99 10464
48 100 9840
48 101 8681
48 102 7391
48 103 7329
48 104 8594
48 105 9304
48 106 119782
48 107 138125
48 108 98727
48 109 109640
48 110 67784
48 111 74923
48 112 74680
48 113 61303
48 114 60809
48 115 91915
48 116 85742
48 117 78836
48 118 21467
48 119 68242
48 120 44866
48 121 63489
48 122 83129
48 123 76054
48 124 81052
48 125 79727
48 126 81049
48 127 80458
48 128 77957
48 129 78249
48 130 38096
48 131 51059
48 132 16725
48 133 13655
48 134 2631
48 135 -10269
49 1 2943
49 2 12733
49 3 13523
49 4 22237
49 5 23023
49 6 23449
49 7 23086
49 8 24109
49 9 22998
49 10 21957
49 11 22595
49 12 21878
49 13 20860
49 14 25832
49 15 26567
49 16 18667
49 17 26908
49 18 26263
49 19 34361
49 20 21930
49 21 15304
49 22 12314
49 23 11616
49 24 12148
49 25 14056
49 26 12113
49 27 12775
49 28 12105
49 29 10758
49 30 5674
49 31 7689
49 32 3250
49 33 24204
49 34 890
49 35 7747
49 36 8292
49 37 9102
49 38 10716
49 39 11378
49 40 13263
49 41 16276
49 42 16191
49 43 13672
49 44 14073
49 45 12160
49 46 20943
49 47 7007
49 48 -69
49 50 2186
49 51 3615
49 52 2443
49 53 4727
49 54 4874
49 55 5460
49 56 6223
49 57 6573
49 58 5480
49 59 6886
49 60 6616
49 61 2398
49 62 628
49 63 8844
49 64 7328
49 65 46192
49 66 17896
49 67 9192
49 68 34524
49 69 31015
49 70 32424
49 71 23467
49 72 11075
49 73 11032
49 74 8107
49 75 4486
49 76 7173
49 77 6347
49 78 9308
49 79 6586
49 80 25475
49 81 61583
49 82 28352
49 83 21024
49 84 50678
49 85 50278
49 86 47510
49 87 13711
49 88 26457
49 89 19182
49 90 17965
49 91 15424
49 92 10958
49 93 10918
49 94 11526
49 95 4309
49 96 9728
49 97 8563
49 98 8421
49 99 8077
49 100 7519
49 101 6322
49 102 5104
49 103 5216
49 104 6383
49 105 7386
49 106 122217
49 107 140517
49 108 101112
49 109 111759
49 110 69858
49 111 77014
49 112 76789
49 113 63470
49 114 63338
49 115 94486
49 116 88252
49 117 81361
49 118 24004
49 119 70841
49 120 47052
49 121 65564
49 122 85206
49 123 78140
49 124 83147
49 125 81827
49 126 83162
49 127 82574
49 128 80090
49 129 80399
49 130 40649
49 131 53576
49 132 18923
49 133 15627
49 134 5159
49 135 -7976
50 1 4825
50 2 9476
50 3 10493
50 4 18981
50 5 19771
50 6 20201
50 7 19829
50 8 20853
50 9 19742
50 10 18732
50 11 19406
50 12 18708
50 13 17979
50 14 22888
50 15 23663
50 16 15953
50 17 29424
50 18 28741
50 19 36248
50 20 22259
50 21 15462
50 22 12712
50 23 12092
50 24 12520
50 25 13561
50 26 11157
50 27 11235
50 28 10150
50 29 8042
50 30 3616
50 31 5974
50 32 6251
50 33 27461
50 34 4127
50 35 4884
50 36 5271
50 37 5995
50 38 7485
50 39 8147
50 40 10181
50 41 13130
50 42 13002
50 43 10473
50 44 10874
50 45 8904
50 46 22999
50 47 9128
50 48 2831
50 49 598
50 51 482
50 52 -596
50 53 1480
50 54 1752
50 55 2258
50 56 2993
50 57 3419
50 58 2708
50 59 6177
50 60 6308
50 61 1438
50 62 -171
50 63 12034
50 64 10516
50 65 47691
50 66 20494
50 67 12318
50 68 37641
50 69 33796
50 70 35178
50 71 26137
50 72 12792
50 73 13327
50 74 10836
50 75 6288
50 76 10177
50 77 9472
50 78 12528
50 79 9616
50 80 28731
50 81 64810
50 82 28962
50 83 20358
50 84 49503
50 85 49103
50 86 46332
50 87 11789
50 88 23553
50 89 16955
50 90 15700
50 91 15922
50 92 8205
50 93 7741
50 94 8330
50 95 1241
50 96 6497
50 97 5322
50 98 5248
50 99 4970
50 100 4341
50 101 3184
50 102 1895
50 103 1959
50 104 3138
50 105 4173
50 106 125279
50 107 143625
50 108 104226
50 109 115002
50 110 73108
50 111 80261
50 112 80033
50 113 66701
50 114 66245
50 115 97262
50 116 91201
50 117 84279
50 118 26112
50 119 73295
50 120 50278
50 121 68814
50 122 88456
50 123 81389
50 124 86394
50 125 85073
50 126 86405
50 127 85817
50 128 83329
50 129 83634
50 130 42740
50 131 56510
50 132 22144
50 133 18882
50 134 8120
50 135 -6446
51 1 4936
51 2 9034
51 3 10255
51 4 18559
51 5 19361
51 6 19799
51 7 19397
51 8 20404
51 9 19295
51 10 18243
51 11 18896
51 12 18190
51 13 17407
51 14 22323
51 15 23094
51 16 15372
51 17 29544
51 18 28850
51 19 36209
51 20 21952
51 21 15154
51 22 12458
51 23 11855
51 24 12265
51 25 13164
51 26 10709
51 27 10715
51 28 9597
51 29 7460
51 30 3060
51 31 5457
51 32 6566
51 33 27904
51 34 4604
51 35 4773
51 36 5077
51 37 5735
51 38 7119
51 39 7779
51 40 9924
51 41 12828
51 42 12669
51 43 10135
51 44 10536
51 45 8457
51 46 23013
51 47 9215
51 48 3153
51 49 1057
51 50 -488
51 52 -1158
51 53 1130
51 54 1200
51 55 1747
51 56 2507
51 57 2885
51 58 2125
51 59 5806
51 60 6019
51 61 1149
51 62 -161
51 63 12537
51 64 10889
51 65 47567
51 66 20642
51 67 12844
51 68 38171
51 69 34369
51 70 35753
51 71 26302
51 72 12775
51 73 13428
51 74 11051
51 75 6349
51 76 10479
51 77 9815
51 78 12917
51 79 10158
51 80 29183
51 81 65196
51 82 28697
51 83 19904
51 84 48996
51 85 48596
51 86 45824
51 87 11227
51 88 22985
51 89 16380
51 90 15123
51 91 15669
51 92 7625
51 93 7222
51 94 7821
51 95 1000
51 96 6136
51 97 4950
51 98 4952
51 99 4726
51 100 4046
51 101 2940
51 102 1605
51 103 1529
51 104 2773
51 105 3672
51 106 125563
51 107 143931
51 108 104536
51 109 115405
51 110 73522
51 111 80670
51 112 80438
51 113 67090
51 114 66467
51 115 97441
51 116 91441
51 117 84508
51 118 26137
51 119 73383
51 120 50661
51 121 69228
51 122 88869
51 123 81799
51 124 86802
51 125 85480
51 126 86809
51 127 86220
51 128 83728
51 129 84028
51 130 42741
51 131 56744
51 132 22524
51 133 19312
51 134 8412
51 135 -6526
52 1 4880
52 2 8974
52 3 10284
52 4 18508
52 5 19316
52 6 19759
52 7 19341
52 8 20340
52 9 19233
52 10 18157
52 11 18797
52 12 18086
52 13 17261
52 14 22184
52 15 22950
52 16 15211
52 17 29481
52 18 28783
52 19 36096
52 20 21775
52 21 14977
52 22 12294
52 23 11694
52 24 12100
52 25 12973
52 26 10512
52 27 10515
52 28 9402
52 29 7295
52 30 2865
52 31 5257
52 32 6580
52 33 27969
52 34 4691
52 35 4853
52 36 5128
52 37 5759
52 38 7100
52 39 7757
52 40 9946
52 41 12833
52 42 12661
52 43 10125
52 44 10526
52 45 8397
52 46 22917
52 47 9146
52 48 3173
52 49 1142
52 50 -309
52 51 99
52 53 1139
52 54 1083
52 55 1660
52 56 2433
52 57 2778
52 58 1956
52 59 5620
52 60 5849
52 61 985
52 62 -224
52 63 12636
52 64 10925
52 65 47430
52 66 20589
52 67 12955
52 68 38284
52 69 34519
52 70 35904
52 71 26254
52 72 12672
52 73 13361
52 74 11024
52 75 6273
52 76 10487
52 77 9838
52 78 12958
52 79 10281
52 80 29252
52 81 65233
52 82 28528
52 83 19706
52 84 48796
52 85 48396
52 86 45625
52 87 11034
52 88 22841
52 89 16194
52 90 14938
52 91 15504
52 92 7465
52 93 7121
52 94 7725
52 95 1031
52 96 6119
52 97 4930
52 98 4966
52 99 4760
52 100 4061
52 101 2979
52 102 1633
52 103 1489
52 104 2762
52 105 3586
52 106 125558
52 107 143934
52 108 104540
52 109 115449
52 110 73571
52 111 80718
52 112 80484
52 113 67128
52 114 66438
52 115 97396
52 116 91419
52 117 84482
52 118 26044
52 119 73309
52 120 50697
52 121 69277
52 122 88918
52 123 81847
52 124 86849
52 125 85527
52 126 86854
52 127 86264
52 128 83770
52 129 84068
52 130 42639
52 131 56720
52 132 22558
52 133 19371
52 134 8416
52 135 -6648
53 1 7063
53 2 6954
53 3 8080
53 4 16442
53 5 17226
53 6 17653
53 7 17295
53 8 18336
53 9 17222
53 10 16285
53 11 17013
53 12 16347
53 13 15980
53 14 20807
53 15 21630
53 16 14159
53 17 31638
53 18 30930
53 19 38040
53 20 23034
53 21 16293
53 22 13820
53 23 13273
53 24 13622
53 25 13956
53 26 11270
53 27 10764
53 28 9345
53 29 6424
53 30 2835
53 31 5691
53 32 8763
53 33 29993
53 34 6639
53 35 2833
53 36 2977
53 37 3553
53 38 4937
53 39 5599
53 40 7739
53 41 10629
53 42 10473
53 43 7939
53 44 8340
53 45 6395
53 46 24959
53 47 11297
53 48 5347
53 49 3138
53 50 1479
53 51 2099
53 52 851
53 54 376
53 55 263
53 56 702
53 57 1379
53 58 1506
53 59 6875
53 60 7410
53 61 2730
53 62 1969
53 63 14490
53 64 13061
53 65 49192
53 66 22767
53 67 14704
53 68 40003
53 69 35855
53 70 37216
53 71 28442
53 72 14698
53 73 15514
53 74 13232
53 75 8415
53 76 12678
53 77 12004
53 78 15077
53 79 11950
53 80 31255
53 81 67359
53 82 29931
53 83 20252
53 84 49001
53 85 48601
53 86 45829
53 87 10735
53 88 21515
53 89 15685
53 90 14417
53 91 17004
53 92 6435
53 93 5429
53 94 5979
53 95 -1170
53 96 3951
53 97 2773
53 98 2757
53 99 2568
53 100 1852
53 101 810
53 102 -540
53 103 -489
53 104 589
53 105 1864
53 106 127763
53 107 146131
53 108 106735
53 109 117551
53 110 75654
53 111 82809
53 112 82582
53 113 69250
53 114 68644
53 115 99586
53 116 93627
53 117 86689
53 118 28100
53 119 75427
53 120 52827
53 121 71361
53 122 91003
53 123 83936
53 124 88942
53 125 87621
53 126 88954
53 127 88366
53 128 85879
53 129 86184
53 130 44644
53 131 58928
53 132 24692
53 133 21424
53 134 10612
53 135 -4747
54 1 6474
54 2 6914
54 3 8770
54 4 16482
54 5 17313
54 6 17771
54 7 17290
54 8 18261
54 9 17159
54 10 16021
54 11 16641
54 12 15926
54 13 15161
54 14 20060
54 15 20840
54 16 13190
54 17 30864
54 18 30131
54 19 36953
54 20 21632
54 21 14918
54 22 12526
54 23 12005
54 24 12327
54 25 12520
54 26 9818
54 27 9333
54 28 7961
54 29 5326
54 30 1436
54 31 4236
54 32 8526
54 33 30066
54 34 6841
54 35 4044
54 36 3996
54 37 4287
54 38 5290
54 39 5919
54 40 8409
54 41 11133
54 42 10872
54 43 8338
54 44 8739
54 45 6349
54 46 23993
54 47 10568
54 48 5165
54 49 3295
54 50 1761
54 51 2179
54 52 805
54 53 386
54 55 -364
54 56 422
54 57 619
54 58 142
54 59 5530
54 60 6193
54 61 1732
54 62 1575
54 63 14796
54 64 12944
54 65 47966
54 66 22063
54 67 15118
54 68 40447
54 69 36613
54 70 37990
54 71 27767
54 72 13749
54 73 14767
54 74 12734
54 75 7692
54 76 12390
54 77 11807
54 78 14990
54 79 12438
54 80 31360
54 81 67230
54 82 28564
54 83 18804
54 84 47593
54 85 47193
54 86 44421
54 87 9441
54 88 20730
54 89 14455
54 90 13189
54 91 15689
54 92 5443
54 93 4964
54 94 5576
54 95 -403
54 96 4347
54 97 3167
54 98 3476
54 99 3471
54 100 2610
54 101 1920
54 102 761
54 103 -163
54 104 1244
54 105 1473
54 106 127328
54 107 145757
54 108 106370
54 109 117473
54 110 75617
54 111 82756
54 112 82514
54 113 69130
54 114 68055
54 115 98894
54 116 93084
54 117 86120
54 118 27150
54 119 74552
54 120 52686
54 121 71322
54 122 90962
54 123 83887
54 124 88886
54 125 87561
54 126 88883
54 127 88291
54 128 85789
54 129 86078
54 130 43611
54 131 58371
54 132 24544
54 133 21453
54 134 10307
54 135 -5843
55 1 7178
55 2 6264
55 3 8069
55 4 15820
55 5 16643
55 6 17097
55 7 16638
55 8 17622
55 9 16517
55 10 15426
55 11 16080
55 12 15380
55 13 14781
55 14 19645
55 15 20446
55 16 12892
55 17 31566
55 18 30831
55 19 37601
55 20 22093
55 21 15418
55 22 13096
55 23 12591
55 24 12897
55 25 12929
55 26 10171
55 27 9511
55 28 8044
55 29 5109
55 30 1550
55 31 4536
55 32 9199
55 33 30692
55 34 7420
55 35 3497
55 36 3374
55 37 3596
55 38 4584
55 39 5216
55 40 7708
55 41 10426
55 42 10168
55 43 7633
55 44 8034
55 45 5692
55 46 24672
55 47 11274
55 48 5824
55 49 3872
55 50 2258
55 51 2717
55 52 1373
55 53 264
55 54 -373
55 56 -272
55 57 123
55 58 225
55 59 6077
55 60 6820
55 61 2426
55 62 2250
55 63 15354
55 64 13600
55 65 48560
55 66 22769
55 67 15647
55 68 40969
55 69 37010
55 70 38380
55 71 28473
55 72 14435
55 73 15473
55 74 13437
55 75 8399
55 76 13072
55 77 12476
55 78 15643
55 79 12937
55 80 31979
55 81 67897
55 82 29066
55 83 19028
55 84 47710
55 85 47310
55 86 44538
55 87 9402
55 88 20334
55 89 14352
55 90 13084
55 91 16242
55 92 5156
55 93 4412
55 94 5005
55 95 -1092
55 96 3640
55 97 2460
55 98 2793
55 99 2823
55 100 1938
55 101 1379
55 102 417
55 103 -771
55 104 601
55 105 855
55 106 128030
55 107 146455
55 108 107067
55 109 118132
55 110 76268
55 111 83410
55 112 83171
55 113 69795
55 114 68762
55 115 99600
55 116 93791
55 117 86827
55 118 27832
55 119 75243
55 120 53355
55 121 71974
55 122 91614
55 123 84541
55 124 89540
55 125 88216
55 126 89540
55 127 88949
55 128 86449
55 129 86742
55 130 44274
55 131 59078
55 132 25214
55 133 22087
55 134 10990
55 135 -5192
56 1 7972
56 2 5468
56 3 7329
56 4 15018
56 5 15839
56 6 16292
56 7 15840
56 8 16830
56 9 15724
56 10 14663
56 11 15340
56 12 14652
56 13 14200
56 14 19030
56 15 19850
56 16 12395
56 17 32314
56 18 31573
56 19 38234
56 20 22453
56 21 15842
56 22 13622
56 23 13141
56 24 13423
56 25 13241
56 26 10423
56 27 9551
56 28 7984
56 29 4734
56 30 1548
56 31 4759
56 32 10004
56 33 31480
56 34 8187
56 35 3116
56 36 2854
56 37 2899
56 38 3795
56 39 4421
56 40 6972
56 41 9648
56 42 9375
56 43 6843
56 44 7244
56 45 4893
56 46 25365
56 47 12044
56 48 6627
56 49 4642
56 50 3000
56 51 3484
56 52 2153
56 53 710
56 54 420
56 55 -265
56 57 -281
56 58 366
56 59 6593
56 60 7442
56 61 3167
56 62 3056
56 63 16104
56 64 14402
56 65 49103
56 66 23534
56 67 16375
56 68 41690
56 69 37629
56 70 38991
56 71 29243
56 72 15146
56 73 16235
56 74 14234
56 75 9174
56 76 13878
56 77 13281
56 78 16444
56 79 13646
56 80 32764
56 81 68701
56 82 29481
56 83 19085
56 84 47642
56 85 47242
56 86 44471
56 87 9171
56 88 19736
56 89 14061
56 90 12795
56 91 16738
56 92 4683
56 93 3696
56 94 4270
56 95 -1786
56 96 2864
56 97 1698
56 98 2136
56 99 2254
56 100 1318
56 101 1093
56 102 561
56 103 -790
56 104 169
56 105 113
56 106 128828
56 107 147257
56 108 107869
56 109 118934
56 110 77067
56 111 84211
56 112 83972
56 113 70599
56 114 69541
56 115 100361
56 116 94577
56 117 87611
56 118 28530
56 119 75959
56 120 54160
56 121 72773
56 122 92413
56 123 85341
56 124 90341
56 125 89017
56 126 90341
56 127 89751
56 128 87252
56 129 87545
56 130 44930
56 131 59863
56 132 26018
56 133 22879
56 134 11796
56 135 -4549
57 1 7972
57 2 5267
57 3 7591
57 4 14856
57 5 15702
57 6 16169
57 7 15643
57 8 16597
57 9 15499
57 10 14326
57 11 14941
57 12 14228
57 13 13577
57 14 18441
57 15 19241
57 16 11706
57 17 32124
57 18 31367
57 19 37828
57 20 21796
57 21 15237
57 22 13111
57 23 12656
57 24 12914
57 25 12565
57 26 9717
57 27 8769
57 28 7188
57 29 3976
57 30 762
57 31 4054
57 32 10158
57 33 31749
57 34 8541
57 35 3820
57 36 3472
57 37 3284
57 38 3940
57 39 4515
57 40 7253
57 41 9798
57 42 9457
57 43 6945
57 44 7346
57 45 4729
57 46 25059
57 47 11932
57 48 6823
57 49 4995
57 50 3429
57 51 3865
57 52 2501
57 53 1390
57 54 620
57 55 133
57 56 -278
57 58 -314
57 59 6096
57 60 7072
57 61 3028
57 62 3224
57 63 16494
57 64 14600
57 65 48589
57 66 23392
57 67 16810
57 68 42136
57 69 38214
57 70 39584
57 71 29115
57 72 14886
57 73 16095
57 74 14239
57 75 9088
57 76 13996
57 77 13440
57 78 16648
57 79 14116
57 80 33048
57 81 68861
57 82 28861
57 83 18301
57 84 46843
57 85 46443
57 86 43672
57 87 8380
57 88 19130
57 89 13281
57 90 12015
57 91 16194
57 92 3977
57 93 3265
57 94 3877
57 95 -1404
57 96 3081
57 97 1998
57 98 2625
57 99 2839
57 100 1868
57 101 1862
57 102 1339
57 103 -22
57 104 926
57 105 -147
57 106 128813
57 107 147277
57 108 107894
57 109 119116
57 110 77274
57 111 84409
57 112 84162
57 113 70761
57 114 69439
57 115 100198
57 116 94505
57 117 87523
57 118 28234
57 119 75686
57 120 54309
57 121 72978
57 122 92617
57 123 85541
57 124 90537
57 125 89211
57 126 90530
57 127 89937
57 128 87430
57 129 87715
57 130 44556
57 131 59782
57 132 26168
57 133 23132
57 134 11909
57 135 -4930
58 1 7063
58 2 6125
58 3 9149
58 4 15764
58 5 16650
58 6 17134
58 7 16450
58 8 17346
58 9 16271
58 10 14866
58 11 15313
58 12 14542
58 13 13290
58 14 18258
58 15 18994
58 16 11172
58 17 30756
58 18 29972
58 19 36179
58 20 20018
58 21 13461
58 22 11388
58 23 10955
58 24 11192
58 25 10792
58 26 7963
58 27 7192
58 28 5746
58 29 3249
58 30 -763
58 31 2300
58 32 9516
58 33 31230
58 34 8365
58 35 5571
58 36 5252
58 37 4986
58 38 5450
58 39 5946
58 40 8848
58 41 11234
58 42 10803
58 43 8342
58 44 8743
58 45 5781
58 46 23533
58 47 10756
58 48 6320
58 49 4915
58 50 3731
58 51 4118
58 52 2692
58 53 2530
58 54 1156
58 55 1248
58 56 1382
58 57 699
58 59 4406
58 60 5545
58 61 2004
58 62 2849
58 63 16332
58 64 14008
58 65 46849
58 66 22107
58 67 16726
58 68 42053
58 69 38527
58 70 39920
58 71 27847
58 72 13454
58 73 14844
58 74 13258
58 75 7991
58 76 13252
58 77 12767
58 78 16044
58 79 14161
58 80 32564
58 81 68087
58 82 27081
58 83 16713
58 84 45402
58 85 45002
58 86 42230
58 87 7206
58 88 18884
58 89 12241
58 90 10976
58 91 14444
58 92 3432
58 93 3852
58 94 4534
58 95 289
58 96 4682
58 97 3689
58 98 4390
58 99 4620
58 100 3647
58 101 3541
58 102 2735
58 103 1456
58 104 2628
58 105 1361
58 106 127698
58 107 146222
58 108 106848
58 109 118376
58 110 76593
58 111 83711
58 112 83447
58 113 69988
58 114 68177
58 115 98844
58 116 93296
58 117 86292
58 118 26719
58 119 74186
58 120 53503
58 121 72292
58 122 91932
58 123 84847
58 124 89835
58 125 88505
58 126 89811
58 127 89214
58 128 86690
58 129 86959
58 130 42937
58 131 58559
58 132 25373
58 133 22603
58 134 11161
58 135 -6537
59 1 4524
59 2 10806
59 3 14599
59 4 20451
59 5 21380
59 6 21862
59 7 20873
59 8 21718
59 9 20705
59 10 18931
59 11 18961
59 12 18105
59 13 15414
59 14 20546
59 15 21140
59 16 12718
59 17 25670
59 18 24833
59 19 30710
59 20 15135
59 21 8361
59 22 5964
59 23 5495
59 24 5766
59 25 6330
59 26 4163
59 27 5040
59 28 5002
59 29 5868
59 30 -813
59 31 1024
59 32 7230
59 33 28176
59 34 7558
59 35 10630
59 36 10496
59 37 10439
59 38 10901
59 39 11357
59 40 14314
59 41 16613
59 42 16109
59 43 13708
59 44 14109
59 45 10909
59 46 18186
59 47 6595
59 48 4980
59 49 5292
59 50 6171
59 51 6770
59 52 5327
59 53 6870
59 54 5515
59 55 6071
59 56 6580
59 57 6080
59 58 3377
59 60 1302
59 61 1670
59 62 3651
59 63 14889
59 64 11455
59 65 41446
59 66 17226
59 67 15175
59 68 40247
59 69 37839
59 70 39311
59 71 22985
59 72 8400
59 73 10241
59 74 9530
59 75 4486
59 76 10364
59 77 9974
59 78 13203
59 79 13326
59 80 29605
59 81 64238
59 82 21991
59 83 13242
59 84 42731
59 85 42331
59 86 39562
59 87 6102
59 88 20981
59 89 12109
59 90 11032
59 91 9100
59 92 5552
59 93 8655
59 94 9369
59 95 5747
59 96 10153
59 97 9143
59 98 9768
59 99 9911
59 100 8973
59 101 8505
59 102 7332
59 103 6369
59 104 7730
59 105 6831
59 106 123003
59 107 141654
59 108 102299
59 109 114534
59 110 72950
59 111 80025
59 112 79719
59 113 66112
59 114 63204
59 115 93709
59 116 88435
59 117 81391
59 118 21388
59 119 68840
59 120 49514
59 121 68619
59 122 88275
59 123 81169
59 124 86136
59 125 84798
59 126 86070
59 127 85461
59 128 82896
59 129 83123
59 130 37479
59 131 53672
59 132 21473
59 133 19720
59 134 8337
59 135 -11972
60 1 3143
60 2 11453
60 3 14739
60 4 21106
60 5 22021
60 6 22508
60 7 21633
60 8 22487
60 9 21451
60 10 19777
60 11 19917
60 12 19074
60 13 16616
60 14 21737
60 15 22347
60 16 13976
60 17 25155
60 18 24358
60 19 30705
60 20 15864
60 21 9068
60 22 6367
60 23 5790
60 24 6171
60 25 7394
60 26 5449
60 27 6425
60 28 6350
60 29 6852
60 30 401
60 31 2185
60 32 5867
60 33 26997
60 34 6176
60 35 10298
60 36 10273
60 37 10415
60 38 11054
60 39 11573
60 40 14410
60 41 16864
60 42 16431
60 43 13974
60 44 14375
60 45 11336
60 46 17913
60 47 5556
60 48 3596
60 49 4044
60 50 5324
60 51 6005
60 52 4578
60 53 6427
60 54 5200
60 55 5836
60 56 6451
60 57 6078
60 58 3538
60 59 324
60 61 769
60 62 2621
60 63 13512
60 64 10141
60 65 41701
60 66 16578
60 67 13815
60 68 38916
60 69 36455
60 70 37925
60 71 22330
60 72 7838
60 73 9417
60 74 8401
60 75 3221
60 76 9076
60 77 8685
60 78 11945
60 79 11937
60 80 28410
60 81 63240
60 82 22592
60 83 14365
60 84 43988
60 85 43588
60 86 40821
60 87 7488
60 88 22198
60 89 13480
60 90 12388
60 91 9574
60 92 6696
60 93 9199
60 94 9907
60 95 5731
60 96 10234
60 97 9151
60 98 9664
60 99 9729
60 100 8831
60 101 8188
60 102 6928
60 103 6109
60 104 7506
60 105 6924
60 106 122295
60 107 140893
60 108 101531
60 109 113545
60 110 71906
60 111 78991
60 112 78695
60 113 65125
60 114 62632
60 115 93239
60 116 87800
60 117 80777
60 118 21095
60 119 68559
60 120 48562
60 121 67584
60 122 87235
60 123 80134
60 124 85105
60 125 83769
60 126 85049
60 127 84443
60 128 81888
60 129 82126
60 130 37407
60 131 53051
60 132 20488
60 133 18493
60 134 7033
60 135 -12077
61 1 2963
61 2 10203
61 3 12588
61 4 19833
61 5 20708
61 6 21187
61 7 20543
61 8 21444
61 9 20367
61 10 18955
61 11 19355
61 12 18564
61 13 16885
61 14 21933
61 15 22612
61 16 14509
61 17 27051
61 18 26312
61 19 33215
61 20 18727
61 21 11929
61 22 9214
61 23 8614
61 24 9020
61 25 10094
61 26 7841
61 27 8305
61 28 7624
61 29 6748
61 30 1235
61 31 3199
61 32 5486
61 33 27194
61 34 4805
61 35 7659
61 36 7751
61 37 8114
61 38 9031
61 39 9629
61 40 12228
61 41 14894
61 42 14578
61 43 12060
61 44 12461
61 45 9771
61 46 20180
61 47 6808
61 48 2453
61 49 1835
61 50 2463
61 51 3144
61 52 1723
61 53 3756
61 54 2748
61 55 3451
61 56 4185
61 57 4043
61 58 2006
61 59 2701
61 60 2778
61 62 -92
61 63 12643
61 64 9980
61 65 44413
61 66 18281
61 67 13058
61 68 38339
61 69 35288
61 70 36718
61 71 23998
61 72 9927
61 73 10981
61 74 9180
61 75 3968
61 76 9167
61 77 8701
61 78 11996
61 79 10725
61 80 28544
61 81 63987
61 82 25452
61 83 16997
61 84 46371
61 85 45971
61 86 43201
61 87 9217
61 88 22494
61 89 14737
61 90 13539
61 91 12424
61 92 6901
61 93 7949
61 94 8626
61 95 3424
61 96 8122
61 97 6961
61 98 7302
61 99 7267
61 100 6430
61 101 5602
61 102 4281
61 103 3648
61 104 5054
61 105 4973
61 106 123707
61 107 142193
61 108 102815
61 109 114277
61 110 72501
61 111 79617
61 112 79351
61 113 65888
61 114 64316
61 115 95103
61 116 89380
61 117 82399
61 118 23332
61 119 70725
61 120 49404
61 121 68199
61 122 87839
61 123 80753
61 124 85740
61 125 84410
61 126 85714
61 127 85116
61 128 82591
61 129 82859
61 130 39833
61 131 54657
61 132 21273
61 133 18574
61 134 7077
61 135 -9573
62 1 3011
62 2 10575
62 3 12141
62 4 20149
62 5 20980
62 6 21437
62 7 20952
62 8 21912
62 9 20814
62 10 19610
62 11 20161
62 12 19414
62 13 18188
62 14 23180
62 15 23900
62 16 15958
62 17 27615
62 18 26920
62 19 34330
62 20 20524
62 21 13744
62 22 10916
62 23 10276
62 24 10729
62 25 12055
62 26 9841
62 27 10256
62 28 9452
62 29 8061
62 30 2990
62 31 5072
62 32 4859
62 33 26446
62 34 3425
62 35 6703
62 36 6996
62 37 7613
62 38 8872
62 39 9520
62 40 11797
62 41 14653
62 42 14452
62 43 11914
62 44 12315
62 45 10016
62 46 21101
62 47 7284
62 48 1507
62 49 61
62 50 850
62 51 1830
62 52 510
62 53 2991
62 54 2587
62 55 3271
62 56 4070
62 57 4235
62 58 2847
62 59 4678
62 60 4626
62 61 -96
62 63 11392
62 64 9284
62 65 45777
62 66 18721
62 67 11787
62 68 37113
62 69 33730
62 70 35141
62 71 24387
62 72 10879
62 73 11497
62 74 9180
62 75 4418
62 76 8731
62 77 8139
62 78 11333
62 79 9260
62 80 27754
62 81 63563
62 82 27161
62 83 18984
62 84 48368
62 85 47968
62 86 45197
62 87 11095
62 88 23789
62 89 16489
62 90 15264
62 91 14118
62 92 8261
62 93 8522
62 94 9160
62 95 2891
62 96 7902
62 97 6709
62 98 6809
62 99 6624
62 100 5906
62 101 4846
62 102 3496
62 103 3248
62 104 4575
62 105 5132
62 106 123745
62 107 142143
62 108 102752
62 109 113808
62 110 71959
62 111 79096
62 112 78851
62 113 65462
62 114 64585
62 115 95530
62 116 89575
62 117 82632
62 118 24220
62 119 71452
62 120 49018
62 121 67663
62 122 87303
62 123 80227
62 124 85224
62 125 83899
62 126 85219
62 127 84627
62 128 82123
62 129 82412
62 130 40836
62 131 54873
62 132 20877
62 133 17823
62 134 6651
62 135 -8366
63 1 10467
63 2 23785
63 3 23626
63 4 33201
63 5 33930
63 6 34303
63 7 34067
63 8 35167
63 9 34050
63 10 33135
63 11 33805
63 12 33093
63 13 31886
63 14 36912
63 15 37609
63 16 29515
63 17 22310
63 18 21758
63 19 31747
63 20 25819
63 21 21171
63 22 18448
63 23 17751
63 24 18406
63 25 21604
63 26 20793
63 27 22186
63 28 22214
63 29 21738
63 30 16065
63 31 17875
63 32 6361
63 33 13382
63 34 4076
63 35 17975
63 36 18758
63 37 19631
63 38 21601
63 39 22249
63 40 23614
63 41 26752
63 42 26812
63 43 24372
63 44 24773
63 45 23251
63 46 19101
63 47 10504
63 48 7235
63 49 8557
63 50 13335
63 51 14808
63 52 13650
63 53 15792
63 54 16088
63 55 16655
63 56 17398
63 57 17785
63 58 16610
63 59 16196
63 60 15797
63 61 12919
63 62 11672
63 64 4002
63 65 44633
63 66 13528
63 67 -1955
63 68 23354
63 69 20598
63 70 22089
63 71 18282
63 72 14037
63 73 11604
63 74 7986
63 75 10749
63 76 7143
63 77 3828
63 78 1580
63 79 -2788
63 80 14570
63 81 51271
63 82 31278
63 83 26837
63 84 58009
63 85 57609
63 86 54868
63 87 23179
63 88 37494
63 89 29362
63 90 28253
63 91 20580
63 92 21911
63 93 22130
63 94 22730
63 95 14711
63 96 20628
63 97 19525
63 98 19193
63 99 18717
63 100 18318
63 101 17115
63 102 16070
63 103 16337
63 104 17400
63 105 18577
63 106 112986
63 107 130999
63 108 91556
63 109 101174
63 110 59214
63 111 66414
63 112 66234
63 113 53079
63 114 55025
63 115 86875
63 116 79810
63 117 73125
63 118 21809
63 119 65066
63 120 36672
63 121 54910
63 122 74572
63 123 67528
63 124 72556
63 125 71249
63 126 72616
63 127 72038
63 128 69601
63 129 69958
63 130 36665
63 131 45218
63 132 8681
63 133 5226
63 134 6212
63 135 -6444
64 1 6188
64 2 21151
64 3 22116
64 4 30713
64 5 31531
64 6 31976
64 7 31527
64 8 32489
64 9 31391
64 10 30144
64 11 30612
64 12 29830
64 13 27959
64 14 33054
64 15 33692
64 16 25391
64 17 19659
64 18 19086
64 19 28422
64 20 20673
64 21 15884
64 22 13210
64 23 12526
64 24 13181
64 25 16455
64 26 15881
64 27 17416
64 28 17745
64 29 17927
64 30 11815
64 31 13593
64 32 2091
64 33 15930
64 34 2007
64 35 16312
64 36 16902
64 37 17722
64 38 19292
64 39 19953
64 40 21877
64 41 24897
64 42 24802
64 43 22278
64 44 22679
64 45 20584
64 46 15180
64 47 5280
64 48 3734
64 49 5962
64 50 10738
64 51 12081
64 52 10860
64 53 13284
64 54 13157
64 55 13822
64 56 14617
64 57 14812
64 58 13207
64 59 11683
64 60 11347
64 61 9177
64 62 8485
64 63 2923
64 65 41010
64 66 10605
64 67 2589
64 68 27505
64 69 25516
64 70 27047
64 71 15874
64 72 8752
64 73 6477
64 74 2731
64 75 6006
64 76 1995
64 77 -1455
64 78 756
64 79 2176
64 80 17272
64 81 53015
64 82 26275
64 83 21578
64 84 52723
64 85 52323
64 86 49583
64 87 18264
64 88 33558
64 89 24788
64 90 23758
64 91 15284
64 92 17981
64 93 19063
64 94 19713
64 95 12922
64 96 18305
64 97 17125
64 98 17035
64 99 16697
64 100 16130
64 101 14940
64 102 13698
64 103 13707
64 104 14942
64 105 15707
64 106 113651
64 107 131915
64 108 92507
64 109 103239
64 110 61382
64 111 68520
64 112 68278
64 113 54910
64 114 54964
64 115 86322
64 116 79827
64 117 72984
64 118 18038
64 119 63358
64 120 38479
64 121 57086
64 122 76726
64 123 69651
64 124 74649
64 125 73324
64 126 74647
64 127 74056
64 128 71557
64 129 71852
64 130 34027
64 131 45172
64 132 10341
64 133 7304
64 134 1240
64 135 -11427
65 1 60454
65 2 69004
65 3 75076
65 4 78183
65 5 79078
65 6 79291
65 7 76834
65 8 78093
65 9 77462
65 10 75078
65 11 73290
65 12 72548
65 13 66266
65 14 70583
65 15 71142
65 16 63441
65 17 40148
65 18 36824
65 19 10416
65 20 31629
65 21 50496
65 22 54374
65 23 54794
65 24 54740
65 25 53890
65 26 56848
65 27 56803
65 28 60048
65 29 63994
65 30 57141
65 31 60480
65 32 59655
65 33 46540
65 34 61402
65 35 71435
65 36 71368
65 37 71265
65 38 71526
65 39 71837
65 40 74952
65 41 76813
65 42 76073
65 43 73956
65 44 74357
65 45 70831
65 46 38752
65 47 56785
65 48 60582
65 49 62970
65 50 66057
65 51 66903
65 52 65509
65 53 67559
65 54 66323
65 55 66926
65 56 67462
65 57 66945
65 58 64192
65 59 59818
65 60 61051
65 61 61754
65 62 63122
65 63 61698
65 64 59154
65 66 42049
65 67 54567
65 68 67565
65 69 68484
65 70 70707
65 71 43260
65 72 54347
65 73 54166
65 74 56420
65 75 58899
65 76 59632
65 77 57561
65 78 55656
65 79 61263
65 80 48472
65 81 55929
65 82 34260
65 83 5092
65 84 50376
65 85 49976
65 86 48154
65 87 44055
65 88 70137
65 89 59956
65 90 60940
65 91 51232
65 92 60807
65 93 68402
65 94 69087
65 95 66560
65 96 70898
65 97 69972
65 98 70646
65 99 70792
65 100 69856
65 101 69320
65 102 68066
65 103 67216
65 104 68596
65 105 67628
65 106 83887
65 107 104767
65 108 65752
65 109 90188
65 110 61606
65 111 68127
65 112 67259
65 113 51050
65 114 20639
65 115 48050
65 116 53843
65 117 47715
65 118 40384
65 119 24605
65 120 25220
65 121 53885
65 122 76477
65 123 69096
65 124 73785
65 125 72619
65 126 73160
65 127 72109
65 128 68981
65 129 68638
65 130 -9054
65 131 18419
65 132 12498
65 133 52826
65 134 58567
65 135 22534
66 1 17711
66 2 32288
66 3 35092
66 4 41939
66 5 42861
66 6 43346
66 7 42364
66 8 43207
66 9 42203
66 10 40366
66 11 40194
66 12 39315
66 13 35574
66 14 40695
66 15 41197
66 16 32534
66 17 4796
66 18 4210
66 19 13945
66 20 14165
66 21 16806
66 22 16951
66 23 16778
66 24 17188
66 25 19836
66 26 21400
66 27 23054
66 28 24924
66 29 27237
66 30 20210
66 31 22361
66 32 15332
66 33 11699
66 34 16588
66 35 29653
66 36 29992
66 37 30571
66 38 31588
66 39 32182
66 40 34733
66 41 37452
66 42 37123
66 43 34613
66 44 35014
66 45 32157
66 46 2823
66 47 13884
66 48 16903
66 49 19513
66 50 23699
66 51 24817
66 52 23507
66 53 25973
66 54 25259
66 55 25974
66 56 26732
66 57 26587
66 58 24289
66 59 20437
66 60 20767
66 61 20461
66 62 20905
66 63 15432
66 64 13588
66 65 26888
66 67 9221
66 68 28576
66 69 29253
66 70 31088
66 71 1483
66 72 12895
66 73 10784
66 74 11931
66 75 16381
66 76 14805
66 77 12167
66 78 9386
66 79 14976
66 80 13451
66 81 44039
66 82 18234
66 83 15140
66 84 49163
66 85 48763
66 86 46135
66 87 20950
66 88 40893
66 89 30240
66 90 29803
66 91 16041
66 92 26391
66 93 30053
66 94 30761
66 95 25863
66 96 30674
66 97 29503
66 98 29751
66 99 29611
66 100 28857
66 101 27840
66 102 26488
66 103 26107
66 104 27488
66 105 27507
66 106 101509
66 107 120210
66 108 80866
66 109 94012
66 110 53063
66 111 60043
66 112 59643
66 113 45713
66 114 41795
66 115 72557
66 116 66948
66 117 59923
66 118 4984
66 119 48696
66 120 28776
66 121 48587
66 122 68351
66 123 61198
66 124 66118
66 125 64768
66 126 65960
66 127 65319
66 128 62666
66 129 62808
66 130 19162
66 131 32197
66 132 1161
66 133 8226
66 134 13976
66 135 -15253
67 1 19591
67 2 32680
67 3 31929
67 4 42004
67 5 42679
67 6 42998
67 7 42856
67 8 44043
67 9 42924
67 10 42157
67 11 42887
67 12 42200
67 13 41105
67 14 46127
67 15 46827
67 16 38727
67 17 23663
67 18 22999
67 19 33228
67 20 32251
67 21 29136
67 22 26751
67 23 26103
67 24 26755
67 25 30118
67 26 29645
67 27 31158
67 28 31340
67 29 30957
67 30 25246
67 31 27044
67 32 15425
67 33 5699
67 34 13266
67 35 26582
67 36 27444
67 37 28292
67 38 30443
67 39 31071
67 40 32117
67 41 35277
67 42 35422
67 43 33059
67 44 33460
67 45 32216
67 46 22913
67 47 18952
67 48 16449
67 49 17708
67 50 22422
67 51 23918
67 52 22772
67 53 24809
67 54 25213
67 55 25751
67 56 26472
67 57 26904
67 58 25807
67 59 25285
67 60 24903
67 61 22137
67 62 20870
67 63 6848
67 64 12471
67 65 46305
67 66 16120
67 68 14158
67 69 11808
67 70 13375
67 71 19673
67 72 21827
67 73 18917
67 74 15931
67 75 19698
67 76 15759
67 77 12167
67 78 7350
67 79 3920
67 80 6670
67 81 43961
67 82 37156
67 83 33663
67 84 65746
67 85 65346
67 86 62628
67 87 32025
67 88 46713
67 89 38456
67 90 37378
67 91 28385
67 92 31130
67 93 31234
67 94 31819
67 95 23292
67 96 29494
67 97 28439
67 98 28014
67 99 27482
67 100 27161
67 101 25985
67 102 25035
67 103 25374
67 104 26373
67 105 27660
67 106 106655
67 107 124343
67 108 84856
67 109 93231
67 110 51311
67 111 58577
67 112 58466
67 113 45540
67 114 49781
67 115 82408
67 116 74629
67 117 68237
67 118 25290
67 119 62870
67 120 29032
67 121 46952
67 122 66680
67 123 59668
67 124 64730
67 125 63446
67 126 64857
67 127 64288
67 128 61919
67 129 62347
67 130 36340
67 131 40128
67 132 1476
67 133 1437
67 134 14972
67 135 -54
68 1 36615
68 2 49758
68 3 48604
68 4 59011
68 5 59644
68 6 59913
68 7 59834
68 8 61095
68 9 59977
68 10 59305
68 11 60064
68 12 59389
68 13 58271
68 14 63308
68 15 63997
68 16 55838
68 17 32342
68 18 31233
68 19 39194
68 20 45656
68 21 44785
68 22 42863
68 23 42283
68 24 42915
68 25 46343
68 26 46263
68 27 47894
68 28 48295
68 29 48127
68 30 42299
68 31 44083
68 32 32432
68 33 -2121
68 34 30466
68 35 43546
68 36 44447
68 37 45263
68 38 47516
68 39 48128
68 40 48963
68 41 52116
68 42 52318
68 43 50021
68 44 50422
68 45 49348
68 46 34383
68 47 35441
68 48 33595
68 49 34912
68 50 39617
68 51 41117
68 52 39973
68 53 41980
68 54 42414
68 55 42945
68 56 43659
68 57 44102
68 58 43006
68 59 42229
68 60 41876
68 61 39290
68 62 38068
68 63 24029
68 64 29259
68 65 51175
68 66 27347
68 67 6030
68 69 -1845
68 70 230
68 71 29289
68 72 37697
68 73 34604
68 74 32233
68 75 36558
68 76 32515
68 77 28858
68 78 23487
68 79 21053
68 80 -2060
68 81 31289
68 82 49855
68 83 46761
68 84 80342
68 85 79942
68 86 77272
68 87 48482
68 88 63880
68 89 55329
68 90 54310
68 91 43934
68 92 48286
68 93 48427
68 94 49006
68 95 40208
68 96 46583
68 97 45557
68 98 45086
68 99 44528
68 100 44246
68 101 43092
68 102 42185
68 103 42550
68 104 43523
68 105 44849
68 106 94592
68 107 111640
68 108 72067
68 109 78074
68 110 36718
68 111 44139
68 112 44186
68 113 31750
68 114 40142
68 115 74450
68 116 65798
68 117 60239
68 118 36347
68 119 60622
68 120 14574
68 121 32077
68 122 52096
68 123 45160
68 124 50298
68 125 49087
68 126 50581
68 127 50016
68 128 47804
68 129 48393
68 130 37989
68 131 31481
68 132 -10933
68 133 13094
68 134 31792
68 135 14276
69 1 47886
69 2 58493
69 3 56236
69 4 67389
69 5 67845
69 6 67908
69 7 67972
69 8 69585
69 9 68495
69 10 68352
69 11 69285
69 12 68750
69 13 68619
69 14 73500
69 15 74296
69 16 66524
69 17 47225
69 18 46162
69 19 54137
69 20 59811
69 21 57724
69 22 55402
69 23 54756
69 24 55407
69 25 58769
69 26 58202
69 27 59629
69 28 59586
69 29 58603
69 30 53336
69 31 55191
69 32 43804
69 33 12194
69 34 41069
69 35 52255
69 36 53245
69 37 53874
69 38 56468
69 39 56982
69 40 57113
69 41 60154
69 42 60499
69 43 58469
69 44 58870
69 45 58516
69 46 48913
69 47 47593
69 48 44491
69 49 45201
69 50 49570
69 51 51113
69 52 50006
69 53 51630
69 54 52378
69 55 52784
69 56 53396
69 57 53978
69 58 53278
69 59 53619
69 60 53213
69 61 50037
69 62 48483
69 63 35071
69 64 41068
69 65 65892
69 66 41822
69 67 17478
69 68 11953
69 70 -13803
69 71 44024
69 72 50432
69 73 47458
69 74 44582
69 75 48178
69 76 44350
69 77 40791
69 78 35937
69 79 31377
69 80 12159
69 81 37615
69 82 64230
69 83 61136
69 84 94062
69 85 93662
69 86 90963
69 87 60598
69 88 74186
69 89 66751
69 90 65606
69 91 56940
69 92 58800
69 93 58092
69 94 58602
69 95 48634
69 96 55633
69 97 54775
69 98 54117
69 99 53472
69 100 53349
69 101 52337
69 102 51687
69 103 52207
69 104 52987
69 105 54563
69 106 98683
69 107 114919
69 108 75237
69 109 77626
69 110 39071
69 111 46761
69 112 47074
69 113 35297
69 114 47176
69 115 83045
69 116 74300
69 117 69588
69 118 50955
69 119 73340
69 120 15751
69 121 33333
69 122 54408
69 123 47604
69 124 52874
69 125 51842
69 126 53419
69 127 52805
69 128 50848
69 129 51689
69 130 52108
69 131 40121
69 132 -4312
69 133 26799
69 134 43526
69 135 27939
70 1 47318
70 2 57743
70 3 55440
70 4 66619
70 5 67066
70 6 67117
70 7 67186
70 8 68817
70 9 67730
70 10 67614
70 11 68554
70 12 68028
70 13 67954
70 14 72823
70 15 73627
70 16 65884
70 17 47131
70 18 46091
70 19 54221
70 20 59524
70 21 57285
70 22 54927
70 23 54277
70 24 54929
70 25 58278
70 26 57669
70 27 59076
70 28 58999
70 29 57960
70 30 52733
70 31 54596
70 32 43251
70 33 12409
70 34 40465
70 35 51520
70 36 52513
70 37 53130
70 38 55739
70 39 56247
70 40 56343
70 41 59375
70 42 59726
70 43 57711
70 44 58112
70 45 57795
70 46 48711
70 47 47096
70 48 43900
70 49 44568
70 50 48910
70 51 50455
70 52 49349
70 53 50949
70 54 51713
70 55 52112
70 56 52716
70 57 53306
70 58 52629
70 59 53049
70 60 52641
70 61 49425
70 62 47852
70 63 34520
70 64 40557
70 65 66073
70 66 41615
70 67 17003
70 68 11986
70 69 -15845
70 71 43881
70 72 49985
70 73 47028
70 74 44108
70 75 47635
70 76 43835
70 77 40289
70 78 35490
70 79 30781
70 80 12383
70 81 38447
70 82 63984
70 83 60876
70 84 93694
70 85 93294
70 86 90591
70 87 60063
70 88 73516
70 89 66165
70 90 65012
70 91 56511
70 92 58154
70 93 57400
70 94 57906
70 95 47880
70 96 54911
70 97 54063
70 98 53397
70 99 52748
70 100 52633
70 101 51631
70 102 50997
70 103 51523
70 104 52292
70 105 53880
70 106 99629
70 107 115881
70 108 76201
70 109 78626
70 110 40030
70 111 47714
70 112 48022
70 113 36232
70 114 48030
70 115 83831
70 116 75077
70 117 70318
70 118 50772
70 119 73828
70 120 16739
70 121 34314
70 122 55367
70 123 48561
70 124 53828
70 125 52793
70 126 54369
70 127 53756
70 128 51794
70 129 52630
70 130 52419
70 131 40892
70 132 -3491
70 133 26506
70 134 43002
70 135 27592
71 1 20622
71 2 35286
71 3 38022
71 4 44937
71 5 45859
71 6 46344
71 7 45363
71 8 46207
71 9 45203
71 10 43363
71 11 43180
71 12 42300
71 13 38501
71 14 43615
71 15 44113
71 16 35449
71 17 2571
71 18 1999
71 19 12269
71 20 15658
71 21 19553
71 22 19888
71 23 19735
71 24 20132
71 25 22685
71 26 24334
71 27 25964
71 28 27885
71 29 30234
71 30 23202
71 31 25360
71 32 18096
71 33 10023
71 34 19226
71 35 32534
71 36 32896
71 37 33497
71 38 34545
71 39 35144
71 40 37666
71 41 40406
71 42 40089
71 43 37575
71 44 37976
71 45 35141
71 46 3951
71 47 16828
71 48 19720
71 49 22325
71 50 26583
71 51 27718
71 52 26413
71 53 28889
71 54 28204
71 55 28919
71 56 29682
71 57 29551
71 58 27270
71 59 23437
71 60 23760
71 61 23419
71 62 23812
71 63 17427
71 64 16098
71 65 25340
71 66 -1276
71 67 10015
71 68 27759
71 69 28696
71 70 30595
71 72 15895
71 73 13746
71 74 14742
71 75 19320
71 76 17515
71 77 14745
71 78 11446
71 79 16908
71 80 11831
71 81 41293
71 82 19405
71 83 16130
71 84 50764
71 85 50364
71 86 47763
71 87 23540
71 88 43797
71 89 33081
71 90 32686
71 91 18831
71 92 29367
71 93 33046
71 94 33754
71 95 28785
71 96 33624
71 97 32450
71 98 32679
71 99 32526
71 100 31783
71 101 30750
71 102 29400
71 103 29042
71 104 30419
71 105 30474
71 106 98509
71 107 117217
71 108 77875
71 109 91160
71 110 50350
71 111 57313
71 112 56896
71 113 42907
71 114 38815
71 115 69628
71 116 63953
71 117 56933
71 118 5692
71 119 45995
71 120 25894
71 121 45837
71 122 65630
71 123 58468
71 124 63380
71 125 62030
71 126 63206
71 127 62558
71 128 59890
71 129 60017
71 130 16885
71 131 29205
71 132 -1607
71 133 8544
71 134 16722
71 135 -12549
72 1 6008
72 2 19306
72 3 22570
72 4 28953
72 5 29880
72 6 30364
72 7 29365
72 8 30208
72 9 29203
72 10 27382
72 11 27285
72 12 26412
72 13 23078
72 14 28225
72 15 28758
72 16 20144
72 17 17213
72 18 16415
72 19 23354
72 20 12028
72 21 7205
72 22 5101
72 23 4598
72 24 5192
72 25 8594
72 26 9135
72 27 10911
72 28 12278
72 29 14259
72 30 7286
72 31 9373
72 32 5806
72 33 21108
72 34 7635
72 35 17606
72 36 17766
72 37 18135
72 38 18927
72 39 19475
72 40 22218
72 41 24769
72 42 24362
72 43 21890
72 44 22291
72 45 19278
72 46 10156
72 47 2500
72 48 6212
72 49 8521
72 50 11826
72 51 12779
72 52 11419
72 53 13733
72 54 12774
72 55 13469
72 56 14173
72 57 13910
72 58 11465
72 59 7440
72 60 7856
72 61 7936
72 62 8892
72 63 11770
72 64 7564
72 65 35015
72 66 8724
72 67 10757
72 68 34755
72 69 33692
72 70 35287
72 71 14483
72 73 2432
72 74 4030
72 75 4454
72 76 6781
72 77 5807
72 78 7760
72 79 11007
72 80 22644
72 81 56207
72 82 17925
72 83 12732
72 84 43967
72 85 43567
72 86 40834
72 87 10764
72 88 28526
72 89 18441
72 90 17717
72 91 6494
72 92 13581
72 93 17106
72 94 17817
72 95 13448
72 96 18066
72 97 16937
72 98 17330
72 99 17296
72 100 16461
72 101 15605
72 102 14263
72 103 13680
72 104 15086
72 105 14797
72 106 114508
72 107 133185
72 108 93835
72 109 106438
72 110 65054
72 111 72095
72 112 71755
72 113 58033
72 114 54717
72 115 85296
72 116 79930
72 117 72889
72 118 13302
72 119 60708
72 120 41328
72 121 60684
72 122 80367
72 123 73244
72 124 78194
72 125 76850
72 126 78095
72 127 77475
72 128 74878
72 129 75074
72 130 29863
72 131 45169
72 132 13402
72 133 13331
72 134 5285
72 135 -19146
73 1 6625
73 2 21254
73 3 23926
73 4 30906
73 5 31816
73 6 32303
73 7 31444
73 8 32296
73 9 31264
73 10 29555
73 11 29590
73 12 28729
73 13 25654
73 14 30804
73 15 31351
73 16 22767
73 17 15728
73 18 15027
73 19 23004
73 20 13827
73 21 9877
73 22 7929
73 23 7417
73 24 8018
73 25 11422
73 26 11877
73 27 13651
73 28 14859
73 29 16502
73 30 9657
73 31 11622
73 32 5094
73 33 18322
73 34 6865
73 35 18591
73 36 18878
73 37 19413
73 38 20408
73 39 21003
73 40 23566
73 41 26271
73 42 25947
73 43 23435
73 44 23836
73 45 21021
73 46 9546
73 47 2725
73 48 6212
73 49 8769
73 50 12652
73 51 13723
73 52 12399
73 53 14840
73 54 14083
73 55 14798
73 56 15553
73 57 15410
73 58 13146
73 59 9572
73 60 9726
73 61 9281
73 62 9801
73 63 9628
73 64 5580
73 65 35125
73 66 6904
73 67 8138
73 68 31953
73 69 31009
73 70 32621
73 71 12625
73 72 2723
73 74 2093
73 75 5224
73 76 5279
73 77 3828
73 78 5124
73 79 9012
73 80 19846
73 81 53690
73 82 19405
73 83 14882
73 84 46460
73 85 46060
73 86 43336
73 87 13591
73 88 31139
73 89 21200
73 90 20434
73 91 9087
73 92 16021
73 93 18977
73 94 19680
73 95 14711
73 96 19494
73 97 18325
73 98 18592
73 99 18473
73 100 17702
73 101 16716
73 102 15361
73 103 14940
73 104 16328
73 105 16332
73 106 112494
73 107 131080
73 108 91718
73 109 103963
73 110 62481
73 111 69536
73 112 69210
73 113 55544
73 114 52954
73 115 83731
73 116 78056
73 117 71055
73 118 12585
73 119 59571
73 120 38905
73 121 58128
73 122 77799
73 123 70683
73 124 75640
73 125 74298
73 126 75555
73 127 74940
73 128 72358
73 129 72570
73 130 29221
73 131 43321
73 132 10906
73 133 10505
73 134 4072
73 135 -18269
74 1 5064
74 2 20449
74 3 22375
74 4 30081
74 5 30956
74 6 31435
74 7 30773
74 8 31659
74 9 30591
74 10 29082
74 11 29333
74 12 28503
74 13 26007
74 14 31143
74 15 31731
74 16 23265
74 17 17753
74 18 17124
74 19 25742
74 20 16884
74 21 12239
74 22 9751
74 23 9109
74 24 9759
74 25 13147
74 26 12981
74 27 14665
74 28 15394
74 29 16313
74 30 9785
74 31 11608
74 32 2370
74 33 17586
74 34 3936
74 35 16762
74 36 17174
74 37 17853
74 38 19086
74 39 19721
74 40 22040
74 41 24897
74 42 24671
74 43 22135
74 44 22536
74 45 20010
74 46 12296
74 47 2196
74 48 3910
74 49 6517
74 50 10834
74 51 12019
74 52 10735
74 53 13231
74 54 12723
74 55 13435
74 56 14225
74 57 14227
74 58 12233
74 59 9534
74 60 9383
74 61 8153
74 62 8157
74 63 6683
74 64 2507
74 65 38052
74 66 8724
74 67 5825
74 68 30255
74 69 28806
74 70 30374
74 71 14294
74 72 4994
74 73 2766
74 75 4103
74 76 2160
74 77 745
74 78 2983
74 79 5976
74 80 19029
74 81 53838
74 82 22539
74 83 17787
74 84 49051
74 85 48651
74 86 45916
74 87 15201
74 88 31564
74 89 22185
74 90 21267
74 91 11578
74 92 16143
74 93 18176
74 94 18860
74 95 13120
74 96 18128
74 97 16937
74 98 17056
74 99 16846
74 100 16152
74 101 15058
74 102 13724
74 103 13481
74 104 14823
74 105 15161
74 106 113525
74 107 131969
74 108 92586
74 109 104144
74 110 62455
74 111 69548
74 112 69261
74 113 55734
74 114 54348
74 115 85371
74 116 79326
74 117 72389
74 118 15263
74 119 61687
74 120 39215
74 121 58139
74 122 77786
74 123 70689
74 124 75665
74 125 74330
74 126 75618
74 127 75015
74 128 72471
74 129 72721
74 130 31742
74 131 44627
74 132 11104
74 133 9226
74 134 1103
74 135 -15109
75 1 419
75 2 15250
75 3 17575
75 4 24891
75 5 25776
75 6 26259
75 7 25554
75 8 26433
75 9 25370
75 10 23843
75 11 24105
75 12 23279
75 13 20972
75 14 26091
75 15 26703
75 16 18325
75 17 22087
75 18 21380
75 19 28906
75 20 16640
75 21 10364
75 22 7333
75 23 6601
75 24 7212
75 25 9967
75 26 8911
75 27 10331
75 28 10608
75 29 11123
75 30 4756
75 31 6542
75 32 1867
75 33 22655
75 34 3066
75 35 12257
75 36 12522
75 37 13057
75 38 14102
75 39 14713
75 40 17216
75 41 19958
75 42 19667
75 43 17143
75 44 17544
75 45 14865
75 46 15588
75 47 1749
75 48 905
75 49 2963
75 50 6353
75 51 7384
75 52 6051
75 53 8481
75 54 7748
75 55 8464
75 56 9232
75 57 9143
75 58 7033
75 59 4557
75 60 4270
75 61 3008
75 62 3462
75 63 9513
75 64 5849
75 65 40598
75 66 13241
75 67 9659
75 68 34647
75 69 32469
75 70 33968
75 71 18939
75 72 5485
75 73 5964
75 74 4170
75 76 4743
75 77 4352
75 78 7591
75 79 8199
75 80 24062
75 81 59076
75 82 22898
75 83 16453
75 84 46762
75 85 46362
75 86 43605
75 87 11294
75 88 26554
75 89 17650
75 90 16616
75 91 10205
75 92 11040
75 93 12965
75 94 13654
75 95 8352
75 96 13173
75 97 11995
75 98 12236
75 99 12113
75 100 11344
75 101 10358
75 102 9003
75 103 8589
75 104 9972
75 105 10075
75 106 118605
75 107 137103
75 108 97727
75 109 109382
75 110 67680
75 111 74777
75 112 74493
75 113 60973
75 114 59233
75 115 90074
75 116 84283
75 117 77307
75 118 18693
75 119 65899
75 120 44453
75 121 63367
75 122 83012
75 123 75917
75 124 80895
75 125 79561
75 126 80851
75 127 80249
75 128 77708
75 129 77959
75 130 35334
75 131 49562
75 132 16344
75 133 14137
75 134 2726
75 135 -13589
76 1 4194
76 2 19481
76 3 20874
76 4 29077
76 5 29921
76 6 30383
76 7 29851
76 8 30779
76 9 29691
76 10 28343
76 11 28739
76 12 27939
76 13 25886
76 14 30994
76 15 31619
76 16 23276
76 17 19819
76 18 19214
76 19 28059
76 20 19005
76 21 13837
76 22 11080
76 23 10383
76 24 11038
76 25 14270
76 26 13661
76 27 15201
76 28 15575
76 29 15922
76 30 9699
76 31 11478
76 32 460
76 33 17842
76 34 1628
76 35 15134
76 36 15635
76 37 16396
76 38 17808
76 39 18462
76 40 20578
76 41 23527
76 42 23372
76 43 20836
76 44 21237
76 45 18948
76 46 14637
76 47 3136
76 48 2235
76 49 4739
76 50 9331
76 51 10603
76 52 9354
76 53 11833
76 54 11535
76 55 12226
76 56 13025
76 57 13140
76 58 11383
76 59 9524
76 60 9214
76 61 7296
76 62 6864
76 63 4996
76 64 927
76 65 40420
76 66 10754
76 67 4809
76 68 29693
76 69 27730
76 70 29257
76 71 16223
76 72 6901
76 73 5108
76 74 1316
76 75 3832
76 77 -615
76 78 2670
76 79 4069
76 80 19218
76 81 54646
76 82 24769
76 83 19706
76 84 50663
76 85 50263
76 86 47519
76 87 16044
76 88 31478
76 89 22591
76 90 21574
76 91 13300
76 92 15925
76 93 17298
76 94 17963
76 95 11632
76 96 16830
76 97 15639
76 98 15645
76 99 15368
76 100 14738
76 101 13584
76 102 12289
76 103 12184
76 104 13473
76 105 14059
76 106 114878
76 107 133228
76 108 93832
76 109 104919
76 110 63117
76 111 70238
76 112 69979
76 113 56548
76 114 55940
76 115 87114
76 116 80857
76 117 73963
76 118 17582
76 119 63713
76 120 40089
76 121 58817
76 122 78457
76 123 71373
76 124 76363
76 125 75034
76 126 76343
76 127 75748
76 128 73231
76 129 73508
76 130 33967
76 131 46179
76 132 11948
76 133 9256
76 134 -860
76 135 -12802
77 1 5795
77 2 20962
77 3 22125
77 4 30543
77 5 31374
77 6 31828
77 7 31338
77 8 32281
77 9 31188
77 10 29885
77 11 30311
77 12 29519
77 13 27520
77 14 32625
77 15 33253
77 16 24915
77 17 19213
77 18 18632
77 19 27842
77 20 19875
77 21 15111
77 22 12466
77 23 11787
77 24 12443
77 25 15742
77 26 15240
77 27 16807
77 28 17212
77 29 17537
77 30 11338
77 31 13117
77 32 1839
77 33 16246
77 34 2250
77 35 16340
77 36 16893
77 37 17690
77 38 19189
77 39 19848
77 40 21860
77 41 24850
77 42 24729
77 43 22198
77 44 22599
77 45 20410
77 46 14544
77 47 4557
77 48 3582
77 49 5943
77 50 10656
77 51 11969
77 52 10735
77 53 13189
77 54 12982
77 55 13660
77 56 14458
77 57 14614
77 58 12928
77 59 11164
77 60 10853
77 61 8860
77 62 8302
77 63 3711
77 64 -493
77 65 40379
77 66 10146
77 67 3247
77 68 28066
77 69 26201
77 70 27741
77 71 15483
77 72 7957
77 73 5687
77 74 1931
77 75 5471
77 76 1415
77 78 1052
77 79 2976
77 80 17611
77 81 53169
77 82 25487
77 83 20780
77 84 51948
77 85 51548
77 86 48809
77 87 17606
77 88 33113
77 89 24216
77 90 23206
77 91 14500
77 92 17555
77 93 18820
77 94 19478
77 95 12907
77 96 18206
77 97 17020
77 98 16973
77 99 16661
77 100 16067
77 101 14890
77 102 13623
77 103 13581
77 104 14842
77 105 15522
77 106 113616
77 107 131918
77 108 92515
77 109 103422
77 110 61594
77 111 68722
77 112 68470
77 113 55069
77 114 54824
77 115 86111
77 116 79707
77 117 72843
77 118 17423
77 119 62991
77 120 38624
77 121 57296
77 122 76935
77 123 69855
77 124 74849
77 125 73522
77 126 74837
77 127 74244
77 128 71735
77 129 72020
77 130 33533
77 131 45043
77 132 10483
77 133 7642
77 134 744
77 135 -12207
78 1 10267
78 2 25324
78 3 26144
78 4 34881
78 5 35694
78 6 36136
78 7 35700
78 8 36665
78 9 35566
78 10 34315
78 11 34767
78 12 33980
78 13 31970
78 14 37081
78 15 37702
78 16 29336
78 17 17350
78 18 16798
78 19 26747
78 20 21871
78 21 18376
78 22 16094
78 23 15475
78 24 16119
78 25 19529
78 26 19357
78 27 21009
78 28 21570
78 29 22008
78 30 15766
78 31 17549
78 32 6250
78 33 11779
78 34 5865
78 35 20334
78 36 20966
78 37 21805
78 38 23432
78 39 24094
78 40 25941
78 41 28988
78 42 28917
78 43 26400
78 44 26801
78 45 24755
78 46 14204
78 47 8535
78 48 7908
78 49 10069
78 50 14877
78 51 16236
78 52 15020
78 53 17427
78 54 17330
78 55 17992
78 56 18786
78 57 18987
78 58 17370
78 59 15558
78 60 15278
78 61 13320
78 62 12661
78 63 2628
78 64 2883
78 65 39639
78 66 8530
78 67 -405
78 68 23860
78 69 22512
78 70 24107
78 71 13349
78 72 11075
78 73 8148
78 74 5334
78 75 9875
78 76 5865
78 77 2217
78 79 2187
78 80 13139
78 81 48863
78 82 27061
78 83 23173
78 84 54994
78 85 54594
78 86 51873
78 87 21605
78 88 37558
78 89 28491
78 90 27525
78 91 17616
78 92 22014
78 93 23237
78 94 23888
78 95 16987
78 96 22444
78 97 21270
78 98 21149
78 99 20789
78 100 20246
78 101 19047
78 102 17827
78 103 17864
78 104 19086
78 105 19881
78 106 109718
78 107 127918
78 108 88502
78 109 99072
78 110 57207
78 111 64347
78 112 64108
78 113 50754
78 114 51257
78 115 82811
78 116 76080
78 117 69292
78 118 16873
78 119 60434
78 120 34330
78 121 52912
78 122 72552
78 123 65478
78 124 70477
78 125 69153
78 126 70478
78 127 69887
78 128 67392
78 129 67691
78 130 31751
78 131 41448
78 132 6197
78 133 3170
78 134 5212
78 135 -10516
79 1 11577
79 2 23737
79 3 23110
79 4 33063
79 5 33744
79 6 34073
79 7 33917
79 8 35099
79 9 33980
79 10 33234
79 11 33988
79 12 33318
79 13 32467
79 14 37442
79 15 38176
79 16 30222
79 17 24460
79 18 23906
79 19 33945
79 20 27860
79 21 22921
79 22 20101
79 23 19388
79 24 20039
79 25 23122
79 26 22098
79 27 23364
79 28 23195
79 29 22345
79 30 16937
79 31 18792
79 32 7659
79 33 13994
79 34 4675
79 35 17659
79 36 18509
79 37 19363
79 38 21499
79 39 22127
79 40 23228
79 41 26385
79 42 26509
79 43 24129
79 44 24530
79 45 23284
79 46 21337
79 47 12196
79 48 8096
79 49 8951
79 50 13569
79 51 15081
79 52 13947
79 53 15904
79 54 16382
79 55 16890
79 56 17592
79 57 18059
79 58 17091
79 59 17285
79 60 16874
79 61 13653
79 62 12192
79 63 -136
79 64 5907
79 65 46850
79 66 15724
79 67 -2231
79 68 23030
79 69 19556
79 70 21002
79 71 20415
79 72 15926
79 73 13640
79 74 9931
79 75 12087
79 76 8868
79 77 5745
79 78 3791
79 80 15103
79 81 52096
79 82 33390
79 83 28763
79 84 59725
79 85 59325
79 86 56578
79 87 24416
79 88 38066
79 89 30361
79 90 29208
79 91 22392
79 92 22543
79 93 22365
79 94 22938
79 95 14379
79 96 20550
79 97 19500
79 98 19070
79 99 18539
79 100 18217
79 101 17044
79 102 16111
79 103 16476
79 104 17449
79 105 18783
79 106 114159
79 107 132079
79 108 92623
79 109 101788
79 110 59827
79 111 67055
79 112 66903
79 113 53838
79 114 56458
79 115 88463
79 116 81238
79 117 74610
79 118 24044
79 119 66980
79 120 37409
79 121 55505
79 122 75191
79 123 68160
79 124 73203
79 125 71905
79 126 73290
79 127 72716
79 128 70306
79 129 70690
79 130 38765
79 131 46665
79 132 9542
79 133 6392
79 134 7827
79 135 -4336
80 1 35761
80 2 50563
80 3 50517
80 4 60042
80 5 60800
80 6 61194
80 7 60902
80 8 61940
80 9 60829
80 10 59721
80 11 60234
80 12 59458
80 13 57373
80 14 62501
80 15 63101
80 16 54650
80 17 24965
80 18 23570
80 19 29945
80 20 39825
80 21 41270
80 22 40054
80 23 39595
80 24 40174
80 25 43501
80 26 44061
80 27 45824
80 28 46766
80 29 47494
80 30 41144
80 31 42944
80 32 31719
80 33 -12301
80 34 30703
80 35 44901
80 36 45677
80 37 46551
80 38 48457
80 39 49113
80 40 50538
80 41 53677
80 42 53734
80 43 51282
80 44 51683
80 45 49991
80 46 28125
80 47 33562
80 48 33285
80 49 35172
80 50 40016
80 51 41438
80 52 40250
80 53 42541
80 54 42636
80 55 43264
80 56 44042
80 57 44323
80 58 42826
80 59 40896
80 60 40679
80 61 38804
80 62 38018
80 63 24554
80 64 28335
80 65 41391
80 66 21531
80 67 7851
80 68 7249
80 69 7670
80 70 9936
80 71 22670
80 72 34895
80 73 31806
80 74 30316
80 75 35282
80 76 31349
80 77 27712
80 78 22075
80 79 22435
80 81 24977
80 82 43574
80 83 40115
80 84 74912
80 85 74512
80 86 71897
80 87 45550
80 88 62941
80 89 53382
80 90 52556
80 91 40390
80 92 47458
80 93 48633
80 94 49269
80 95 41636
80 96 47476
80 97 46343
80 98 46072
80 99 45618
80 100 45188
80 101 43978
80 102 42871
80 103 43046
80 104 44183
80 105 45184
80 106 87989
80 107 105504
80 108 65997
80 109 74330
80 110 32371
80 111 39609
80 112 39475
80 113 26514
80 114 32082
80 115 65643
80 116 57249
80 117 51314
80 118 29871
80 119 50402
80 120 10023
80 121 28046
80 122 47736
80 123 40710
80 124 45758
80 125 44466
80 126 45864
80 127 45293
80 128 42908
80 129 43326
80 130 27788
80 131 22855
80 132 -17472
80 133 10779
80 134 30702
80 135 9835
81 1 65789
81 2 81164
81 3 81861
81 4 90751
81 5 91579
81 6 92029
81 7 91536
81 8 92460
81 9 91375
81 10 89953
81 11 90193
81 12 89353
81 13 86320
81 14 91466
81 15 91993
81 16 83360
81 17 46850
81 18 44507
81 19 40170
81 20 61439
81 21 67872
81 22 67822
81 23 67547
81 24 68024
81 25 70885
81 26 72228
81 27 73960
81 28 75524
81 29 77122
81 30 70376
81 31 72295
81 32 62046
81 33 18699
81 34 61642
81 35 76098
81 36 76791
81 37 77651
81 38 79333
81 39 79996
81 40 81745
81 41 84833
81 42 84797
81 43 82289
81 44 82690
81 45 80618
81 46 51329
81 47 62836
81 48 63776
81 49 65963
81 50 70778
81 51 72134
81 52 70914
81 53 73328
81 54 73189
81 55 73865
81 56 74662
81 57 74819
81 58 73032
81 59 70212
81 60 70192
81 61 68930
81 62 68510
81 63 55938
81 64 58761
81 65 43531
81 66 46802
81 67 39825
81 68 35281
81 69 27809
81 70 30683
81 71 46815
81 72 63141
81 73 60333
81 74 59808
81 75 64979
81 76 61460
81 77 57953
81 78 52482
81 79 54111
81 80 19660
81 82 64245
81 83 56817
81 84 95302
81 85 94902
81 86 92480
81 87 71798
81 88 91744
81 89 81280
81 90 80764
81 91 67119
81 92 76749
81 93 78969
81 94 79639
81 95 72802
81 96 78345
81 97 77171
81 98 77035
81 99 76652
81 100 76135
81 101 74930
81 102 73725
81 103 73761
81 104 74987
81 105 75730
81 106 56316
81 107 73585
81 108 34056
81 109 43268
81 110 2067
81 111 8990
81 112 8565
81 113 -5137
81 114 2596
81 115 38616
81 116 30076
81 117 26407
81 118 52696
81 119 38802
81 120 -21570
81 121 -2491
81 122 17322
81 123 10146
81 124 15049
81 125 13699
81 126 14883
81 127 14247
81 128 11633
81 129 11848
81 130 25565
81 131 -4010
81 132 -48534
81 133 41607
81 134 60824
81 135 35778
82 1 26166
82 2 31814
82 3 38282
82 4 40968
82 5 41862
82 6 42080
82 7 39714
82 8 40915
82 9 40262
82 10 37884
82 11 36231
82 12 35455
82 13 29401
82 14 33933
82 15 34448
82 16 26460
82 17 19774
82 18 17615
82 19 10945
82 20 -5196
82 21 14076
82 22 18661
82 23 19230
82 24 19019
82 25 17079
82 26 20052
82 27 19671
82 28 22975
82 29 26988
82 30 20306
82 31 23970
82 32 26678
82 33 32350
82 34 28488
82 35 35516
82 36 35282
82 37 34860
82 38 34935
82 39 35144
82 40 38300
82 41 39920
82 42 39112
82 43 37114
82 44 37515
82 45 33949
82 46 11972
82 47 23343
82 48 26747
82 49 28649
82 50 30847
82 51 31552
82 52 30126
82 53 31817
82 54 30440
82 55 30951
82 56 31359
82 57 30736
82 58 27943
82 59 23882
82 60 25461
82 61 26312
82 62 28025
82 63 31862
82 64 27938
82 65 17779
82 66 16914
82 67 28937
82 68 49764
82 69 50341
82 70 52137
82 71 20844
82 72 20776
82 73 21965
82 74 24426
82 75 24718
82 76 27500
82 77 26188
82 78 26597
82 79 31322
82 80 34174
82 81 60162
82 83 -6037
82 84 28711
82 85 28311
82 86 25773
82 87 8612
82 88 33614
82 89 22978
82 90 23809
82 91 15385
82 92 23596
82 93 31538
82 94 32204
82 95 30117
82 96 34422
82 97 33622
82 98 34413
82 99 34656
82 100 33684
82 101 33401
82 102 32271
82 103 31250
82 104 32571
82 105 31283
82 106 110188
82 107 129806
82 108 90594
82 109 107789
82 110 69155
82 111 75977
82 112 75416
82 113 60804
82 114 48389
82 115 77408
82 116 75479
82 117 68314
82 118 14636
82 119 50839
82 120 42228
82 121 64144
82 122 84354
82 123 77123
82 124 81964
82 125 80623
82 126 81645
82 127 80917
82 128 78099
82 129 78072
82 130 17132
82 131 40466
82 132 17077
82 133 28939
82 134 26111
82 135 -10416
83 1 53807
83 2 49484
83 3 58609
83 4 57338
83 5 57875
83 6 57336
83 7 53077
83 8 55573
83 9 55509
83 10 53449
83 11 49914
83 12 49673
83 13 42804
83 14 45663
83 15 46614
83 16 41312
83 17 50443
83 18 47989
83 19 32084
83 20 22398
83 21 40937
83 22 45934
83 23 46601
83 24 46222
83 25 42003
83 26 44237
83 27 41674
83 28 44816
83 29 48318
83 30 43164
83 31 48045
83 32 55352
83 33 63256
83 34 56873
83 35 59336
83 36 58752
83 37 57321
83 38 56974
83 39 56713
83 40 59592
83 41 59960
83 42 58818
83 43 57711
83 44 58112
83 45 54848
83 46 43227
83 47 52177
83 48 54573
83 49 55723
83 50 56645
83 51 57161
83 52 55706
83 53 56540
83 54 55082
83 55 55315
83 56 55365
83 57 54578
83 58 51977
83 59 49535
83 60 51636
83 61 52259
83 62 54250
83 63 61823
83 64 57643
83 65 23013
83 66 48222
83 67 59846
83 68 81072
83 69 81649
83 70 83431
83 71 51971
83 72 49985
83 73 51844
83 74 54076
83 75 52675
83 76 56839
83 77 55883
83 78 57111
83 79 61097
83 80 65117
83 81 87136
83 82 28365
83 84 12328
83 85 11928
83 86 10842
83 87 19029
83 88 44768
83 89 39131
83 90 41246
83 91 43204
83 92 42391
83 93 52929
83 94 53442
83 95 52347
83 96 56928
83 97 56632
83 98 57639
83 99 58087
83 100 57115
83 101 57520
83 102 56803
83 103 55518
83 104 56582
83 105 54646
83 106 126197
83 107 146897
83 108 107846
83 109 130057
83 110 95432
83 111 102119
83 112 101419
83 113 86137
83 114 63018
83 115 90497
83 116 94363
83 117 87643
83 118 45803
83 119 65744
83 120 64629
83 121 89541
83 122 110519
83 123 103220
83 124 107993
83 125 106695
83 126 107534
83 127 106693
83 128 103731
83 129 103556
83 130 30653
83 131 59081
83 132 43900
83 133 60196
83 134 55247
83 135 19992
84 1 46253
84 2 38726
84 3 48231
84 4 46291
84 5 46743
84 6 46057
84 7 41553
84 8 44272
84 9 44301
84 10 42378
84 11 38588
84 12 38451
84 13 31691
84 14 34270
84 15 35307
84 16 30541
84 17 48169
84 18 46040
84 19 34596
84 20 18431
84 21 34025
84 22 38797
84 23 39449
84 24 39035
84 25 34219
84 26 35960
84 27 32792
84 28 35669
84 29 38745
84 30 34145
84 31 39357
84 32 48241
84 33 60482
84 34 49477
84 35 50009
84 36 49340
84 37 47606
84 38 47209
84 39 46814
84 40 49512
84 41 49575
84 42 48381
84 43 47514
84 44 47915
84 45 44849
84 46 40007
84 47 45362
84 48 46999
84 49 47733
84 50 48146
84 51 48609
84 52 47152
84 53 47645
84 54 46227
84 55 46353
84 56 46278
84 57 45476
84 58 43022
84 59 41380
84 60 43615
84 61 43989
84 62 45990
84 63 55351
84 64 51144
84 65 30653
84 66 44601
84 67 54285
84 68 77009
84 69 76931
84 70 78605
84 71 48961
84 72 43576
84 73 45778
84 74 47696
84 75 45340
84 76 50152
84 77 49407
84 78 51288
84 79 54415
84 80 62270
84 81 87977
84 82 25469
84 83 -25316
84 85 -114
84 86 -886
84 87 8361
84 88 33329
84 89 28921
84 90 31204
84 91 36575
84 92 32286
84 93 43151
84 94 43612
84 95 42543
84 96 47301
84 97 47169
84 98 48199
84 99 48689
84 100 47744
84 101 48370
84 102 47822
84 103 46490
84 104 47442
84 105 45377
84 106 132434
84 107 152753
84 108 113643
84 109 133743
84 110 96780
84 111 103547
84 112 102927
84 113 88030
84 114 69567
84 115 97458
84 116 99152
84 117 92187
84 118 42813
84 119 71528
84 120 68181
84 121 91449
84 122 111938
84 123 104679
84 124 109491
84 125 108163
84 126 109112
84 127 108340
84 128 105460
84 129 105367
84 130 36432
84 131 63970
84 132 44832
84 133 55553
84 134 48436
84 135 14762
85 1 46253
85 2 38726
85 3 48231
85 4 46291
85 5 46743
85 6 46057
85 7 41553
85 8 44272
85 9 44301
85 10 42378
85 11 38588
85 12 38451
85 13 31691
85 14 34270
85 15 35307
85 16 30541
85 17 48169
85 18 46040
85 19 34596
85 20 18431
85 21 34025
85 22 38797
85 23 39449
85 24 39035
85 25 34219
85 26 35960
85 27 32792
85 28 35669
85 29 38745
85 30 34145
85 31 39357
85 32 48241
85 33 60482
85 34 49477
85 35 50009
85 36 49340
85 37 47606
85 38 47209
85 39 46814
85 40 49512
85 41 49575
85 42 48381
85 43 47514
85 44 47915
85 45 44849
85 46 40007
85 47 45362
85 48 46999
85 49 47733
85 50 48146
85 51 48609
85 52 47152
85 53 47645
85 54 46227
85 55 46353
85 56 46278
85 57 45476
85 58 43022
85 59 41380
85 60 43615
85 61 43989
85 62 45990
85 63 55351
85 64 51144
85 65 30653
85 66 44601
85 67 54285
85 68 77009
85 69 76931
85 70 78605
85 71 48961
85 72 43576
85 73 45778
85 74 47696
85 75 45340
85 76 50152
85 77 49407
85 78 51288
85 79 54415
85 80 62270
85 81 87977
85 82 25469
85 83 -25316
85 84 286
85 86 -886
85 87 8361
85 88 33329
85 89 28921
85 90 31204
85 91 36575
85 92 32286
85 93 43151
85 94 43612
85 95 42543
85 96 47301
85 97 47169
85 98 48199
85 99 48689
85 100 47744
85 101 48370
85 102 47822
85 103 46490
85 104 47442
85 105 45377
85 106 132434
85 107 152753
85 108 113643
85 109 133743
85 110 96780
85 111 103547
85 112 102927
85 113 88030
85 114 69567
85 115 97458
85 116 99152
85 117 92187
85 118 42813
85 119 71528
85 120 68181
85 121 91449
85 122 111938
85 123 104679
85 124 109491
85 125 108163
85 126 109112
85 127 108340
85 128 105460
85 129 105367
85 130 36432
85 131 63970
85 132 44832
85 133 55553
85 134 48436
85 135 14762
86 1 45264
86 2 37779
86 3 47265
86 4 45367
86 5 45827
86 6 45157
86 7 40685
86 8 43373
86 9 43391
86 10 41454
86 11 37691
86 12 37541
86 13 30767
86 14 33379
86 15 34404
86 16 29590
86 17 47380
86 18 45269
86 19 34122
86 20 17611
86 21 33057
86 22 37820
86 23 38471
86 24 38057
86 25 33230
86 26 34964
86 27 31792
86 28 34670
86 29 37751
86 30 33146
86 31 38357
86 32 47259
86 33 59644
86 34 48489
86 35 49013
86 36 48345
86 37 46616
86 38 46221
86 39 45829
86 40 48533
86 41 48608
86 42 47417
86 43 46539
86 44 46940
86 45 43867
86 46 39178
86 47 44389
86 48 46008
86 49 46737
86 50 47147
86 51 47609
86 52 46153
86 53 46645
86 54 45227
86 55 45353
86 56 45279
86 57 44477
86 58 42022
86 59 40383
86 60 42620
86 61 42991
86 62 44991
86 63 54382
86 64 50176
86 65 30603
86 66 43745
86 67 53339
86 68 76111
86 69 76004
86 70 77674
86 71 48132
86 72 42615
86 73 44826
86 74 46733
86 75 44355
86 76 49180
86 77 48440
86 78 50339
86 79 53440
86 80 61427
86 81 87327
86 82 24703
86 83 -24630
86 84 1286
86 85 886
86 87 7395
86 88 32443
86 89 27940
86 90 30218
86 91 35613
86 92 31305
86 93 42162
86 94 42624
86 95 41556
86 96 46309
86 97 46174
86 98 47205
86 99 47693
86 100 46748
86 101 47372
86 102 46823
86 103 45491
86 104 46444
86 105 44380
86 106 132171
86 107 152456
86 108 113340
86 109 133266
86 110 96155
86 111 102927
86 112 102313
86 113 87442
86 114 69342
86 115 97278
86 116 98785
86 117 91804
86 118 41996
86 119 71267
86 120 67699
86 121 90856
86 122 111317
86 123 104060
86 124 108875
86 125 107546
86 126 108502
86 127 107735
86 128 104860
86 129 104772
86 130 36190
86 131 63611
86 132 44189
86 133 54641
86 134 47461
86 135 13846
87 1 25975
87 2 15067
87 3 24462
87 4 22932
87 5 23514
87 6 23110
87 7 19327
87 8 21404
87 9 21225
87 10 19068
87 11 15848
87 12 15455
87 13 8536
87 14 11947
87 15 12694
87 16 6877
87 17 38360
87 18 36924
87 19 34956
87 20 12828
87 21 17217
87 22 20528
87 23 21012
87 24 20623
87 25 15250
87 26 15482
87 27 11255
87 28 13355
87 29 15580
87 30 11853
87 31 17539
87 32 28542
87 33 47007
87 34 29067
87 35 26851
87 36 26110
87 37 24113
87 38 23699
87 39 23211
87 40 25802
87 41 25805
87 42 24614
87 43 23771
87 44 24172
87 45 21202
87 46 29436
87 47 26636
87 48 26491
87 49 26461
87 50 26127
87 51 26535
87 52 25085
87 53 25074
87 54 23770
87 55 23740
87 56 23502
87 57 22708
87 58 20521
87 59 20446
87 60 22810
87 61 22530
87 62 24412
87 63 36216
87 64 32380
87 65 40027
87 66 32083
87 67 36259
87 68 60844
87 69 59162
87 70 60669
87 71 37432
87 72 26068
87 73 28604
87 74 29541
87 75 25567
87 76 31228
87 77 30760
87 78 33594
87 79 34801
87 80 48603
87 81 80168
87 82 21065
87 83 -2920
87 84 24056
87 85 23656
87 86 20918
87 88 11249
87 89 5346
87 90 7759
87 91 19997
87 92 8654
87 93 19682
87 94 20097
87 95 18981
87 96 23903
87 97 23929
87 98 24964
87 99 25484
87 100 24581
87 101 25449
87 102 25126
87 103 23766
87 104 24562
87 105 22396
87 106 133817
87 107 153232
87 108 113987
87 109 129567
87 110 89255
87 111 96196
87 112 95753
87 113 81614
87 114 72281
87 115 101412
87 116 98942
87 117 91762
87 118 32599
87 119 74860
87 120 64132
87 121 84677
87 122 104525
87 123 97352
87 124 102252
87 125 100901
87 126 102049
87 127 101386
87 128 98683
87 129 98769
87 130 41022
87 131 63985
87 132 37230
87 133 39503
87 134 29309
87 135 528
88 1 26660
88 2 5429
88 3 15700
88 4 11932
88 5 12158
88 6 11231
88 7 6764
88 8 9440
88 9 9605
88 10 8144
88 11 3765
88 12 3869
88 13 -762
88 14 -507
88 15 1380
88 16 1763
88 17 45655
88 18 44517
88 19 45664
88 20 24084
88 21 23642
88 22 24975
88 23 25151
88 24 24926
88 25 20409
88 26 18764
88 27 14178
88 28 14125
88 29 12929
88 30 11626
88 31 17672
88 32 29398
88 33 50707
88 34 28755
88 35 21882
88 36 21020
88 37 18063
88 38 17835
88 39 16854
88 40 18301
88 41 17211
88 42 15915
88 43 16092
88 44 16493
88 45 14878
88 46 37051
88 47 29074
88 48 26504
88 49 25355
88 50 24039
88 51 24441
88 52 23040
88 53 22002
88 54 21207
88 55 20820
88 56 20215
88 57 19606
88 58 18347
88 59 21473
88 60 23668
88 61 21955
88 62 23254
88 63 36679
88 64 33822
88 65 52257
88 66 38174
88 67 37095
88 68 62390
88 69 58898
88 70 60270
88 71 43837
88 72 29978
88 73 32300
88 74 32052
88 75 26975
88 76 32810
88 77 32415
88 78 35695
88 79 34599
88 80 52142
88 81 86262
88 82 32215
88 83 8967
88 84 35172
88 85 34772
88 86 32114
88 87 -2603
88 89 7346
88 90 8599
88 91 26080
88 92 4965
88 93 14739
88 94 14893
88 95 12523
88 96 18524
88 97 19157
88 98 20040
88 99 20569
88 100 19898
88 101 21408
88 102 21716
88 103 20471
88 104 20801
88 105 18728
88 106 142973
88 107 162035
88 108 122736
88 109 136422
88 110 95136
88 111 102173
88 112 101826
88 113 88053
88 114 82101
88 115 111712
88 116 108055
88 117 100898
88 118 40288
88 119 85487
88 120 71222
88 121 90759
88 122 110448
88 123 103323
88 124 108270
88 125 106925
88 126 108163
88 127 107540
88 128 104931
88 129 105112
88 130 52234
88 131 73181
88 132 43439
88 133 42247
88 134 30751
88 135 7009
89 1 19275
89 2 7990
89 3 16825
89 4 16441
89 5 17201
89 6 17152
89 7 14269
89 8 15704
89 9 15232
89 10 12857
89 11 10687
89 12 9975
89 13 3798
89 14 8543
89 15 9021
89 16 835
89 17 35843
89 18 34655
89 19 35817
89 20 14651
89 21 13780
89 22 15648
89 23 15944
89 24 15646
89 25 10728
89 26 9656
89 27 4994
89 28 6106
89 29 7639
89 30 4429
89 31 10338
89 32 21992
89 33 42170
89 34 22104
89 35 18867
89 36 18118
89 37 16125
89 38 15713
89 39 15258
89 40 17943
89 41 18175
89 42 17037
89 43 15979
89 44 16380
89 45 13276
89 46 27154
89 47 20760
89 48 19581
89 49 19177
89 50 18538
89 51 18933
89 52 17490
89 53 17269
89 54 16029
89 55 15935
89 56 15637
89 57 14854
89 58 12801
89 59 13698
89 60 16047
89 61 15295
89 62 17051
89 63 29644
89 64 26149
89 65 43173
89 66 28618
89 67 29935
89 68 54936
89 69 52560
89 70 54016
89 71 34218
89 72 20990
89 73 23458
89 74 23770
89 75 19168
89 76 25020
89 77 24615
89 78 27725
89 79 27991
89 80 43680
89 81 76895
89 82 22676
89 83 4427
89 84 31861
89 85 31461
89 86 28708
89 87 -7409
89 88 8443
89 90 -186
89 91 16314
89 92 712
89 93 11685
89 94 12108
89 95 11012
89 96 15903
89 97 15938
89 98 16973
89 99 17496
89 100 16600
89 101 17522
89 102 17273
89 103 15912
89 104 16653
89 105 14470
89 106 133002
89 107 152101
89 108 112809
89 109 126895
89 110 85866
89 111 92870
89 112 92491
89 113 78605
89 114 72102
89 115 101737
89 116 98076
89 117 90916
89 118 30385
89 119 75574
89 120 61620
89 121 81436
89 122 101165
89 123 94024
89 124 98955
89 125 97607
89 126 98816
89 127 98181
89 128 95542
89 129 95694
89 130 42494
89 131 63197
89 132 34036
89 133 34051
89 134 23026
89 135 -2745
90 1 17574
90 2 6851
90 3 15342
90 4 15540
90 5 16357
90 6 16426
90 7 13853
90 8 15114
90 9 14540
90 10 12145
90 11 10387
90 12 9595
90 13 4038
90 14 9023
90 15 9500
90 16 915
90 17 35002
90 18 33868
90 19 35709
90 20 14975
90 21 13005
90 22 14453
90 23 14691
90 24 14426
90 25 9759
90 26 8320
90 27 3656
90 28 4380
90 29 5784
90 30 2624
90 31 8572
90 32 20309
90 33 40763
90 34 20336
90 35 17038
90 36 16299
90 37 14372
90 38 13966
90 39 13557
90 40 16321
90 41 16705
90 42 15602
90 43 14412
90 44 14813
90 45 11611
90 46 26413
90 47 19237
90 48 17831
90 49 17360
90 50 16683
90 51 17076
90 52 15634
90 53 15401
90 54 14163
90 55 14067
90 56 13771
90 57 12988
90 58 10936
90 59 12021
90 60 14355
90 61 13497
90 62 15226
90 63 27935
90 64 24519
90 65 43557
90 66 27581
90 67 28257
90 68 53317
90 69 50815
90 70 52263
90 71 33223
90 72 19666
90 73 22092
90 74 22252
90 75 17534
90 76 23403
90 77 23005
90 78 26159
90 79 26238
90 80 42254
90 81 75779
90 82 22907
90 83 5942
90 84 33544
90 85 33144
90 86 30386
90 87 -5596
90 88 9096
90 89 -786
90 91 15426
90 92 -908
90 93 9920
90 94 10363
90 95 9288
90 96 14118
90 97 14117
90 98 15153
90 99 15672
90 100 14769
90 101 15666
90 102 15406
90 103 14046
90 104 14793
90 105 12613
90 106 132373
90 107 151401
90 108 112099
90 109 125865
90 110 84711
90 111 91729
90 112 91364
90 113 77530
90 114 71627
90 115 101383
90 116 97468
90 117 90319
90 118 29651
90 119 75352
90 120 60630
90 121 80305
90 122 100016
90 123 92882
90 124 97819
90 125 96473
90 126 97694
90 127 97065
90 128 94440
90 129 94605
90 130 42472
90 131 62607
90 132 32937
90 133 32547
90 134 21396
90 135 -3643
91 1 10704
91 2 18583
91 3 23636
91 4 28089
91 5 29036
91 6 29447
91 7 27894
91 8 28798
91 9 27923
91 10 25762
91 11 25066
91 12 24184
91 13 19669
91 14 24728
91 15 25210
91 16 16563
91 17 19269
91 18 18147
91 19 21843
91 20 6200
91 21 574
91 22 2972
91 23 3541
91 24 3334
91 25 3661
91 26 5998
91 27 7192
91 28 9717
91 29 13118
91 30 6018
91 31 9011
91 32 11864
91 33 26727
91 34 13486
91 35 20036
91 36 19894
91 37 19727
91 38 20015
91 39 20368
91 40 23449
91 41 25473
91 42 24829
91 43 22581
91 44 22982
91 45 19541
91 46 10749
91 47 8669
91 48 11400
91 49 13072
91 50 15158
91 51 15875
91 52 14453
91 53 16241
91 54 14916
91 55 15478
91 56 15967
91 57 15420
91 58 12657
91 59 8342
91 60 9794
91 61 10635
91 62 12333
91 63 18515
91 64 14298
91 65 32102
91 66 12072
91 67 17517
91 68 41194
91 69 40402
91 70 42015
91 71 17621
91 72 6696
91 73 8998
91 74 10816
91 75 9376
91 76 13382
91 77 12552
91 78 14503
91 79 17675
91 80 28341
91 81 60387
91 82 12736
91 83 6153
91 84 37168
91 85 36768
91 86 34034
91 87 4895
91 88 24830
91 89 13967
91 90 13679
91 92 11245
91 93 17129
91 94 17832
91 95 15021
91 96 19364
91 97 18435
91 98 19125
91 99 19298
91 100 18350
91 101 17911
91 102 16719
91 103 15776
91 104 17134
91 105 16090
91 106 116735
91 107 135703
91 108 96395
91 109 110292
91 110 69408
91 111 76390
91 112 75991
91 113 62041
91 114 56226
91 115 86256
91 116 81871
91 117 74739
91 118 13992
91 119 60710
91 120 45002
91 121 64935
91 122 84697
91 123 77545
91 124 82466
91 125 81116
91 126 82307
91 127 81665
91 128 79009
91 129 79144
91 130 28718
91 131 47032
91 132 17505
91 133 19628
91 134 11750
91 135 -19364
92 1 15615
92 2 2179
92 3 10176
92 4 11285
92 5 12192
92 6 12473
92 7 10598
92 8 11556
92 9 10762
92 10 8488
92 11 7781
92 12 6895
92 13 3896
92 14 8978
92 15 9627
92 16 1654
92 17 36188
92 18 35200
92 19 38688
92 20 18995
92 21 15017
92 22 15135
92 23 15141
92 24 15027
92 25 11526
92 26 9063
92 27 5140
92 28 3946
92 29 1912
92 30 746
92 31 6733
92 32 18345
92 33 39787
92 34 17734
92 35 12382
92 36 11584
92 37 9386
92 38 8970
92 39 8463
92 40 11148
92 41 11549
92 42 10473
92 43 9225
92 44 9626
92 45 6470
92 46 27986
92 47 18241
92 48 15449
92 49 14394
92 50 13229
92 51 13619
92 52 12202
92 53 11460
92 54 10458
92 55 10180
92 56 9700
92 57 8991
92 58 7433
92 59 10582
92 60 12704
92 61 10900
92 62 12264
92 63 25634
92 64 22783
92 65 47465
92 66 28210
92 67 26050
92 68 51334
92 69 48050
92 70 49446
92 71 33945
92 72 19571
92 73 21720
92 74 21169
92 75 15999
92 76 21795
92 77 21395
92 78 24689
92 79 23614
92 80 41197
92 81 75805
92 82 26735
92 83 11128
92 84 38667
92 85 38267
92 86 35514
92 87 -660
92 88 9503
92 89 4153
92 90 3133
92 91 17033
92 93 5014
92 94 5385
92 95 4233
92 96 9250
92 97 9441
92 98 10457
92 99 10997
92 100 10156
92 101 11310
92 102 11313
92 103 9986
92 104 10530
92 105 8338
92 106 133813
92 107 152637
92 108 113305
92 109 126078
92 110 84565
92 111 91631
92 112 91314
92 113 77660
92 114 73517
92 115 103596
92 116 99034
92 117 91928
92 118 31229
92 119 77956
92 120 60997
92 121 80225
92 122 99887
92 123 92777
92 124 97739
92 125 96399
92 126 97662
92 127 97049
92 128 94472
92 129 94686
92 130 45563
92 131 64221
92 132 33022
92 133 31263
92 134 19730
92 135 -2338
93 1 12434
93 2 767
93 3 5223
93 4 10416
93 5 11318
93 6 11804
93 7 11074
93 8 11971
93 9 10895
93 10 9565
93 11 10153
93 12 9444
93 13 9244
93 14 13956
93 15 14835
93 16 7804
93 17 35834
93 18 35008
93 19 40473
93 20 22709
93 21 16931
93 22 15604
93 23 15320
93 24 15428
93 25 13719
93 26 10759
93 27 8451
93 28 6563
93 29 1890
93 30 1053
93 31 5813
93 32 14819
93 33 36489
93 34 13330
93 35 5899
93 36 5077
93 37 2931
93 38 2537
93 39 2314
93 40 5411
93 41 6887
93 42 6181
93 43 4052
93 44 4453
93 45 905
93 46 28323
93 47 16080
93 48 11540
93 49 9783
93 50 8194
93 51 8645
93 52 7287
93 53 5883
93 54 5408
93 55 4865
93 56 4142
93 57 3708
93 58 3282
93 59 9114
93 60 10636
93 61 7377
93 62 7954
93 63 21282
93 64 19294
93 65 50489
93 66 27301
93 67 21583
93 68 46904
93 69 42771
93 70 44121
93 71 33053
93 72 18525
93 73 20105
93 74 18631
93 75 13353
93 76 18597
93 77 18089
93 78 21341
93 79 18865
93 80 37801
93 81 73454
93 82 30106
93 83 17095
93 84 44961
93 85 44561
93 86 41800
93 87 5797
93 88 14706
93 89 10555
93 90 9390
93 91 18346
93 92 443
93 94 -810
93 95 -2102
93 96 2714
93 97 2994
93 98 3974
93 99 4518
93 100 3738
93 101 5147
93 102 5507
93 103 4338
93 104 4558
93 105 2613
93 106 132994
93 107 151552
93 108 112182
93 109 123738
93 110 81936
93 111 89060
93 112 88801
93 113 75356
93 114 73346
93 115 103887
93 116 98523
93 117 91499
93 118 31534
93 119 78948
93 120 58876
93 121 77637
93 122 97276
93 123 90194
93 124 95185
93 125 93856
93 126 95166
93 127 94570
93 128 92051
93 129 92323
93 130 47326
93 131 63774
93 132 30744
93 133 27864
93 134 16506
93 135 -1925
94 1 12808
94 2 375
94 3 4867
94 4 10022
94 5 10920
94 6 11406
94 7 10695
94 8 11600
94 9 10520
94 10 9231
94 11 9854
94 12 9160
94 13 9122
94 14 13793
94 15 14694
94 16 7771
94 17 36244
94 18 35419
94 19 40877
94 20 23059
94 21 17320
94 22 16013
94 23 15731
94 24 15837
94 25 14096
94 26 11139
94 27 8776
94 28 6889
94 29 2191
94 30 1434
94 31 6222
94 32 15172
94 33 36828
94 34 13637
94 35 5928
94 36 5090
94 37 2794
94 38 2383
94 39 2060
94 40 5111
94 41 6508
94 42 5786
94 43 3690
94 44 4091
94 45 526
94 46 28735
94 47 16474
94 48 11881
94 49 10089
94 50 8481
94 51 8942
94 52 7589
94 53 6131
94 54 5718
94 55 5156
94 56 4414
94 57 4018
94 58 3662
94 59 9526
94 60 11042
94 61 7752
94 62 8290
94 63 21580
94 64 19642
94 65 50872
94 66 27707
94 67 21866
94 68 47181
94 69 42979
94 70 44325
94 71 33459
94 72 18934
94 73 20506
94 74 19013
94 75 13740
94 76 18960
94 77 18445
94 78 21690
94 79 19136
94 80 38135
94 81 73822
94 82 30470
94 83 17306
94 84 45120
94 85 44720
94 86 41960
94 87 5910
94 88 14558
94 89 10676
94 90 9531
94 91 18747
94 92 512
94 93 -1112
94 95 -2288
94 96 2668
94 97 3068
94 98 4015
94 99 4558
94 100 3815
94 101 5299
94 102 5724
94 103 4588
94 104 4759
94 105 2887
94 106 133394
94 107 151948
94 108 112577
94 109 124103
94 110 82293
94 111 89419
94 112 89163
94 113 75724
94 114 73754
94 115 104299
94 116 98929
94 117 91905
94 118 31946
94 119 79359
94 120 59248
94 121 77995
94 122 97634
94 123 90554
94 124 95545
94 125 94217
94 126 95528
94 127 94932
94 128 92415
94 129 92689
94 130 47731
94 131 64180
94 132 31114
94 133 28204
94 134 16869
94 135 -1514
95 1 13984
95 2 1776
95 3 1162
95 4 10755
95 5 11346
95 6 11621
95 7 11539
95 8 12909
95 9 11804
95 10 11728
95 11 12724
95 12 12336
95 13 13904
95 14 18191
95 15 19279
95 16 13094
95 17 38525
95 18 37803
95 19 44515
95 20 28039
95 21 21726
95 22 19769
95 23 19332
95 24 19574
95 25 18816
95 26 15868
95 27 14136
95 28 12278
95 29 7780
95 30 6340
95 31 10355
95 32 15569
95 33 36176
95 34 12990
95 35 2451
95 36 1899
95 37 -1620
95 38 1211
95 39 921
95 40 862
95 41 3951
95 42 4037
95 43 1755
95 44 2156
95 45 2892
95 46 31668
95 47 18194
95 48 12153
95 49 9743
95 50 8263
95 51 8992
95 52 7766
95 53 5853
95 54 6610
95 55 5930
95 56 5229
95 57 5608
95 58 6288
95 59 12775
95 60 13737
95 61 9421
95 62 8892
95 63 20432
95 64 19722
95 65 55216
95 66 29680
95 67 20210
95 68 45254
95 69 39882
95 70 41170
95 71 35361
95 72 21436
95 73 22408
95 74 20144
95 75 15309
95 76 19500
95 77 18745
95 78 21660
95 79 17448
95 80 37373
95 81 73856
95 82 35254
95 83 23082
95 84 50922
95 85 50522
95 86 47763
95 87 11665
95 88 19059
95 89 16451
95 90 15327
95 91 22807
95 92 6231
95 93 4467
95 94 4583
95 96 1593
95 97 2515
95 98 2107
95 99 2082
95 100 2178
95 101 3915
95 102 5069
95 103 4773
95 104 4402
95 105 4533
95 106 134601
95 107 152918
95 108 113514
95 109 123926
95 110 81979
95 111 89162
95 112 88963
95 113 75722
95 114 75561
95 115 106506
95 116 100531
95 117 93601
95 118 34831
95 119 82242
95 120 59317
95 121 77681
95 122 97334
95 123 90282
95 124 95301
95 125 93988
95 126 95341
95 127 94759
95 128 92298
95 129 92630
95 130 51230
95 131 65836
95 132 31219
95 133 27767
95 134 17450
95 135 1746
96 1 11909
96 2 2089
96 3 3412
96 4 11476
96 5 12226
96 6 12634
96 7 12342
96 8 13458
96 9 12339
96 10 11691
96 11 12571
96 12 12019
96 13 12718
96 14 17256
96 15 18226
96 16 11515
96 17 36267
96 18 35520
96 19 41959
96 20 25352
96 21 19045
96 22 17145
96 23 16728
96 24 16952
96 25 16125
96 26 13179
96 27 11523
96 28 9688
96 29 5327
96 30 3674
96 31 7669
96 32 13797
96 33 34974
96 34 11618
96 35 2259
96 36 1398
96 37 -627
96 38 -110
96 39 553
96 40 3079
96 41 5688
96 42 5452
96 43 2914
96 44 3315
96 45 1788
96 46 29237
96 47 16006
96 48 10386
96 49 8167
96 50 6524
96 51 7133
96 52 5859
96 53 3979
96 54 4365
96 55 3667
96 56 2884
96 57 3098
96 58 3686
96 59 10186
96 60 11245
96 61 7124
96 62 6908
96 63 19354
96 64 18110
96 65 52559
96 66 27496
96 67 19417
96 68 44634
96 69 39886
96 70 41206
96 71 33205
96 72 19059
96 73 20196
96 74 18157
96 75 13135
96 76 17703
96 77 17049
96 78 20122
96 79 16624
96 80 36218
96 81 72404
96 82 32564
96 83 20668
96 84 48685
96 85 48285
96 86 45521
96 87 9592
96 88 18065
96 89 14347
96 90 13162
96 91 20155
96 92 4253
96 93 2288
96 94 2544
96 95 -5402
96 97 109
96 98 507
96 99 983
96 100 510
96 101 2372
96 102 3301
96 103 2648
96 104 2384
96 105 1929
96 106 132742
96 107 151142
96 108 111750
96 109 122583
96 110 80676
96 111 87836
96 112 87613
96 113 74294
96 114 73500
96 115 104322
96 116 98527
96 117 91565
96 118 32412
96 119 79864
96 120 57872
96 121 76382
96 122 96026
96 123 88962
96 124 93970
96 125 92650
96 126 93987
96 127 93399
96 128 90916
96 129 91224
96 130 48709
96 131 63815
96 132 29739
96 133 26435
96 134 15631
96 135 -773
97 1 10714
97 2 3171
97 3 4544
97 4 12608
97 5 13376
97 6 13795
97 7 13470
97 8 14552
97 9 13435
97 10 12671
97 11 13503
97 12 12909
97 13 13277
97 14 17909
97 15 18834
97 16 11888
97 17 35104
97 18 34362
97 19 40916
97 20 24606
97 21 18182
97 22 16167
97 23 15727
97 24 15971
97 25 15359
97 26 12440
97 27 11022
97 28 9243
97 29 5133
97 30 3077
97 31 6848
97 32 12601
97 33 33826
97 34 10466
97 35 1852
97 36 1092
97 37 206
97 38 1079
97 39 1738
97 40 4190
97 41 6879
97 42 6652
97 43 4114
97 44 4515
97 45 2708
97 46 28125
97 47 14825
97 48 9192
97 49 6995
97 50 5342
97 51 5940
97 52 4663
97 53 2794
97 54 3178
97 55 2480
97 56 1711
97 57 2008
97 58 2686
97 59 9169
97 60 10155
97 61 5956
97 62 5708
97 63 18244
97 64 16923
97 65 51626
97 66 26318
97 67 18355
97 68 43601
97 69 39021
97 70 40351
97 71 32024
97 72 17923
97 73 19020
97 74 16959
97 75 11950
97 76 16505
97 77 15856
97 78 18941
97 79 15567
97 80 35078
97 81 71223
97 82 31757
97 83 20365
97 84 48546
97 85 48146
97 86 45379
97 87 9611
97 88 18691
97 89 14375
97 90 13154
97 91 19219
97 92 4437
97 93 2561
97 94 2937
97 95 -4487
97 96 102
97 98 -55
97 99 469
97 100 -344
97 101 1320
97 102 2142
97 103 1448
97 104 1197
97 105 946
97 106 131542
97 107 149942
97 108 110550
97 109 121412
97 110 79511
97 111 86668
97 112 86442
97 113 73114
97 114 72311
97 115 103148
97 116 97333
97 117 90373
97 118 31295
97 119 78735
97 120 56691
97 121 75217
97 122 94860
97 123 87794
97 124 92801
97 125 91481
97 126 92815
97 127 92227
97 128 89741
97 129 90047
97 130 47644
97 131 62622
97 132 28556
97 133 25274
97 134 14432
97 135 -1842
98 1 10848
98 2 3618
98 3 4288
98 4 12959
98 5 13682
98 6 14066
98 7 13823
98 8 14975
98 9 13855
98 10 13251
98 11 14133
98 12 13578
98 13 14154
98 14 18741
98 15 19689
98 16 12830
98 17 35366
98 18 34642
98 19 41424
98 20 25405
98 21 18904
98 22 16782
98 23 16315
98 24 16585
98 25 16157
98 26 13261
98 27 11951
98 28 10193
98 29 6130
98 30 3982
98 31 7631
98 32 12552
98 33 33539
98 34 10207
98 35 873
98 36 92
98 37 -234
98 38 1376
98 39 2006
98 40 3936
98 41 6828
98 42 6714
98 43 4200
98 44 4601
98 45 3344
98 46 28520
98 47 15039
98 48 9133
98 49 6817
98 50 5232
98 51 5906
98 52 4663
98 53 2742
98 54 3451
98 55 2777
98 56 2113
98 57 2599
98 58 3351
98 59 9758
98 60 10632
98 61 6261
98 62 5772
98 63 17876
98 64 16797
98 65 52264
98 66 26530
98 67 17894
98 68 43094
98 69 38327
98 70 39649
98 71 32217
98 72 18280
98 73 19251
98 74 17042
98 75 12155
98 76 16475
98 77 15773
98 78 18784
98 79 15101
98 80 34771
98 81 71051
98 82 32512
98 83 21336
98 84 49540
98 85 49140
98 86 46374
98 87 10610
98 88 19538
98 89 15374
98 90 14154
98 91 19873
98 92 5417
98 93 3505
98 94 3848
98 95 -4931
98 96 464
98 97 -91
98 99 -511
98 100 -962
98 101 919
98 102 1989
98 103 1610
98 104 1241
98 105 1721
98 106 131570
98 107 149927
98 108 110529
98 109 121197
98 110 79276
98 111 86442
98 112 86227
98 113 72933
98 114 72448
98 115 103360
98 116 97437
98 117 90496
98 118 31680
98 119 79082
98 120 56519
98 121 74981
98 122 94627
98 123 87566
98 124 92578
98 125 91261
98 126 92602
98 127 92016
98 128 89540
98 129 89856
98 130 48113
98 131 62736
98 132 28395
98 133 25032
98 134 14413
98 135 -1362
99 1 10773
99 2 4091
99 3 4387
99 4 13381
99 5 14080
99 6 14444
99 7 14240
99 8 15428
99 9 14309
99 10 13777
99 11 14677
99 12 14138
99 13 14778
99 14 19354
99 15 20308
99 16 13462
99 17 35344
99 18 34631
99 19 41564
99 20 25772
99 21 19216
99 22 17017
99 23 16531
99 24 16819
99 25 16531
99 26 13658
99 27 12446
99 28 10712
99 29 6717
99 30 4458
99 31 8008
99 32 12357
99 33 33183
99 34 9888
99 35 243
99 36 -476
99 37 -114
99 38 1870
99 39 2458
99 40 4068
99 41 7058
99 42 7007
99 43 4524
99 44 4925
99 45 3913
99 46 28590
99 47 15004
99 48 8938
99 49 6561
99 50 5042
99 51 5768
99 52 4545
99 53 2641
99 54 3534
99 55 2895
99 56 2319
99 57 2901
99 58 3669
99 59 9989
99 60 10785
99 61 6314
99 62 5675
99 63 17488
99 64 16547
99 65 52498
99 66 26478
99 67 17450
99 68 42624
99 69 37770
99 70 39088
99 71 32152
99 72 18334
99 73 19220
99 74 16920
99 75 12120
99 76 16286
99 77 15549
99 78 18512
99 79 14658
99 80 34405
99 81 70756
99 82 32843
99 83 21872
99 84 50118
99 85 49718
99 86 46950
99 87 11218
99 88 20155
99 89 15985
99 90 14761
99 91 20134
99 92 6045
99 93 4137
99 94 4479
99 95 -4868
99 96 1028
99 97 521
99 98 -423
99 100 -791
99 101 690
99 102 1848
99 103 1673
99 104 1293
99 105 2154
99 106 131389
99 107 149721
99 108 110319
99 109 120876
99 110 78944
99 111 86117
99 112 85907
99 113 72632
99 114 72337
99 115 103296
99 116 97306
99 117 90376
99 118 31741
99 119 79109
99 120 56222
99 121 74649
99 122 94297
99 123 87239
99 124 92254
99 125 90938
99 126 92283
99 127 91699
99 128 89228
99 129 89550
99 130 48225
99 131 62611
99 132 28107
99 133 24706
99 134 14232
99 135 -1230
100 1 10356
100 2 4058
100 3 4779
100 4 13422
100 5 14154
100 6 14544
100 7 14288
100 8 15423
100 9 14304
100 10 13653
100 11 14517
100 12 13946
100 13 14394
100 14 19017
100 15 19947
100 16 12999
100 17 34885
100 18 34164
100 19 40995
100 20 25109
100 21 18567
100 22 16398
100 23 15921
100 24 16200
100 25 15867
100 26 12990
100 27 11780
100 28 10053
100 29 6109
100 30 3790
100 31 7342
100 32 12052
100 33 33059
100 34 9720
100 35 811
100 36 192
100 37 252
100 38 1825
100 39 2469
100 40 4429
100 41 7328
100 42 7211
100 43 4693
100 44 5094
100 45 3714
100 46 28065
100 47 14555
100 48 8633
100 49 6322
100 50 4732
100 51 5407
100 52 4165
100 53 2244
100 54 2992
100 55 2329
100 56 1702
100 57 2249
100 58 3015
100 59 9370
100 60 10206
100 61 5796
100 62 5276
100 63 17408
100 64 16299
100 65 51881
100 66 26043
100 67 17448
100 68 42661
100 69 37966
100 70 39292
100 71 31728
100 72 17818
100 73 18768
100 74 16545
100 75 11670
100 76 15975
100 77 15274
100 78 18288
100 79 14655
100 80 34294
100 81 70558
100 82 32190
100 83 21219
100 84 49492
100 85 49092
100 86 46324
100 87 10634
100 88 19803
100 89 15408
100 90 14177
100 91 19505
100 92 5523
100 93 3676
100 94 4055
100 95 -4453
100 96 874
100 97 27
100 98 -555
100 99 -472
100 101 431
100 102 1489
100 103 1141
100 104 764
100 105 1484
100 106 131070
100 107 149427
100 108 110029
100 109 120709
100 110 78789
100 111 85955
100 112 85738
100 113 72441
100 114 71953
100 115 102872
100 116 96940
100 117 90000
100 118 31221
100 119 78614
100 120 56026
100 121 74495
100 122 94140
100 123 87079
100 124 92090
100 125 90772
100 126 92113
100 127 91527
100 128 89050
100 129 89365
100 130 47673
100 131 62240
100 132 27901
100 133 24545
100 134 13913
100 135 -1795
101 1 8977
101 2 5577
101 3 6198
101 4 14965
101 5 15703
101 6 16096
101 7 15831
101 8 16950
101 9 15831
101 10 15112
101 11 15942
101 12 15340
101 13 15509
101 14 20213
101 15 21103
101 16 13945
101 17 33565
101 18 32859
101 19 39933
101 20 24588
101 21 17918
101 22 15566
101 23 15046
101 24 15367
101 25 15406
101 26 12614
101 27 11752
101 28 10150
101 29 6620
101 30 3743
101 31 6956
101 32 10553
101 33 31507
101 34 8168
101 35 1004
101 36 1046
101 37 1691
101 38 3364
101 39 4016
101 40 5877
101 41 8840
101 42 8750
101 43 6239
101 44 6640
101 45 5149
101 46 26882
101 47 13224
101 48 7133
101 49 4784
101 50 3234
101 51 3960
101 52 2742
101 53 861
101 54 1961
101 55 1429
101 56 1136
101 57 1902
101 58 2568
101 59 8561
101 60 9222
101 61 4627
101 62 3875
101 63 15864
101 64 14768
101 65 51004
101 66 24685
101 67 15931
101 68 41166
101 69 36613
101 70 37949
101 71 30354
101 72 16621
101 73 17441
101 74 15110
101 75 10343
101 76 14480
101 77 13756
101 78 16748
101 79 13141
101 80 32743
101 81 69012
101 82 31566
101 83 21283
101 84 49777
101 85 49377
101 86 46607
101 87 11161
101 88 20972
101 89 15989
101 90 14733
101 91 18725
101 92 6336
101 93 4744
101 94 5198
101 95 -3057
101 96 2395
101 97 1350
101 98 985
101 99 668
101 100 90
101 102 54
101 103 168
101 104 -19
101 105 1680
101 106 129583
101 107 147923
101 108 108522
101 109 119158
101 110 77237
101 111 84404
101 112 84188
101 113 70894
101 114 70527
101 115 101496
101 116 95495
101 117 88566
101 118 30025
101 119 77359
101 120 54480
101 121 72943
101 122 92589
101 123 85528
101 124 90539
101 125 89221
101 126 90563
101 127 89977
101 128 87501
101 129 87817
101 130 46555
101 131 60800
101 132 26358
101 133 22993
101 134 12425
101 135 -2861
102 1 7716
102 2 6506
102 3 7441
102 4 15960
102 5 16728
102 6 17143
102 7 16821
102 8 17889
102 9 16773
102 10 15913
102 11 16679
102 12 16035
102 13 15857
102 14 20643
102 15 21489
102 16 14123
102 17 32300
102 18 31594
102 19 38707
102 20 23604
102 21 16882
102 22 14446
102 23 13907
102 24 14247
102 25 14487
102 26 11763
102 27 11137
102 28 9650
102 29 6506
102 30 3168
102 31 6147
102 32 9353
102 33 30474
102 34 7114
102 35 2171
102 36 2310
102 37 2919
102 38 4402
102 39 5064
102 40 7108
102 41 10027
102 42 9897
102 43 7369
102 44 7770
102 45 5977
102 46 25630
102 47 11959
102 48 5933
102 49 3656
102 50 2035
102 51 2715
102 52 1486
102 53 -399
102 54 892
102 55 557
102 56 694
102 57 1469
102 58 1852
102 59 7478
102 60 8052
102 61 3396
102 62 2615
102 63 14909
102 64 13616
102 65 49840
102 66 23423
102 67 15071
102 68 40349
102 69 36053
102 70 37405
102 71 29094
102 72 15369
102 73 16176
102 74 13866
102 75 9078
102 76 13275
102 77 12579
102 78 15618
102 79 12298
102 80 31726
102 81 67897
102 82 30526
102 83 20656
102 84 49319
102 85 48919
102 86 46148
102 87 10928
102 88 21370
102 89 15830
102 90 14563
102 91 17623
102 92 6429
102 93 5194
102 94 5713
102 95 -1813
102 96 3414
102 97 2262
102 98 2145
102 99 1916
102 100 1238
102 101 144
102 103 -532
102 104 127
102 105 1721
102 106 128371
102 107 146727
102 108 107329
102 109 118071
102 110 76165
102 111 83324
102 112 83101
102 113 69785
102 114 69281
102 115 100238
102 116 94257
102 117 87323
102 118 28771
102 119 76095
102 120 53366
102 121 71871
102 122 91514
102 123 84450
102 124 89458
102 125 88138
102 126 89475
102 127 88887
102 128 86405
102 129 86714
102 130 45314
102 131 59560
102 132 25235
102 133 21925
102 134 11214
102 135 -4082
103 1 7731
103 2 5966
103 3 7434
103 4 15480
103 5 16280
103 6 16719
103 7 16322
103 8 17342
103 9 16231
103 10 15249
103 11 15963
103 12 15291
103 13 14937
103 14 19753
103 15 20582
103 16 13152
103 17 32207
103 18 31481
103 19 38341
103 20 22868
103 21 16198
103 22 13872
103 23 13363
103 24 13673
103 25 13696
103 26 10922
103 27 10182
103 28 8660
103 29 5492
103 30 2195
103 31 5275
103 32 9614
103 33 30971
103 34 7635
103 35 2716
103 36 2612
103 37 2927
103 38 4074
103 39 4726
103 40 7075
103 41 9864
103 42 9652
103 43 7114
103 44 7515
103 45 5393
103 46 25376
103 47 11888
103 48 6212
103 49 4109
103 50 2440
103 51 2980
103 52 1683
103 53 -7
103 54 309
103 55 -290
103 56 -316
103 57 449
103 58 914
103 59 6856
103 60 7574
103 61 3104
103 62 2708
103 63 15517
103 64 13966
103 65 49331
103 66 23383
103 67 15751
103 68 41055
103 69 36914
103 70 38272
103 71 29077
103 72 15127
103 73 16096
103 74 13964
103 75 9005
103 76 13511
103 77 12878
103 78 15996
103 79 13004
103 80 32242
103 81 68274
103 82 29846
103 83 19712
103 84 48328
103 85 47928
103 86 45157
103 87 9909
103 88 20466
103 89 14810
103 90 13544
103 91 17021
103 92 5443
103 93 4366
103 94 4918
103 95 -1768
103 96 3102
103 97 1909
103 98 2107
103 99 2082
103 100 1231
103 101 599
103 102 -191
103 104 -145
103 105 805
103 106 128543
103 107 146942
103 108 107551
103 109 118485
103 110 76601
103 111 83751
103 112 83519
103 113 70168
103 114 69338
103 115 100215
103 116 94348
103 117 87395
103 118 28531
103 119 75922
103 120 53738
103 121 72308
103 122 91949
103 123 84879
103 124 89883
103 125 88560
103 126 89890
103 127 89300
103 128 86808
103 129 87107
103 130 45000
103 131 59641
103 132 25599
103 133 22386
103 134 11437
103 135 -4454
104 1 8579
104 2 5354
104 3 6565
104 4 14824
104 5 15603
104 6 16027
104 7 15681
104 8 16736
104 9 15621
104 10 14746
104 11 15516
104 12 14875
104 13 14788
104 14 19545
104 15 20406
104 16 13129
104 17 33085
104 18 32363
104 19 39232
104 20 23644
104 21 17009
104 22 14728
104 23 14228
104 24 14530
104 25 14441
104 26 11630
104 27 10733
104 28 9133
104 29 5672
104 30 2724
104 31 5967
104 32 10377
104 33 31608
104 34 8249
104 35 1917
104 36 1735
104 37 2047
104 38 3311
104 39 3972
104 40 6209
104 41 9039
104 42 8860
104 43 6324
104 44 6725
104 45 4815
104 46 26270
104 47 12759
104 48 6964
104 49 4763
104 50 3106
104 51 3711
104 52 2443
104 53 558
104 54 1203
104 55 569
104 56 130
104 57 884
104 58 1573
104 59 7704
104 60 8458
104 61 3997
104 62 3522
104 63 16067
104 64 14688
104 65 50198
104 66 24251
104 67 16237
104 68 41515
104 69 37181
104 70 38528
104 71 29941
104 72 16020
104 73 16971
104 74 14793
104 75 9875
104 76 14287
104 77 13626
104 78 16705
104 79 13464
104 80 32866
104 81 68987
104 82 30654
104 83 20263
104 84 48767
104 85 48367
104 86 45597
104 87 10192
104 88 20283
104 89 15038
104 90 13778
104 91 17866
104 92 5474
104 93 4073
104 94 4576
104 95 -2652
104 96 2325
104 97 1145
104 98 1225
104 99 1189
104 100 341
104 101 -101
104 102 -45
104 103 -658
104 105 745
104 106 129353
104 107 147736
104 108 108341
104 109 119178
104 110 77279
104 111 84435
104 112 84208
104 113 70878
104 114 70186
104 115 101082
104 116 95185
104 117 88238
104 118 29424
104 119 76812
104 120 54455
104 121 72986
104 122 92628
104 123 85562
104 124 90568
104 125 89247
104 126 90581
104 127 89993
104 128 87506
104 129 87812
104 130 45894
104 131 60481
104 132 26320
104 133 23046
104 134 12218
104 135 -3563
105 1 9071
105 2 4197
105 3 6570
105 4 13775
105 5 14615
105 6 15080
105 7 14574
105 8 15541
105 9 14439
105 10 13324
105 11 13986
105 12 13294
105 13 12896
105 14 17703
105 15 18535
105 16 11164
105 17 33197
105 18 32434
105 19 38783
105 20 22444
105 21 15990
105 22 13991
105 23 13562
105 24 13796
105 25 13195
105 26 10294
105 27 9060
105 28 7363
105 29 3694
105 30 1062
105 31 4673
105 32 11233
105 33 32784
105 34 9522
105 35 3443
105 36 2923
105 37 2390
105 38 2886
105 39 3437
105 40 6252
105 41 8729
105 42 8368
105 43 5864
105 44 6265
105 45 3643
105 46 26083
105 47 13026
105 48 7882
105 49 5974
105 50 4349
105 51 4818
105 52 3475
105 53 2041
105 54 1640
105 55 1031
105 56 282
105 57 19
105 58 514
105 59 7013
105 60 8084
105 61 4124
105 62 4287
105 63 17452
105 64 15661
105 65 49438
105 66 24478
105 67 17732
105 68 43049
105 69 38965
105 70 40324
105 71 30204
105 72 15939
105 73 17183
105 74 15339
105 75 10186
105 76 15081
105 77 14514
105 78 17708
105 79 15006
105 80 34075
105 81 69938
105 82 29574
105 83 18535
105 84 46910
105 85 46510
105 86 43741
105 87 8234
105 88 18418
105 89 13063
105 90 11806
105 91 17030
105 92 3490
105 93 2336
105 94 2912
105 95 -2313
105 96 2078
105 97 1102
105 98 1913
105 99 2258
105 100 1269
105 101 1806
105 102 1757
105 103 500
105 104 953
105 106 129913
105 107 148376
105 108 108993
105 109 120187
105 110 78336
105 111 85474
105 112 85230
105 113 71838
105 114 70530
105 115 101275
105 116 95600
105 117 88617
105 118 29263
105 119 76723
105 120 55389
105 121 74040
105 122 93680
105 123 86605
105 124 91603
105 125 90277
105 126 91598
105 127 91006
105 128 88502
105 129 88789
105 130 45533
105 131 60877
105 132 27248
105 133 24173
105 134 12995
105 135 -3948
106 1 152090
106 2 167252
106 3 169245
106 4 176905
106 5 177816
106 6 178303
106 7 177378
106 8 178221
106 9 177214
106 10 175370
106 11 175092
106 12 174207
106 13 169884
106 14 174902
106 15 175377
106 16 166765
106 17 129061
106 18 126138
106 19 110945
106 20 138463
106 21 150353
106 22 151638
106 23 151580
106 24 151914
106 25 153896
106 26 155995
106 27 157422
106 28 159674
106 29 162241
106 30 155183
106 31 157374
106 32 148841
106 33 108041
106 34 149075
106 35 163460
106 36 164008
106 37 164780
106 38 166113
106 39 166752
106 40 168962
106 41 171896
106 42 171698
106 43 169161
106 44 169562
106 45 166972
106 46 132975
106 47 148560
106 48 150619
106 49 153064
106 50 157714
106 51 158968
106 52 157706
106 53 160199
106 54 159754
106 55 160465
106 56 161256
106 57 161238
106 58 159110
106 59 155444
106 60 155714
106 61 155117
106 62 155159
106 63 144120
106 64 145864
106 65 97956
106 66 130739
106 67 128986
106 68 125051
106 69 115344
106 70 118332
106 71 130498
106 72 147909
106 73 145604
106 74 145962
106 75 150975
106 76 148159
106 77 144867
106 78 139804
106 79 142641
106 80 109139
106 81 82783
106 82 140738
106 83 122345
106 84 166226
106 85 165826
106 86 163791
106 87 151914
106 88 174922
106 89 163854
106 90 163825
106 91 149934
106 92 161224
106 93 164976
106 94 165678
106 95 160014
106 96 165150
106 97 163957
106 98 164021
106 99 163752
106 100 163114
106 101 161968
106 102 160666
106 103 160497
106 104 161820
106 105 162172
106 107 -9805
106 108 -48252
106 109 370
106 110 60605
106 111 67652
106 112 67318
106 113 49800
106 114 -26974
106 115 26709
106 116 62110
106 117 69064
106 118 134221
106 119 88016
106 120 -39389
106 121 34128
106 122 74048
106 123 66923
106 124 71872
106 125 72410
106 126 71771
106 127 69264
106 128 66659
106 129 66848
106 130 82566
106 131 27395
106 132 40093
106 133 129758
106 134 147489
106 135 118621
107 1 154117
107 2 169403
107 3 171116
107 4 179053
107 5 179951
107 6 180437
107 7 179604
107 8 180452
107 9 179427
107 10 177651
107 11 177471
107 12 176588
107 13 172457
107 14 177504
107 15 177983
107 16 169348
107 17 131509
107 18 128642
107 19 114344
107 20 141637
107 21 152954
107 22 154059
107 23 153969
107 24 154326
107 25 156449
107 26 158454
107 27 159941
107 28 162100
107 29 164526
107 30 157504
107 31 159642
107 32 150762
107 33 109194
107 34 150868
107 35 165311
107 36 165894
107 37 166692
107 38 168100
107 39 168747
107 40 170864
107 41 173840
107 42 173678
107 43 171140
107 44 171541
107 45 169049
107 46 135553
107 47 150671
107 48 152541
107 49 154943
107 50 159639
107 51 160915
107 52 159661
107 53 162146
107 54 161762
107 55 162469
107 56 163264
107 57 163281
107 58 161213
107 59 157674
107 60 157891
107 61 157182
107 62 157136
107 63 145712
107 64 147707
107 65 102415
107 66 133019
107 67 130253
107 68 125678
107 69 115159
107 70 118163
107 71 132785
107 72 150165
107 73 147769
107 74 147985
107 75 153052
107 76 150088
107 77 146748
107 78 141583
107 79 144140
107 80 110233
107 81 83631
107 82 143935
107 83 126624
107 84 170124
107 85 169724
107 86 167655
107 87 154908
107 88 177563
107 89 166532
107 90 166432
107 91 152481
107 92 163627
107 93 167113
107 94 167811
107 95 161910
107 96 167129
107 97 165936
107 98 165957
107 99 165663
107 100 165050
107 101 163887
107 102 162601
107 103 162475
107 104 163782
107 105 164214
107 106 -26226
107 108 -55498
107 109 -5916
107 110 60364
107 111 67501
107 112 67259
107 113 49970
107 114 -21940
107 115 31943
107 116 65084
107 117 72038
107 118 136803
107 119 91991
107 120 -42151
107 121 33175
107 122 73777
107 123 66699
107 124 71693
107 125 72305
107 126 71684
107 127 69150
107 128 66639
107 129 66922
107 130 86579
107 131 30466
107 132 41020
107 133 131317
107 134 149428
107 135 121121
108 1 154147
108 2 169447
108 3 171121
108 4 179096
108 5 179993
108 6 180478
108 7 179658
108 8 180507
108 9 179479
108 10 177714
108 11 177547
108 12 176665
108 13 172561
108 14 177613
108 15 178092
108 16 169454
108 17 131604
108 18 128745
108 19 114579
108 20 141834
108 21 153066
108 22 154145
108 23 154051
108 24 154410
108 25 156554
108 26 158545
108 27 160040
108 28 162185
108 29 164591
108 30 157574
108 31 159706
108 32 150777
108 33 109108
108 34 150865
108 35 165314
108 36 165902
108 37 166703
108 38 168122
108 39 168770
108 40 170873
108 41 173854
108 42 173698
108 43 171160
108 44 171561
108 45 169084
108 46 135664
108 47 150713
108 48 152556
108 49 154951
108 50 159653
108 51 160933
108 52 159680
108 53 162163
108 54 161788
108 55 162494
108 56 163289
108 57 163311
108 58 161252
108 59 157732
108 60 157942
108 61 157217
108 62 157158
108 63 145682
108 64 147712
108 65 102813
108 66 133088
108 67 130179
108 68 125518
108 69 114890
108 70 117896
108 71 132856
108 72 150228
108 73 147820
108 74 148015
108 75 153089
108 76 150105
108 77 146758
108 78 141580
108 79 144097
108 80 110139
108 81 83515
108 82 144136
108 83 126986
108 84 170427
108 85 170027
108 86 167952
108 87 155076
108 88 177677
108 89 166653
108 90 166543
108 91 152586
108 92 163708
108 93 167156
108 94 167853
108 95 161919
108 96 167150
108 97 165957
108 98 165972
108 99 165674
108 100 165065
108 101 163899
108 102 162616
108 103 162497
108 104 163800
108 105 164244
108 106 -25260
108 107 -16085
108 109 -6869
108 110 60109
108 111 67259
108 112 67029
108 113 49772
108 114 -21405
108 115 32491
108 116 65281
108 117 72230
108 118 136915
108 119 92322
108 120 -42690
108 121 32834
108 122 73519
108 123 66447
108 124 71447
108 125 72069
108 126 71451
108 127 68914
108 128 66415
108 129 66712
108 130 86910
108 131 30678
108 132 40915
108 133 131284
108 134 149446
108 135 121220
109 1 148483
109 2 163825
109 3 164242
109 4 173394
109 5 174207
109 6 174644
109 7 174201
109 8 175140
109 9 174050
109 10 172657
109 11 172903
109 12 172061
109 13 168924
109 14 174063
109 15 174580
109 16 165929
109 17 128657
109 18 126096
109 19 116479
109 20 141771
109 21 150117
109 22 150344
109 23 150104
109 24 150560
109 25 153283
109 26 154778
109 27 156479
109 28 158149
109 29 159827
109 30 153061
109 31 154992
109 32 144702
109 33 100651
109 34 144164
109 35 158549
109 36 159282
109 37 160152
109 38 161915
109 39 162578
109 40 164201
109 41 167318
109 42 167323
109 43 164834
109 44 165235
109 45 163264
109 46 133096
109 47 145544
109 48 146413
109 49 148542
109 50 153373
109 51 154746
109 52 153533
109 53 155923
109 54 155835
109 55 156503
109 56 157298
109 57 157477
109 58 155724
109 59 152911
109 60 152900
109 61 151623
109 62 151158
109 63 138244
109 64 141388
109 65 110193
109 66 129178
109 67 121498
109 68 114469
109 69 100223
109 70 103265
109 71 129085
109 72 145775
109 73 143009
109 74 142517
109 75 147688
109 76 144136
109 77 140609
109 78 135094
109 79 136206
109 80 101416
109 81 75671
109 82 144275
109 83 132141
109 84 173471
109 85 173071
109 86 170822
109 87 153600
109 88 174307
109 89 163683
109 90 163253
109 91 149427
109 92 159425
109 93 161656
109 94 162323
109 95 155275
109 96 160927
109 97 159763
109 98 159584
109 99 159175
109 100 158689
109 101 157479
109 102 156302
109 103 156375
109 104 157581
109 105 158382
109 106 6306
109 107 16441
109 108 -23925
109 110 48824
109 111 56408
109 112 56614
109 113 40712
109 114 -3721
109 115 48736
109 116 69456
109 117 75541
109 118 134402
109 119 98630
109 120 -55829
109 121 19819
109 122 62220
109 123 55367
109 124 60588
109 125 61436
109 126 61035
109 127 58495
109 128 56448
109 129 57197
109 130 92541
109 131 35265
109 132 33436
109 133 124064
109 134 143500
109 135 118020
110 1 83564
110 2 98822
110 3 99130
110 4 108370
110 5 109170
110 6 109597
110 7 109197
110 8 110160
110 9 109063
110 10 107747
110 11 108075
110 12 107249
110 13 104416
110 14 109565
110 15 110102
110 16 101487
110 17 65207
110 18 62862
110 19 57538
110 20 79724
110 21 86159
110 22 86005
110 23 85708
110 24 86198
110 25 89123
110 26 90387
110 27 92134
110 28 93613
110 29 95049
110 30 88377
110 31 90265
110 32 79718
110 33 35535
110 34 79090
110 35 93448
110 36 94190
110 37 95062
110 38 96856
110 39 97518
110 40 99099
110 41 102221
110 42 102238
110 43 99756
110 44 100157
110 45 98251
110 46 69685
110 47 80769
110 48 81406
110 49 83490
110 50 88328
110 51 89712
110 52 88504
110 53 90875
110 54 90828
110 55 91488
110 56 92280
110 57 92484
110 58 90790
110 59 88176
110 60 88110
110 61 86696
110 62 86158
110 63 73133
110 64 76380
110 65 58460
110 66 65078
110 67 56427
110 68 49962
110 69 38517
110 70 41518
110 71 65124
110 72 81240
110 73 78376
110 74 77677
110 75 82835
110 76 79183
110 77 75630
110 78 70078
110 79 71094
110 80 36306
110 81 11319
110 82 82490
110 83 74365
110 84 113357
110 85 112957
110 86 110560
110 87 90137
110 88 109870
110 89 99503
110 90 98948
110 91 85392
110 92 94761
110 93 96703
110 94 97362
110 95 90177
110 96 95869
110 97 94711
110 98 94512
110 99 94092
110 100 93618
110 101 92407
110 102 91245
110 103 91340
110 104 92531
110 105 93380
110 106 43390
110 107 59570
110 108 19902
110 109 25673
110 111 -7899
110 112 -6899
110 113 -18191
110 114 -4622
110 115 35347
110 116 30568
110 117 30725
110 118 71053
110 119 50253
110 120 -38414
110 121 -20585
110 122 -913
110 123 -7743
110 124 -2325
110 125 -2472
110 126 -1266
110 127 -2238
110 128 -3735
110 129 -2362
110 130 40054
110 131 -3268
110 132 -30666
110 133 58987
110 134 78548
110 135 54075
111 1 83285
111 2 98569
111 3 98938
111 4 108125
111 5 108930
111 6 109361
111 7 108946
111 8 109901
111 9 108806
111 10 107470
111 11 107780
111 12 106951
111 13 104070
111 14 109218
111 15 109752
111 16 101131
111 17 64730
111 18 62367
111 19 56827
111 20 79171
111 21 85742
111 22 85630
111 23 85340
111 24 85826
111 25 88728
111 26 90020
111 27 91763
111 28 93267
111 29 94742
111 30 88053
111 31 89948
111 32 79457
111 33 35361
111 34 78865
111 35 93242
111 36 93976
111 37 94847
111 38 96624
111 39 97286
111 40 98894
111 41 102012
111 42 102020
111 43 99534
111 44 99935
111 45 98001
111 46 69211
111 47 80458
111 48 81153
111 49 83254
111 50 88089
111 51 89468
111 52 88259
111 53 90638
111 54 90575
111 55 91238
111 56 92032
111 57 92227
111 58 90516
111 59 87859
111 60 87803
111 61 86420
111 62 85903
111 63 72941
111 64 76126
111 65 57589
111 66 64666
111 67 56301
111 68 49991
111 69 38815
111 70 41810
111 71 64695
111 72 80889
111 73 78039
111 74 77378
111 75 82540
111 76 78912
111 77 75366
111 78 69826
111 79 70930
111 80 36152
111 81 10850
111 82 81920
111 83 73660
111 84 112732
111 85 112332
111 86 109940
111 87 89686
111 88 109515
111 89 99115
111 90 98574
111 91 84982
111 92 94435
111 93 96435
111 94 97096
111 95 89968
111 96 95637
111 97 94476
111 98 94286
111 99 93873
111 100 93392
111 101 92182
111 102 91012
111 103 91098
111 104 92295
111 105 93126
111 106 43045
111 107 59315
111 108 19660
111 109 25865
111 110 -15291
111 112 -7899
111 113 -19104
111 114 -5333
111 115 34488
111 116 29591
111 117 29725
111 118 70573
111 119 49300
111 120 -38378
111 121 -20305
111 122 -499
111 123 -7743
111 124 -2739
111 125 -3472
111 126 -2088
111 127 -2830
111 128 -4513
111 129 -3228
111 130 39174
111 131 -4247
111 132 -31176
111 133 58763
111 134 78277
111 135 53653
112 1 83017
112 2 98325
112 3 98756
112 4 107888
112 5 108698
112 6 109133
112 7 108702
112 8 109650
112 9 108557
112 10 107200
112 11 107493
112 12 106661
112 13 103731
112 14 108879
112 15 109410
112 16 100784
112 17 64264
112 18 61884
112 19 56124
112 20 78626
112 21 85336
112 22 85265
112 23 84982
112 24 85464
112 25 88344
112 26 89663
112 27 91401
112 28 92930
112 29 94445
112 30 87739
112 31 89640
112 32 79207
112 33 35207
112 34 78651
112 35 93046
112 36 93773
112 37 94643
112 38 96402
112 39 97065
112 40 98698
112 41 101811
112 42 101812
112 43 99321
112 44 99722
112 45 97761
112 46 68747
112 47 80158
112 48 80910
112 49 83029
112 50 87861
112 51 89236
112 52 88025
112 53 90411
112 54 90333
112 55 90999
112 56 91793
112 57 91980
112 58 90252
112 59 87553
112 60 87507
112 61 86154
112 62 85658
112 63 72761
112 64 75884
112 65 56721
112 66 64266
112 67 56190
112 68 50038
112 69 39128
112 70 42118
112 71 64278
112 72 80549
112 73 77713
112 74 77091
112 75 82256
112 76 78653
112 77 75114
112 78 69587
112 79 70778
112 80 36018
112 81 10425
112 82 81359
112 83 72960
112 84 112112
112 85 111712
112 86 109326
112 87 89243
112 88 109168
112 89 98736
112 90 98209
112 91 84583
112 92 94118
112 93 96176
112 94 96840
112 95 89769
112 96 95414
112 97 94250
112 98 94071
112 99 93663
112 100 93175
112 101 91966
112 102 90789
112 103 90866
112 104 92068
112 105 92882
112 106 42711
112 107 59073
112 108 19430
112 109 26071
112 110 -14291
112 111 -7899
112 113 -19970
112 114 -6036
112 115 33635
112 116 28614
112 117 28725
112 118 70104
112 119 48348
112 120 -38319
112 121 -19954
112 122 323
112 123 -7058
112 124 -2325
112 125 -3472
112 126 -2502
112 127 -3066
112 128 -5105
112 129 -4006
112 130 38298
112 131 -5224
112 132 -31645
112 133 58553
112 134 78018
112 135 53242
113 1 84227
113 2 99603
113 3 100243
113 4 109187
113 5 110014
113 6 110462
113 7 109975
113 8 110899
113 9 109814
113 10 108388
113 11 108617
113 12 107774
113 13 104670
113 14 109812
113 15 110334
113 16 101690
113 17 64760
113 18 62306
113 19 55548
113 20 78758
113 21 86034
113 22 86122
113 23 85866
113 24 86331
113 25 89124
113 26 90545
113 27 92261
113 28 93883
113 29 95540
113 30 88774
113 31 90704
113 32 80483
113 33 36859
113 34 80052
113 35 94494
113 36 95197
113 37 96060
113 38 97759
113 39 98422
113 40 100144
113 41 103240
113 42 103213
113 43 100709
113 44 101110
113 45 99054
113 46 69238
113 47 81257
113 48 82210
113 49 84387
113 50 89206
113 51 90565
113 52 89346
113 53 91756
113 54 91626
113 55 92300
113 56 93097
113 57 93256
113 58 91470
113 59 88623
113 60 88614
113 61 87368
113 62 86946
113 63 74283
113 64 77193
113 65 55189
113 66 65013
113 67 57941
113 68 52279
113 69 42028
113 70 45005
113 71 64966
113 72 81504
113 73 78724
113 74 78241
113 75 83413
113 76 79899
113 77 76390
113 78 70910
113 79 72390
113 80 37734
113 81 11400
113 82 81424
113 83 72355
113 84 111892
113 85 111492
113 86 109132
113 87 89781
113 88 110072
113 89 99527
113 90 99052
113 91 85310
113 92 95141
113 93 97408
113 94 98078
113 95 91205
113 96 96772
113 97 95599
113 98 95454
113 99 95065
113 100 94555
113 101 93349
113 102 92150
113 103 92192
113 104 93415
113 105 94167
113 106 39870
113 107 56461
113 108 16850
113 109 24846
113 110 -10906
113 111 -4427
113 112 -5293
113 114 -9557
113 115 30032
113 116 25277
113 117 25794
113 118 70573
113 119 46198
113 120 -39979
113 121 -20148
113 122 3186
113 123 -4251
113 124 384
113 125 59
113 126 -340
113 127 -2066
113 128 -5341
113 129 -5834
113 130 36732
113 131 -8553
113 132 -30852
113 133 59991
113 134 79263
113 135 53931
114 1 121236
114 2 135909
114 3 138624
114 4 145547
114 5 146481
114 6 146959
114 7 145797
114 8 146650
114 9 145692
114 10 143698
114 11 143183
114 12 142299
114 13 137568
114 14 142507
114 15 142980
114 16 134443
114 17 97377
114 18 94328
114 19 77308
114 20 105087
114 21 118110
114 22 119807
114 23 119824
114 24 120105
114 25 121737
114 26 124035
114 27 125305
114 28 127760
114 29 130640
114 30 123520
114 31 125852
114 32 118295
114 33 80337
114 34 118865
114 35 132965
114 36 133417
114 37 134099
114 38 135237
114 39 135845
114 40 138284
114 41 141090
114 42 140796
114 43 138276
114 44 138677
114 45 135853
114 46 100913
114 47 117522
114 48 120042
114 49 122581
114 50 127076
114 51 128268
114 52 126982
114 53 129476
114 54 128877
114 55 129593
114 56 130365
114 57 130260
114 58 127985
114 59 124041
114 60 124447
114 61 124122
114 62 124395
114 63 114555
114 64 115573
114 65 63104
114 66 99421
114 67 100508
114 68 98997
114 69 92233
114 70 95129
114 71 99200
114 72 116514
114 73 114460
114 74 115181
114 75 119999
114 76 117617
114 77 114471
114 78 109739
114 79 113336
114 80 81628
114 81 57459
114 82 107335
114 83 87562
114 84 131755
114 85 131355
114 86 129358
114 87 118774
114 88 142446
114 89 131350
114 90 131475
114 91 117821
114 92 129324
114 93 133724
114 94 134434
114 95 129370
114 96 134304
114 97 133122
114 98 133295
114 99 133096
114 100 132393
114 101 131308
114 102 129972
114 103 129688
114 104 131049
114 105 131185
114 106 1422
114 107 22877
114 108 -16001
114 109 18739
114 110 40989
114 111 47670
114 112 46967
114 113 28769
114 115 -7991
114 116 30790
114 117 37333
114 118 102159
114 119 53688
114 120 -38378
114 121 19200
114 122 54673
114 123 47364
114 124 52127
114 125 52244
114 126 51652
114 127 49386
114 128 46399
114 129 46204
114 130 48113
114 131 -4247
114 132 14474
114 133 100457
114 134 116913
114 135 86670
115 1 111841
115 2 126029
115 3 129239
115 4 135640
115 5 136584
115 6 137046
115 7 135708
115 8 136585
115 9 135666
115 10 133579
115 11 132889
115 12 132012
115 13 126999
115 14 131868
115 15 132344
115 16 123885
115 17 87610
115 18 84475
115 19 65945
115 20 93804
115 21 107721
115 22 109726
115 23 109799
115 24 110038
115 25 111388
115 26 113822
115 27 114957
115 28 117553
115 29 120640
115 30 113498
115 31 115942
115 32 109136
115 33 73469
115 34 109918
115 35 123724
115 36 124109
115 37 124716
115 38 125721
115 39 126303
115 40 128882
115 41 131585
115 42 131227
115 43 128732
115 44 129133
115 45 126164
115 46 90788
115 47 108032
115 48 110838
115 49 113419
115 50 117783
115 51 118932
115 52 117630
115 53 120108
115 54 119406
115 55 120121
115 56 120875
115 57 120709
115 58 118342
115 59 114236
115 60 114744
115 61 114599
115 62 115030
115 63 106095
115 64 106621
115 65 50205
115 66 89873
115 67 92825
115 68 92995
115 69 87792
115 70 90620
115 71 89703
115 72 106783
115 73 104927
115 74 105894
115 75 110530
115 76 108481
115 77 105448
115 78 100983
115 79 105031
115 80 74879
115 81 53169
115 82 96044
115 83 74731
115 84 119336
115 85 118936
115 86 116984
115 87 107595
115 88 131747
115 89 120675
115 90 120921
115 91 107541
115 92 119093
115 93 123955
115 94 124669
115 95 120005
115 96 124816
115 97 123649
115 98 123897
115 99 123745
115 100 123002
115 101 121967
115 102 120619
115 103 120255
115 104 121635
115 105 121620
115 106 14795
115 107 36450
115 108 -2415
115 109 30886
115 110 40648
115 111 47181
115 112 46328
115 113 28048
115 114 -48301
115 116 24037
115 117 29375
115 118 92043
115 119 41846
115 120 -28764
115 121 21754
115 122 54523
115 123 47141
115 124 51831
115 125 51681
115 126 51206
115 127 49137
115 128 45998
115 129 45645
115 130 35938
115 131 -11354
115 132 10014
115 133 92308
115 134 107747
115 135 76559
116 1 87511
116 2 102400
116 3 104858
116 4 112049
116 5 112974
116 6 113458
116 7 112413
116 8 113257
116 9 112273
116 10 110355
116 11 109981
116 12 109095
116 13 104651
116 14 109655
116 15 110130
116 16 101529
116 17 63973
116 18 60999
116 19 46225
116 20 73388
116 21 85120
116 22 86527
116 23 86499
116 24 86812
116 25 88685
116 26 90844
116 27 92227
116 28 94544
116 29 97245
116 30 90154
116 31 92409
116 32 84481
116 33 46707
116 34 84984
116 35 99157
116 36 99633
116 37 100342
116 38 101539
116 39 102159
116 40 104530
116 41 107377
116 42 107114
116 43 104586
116 44 104987
116 45 102243
116 46 67768
116 47 83854
116 48 86239
116 49 88759
116 50 93296
116 51 94506
116 52 93227
116 53 95723
116 54 95170
116 55 95886
116 56 96665
116 57 96590
116 58 94368
116 59 90536
116 60 90879
116 61 90450
116 62 90649
116 63 80604
116 64 81700
116 65 37572
116 66 65838
116 67 66620
116 68 65917
116 69 60621
116 70 63440
116 71 65602
116 72 82991
116 73 80826
116 74 81423
116 75 86313
116 76 83798
116 77 80618
116 78 75826
116 79 79380
116 80 48059
116 81 26203
116 82 75689
116 83 60171
116 84 102604
116 85 102204
116 86 100065
116 87 86699
116 88 109664
116 89 98588
116 90 98580
116 91 84730
116 92 96105
116 93 100165
116 94 100873
116 95 95604
116 96 100595
116 97 99408
116 98 99548
116 99 99329
116 100 98644
116 101 97540
116 102 96212
116 103 95962
116 104 97312
116 105 97519
116 106 31770
116 107 51165
116 108 11949
116 109 33180
116 110 17443
116 111 23858
116 112 22881
116 113 4867
116 114 -27946
116 115 5611
116 117 3796
116 118 69013
116 119 26008
116 120 -31631
116 121 3392
116 122 31628
116 123 24188
116 124 28819
116 125 28296
116 126 28073
116 127 26335
116 128 23073
116 129 22594
116 130 20090
116 131 -36981
116 132 -17007
116 133 66503
116 134 83103
116 135 53457
117 1 80664
117 2 95471
117 3 98038
117 4 105117
117 5 106045
117 6 106528
117 7 105452
117 8 106298
117 9 105320
117 10 103383
117 11 102983
117 12 102097
117 13 97615
117 14 102613
117 15 103087
117 16 94492
117 17 56999
117 18 54008
117 19 39234
117 20 66329
117 21 78085
117 22 79536
117 23 79517
117 24 79823
117 25 81659
117 26 83839
117 27 85206
117 28 87544
117 29 90282
117 30 83184
117 31 85457
117 32 77692
117 33 40819
117 34 78259
117 35 92364
117 36 92824
117 37 93516
117 38 94681
117 39 95295
117 40 97703
117 41 100527
117 42 100249
117 43 97724
117 44 98125
117 45 95346
117 46 60748
117 47 76978
117 48 79442
117 49 81977
117 50 86483
117 51 87682
117 52 86399
117 53 88894
117 54 88315
117 55 89031
117 56 89808
117 57 89717
117 58 87473
117 59 83601
117 60 83965
117 61 83578
117 62 83815
117 63 74028
117 64 74966
117 65 31553
117 66 58922
117 67 60337
117 68 60467
117 69 56018
117 70 58790
117 71 58691
117 72 76059
117 73 73934
117 74 74595
117 75 79446
117 76 77013
117 77 73863
117 78 69147
117 79 72861
117 80 42233
117 81 22643
117 82 68633
117 83 53560
117 84 95748
117 85 95348
117 86 93193
117 87 79628
117 88 102616
117 89 91537
117 90 91540
117 91 77707
117 92 89108
117 93 93250
117 94 93958
117 95 88783
117 96 93742
117 97 92557
117 98 92716
117 99 92508
117 100 91813
117 101 90720
117 102 89387
117 103 89118
117 104 90474
117 105 90645
117 106 38833
117 107 58228
117 108 19007
117 109 39374
117 110 17709
117 111 24101
117 112 23101
117 113 5493
117 114 -21294
117 115 11058
117 116 3905
117 118 61992
117 119 20147
117 120 -25754
117 121 5943
117 122 32102
117 123 24654
117 124 29276
117 125 28528
117 126 28514
117 127 26996
117 128 23723
117 129 23233
117 130 13726
117 131 -30981
117 132 -20690
117 133 60029
117 134 76311
117 135 46451
118 1 20077
118 2 32994
118 3 36840
118 4 42592
118 5 43537
118 6 43993
118 7 42672
118 8 43539
118 9 42610
118 10 40553
118 11 40014
118 12 39129
118 13 34653
118 14 39688
118 15 40166
118 16 31538
118 17 4796
118 18 3324
118 19 9463
118 20 9009
118 21 15135
118 22 16670
118 23 16742
118 24 16980
118 25 18660
118 26 20862
118 27 22198
118 28 24586
118 29 27581
118 30 20439
118 31 22922
118 32 18586
118 33 16716
118 34 20210
118 35 31906
118 36 32083
118 37 32440
118 38 33164
118 39 33681
118 40 36498
118 41 38968
118 42 38502
118 43 36072
118 44 36473
118 45 33312
118 46 -2260
118 47 16175
118 48 19814
118 49 22361
118 50 26057
118 51 27052
118 52 25702
118 53 28046
118 54 27086
118 55 27777
118 56 28468
118 57 28169
118 58 25641
118 59 21339
118 60 22024
118 61 22252
118 62 23144
118 63 20453
118 64 17761
118 65 21963
118 66 1724
118 67 15131
118 68 34316
118 69 35126
118 70 36985
118 71 5191
118 72 14213
118 73 13205
118 74 15210
118 75 18573
118 76 18373
118 77 16184
118 78 14469
118 79 20036
118 80 18531
118 81 46673
118 82 12696
118 83 9461
118 84 44115
118 85 43715
118 86 41126
118 87 18206
118 88 39747
118 89 28747
118 90 28613
118 91 14701
118 92 26150
118 93 31026
118 94 31740
118 95 27754
118 96 32330
118 97 31220
118 98 31641
118 99 31614
118 100 30775
118 101 29920
118 102 28576
118 103 27995
118 104 29401
118 105 29032
118 106 101731
118 107 120734
118 108 81433
118 109 95976
118 110 55778
118 111 62690
118 112 62221
118 113 48013
118 114 41273
118 115 71467
118 116 66863
118 117 59733
118 119 46451
118 120 30574
118 121 51123
118 122 71032
118 123 63846
118 124 68732
118 125 67381
118 126 68505
118 127 67831
118 128 65109
118 129 65180
118 130 15639
118 131 32026
118 132 3701
118 133 14226
118 134 17381
118 135 -16494
119 1 69394
119 2 82436
119 3 86472
119 4 91980
119 5 92928
119 6 93350
119 7 91751
119 8 92683
119 9 91825
119 10 89629
119 11 88699
119 12 87838
119 13 82519
119 14 87307
119 15 87790
119 16 79429
119 17 45063
119 18 41776
119 19 21007
119 20 48839
119 21 63609
119 22 66072
119 23 66235
119 24 66403
119 25 67298
119 26 69902
119 27 70824
119 28 73600
119 29 76963
119 30 69823
119 31 72465
119 32 67226
119 33 39501
119 34 68419
119 35 81353
119 36 81603
119 37 82037
119 38 82807
119 39 83329
119 40 86123
119 41 88616
119 42 88145
119 43 85720
119 44 86121
119 45 82937
119 46 47336
119 47 65481
119 48 68771
119 49 71380
119 50 75422
119 51 76480
119 52 75149
119 53 77555
119 54 76670
119 55 77370
119 56 78079
119 57 77803
119 58 75290
119 59 70973
119 60 71670
119 61 71827
119 62 72558
119 63 65892
119 64 65263
119 65 8366
119 66 47618
119 67 54893
119 68 60773
119 69 59693
119 70 62223
119 71 47676
119 72 63801
119 73 62373
119 74 63816
119 75 67961
119 76 66686
119 77 63934
119 78 60212
119 79 65154
119 80 41244
119 81 34961
119 82 51081
119 83 31584
119 84 75012
119 85 74612
119 86 72579
119 87 62649
119 88 87128
119 89 76118
119 90 76496
119 91 63601
119 92 75059
119 93 80622
119 94 81335
119 95 77347
119 96 81964
119 97 80842
119 98 81225
119 99 81164
119 100 80350
119 101 79436
119 102 78082
119 103 77568
119 104 78971
119 105 78674
119 106 57708
119 107 78104
119 108 39022
119 109 62386
119 110 37160
119 111 43599
119 112 42647
119 113 25820
119 114 -5016
119 115 23452
119 116 26040
119 117 20070
119 118 48633
119 120 -2529
119 121 27874
119 122 51846
119 123 44424
119 124 49072
119 125 48050
119 126 48363
119 127 47136
119 128 43923
119 129 43495
119 130 -8610
119 131 -9380
119 132 -8534
119 133 53429
119 134 65869
119 135 32974
120 1 124594
120 2 139995
120 3 140690
120 4 149590
120 5 150424
120 6 150877
120 7 150362
120 8 151273
120 9 150193
120 10 148721
120 11 148896
120 12 148044
120 13 144741
120 14 149873
120 15 150382
120 16 141723
120 17 104269
120 18 101675
120 19 91901
120 20 117203
120 21 125789
120 22 126130
120 23 125911
120 24 126353
120 25 129004
120 26 130574
120 27 132252
120 28 133997
120 29 135805
120 30 128985
120 31 130946
120 32 120887
120 33 77253
120 34 120493
120 35 134941
120 36 135641
120 37 136503
120 38 138188
120 39 138850
120 40 140590
120 41 143683
120 42 143652
120 43 141145
120 44 141546
120 45 139458
120 46 108686
120 47 121546
120 48 122623
120 49 124819
120 50 129633
120 51 130986
120 52 129765
120 53 132183
120 54 132032
120 55 132710
120 56 133508
120 57 133654
120 58 131835
120 59 128875
120 60 128901
120 61 127734
120 62 127352
120 63 114726
120 64 117612
120 65 86209
120 66 104926
120 67 98283
120 68 91953
120 69 79332
120 70 82362
120 71 104803
120 72 121649
120 73 118935
120 74 118572
120 75 123743
120 76 120290
120 77 116795
120 78 111336
120 79 112811
120 80 78093
120 81 51817
120 82 119698
120 83 107697
120 84 148893
120 85 148493
120 86 146239
120 87 129149
120 88 150091
120 89 139392
120 90 139002
120 91 125121
120 92 135328
120 93 137778
120 94 138452
120 95 131650
120 96 137200
120 97 136026
120 98 135890
120 99 135505
120 100 134990
120 101 133785
120 102 132581
120 103 132612
120 104 133842
120 105 134568
120 106 7531
120 107 21190
120 108 -18762
120 109 -14845
120 110 25721
120 111 33149
120 112 33208
120 113 16871
120 114 -19854
120 115 30070
120 116 45629
120 117 51397
120 118 109984
120 119 74699
120 121 -2887
120 122 39099
120 123 32166
120 124 37310
120 125 38102
120 126 37608
120 127 35046
120 128 32859
120 129 33477
120 130 68355
120 131 11516
120 132 9500
120 133 100438
120 134 119652
120 135 93703
121 1 95923
121 2 111190
121 3 111487
121 4 120739
121 5 121539
121 6 121967
121 7 121566
121 8 122527
121 9 121430
121 10 120107
121 11 120425
121 12 119597
121 13 116714
121 14 121862
121 15 122396
121 16 113772
121 17 77227
121 18 74826
121 19 68343
121 20 91448
121 21 98334
121 22 98261
121 23 97975
121 24 98459
121 25 101344
121 26 102656
121 27 104396
121 28 105912
121 29 107390
121 30 100702
121 31 102597
121 32 92084
121 33 47887
121 34 91459
121 35 105812
121 36 106556
121 37 107428
121 38 109225
121 39 109887
121 40 111462
121 41 114586
121 42 114605
121 43 112124
121 44 112525
121 45 110619
121 46 81711
121 47 93106
121 48 93774
121 49 95859
121 50 100697
121 51 102081
121 52 100873
121 53 103245
121 54 103196
121 55 103857
121 56 104649
121 57 104851
121 58 103152
121 59 100508
121 60 100451
121 61 99057
121 62 98525
121 63 85492
121 64 88747
121 65 67402
121 66 77265
121 67 68731
121 68 61984
121 69 49442
121 70 52465
121 71 77274
121 72 93533
121 73 90686
121 74 90024
121 75 95185
121 76 91546
121 77 87995
121 78 82446
121 79 83435
121 80 48644
121 81 23424
121 82 94142
121 83 85137
121 84 124689
121 85 124289
121 86 121924
121 87 102222
121 88 122156
121 89 111736
121 90 111205
121 91 97582
121 92 107084
121 93 109067
121 94 109727
121 95 102542
121 96 108238
121 97 107080
121 98 106880
121 99 106460
121 100 105987
121 101 104776
121 102 103614
121 103 103710
121 104 104901
121 105 105747
121 106 33576
121 107 49044
121 108 9290
121 109 13331
121 110 -3922
121 111 3750
121 112 4101
121 113 -10770
121 114 -9748
121 115 33116
121 116 33180
121 117 35622
121 118 83061
121 119 57630
121 120 -50359
121 122 9489
121 123 2682
121 124 7966
121 125 8844
121 126 8581
121 127 6114
121 128 4321
121 129 5373
121 130 48946
121 131 -645
121 132 -18663
121 133 71356
121 134 90911
121 135 66239
122 1 84523
122 2 99789
122 3 100111
122 4 109339
122 5 110140
122 6 110568
122 7 110164
122 8 111125
122 9 110029
122 10 108707
122 11 109029
122 12 108203
122 13 105353
122 14 110502
122 15 111038
122 16 102420
122 17 66084
122 18 63730
122 19 58241
122 20 80556
122 21 87067
122 22 86931
122 23 86637
122 24 87125
122 25 90040
122 26 91316
122 27 93061
122 28 94551
122 29 96000
122 30 89322
122 31 91212
122 32 80682
122 33 36519
122 34 80064
122 35 94426
122 36 95166
122 37 96038
122 38 97828
122 39 98490
122 40 100077
122 41 103198
122 42 103213
122 43 100730
122 44 101131
122 45 99218
122 46 70564
122 47 81718
122 48 82373
122 49 84460
122 50 89298
122 51 90681
122 52 89473
122 53 91846
122 54 91795
122 55 92456
122 56 93248
122 57 93449
122 58 91751
122 59 89123
122 60 89061
122 61 87656
122 62 87124
122 63 74113
122 64 77346
122 65 58953
122 66 65988
122 67 57418
122 68 50962
122 69 39476
122 70 42477
122 71 66026
122 72 82175
122 73 79316
122 74 78630
122 75 83789
122 76 80145
122 77 76593
122 78 71045
122 79 72080
122 80 37293
122 81 12196
122 82 83311
122 83 75074
122 84 114137
122 85 113737
122 86 111344
122 87 91029
122 88 110804
122 89 100424
122 90 99875
122 91 86303
122 92 95705
122 93 97665
122 94 98325
122 95 91154
122 96 96841
122 97 95682
122 98 95485
122 99 95067
122 100 94591
122 101 93381
122 102 92216
122 103 92310
122 104 93502
122 105 94346
122 106 42455
122 107 58605
122 108 18934
122 109 24691
122 110 -15291
122 111 -7485
122 112 -6663
122 113 -18477
122 114 -5316
122 115 34844
122 116 30375
122 117 30740
122 118 71929
122 119 50561
122 120 -39414
122 121 -21552
122 123 -8361
122 124 -2739
122 125 -2169
122 126 -1502
122 127 -2830
122 128 -4179
122 129 -2711
122 130 40532
122 131 -3456
122 132 -29811
122 133 59960
122 134 79510
122 135 54980
123 1 84384
123 2 99662
123 3 100015
123 4 109216
123 5 110020
123 6 110450
123 7 110039
123 8 110996
123 9 109900
123 10 108568
123 11 108882
123 12 108054
123 13 105180
123 14 110329
123 15 110863
123 16 102243
123 17 65847
123 18 63484
123 19 57889
123 20 80281
123 21 86860
123 22 86744
123 23 86453
123 24 86940
123 25 89844
123 26 91133
123 27 92876
123 28 94378
123 29 95847
123 30 89161
123 31 91054
123 32 80552
123 33 36431
123 34 79951
123 35 94323
123 36 95059
123 37 95930
123 38 97712
123 39 98374
123 40 99974
123 41 103093
123 42 103104
123 43 100619
123 44 101020
123 45 99093
123 46 70328
123 47 81563
123 48 82246
123 49 84342
123 50 89179
123 51 90559
123 52 89350
123 53 91727
123 54 91668
123 55 92331
123 56 93124
123 57 93321
123 58 91614
123 59 88965
123 60 88908
123 61 87518
123 62 86996
123 63 74017
123 64 77219
123 65 58520
123 66 65783
123 67 57354
123 68 50974
123 69 39620
123 70 42619
123 71 65812
123 72 82000
123 73 79148
123 74 78481
123 75 83642
123 76 80009
123 77 76461
123 78 70919
123 79 71997
123 80 37215
123 81 11968
123 82 83028
123 83 74723
123 84 113826
123 85 113426
123 86 111035
123 87 90804
123 88 110627
123 89 100231
123 90 99689
123 91 86099
123 92 95543
123 93 97531
123 94 98193
123 95 91050
123 96 96725
123 97 95564
123 98 95372
123 99 94957
123 100 94478
123 101 93268
123 102 92100
123 103 92188
123 104 93384
123 105 94219
123 106 42278
123 107 58475
123 108 18810
123 109 24786
123 110 -15173
123 111 -7781
123 112 -7096
123 113 -18966
123 114 -5677
123 115 34410
123 116 29883
123 117 30240
123 118 71691
123 119 50087
123 120 -39399
123 121 -21411
123 122 -1413
123 124 -3239
123 125 -2558
123 126 -2002
123 127 -3263
123 128 -4648
123 129 -3194
123 130 40095
123 131 -3948
123 132 -30060
123 133 59848
123 134 79374
123 135 54771
124 1 84247
124 2 99538
124 3 99921
124 4 109096
124 5 109902
124 6 110334
124 7 109915
124 8 110868
124 9 109774
124 10 108432
124 11 108737
124 12 107907
124 13 105010
124 14 110158
124 15 110691
124 16 102068
124 17 65613
124 18 63241
124 19 57538
124 20 80008
124 21 86655
124 22 86559
124 23 86273
124 24 86757
124 25 89650
124 26 90953
124 27 92694
124 28 94208
124 29 95696
124 30 89001
124 31 90898
124 32 80424
124 33 36348
124 34 79841
124 35 94222
124 36 94955
124 37 95825
124 38 97598
124 39 98261
124 40 99874
124 41 102991
124 42 102998
124 43 100510
124 44 100911
124 45 98971
124 46 70095
124 47 81410
124 48 82122
124 49 84227
124 50 89062
124 51 90440
124 52 89230
124 53 91611
124 54 91545
124 55 92208
124 56 93002
124 57 93195
124 58 91480
124 59 88810
124 60 88757
124 61 87383
124 62 86871
124 63 73923
124 64 77095
124 65 58087
124 66 65581
124 67 57294
124 68 50990
124 69 39768
124 70 42764
124 71 65602
124 72 81828
124 73 78983
124 74 78335
124 75 83498
124 76 79877
124 77 76333
124 78 70796
124 79 71918
124 80 37141
124 81 11749
124 82 82747
124 83 74374
124 84 113516
124 85 113116
124 86 110728
124 87 90582
124 88 110452
124 89 100040
124 90 99504
124 91 85898
124 92 95383
124 93 97400
124 94 98062
124 95 90947
124 96 96611
124 97 95449
124 98 95262
124 99 94850
124 100 94367
124 101 93157
124 102 91986
124 103 92070
124 104 93268
124 105 94095
124 106 42105
124 107 58347
124 108 18688
124 109 24885
124 110 -14877
124 111 -7899
124 112 -7485
124 113 -19453
124 114 -6036
124 115 33978
124 116 29392
124 117 29740
124 118 71455
124 119 49613
124 120 -39377
124 121 -21249
124 122 -913
124 123 -8361
124 125 -2854
124 126 -2502
124 127 -3652
124 128 -5105
124 129 -3672
124 130 39659
124 131 -4440
124 132 -30299
124 133 59739
124 134 79242
124 135 54563
125 1 83149
125 2 98446
125 3 98846
125 4 108005
125 5 108813
125 6 109246
125 7 108823
125 8 109775
125 9 108680
125 10 107334
125 11 107636
125 12 106805
125 13 103899
125 14 109047
125 15 109580
125 16 100956
125 17 64496
125 18 62124
125 19 56475
125 20 78897
125 21 85538
125 22 85446
125 23 85160
125 24 85643
125 25 88535
125 26 89840
125 27 91580
125 28 93098
125 29 94592
125 30 87895
125 31 89793
125 32 79330
125 33 35281
125 34 78757
125 35 93143
125 36 93874
125 37 94744
125 38 96512
125 39 97174
125 40 98795
125 41 101910
125 42 101915
125 43 99426
125 44 99827
125 45 97880
125 46 68977
125 47 80306
125 48 81030
125 49 83140
125 50 87974
125 51 89351
125 52 88141
125 53 90523
125 54 90453
125 55 91117
125 56 91911
125 57 92102
125 58 90383
125 59 87705
125 60 87654
125 61 86286
125 62 85779
125 63 72849
125 64 76003
125 65 57154
125 66 64464
125 67 56243
125 68 50012
125 69 38969
125 70 41962
125 71 64485
125 72 80717
125 73 77874
125 74 77233
125 75 82397
125 76 78781
125 77 75239
125 78 69705
125 79 70853
125 80 36082
125 81 10632
125 82 81639
125 83 73309
125 84 112421
125 85 112021
125 86 109632
125 87 89464
125 88 109340
125 89 98925
125 90 98391
125 91 84781
125 92 94276
125 93 96304
125 94 96967
125 95 89867
125 96 95524
125 97 94362
125 98 94178
125 99 93767
125 100 93282
125 101 92072
125 102 90899
125 103 90980
125 104 92180
125 105 93002
125 106 42876
125 107 59192
125 108 19543
125 109 25966
125 110 -14791
125 111 -8399
125 112 -8399
125 113 -19545
125 114 -5686
125 115 34061
125 116 29102
125 117 29225
125 118 70337
125 119 48824
125 120 -38352
125 121 -20138
125 122 -110
125 123 -7447
125 124 -2621
125 126 -2384
125 127 -3004
125 128 -4841
125 129 -3632
125 130 38735
125 131 -4736
125 132 -31416
125 133 58656
125 134 78146
125 135 53446
126 1 83982
126 2 99297
126 3 99740
126 4 108861
126 5 109672
126 6 110108
126 7 109673
126 8 110620
126 9 109527
126 10 108165
126 11 108453
126 12 107620
126 13 104674
126 14 109821
126 15 110352
126 16 101723
126 17 65154
126 18 62764
126 19 56842
126 20 79468
126 21 86252
126 22 86198
126 23 85918
126 24 86398
126 25 89270
126 26 90600
126 27 92335
126 28 93874
126 29 95401
126 30 88690
126 31 90594
126 32 80177
126 33 36196
126 34 79630
126 35 94028
126 36 94754
126 37 95623
126 38 97378
126 39 98041
126 40 99680
126 41 102792
126 42 102791
126 43 100299
126 44 100700
126 45 98733
126 46 69637
126 47 81114
126 48 81882
126 49 84005
126 50 88836
126 51 90210
126 52 88998
126 53 91386
126 54 91305
126 55 91971
126 56 92765
126 57 92951
126 58 91219
126 59 88507
126 60 88464
126 61 87120
126 62 86629
126 63 73746
126 64 76856
126 65 57225
126 66 65186
126 67 57184
126 68 51036
126 69 40076
126 70 43068
126 71 65191
126 72 81492
126 73 78661
126 74 78051
126 75 83217
126 76 79620
126 77 76084
126 78 70560
126 79 71768
126 80 37010
126 81 11346
126 82 82191
126 83 73678
126 84 112900
126 85 112500
126 86 110118
126 87 90142
126 88 110108
126 89 99664
126 90 99142
126 91 85502
126 92 95069
126 93 97144
126 94 97808
126 95 90750
126 96 96391
126 97 95226
126 98 95049
126 99 94642
126 100 94153
126 101 92944
126 102 91766
126 103 91840
126 104 93044
126 105 93853
126 106 41767
126 107 58101
126 108 18455
126 109 25095
126 110 -14055
126 111 -7485
126 112 -7899
126 113 -20414
126 114 -6748
126 115 33116
126 116 28409
126 117 28741
126 118 70991
126 119 48667
126 120 -39316
126 121 -20871
126 122 87
126 123 -7361
126 124 -2739
126 125 -2854
126 127 -4066
126 128 -5927
126 129 -4598
126 130 38790
126 131 -5423
126 132 -30746
126 133 59533
126 134 78985
126 135 54157
127 1 84948
127 2 100268
127 3 100724
127 4 109834
127 5 110646
127 6 111083
127 7 110645
127 8 111589
127 9 110497
127 10 109130
127 11 109413
127 12 108579
127 13 105618
127 14 110765
127 15 111294
127 16 102664
127 17 66047
127 18 63647
127 19 57567
127 20 80314
127 21 87171
127 22 87133
127 23 86856
127 24 87334
127 25 90197
127 26 91537
127 27 93271
127 28 94819
127 29 96359
127 30 89642
127 31 91548
127 32 81147
127 33 37187
127 34 80609
127 35 95010
127 36 95734
127 37 96603
127 38 98355
127 39 99018
127 40 100662
127 41 103774
127 42 103771
127 43 101278
127 44 101679
127 45 99705
127 46 70530
127 47 82071
127 48 82855
127 49 84981
127 50 89812
127 51 91185
127 52 89972
127 53 92362
127 54 92277
127 55 92944
127 56 93739
127 57 93922
127 58 92186
127 59 89462
127 60 89422
127 61 88086
127 62 87601
127 63 74732
127 64 77829
127 65 57738
127 66 66109
127 67 58179
127 68 52035
127 69 41026
127 70 44019
127 71 66107
127 72 82436
127 73 79610
127 74 79012
127 75 84179
127 76 80589
127 77 77055
127 78 71533
127 79 72758
127 80 38003
127 81 12274
127 82 83027
127 83 74401
127 84 113692
127 85 113292
127 86 110915
127 87 91043
127 88 111049
127 89 100593
127 90 100077
127 91 86424
127 92 96020
127 93 98112
127 94 98776
127 95 91732
127 96 97367
127 97 96202
127 98 96027
127 99 95622
127 100 95131
127 101 93922
127 102 92742
127 103 92814
127 104 94020
127 105 94825
127 106 40824
127 107 57131
127 108 17482
127 109 24119
127 110 -13463
127 111 -6663
127 112 -6899
127 113 -20576
127 114 -7450
127 115 32611
127 116 28235
127 117 28787
127 118 71881
127 119 49004
127 120 -40314
127 121 -21774
127 122 323
127 123 -7058
127 124 -2325
127 125 -1910
127 126 -2502
127 128 -6341
127 129 -4834
127 130 39293
127 131 -5593
127 132 -29836
127 133 60513
127 134 79954
127 135 55074
128 1 84697
128 2 100038
128 3 100555
128 4 109610
128 5 110427
128 6 110868
128 7 110414
128 8 111351
128 9 110261
128 10 108874
128 11 109140
128 12 108302
128 13 105294
128 14 110439
128 15 110966
128 16 102331
128 17 65606
128 18 63188
128 19 56886
128 20 79787
128 21 86782
128 22 86786
128 23 86516
128 24 86990
128 25 89830
128 26 91197
128 27 92925
128 28 94498
128 29 96076
128 30 89343
128 31 91257
128 32 80915
128 33 37058
128 34 80411
128 35 94828
128 36 95545
128 37 96412
128 38 98147
128 39 98810
128 40 100480
128 41 103586
128 42 103576
128 43 101079
128 44 101480
128 45 99479
128 46 70088
128 47 81788
128 48 82629
128 49 84772
128 50 89599
128 51 90968
128 52 89753
128 53 92150
128 54 92050
128 55 92719
128 56 93515
128 57 93690
128 58 91937
128 59 89172
128 60 89142
128 61 87836
128 62 87372
128 63 74570
128 64 77605
128 65 56885
128 66 65731
128 67 58085
128 68 52098
128 69 41344
128 70 44332
128 71 65714
128 72 82114
128 73 79303
128 74 78743
128 75 83913
128 76 80347
128 77 76821
128 78 71313
128 79 72623
128 80 37893
128 81 11935
128 82 82484
128 83 73714
128 84 113087
128 85 112687
128 86 110315
128 87 90615
128 88 110715
128 89 100229
128 90 99727
128 91 86043
128 92 95718
128 93 97868
128 94 98534
128 95 91546
128 96 97159
128 97 95991
128 98 95826
128 99 95426
128 100 94929
128 101 93721
128 102 92535
128 103 92597
128 104 93808
128 105 94596
128 106 40494
128 107 56895
128 108 17258
128 109 24347
128 110 -12685
128 111 -6071
128 112 -6663
128 113 -21576
128 114 -8162
128 115 31747
128 116 27248
128 117 27789
128 118 71434
128 119 48066
128 120 -40226
128 121 -21292
128 122 1249
128 123 -6168
128 124 -1503
128 125 -1472
128 126 -2088
128 127 -4066
128 129 -5834
128 130 38435
128 131 -6580
128 132 -30221
128 133 60324
128 134 79712
128 135 54682
129 1 84457
129 2 99816
129 3 100394
129 4 109394
129 5 110216
129 6 110661
129 7 110190
129 8 111121
129 9 110033
129 10 108627
129 11 108874
129 12 108034
129 13 104977
129 14 110122
129 15 110646
129 16 102006
129 17 65177
129 18 62741
129 19 56213
129 20 79268
129 21 86403
129 22 86449
129 23 86186
129 24 86655
129 25 89472
129 26 90866
129 27 92589
129 28 94186
129 29 95803
129 30 89054
129 31 90976
129 32 80693
129 33 36948
129 34 80226
129 35 94656
129 36 95366
129 37 96231
129 38 97948
129 39 98611
129 40 100307
129 41 103408
129 42 103390
129 43 100889
129 44 101290
129 45 99262
129 46 69658
129 47 81517
129 48 82414
129 49 84574
129 50 89397
129 51 90761
129 52 89544
129 53 91948
129 54 91832
129 55 92505
129 56 93301
129 57 93468
129 58 91699
129 59 88892
129 60 88873
129 61 87597
129 62 87154
129 63 74420
129 64 77393
129 65 56035
129 66 65366
129 67 58006
129 68 52180
129 69 41678
129 70 44661
129 71 65334
129 72 81803
129 73 79008
129 74 78486
129 75 83657
129 76 80117
129 77 76599
129 78 71105
129 79 72500
129 80 37804
129 81 11643
129 82 81950
129 83 73032
129 84 112487
129 85 112087
129 86 109720
129 87 90194
129 88 110389
129 89 99874
129 90 99385
129 91 85671
129 92 95425
129 93 97633
129 94 98301
129 95 91371
129 96 96960
129 97 95790
129 98 95635
129 99 95241
129 100 94737
129 101 93530
129 102 92337
129 103 92389
129 104 93607
129 105 94376
129 106 40176
129 107 56671
129 108 17048
129 109 24589
129 110 -11819
129 111 -5293
129 112 -6071
129 113 -22576
129 114 -8864
129 115 30887
129 116 26262
129 117 26792
129 118 70998
129 119 47131
129 120 -40115
129 121 -20747
129 122 2210
129 123 -5221
129 124 -577
129 125 -770
129 126 -1266
129 127 -3066
129 128 -6341
129 130 37581
129 131 -7567
129 132 -30560
129 133 60150
129 134 79481
129 135 54301
130 1 59188
130 2 70719
130 3 75554
130 4 80156
130 5 81096
130 6 81458
130 7 79561
130 8 80583
130 9 79800
130 10 77510
130 11 76286
130 12 75455
130 13 69767
130 14 74421
130 15 74919
130 16 66736
130 17 35843
130 18 32467
130 19 8258
130 20 35370
130 21 51643
130 22 54666
130 23 54932
130 24 55016
130 25 55296
130 26 58076
130 27 58685
130 28 61662
130 29 65293
130 30 58211
130 31 61098
130 32 57578
130 33 37028
130 34 59066
130 35 70938
130 36 71059
130 37 71298
130 38 71855
130 39 72305
130 40 75260
130 41 77524
130 42 76946
130 43 74619
130 44 75020
130 45 71667
130 46 36702
130 47 55290
130 48 58903
130 49 61466
130 50 65145
130 51 66116
130 52 64757
130 53 67050
130 54 66007
130 55 66679
130 56 67328
130 57 66951
130 58 64319
130 59 59890
130 60 60796
130 61 61213
130 62 62220
130 63 57769
130 64 56210
130 65 -5015
130 66 38362
130 67 48641
130 68 58418
130 69 58739
130 70 61092
130 71 38844
130 72 53234
130 73 52301
130 74 54149
130 75 57674
130 76 57218
130 77 54754
130 78 51807
130 79 57217
130 80 38908
130 81 42002
130 82 37652
130 83 16771
130 84 60194
130 85 59794
130 86 57780
130 87 49089
130 88 74153
130 89 63316
130 90 63894
130 91 51887
130 92 62944
130 93 69278
130 94 69985
130 95 66613
130 96 71087
130 97 70029
130 98 70534
130 99 70558
130 100 69687
130 101 68910
130 102 67579
130 103 66924
130 104 68331
130 105 67762
130 106 72536
130 107 92970
130 108 53888
130 109 76575
130 110 47239
130 111 53751
130 112 52875
130 113 36632
130 114 9687
130 115 37822
130 116 40400
130 117 33927
130 118 38099
130 119 11668
130 120 11405
130 121 39468
130 122 62095
130 123 54710
130 124 59396
130 125 58239
130 126 58764
130 127 57703
130 128 54570
130 129 54223
130 131 5065
130 132 -1451
130 133 46857
130 134 56304
130 135 21864
131 1 87617
131 2 102457
131 3 104979
131 4 112104
131 5 113031
131 6 113514
131 7 112446
131 8 113292
131 9 112313
131 10 110380
131 11 109983
131 12 109097
131 13 104610
131 14 109606
131 15 110080
131 16 101487
131 17 63996
131 18 61007
131 19 45954
131 20 73198
131 21 85081
131 22 86535
131 23 86515
131 24 86822
131 25 88657
131 26 90839
131 27 92205
131 28 94544
131 29 97277
131 30 90180
131 31 92449
131 32 84616
131 33 47114
131 34 85149
131 35 99291
131 36 99759
131 37 100460
131 38 101639
131 39 102256
131 40 104647
131 41 107482
131 42 107211
131 43 104684
131 44 105085
131 45 102321
131 46 67747
131 47 83943
131 48 86371
131 49 88898
131 50 93420
131 51 94624
131 52 93343
131 53 95839
131 54 95272
131 55 95988
131 56 96766
131 57 96682
131 58 94446
131 59 90588
131 60 90945
131 61 90542
131 62 90762
131 63 80827
131 64 81860
131 65 36963
131 66 65902
131 67 66934
131 68 66415
131 69 61257
131 70 64070
131 71 65669
131 72 83045
131 73 80906
131 74 81539
131 75 86407
131 76 83935
131 77 80769
131 78 76009
131 79 79622
131 80 48480
131 81 26932
131 82 75491
131 83 59704
131 84 102237
131 85 101837
131 86 99706
131 87 86557
131 88 109605
131 89 98524
131 90 98534
131 91 84706
131 92 96107
131 93 100231
131 94 100939
131 95 95724
131 96 100698
131 97 99512
131 98 99662
131 99 99449
131 100 98759
131 101 97660
131 102 96330
131 103 96070
131 104 97423
131 105 97611
131 106 31870
131 107 51362
131 108 12161
131 109 33804
131 110 18422
131 111 24835
131 112 23858
131 113 5852
131 114 -28168
131 115 5035
131 116 -2166
131 117 3725
131 118 68991
131 119 25403
131 120 -30929
131 121 4382
131 122 32612
131 123 25172
131 124 29802
131 125 29273
131 126 29056
131 127 27322
131 128 24060
131 129 23580
131 130 19570
131 132 -16292
131 133 66759
131 134 83237
131 135 53451
132 1 65570
132 2 80963
132 3 81736
132 4 90556
132 5 91390
132 6 91844
132 7 91332
132 8 92248
132 9 91165
132 10 89720
132 11 89939
132 12 89094
132 13 86004
132 14 91148
132 15 91672
132 16 83033
132 17 46378
132 18 44010
132 19 39393
132 20 60869
132 21 67476
132 22 67479
132 23 67213
132 24 67684
132 25 70517
132 26 71894
132 27 73618
132 28 75213
132 29 76859
132 30 70094
132 31 72022
132 32 61853
132 33 18715
132 34 61495
132 35 75962
132 36 76646
132 37 77502
132 38 79162
132 39 79825
132 40 81605
132 41 84686
132 42 84640
132 43 82128
132 44 82529
132 45 80424
132 46 50860
132 47 62578
132 48 63590
132 49 65798
132 50 70607
132 51 71957
132 52 70734
132 53 73156
132 54 72998
132 55 73677
132 56 74474
132 57 74621
132 58 72813
132 59 69942
132 60 69935
132 61 68711
132 62 68319
132 63 55843
132 64 58582
132 65 42595
132 66 46419
132 67 39835
132 68 35554
132 69 28377
132 70 31240
132 71 46410
132 72 62831
132 73 60044
132 74 59569
132 75 64742
132 76 61257
132 77 57762
132 78 52311
132 79 54052
132 80 19706
132 81 -6039
132 82 63655
132 83 56076
132 84 94652
132 85 94252
132 86 91837
132 87 71355
132 88 91416
132 89 80916
132 90 80417
132 91 66732
132 92 76461
132 93 78754
132 94 79426
132 95 72660
132 96 78175
132 97 76999
132 98 76874
132 99 76498
132 100 75973
132 101 74771
132 102 73558
132 103 73581
132 104 74815
132 105 75535
132 106 56121
132 107 73469
132 108 33951
132 109 43528
132 110 2577
132 111 9459
132 112 8990
132 113 -4894
132 114 2106
132 115 37956
132 116 29361
132 117 25569
132 118 52219
132 119 37802
132 120 -21392
132 121 -2083
132 122 17810
132 123 10613
132 124 15496
132 125 14146
132 126 15286
132 127 14632
132 128 11972
132 129 12140
132 130 24607
132 131 -4739
132 133 41491
132 134 60620
132 135 35377
133 1 19211
133 2 34118
133 3 34481
133 4 43637
133 5 44423
133 6 44842
133 7 44482
133 8 45482
133 9 44377
133 10 43201
133 11 43689
133 12 42909
133 13 40883
133 14 46001
133 15 46614
133 16 38211
133 17 16685
133 18 15973
133 19 26107
133 20 27244
133 21 25956
133 22 24203
133 23 23666
133 24 24281
133 25 27697
133 26 27908
133 27 29631
133 28 30380
133 29 30951
133 30 24662
133 31 26451
133 32 15169
133 33 2854
133 34 14329
133 35 28732
133 36 29448
133 37 30316
133 38 32098
133 39 32759
133 40 34383
133 41 37488
133 42 37485
133 43 34997
133 44 35398
133 45 33541
133 46 16765
133 47 17196
133 48 16760
133 49 18742
133 50 23585
133 51 24985
133 52 23787
133 53 26128
133 54 26147
133 55 26790
133 56 27575
133 57 27825
133 58 26283
133 59 24429
133 60 24180
133 61 22252
133 62 21505
133 63 8628
133 64 11785
133 65 39163
133 66 9724
133 67 -3964
133 68 15821
133 69 15728
133 70 17477
133 71 12801
133 72 19000
133 73 15883
133 74 13931
133 75 18775
133 76 14805
133 77 11161
133 78 5524
133 79 7142
133 80 4197
133 81 40342
133 82 31757
133 83 28612
133 84 61613
133 85 61213
133 86 58529
133 87 29868
133 88 46464
133 89 37171
133 90 36267
133 91 25095
133 92 30942
133 93 32114
133 94 32756
133 95 25448
133 96 31111
133 97 29957
133 98 29751
133 99 29337
133 100 28857
133 101 27646
133 102 26488
133 103 26608
133 104 27781
133 105 28700
133 106 102026
133 107 120006
133 108 80560
133 109 90396
133 110 48470
133 111 55638
133 112 55428
133 113 42189
133 114 44329
133 115 76490
133 116 69111
133 117 62528
133 118 18984
133 119 56005
133 120 25786
133 121 44176
133 122 63821
133 123 56761
133 124 61774
133 125 60458
133 126 61805
133 127 61221
133 128 58757
133 129 59090
133 130 29155
133 131 34552
133 132 -2269
133 134 14155
133 135 -4525
134 1 3473
134 2 18755
134 3 20190
134 4 28353
134 5 29198
134 6 29661
134 7 29125
134 8 30052
134 9 28964
134 10 27615
134 11 28013
134 12 27215
134 13 25189
134 14 30293
134 15 30921
134 16 22592
134 17 20343
134 18 19729
134 19 28432
134 20 18901
134 21 13516
134 22 10691
134 23 9982
134 24 10635
134 25 13804
134 26 13095
134 27 14601
134 28 14919
134 29 15208
134 30 9014
134 31 10792
134 32 -200
134 33 18562
134 34 1251
134 35 14466
134 36 14953
134 37 15704
134 38 17097
134 39 17750
134 40 19888
134 41 22827
134 42 22665
134 43 20129
134 44 20530
134 45 18225
134 46 14984
134 47 2790
134 48 1550
134 49 4088
134 50 8637
134 51 9899
134 52 8646
134 53 11130
134 54 10815
134 55 11507
134 56 12306
134 57 12416
134 58 10655
134 59 8860
134 60 8534
134 61 6569
134 62 6147
134 63 5428
134 64 1535
134 65 40718
134 66 11288
134 67 5385
134 68 30333
134 69 28269
134 70 29787
134 71 16793
134 72 6768
134 73 5264
134 74 1622
134 75 3178
134 76 503
134 77 77
134 78 3380
134 79 4391
134 80 19934
134 81 55373
134 82 24743
134 83 19477
134 84 50310
134 85 49910
134 86 47163
134 87 15488
134 88 30782
134 89 21960
134 90 20930
134 91 13031
134 92 15223
134 93 16570
134 94 17235
134 95 10945
134 96 16121
134 97 14929
134 98 14946
134 99 14677
134 100 14039
134 101 12892
134 102 11591
134 103 11473
134 104 12767
134 105 13336
134 106 115571
134 107 133931
134 108 94536
134 109 105646
134 110 63845
134 111 70966
134 112 70707
134 113 57275
134 114 56599
134 115 87743
134 116 81525
134 117 74624
134 118 17953
134 119 64259
134 120 40814
134 121 59545
134 122 79185
134 123 72101
134 124 77091
134 125 75762
134 126 77071
134 127 76476
134 128 73959
134 129 74235
134 130 34416
134 131 46844
134 132 12674
134 133 9969
134 135 -12733
END
NODE_CONSUMPTION
0 1 30
0 2 226
0 3 37
0 4 24
0 5 36
0 6 1
0 7 31
0 8 24
0 9 30
0 10 24
0 11 24
0 12 32
0 13 24
0 14 24
0 15 19
0 16 24
0 17 18
0 18 36
0 19 115
0 20 24
0 21 24
0 22 61
0 23 71
0 24 36
0 25 18
0 26 30
0 27 31
0 28 36
0 29 18
0 30 1004
0 31 18
0 32 34
0 33 504
0 34 18
0 35 39
0 36 24
0 37 37
0 38 24
0 39 99
0 40 24
0 41 24
0 42 36
0 43 30
0 44 25
0 45 24
0 46 122
0 47 196
0 48 229
0 49 83
0 50 18
0 51 24
0 52 306
0 53 18
0 54 20
0 55 18
0 56 24
0 57 22
0 58 24
0 59 18
0 60 18
0 61 24
0 62 24
0 63 30
0 64 24
0 65 40
0 66 166
0 67 254
0 68 187
0 69 94
0 70 17
0 71 285
0 72 24
0 73 24
0 74 205
0 75 23
0 76 28
0 77 51
0 78 49
0 79 19
0 80 262
0 81 120
0 82 266
0 83 704
0 84 38
0 85 18
0 86 30
0 87 25
0 88 12
0 89 18
0 90 25
0 91 35
0 92 18
0 93 12
0 94 20
0 95 1126
0 96 9
0 97 36
0 98 12
0 99 31
0 100 96
0 101 27
0 102 54
0 103 137
0 104 12
0 105 58
0 106 206
0 107 178
0 108 486
0 109 36
0 110 261
0 111 135
0 112 135
0 113 373
0 114 535
0 115 42
0 116 9
0 117 110
0 118 36
0 119 18
0 120 726
0 121 187
0 122 23
0 123 134
0 124 47
0 125 51
0 126 43
0 127 79
0 128 112
0 129 91
0 130 232
0 131 483
0 132 828
0 133 11
0 134 12
END
