NAME : ./data/ESPPRC - Test Instances/M-n121-k7_b.simplified-vrp
SIZE : 122
DIRECTED : 1
CYCLIC : 1
ORIGIN : 0
DESTINATION : 121
RESOURCES : 1
RES_NAMES : 0
RES_TYPE
0 CAP
END
RES_BOUND
0 0 200
END
EDGE_COST
0 1 31280
0 2 36705
0 3 39101
0 4 40985
0 5 36156
0 6 38476
0 7 37422
0 8 36864
0 9 42142
0 10 38517
0 11 40908
0 12 39639
0 13 44624
0 14 42730
0 15 39954
0 16 62242
0 17 58583
0 18 14120
0 19 63309
0 20 69451
0 21 64591
0 22 69958
0 23 67106
0 24 73937
0 25 67596
0 26 63944
0 27 76250
0 28 74073
0 29 63754
0 30 76953
0 31 74448
0 32 78969
0 33 77469
0 34 82330
0 35 79006
0 36 80764
0 37 60144
0 38 64474
0 39 65497
0 40 59204
0 41 62906
0 42 65148
0 43 65233
0 44 72701
0 45 70828
0 46 74905
0 47 75725
0 48 72318
0 49 77782
0 50 81434
0 51 68833
0 52 69457
0 53 71276
0 54 72982
0 55 72270
0 56 73423
0 57 75366
0 58 72330
0 59 65145
0 60 82841
0 61 75544
0 62 84510
0 63 78941
0 64 81583
0 65 74606
0 66 78799
0 67 36717
0 68 41589
0 69 39609
0 70 38135
0 71 45892
0 72 49384
0 73 44669
0 74 49808
0 75 39146
0 76 49213
0 77 41460
0 78 53037
0 79 55342
0 80 51133
0 81 6034
0 82 2747
0 83 12747
0 84 8922
0 85 6579
0 86 5825
0 87 5150
0 88 2691
0 89 8368
0 90 9645
0 91 10376
0 92 7533
0 93 7875
0 94 10579
0 95 4404
0 96 7607
0 97 8798
0 98 17457
0 99 8140
0 100 12425
0 101 6595
0 102 4294
0 103 8060
0 104 10337
0 105 5419
0 106 5699
0 107 7915
0 108 15873
0 109 16109
0 110 18956
0 111 4885
0 112 8541
0 113 11864
0 114 13684
0 115 14369
0 116 11164
0 117 11237
0 118 16866
0 119 -914
0 120 -2926
1 2 -5893
1 3 1135
1 4 3396
1 5 1224
1 6 6916
1 7 6197
1 8 8424
1 9 8318
1 10 3020
1 11 4508
1 12 8441
1 13 10148
1 14 5833
1 15 1738
1 16 36407
1 17 34029
1 18 32491
1 19 37892
1 20 46533
1 21 43636
1 22 43071
1 23 43764
1 24 47197
1 25 41988
1 26 41940
1 27 49930
1 28 49975
1 29 44805
1 30 50899
1 31 49464
1 32 56217
1 33 50515
1 34 57689
1 35 55783
1 36 57188
1 37 56984
1 38 63099
1 39 65292
1 40 64262
1 41 60432
1 42 64379
1 43 67758
1 44 69195
1 45 72732
1 46 71113
1 47 73021
1 48 71751
1 49 73718
1 50 79036
1 51 68445
1 52 86505
1 53 89417
1 54 89789
1 55 90498
1 56 92977
1 57 91209
1 58 90304
1 59 78987
1 60 100617
1 61 90429
1 62 100103
1 63 96212
1 64 97592
1 65 88233
1 66 94495
1 67 72975
1 68 71299
1 69 77032
1 70 75837
1 71 79727
1 72 83004
1 73 76970
1 74 83018
1 75 72766
1 76 80638
1 77 72532
1 78 84830
1 79 85012
1 80 81803
1 81 33196
1 82 39532
1 83 25580
1 84 31643
1 85 35438
1 86 39944
1 87 41521
1 88 42853
1 89 38557
1 90 35325
1 91 38515
1 92 39197
1 93 41115
1 94 41642
1 95 43315
1 96 41890
1 97 37798
1 98 49327
1 99 46214
1 100 49099
1 101 46159
1 102 45440
1 103 48149
1 104 51492
1 105 49236
1 106 48879
1 107 50857
1 108 26380
1 109 29922
1 110 47594
1 111 39858
1 112 34646
1 113 26545
1 114 32684
1 115 39621
1 116 45611
1 117 31063
1 118 32838
1 119 35844
1 120 42927
1 121 33810
2 1 -13207
2 3 249
2 4 2614
2 5 -50
2 6 5506
2 7 4972
2 8 7792
2 9 7426
2 10 2211
2 11 3936
2 12 8084
2 13 9757
2 14 5691
2 15 1558
2 16 36241
2 17 33781
2 18 30492
2 19 37735
2 20 46223
2 21 43214
2 22 43033
2 23 43503
2 24 47160
2 25 41877
2 26 41611
2 27 49895
2 28 49800
2 29 44412
2 30 50865
2 31 49363
2 32 55981
2 33 50548
2 34 57592
2 35 55584
2 36 57027
2 37 55907
2 38 61965
2 39 64122
2 40 62938
2 41 59353
2 42 63246
2 43 66527
2 44 68170
2 45 71536
2 46 70110
2 47 71981
2 48 70641
2 49 72736
2 50 78014
2 51 67357
2 52 84900
2 53 87791
2 54 88196
2 55 88877
2 56 91331
2 57 89643
2 58 88695
2 59 77476
2 60 99022
2 61 88905
2 62 98563
2 63 94636
2 64 96046
2 65 86744
2 66 92972
2 67 70997
2 68 69395
2 69 75047
2 70 73851
2 71 77776
2 72 81060
2 73 75034
2 74 81076
2 75 70822
2 76 78714
2 77 70617
2 78 82909
2 79 83121
2 80 79903
2 81 31375
2 82 37672
2 83 23640
2 84 29700
2 85 33498
2 86 38023
2 87 39581
2 88 40966
2 89 36590
2 90 33337
2 91 36532
2 92 37228
2 93 39129
2 94 39647
2 95 41357
2 96 39904
2 97 35798
2 98 47336
2 99 44225
2 100 47103
2 101 44181
2 102 43477
2 103 46158
2 104 49511
2 105 47286
2 106 46920
2 107 48886
2 108 24390
2 109 27970
2 110 45605
2 111 37951
2 112 32727
2 113 24601
2 114 30684
2 115 37634
2 116 43611
2 117 29142
2 118 30838
2 119 34074
2 120 41081
2 121 31921
3 1 -7996
3 2 -1568
3 4 -3666
3 5 -5261
3 6 409
3 7 -845
3 8 1476
3 9 1128
3 10 -4114
3 11 -2262
3 12 1911
3 13 3624
3 14 -63
3 15 -4057
3 16 30159
3 17 27628
3 18 29257
3 19 31658
3 20 40022
3 21 36949
3 22 37076
3 23 37334
3 24 41202
3 25 35840
3 26 35396
3 27 43934
3 28 43699
3 29 38155
3 30 44903
3 31 43329
3 32 49828
3 33 44663
3 34 51560
3 35 49459
3 36 50934
3 37 49773
3 38 55891
3 39 58090
3 40 57133
3 41 53221
3 42 57170
3 43 60576
3 44 61990
3 45 65536
3 46 63913
3 47 65814
3 48 64540
3 49 66523
3 50 71832
3 51 61234
3 52 79763
3 53 82722
3 54 83020
3 55 83789
3 56 86329
3 57 84385
3 58 83568
3 59 72068
3 60 93850
3 61 83528
3 62 93228
3 63 89403
3 64 90727
3 65 81277
3 66 87591
3 67 68332
3 68 65807
3 69 72539
3 70 71356
3 71 74666
3 72 77862
3 73 71753
3 74 77852
3 75 67624
3 76 75304
3 77 67116
3 78 79456
3 79 79403
3 80 76254
3 81 32654
3 82 38564
3 83 23925
3 84 29821
3 85 33608
3 86 38332
3 87 39630
3 88 41588
3 89 36270
3 90 32555
3 91 35884
3 92 36864
3 93 38347
3 94 38562
3 95 41124
3 96 39092
3 97 34245
3 98 45106
3 99 43285
3 100 45881
3 101 43531
3 102 43127
3 103 45114
3 104 48752
3 105 47120
3 106 46592
3 107 48343
3 108 22400
3 109 25128
3 110 43351
3 111 38411
3 112 33131
3 113 24808
3 114 29242
3 115 35356
3 116 41992
3 117 29586
3 118 29432
3 119 35615
3 120 41974
3 121 32500
4 1 -7145
4 2 -613
4 3 -5076
4 5 -5025
4 6 286
4 7 -1373
4 8 512
4 9 262
4 10 -5040
4 11 -3262
4 12 913
4 13 2624
4 14 -1029
4 15 -4970
4 16 29159
4 17 26631
4 18 29493
4 19 30658
4 20 39028
4 21 35964
4 22 36076
4 23 36338
4 24 40203
4 25 34840
4 26 34403
4 27 42935
4 28 42700
4 29 37170
4 30 43903
4 31 42329
4 32 48831
4 33 43666
4 34 50560
4 35 48461
4 36 49934
4 37 48939
4 38 55078
4 39 57291
4 40 56403
4 41 52386
4 42 56356
4 43 59801
4 44 61137
4 45 64747
4 46 63052
4 47 64965
4 48 63716
4 49 65656
4 50 70977
4 51 60402
4 52 79197
4 53 82171
4 54 82444
4 55 83234
4 56 85792
4 57 83790
4 58 83003
4 59 71437
4 60 93274
4 61 82904
4 62 92614
4 63 88812
4 64 90116
4 65 80631
4 66 86965
4 67 68262
4 68 65568
4 69 72495
4 70 71313
4 71 74513
4 72 77692
4 73 71570
4 74 77678
4 75 67454
4 76 75097
4 77 66891
4 78 79238
4 79 79135
4 80 75998
4 81 33236
4 82 39087
4 83 24400
4 84 30256
4 85 34033
4 86 38779
4 87 40038
4 88 42073
4 89 36630
4 90 32850
4 91 36196
4 92 37215
4 93 38629
4 94 38799
4 95 41485
4 96 39368
4 97 34406
4 98 45136
4 99 43533
4 100 46083
4 101 43825
4 102 43466
4 103 45338
4 104 49023
4 105 47482
4 106 46930
4 107 48644
4 108 22524
4 109 25082
4 110 43384
4 111 38879
4 112 33600
4 113 25269
4 114 29441
4 115 35393
4 116 42129
4 117 30070
4 118 29644
4 119 36219
4 120 42482
4 121 32974
5 1 -6722
5 2 -682
5 3 -4076
5 4 -2430
5 6 -1478
5 7 -2239
5 8 1085
5 9 656
5 10 -4114
5 11 -1790
5 12 1911
5 13 3844
5 14 635
5 15 -3039
5 16 30159
5 17 27533
5 18 27310
5 19 31658
5 20 39845
5 21 36641
5 22 37203
5 23 37207
5 24 41326
5 25 35882
5 26 35188
5 27 44052
5 28 43660
5 29 37854
5 30 45016
5 31 43367
5 32 49715
5 33 44847
5 34 51596
5 35 49385
5 36 50898
5 37 48700
5 38 54754
5 39 56914
5 40 55790
5 41 52145
5 42 56035
5 43 59333
5 44 60974
5 45 64332
5 46 62920
5 47 64781
5 48 63430
5 49 65554
5 50 70818
5 51 60148
5 52 78127
5 53 81065
5 54 81397
5 55 82138
5 56 84653
5 57 82790
5 58 81930
5 59 70530
5 60 92227
5 61 81979
5 62 91662
5 63 87801
5 64 89156
5 65 79764
5 66 86044
5 67 66338
5 68 63870
5 69 70541
5 70 69358
5 71 72691
5 72 75894
5 73 69790
5 74 75885
5 75 65656
5 76 73351
5 77 65172
5 78 77508
5 79 77481
5 80 74325
5 81 31034
5 82 36862
5 83 22167
5 84 28020
5 85 31797
5 86 36543
5 87 37803
5 88 39840
5 89 34402
5 90 30641
5 91 33981
5 92 34990
5 93 36426
5 94 36616
5 95 39257
5 96 37167
5 97 32269
5 98 43106
5 99 41345
5 100 43920
5 101 41617
5 102 41244
5 103 43162
5 104 46825
5 105 45255
5 106 44708
5 107 46434
5 108 20413
5 109 23131
5 110 41352
5 111 36644
5 112 31366
5 113 23034
5 114 27278
5 115 33357
5 116 40009
5 117 27838
5 118 27474
5 119 34027
5 120 40252
5 121 30740
6 1 -4577
6 2 1327
6 3 -1953
6 4 -666
6 5 -5025
6 7 -3845
6 8 -48
6 9 262
6 10 -3670
6 11 -1262
6 12 1177
6 13 3568
6 14 911
6 15 -2231
6 16 29257
6 17 26533
6 18 25637
6 19 30749
6 20 38756
6 21 35424
6 22 36423
6 23 36164
6 24 40541
6 25 35010
6 26 34065
6 27 43254
6 28 42700
6 29 36624
6 30 44210
6 31 42483
6 32 48677
6 33 44115
6 34 50705
6 35 48385
6 36 49934
6 37 46808
6 38 52818
6 39 54950
6 40 53718
6 41 50251
6 42 54098
6 43 57323
6 44 59122
6 45 62347
6 46 61086
6 47 62916
6 48 61510
6 49 63737
6 50 68966
6 51 58242
6 52 75919
6 53 78850
6 54 79193
6 55 79925
6 56 82433
6 57 80596
6 58 79721
6 59 68358
6 60 90022
6 61 79801
6 62 89479
6 63 85603
6 64 86969
6 65 77603
6 66 83867
6 67 64271
6 68 61684
6 69 68498
6 70 67316
6 71 70558
6 72 73749
6 73 67637
6 74 73737
6 75 63511
6 76 71183
6 77 62993
6 78 75334
6 79 75282
6 80 72131
6 81 30093
6 82 35760
6 83 20986
6 84 26732
6 85 30480
6 86 35269
6 87 36440
6 88 38644
6 89 32949
6 90 29068
6 91 32438
6 92 33517
6 93 34825
6 94 34938
6 95 37799
6 96 35554
6 97 30472
6 98 41139
6 99 39680
6 100 42183
6 101 40030
6 102 39740
6 103 41457
6 104 45197
6 105 43793
6 106 43199
6 107 44858
6 108 18571
6 109 21084
6 110 39389
6 111 35413
6 112 30151
6 113 21816
6 114 25546
6 115 31398
6 116 38177
6 117 26665
6 118 25764
6 119 33125
6 120 39095
6 121 29513
7 1 -3165
7 2 2924
7 3 -1076
7 4 -194
7 5 -3655
7 6 -1714
7 8 -2048
7 9 -1108
7 10 -4276
7 11 -2139
7 12 -778
7 13 1835
7 14 -499
7 15 -3117
7 16 27262
7 17 24534
7 18 26269
7 19 28754
7 20 36757
7 21 33433
7 22 34440
7 23 34164
7 24 38558
7 25 33017
7 26 32066
7 27 41269
7 28 40702
7 29 34635
7 30 42224
7 31 40489
7 32 46677
7 33 42139
7 34 48711
7 35 46386
7 36 47936
7 37 45096
7 38 51149
7 39 53310
7 40 52220
7 41 48542
7 42 52429
7 43 55737
7 44 57377
7 45 60731
7 46 59327
7 47 61181
7 48 59825
7 49 61965
7 50 67221
7 51 56544
7 52 74767
7 53 77730
7 54 78022
7 55 78796
7 56 81343
7 57 79385
7 58 78572
7 59 67073
7 60 88852
7 61 78532
7 62 88229
7 63 84403
7 64 85728
7 65 76288
7 66 82595
7 67 64163
7 68 61218
7 69 68446
7 70 67264
7 71 70276
7 72 73428
7 73 67291
7 74 73409
7 75 63190
7 76 70786
7 77 62557
7 78 74913
7 79 74756
7 80 71630
7 81 31418
7 82 36952
7 83 22148
7 84 27779
7 85 31491
7 86 36314
7 87 37398
7 88 39753
7 89 33820
7 90 29811
7 91 33211
7 92 34366
7 93 35521
7 94 35537
7 95 38653
7 96 36233
7 97 30906
7 98 41270
7 99 40284
7 100 42690
7 101 40732
7 102 40539
7 103 42001
7 104 45842
7 105 44634
7 106 43987
7 107 45564
7 108 18979
7 109 21084
7 110 39535
7 111 36497
7 112 31260
7 113 22942
7 114 26095
7 115 31560
7 116 38543
7 117 27821
7 118 26352
7 119 34465
7 120 40223
7 121 30590
8 1 7265
8 2 13947
8 3 9448
8 4 9894
8 5 7872
8 6 10286
8 7 6155
8 9 7836
8 10 5093
8 11 5443
8 12 -10958
8 13 1835
8 14 911
8 15 2220
8 16 15313
8 17 12540
8 18 32305
8 19 16797
8 20 24762
8 21 21508
8 22 22591
8 23 22164
8 24 26701
8 25 21082
8 26 20083
8 27 29392
8 28 28716
8 29 22721
8 30 30336
8 31 28539
8 32 34677
8 33 30327
8 34 36755
8 35 34389
8 36 35947
8 37 35264
8 38 41618
8 39 43979
8 40 43848
8 41 38699
8 42 42869
8 43 46734
8 44 47259
8 45 51498
8 46 49100
8 47 51124
8 48 50111
8 49 51638
8 50 57065
8 51 46700
8 52 68562
8 53 71713
8 54 71673
8 55 72692
8 56 75469
8 57 72773
8 58 72330
8 59 59976
8 60 82444
8 61 71492
8 62 81314
8 63 77785
8 64 78847
8 65 68949
8 66 75481
8 67 64647
8 68 59551
8 69 69231
8 70 68030
8 71 69655
8 72 72533
8 73 66324
8 74 72491
8 75 62295
8 76 69500
8 77 60996
8 78 73410
8 79 72615
8 80 69591
8 81 40441
8 82 45255
8 83 30747
8 84 35664
8 85 39084
8 86 43975
8 87 44596
8 88 47633
8 89 40707
8 90 36166
8 91 39656
8 92 41110
8 93 41425
8 94 40975
8 95 45265
8 96 42014
8 97 35475
8 98 43799
8 99 45509
8 100 47383
8 101 46477
8 102 46790
8 103 46757
8 104 51177
8 105 51026
8 106 50091
8 107 51181
8 108 24240
8 109 23847
8 110 42351
8 111 44331
8 112 39355
8 113 31348
8 114 31684
8 115 34655
8 116 42465
8 117 36240
8 118 32260
8 119 43415
8 120 47986
8 121 38235
9 1 -3545
9 2 2877
9 3 -1604
9 4 -1060
9 5 -3261
9 6 -108
9 7 -3609
9 8 -2868
9 10 -5862
9 11 -4262
9 12 -2078
9 13 9
9 14 -2652
9 15 -5319
9 16 26160
9 17 23534
9 18 28493
9 19 27659
9 20 35855
9 21 32680
9 22 33219
9 23 33210
9 24 37341
9 25 31885
9 26 31203
9 27 40065
9 28 39660
9 29 33893
9 30 41028
9 31 39370
9 32 45718
9 33 40874
9 34 47598
9 35 45386
9 36 46898
9 37 45333
9 38 51475
9 39 53693
9 40 52851
9 41 48781
9 42 52753
9 43 56215
9 44 57534
9 45 61152
9 46 59451
9 47 61361
9 48 60111
9 49 62058
9 50 67375
9 51 56797
9 52 75867
9 53 78867
9 54 79097
9 55 79920
9 56 82511
9 57 80412
9 58 79673
9 59 68004
9 60 89925
9 61 79480
9 62 89204
9 63 85439
9 64 86711
9 65 77175
9 66 83536
9 67 66128
9 68 62963
9 69 70439
9 70 69258
9 71 72140
9 72 75268
9 73 69116
9 74 75244
9 75 65030
9 76 72577
9 77 64320
9 78 76686
9 79 76454
9 80 73344
9 81 33571
9 82 39147
9 83 24348
9 84 30002
9 85 33718
9 86 38537
9 87 39630
9 88 41967
9 89 36055
9 90 32043
9 91 35445
9 92 36602
9 93 37750
9 94 37754
9 95 40889
9 96 38460
9 97 33092
9 98 43356
9 99 42501
9 100 44889
9 101 42961
9 102 42774
9 103 44207
9 104 48064
9 105 46870
9 106 46221
9 107 47793
9 108 21166
9 109 23131
9 110 41630
9 111 38715
9 112 33473
9 113 25150
9 114 28307
9 115 33663
9 116 40709
9 117 30023
9 118 28570
9 119 36613
9 120 42434
9 121 32809
10 1 -4911
10 2 1594
10 3 -2914
10 4 -2430
10 5 -4099
10 6 -108
10 7 -2845
10 8 -1679
10 9 -1930
10 11 -4848
10 12 -1120
10 13 707
10 14 -2478
10 15 -5836
10 16 27147
10 17 24572
10 18 29100
10 19 28647
10 20 36935
10 21 33822
10 22 34135
10 23 34266
10 24 38260
10 25 32851
10 26 32299
10 27 40989
10 28 40670
10 29 35033
10 30 41955
10 31 40339
10 32 46767
10 33 41760
10 34 48569
10 35 46415
10 36 47907
10 37 46721
10 38 52872
10 39 55095
10 40 54265
10 41 50168
10 42 54149
10 43 57624
10 44 58910
10 45 62557
10 46 60822
10 47 62740
10 48 61503
10 49 63424
10 50 68750
10 51 58185
10 52 77252
10 53 80247
10 54 80486
10 55 81302
10 56 83886
10 57 81807
10 58 81059
10 59 69409
10 60 91315
10 61 80883
10 62 90605
10 63 86833
10 64 88111
10 65 78583
10 66 84940
10 67 67160
10 68 64148
10 69 71445
10 70 70264
10 71 73252
10 72 76396
10 73 70253
10 74 76375
10 75 66158
10 76 73735
10 77 65495
10 78 77855
10 79 77663
10 80 74545
10 81 33677
10 82 39364
10 83 24591
10 84 30330
10 85 34074
10 86 38868
10 87 40025
10 88 42249
10 89 36511
10 90 32583
10 91 35966
10 92 37073
10 93 38322
10 94 38387
10 95 41357
10 96 39044
10 97 33823
10 98 44259
10 99 43134
10 100 45582
10 101 43531
10 102 43281
10 103 44879
10 104 48672
10 105 47348
10 106 46736
10 107 48362
10 108 21899
10 109 24083
10 110 42521
10 111 39016
10 112 33756
10 113 25421
10 114 28964
10 115 34544
10 116 41483
10 117 30271
10 118 29202
10 119 36703
10 120 42700
10 121 33116
11 1 -4437
11 2 2305
11 3 -2076
11 4 -1666
11 5 -2789
11 6 1286
11 7 -1722
11 8 -2343
11 9 -1344
11 10 -5862
11 12 -2078
11 13 -376
11 14 -3837
11 15 -7206
11 16 26160
11 17 23639
11 18 30371
11 19 27659
11 20 36049
11 21 33016
11 22 33079
11 23 33350
11 24 37205
11 25 31840
11 26 31429
11 27 39938
11 28 39703
11 29 34216
11 30 40906
11 31 39329
11 32 45840
11 33 40675
11 34 47560
11 35 45466
11 36 46936
11 37 46465
11 38 52670
11 39 54927
11 40 54251
11 41 49911
11 42 53943
11 43 57512
11 44 58602
11 45 62408
11 46 60493
11 47 62444
11 48 61271
11 49 63074
11 50 68435
11 51 57930
11 52 77545
11 53 80564
11 54 80762
11 55 81610
11 56 84224
11 57 82048
11 58 81350
11 59 69586
11 60 91586
11 61 81070
11 62 90809
11 63 87078
11 64 88321
11 65 78729
11 66 85120
11 67 68128
11 68 64923
11 69 72439
11 70 71258
11 71 74127
11 72 77250
11 73 71096
11 74 77226
11 75 67012
11 76 74549
11 77 66285
11 78 78654
11 79 78400
11 80 75295
11 81 35085
11 82 40759
11 83 25979
11 84 31701
11 85 35438
11 86 40239
11 87 41378
11 88 43631
11 89 37844
11 90 33885
11 91 37275
11 92 38401
11 93 39610
11 94 39647
11 95 42687
11 96 40327
11 97 35029
11 98 45345
11 99 44394
11 100 46811
11 101 44821
11 102 44597
11 103 46120
11 104 49945
11 105 48675
11 106 48049
11 107 49653
11 108 23102
11 109 25128
11 110 43617
11 111 40394
11 112 35137
11 113 26803
11 114 30210
11 115 35648
11 116 42663
11 117 31659
11 118 30461
11 119 38113
11 120 44086
11 121 34493
12 1 7354
12 2 14311
12 3 9955
12 4 10367
12 5 8770
12 6 11583
12 7 7497
12 8 -10886
12 9 8698
12 10 5724
12 11 5780
12 13 1695
12 14 235
12 15 1960
12 16 14147
12 17 11598
12 18 35279
12 19 15647
12 20 24020
12 21 21076
12 22 21178
12 23 21309
12 24 25300
12 25 19856
12 26 19410
12 27 28023
12 28 27674
12 29 22246
12 30 28986
12 31 27343
12 32 33798
12 33 28843
12 34 35572
12 35 33429
12 36 34910
12 37 36441
12 38 42919
12 39 45356
12 40 45548
12 41 39854
12 42 44142
12 43 48213
12 44 48274
12 45 52881
12 46 50054
12 47 52159
12 48 51296
12 49 52533
12 50 58033
12 51 47811
12 52 70792
12 53 73978
12 54 73866
12 55 74934
12 56 77754
12 57 74904
12 58 74538
12 59 61988
12 60 84607
12 61 73507
12 62 83358
12 63 79895
12 64 80896
12 65 70886
12 66 77461
12 67 67749
12 68 62499
12 69 72345
12 70 71142
12 71 72685
12 72 75539
12 73 69330
12 74 75497
12 75 65301
12 76 72479
12 77 63948
12 78 76364
12 79 75507
12 80 72488
12 81 43045
12 82 47996
12 83 33390
12 84 38440
12 85 41912
12 86 46803
12 87 47485
12 88 50441
12 89 43622
12 90 39127
12 91 42613
12 92 44042
12 93 44440
12 94 44023
12 95 48224
12 96 45041
12 97 38575
12 98 46961
12 99 48584
12 100 50487
12 101 49516
12 102 49788
12 103 49864
12 104 54250
12 105 54016
12 106 53107
12 107 54238
12 108 27255
12 109 26995
12 110 45510
12 111 47137
12 112 42108
12 113 34027
12 114 34697
12 115 37807
12 116 45601
12 117 38931
12 118 35239
12 119 46052
12 120 50831
12 121 41082
13 1 317
13 2 7240
13 3 2924
13 4 3334
13 5 1959
13 6 5230
13 7 1366
13 8 -6837
13 9 2041
13 10 -1193
13 11 -1262
13 12 -7049
13 14 -6073
13 15 -4970
13 16 21162
13 17 18657
13 18 32363
13 19 22661
13 20 31091
13 21 28121
13 22 28086
13 23 28374
13 24 32211
13 25 26840
13 26 26481
13 27 34943
13 28 34708
13 29 29304
13 30 35910
13 31 34329
13 32 40858
13 33 35692
13 34 42560
13 35 40476
13 36 41941
13 37 42451
13 38 48775
13 39 51110
13 40 50808
13 41 45889
13 42 50033
13 43 53820
13 44 54466
13 45 58623
13 46 56311
13 47 58330
13 48 57293
13 49 58849
13 50 64275
13 51 53895
13 52 74952
13 53 78045
13 54 78112
13 55 79058
13 56 81763
13 57 79295
13 58 78743
13 59 66640
13 60 88914
13 61 78147
13 62 87935
13 63 84323
13 64 85461
13 65 75687
13 66 82167
13 67 68160
13 68 64102
13 69 72595
13 70 71410
13 71 73728
13 72 76747
13 73 70554
13 74 76710
13 75 66509
13 76 73882
13 77 65514
13 78 77909
13 79 77402
13 80 74342
13 81 38460
13 82 43845
13 83 29049
13 84 34517
13 85 38163
13 86 43022
13 87 43973
13 88 46540
13 89 40274
13 90 36064
13 91 39507
13 92 40779
13 93 41654
13 94 41490
13 95 45052
13 96 42328
13 97 36518
13 98 46086
13 99 46204
13 100 48405
13 101 46844
13 102 46830
13 103 47770
13 104 51825
13 105 50987
13 106 50244
13 107 51660
13 108 24703
13 109 25801
13 110 44438
13 111 43258
13 112 38070
13 113 29798
13 114 32025
13 115 36546
13 116 43947
13 117 34699
13 118 32379
13 119 41512
13 120 47012
13 121 37323
14 1 -1065
14 2 6107
14 3 2170
14 4 2614
14 5 1683
14 6 5506
14 7 1965
14 8 -4828
14 9 2313
14 10 -1445
14 11 -1790
14 12 -5576
14 13 -3140
14 15 -6442
14 16 22279
14 17 19887
14 18 33726
14 19 23768
14 20 32401
14 21 29571
14 22 29033
14 23 29623
14 24 33160
14 25 27890
14 26 27814
14 27 35895
14 28 35846
14 29 30707
14 30 36865
14 31 35373
14 32 42075
14 33 36558
14 34 43602
14 35 41647
14 36 43064
14 37 44479
14 38 50837
14 39 53192
14 40 52966
14 41 47912
14 42 52089
14 43 55930
14 44 56449
14 45 60710
14 46 58275
14 47 60319
14 48 59327
14 49 60795
14 50 66245
14 51 55910
14 52 77185
14 53 80280
14 54 80343
14 55 81291
14 56 83998
14 57 81521
14 58 80975
14 59 68854
14 60 91143
14 61 80362
14 62 90154
14 63 86548
14 64 87680
14 65 77892
14 66 84379
14 67 70127
14 68 66220
14 69 74537
14 70 73353
14 71 75779
14 72 78817
14 73 72630
14 74 78782
14 75 68579
14 76 75978
14 77 67626
14 78 80018
14 79 79546
14 80 76481
14 81 39220
14 82 44758
14 83 29952
14 84 35548
14 85 39240
14 86 44076
14 87 45112
14 88 47539
14 89 41478
14 90 37364
14 91 40789
14 92 42006
14 93 43013
14 94 42922
14 95 46289
14 96 43705
14 97 38070
14 98 47869
14 99 47655
14 100 49931
14 101 48218
14 102 48123
14 103 49280
14 104 53254
14 105 52251
14 106 51555
14 107 53044
14 108 26193
14 109 27578
14 110 46194
14 111 44276
14 112 39049
14 113 30739
14 114 33454
14 115 38276
14 116 45572
14 117 35623
14 118 33766
14 119 42264
14 120 48012
14 121 38362
15 1 -4027
15 2 3107
15 3 -691
15 4 -194
15 5 -858
15 6 3497
15 7 480
15 8 -2386
15 9 779
15 10 -3670
15 11 -4026
15 12 -2718
15 13 -904
15 14 -5309
15 16 25268
15 17 22857
15 18 32591
15 19 26759
15 20 35353
15 21 32474
15 22 32033
15 23 32590
15 24 36160
15 25 30886
15 26 30760
15 27 38895
15 28 38834
15 29 33631
15 30 39865
15 31 38371
15 32 45051
15 33 39556
15 34 46599
15 35 44630
15 36 46055
15 37 46840
15 38 53128
15 39 55437
15 40 54989
15 41 50281
15 42 54392
15 43 58103
15 44 58888
15 45 62941
15 46 60744
15 47 62747
15 48 61674
15 49 63291
15 50 68704
15 51 58293
15 52 78711
15 53 81763
15 54 81903
15 55 82795
15 56 85449
15 57 83143
15 58 82512
15 59 70590
15 60 92720
15 61 82087
15 62 91849
15 63 88175
15 64 89368
15 65 79687
15 66 86124
15 67 70108
15 68 66700
15 69 74445
15 70 73264
15 71 76014
15 72 79112
15 73 72947
15 74 79084
15 75 68874
15 76 76368
15 77 68078
15 78 80454
15 79 80130
15 80 77040
15 81 37265
15 82 42969
15 83 28197
15 84 33931
15 85 37670
15 86 42468
15 87 43613
15 88 45854
15 89 40080
15 90 36115
15 91 39507
15 92 40637
15 93 41836
15 94 41861
15 95 44923
15 96 42551
15 97 37215
15 98 47441
15 99 46609
15 100 49009
15 101 47047
15 102 46830
15 103 48324
15 104 52164
15 105 50910
15 106 50282
15 107 51879
15 108 25288
15 109 27195
15 110 45721
15 111 42620
15 112 37360
15 113 29026
15 114 32419
15 115 37761
15 116 44831
15 117 33877
15 118 32676
15 119 40285
15 120 46306
15 121 36719
16 1 33053
16 2 40201
16 3 35936
16 4 36346
16 5 34751
16 6 37396
16 7 33270
16 8 13118
16 9 34669
16 10 31724
16 11 31751
16 12 11880
16 13 27639
16 14 25823
16 15 27679
16 17 -12479
16 18 54931
16 19 -10353
16 20 -255
16 21 -1141
16 22 -4136
16 23 -4005
16 24 -132
16 25 -6077
16 26 -5168
16 27 2382
16 28 1715
16 29 -2451
16 30 3267
16 31 1374
16 32 8079
16 33 3515
16 34 9596
16 35 7542
16 36 8934
16 37 21375
16 38 28629
16 39 31549
16 40 33988
16 41 24192
16 42 29223
16 43 34626
16 44 31352
16 45 38299
16 46 32528
16 47 35136
16 48 35221
16 49 34450
16 50 40135
16 51 30801
16 52 63173
16 53 66625
16 54 65743
16 55 67176
16 56 70332
16 57 66098
16 58 66311
16 59 51989
16 60 75761
16 61 63258
16 62 73327
16 63 70376
16 64 70821
16 65 59883
16 66 66494
16 67 75102
16 68 65930
16 69 80103
16 70 78729
16 71 77723
16 72 79814
16 73 73921
16 74 79872
16 75 69576
16 76 76430
16 77 67171
16 78 79474
16 79 77426
16 80 74319
16 81 65388
16 82 69336
16 83 55755
16 84 59778
16 85 62727
16 86 67518
16 87 67583
16 88 71223
16 89 63595
16 90 58702
16 91 62164
16 92 63781
16 93 63040
16 94 62137
16 95 67469
16 96 63410
16 97 55645
16 98 60288
16 99 65844
16 100 67024
16 101 67465
16 102 68389
16 103 66098
16 104 71369
16 105 72616
16 106 71299
16 107 71616
16 108 46719
16 109 43292
16 110 59862
16 111 68018
16 112 63544
16 113 56154
16 114 53824
16 115 53072
16 116 61094
16 117 60892
16 118 54918
16 119 68041
16 120 70997
16 121 61418
17 1 33301
17 2 40367
17 3 36031
17 4 36444
17 5 34751
17 6 37298
17 7 33168
17 8 12971
17 9 34669
17 10 31775
17 11 31856
17 12 11957
17 13 27760
17 14 26057
17 15 27894
17 16 -9853
17 18 53913
17 19 -9747
17 20 -1649
17 21 -2926
17 22 -2896
17 23 -4737
17 24 970
17 25 -5452
17 26 -6270
17 27 3191
17 28 1715
17 29 -3301
17 30 3948
17 31 1731
17 32 7722
17 33 4407
17 34 9878
17 35 7376
17 36 8934
17 37 19507
17 38 26742
17 39 29652
17 40 32048
17 41 22365
17 42 27373
17 43 32742
17 44 29595
17 45 36457
17 46 30813
17 47 33396
17 48 33441
17 49 32779
17 50 38471
17 51 29089
17 52 61191
17 53 64642
17 54 63769
17 55 65199
17 56 68353
17 57 64133
17 58 64341
17 59 50045
17 60 73803
17 61 61325
17 62 71392
17 63 68433
17 64 68888
17 65 57968
17 66 64588
17 67 73295
17 68 64022
17 69 78305
17 70 76922
17 71 75846
17 72 77914
17 73 72036
17 74 77978
17 75 67676
17 76 74530
17 77 65253
17 78 77550
17 79 75482
17 80 72369
17 81 64576
17 82 68408
17 83 54984
17 84 58884
17 85 61772
17 86 66541
17 87 66550
17 88 70240
17 89 62566
17 90 57654
17 91 61107
17 92 62729
17 93 61895
17 94 60963
17 95 66360
17 96 62244
17 97 54403
17 98 58798
17 99 64584
17 100 65717
17 101 66251
17 102 67221
17 103 64756
17 104 70086
17 105 71438
17 106 70090
17 107 70344
17 108 45718
17 109 42067
17 110 58448
17 111 67054
17 112 62650
17 113 55354
17 114 52764
17 115 51729
17 116 59726
17 117 60062
17 118 53911
17 119 67168
17 120 69928
17 121 60385
18 1 19807
18 2 25122
18 3 25704
18 4 27350
18 5 22572
18 6 24446
18 7 22947
18 8 20780
18 9 27672
18 10 24347
18 11 26632
18 12 23682
18 13 29510
18 14 27940
18 15 25672
18 16 45601
18 17 41957
18 19 46680
18 20 52883
18 21 48102
18 22 53318
18 23 50538
18 24 57300
18 25 50975
18 26 47437
18 27 59626
18 28 57506
18 29 47574
18 30 60341
18 31 57864
18 32 62472
18 33 60843
18 34 65774
18 35 62495
18 36 64252
18 37 46240
18 38 50981
18 39 52291
18 40 47431
18 41 49257
18 42 51907
18 43 52863
18 44 58910
18 45 58387
18 46 61108
18 47 62175
18 48 59285
18 49 63980
18 50 68092
18 51 55988
18 52 62100
18 53 64410
18 54 65591
18 55 65513
18 56 67277
18 57 67629
18 58 65525
18 59 56680
18 60 76041
18 61 67598
18 62 76858
18 63 72006
18 64 74134
18 65 66210
18 66 71354
18 67 38867
18 68 39546
18 69 42659
18 70 41431
18 71 46481
18 72 49918
18 73 44218
18 74 50034
18 75 39680
18 76 48246
18 77 40362
18 78 52447
18 79 53511
18 80 49971
18 81 10070
18 82 12307
18 83 4232
18 84 3786
18 85 5605
18 86 10192
18 87 10136
18 88 13847
18 89 6145
18 90 1358
18 91 4853
18 92 6399
18 93 6769
18 94 6783
18 95 10446
18 96 7456
18 97 2853
18 98 15021
18 99 11520
18 100 14142
18 101 11969
18 102 12008
18 103 13334
18 104 17051
18 105 16221
18 106 15382
18 107 16796
18 108 -760
18 109 1287
18 110 13572
18 111 10759
18 112 7245
18 113 3549
18 114 -1902
18 115 6006
18 116 10642
18 117 6365
18 118 252
18 119 11431
18 120 13604
18 121 3966
19 1 36038
19 2 43195
19 3 38935
19 4 39345
19 5 37750
19 6 40388
19 7 36262
19 8 16102
19 9 37668
19 10 34724
19 11 34750
19 12 14880
19 13 30638
19 14 28812
19 15 30670
19 16 -8853
19 17 -10873
19 18 57510
19 20 -1255
19 21 -1757
19 22 -6361
19 23 -6230
19 24 -2597
19 25 -8998
19 26 -7147
19 27 -397
19 28 -1257
19 29 -5043
19 30 409
19 31 -1609
19 32 5221
19 33 811
19 34 6605
19 35 4596
19 36 5943
19 37 20440
19 38 27761
19 39 30721
19 40 33360
19 41 23098
19 42 28201
19 43 33725
19 44 30041
19 45 37233
19 46 31100
19 47 33767
19 48 33959
19 49 32913
19 50 38569
19 51 29342
19 52 62830
19 53 66296
19 54 65327
19 55 66781
19 56 69956
19 57 65598
19 58 65848
19 59 51349
19 60 75204
19 61 62548
19 62 72635
19 63 69723
19 64 70111
19 65 59082
19 66 65645
19 67 76415
19 68 66873
19 69 81445
19 70 80043
19 71 78792
19 72 80788
19 73 74962
19 74 80868
19 75 70550
19 76 77406
19 77 68060
19 78 80332
19 79 78171
19 80 75030
19 81 68124
19 82 71990
19 83 58516
19 84 62457
19 85 65359
19 86 70133
19 87 70150
19 88 73832
19 89 66165
19 90 61255
19 91 64709
19 92 66331
19 93 65501
19 94 64567
19 95 69965
19 96 65849
19 97 58001
19 98 62305
19 99 68178
19 100 69301
19 101 69852
19 102 70825
19 103 68329
19 104 73676
19 105 75042
19 106 73691
19 107 73935
19 108 49313
19 109 45667
19 110 61995
19 111 70643
19 112 66223
19 113 58898
19 114 56366
19 115 55303
19 116 63291
19 117 63616
19 118 57507
19 119 70736
19 120 73531
19 121 63985
20 1 36581
20 2 43585
20 3 39201
20 4 39617
20 5 37839
20 6 40297
20 7 36167
20 8 15969
20 9 37766
20 10 34914
20 11 35042
20 12 15155
20 13 30970
20 14 29347
20 15 31166
20 16 -6853
20 17 -10873
20 18 55615
20 19 -9353
20 21 -5757
20 22 -2687
20 23 -7600
20 24 776
20 25 -6329
20 26 -9816
20 27 2115
20 28 -632
20 29 -6820
20 30 2495
20 31 -237
20 32 4739
20 33 3243
20 34 7643
20 35 4596
20 36 6300
20 37 16612
20 38 23907
20 39 26853
20 40 29431
20 41 19349
20 42 24417
20 43 29889
20 44 26423
20 45 33474
20 46 27566
20 47 30190
20 48 30312
20 49 29466
20 50 35148
20 51 25834
20 52 58849
20 53 62313
20 54 61357
20 55 62808
20 56 65980
20 57 61644
20 58 61887
20 59 47429
20 60 71263
20 61 58650
20 62 68732
20 63 65808
20 64 66213
20 65 55215
20 66 61797
20 67 72867
20 68 63111
20 69 77914
20 70 76493
20 71 75091
20 72 77037
20 73 71248
20 74 77129
20 75 66799
20 76 73659
20 77 64270
20 78 76528
20 79 74321
20 80 71167
20 81 66610
20 82 70245
20 83 57098
20 84 60793
20 85 63571
20 86 68299
20 87 68203
20 88 71979
20 89 64233
20 90 59292
20 91 62726
20 92 64354
20 93 63338
20 94 62349
20 95 67866
20 96 63645
20 97 55653
20 98 59447
20 99 65779
20 100 66810
20 101 67544
20 102 68607
20 103 65758
20 104 71224
20 105 72799
20 106 71387
20 107 71502
20 108 47466
20 109 43380
20 110 59299
20 111 68832
20 112 64555
20 113 57424
20 114 54390
20 115 52756
20 116 60679
20 117 62078
20 118 55636
20 119 69093
20 120 71495
20 121 62029
21 1 37186
21 2 44078
21 3 39630
21 4 40055
21 5 38137
21 6 40467
21 7 36345
21 8 16217
21 9 38093
21 10 35303
21 11 35511
21 12 15713
21 13 31502
21 14 30019
21 15 31789
21 16 -4237
21 17 -8648
21 18 54336
21 19 -6353
21 20 -2255
21 22 231
21 23 -5364
21 24 3600
21 25 -3616
21 26 -9372
21 27 4557
21 28 1145
21 29 -7544
21 30 4671
21 31 1643
21 32 5621
21 33 5515
21 34 9161
21 35 5672
21 36 7428
21 37 13771
21 38 21040
21 39 23972
21 40 26493
21 41 16577
21 42 21610
21 43 27033
21 44 23767
21 45 30684
21 46 24983
21 47 27566
21 48 27621
21 49 26958
21 50 32652
21 51 23259
21 52 55865
21 53 59327
21 54 58382
21 55 59830
21 56 63000
21 57 58682
21 58 58919
21 59 44495
21 60 68312
21 61 55733
21 62 65811
21 63 62878
21 64 63297
21 65 52324
21 66 58921
21 67 70233
21 68 60306
21 69 75294
21 70 73857
21 71 72335
21 72 74240
21 73 68482
21 74 74341
21 75 64002
21 76 70865
21 77 61442
21 78 73688
21 79 71444
21 80 68278
21 81 65604
21 82 69056
21 83 56187
21 84 59683
21 85 62359
21 86 67046
21 87 66862
21 88 70705
21 89 62911
21 90 57951
21 91 61365
21 92 62994
21 93 61833
21 94 60803
21 95 66404
21 96 62105
21 97 54006
21 98 57386
21 99 64079
21 100 65039
21 101 65915
21 102 67048
21 103 63918
21 104 69479
21 105 71217
21 106 69757
21 107 69768
21 108 46240
21 109 41806
21 110 57374
21 111 67596
21 112 63437
21 113 56468
21 114 53049
21 115 50957
21 116 58814
21 117 61067
21 118 54381
21 119 67976
21 120 70065
21 121 60671
22 1 37831
22 2 45107
22 3 40967
22 4 41377
22 5 39909
22 6 42676
22 7 38562
22 8 18510
22 9 39842
22 10 36826
22 11 36784
22 12 17025
22 13 32677
22 14 30691
22 15 32558
22 16 -6022
22 17 -7408
22 18 60762
22 19 -9747
22 20 2025
22 21 1441
22 23 -3836
22 24 -5840
22 25 -9924
22 26 -4916
22 27 -3105
22 28 -1683
22 29 -4715
22 30 -2135
22 31 -3346
22 32 5162
22 33 -2205
22 34 4780
22 35 3978
22 36 4747
22 37 22872
22 38 30240
22 39 33228
22 40 36009
22 41 25366
22 42 30527
22 43 36143
22 44 32083
22 45 39491
22 46 33005
22 47 35730
22 48 36024
22 49 34683
22 50 40282
22 51 31171
22 52 65662
22 53 69134
22 54 68102
22 55 69568
22 56 72753
22 57 68309
22 58 68582
22 59 53949
22 60 77860
22 61 65081
22 62 75181
22 63 72298
22 64 72639
22 65 61536
22 66 68044
22 67 79996
22 68 70371
22 69 85029
22 70 83624
22 71 82323
22 72 84294
22 73 78487
22 74 84380
22 75 74056
22 76 80913
22 77 71540
22 78 83802
22 79 81601
22 80 78447
22 81 71187
22 82 75161
22 83 61542
22 84 65599
22 85 68556
22 86 73348
22 87 73414
22 88 77053
22 89 69425
22 90 64532
22 91 67993
22 92 69610
22 93 68853
22 94 67942
22 95 73291
22 96 69217
22 97 61422
22 98 65863
22 99 71613
22 100 72765
22 101 73255
22 102 74195
22 103 71815
22 104 77125
22 105 78420
22 106 77091
22 107 77379
22 108 52550
22 109 49076
22 110 65519
22 111 73847
22 112 69365
22 113 61951
22 114 59652
22 115 58788
22 116 66791
22 117 66698
22 118 60749
22 119 73856
22 120 76825
22 121 67248
23 1 38393
23 2 45446
23 3 41094
23 4 41508
23 5 39782
23 6 42286
23 7 38155
23 8 17952
23 9 39702
23 10 36826
23 11 36924
23 12 17025
23 13 32834
23 14 31150
23 15 32984
23 16 -6022
23 17 -9380
23 18 57851
23 19 -9747
23 20 -3019
23 21 -4285
23 22 -3967
23 24 -757
23 25 -8037
23 26 -10742
23 27 106
23 28 -2868
23 29 -8270
23 30 350
23 31 -2460
23 32 2677
23 33 1145
23 34 5409
23 35 2447
23 36 4118
23 37 17024
23 38 24370
23 39 27345
23 40 30070
23 41 19616
23 42 24743
23 43 30308
23 44 26493
23 45 33752
23 46 27525
23 47 30203
23 48 30418
23 49 29320
23 50 34972
23 51 25758
23 52 59676
23 53 63147
23 54 62128
23 55 63592
23 56 66775
23 57 62353
23 58 62619
23 59 48033
23 60 71923
23 61 59195
23 62 69289
23 63 66394
23 64 66756
23 65 55689
23 66 62227
23 67 74701
23 68 64760
23 69 79760
23 70 78325
23 71 76801
23 72 78696
23 73 72947
23 74 78800
23 75 68458
23 76 75323
23 77 65885
23 78 78124
23 79 75855
23 80 72678
23 81 68835
23 82 72480
23 83 59316
23 84 63025
23 85 65806
23 86 70535
23 87 70439
23 88 74215
23 89 66469
23 90 61528
23 91 64961
23 92 66589
23 93 65567
23 94 64575
23 95 70098
23 96 65871
23 97 57868
23 98 61579
23 99 67988
23 100 69009
23 101 69762
23 102 70832
23 103 67945
23 104 73427
23 105 75023
23 106 73606
23 107 73707
23 108 49702
23 109 45602
23 110 61467
23 111 71068
23 112 66787
23 113 59645
23 114 56626
23 115 54949
23 116 62861
23 117 64304
23 118 57872
23 119 71325
23 120 73729
23 121 64265
24 1 38830
24 2 46107
24 3 41966
24 4 42377
24 5 40905
24 6 43667
24 7 39553
24 8 19493
24 9 40837
24 10 37824
24 11 37783
24 12 18020
24 13 33675
24 14 31691
24 15 33558
24 16 -5145
24 17 -6669
24 18 61617
24 19 -9110
24 20 2361
24 21 1683
24 22 -8967
24 23 -3753
24 25 -10160
24 26 -4978
24 27 -4105
24 28 -2340
24 29 -5407
24 30 -3135
24 31 -4286
24 32 4487
24 33 -3160
24 34 3806
24 35 3186
24 36 3842
24 37 22678
24 38 30060
24 39 33056
24 40 35885
24 41 25112
24 42 30289
24 43 35933
24 44 31756
24 45 39225
24 46 32636
24 47 35377
24 48 35698
24 49 34274
24 50 39852
24 51 30771
24 52 65604
24 53 69078
24 54 68019
24 55 69489
24 56 72678
24 57 68199
24 58 68480
24 59 53795
24 60 77726
24 61 64901
24 62 75005
24 63 72132
24 64 72456
24 65 61327
24 66 67812
24 67 80457
24 68 70718
24 69 85498
24 70 84084
24 71 82707
24 72 84647
24 73 78863
24 74 84741
24 75 74409
24 76 81269
24 77 71868
24 78 84120
24 79 81884
24 80 78718
24 81 72093
24 82 76041
24 83 62455
24 84 66486
24 85 69428
24 86 74215
24 87 74266
24 88 77919
24 89 70278
24 90 65379
24 91 68838
24 92 70457
24 93 69672
24 94 68751
24 95 74121
24 96 70029
24 97 62209
24 98 66545
24 99 72392
24 100 73527
24 101 74051
24 102 75007
24 103 72563
24 104 77896
24 105 79228
24 106 77889
24 107 78154
24 108 53409
24 109 49868
24 110 66237
24 111 74718
24 112 70252
24 113 62858
24 114 60496
24 115 59536
24 116 67529
24 117 67599
24 118 61607
24 119 74750
24 120 77667
24 121 68100
25 1 38941
25 2 46144
25 3 41924
25 4 42334
25 5 40781
25 6 43456
25 7 39332
25 8 19194
25 9 40701
25 10 37735
25 11 37738
25 12 17896
25 13 33624
25 14 31741
25 15 33604
25 16 -5770
25 17 -7771
25 18 60612
25 19 -10191
25 20 576
25 21 -213
25 22 -7731
25 23 -5713
25 24 -4840
25 26 -6978
25 27 -3499
25 28 -3734
25 29 -6820
25 30 -2750
25 31 -4671
25 32 3080
25 33 -2274
25 34 3560
25 35 2084
25 36 3144
25 37 20713
25 38 28090
25 39 31083
25 40 33899
25 41 23175
25 42 28344
25 43 33975
25 44 29863
25 45 37295
25 46 30776
25 47 33504
25 48 33805
25 49 32449
25 50 38046
25 51 28937
25 52 63607
25 53 67080
25 54 66025
25 55 67495
25 56 70683
25 57 66210
25 58 66489
25 59 51817
25 60 75743
25 61 62932
25 62 73035
25 63 70159
25 64 70488
25 65 59370
25 66 65865
25 67 78691
25 68 68849
25 69 83741
25 70 82317
25 71 80867
25 72 82783
25 73 77018
25 74 82882
25 75 72545
25 76 79407
25 77 69985
25 78 82229
25 79 79971
25 80 76797
25 81 71274
25 82 75116
25 83 61671
25 84 65592
25 85 68479
25 86 73246
25 87 73245
25 88 76943
25 89 69262
25 90 64346
25 91 67796
25 92 69420
25 93 68550
25 94 67602
25 95 73030
25 96 68888
25 97 60999
25 98 65103
25 99 71162
25 100 72255
25 101 72864
25 102 73862
25 103 71255
25 104 76644
25 105 78073
25 106 76705
25 107 76910
25 108 52421
25 109 48680
25 110 64868
25 111 73760
25 112 69358
25 113 62049
25 114 59453
25 115 58235
25 116 66200
25 117 66763
25 118 60612
25 119 73875
25 120 76611
25 121 67079
26 1 39711
26 2 46696
26 3 42298
26 4 42715
26 5 40905
26 6 43329
26 7 39199
26 8 19013
26 9 40837
26 10 38001
26 11 38145
26 12 18268
26 13 34083
26 14 32483
26 15 34296
26 16 -4043
26 17 -7771
26 18 57892
26 19 -7522
26 20 -2093
26 21 -5151
26 22 -1905
26 23 -7600
26 24 1160
26 25 -6160
26 27 1439
26 28 -2340
26 29 -9981
26 30 1299
26 31 -1861
26 32 2062
26 33 2177
26 34 5560
26 35 2084
26 36 3842
26 37 14845
26 38 22201
26 39 25183
26 40 27947
26 41 17407
26 42 22543
26 43 28125
26 44 24261
26 45 31542
26 46 25289
26 47 27968
26 48 28189
26 49 27085
26 50 32739
26 51 23522
26 52 57616
26 53 61089
26 54 60046
26 55 61513
26 56 64699
26 57 60247
26 58 60520
26 59 45892
26 60 69799
26 61 57037
26 62 67134
26 63 64246
26 64 64596
26 65 53513
26 66 60040
26 67 73457
26 68 63285
26 69 78532
26 70 77076
26 71 75394
26 72 77227
26 73 71526
26 74 77346
26 75 66989
26 76 73863
26 77 64371
26 78 76589
26 79 74258
26 80 71058
26 81 69089
26 82 72594
26 83 59638
26 84 63198
26 85 65901
26 86 70598
26 87 70432
26 88 74262
26 89 66477
26 90 61520
26 91 64938
26 92 66567
26 93 65427
26 94 64400
26 95 69993
26 96 65703
26 97 57610
26 98 60952
26 99 67685
26 100 68644
26 101 69519
26 102 70648
26 103 67518
26 104 73084
26 105 74818
26 106 73361
26 107 73374
26 108 49783
26 109 45406
26 110 60966
26 111 71144
26 112 66955
26 113 59934
26 114 56617
26 115 54560
26 116 62412
26 117 64552
26 118 57931
26 119 71495
26 120 73651
26 121 64245
27 1 41828
27 2 49107
27 3 44963
27 4 45374
27 5 43896
27 6 46645
27 7 42529
27 8 22449
27 9 43826
27 10 40818
27 11 40781
27 12 21008
27 13 36672
27 14 34691
27 15 36558
27 16 -2366
27 17 -4183
27 18 64208
27 19 -6645
27 20 3965
27 21 2905
27 22 -5967
27 23 -2625
27 24 -3840
27 25 -8554
27 26 -4434
27 28 -3340
27 29 -7264
27 30 -6135
27 31 -6843
27 32 3002
27 33 -5879
27 34 945
27 35 1207
27 36 1301
27 37 22249
27 38 29662
27 39 32676
27 40 35626
27 41 24489
27 42 29708
27 43 35420
27 44 30908
27 45 38540
27 46 31655
27 47 34439
27 48 34837
27 49 33167
27 50 38667
27 51 29673
27 52 65506
27 53 68984
27 54 67847
27 55 69325
27 56 72521
27 57 67947
27 58 68245
27 59 53413
27 60 77393
27 61 64432
27 62 74548
27 63 71701
27 64 71974
27 65 60772
27 66 67181
27 67 81890
27 68 71823
27 69 86954
27 70 85513
27 71 83914
27 72 85764
27 73 80051
27 74 85880
27 75 75526
27 76 82398
27 77 72914
27 78 85133
27 79 82797
27 80 79592
27 81 74825
27 82 78698
27 83 65209
27 84 69165
27 85 72065
27 86 76836
27 87 76843
27 88 80535
27 89 72860
27 90 67946
27 91 71397
27 92 73020
27 93 72155
27 94 71207
27 95 76634
27 96 72494
27 97 64601
27 98 68635
27 99 74761
27 100 75846
27 101 76467
27 102 77467
27 103 74838
27 104 80239
27 105 81678
27 106 80309
27 107 80507
27 108 56014
27 109 52283
27 110 68433
27 111 77348
27 112 72931
27 113 65596
27 114 63054
27 115 61820
27 116 69777
27 117 70319
27 118 64206
27 119 77443
27 120 80214
27 121 70678
28 1 42108
28 2 49247
28 3 44963
28 4 45374
28 5 43739
28 6 46326
28 7 42197
28 8 22008
28 9 43656
28 10 40734
28 11 40781
28 12 20894
28 13 36672
28 14 34877
28 15 36732
28 16 -2798
28 17 -5424
28 18 62323
28 19 -7270
28 20 1453
28 21 -272
28 22 -4310
28 23 -5364
28 24 -1840
28 25 -8554
28 26 -7978
28 27 -3105
28 29 -10372
28 30 -3663
28 31 -6843
28 32 -495
28 33 -2777
28 34 945
28 35 -1462
28 36 -102
28 37 18273
28 38 25683
28 39 28695
28 40 31634
28 41 20555
28 42 25765
28 43 31464
28 44 27047
28 45 34628
28 46 27851
28 47 30616
28 48 30984
28 49 29426
28 50 34972
28 51 25932
28 52 61507
28 53 64985
28 54 63850
28 55 65328
28 56 68524
28 57 63956
28 58 64253
28 59 49438
28 60 73411
28 61 60472
28 62 70586
28 63 67735
28 64 68017
28 65 56830
28 66 63261
28 67 78425
28 68 68144
28 69 83505
28 70 82043
28 71 80293
28 72 82087
28 73 76419
28 74 82218
28 75 71849
28 76 78732
28 77 69200
28 78 81401
28 79 79016
28 80 75793
28 81 73287
28 82 76949
28 83 63754
28 84 67489
28 85 70277
28 86 75006
28 87 74910
28 88 78687
28 89 70941
28 90 65999
28 91 69431
28 92 71060
28 93 70026
28 94 69028
28 95 74562
28 96 70326
28 97 62303
28 98 65863
28 99 72412
28 100 73413
28 101 74202
28 102 75284
28 103 72327
28 104 77839
28 105 79471
28 106 78045
28 107 78123
28 108 54173
28 109 50050
28 110 65816
28 111 75539
28 112 71252
28 113 64091
28 114 61097
28 115 59344
28 116 67233
28 117 68758
28 118 62344
28 119 75789
28 120 78196
28 121 68736
29 1 51284
29 2 58205
29 3 53765
29 4 54190
29 5 52279
29 6 54596
29 7 50476
29 8 30359
29 9 52235
29 10 49443
29 11 49640
29 12 29812
29 13 45614
29 14 44084
29 15 45875
29 16 7382
29 17 3906
29 18 66737
29 19 3290
29 20 9611
29 21 5385
29 22 7004
29 23 3580
29 24 9439
29 25 2706
29 26 -1273
29 27 7317
29 28 3974
29 30 5281
29 31 1991
29 32 5162
29 33 5381
29 34 6000
29 35 3978
29 36 3442
29 37 10345
29 38 17742
29 39 20747
29 40 23851
29 41 11899
29 42 17158
29 43 22937
29 44 17720
29 45 25584
29 46 18146
29 47 20994
29 48 21506
29 49 19389
29 50 24708
29 51 15832
29 52 53876
29 53 57337
29 54 55978
29 55 57448
29 56 60638
29 57 55854
29 58 56158
29 59 40982
29 60 65017
29 61 51737
29 62 61869
29 63 59061
29 64 59224
29 65 47874
29 66 54062
29 67 76317
29 68 64760
29 69 81461
29 70 79862
29 71 77228
29 72 78626
29 73 73318
29 74 78871
29 75 68388
29 76 75398
29 77 65514
29 78 77550
29 79 74806
29 80 71390
29 81 78496
29 82 81562
29 83 69293
29 84 72405
29 85 74851
29 86 79428
29 87 79031
29 88 83016
29 89 75151
29 90 70170
29 91 73526
29 92 75140
29 93 73594
29 94 72463
29 95 78254
29 96 73765
29 97 65387
29 98 67207
29 99 75222
29 100 75951
29 101 77275
29 102 78611
29 103 74541
29 104 80436
29 105 82688
29 106 81082
29 107 80746
29 108 58800
29 109 53532
29 110 67802
29 111 80011
29 112 76130
29 113 69495
29 114 65306
29 115 61879
29 116 69404
29 117 73979
29 118 66845
29 119 80615
29 120 81927
29 121 72763
30 1 43827
30 2 51107
30 3 46962
30 4 47372
30 5 45890
30 6 48631
30 7 44514
30 8 24423
30 9 45819
30 10 42814
30 11 42779
30 12 23001
30 13 38669
30 14 36691
30 15 38558
30 16 -451
30 17 -2396
30 18 65953
30 19 -4809
30 20 5375
30 21 4049
30 22 -3967
30 23 -1351
30 24 -1840
30 25 -6775
30 26 -3544
30 27 -5105
30 28 -2868
30 29 -8270
30 31 -7671
30 32 2677
30 33 -7249
30 34 -834
30 35 475
30 36 -102
30 37 22092
30 38 29516
30 39 32536
30 40 35550
30 41 24192
30 42 29432
30 43 35177
30 44 30458
30 45 38179
30 46 31113
30 47 33921
30 48 34362
30 49 32534
30 50 37969
30 51 29029
30 52 65506
30 53 68984
30 54 67795
30 55 69276
30 56 72475
30 57 67843
30 58 68149
30 59 53225
30 60 77229
30 61 64181
30 62 74302
30 63 71470
30 64 71711
30 65 60464
30 66 66815
30 67 82887
30 68 72610
30 69 87964
30 70 86505
30 71 84765
30 72 86554
30 73 80890
30 74 86686
30 75 76316
30 76 83200
30 77 73660
30 78 85857
30 79 83456
30 80 80224
30 81 76657
30 82 80482
30 83 67056
30 84 70965
30 85 73838
30 86 78599
30 87 78578
30 88 82294
30 89 74598
30 90 69675
30 91 73122
30 92 74747
30 93 73832
30 94 72867
30 95 78329
30 96 74158
30 97 66220
30 98 70063
30 99 76364
30 100 77418
30 101 78100
30 102 79127
30 103 76380
30 104 81824
30 105 83331
30 106 81943
30 107 82098
30 108 57770
30 109 53922
30 110 69929
30 111 79116
30 112 74730
30 113 67433
30 114 64780
30 115 63373
30 116 71305
30 117 72145
30 118 65957
30 119 79250
30 120 81927
30 121 72411
31 1 43928
31 2 51141
31 3 46924
31 4 47334
31 5 45777
31 6 48440
31 7 44315
31 8 24162
31 9 45697
31 10 42734
31 11 42738
31 12 22894
31 13 38624
31 14 36735
31 15 38600
31 16 -808
31 17 -3077
31 18 65012
31 19 -5291
31 20 4179
31 21 2557
31 22 -3642
31 23 -2625
31 24 -1455
31 25 -7160
31 26 -5168
31 27 -4277
31 28 -4512
31 29 -10024
31 30 -6135
31 32 677
31 33 -5362
31 34 -1440
31 35 -1462
31 36 -1496
31 37 20095
31 38 27518
31 39 30539
31 40 33550
31 41 22209
31 42 27446
31 43 33188
31 44 28501
31 45 36206
31 46 29179
31 47 31981
31 48 32411
31 49 30627
31 50 36086
31 51 27127
31 52 63507
31 53 66984
31 54 65796
31 55 67276
31 56 70475
31 57 65845
31 58 66151
31 59 51232
31 60 75234
31 61 62194
31 62 72315
31 63 69481
31 64 69726
31 65 58484
31 66 64846
31 67 81168
31 68 70785
31 69 86253
31 70 84783
31 71 82967
31 72 84728
31 73 79088
31 74 84868
31 75 74490
31 76 81380
31 77 71816
31 78 84003
31 79 81578
31 80 78336
31 81 75884
31 82 79607
31 83 66323
31 84 70125
31 85 72943
31 86 77684
31 87 77613
31 88 81370
31 89 73640
31 90 68704
31 91 72141
31 92 73769
31 93 72772
31 94 71783
31 95 77296
31 96 73079
31 97 65079
31 98 68689
31 99 75197
31 100 76210
31 101 76973
31 102 78041
31 103 75134
31 104 80632
31 105 82233
31 106 80817
31 107 80913
31 108 56850
31 109 52812
31 110 68632
31 111 78212
31 112 73889
31 113 66676
31 114 63803
31 115 62145
31 116 70043
31 117 71360
31 118 65027
31 119 78421
31 120 80921
31 121 71442
32 1 44333
32 2 51411
32 3 47075
32 4 47488
32 5 45777
32 6 48286
32 7 44155
32 8 23952
32 9 45697
32 10 42814
32 11 42901
32 12 23001
32 13 38805
32 14 37089
32 15 38932
32 16 -451
32 17 -3434
32 18 63272
32 19 -4809
32 20 2807
32 21 187
32 22 -1482
32 23 -3836
32 24 970
32 25 -5757
32 26 -7593
32 27 -780
32 28 -4512
32 29 -13201
32 30 -2135
32 31 -5671
32 33 -1423
32 34 560
32 35 -3210
32 36 -1496
32 37 16101
32 38 23524
32 39 26544
32 40 29551
32 41 18247
32 42 23478
32 43 29213
32 44 24602
32 45 32268
32 46 25333
32 47 28120
32 48 28526
32 49 26844
32 50 32353
32 51 23351
32 52 59507
32 53 62985
32 54 61796
32 55 63277
32 56 66475
32 57 61848
32 58 62153
32 59 47246
32 60 71245
32 61 58223
32 62 68342
32 63 65505
32 64 65758
32 65 54529
32 66 60911
32 67 77766
32 68 67159
32 69 82866
32 70 81372
32 71 79399
32 72 81099
32 73 75511
32 74 81255
32 75 70861
32 76 77765
32 77 68150
32 78 80315
32 79 77839
32 80 74574
32 81 74469
32 82 77978
32 83 65007
32 84 68583
32 85 71285
32 86 75979
32 87 75804
32 88 79641
32 89 71852
32 90 66893
32 91 70309
32 92 71937
32 93 70770
32 94 69734
32 95 75346
32 96 71037
32 97 62914
32 98 66033
32 99 72967
32 100 73896
32 101 74826
32 102 75976
32 103 72734
32 104 78345
32 105 80139
32 106 78666
32 107 78639
32 108 55166
32 109 50736
32 110 66141
32 111 76527
32 112 72340
32 113 65309
32 114 61991
32 115 59804
32 116 67618
32 117 69932
32 118 63313
32 119 76880
32 120 79009
32 121 69615
33 1 44793
33 2 52140
33 3 48072
33 4 48485
33 5 47071
33 6 49886
33 7 45779
33 8 25764
33 9 47015
33 10 43969
33 11 43898
33 12 24208
33 13 39801
33 14 37734
33 15 39599
33 16 1147
33 17 -587
33 18 67805
33 19 -3057
33 20 7473
33 21 6243
33 22 -2687
33 23 794
33 24 -515
33 25 -4949
33 26 -1316
33 27 -3499
33 28 -632
33 29 -6820
33 30 -5899
33 31 -5548
33 32 4739
33 34 32
33 35 2376
33 36 1223
33 37 24051
33 38 31479
33 39 34501
33 40 37540
33 41 26071
33 42 31319
33 43 37080
33 44 32239
33 45 40008
33 46 32827
33 47 35651
33 48 36118
33 49 34180
33 50 39555
33 51 30654
33 52 67525
33 53 71002
33 54 69789
33 55 71270
33 56 74469
33 57 69810
33 58 70119
33 59 55146
33 60 79161
33 61 66064
33 62 76189
33 63 73363
33 64 73586
33 65 62312
33 66 68624
33 67 85118
33 68 74844
33 69 90194
33 70 88737
33 71 87001
33 72 88788
33 73 83126
33 74 88921
33 75 78550
33 76 85434
33 77 75891
33 78 88085
33 79 85678
33 80 82441
33 81 78381
33 82 82281
33 83 68754
33 84 72741
33 85 75653
33 86 80428
33 87 80442
33 88 84128
33 89 76458
33 90 71546
33 91 74998
33 92 76621
33 93 75761
33 94 74813
33 95 80239
33 96 76099
33 97 68202
33 98 72174
33 99 78360
33 100 79439
33 101 80071
33 102 81073
33 103 78422
33 104 83835
33 105 85283
33 106 83912
33 107 84104
33 108 59608
33 109 55887
33 110 72001
33 111 80938
33 112 76507
33 113 69149
33 114 66655
33 115 65407
33 116 73357
33 117 73880
33 118 67802
33 119 81015
33 120 83817
33 121 74277
34 1 46922
34 2 54139
34 3 49924
34 4 50334
34 5 48775
34 6 51431
34 7 47306
34 8 27147
34 9 48694
34 10 45733
34 11 45738
34 12 25892
34 13 41624
34 14 39733
34 15 41597
34 16 2183
34 17 -161
34 18 67691
34 19 -2308
34 20 6828
34 21 4844
34 22 -747
34 23 13
34 24 1406
34 25 -4160
34 26 -2978
34 27 -1720
34 28 -1955
34 29 -11246
34 30 -4529
34 31 -6671
34 32 1677
34 33 -5013
34 35 -1018
34 36 -3102
34 37 20053
34 38 27480
34 39 30502
34 40 33580
34 41 21934
34 42 27191
34 43 32966
34 44 27982
34 45 35795
34 46 28507
34 47 31342
34 48 31830
34 49 29809
34 50 35148
34 51 26266
34 52 63607
34 53 67080
34 54 65815
34 55 67295
34 56 70493
34 57 65785
34 58 66095
34 59 51044
34 60 75071
34 61 61903
34 62 72032
34 63 69214
34 64 69413
34 65 58107
34 66 64370
34 67 82752
34 68 72068
34 69 87854
34 70 86356
34 71 84335
34 72 86005
34 73 80443
34 74 86170
34 75 75767
34 76 82680
34 77 73033
34 78 85183
34 79 82665
34 80 79378
34 81 78672
34 82 82328
34 83 69136
34 84 72873
34 85 75653
34 86 80379
34 87 80270
34 88 84057
34 89 76303
34 90 71358
34 91 74787
34 92 76416
34 93 75349
34 94 74339
34 95 79896
34 96 75639
34 97 67581
34 98 70918
34 99 77669
34 100 78639
34 101 79486
34 102 80592
34 103 77518
34 104 83077
34 105 84771
34 106 83329
34 107 83365
34 108 59547
34 109 55352
34 110 70962
34 111 80914
34 112 76635
34 113 69475
34 114 66455
34 115 64558
34 116 72412
34 117 74143
34 118 67715
34 119 81172
34 120 83539
34 121 74093
35 1 45200
35 2 52315
35 3 48007
35 4 48419
35 5 46748
35 6 49295
35 7 45165
35 8 24965
35 9 46666
35 10 43763
35 11 43828
35 12 23933
35 13 39724
35 14 37962
35 15 39812
35 16 313
35 17 -2479
35 18 64596
35 19 -4133
35 20 3965
35 21 1539
35 22 -1365
35 23 -2765
35 24 970
35 25 -5452
35 26 -6270
35 27 -1274
35 28 -4178
35 29 -13084
35 30 -3036
35 31 -6509
35 32 -1909
35 33 -2485
35 34 -834
35 36 -2866
35 37 17054
35 38 24481
35 39 27503
35 40 30540
35 41 19109
35 42 24352
35 43 30104
35 44 25359
35 45 33083
35 46 26022
35 47 28827
35 48 29264
35 49 27465
35 50 32925
35 51 23965
35 52 60528
35 53 64005
35 54 62789
35 55 64270
35 56 67469
35 57 62813
35 58 63121
35 59 48163
35 60 72173
35 61 59101
35 62 69224
35 63 66394
35 64 66629
35 65 55373
35 66 61718
35 67 79147
35 68 68494
35 69 84249
35 70 82751
35 71 80748
35 72 82433
35 73 76858
35 74 82593
35 75 72195
35 76 79103
35 77 69472
35 78 81630
35 79 79135
35 80 75861
35 81 75746
35 82 79288
35 83 66267
35 84 69879
35 85 72599
35 86 77300
35 87 77139
35 88 80966
35 89 73184
35 90 68228
35 91 71646
35 92 73275
35 93 72128
35 94 71097
35 95 76698
35 96 72400
35 97 64289
35 98 67442
35 99 74349
35 100 75285
35 101 76200
35 102 77342
35 103 74130
35 104 79732
35 105 81508
35 106 80041
35 107 80026
35 108 56481
35 109 52100
35 110 67543
35 111 77845
35 112 73637
35 113 66577
35 114 63325
35 115 61195
35 116 69015
35 117 71210
35 118 64633
35 119 78178
35 120 80358
35 121 70953
36 1 47083
36 2 54236
36 3 49960
36 4 50370
36 5 48739
36 6 51322
36 7 47193
36 8 27001
36 9 48656
36 10 45733
36 11 45776
36 12 25892
36 13 41667
36 14 39857
36 15 41715
36 16 2183
36 17 -443
36 18 66831
36 19 -2308
36 20 6147
36 21 3773
36 22 -118
36 23 -616
36 24 2104
36 25 -3914
36 26 -4034
36 27 -702
36 28 -2340
36 29 -13142
36 30 -3135
36 31 -6065
36 32 283
36 33 -3160
36 34 -2440
36 35 -2388
36 37 18054
36 38 25481
36 39 28503
36 40 31582
36 41 19937
36 42 25193
36 43 30967
36 44 26001
36 45 33807
36 46 26544
36 47 29375
36 48 29857
36 49 27869
36 50 33232
36 51 24336
36 52 61610
36 53 65083
36 54 63816
36 55 65296
36 56 68493
36 57 63785
36 58 64095
36 59 49046
36 60 73073
36 61 59910
36 62 70037
36 63 67219
36 64 67421
36 65 56119
36 66 62390
36 67 81075
36 68 70279
36 69 86183
36 70 84673
36 71 82573
36 72 84212
36 73 78678
36 74 84385
36 75 73974
36 76 80895
36 77 71222
36 78 83360
36 79 80816
36 80 77517
36 81 77967
36 82 81521
36 83 68479
36 84 72107
36 85 74832
36 86 79534
36 87 79375
36 88 83201
36 89 75419
36 90 70463
36 91 73882
36 92 75511
36 93 74363
36 94 73330
36 95 78933
36 96 74633
36 97 66517
36 98 69614
36 99 76572
36 100 77501
36 101 78428
36 102 79574
36 103 76338
36 104 81951
36 105 83739
36 106 82269
36 107 82245
36 108 58715
36 109 54333
36 110 69740
36 111 80079
36 112 75866
36 113 68794
36 114 65561
36 115 63409
36 116 71220
36 117 73432
36 118 66867
36 119 80406
36 120 82593
36 121 73189
37 1 57738
37 2 63975
37 3 59658
37 4 60234
37 5 57400
37 6 59055
37 7 55212
37 8 37177
37 9 57950
37 10 55406
37 11 56164
37 12 38282
37 13 53036
37 14 52131
37 15 53359
37 16 25483
37 17 20989
37 18 59678
37 19 23048
37 20 27318
37 21 20975
37 22 28866
37 23 23149
37 24 31799
37 25 24514
37 26 17828
37 27 31105
37 28 26894
37 29 4620
37 30 29918
37 31 26385
37 32 28739
37 33 30527
37 34 31574
37 35 28391
37 36 28913
37 38 -8533
37 39 -5510
37 40 -2424
37 41 -12513
37 42 -8027
37 43 -2675
37 44 -3271
37 45 1060
37 46 -1087
37 47 263
37 48 -1106
37 49 1780
37 50 6356
37 51 -4496
37 52 27615
37 53 31085
37 54 29801
37 55 31281
37 56 34479
37 57 29798
37 58 30106
37 59 15204
37 60 39187
37 61 26263
37 62 36370
37 63 33508
37 64 33817
37 65 22707
37 66 29246
37 67 54639
37 68 41513
37 69 59796
37 70 57938
37 71 54184
37 72 55015
37 73 50324
37 74 55450
37 75 44777
37 76 52112
37 77 41742
37 78 53512
37 79 50419
37 80 46720
37 81 72270
37 82 73754
37 83 64631
37 84 65975
37 85 67423
37 86 71429
37 87 70326
37 88 74536
37 89 66941
37 90 62146
37 91 65204
37 92 66589
37 93 63893
37 94 62607
37 95 68518
37 96 63728
37 97 54929
37 98 52819
37 99 63571
37 100 63786
37 101 66120
37 102 67935
37 103 61387
37 104 68074
37 105 71576
37 106 69590
37 107 68295
37 108 52789
37 109 45152
37 110 55059
37 111 72061
37 112 69421
37 113 64470
37 114 57815
37 115 50567
37 116 56595
37 117 68277
37 118 60132
37 119 73021
37 120 71501
37 121 63428
38 1 59425
38 2 65605
38 3 61348
38 4 61945
38 5 59026
38 6 60637
38 7 56837
38 8 39103
38 9 59664
38 10 57129
38 11 57941
38 12 40332
38 13 54932
38 14 54061
38 15 55219
38 16 28309
38 17 23796
38 18 59991
38 19 25941
38 20 30185
38 21 23816
38 22 31806
38 23 26067
38 24 34753
38 25 27463
38 26 20756
38 27 34090
38 28 29876
38 29 7589
38 30 32914
38 31 29380
38 32 31734
38 33 33527
38 34 34573
38 35 31390
38 36 31912
38 37 -12961
38 39 -8510
38 40 -5415
38 41 -12957
38 42 -10252
38 43 -5533
38 44 -3029
38 45 -1470
38 46 -903
38 47 -281
38 48 -2792
38 49 1928
38 50 5581
38 51 -5989
38 52 24625
38 53 28093
38 54 26803
38 55 28282
38 56 31480
38 57 26799
38 58 27107
38 59 12224
38 60 36198
38 61 23309
38 62 33412
38 63 30541
38 64 30866
38 65 19790
38 66 26357
38 67 52728
38 68 39350
38 69 57876
38 70 55966
38 71 52026
38 72 52741
38 73 48190
38 74 53219
38 75 42503
38 76 49925
38 77 39453
38 78 51160
38 79 48003
38 80 44233
38 81 72565
38 82 73852
38 83 65173
38 84 66299
38 85 67616
38 86 71533
38 87 70347
38 88 74556
38 89 67052
38 90 62307
38 91 65317
38 92 66655
38 93 63825
38 94 62537
38 95 68411
38 96 63615
38 97 54806
38 98 52166
38 99 63232
38 100 63391
38 101 65835
38 102 67700
38 103 60828
38 104 67616
38 105 71266
38 106 69233
38 107 67809
38 108 53274
38 109 45406
38 110 54661
38 111 72164
38 112 69694
38 113 64970
38 114 58084
38 115 50380
38 116 56133
38 117 68680
38 118 60498
38 119 73114
38 120 71225
38 121 63330
39 1 60595
39 2 66739
39 3 62524
39 4 63135
39 5 60163
39 6 61746
39 7 57975
39 8 40441
39 9 60859
39 10 58329
39 11 59175
39 12 41746
39 13 56244
39 14 55393
39 15 56505
39 16 30206
39 17 25683
39 18 60278
39 19 27878
39 20 32108
39 21 25725
39 22 33771
39 23 28019
39 24 36726
39 25 29433
39 26 22715
39 27 36081
39 28 31865
39 29 9571
39 30 34911
39 31 31378
39 32 33731
39 33 35526
39 34 36572
39 35 33389
39 36 33911
39 37 -10961
39 38 -9533
39 40 -7405
39 41 -11876
39 42 -10858
39 43 -7369
39 44 -2143
39 45 -2985
39 46 -205
39 47 -35
39 48 -3490
39 49 2500
39 50 5428
39 51 -6706
39 52 22632
39 53 26099
39 54 24803
39 55 26283
39 56 29481
39 57 24800
39 58 25107
39 59 10239
39 60 34207
39 61 21344
39 62 31443
39 63 28566
39 64 28903
39 65 17853
39 66 24439
39 67 51502
39 68 37956
39 69 56642
39 70 54695
39 71 50629
39 72 51261
39 73 46813
39 74 51771
39 75 41023
39 76 48511
39 77 37966
39 78 49626
39 79 46426
39 80 42603
39 81 72826
39 82 73983
39 83 65604
39 84 66586
39 85 67815
39 86 71672
39 87 70432
39 88 74636
39 89 67198
39 90 62491
39 91 65468
39 92 66773
39 93 63855
39 94 62568
39 95 68411
39 96 63615
39 97 54806
39 98 51815
39 99 63081
39 100 63204
39 101 65717
39 102 67615
39 103 60529
39 104 67382
39 105 71127
39 106 69065
39 107 67554
39 108 53679
39 109 45667
39 110 54483
39 111 72300
39 112 69946
39 113 65374
39 114 58344
39 115 50344
39 116 55905
39 117 69018
39 118 60822
39 119 73237
39 120 71102
39 121 63330
40 1 65515
40 2 71505
40 3 67517
40 4 68197
40 5 64989
40 6 66464
40 7 62835
40 8 46260
40 9 65967
40 10 63449
40 11 64449
40 12 47888
40 13 61892
40 14 61117
40 15 62007
40 16 38595
40 17 34029
40 18 61368
40 19 36467
40 20 40636
40 21 34196
40 22 42502
40 23 36694
40 24 45505
40 25 38199
40 26 31429
40 27 44981
40 28 40754
40 29 18625
40 30 43875
40 31 40339
40 32 42688
40 33 44515
40 34 45600
40 35 42376
40 36 42940
40 37 -1925
40 38 -488
40 39 -1455
40 41 -3470
40 42 -4009
40 43 -9077
40 44 5411
40 45 -3854
40 46 6662
40 47 5932
40 48 -334
40 49 8759
40 50 9071
40 51 -5441
40 52 13580
40 53 17049
40 54 15789
40 55 17270
40 56 20469
40 57 15865
40 58 16159
40 59 1543
40 60 25394
40 61 12830
40 62 22887
40 63 19928
40 64 20391
40 65 9608
40 66 16287
40 67 45672
40 68 31450
40 69 50749
40 70 48621
40 71 44029
40 72 44273
40 73 40334
40 74 44939
40 75 34035
40 76 41873
40 77 30989
40 78 42413
40 79 39042
40 80 34952
40 81 73655
40 82 74232
40 83 67259
40 84 67595
40 85 68422
40 86 71989
40 87 70516
40 88 74662
40 89 67593
40 90 63085
40 91 65904
40 92 67036
40 93 63749
40 94 62490
40 95 68125
40 96 63372
40 97 54626
40 98 50096
40 99 62152
40 100 62136
40 101 64919
40 102 66940
40 103 58918
40 104 66053
40 105 70192
40 106 68003
40 107 66105
40 108 55338
40 109 46775
40 110 53567
40 111 72600
40 112 70778
40 113 66908
40 114 59326
40 115 50075
40 116 54686
40 117 70243
40 118 62084
40 119 73409
40 120 70159
40 121 62987
41 1 61344
41 2 67579
41 3 63264
41 4 63839
41 5 61003
41 6 62656
41 7 58816
41 8 40770
41 9 61556
41 10 59011
41 11 59768
41 12 41853
41 13 56632
41 14 55722
41 15 56958
41 16 28458
41 17 24005
41 18 62853
41 19 25864
41 20 30213
41 21 23939
41 22 31518
41 23 25899
41 24 34391
41 25 27134
41 26 20548
41 27 33503
41 28 29334
41 29 6332
41 30 32176
41 31 28657
41 32 31043
41 33 32705
41 34 33613
41 35 30604
41 36 30954
41 37 -12355
41 38 -8371
41 39 -6267
41 40 -3811
41 42 -10858
41 43 -5077
41 44 -6192
41 45 -1983
41 46 -4050
41 47 -3182
41 48 -4665
41 49 -1199
41 50 2868
41 51 -8100
41 52 25983
41 53 29425
41 54 27999
41 55 29460
41 56 32643
41 57 27839
41 58 28141
41 59 12997
41 60 37028
41 61 23875
41 62 33999
41 63 31174
41 64 31401
41 65 20165
41 66 26591
41 67 55707
41 68 42197
41 69 60850
41 70 58914
41 71 54870
41 72 55501
41 73 51052
41 74 56013
41 75 45263
41 76 52753
41 77 42206
41 78 53857
41 79 50645
41 80 46797
41 81 75438
41 82 76804
41 83 67927
41 84 69158
41 85 70530
41 86 74482
41 87 73326
41 88 77535
41 89 69997
41 90 65233
41 91 68261
41 92 69617
41 93 66832
41 94 65544
41 95 71431
41 96 66636
41 97 57829
41 98 55304
41 99 66314
41 100 66485
41 101 68904
41 102 70757
41 103 63954
41 104 70724
41 105 74342
41 106 72320
41 107 70922
41 108 56054
41 109 48290
41 110 57754
41 111 75113
41 112 72575
41 113 67746
41 114 60965
41 115 53420
41 116 59241
41 117 71503
41 118 63336
41 119 76069
41 120 74294
41 121 66348
42 1 63030
42 2 69211
42 3 64952
42 4 65548
42 5 62632
42 6 64242
42 7 60442
42 8 42679
42 9 63267
42 10 60731
42 11 61539
42 12 43880
42 13 58515
42 14 57638
42 15 58808
42 16 31228
42 17 26752
42 18 63242
42 19 28706
42 20 33020
42 21 26711
42 22 34418
42 23 28765
42 24 37307
42 25 30042
42 26 23423
42 27 36461
42 28 32283
42 29 9330
42 30 35155
42 31 31633
42 32 34013
42 33 35692
42 34 36609
42 35 33586
42 36 33949
42 37 -10130
42 38 -7927
42 39 -7510
42 40 -6611
42 41 -13119
42 43 -8077
42 44 -4354
42 45 -4762
42 46 -2746
42 47 -2896
42 48 -6351
42 49 -208
42 50 2428
42 51 -9537
42 52 23025
42 53 26461
42 54 25017
42 55 26475
42 56 29655
42 57 24844
42 58 25145
42 59 9998
42 60 34029
42 61 20892
42 62 31014
42 63 28186
42 64 28422
42 65 17207
42 66 23664
42 67 53922
42 68 40178
42 69 59050
42 70 57059
42 71 52837
42 72 53344
42 73 49051
42 74 53905
42 75 43106
42 76 50700
42 77 40045
42 78 51624
42 79 48352
42 80 44420
42 81 75796
42 82 76975
42 83 68527
42 84 69550
42 85 70796
42 86 74662
42 87 73427
42 88 77631
42 89 70187
42 90 65474
42 91 68456
42 92 69765
42 93 66854
42 94 65567
42 95 71411
42 96 66614
42 97 57806
42 98 54778
42 99 66076
42 100 66195
42 101 68714
42 102 70613
42 103 63502
42 104 70367
42 105 74123
42 106 72058
42 107 70535
42 108 56610
42 109 48636
42 110 57475
42 111 75290
42 112 72918
42 113 68306
42 114 61314
42 115 53344
42 116 58892
42 117 71969
42 118 63776
42 119 76229
42 120 74098
42 121 66329
43 1 66628
43 2 72711
43 3 68577
43 4 69212
43 5 66149
43 6 67686
43 7 63969
43 8 46763
43 9 66948
43 10 64425
43 11 65327
43 12 48170
43 13 62521
43 14 61698
43 15 62738
43 16 36850
43 17 32340
43 18 64417
43 19 34449
43 20 38711
43 21 32353
43 22 40253
43 23 34549
43 24 43170
43 25 35892
43 26 29224
43 27 42392
43 28 38201
43 29 15328
43 30 41119
43 31 37594
43 32 39967
43 33 41672
43 34 42603
43 35 39557
43 36 39942
43 37 -4559
43 38 -2989
43 39 -3802
43 40 -11460
43 41 -7119
43 42 -7858
43 44 1086
43 45 -8470
43 46 2031
43 47 1153
43 48 -5333
43 49 3937
43 50 4090
43 51 -10109
43 52 17136
43 53 20553
43 54 19064
43 55 20512
43 56 23685
43 57 18856
43 58 19154
43 59 4002
43 60 28031
43 61 14935
43 62 25053
43 63 22216
43 64 22477
43 65 11318
43 66 17845
43 67 50641
43 68 36448
43 69 55724
43 70 53609
43 71 49029
43 72 49260
43 73 45333
43 74 49935
43 75 39022
43 76 46873
43 77 35979
43 78 47384
43 79 43996
43 80 39859
43 81 76842
43 82 77653
43 83 70077
43 84 70695
43 85 71689
43 86 75376
43 87 73992
43 88 78167
43 89 70941
43 90 66346
43 91 69232
43 92 70436
43 93 67287
43 94 66013
43 95 71739
43 96 66961
43 97 58180
43 98 54172
43 99 65989
43 100 66016
43 101 68714
43 102 70696
43 103 62983
43 104 70030
43 105 74043
43 106 71896
43 107 70125
43 108 58131
43 109 49790
43 110 57374
43 111 75996
43 112 73955
43 113 69780
43 114 62418
43 115 53648
43 116 58611
43 117 73253
43 118 65057
43 119 76868
43 120 74027
43 121 66633
44 1 63342
44 2 69631
44 3 65268
44 4 65825
44 5 63067
44 6 64762
44 7 60886
44 8 42565
44 9 63544
44 10 60988
44 11 61694
44 12 43508
44 13 58444
44 14 57494
44 15 58800
44 16 28853
44 17 24470
44 18 65741
44 19 26042
44 20 30522
44 21 24364
44 22 31470
44 23 26011
44 24 34270
44 25 27057
44 26 20637
44 27 33157
44 28 29061
44 29 5388
44 30 31677
44 31 28184
44 32 30633
44 33 32108
44 34 32896
44 35 30089
44 36 30253
44 37 -9878
44 38 -5208
44 39 -3299
44 40 -1695
44 41 -12957
44 42 -8858
44 43 -3637
44 45 -1470
44 46 -7149
44 47 -5453
44 48 -5411
44 49 -4270
44 50 490
44 51 -9677
44 52 27551
44 53 30954
44 54 29412
44 55 30836
44 56 33987
44 57 29113
44 58 29378
44 59 14039
44 60 38060
44 61 24682
44 62 34816
44 63 32011
44 64 32156
44 65 20800
44 66 27035
44 67 58702
44 68 45077
44 69 63839
44 70 61880
44 71 57744
44 72 58298
44 73 53944
44 74 58842
44 75 48060
44 76 55614
44 77 44999
44 78 56599
44 79 53339
44 80 49418
44 81 78332
44 82 79771
44 83 70714
44 84 72041
44 85 73464
44 86 77448
44 87 76319
44 88 80529
44 89 72961
44 90 68178
44 91 71224
44 92 72596
44 93 69853
44 94 68566
44 95 74463
44 96 69669
44 97 60865
44 98 58444
44 99 69403
44 100 69585
44 101 71981
44 102 73822
44 103 67082
44 104 73836
44 105 77425
44 106 75413
44 107 74040
44 108 58870
44 109 51202
44 110 60854
44 111 78079
44 112 75478
44 113 70552
44 114 63870
44 115 56473
44 116 62353
44 117 74352
44 118 66203
44 119 79038
44 120 77370
44 121 69378
45 1 68995
45 2 75113
45 3 70930
45 4 71551
45 5 68541
45 6 70103
45 7 66356
45 8 48920
45 9 69278
45 10 66751
45 11 67616
45 12 50231
45 13 64717
45 14 63871
45 15 64969
45 16 37916
45 17 33448
45 18 67334
45 19 35350
45 20 39689
45 21 33397
45 22 40994
45 23 35386
45 24 43855
45 25 36605
45 26 30034
45 27 42905
45 28 38758
45 29 15368
45 30 41514
45 31 38005
45 32 40415
45 33 41993
45 34 42825
45 35 39929
45 36 40175
45 37 -3431
45 38 -1533
45 39 -2025
45 40 -8844
45 41 -6632
45 42 -7150
45 43 -11077
45 44 646
45 46 1049
45 47 -35
45 48 -7264
45 49 2500
45 50 1648
45 51 -13027
45 52 17911
45 53 21258
45 54 19622
45 55 21004
45 56 24125
45 57 19228
45 58 19461
45 59 4062
45 60 28073
45 61 14687
45 62 24820
45 63 22014
45 64 22170
45 65 10842
45 66 17173
45 67 53237
45 68 38916
45 69 58302
45 70 56146
45 71 51451
45 72 51567
45 73 47795
45 74 52292
45 75 41329
45 76 49297
45 77 38304
45 78 49626
45 79 46191
45 80 41937
45 81 79778
45 82 80620
45 83 72948
45 84 73618
45 85 74638
45 86 78340
45 87 76966
45 88 81144
45 89 73901
45 90 69295
45 91 72189
45 92 73402
45 93 70268
45 94 68993
45 95 74726
45 96 69946
45 97 61163
45 98 57169
45 99 68988
45 100 69016
45 101 71712
45 102 73691
45 103 65980
45 104 73030
45 105 77042
45 106 74895
45 107 73124
45 108 61001
45 109 52705
45 110 60372
45 111 78960
45 112 76890
45 113 72661
45 114 65343
45 115 56634
45 116 61611
45 117 76160
45 118 67961
45 119 79839
45 120 77026
45 121 69621
46 1 65055
46 2 71366
46 3 66986
46 4 67535
46 5 64808
46 6 66521
46 7 62631
46 8 44201
46 9 65256
46 10 62695
46 11 63380
46 12 45083
46 13 60084
46 14 59115
46 15 60451
46 16 29824
46 17 25483
46 18 67734
46 19 26896
46 20 31460
46 21 25375
46 22 32187
46 23 26838
46 24 34945
46 25 27765
46 26 21460
46 27 33699
46 28 29660
46 29 5609
46 30 32127
46 31 28657
46 32 31159
46 33 32491
46 34 33216
46 35 30547
46 36 30591
46 37 -7899
46 38 -3287
46 39 -1566
46 40 -649
46 41 -11020
46 42 -7455
46 43 -2897
46 44 -7354
46 45 -1272
46 47 -6281
46 48 -5736
46 49 -6270
46 50 -1169
46 51 -10873
46 52 28060
46 53 31428
46 54 29814
46 55 31202
46 56 34323
46 57 29424
46 58 29648
46 59 14210
46 60 38191
46 61 24682
46 62 34816
46 63 32011
46 64 32111
46 65 20695
46 66 26782
46 67 60316
46 68 46576
46 69 65446
46 70 63460
46 71 59232
46 72 59712
46 73 55451
46 74 60286
46 75 49474
46 76 57093
46 77 46413
46 78 57964
46 79 54665
46 80 50679
46 81 80325
46 82 81771
46 83 72689
46 84 74033
46 85 75461
46 86 79447
46 87 78319
46 88 82529
46 89 74960
46 90 70177
46 91 73223
46 92 74596
46 93 71852
46 94 70565
46 95 76462
46 96 71668
46 97 62863
46 98 60403
46 99 71391
46 100 71569
46 101 73973
46 102 75816
46 103 69051
46 104 75815
46 105 79415
46 106 77400
46 107 76016
46 108 60851
46 109 53198
46 110 62838
46 111 80079
46 112 77473
46 113 72531
46 114 65865
46 115 58469
46 116 64332
46 117 76339
46 118 68192
46 119 81037
46 120 79362
46 121 71377
47 1 66095
47 2 72369
47 3 68019
47 4 68580
47 5 65801
47 6 67483
47 7 63617
47 8 45357
47 9 66298
47 10 63745
47 11 64463
47 12 46320
47 13 61235
47 14 60291
47 15 61586
47 16 31564
47 17 27198
47 18 67933
47 19 28695
47 20 33216
47 21 27090
47 22 34044
47 23 28648
47 24 36818
47 25 29625
47 26 23271
47 27 35615
47 28 31557
47 29 7589
47 30 34067
47 31 30591
47 32 33078
47 33 34447
47 34 35183
47 35 32484
47 36 32554
47 37 -7417
47 38 -3533
47 39 -2264
47 40 -2247
47 41 -11020
47 42 -8473
47 43 -4643
47 44 -6526
47 45 -3224
47 46 -7149
47 48 -7736
47 49 -5442
47 50 -2187
47 51 -12497
47 52 26143
47 53 29500
47 54 27868
47 55 29246
47 56 32360
47 57 27459
47 58 27674
47 59 12224
47 60 36198
47 61 22683
47 62 32816
47 63 30011
47 64 30111
47 65 18696
47 66 24794
47 67 59167
47 68 45289
47 69 64286
47 70 62265
47 71 57928
47 72 58328
47 73 54171
47 74 58935
47 75 48090
47 76 55781
47 77 45032
47 78 56534
47 79 53201
47 80 49156
47 81 80515
47 82 81842
47 83 73026
47 84 74239
47 85 75589
47 86 79522
47 87 78344
47 88 82553
47 89 75039
47 90 70286
47 91 73304
47 92 74648
47 93 71825
47 94 70537
47 95 76410
47 96 71614
47 97 62805
47 98 60034
47 99 71203
47 100 71348
47 101 73815
47 102 75688
47 103 68731
47 104 75554
47 105 79241
47 106 77199
47 107 75736
47 108 61150
47 109 53361
47 110 62621
47 111 80153
47 112 77649
47 113 72843
47 114 66038
47 115 58375
47 116 64073
47 117 76593
47 118 68422
47 119 81105
47 120 79205
47 121 71329
48 1 68280
48 2 74484
48 3 70200
48 4 70786
48 5 67905
48 6 69532
48 7 65716
48 8 47799
48 9 68503
48 10 65963
48 11 66745
48 12 48912
48 13 63653
48 14 62754
48 15 63968
48 16 35104
48 17 30698
48 18 68498
48 19 32342
48 20 36793
48 21 30600
48 22 37793
48 23 32318
48 24 40594
48 25 33381
48 26 26947
48 27 39468
48 28 35380
48 29 11556
48 30 37963
48 31 34476
48 32 36939
48 33 38369
48 34 39126
48 35 36376
48 36 36491
48 37 -5331
48 38 -2589
48 39 -2264
48 40 -5058
48 41 -9048
48 42 -8473
48 43 -7674
48 44 -3029
48 45 -6998
48 46 -3149
48 47 -4281
48 49 -1945
48 50 -2187
48 51 -14922
48 52 22338
48 53 25666
48 54 23994
48 55 25349
48 56 28445
48 57 23542
48 58 23734
48 59 8257
48 60 32217
48 61 18685
48 62 28818
48 63 26012
48 64 26111
48 65 14698
48 66 20821
48 67 56990
48 68 42844
48 69 62081
48 70 59983
48 71 55430
48 72 55660
48 73 51729
48 74 56338
48 75 45422
48 76 53274
48 77 42380
48 78 53773
48 79 50373
48 80 46197
48 81 81034
48 82 82127
48 83 73849
48 84 74805
48 85 75997
48 86 79821
48 87 78547
48 88 82746
48 89 75354
48 90 70668
48 91 73627
48 92 74911
48 93 71933
48 94 70648
48 95 76462
48 96 71668
48 97 62863
48 98 59478
48 99 70987
48 100 71071
48 101 73658
48 102 75586
48 103 68248
48 104 75187
48 105 79041
48 106 76946
48 107 75328
48 108 61923
48 109 53881
48 110 62371
48 111 80448
48 112 78151
48 113 73617
48 114 66555
48 115 58375
48 116 63727
48 117 77250
48 118 69052
48 119 81374
48 120 79025
48 121 71377
49 1 66781
49 2 73113
49 3 68717
49 4 69260
49 5 66563
49 6 68293
49 7 64390
49 8 45860
49 9 66984
49 10 64418
49 11 65082
49 12 46683
49 13 61743
49 14 60756
49 15 62119
49 16 30867
49 17 26570
49 18 69727
49 19 27830
49 20 32481
49 21 26471
49 22 32986
49 23 27754
49 24 35704
49 25 28559
49 26 22377
49 27 34332
49 28 30356
49 29 5973
49 30 32669
49 31 29226
49 32 31791
49 33 32965
49 34 33639
49 35 31111
49 36 31037
49 37 -5911
49 38 -1335
49 39 260
49 40 569
49 41 -9048
49 42 -5796
49 43 -1870
49 44 -5354
49 45 -700
49 46 -7149
49 47 -5453
49 48 -5411
49 50 -2572
49 51 -11763
49 52 28662
49 53 31990
49 54 30311
49 55 31655
49 56 34739
49 57 29836
49 58 30006
49 59 14493
49 60 38407
49 61 24782
49 62 34911
49 63 32096
49 64 32156
49 65 20695
49 66 26613
49 67 61949
49 68 48104
49 69 67071
49 70 65060
49 71 60747
49 72 61155
49 73 56985
49 74 61759
49 75 50917
49 76 58600
49 77 47859
49 78 59363
49 79 56029
49 80 51978
49 81 82318
49 82 83770
49 83 74665
49 84 76025
49 85 77459
49 86 81446
49 87 80319
49 88 84529
49 89 76960
49 90 72175
49 91 75222
49 92 76595
49 93 73851
49 94 72564
49 95 78460
49 96 73666
49 97 64861
49 98 62364
49 99 73380
49 100 73554
49 101 75964
49 102 77811
49 103 71022
49 104 77795
49 105 81405
49 106 79387
49 107 77993
49 108 62833
49 109 55194
49 110 64823
49 111 82078
49 112 79467
49 113 74511
49 114 67860
49 115 60465
49 116 66312
49 117 78326
49 118 70182
49 119 83037
49 120 81354
49 121 73375
50 1 71401
50 2 77693
50 3 73328
50 4 73883
50 5 71129
50 6 72824
50 7 68948
50 8 50589
50 9 71603
50 10 69046
50 11 69745
50 12 51485
50 13 66471
50 14 65508
50 15 66834
50 16 35854
50 17 31564
50 18 73141
50 19 32788
50 20 37465
50 21 31467
50 22 37887
50 23 32708
50 24 40584
50 25 33458
50 26 27333
50 27 39134
50 28 35204
50 29 10594
50 30 37406
50 31 33987
50 32 36602
50 33 37642
50 34 38280
50 35 35873
50 36 35702
50 37 -2033
50 38 1620
50 39 2490
50 40 183
50 41 -5679
50 42 -3858
50 43 -2415
50 44 -1292
50 45 -2250
50 46 -2746
50 47 -2896
50 48 -6351
50 49 -3270
50 51 -16307
50 52 26077
50 53 29289
50 54 27485
50 55 28707
50 56 31691
50 57 26841
50 58 26856
50 59 11262
50 60 34970
50 61 21167
50 62 31275
50 63 28417
50 64 28422
50 65 16916
50 66 22517
50 67 62303
50 68 48079
50 69 67386
50 70 65265
50 71 60636
50 72 60783
50 73 56961
50 74 61498
50 75 50545
50 76 58481
50 77 47517
50 78 58846
50 79 55409
50 80 51133
50 81 85711
50 82 86949
50 83 78312
50 84 79450
50 85 80744
50 86 84634
50 87 83414
50 88 87620
50 89 80156
50 90 75428
50 91 78424
50 92 79743
50 93 76850
50 94 75563
50 95 81410
50 96 76613
50 97 67805
50 98 64680
50 99 76061
50 100 76171
50 101 78707
50 102 80610
50 103 73429
50 104 80325
50 105 84110
50 106 82038
50 107 80483
50 108 66420
50 109 58550
50 110 67456
50 111 85263
50 112 82838
50 113 78116
50 114 71229
50 115 63344
50 116 68854
50 117 81833
50 118 73651
50 119 86206
50 120 84088
50 121 76329
51 1 73545
51 2 79771
51 3 75465
51 4 76043
51 5 73194
51 6 74835
51 7 71006
51 8 52959
51 9 73760
51 10 71216
51 11 71975
51 12 53998
51 13 68826
51 14 67908
51 15 69158
51 16 39255
51 17 34917
51 18 73772
51 19 36296
51 20 40886
51 21 34809
51 22 41511
51 23 36229
51 24 44238
51 25 37084
51 26 30851
51 27 42875
51 28 38899
51 29 14453
51 30 41201
51 31 37763
51 32 40335
51 33 41476
51 34 42133
51 35 39648
51 36 39541
51 37 -150
51 38 2785
51 39 3091
51 40 -1594
51 41 -3912
51 42 -3088
51 43 -3879
51 44 1276
51 45 -4190
51 46 285
51 47 -471
51 48 -6351
51 49 274
51 50 -3572
51 52 22500
51 53 25652
51 54 23804
51 55 24966
51 56 27906
51 57 23096
51 58 23042
51 59 7442
51 60 31068
51 61 17228
51 62 27329
51 63 24459
51 64 24457
51 65 12947
51 66 18517
51 67 60337
51 68 45892
51 69 65384
51 70 63184
51 71 58363
51 72 58336
51 73 54758
51 74 59128
51 75 48098
51 76 56218
51 77 45107
51 78 56317
51 79 52829
51 80 48405
51 81 86289
51 82 87307
51 83 79180
51 84 80076
51 85 81222
51 86 85008
51 87 83699
51 88 87892
51 89 80549
51 90 75887
51 91 78826
51 92 80087
51 93 77053
51 94 75770
51 95 81554
51 96 76765
51 97 67967
51 98 64277
51 99 75960
51 100 76015
51 101 78657
51 102 80610
51 103 73076
51 104 80079
51 105 84016
51 106 81895
51 107 80194
51 108 67247
51 109 59149
51 110 67340
51 111 85633
51 112 83404
51 113 78938
51 114 71817
51 115 63460
51 116 68638
51 117 82544
51 118 74343
51 119 86545
51 120 84003
51 121 76463
52 1 82798
52 2 88507
52 3 85187
52 4 86031
52 5 82366
52 6 83705
52 7 80422
52 8 66014
52 9 84023
52 10 81476
52 11 82783
52 12 68172
52 13 81076
52 14 80376
52 15 80769
52 16 62820
52 17 58212
52 18 71077
52 19 60977
52 20 65094
52 21 58608
52 22 67195
52 23 61340
52 24 70264
52 25 62947
52 26 56138
52 27 69901
52 28 65667
52 29 43690
52 30 68871
52 31 65336
52 32 67684
52 33 69540
52 34 70667
52 35 67404
52 36 68008
52 37 23154
52 38 24592
52 39 23622
52 40 8620
52 41 21364
52 42 20667
52 43 14559
52 44 29697
52 45 17941
52 46 30411
52 47 29362
52 48 22102
52 49 31892
52 50 30005
52 51 13693
52 53 -8022
52 54 -7975
52 55 -7345
52 56 -4311
52 57 -5215
52 58 -7694
52 59 -13402
52 60 2647
52 61 -5132
52 62 3574
52 63 -1546
52 64 641
52 65 -5318
52 66 -2125
52 67 36200
52 68 21438
52 69 40699
52 70 37766
52 71 32088
52 72 30612
52 73 29445
52 74 32147
52 75 20374
52 76 30601
52 77 18268
52 78 28265
52 79 24815
52 80 18873
52 81 81789
52 82 80988
52 83 77753
52 84 76596
52 85 76435
52 86 79178
52 87 77216
52 88 80942
52 89 75256
52 90 71445
52 91 73822
52 92 74391
52 93 70385
52 94 69368
52 95 73995
52 96 69676
52 97 61540
52 98 53696
52 99 66738
52 100 66552
52 101 69665
52 102 71836
52 103 61697
52 104 69408
52 105 74256
52 106 71815
52 107 68966
52 108 66586
52 109 57366
52 110 59242
52 111 79677
52 112 79239
52 113 77139
52 114 68885
52 115 57312
52 116 59016
52 117 79662
52 118 72248
52 119 79673
52 120 73573
52 121 68280
53 1 85232
53 2 90920
53 3 87668
53 4 88527
53 5 84826
53 6 86158
53 7 82907
53 8 68687
53 9 86545
53 10 83993
53 11 85324
53 12 70880
53 13 83691
53 14 82993
53 15 83343
53 16 65794
53 17 61185
53 18 72909
53 19 63965
53 20 68080
53 21 61592
53 22 70189
53 23 64333
53 24 73260
53 25 65942
53 26 59133
53 27 72901
53 28 68667
53 29 46673
53 30 71871
53 31 68335
53 32 70684
53 33 72539
53 34 73662
53 35 70403
53 36 71003
53 37 26146
53 38 27582
53 39 26611
53 40 11611
53 41 24328
53 42 23625
53 43 17498
53 44 32622
53 45 20810
53 46 33301
53 47 32241
53 48 24952
53 49 34742
53 50 32739
53 51 16367
53 52 -8500
53 54 -7383
53 55 -9902
53 56 -7206
53 57 -4215
53 58 -9905
53 59 -11798
53 60 619
53 61 -5280
53 62 2854
53 63 -3338
53 64 -487
53 65 -4949
53 66 -3395
53 67 36102
53 68 21574
53 69 40481
53 70 37424
53 71 31744
53 72 30016
53 73 29324
53 74 31707
53 75 19778
53 76 30473
53 77 17952
53 78 27686
53 79 24356
53 80 18030
53 81 83401
53 82 82470
53 83 79616
53 84 78324
53 85 78068
53 86 80724
53 87 78723
53 88 82384
53 89 76870
53 90 73141
53 91 75472
53 92 75978
53 93 71920
53 94 70939
53 95 75430
53 96 71180
53 97 63138
53 98 55038
53 99 68080
53 100 67893
53 101 71006
53 102 73177
53 103 62860
53 104 70612
53 105 75501
53 106 73042
53 107 70105
53 108 68570
53 109 59335
53 110 60774
53 111 81206
53 112 80907
53 113 78980
53 114 70711
53 115 58981
53 116 60376
53 117 81421
53 118 74124
53 119 81082
53 120 74697
53 121 69621
54 1 84793
54 2 90514
54 3 87155
54 4 87989
54 5 84347
54 6 85690
54 7 82388
54 8 67836
54 9 85964
54 10 83421
54 11 84711
54 12 69957
54 13 82947
54 14 82245
54 15 82672
54 16 64101
54 17 59501
54 18 73279
54 19 62185
54 20 66313
54 21 59836
54 22 68346
54 23 62503
54 24 71390
54 25 64076
54 26 57279
54 27 70953
54 28 66721
54 29 44503
54 30 69871
54 31 66336
54 32 68684
54 33 70515
54 34 71586
54 35 68376
54 36 68925
54 37 24051
54 38 25481
54 39 24504
54 40 9540
54 41 22091
54 42 21370
54 43 15198
54 44 30269
54 45 18363
54 46 30876
54 47 29798
54 48 22469
54 49 32252
54 50 30124
54 51 13708
54 52 -9264
54 53 -8194
54 55 -8730
54 56 -5531
54 57 -6979
54 58 -9520
54 59 -14615
54 60 619
54 61 -7268
54 62 1348
54 63 -3686
54 64 -1593
54 65 -7268
54 66 -4358
54 67 38144
54 68 23452
54 69 42599
54 70 39617
54 71 33933
54 72 32345
54 73 31375
54 74 33950
54 75 22107
54 76 32527
54 77 20119
54 78 30002
54 79 26602
54 80 20477
54 81 84017
54 82 83222
54 83 79949
54 84 78813
54 85 78661
54 86 81410
54 87 79450
54 88 83177
54 89 77483
54 90 73666
54 91 76047
54 92 76621
54 93 72618
54 94 71599
54 95 76231
54 96 71910
54 97 63769
54 98 55932
54 99 68974
54 100 68787
54 101 71901
54 102 74071
54 103 63925
54 104 71638
54 105 76489
54 106 74047
54 107 71193
54 108 68758
54 109 59543
54 110 61475
54 111 81909
54 112 81462
54 113 79339
54 114 71088
54 115 59536
54 116 61252
54 117 81875
54 118 74442
54 119 81909
54 120 75799
54 121 70516
55 1 88021
55 2 93714
55 3 90443
55 4 91298
55 5 87607
55 6 88941
55 7 85681
55 8 71374
55 9 89306
55 10 86756
55 11 88078
55 12 73544
55 13 86412
55 14 85712
55 15 86083
55 16 68053
55 17 63450
55 18 75720
55 19 66158
55 20 70283
55 21 63803
55 22 72331
55 23 66486
55 24 75379
55 25 68065
55 26 61265
55 27 74950
55 28 70718
55 29 48492
55 30 73871
55 31 70335
55 32 72684
55 33 74515
55 34 75585
55 35 72376
55 36 72924
55 37 28050
55 38 29479
55 39 28503
55 40 13540
55 41 26071
55 42 25347
55 43 19165
55 44 34212
55 45 22264
55 46 34783
55 47 33695
55 48 26343
55 49 36115
55 50 33865
55 51 17389
55 52 -6115
55 53 -8194
55 54 -6211
55 56 -9531
55 57 -3830
55 58 -12669
55 59 -11584
55 60 -2152
55 61 -6786
55 62 866
55 63 -6056
55 64 -2834
55 65 -6138
55 66 -5923
55 67 38144
55 68 23793
55 69 42439
55 70 39298
55 71 33641
55 72 31738
55 73 31375
55 74 33542
55 75 21500
55 76 32527
55 77 19891
55 78 29437
55 79 26217
55 80 19598
55 81 86173
55 82 85211
55 83 82430
55 84 81119
55 85 80846
55 86 83482
55 87 81471
55 88 85115
55 89 79643
55 90 75931
55 91 78253
55 92 78745
55 93 74676
55 94 73703
55 95 78160
55 96 73929
55 97 65909
55 98 57746
55 99 70784
55 100 70598
55 101 73710
55 102 75880
55 103 65507
55 104 73273
55 105 78174
55 106 75709
55 107 72742
55 108 71396
55 109 62160
55 110 63532
55 111 83960
55 112 83691
55 113 81791
55 114 73521
55 115 61768
55 116 63087
55 117 84221
55 118 76940
55 119 83803
55 120 77324
55 121 72323
56 1 91301
56 2 96969
56 3 93784
56 4 94657
56 5 90923
56 6 92250
56 7 89029
56 8 74952
56 9 92698
56 10 90141
56 11 91493
56 12 77165
56 13 89918
56 14 89220
56 15 89538
56 16 72010
56 17 67405
56 18 78285
56 19 70134
56 20 74256
56 21 67774
56 22 76317
56 23 70470
56 24 79369
56 25 72054
56 26 65252
56 27 78947
56 28 74715
56 29 52483
56 30 77871
56 31 74335
56 32 76683
56 33 78515
56 34 79584
56 35 76376
56 36 76922
56 37 32049
56 38 33478
56 39 32502
56 40 17540
56 41 30055
56 42 29328
56 43 23139
56 44 38164
56 45 26186
56 46 38705
56 47 37610
56 48 30240
56 49 40000
56 50 37650
56 51 21130
56 52 -2280
56 53 -4697
56 54 -2211
56 55 -8730
56 57 5
56 58 -11299
56 59 -8018
56 60 -2884
56 61 -4700
56 62 2238
56 63 -7000
56 64 -2402
56 65 -3864
56 66 -6483
56 67 38476
56 68 24577
56 69 42599
56 70 39298
56 71 33739
56 72 31533
56 73 31783
56 74 33542
56 75 21295
56 76 32956
56 77 20119
56 78 29323
56 79 26346
56 80 19213
56 81 88452
56 82 87335
56 83 85022
56 84 83548
56 85 83161
56 86 85689
56 87 83634
56 88 87193
56 89 81940
56 90 78331
56 91 80596
56 92 81009
56 93 76882
56 94 75958
56 95 80239
56 96 76099
56 97 68202
56 98 59757
56 99 72762
56 100 72582
56 101 75683
56 102 77848
56 103 67273
56 104 75082
56 105 80022
56 106 77538
56 107 74467
56 108 74146
56 109 64902
56 110 65764
56 111 86146
56 112 86046
56 113 84356
56 114 76082
56 115 64158
56 116 65102
56 117 86686
56 118 79560
56 119 85829
56 120 79003
56 121 74277
57 1 85217
57 2 90965
57 3 87524
57 4 88339
57 5 84744
57 6 86097
57 7 82755
57 8 67940
57 9 86283
57 10 83746
57 11 85001
57 12 69999
57 13 83134
57 14 82427
57 15 82916
57 16 63460
57 17 58869
57 18 74321
57 19 61460
57 20 65604
57 21 59140
57 22 67557
57 23 61732
57 24 70574
57 25 63265
57 26 56484
57 27 70057
57 28 65831
57 29 43383
57 30 68923
57 31 65389
57 32 67740
57 33 69540
57 34 70560
57 35 67404
57 36 67898
57 37 23052
57 38 24481
57 39 23505
57 40 8620
57 41 20935
57 42 20201
57 43 13994
57 44 28974
57 45 16973
57 46 29490
57 47 28393
57 48 21021
57 49 30781
57 50 28484
57 51 12004
57 52 -7500
57 53 -6022
57 54 -7975
57 55 -7345
57 56 -4311
57 58 -8905
57 59 -16775
57 60 561
57 61 -9005
57 62 15
57 63 -4183
57 64 -2669
57 65 -9318
57 66 -5483
57 67 40192
57 68 25438
57 69 44679
57 70 41727
57 71 36046
57 72 34509
57 73 33434
57 74 36084
57 75 24271
57 76 34588
57 77 22227
57 78 32164
57 79 28742
57 80 22679
57 81 85219
57 82 84517
57 83 80959
57 84 79932
57 85 79851
57 86 82663
57 87 80732
57 88 84500
57 89 78690
57 90 74813
57 91 77228
57 92 77848
57 93 73884
57 94 72840
57 95 77562
57 96 73198
57 97 64995
57 98 57337
57 99 70370
57 100 70185
57 101 73295
57 102 75464
57 103 65430
57 104 73118
57 105 77940
57 106 75510
57 107 72709
57 108 69672
57 109 60478
57 110 62753
57 111 83173
57 112 82625
57 113 80368
57 114 72136
57 115 60714
57 116 62640
57 117 82968
57 118 75447
57 119 83251
57 120 77319
57 121 71904
58 1 90002
58 2 95707
58 3 92397
58 4 93242
58 5 89574
58 6 90912
58 7 87632
58 8 73187
58 9 91234
58 10 88688
58 11 89993
58 12 75323
58 13 88272
58 14 87571
58 15 87975
58 16 69363
58 17 64767
58 18 77907
58 19 67400
58 20 71537
58 21 65067
58 22 73520
58 23 67688
58 24 76545
58 25 69234
58 26 62447
58 27 76045
58 28 71818
58 29 49377
58 30 74919
58 31 71385
58 32 73735
58 33 75539
58 34 76560
58 35 73402
58 36 73898
58 37 29050
58 38 30479
58 39 29502
58 40 14604
58 41 26927
58 42 26192
58 43 19982
58 44 34929
58 45 22896
58 46 35404
58 47 34298
58 48 26903
58 49 36641
58 50 34189
58 51 17640
58 52 -4289
58 53 -6022
58 54 -4826
58 55 -10494
58 56 -9925
58 57 -3215
58 59 -11531
58 60 -4377
58 61 -8119
58 62 -871
58 63 -8292
58 64 -4889
58 65 -7318
58 66 -8114
58 67 40192
58 68 25921
58 69 44449
58 70 41268
58 71 35629
58 72 33643
58 73 33434
58 74 35503
58 75 23405
58 76 34588
58 77 21905
58 78 31363
58 79 28201
58 80 21439
58 81 88392
58 82 87441
58 83 84612
58 84 83323
58 85 83062
58 86 85706
58 87 83699
58 88 87347
58 89 81862
58 90 78140
58 91 80467
58 92 80966
58 93 76901
58 94 75926
58 95 80392
58 96 76156
58 97 68128
58 98 59981
58 99 73019
58 100 72833
58 101 75945
58 102 78115
58 103 67742
58 104 75508
58 105 80410
58 106 77945
58 107 74976
58 108 73550
58 109 64317
58 110 65757
58 111 86186
58 112 85903
58 113 83977
58 114 75709
58 115 63979
58 116 65322
58 117 86421
58 118 79119
58 119 86036
58 120 79557
58 121 74558
59 1 84798
59 2 90601
59 3 87010
59 4 87789
59 5 84287
59 6 85662
59 7 82246
59 8 66946
59 9 85678
59 10 83151
59 11 84342
59 12 68886
59 13 82282
59 14 81563
59 15 82166
59 16 61154
59 17 56584
59 18 75175
59 19 59014
59 20 63192
59 21 56756
59 22 65000
59 23 59215
59 24 67973
59 25 60675
59 26 53932
59 27 67326
59 28 63116
59 29 40314
59 30 66108
59 31 62579
59 32 64941
59 33 66679
59 34 67622
59 35 64557
59 36 64962
59 37 20261
59 38 21709
59 39 20747
59 40 6101
59 41 17896
59 42 17158
59 43 10943
59 44 25703
59 45 13610
59 46 26079
59 47 24961
59 48 17539
59 49 27241
59 50 24708
59 51 8153
59 52 -3884
59 53 -1802
59 54 -3808
59 55 -3296
59 56 -531
59 57 -4972
59 58 -5418
59 60 3017
59 61 -9499
59 62 420
59 63 -2631
59 64 -2040
59 65 -11487
59 66 -5483
59 67 43441
59 68 28550
59 69 48018
59 70 45160
59 71 39501
59 72 38140
59 73 36731
59 74 39613
59 75 27902
59 76 37899
59 77 25683
59 78 35794
59 79 32309
59 80 26472
59 81 86389
59 82 85889
59 83 81730
59 84 80935
59 85 81007
59 86 83950
59 87 82084
59 88 85935
59 89 79885
59 90 75887
59 91 78373
59 92 79087
59 93 75214
59 94 74121
59 95 79027
59 96 74575
59 97 66248
59 98 59002
59 99 71987
59 100 71810
59 101 74904
59 102 77066
59 103 67294
59 104 74918
59 105 79670
59 106 77268
59 107 74590
59 108 70266
59 109 61132
59 110 64135
59 111 84482
59 112 83720
59 113 81179
59 114 73006
59 115 61879
59 116 64253
59 117 83914
59 118 76227
59 119 84719
59 120 79188
59 121 73486
60 1 93393
60 2 99112
60 3 95757
60 4 96591
60 5 92949
60 6 94291
60 7 90990
60 8 76379
60 9 94564
60 10 92022
60 11 93307
60 12 78470
60 13 91521
60 14 90817
60 15 91261
60 16 71891
60 17 67307
60 18 81501
60 19 69834
60 20 73991
60 21 67538
60 22 75876
60 23 70070
60 24 78869
60 25 71566
60 26 64804
60 27 78271
60 28 74054
60 29 51314
60 30 77077
60 31 73546
60 32 75905
60 33 77659
60 34 78614
60 35 75532
60 36 75954
60 37 31209
60 38 32648
60 39 31680
60 40 16917
60 41 28892
60 42 28154
60 43 21937
60 44 36689
60 45 24586
60 46 37025
60 47 35900
60 48 28464
60 49 38120
60 50 35381
60 51 18744
60 52 -870
60 53 -2420
60 54 -1609
60 55 -6899
60 56 -8432
60 57 -671
60 58 -11299
60 59 -10018
60 61 -8622
60 62 -2196
60 63 -11838
60 64 -7417
60 65 -7884
60 66 -11428
60 67 43337
60 68 29230
60 69 47521
60 70 44267
60 71 38672
60 72 36544
60 73 36607
60 74 38502
60 75 26306
60 76 37770
60 77 25003
60 78 34309
60 79 31257
60 80 24253
60 81 91998
60 82 91042
60 83 88202
60 84 86926
60 85 86667
60 86 89311
60 87 87302
60 88 90946
60 89 85467
60 90 81744
60 91 84072
60 92 84572
60 93 80505
60 94 79531
60 95 83990
60 96 79759
60 97 71734
60 98 63572
60 99 76609
60 100 76423
60 101 79535
60 102 81705
60 103 71307
60 104 79079
60 105 83987
60 106 81519
60 107 78535
60 108 77119
60 109 67889
60 110 69361
60 111 89790
60 112 89508
60 113 87570
60 114 79304
60 115 67583
60 116 68914
60 117 90022
60 118 82707
60 119 89632
60 120 83110
60 121 78147
61 1 90552
61 2 96342
61 3 92782
61 4 93568
61 5 90048
61 6 91417
61 7 88017
61 8 72774
61 9 91466
61 10 88937
61 11 90138
61 12 74717
61 13 88101
61 14 87383
61 15 87975
61 16 66735
61 17 62176
61 18 80405
61 19 64525
61 20 68725
61 21 62306
61 22 70444
61 23 64689
61 24 73391
61 25 66102
61 26 59389
61 27 72657
61 28 68462
61 29 45381
61 30 71376
61 31 67853
61 32 70230
61 33 71909
61 34 72793
61 35 69807
61 36 70138
61 37 25632
61 38 27106
61 39 26164
61 40 11700
61 41 23086
61 42 22364
61 43 16188
61 44 30658
61 45 18547
61 46 30863
61 47 29732
61 48 22279
61 49 31842
61 50 28925
61 51 12251
61 52 -1302
61 53 -972
61 54 -2149
61 55 -4186
61 56 -2901
61 57 -2890
61 58 -7694
61 59 -15187
61 60 -1275
61 62 -5196
61 63 -8000
61 64 -7766
61 65 -14490
61 66 -11263
61 67 46111
61 68 31484
61 69 50517
61 70 47473
61 71 41792
61 72 40051
61 73 39335
61 74 41756
61 75 29813
61 76 40484
61 77 27996
61 78 37726
61 79 34406
61 80 28009
61 81 91417
61 82 90769
61 83 87010
61 84 86074
61 85 86044
61 86 88893
61 87 86977
61 88 90765
61 89 84893
61 90 80978
61 91 83416
61 92 84064
61 93 80123
61 94 79066
61 95 83832
61 96 79448
61 97 71212
61 98 63638
61 99 76666
61 100 76482
61 101 79590
61 102 81758
61 103 71751
61 104 79434
61 105 84251
61 106 81823
61 107 79031
61 108 75640
61 109 66471
61 110 69001
61 111 89409
61 112 88799
61 113 86436
61 114 78225
61 115 66904
61 116 68935
61 117 89090
61 118 81500
61 119 89524
61 120 83641
61 121 78197
62 1 92092
62 2 97866
62 3 94348
62 4 95144
62 5 91597
62 6 92961
62 7 89580
62 8 74462
62 9 93056
62 10 90525
62 11 91743
62 12 76434
62 13 89755
62 14 89041
62 15 89603
62 16 68670
62 17 64109
62 18 81531
62 19 66478
62 20 70673
62 21 64250
62 22 72410
62 23 66649
62 24 75361
62 25 68071
62 26 61352
62 27 74639
62 28 70442
62 29 47379
62 30 73363
62 31 69840
62 32 72215
62 33 73900
62 34 74788
62 35 71796
62 36 72131
62 37 27605
62 38 29075
62 39 28129
62 40 13623
62 41 25076
62 42 24352
62 43 18172
62 44 32658
62 45 20546
62 46 32863
62 47 31731
62 48 24278
62 49 33837
62 50 30899
62 51 14218
62 52 -730
62 53 -972
62 54 -1667
62 55 -4668
62 56 -4097
62 57 -2004
62 58 -8580
62 59 -13402
62 60 -2983
62 61 -13330
62 63 -10000
62 64 -9653
62 65 -12846
62 66 -12673
62 67 46111
62 68 31624
62 69 50448
62 70 47336
62 71 41670
62 72 39798
62 73 39335
62 74 41587
62 75 29560
62 76 40484
62 77 27903
62 78 37495
62 79 34252
62 80 27656
62 81 92419
62 82 91688
62 83 88165
62 84 87142
62 85 87053
62 86 89849
62 87 87908
62 88 91659
62 89 85888
62 90 82021
62 91 84431
62 92 85041
62 93 81066
62 94 80029
62 95 84717
62 96 80372
62 97 72188
62 98 64450
62 99 77489
62 100 77303
62 101 80416
62 102 82586
62 103 72467
62 104 80177
62 105 85022
62 106 82583
62 107 79736
62 108 76860
62 109 67671
62 110 69929
62 111 90356
62 112 89831
62 113 87576
62 114 79346
62 115 67917
62 116 69764
62 117 90179
62 118 82653
62 119 90402
62 120 84343
62 121 79029
63 1 96005
63 2 101743
63 3 98327
63 4 99146
63 5 95540
63 6 96889
63 7 93558
63 8 78737
63 9 97095
63 10 94557
63 11 95816
63 12 80775
63 13 93947
63 14 93239
63 15 93733
63 16 73523
63 17 68954
63 18 84483
63 19 71370
63 20 75553
63 21 69121
63 22 77331
63 23 71558
63 24 80292
63 25 72999
63 26 66268
63 27 79596
63 28 75395
63 29 52375
63 30 78335
63 31 74810
63 32 77182
63 33 78878
63 34 79774
63 35 76770
63 36 77117
63 37 32547
63 38 34008
63 39 33056
63 40 18468
63 41 30055
63 42 29328
63 43 23139
63 44 37657
63 45 25544
63 46 37862
63 47 36730
63 48 29276
63 49 38826
63 50 35845
63 51 19152
63 52 1954
63 53 640
63 54 1103
63 55 -3786
63 56 -5531
63 57 1602
63 58 -8197
63 59 -8649
63 60 -4821
63 61 -8330
63 62 -2196
63 64 -8727
63 65 -8098
63 66 -14483
63 67 46423
63 68 32370
63 69 50577
63 70 47292
63 71 41721
63 72 39533
63 73 39705
63 74 41534
63 75 29295
63 76 40871
63 77 28077
63 78 37321
63 79 34316
63 80 27210
63 81 95054
63 82 94132
63 83 91172
63 84 89946
63 85 89717
63 86 92384
63 87 90385
63 88 94044
63 89 88522
63 90 84773
63 91 87116
63 92 87634
63 93 83580
63 94 82597
63 95 87089
63 96 82842
63 97 74792
63 98 66685
63 99 79725
63 100 79538
63 101 82651
63 102 84821
63 103 74447
63 104 82216
63 105 87118
63 106 84653
63 107 81679
63 108 80036
63 109 70813
63 110 72435
63 111 92868
63 112 92548
63 113 90549
63 114 82288
63 115 70620
63 116 72025
63 117 93031
63 118 85671
63 119 92737
63 120 86258
63 121 81264
64 1 94274
64 2 100042
64 3 96540
64 4 97339
64 5 93784
64 6 95144
64 7 91772
64 8 76688
64 9 95256
64 10 92724
64 11 93948
64 12 78665
64 13 91974
64 14 91260
64 15 91815
64 16 70857
64 17 66298
64 18 83500
64 19 68647
64 20 72847
64 21 66429
64 22 74561
64 23 68809
64 24 77505
64 25 70217
64 26 63507
64 27 76758
64 28 72566
64 29 49427
64 30 75465
64 31 71944
64 32 74324
64 33 75990
64 34 76862
64 35 73894
64 36 74208
64 37 29745
64 38 31222
64 39 30282
64 40 15820
64 41 27171
64 42 26453
64 43 20289
64 44 34691
64 45 22589
64 46 34851
64 47 33719
64 48 26264
64 49 35775
64 50 32739
64 51 16039
64 52 1030
64 53 380
64 54 85
64 55 -3675
64 56 -4044
64 57 5
64 58 -7905
64 59 -11169
64 60 -3511
64 61 -11207
64 62 -4960
64 63 -11838
64 65 -11235
64 66 -14652
64 67 47181
64 68 32845
64 69 51447
64 70 48266
64 71 42629
64 72 40627
64 73 40418
64 74 42501
64 75 30389
64 76 41571
64 77 28902
64 78 38354
64 79 35201
64 80 28397
64 81 94304
64 82 93518
64 83 90150
64 84 89073
64 85 88945
64 86 91704
64 87 89746
64 88 93470
64 89 87771
64 90 83937
64 91 86328
64 92 86912
64 93 82913
64 94 81892
64 95 86523
64 96 82206
64 97 74060
64 98 66209
64 99 79252
64 100 79065
64 101 82179
64 102 84350
64 103 74149
64 104 81878
64 105 86743
64 106 84295
64 107 81407
64 108 78886
64 109 69688
64 110 71770
64 111 92204
64 112 91738
64 113 89553
64 114 81313
64 115 69816
64 116 71533
64 117 92124
64 118 84640
64 119 92200
64 120 86008
64 121 80795
65 1 90344
65 2 96169
65 3 92519
65 4 93283
65 5 89821
65 6 91207
65 7 87761
65 8 72219
65 9 91149
65 10 88625
65 11 89785
65 12 74084
65 13 87629
65 14 86901
65 15 87563
65 16 65348
65 17 60807
65 18 81005
65 19 63047
65 20 67278
65 21 60885
65 22 68887
65 23 63171
65 24 71805
65 25 64528
65 26 57853
65 27 70985
65 28 66808
65 29 43506
65 30 69647
65 31 66131
65 32 68524
65 33 70145
65 34 70985
65 35 68067
65 36 68335
65 37 24064
65 38 25575
65 39 24661
65 40 10466
65 41 21364
65 42 20667
65 43 14559
65 44 28764
65 45 16690
65 46 28864
65 47 27733
65 48 20280
65 49 29743
65 50 26662
65 51 9958
65 52 500
65 53 1347
65 54 -161
65 55 -1550
65 56 -77
65 57 -1215
65 58 -4905
65 59 -15187
65 60 1451
65 61 -12502
65 62 -2724
65 63 -5780
65 64 -5806
65 66 -10634
65 67 48180
65 68 33438
65 69 52647
65 70 49665
65 71 43981
65 72 42353
65 73 41416
65 74 43988
65 75 32115
65 76 42569
65 77 30168
65 78 40015
65 79 36638
65 80 30399
65 81 92211
65 82 91688
65 83 87557
65 84 86765
65 85 86830
65 86 89760
65 87 87885
65 88 91724
65 89 85704
65 90 81714
65 91 84196
65 92 84902
65 93 81018
65 94 79931
65 95 84810
65 96 80372
65 97 72060
65 98 64738
65 99 77737
65 100 77558
65 101 80657
65 102 82821
65 103 72975
65 104 80620
65 105 85393
65 106 82983
65 107 80267
65 108 76081
65 109 66954
65 110 69929
65 111 90290
65 112 89547
65 113 87008
65 114 78836
65 115 67699
65 116 70003
65 117 89745
65 118 82055
65 119 90504
65 120 84871
65 121 79247
66 1 99771
66 2 105562
66 3 101998
66 4 102782
66 5 99266
66 6 100636
66 7 97233
66 8 81916
66 9 100675
66 10 98147
66 11 99341
66 12 83824
66 13 97274
66 14 96553
66 15 97165
66 16 75124
66 17 70592
66 18 89314
66 19 72775
66 20 77025
66 21 70647
66 22 78560
66 23 72874
66 24 81455
66 25 74188
66 26 67545
66 27 80559
66 28 76404
66 29 52859
66 30 79163
66 31 75658
66 32 78071
66 33 79622
66 34 80413
66 35 77577
66 36 77771
66 37 33768
66 38 35307
66 39 34412
66 40 20310
66 41 30955
66 42 30289
66 43 24251
66 44 38164
66 45 26186
66 46 38116
66 47 36996
66 48 29568
66 49 38826
66 50 35428
66 51 18693
66 52 6858
66 53 6066
66 54 5914
66 55 1830
66 56 469
66 57 5785
66 58 -2536
66 59 -6018
66 60 1072
66 61 -6110
66 62 614
66 63 -9000
66 64 -6058
66 65 -7469
66 67 52392
66 68 38258
66 69 56564
66 70 53289
66 71 47711
66 72 45533
66 73 45663
66 74 47529
66 75 35295
66 76 46825
66 77 34054
66 78 43319
66 79 40301
66 80 33208
66 81 100135
66 82 99344
66 83 95957
66 84 94899
66 85 94776
66 86 97534
66 87 95574
66 88 99294
66 89 93602
66 90 89765
66 91 92158
66 92 92743
66 93 88743
66 94 87722
66 95 92345
66 96 88034
66 97 79891
66 98 72018
66 99 85062
66 100 84875
66 101 87989
66 102 90160
66 103 79924
66 104 87663
66 105 92536
66 106 90084
66 107 87176
66 108 84667
66 109 75476
66 110 77599
66 111 98034
66 112 97568
66 113 95363
66 114 87127
66 115 75646
66 116 77346
66 117 97946
66 118 90446
66 119 98020
66 120 91772
66 121 86605
67 1 67666
67 2 73002
67 3 72154
67 4 73494
67 5 68975
67 6 70455
67 7 68216
67 8 60497
67 9 72682
67 10 69782
67 11 71764
67 12 63527
67 13 72682
67 14 71716
67 15 70564
67 16 73147
67 17 68714
67 18 46242
67 19 72960
67 20 77510
67 21 71374
67 22 79927
67 23 74763
67 24 83515
67 25 76429
67 26 70377
67 27 84683
67 28 80983
67 29 64529
67 30 84650
67 31 81395
67 32 84341
67 33 85531
67 34 88210
67 35 84421
67 36 85871
67 37 48576
67 38 51093
67 39 50890
67 40 39110
67 41 49486
67 42 49962
67 43 46462
67 44 59246
67 45 51665
67 46 61065
67 47 60784
67 48 55152
67 49 63577
67 50 64629
67 51 49928
67 52 34598
67 53 34978
67 54 37831
67 55 35312
67 56 34843
67 57 40875
67 58 35185
67 59 32321
67 60 45252
67 61 40679
67 62 48813
67 63 41321
67 64 45190
67 65 40760
67 66 41807
67 68 1780
67 69 -4733
67 70 -6270
67 71 245
67 72 3350
67 73 1324
67 74 4340
67 75 -6888
67 76 6473
67 77 -1956
67 78 8237
67 79 12464
67 80 6582
67 81 51107
67 82 48521
67 83 52050
67 84 48715
67 85 47018
67 86 48187
67 87 45849
67 88 48078
67 89 45945
67 90 43934
67 91 45435
67 92 44687
67 93 40369
67 94 40322
67 95 41821
67 96 39236
67 97 33648
67 98 23958
67 99 34081
67 100 34350
67 101 36600
67 102 38403
67 103 26675
67 104 34534
67 105 39240
67 106 36722
67 107 32903
67 108 45044
67 109 37244
67 110 32074
67 111 48298
67 112 50139
67 113 51101
67 114 44223
67 115 32000
67 116 27853
67 117 52052
67 118 48315
67 119 45615
67 120 35970
67 121 33938
68 1 67654
68 2 73064
68 3 71293
68 4 72464
68 5 68171
68 6 69532
68 7 66935
68 8 57065
68 9 71181
68 10 68434
68 11 70223
68 12 59941
68 13 70288
68 14 69473
68 15 68820
68 16 65639
68 17 61105
68 18 48585
68 19 65082
68 20 69418
68 21 63111
68 22 71966
68 23 66486
68 24 75440
68 25 68251
68 26 61869
68 27 76280
68 28 72366
68 29 54636
68 30 76037
68 31 72676
68 32 75398
68 33 76921
68 34 79190
68 35 75432
68 36 76739
68 37 37114
68 38 39379
68 39 39008
68 40 26552
68 41 37640
68 42 37882
68 43 33933
68 44 47285
68 45 39008
68 46 48989
68 47 48570
68 48 42670
68 49 51396
68 50 52069
68 51 37147
68 52 21500
68 53 22114
68 54 24803
68 55 22625
68 56 22608
68 57 27785
68 58 22578
68 59 19094
68 60 32809
68 61 27716
68 62 35990
68 63 28932
68 64 32518
68 65 27682
68 66 29337
68 67 3444
68 69 8250
68 70 5811
68 71 1114
68 72 2382
68 73 -2676
68 74 2553
68 75 -7856
68 76 -921
68 77 -10109
68 78 2309
68 79 2412
68 80 -1033
68 81 56242
68 82 54316
68 83 55110
68 84 52518
68 85 51396
68 86 53236
68 87 50981
68 88 53981
68 89 50159
68 90 47335
68 91 49196
68 92 49037
68 93 44686
68 94 44144
68 95 47199
68 96 43705
68 97 36810
68 98 27112
68 99 39386
68 100 39320
68 101 42204
68 102 44276
68 103 32969
68 104 40892
68 105 45877
68 106 43342
68 107 39900
68 108 46134
68 109 37377
68 110 34396
68 111 53543
68 112 54468
68 113 54262
68 114 46423
68 115 33790
68 116 32148
68 117 55830
68 118 50316
68 119 52223
68 120 44086
68 121 40474
69 1 69386
69 2 74715
69 3 74024
69 4 75390
69 5 70841
69 6 72345
69 7 70162
69 8 62744
69 9 74656
69 10 71730
69 11 73738
69 12 65786
69 13 74780
69 14 73789
69 15 72564
69 16 75811
69 17 71387
69 18 47697
69 19 75653
69 20 80220
69 21 74098
69 22 82623
69 23 77485
69 24 86219
69 25 79142
69 26 73115
69 27 87410
69 28 83726
69 29 67336
69 30 87390
69 31 84143
69 32 87104
69 33 88270
69 34 90975
69 35 87186
69 36 88642
69 37 51396
69 38 53904
69 39 53693
69 40 41850
69 41 52292
69 42 52753
69 43 49208
69 44 62046
69 45 54393
69 46 63858
69 47 63566
69 48 57906
69 49 66362
69 50 67375
69 51 52638
69 52 36760
69 53 37020
69 54 39949
69 55 37270
69 56 36629
69 57 43025
69 58 37105
69 59 34561
69 60 47099
69 61 42748
69 62 50813
69 63 43138
69 64 47119
69 65 42890
69 66 43642
69 67 -7070
69 68 4249
69 70 -8742
69 71 1684
69 72 4238
69 73 3504
69 74 5671
69 75 -6000
69 76 8626
69 77 -109
69 78 9606
69 79 14227
69 80 7844
69 81 51936
69 82 49225
69 83 53314
69 84 49856
69 85 48054
69 86 49081
69 87 46743
69 88 48773
69 89 47038
69 90 45198
69 91 46630
69 92 45759
69 93 41483
69 94 41549
69 95 42687
69 96 40327
69 97 35029
69 98 25510
69 99 35039
69 100 35410
69 101 37463
69 102 39179
69 103 27459
69 104 35258
69 105 39833
69 106 37335
69 107 33457
69 108 46709
69 109 39110
69 110 33695
69 111 49144
69 112 51169
69 113 52352
69 114 45715
69 115 33663
69 116 29093
69 117 53183
69 118 49828
69 119 46098
69 120 36101
69 121 34493
70 1 71372
70 2 76700
70 3 76022
70 4 77389
70 5 72839
70 6 74344
70 7 72161
70 8 64724
70 9 76656
70 10 73730
70 11 75738
70 12 67764
70 13 76776
70 14 75786
70 15 74564
70 16 77618
70 17 73185
70 18 49650
70 19 77432
70 20 81980
70 21 75842
70 22 84399
70 23 79231
70 24 87986
70 25 80899
70 26 74840
70 27 89150
70 28 85445
70 29 68918
70 30 89112
70 31 85854
70 32 88791
70 33 89994
70 34 92658
70 35 88869
70 36 90313
70 37 52719
70 38 55175
70 39 54927
70 40 42903
70 41 53537
70 42 53943
70 43 50274
70 44 63268
70 45 55418
70 46 65053
70 47 64726
70 48 58989
70 49 67532
70 50 68435
70 51 53619
70 52 37008
70 53 37144
70 54 40148
70 55 37310
70 56 36509
70 57 43254
70 58 37105
70 59 34884
70 60 47026
70 61 42885
70 62 50882
70 63 43034
70 64 47119
70 65 43089
70 66 43548
70 67 -5426
70 68 4991
70 69 -5561
70 71 1684
70 72 3713
70 73 4029
70 74 5491
70 75 -6525
70 76 9074
70 77 24
70 78 9342
70 79 14227
70 80 7432
70 81 53731
70 82 50982
70 83 55228
70 84 51742
70 85 49914
70 86 50900
70 87 48563
70 88 50529
70 89 48914
70 90 47115
70 91 48532
70 92 47630
70 93 43366
70 94 43459
70 95 44502
70 96 42205
70 97 36972
70 98 27484
70 99 36885
70 100 37284
70 101 39280
70 102 40968
70 103 29259
70 104 37036
70 105 41560
70 106 39072
70 107 35177
70 108 48692
70 109 41108
70 110 35676
70 111 50948
70 112 53026
70 113 54262
70 114 47674
70 115 35648
70 116 31012
70 117 55066
70 118 51791
70 119 47773
70 120 37637
70 121 36200
71 1 71891
71 2 77254
71 3 75961
71 4 77218
71 5 72801
71 6 74215
71 7 71802
71 8 62978
71 9 76167
71 10 73347
71 11 75236
71 12 65936
71 13 75723
71 14 74841
71 15 73943
71 16 73241
71 17 68738
71 18 51329
71 19 72810
71 20 77207
71 21 70949
71 22 79727
71 23 74336
71 24 83238
71 25 76078
71 26 69787
71 27 84180
71 28 80324
71 29 62913
71 30 84001
71 31 80667
71 32 83447
71 33 84887
71 34 87266
71 35 83495
71 36 84842
71 37 45594
71 38 47864
71 39 47490
71 40 34940
71 41 46122
71 42 46350
71 43 42323
71 44 55761
71 45 47352
71 46 57454
71 47 57018
71 48 51065
71 49 59848
71 50 60435
71 51 45427
71 52 27959
71 53 28093
71 54 31093
71 55 28282
71 56 27579
71 57 34202
71 58 28095
71 59 25854
71 60 38060
71 61 33833
71 62 41845
71 63 34092
71 64 38111
71 65 34034
71 66 34599
71 67 -2282
71 68 -3077
71 69 1494
71 70 -1687
71 72 -3861
71 73 -4070
71 74 -3273
71 75 -14099
71 76 473
71 77 -9026
71 78 634
71 79 5201
71 80 -1033
71 81 57328
71 82 54948
71 83 57488
71 84 54421
71 85 52929
71 86 54340
71 87 52016
71 88 54529
71 89 51773
71 90 49441
71 91 51080
71 92 50560
71 93 46199
71 94 45950
71 95 48053
71 96 45115
71 97 38986
71 98 29111
71 99 40227
71 100 40349
71 101 42873
71 102 44788
71 103 33123
71 104 41035
71 105 45877
71 106 43342
71 107 39619
71 108 49602
71 109 41311
71 110 36966
71 111 54525
71 112 56046
71 113 56575
71 114 49239
71 115 36723
71 116 33560
71 117 57763
71 118 53262
71 119 52323
71 120 43078
71 121 40586
72 1 75264
72 2 80634
72 3 79253
72 4 80493
72 5 76100
72 6 77502
72 7 75050
72 8 65952
72 9 79391
72 10 76587
72 11 78455
72 12 68886
72 13 78838
72 14 77975
72 15 77137
72 16 75428
72 17 70902
72 18 54862
72 19 74902
72 20 79249
72 21 72950
72 22 81794
72 23 76327
72 24 85274
72 25 78090
72 26 71716
72 27 86126
72 28 82214
72 29 64407
72 30 85886
72 31 82524
72 32 85243
72 33 86770
72 34 89032
72 35 85276
72 36 86577
72 37 46521
72 38 48675
72 39 48218
72 40 35280
72 41 46849
72 42 46953
72 43 42650
72 44 56411
72 45 47564
72 46 58030
72 47 57514
72 48 51391
72 49 60352
72 50 60678
72 51 45496
72 52 26579
72 53 26461
72 54 29601
72 55 26475
72 56 25469
72 57 32761
72 58 26205
72 59 24589
72 60 36028
72 61 32188
72 62 40069
72 63 32000
72 64 36205
72 65 32502
72 66 32517
72 67 919
72 68 -1713
72 69 4144
72 70 438
72 71 -3765
72 73 -1676
72 74 -3509
72 75 -17705
72 76 1798
72 77 -9452
72 78 -1568
72 79 3745
72 80 -3741
72 81 60934
72 82 58550
72 83 61054
72 84 58009
72 85 56528
72 86 57945
72 87 55622
72 88 58129
72 89 55370
72 90 53017
72 91 54667
72 92 54159
72 93 49796
72 94 49537
72 95 51658
72 96 48715
72 97 42552
72 98 32673
72 99 43832
72 100 43953
72 101 46477
72 102 48390
72 103 36720
72 104 44630
72 105 49464
72 106 46930
72 107 43196
72 108 53062
72 109 44698
72 110 40494
72 111 58130
72 112 59645
72 113 60144
72 114 52764
72 115 40224
72 116 37155
72 117 61351
72 118 56778
72 119 55906
72 120 46589
72 121 44174
73 1 69439
73 2 74817
73 3 73353
73 4 74580
73 5 70205
73 6 71599
73 7 69122
73 8 59952
73 9 73448
73 10 70653
73 11 72510
73 12 62886
73 13 72854
73 14 71997
73 15 71181
73 16 69744
73 17 65233
73 18 49371
73 19 69285
73 20 73669
73 21 67401
73 22 76196
73 23 70787
73 24 79699
73 25 72534
73 26 66224
73 27 80622
73 28 76755
73 29 59308
73 30 80431
73 31 77093
73 32 79864
73 33 81317
73 34 83679
73 35 79910
73 36 81252
73 37 42039
73 38 44333
73 39 43979
73 40 31550
73 41 42609
73 42 42869
73 43 38932
73 44 52266
73 45 44001
73 46 53978
73 47 53566
73 48 47669
73 49 56391
73 50 57065
73 51 42127
73 52 25621
73 53 25978
73 54 28840
73 55 26321
73 56 25928
73 57 31895
73 58 26205
73 59 23389
73 60 36300
73 61 31681
73 62 39815
73 63 32381
73 64 36205
73 65 31774
73 66 32856
73 67 -898
73 68 -6562
73 69 3619
73 70 963
73 71 -3765
73 72 -1467
73 74 -1509
73 75 -11705
73 76 -2527
73 77 -10637
73 78 712
73 79 3745
73 80 -1173
73 81 56034
73 82 53827
73 83 55689
73 84 52795
73 85 51442
73 86 53022
73 87 50719
73 88 53436
73 89 50247
73 90 47721
73 91 49445
73 92 49067
73 93 44697
73 94 44330
73 95 46819
73 96 43650
73 97 37215
73 98 27345
73 99 38972
73 100 39009
73 101 41696
73 102 43684
73 103 32128
73 104 40060
73 105 44983
73 106 42442
73 107 38823
73 108 47381
73 109 38907
73 110 35014
73 111 53257
73 112 54548
73 113 54798
73 114 47251
73 115 34655
73 116 32054
73 117 56131
73 118 51231
73 119 51429
73 120 42634
73 121 39668
74 1 73320
74 2 78692
74 3 77285
74 4 78521
74 5 74133
74 6 75532
74 7 73073
74 8 63952
74 9 77409
74 10 74608
74 11 76473
74 12 66886
74 13 76843
74 14 75982
74 15 75151
74 16 73528
74 17 69008
74 18 53020
74 19 73024
74 20 77383
74 21 71093
74 22 79922
74 23 74473
74 24 83410
74 25 76231
74 26 69877
74 27 84284
74 28 80387
74 29 62694
74 30 84060
74 31 80706
74 32 83441
74 33 84945
74 34 87239
74 35 83478
74 36 84792
74 37 44998
74 38 47195
74 39 46770
74 40 33988
74 41 45403
74 42 45556
74 43 41367
74 44 54997
74 45 46331
74 46 56646
74 47 56163
74 48 50111
74 49 58998
74 50 59435
74 51 44330
74 52 26156
74 53 26194
74 54 29248
74 55 26321
74 56 25520
74 57 32378
74 58 26107
74 59 24104
74 60 36028
74 61 31935
74 62 39900
74 63 32043
74 64 36121
74 65 32179
74 66 32555
74 67 -49
74 68 -3500
74 69 3619
74 70 258
74 71 -5135
74 72 -5467
74 73 -3676
74 75 -15705
74 76 -55
74 77 -10637
74 78 -1568
74 79 3263
74 80 -3259
74 81 59280
74 82 56950
74 83 59253
74 84 56255
74 85 54813
74 86 56281
74 87 53963
74 88 56538
74 89 53642
74 90 51235
74 91 52908
74 92 52441
74 93 48074
74 94 47781
74 95 50018
74 96 47003
74 97 40755
74 98 30873
74 99 42182
74 100 42276
74 101 44853
74 102 46790
74 103 35149
74 104 43068
74 105 47934
74 106 45397
74 107 41696
74 108 51161
74 109 42762
74 110 38651
74 111 56482
74 112 57927
74 113 58349
74 114 50915
74 115 38355
74 116 35428
74 117 59595
74 118 54918
74 119 54385
74 120 45230
74 121 42640
75 1 75264
75 2 80634
75 3 79253
75 4 80493
75 5 76100
75 6 77502
75 7 75050
75 8 65952
75 9 79391
75 10 76587
75 11 78455
75 12 68886
75 13 78838
75 14 77975
75 15 77137
75 16 75428
75 17 70902
75 18 54862
75 19 74902
75 20 79249
75 21 72950
75 22 81794
75 23 76327
75 24 85274
75 25 78090
75 26 71716
75 27 86126
75 28 82214
75 29 64407
75 30 85886
75 31 82524
75 32 85243
75 33 86770
75 34 89032
75 35 85276
75 36 86577
75 37 46521
75 38 48675
75 39 48218
75 40 35280
75 41 46849
75 42 46953
75 43 42650
75 44 56411
75 45 47564
75 46 58030
75 47 57514
75 48 51391
75 49 60352
75 50 60678
75 51 45496
75 52 26579
75 53 26461
75 54 29601
75 55 26475
75 56 25469
75 57 32761
75 58 26205
75 59 24589
75 60 36028
75 61 32188
75 62 40069
75 63 32000
75 64 36205
75 65 32502
75 66 32517
75 67 919
75 68 -1713
75 69 4144
75 70 438
75 71 -3765
75 72 -7467
75 73 -1676
75 74 -3509
75 76 1798
75 77 -9452
75 78 -1568
75 79 3745
75 80 -3741
75 81 60934
75 82 58550
75 83 61054
75 84 58009
75 85 56528
75 86 57945
75 87 55622
75 88 58129
75 89 55370
75 90 53017
75 91 54667
75 92 54159
75 93 49796
75 94 49537
75 95 51658
75 96 48715
75 97 42552
75 98 32673
75 99 43832
75 100 43953
75 101 46477
75 102 48390
75 103 36720
75 104 44630
75 105 49464
75 106 46930
75 107 43196
75 108 53062
75 109 44698
75 110 40494
75 111 58130
75 112 59645
75 113 60144
75 114 52764
75 115 40224
75 116 37155
75 117 61351
75 118 56778
75 119 55906
75 120 46589
75 121 44174
76 1 69958
76 2 75348
76 3 73755
76 4 74958
76 5 70617
76 6 71996
76 7 69468
76 8 59979
76 9 73760
76 10 70986
76 11 72814
76 12 62886
76 13 73033
76 14 72196
76 15 71453
76 16 69104
76 17 64578
76 18 50250
76 19 68580
76 20 72931
76 21 66635
76 22 75473
76 23 70014
76 24 78956
76 25 71774
76 26 65412
76 27 79820
76 28 75919
76 29 58239
76 30 79592
76 31 76236
76 32 78969
76 33 80476
76 34 82767
76 35 79006
76 36 80320
76 37 40678
76 38 42919
76 39 42528
76 40 29940
76 41 41161
76 42 41369
76 43 37323
76 44 50787
76 45 42354
76 46 52471
76 47 52027
76 48 46065
76 49 54857
76 50 55436
76 51 40438
76 52 23628
76 53 23978
76 54 26843
76 55 24324
76 56 23952
76 57 29900
76 58 24210
76 59 21408
76 60 34314
76 61 29681
76 62 37815
76 63 30398
76 64 34209
76 65 29778
76 66 30869
76 67 1102
76 68 -7956
76 69 5592
76 70 2859
76 71 -2371
76 72 -1142
76 73 -5676
76 74 -1037
76 75 -11380
76 77 -12281
76 78 -306
76 79 1909
76 80 -2583
76 81 57255
76 82 55132
76 83 56649
76 84 53855
76 85 52577
76 86 54240
76 87 51950
76 88 54756
76 89 51365
76 90 48739
76 91 50509
76 92 50203
76 93 45835
76 94 45409
76 95 48083
76 96 44809
76 97 38216
76 98 28383
76 99 40238
76 100 40240
76 101 42994
76 102 45010
76 103 33516
76 104 41449
76 105 46397
76 106 43856
76 107 40284
76 108 48092
76 109 39501
76 110 35930
76 111 54498
76 112 55673
76 113 55772
76 114 48114
76 115 35490
76 116 33212
76 117 57184
76 118 52064
76 119 52826
76 120 44206
76 121 41063
77 1 72434
77 2 77833
77 3 76149
77 4 77334
77 5 73020
77 6 74388
77 7 71821
77 8 62057
77 9 76085
77 10 73328
77 11 75132
77 12 64937
77 13 75247
77 14 74426
77 15 73745
77 16 70427
77 17 65883
77 18 52948
77 19 69816
77 20 74124
77 21 67794
77 22 76682
77 23 71158
77 24 80137
77 25 72934
77 26 66502
77 27 80918
77 28 76969
77 29 58937
77 30 80634
77 31 77254
77 32 79936
77 33 81515
77 34 83702
77 35 79957
77 36 81229
77 37 40890
77 38 43029
77 39 42565
77 40 29638
77 41 41196
77 42 41296
77 43 37011
77 44 50754
77 45 41943
77 46 52373
77 47 51860
77 48 45753
77 49 54698
77 50 55054
77 51 39909
77 52 21877
77 53 22039
77 54 25017
77 55 22270
77 56 21697
77 57 28121
77 58 22109
77 59 19774
77 60 32129
77 61 27775
77 62 35816
77 63 28186
77 64 32122
77 65 27959
77 66 28680
77 67 3255
77 68 -6562
77 69 7439
77 70 4391
77 71 -1288
77 72 -1810
77 73 -3204
77 74 -1037
77 75 -12048
77 76 -1699
77 78 -2691
77 79 -676
77 80 -5400
77 81 60065
77 82 57955
77 83 59379
77 84 56623
77 85 55368
77 86 57050
77 87 54763
77 88 57581
77 89 54152
77 90 51493
77 91 53279
77 92 52995
77 93 48629
77 94 48186
77 95 50902
77 96 47607
77 97 40968
77 98 31152
77 99 43058
77 100 43054
77 101 45817
77 102 47835
77 103 36344
77 104 44278
77 105 49226
77 106 46684
77 107 43109
77 108 50702
77 109 42047
77 110 38651
77 111 57312
77 112 58461
77 113 58508
77 114 50804
77 115 38173
77 116 36011
77 117 59950
77 118 54740
77 119 55655
77 120 47012
77 121 43892
78 1 75314
78 2 80707
78 3 79071
78 4 80263
78 5 75938
78 6 77311
78 7 74759
78 8 65053
78 9 79033
78 10 76270
78 11 78083
78 12 67935
78 13 78224
78 14 77400
78 15 76703
78 16 73312
78 17 68762
78 18 55615
78 19 72670
78 20 76964
78 21 70622
78 22 79526
78 23 73979
78 24 82971
78 25 75760
78 26 69302
78 27 83719
78 28 79752
78 29 61555
78 30 83413
78 31 80023
78 32 82683
78 33 84291
78 34 86434
78 35 82697
78 36 83949
78 37 43242
78 38 45318
78 39 44807
78 40 31644
78 41 43429
78 42 43457
78 43 38998
78 44 52936
78 45 43847
78 46 54506
78 47 53944
78 48 47728
78 49 56784
78 50 56965
78 51 41701
78 52 22456
78 53 22355
78 54 25482
78 55 22398
78 56 21483
78 57 28640
78 58 22149
78 59 20467
78 60 32017
78 61 28087
78 62 35990
78 63 28012
78 64 32156
78 65 28388
78 66 28527
78 67 4030
78 68 -3562
78 69 7736
78 70 4291
78 71 -1046
78 72 -3344
78 73 -1273
78 74 -1386
78 75 -13582
78 76 858
78 77 -12109
78 79 -327
78 80 -7331
78 81 62434
78 82 60229
78 83 61989
78 84 59149
78 85 57824
78 86 59422
78 87 57120
78 88 59837
78 89 56623
78 90 54054
78 91 55800
78 92 55448
78 93 51079
78 94 50691
78 95 53222
78 96 50038
78 97 43537
78 98 33684
78 99 45375
78 100 45409
78 101 48099
78 102 50084
78 103 38516
78 104 46447
78 105 51361
78 106 48820
78 107 45181
78 108 53477
78 109 44878
78 110 41282
78 111 59659
78 112 60927
78 113 61107
78 114 53482
78 115 40863
78 116 38440
78 117 62482
78 118 57438
78 119 57810
78 120 48901
78 121 46051
79 1 74604
79 2 80027
79 3 78126
79 4 79268
79 5 75019
79 6 76367
79 7 73710
79 8 63366
79 9 77909
79 10 75186
79 11 76937
79 12 66186
79 13 76825
79 14 76036
79 15 75487
79 16 70372
79 17 65802
79 18 55787
79 19 69617
79 20 73865
79 21 67486
79 22 76433
79 23 70818
79 24 79843
79 25 72610
79 26 66079
79 27 80491
79 28 76475
79 29 57919
79 30 80120
79 31 76706
79 32 79315
79 33 80992
79 34 83024
79 35 79310
79 36 80513
79 37 39257
79 38 41269
79 39 40715
79 40 27381
79 41 39325
79 42 39293
79 43 34718
79 44 48784
79 45 39520
79 46 50315
79 47 49719
79 48 43436
79 49 52558
79 50 52636
79 51 37321
79 52 18114
79 53 18133
79 54 21190
79 55 18286
79 56 17614
79 57 24326
79 58 18095
79 59 16090
79 60 28073
79 61 23875
79 62 31855
79 63 24115
79 64 28111
79 65 24119
79 66 24617
79 67 7365
79 68 -4351
79 69 11465
79 70 8284
79 71 2629
79 72 1077
79 73 868
79 74 2553
79 75 -9161
79 76 2181
79 77 -10986
79 78 -1219
79 80 -7803
79 81 63391
79 82 61402
79 83 62320
79 84 59723
79 85 58580
79 86 60381
79 87 58115
79 88 61051
79 89 57346
79 90 54543
79 91 56397
79 92 56217
79 93 51862
79 94 51339
79 95 54306
79 96 50870
79 97 44018
79 98 34301
79 99 46478
79 100 46433
79 101 49275
79 102 51326
79 103 39929
79 104 47859
79 105 52830
79 106 50291
79 107 46777
79 108 53274
79 109 44460
79 110 41607
79 111 60674
79 112 61656
79 113 61473
79 114 53623
79 115 40992
79 116 39299
79 117 63036
79 118 57507
79 119 59224
79 120 50806
79 121 47464
80 1 78399
80 2 83813
80 3 81981
80 4 83135
80 5 78867
80 6 80220
80 7 77588
80 8 67346
80 9 81803
80 10 79072
80 11 80836
80 12 70171
80 13 80769
80 14 79975
80 15 79401
80 16 74269
80 17 69693
80 18 59251
80 19 73480
80 20 77715
80 21 71324
80 22 80283
80 23 74645
80 24 83681
80 25 76440
80 26 69883
80 27 84290
80 28 80256
80 29 61507
80 30 83892
80 31 80468
80 32 83054
80 33 84759
80 34 86741
80 35 83040
80 36 84218
80 37 42562
80 38 44503
80 39 43896
80 40 30295
80 41 42481
80 42 42365
80 43 37585
80 44 51867
80 45 42270
80 46 53333
80 47 52678
80 48 46264
80 49 55511
80 50 55364
80 51 39901
80 52 19176
80 53 18811
80 54 22069
80 55 18671
80 56 17485
80 57 25267
80 58 18337
80 59 17257
80 60 28073
80 61 24482
80 62 32263
80 63 24013
80 64 28311
80 65 24884
80 66 24528
80 67 8487
80 68 -792
80 69 12086
80 70 8493
80 71 3399
80 72 595
80 73 2954
80 74 3035
80 75 -9643
80 76 4693
80 77 -8706
80 78 -1219
80 79 -799
80 81 66468
80 82 64350
80 83 65718
80 84 63002
80 85 61764
80 86 63453
80 87 61166
80 88 63973
80 89 60546
80 90 57860
80 91 59661
80 92 59392
80 93 55026
80 94 54573
80 95 57302
80 96 54007
80 97 47333
80 98 37534
80 99 49458
80 100 49457
80 101 52213
80 102 54225
80 103 42713
80 104 50647
80 105 55585
80 106 53043
80 107 49443
80 108 56890
80 109 48147
80 110 44988
80 111 63715
80 112 64856
80 113 64855
80 114 57099
80 115 44464
80 116 42413
80 117 66326
80 118 61015
80 119 62022
80 120 53256
80 121 50259
81 1 21955
81 2 27448
81 3 30544
81 4 32536
81 5 27739
81 6 30345
81 7 29539
81 8 30359
81 9 34193
81 10 30367
81 11 32789
81 12 32891
81 13 37050
81 14 34877
81 15 31789
81 16 57501
81 17 54063
81 18 11513
81 19 58737
81 20 65321
81 21 60813
81 22 65186
81 23 62965
81 24 69219
81 25 63080
81 26 60077
81 27 71686
81 28 69913
81 29 60776
81 30 72488
81 31 70179
81 32 75112
81 33 72862
81 34 78198
81 35 75088
81 36 76831
81 37 60275
81 38 64998
81 39 66282
81 40 61161
81 41 63285
81 42 65904
81 43 66731
81 44 72944
81 45 72274
81 46 75142
81 47 76200
81 48 73264
81 49 78014
81 50 82105
81 51 69948
81 52 74255
81 53 76345
81 54 77772
81 55 77409
81 56 78887
81 57 79970
81 58 77453
81 59 69337
81 60 87981
81 61 80053
81 62 89189
81 63 84020
81 64 86381
81 65 78859
81 66 83618
81 67 45175
81 68 48646
81 69 48341
81 70 46955
81 71 53923
81 72 57433
81 73 52324
81 74 57737
81 75 47195
81 76 56694
81 77 48922
81 78 60709
81 79 62558
81 80 58631
81 82 2747
81 83 5181
81 84 3715
81 85 4067
81 86 5825
81 87 7921
81 88 6600
81 89 8368
81 90 8820
81 91 10376
81 92 8589
81 93 11279
81 94 13537
81 95 10066
81 96 11749
81 97 11826
81 98 23380
81 99 14988
81 100 19009
81 101 13776
81 102 11904
81 103 16279
81 104 18721
81 105 14540
81 106 14652
81 107 17023
81 108 12351
81 109 15262
81 110 23340
81 111 4885
81 112 3344
81 113 4683
81 114 11817
81 115 17169
81 116 17283
81 117 4146
81 118 13838
81 119 -914
81 120 5814
81 121 -2677
82 1 26578
82 2 32032
82 3 34741
82 4 36674
82 5 31854
82 6 34299
82 7 33360
82 8 33460
82 9 38056
82 10 34341
82 11 36750
82 12 36129
82 13 40722
82 14 38702
82 15 35780
82 16 59736
82 17 56182
82 18 12037
82 19 60890
82 20 67243
82 21 62552
82 22 67447
82 23 64897
82 24 71454
82 25 65209
82 26 61869
82 27 73846
82 28 71862
82 29 62129
82 30 74600
82 31 72189
82 32 76908
82 33 75049
82 34 80141
82 35 76917
82 36 78672
82 37 60046
82 38 64572
82 39 65726
82 40 60025
82 41 62938
82 42 65370
82 43 65829
82 44 72670
82 45 71403
82 46 74875
82 47 75814
82 48 72644
82 49 77753
82 50 81630
82 51 69253
82 52 71741
82 53 73701
82 54 75264
82 55 74734
82 56 76057
82 57 77555
82 58 74789
82 59 67124
82 60 85312
82 61 77692
82 62 86745
82 63 81385
82 64 83882
82 65 76623
82 66 81114
82 67 40876
82 68 45007
82 69 43917
82 70 42493
82 71 49830
82 72 53336
82 73 48404
82 74 53694
82 75 43098
82 76 52858
82 77 45099
82 78 56791
82 79 58856
82 80 54800
82 81 1034
82 83 8553
82 84 5317
82 85 3684
82 86 3422
82 87 4704
82 88 1765
82 89 6934
82 90 8160
82 91 9196
82 92 6651
82 93 8595
82 94 11186
82 95 6214
82 96 8787
82 97 9609
82 98 20096
82 99 11102
82 100 15288
82 101 9693
82 102 7586
82 103 11946
82 104 14287
82 105 9786
82 106 9972
82 107 12330
82 108 13553
82 109 15154
82 110 20701
82 111 2054
82 112 4648
82 113 7781
82 114 11981
82 115 15225
82 116 13820
82 117 7041
82 118 14649
82 119 -2985
82 120 1183
82 121 -7677
83 1 14626
83 2 20000
83 3 22102
83 4 23987
83 5 19159
83 6 21525
83 7 20556
83 8 20952
83 9 25257
83 10 21568
83 11 23970
83 12 23523
83 13 27926
83 14 25896
83 15 23008
83 16 48155
83 17 44758
83 18 5962
83 19 49416
83 20 56096
83 21 51683
83 22 55828
83 23 53733
83 24 59868
83 25 53764
83 26 50913
83 27 62357
83 28 60667
83 29 51860
83 30 63174
83 31 60905
83 32 65937
83 33 63522
83 34 68949
83 35 65896
83 36 67630
83 37 52923
83 38 57893
83 39 59347
83 40 55052
83 41 56061
83 42 58922
83 43 60253
83 44 65613
83 45 65731
83 46 67793
83 47 68998
83 48 66366
83 49 70648
83 50 74993
83 51 63126
83 52 70506
83 53 72847
83 54 73991
83 55 73953
83 56 75744
83 57 75997
83 58 73960
83 59 64965
83 60 84472
83 61 75933
83 62 85222
83 63 80425
83 64 82514
83 65 74492
83 66 79727
83 67 46405
83 68 47801
83 69 50006
83 70 48739
83 71 54370
83 72 57840
83 73 52266
83 74 57997
83 75 47602
83 76 56375
83 77 48523
83 78 60551
83 79 61774
83 80 58168
83 81 5468
83 82 10553
83 84 1814
83 85 5605
83 86 10192
83 87 11688
83 88 13421
83 89 8934
83 90 6602
83 91 9394
83 92 9589
83 93 11967
83 94 13097
83 95 13537
83 96 12740
83 97 10351
83 98 22827
83 99 17060
83 100 20387
83 101 16651
83 102 15697
83 103 18998
83 104 22023
83 105 19412
83 106 19102
83 107 21181
83 108 4680
83 109 9067
83 110 21664
83 111 10234
83 112 4953
83 113 -3261
83 114 6583
83 115 14344
83 116 17698
83 117 1427
83 118 7440
83 119 8416
83 120 13857
83 121 4323
84 1 19721
84 2 25092
84 3 27030
84 4 28875
84 5 24044
84 6 26303
84 7 25219
84 8 24901
84 9 29943
84 10 26339
84 11 28724
84 12 27605
84 13 32426
84 14 30524
84 15 27774
84 16 51210
84 17 47690
84 18 4548
84 19 52389
84 20 58823
84 21 54211
84 22 58917
84 23 56474
84 24 62931
84 25 56717
84 26 53505
84 27 65345
84 28 63434
84 29 54004
84 30 66115
84 31 63739
84 32 68545
84 33 66541
84 34 71718
84 35 68540
84 36 70290
84 37 53299
84 38 58051
84 39 59361
84 40 54420
84 41 56324
84 42 58977
84 43 59903
84 44 65972
84 45 65433
84 46 68169
84 47 69243
84 48 66354
84 49 71040
84 50 75163
84 51 63054
84 52 68381
84 53 70587
84 54 71887
84 55 71674
84 56 73302
84 57 74002
84 58 71703
84 59 63202
84 60 82228
84 61 74029
84 62 83231
84 63 78231
84 64 80469
84 65 72732
84 66 77701
84 67 42102
84 68 44241
84 69 45580
84 70 44285
84 71 50335
84 72 53827
84 73 48404
84 74 54031
84 75 43589
84 76 52613
84 77 44799
84 78 56743
84 79 58209
84 80 54484
84 81 3034
84 82 6349
84 83 846
84 85 521
84 86 5253
84 87 6599
84 88 8749
84 89 4033
84 90 2772
84 91 5027
84 92 4672
84 93 7312
84 94 8833
84 95 8454
84 96 8047
84 97 6604
84 98 18950
84 99 12257
84 100 15772
84 101 11687
84 102 10624
84 103 14142
84 104 17051
84 105 14313
84 106 14014
84 107 16124
84 108 5420
84 109 8346
84 110 18189
84 111 5457
84 112 481
84 113 -138
84 114 4930
84 115 11373
84 116 13399
84 117 57
84 118 6838
84 119 5015
84 120 9212
84 121 -470
85 1 22872
85 2 28246
85 3 30173
85 4 32008
85 5 27177
85 6 29407
85 7 28287
85 8 27677
85 9 33015
85 10 29439
85 11 31817
85 12 30433
85 13 35428
85 14 33572
85 15 30869
85 16 53515
85 17 49934
85 18 5723
85 19 54647
85 20 60957
85 21 56243
85 22 61230
85 23 58611
85 24 65229
85 25 58960
85 26 55564
85 27 67601
85 28 65578
85 29 55806
85 30 68344
85 31 65913
85 32 70603
85 33 68809
85 34 73854
85 35 70616
85 36 72371
85 37 54103
85 38 58724
85 39 59946
85 40 54603
85 41 57052
85 42 59579
85 43 60253
85 44 66751
85 45 65809
85 46 68953
85 47 69949
85 48 66902
85 49 71830
85 50 75813
85 51 63556
85 52 67576
85 53 69687
85 54 71091
85 55 70757
85 56 72271
85 57 73277
85 58 70798
85 59 62630
85 60 81325
85 61 73355
85 62 82498
85 63 77358
85 64 79697
85 65 72153
85 66 76934
85 67 39761
85 68 42475
85 69 43134
85 70 41813
85 71 48199
85 72 51702
85 73 46407
85 74 51945
85 75 41464
85 76 50691
85 77 42900
85 78 54774
85 79 56422
85 80 52602
85 81 2742
85 82 4072
85 83 3993
85 84 -123
85 86 2250
85 87 3442
85 88 5932
85 89 1762
85 90 2214
85 91 3668
85 92 2195
85 93 5036
85 94 7022
85 95 5404
85 96 5669
85 97 5200
85 98 17119
85 99 9609
85 100 13327
85 101 8831
85 102 7586
85 103 11382
85 104 14156
85 105 11182
85 106 10927
85 107 13098
85 108 7240
85 109 9067
85 110 16779
85 111 2660
85 112 481
85 113 3019
85 114 5739
85 115 10469
85 116 11254
85 117 2821
85 118 8325
85 119 3195
85 120 6282
85 121 -3457
86 1 25315
86 2 30708
86 3 32834
86 4 34691
86 5 29860
86 6 32133
86 7 31047
86 8 30505
86 9 35771
86 10 32170
86 11 34555
86 12 33261
86 13 38224
86 14 36345
86 15 33604
86 16 56243
86 17 52640
86 18 8247
86 19 57358
86 20 63622
86 21 58867
86 22 63959
86 23 61277
86 24 67953
86 25 61664
86 26 58198
86 27 70309
86 28 68244
86 29 58320
86 30 71042
86 31 68591
86 32 73234
86 33 71521
86 34 76517
86 35 73254
86 36 75010
86 37 56046
86 38 60578
86 39 61740
86 40 56107
86 41 58941
86 42 61382
86 43 61877
86 44 68672
86 45 67448
86 46 70876
86 47 71819
86 48 68663
86 49 73754
86 50 77640
86 51 65279
86 52 68256
86 53 70280
86 54 71777
86 55 71330
86 56 72736
86 57 74026
86 58 71379
86 59 63510
86 60 81906
86 61 74141
86 62 83231
86 63 77962
86 64 80393
86 65 73020
86 66 77629
86 67 38867
86 68 42252
86 69 42098
86 70 40736
86 71 47547
86 72 51056
86 73 45924
86 74 51350
86 75 40818
86 76 50291
86 77 42519
86 78 54309
86 79 56160
86 80 52228
86 81 2437
86 82 1747
86 83 6517
86 84 2546
86 85 187
86 87 1555
86 88 3135
86 89 2934
86 90 4186
86 91 5196
86 92 2712
86 93 5036
86 94 7481
86 95 3789
86 96 5417
86 97 5881
86 98 17028
86 99 8622
86 100 12610
86 101 7500
86 102 5832
86 103 10073
86 104 12624
86 105 9016
86 106 8934
86 107 11240
86 108 9892
86 109 11172
86 110 17208
86 111 54
86 112 2368
86 113 5588
86 114 8086
86 115 11432
86 116 10890
86 117 5101
86 118 10921
86 119 1015
86 120 3457
86 121 -6274
87 1 26995
87 2 32369
87 3 34235
87 4 36053
87 5 31223
87 6 33407
87 7 32234
87 8 31229
87 9 36967
87 10 33430
87 11 35797
87 12 34046
87 13 39278
87 14 37484
87 15 34852
87 16 56411
87 17 52752
87 18 8294
87 19 57478
87 20 63629
87 21 58786
87 22 64128
87 23 61284
87 24 68107
87 25 61766
87 26 58135
87 27 70419
87 28 68251
87 29 58026
87 30 71124
87 31 68623
87 32 73162
87 33 71638
87 34 76511
87 35 73196
87 36 74954
87 37 55046
87 38 59495
87 39 60603
87 40 54737
87 41 57888
87 42 60250
87 43 60596
87 44 67646
87 45 66177
87 46 69851
87 47 70744
87 48 67492
87 49 72730
87 50 76523
87 51 64073
87 52 66397
87 53 68382
87 54 69920
87 55 69422
87 56 70784
87 57 72198
87 58 69475
87 59 61747
87 60 80000
87 61 72328
87 62 81393
87 63 76066
87 64 78538
87 65 71248
87 66 75772
87 67 36632
87 68 40100
87 69 39863
87 70 38502
87 71 45326
87 72 48836
87 73 43724
87 74 49135
87 75 38598
87 76 48104
87 77 40335
87 78 52110
87 79 53997
87 80 50044
87 81 4636
87 82 3132
87 83 8116
87 84 3995
87 85 1482
87 86 1658
87 88 3529
87 89 2540
87 90 3823
87 91 4581
87 92 1751
87 93 3210
87 94 5817
87 95 1566
87 96 3438
87 97 4238
87 98 14945
87 99 6394
87 100 10411
87 101 5267
87 102 3669
87 103 7846
87 104 10425
87 105 7078
87 106 6889
87 107 9140
87 108 10051
87 109 10506
87 110 15340
87 111 1882
87 112 4245
87 113 7141
87 114 7864
87 115 9868
87 116 8753
87 117 6876
87 118 11045
87 119 2213
87 120 2809
87 121 -6846
88 1 28117
88 2 33544
88 3 35983
88 4 37878
88 5 33050
88 6 35401
88 7 34379
88 8 34056
88 9 39094
88 10 35444
88 11 37840
88 12 36792
88 13 41635
88 14 39701
88 15 36883
88 16 59841
88 17 56232
88 18 11795
88 19 60950
88 20 67195
88 21 62419
88 22 67557
88 23 64850
88 24 71550
88 25 65254
88 26 61755
88 27 73901
88 28 71818
88 29 61801
88 30 74630
88 31 72170
88 32 76789
88 33 75114
88 34 80088
88 35 76813
88 36 78570
88 37 59046
88 38 63494
88 39 64597
88 40 58673
88 41 61887
88 42 64244
88 43 64561
88 44 71646
88 45 70145
88 46 73851
88 47 74743
88 48 71481
88 49 76730
88 50 80519
88 51 68056
88 52 69913
88 53 71833
88 54 73437
88 55 72856
88 56 74133
88 57 75756
88 58 72913
88 59 65388
88 60 83434
88 61 75906
88 62 84934
88 63 79515
88 64 82052
88 65 74877
88 66 79282
88 67 38651
88 68 42890
88 69 41683
88 70 40258
88 71 47629
88 72 51133
88 73 46231
88 74 51500
88 75 40895
88 76 50700
88 77 42943
88 78 54617
88 79 56723
88 80 52641
88 81 3105
88 82 -17
88 83 9639
88 84 5935
88 85 3762
88 86 3028
88 87 3319
88 89 6214
88 90 7555
88 91 8416
88 92 5660
88 93 7045
88 94 9717
88 95 4235
88 96 7094
88 97 8116
88 98 18118
88 99 9002
88 100 13222
88 101 7550
88 102 5396
88 103 9729
88 104 12061
88 105 7560
88 106 7738
88 107 10098
88 108 13475
88 109 14428
88 110 18956
88 111 1882
88 112 5456
88 113 8777
88 114 11550
88 115 13760
88 116 11816
88 117 8117
88 118 14490
88 119 -1660
88 120 3
88 121 -9515
89 1 24416
89 2 29763
89 3 31260
89 4 33030
89 5 28207
89 6 30301
89 7 29041
89 8 27725
89 9 33777
89 10 30301
89 11 32648
89 12 30568
89 13 35964
89 14 34235
89 15 31704
89 16 52808
89 17 49153
89 18 4688
89 19 53878
89 20 60044
89 21 55220
89 22 60524
89 23 57699
89 24 64504
89 25 58168
89 26 54565
89 27 66821
89 28 64667
89 29 54531
89 30 67529
89 31 65035
89 32 69595
89 33 68039
89 34 72929
89 35 69626
89 36 71383
89 37 52046
89 38 56585
89 39 57754
89 40 52199
89 41 54944
89 42 57395
89 43 57930
89 44 64673
89 45 63497
89 46 66877
89 47 67824
89 48 64684
89 49 69756
89 50 73650
89 51 61308
89 52 64822
89 53 66914
89 54 68338
89 55 67979
89 56 69475
89 57 70541
89 58 68023
89 59 59933
89 60 78550
89 61 70629
89 62 79758
89 63 74588
89 64 76948
89 65 69452
89 66 74185
89 67 37113
89 68 39663
89 69 40543
89 70 39238
89 71 45468
89 72 48969
89 73 43637
89 74 49199
89 75 38731
89 76 47904
89 77 40109
89 78 51998
89 79 53613
89 80 49809
89 81 5468
89 82 5747
89 83 5747
89 84 1814
89 85 187
89 86 3422
89 87 2925
89 88 6809
89 90 277
89 91 1196
89 92 -411
89 93 2297
89 94 4194
89 95 3789
89 96 2992
89 97 2400
89 98 14305
89 99 7158
89 100 10714
89 101 6651
89 102 5832
89 103 9051
89 104 12023
89 105 9786
89 106 9291
89 107 11240
89 108 6447
89 109 7200
89 110 13960
89 111 4054
89 112 3245
89 113 4739
89 114 4300
89 115 7760
89 116 8503
89 117 5101
89 118 7440
89 119 5015
89 120 6404
89 121 -3243
90 1 23003
90 2 28329
90 3 29364
90 4 31069
90 5 26265
90 6 28239
90 7 26851
90 8 25003
90 9 31584
90 10 28192
90 11 30508
90 12 27892
90 13 33573
90 14 31940
90 15 29558
90 16 49734
90 17 46060
90 18 1720
90 19 50787
90 20 56922
90 21 52079
90 22 57450
90 23 54577
90 24 61424
90 25 55071
90 26 51427
90 27 63726
90 28 61544
90 29 51369
90 30 64425
90 31 61918
90 32 66455
90 33 64946
90 34 69803
90 35 66489
90 36 68246
90 37 49070
90 38 53659
90 39 54866
90 40 49510
90 41 51999
90 42 54501
90 43 55154
90 44 61709
90 45 60710
90 46 63913
90 47 64890
90 48 61817
90 49 66790
90 50 70741
90 51 58465
90 52 62830
90 53 65004
90 54 66340
90 55 66086
90 56 67685
90 57 68483
90 58 66120
90 59 57754
90 60 76646
90 61 68533
90 62 77710
90 63 72658
90 64 74933
90 65 67281
90 66 72167
90 67 36921
90 68 38658
90 69 40522
90 70 39258
90 71 44955
90 72 48435
90 73 42930
90 74 48611
90 75 38197
90 76 47097
90 77 39269
90 78 51248
90 79 52629
90 80 48942
90 81 7739
90 82 8792
90 83 5234
90 84 2372
90 85 2458
90 86 6493
90 87 6027
90 88 9969
90 89 2096
90 91 610
90 92 2195
90 93 2924
90 94 3636
90 95 6214
90 96 3690
90 97 1009
90 98 13454
90 99 8005
90 100 11051
90 101 8091
90 102 7882
90 103 9949
90 104 13341
90 105 12054
90 106 11305
90 107 12909
90 108 3460
90 109 4109
90 110 12553
90 111 7116
90 112 4953
90 113 4283
90 114 1156
90 115 5746
90 116 8212
90 117 5631
90 118 4495
90 119 8046
90 120 9419
90 121 -147
91 1 24112
91 2 29443
91 3 30612
91 4 32334
91 5 27524
91 6 29528
91 7 28170
91 8 26412
91 9 32905
91 10 29494
91 11 31817
91 12 29297
91 13 34935
91 14 33284
91 15 30869
91 16 51115
91 17 47432
91 18 3134
91 19 52160
91 20 58275
91 21 53412
91 22 58830
91 23 55929
91 24 62802
91 25 56440
91 26 52764
91 27 65096
91 28 62895
91 29 52644
91 30 65791
91 31 63274
91 32 67790
91 33 66317
91 34 71151
91 35 67826
91 36 69584
91 37 50047
91 38 54588
91 39 55762
91 40 50248
91 41 52946
91 42 55402
91 43 55959
91 44 62674
91 45 61523
91 46 64878
91 47 65827
91 48 62695
91 49 67756
91 50 71656
91 51 59323
91 52 63126
91 53 65254
91 54 66640
91 55 66327
91 56 67869
91 57 68817
91 58 66366
91 59 58159
91 60 76893
91 61 68890
91 62 78039
91 63 72920
91 64 75243
91 65 67682
91 66 72479
91 67 36341
91 68 38438
91 69 39873
91 70 38594
91 71 44513
91 72 48004
91 73 42573
91 74 48203
91 75 37766
91 76 46786
91 77 38974
91 78 50913
91 79 52402
91 80 48662
91 81 7214
91 82 7747
91 83 5945
91 84 2546
91 85 1831
91 86 5422
91 87 4704
91 88 8749
91 89 934
91 90 -1471
91 92 825
91 93 1825
91 94 3009
91 95 4807
91 96 2607
91 97 869
91 98 13124
91 99 6960
91 100 10189
91 101 6871
91 102 6530
91 103 8918
91 104 12176
91 105 10678
91 106 9972
91 107 11658
91 108 4870
91 109 5220
91 110 12482
91 111 6054
91 112 4648
91 113 4959
91 114 2515
91 115 6006
91 116 7611
91 117 5883
91 118 5909
91 119 7015
91 120 8031
91 121 -1497
92 1 25401
92 2 30746
92 3 32199
92 4 33960
92 5 29140
92 6 31214
92 7 29932
92 8 28473
92 9 34669
92 10 31208
92 11 33550
92 12 31333
92 13 36814
92 14 35108
92 15 32606
92 16 53339
92 17 49661
92 18 5287
92 19 54389
92 20 60510
92 21 55648
92 22 61054
92 23 58164
92 24 65028
92 25 58671
92 26 55000
92 27 67326
92 28 65131
92 29 54865
92 30 68023
92 31 65509
92 32 70025
92 33 68547
92 34 73387
92 35 70062
92 36 71820
92 37 52039
92 38 56533
92 39 57674
92 40 51987
92 41 54909
92 42 57318
92 43 57770
92 44 64653
92 45 63343
92 46 66858
92 47 67778
92 48 64586
92 49 69736
92 50 73582
92 51 61191
92 52 64302
92 53 66367
92 54 67821
92 55 67426
92 56 68889
92 57 70044
92 58 67472
92 59 59480
92 60 78000
92 61 70145
92 62 79256
92 63 74045
92 64 76434
92 65 68995
92 66 73671
92 67 36200
92 68 38886
92 69 39609
92 70 38299
92 71 44600
92 72 48103
92 73 42802
92 74 48343
92 75 37865
92 76 47087
92 77 39297
92 78 51168
92 79 52829
92 80 49000
92 81 6034
92 82 5809
92 83 6747
92 84 2798
92 85 965
92 86 3545
92 87 2481
92 88 6600
92 89 -66
92 90 721
92 91 1432
92 93 1431
92 94 3537
92 95 2876
92 96 2079
92 97 1860
92 98 13535
92 99 6180
92 100 9779
92 101 5651
92 102 4866
92 103 8060
92 104 11023
92 105 8865
92 106 8329
92 107 10251
92 108 7046
92 109 7364
92 110 13340
92 111 4153
92 112 4076
92 113 5739
92 114 4746
92 115 7344
92 116 7649
92 117 6067
92 118 8058
92 119 5053
92 120 5814
92 121 -3733
93 1 28083
93 2 33411
93 3 34446
93 4 36138
93 5 31340
93 6 33286
93 7 31851
93 8 29552
93 9 36581
93 10 33221
93 11 35523
93 12 32495
93 13 38453
93 14 36879
93 15 34569
93 16 53362
93 17 49591
93 18 6421
93 19 54323
93 20 60258
93 21 55251
93 22 61061
93 23 57906
93 24 65007
93 25 58565
93 26 54624
93 27 67225
93 28 64861
93 29 54083
93 30 67872
93 31 65276
93 32 69622
93 33 68451
93 34 73084
93 35 69679
93 36 71436
93 37 50107
93 38 54467
93 39 55520
93 40 49464
93 41 52888
93 42 55171
93 43 55385
93 44 62674
93 45 60973
93 46 64878
93 47 65719
93 48 62372
93 49 67756
93 50 71453
93 51 58921
93 52 61060
93 53 63073
93 54 64582
93 55 64121
93 56 65526
93 57 66844
93 58 64171
93 59 56371
93 60 74697
93 61 66968
93 62 76045
93 63 70755
93 64 73199
93 65 65875
93 66 70435
93 67 32646
93 68 35299
93 69 36097
93 70 34799
93 71 41003
93 72 44504
93 73 39196
93 74 44740
93 75 34266
93 76 43483
93 77 35695
93 78 47563
93 79 49238
93 80 45398
93 81 9488
93 82 8517
93 83 9889
93 84 6202
93 85 4570
93 86 6633
93 87 4704
93 88 8749
93 89 3406
93 90 2214
93 91 3196
93 92 2195
93 94 537
93 95 2527
93 96 -1393
93 97 -1103
93 98 9962
93 99 2960
93 100 6289
93 101 3036
93 102 3243
93 103 4918
93 104 8243
93 105 7501
93 106 6491
93 107 7868
93 108 7841
93 109 6385
93 110 10002
93 111 7116
93 112 7679
93 113 8892
93 114 5286
93 115 4542
93 116 4045
93 117 9526
93 118 9134
93 119 7539
93 120 6158
93 121 -2627
94 1 27898
94 2 33217
94 3 33949
94 4 35596
94 5 30818
94 6 32687
94 7 31155
94 8 28390
94 9 35873
94 10 32574
94 11 34848
94 12 31366
94 13 37577
94 14 36076
94 15 33882
94 16 51747
94 17 47947
94 18 5723
94 19 52677
94 20 58557
94 21 53509
94 22 59438
94 23 56202
94 24 63374
94 25 56905
94 26 52885
94 27 65565
94 28 63151
94 29 52240
94 30 66195
94 31 63575
94 32 67874
94 33 66791
94 34 71362
94 35 67936
94 36 69691
94 37 48109
94 38 52467
94 39 53521
94 40 47493
94 41 50888
94 42 53172
94 43 53399
94 44 60675
94 45 58986
94 46 62879
94 47 63719
94 48 60375
94 49 65757
94 50 69454
94 51 56926
94 52 59331
94 53 61380
94 54 62851
94 55 62436
94 56 63890
94 57 65088
94 58 62484
94 59 54566
94 60 73011
94 61 65199
94 62 74296
94 63 69060
94 64 71466
94 65 64076
94 66 68702
94 67 31887
94 68 34045
94 69 35451
94 70 34180
94 71 40042
94 72 43533
94 73 38117
94 74 43735
94 75 33295
94 76 42345
94 77 34540
94 78 46463
94 79 48003
94 80 44233
94 81 11034
94 82 10396
94 83 10307
94 84 7011
94 85 5844
94 86 8366
94 87 6599
94 88 10709
94 89 4591
94 90 2214
94 91 3668
94 92 3589
94 93 -175
94 95 4487
94 96 -157
94 97 -3040
94 98 8697
94 99 3285
94 100 6009
94 101 4054
94 102 4797
94 103 5098
94 104 8872
94 105 9016
94 106 7788
94 107 8760
94 108 6770
94 109 4597
94 110 8340
94 111 8903
94 112 8875
94 113 9340
94 114 4300
94 115 2590
94 116 3155
94 117 10351
94 118 8325
94 119 9479
94 120 8031
94 121 -635
95 1 29704
95 2 35060
95 3 36644
95 4 38415
95 5 33592
95 6 35681
95 7 34404
95 8 32813
95 9 39141
95 10 35677
95 11 38021
95 12 35700
95 13 41272
95 14 39576
95 15 37077
95 16 57212
95 17 53477
95 18 9519
95 19 58208
95 20 64207
95 21 59243
95 22 64920
95 23 61858
95 24 68877
95 25 62466
95 26 58611
95 27 71125
95 28 68818
95 29 58164
95 30 71790
95 31 69221
95 32 73619
95 33 72350
95 34 77052
95 35 73670
95 36 75427
95 37 54153
95 38 58474
95 39 59497
95 40 53261
95 41 56908
95 42 59149
95 43 59258
95 44 66705
95 45 64852
95 46 68909
95 47 69725
95 48 66322
95 49 71786
95 50 75434
95 51 62843
95 52 64091
95 53 66004
95 54 67616
95 55 67026
95 56 68304
95 57 69943
95 58 67083
95 59 59605
95 60 77603
95 61 70098
95 62 79117
95 63 73685
95 64 76230
95 65 69088
95 66 73458
95 67 33519
95 68 37233
95 69 36722
95 70 35356
95 71 42278
95 72 45787
95 73 40739
95 74 46105
95 75 35549
95 76 45152
95 77 37389
95 78 49127
95 79 51103
95 80 47095
95 81 7696
95 82 5557
95 83 10880
95 84 6765
95 85 4359
95 86 4807
95 87 2481
95 88 5360
95 89 4319
95 90 4925
95 91 5599
95 92 3061
95 93 1948
95 94 4620
95 96 1607
95 97 2798
95 98 12301
95 99 3363
95 100 7494
95 101 2123
95 102 586
95 103 4688
95 104 7269
95 105 4401
95 106 3972
95 107 6098
95 108 11211
95 109 10452
95 110 13206
95 111 4885
95 112 7300
95 113 9881
95 114 8726
95 115 8380
95 116 6013
95 117 9821
95 118 12292
95 119 4098
95 120 2086
95 121 -6677
96 1 29076
96 2 34404
96 3 35409
96 4 37095
96 5 32299
96 6 34233
96 7 32781
96 8 30359
96 9 37509
96 10 34161
96 11 36458
96 12 33314
96 13 39345
96 14 37789
96 15 35502
96 16 53950
96 17 50158
96 18 7326
96 19 54889
96 20 60783
96 21 55741
96 22 61643
96 23 58428
96 24 65582
96 25 59121
96 26 55118
96 27 67782
96 28 65379
96 29 54472
96 30 68416
96 31 65801
96 32 70107
96 33 69007
96 34 73592
96 35 70169
96 36 71924
96 37 50160
96 38 54475
96 39 55498
96 40 49305
96 41 52910
96 42 55149
96 43 55277
96 44 62708
96 45 60869
96 46 64912
96 47 65726
96 48 62325
96 49 67789
96 50 71434
96 51 58851
96 52 60569
96 53 62551
96 54 64092
96 55 63592
96 56 64961
96 57 66376
96 58 63644
96 59 55950
96 60 74169
96 61 66511
96 62 75569
96 63 70235
96 64 72710
96 65 65447
96 66 69944
96 67 31731
96 68 34536
96 69 35159
96 70 33856
96 71 40137
96 72 43641
96 73 38367
96 74 43887
96 75 33403
96 76 42675
96 77 34891
96 78 46740
96 79 48464
96 80 44597
96 81 10176
96 82 8927
96 83 10880
96 84 7155
96 85 5421
96 86 7232
96 87 5150
96 88 9016
96 89 4319
96 90 3198
96 91 4196
96 92 3061
96 93 -1175
96 94 773
96 95 2404
96 97 -1202
96 98 9238
96 99 1960
96 100 5334
96 101 2123
96 102 2586
96 103 3918
96 104 7269
96 105 6826
96 106 5699
96 107 6947
96 108 8662
96 109 6832
96 110 9520
96 111 7656
96 112 8541
96 113 9881
96 114 6118
96 115 4394
96 116 3213
96 117 10470
96 118 10018
96 119 7826
96 120 5814
96 121 -2677
97 1 28793
97 2 34107
97 3 34371
97 4 35942
97 5 31210
97 6 32960
97 7 31263
97 8 27629
97 9 35950
97 10 32749
97 11 34969
97 12 30657
97 13 37344
97 14 35963
97 15 33975
97 16 49994
97 17 46126
97 18 6532
97 19 50850
97 20 56600
97 21 51451
97 22 57657
97 23 54234
97 24 61571
97 25 55041
97 26 50834
97 27 63698
97 28 61165
97 29 49903
97 30 64287
97 31 61610
97 32 65793
97 33 64919
97 34 69343
97 35 65867
97 36 67617
97 37 45170
97 38 49475
97 39 50498
97 40 44368
97 41 47912
97 42 50150
97 43 50305
97 44 57713
97 45 55895
97 46 59916
97 47 60726
97 48 57329
97 49 62793
97 50 66435
97 51 53862
97 52 56242
97 53 58318
97 54 59760
97 55 59381
97 56 60873
97 57 61982
97 58 59425
97 59 51432
97 60 69953
97 61 62084
97 62 71194
97 63 65994
97 64 68373
97 65 60944
97 66 65610
97 67 29952
97 68 31450
97 69 33670
97 70 32432
97 71 37817
97 72 41287
97 73 35741
97 74 41448
97 75 31049
97 76 39891
97 77 32061
97 78 44048
97 79 45421
97 80 41732
97 81 14062
97 82 13558
97 83 12300
97 84 9521
97 85 8761
97 86 11505
97 87 9759
97 88 13847
97 89 7536
97 90 4326
97 91 6267
97 92 6651
97 93 2924
97 94 1699
97 95 7404
97 96 2607
97 98 6276
97 99 4031
97 100 5717
97 101 5713
97 102 7073
97 103 5098
97 104 9653
97 105 11099
97 106 9551
97 107 9826
97 108 6609
97 109 2697
97 110 5411
97 111 12054
97 112 11699
97 113 11391
97 114 4684
97 115 -557
97 116 1611
97 117 12821
97 118 8838
97 119 12631
97 120 10619
97 121 2323
98 1 39024
98 2 44347
98 3 43934
98 4 45374
98 5 40749
98 6 42329
98 7 40329
98 8 34655
98 9 44916
98 10 41887
98 11 43987
98 12 37745
98 13 45614
98 14 44464
98 15 42903
98 16 53339
98 17 49223
98 18 17402
98 19 53856
98 20 59096
98 21 53533
98 22 60800
98 23 56647
98 24 64609
98 25 57847
98 26 52878
98 27 66434
98 28 63427
98 29 50425
98 30 66832
98 31 63922
98 32 67614
98 33 67593
98 34 71382
98 35 67722
98 36 69416
98 37 41762
98 38 45537
98 39 46209
98 40 38540
98 41 44089
98 42 45824
98 43 44999
98 44 53994
98 45 50603
98 46 56158
98 47 56657
98 48 52646
98 49 58998
98 50 62012
98 51 48874
98 52 47100
98 53 48920
98 54 50625
98 55 49920
98 56 51130
98 57 53026
98 58 49980
98 59 42888
98 60 60493
98 61 53212
98 62 62158
98 63 56589
98 64 59224
98 65 52324
98 66 56439
98 67 18964
98 68 20454
98 69 22853
98 70 21646
98 71 26644
98 72 30110
98 73 24573
98 74 30268
98 75 19872
98 76 28760
98 77 20947
98 78 32897
98 79 34406
98 80 30635
98 81 24318
98 82 22747
98 83 23478
98 84 20569
98 85 19382
98 86 21354
98 87 19168
98 88 22551
98 89 18143
98 90 15473
98 91 17224
98 92 17028
98 93 12691
98 94 12138
98 95 15609
98 96 11749
98 97 4978
98 99 8140
98 100 7953
98 101 11067
98 102 13238
98 103 3918
98 104 11189
98 105 15779
98 106 13413
98 107 11134
98 108 16331
98 109 9330
98 110 3340
98 111 21726
98 112 22452
98 113 22572
98 114 15366
98 115 3344
98 116 442
98 117 23898
98 118 19454
98 119 21170
98 120 15498
98 121 9684
99 1 34047
99 2 39372
99 3 40249
99 4 41907
99 5 37124
99 6 39006
99 7 37479
99 8 34501
99 9 42197
99 10 38898
99 11 41172
99 12 37504
99 13 43868
99 14 42386
99 15 40207
99 16 57031
99 17 53145
99 18 12037
99 19 57865
99 20 63564
99 21 58362
99 22 64686
99 23 61192
99 24 68592
99 25 62042
99 26 57747
99 27 70696
99 28 68112
99 29 56576
99 30 71269
99 31 68566
99 32 72684
99 33 71915
99 34 76269
99 35 72765
99 36 74510
99 37 50650
99 38 54739
99 39 55611
99 40 48732
99 41 53235
99 42 55258
99 43 54952
99 44 63089
99 45 60558
99 46 65282
99 47 65962
99 48 62291
99 49 68150
99 50 71529
99 51 58693
99 52 58278
99 53 60098
99 54 61803
99 55 61094
99 56 62271
99 57 64195
99 58 61154
99 59 54009
99 60 71666
99 61 64376
99 62 73333
99 63 67765
99 64 70403
99 65 63459
99 66 67619
99 67 27223
99 68 30864
99 69 30518
99 70 29183
99 71 35896
99 72 39405
99 73 34336
99 74 39713
99 75 29167
99 76 38751
99 77 30989
99 78 42724
99 79 44719
99 80 40695
99 81 14062
99 82 11889
99 83 15847
99 84 12012
99 85 10008
99 86 11084
99 87 8753
99 88 11571
99 89 9132
99 90 8160
99 91 9196
99 92 7809
99 93 3825
99 94 4862
99 95 4807
99 96 2607
99 97 869
99 98 6276
99 100 1245
99 101 -113
99 102 2058
99 103 -1082
99 104 2629
99 105 5016
99 106 2988
99 107 2755
99 108 13028
99 109 9759
99 110 8340
99 111 11261
99 112 13111
99 113 14844
99 114 10612
99 115 5114
99 116 -4
99 117 15285
99 118 14649
99 119 10043
99 120 5003
99 121 -1497
100 1 34883
100 2 40201
100 3 40796
100 4 42408
100 5 37650
100 6 39460
100 7 37836
100 8 34326
100 9 42536
100 10 39297
100 11 41540
100 12 37358
100 13 44020
100 14 42613
100 15 40558
100 16 56162
100 17 52229
100 18 12610
100 19 56939
100 20 62546
100 21 57273
100 22 63789
100 23 60164
100 24 67678
100 25 61086
100 26 56657
100 27 69732
100 28 67064
100 29 55256
100 30 70274
100 31 67530
100 32 71564
100 33 70945
100 34 75190
100 35 71652
100 36 73390
100 37 48816
100 38 52849
100 39 53685
100 40 46667
100 41 51357
100 42 53328
100 43 52930
100 44 61222
100 45 58537
100 46 63411
100 47 64058
100 48 60326
100 49 66275
100 50 69590
100 51 56699
100 52 56043
100 53 57862
100 54 59567
100 55 58859
100 56 60042
100 57 61961
100 58 58919
100 59 51783
100 60 69431
100 61 62143
100 62 71098
100 63 65529
100 64 68167
100 65 61231
100 66 65383
100 67 25443
100 68 28749
100 69 28840
100 70 27533
100 71 33969
100 72 37477
100 73 32324
100 74 37758
100 75 27239
100 76 36704
100 77 28936
100 78 40709
100 79 42625
100 80 38645
100 81 16034
100 82 14026
100 83 17125
100 84 13478
100 85 11677
100 86 13023
100 87 10721
100 88 13742
100 89 10639
100 90 9157
100 91 10376
100 92 9359
100 93 5105
100 94 5537
100 95 6889
100 96 3932
100 97 506
100 98 4040
100 99 -804
100 101 2123
100 102 4294
100 103 -1610
100 104 3495
100 105 7078
100 106 4889
100 107 3806
100 108 13214
100 109 9096
100 110 6402
100 111 13267
100 112 14798
100 113 16135
100 114 11002
100 115 3778
100 116 -2227
100 117 16795
100 118 15117
100 119 12263
100 120 7032
100 121 739
101 1 33301
101 2 38637
101 3 39804
101 4 41508
101 5 36705
101 6 38665
101 7 37236
101 8 34778
101 9 41966
101 10 38604
101 11 40908
101 12 37745
101 13 43817
101 14 42258
101 15 39954
101 16 57961
101 17 54121
101 18 11795
101 19 58848
101 20 64638
101 21 59507
101 22 65637
101 23 62275
101 24 69560
101 25 63053
101 26 58890
101 27 71711
101 28 69211
101 29 57938
101 30 72314
101 31 69651
101 32 73852
101 33 72935
101 34 77395
101 35 73925
101 36 75675
101 37 52508
101 38 56651
101 39 57556
101 40 50808
101 41 55134
101 42 57205
101 43 56986
101 44 64976
101 45 62591
101 46 67173
101 47 67883
101 48 64271
101 49 70043
101 50 73484
101 51 60699
101 52 60514
101 53 62333
101 54 64039
101 55 63329
101 56 64501
101 57 66429
101 58 63389
101 59 56235
101 60 73901
101 61 66609
101 62 75569
101 63 70000
101 64 72639
101 65 65688
101 66 69855
101 67 29051
101 68 32991
101 69 32251
101 70 30887
101 71 37851
101 72 41359
101 73 36369
101 74 41693
101 75 31121
101 76 40816
101 77 33057
101 78 44757
101 79 46825
101 80 42759
101 81 12159
101 82 9789
101 83 14747
101 84 10751
101 85 8539
101 86 9271
101 87 6935
101 88 9428
101 89 7934
101 90 7555
101 91 8416
101 92 6589
101 93 3210
101 94 4940
101 95 2876
101 96 2079
101 97 1860
101 98 8512
101 99 -804
101 100 3481
101 102 -178
101 103 243
101 104 3023
101 105 3139
101 106 1495
101 107 2483
101 108 13108
101 109 10668
101 110 10382
101 111 9350
101 112 11587
101 113 13739
101 114 10576
101 115 6713
101 116 2227
101 117 13946
101 118 14490
101 119 7826
101 120 3041
101 121 -3733
102 1 32647
102 2 37998
102 3 39465
102 4 41214
102 5 36397
102 6 38440
102 7 37108
102 8 35156
102 9 41844
102 10 38419
102 11 40749
102 12 38082
102 13 43868
102 14 42228
102 15 39802
102 16 58950
102 17 55156
102 18 11899
102 19 59886
102 20 65766
102 21 60705
102 22 66642
102 23 63410
102 24 70581
102 25 64116
102 26 60084
102 27 72776
102 28 70358
102 29 59339
102 30 73406
102 31 70784
102 32 75067
102 33 74002
102 34 78566
102 35 75132
102 36 76886
102 37 54388
102 38 58581
102 39 59519
102 40 52894
102 41 57052
102 42 59169
102 43 59033
102 44 66882
102 45 64635
102 46 69081
102 47 69821
102 48 66264
102 49 71955
102 50 75452
102 51 62717
102 52 62750
102 53 64569
102 54 66274
102 55 65564
102 56 66731
102 57 68663
102 58 65624
102 59 58462
102 60 76136
102 61 68842
102 62 77804
102 63 72235
102 64 74875
102 65 67917
102 66 72091
102 67 30919
102 68 35128
102 69 34032
102 70 32640
102 71 39831
102 72 43337
102 73 38422
102 74 43695
102 75 33099
102 76 42897
102 77 35140
102 78 46807
102 79 48941
102 80 44836
102 81 10352
102 82 7747
102 83 13858
102 84 9753
102 85 7359
102 86 7668
102 87 5402
102 88 7339
102 89 7180
102 90 7411
102 91 8140
102 92 5869
102 93 3482
102 94 5748
102 95 1404
102 96 2607
102 97 3285
102 98 10748
102 99 1432
102 100 5717
102 101 -113
102 103 1980
102 104 4408
102 105 1844
102 106 1051
102 107 3098
102 108 13449
102 109 11790
102 110 12482
102 111 7598
102 112 10287
102 113 12856
102 114 10897
102 115 8486
102 116 4460
102 117 12821
102 118 14649
102 119 5616
102 120 1183
102 121 -5969
103 1 39024
103 2 44347
103 3 45120
103 4 46754
103 5 41983
103 6 43825
103 7 42238
103 8 38791
103 9 46945
103 10 43685
103 11 45940
103 12 41826
103 13 48476
103 14 47053
103 15 44964
103 16 60327
103 17 56359
103 18 16893
103 19 61058
103 20 66585
103 21 61243
103 22 67930
103 23 64191
103 24 71805
103 25 65177
103 26 60622
103 27 73815
103 28 71069
103 29 58937
103 30 74327
103 31 71545
103 32 75493
103 33 75019
103 34 79160
103 35 75588
103 36 77318
103 37 51508
103 38 55377
103 39 56101
103 40 48540
103 41 53917
103 42 55726
103 43 54988
103 44 63810
103 45 60592
103 46 65984
103 47 66532
103 48 62594
103 49 68834
103 50 71939
103 51 58851
103 52 56279
103 53 57920
103 54 59796
103 55 58859
103 56 59824
103 57 62297
103 58 58919
103 59 52358
103 60 69406
103 61 62503
103 62 71353
103 63 65529
103 64 68342
103 65 61739
103 66 65523
103 67 22859
103 68 27489
103 69 25980
103 70 24599
103 71 31834
103 72 35335
103 73 30534
103 74 35722
103 75 25097
103 76 35071
103 77 27317
103 78 38907
103 79 41212
103 80 36992
103 81 18395
103 82 15775
103 83 20827
103 84 16939
103 85 14823
103 86 15577
103 87 13247
103 88 15340
103 89 14067
103 90 13146
103 91 14196
103 92 12731
103 93 8825
103 94 9717
103 95 9174
103 96 7607
103 97 4978
103 98 5096
103 99 1960
103 100 3481
103 101 3976
103 102 5648
103 104 1851
103 105 6826
103 106 4292
103 107 1221
103 108 17649
103 109 13468
103 110 9520
103 111 15607
103 112 17892
103 113 19822
103 114 15366
103 115 7798
103 116 442
103 117 20182
103 118 19454
103 119 13228
103 120 5814
103 121 1465
104 1 37262
104 2 42595
104 3 43653
104 4 45334
104 5 40541
104 6 42460
104 7 40974
104 8 38106
104 9 45697
104 10 42373
104 11 44660
104 12 41107
104 13 47426
104 14 45922
104 15 43699
104 16 60493
104 17 56584
104 18 15505
104 19 61300
104 20 66946
104 21 61699
104 22 68135
104 23 64568
104 24 72033
104 25 65461
104 26 61083
104 27 74111
104 28 71476
104 29 59727
104 30 74666
104 31 71938
104 32 75999
104 33 75327
104 34 79614
104 35 76085
104 36 77826
104 37 53090
104 38 57060
104 39 57849
104 40 50570
104 41 55582
104 42 57486
104 43 56930
104 44 65459
104 45 62537
104 46 67643
104 47 68250
104 48 64428
104 49 70502
104 50 73730
104 51 60749
104 52 58885
104 53 60567
104 54 62404
104 55 61520
104 56 62528
104 57 64880
104 58 61580
104 59 54877
104 60 72073
104 61 65081
104 62 73958
104 63 68193
104 64 70966
104 65 64279
104 66 68157
104 67 25613
104 68 30307
104 69 28674
104 70 27271
104 71 34641
104 72 38140
104 73 33361
104 74 38536
104 75 27902
104 76 37899
104 77 30146
104 78 41733
104 79 44037
104 80 39821
104 81 15732
104 82 13011
104 83 18747
104 84 14743
104 85 12492
104 86 13023
104 87 10721
104 88 12567
104 89 11934
104 90 11433
104 91 12349
104 92 10589
104 93 7045
104 94 8386
104 95 6650
104 96 5853
104 97 4428
104 98 7262
104 99 566
104 100 3481
104 101 1651
104 102 2971
104 103 -3254
104 105 4016
104 106 1495
104 107 -666
104 108 16601
104 109 13280
104 110 10709
104 111 12982
104 112 15508
104 113 17739
104 114 14148
104 115 8236
104 116 1682
104 117 17921
104 118 18151
104 119 10400
104 120 3345
104 121 -1363
105 1 35013
105 2 40377
105 3 42028
105 4 43800
105 5 38978
105 6 41063
105 7 39773
105 8 37962
105 9 44510
105 10 41056
105 11 43397
105 12 40880
105 13 46595
105 14 44926
105 15 42452
105 16 61747
105 17 57943
105 18 14682
105 19 62673
105 20 68528
105 21 63444
105 22 69437
105 23 66171
105 24 73372
105 25 66897
105 26 62824
105 27 75557
105 28 73115
105 29 61986
105 30 76180
105 31 73546
105 32 77800
105 33 76782
105 34 81315
105 35 77868
105 36 79621
105 37 56599
105 38 60717
105 39 61601
105 40 54716
105 41 59207
105 42 61249
105 43 60950
105 44 69055
105 45 66556
105 46 71250
105 47 71944
105 48 68289
105 49 74119
105 50 77522
105 51 64693
105 52 63740
105 53 65463
105 54 67262
105 55 66428
105 56 67475
105 57 69709
105 58 66489
105 59 59636
105 60 76988
105 61 69905
105 62 78810
105 63 73102
105 64 75838
105 65 69059
105 66 73037
105 67 30326
105 68 35299
105 69 33256
105 70 31802
105 71 39490
105 72 42981
105 73 38291
105 74 43409
105 75 32743
105 76 42854
105 77 35101
105 78 46654
105 79 49015
105 80 44766
105 81 11558
105 82 8517
105 83 16143
105 84 12012
105 85 9525
105 86 9422
105 87 7381
105 88 8073
105 89 9704
105 90 10153
105 91 10858
105 92 8438
105 93 6310
105 94 8537
105 95 3789
105 96 5417
105 97 5881
105 98 11859
105 99 2960
105 100 7071
105 101 1774
105 102 414
105 103 1728
105 104 4023
105 106 -697
105 107 1570
105 108 16263
105 109 14539
105 110 14340
105 111 9104
105 112 12281
105 113 15155
105 114 13713
105 115 10836
105 116 5791
105 117 14938
105 118 17439
105 119 5469
105 120 -997
105 121 -6274
106 1 35783
106 2 41138
106 3 42627
106 4 44375
106 5 39558
106 6 41596
106 7 40253
106 8 38154
106 9 44988
106 10 41571
106 11 43898
106 12 41098
106 13 46979
106 14 45357
106 15 42951
106 16 61557
106 17 57722
106 18 14970
106 19 62449
106 20 68243
106 21 63111
106 22 69235
106 23 65881
106 24 73160
106 25 66656
106 26 62494
106 27 75315
106 28 72816
106 29 61507
106 30 75919
106 31 73257
106 32 77454
106 33 76538
106 34 81000
106 35 77528
106 36 79278
106 37 55740
106 38 59811
106 39 60666
106 40 53654
106 41 58312
106 42 60311
106 43 59930
106 44 68170
106 45 65536
106 46 70362
106 47 71029
106 48 67321
106 49 73228
106 50 76577
106 51 63699
106 52 62426
106 53 64131
106 54 65947
106 55 65090
106 56 66118
106 57 68406
106 58 65151
106 59 58361
106 60 75647
106 61 68604
106 62 77498
106 63 71764
106 64 74517
106 65 67776
106 66 71712
106 67 28935
106 68 33891
106 69 31885
106 70 30441
106 71 38082
106 72 41574
106 73 36877
106 74 41999
106 75 31336
106 76 41440
106 77 33686
106 78 45240
106 79 47603
106 80 43351
106 81 12797
106 82 9830
106 83 16960
106 84 12840
106 85 10397
106 86 10467
106 87 8319
106 88 9378
106 89 10336
106 90 10531
106 91 11279
106 92 9029
106 93 6427
106 94 8436
106 95 4487
106 96 5417
106 97 5460
106 98 10620
106 99 2059
106 100 6009
106 101 1257
106 102 748
106 103 321
106 104 2629
106 105 430
106 107 260
106 108 16444
106 109 14271
106 110 13373
106 111 10234
106 112 13245
106 113 15963
106 114 13889
106 115 10155
106 116 4661
106 117 15849
106 118 17706
106 119 6881
106 120 53
106 121 -4867
107 1 38552
107 2 43895
107 3 45169
107 4 46880
107 5 42075
107 6 44046
107 7 42621
107 8 40035
107 9 47351
107 10 43988
107 11 46293
107 12 43020
107 13 49186
107 14 47637
107 15 45339
107 16 62665
107 17 58767
107 18 17175
107 19 63484
107 20 69149
107 21 63913
107 22 70314
107 23 66773
107 24 74216
107 25 67652
107 26 63298
107 27 76304
107 28 73685
107 29 61962
107 30 76865
107 31 74144
107 32 78218
107 33 77521
107 34 81827
107 35 78304
107 36 80045
107 37 55236
107 38 59178
107 39 59946
107 40 52547
107 41 57705
107 42 59579
107 43 58950
107 44 67588
107 45 64556
107 46 69769
107 47 70357
107 48 66494
107 49 72625
107 50 75813
107 51 62789
107 52 60368
107 53 61985
107 54 63884
107 55 62914
107 56 63838
107 57 66396
107 58 62973
107 59 56474
107 60 73454
107 61 66603
107 62 75442
107 63 69581
107 64 72420
107 65 65851
107 66 69595
107 67 25907
107 68 31240
107 69 28798
107 70 27337
107 71 35150
107 72 38631
107 73 34049
107 74 39089
107 75 28393
107 76 38659
107 77 30902
107 78 42392
107 79 44880
107 80 40542
107 81 15959
107 82 12979
107 83 19830
107 84 15741
107 85 13359
107 86 13564
107 87 11361
107 88 12529
107 89 13076
107 90 12926
107 91 13756
107 92 11742
107 93 8595
107 94 10199
107 95 7404
107 96 7456
107 97 6526
107 98 9132
107 99 2617
107 100 5717
107 101 3036
107 102 3586
107 103 -1959
107 104 1259
107 105 3488
107 106 1051
107 108 18427
107 109 15412
107 110 12900
107 111 13372
107 112 16273
107 113 18826
107 114 15919
107 115 10469
107 116 3831
107 117 18821
107 118 19862
107 119 9819
107 120 1708
107 121 -1860
108 1 16933
108 2 22257
108 3 22084
108 4 23618
108 5 18912
108 6 20617
108 7 18894
108 8 15952
108 9 23582
108 10 20383
108 11 22600
108 12 18895
108 13 25087
108 14 23644
108 15 21606
108 16 40626
108 17 36999
108 18 2477
108 19 41720
108 20 47971
108 21 43243
108 22 48343
108 23 45626
108 24 52329
108 25 46021
108 26 42565
108 27 54669
108 28 52593
108 29 42874
108 30 55395
108 31 52939
108 32 57603
108 33 55883
108 34 60867
108 35 57617
108 36 59373
108 37 42588
108 38 47501
108 39 48929
108 40 44638
108 41 45695
108 42 48512
108 43 49814
108 44 55276
108 45 55291
108 46 57462
108 47 58629
108 48 55947
108 49 60323
108 50 64608
108 51 52700
108 52 60846
108 53 63308
108 54 64307
108 55 64426
108 56 66375
108 57 66217
108 58 64405
108 59 55008
108 60 74896
108 61 66070
108 62 75424
108 63 70796
108 64 72757
108 65 64523
108 66 69944
108 67 40906
108 68 40332
108 69 44908
108 70 43710
108 71 47991
108 72 51355
108 73 45465
108 74 51412
108 75 41117
108 76 49325
108 77 41353
108 78 53546
108 79 54235
108 80 50847
108 81 14145
108 82 17060
108 83 6187
108 84 7895
108 85 10359
108 86 15074
108 87 15130
108 88 18764
108 89 11141
108 90 6335
108 91 9826
108 92 11395
108 93 11426
108 94 11067
108 95 15375
108 96 12029
108 97 6167
108 98 17187
108 99 15748
108 100 17983
108 101 16519
108 102 16795
108 103 17327
108 104 21384
108 105 21039
108 106 20093
108 107 21285
108 109 -862
108 110 15457
108 111 15607
108 112 11587
108 113 5937
108 114 1684
108 115 7497
108 116 13846
108 117 9821
108 118 2444
108 119 16057
108 120 18604
108 121 8956
109 1 22648
109 2 28010
109 3 26985
109 4 28349
109 5 23803
109 6 25303
109 7 23172
109 8 17732
109 9 27720
109 10 24740
109 11 26799
109 12 20808
109 13 28358
109 14 27202
109 15 25686
109 16 39372
109 17 35521
109 18 6697
109 19 40247
109 20 46058
109 21 40982
109 22 47042
109 23 43699
109 24 50961
109 25 44453
109 26 40361
109 27 53111
109 28 50643
109 29 39779
109 30 53720
109 31 51074
109 32 55346
109 33 54335
109 34 58845
109 35 55409
109 36 57164
109 37 37124
109 38 41806
109 39 43090
109 40 38248
109 41 40104
109 42 42711
109 43 43646
109 44 49781
109 45 49168
109 46 51982
109 47 53013
109 48 50078
109 49 54857
109 50 58911
109 51 46775
109 52 53799
109 53 56246
109 54 57265
109 55 57363
109 56 59304
109 57 59196
109 58 57345
109 59 48047
109 60 67839
109 61 59074
109 62 68408
109 63 63746
109 64 65732
109 65 57569
109 66 62926
109 67 35279
109 68 33748
109 69 39482
109 70 38299
109 71 41873
109 72 45164
109 73 39164
109 74 45186
109 75 34926
109 76 42907
109 77 34871
109 78 47120
109 79 47594
109 80 44277
109 81 19229
109 82 20834
109 83 12747
109 84 12994
109 85 14359
109 86 18527
109 87 17758
109 88 21890
109 89 14067
109 90 9157
109 91 12349
109 92 13886
109 93 12143
109 94 11067
109 95 16789
109 96 12372
109 97 4428
109 98 12359
109 99 14652
109 100 16038
109 101 16252
109 102 17309
109 103 15319
109 104 20236
109 105 21488
109 106 20093
109 107 20443
109 108 1311
109 110 10709
109 111 19154
109 112 16356
109 113 12292
109 114 4746
109 115 2888
109 116 10736
109 117 15541
109 118 7382
109 119 20086
109 120 20466
109 121 11365
110 1 34047
110 2 39372
110 3 38935
110 4 40378
110 5 35751
110 6 37335
110 7 35350
110 8 29963
110 9 39946
110 10 36905
110 11 39015
110 12 33050
110 13 40722
110 14 39545
110 15 37939
110 16 49669
110 17 45629
110 18 12709
110 19 50302
110 20 55704
110 21 50277
110 22 57212
110 23 53291
110 24 61057
110 25 54368
110 26 49648
110 27 62988
110 28 60136
110 29 47776
110 30 63454
110 31 60621
110 32 64478
110 33 64176
110 34 68182
110 35 64579
110 36 66298
110 37 40758
110 38 44788
110 39 45633
110 40 38767
110 41 43295
110 42 45277
110 43 44957
110 44 53160
110 45 50562
110 46 55349
110 47 56000
110 48 52295
110 49 58213
110 50 61544
110 51 48693
110 52 49402
110 53 51412
110 54 52924
110 55 52462
110 56 53893
110 57 55198
110 58 52512
110 59 44777
110 60 63038
110 61 55331
110 62 64393
110 63 59095
110 64 61541
110 65 54271
110 66 58776
110 67 23836
110 68 24494
110 69 27794
110 70 26594
110 71 31255
110 72 34687
110 73 28998
110 74 34802
110 75 24449
110 76 33063
110 77 25202
110 78 37251
110 79 38468
110 80 34845
110 81 21034
110 82 20108
110 83 19071
110 84 16564
110 85 15798
110 86 18290
110 87 16319
110 88 20145
110 89 14554
110 90 11328
110 91 13338
110 92 13589
110 93 9487
110 94 8537
110 95 13270
110 96 8787
110 97 869
110 98 96
110 99 6960
110 100 7071
110 101 9693
110 102 11728
110 103 5098
110 104 11392
110 105 15016
110 106 12922
110 107 11658
110 108 11357
110 109 4436
110 111 18777
110 112 18763
110 113 18211
110 114 10612
110 115 -1656
110 116 -4
110 117 19844
110 118 14649
110 119 18941
110 120 15003
110 121 7939
111 1 25597
111 2 31004
111 3 33281
111 4 35159
111 5 30329
111 6 32645
111 7 31598
111 8 31229
111 9 36317
111 10 32686
111 11 35078
111 12 33963
111 13 38828
111 14 36913
111 15 34124
111 16 57111
111 17 53521
111 18 9182
111 19 58236
111 20 64523
111 21 59785
111 22 64826
111 23 62178
111 24 68824
111 25 62546
111 26 59112
111 27 71189
111 28 69145
111 29 59271
111 30 71927
111 31 69487
111 32 74150
111 33 72399
111 34 77420
111 35 74167
111 36 75923
111 37 57046
111 38 61577
111 39 62736
111 40 57086
111 41 59940
111 42 62378
111 43 62865
111 44 69671
111 45 68436
111 46 71876
111 47 72818
111 48 69658
111 49 74754
111 50 78637
111 51 66272
111 52 69123
111 53 71130
111 54 72644
111 55 72176
111 56 73561
111 57 74904
111 58 72227
111 59 64410
111 60 82753
111 61 75025
111 62 84106
111 63 78814
111 64 81261
111 65 73918
111 66 78497
111 67 39346
111 68 42927
111 69 42529
111 70 41152
111 71 48100
111 72 51609
111 73 46527
111 74 51919
111 75 41371
111 76 50917
111 77 43149
111 78 54914
111 79 56821
111 80 52858
111 81 1865
111 82 747
111 83 6927
111 84 3118
111 85 965
111 86 422
111 87 2147
111 88 2357
111 89 3934
111 90 5177
111 91 6196
111 92 3688
111 93 5887
111 94 8386
111 95 4235
111 96 6209
111 97 6798
111 98 17768
111 99 9167
111 100 13222
111 101 7947
111 102 6130
111 103 10471
111 104 12951
111 105 9066
111 106 9069
111 107 11416
111 108 10793
111 109 12167
111 110 18063
111 112 2717
111 113 6035
111 114 9053
111 115 12372
111 116 11582
111 117 5437
111 118 11838
111 119 15
111 120 2809
111 121 -6846
112 1 21194
112 2 26589
112 3 28810
112 4 30689
112 5 25860
112 6 28192
112 7 27170
112 8 27062
112 9 31884
112 10 28235
112 11 30630
112 12 29743
112 13 34449
112 14 32495
112 15 29673
112 16 53446
112 17 49926
112 18 6477
112 19 54625
112 20 61055
112 21 56435
112 22 61153
112 23 58706
112 24 65167
112 25 58953
112 26 55732
112 27 67581
112 28 65667
112 29 56199
112 30 68350
112 31 65973
112 32 70772
112 33 68777
112 34 73950
112 35 70768
112 36 72519
112 37 55215
112 38 59916
112 39 61191
112 40 56073
112 41 58211
112 42 60815
112 43 61633
112 44 67879
112 45 67175
112 46 70079
112 47 71123
112 48 68170
112 49 72952
112 50 77021
112 51 64852
112 52 69494
112 53 71640
112 54 73006
112 55 72716
112 56 74270
112 57 75165
112 58 72753
112 59 64457
112 60 83280
112 61 75224
112 62 84390
112 63 79303
112 64 81604
112 65 73984
112 66 78840
112 67 41996
112 68 44661
112 69 45363
112 70 44039
112 71 50430
112 72 53933
112 73 48627
112 74 54173
112 75 43695
112 76 52901
112 77 45107
112 78 56991
112 79 58612
112 80 54808
112 81 1133
112 82 4150
112 83 2455
112 84 -1049
112 85 -405
112 86 3545
112 87 5319
112 88 6740
112 89 3934
112 90 3823
112 91 5599
112 92 4420
112 93 7259
112 94 9167
112 95 7459
112 96 7903
112 97 7252
112 98 19303
112 99 11826
112 100 15562
112 101 10993
112 102 9628
112 103 13565
112 104 16286
112 105 13052
112 106 12889
112 107 15126
112 108 7582
112 109 10178
112 110 18858
112 111 3526
112 113 1570
112 114 6734
112 115 12372
112 116 13479
112 117 983
112 118 8888
112 119 2785
112 120 7208
112 121 -2381
113 1 15599
113 2 20969
113 3 22993
113 4 24864
113 5 20034
113 6 22363
113 7 21358
113 8 21561
113 9 26067
113 10 22406
113 11 24802
113 12 24168
113 13 28683
113 14 26691
113 15 23845
113 16 48562
113 17 45136
113 18 5287
113 19 49806
113 20 56430
113 21 51972
113 22 56245
113 23 54070
113 24 60279
113 25 54150
113 26 51217
113 27 62752
113 28 61012
113 29 52070
113 30 63559
113 31 61266
113 32 66247
113 33 63925
113 34 69296
113 35 66214
113 36 67953
113 37 52770
113 38 57698
113 39 59125
113 40 54709
113 41 55888
113 42 58709
113 43 59964
113 44 65459
113 45 65452
113 46 67643
113 47 68823
113 48 66142
113 49 70502
113 50 74805
113 51 62892
113 52 69900
113 53 72219
113 54 73389
113 55 73322
113 56 75086
113 57 75414
113 58 73333
113 59 64422
113 60 83848
113 61 75367
113 62 84641
113 63 79810
113 64 81925
113 65 73951
113 66 79141
113 67 45464
113 68 46961
113 69 49052
113 70 47781
113 71 53465
113 72 56938
113 73 51383
113 74 57101
113 75 46700
113 76 55506
113 77 47660
113 78 59677
113 79 60935
113 80 57313
113 81 4978
113 82 9789
113 83 -3253
113 84 838
113 85 4639
113 86 9271
113 87 10721
113 88 12567
113 89 7934
113 90 5659
113 91 8416
113 92 8589
113 93 10978
113 94 12138
113 95 12546
113 96 11749
113 97 9450
113 98 21929
113 99 16065
113 100 19405
113 101 15651
113 102 14703
113 103 18001
113 104 21023
113 105 18432
113 106 18113
113 107 20185
113 108 4438
113 109 8620
113 110 20812
113 111 9350
113 112 4076
113 114 5904
113 115 13553
113 116 16747
113 117 649
113 118 6900
113 119 7826
113 120 13025
113 121 3448
114 1 20793
114 2 26107
114 3 26482
114 4 28091
114 5 23333
114 6 25148
114 7 23566
114 8 20952
114 9 28279
114 10 25004
114 11 27264
114 12 23893
114 13 29965
114 14 28461
114 15 26293
114 16 45287
114 17 41601
114 18 -1109
114 19 46329
114 20 52451
114 21 47608
114 22 53001
114 23 50106
114 24 56972
114 25 50609
114 26 46955
114 27 59265
114 28 57073
114 29 46936
114 30 59961
114 31 57448
114 32 61984
114 33 60486
114 34 65331
114 35 62017
114 36 63775
114 37 45170
114 38 49867
114 39 51150
114 40 46182
114 41 48162
114 42 50772
114 43 51657
114 44 57832
114 45 57189
114 46 60032
114 47 61073
114 48 58135
114 49 62906
114 50 66973
114 51 54826
114 52 60701
114 53 63005
114 54 64193
114 55 64107
114 56 65867
114 57 66237
114 58 64120
114 59 55304
114 60 74637
114 61 66211
114 62 75466
114 63 70604
114 64 72740
114 65 64834
114 66 69960
114 67 37641
114 68 38177
114 69 41470
114 70 40248
114 71 45184
114 72 48613
114 73 42891
114 74 48722
114 75 38375
114 76 46903
114 77 39011
114 78 51107
114 79 52140
114 80 48612
114 81 11167
114 82 13044
114 83 5646
114 84 4961
114 85 6414
114 86 10824
114 87 10499
114 88 14395
114 89 6550
114 90 1587
114 91 5027
114 92 6651
114 93 6427
114 94 6153
114 95 10446
114 96 7041
114 97 1798
114 98 13778
114 99 10888
114 100 13327
114 101 11543
114 102 11799
114 103 12600
114 104 16487
114 105 16045
114 106 15094
114 107 16333
114 108 -760
114 109 129
114 110 12268
114 111 11423
114 112 8295
114 113 4959
114 115 4640
114 116 9611
114 117 7670
114 118 838
114 119 12239
114 120 13857
114 121 4323
115 1 30070
115 2 35397
115 3 34936
115 4 36383
115 5 31752
115 6 33340
115 7 31371
115 8 26263
115 9 35975
115 10 32924
115 11 35042
115 12 29343
115 13 36826
115 14 35623
115 15 33975
115 16 46875
115 17 42906
115 18 9139
115 19 47606
115 20 53157
115 21 47856
115 22 54477
115 23 50769
115 24 58352
115 25 51731
115 26 47238
115 27 60371
115 28 57660
115 29 45849
115 30 60894
115 31 58130
115 32 62137
115 33 61578
115 34 65774
115 35 62227
115 36 63963
115 37 40262
115 38 44503
115 39 45490
115 40 39271
115 41 42957
115 42 45142
115 43 45227
115 44 52775
115 45 50820
115 46 54976
115 47 55750
115 48 52295
115 49 57851
115 50 61428
115 51 48809
115 52 51468
115 53 53615
115 54 54981
115 55 54694
115 56 56283
115 57 57155
115 58 54730
115 59 46517
115 60 65256
115 61 57230
115 62 66377
115 63 61276
115 64 63583
115 65 56037
115 66 60819
115 67 27758
115 68 27884
115 69 31758
115 70 30562
115 71 35008
115 72 38413
115 73 32635
115 74 38502
115 75 28175
115 76 36619
115 77 28720
115 78 40828
115 79 41849
115 80 38317
115 81 18859
115 82 18628
115 83 15747
115 84 13744
115 85 13484
115 86 16510
115 87 14843
115 88 18945
115 89 12350
115 90 8517
115 91 10858
115 92 11589
115 93 8023
115 94 6783
115 95 12440
115 96 7657
115 97 -1103
115 98 4096
115 99 7730
115 100 8443
115 101 10020
115 102 11728
115 103 7372
115 104 12915
115 105 15508
115 106 13700
115 107 13223
115 108 7393
115 109 611
115 110 2340
115 111 17082
115 112 16273
115 113 14948
115 114 6980
115 116 2421
115 117 16926
115 118 10921
115 119 17725
115 120 15321
115 121 7348
116 1 35793
116 2 41107
116 3 41305
116 4 42852
116 5 38137
116 6 39852
116 7 38087
116 8 33806
116 9 42754
116 10 39596
116 11 41790
116 12 36870
116 13 43960
116 14 42652
116 15 40778
116 16 54630
116 17 50636
116 18 13508
116 19 55327
116 20 60813
116 21 55446
116 22 62213
116 23 58414
116 24 66078
116 25 59429
116 26 54823
116 27 68061
116 28 65282
116 29 53107
116 30 68559
116 31 65761
116 32 69684
116 33 69261
116 34 73361
116 35 69780
116 36 71507
116 37 46023
116 38 49989
116 39 50784
116 40 43615
116 41 48511
116 42 50423
116 43 49923
116 44 58388
116 45 55530
116 46 60572
116 47 61181
116 48 57380
116 49 63431
116 50 66671
116 51 53720
116 52 52905
116 53 54743
116 54 56430
116 55 55746
116 56 56960
116 57 58814
116 58 55806
116 59 48624
116 60 66320
116 61 58994
116 62 67957
116 63 62414
116 64 65033
116 65 58074
116 66 62252
116 67 23344
116 68 25975
116 69 26921
116 70 25659
116 71 31578
116 72 35077
116 73 29767
116 74 35308
116 75 24839
116 76 34074
116 77 26291
116 78 38138
116 79 39889
116 80 35999
116 81 18706
116 82 16956
116 83 18834
116 84 15503
116 85 14002
116 86 15701
116 87 13461
116 88 16734
116 89 12826
116 90 10716
116 91 12196
116 92 11627
116 93 7259
116 94 7081
116 95 9806
116 96 6209
116 97 798
116 98 927
116 99 2345
116 100 2171
116 101 5267
116 102 7435
116 103 -251
116 104 6094
116 105 10196
116 106 7939
116 107 6318
116 108 13475
116 109 8192
116 110 3725
116 111 16025
116 112 17113
116 113 17875
116 114 11684
116 115 2154
116 117 18845
116 118 15838
116 119 15339
116 120 10103
116 121 3876
117 1 18035
117 2 23428
117 3 25689
117 4 27583
117 5 22756
117 6 25130
117 7 24155
117 8 24371
117 9 28858
117 10 25174
117 11 27576
117 12 26990
117 13 31502
117 14 29493
117 15 26614
117 16 51218
117 17 47762
117 18 6021
117 19 52442
117 20 59002
117 21 54489
117 22 58910
117 23 56647
117 24 62938
117 25 56782
117 26 53753
117 27 65393
117 28 63597
117 29 54472
117 30 66189
117 31 63868
117 32 68788
117 33 66574
117 34 71882
117 35 68765
117 36 70509
117 37 54495
117 38 59326
117 39 60687
117 40 55962
117 41 57563
117 42 60290
117 43 61355
117 44 67177
117 45 66869
117 46 69369
117 47 70491
117 48 67693
117 49 72235
117 50 76440
117 51 64416
117 52 70341
117 53 72578
117 54 73843
117 55 73670
117 56 75334
117 57 75932
117 58 73695
117 59 65075
117 60 84218
117 61 75939
117 62 85162
117 63 80210
117 64 82414
117 65 74606
117 66 79642
117 67 44333
117 68 46447
117 69 47801
117 70 46503
117 71 52571
117 72 56063
117 73 50634
117 74 56265
117 75 45825
117 76 54836
117 77 47020
117 78 58970
117 79 60416
117 80 56702
117 81 2359
117 82 6967
117 83 -647
117 84 -1049
117 85 2359
117 86 6702
117 87 8374
117 88 9825
117 89 6214
117 90 4925
117 91 7258
117 92 6835
117 93 9530
117 94 11067
117 95 10404
117 96 10256
117 97 8798
117 98 21173
117 99 14424
117 100 17983
117 101 13776
117 102 12586
117 103 16279
117 104 19123
117 105 16133
117 106 15917
117 107 18098
117 108 6240
117 109 9787
117 110 20363
117 111 6670
117 112 1407
117 113 -1433
117 114 6533
117 115 13449
117 116 15635
117 118 8058
117 119 5053
117 120 10251
117 121 739
118 1 18793
118 2 24107
118 3 24518
118 4 26140
118 5 21375
118 6 23212
118 7 21669
118 8 19374
118 9 26388
118 10 23088
118 11 25361
118 12 22281
118 13 28165
118 14 26619
118 15 24396
118 16 44227
118 17 40594
118 18 -1109
118 19 45316
118 20 51543
118 21 46786
118 22 51944
118 23 49198
118 24 55929
118 25 49614
118 26 46115
118 27 58263
118 28 56166
118 29 46321
118 30 58984
118 31 56518
118 32 61152
118 33 59479
118 34 64437
118 35 61171
118 36 62927
118 37 45333
118 38 50127
118 39 51474
118 40 46786
118 41 48379
118 42 51080
118 43 52142
118 44 58011
118 45 57653
118 46 60205
118 47 61303
118 48 58478
118 49 63074
118 50 67241
118 51 55198
118 52 61910
118 53 64264
118 54 65393
118 55 65372
118 56 67191
118 57 67394
118 58 65376
118 59 56371
118 60 75886
118 61 67332
118 62 76619
118 63 71833
118 64 73913
118 65 65899
118 66 71125
118 67 39579
118 68 39916
118 69 43429
118 70 42211
118 71 47053
118 72 50473
118 73 44717
118 74 50571
118 75 40235
118 76 48699
118 77 40793
118 78 52909
118 79 53870
118 80 50374
118 81 11034
118 82 13558
118 83 4349
118 84 4715
118 85 6846
118 86 11505
118 87 11526
118 88 15181
118 89 7536
118 90 2772
118 91 6267
118 92 7809
118 93 8121
118 94 8024
118 95 11858
118 96 8787
118 97 3798
118 98 15712
118 99 12771
118 100 15288
118 101 13303
118 102 13397
118 103 14534
118 104 18336
118 105 17617
118 106 16757
118 107 18122
118 108 -2154
118 109 611
118 110 14151
118 111 12054
118 112 8295
118 113 3801
118 114 -1316
118 115 6427
118 116 11611
118 117 7041
118 119 12631
118 120 15003
118 121 5351
119 1 28622
119 2 34166
119 3 37524
119 4 39538
119 5 34751
119 6 37396
119 7 36605
119 8 37352
119 9 41254
119 10 37412
119 11 39836
119 12 39917
119 13 44121
119 14 41940
119 15 38828
119 16 64173
119 17 60674
119 18 16893
119 19 65368
119 20 71823
119 21 67204
119 22 71874
119 23 69474
119 24 75895
119 25 69700
119 26 66502
119 27 78323
119 28 76434
119 29 66914
119 30 79100
119 31 76735
119 32 81542
119 33 79515
119 34 84717
119 35 81539
119 36 83289
119 37 65045
119 38 69566
119 39 70712
119 40 64934
119 41 67935
119 42 70356
119 43 70776
119 44 77669
119 45 76354
119 46 79873
119 47 80809
119 48 77623
119 49 82752
119 50 86619
119 51 74223
119 52 76158
119 53 78045
119 54 79683
119 55 79058
119 56 80283
119 57 82021
119 58 79116
119 59 71686
119 60 89634
119 61 82179
119 62 91191
119 63 85722
119 64 88296
119 65 81171
119 66 85522
119 67 43702
119 68 48646
119 69 46522
119 70 45016
119 71 52937
119 72 56424
119 73 51738
119 74 56861
119 75 46186
119 76 56284
119 77 48531
119 78 60104
119 79 62410
119 80 58204
119 81 3105
119 82 2747
119 83 12148
119 84 9715
119 85 8539
119 86 8422
119 87 9517
119 88 5854
119 89 11934
119 90 13146
119 91 14196
119 92 11627
119 93 13349
119 94 16001
119 95 10487
119 96 13418
119 97 14414
119 98 24251
119 99 14988
119 100 19257
119 101 13462
119 102 11187
119 103 15131
119 104 17408
119 105 12470
119 106 12755
119 107 14902
119 108 18282
119 109 20138
119 110 25266
119 111 7054
119 112 9015
119 113 11550
119 114 16908
119 115 20054
119 116 17935
119 117 10859
119 118 19454
119 120 3
119 121 -5606
120 1 37717
120 2 43185
120 3 45895
120 4 47813
120 5 42988
120 6 45378
120 7 44375
120 8 43935
120 9 49087
120 10 45421
120 11 47821
120 12 46708
120 13 51633
120 14 49700
120 15 46861
120 16 69141
120 17 65446
120 18 21078
120 19 70175
120 20 76237
120 21 71305
120 22 76855
120 23 73890
120 24 80824
120 25 74448
120 26 70670
120 27 83106
120 28 80853
120 29 70238
120 30 83789
120 31 81247
120 32 85683
120 33 84329
120 34 89096
120 35 85731
120 36 87488
120 37 65537
120 38 69689
120 39 70589
120 40 63696
120 41 68172
120 42 70237
120 43 69947
120 44 78013
120 45 75553
120 46 80210
120 47 80921
120 48 77286
120 49 83081
120 50 86513
120 51 73693
120 52 72070
120 53 73672
120 54 75585
120 55 74591
120 56 75469
120 57 78101
120 58 74649
120 59 68167
120 60 85124
120 61 78308
120 62 87144
120 63 81255
120 64 84116
120 65 77550
120 66 81286
120 67 36069
120 68 42521
120 69 38537
120 70 36892
120 71 45704
120 72 49119
120 73 44955
120 74 49718
120 75 38881
120 76 49676
120 77 41900
120 78 53207
120 79 56004
120 80 51450
120 81 11845
120 82 8927
120 83 19601
120 84 15924
120 85 13638
120 86 12876
120 87 12125
120 88 9529
120 89 15335
120 90 16531
120 91 17224
120 92 14400
120 93 13980
120 94 16565
120 95 10487
120 96 13418
120 97 14414
120 98 20591
120 99 11960
120 100 16038
120 101 10689
120 102 8766
120 103 9729
120 104 12365
120 105 8016
120 106 7939
120 107 8803
120 108 22841
120 109 22530
120 110 23340
120 111 11860
120 112 15450
120 113 18761
120 114 20538
120 115 19662
120 116 14711
120 117 18069
120 118 23838
120 119 2015
120 121 -5606
END
NODE_CONSUMPTION
0 1 25
0 2 7
0 3 13
0 4 6
0 5 14
0 6 5
0 7 11
0 8 19
0 9 5
0 10 15
0 11 15
0 12 17
0 13 13
0 14 12
0 15 18
0 16 13
0 17 18
0 18 12
0 19 17
0 20 4
0 21 7
0 22 12
0 23 13
0 24 8
0 25 16
0 26 15
0 27 6
0 28 5
0 29 9
0 30 11
0 31 10
0 32 3
0 33 7
0 34 2
0 35 4
0 36 4
0 37 18
0 38 14
0 39 12
0 40 17
0 41 20
0 42 14
0 43 16
0 44 10
0 45 9
0 46 11
0 47 7
0 48 13
0 49 5
0 50 4
0 51 21
0 52 13
0 53 11
0 54 12
0 55 14
0 56 10
0 57 8
0 58 16
0 59 19
0 60 5
0 61 17
0 62 7
0 63 16
0 64 14
0 65 17
0 66 13
0 67 17
0 68 13
0 69 14
0 70 16
0 71 7
0 72 13
0 73 9
0 74 11
0 75 35
0 76 5
0 77 28
0 78 7
0 79 3
0 80 10
0 81 7
0 82 12
0 83 11
0 84 10
0 85 8
0 86 11
0 87 21
0 88 4
0 89 15
0 90 16
0 91 4
0 92 16
0 93 7
0 94 10
0 95 9
0 96 11
0 97 17
0 98 12
0 99 11
0 100 7
0 101 9
0 102 11
0 103 12
0 104 7
0 105 8
0 106 6
0 107 5
0 108 12
0 109 13
0 110 7
0 111 7
0 112 8
0 113 11
0 114 13
0 115 11
0 116 10
0 117 7
0 118 4
0 119 20
0 120 13
END
