NAME : ./data/ESPPRC - Test Instances/M-n151-k12_b.simplified-vrp
SIZE : 152
DIRECTED : 1
CYCLIC : 1
ORIGIN : 0
DESTINATION : 151
RESOURCES : 1
RES_NAMES : 0
RES_TYPE
0 CAP
END
RES_BOUND
0 0 200
END
EDGE_COST
0 1 12554
0 2 14700
0 3 18223
0 4 17253
0 5 13697
0 6 10587
0 7 17225
0 8 23435
0 9 23765
0 10 19589
0 11 27277
0 12 10792
0 13 6826
0 14 24117
0 15 20458
0 16 22285
0 17 25333
0 18 10961
0 19 25277
0 20 26957
0 21 15032
0 22 21910
0 23 20823
0 24 25431
0 25 25251
0 26 7425
0 27 2248
0 28 4237
0 29 23291
0 30 19267
0 31 10095
0 32 24234
0 33 21478
0 34 25804
0 35 34118
0 36 34428
0 37 18799
0 38 31056
0 39 25072
0 40 8851
0 41 24410
0 42 18652
0 43 24208
0 44 26463
0 45 20809
0 46 25355
0 47 24283
0 48 17643
0 49 31575
0 50 12937
0 51 21510
0 52 9361
0 53 2997
0 54 17787
0 55 22798
0 56 23452
0 57 19384
0 58 4520
0 59 12008
0 60 16461
0 61 18368
0 62 18809
0 63 29433
0 64 26310
0 65 31374
0 66 22231
0 67 24651
0 68 12397
0 69 10614
0 70 18311
0 71 30378
0 72 16383
0 73 16750
0 74 20850
0 75 22463
0 76 12532
0 77 15567
0 78 25623
0 79 18963
0 80 18980
0 81 19875
0 82 16330
0 83 15657
0 84 19131
0 85 14274
0 86 21881
0 87 11569
0 88 16089
0 89 6138
0 90 29931
0 91 22654
0 92 16862
0 93 15609
0 94 7821
0 95 10491
0 96 13397
0 97 14078
0 98 18675
0 99 15878
0 100 18169
0 101 15017
0 102 11363
0 103 25863
0 104 15883
0 105 3992
0 106 14389
0 107 25461
0 108 20409
0 109 13203
0 110 17647
0 111 5837
0 112 937
0 113 21629
0 114 17599
0 115 15354
0 116 14245
0 117 12885
0 118 9329
0 119 25899
0 120 22029
0 121 21353
0 122 18786
0 123 21822
0 124 25911
0 125 19905
0 126 28491
0 127 10178
0 128 26979
0 129 24611
0 130 18888
0 131 25798
0 132 8948
0 133 21924
0 134 16084
0 135 31658
0 136 38967
0 137 10625
0 138 7915
0 139 25642
0 140 30386
0 141 23261
0 142 24514
0 143 32552
0 144 14680
0 145 18236
0 146 4100
0 147 6545
0 148 16655
0 149 9477
0 150 17948
1 2 29258
1 3 10422
1 4 24455
1 5 25283
1 6 24246
1 7 17036
1 8 28761
1 9 9553
1 10 9650
1 11 20137
1 12 12435
1 13 22047
1 14 38973
1 15 35398
1 16 35580
1 17 35625
1 18 17997
1 19 21492
1 20 11826
1 21 26279
1 22 34189
1 23 30941
1 24 23216
1 25 29353
1 26 15661
1 27 8065
1 28 9912
1 29 17500
1 30 4817
1 31 3071
1 32 11115
1 33 9088
1 34 14487
1 35 20284
1 36 33550
1 37 33391
1 38 45481
1 39 32694
1 40 21692
1 41 37560
1 42 33876
1 43 39428
1 44 40671
1 45 28342
1 46 28900
1 47 23812
1 48 18000
1 49 27468
1 50 2291
1 51 6626
1 52 13279
1 53 16964
1 54 20595
1 55 26394
1 56 33143
1 57 34268
1 58 19002
1 59 26220
1 60 26735
1 61 31161
1 62 12549
1 63 18918
1 64 18001
1 65 16444
1 66 7032
1 67 31896
1 68 9047
1 69 2920
1 70 5278
1 71 15556
1 72 27452
1 73 28765
1 74 32599
1 75 33511
1 76 7510
1 77 9285
1 78 14783
1 79 9440
1 80 17094
1 81 7155
1 82 19083
1 83 24109
1 84 29786
1 85 28049
1 86 34796
1 87 26799
1 88 12151
1 89 17656
1 90 18273
1 91 36741
1 92 31492
1 93 29332
1 94 22406
1 95 25307
1 96 27202
1 97 29122
1 98 33024
1 99 29530
1 100 32728
1 101 2900
1 102 -436
1 103 10849
1 104 29535
1 105 15947
1 106 16050
1 107 19959
1 108 9515
1 109 15502
1 110 26119
1 111 4679
1 112 15660
1 113 33273
1 114 23390
1 115 29705
1 116 9818
1 117 27993
1 118 20062
1 119 40393
1 120 8559
1 121 15596
1 122 3761
1 123 19002
1 124 27141
1 125 27480
1 126 18136
1 127 7295
1 128 12105
1 129 15220
1 130 22339
1 131 12135
1 132 1789
1 133 33930
1 134 15619
1 135 18000
1 136 24654
1 137 25743
1 138 12475
1 139 32872
1 140 44741
1 141 37008
1 142 39690
1 143 29827
1 144 29799
1 145 31969
1 146 12554
1 147 19450
1 148 11382
1 149 16848
1 150 16062
1 151 5786
2 1 29880
2 3 30271
2 4 12477
2 5 16935
2 6 15808
2 7 32261
2 8 33255
2 9 39173
2 10 37384
2 11 44025
2 12 19223
2 13 5080
2 14 13291
2 15 3044
2 16 18309
2 17 27615
2 18 22609
2 19 40685
2 20 44365
2 21 7444
2 22 7191
2 23 8091
2 24 30417
2 25 21860
2 26 12646
2 27 20248
2 28 18793
2 29 31746
2 30 37062
2 31 27859
2 32 42234
2 33 36076
2 34 38163
2 35 48651
2 36 47231
2 37 12883
2 38 20941
2 39 16596
2 40 7105
2 41 7755
2 42 5240
2 43 8471
2 44 18760
2 45 27459
2 46 35164
2 47 37512
2 48 31180
2 49 46312
2 50 28277
2 51 37908
2 52 25250
2 53 12667
2 54 20043
2 55 20971
2 56 12928
2 57 2020
2 58 4520
2 59 9856
2 60 23192
2 61 16915
2 62 35764
2 63 47117
2 64 43037
2 65 47239
2 66 39457
2 67 14964
2 68 21433
2 69 28515
2 70 36267
2 71 46260
2 72 5953
2 73 5625
2 74 7958
2 75 9910
2 76 25533
2 77 27492
2 78 38159
2 79 31422
2 80 26885
2 81 34348
2 82 29062
2 83 23562
2 84 22585
2 85 10899
2 86 17542
2 87 255
2 88 32993
2 89 17263
2 90 47842
2 91 17142
2 92 12405
2 93 13746
2 94 9233
2 95 7832
2 96 14534
2 97 7643
2 98 13907
2 99 15878
2 100 11156
2 101 32957
2 102 26492
2 103 42228
2 104 15883
2 105 10849
2 106 29056
2 107 41570
2 108 38291
2 109 19431
2 110 12879
2 111 21617
2 112 11461
2 113 21054
2 114 27528
2 115 -2258
2 116 25628
2 117 8463
2 118 15301
2 119 17147
2 120 36731
2 121 30257
2 122 36307
2 123 37036
2 124 38209
2 125 26745
2 126 46159
2 127 27651
2 128 44630
2 129 36792
2 130 19616
2 131 43777
2 132 26701
2 133 7649
2 134 20536
2 135 46100
2 136 53981
2 137 3114
2 138 18506
2 139 18484
2 140 20614
2 141 17455
2 142 11513
2 143 46585
2 144 -551
2 145 980
2 146 21304
2 147 14133
2 148 33588
2 149 11741
2 150 25853
2 151 8554
3 1 11882
3 2 31109
3 4 17253
3 5 35801
3 6 32948
3 7 31367
3 8 42230
3 9 6749
3 10 23249
3 11 34047
3 12 6972
3 13 27662
3 14 45252
3 15 37214
3 16 44608
3 17 47121
3 18 30505
3 19 35981
3 20 17695
3 21 23930
3 22 31385
3 23 24767
3 24 9573
3 25 18636
3 26 14273
3 27 17864
3 28 14037
3 29 2945
3 30 14985
3 31 17631
3 32 21475
3 33 3999
3 34 3890
3 35 14622
3 36 48110
3 37 40598
3 38 52661
3 39 24478
3 40 22671
3 41 35710
3 42 38434
3 43 42834
3 44 48397
3 45 41151
3 46 42972
3 47 38348
3 48 32419
3 49 41772
3 50 4212
3 51 8902
3 52 26118
3 53 21329
3 54 11108
3 55 15744
3 56 27307
3 57 36413
3 58 22335
3 59 34166
3 60 37993
3 61 40727
3 62 26929
3 63 31383
3 64 31016
3 65 14201
3 66 10370
3 67 22549
3 68 -2898
3 69 16559
3 70 18311
3 71 13804
3 72 23994
3 73 26708
3 74 29495
3 75 29203
3 76 3588
3 77 -1303
3 78 3779
3 79 -2985
3 80 5947
3 81 1289
3 82 33056
3 83 36335
3 84 40974
3 85 36529
3 86 44232
3 87 31368
3 88 26687
3 89 27814
3 90 30240
3 91 44749
3 92 38701
3 93 37905
3 94 29911
3 95 32245
3 96 35723
3 97 35292
3 98 40682
3 99 38210
3 100 39931
3 101 17213
3 102 -1225
3 103 11483
3 104 38215
3 105 18134
3 106 30009
3 107 34222
3 108 22525
3 109 8455
3 110 20718
3 111 10218
3 112 23232
3 113 43858
3 114 36662
3 115 30998
3 116 1217
3 117 34072
3 118 31068
3 119 47588
3 120 3354
3 121 1076
3 122 13391
3 123 33557
3 124 41523
3 125 40253
3 126 30770
3 127 21429
3 128 19054
3 129 2434
3 130 12784
3 131 21739
3 132 14575
3 133 30750
3 134 3423
3 135 12074
3 136 20220
3 137 29810
3 138 12057
3 139 24666
3 140 52072
3 141 45455
3 142 44656
3 143 44315
3 144 33115
3 145 31402
3 146 22870
3 147 28801
3 148 25917
3 149 13097
3 150 4915
3 151 12915
4 1 29524
4 2 16924
4 3 20862
4 5 34312
4 6 31030
4 7 42110
4 8 47723
4 9 31749
4 10 41264
4 11 50745
4 12 11603
4 13 21141
4 14 33332
4 15 19199
4 16 38130
4 17 45909
4 18 35461
4 19 49830
4 20 41432
4 21 7004
4 22 9126
4 23 -233
4 24 13459
4 25 1710
4 26 10387
4 27 25532
4 28 19935
4 29 17228
4 30 36492
4 31 32631
4 32 43158
4 33 28781
4 34 26149
4 35 38787
4 36 59428
4 37 32586
4 38 40832
4 39 535
4 40 13482
4 41 13933
4 42 25173
4 43 26267
4 44 38980
4 45 43856
4 46 49829
4 47 49281
4 48 42642
4 49 56236
4 50 24126
4 51 33055
4 52 34282
4 53 19620
4 54 4203
4 55 879
4 56 2492
4 57 20541
4 58 15390
4 59 28438
4 60 38930
4 61 36059
4 62 42355
4 63 50941
4 64 49426
4 65 38872
4 66 35073
4 67 -3
4 68 10045
4 69 30898
4 70 37465
4 71 38759
4 72 2855
4 73 8027
4 74 7655
4 75 5495
4 76 19684
4 77 18956
4 78 27117
4 79 21480
4 80 14914
4 81 26289
4 82 41266
4 83 38947
4 84 40154
4 85 30303
4 86 37565
4 87 20258
4 88 40040
4 89 29788
4 90 50455
4 91 37054
4 92 31538
4 93 32577
4 94 25612
4 95 25890
4 96 31867
4 97 26890
4 98 33429
4 99 33896
4 100 31181
4 101 34615
4 102 21178
4 103 36350
4 104 33901
4 105 14949
4 106 39367
4 107 49559
4 108 41488
4 109 9428
4 110 510
4 111 21315
4 112 22770
4 113 40255
4 114 41858
4 115 15744
4 116 17430
4 117 26623
4 118 31380
4 119 37365
4 120 28254
4 121 16547
4 122 34916
4 123 46512
4 124 50864
4 125 43009
4 126 50105
4 127 33787
4 128 42502
4 129 26351
4 130 2152
4 131 43941
4 132 28610
4 133 8065
4 134 4325
4 135 36327
4 136 44571
4 137 20370
4 138 15943
4 139 804
4 140 40584
4 141 37555
4 142 31301
4 143 57430
4 144 19559
4 145 11786
4 146 28933
4 147 28416
4 148 40392
4 149 5342
4 150 13882
4 151 15554
5 1 29524
5 2 20554
5 3 38582
5 4 33484
5 6 9407
5 7 16628
5 8 11114
5 9 41749
5 10 27635
5 11 29091
5 12 31147
5 13 11457
5 14 12101
5 15 19199
5 16 4310
5 17 4919
5 18 6330
5 19 23261
5 20 41432
5 21 28627
5 22 31040
5 23 31937
5 24 45680
5 25 42700
5 26 26245
5 27 19609
5 28 24838
5 29 43906
5 30 32823
5 31 19834
5 32 34063
5 33 40628
5 34 45650
5 35 52486
5 36 25724
5 37 8766
5 38 15556
5 39 39567
5 40 23166
5 41 31016
5 42 13282
5 43 18192
5 44 11065
5 45 3696
5 46 12091
5 47 17004
5 48 11931
5 49 26694
5 50 32201
5 51 38629
5 52 15739
5 53 20548
5 54 36995
5 55 40843
5 56 36294
5 57 20948
5 58 16843
5 59 2689
5 60 2905
5 61 -419
5 62 22725
5 63 35309
5 64 26791
5 65 47912
5 66 36552
5 67 38485
5 68 32995
5 69 26251
5 70 31275
5 71 47356
5 72 28839
5 73 28405
5 74 31608
5 75 33627
5 76 32936
5 77 36031
5 78 45549
5 79 39104
5 80 39478
5 81 38937
5 82 10006
5 83 1633
5 84 -1077
5 85 -686
5 86 2805
5 87 10876
5 88 21451
5 89 9221
5 90 37993
5 91 8042
5 92 9107
5 93 2069
5 94 7181
5 95 7287
5 96 5749
5 97 10327
5 98 7264
5 99 4788
5 100 6496
5 101 29013
5 102 30513
5 103 42497
5 104 4793
5 105 21921
5 106 13978
5 107 25235
5 108 28891
5 109 33207
5 110 33495
5 111 25772
5 112 12062
5 113 1186
5 114 5926
5 115 21567
5 116 34818
5 117 12355
5 118 -5176
5 119 11903
5 120 40679
5 121 41968
5 122 33883
5 123 19772
5 124 17092
5 125 3059
5 126 34385
5 127 19681
5 128 40394
5 129 44806
5 130 37641
5 131 36516
5 132 25564
5 133 31503
5 134 36105
5 135 50189
5 136 56769
5 137 16071
5 138 28329
5 139 40888
5 140 14661
5 141 6383
5 142 16742
5 143 26267
5 144 15277
5 145 24159
5 146 18335
5 147 6303
5 148 21220
5 149 27773
5 150 38446
5 151 11170
6 1 22161
6 2 13101
6 3 29403
6 4 23876
6 5 3081
6 7 16628
6 8 17035
6 9 34175
6 10 24508
6 11 29091
6 12 21287
6 13 2717
6 14 14462
6 15 15539
6 16 11158
6 17 14919
6 18 6330
6 19 24884
6 20 35645
6 21 19365
6 22 23268
6 23 23818
6 24 35742
6 25 32941
6 26 16245
6 27 11390
6 28 15376
6 29 34262
6 30 27313
6 31 15435
6 32 30496
6 33 32328
6 34 36918
6 35 44743
6 36 30830
6 37 8766
6 38 20646
6 39 30458
6 40 13482
6 41 24149
6 42 11185
6 43 17106
6 44 15833
6 45 12270
6 46 19093
6 47 21142
6 48 14900
6 49 30128
6 50 23769
6 51 31462
6 52 11200
6 53 10567
6 54 26999
6 55 30974
6 56 27533
6 57 15502
6 58 7170
6 59 1415
6 60 7377
6 61 7191
6 62 21332
6 63 33556
6 64 27843
6 65 41260
6 66 30978
6 67 29665
6 68 23299
6 69 19257
6 70 25852
6 71 40396
6 72 19988
6 73 19647
6 74 23272
6 75 25288
6 76 23713
6 77 26740
6 78 36749
6 79 30124
6 80 29665
6 81 30708
6 82 12729
6 83 7600
6 84 8836
6 85 3294
6 86 10713
6 87 5553
6 88 18877
6 89 2237
6 90 35165
6 91 11908
6 92 7021
6 93 4581
6 94 -1059
6 95 1625
6 96 2376
6 97 5873
6 98 8232
6 99 4788
6 100 8019
6 101 22960
6 102 22174
6 103 35665
6 104 4793
6 105 11921
6 106 13414
6 107 26130
6 108 25672
6 109 23252
6 110 23901
6 111 16865
6 112 2262
6 113 10622
6 114 11249
6 115 14132
6 116 25372
6 117 5743
6 118 -238
6 119 15595
6 120 32722
6 121 32357
6 122 27605
6 123 21213
6 124 21808
6 125 11443
6 126 32588
6 127 14932
6 128 35140
6 129 35781
6 130 27672
6 131 32543
6 132 18162
6 133 23611
6 134 26132
6 135 42339
6 136 49374
6 137 7913
6 138 18531
6 139 31563
6 140 19902
6 141 12304
6 142 16257
6 143 30273
6 144 9875
6 145 17331
6 146 10502
6 147 -1895
6 148 19294
6 149 17799
6 150 28633
6 151 1734
7 1 18346
7 2 32949
7 3 31217
7 4 38351
7 5 13697
7 6 20023
7 8 9393
7 9 28150
7 10 8236
7 11 8736
7 12 29333
7 13 22572
7 14 32412
7 15 36142
7 16 24753
7 17 19919
7 18 5150
7 19 4441
7 20 24489
7 21 36055
7 22 42154
7 23 41776
7 24 42865
7 25 45793
7 26 28261
7 27 15276
7 28 22610
7 29 38179
7 30 16133
7 31 3811
7 32 14441
7 33 29780
7 34 35025
7 35 38622
7 36 13619
7 37 27586
7 38 36064
7 39 46273
7 40 29687
7 41 43849
7 42 31367
7 43 37128
7 44 31681
7 45 10093
7 46 7998
7 47 3494
7 48 -2880
7 49 10447
7 50 23132
7 51 24667
7 52 7946
7 53 24020
7 54 37527
7 55 43109
7 56 44575
7 57 36039
7 58 24309
7 59 20223
7 60 14712
7 61 20076
7 62 2258
7 63 14753
7 64 7250
7 65 31374
7 66 18748
7 67 45857
7 68 28662
7 69 15711
7 70 15244
7 71 31863
7 72 37328
7 73 37429
7 74 41475
7 75 43278
7 76 26963
7 77 29603
7 78 35608
7 79 30463
7 80 36160
7 81 27517
7 82 -1163
7 83 8880
7 84 15824
7 85 19536
7 86 22303
7 87 26169
7 88 3179
7 89 13293
7 90 17930
7 91 28443
7 92 26548
7 93 21438
7 94 19549
7 95 22101
7 96 21220
7 97 26301
7 98 26432
7 99 22385
7 100 26189
7 101 15017
7 102 20581
7 103 27176
7 104 22390
7 105 25205
7 106 -888
7 107 5516
7 108 9393
7 109 32321
7 110 38837
7 111 20387
7 112 17032
7 113 19161
7 114 4871
7 115 33905
7 116 29459
7 117 26356
7 118 8481
7 119 32442
7 120 28056
7 121 36215
7 122 18786
7 123 815
7 124 6171
7 125 9437
7 126 13848
7 127 6448
7 128 22595
7 129 36244
7 130 38954
7 131 17234
7 132 15985
7 133 42318
7 134 34392
7 135 36727
7 136 41933
7 137 27746
7 138 27070
7 139 46803
7 140 35148
7 141 26937
7 142 35873
7 143 11345
7 144 30465
7 145 37201
7 146 15379
7 147 14787
7 148 1365
7 149 30321
7 150 35128
7 151 11767
8 1 28897
8 2 32769
8 3 40906
8 4 42790
8 5 7009
8 6 19256
8 7 8219
8 9 39853
8 10 20343
8 11 17902
8 12 36584
8 13 22553
8 14 25478
8 15 32986
8 16 16130
8 17 8847
8 18 5590
8 19 10981
8 20 36674
8 21 38885
8 22 43088
8 23 43665
8 24 51010
8 25 51325
8 26 33581
8 27 22427
8 28 29487
8 29 47467
8 30 28254
8 31 15478
8 32 26303
8 33 40651
8 34 46042
8 35 50466
8 36 11816
8 37 22666
8 38 26958
8 39 49931
8 40 32657
8 41 43714
8 42 27172
8 43 32091
8 44 23590
8 45 -1943
8 46 -679
8 47 3231
8 48 -673
8 49 12961
8 50 33182
8 51 36369
8 52 15047
8 53 28072
8 54 44024
8 55 48983
8 56 47255
8 57 34202
8 58 26529
8 59 16158
8 60 9835
8 61 11978
8 62 13832
8 63 25569
8 64 14157
8 65 43573
8 66 30938
8 67 49293
8 68 37193
8 69 25743
8 70 27183
8 71 43952
8 72 39715
8 73 39427
8 74 43114
8 75 45126
8 76 35893
8 77 38869
8 78 46347
8 79 40674
8 80 44275
8 81 38614
8 82 -591
8 83 1773
8 84 6842
8 85 13092
8 86 12236
8 87 23990
8 88 15212
8 89 15027
8 90 29572
8 91 21557
8 92 22664
8 93 15977
8 94 18406
8 95 19832
8 96 18133
8 97 23500
8 98 21185
8 99 18108
8 100 20376
8 101 26360
8 102 31023
8 103 39205
8 104 18113
8 105 29617
8 106 7655
8 107 13364
8 108 21434
8 109 39260
8 110 42917
8 111 28679
8 112 19644
8 113 8688
8 114 -4207
8 115 33811
8 116 38265
8 117 24712
8 118 3425
8 119 24936
8 120 39537
8 121 45470
8 122 30627
8 123 7985
8 124 3225
8 125 -2424
8 126 24767
8 127 16866
8 128 34798
8 129 46451
8 130 45132
8 131 29222
8 132 25706
8 133 43447
8 134 41978
8 135 48475
8 136 53956
8 137 27697
8 138 33818
8 139 50837
8 140 25997
8 141 18455
8 142 30646
8 143 12414
8 144 28473
8 145 36850
8 146 21461
8 147 14706
8 148 13503
8 149 35565
8 150 43243
8 151 16803
9 1 15126
9 2 44124
9 3 10862
9 4 32253
9 5 43081
9 6 41833
9 7 32413
9 8 45290
9 10 19094
9 11 29091
9 12 21287
9 13 38658
9 14 56132
9 15 50459
9 16 53338
9 17 53229
9 18 35461
9 19 33261
9 20 6514
9 21 38235
9 22 45974
9 23 39767
9 24 22357
9 25 32941
9 26 27868
9 27 25532
9 28 24838
9 29 13583
9 30 8772
9 31 17929
9 32 12166
9 33 4965
9 34 928
9 35 2515
9 36 46028
9 37 50737
9 38 62960
9 39 39361
9 40 35750
9 41 50119
9 42 50297
9 43 55400
9 44 58228
9 45 45366
9 46 44229
9 47 37248
9 48 32595
9 49 37292
9 50 11230
9 51 909
9 52 30804
9 53 32657
9 54 26047
9 55 30190
9 56 42288
9 57 49415
9 58 34414
9 59 43722
9 60 44476
9 61 48953
9 62 24378
9 63 23916
9 64 23254
9 65 -171
9 66 -3948
9 67 37082
9 68 12043
9 69 20652
9 70 15655
9 71 -1037
9 72 38632
9 73 41010
9 74 44107
9 75 44044
9 76 15854
9 77 12986
9 78 4559
9 79 5575
9 80 20907
9 81 -1711
9 82 35065
9 83 41573
9 84 47497
9 85 45704
9 86 52594
9 87 43114
9 88 26937
9 89 35426
9 90 22682
9 91 54322
9 92 48806
9 93 46985
9 94 39711
9 95 42486
9 96 44802
9 97 46077
9 98 50490
9 99 47180
9 100 50100
9 101 17598
9 102 4094
9 103 -2752
9 104 47185
9 105 30462
9 106 32351
9 107 30292
9 108 17197
9 109 23252
9 110 35592
9 111 19639
9 112 32815
9 113 51039
9 114 40172
9 115 44255
9 116 15452
9 117 44863
9 118 37833
9 119 57818
9 120 -6971
9 121 12773
9 122 9041
9 123 31868
9 124 41681
9 125 44547
9 126 23655
9 127 23981
9 128 7886
9 129 10560
9 130 27672
9 131 11864
9 132 19569
9 133 45415
9 134 17666
9 135 377
9 136 6964
9 137 41701
9 138 24841
9 139 39578
9 140 62254
9 141 54696
9 142 56326
9 143 40987
9 144 45542
9 145 45416
9 146 30245
9 147 37142
9 148 24708
9 149 27469
9 150 19875
9 151 22570
10 1 12878
10 2 39990
10 3 25017
10 4 39423
10 5 26622
10 6 29821
10 7 10154
10 8 23435
10 9 16749
10 11 4916
10 12 27808
10 13 30646
10 14 44303
10 15 45044
10 16 37851
10 17 33970
10 18 17511
10 19 8261
10 20 11145
10 21 39724
10 22 47186
10 23 45182
10 24 38443
10 25 44861
10 26 29786
10 27 17864
10 28 23407
10 29 31929
10 30 3772
10 31 693
10 32 530
10 33 21071
10 34 25103
10 35 26458
10 36 21028
10 37 38817
10 38 49045
10 39 47705
10 40 34072
10 41 49890
10 42 41531
10 43 47460
10 44 44342
10 45 24212
10 46 20350
10 47 12439
10 48 8628
10 49 12941
10 50 17367
10 51 13689
10 52 15310
10 53 28358
10 54 36093
10 55 41913
10 56 47472
10 57 44231
10 58 29990
10 59 31312
10 60 27502
10 61 33122
10 62 -361
10 63 3992
10 64 2463
10 65 17679
10 66 4756
10 67 47075
10 68 24441
10 69 13213
10 70 5278
10 71 18877
10 72 41081
10 73 41847
10 74 45902
10 75 47233
10 76 23053
10 77 24470
10 78 26575
10 79 22956
10 80 32598
10 81 17999
10 82 12855
10 83 22580
10 84 29470
10 85 31749
10 86 35922
10 87 35232
10 88 5798
10 89 22456
10 90 4753
10 91 40700
10 92 37310
10 93 33308
10 94 29021
10 95 31971
10 96 32089
10 97 36192
10 98 37937
10 99 33825
10 100 37808
10 101 8530
10 102 13518
10 103 14609
10 104 33830
10 105 28544
10 106 11761
10 107 5516
10 108 -4650
10 109 30914
10 110 40681
10 111 19089
10 112 23955
10 113 33018
10 114 19013
10 115 40735
10 116 25286
10 117 35584
10 118 21185
10 119 44766
10 120 17275
10 121 30175
10 122 8068
10 123 7071
10 124 17414
10 125 23573
10 126 3079
10 127 8250
10 128 8759
10 129 28654
10 130 37814
10 131 3141
10 132 13671
10 133 47109
10 134 31117
10 135 24901
10 136 29127
10 137 35336
10 138 27070
10 139 47936
10 140 48167
10 141 39879
10 142 46665
10 143 16145
10 144 39064
10 145 43722
10 146 20195
10 147 24548
10 148 1365
10 149 31427
10 150 31566
10 151 16049
11 1 23723
11 2 46989
11 3 36173
11 4 49262
11 5 28436
11 6 34762
11 7 11012
11 8 21352
11 9 27104
11 10 5274
11 12 38218
11 13 36877
11 14 47328
11 15 50872
11 16 39228
11 17 32998
11 18 20150
11 19 332
11 20 20334
11 21 48482
11 22 55399
11 23 54229
11 24 49514
11 25 55350
11 26 39257
11 27 26403
11 28 32912
11 29 43107
11 30 14388
11 31 9660
11 32 5758
11 33 32187
11 34 35846
11 35 36081
11 36 11710
11 37 42586
11 38 50477
11 39 57501
11 40 42392
11 41 57580
11 42 46308
11 43 52105
11 44 46361
11 45 22068
11 46 14646
11 47 5078
11 48 4605
11 49 1961
11 50 28416
11 51 24417
11 52 21134
11 53 36538
11 54 46607
11 55 52443
11 56 56680
11 57 50531
11 58 37619
11 59 35216
11 60 29578
11 61 34646
11 62 1376
11 63 2567
11 64 -7209
11 65 25125
11 66 11817
11 67 57005
11 68 35426
11 69 23207
11 70 16451
11 71 27838
11 72 49857
11 73 50291
11 74 54391
11 75 55972
11 76 33894
11 77 35530
11 78 37571
11 79 34128
11 80 43492
11 81 28977
11 82 11688
11 83 23198
11 84 29971
11 85 34438
11 86 36175
11 87 40860
11 88 11172
11 89 27732
11 90 8862
11 91 43313
11 92 41523
11 93 36410
11 94 34250
11 95 36929
11 96 36186
11 97 41156
11 98 41426
11 99 37385
11 100 41170
11 101 19301
11 102 24685
11 103 24264
11 104 37390
11 105 37232
11 106 13978
11 107 -4220
11 108 4516
11 109 41341
11 110 50211
11 111 29175
11 112 30722
11 113 32726
11 114 17909
11 115 47874
11 116 36217
11 117 41042
11 118 23358
11 119 47255
11 120 27857
11 121 41345
11 122 19108
11 123 1697
11 124 11697
11 125 21712
11 126 2151
11 127 15973
11 128 17081
11 129 39820
11 130 48276
11 131 9203
11 132 23719
11 133 55447
11 134 42017
11 135 34809
11 136 38108
11 137 41926
11 138 36966
11 139 57812
11 140 49538
11 141 41486
11 142 50870
11 143 5860
11 144 45054
11 145 51107
11 146 27736
11 147 29482
11 148 5474
11 149 41112
11 150 42460
11 151 24095
12 1 13965
12 2 20131
12 3 7042
12 4 8064
12 5 28436
12 6 24902
12 7 29553
12 8 37978
12 9 17244
12 10 26110
12 11 36162
12 13 18007
12 14 35113
12 15 26100
12 16 35850
12 17 40196
12 18 25564
12 19 36273
12 20 25748
12 21 12815
12 22 20479
12 23 15181
12 24 10431
12 25 12923
12 26 3316
12 27 13059
12 28 7132
12 29 9110
12 30 20698
12 31 18126
12 32 27396
12 33 13982
12 34 14748
12 35 25777
12 36 47148
12 37 31127
12 38 42713
12 39 16181
12 40 11813
12 41 24668
12 42 27870
12 43 31901
12 44 38867
12 45 35756
12 46 39616
12 47 37035
12 48 30559
12 49 42643
12 50 8335
12 51 17606
12 52 22399
12 53 12126
12 54 4203
12 55 10027
12 56 17441
12 57 25395
12 58 12108
12 59 25220
12 60 31448
12 61 32433
12 62 28027
12 63 35554
12 64 34463
12 65 25125
12 66 19747
12 67 15270
12 68 -1770
12 69 16140
12 70 21914
12 71 24451
12 72 13146
12 73 15599
12 74 18614
12 75 18699
12 76 3951
12 77 4413
12 78 14807
12 79 8174
12 80 4210
12 81 11936
12 82 30006
12 83 30618
12 84 34005
12 85 27653
12 86 35567
12 87 20987
12 88 26265
12 89 21138
12 90 34898
12 91 35526
12 92 29348
12 93 29199
12 94 21077
12 95 22938
12 96 27253
12 97 25526
12 98 31430
12 99 29706
12 100 30362
12 101 19301
12 102 5600
12 103 21317
12 104 29711
12 105 8101
12 106 27335
12 107 35452
12 108 26129
12 109 -1086
12 110 10423
12 111 6617
12 112 15172
12 113 36104
12 114 32196
12 115 19929
12 116 2542
12 117 24405
12 118 24279
12 119 37832
12 120 14243
12 121 7352
12 122 19108
12 123 33250
12 124 39315
12 125 34850
12 126 34759
12 127 20104
12 128 26751
12 129 13455
12 130 5850
12 131 28140
12 132 13825
12 133 19929
12 134 1187
12 135 23224
12 136 31323
12 137 19487
12 138 2915
12 139 16333
12 140 42196
12 141 36318
12 142 34149
12 143 44362
12 144 22348
12 145 20231
12 146 17539
12 147 21284
12 148 26310
12 149 1992
12 150 3178
12 151 5554
13 1 23723
13 2 6134
13 3 27878
13 4 17748
13 5 8892
13 6 6478
13 7 22938
13 8 24093
13 9 34761
13 10 29094
13 11 34967
13 12 18153
13 14 13314
13 15 10044
13 16 13746
13 17 20414
13 18 13178
13 19 31340
13 20 38054
13 21 12815
13 22 16197
13 23 16783
13 24 31832
13 25 27065
13 26 12056
13 27 13059
13 28 14191
13 29 31471
13 30 30173
13 31 19650
13 32 34517
13 33 32187
13 34 35846
13 35 44937
13 36 37850
13 37 8766
13 38 20646
13 39 23797
13 40 7671
13 41 17181
13 42 7475
13 43 13119
13 44 16527
13 45 18949
13 46 26122
13 47 28091
13 48 21746
13 49 36887
13 50 23769
13 51 32663
13 52 16295
13 53 7745
13 54 22278
13 55 25396
13 56 20666
13 57 9342
13 58 1548
13 59 3259
13 60 14244
13 61 10901
13 62 26855
13 63 38607
13 64 33911
13 65 42501
13 66 33358
13 67 22847
13 68 20549
13 69 21535
13 70 28996
13 71 41491
13 72 13146
13 73 12750
13 74 16253
13 75 18279
13 76 22375
13 77 25075
13 78 35669
13 79 28877
13 80 26521
13 81 30577
13 82 19633
13 83 14562
13 84 14725
13 85 5570
13 86 13452
13 87 464
13 88 24149
13 89 7908
13 90 39694
13 91 13197
13 92 7021
13 93 7403
13 94 251
13 95 724
13 96 6379
13 97 3276
13 98 9120
13 99 8435
13 100 8019
13 101 25793
13 102 22174
13 103 37025
13 104 8440
13 105 8101
13 106 19720
13 107 32336
13 108 30128
13 109 19495
13 110 17765
13 111 16617
13 112 3008
13 113 15006
13 114 18316
13 115 7145
13 116 23420
13 117 2069
13 118 6482
13 119 15595
13 120 32839
13 121 29695
13 122 29875
13 123 27681
13 124 28833
13 125 18165
13 126 37640
13 127 19250
13 128 37960
13 129 34426
13 130 22607
13 131 36292
13 132 20018
13 133 16543
13 134 22023
13 135 42440
13 136 49922
13 137 889
13 138 15943
13 139 25077
13 140 20062
13 141 13996
13 142 13354
13 143 37152
13 144 4064
13 145 10411
13 146 13242
13 147 4707
13 148 24708
13 149 12960
13 150 25489
13 151 1734
14 1 44194
14 2 17890
14 3 49013
14 4 33484
14 5 13081
14 6 21768
14 7 36323
14 8 30563
14 9 55780
14 10 46296
14 11 48963
14 12 38804
14 13 16859
14 15 5855
14 16 4310
14 17 17280
14 18 25564
14 19 43261
14 20 57984
14 21 28627
14 22 24984
14 23 25078
14 24 51333
14 25 42700
14 26 32301
14 27 33304
14 28 35395
14 29 51981
14 30 49674
14 31 37575
14 32 52532
14 33 53358
14 34 57016
14 35 66081
14 36 44690
14 37 8766
14 38 -190
14 39 36145
14 40 26826
14 41 22714
14 42 2377
14 43 662
14 44 230
14 45 21065
14 46 30049
14 47 36608
14 48 31888
14 49 46337
14 50 44884
14 51 53406
14 52 33161
14 53 28939
14 54 41081
14 55 42064
14 56 32299
14 57 13306
14 58 21866
14 59 9436
14 60 22516
14 61 7191
14 62 42150
14 63 54713
14 64 46791
14 65 63285
14 66 53323
14 67 33028
14 68 41239
14 69 41494
14 70 48206
14 71 62327
14 72 26469
14 73 26458
14 74 27398
14 75 28693
14 76 43570
14 77 46198
14 78 56849
14 79 50048
14 80 46977
14 81 51753
14 82 30006
14 83 21581
14 84 16178
14 85 3294
14 86 127
14 87 8448
14 88 40271
14 89 24451
14 90 56885
14 91 6042
14 92 12369
14 93 9679
14 94 16027
14 95 12830
14 96 16518
14 97 11739
14 98 9120
14 99 15148
14 100 2671
14 101 45313
14 102 43304
14 103 57708
14 104 15153
14 105 28937
14 106 33433
14 107 45212
14 108 47520
14 109 39652
14 110 34030
14 111 37727
14 112 23140
14 113 8034
14 114 25697
14 115 18168
14 116 44487
14 117 16155
14 118 14305
14 119 -1608
14 120 53982
14 121 50319
14 122 49902
14 123 39764
14 124 36584
14 125 20865
14 126 53763
14 127 37103
14 128 57500
14 129 55576
14 130 40775
14 131 54707
14 132 40266
14 133 25611
14 134 41437
14 135 63599
14 136 70981
14 137 18092
14 138 36966
14 139 38684
14 140 -569
14 141 1057
14 142 1861
14 143 45745
14 144 9875
14 145 16918
14 146 32715
14 147 20271
14 148 40392
14 149 32302
14 150 45945
14 151 22570
15 1 42676
15 2 9700
15 3 43032
15 4 21408
15 5 22236
15 6 24902
15 7 42110
15 8 40128
15 9 52164
15 10 49094
15 11 54564
15 12 31848
15 13 15646
15 14 7912
15 16 18130
15 17 30274
15 18 31551
15 19 50270
15 20 57181
15 21 18217
15 22 10795
15 23 9767
15 24 41529
15 25 29789
15 26 25400
15 27 32603
15 28 31750
15 29 43707
15 30 49674
15 31 39642
15 32 54429
15 33 49045
15 34 50781
15 35 61557
15 36 54745
15 37 15614
15 38 13630
15 39 21907
15 40 20032
15 41 7714
15 42 2377
15 43 -2688
15 44 15597
15 45 32458
15 46 41200
15 47 45621
15 48 39820
15 49 55060
15 50 41276
15 51 50887
15 52 36165
15 53 25451
15 54 31108
15 55 29925
15 56 18288
15 57 3469
15 58 17305
15 59 15228
15 60 30213
15 61 19046
15 62 46653
15 63 58575
15 64 53337
15 65 60235
15 66 52339
15 67 17788
15 68 33821
15 69 41027
15 70 48694
15 71 59259
15 72 14159
15 73 15064
15 74 14142
15 75 14603
15 76 38473
15 77 40287
15 78 50862
15 79 44183
15 80 39116
15 81 47298
15 82 37604
15 83 30339
15 84 27002
15 85 13275
15 86 15595
15 87 6337
15 88 44024
15 89 27403
15 90 59690
15 91 17560
15 92 17265
15 93 17833
15 94 18140
15 95 15272
15 96 21542
15 97 13636
15 98 16831
15 99 21644
15 100 11819
15 101 45418
15 102 39491
15 103 55216
15 104 21649
15 105 23847
15 106 38903
15 107 51613
15 108 50123
15 109 31695
15 110 22788
15 111 34564
15 112 22956
15 113 22022
15 114 34703
15 115 8858
15 116 38407
15 117 16711
15 118 22089
15 119 13574
15 120 49682
15 121 42378
15 122 49066
15 123 46605
15 124 45899
15 125 31969
15 126 57606
15 127 39250
15 128 57342
15 129 49504
15 130 30145
15 131 56121
15 132 39319
15 133 11374
15 134 31780
15 135 59003
15 136 66929
15 137 14400
15 138 31456
15 139 25077
15 140 13681
15 141 15779
15 142 6157
15 143 54905
15 144 4064
15 145 3214
15 146 33159
15 147 23564
15 148 44543
15 149 23918
15 150 38084
15 151 20968
16 1 39772
16 2 21879
16 3 47340
16 4 37253
16 5 4261
16 6 17435
16 7 27635
16 8 20186
16 9 51957
16 10 38815
16 11 39834
16 12 38512
16 13 16262
16 14 3281
16 15 15044
16 17 6099
16 18 17511
16 19 33572
16 20 52343
16 21 32004
16 22 31385
16 23 32201
16 24 52440
16 25 46710
16 26 32646
16 27 29264
16 28 33267
16 29 51768
16 30 43772
16 31 30906
16 32 45243
16 33 50319
16 34 54940
16 35 62608
16 36 33820
16 37 7586
16 38 4441
16 39 41737
16 40 28085
16 41 30088
16 42 9282
16 43 11433
16 44 656
16 45 10093
16 46 19007
16 47 26134
16 48 21980
16 49 35809
16 50 41770
16 51 49036
16 52 26648
16 53 27680
16 54 42837
16 55 45420
16 56 37984
16 57 19598
16 58 22148
16 59 5909
16 60 14085
16 61 -2655
16 62 33811
16 63 46370
16 64 37010
16 65 58600
16 66 47537
16 67 39729
16 68 40788
16 69 36632
16 70 42216
16 71 57896
16 72 31127
16 73 30757
16 74 32927
16 75 34703
16 76 41657
16 77 44634
16 78 54767
16 79 48117
16 80 46926
16 81 48689
16 82 20465
16 83 12026
16 84 5845
16 85 -2423
16 86 -7149
16 87 11295
16 88 32631
16 89 19070
16 90 49160
16 91 2141
16 92 10643
16 93 4305
16 94 13243
16 95 11149
16 96 12025
16 97 11906
16 98 6470
16 99 10047
16 100 2373
16 101 39769
16 102 40164
16 103 53076
16 104 10052
16 105 28544
16 106 25105
16 107 35740
16 108 40071
16 109 40052
16 110 37399
16 111 34892
16 112 20124
16 113 -2923
16 114 15648
16 115 22634
16 116 43174
16 117 15726
16 118 5983
16 119 2402
16 120 50641
16 121 49922
16 122 44617
16 123 30236
16 124 26067
16 125 9993
16 126 45457
16 127 30659
16 128 51422
16 129 53761
16 130 43044
16 131 47685
16 132 35756
16 133 31974
16 134 42638
16 135 60237
16 136 67102
16 137 19374
16 138 35994
16 139 43655
16 140 3527
16 141 -4545
16 142 10727
16 143 35110
16 144 14680
16 145 23594
16 146 28169
16 147 15314
16 148 32373
16 149 33545
16 150 45894
16 151 19709
17 1 38028
17 2 29396
17 3 48064
17 4 43243
17 5 3081
17 6 19407
17 7 21012
17 8 11114
17 9 50059
17 10 33145
17 11 31815
17 12 41069
17 13 21141
17 14 14462
17 15 25399
17 16 4310
17 18 13178
17 19 24884
17 20 48485
17 21 38235
17 22 39705
17 23 40669
17 24 55639
17 25 52538
17 26 36245
17 27 28871
17 28 34586
17 29 53666
17 30 39870
17 31 26690
17 32 39438
17 33 49521
17 34 54748
17 35 60823
17 36 23178
17 37 15614
17 38 13630
17 39 48972
17 40 33026
17 41 39114
17 42 19330
17 43 22482
17 44 11661
17 45 -284
17 46 8135
17 47 16251
17 48 13249
17 49 25656
17 50 41276
17 51 46738
17 52 23601
17 53 30541
17 54 46993
17 55 50756
17 56 45510
17 57 28639
17 58 26722
17 59 11292
17 60 11082
17 61 2093
17 62 27152
17 63 39282
17 64 27843
17 65 55322
17 66 43256
17 67 47639
17 68 42807
17 69 34683
17 70 38447
17 71 55122
17 72 38183
17 73 37735
17 74 40638
17 75 42605
17 76 42487
17 77 45598
17 78 54725
17 79 48436
17 80 49363
17 81 47751
17 82 12729
17 83 5964
17 84 883
17 85 4853
17 86 -1432
17 87 19126
17 88 27268
17 89 18725
17 90 42904
17 91 11908
17 92 17265
17 93 9679
17 94 16992
17 95 16506
17 96 15396
17 97 18805
17 98 14058
17 99 13909
17 100 11819
17 101 36733
17 102 39491
17 103 50257
17 104 13914
17 105 31921
17 106 19295
17 107 27288
17 108 34345
17 109 43182
17 110 43259
17 111 35218
17 112 22014
17 113 -4994
17 114 7449
17 115 30343
17 116 44487
17 117 21550
17 118 3587
17 119 13574
17 120 49260
17 121 51709
17 122 41503
17 123 21908
17 124 16209
17 125 -9
17 126 38444
17 127 27056
17 128 47032
17 129 54164
17 130 47621
17 131 42187
17 132 34220
17 133 40229
17 134 46087
17 135 58624
17 136 64815
17 137 25443
17 138 38226
17 139 50446
17 140 12661
17 141 6383
17 142 21473
17 143 24827
17 144 23219
17 145 32364
17 146 27560
17 147 16205
17 148 26310
17 149 37758
17 150 48331
17 151 20968
18 1 20169
18 2 24159
18 3 31217
18 4 32564
18 5 4261
18 6 10587
18 7 6012
18 8 7626
18 9 32060
18 10 16455
18 11 18736
18 12 26206
18 13 13674
18 14 22515
18 15 26445
18 16 15491
18 17 12947
18 19 13877
18 20 30689
18 21 29020
18 22 34035
18 23 34264
18 24 40708
18 25 40954
18 26 23171
18 27 12248
18 28 19125
18 29 37503
18 30 22056
18 31 8910
18 32 22884
18 33 31833
18 34 37182
18 35 42820
18 36 19935
18 37 17586
18 38 26709
18 39 39927
18 40 22671
18 41 35209
18 42 21441
18 43 27153
18 44 22087
18 45 5796
18 46 9585
18 47 10078
18 48 3732
18 49 18948
18 50 23859
18 51 28716
18 52 5663
18 53 17760
18 54 33584
18 55 38574
18 56 37524
18 57 26652
18 58 16725
18 59 10235
18 60 5141
18 61 10762
18 62 11753
18 63 24338
18 64 17127
18 65 37417
18 66 25666
18 67 39388
18 68 27033
18 69 16833
18 70 20561
18 71 37117
18 72 30036
18 73 29867
18 74 33736
18 75 35690
18 76 25949
18 77 29005
18 78 37279
18 79 31264
18 80 34010
18 81 29985
18 82 1608
18 83 1270
18 84 7528
18 85 9691
18 86 13729
18 87 16593
18 88 10270
18 89 4948
18 90 26837
18 91 18629
18 92 16588
18 93 11486
18 94 10097
18 95 12388
18 96 11286
18 97 16520
18 98 16441
18 99 12385
18 100 16218
18 101 18709
18 102 21928
18 103 32248
18 104 12390
18 105 19282
18 106 3021
18 107 15369
18 108 17711
18 109 28843
18 110 32746
18 111 18640
18 112 9538
18 113 11219
18 114 1803
18 115 25172
18 116 28233
18 117 16848
18 118 -1166
18 119 22679
18 120 31347
18 121 35508
18 122 23502
18 123 10217
18 124 10976
18 125 4898
18 126 23397
18 127 9056
18 128 29462
18 129 37024
18 130 34698
18 131 25354
18 132 16520
18 133 34310
18 134 31600
18 135 40646
18 136 46787
18 137 18916
18 138 23410
18 139 40726
18 140 25823
18 141 17535
18 142 25878
18 143 19129
18 144 20990
18 145 28429
18 146 11142
18 147 5539
18 148 10105
18 149 25175
18 150 32978
18 151 6365
19 1 25553
19 2 44124
19 3 38582
19 4 48822
19 5 23081
19 6 31030
19 7 7192
19 8 14906
19 9 31749
19 10 9094
19 11 807
19 12 38804
19 13 33725
19 14 42101
19 15 47053
19 16 33441
19 17 26542
19 18 15766
19 20 25748
19 21 47004
19 22 53294
19 23 52774
19 24 51333
19 25 55741
19 26 38671
19 27 25532
19 28 32625
19 29 45660
19 30 18772
19 31 10520
19 32 12166
19 33 35552
19 34 39997
19 35 41341
19 36 6028
19 37 37897
19 38 44532
19 39 56896
19 40 40683
19 41 55029
19 42 41993
19 43 47591
19 44 40747
19 45 15424
19 46 7579
19 47 -1860
19 48 -1914
19 49 -315
19 50 30506
19 51 28643
19 52 18856
19 53 34926
19 54 47185
19 55 52940
19 56 55467
19 57 47111
19 58 35427
19 59 30701
19 60 24510
19 61 28998
19 62 2534
19 63 9505
19 64 -3209
19 65 31424
19 66 18135
19 67 56478
19 68 37084
19 69 24002
19 70 19577
19 71 33472
19 72 48317
19 73 48490
19 74 52556
19 75 54319
19 76 35351
19 77 37498
19 78 41249
19 79 37090
19 80 44896
19 81 32736
19 82 6006
19 83 17584
19 84 24075
19 85 29265
19 86 29943
19 87 37150
19 88 10455
19 89 24451
19 90 15146
19 91 38042
19 92 37116
19 93 31486
19 94 30564
19 95 32988
19 96 31867
19 97 37135
19 98 36620
19 99 32751
19 100 36234
19 101 21309
19 102 27299
19 103 29464
19 104 32756
19 105 35972
19 106 10268
19 107 -4220
19 108 9239
19 109 41890
19 110 49462
19 111 29632
19 112 28186
19 113 26407
19 114 11805
19 115 45082
19 116 37810
19 117 37360
19 118 18292
19 119 41829
19 120 32249
19 121 43789
19 122 22865
19 123 -4085
19 124 4635
19 125 15154
19 126 8957
19 127 15459
19 128 22856
19 129 42834
19 130 48739
19 131 15509
19 132 24472
19 133 53441
19 134 43346
19 135 39857
19 136 43758
19 137 38912
19 138 36966
19 139 57337
19 140 43579
19 141 35745
19 142 46220
19 143 1597
19 144 41498
19 145 48380
19 146 26119
19 147 25837
19 148 5474
19 149 40679
19 150 43864
19 151 22570
20 1 13814
20 2 45731
20 3 18223
20 4 38351
20 5 39179
20 6 39718
20 7 25167
20 8 38526
20 9 2929
20 10 9905
20 11 18736
20 12 26206
20 13 38366
20 14 54751
20 15 51891
20 16 50139
20 17 48070
20 18 30505
20 19 23675
20 21 42004
20 22 49984
20 23 45595
20 24 31487
20 25 40954
20 26 31245
20 27 24174
20 28 26196
20 29 23291
20 30 843
20 31 11736
20 32 1004
20 33 11983
20 34 12109
20 35 11081
20 36 36318
20 37 49064
20 38 60741
20 39 46183
20 40 37982
20 41 53626
20 42 50166
20 43 55820
20 44 55867
20 45 39088
20 46 36126
20 47 28157
20 48 24380
20 49 26758
20 50 14077
20 51 2646
20 52 26472
20 53 33453
20 54 32930
20 55 38030
20 56 47846
20 57 50760
20 58 35490
20 59 41712
20 60 40206
20 61 45504
20 62 15450
20 63 12944
20 64 12102
20 65 2253
20 66 -9322
20 67 44694
20 68 19250
20 69 18146
20 70 9258
20 71 3086
20 72 42952
20 73 44635
20 74 48263
20 75 48826
20 76 20225
20 77 19278
20 78 15175
20 79 14218
20 80 27968
20 81 7155
20 82 27992
20 83 36335
20 84 42883
20 85 43117
20 86 48896
20 87 43164
20 88 19876
20 89 32649
20 90 11824
20 91 51960
20 92 47242
20 93 44453
20 94 38264
20 95 41243
20 96 42551
20 97 45205
20 98 48523
20 99 44710
20 100 48330
20 101 13164
20 102 8056
20 103 -681
20 104 44715
20 105 32276
20 106 25950
20 107 20245
20 108 7432
20 109 28843
20 110 40794
20 111 20804
20 112 31784
20 113 46575
20 114 33781
20 115 46148
20 116 21217
20 117 44158
20 118 33739
20 119 55843
20 120 4093
20 121 22061
20 122 4243
20 123 22836
20 124 33222
20 125 38360
20 126 12783
20 127 18922
20 128 -3178
20 129 19592
20 130 34698
20 131 683
20 132 17794
20 133 49620
20 134 25784
20 135 9878
20 136 13361
20 137 42205
20 138 27915
20 139 46324
20 140 59942
20 141 51860
20 142 55869
20 143 30839
20 144 46266
20 145 48244
20 146 28169
20 147 34693
20 148 16655
20 149 31833
20 150 26936
20 151 22177
21 1 26597
21 2 7140
21 3 22788
21 4 2253
21 5 24704
21 6 21768
21 7 35063
21 8 39067
21 9 32980
21 10 36814
21 11 45214
21 12 11603
21 13 11457
21 14 23724
21 15 11257
21 16 28130
21 17 36150
21 18 27166
21 19 43261
21 20 40334
21 22 4984
21 23 2795
21 24 20431
21 25 11710
21 26 6245
21 27 19609
21 28 15376
21 29 22527
21 30 34083
21 31 27559
21 32 40244
21 33 29704
21 34 30059
21 35 41547
21 36 51756
21 37 22586
21 38 31350
21 39 8101
21 40 4742
21 41 8890
21 42 15629
21 43 17835
21 44 29098
21 45 34607
21 46 41200
21 47 41702
21 48 35095
21 49 49490
21 50 23040
21 51 32794
21 52 27253
21 53 12126
21 54 9983
21 55 10583
21 56 5560
21 57 11453
21 58 6282
21 59 18535
21 60 29738
21 61 26115
21 62 36731
21 63 46707
21 64 44204
21 65 40925
21 66 34885
21 67 7415
21 68 12973
21 69 26608
21 70 34094
21 71 40194
21 72 -1617
21 73 -213
21 74 3324
21 75 4527
21 76 19241
21 77 20221
21 78 30336
21 79 23872
21 80 18133
21 81 27729
21 82 33367
21 83 29917
21 84 30535
21 85 20321
21 86 27575
21 87 10301
21 88 34070
21 89 21345
21 90 46723
21 91 27059
21 92 21564
21 93 22656
21 94 16027
21 95 16021
21 96 22175
21 97 16898
21 98 23434
21 99 24095
21 100 21201
21 101 30885
21 102 20839
21 103 36801
21 104 24100
21 105 8101
21 106 32075
21 107 43487
21 108 37386
21 109 10851
21 110 2470
21 111 17830
21 112 14376
21 113 30317
21 114 33218
21 115 6177
21 116 18353
21 117 16711
21 118 22089
21 119 27543
21 120 30051
21 121 21263
21 122 32820
21 123 39764
21 124 42923
21 125 33793
21 126 45799
21 127 28015
21 128 41037
21 129 29062
21 130 9301
21 131 41388
21 132 24472
21 133 4661
21 134 10623
21 135 39000
21 136 47124
21 137 10436
21 138 12915
21 139 9267
21 140 31040
21 141 27583
21 142 21861
21 143 50291
21 144 9875
21 145 4580
21 146 22122
21 147 19429
21 148 34605
21 149 3256
21 150 17101
21 151 8582
22 1 36527
22 2 8907
22 3 32263
22 4 6395
22 5 29137
22 6 27691
22 7 43182
22 8 45290
22 9 42739
22 10 46296
22 11 54151
22 12 21287
22 13 16859
22 14 22101
22 15 5855
22 16 29531
22 17 39640
22 18 34201
22 19 51571
22 20 50334
22 21 7004
22 23 -4053
22 24 27447
22 25 14071
22 26 16245
22 27 28871
22 28 25207
22 29 30674
22 30 44021
22 31 36903
22 32 50075
22 33 39474
22 34 38992
22 35 50952
22 36 58975
22 37 24512
22 38 28941
22 39 6234
22 40 13482
22 41 -209
22 42 14252
22 43 13119
22 44 28807
22 45 39664
22 46 47272
22 47 49112
22 48 42642
22 49 57536
22 50 33020
22 51 42750
22 52 35637
22 53 20997
22 54 17455
22 55 14539
22 56 2492
22 57 9342
22 58 13823
22 59 21989
22 60 35311
22 61 28720
22 62 45707
22 63 56190
22 64 53201
22 65 50567
22 66 44861
22 67 3349
22 68 22035
22 69 36303
22 70 43906
22 71 49945
22 72 236
22 73 3696
22 74 -585
22 75 -1199
22 76 29129
22 77 29825
22 78 39503
22 79 33259
22 80 27040
22 81 37411
22 82 40640
22 83 35672
22 84 34762
22 85 22637
22 86 28299
22 87 11972
22 88 42952
22 89 28539
22 90 56376
22 91 28363
22 92 24419
22 93 25775
22 94 21274
22 95 20038
22 96 26734
22 97 19698
22 98 25646
22 99 28067
22 100 22287
22 101 40655
22 102 30769
22 103 46700
22 104 28072
22 105 17537
22 106 40052
22 107 52116
22 108 46966
22 109 20128
22 110 8917
22 111 27762
22 112 22014
22 113 32726
22 114 39524
22 115 7145
22 116 27997
22 117 20667
22 118 27453
22 119 26926
22 120 39678
22 121 29695
22 122 42795
22 123 47980
22 124 49978
22 125 38947
22 126 55264
22 127 37103
22 128 51029
22 129 38353
22 130 15937
22 131 51279
22 132 34220
22 133 -4389
22 134 18025
22 135 48421
22 136 56607
22 137 14975
22 138 22915
22 139 9267
22 140 28861
22 141 28148
22 142 19861
22 143 58028
22 144 9875
22 145 -1082
22 146 30880
22 147 25837
22 148 43538
22 149 12960
22 150 26008
22 151 17480
23 1 43496
23 2 20024
23 3 35862
23 4 7253
23 5 40251
23 6 38458
23 7 53021
23 8 56084
23 9 46749
23 10 54509
23 11 63198
23 12 26206
23 13 27662
23 14 32412
23 15 15044
23 16 40564
23 17 50821
23 18 44647
23 19 61268
23 20 56162
23 21 15032
23 22 6164
23 24 27054
23 25 9738
23 26 23171
23 27 37559
23 28 32840
23 29 31537
23 30 50781
23 31 45404
23 32 57286
23 33 43762
23 34 40738
23 35 53612
23 36 69409
23 37 35665
23 38 38630
23 39 -297
23 40 22671
23 41 8701
23 42 24937
23 43 22094
23 44 39484
23 45 50730
23 46 58137
23 47 59432
23 48 52872
23 49 67455
23 50 38721
23 51 47923
23 52 45249
23 53 30148
23 54 19066
23 55 12033
23 56 1526
23 57 20231
23 58 23785
23 59 33153
23 60 46235
23 61 39884
23 62 54714
23 63 64362
23 64 62156
23 65 53783
23 66 49998
23 67 -7212
23 68 25034
23 69 44143
23 70 51299
23 71 53749
23 72 7512
23 73 12904
23 74 8295
23 75 3163
23 76 34363
23 77 33922
23 78 41940
23 79 36455
23 80 29901
23 81 41289
23 82 51006
23 83 46572
23 84 45908
23 85 33796
23 86 39157
23 87 23151
23 88 52081
23 89 38863
23 90 64165
23 91 39421
23 92 35598
23 93 36954
23 94 32180
23 95 31136
23 96 37794
23 97 30873
23 98 36810
23 99 39202
23 100 33344
23 101 48229
23 102 35971
23 103 51324
23 104 39207
23 105 26076
23 106 49987
23 107 61514
23 108 54961
23 109 24246
23 110 12879
23 111 34892
23 112 32062
23 113 43858
23 114 50284
23 115 18282
23 116 32342
23 117 31750
23 118 38420
23 119 37541
23 120 43239
23 121 31116
23 122 49299
23 123 57753
23 124 60473
23 125 49994
23 126 63477
23 127 45989
23 128 57145
23 129 41296
23 130 16740
23 131 58222
23 132 41931
23 133 4907
23 134 18643
23 135 51182
23 136 59420
23 137 25884
23 138 29538
23 139 5171
23 140 38671
23 141 39028
23 142 30227
23 143 68164
23 144 20990
23 145 9681
23 146 40149
23 147 36466
23 148 52604
23 149 18754
23 150 28869
23 151 26610
24 1 25107
24 2 31686
24 3 10004
24 4 10281
24 5 43330
24 6 39718
24 7 43446
24 8 52765
24 9 18675
24 10 37106
24 11 47819
24 12 10792
24 13 32047
24 14 48003
24 15 36142
24 16 50139
24 17 55127
24 18 40427
24 19 49163
24 20 31390
24 21 22004
24 22 27000
24 23 16390
24 25 6710
24 26 16861
24 27 27662
24 28 21995
24 29 529
24 30 29127
24 31 30644
24 32 35577
24 33 17528
24 34 9748
24 35 23148
24 36 60807
24 37 45020
24 38 55712
24 39 14638
24 40 24597
24 41 31783
24 42 40168
24 43 42834
24 44 52513
24 45 50730
24 46 54214
24 47 50823
24 48 44548
24 49 55245
24 50 17599
24 51 22602
24 52 36880
24 53 26809
24 54 4983
24 55 4501
24 56 20188
24 57 36413
24 58 25829
24 59 39558
24 60 46443
24 61 47002
24 62 40325
24 63 45495
24 64 45090
24 65 23551
24 66 22965
24 67 10855
24 68 868
24 69 28911
24 70 32216
24 71 24673
24 72 20084
24 73 24284
24 74 25322
24 75 23522
24 76 14344
24 77 10291
24 78 12023
24 79 8673
24 80 7105
24 81 13760
24 82 44426
24 83 45601
24 84 48948
24 85 41947
24 86 49851
24 87 33903
24 88 39398
24 89 36138
24 90 44372
24 91 49540
24 92 43399
24 93 43631
24 94 35591
24 95 37110
24 96 41871
24 97 39252
24 98 45498
24 99 44276
24 100 44107
24 101 30657
24 102 12824
24 103 24028
24 104 44281
24 105 22416
24 106 41557
24 107 47744
24 108 36531
24 109 9239
24 110 16186
24 111 20387
24 112 30069
24 113 50834
24 114 47017
24 115 30998
24 116 10535
24 117 38313
24 118 39260
24 119 51248
24 120 14553
24 121 1076
24 122 27527
24 123 46465
24 124 53486
24 125 49823
24 126 44864
24 127 33586
24 128 32827
24 129 12956
24 130 5166
24 131 35784
24 132 26701
24 133 26012
24 134 -5521
24 135 20921
24 136 28981
24 137 32751
24 138 17915
24 139 15282
24 140 55302
24 141 50326
24 142 46467
24 143 57468
24 144 34375
24 145 28987
24 146 32342
24 147 36217
24 148 39015
24 149 13097
24 150 6073
24 151 20554
25 1 34965
25 2 26850
25 3 22788
25 4 2253
25 5 44071
25 6 40638
25 7 50095
25 8 56801
25 9 32980
25 10 47245
25 11 57376
25 12 17005
25 13 31001
25 14 43091
25 15 28123
25 16 48130
25 17 55747
25 18 44394
25 19 57292
25 20 44578
25 21 17004
25 22 17345
25 23 2795
25 24 10431
25 26 18606
25 27 33304
25 28 27323
25 29 15481
25 30 40942
25 31 39321
25 32 47688
25 33 30895
25 34 24748
25 35 38125
25 36 67654
25 37 42586
25 38 50477
25 39 535
25 40 23166
25 41 21968
25 42 34930
25 43 35342
25 44 48905
25 45 53339
25 46 58829
25 47 57495
25 48 50897
25 49 63702
25 50 28416
25 51 35815
25 52 42465
25 53 28608
25 54 7025
25 55 -4059
25 56 8668
25 57 30145
25 58 25079
25 59 38385
25 60 48433
25 61 46024
25 62 49216
25 63 56513
25 64 55613
25 65 38523
25 66 37096
25 67 -4079
25 68 12043
25 69 37345
25 70 42823
25 71 39379
25 72 12350
25 73 17838
25 74 16501
25 75 13036
25 76 24083
25 77 21811
25 78 26808
25 79 22529
25 80 17120
25 81 27729
25 82 49830
25 83 48321
25 84 49909
25 85 40293
25 86 47559
25 87 30238
25 88 47302
25 89 38923
25 90 55691
25 91 47052
25 92 41523
25 93 42531
25 94 35402
25 95 35825
25 96 41699
25 97 36885
25 98 43426
25 99 43783
25 100 41170
25 101 40421
25 102 24685
25 103 38128
25 104 43788
25 105 23847
25 106 47574
25 107 56618
25 108 47151
25 109 14471
25 110 10423
25 111 27762
25 112 31993
25 113 50214
25 114 50942
25 115 25603
25 116 20915
25 117 36581
25 118 40947
25 119 47255
25 120 29034
25 121 15664
25 122 39265
25 123 54153
25 124 59373
25 125 52474
25 126 55756
25 127 41072
25 128 45888
25 129 27053
25 130 4435
25 131 48175
25 132 35029
25 133 16082
25 134 3608
25 135 35866
25 136 43963
25 137 30344
25 138 22915
25 139 2211
25 140 50273
25 141 47537
25 142 40983
25 143 65231
25 144 29419
25 145 20775
25 146 37179
25 147 37866
25 148 47445
25 149 13500
25 150 16088
25 151 24095
26 1 16738
26 2 13101
26 3 13890
26 4 6395
26 5 23081
26 6 19407
26 7 28028
26 8 34522
26 9 23372
26 10 27635
26 11 36748
26 12 2863
26 13 11457
26 14 28157
26 15 19199
26 16 29531
26 17 34919
26 18 22076
26 19 35687
26 20 30334
26 21 7004
26 22 14984
26 23 11693
26 24 16047
26 25 14071
26 27 11390
26 28 5974
26 29 15930
26 30 24186
26 31 18708
26 32 30496
26 33 20128
26 34 21764
26 35 32438
26 36 45459
26 37 24512
26 38 35800
26 39 14532
26 40 4742
26 41 18743
26 42 20816
26 43 24860
26 44 32150
26 45 31466
26 46 36502
26 47 35300
26 48 28673
26 49 42095
26 50 13083
26 51 22868
26 52 20251
26 53 6587
26 54 7025
26 55 11648
26 56 13944
26 57 18393
26 58 5314
26 59 18943
26 60 26717
26 61 26414
26 62 28314
26 63 37458
26 64 35549
26 65 31424
26 66 24920
26 67 14090
26 68 5232
26 69 17236
26 70 24419
26 71 30567
26 72 8053
26 73 9663
26 74 13282
26 75 14094
26 76 9529
26 77 11133
26 78 21762
26 79 15042
26 80 10923
26 81 18289
26 82 27488
26 83 26342
26 84 28815
26 85 21335
26 86 29246
26 87 13993
26 88 25923
26 89 16785
26 90 37242
26 91 28995
26 92 22829
26 93 23020
26 94 15014
26 95 16506
26 96 21328
26 97 18805
26 98 24929
26 99 23703
26 100 23674
26 101 21309
26 102 10980
26 103 26961
26 104 23708
26 105 1921
26 106 25361
26 107 35452
26 108 28042
26 109 3702
26 110 7204
26 111 8019
26 112 10079
26 113 30317
26 114 28671
26 115 12971
26 116 9255
26 117 17776
26 118 19378
26 119 31021
26 120 20664
26 121 14269
26 122 22865
26 123 32376
26 124 37051
26 125 30578
26 126 36583
26 127 19681
26 128 31048
26 129 20395
26 130 7878
26 131 31551
26 132 15010
26 133 14636
26 134 6286
26 135 29882
26 136 37875
26 137 12547
26 138 2915
26 139 14919
26 140 35309
26 141 29791
26 142 27102
26 143 43325
26 144 15277
26 145 13799
26 146 14911
26 147 16205
26 148 26310
26 149 -1682
26 150 9891
26 151 1734
27 1 8139
27 2 19700
27 3 16478
27 4 20537
27 5 15442
27 6 13549
27 7 14040
27 8 22365
27 9 20033
27 10 14710
27 11 22891
27 12 11603
27 13 11457
27 14 28157
27 15 25399
27 16 25146
27 17 26542
27 18 10150
27 19 21545
27 20 22260
27 21 19365
27 22 26607
27 23 25078
27 24 25845
27 25 27766
27 26 10387
27 28 4620
27 29 22527
27 30 14388
27 31 5280
27 32 19234
27 33 18352
27 34 23289
27 35 30618
27 36 31616
27 37 22586
27 38 34728
27 39 28638
27 40 13482
27 41 29282
27 42 23240
27 43 28929
27 44 29957
27 45 20723
27 46 23843
27 47 21463
27 48 14900
27 49 27954
27 50 9858
27 51 17388
27 52 6591
27 53 7745
27 54 19580
27 55 25092
27 56 27533
27 57 24349
27 58 9501
27 59 15464
27 60 17407
27 61 20891
27 62 14409
27 63 24588
27 64 21850
27 65 27248
27 66 17581
27 67 28212
27 68 12043
27 69 5728
27 70 13341
27 71 26326
27 72 20744
27 73 21323
27 74 25408
27 75 26880
27 76 11022
27 77 14117
27 78 23195
27 79 16818
27 80 19098
27 81 16702
27 82 14196
27 83 15775
27 84 20432
27 85 17425
27 86 24539
27 87 16271
27 88 11854
27 89 7434
27 90 24977
27 91 26042
27 92 20681
27 93 18706
27 94 11590
27 95 14493
27 96 16518
27 97 18344
27 98 22254
27 99 18903
27 100 21930
27 101 10066
27 102 8207
27 103 21659
27 104 18908
27 105 8101
27 106 11602
27 107 21380
27 108 15475
27 109 14471
27 110 21226
27 111 3688
27 112 4881
27 113 23547
27 114 16644
27 115 20349
27 116 13246
27 117 17251
27 118 10531
27 119 29614
27 120 18626
27 121 20534
27 122 14084
27 123 18248
27 124 23552
27 125 19816
27 126 23655
27 127 5684
27 128 22154
27 129 22543
27 130 20956
27 131 20808
27 132 4254
27 133 26564
27 134 16933
27 135 28229
27 136 35233
27 137 15531
27 138 9095
27 139 29056
27 140 34004
27 141 26426
27 142 28967
27 143 29246
27 144 19559
27 145 23183
27 146 2262
27 147 8911
27 148 12322
27 149 12404
27 150 18066
27 151 -4446
28 1 9322
28 2 17581
28 3 11987
28 4 14276
28 5 20007
28 6 16871
28 7 20710
28 8 28761
28 9 18675
28 10 19589
28 11 28736
28 12 5012
28 13 11925
28 14 29584
28 15 23882
28 16 28485
28 17 31593
28 18 16363
28 19 27974
28 20 23618
28 21 14468
28 22 22279
28 23 19695
28 24 19514
28 25 21121
28 26 4307
28 27 3956
28 29 16995
28 30 16794
28 31 10659
28 32 22792
28 33 15928
28 34 19748
28 35 28690
28 36 38305
28 37 24605
28 38 36796
28 39 22502
28 40 9713
28 41 25565
28 42 23389
28 43 28503
28 44 32375
28 45 26668
28 46 30409
28 47 28157
28 48 21605
28 49 34398
28 50 7628
28 51 17056
28 52 13279
28 53 5736
28 54 12872
28 55 18412
28 56 21977
28 57 22760
28 58 7548
28 59 18058
28 60 22620
28 61 24653
28 62 20333
28 63 29433
28 64 27498
28 65 26621
28 66 18612
28 67 22019
28 68 6152
28 69 9218
28 70 16632
28 71 25603
28 72 15751
28 73 16849
28 74 20768
28 75 21881
28 76 6314
28 77 9285
28 78 19559
28 79 12825
28 80 12885
28 81 14312
28 82 20863
28 83 21562
28 84 25394
28 85 20407
28 86 28119
28 87 16206
28 88 18067
28 89 12271
28 90 29305
28 91 28665
28 92 22684
28 93 21781
28 94 13807
28 95 16241
28 96 19604
28 97 19500
28 98 24618
28 99 22092
28 100 23960
28 101 13424
28 102 5986
28 103 21403
28 104 22097
28 105 3992
28 106 18311
28 107 27558
28 108 20040
28 109 7791
28 110 15255
28 111 740
28 112 7117
28 113 27953
28 114 22985
28 115 17915
28 116 7922
28 117 18262
28 118 15549
28 119 31664
28 120 16602
28 121 15047
28 122 15724
28 123 24769
28 124 30254
28 125 25760
28 126 28550
28 127 11806
28 128 24061
28 129 18439
28 130 14259
28 131 23988
28 132 7033
28 133 22070
28 134 10403
28 135 26183
28 136 33755
28 137 14776
28 138 2387
28 139 22826
28 140 36169
28 141 29347
28 142 29462
28 143 35827
28 144 18661
28 145 19992
28 146 8320
28 147 12868
28 148 18377
28 149 6114
28 150 11853
28 151 -3121
29 1 21364
29 2 34988
29 3 5349
29 4 16023
29 5 43529
29 6 40211
29 7 40733
29 8 51195
29 9 11874
29 10 32565
29 11 43385
29 12 11444
29 13 33659
29 14 50624
29 15 40293
29 16 51440
29 17 55127
29 18 39195
29 19 45463
29 20 25167
29 21 26073
29 22 32200
29 23 22846
29 24 2502
29 25 13733
29 26 18717
29 27 26317
29 28 21449
29 30 23772
29 31 27113
29 32 29857
29 33 11585
29 34 2786
29 35 16103
29 36 57588
29 37 46779
29 38 58272
29 39 21366
29 40 27082
29 41 36888
29 42 43157
29 43 46618
29 44 54515
29 45 49792
29 46 52177
29 47 47801
29 48 41811
29 49 51204
29 50 13686
29 51 16516
29 52 35061
29 53 27680
29 54 9748
29 55 11361
29 56 26199
29 57 40052
29 58 27714
29 59 40819
29 60 46109
29 61 47900
29 62 36395
29 63 40309
29 64 40007
29 65 16501
29 66 16172
29 67 17909
29 68 -437
29 69 25907
29 70 27630
29 71 17643
29 72 24975
29 73 28641
29 74 30385
29 75 29116
29 76 11880
29 77 6914
29 78 4999
29 79 2629
29 80 7319
29 81 7289
29 82 42260
29 83 44811
29 84 48929
29 85 43252
29 86 51148
29 87 36451
29 88 36148
29 89 35777
29 90 39082
29 91 51171
29 92 44996
29 93 44757
29 94 36632
29 95 38578
29 96 42731
29 97 41167
29 98 47074
29 99 45204
29 100 46011
29 101 26692
29 102 8117
29 103 17308
29 104 45209
29 105 23754
29 106 39240
29 107 43652
29 108 31702
29 109 11086
29 110 21085
29 111 18640
29 112 30419
29 113 51406
29 114 45557
29 115 34538
29 116 8259
29 117 40056
29 118 39072
29 119 53455
29 120 7665
29 121 -4540
29 122 22326
29 123 43042
29 124 50891
29 125 48885
29 126 39757
29 127 30775
29 128 26644
29 129 6676
29 130 10691
29 131 29923
29 132 23852
29 133 31326
29 134 -506
29 135 13856
29 136 21941
29 137 35019
29 138 18163
29 139 21860
29 140 57777
29 141 51961
29 142 49461
29 143 53795
29 144 37481
29 145 33526
29 146 31240
29 147 36367
29 148 35404
29 149 15972
29 150 6287
29 151 20387
30 1 8367
30 2 39990
30 3 17075
30 4 34973
30 5 32132
30 6 32948
30 7 18373
30 8 31668
30 9 6749
30 10 4094
30 11 14352
30 12 22718
30 13 32047
30 14 48003
30 15 45946
30 16 43130
30 17 41017
30 18 23434
30 19 18261
30 20 2405
30 21 37315
30 22 45233
30 23 41776
30 24 30786
30 25 38880
30 26 26659
30 27 17864
30 28 20934
30 29 23458
30 31 4673
30 32 530
30 33 11983
30 34 15243
30 35 16618
30 36 31028
30 37 42307
30 38 53822
30 39 43101
30 40 32671
30 41 48586
30 42 43753
30 43 49513
30 44 48951
30 45 32151
30 46 29737
30 47 22327
30 48 18000
30 49 22571
30 50 10731
30 51 3804
30 52 19448
30 53 27680
30 54 30338
30 55 35901
30 56 43975
30 57 44851
30 58 29699
30 59 34910
30 60 33146
30 61 38480
30 62 9439
30 63 10316
30 64 10023
30 65 9247
30 66 -2455
30 67 42058
30 68 17420
30 69 11790
30 70 2216
30 71 9505
30 72 38464
30 73 39811
30 74 43634
30 75 44498
30 76 17005
30 77 17270
30 78 17031
30 79 14218
30 80 25903
30 81 8444
30 82 21184
30 83 29275
30 84 35812
30 85 36196
30 86 41843
30 87 36865
30 88 12979
30 89 25791
30 90 9084
30 91 45063
30 92 40525
30 93 37551
30 94 31626
30 95 34625
30 96 35723
30 97 38658
30 98 41709
30 99 37831
30 100 41540
30 101 6444
30 102 5777
30 103 4897
30 104 37836
30 105 26921
30 106 18972
30 107 15369
30 108 2334
30 109 25633
30 110 36909
30 111 15722
30 112 25348
30 113 39503
30 114 26844
30 115 40509
30 116 18689
30 117 37680
30 118 26686
30 119 48989
30 120 7318
30 121 21885
30 122 -695
30 123 16940
30 124 26990
30 125 31406
30 126 9799
30 127 11870
30 128 1610
30 129 19824
30 130 32126
30 131 1226
30 132 11688
30 133 44970
30 134 24212
30 135 14965
30 136 19620
30 137 36116
30 138 23410
30 139 43248
30 140 53012
30 141 44886
30 142 49349
30 143 26055
30 144 40162
30 145 42928
30 146 21572
30 147 27870
30 148 10105
30 149 27697
30 150 24871
30 151 16049
31 1 7762
31 2 31928
31 3 20862
31 4 32253
31 5 20284
31 6 22211
31 7 7192
31 8 20033
31 9 17047
31 10 2156
31 11 10765
31 12 21287
31 13 22665
31 14 37045
31 15 37055
31 16 31405
31 17 28978
31 18 11429
31 19 11150
31 20 14439
31 21 31932
31 22 39256
31 23 37540
31 24 33444
31 25 38400
31 26 22322
31 27 9897
31 28 15940
31 29 27940
31 30 5814
31 32 7698
31 33 18719
31 34 23880
31 35 27621
31 36 23111
31 37 31424
31 38 42342
31 39 40507
31 40 26131
31 41 41873
31 42 33765
31 43 39681
31 44 37515
31 45 20307
31 46 19162
31 47 13423
31 48 7840
31 49 17325
31 50 12729
31 51 13558
31 52 7896
31 53 20365
31 54 29696
31 55 35521
31 56 39897
31 57 36201
31 58 21941
31 59 23936
31 60 21237
31 61 26711
31 62 2534
31 63 11969
31 64 9473
31 65 21269
31 66 9393
31 67 39991
31 68 19197
31 69 6258
31 70 4427
31 71 21246
31 72 33306
31 73 33961
31 74 38038
31 75 39455
31 76 17471
31 77 19639
31 78 24559
31 79 19715
31 80 27040
31 81 16372
31 82 9769
31 83 17234
31 84 23800
31 85 24793
31 86 29943
31 87 27316
31 88 1854
31 89 14858
31 90 12682
31 91 33716
31 92 29798
31 93 26232
31 94 21274
31 95 24261
31 96 24704
31 97 28448
31 98 30657
31 99 26616
31 100 30528
31 101 3900
31 102 9812
31 103 16435
31 104 26621
31 105 20691
31 106 7130
31 107 9978
31 108 3114
31 109 24406
31 110 33279
31 111 12173
31 112 15937
31 113 27489
31 114 15028
31 115 32674
31 116 19924
31 117 27738
31 118 14819
31 119 37739
31 120 16884
31 121 26033
31 122 7782
31 123 8564
31 124 17005
31 125 19530
31 126 11027
31 127 373
31 128 13203
31 129 25486
31 130 31333
31 131 9767
31 132 6766
31 133 39209
31 134 25518
31 135 25655
31 136 31157
31 137 27300
31 138 19938
31 139 40801
31 140 41500
31 141 33272
31 142 39035
31 143 19463
31 144 31078
31 145 35673
31 146 12138
31 147 16986
31 148 1002
31 149 24123
31 150 26008
31 151 8018
32 1 18203
32 2 48700
32 3 27103
32 4 45177
32 5 36910
32 6 39669
32 7 20219
32 8 33255
32 9 13681
32 10 4390
32 11 9260
32 12 32954
32 13 39929
32 14 54399
32 15 54239
32 16 48139
32 17 44123
32 18 27800
32 19 15193
32 20 6104
32 21 47014
32 22 54825
32 23 51819
32 24 40774
32 25 49164
32 26 36507
32 27 26248
32 28 30470
32 29 33081
32 30 4068
32 31 10095
32 33 21478
32 34 22854
32 35 21365
32 36 27233
32 37 48831
32 38 59312
32 39 53342
32 40 41954
32 41 57942
32 42 51209
32 43 57114
32 44 54581
32 45 34104
32 46 29002
32 47 20045
32 48 17643
32 49 16660
32 50 21026
32 51 12388
32 52 25250
32 53 36578
32 54 40634
32 55 46187
32 56 54021
32 57 53268
32 58 38477
32 59 41331
32 60 37790
32 61 43410
32 62 8870
32 63 2505
32 64 1332
32 65 9604
32 66 -3706
32 67 52342
32 68 27639
32 69 20539
32 70 10369
32 71 12740
32 72 48253
32 73 49398
32 74 53323
32 75 54344
32 76 27294
32 77 27492
32 78 25623
32 79 23823
32 80 36160
32 81 17289
32 82 22738
32 83 32837
32 84 39744
32 85 41947
32 86 46208
32 87 44662
32 88 16089
32 89 32309
32 90 2154
32 91 50894
32 92 47242
32 93 43465
32 94 38732
32 95 41723
32 96 42099
32 97 45904
32 98 48011
32 99 43926
32 100 47886
32 101 15017
32 102 15977
32 103 9968
32 104 43931
32 105 36240
32 106 22027
32 107 11148
32 108 1176
32 109 35898
32 110 46983
32 111 25479
32 112 33153
32 113 43260
32 114 29025
32 115 49337
32 116 28974
32 117 45153
32 118 31467
32 119 54952
32 120 14798
32 121 31644
32 122 9591
32 123 15225
32 124 25911
32 125 33518
32 126 2597
32 127 17837
32 128 2240
32 129 29336
32 130 42421
32 131 -6261
32 132 20741
32 133 54628
32 134 34414
32 135 20420
32 136 22922
32 137 44379
32 138 33355
32 139 53494
32 140 58439
32 141 50152
32 142 56499
32 143 21241
32 144 48295
32 145 52053
32 146 29250
32 147 34433
32 148 11499
32 149 37724
32 150 35128
32 151 24554
33 1 9691
33 2 36057
33 3 3142
33 4 24315
33 5 36990
33 6 35016
33 7 29073
33 8 41118
33 9 -5
33 10 18446
33 11 29204
33 12 13055
33 13 31114
33 14 48740
33 15 42370
33 16 46730
33 17 47721
33 18 30264
33 19 32094
33 20 10598
33 21 29989
33 22 37739
33 23 31810
33 24 16240
33 25 25886
33 26 19654
33 27 18881
33 28 17121
33 29 8324
33 30 9036
33 31 14631
33 32 14993
33 34 2117
33 35 9482
33 36 44652
33 37 43553
33 38 55809
33 39 31709
33 40 27638
33 41 41873
33 42 42563
33 43 47486
33 44 51212
33 45 40695
33 46 41044
33 47 35255
33 48 29840
33 49 37292
33 50 3776
33 51 1795
33 52 25561
33 53 24926
33 54 18328
33 55 23011
33 56 34246
33 57 41366
33 58 26529
33 59 36725
33 60 38682
33 61 42522
33 62 22928
33 63 25569
33 64 25277
33 65 8015
33 66 3112
33 67 29829
33 68 4361
33 69 15211
33 70 13708
33 71 7209
33 72 30408
33 73 32764
33 74 35876
33 75 35873
33 76 7650
33 77 4869
33 78 2559
33 79 -934
33 80 13182
33 81 -4883
33 82 31334
33 83 36347
33 84 41757
33 85 38886
33 86 46167
33 87 35386
33 88 23854
33 89 29044
33 90 24309
33 91 47371
33 92 41616
33 93 40183
33 94 32576
33 95 35223
33 96 37958
33 97 38646
33 98 43426
33 99 40397
33 100 42922
33 101 13900
33 102 -3436
33 103 4290
33 104 40402
33 105 22475
33 106 28338
33 107 29817
33 108 17280
33 109 15112
33 110 27451
33 111 12173
33 112 25669
33 113 45079
33 114 35759
33 115 36140
33 116 7262
33 117 37412
33 118 31924
33 119 50652
33 120 -2588
33 121 6914
33 122 7782
33 123 30089
33 124 39005
33 125 39828
33 126 25064
33 127 19595
33 128 12022
33 129 4594
33 130 20031
33 131 15084
33 132 13701
33 133 37190
33 134 10623
33 135 6974
33 136 14645
33 137 33903
33 138 16703
33 139 31884
33 140 55144
33 141 47899
33 142 48663
33 143 40304
33 144 37630
33 145 37190
33 146 23798
33 147 30514
33 148 22454
33 149 19227
33 150 12150
33 151 15313
34 1 22061
34 2 45115
34 3 10004
34 4 28654
34 5 48983
34 6 46577
34 7 41289
34 8 53480
34 9 2929
34 10 29449
34 11 39834
34 12 20792
34 13 41744
34 14 59369
34 15 51077
34 16 58322
34 17 59919
34 18 42584
34 19 43510
34 20 17695
34 21 37315
34 22 44228
34 23 35757
34 24 15431
34 25 26710
34 26 28261
34 27 30789
34 28 27912
34 29 6496
34 30 19267
34 31 26763
34 32 23340
34 33 9088
34 35 3279
34 36 56226
34 37 54595
34 38 66732
34 39 34391
34 40 36722
34 41 48774
34 42 52571
34 43 56875
34 44 62374
34 45 53054
34 46 53275
34 47 47087
34 48 41926
34 49 48058
34 50 15664
34 51 10863
34 52 37897
34 53 35403
34 54 22186
34 55 24397
34 56 38889
34 57 50392
34 58 36477
34 59 48028
34 60 50826
34 61 54273
34 62 34424
34 63 35002
34 64 34417
34 65 3648
34 66 5817
34 67 30828
34 68 9377
34 69 27568
34 70 25234
34 71 5981
34 72 36864
34 73 40042
34 74 42351
34 75 41497
34 76 17496
34 77 12840
34 78 -441
34 79 4039
34 80 18010
34 81 2339
34 82 43642
34 83 48645
34 84 53893
34 85 50328
34 86 57870
34 87 45510
34 88 35969
34 89 40967
34 90 33738
34 91 58654
34 92 52680
34 93 51664
34 94 43789
34 95 46231
34 96 49446
34 97 49371
34 98 54616
34 99 51920
34 100 53943
34 101 26060
34 102 8652
34 103 8059
34 104 51925
34 105 32276
34 106 40671
34 107 40836
34 108 27827
34 109 21640
34 110 33157
34 111 23543
34 112 36986
34 113 57088
34 114 48128
34 115 44928
34 116 15322
34 117 48142
34 118 44020
34 119 61629
34 120 -1255
34 121 6802
34 122 18786
34 123 41794
34 124 51084
34 125 52185
34 126 34697
34 127 31943
34 128 19054
34 129 8090
34 130 23398
34 131 23044
34 132 26006
34 133 43458
34 134 12368
34 135 1305
34 136 9064
34 137 43952
34 138 26199
34 139 34848
34 140 66127
34 141 59306
34 142 58797
34 143 51498
34 144 47215
34 145 44889
34 146 35774
34 147 42246
34 148 34294
34 149 26618
34 150 16978
34 151 26610
35 1 24525
35 2 52270
35 3 17403
35 4 37959
35 5 52486
35 6 51069
35 7 41553
35 8 54571
35 9 1183
35 10 27471
35 11 36736
35 12 28488
35 13 47502
35 14 65101
35 15 58520
35 16 62657
35 17 62661
35 18 44889
35 19 41521
35 20 13334
35 21 45470
35 22 52855
35 23 45298
35 24 25498
35 25 36754
35 26 35602
35 27 34785
35 28 33521
35 29 16480
35 30 17309
35 31 27171
35 32 18518
35 33 13120
35 34 -54
35 36 54233
35 37 59827
35 38 72081
35 39 44186
35 40 43812
35 41 57233
35 42 58960
35 43 63815
35 44 67408
35 45 54725
35 46 53212
35 47 45809
35 48 41502
35 49 44722
35 50 20049
35 51 10236
35 52 40237
35 53 41327
35 54 31480
35 55 34335
35 56 48181
35 57 57589
35 58 42899
35 59 52898
35 60 53904
35 61 58310
35 62 32937
35 63 30727
35 64 29268
35 65 -6514
35 66 -2141
35 67 40921
35 68 17945
35 69 30071
35 70 24730
35 71 -2575
35 72 45457
35 73 48249
35 74 50961
35 75 50463
35 76 23806
35 77 20035
35 78 7712
35 79 11437
35 80 26747
35 81 5890
35 82 44270
35 83 50998
35 84 56929
35 85 54954
35 86 61958
35 87 51784
35 88 36071
35 89 44772
35 90 29744
35 91 63525
35 92 57891
35 93 56238
35 94 48817
35 95 51527
35 96 54035
35 97 55011
35 98 59640
35 99 56437
35 100 59196
35 101 26969
35 102 12824
35 103 3293
35 104 56442
35 105 38802
35 106 41645
35 107 38217
35 108 25254
35 109 29924
35 110 41994
35 111 28507
35 112 41904
35 113 60462
35 114 49503
35 115 52274
35 116 22618
35 117 53780
35 118 47254
35 119 66925
35 120 -579
35 121 16482
35 122 18171
35 123 40429
35 124 50520
35 125 53914
35 126 30660
35 127 33371
35 128 14094
35 129 15911
35 130 32864
35 131 18045
35 132 28947
35 133 52178
35 134 22069
35 135 -5003
35 136 -1078
35 137 50292
35 138 32901
35 139 44561
35 140 71396
35 141 63960
35 142 65064
35 143 48836
35 144 53972
35 145 52926
35 146 39560
35 147 46434
35 148 33588
35 149 34637
35 150 25715
35 151 31591
36 1 37844
36 2 50903
36 3 50944
36 4 58653
36 5 25777
36 6 37209
36 7 16603
36 8 15974
36 9 44749
36 10 22094
36 11 12418
36 12 49912
36 13 40468
36 14 43763
36 15 51761
36 16 33922
36 17 25069
36 18 22057
36 19 6261
36 20 38624
36 21 55732
36 22 60931
36 23 61148
36 24 63210
36 25 66336
36 26 48676
36 27 35836
36 28 43189
36 29 58018
36 30 31772
36 31 22714
36 32 24439
36 33 48343
36 34 52946
36 35 54286
36 37 41449
36 38 43712
36 39 66387
36 40 49333
36 41 61948
36 42 45959
36 43 50777
36 44 41445
36 45 14015
36 46 1887
36 47 -2711
36 48 3441
36 49 -3413
36 50 42806
36 51 41627
36 52 28279
36 53 43978
36 54 58118
36 55 63679
36 56 64282
36 57 52793
36 58 43548
36 59 34910
36 60 28450
36 61 30236
36 62 15405
36 63 21076
36 64 1192
36 65 43806
36 66 30499
36 67 65935
36 68 48959
36 69 35784
36 70 32444
36 71 46296
36 72 56847
36 73 56733
36 74 60635
36 75 62575
36 76 47209
36 77 49628
36 78 54099
36 79 49703
36 80 56579
36 81 45628
36 82 11391
36 83 20504
36 84 25164
36 85 31749
36 86 28574
36 87 42580
36 88 22152
36 89 31793
36 90 27515
36 91 40054
36 92 41419
36 93 34756
36 94 36583
36 95 38345
36 96 36721
36 97 42150
36 98 39959
36 99 36856
36 100 39071
36 101 33803
36 102 39834
36 103 42408
36 104 36861
36 105 45336
36 106 18972
36 107 7471
36 108 22183
36 109 52910
36 110 59013
36 111 40900
36 112 36248
36 113 25134
36 114 14148
36 115 51934
36 116 49705
36 117 43117
36 118 22105
36 119 43056
36 120 45237
36 121 56102
36 122 35811
36 123 7071
36 124 4005
36 125 14306
36 126 20784
36 127 26713
36 128 35587
36 129 55462
36 130 59536
36 131 27878
36 132 36172
36 133 61214
36 134 54892
36 135 52836
36 136 56582
36 137 45698
36 138 47654
36 139 67023
36 140 42744
36 141 36193
36 142 49349
36 143 -4173
36 144 47064
36 145 55119
36 146 35720
36 147 32340
36 148 17831
36 149 50748
36 150 55547
36 151 31954
37 1 33127
37 2 11997
37 3 38874
37 4 27253
37 5 4261
37 6 10587
37 7 26012
37 8 22266
37 9 44900
37 10 35325
37 11 38736
37 12 29333
37 13 6826
37 14 3281
37 15 8072
37 16 3130
37 17 12947
37 18 15150
37 19 33572
37 20 46812
37 21 22004
37 22 21910
37 23 22846
37 24 42865
37 25 36710
37 26 23171
37 27 22248
37 28 24931
37 29 42651
37 30 38493
37 31 26469
37 32 41479
37 33 42686
37 34 46757
37 35 55322
37 36 36891
37 38 9843
37 39 31893
37 40 18287
37 41 21102
37 42 2101
37 43 7295
37 44 5390
37 45 14458
37 46 23174
37 47 28025
37 48 22597
37 49 37643
37 50 34150
37 51 42386
37 52 22089
37 53 18773
37 54 33062
37 55 35440
37 56 28202
37 57 10611
37 58 12553
37 59 -1673
37 60 12751
37 61 1817
37 62 31524
37 63 44002
37 64 37010
37 65 52247
37 66 42149
37 67 30124
37 68 31725
37 69 30354
37 70 37028
37 71 51322
37 72 21206
37 73 20812
37 74 23179
37 75 25042
37 76 33281
37 77 36093
37 78 46569
37 79 39809
37 80 37697
37 81 41084
37 82 20465
37 83 12590
37 84 9013
37 85 -4276
37 86 2651
37 87 1430
37 88 29412
37 89 13293
37 90 45952
37 91 2141
37 92 1305
37 93 -167
37 94 4999
37 95 2028
37 96 5413
37 97 1972
37 98 -1171
37 99 4385
37 100 -3045
37 101 34135
37 102 32576
37 103 46654
37 104 4390
37 105 19282
37 106 22969
37 107 35279
37 108 36531
37 109 30626
37 110 27403
37 111 27031
37 112 12216
37 113 5817
37 114 16966
37 115 12820
37 116 34492
37 117 6079
37 118 4560
37 119 4685
37 120 43239
37 121 40873
37 122 38745
37 123 29969
37 124 28181
37 125 13949
37 126 43043
37 127 25982
37 128 46320
37 129 45393
37 130 33175
37 131 43604
37 132 29169
37 133 22468
37 134 33019
37 135 52869
37 136 60114
37 137 9449
37 138 27070
37 139 33720
37 140 9179
37 141 2895
37 142 5911
37 143 37314
37 144 5244
37 145 14389
37 146 21572
37 147 9105
37 148 29649
37 149 23832
37 150 36665
37 151 11767
38 1 54173
38 2 29011
38 3 59893
38 4 44455
38 5 20007
38 6 31423
38 7 43446
38 8 35514
38 9 66079
38 10 54509
38 11 55583
38 12 49875
38 13 27662
38 14 3281
38 15 15044
38 16 8941
38 17 19919
38 18 33229
38 19 49163
38 20 67445
38 21 39724
38 22 35295
38 23 34767
38 24 62513
38 25 53557
38 26 43415
38 27 43346
38 28 46078
38 29 63100
38 30 58964
38 31 46343
38 32 60916
38 33 63898
38 34 67850
38 35 76532
38 36 48110
38 37 18799
38 39 46545
38 40 37982
38 41 32602
38 42 13405
38 43 8143
38 44 5390
38 45 24669
38 46 32992
38 47 41166
38 48 37516
38 49 50651
38 50 55363
38 51 63468
38 52 41956
38 53 39756
38 54 52254
38 55 53064
38 56 42754
38 57 24082
38 58 32908
38 59 19043
38 60 29818
38 61 13121
38 62 49617
38 63 62181
38 64 52482
38 65 73275
38 66 62728
38 67 42788
38 68 52313
38 69 51250
38 70 57424
38 71 72405
38 72 37328
38 73 37429
38 74 38026
38 75 39085
38 76 54369
38 77 57090
38 78 67669
38 79 60885
38 80 58093
38 81 62296
38 82 36180
38 83 27804
38 84 21483
38 85 11500
38 86 -436
38 87 19604
38 88 48332
38 89 33758
38 90 64913
38 91 14247
38 92 22519
38 93 18383
38 94 26193
38 95 23211
38 96 25936
38 97 22485
38 98 18675
38 99 24192
38 100 12512
38 101 54759
38 102 53789
38 103 67680
38 104 24197
38 105 39933
38 106 40894
38 107 51402
38 108 55764
38 109 50794
38 110 45090
38 111 48241
38 112 33420
38 113 10006
38 114 31213
38 115 29222
38 116 55420
38 117 26888
38 118 21681
38 119 6100
38 120 64451
38 121 61416
38 122 59519
38 123 45904
38 124 41101
38 125 24806
38 126 61266
38 127 45989
38 128 66713
38 129 66441
38 130 51921
38 131 63293
38 132 50177
38 133 35915
38 134 52617
38 135 74081
38 136 81293
38 137 29189
38 138 47915
38 139 49319
38 140 -10339
38 141 5455
38 142 12624
38 143 49827
38 144 20990
38 145 27284
38 146 42517
38 147 29706
38 148 48146
38 149 43477
38 150 57061
38 151 32980
39 1 38915
39 2 22195
39 3 29239
39 4 1687
39 5 41547
39 6 38764
39 7 51184
39 8 56016
39 9 40009
39 10 50698
39 11 60136
39 12 20872
39 13 28342
39 14 37145
39 15 20850
39 16 43766
39 17 52790
39 18 43976
39 19 59056
39 20 50416
39 21 14004
39 22 10117
39 23 -6631
39 24 18968
39 25 1144
39 26 19676
39 27 34785
39 28 29313
39 29 23723
39 30 45772
39 31 42037
39 32 52475
39 33 37327
39 34 33038
39 35 46166
39 36 68314
39 37 38378
39 38 44074
39 40 21525
39 41 14230
39 42 29157
39 43 28111
39 44 43614
39 45 51587
39 46 58151
39 47 58196
39 48 51557
39 49 65438
39 50 33302
39 51 41881
39 52 43324
39 53 28358
39 54 12246
39 55 3737
39 56 1246
39 57 24189
39 58 23250
39 59 35008
39 60 46734
39 61 42350
39 62 51726
39 63 60368
39 64 58848
39 65 46475
39 66 43718
39 67 -9313
39 68 18314
39 69 40329
39 70 46865
39 71 46797
39 72 7512
39 73 13388
39 74 10289
39 75 5723
39 76 28833
39 77 27649
39 78 34571
39 79 29534
39 80 23203
39 81 34586
39 82 50015
39 83 46917
39 84 47355
39 85 36374
39 86 42847
39 87 25742
39 88 49352
39 89 38187
39 90 59859
39 91 42583
39 92 37771
39 93 39042
39 94 32941
39 95 32625
39 96 38986
39 97 33012
39 98 39391
39 99 40764
39 100 36553
39 101 44041
39 102 30165
39 103 44860
39 104 40769
39 105 23828
39 106 48352
39 107 58882
39 108 50915
39 109 18558
39 110 9115
39 111 30749
39 112 31165
39 113 46521
39 114 50161
39 115 20659
39 116 26300
39 117 33248
39 118 39072
39 119 41797
39 120 36299
39 121 23527
39 122 44165
39 123 55689
39 124 59610
39 125 50779
39 126 59535
39 127 43111
39 128 51561
39 129 34247
39 130 9669
39 131 53204
39 132 38043
39 133 8753
39 134 11031
39 135 43800
39 136 52001
39 137 27015
39 138 25374
39 139 -2437
39 140 43987
39 141 42704
39 142 34912
39 143 66517
39 144 24214
39 145 14013
39 146 37997
39 147 36416
39 148 49738
39 149 14712
39 150 22171
39 151 24525
40 1 21343
40 2 6134
40 3 20862
40 4 8064
40 5 18576
40 6 15218
40 7 28028
40 8 32172
40 9 29828
40 10 30495
40 11 38457
40 12 9934
40 13 5646
40 14 21256
40 15 12405
40 16 23544
40 17 30274
40 18 20150
40 19 36273
40 20 35645
40 21 4075
40 22 10795
40 23 9767
40 24 22357
40 25 17205
40 26 3316
40 27 13059
40 28 9954
40 29 22869
40 30 28772
40 31 21091
40 32 34517
40 33 26686
40 34 28799
40 35 39222
40 36 44690
40 37 18202
40 38 28941
40 39 14955
40 41 13659
40 42 13773
40 43 17835
40 44 25589
40 45 28055
40 46 34305
40 47 34631
40 48 28024
40 49 42461
40 50 19053
40 51 28789
40 52 20251
40 53 5233
40 54 12447
40 55 15422
40 56 12631
40 57 11453
40 58 -412
40 59 13230
40 60 23131
40 61 20891
40 62 29988
40 63 40385
40 64 37488
40 65 37906
40 66 30570
40 67 14389
40 68 12279
40 69 20652
40 70 28361
40 71 36956
40 72 5313
40 73 5569
40 74 9669
40 75 11321
40 76 16115
40 77 18073
40 78 28764
40 79 22010
40 80 17885
40 81 24939
40 82 26308
40 83 23198
40 84 24414
40 85 15439
40 86 23200
40 87 7076
40 88 27268
40 89 14343
40 90 40635
40 91 22752
40 92 16725
40 93 17384
40 94 9921
40 95 10658
40 96 16244
40 97 12397
40 98 18793
40 99 18410
40 100 17214
40 101 25066
40 102 17196
40 103 33052
40 104 18415
40 105 1921
40 106 25019
40 107 36592
40 108 31193
40 109 10508
40 110 8092
40 111 12742
40 112 7339
40 113 25006
40 114 26314
40 115 6177
40 116 16217
40 117 11616
40 118 15570
40 119 24333
40 120 27322
40 121 21263
40 122 27761
40 123 32753
40 124 35874
40 125 27213
40 126 39457
40 127 21330
40 128 36101
40 129 27397
40 130 12647
40 131 35841
40 132 18641
40 133 10766
40 134 12479
40 135 36670
40 136 44571
40 137 5827
40 138 9095
40 139 15872
40 140 28486
40 141 23503
40 142 20068
40 143 43229
40 144 8206
40 145 7951
40 146 15225
40 147 12658
40 148 27835
40 149 3256
40 150 16853
40 151 1734
41 1 39334
41 2 8907
41 3 36024
41 4 10638
41 5 28549
41 6 28008
41 7 44313
41 8 45352
41 9 46320
41 10 48436
41 11 55768
41 12 24912
41 13 17279
41 14 19267
41 15 2210
41 16 27670
41 17 38485
41 18 34811
41 19 52742
41 20 53412
41 21 10346
41 22 -773
41 23 -2080
41 24 31666
41 25 18130
41 26 19440
41 27 30982
41 28 27929
41 29 34798
41 30 46810
41 31 38956
41 32 52628
41 33 43044
41 34 42974
41 35 54766
41 36 59428
41 37 23140
41 38 25684
41 39 9783
41 40 15782
41 42 11839
41 43 9448
41 44 26353
41 45 39162
41 46 47167
41 47 49719
41 48 43375
41 49 58474
41 50 36277
41 51 46062
41 52 37047
41 53 23040
41 54 21610
41 55 18736
41 56 6329
41 57 7369
41 58 15390
41 59 21223
41 60 35230
41 61 27355
41 62 47397
41 63 58294
41 64 54818
41 65 54245
41 66 48104
41 67 5868
41 68 25947
41 69 38759
41 70 46470
41 71 53534
41 72 4207
41 73 6823
41 74 3464
41 75 2740
41 76 32573
41 77 33512
41 78 43406
41 79 37067
41 80 30991
41 81 41054
41 82 41266
41 83 35599
41 84 34005
41 85 21269
41 86 26086
41 87 10988
41 88 44614
41 89 29387
41 90 58682
41 91 26589
41 92 23477
41 93 24772
41 94 21391
41 95 19667
41 96 26417
41 97 18896
41 98 24341
41 99 27454
41 100 20528
41 101 43177
41 102 34143
41 103 50119
41 104 27459
41 105 20008
41 106 41127
41 107 53501
41 108 49203
41 109 23943
41 110 13030
41 111 30617
41 112 23250
41 113 31152
41 114 39655
41 115 7145
41 116 31657
41 117 20395
41 118 27287
41 119 24400
41 120 43361
41 121 33771
41 122 45699
41 123 49109
41 124 50405
41 125 38500
41 126 57352
41 127 38970
41 128 54002
41 129 42202
41 130 20148
41 131 53940
41 132 36751
41 133 -389
41 134 22209
41 135 52225
41 136 60382
41 137 15311
41 138 26075
41 139 13189
41 140 25675
41 141 25981
41 142 17074
41 143 58783
41 144 8486
41 145 -2839
41 146 32626
41 147 26337
41 148 45216
41 149 16552
41 150 29959
41 151 19416
42 1 38041
42 2 8783
42 3 41139
42 4 24269
42 5 13206
42 6 17435
42 7 34222
42 8 31201
42 9 48889
42 10 42468
42 11 46887
42 12 30505
42 13 9964
42 14 1321
42 15 -736
42 16 9255
42 17 21092
42 18 23434
42 19 42097
42 20 52343
42 21 19476
42 22 16079
42 23 16547
42 24 42442
42 25 33483
42 26 23904
42 27 27331
42 28 28144
42 29 43458
42 30 44368
42 31 33239
42 32 48286
42 33 46125
42 34 49162
42 35 58884
42 36 45830
42 37 6530
42 38 8878
42 39 27101
42 40 18287
42 41 14230
42 43 -913
42 44 7726
42 45 23277
42 46 32077
42 47 36897
42 48 31325
42 49 46465
42 50 37847
42 51 46939
42 52 29192
42 53 21547
42 54 32104
42 55 32857
42 56 23246
42 57 4189
42 58 13904
42 59 6573
42 60 21520
42 61 9844
42 62 39314
42 63 51584
42 64 45411
42 65 56737
42 66 47658
42 67 24354
42 68 32888
42 69 35784
42 70 43096
42 71 55717
42 72 17256
42 73 17241
42 74 18276
42 75 19698
42 76 35931
42 77 38319
42 78 49048
42 79 42245
42 80 38493
42 81 44491
42 82 29145
42 83 21488
42 84 17822
42 85 4058
42 86 7407
42 87 395
42 88 36904
42 89 20225
42 90 53126
42 91 8444
42 92 8675
42 93 8777
42 94 10912
42 95 7667
42 96 13266
42 97 5928
42 98 7711
42 99 12945
42 100 2612
42 101 39959
42 102 36218
42 103 51307
42 104 12950
42 105 21004
42 106 31078
42 107 43652
42 108 43602
42 109 31086
42 110 24847
42 111 30749
42 112 17127
42 113 13028
42 114 25868
42 115 8977
42 116 36528
42 117 9865
42 118 13354
42 119 5831
42 120 46814
42 121 41875
42 122 44165
42 123 38459
42 124 37086
42 125 22809
42 126 50615
42 127 32747
42 128 52183
42 129 47709
42 130 31698
42 131 50203
42 132 34316
42 133 16702
42 134 32551
42 135 56361
42 136 63987
42 137 10089
42 138 29060
42 139 29529
42 140 8586
42 141 7321
42 142 -533
42 143 46189
42 144 772
42 145 8051
42 146 27260
42 147 16130
42 148 37306
42 149 23556
42 150 37461
42 151 16049
43 1 46718
43 2 15139
43 3 48664
43 4 28488
43 5 21241
43 6 26481
43 7 43108
43 8 39245
43 9 57117
43 10 51522
43 11 55809
43 12 37661
43 13 18733
43 14 2731
43 15 -2676
43 16 14531
43 17 27369
43 18 32271
43 19 50820
43 20 61122
43 21 24807
43 22 18071
43 23 16829
43 24 48233
43 25 37020
43 26 31073
43 27 36145
43 28 36383
43 29 50044
43 30 53253
43 31 42280
43 32 57316
43 33 54173
43 34 56591
43 35 66864
43 36 53773
43 37 14849
43 38 6741
43 39 29180
43 40 25474
43 41 14964
43 42 2212
43 44 10852
43 45 30564
43 46 39546
43 47 45160
43 48 39850
43 49 54829
43 50 46086
43 51 55420
43 52 38247
43 53 29830
43 54 37785
43 55 37056
43 56 25567
43 57 8917
43 58 21885
43 59 15299
43 60 30008
43 61 16580
43 62 48323
43 63 60626
43 64 54222
43 65 65092
43 66 56407
43 67 24833
43 68 39855
43 69 44622
43 70 52034
43 71 64072
43 72 21206
43 73 21864
43 74 21333
43 75 21881
43 76 43752
43 77 45869
43 78 56567
43 79 49809
43 80 45266
43 81 52497
43 82 37727
43 83 29733
43 84 25263
43 85 11500
43 86 10733
43 87 8995
43 88 45946
43 89 29278
43 90 62180
43 91 14931
43 92 17503
43 93 16948
43 94 19966
43 95 16720
43 96 22154
43 97 14984
43 98 15854
43 99 21580
43 100 9938
43 101 48861
43 102 44403
43 103 59791
43 104 21585
43 105 28827
43 106 39995
43 107 52473
43 108 52654
43 109 37811
43 110 29674
43 111 39102
43 112 26020
43 113 18431
43 114 34079
43 115 14713
43 116 44019
43 117 18859
43 118 21812
43 119 8928
43 120 54862
43 121 48614
43 122 52944
43 123 47205
43 124 45250
43 125 30229
43 126 59658
43 127 41791
43 128 61046
43 129 55200
43 130 36974
43 131 59208
43 132 43087
43 133 18653
43 134 38422
43 135 64322
43 136 72097
43 137 18307
43 138 36748
43 139 32348
43 140 6909
43 141 11560
43 142 3141
43 143 54427
43 144 7956
43 145 10382
43 146 36208
43 147 25174
43 148 46332
43 149 30067
43 150 44234
43 151 24730
44 1 43420
44 2 20887
44 3 49686
44 4 36660
44 5 9573
44 6 20667
44 7 33120
44 8 26203
44 9 55404
44 10 43863
44 11 45524
44 12 40086
44 13 17600
44 14 -2242
44 15 11068
44 16 -787
44 17 12007
44 18 22664
44 19 39435
44 20 56628
44 21 31529
44 22 29218
44 23 29678
44 24 53371
44 25 46042
44 26 33822
44 27 32632
44 28 35714
44 29 53400
44 30 48150
44 31 35573
44 32 50242
44 33 53358
44 34 57549
44 35 65916
44 36 39900
44 37 8403
44 38 -553
44 39 40142
44 40 28687
44 41 27328
44 42 6310
44 43 6311
44 45 16169
44 46 25058
44 47 32185
44 48 27893
44 49 41874
44 50 44802
44 51 52722
44 52 31168
44 53 29589
44 54 43367
44 55 45108
44 56 36294
44 57 17284
44 58 23196
44 59 8346
44 60 19314
44 61 2923
44 62 39194
44 63 51785
44 64 42918
44 65 62500
44 66 51912
44 67 37507
44 68 42497
44 69 40460
44 70 46612
44 71 61654
44 72 29967
44 73 29761
44 74 31267
44 75 32796
44 76 44082
44 77 46908
44 78 57360
44 79 50610
44 80 48422
44 81 51753
44 82 26248
44 83 17757
44 84 11800
44 85 686
44 86 -5412
44 87 10648
44 88 37707
44 89 22945
44 90 54330
44 91 3445
44 92 12078
44 93 7568
44 94 15628
44 95 12830
44 96 15162
44 97 12525
44 98 8045
44 99 13385
44 100 2189
44 101 43943
44 102 43226
44 103 56909
44 104 13390
44 105 30042
44 106 30432
44 107 41540
44 108 45114
44 109 41274
44 110 36995
44 111 37727
44 112 22844
44 113 2536
44 114 21575
44 115 21408
44 116 45309
44 117 16821
44 118 11143
44 119 -2978
44 120 53856
44 121 51641
44 122 48708
44 123 36043
44 124 32123
44 125 16076
44 126 50856
44 127 35199
44 128 55905
44 129 56200
44 130 43301
44 131 52575
44 132 39415
44 133 29839
44 134 43495
44 135 63486
44 136 70612
44 137 19755
44 138 37877
44 139 42411
44 140 -1339
44 141 -4383
44 142 6631
44 143 41186
44 144 13090
44 145 21202
44 146 31750
44 147 18909
44 148 37618
44 149 34272
44 150 47390
44 151 22444
45 1 34010
45 2 32505
45 3 45359
45 4 44455
45 5 5123
45 6 20023
45 7 14451
45 8 3589
45 9 45461
45 10 26652
45 11 24150
45 12 39894
45 13 22941
45 14 21512
45 15 30848
45 16 11569
45 17 2981
45 18 9292
45 19 17031
45 20 42768
45 21 39957
45 22 42994
45 23 43843
45 24 54507
45 25 53395
45 26 36057
45 27 26317
45 28 32926
45 29 51596
45 30 34269
45 31 21284
45 32 32684
45 33 45760
45 34 51148
45 35 56152
45 36 15389
45 37 20390
45 38 21645
45 39 51034
45 40 34072
45 41 43056
45 42 24780
45 43 28942
45 44 19088
45 46 657
45 47 8189
45 48 5492
45 49 17643
45 50 37942
45 51 42008
45 52 19634
45 53 30305
45 54 46771
45 55 51276
45 56 47958
45 57 32959
45 58 27776
45 59 14722
45 60 10138
45 61 8105
45 62 20221
45 63 31948
45 64 19816
45 65 49686
45 66 37178
45 67 50142
45 68 41029
45 69 30728
45 70 33063
45 71 49886
45 72 40441
45 73 40042
45 74 43423
45 75 45452
45 76 40066
45 77 43134
45 78 51313
45 79 45380
45 80 47895
45 81 43835
45 82 5734
45 83 2624
45 84 3402
45 85 10120
45 86 6626
45 87 22916
45 88 21267
45 89 17362
45 90 35970
45 91 18066
45 92 21104
45 93 13800
45 94 18604
45 95 19226
45 96 17549
45 97 22368
45 98 18816
45 99 16824
45 100 17451
45 101 31915
45 102 35949
45 103 45087
45 104 16829
45 105 31849
45 106 13443
45 107 19487
45 108 27769
45 109 42357
45 110 44491
45 111 32742
45 112 21647
45 113 3044
45 114 768
45 115 33530
45 116 42315
45 117 24270
45 118 3301
45 119 20748
45 120 44982
45 121 49603
45 122 36405
45 123 14224
45 124 8147
45 125 -7255
45 126 31155
45 127 22250
45 128 41005
45 129 51144
45 130 47687
45 131 35580
45 132 30531
45 133 43437
45 134 45234
45 135 54088
45 136 59807
45 137 27812
45 138 37030
45 139 52176
45 140 20677
45 141 13833
45 142 27626
45 143 16846
45 144 27306
45 145 36196
45 146 25119
45 147 16030
45 148 19789
45 149 37886
45 150 46863
45 151 19709
46 1 36335
46 2 41977
46 3 48947
46 4 52195
46 5 15285
46 6 28613
46 7 14123
46 8 6620
46 9 46091
46 10 24557
46 11 18495
46 12 45521
46 13 31881
46 14 32263
46 15 41357
46 16 22250
46 17 13167
46 18 14848
46 19 10953
46 20 41573
46 21 48317
46 22 52369
46 23 53017
46 24 59758
46 25 60652
46 26 42860
46 27 31204
46 28 38434
46 29 55748
46 30 33622
46 31 21906
46 32 29349
46 33 47876
46 34 53136
46 35 56406
46 36 5028
46 37 30873
46 38 31735
46 39 59365
46 40 42089
46 41 52828
46 42 35347
46 43 39691
46 44 29744
46 45 2424
46 47 78
46 48 1545
46 49 8039
46 50 40977
46 51 42636
46 52 23542
46 53 37435
46 54 53172
46 55 58259
46 56 56672
46 57 43050
46 58 35962
46 59 24814
46 60 18951
46 61 18873
46 62 17480
46 63 27155
46 64 11571
46 65 48085
46 66 34969
46 67 58724
46 68 45764
46 69 33462
46 70 33119
46 71 49240
46 72 49129
46 73 48827
46 74 52476
46 75 54494
46 76 44261
46 77 47114
46 78 53694
46 79 48409
46 80 52994
46 81 45628
46 82 6044
46 83 10841
46 84 14035
46 85 20782
46 86 16593
46 87 32883
46 88 21185
46 89 24433
46 90 32352
46 91 28822
46 92 31279
46 93 24205
46 94 27669
46 95 28867
46 96 27133
46 97 32341
46 98 29321
46 99 26810
46 100 28127
46 101 33128
46 102 38575
46 103 44746
46 104 26815
46 105 38969
46 106 14976
46 107 13387
46 108 25316
46 109 48288
46 110 52333
46 111 37225
46 112 29058
46 113 13201
46 114 5219
46 115 43018
46 116 46705
46 117 33818
46 118 12431
46 119 31474
46 120 46103
46 121 53759
46 122 36699
46 123 9396
46 124 1216
46 125 2925
46 126 26551
46 127 24250
46 128 39182
46 129 54191
46 130 54344
46 131 32556
46 132 33602
46 133 52749
46 134 50884
46 135 54608
46 136 59436
46 137 36982
46 138 42837
46 139 60264
46 140 30768
46 141 24471
46 142 38346
46 143 7106
46 144 37342
46 145 45956
46 146 30421
46 147 24123
46 148 18336
46 149 44872
46 150 51962
46 151 26022
47 1 31056
47 2 44134
47 3 44132
47 4 51456
47 5 20007
47 6 30471
47 7 9428
47 8 10339
47 9 38919
47 10 16455
47 11 8736
47 12 42749
47 13 33659
47 14 38631
47 15 45587
47 16 29186
47 17 21092
47 18 15150
47 19 1323
47 20 33413
47 21 48628
47 22 54018
47 23 54121
47 24 56176
47 25 59127
47 26 41467
47 27 28633
47 28 35991
47 29 51181
47 30 26021
47 31 15976
47 32 20201
47 33 41896
47 34 46757
47 35 48812
47 36 239
47 37 35533
47 38 39718
47 39 59219
47 40 42224
47 41 55189
47 42 39976
47 43 45114
47 44 36680
47 45 9765
47 46 -113
47 48 -3757
47 49 -191
47 50 35991
47 51 35633
47 52 21069
47 53 36813
47 54 50929
47 55 56475
47 56 57182
47 57 46309
47 58 36502
47 59 28744
47 60 22203
47 61 25122
47 62 9439
47 63 17527
47 64 1927
47 65 39384
47 66 26119
47 67 58775
47 68 41941
47 69 28812
47 70 26216
47 71 41165
47 72 49777
47 73 49700
47 74 53638
47 75 55555
47 76 40204
47 77 42709
47 78 47710
47 79 43058
47 80 49509
47 81 39332
47 82 4408
47 83 14487
47 84 19979
47 85 26180
47 86 24736
47 87 36126
47 88 15293
47 89 24797
47 90 23177
47 91 34698
47 92 35247
47 93 28887
47 94 29911
47 95 31860
47 96 30335
47 97 35783
47 98 34103
47 99 30696
47 100 33421
47 101 27175
47 102 33157
47 103 36969
47 104 30701
47 105 38152
47 106 11761
47 107 3576
47 108 16884
47 109 45735
47 110 51831
47 111 33779
47 112 29179
47 113 21151
47 114 8117
47 115 45154
47 116 42704
47 117 36542
47 118 15916
47 119 38076
47 120 39242
47 121 49245
47 122 29714
47 123 815
47 124 -1995
47 125 9773
47 126 17007
47 127 19659
47 128 30682
47 129 48827
47 130 52337
47 131 23519
47 132 29169
47 133 54277
47 134 47782
47 135 47213
47 136 51437
47 137 38900
47 138 40459
47 139 59838
47 140 38751
47 141 31506
47 142 43663
47 143 -629
47 144 40594
47 145 48389
47 146 28511
47 147 25516
47 148 11323
47 149 43538
47 150 48477
47 151 24759
48 1 25482
48 2 38040
48 3 38441
48 4 45055
48 5 15172
48 6 24467
48 7 3292
48 8 6673
48 9 34504
48 10 12882
48 11 8501
48 12 36511
48 13 27552
48 14 34149
48 15 40024
48 16 25270
48 17 18328
48 18 9042
48 19 1507
48 20 29874
48 21 42259
48 22 47786
48 23 47799
48 24 50139
48 25 52767
48 26 35078
48 27 22308
48 28 29677
48 29 45429
48 30 21932
48 31 10631
48 32 18037
48 33 36719
48 34 41834
48 35 44743
48 36 6629
48 37 30343
48 38 36306
48 39 52818
48 40 35855
48 41 49083
48 42 34642
48 43 40042
48 44 32626
48 45 7306
48 46 1592
48 47 -3519
48 49 5107
48 50 30332
48 51 31081
48 52 14690
48 53 30415
48 54 44632
48 55 50136
48 56 50815
48 57 40472
48 58 30178
48 59 23324
48 60 16872
48 61 20891
48 62 5844
48 63 16528
48 64 4871
48 65 36453
48 66 23411
48 67 52377
48 68 35941
48 69 22963
48 70 21547
48 71 37536
48 72 43429
48 73 43380
48 74 47341
48 75 49240
48 76 34243
48 77 36869
48 78 42559
48 79 37590
48 80 43426
48 81 34337
48 82 -1609
48 83 9595
48 84 15895
48 85 21402
48 86 21697
48 87 30346
48 88 9854
48 89 18539
48 90 21113
48 91 30103
48 92 29798
48 93 23804
48 94 23957
48 95 26088
48 96 24704
48 97 30115
48 98 28990
48 99 25311
48 100 28493
48 101 21900
48 102 27689
48 103 33052
48 104 25316
48 105 31749
48 106 5384
48 107 3879
48 108 13705
48 109 39468
48 110 45428
48 111 27633
48 112 22844
48 113 18166
48 114 3607
48 115 39048
48 116 36739
48 117 30665
48 118 10634
48 119 33786
48 120 34608
48 121 43470
48 122 25127
48 123 -1416
48 124 -995
48 125 6977
48 126 15795
48 127 13714
48 128 27535
48 129 43368
48 130 46014
48 131 21150
48 132 23256
48 133 48024
48 134 41631
48 135 42981
48 136 47733
48 137 32794
48 138 34150
48 139 53435
48 140 35351
48 141 27583
48 142 38616
48 143 5249
48 144 34783
48 145 42314
48 146 22122
48 147 19429
48 148 6663
48 149 37150
48 150 42394
48 151 18357
49 1 37147
49 2 55369
49 3 49991
49 4 60846
49 5 32132
49 6 41892
49 7 18816
49 8 22504
49 9 41398
49 10 19392
49 11 8054
49 12 50792
49 13 44890
49 14 50795
49 15 57461
49 16 41296
49 17 32932
49 18 26455
49 19 5303
49 20 34449
49 21 58851
49 22 64877
49 23 64579
49 24 63033
49 25 67769
49 26 50697
49 27 37559
49 28 44667
49 29 57019
49 30 28700
49 31 22313
49 32 19251
49 33 46368
49 34 50163
49 35 50160
49 36 1972
49 37 47586
49 38 51638
49 39 68896
49 40 52489
49 41 66379
49 42 51979
49 43 57218
49 44 48804
49 45 21654
49 46 10283
49 47 2244
49 48 7304
49 50 42031
49 51 38731
49 52 30697
49 53 46795
49 54 59186
49 55 64957
49 56 67356
49 57 57930
49 58 47079
49 59 40691
49 60 34168
49 61 37280
49 62 13905
49 63 15529
49 64 -7481
49 65 38163
49 66 25024
49 67 68481
49 68 48820
49 69 35891
49 70 30458
49 71 41717
49 72 60130
49 73 60225
49 74 64260
49 75 66078
49 76 47129
49 77 49104
49 78 51839
49 79 48190
49 80 56715
49 81 43250
49 82 15853
49 83 26578
49 84 32136
49 85 38326
49 86 36566
49 87 47810
49 88 22466
49 89 35726
49 90 22702
49 91 46862
49 92 47180
49 93 40968
49 94 41397
49 95 43552
49 96 42144
49 97 47568
49 98 46180
49 99 42657
49 100 45547
49 101 32786
49 102 38575
49 103 38422
49 104 42662
49 105 47911
49 106 21757
49 107 4257
49 108 18824
49 109 53887
49 110 61456
49 111 41617
49 112 39766
49 113 33018
49 114 20240
49 115 56361
49 116 49556
49 117 48122
49 118 27906
49 119 50230
49 120 42172
49 121 55201
49 122 33342
49 123 7619
49 124 10130
49 125 21762
49 126 15535
49 127 27491
49 128 31008
49 129 53905
49 130 60755
49 131 22755
49 132 36379
49 133 65067
49 134 55199
49 135 48984
49 136 51931
49 137 50122
49 138 49003
49 139 69354
49 140 50669
49 141 43612
49 142 55769
49 143 -5050
49 144 52245
49 145 59649
49 146 38049
49 147 36811
49 148 17316
49 149 52712
49 150 55683
49 151 34486
50 1 3647
50 2 29011
50 3 4108
50 4 20413
50 5 29316
50 6 27210
50 7 23178
50 8 34402
50 9 7013
50 10 15495
50 11 26186
50 12 8161
50 13 23449
50 14 41019
50 15 35354
50 16 38934
50 17 40229
50 18 23043
50 19 27801
50 20 13445
50 21 24078
50 22 32038
50 23 27522
50 24 17064
50 25 24160
50 26 13362
50 27 11140
50 28 9574
50 29 11178
50 30 8537
50 31 9394
50 32 15294
50 33 4529
50 34 9446
50 35 17164
50 36 39868
50 37 35770
50 38 48027
50 39 28437
50 40 20758
50 41 35859
50 42 35038
50 43 40152
50 44 43409
50 45 33630
50 46 34898
50 47 30103
50 48 24206
50 49 33708
50 51 5764
50 52 18443
50 53 17393
50 54 15574
50 55 21179
50 56 29757
50 57 34268
50 58 19172
50 59 28917
50 60 31129
50 61 34754
50 62 18809
50 63 24237
50 64 23654
50 65 14985
50 66 7811
50 67 27307
50 68 3061
50 69 8448
50 70 10670
50 71 13976
50 72 24911
50 73 26775
50 74 30268
50 75 30734
50 76 2265
50 77 3080
50 78 9425
50 79 3459
50 80 11339
50 81 2919
50 82 25006
50 83 29044
50 84 34195
50 85 31077
50 86 38391
50 87 27854
50 88 18441
50 89 21325
50 90 23294
50 91 39563
50 92 33832
50 93 32375
50 94 24779
50 95 27453
50 96 30149
50 97 30932
50 98 35625
50 99 32590
50 100 35139
50 101 9080
50 102 -5608
50 103 9968
50 104 32595
50 105 15306
50 106 21950
50 107 26174
50 108 15046
50 109 10952
50 110 22693
50 111 4427
50 112 17869
50 113 37419
50 114 28912
50 115 29222
50 116 4027
50 117 29704
50 118 24324
50 119 42869
50 120 5067
50 121 9271
50 122 6879
50 123 25326
50 124 33324
50 125 32745
50 126 23535
50 127 13279
50 128 14390
50 129 9236
50 130 17361
50 131 15905
50 132 6601
50 133 31625
50 134 9806
50 135 14693
50 136 22125
50 137 26438
50 138 10081
50 139 28577
50 140 47355
50 141 40089
50 142 41083
50 143 36137
50 144 30299
50 145 30773
50 146 16100
50 147 22732
50 148 17703
50 149 13738
50 150 10307
50 151 7525
51 1 9364
51 2 40024
51 3 10180
51 4 30724
51 5 37126
51 6 36285
51 7 26095
51 8 38971
51 9 -1926
51 10 13199
51 11 23569
51 12 18814
51 13 33725
51 14 50923
51 15 46347
51 16 47582
51 17 47073
51 18 29282
51 19 27320
51 20 3396
51 21 35214
51 22 43150
51 23 38106
51 24 23449
51 25 32941
51 26 24529
51 27 20052
51 28 20384
51 29 15390
51 30 2992
51 31 11605
51 32 8038
51 33 3930
51 34 6027
51 35 8733
51 36 40071
51 37 45388
51 38 57514
51 39 38398
51 40 31876
51 41 47026
51 42 45512
51 43 50868
51 44 52711
51 45 39078
51 46 37939
51 47 31127
51 48 26337
51 49 31790
51 50 7146
51 52 24674
51 53 28072
51 54 25066
51 55 30031
51 56 40420
51 57 45230
51 58 30005
51 59 38249
51 60 38433
51 61 43122
51 62 18314
51 63 19102
51 64 18740
51 65 4466
51 66 -3266
51 67 36761
51 68 11267
51 69 14727
51 70 9382
51 71 3523
51 72 35959
51 73 37929
51 74 41353
51 75 41678
51 76 12880
51 77 11393
51 78 7975
51 79 6215
51 80 20021
51 81 -500
51 82 28741
51 83 35379
51 84 41415
51 85 40088
51 86 46734
51 87 38361
51 88 20624
51 89 29665
51 90 17807
51 91 48782
51 92 43477
51 93 41372
51 94 34380
51 95 37242
51 96 39243
51 97 40975
51 98 45049
51 99 41571
51 100 44733
51 101 11316
51 102 564
51 103 -1044
51 104 41576
51 105 26332
51 106 26033
51 107 24562
51 108 11553
51 109 21265
51 110 33441
51 111 15002
51 112 27560
51 113 45006
51 114 33868
51 115 40294
51 116 13480
51 117 39803
51 118 31826
51 119 52414
51 120 -1799
51 121 14076
51 122 2770
51 123 25768
51 124 35442
51 125 38264
51 126 18701
51 127 17721
51 128 4811
51 129 11645
51 130 26816
51 131 8018
51 132 13825
51 133 42705
51 134 17738
51 135 6689
51 136 12726
51 137 37095
51 138 21260
51 139 38548
51 140 56779
51 141 49041
51 142 51431
51 143 35234
51 144 41075
51 145 41949
51 146 24595
51 147 31489
51 148 18481
51 149 24729
51 150 18989
51 151 17480
52 1 12554
52 2 23903
52 3 23933
52 4 28488
52 5 10773
52 6 12560
52 7 5911
52 8 14186
52 9 24506
52 10 11357
52 11 16823
52 12 20144
52 13 13894
52 14 27215
52 15 28162
52 16 21731
52 17 20473
52 18 2766
52 19 14070
52 20 23759
52 21 26210
52 22 32574
52 23 31969
52 24 34264
52 25 36128
52 26 18449
52 27 5792
52 28 13144
52 29 30472
52 30 15173
52 31 2480
52 32 17437
52 33 24233
52 34 29598
52 35 35271
52 36 23260
52 37 21628
52 38 32539
52 39 36378
52 40 19875
52 41 34548
52 42 24302
52 43 30232
52 44 27694
52 45 13241
52 46 15382
52 47 13100
52 48 6483
52 49 20293
52 50 16362
52 51 21211
52 53 14145
52 54 28089
52 55 33518
52 56 34706
52 57 27590
52 58 14700
52 59 14129
52 60 11887
52 61 17080
52 62 8611
52 63 20505
52 64 15847
52 65 30239
52 66 18936
52 67 35960
52 68 20294
52 69 9218
52 70 13617
52 71 29768
52 72 27512
52 73 27689
52 74 31764
52 75 33511
52 76 18903
52 77 21869
52 78 29730
52 79 23823
52 80 27499
52 81 22372
52 82 5655
52 83 8880
52 84 14800
52 85 14959
52 86 20497
52 87 18204
52 88 5909
52 89 5200
52 90 22013
52 91 23875
52 92 20064
52 93 16385
52 94 11810
52 95 14730
52 96 14896
52 97 18964
52 98 20824
52 99 16770
52 100 20698
52 101 11354
52 102 14368
52 103 24898
52 104 16775
52 105 15306
52 106 3161
52 107 14535
52 108 12530
52 109 23012
52 110 28945
52 111 11750
52 112 7642
52 113 18431
52 114 8590
52 115 24788
52 116 21297
52 117 18463
52 118 5360
52 119 27892
52 120 23742
52 121 28474
52 122 16217
52 123 10557
52 124 15029
52 125 12361
52 126 19535
52 127 2081
52 128 22838
52 129 29592
52 130 29422
52 131 19596
52 132 8948
52 133 32690
52 134 25447
52 135 33072
52 136 39329
52 137 18870
52 138 17613
52 139 36922
52 140 31707
52 141 23519
52 142 29402
52 143 21241
52 144 22224
52 145 28032
52 146 5503
52 147 7285
52 148 6460
52 149 20519
52 150 26467
52 151 1868
53 1 15761
53 2 10842
53 3 18666
53 4 13348
53 5 15104
53 6 11449
53 7 21507
53 8 26733
53 9 25881
53 10 23927
53 11 31749
53 12 9393
53 13 4866
53 14 22515
53 15 16970
53 16 22285
53 17 26935
53 18 14385
53 19 29662
53 20 30262
53 21 10605
53 22 17456
53 23 16390
53 24 23715
53 25 21793
53 26 4307
53 27 6468
53 28 5123
53 29 22613
53 30 22927
53 31 14471
53 32 28287
53 33 23120
53 34 26626
53 35 35883
53 36 38481
53 37 17834
53 38 29861
53 39 20934
53 40 4379
53 41 20063
53 42 16179
53 43 21337
53 44 25637
53 45 23434
53 46 28797
53 47 28366
53 48 21730
53 49 35913
53 50 14834
53 51 24131
53 52 13667
53 54 15083
53 55 19538
53 56 19085
53 57 15836
53 58 564
53 59 11668
53 60 18657
53 61 18835
53 62 23281
53 63 33799
53 64 30781
53 65 33799
53 66 25415
53 67 20487
53 68 11635
53 69 14448
53 70 22216
53 71 32776
53 72 11939
53 73 12277
53 74 16378
53 75 18002
53 76 13159
53 77 15869
53 78 26449
53 79 19658
53 80 17810
53 81 21495
53 82 20209
53 83 18332
53 84 20800
53 85 14099
53 86 21994
53 87 8995
53 88 20561
53 89 8843
53 90 34179
53 91 22102
53 92 15970
53 93 15609
53 94 7484
53 95 9517
53 96 13657
53 97 12493
53 98 18006
53 99 16105
53 100 17149
53 101 18900
53 102 13197
53 103 28497
53 104 16110
53 105 83
53 106 18577
53 107 29910
53 108 24689
53 109 11219
53 110 13592
53 111 7797
53 112 2020
53 113 22564
53 114 20870
53 115 11361
53 116 14245
53 117 11269
53 118 11318
53 119 24786
53 120 23802
53 121 20773
53 122 22175
53 123 26175
53 124 29810
53 125 22551
53 126 32863
53 127 14635
53 128 30491
53 129 25210
53 130 15914
53 131 29739
53 132 12579
53 133 17458
53 134 14090
53 135 33369
53 136 40965
53 137 7579
53 138 6859
53 139 21604
53 140 29269
53 141 22869
53 142 22262
53 143 36794
53 144 11528
53 145 14013
53 146 8534
53 147 8147
53 148 21127
53 149 6114
53 150 16778
53 151 -4974
54 1 22934
54 2 21760
54 3 11987
54 4 1473
54 5 35093
54 6 31423
54 7 38556
54 8 46227
54 9 22813
54 10 35204
54 11 45360
54 12 5012
54 13 22941
54 14 38199
54 15 26169
54 16 40984
54 17 46929
54 18 33751
54 19 45463
54 20 33281
54 21 12004
54 22 17456
54 23 8850
54 24 5431
54 25 3752
54 26 8287
54 27 21845
54 28 15801
54 29 8223
54 30 29127
54 31 27344
54 32 35885
54 33 20064
54 34 16951
54 35 29578
54 36 56163
54 37 35665
54 38 45901
54 39 8364
54 40 15135
54 41 22175
54 42 30278
54 43 32834
54 44 42957
54 45 43442
54 46 48076
54 47 46024
54 48 39489
54 49 51846
54 50 16557
54 51 24667
54 52 31153
54 53 18625
54 55 820
54 56 11710
54 57 26421
54 58 16678
54 59 30550
54 60 38744
54 61 38150
54 62 37246
54 63 44505
54 64 43572
54 65 29704
54 66 26455
54 67 6788
54 68 1069
54 69 25355
54 70 30817
54 71 29717
54 72 10312
54 73 14317
54 74 15669
54 75 14376
54 76 12144
54 77 10429
54 78 17904
54 79 12409
54 80 5947
54 81 17369
54 82 38701
54 83 38300
54 84 40843
54 85 32845
54 86 40655
54 87 24200
54 88 35455
54 89 28713
54 90 43725
54 91 40216
54 92 34170
54 93 34680
54 94 26843
54 95 28013
54 96 33190
54 97 29858
54 98 36248
54 99 35506
54 100 34649
54 101 28380
54 102 13105
54 103 27603
54 104 35511
54 105 13950
54 106 36199
54 107 44672
54 108 35126
54 109 2489
54 110 6387
54 111 15826
54 112 22110
54 113 42160
54 114 40397
54 115 21026
54 116 9217
54 117 29057
54 118 31418
54 119 41605
54 120 19201
54 121 7388
54 122 27464
54 123 42402
54 124 48134
54 125 42549
54 126 43739
54 127 29265
54 128 34491
54 129 17217
54 130 -3228
54 131 36460
54 132 23041
54 133 16565
54 134 -4336
54 135 27127
54 136 35369
54 137 23245
54 138 11331
54 139 8543
54 140 45520
54 141 40963
54 142 36567
54 143 53509
54 144 24478
54 145 19091
54 146 26026
54 147 28245
54 148 35525
54 149 3767
54 150 4915
54 151 13358
55 1 31381
55 2 25336
55 3 19271
55 4 797
55 5 41589
55 6 38046
55 7 46786
55 8 53834
55 9 29604
55 10 43672
55 11 53844
55 12 13484
55 13 28707
55 14 41830
55 15 27634
55 16 46215
55 17 53340
55 18 41389
55 19 53866
55 20 41029
55 21 15252
55 22 17188
55 23 4465
55 24 7597
55 25 -4684
55 26 15558
55 27 30005
55 28 23989
55 29 12484
55 30 37338
55 31 35817
55 32 44086
55 33 27395
55 34 21810
55 35 35081
55 36 64372
55 37 40691
55 38 49359
55 39 2503
55 40 20758
55 41 21949
55 42 33679
55 43 34753
55 44 47346
55 45 50595
55 46 55811
55 47 54218
55 48 47641
55 49 60265
55 50 24810
55 51 32280
55 52 39230
55 53 25728
55 54 3468
55 56 9112
55 57 29083
55 58 22631
55 59 36216
55 60 45730
55 61 43883
55 62 45716
55 63 52917
55 64 52041
55 65 35453
55 66 33657
55 67 -773
55 68 8483
55 69 33832
55 70 39228
55 71 36115
55 72 11375
55 73 16550
55 74 15976
55 75 13117
55 76 20481
55 77 18230
55 78 23628
55 79 19119
55 80 13537
55 81 24305
55 82 46672
55 83 45523
55 84 47412
55 85 38263
55 86 45737
55 87 28539
55 88 43865
55 89 36035
55 90 52088
55 91 45208
55 92 39489
55 93 40372
55 94 32995
55 95 33638
55 96 39328
55 97 34926
55 98 41460
55 99 41490
55 100 39404
55 101 36849
55 102 21094
55 103 34698
55 104 41495
55 105 20963
55 106 44324
55 107 53133
55 108 43562
55 109 10952
55 110 8553
55 111 24276
55 112 29179
55 113 48040
55 114 47981
55 115 24221
55 116 17312
55 117 34463
55 118 38292
55 119 45776
55 120 25712
55 121 12486
55 122 35661
55 123 50762
55 124 56182
55 125 49719
55 126 52163
55 127 37650
55 128 42326
55 129 23686
55 130 939
55 131 44578
55 132 31517
55 133 16012
55 134 205
55 135 32773
55 136 40922
55 137 28299
55 138 19548
55 139 3345
55 140 49101
55 141 45794
55 142 39827
55 143 61855
55 144 28020
55 145 20213
55 146 33986
55 147 35156
55 148 43973
55 149 10523
55 150 12505
55 151 21017
56 1 36219
56 2 15382
56 3 28923
56 4 499
56 5 35129
56 6 32694
56 7 46341
56 8 50195
56 9 39791
56 10 47320
56 11 56170
56 12 18987
56 13 22066
56 14 30154
56 15 14086
56 16 36868
56 17 46183
56 18 38428
56 19 54482
56 20 48934
56 21 8318
56 22 3230
56 23 -7953
56 24 21373
56 25 6132
56 26 15943
56 27 30535
56 28 25643
56 29 25411
56 30 43501
56 31 38282
56 32 50009
56 33 36719
56 34 34391
56 35 47016
56 36 63064
56 37 31542
56 38 37138
56 39 -1899
56 40 16056
56 41 7631
56 42 22157
56 43 21353
56 44 36621
56 45 45366
56 46 52313
56 47 53014
56 48 46409
56 49 60753
56 50 31477
56 51 40758
56 52 38507
56 53 23364
56 54 12447
56 55 7201
56 57 17189
56 58 17488
56 59 28380
56 60 40623
56 61 35593
56 62 47692
56 63 57155
56 64 55084
56 65 47064
56 66 42865
56 67 -3560
56 68 18185
56 69 36932
56 70 44035
56 71 46860
56 72 1122
56 73 6921
56 74 3324
56 75 -1199
56 76 27145
56 77 26869
56 78 35351
56 79 29631
56 80 23064
56 81 34337
56 82 44668
56 83 40887
56 84 40898
56 85 29580
56 86 35892
56 87 18894
56 88 45114
56 89 32606
56 90 56919
56 91 35681
56 92 31050
56 93 32361
56 94 26666
56 95 26088
56 96 32571
56 97 26284
56 98 32586
56 99 34232
56 100 29638
56 101 40981
56 102 28780
56 103 44258
56 104 34237
56 105 19125
56 106 43374
56 107 54600
56 108 47740
56 109 17110
56 110 5607
56 111 27633
56 112 25669
56 113 39735
56 114 44361
56 115 13792
56 116 25234
56 117 26694
56 118 32895
56 119 34798
56 120 36375
56 121 24781
56 122 42024
56 123 51011
56 124 54213
56 125 44584
56 126 56276
56 127 38970
56 128 49896
56 129 34537
56 130 10347
56 131 50942
56 132 34708
56 133 1891
56 134 12479
56 135 44549
56 136 52793
56 137 20542
56 138 22267
56 139 1109
56 140 37035
56 141 35745
56 142 27923
56 143 61594
56 144 17259
56 145 7060
56 146 33305
56 147 30514
56 148 45607
56 149 11475
56 150 22032
56 151 19760
57 1 35401
57 2 2531
57 3 36086
57 4 16605
57 5 17840
57 6 18720
57 7 35862
57 8 35199
57 9 44975
57 10 42136
57 11 48078
57 12 24998
57 13 8799
57 14 9218
57 15 -2676
57 16 16539
57 17 27369
57 18 25613
57 19 44183
57 20 49905
57 21 12268
57 22 8137
57 23 8809
57 24 35655
57 25 25666
57 26 18449
57 27 25408
57 28 24483
57 29 37321
57 30 42434
57 31 32643
57 32 47313
57 33 41896
57 34 43951
57 35 54481
57 36 49632
57 37 12008
57 38 16523
57 39 19101
57 40 12935
57 41 6728
57 42 1157
57 43 2760
57 44 15668
57 45 28424
57 46 36748
57 47 40198
57 48 34123
57 49 49384
57 50 34045
57 51 43625
57 52 29448
57 53 18172
57 54 25215
57 55 25229
57 56 15246
57 58 10025
57 59 10483
57 60 25060
57 61 16197
57 62 40004
57 63 51724
57 64 46977
57 65 53033
57 66 45059
57 67 16481
57 68 27144
57 69 33803
57 70 41499
57 71 52044
57 72 9435
57 73 9625
57 74 10289
57 75 11707
57 76 31362
57 77 33312
57 78 43965
57 79 37238
57 80 32540
57 81 40174
57 82 31916
57 83 25368
57 84 23120
57 85 10120
57 86 15162
57 87 395
57 88 37301
57 89 20908
57 90 52691
57 91 15427
57 92 12619
57 93 13800
57 94 11934
57 95 9517
57 96 16161
57 97 8275
57 98 13226
57 99 16824
57 100 9359
57 101 38211
57 102 32283
57 103 47962
57 104 16829
57 105 16619
57 106 32638
57 107 45334
57 108 43124
57 109 25086
57 110 17411
57 111 27293
57 112 15962
57 113 19973
57 114 29613
57 115 1985
57 116 31445
57 117 10546
57 118 17025
57 119 13812
57 120 42556
57 121 35886
57 122 41797
57 123 40513
57 124 40653
57 125 27814
57 126 50758
57 127 32306
57 128 50083
57 129 42598
57 130 24553
57 131 48958
57 132 32071
57 133 8753
57 134 25812
57 135 51930
57 136 59807
57 137 7283
57 138 24335
57 139 21567
57 140 16320
57 141 15016
57 142 7041
57 143 49419
57 144 -2330
57 145 198
57 146 26100
57 147 17295
57 148 37860
57 149 17339
57 150 31508
57 151 13749
58 1 20859
58 2 5755
58 3 22732
58 4 12178
58 5 14459
58 6 11112
58 7 24856
58 8 28250
58 9 30698
58 10 28619
58 11 35890
58 12 12435
58 13 1729
58 14 18502
58 15 11884
58 16 19813
58 17 26176
58 18 16410
58 19 33223
58 20 35359
58 21 7821
58 22 13342
58 23 13087
58 24 25795
58 25 21324
58 26 6094
58 27 11284
58 28 9995
58 29 25707
58 30 28006
58 31 19107
58 32 33246
58 33 27783
58 34 30760
58 35 40515
58 36 41111
58 37 14674
58 38 26073
58 39 18886
58 40 1794
58 41 15473
58 42 11596
58 43 16452
58 44 22304
58 45 23965
58 46 30384
58 47 31115
58 48 24553
58 49 39257
58 50 19673
58 51 29124
58 52 17282
58 53 3624
58 54 16196
58 55 19501
58 56 16269
58 57 10749
58 59 9337
58 60 19049
58 61 16956
58 62 27490
58 63 38437
58 64 34945
58 65 38689
58 66 30499
58 67 18231
58 68 14873
58 69 19472
58 70 27233
58 71 37674
58 72 8777
58 73 8667
58 74 12654
58 75 14527
58 76 17496
58 77 19911
58 78 30628
58 79 23823
58 80 20710
58 81 26127
58 82 22704
58 83 19159
58 84 20295
58 85 11648
58 86 19511
58 87 4498
58 88 24711
58 89 10592
58 90 38986
58 91 19178
58 92 13037
58 93 13472
58 94 5829
58 95 6805
58 96 12169
58 97 8956
58 98 15135
58 99 14385
58 100 13825
58 101 23919
58 102 17984
58 103 33479
58 104 14390
58 105 2578
58 106 21757
58 107 33767
58 108 29460
58 109 13550
58 110 12198
58 111 12772
58 112 3747
58 113 21022
58 114 22401
58 115 6328
58 116 18149
58 117 7950
58 118 11466
58 119 21206
58 120 28476
58 121 23989
58 122 27274
58 123 29645
58 124 32215
58 125 23130
58 126 37488
58 127 19054
58 128 35587
58 129 29304
58 130 16559
58 131 34751
58 132 17646
58 133 13479
58 134 15969
58 135 37983
58 136 45696
58 137 2940
58 138 10643
58 139 19896
58 140 25553
58 141 19969
58 142 17793
58 143 39868
58 144 6594
58 145 9197
58 146 12701
58 147 8635
58 148 25310
58 149 6878
58 150 19678
58 151 -391
59 1 29338
59 2 12352
59 3 35824
59 4 26487
59 5 1566
59 6 6618
59 7 22031
59 8 19140
59 9 41267
59 10 31202
59 11 34748
59 12 26808
59 13 4701
59 14 7333
59 15 11068
59 16 4835
59 17 12007
59 18 11181
59 19 29758
59 20 42842
59 21 21335
59 22 22769
59 23 23716
59 24 40785
59 25 35891
59 26 20984
59 27 18508
59 28 21766
59 29 40073
59 30 34478
59 31 22363
59 32 37361
59 33 39240
59 34 43572
59 35 51775
59 36 33734
59 37 1709
59 38 13469
59 39 31905
59 40 16697
59 41 22567
59 42 5526
59 43 11127
59 44 8715
59 45 12172
59 46 20497
59 47 24618
59 48 18960
59 49 34130
59 50 30679
59 51 38629
59 52 17972
59 53 15989
59 54 31329
59 55 34347
59 56 28422
59 57 12468
59 58 10598
59 60 9203
59 61 1873
59 62 27446
59 63 39903
59 64 33130
59 65 48451
59 66 38170
59 67 30557
59 68 29098
59 69 26466
59 70 32993
59 71 47568
59 72 21114
59 73 20667
59 74 23566
59 75 25549
59 76 30167
59 77 33085
59 78 43385
59 79 36676
59 80 35221
59 81 37632
59 82 16776
59 83 9327
59 84 7007
59 85 -3363
59 86 4554
59 87 2404
59 88 25297
59 89 9221
59 90 41829
59 91 4852
59 92 713
59 93 -1639
59 94 1610
59 95 -375
59 96 1295
59 97 1873
59 98 1021
59 99 621
59 100 835
59 101 30149
59 102 29101
59 103 42854
59 104 626
59 105 16846
59 106 18950
59 107 31379
59 108 32408
59 109 28366
59 110 26537
59 111 23636
59 112 8743
59 113 6037
59 114 13682
59 115 13328
59 116 31572
59 117 4546
59 118 1067
59 119 8387
59 120 39719
59 121 38237
59 122 34814
59 123 26130
59 124 24876
59 125 11544
59 126 38942
59 127 21882
59 128 42295
59 129 42293
59 130 31657
59 131 39499
59 132 25349
59 133 23264
59 134 31007
59 135 49347
59 136 56477
59 137 8463
59 138 24316
59 139 33452
59 140 12744
59 141 5493
59 142 9861
59 143 33908
59 144 6792
59 145 15722
59 146 17701
59 147 5049
59 148 25551
59 149 22007
59 150 34189
59 151 8358
60 1 25624
60 2 21459
60 3 35422
60 4 32750
60 5 -2447
60 6 8351
60 7 12291
60 8 8588
60 9 37792
60 10 23163
60 11 24881
60 12 28807
60 13 11457
60 14 16184
60 15 21824
60 16 8782
60 17 7568
60 18 1858
60 19 19338
60 20 37107
60 21 28309
60 22 31862
60 23 32569
60 24 43441
60 25 41710
60 26 24529
60 27 16222
60 28 22099
60 29 41134
60 30 28485
60 31 15435
60 32 29591
60 33 36968
60 34 42141
60 35 48552
60 36 23045
60 37 11904
60 38 20015
60 39 39402
60 40 22369
60 41 32345
60 42 16244
60 43 21607
60 44 15454
60 45 3359
60 46 10405
60 47 13848
60 48 8279
60 49 23378
60 50 28662
60 51 34584
60 52 11501
60 53 18749
60 54 35294
60 55 39632
60 56 36436
60 57 22816
60 58 16081
60 59 4974
60 61 4053
60 62 18314
60 63 30906
60 64 22837
60 65 43685
60 66 32182
60 67 38589
60 68 30338
60 69 22302
60 70 26948
60 71 43215
60 72 28897
60 73 28531
60 74 32058
60 75 34086
60 76 29865
60 77 32977
60 78 42098
60 79 35788
60 80 37000
60 81 35231
60 82 6159
60 83 -1195
60 84 1508
60 85 3294
60 86 7142
60 87 12600
60 88 16979
60 89 6193
60 90 33529
60 91 12175
60 92 11477
60 93 5411
60 94 7181
60 95 8431
60 96 6735
60 97 12137
60 98 10568
60 99 6929
60 100 10158
60 101 24807
60 102 26905
60 103 38346
60 104 6934
60 105 20266
60 106 9551
60 107 21174
60 108 24419
60 109 31100
60 110 32788
60 111 22579
60 112 10079
60 113 5006
60 114 2991
60 115 22501
60 116 31910
60 117 13329
60 118 -7782
60 119 16164
60 120 36849
60 121 39166
60 122 29670
60 123 15775
60 124 14130
60 125 2515
60 126 29975
60 127 15355
60 128 36006
60 129 41515
60 130 36129
60 131 32050
60 132 21733
60 133 32254
60 134 34018
60 135 46296
60 136 52723
60 137 16492
60 138 25933
60 139 40499
60 140 19124
60 141 10840
60 142 20192
60 143 23138
60 144 17086
60 145 25476
60 146 14911
60 147 4351
60 148 16766
60 149 26287
60 150 35968
60 151 8582
61 1 35610
61 2 20742
61 3 43716
61 4 35439
61 5 -211
61 6 13725
61 7 23215
61 8 16291
61 9 47829
61 10 34343
61 11 35509
61 12 35352
61 13 13674
61 14 6419
61 15 16217
61 16 -2398
61 17 4139
61 18 13039
61 19 29386
61 20 47965
61 21 30246
61 22 30831
61 23 31778
61 24 49560
61 25 44861
61 26 29786
61 27 25266
61 28 29692
61 29 48485
61 30 39379
61 31 26469
61 32 40771
61 33 46368
61 34 51148
61 35 58518
61 36 30391
61 37 6530
61 38 8878
61 39 40578
61 40 25689
61 41 30030
61 42 10128
61 43 13739
61 44 4623
61 45 6886
61 46 15887
61 47 22327
61 48 17858
61 49 32050
61 50 37847
61 51 44833
61 52 22254
61 53 24487
61 54 40260
61 55 43345
61 56 36966
61 57 19513
61 58 19548
61 59 3204
61 60 9613
61 62 29370
61 63 41939
61 64 32876
61 65 54307
61 66 43134
61 67 38977
61 68 37506
61 69 32419
61 70 37824
61 71 53653
61 72 29814
61 73 29382
61 74 31988
61 75 33895
61 76 38026
61 77 41057
61 78 50995
61 79 44409
61 80 43765
61 81 44720
61 82 16201
61 83 7715
61 84 1871
61 85 -4276
61 86 -3474
61 87 10272
61 88 28159
61 89 14942
61 90 44693
61 91 2873
61 92 8675
61 93 1361
61 94 10097
61 95 8625
61 96 8573
61 97 10215
61 98 5031
61 99 6631
61 100 2612
61 101 35437
61 102 36218
61 103 48817
61 104 6636
61 105 25557
61 106 20648
61 107 31493
61 108 35599
61 109 37086
61 110 35502
61 111 31099
61 112 16553
61 113 -2923
61 114 11557
61 115 21626
61 116 39680
61 117 13496
61 118 1514
61 119 5831
61 120 46601
61 121 46601
61 122 40297
61 123 25995
61 124 22289
61 125 6611
61 126 41022
61 127 26250
61 128 47003
61 129 50075
61 130 40634
61 131 43217
61 132 31605
61 133 31381
61 134 39827
61 135 56172
61 136 62937
61 137 17383
61 138 32700
61 139 42255
61 140 7974
61 141 -265
61 142 12504
61 143 31435
61 144 14189
61 145 23332
61 146 24100
61 147 11369
61 148 27909
61 149 30934
61 150 42733
61 151 16049
62 1 16557
62 2 39150
62 3 29477
62 4 41294
62 5 22492
62 6 27425
62 7 4956
62 8 17704
62 9 22813
62 10 419
62 11 1798
62 12 30505
62 13 29187
62 14 40937
62 15 43383
62 16 33627
62 17 28757
62 18 13589
62 19 2481
62 20 17470
62 21 40421
62 22 47377
62 23 46167
62 24 42442
62 25 47612
62 26 31245
62 27 18343
62 28 24931
62 29 36539
62 30 9897
62 31 1851
62 32 5790
62 33 26333
62 34 30858
62 35 32704
62 36 15119
62 37 35796
62 38 44933
62 39 49513
62 40 34345
62 41 49631
62 42 39157
62 43 45041
62 44 40453
62 45 18561
62 46 14053
62 47 6203
62 48 2370
62 49 8234
62 50 21461
62 51 19584
62 52 13344
62 53 28492
62 54 38915
62 55 44737
62 56 48624
62 57 42879
62 58 29641
62 59 28336
62 60 23433
62 61 28929
62 63 5907
62 64 815
62 65 23929
62 66 10889
62 67 49038
62 68 28235
62 69 15477
62 70 10369
62 71 25199
62 72 41796
62 73 42243
62 74 46343
62 75 47913
62 76 26562
62 77 28519
62 78 32042
62 79 27891
62 80 36160
62 81 23546
62 82 7219
62 83 17821
62 84 24767
62 85 28130
62 86 31247
62 87 33384
62 88 3179
62 89 20225
62 90 9084
62 91 37067
62 92 34533
62 93 29886
62 94 26843
62 95 29640
62 96 29197
62 97 33887
62 98 34751
62 99 30634
62 100 34574
62 101 12218
62 102 18135
62 103 20884
62 104 30639
62 105 29170
62 106 7352
62 107 776
62 108 1176
62 109 33623
62 110 42191
62 111 21376
62 112 22863
62 113 28085
62 114 13557
62 115 40009
62 116 28974
62 117 33591
62 118 17180
62 119 41111
62 120 23201
62 121 34691
62 122 13727
62 123 815
62 124 11093
62 125 17994
62 126 4975
62 127 7912
62 128 15018
62 129 33631
62 130 40547
62 131 8768
62 132 15985
62 133 47413
62 134 34661
62 135 31089
62 136 35444
62 137 34161
62 138 29060
62 139 49845
62 140 44023
62 141 35779
62 142 43955
62 143 10752
62 144 37481
62 145 43207
62 146 19716
62 147 22124
62 148 -2544
62 149 33131
62 150 35128
62 151 16049
63 1 21735
63 2 49312
63 3 32740
63 4 48689
63 5 33885
63 6 38458
63 7 16260
63 8 28250
63 9 21160
63 10 3581
63 11 1798
63 12 36841
63 13 39748
63 14 52309
63 15 54114
63 16 44995
63 17 39696
63 18 24983
63 19 8261
63 20 13773
63 21 49206
63 22 56669
63 23 54624
63 24 46421
63 25 53718
63 26 39198
63 27 27331
63 28 32840
63 29 39262
63 30 9583
63 31 10095
63 32 -1766
63 33 27783
63 34 30245
63 35 29303
63 36 19599
63 37 47083
63 38 56306
63 39 56964
63 40 43551
63 41 59337
63 42 50236
63 43 56153
63 44 51853
63 45 29097
63 46 22537
63 47 13100
63 48 11863
63 49 8667
63 50 25698
63 51 19181
63 52 24047
63 53 37819
63 54 44983
63 55 50747
63 56 56896
63 57 53408
63 58 39397
63 59 39602
63 60 34834
63 61 40307
63 62 4716
63 64 -5787
63 65 17347
63 66 4095
63 67 56260
63 68 32744
63 69 22614
63 70 13617
63 71 20734
63 72 50559
63 73 51333
63 74 55388
63 75 56710
63 76 31708
63 77 32639
63 78 32572
63 79 30029
63 80 41071
63 81 24054
63 82 18066
63 83 29102
63 84 36031
63 85 39522
63 86 42472
63 87 44194
63 88 13883
63 89 31153
63 90 2154
63 91 48462
63 92 45742
63 93 41252
63 94 37791
63 95 40669
63 96 40430
63 97 44915
63 98 46077
63 99 41951
63 100 45915
63 101 17623
63 102 21296
63 103 17743
63 104 41956
63 105 38031
63 106 18754
63 107 3836
63 108 1176
63 109 39915
63 110 50053
63 111 28382
63 112 33153
63 113 39199
63 114 24444
63 115 50087
63 116 33754
63 117 44463
63 118 28581
63 119 52509
63 120 22154
63 121 37664
63 122 14908
63 123 9032
63 124 19500
63 125 28637
63 126 -4465
63 127 17463
63 128 10119
63 129 35634
63 130 46738
63 131 1739
63 132 23041
63 133 56595
63 134 39525
63 135 28272
63 136 30922
63 137 44548
63 138 36386
63 139 57170
63 140 55392
63 141 47163
63 142 55165
63 143 13388
63 144 48147
63 145 53126
63 146 29514
63 147 33159
63 148 8436
63 149 40777
63 150 40039
63 151 25482
64 1 35532
64 2 59946
64 3 47087
64 4 61888
64 5 40081
64 6 47459
64 7 23471
64 8 31552
64 9 35212
64 10 16766
64 11 6736
64 12 50464
64 13 49766
64 14 59101
64 15 63590
64 16 50349
64 17 42971
64 18 32486
64 19 10261
64 20 27645
64 21 61417
64 22 68394
64 23 67132
64 24 60730
64 25 67532
64 26 52003
64 27 39307
64 28 45619
64 29 53674
64 30 24004
64 31 22313
64 32 11775
64 33 42205
64 34 44374
64 35 42558
64 36 14429
64 37 54805
64 38 61321
64 39 70158
64 40 55368
64 41 70575
64 42 58777
64 43 64463
64 44 57700
64 45 31679
64 46 21667
64 47 12214
64 48 14920
64 49 371
64 50 39829
64 51 33533
64 52 34103
64 53 49515
64 54 58764
64 55 64585
64 56 69539
64 57 63375
64 58 50619
64 59 47543
64 60 41479
64 61 45958
64 62 14338
64 63 8927
64 65 28444
64 66 15968
64 67 69602
64 68 46921
64 69 35650
64 70 27630
64 71 33670
64 72 62795
64 73 63266
64 74 67366
64 75 68921
64 76 45675
64 77 46859
64 78 46914
64 79 44448
64 80 55165
64 81 38430
64 82 23006
64 83 34574
64 84 40974
64 85 46261
64 86 46543
64 87 53599
64 88 24167
64 89 40555
64 90 16550
64 91 55042
64 92 53921
64 93 48446
64 94 46975
64 95 49560
64 96 48621
64 97 53759
64 98 53558
64 99 49630
64 100 53203
64 101 31202
64 102 35609
64 103 31465
64 104 49635
64 105 50156
64 106 26544
64 107 6316
64 108 15046
64 109 53575
64 110 62960
64 111 41617
64 112 43697
64 113 42959
64 114 28685
64 115 60842
64 116 47841
64 117 53780
64 118 35263
64 119 58817
64 120 36299
64 121 52060
64 122 29300
64 123 12778
64 124 19967
64 125 31557
64 126 9535
64 127 28900
64 128 23726
64 129 50056
64 130 60483
64 131 15148
64 132 36147
64 133 68435
64 134 53662
64 135 41802
64 136 43584
64 137 54850
64 138 49529
64 139 70427
64 140 60362
64 141 52663
64 142 63129
64 143 7228
64 144 57853
64 145 64087
64 146 40729
64 147 42203
64 148 18460
64 149 53788
64 150 54133
64 151 37073
65 1 32322
65 2 62495
65 3 28619
65 4 49681
65 5 59549
65 6 59223
65 7 45942
65 8 59315
65 9 10134
65 10 30329
65 11 37417
65 12 39473
65 13 56703
65 14 73942
65 15 68835
65 16 70286
65 17 68797
65 18 51123
65 19 43241
65 20 16143
65 21 56485
65 22 64107
65 23 57106
65 24 37538
65 25 48789
65 26 46225
65 27 43052
65 28 43089
65 29 28515
65 30 21575
65 31 32456
65 32 18394
65 33 23290
65 34 11952
65 35 5123
65 36 55390
65 37 68389
65 38 80461
65 39 56132
65 40 54133
65 41 68349
65 42 68450
65 43 73680
65 44 75629
65 45 59896
65 46 56528
65 47 48018
65 48 44849
65 49 44362
65 50 29507
65 51 17606
65 52 46842
65 53 50880
65 54 43243
65 55 46344
65 56 59866
65 57 67778
65 58 52710
65 59 61211
65 60 60674
65 61 65736
65 62 35799
65 63 30408
65 64 26791
65 66 -4665
65 67 52961
65 68 29490
65 69 37499
65 70 29866
65 71 1013
65 72 56728
65 73 59267
65 74 62223
65 75 61946
65 76 34216
65 77 31040
65 78 19579
65 79 22837
65 80 38332
65 81 16331
65 82 48764
65 83 57044
65 84 63480
65 85 62953
65 86 69261
65 87 61280
65 88 40683
65 89 52455
65 90 30255
65 91 71695
65 92 66484
65 93 64245
65 94 57391
65 95 60262
65 96 62164
65 97 63992
65 98 68020
65 99 64453
65 100 67727
65 101 33255
65 102 22435
65 103 8649
65 104 64458
65 105 48815
65 106 46754
65 107 39301
65 108 27552
65 109 41208
65 110 53457
65 111 37800
65 112 50581
65 113 67162
65 114 54590
65 115 62638
65 116 33580
65 117 62814
65 118 54154
65 119 75390
65 120 9848
65 121 28460
65 122 23983
65 123 42913
65 124 53511
65 125 59169
65 126 30674
65 127 39436
65 128 15465
65 129 27466
65 130 44696
65 131 17988
65 132 36751
65 133 63495
65 134 34018
65 135 6761
65 136 2984
65 137 59933
65 138 43225
65 139 56474
65 140 79710
65 141 71853
65 142 74410
65 143 49291
65 144 63835
65 145 63756
65 146 47515
65 147 54363
65 148 37340
65 149 45673
65 150 37300
65 151 40484
66 1 22620
66 2 54423
66 3 24498
66 4 45592
66 5 47899
66 6 48651
66 7 33026
66 8 46390
66 9 6067
66 10 17116
66 11 23819
66 12 33805
66 13 47270
66 14 63690
66 15 60649
66 16 58933
66 17 56441
66 18 39082
66 19 29662
66 20 4278
66 21 50155
66 22 58111
66 23 53031
66 24 36662
66 25 47072
66 26 39431
66 27 33095
66 28 34790
66 29 27896
66 30 9583
66 31 20290
66 32 4794
66 33 18097
66 34 13831
66 35 9206
66 36 41793
66 37 58001
66 38 69624
66 39 53085
66 40 46507
66 41 61918
66 42 59081
66 43 64705
66 44 64751
66 45 47098
66 46 43122
66 47 34463
66 48 31517
66 49 30933
66 50 22043
66 51 9584
66 52 35249
66 53 42206
66 54 39704
66 55 44258
66 56 55377
66 57 59514
66 58 44230
66 59 50640
66 60 48881
66 61 54273
66 62 22469
66 63 16866
66 64 14025
66 65 -4955
66 67 51130
66 68 25732
66 69 27084
66 70 18025
66 71 151
66 72 50946
66 73 52848
66 74 56328
66 75 56678
66 76 27880
66 77 26134
66 78 18746
66 79 19658
66 80 34559
66 81 12214
66 82 35808
66 83 44772
66 84 51439
66 85 51997
66 86 57589
66 87 52057
66 88 27999
66 89 41556
66 90 16656
66 91 60854
66 92 56183
66 93 53344
66 94 47209
66 95 50187
66 96 51472
66 97 54144
66 98 57448
66 99 53612
66 100 57262
66 101 22087
66 102 15564
66 103 1735
66 104 53617
66 105 40853
66 106 34160
66 107 25700
66 108 14209
66 109 36198
66 110 48425
66 111 29374
66 112 40714
66 113 55121
66 114 41827
66 115 54792
66 116 28357
66 117 53089
66 118 42443
66 119 64757
66 120 7201
66 121 27075
66 122 13163
66 123 29427
66 124 40070
66 125 46417
66 126 17096
66 127 27651
66 128 2479
66 129 24762
66 130 41408
66 131 4388
66 132 26701
66 133 57682
66 134 31768
66 135 9162
66 136 9482
66 137 51042
66 138 36125
66 139 53257
66 140 68817
66 141 60697
66 142 64803
66 143 35738
66 144 55097
66 145 56707
66 146 37113
66 147 43613
66 148 24294
66 149 39723
66 150 33527
66 151 31051
67 1 48430
67 2 30876
67 3 37623
67 4 11462
67 5 50778
67 6 48284
67 7 61081
67 8 65691
67 9 48043
67 10 60381
67 11 69953
67 12 30274
67 13 37705
67 14 44341
67 15 27044
67 16 52071
67 17 61770
67 18 53750
67 19 68951
67 20 59240
67 21 23631
67 22 17545
67 23 -3233
67 24 25498
67 25 6843
67 26 29547
67 27 44672
67 28 39143
67 29 30579
67 30 55042
67 31 51834
67 32 61788
67 33 45760
67 34 39788
67 35 53214
67 36 78175
67 37 46922
67 38 50630
67 39 1000
67 40 31272
67 41 20628
67 42 36723
67 43 34077
67 44 51292
67 45 61008
67 46 67823
67 47 68065
67 48 61429
67 49 75336
67 50 42485
67 51 50557
67 52 53219
67 53 38224
67 54 20983
67 55 10774
67 56 9898
67 57 31882
67 58 32908
67 59 43973
67 60 56234
67 61 51062
67 62 61564
67 63 69977
67 64 68605
67 65 53617
67 66 52076
67 68 26754
67 69 50062
67 70 56385
67 71 54506
67 72 16736
67 73 22567
67 74 18725
67 75 13652
67 76 38026
67 77 36366
67 78 41940
67 79 37556
67 80 31723
67 81 42737
67 82 59849
67 83 56473
67 84 56541
67 85 45011
67 86 50853
67 87 34294
67 88 59224
67 89 47942
67 90 69376
67 91 50894
67 92 46581
67 93 47916
67 94 42309
67 95 41723
67 96 48223
67 97 41817
67 98 48011
67 99 49863
67 100 44822
67 101 53658
67 102 39103
67 103 53125
67 104 49868
67 105 33718
67 106 58240
67 107 68751
67 108 60531
67 109 27851
67 110 19014
67 111 40446
67 112 40937
67 113 55152
67 114 59844
67 115 29222
67 116 35217
67 117 42326
67 118 48524
67 119 49375
67 120 44136
67 121 30796
67 122 53396
67 123 65588
67 124 69437
67 125 60221
67 126 69161
67 127 52977
67 128 60477
67 129 42123
67 130 18306
67 131 62421
67 132 47766
67 133 16198
67 134 18643
67 135 50976
67 136 59047
67 137 36193
67 138 35117
67 139 7207
67 140 50669
67 141 50704
67 142 42132
67 143 76413
67 144 32392
67 145 21361
67 146 47895
67 147 46035
67 148 59593
67 149 24545
67 150 30691
67 151 34417
68 1 15350
68 2 27114
68 3 1945
68 4 11279
68 5 35057
68 6 31687
68 7 33655
68 8 43360
68 9 12773
68 10 27516
68 11 38143
68 12 3003
68 13 25176
68 14 42321
68 15 32846
68 16 42899
68 17 46707
68 18 31164
68 19 39326
68 20 23565
68 21 18958
68 22 26000
68 23 18782
68 24 5280
68 25 12734
68 26 10458
68 27 18272
68 28 13045
68 29 2002
68 30 20173
68 31 20809
68 32 26854
68 33 10061
68 34 8106
68 35 20007
68 36 50968
68 37 38292
68 38 49924
68 39 18396
68 40 18931
68 41 30476
68 42 35026
68 43 38868
68 44 46051
68 45 41664
68 46 44632
68 47 41000
68 48 34762
68 49 45444
68 50 8008
68 51 14832
68 52 27322
68 53 19141
68 54 5033
68 55 9799
68 56 21412
68 57 32314
68 58 19319
68 59 32283
68 60 37752
68 61 39360
68 62 30530
68 63 36230
68 64 35693
68 65 19915
68 66 16447
68 67 16523
68 69 19064
68 70 22711
68 71 19734
68 72 18609
68 73 21685
68 74 24110
68 75 23540
68 76 4496
68 77 869
68 78 8487
68 79 2464
68 80 -115
68 81 7322
68 82 34779
68 83 36610
68 84 40506
68 85 34715
68 86 42606
68 87 28184
68 88 29550
68 89 27403
68 90 35219
68 91 42660
68 92 36490
68 93 36214
68 94 28090
68 95 30063
68 96 34189
68 97 32720
68 98 38561
68 99 36660
68 100 37544
68 101 20922
68 102 3771
68 103 17566
68 104 36665
68 105 15279
68 106 31853
68 107 37967
68 108 27085
68 109 3297
68 110 15069
68 111 10759
68 112 21899
68 113 42893
68 114 37659
68 115 26808
68 116 689
68 117 31584
68 118 30677
68 119 45035
68 120 9227
68 121 168
68 122 18503
68 123 36616
68 124 43734
68 125 40755
68 126 35547
68 127 23764
68 128 24865
68 129 7411
68 130 6702
68 131 27250
68 132 16859
68 133 25287
68 134 -2183
68 135 17500
68 136 25728
68 137 26694
68 138 9620
68 139 18588
68 140 49406
68 141 43445
68 142 41314
68 143 47625
68 144 29448
68 145 26533
68 146 23100
68 147 27885
68 148 29180
68 149 8313
68 150 -1147
68 151 11932
69 1 1794
69 2 26767
69 3 13973
69 4 24703
69 5 20884
69 6 20216
69 7 13275
69 8 24481
69 9 13953
69 10 8859
69 11 18495
69 12 13484
69 13 18733
69 14 35147
69 15 32623
69 16 31314
69 17 31154
69 18 13535
69 19 18815
69 20 15032
69 21 25164
69 22 32839
69 23 30462
69 24 25894
69 25 30607
69 26 15033
69 27 4528
69 28 8682
69 29 20917
69 30 7114
69 31 441
69 32 12325
69 33 13482
69 34 18868
69 35 24704
69 36 30364
69 37 29492
69 38 41432
69 39 32982
69 40 19875
69 41 35859
69 42 30493
69 43 36206
69 44 36585
69 45 23934
69 46 24901
69 47 20442
69 48 14355
69 49 25086
69 50 5966
69 51 10863
69 52 8817
69 53 14525
69 54 21890
69 55 27719
69 56 32730
69 57 31544
69 58 16489
69 59 22222
69 60 22287
69 61 26844
69 62 10343
69 63 18671
69 64 16993
69 65 20495
69 66 10370
69 67 32402
69 68 11635
69 70 6216
69 71 19717
69 72 26484
69 73 27431
69 74 31424
69 75 32625
69 76 9880
69 77 12361
69 78 19074
69 79 13434
69 80 19356
69 81 11602
69 82 15006
69 83 19642
69 84 25329
69 85 23902
69 86 30458
69 87 23548
69 88 8937
69 89 13417
69 90 18563
69 91 32651
69 92 27632
69 93 25194
69 94 18604
69 95 21567
69 96 23133
69 97 25509
69 98 29038
69 99 25404
69 100 28797
69 101 2900
69 102 3730
69 103 14920
69 104 25409
69 105 14184
69 106 11950
69 107 17786
69 108 9269
69 109 16604
69 110 25917
69 111 4427
69 112 12092
69 113 28839
69 114 19052
69 115 27344
69 116 12372
69 117 24463
69 118 15631
69 119 36403
69 120 13026
69 121 18955
69 122 6879
69 123 16012
69 124 23433
69 125 23066
69 126 17794
69 127 3321
69 128 14875
69 129 19215
69 130 23536
69 131 13739
69 132 -1040
69 133 32690
69 134 17792
69 135 22443
69 136 28981
69 137 22778
69 138 12337
69 139 33234
69 140 40671
69 141 32816
69 142 36172
69 143 27062
69 144 26821
69 145 29972
69 146 8534
69 147 15314
69 148 8716
69 149 16666
69 150 18324
69 151 2720
70 1 5384
70 2 35751
70 3 16957
70 4 32502
70 5 27140
70 6 28043
70 7 14040
70 8 27153
70 9 10188
70 10 2156
70 11 12971
70 12 20490
70 13 27426
70 14 43091
70 15 41522
70 16 38130
70 17 36150
70 18 18495
70 19 15622
70 20 7376
70 21 33882
70 22 41674
70 23 38850
70 24 30431
70 25 37317
70 26 23448
70 27 13373
70 28 17328
70 29 23872
70 30 -1228
70 31 -158
70 32 3387
70 33 13211
70 34 17766
70 35 20595
70 36 28256
70 37 37398
70 38 48838
70 39 40750
70 40 28816
70 41 44802
70 42 39037
70 43 44850
70 44 43969
70 45 27501
70 46 25790
70 47 19078
70 48 14171
70 49 20885
70 50 9420
70 51 6750
70 52 14448
70 53 23525
70 54 28584
70 55 34347
70 56 41065
70 57 40472
70 58 25482
70 59 29981
70 60 28165
70 61 33481
70 62 6467
70 63 10906
70 64 10205
70 65 14094
70 66 2543
70 67 39957
70 68 16514
70 69 7448
70 71 14041
70 72 35142
70 73 36248
70 74 40185
70 75 41251
70 76 15319
70 77 16485
70 78 18890
70 79 14950
70 80 24755
70 81 10400
70 82 16776
70 83 24395
70 84 30869
70 85 31214
70 86 36855
70 87 32235
70 88 8559
70 89 20845
70 90 10212
70 91 40088
70 92 35639
70 93 32577
70 94 26795
70 95 29801
70 96 30783
70 97 33873
70 98 36772
70 99 32867
70 100 36612
70 101 1900
70 102 5456
70 103 9248
70 104 32872
70 105 23094
70 106 14308
70 107 13364
70 108 1599
70 109 23545
70 110 34083
70 111 12428
70 112 20676
70 113 34559
70 114 22210
70 115 36340
70 116 17430
70 117 32945
70 118 21698
70 119 44030
70 120 10301
70 121 22113
70 122 798
70 123 13777
70 124 23280
70 125 26731
70 126 10155
70 127 6880
70 128 6524
70 129 20663
70 130 30341
70 131 4739
70 132 7596
70 133 41483
70 134 23249
70 135 18723
70 136 23991
70 137 31649
70 138 20387
70 139 40931
70 140 48024
70 141 39889
70 142 44564
70 143 23812
70 144 35657
70 145 38961
70 146 16820
70 147 22938
70 148 6336
70 149 24795
70 150 23723
70 151 11649
71 1 22161
71 2 52243
71 3 18949
71 4 40295
71 5 49720
71 6 49086
71 7 37158
71 8 50421
71 9 -5
71 10 22254
71 11 30857
71 12 29526
71 13 46420
71 14 63711
71 15 58586
71 16 60309
71 17 59324
71 18 41550
71 19 36016
71 20 7703
71 21 46481
71 22 54212
71 23 47799
71 24 29387
71 25 40372
71 26 36095
71 27 32857
71 28 32798
71 29 20384
71 30 12560
71 31 23160
71 32 12257
71 33 13211
71 34 5012
71 35 -211
71 36 48607
71 37 58191
71 38 70318
71 39 47181
71 40 43910
71 41 58365
71 42 58157
71 43 63387
71 44 65510
71 45 50823
71 46 48410
71 47 40526
71 48 36659
71 49 38643
71 50 19225
71 51 7390
71 52 37098
71 53 40584
71 54 33983
71 55 37733
71 56 50389
71 57 57516
71 58 42422
71 59 51055
71 60 50931
71 61 55809
71 62 27796
71 63 24522
71 64 22744
71 65 -8260
71 66 -8832
71 67 44577
71 68 20036
71 69 27448
71 70 20540
71 72 46864
71 73 49256
71 74 52342
71 75 52237
71 76 24083
71 77 21187
71 78 11051
71 79 13409
71 80 28901
71 81 6431
71 82 39963
71 83 47571
71 84 53834
71 85 52872
71 86 59389
71 87 50985
71 88 31740
71 89 42415
71 90 23701
71 91 61579
71 92 56278
71 93 54157
71 94 47179
71 95 50031
71 96 52040
71 97 53732
71 98 57855
71 99 54358
71 100 57538
71 101 23512
71 102 12180
71 103 -1349
71 104 54363
71 105 38550
71 106 37627
71 107 32485
71 108 19797
71 109 31441
71 110 43768
71 111 27504
71 112 40344
71 113 57482
71 114 45528
71 115 52408
71 116 23676
71 117 52546
71 118 44369
71 119 65220
71 120 201
71 121 19936
71 122 14300
71 123 35203
71 124 45551
71 125 50055
71 126 24535
71 127 29851
71 128 8030
71 129 18216
71 130 35548
71 131 11764
71 132 26615
71 133 53645
71 134 25235
71 135 -168
71 136 1005
71 137 49638
71 138 33029
71 139 47439
71 140 69581
71 141 61809
71 142 64125
71 143 42981
71 144 53545
71 145 53647
71 146 37388
71 147 44271
71 148 28834
71 149 35712
71 150 27869
71 151 30215
72 1 30863
72 2 8742
72 3 25945
72 4 1197
72 5 28009
72 6 25484
72 7 39429
72 8 42990
72 9 36470
72 10 41264
72 11 49682
72 12 15027
72 13 14881
72 14 24659
72 15 10292
72 16 30346
72 17 39191
72 18 31275
72 19 47667
72 20 44375
72 21 1476
72 22 1309
72 23 -1632
72 24 21604
72 25 10149
72 26 10387
72 27 24081
72 28 19752
72 29 24522
72 30 38325
72 31 32026
72 32 44576
72 33 33216
72 34 32701
72 35 44627
72 36 55964
72 37 24881
72 38 32047
72 39 4702
72 40 9073
72 41 5844
72 42 16502
72 43 17327
72 44 30629
72 45 38184
72 46 45105
72 47 45944
72 48 39358
72 49 53862
72 50 26966
72 51 36632
72 52 31648
72 53 16553
72 54 11384
72 55 9799
72 56 1457
72 57 11713
72 58 10331
72 59 21407
72 60 33419
72 61 28776
72 62 41199
72 63 51153
72 64 48675
72 65 44261
72 66 38769
72 67 3613
72 68 15717
72 69 31021
72 70 38447
72 71 43670
72 73 -213
72 74 -585
72 75 63
72 76 22957
72 77 23528
72 78 33185
72 79 26935
72 80 20732
72 81 31122
72 82 37559
72 83 33677
72 84 33800
72 85 22827
72 86 29572
72 87 12289
72 88 38531
72 89 25458
72 90 51133
72 91 29182
72 92 24187
72 93 25444
72 94 19486
72 95 19034
72 96 25446
72 97 19434
72 98 25858
72 99 27177
72 100 23196
72 101 35263
72 102 24625
72 103 40508
72 104 27182
72 105 12573
72 106 36410
72 107 47932
72 108 41817
72 109 13806
72 110 2790
72 111 22112
72 112 18564
72 113 32959
72 114 37157
72 115 7328
72 116 21712
72 117 19653
72 118 25700
72 119 28918
72 120 33375
72 121 23477
72 122 37003
72 123 44153
72 124 47080
72 125 37396
72 126 50249
72 127 32485
72 128 45151
72 129 32029
72 130 10092
72 131 45674
72 132 28867
72 133 694
72 134 12030
72 135 42097
72 136 50284
72 137 13438
72 138 17020
72 139 6443
72 140 31835
72 141 29469
72 142 22544
72 143 54608
72 144 11093
72 145 2918
72 146 26559
72 147 23308
72 148 39071
72 149 6754
72 150 19700
72 151 13026
73 1 29462
73 2 5700
73 3 25945
73 4 3655
73 5 24861
73 6 22429
73 7 36816
73 8 39988
73 9 36134
73 10 39316
73 11 47402
73 12 14766
73 13 11771
73 14 21934
73 15 8483
73 16 27262
73 17 36029
73 18 28392
73 19 45126
73 20 43344
73 21 166
73 22 2055
73 23 1046
73 24 23090
73 25 12923
73 26 9283
73 27 21946
73 28 18136
73 29 25474
73 30 36958
73 31 29967
73 32 43007
73 33 32858
73 34 33165
73 35 44705
73 36 53136
73 37 21773
73 38 29434
73 39 7864
73 40 6615
73 41 5746
73 42 13773
73 43 15271
73 44 27709
73 45 35071
73 46 42089
73 47 43153
73 48 36595
73 49 51243
73 50 26116
73 51 35888
73 52 29111
73 53 14177
73 54 12675
73 55 12260
73 56 4542
73 57 9189
73 58 7507
73 59 18246
73 60 30339
73 61 25630
73 62 38932
73 63 49213
73 64 46432
73 65 44086
73 66 37957
73 67 6730
73 68 16079
73 69 29254
73 70 36839
73 71 43348
73 72 -2927
73 74 725
73 75 2488
73 76 22375
73 77 23383
73 78 33469
73 79 27024
73 80 21209
73 81 30890
73 82 34731
73 83 30618
73 84 30647
73 85 19695
73 86 26538
73 87 9215
73 88 36211
73 89 22594
73 90 49344
73 91 26111
73 92 21038
73 93 22287
73 94 16370
73 95 15873
73 96 22299
73 97 16289
73 98 22733
73 99 24017
73 100 20146
73 101 33593
73 102 23952
73 103 39924
73 104 24022
73 105 10522
73 106 33752
73 107 45513
73 108 39954
73 109 13975
73 110 4449
73 111 20700
73 112 15786
73 113 29818
73 114 34165
73 115 4390
73 116 21515
73 117 16491
73 118 22603
73 119 26043
73 120 33213
73 121 24266
73 122 35749
73 123 41579
73 124 44215
73 125 34289
73 126 48294
73 127 30265
73 128 44004
73 129 32206
73 130 11741
73 131 44208
73 132 27160
73 133 1891
73 134 13352
73 135 42157
73 136 50284
73 137 10283
73 138 15943
73 139 9534
73 140 29183
73 141 26455
73 142 19903
73 143 51901
73 144 8206
73 145 1520
73 146 24160
73 147 20312
73 148 36779
73 149 6417
73 150 20177
73 151 10679
74 1 33668
74 2 8405
74 3 29104
74 4 3655
74 5 28436
74 6 26426
74 7 41234
74 8 44047
74 9 39603
74 10 43743
74 11 51874
74 12 18153
74 13 15646
74 14 23246
74 15 7933
74 16 29804
74 17 39304
74 18 32633
74 19 49564
74 20 47344
74 21 4075
74 22 -1854
74 23 -3191
74 24 24500
74 25 11958
74 26 13274
74 27 26403
74 28 22427
74 29 27590
74 30 41153
74 31 34416
74 32 47304
74 33 36342
74 34 35846
74 35 47789
74 36 57410
74 37 24512
74 38 30403
74 39 5137
74 40 11087
74 41 2759
74 42 15180
74 43 15112
74 44 29587
74 45 38824
74 46 46110
74 47 47463
74 48 40928
74 49 55650
74 50 29981
74 51 39684
74 52 33558
74 53 18650
74 54 14399
74 55 12058
74 56 1317
74 57 10225
74 58 11866
74 59 21517
74 60 34238
74 61 28608
74 62 43404
74 63 53640
74 64 50904
74 65 47414
74 66 41809
74 67 3260
74 68 18876
74 69 33619
74 70 41148
74 71 46806
74 72 -2927
74 73 1097
74 75 -1716
74 76 26035
74 77 26675
74 78 36344
74 79 30097
74 80 23885
74 81 34265
74 82 39017
74 83 34562
74 84 34157
74 85 22573
74 86 28823
74 87 11866
74 88 40683
74 89 26870
74 90 53727
74 91 28617
74 92 24109
74 93 25444
74 94 20192
74 95 19332
74 96 25918
74 97 19345
74 98 25575
74 99 27454
74 100 22570
74 101 37925
74 102 27689
74 103 43600
74 104 27459
74 105 14949
74 106 38152
74 107 49975
74 108 44359
74 109 16967
74 110 5821
74 111 24901
74 112 20144
74 113 32726
74 114 38245
74 115 6768
74 116 24853
74 117 19934
74 118 26446
74 119 27786
74 120 36526
74 121 26581
74 122 39880
74 123 46007
74 124 48457
74 125 38070
74 126 52724
74 127 34734
74 128 48077
74 129 35191
74 130 12975
74 131 48458
74 132 31502
74 133 -2389
74 134 15007
74 135 45259
74 136 53445
74 137 13926
74 138 19938
74 139 7554
74 140 30254
74 141 28677
74 142 21040
74 143 56264
74 144 10189
74 145 534
74 146 28630
74 147 24425
74 148 41251
74 149 9845
74 150 22853
74 151 15151
75 1 36155
75 2 11932
75 3 30387
75 4 3070
75 5 32030
75 6 30017
75 7 44612
75 8 47634
75 9 41115
75 10 46649
75 11 55030
75 12 19813
75 13 19247
75 14 26116
75 15 9969
75 16 33155
75 17 42846
75 18 36162
75 19 52902
75 20 49482
75 21 6853
75 22 -893
75 23 -6748
75 24 24275
75 25 10068
75 26 15661
75 27 29450
75 28 25115
75 29 27896
75 30 43592
75 31 37408
75 32 49900
75 33 37914
75 34 36567
75 35 48866
75 36 60925
75 37 27950
75 38 33037
75 39 2146
75 40 14314
75 41 3610
75 42 18177
75 43 17235
75 44 32691
75 45 42428
75 46 49703
75 47 50955
75 48 44402
75 49 59043
75 50 32022
75 51 41584
75 52 36880
75 53 21849
75 54 14681
75 55 10774
75 56 -1631
75 57 13218
75 58 15314
75 59 25075
75 60 37841
75 61 32090
75 62 46549
75 63 56537
75 64 54034
75 65 48712
75 66 43734
75 67 -238
75 68 19881
75 69 36395
75 70 43789
75 71 48276
75 72 -704
75 73 4435
75 74 -141
75 76 27880
75 77 28118
75 78 37279
75 79 31264
75 80 24811
75 81 35706
75 82 42524
75 83 38162
75 84 37742
75 85 26037
75 86 32067
75 87 15320
75 88 43865
75 89 30380
75 90 56504
75 91 31970
75 92 27632
75 93 28976
75 94 23797
75 95 22920
75 96 29518
75 97 22873
75 98 29038
75 99 31035
75 100 25907
75 101 40620
75 102 29564
75 103 45333
75 104 31040
75 105 17945
75 106 41557
75 107 53231
75 108 47197
75 109 18290
75 110 6585
75 111 27423
75 112 23596
75 113 36180
75 114 41827
75 115 10256
75 116 26367
75 117 23523
75 118 30051
75 119 30842
75 120 37877
75 121 27075
75 122 42229
75 123 49366
75 124 51988
75 125 41675
75 126 55633
75 127 37843
75 128 50315
75 129 36270
75 130 12894
75 131 50967
75 132 34234
75 133 -2227
75 134 15067
75 135 46361
75 136 54588
75 137 17531
75 138 22246
75 139 5171
75 140 32944
75 141 31914
75 142 23879
75 143 59711
75 144 13480
75 145 2968
75 146 31857
75 147 27995
75 148 44414
75 149 11741
75 150 23779
75 151 18339
76 1 7952
76 2 25353
76 3 2570
76 4 15057
76 5 29137
76 6 26240
76 7 26095
76 8 36199
76 9 10723
76 10 20267
76 11 30750
76 12 2863
76 13 21141
76 14 38791
76 15 31637
76 16 37907
76 17 40526
76 18 24219
76 19 31732
76 20 18679
76 21 19365
76 22 27233
76 23 22250
76 24 12895
76 25 18913
76 26 8894
76 27 11390
76 28 7346
76 29 8458
76 30 13897
76 31 13222
76 32 20648
76 33 7489
76 34 10364
76 35 20007
76 36 43357
76 37 33987
76 38 46119
76 39 23054
76 40 16906
76 41 31241
76 42 32208
76 43 36904
76 44 41775
76 45 34840
76 46 37268
76 47 33402
76 48 27203
76 49 37892
76 50 1351
76 51 10584
76 52 20070
76 53 14804
76 54 10247
76 55 15936
76 56 24511
76 57 30671
76 58 16081
76 59 27491
76 60 31418
76 61 34019
76 62 22996
76 63 29333
76 64 28586
76 65 18780
76 66 12734
76 67 21934
76 68 -1365
76 69 11448
76 70 15655
76 71 17920
76 72 19988
76 73 22120
76 74 25408
76 75 25678
76 77 -8
76 78 10179
76 79 3409
76 80 6487
76 81 5705
76 82 27372
76 83 29917
76 84 34360
76 85 29840
76 86 37526
76 87 25074
76 88 21934
76 89 21180
76 90 28488
76 91 38091
76 92 32078
76 93 31208
76 94 23238
76 95 25625
76 96 29020
76 97 28763
76 98 34035
76 99 31506
76 100 33332
76 101 13520
76 102 -1436
76 103 14452
76 104 31511
76 105 11921
76 106 24393
76 107 30449
76 108 20021
76 109 5573
76 110 17482
76 111 3688
76 112 16528
76 113 37176
76 114 30557
76 115 25397
76 116 -621
76 117 27532
76 118 24460
76 119 41014
76 120 8090
76 121 6460
76 122 12252
76 123 29002
76 124 36207
76 125 33935
76 126 28594
76 127 16175
76 128 19704
76 129 9008
76 130 12029
76 131 21286
76 132 9251
76 133 26751
76 134 5007
76 135 17459
76 136 25336
76 137 23532
76 138 5977
76 139 23193
76 140 45512
76 141 38780
76 142 38382
76 143 40020
76 144 27079
76 145 26444
76 146 16363
76 147 22105
76 148 21589
76 149 8748
76 150 5455
76 151 6206
77 1 10738
77 2 28323
77 3 -1310
77 4 15340
77 5 33243
77 6 30278
77 7 29746
77 8 40186
77 9 8866
77 10 22695
77 11 33397
77 12 4336
77 13 24852
77 14 42430
77 15 34462
77 16 41895
77 17 44648
77 18 28286
77 19 34890
77 20 18743
77 21 21356
77 22 28940
77 23 22820
77 24 9853
77 25 17652
77 26 11509
77 27 15496
77 28 11328
77 29 4503
77 30 15173
77 31 16401
77 32 21857
77 33 5719
77 34 6719
77 35 17247
77 36 46787
77 37 37810
77 38 49851
77 39 22881
77 40 19875
77 41 33191
77 42 35607
77 43 40032
77 44 45612
77 45 38919
77 46 41132
77 47 36918
77 48 30840
77 49 40878
77 50 3177
77 51 10108
77 52 24047
77 53 18525
77 54 9543
77 55 14696
77 56 25246
77 57 33632
77 58 19507
77 59 31420
77 60 35541
77 61 38061
77 62 25964
77 63 31275
77 64 30781
77 65 16615
77 66 11999
77 67 21285
77 68 -3981
77 69 14940
77 70 17832
77 71 16035
77 72 21570
77 73 24139
77 74 27059
77 75 26927
77 76 1003
77 78 6601
77 79 -188
77 80 4593
77 81 3469
77 82 31216
77 83 34021
77 84 38481
77 85 33796
77 86 41535
77 87 28539
77 88 25314
77 89 25298
77 90 30240
77 91 41986
77 92 35920
77 93 35186
77 94 27164
77 95 29463
77 96 33019
77 97 32482
77 98 37912
77 99 35506
77 100 37139
77 101 16258
77 102 -1225
77 103 13272
77 104 35511
77 105 15306
77 106 28199
77 107 33357
77 108 22183
77 109 6136
77 110 18478
77 111 7797
77 112 20534
77 113 41270
77 114 34569
77 115 28234
77 116 -1547
77 117 31265
77 118 28581
77 119 44786
77 120 5725
77 121 2515
77 122 13503
77 123 32313
77 124 39896
77 125 38016
77 126 30604
77 127 19787
77 128 19994
77 129 5262
77 130 11299
77 131 22268
77 132 12843
77 133 28345
77 134 2813
77 135 14693
77 136 22779
77 137 26981
77 138 9229
77 139 23037
77 140 49266
77 141 42704
77 142 41828
77 143 43220
77 144 30299
77 145 28765
77 146 20478
77 147 26188
77 148 24757
77 149 10523
77 150 3561
77 151 10252
78 1 17546
78 2 40300
78 3 5082
78 4 24811
78 5 44071
78 6 41597
78 7 37061
78 8 48974
78 9 1749
78 10 26110
78 11 36748
78 12 16040
78 13 36756
78 14 54391
78 15 46347
78 16 53338
78 17 55085
78 18 37870
78 19 39951
78 20 15950
78 21 32781
78 22 39928
78 23 32148
78 24 12895
78 25 23959
78 26 23448
78 27 25884
78 28 22912
78 29 3898
78 30 16244
78 31 22631
78 32 21298
78 33 4719
78 34 -5252
78 35 6234
78 36 52568
78 37 49596
78 38 61740
78 39 31113
78 40 31876
78 41 44395
78 42 47646
78 43 52040
78 44 57374
78 45 48408
78 46 49022
78 47 43229
78 48 37840
78 49 44923
78 50 10832
78 51 8000
78 52 33218
78 53 30415
78 54 18328
78 55 21404
78 56 35038
78 57 45595
78 58 31534
78 59 43030
78 60 45972
78 61 49309
78 62 30797
78 63 32518
78 64 32146
78 65 6464
78 66 5921
78 67 28169
78 68 4947
78 69 22963
78 70 21547
78 71 7209
78 72 32537
78 73 35535
78 74 38038
78 75 37398
78 76 12500
78 77 7911
78 79 -934
78 80 13696
78 81 -1386
78 82 39277
78 83 43898
78 84 49031
78 85 45335
78 86 52896
78 87 40565
78 88 31854
78 89 36048
78 90 31223
78 91 53655
78 92 47681
78 93 46674
78 94 38791
78 95 41232
78 96 44458
78 97 44381
78 98 49617
78 99 46934
78 100 48945
78 101 21900
78 102 3933
78 103 7248
78 104 46939
78 105 27335
78 106 36261
78 107 37528
78 108 24737
78 109 17110
78 110 28960
78 111 18571
78 112 31993
78 113 52175
78 114 43567
78 115 40157
78 116 10430
78 117 43151
78 118 39145
78 119 56633
78 120 -2588
78 121 3510
78 122 15346
78 123 38030
78 124 47005
78 125 47530
78 126 32112
78 127 27507
78 128 17425
78 129 3191
78 130 19715
78 131 21150
78 132 21316
78 133 39209
78 134 9007
78 135 3806
78 136 12039
78 137 39008
78 138 21260
78 139 31455
78 140 61132
78 141 54310
78 142 53861
78 143 48098
78 144 42334
78 145 40331
78 146 30880
78 147 37288
78 148 30419
78 149 22007
78 150 12664
78 151 21618
79 1 13353
79 2 34713
79 3 -532
79 4 20324
79 5 38776
79 6 36122
79 7 33066
79 8 44451
79 9 3915
79 10 23641
79 11 34455
79 12 10557
79 13 31114
79 14 48740
79 15 40818
79 16 47838
79 17 49946
79 18 33005
79 19 36942
79 20 16143
79 21 27467
79 22 34834
79 23 27813
79 24 10695
79 25 20830
79 26 17878
79 27 20657
79 28 17328
79 29 2678
79 30 14581
79 31 18937
79 32 20648
79 33 2376
79 34 378
79 35 11109
79 36 49322
79 37 43986
79 38 56106
79 39 27226
79 40 26272
79 41 39206
79 42 41993
79 43 46432
79 44 51774
79 45 43625
79 46 44887
79 47 39727
79 48 34021
79 49 42424
79 50 6016
79 51 7390
79 52 28461
79 53 24774
79 54 13983
79 55 18045
79 56 30468
79 57 40018
79 58 25879
79 59 37471
79 60 40812
79 61 43873
79 62 27796
79 63 31125
79 64 30830
79 65 10872
79 66 7983
79 67 24935
79 68 74
79 69 18473
79 70 18757
79 71 10717
79 72 27437
79 73 30240
79 74 32941
79 75 32533
79 76 6880
79 77 2272
79 78 216
79 80 8930
79 81 -1386
79 82 35018
79 83 38947
79 84 43841
79 85 39801
79 86 47428
79 87 34909
79 88 28111
79 89 30753
79 90 29884
79 91 48081
79 92 42077
79 93 41154
79 94 33222
79 95 35625
79 96 38950
79 97 38742
79 98 44030
79 99 41431
79 100 43331
79 101 18296
79 102 -374
79 103 9011
79 104 41436
79 105 21680
79 106 31964
79 107 34894
79 108 22644
79 109 11897
79 110 24046
79 111 13170
79 112 26466
79 113 46865
79 114 38955
79 115 34603
79 116 4819
79 117 37514
79 118 33938
79 119 51009
79 120 201
79 121 1270
79 122 13192
79 123 34729
79 124 43168
79 125 42735
79 126 30591
79 127 23250
79 128 17595
79 129 -809
79 130 15560
79 131 20739
79 132 16651
79 133 34171
79 134 5531
79 135 8572
79 136 16762
79 137 33352
79 138 15607
79 139 27462
79 140 55504
79 141 48758
79 142 48206
79 143 45233
79 144 36702
79 145 34966
79 146 25671
79 147 31882
79 148 27051
79 149 16644
79 150 7898
79 151 16108
80 1 16531
80 2 25700
80 3 3924
80 4 9282
80 5 34674
80 6 31187
80 7 34287
80 8 43576
80 9 14771
80 10 28807
80 11 39343
80 12 2117
80 13 24282
80 14 41193
80 15 31275
80 16 42171
80 17 46397
80 18 31275
80 19 40272
80 20 25417
80 21 17252
80 22 24139
80 23 16783
80 24 4651
80 25 10945
80 26 9283
80 27 18461
80 28 12912
80 29 2892
80 30 21790
80 31 21786
80 32 28509
80 33 12016
80 34 9873
80 35 21943
80 36 51722
80 37 37398
80 38 48838
80 39 16419
80 40 17671
80 41 28654
80 42 33765
80 43 37413
80 44 45110
80 45 41664
80 46 44996
80 47 41702
80 48 35381
80 49 46473
80 50 9420
80 51 16720
80 52 27661
80 53 18450
80 54 3045
80 55 7987
80 56 19425
80 57 30844
80 58 18290
80 59 31540
80 60 37548
80 61 38753
80 62 31589
80 63 37691
80 64 37071
80 65 21891
80 66 18408
80 67 14626
80 68 -6981
80 69 19919
80 70 24086
80 71 21733
80 72 16758
80 73 19949
80 74 22253
80 75 21604
80 76 5482
80 77 2577
80 78 10370
80 79 4454
80 81 9318
80 82 35208
80 83 36562
80 84 40198
80 85 33972
80 86 41888
80 87 27022
80 88 30395
80 89 27205
80 90 36733
80 91 41819
80 92 35639
80 93 35523
80 94 27402
80 95 29240
80 96 33573
80 97 31759
80 98 37726
80 99 36028
80 100 36612
80 101 22107
80 102 5456
80 103 19543
80 104 36033
80 105 14385
80 106 32351
80 107 39046
80 108 28469
80 109 1743
80 110 13150
80 111 11177
80 112 21432
80 113 42399
80 114 37840
80 115 25328
80 116 1874
80 117 30665
80 118 30423
80 119 44030
80 120 11225
80 121 1270
80 122 20112
80 123 37474
80 124 44294
80 125 40755
80 126 36985
80 127 24481
80 128 26690
80 129 9371
80 130 4734
80 131 28955
80 132 17671
80 133 23403
80 134 -3590
80 135 19444
80 136 27679
80 137 25585
80 138 9095
80 139 16605
80 140 48343
80 141 42615
80 142 40065
80 143 48533
80 144 28123
80 145 24824
80 146 23183
80 147 27506
80 148 30141
80 149 6754
80 150 -3147
80 151 11649
81 1 12188
81 2 38759
81 3 4862
81 4 26253
81 5 39729
81 6 37826
81 7 31240
81 8 43511
81 9 -2251
81 10 19804
81 11 30424
81 12 15439
81 13 33934
81 14 51565
81 15 45053
81 16 49530
81 17 50381
81 18 32846
81 19 33708
81 20 10200
81 21 32444
81 22 40106
81 23 33767
81 24 16902
81 25 27150
81 26 22245
81 27 21661
81 28 19935
81 29 8458
81 30 9927
81 31 16714
81 32 15234
81 33 -453
81 34 -202
81 35 6682
81 36 46367
81 37 46381
81 38 58637
81 39 33398
81 40 30321
81 41 44313
81 42 45359
81 43 50240
81 44 54037
81 45 43200
81 46 43226
81 47 37121
81 48 31888
81 49 38604
81 50 6596
81 51 1795
81 52 28130
81 53 27731
81 54 20063
81 55 24351
81 56 36294
81 57 44074
81 58 29303
81 59 39547
81 60 41375
81 61 45304
81 62 24571
81 63 26270
81 64 25932
81 65 5486
81 66 1659
81 67 31236
81 68 6052
81 69 17761
81 70 15327
81 71 4859
81 72 32744
81 73 35226
81 74 38229
81 75 38095
81 76 10296
81 77 7049
81 78 884
81 79 -266
81 80 14914
81 82 33614
81 83 38947
81 84 44449
81 85 41700
81 86 48952
81 87 38184
81 88 25923
81 89 31808
81 90 24977
81 91 50193
81 92 44444
81 93 42995
81 94 35402
81 95 38051
81 96 40771
81 97 41471
81 98 46251
81 99 43207
81 100 45751
81 101 16011
81 102 -626
81 103 2688
81 104 43212
81 105 25223
81 106 30663
81 107 31225
81 108 18412
81 109 17299
81 110 29629
81 111 15002
81 112 28495
81 113 47807
81 114 38200
81 115 38813
81 116 9559
81 117 40236
81 118 34635
81 119 53480
81 120 -5327
81 121 7352
81 122 9041
81 123 31868
81 124 41048
81 125 42341
81 126 25840
81 127 21960
81 128 11686
81 129 4899
81 130 21702
81 131 15170
81 132 16334
81 133 39522
81 134 11847
81 135 4163
81 136 11922
81 137 36691
81 138 19386
81 139 33606
81 140 57972
81 141 50713
81 142 51467
81 143 41817
81 144 40389
81 145 39737
81 146 26559
81 147 33307
81 148 24311
81 149 21638
81 150 13882
81 151 18140
82 1 23399
82 2 32756
82 3 35912
82 4 40513
82 5 10081
82 6 19130
82 7 1843
82 8 3589
82 9 33808
82 10 13943
82 11 12418
82 12 32792
82 13 22273
82 14 29101
82 15 34642
82 16 20589
82 17 14642
82 18 3752
82 19 6261
82 20 30320
82 21 37365
82 22 42618
82 23 42767
82 24 46851
82 25 48534
82 26 30727
82 27 18438
82 28 25769
82 29 42712
82 30 21950
82 31 9394
82 32 19966
82 33 35047
82 34 40384
82 35 44345
82 36 11413
82 37 25045
82 38 31804
82 39 48110
82 40 30973
82 41 43808
82 42 29296
82 43 34753
82 44 27815
82 45 4382
82 46 2925
82 47 1480
82 48 -4775
82 49 10490
82 50 27966
82 51 30319
82 52 10696
82 53 25728
82 54 40678
82 55 46001
82 56 45908
82 57 35099
82 58 25163
82 59 17974
82 60 11586
82 61 16068
82 62 7527
82 63 19565
82 64 9791
82 65 37202
82 66 24536
82 67 47631
82 68 32792
82 69 20448
82 70 20986
82 71 37674
82 72 38464
82 73 38350
82 74 42264
82 75 44196
82 76 31246
82 77 34079
82 78 40830
82 79 35421
82 80 40087
82 81 32897
82 83 4612
82 84 11292
82 85 16272
82 86 17542
82 87 24964
82 88 8937
82 89 13417
82 90 23294
82 91 25042
82 92 24439
82 93 18556
82 94 18604
82 95 20705
82 96 19323
82 97 24730
82 98 23721
82 99 19972
82 100 23282
82 101 20461
82 102 25623
82 103 32967
82 104 19977
82 105 27153
82 106 1950
82 107 8299
82 108 15046
82 109 35646
82 110 40794
82 111 24276
82 112 17869
82 113 14172
82 114 -612
82 115 33771
82 116 33700
82 117 25296
82 118 5360
82 119 28845
82 120 33618
82 121 40725
82 122 24491
82 123 2803
82 124 2607
82 125 3787
82 126 18722
82 127 11283
82 128 28403
82 129 41203
82 130 41960
82 131 22852
82 132 20568
82 133 42881
82 134 38090
82 135 42410
82 136 47724
82 137 27515
82 138 30226
82 139 48807
82 140 30863
82 141 22869
82 142 33344
82 143 10550
82 144 29405
82 145 37020
82 146 17888
82 147 14133
82 148 7100
82 149 32791
82 150 39055
82 151 13878
83 1 26869
83 2 25700
83 3 37635
83 4 36638
83 5 152
83 6 12445
83 7 10330
83 8 4397
83 9 38760
83 10 22112
83 11 22372
83 12 31848
83 13 15646
83 14 19120
83 15 25821
83 16 10594
83 17 6321
83 18 1858
83 19 16283
83 20 37107
83 21 32359
83 22 36094
83 23 36777
83 24 46470
83 25 45469
83 26 28025
83 27 18461
83 28 24912
83 29 43707
83 30 28485
83 31 15303
83 32 28509
83 33 38504
83 34 43831
83 35 49517
83 36 18970
83 37 15614
83 38 21872
83 39 43456
83 40 26307
83 41 36585
83 42 20083
83 43 25203
83 44 17768
83 45 -284
83 46 6166
83 47 10003
83 48 4873
83 49 19659
83 50 30448
83 51 35401
83 52 12365
83 53 22295
83 54 38721
83 55 43296
83 56 40571
83 57 26995
83 58 20062
83 59 8969
83 60 2676
83 61 6026
83 62 16573
83 63 29045
83 64 19803
83 65 43926
83 66 31944
83 67 42699
83 68 33067
83 69 23528
83 70 27049
83 71 43726
83 72 33026
83 73 32681
83 74 36253
83 75 38278
83 76 32235
83 77 35328
83 78 43895
83 79 37794
83 80 39885
83 81 36674
83 82 3056
83 84 1508
83 85 6385
83 86 7997
83 87 16785
83 88 16063
83 89 9304
83 90 32164
83 91 15070
83 92 15477
83 93 8962
83 94 11399
83 95 12654
83 96 10939
83 97 16289
83 98 14178
83 99 10915
83 100 13543
83 101 25359
83 102 28564
83 103 38863
83 104 10920
83 105 23847
83 106 8157
83 107 18347
83 108 23346
83 109 34296
83 110 36698
83 111 24901
83 112 13657
83 113 5006
83 114 -1058
83 115 26742
83 116 34427
83 117 17568
83 118 -3782
83 119 18807
83 120 38055
83 121 41720
83 122 30108
83 123 12853
83 124 10160
83 125 -1184
83 126 28150
83 127 15666
83 128 35719
83 129 43545
83 130 39658
83 131 31147
83 132 23178
83 133 36480
83 134 37177
83 135 47350
83 136 53445
83 137 20714
83 138 28979
83 139 44491
83 140 20941
83 141 12851
83 142 23754
83 143 19287
83 144 21267
83 145 29715
83 146 17211
83 147 8188
83 148 15389
83 149 29883
83 150 38853
83 151 11649
84 1 32308
84 2 24485
84 3 42036
84 4 37607
84 5 -2796
84 6 13443
84 7 17036
84 8 9228
84 9 44446
84 10 28764
84 11 28907
84 12 34997
84 13 15571
84 14 13479
84 15 22246
84 16 4175
84 17 1002
84 18 7878
84 19 22536
84 20 43417
84 21 32739
84 22 34946
84 23 35875
84 24 49579
84 25 46819
84 26 30260
84 27 22880
84 28 28506
84 29 47587
84 30 34784
84 31 21631
84 32 35178
84 33 43676
84 34 48841
84 35 55210
84 36 23392
84 37 11799
84 38 15313
84 39 43656
84 40 27285
84 41 34753
84 42 16179
84 43 20495
84 44 11573
84 45 256
84 46 9122
84 47 15257
84 48 10935
84 49 24979
84 50 35361
84 51 41199
84 52 18047
84 53 24525
84 54 41026
84 55 44947
84 56 40344
84 57 24509
84 58 20960
84 59 6411
84 60 5141
84 61 -56
84 62 23281
84 63 35736
84 64 25965
84 65 50124
84 66 38373
84 67 42529
84 68 36725
84 69 28977
84 70 33285
84 71 49751
84 72 32911
84 73 32472
84 74 35610
84 75 37620
84 76 36440
84 77 39550
84 78 48790
84 79 42450
84 80 43283
84 81 41938
84 82 9498
84 83 1270
84 85 1548
84 86 1291
84 87 14585
84 88 22661
84 89 12662
84 90 38865
84 91 9691
84 92 12690
84 93 5260
84 94 11303
84 95 11277
84 96 9838
84 97 14078
84 98 10221
84 99 8681
84 100 8892
84 101 31322
84 102 33612
84 103 44879
84 104 8686
84 105 25938
84 106 14818
84 107 24732
84 108 30006
84 109 37135
84 110 37618
84 111 29190
84 112 15962
84 113 -1509
84 114 4602
84 115 25483
84 116 38419
84 117 16352
84 118 -2457
84 119 12897
84 120 43540
84 121 45633
84 122 36159
84 123 19229
84 124 15218
84 125 -193
84 126 34846
84 127 21745
84 128 42160
84 129 48171
84 130 41706
84 131 37782
84 132 28433
84 133 35428
84 134 40047
84 135 52969
84 136 59327
84 137 20130
84 138 32149
84 139 44997
84 140 14371
84 141 6491
84 142 19120
84 143 24368
84 144 18903
84 145 27918
84 146 21572
84 147 10141
84 148 22079
84 149 31833
84 150 42251
84 151 14885
85 1 34119
85 2 16347
85 3 41139
85 4 31304
85 5 1143
85 6 11449
85 7 24296
85 8 19026
85 9 46201
85 10 34591
85 11 36922
85 12 32193
85 13 9964
85 14 4143
85 15 12067
85 16 -545
85 17 8520
85 18 13589
85 19 31274
85 20 47199
85 21 26073
85 22 26369
85 23 27311
85 24 46126
85 25 40751
85 26 26328
85 27 23421
85 28 27067
85 29 45458
85 30 38716
85 31 26172
85 32 40929
85 33 44353
85 34 48824
85 35 56783
85 36 33525
85 37 2058
85 38 8878
85 39 36223
85 40 21858
85 41 25565
85 42 5963
85 43 10280
85 44 4007
85 45 10522
85 46 19417
85 47 25006
85 48 19990
85 49 34717
85 50 35791
85 51 43420
85 52 21754
85 53 21372
85 54 36576
85 55 39346
85 56 32574
85 57 15057
85 58 15861
85 59 -411
85 60 10475
85 61 -2655
85 62 30192
85 63 42775
85 64 34800
85 65 53145
85 66 42479
85 67 34547
85 68 34482
85 69 31098
85 70 37178
85 71 52337
85 72 25486
85 73 25068
85 74 27574
85 75 29463
85 76 35468
85 77 38413
85 78 48642
85 79 41958
85 80 40605
85 81 42737
85 82 18026
85 83 9695
85 84 5096
85 86 -825
85 87 5833
85 88 28477
85 89 13539
85 90 45116
85 91 204
85 92 4477
85 93 -1811
85 94 6959
85 95 4845
85 96 5943
85 97 5928
85 98 577
85 99 4042
85 100 -1401
85 101 34520
85 102 34202
85 103 47565
85 104 4047
85 105 22219
85 106 21445
85 107 33186
85 108 35834
85 109 33729
85 110 31401
85 111 28819
85 112 13965
85 113 1408
85 114 13953
85 115 17209
85 116 36923
85 117 9508
85 118 2263
85 119 4273
85 120 44763
85 121 43620
85 122 39299
85 123 27753
85 124 25053
85 125 10103
85 126 41832
85 127 25780
85 128 46473
85 129 47587
85 130 36833
85 131 43217
85 132 30104
85 133 26922
85 134 36332
85 135 54381
85 136 61390
85 137 13283
85 138 29695
85 139 37967
85 140 8077
85 141 265
85 142 8861
85 143 34244
85 144 9716
85 145 18860
85 146 22445
85 147 9559
85 148 28499
85 149 27270
85 150 39573
85 151 13576
86 1 45592
86 2 27716
86 3 53568
86 4 43292
86 5 9360
86 6 23594
86 7 31789
86 8 22896
86 9 57817
86 10 43490
86 11 43385
86 12 44833
86 13 22572
86 14 5702
86 15 19113
86 16 -545
86 17 6961
86 18 22353
86 19 36678
86 20 57704
86 21 38053
86 22 36757
86 23 37398
86 24 58756
86 25 52743
86 26 38965
86 27 35261
86 28 39505
86 29 58080
86 30 49089
86 31 36048
86 32 49916
86 33 56360
86 34 61092
86 35 68513
86 36 35076
86 37 13711
86 38 1668
86 39 47422
86 40 34345
86 41 35108
86 42 14038
86 43 14239
86 44 2635
86 45 11754
86 46 19954
86 47 28288
86 48 25011
86 49 37683
86 50 47831
86 51 54792
86 52 32018
86 53 33993
86 54 49112
86 55 51546
86 56 43612
86 57 24825
86 58 28450
86 59 12232
86 60 19049
86 61 2873
86 62 38035
86 63 50451
86 64 39808
86 65 64179
86 66 52797
86 67 45115
86 68 47099
86 69 42380
86 70 47545
86 71 63580
86 72 36957
86 73 36637
86 74 38550
86 75 40219
86 76 47880
86 77 50878
86 78 60929
86 79 54311
86 80 53247
86 81 54715
86 82 24022
86 83 16033
86 84 9565
86 85 3901
86 87 17184
86 88 37351
86 89 24941
86 90 53628
86 91 8087
86 92 16916
86 93 10593
86 94 19549
86 95 17465
86 96 18258
86 97 18086
86 98 12712
86 99 16274
86 100 8127
86 101 45281
86 102 46208
86 103 58731
86 104 16279
86 105 34868
86 106 29565
86 107 39014
86 108 44738
86 109 46375
86 110 43483
86 111 41035
86 112 26351
86 113 -2923
86 114 18855
86 115 28390
86 116 49443
86 117 22000
86 118 11067
86 119 5082
86 120 56601
86 121 56229
86 122 50151
86 123 33557
86 124 28239
86 125 11969
86 126 49571
86 127 35949
86 128 56620
86 129 59965
86 130 49281
86 131 52484
86 132 41591
86 133 37366
86 134 48948
86 135 66171
86 136 72909
86 137 25567
86 138 42300
86 139 49483
86 140 703
86 141 -1462
86 142 14649
86 143 36838
86 144 20237
86 145 28821
86 146 34100
86 147 21344
86 148 36838
86 149 39834
86 150 52215
86 151 25909
87 1 30937
87 2 3771
87 3 34046
87 4 19327
87 5 10773
87 6 11776
87 7 28997
87 8 27992
87 9 41679
87 10 36142
87 11 41412
87 12 23595
87 13 2926
87 14 7365
87 15 3197
87 16 11241
87 17 20861
87 18 18559
87 19 37227
87 20 45314
87 21 14121
87 22 13772
87 23 14734
87 24 36150
87 25 28764
87 26 17054
87 27 20335
87 28 20934
87 29 36725
87 30 37453
87 31 26763
87 32 41712
87 33 38921
87 34 42074
87 35 51681
87 36 42424
87 37 5832
87 38 15050
87 39 23659
87 40 11563
87 41 13352
87 42 368
87 43 5843
87 44 12037
87 45 21386
87 46 29586
87 47 33020
87 48 27002
87 49 42269
87 50 30636
87 51 39761
87 52 23067
87 53 14336
87 54 25999
87 55 27690
87 56 19956
87 57 3400
87 58 6779
87 59 3424
87 60 17849
87 61 9961
87 62 33514
87 63 45515
87 64 40206
87 65 49540
87 66 40607
87 67 21898
87 68 26019
87 69 28812
87 70 36267
87 71 48518
87 72 13016
87 73 12656
87 74 14935
87 75 16814
87 76 28770
87 77 31224
87 78 41940
87 79 35134
87 80 31723
87 81 37289
87 82 24786
87 83 18163
87 84 16201
87 85 3901
87 86 10526
87 88 30913
87 89 14255
87 90 46774
87 91 10080
87 92 5688
87 93 7023
87 94 4999
87 95 2333
87 96 8950
87 97 1116
87 98 6902
87 99 9699
87 100 4127
87 101 33071
87 102 29007
87 103 44132
87 104 9704
87 105 13892
87 106 25783
87 107 38499
87 108 37216
87 109 24388
87 110 19582
87 111 23543
87 112 10255
87 113 14048
87 114 22401
87 115 4574
87 116 29459
87 117 3562
87 118 9819
87 119 10597
87 120 39607
87 121 35077
87 122 37136
87 123 33557
87 124 33451
87 125 20745
87 126 44545
87 127 26317
87 128 45239
87 129 40617
87 130 25857
87 131 43527
87 132 27278
87 133 14309
87 134 26256
87 135 49161
87 136 56777
87 137 2940
87 138 21957
87 139 25546
87 140 14603
87 141 10483
87 142 6491
87 143 42257
87 144 -2330
87 145 6519
87 146 20478
87 147 10423
87 148 31415
87 149 17073
87 150 30691
87 151 8939
88 1 12619
88 2 32839
88 3 25695
88 4 35439
88 5 17678
88 6 21430
88 7 2337
88 8 15544
88 9 21832
88 10 3038
88 11 8054
88 12 25203
88 13 22941
88 14 35518
88 15 37214
88 16 28907
88 17 25333
88 18 8566
88 19 6862
88 20 18356
88 21 34220
88 22 41082
88 23 39994
88 24 37975
88 25 42158
88 26 25314
88 27 12248
88 28 19125
88 29 32752
88 30 9897
88 31 -2369
88 32 9469
88 33 23719
88 34 28863
88 35 32298
88 36 18326
88 37 30144
88 38 40108
88 39 43599
88 40 28085
88 41 43308
88 42 33207
88 43 39124
88 44 35426
88 45 16067
88 46 14218
88 47 8517
88 48 2840
88 49 13255
88 50 17553
88 51 18354
88 52 7102
88 53 22232
88 54 33584
88 55 39346
88 56 42506
88 57 36636
88 58 23322
88 59 22647
88 60 18558
88 61 24178
88 62 -361
88 63 11534
88 64 7104
88 65 25273
88 66 12879
88 67 43158
88 68 23715
88 69 10531
88 70 8921
88 71 25603
88 72 35588
88 73 35982
88 74 40082
88 75 41689
88 76 21960
88 77 24329
88 78 29559
88 79 24666
88 80 31426
88 81 21358
88 82 5089
88 83 13771
88 84 20607
88 85 22875
88 86 27023
88 87 27243
88 89 14138
88 90 13493
88 91 31827
88 92 28742
88 93 24481
88 94 20779
88 95 23643
88 96 23451
88 97 27889
88 98 29195
88 99 25068
88 100 29055
88 101 8900
88 102 14759
88 103 20884
88 104 25073
88 105 22998
88 106 3021
88 107 6387
88 108 4294
88 109 28288
88 110 36212
88 111 16033
88 112 16553
88 113 24211
88 114 10762
88 115 33691
88 116 24448
88 117 27480
88 118 12242
88 119 35896
88 120 21776
88 121 30823
88 122 12462
88 123 3933
88 124 12005
88 125 15346
88 126 10566
88 127 1907
88 128 16666
88 129 30440
88 130 35144
88 131 11987
88 132 10962
88 133 41130
88 134 29832
88 135 30404
88 136 35641
88 137 27877
88 138 23410
88 139 43979
88 140 39228
88 141 30939
88 142 38158
88 143 15014
88 144 31280
88 145 36884
88 146 13418
88 147 16130
88 148 -2544
88 149 27270
88 150 30394
88 151 9789
89 1 17840
89 2 16825
89 3 26538
89 4 24903
89 5 5164
89 6 4506
89 7 12167
89 8 15075
89 9 30037
89 10 19412
89 11 24330
89 12 19792
89 13 6416
89 14 19414
89 15 20309
89 16 15062
89 17 16506
89 18 2960
89 19 20574
89 20 30845
89 21 21211
89 22 26385
89 23 26492
89 24 34431
89 25 33495
89 26 15892
89 27 7544
89 28 13045
89 29 32097
89 30 22425
89 31 10351
89 32 25405
89 33 28625
89 34 33577
89 35 40715
89 36 27683
89 37 13741
89 38 25250
89 39 32150
89 40 14876
89 41 27797
89 42 16244
89 43 22172
89 44 20380
89 45 11878
89 46 17182
89 47 17737
89 48 11241
89 49 26231
89 50 20153
89 51 27111
89 52 6109
89 53 10230
89 54 26558
89 55 31232
89 56 29714
89 57 19959
89 58 8919
89 59 6287
89 60 7488
89 61 10677
89 62 16401
89 63 28520
89 64 23208
89 65 36761
89 66 26152
89 67 31592
89 68 21284
89 69 14727
89 70 20923
89 71 35994
89 72 22231
89 73 22081
89 74 25985
89 75 27920
89 76 20922
89 77 24029
89 78 33469
89 79 27024
89 80 27952
89 81 26959
89 82 9285
89 83 6728
89 84 10324
89 85 7653
89 86 14329
89 87 10301
89 88 13854
89 90 30070
89 91 16458
89 92 12078
89 93 8962
89 94 3779
89 95 6670
89 96 7077
89 97 10909
89 98 13067
89 99 9202
89 100 12915
89 101 18148
89 102 18490
89 103 31197
89 104 9207
89 105 11787
89 106 8950
89 107 21585
89 108 20573
89 109 22163
89 110 25040
89 111 13705
89 112 1768
89 113 13265
89 114 9209
89 115 17799
89 116 22900
89 117 10505
89 118 438
89 119 20340
89 120 28802
89 121 30134
89 122 22902
89 123 16919
89 124 18764
89 125 10980
89 126 27550
89 127 9851
89 128 30229
89 129 32731
89 130 27521
89 131 27474
89 132 13825
89 133 26627
89 134 25064
89 135 38368
89 136 45171
89 137 11601
89 138 16915
89 139 32989
89 140 24466
89 141 16538
89 142 21356
89 143 26632
89 144 14460
89 145 21096
89 146 6311
89 147 -733
89 148 14319
89 149 17799
89 150 26920
89 151 -446
90 1 17913
90 2 46860
90 3 28420
90 4 45026
90 5 33392
90 6 36890
90 7 16260
90 8 29076
90 9 16749
90 10 1165
90 11 4916
90 12 33008
90 13 37658
90 14 51304
90 15 52052
90 16 44608
90 17 40141
90 18 24305
90 19 10725
90 20 9476
90 21 46045
90 22 53678
90 23 51250
90 24 42121
90 25 49719
90 26 35805
90 27 24543
90 28 29535
90 29 34858
90 30 5174
90 31 7631
90 32 -5294
90 33 23346
90 34 25804
90 35 25143
90 36 22861
90 37 45856
90 38 55861
90 39 53278
90 40 40624
90 41 56548
90 42 48601
90 43 54530
90 44 51221
90 45 29942
90 46 24557
90 47 15573
90 48 13271
90 49 12663
90 50 21578
90 51 14709
90 52 22378
90 53 35022
90 54 41026
90 55 46741
90 56 53483
90 57 51198
90 58 36769
90 59 38351
90 60 34280
90 61 39884
90 62 4716
90 63 -1023
90 64 -1341
90 65 14017
90 66 708
90 67 52482
90 68 28556
90 69 19329
90 70 9746
90 71 16736
90 72 47362
90 73 48287
90 74 52298
90 75 53500
90 76 27686
90 77 28427
90 78 28100
90 79 25611
90 80 36936
90 81 19584
90 82 18618
90 83 29044
90 84 35983
90 85 38686
90 86 42472
90 87 42276
90 88 12665
90 89 29526
90 91 47638
90 92 44368
90 93 40283
90 94 36090
90 95 39042
90 96 39133
90 97 43263
90 98 44954
90 99 40835
90 100 44822
90 101 14055
90 102 17020
90 103 13461
90 104 40840
90 105 35000
90 106 18311
90 107 6734
90 108 -1886
90 109 36048
90 110 46547
90 111 24848
90 112 30937
90 113 39402
90 114 24958
90 115 47573
90 116 29639
90 117 42644
90 118 27988
90 119 51707
90 120 17715
90 121 33285
90 122 10565
90 123 10781
90 124 21464
90 125 29388
90 126 -1342
90 127 15276
90 128 5994
90 129 31206
90 130 42796
90 131 -1936
90 132 19682
90 133 53552
90 134 35350
90 135 24018
90 136 26984
90 137 42294
90 138 32843
90 139 53460
90 140 54971
90 141 46686
90 142 53732
90 143 17000
90 144 46074
90 145 50477
90 146 27118
90 147 31616
90 148 7710
90 149 37256
90 150 35904
90 151 22803
91 1 37021
91 2 16800
91 3 43569
91 4 32265
91 5 4081
91 6 14273
91 7 27413
91 8 21701
91 9 49029
91 10 37752
91 11 40007
91 12 34276
91 13 11801
91 14 1101
91 15 10562
91 16 -1771
91 17 9785
91 18 16737
91 19 34261
91 20 50252
91 21 27021
91 22 26305
91 23 27146
91 24 47929
91 25 41720
91 26 28198
91 27 26248
91 28 29535
91 29 47587
91 30 41793
91 31 29305
91 32 44086
91 33 47048
91 34 51360
91 35 59564
91 36 36040
91 37 2685
91 38 5835
91 39 36642
91 40 23381
91 41 25095
91 42 4559
91 43 7921
91 44 976
91 45 12678
91 46 21667
91 47 27734
91 48 22901
91 49 37463
91 50 38487
91 51 46324
91 52 24880
91 53 23585
91 54 38157
91 55 40501
91 56 32885
91 57 14574
91 58 17601
91 59 2014
91 60 13566
91 61 -1296
91 62 33339
91 63 45925
91 64 37791
91 65 56097
91 66 45546
91 67 34640
91 68 36637
91 69 34057
91 70 40262
91 71 55254
91 72 26051
91 73 25694
91 74 27828
91 75 29606
91 76 37929
91 77 40813
91 78 51172
91 79 44448
91 80 42662
91 81 45440
91 82 21006
91 83 12590
91 84 7449
91 85 -5586
91 86 -2429
91 87 6222
91 88 31639
91 89 16554
91 90 48278
91 92 6093
91 93 1192
91 94 9380
91 95 6805
91 96 8763
91 97 7071
91 98 1887
91 99 6987
91 100 -2711
91 101 37561
91 102 36907
91 103 50506
91 104 6992
91 105 24234
91 106 24586
91 107 36219
91 108 38994
91 109 35646
91 110 32443
91 111 31445
91 112 16553
91 113 1668
91 114 16752
91 115 17541
91 116 39263
91 117 11112
91 118 5360
91 119 1111
91 120 47516
91 121 45786
91 122 42314
91 123 30766
91 124 27739
91 125 12361
91 126 44983
91 127 28900
91 128 49564
91 129 50056
91 130 38274
91 131 46365
91 132 33014
91 133 26891
91 134 38090
91 135 57143
91 136 64233
91 137 14546
91 138 31915
91 139 38582
91 140 5062
91 141 -2160
91 142 6678
91 143 36925
91 144 9588
91 145 18550
91 146 25349
91 147 12506
91 148 31657
91 149 28917
91 150 41630
91 151 16166
92 1 30337
92 2 10628
92 3 36086
92 4 25314
92 5 3711
92 6 7951
92 7 24083
92 8 21373
92 9 42078
92 10 32927
92 11 36782
92 12 26663
92 13 4190
92 14 5993
92 15 8832
92 16 5296
92 17 13707
92 18 13261
92 19 31900
92 20 44099
92 21 20091
92 22 20926
92 23 21888
92 24 40353
92 25 34756
92 26 20597
92 27 19452
92 28 22119
92 29 39977
92 30 35820
92 31 23952
92 32 38999
92 33 39858
92 34 43951
92 35 52495
92 36 35970
92 37 414
92 38 12672
92 39 30395
92 40 15919
92 41 20548
92 42 3355
92 43 9058
92 44 8174
92 45 14281
92 46 22689
92 47 26848
92 48 21161
92 49 36346
92 50 31321
92 51 39584
92 52 19634
92 53 16018
92 54 30676
92 55 33347
92 56 26819
92 57 10331
92 58 10025
92 59 -3560
92 60 11433
92 61 3071
92 62 29370
92 63 41770
92 64 35235
92 65 49451
92 66 39440
92 67 28892
92 68 29032
92 69 27603
92 70 34378
92 71 48518
92 72 19621
92 73 19186
92 74 21885
92 75 23833
92 76 30481
92 77 33312
92 78 43763
92 79 37009
92 80 35047
92 81 38256
92 82 18968
92 83 11562
92 84 9013
92 85 -2748
92 86 4965
92 87 395
92 88 27119
92 89 10739
92 90 43573
92 91 4658
92 93 -167
92 94 2182
92 95 -769
92 96 3133
92 97 35
92 98 577
92 99 2857
92 100 -216
92 101 31441
92 102 29748
92 103 43862
92 104 2862
92 105 16619
92 106 20970
92 107 33478
92 108 34114
92 109 28039
92 110 25404
92 111 24203
92 112 9391
92 113 7269
92 114 15918
92 115 11560
92 116 31728
92 117 3562
92 118 3301
92 119 7514
92 120 40411
92 121 38181
92 122 36010
92 123 28264
92 124 27111
92 125 13677
92 126 40806
92 127 23453
92 128 43653
92 129 42598
92 130 30882
92 131 41075
92 132 26390
92 133 21444
92 134 30529
92 135 50041
92 136 57292
92 137 7283
92 138 24335
92 139 32057
92 140 12006
92 141 5455
92 142 7903
92 143 36137
92 144 4694
92 145 13727
92 146 18823
92 147 6545
92 148 27430
92 149 21395
92 150 34015
92 151 8939
93 1 31293
93 2 15085
93 3 38406
93 4 29469
93 5 -211
93 6 8627
93 7 22089
93 8 17802
93 9 43373
93 10 32041
93 11 34785
93 12 29630
93 13 7688
93 14 6419
93 15 12516
93 16 2074
93 17 9237
93 18 11275
93 19 29386
93 20 44426
93 21 24299
93 22 25398
93 23 26360
93 24 43701
93 25 38880
93 26 23904
93 27 20593
93 28 24332
93 29 42854
93 30 35962
93 31 23502
93 32 38338
93 33 41541
93 34 46051
93 35 53958
93 36 32423
93 37 2058
93 38 11652
93 39 34782
93 40 19694
93 41 24959
93 42 6573
93 43 11619
93 44 6780
93 45 10093
93 46 18731
93 47 23604
93 48 18283
93 49 33250
93 50 32980
93 51 40595
93 52 19071
93 53 18773
93 54 34302
93 55 37346
93 56 31246
93 57 14628
93 58 13576
93 59 -2796
93 60 8483
93 61 -1127
93 62 27839
93 63 40396
93 64 32876
93 65 50328
93 66 39717
93 67 33343
93 68 31872
93 69 28281
93 70 34432
93 71 49513
93 72 23994
93 73 23551
93 74 26336
93 75 28293
93 76 32727
93 77 35694
93 78 45872
93 79 39202
93 80 38047
93 81 39923
93 82 16201
93 83 8163
93 84 4699
93 85 -5920
93 86 1758
93 87 4846
93 88 25974
93 89 10739
93 90 42604
93 91 2873
93 92 2949
93 94 4323
93 95 2625
93 96 3133
93 97 4489
93 98 577
93 99 1213
93 100 127
93 101 31738
93 102 31389
93 103 44746
93 104 1218
93 105 19725
93 106 19145
93 107 31187
93 108 33276
93 109 31257
93 110 29523
93 111 26028
93 112 11201
93 113 3044
93 114 12531
93 115 16026
93 116 34230
93 117 7518
93 118 273
93 119 6869
93 120 41941
93 121 40999
93 122 36503
93 123 25814
93 124 23737
93 125 9549
93 126 39446
93 127 23083
93 128 43733
93 129 44839
93 130 34648
93 131 40586
93 132 27278
93 133 25916
93 134 33939
93 135 51557
93 136 58562
93 137 11425
93 138 27070
93 139 36377
93 140 10865
93 141 3085
93 142 10179
93 143 32886
93 144 9064
93 145 18157
93 146 19618
93 147 6735
93 148 26074
93 149 24977
93 150 37015
93 151 10802
94 1 23949
94 2 10154
94 3 29994
94 4 22086
94 5 4483
94 6 2569
94 7 19782
94 8 19813
94 9 35681
94 10 27336
94 11 32207
94 12 21090
94 13 118
94 14 12349
94 15 12405
94 16 10594
94 17 16132
94 18 9468
94 19 28046
94 20 37819
94 21 17252
94 22 20479
94 23 21168
94 24 35243
94 25 31333
94 26 15480
94 27 13059
94 28 15940
94 29 34311
94 30 29619
94 31 18126
94 32 33187
94 33 33516
94 34 37758
94 35 46119
94 36 33832
94 37 6806
94 38 19044
94 39 28263
94 40 11813
94 41 21160
94 42 8290
94 43 14219
94 44 14422
94 45 14479
94 46 21777
94 47 24210
94 48 18018
94 49 33261
94 50 24966
94 51 33185
94 52 14078
94 53 10230
94 54 26047
94 55 29551
94 56 25133
94 57 12344
94 58 5515
94 59 35
94 60 9835
94 61 7191
94 62 24378
94 63 36517
94 64 30987
94 65 43056
94 66 33164
94 67 27318
94 68 23330
94 69 21273
94 70 28232
94 71 42117
94 72 17618
94 73 17216
94 74 20666
94 75 22696
94 76 24339
94 77 27254
94 78 37571
94 79 30852
94 80 29508
94 81 31912
94 82 15831
94 83 10182
94 84 10324
94 85 2432
94 86 10296
94 87 2404
94 88 21854
94 89 5138
94 90 37993
94 91 10643
94 92 4880
94 93 3905
94 95 -1213
94 96 2133
94 97 2956
94 98 6635
94 99 4468
94 100 6169
94 101 25213
94 102 23392
94 103 37470
94 104 4473
94 105 11239
94 106 16566
94 107 29282
94 108 28469
94 109 22769
94 110 22097
94 111 17877
94 112 3008
94 113 11101
94 114 14075
94 115 11194
94 116 25747
94 117 2586
94 118 2035
94 119 13891
94 120 34042
94 121 32460
94 122 29699
94 123 24376
94 124 24811
94 125 13699
94 126 35547
94 127 17628
94 128 37457
94 129 36466
94 130 26536
94 131 35156
94 132 20018
94 133 20860
94 134 25518
94 135 43673
94 136 50895
94 137 5093
94 138 18531
94 139 29515
94 140 18359
94 141 11323
94 142 13581
94 143 33371
94 144 6713
94 145 14319
94 146 12516
94 147 1204
94 148 22312
94 149 16735
94 150 28476
94 151 2596
95 1 27004
95 2 8907
95 3 32482
95 4 22518
95 5 4743
95 6 5407
95 7 22488
95 8 21393
95 9 38610
95 10 30440
95 11 35040
95 12 23105
95 13 745
95 14 9306
95 15 9691
95 16 8654
95 17 15800
95 18 11913
95 19 30624
95 20 40952
95 21 17400
95 22 19397
95 23 20278
95 24 36916
95 25 31910
95 26 17126
95 27 16116
95 28 18528
95 29 36411
95 30 32772
95 31 21267
95 32 36332
95 33 36317
95 34 40354
95 35 48983
95 36 35748
95 37 3989
95 38 16216
95 39 28101
95 40 12704
95 41 19590
95 42 5199
95 43 11127
95 44 11778
95 45 15255
95 46 23129
95 47 26313
95 48 20303
95 49 35570
95 50 27794
95 51 36201
95 52 17152
95 53 12417
95 54 27371
95 55 30348
95 56 24709
95 57 10081
95 58 6645
95 59 -1796
95 60 11239
95 61 5873
95 62 27329
95 63 39549
95 64 33726
95 65 46081
95 66 36296
95 67 26886
95 68 25457
95 69 24390
95 70 31392
95 71 45123
95 72 17320
95 73 16873
95 74 19960
95 75 21973
95 76 26880
95 77 29707
95 78 40166
95 79 33409
95 80 31500
95 81 34715
95 82 18086
95 83 11591
95 84 10452
95 85 472
95 86 8366
95 87 -108
95 88 24872
95 89 8183
95 90 41099
95 91 8222
95 92 2083
95 93 2361
95 94 -1059
95 96 2376
95 97 -127
95 98 4123
95 99 3770
95 100 3347
95 101 28363
95 102 26219
95 103 40508
95 104 3775
95 105 13076
95 106 19295
95 107 31986
95 108 31585
95 109 24546
95 110 22560
95 111 20659
95 112 5937
95 113 10031
95 114 15761
95 115 9929
95 116 28123
95 117 699
95 118 3260
95 119 11065
95 120 36891
95 121 34606
95 122 32820
95 123 26958
95 124 26762
95 125 14549
95 126 38580
95 127 20765
95 128 40609
95 129 38995
95 130 27672
95 131 38312
95 132 23100
95 133 19850
95 134 27115
95 135 46520
95 136 53820
95 137 4563
95 138 20740
95 139 29572
95 140 15568
95 141 9008
95 142 10421
95 143 35548
95 144 4360
95 145 12717
95 146 15653
95 147 4105
95 148 25294
95 149 18057
95 150 30468
95 151 5420
96 1 26391
96 2 13101
96 3 33452
96 4 25987
96 5 697
96 6 3650
96 7 19099
96 8 17186
96 9 38418
96 10 28050
96 11 31789
96 12 24912
96 13 3892
96 14 10486
96 15 13453
96 16 7022
96 17 12182
96 18 8303
96 19 26995
96 20 39752
96 21 21046
96 22 23585
96 23 24428
96 24 39169
96 25 35276
96 26 19440
96 27 15633
96 28 19383
96 29 38056
96 30 31362
96 31 19202
96 32 34200
96 33 36544
96 34 41061
96 35 48983
96 36 31616
96 37 4866
96 38 16433
96 39 31954
96 40 15782
96 41 23832
96 42 8290
96 43 14053
96 44 11602
96 45 11070
96 46 18887
96 47 22280
96 48 16411
96 49 31654
96 50 27982
96 51 35694
96 52 14810
96 53 14049
96 54 30040
96 55 33530
96 56 28684
96 57 14217
96 58 9501
96 59 -2634
96 60 7035
96 61 3313
96 62 24378
96 63 36802
96 64 30279
96 65 45475
96 66 35073
96 67 30878
96 68 27075
96 69 23448
96 70 29866
96 71 44624
96 72 21224
96 73 20791
96 74 24038
96 75 26063
96 76 27767
96 77 30755
96 78 40884
96 79 34226
96 80 33325
96 81 34927
96 82 14196
96 83 7368
96 84 6505
96 85 -938
96 86 6651
96 87 4001
96 88 22172
96 89 6082
96 90 38682
96 91 7672
96 92 3477
96 93 361
96 94 -221
96 95 -132
96 97 3581
96 98 4123
96 99 621
96 100 3976
96 101 27055
96 102 26392
96 103 39882
96 104 626
96 105 15169
96 106 15975
96 107 28520
96 108 29253
96 109 26680
96 110 26001
96 111 21030
96 112 6233
96 113 7123
96 114 11585
96 115 14132
96 116 29323
96 117 4866
96 118 -972
96 119 11429
96 120 36956
96 121 36180
96 122 31755
96 123 23347
96 124 22658
96 125 10346
96 126 35839
96 127 18722
96 128 39171
96 129 39868
96 130 30536
96 131 36337
96 132 22385
96 133 24022
96 134 29466
96 135 46575
96 136 53616
96 137 8463
96 138 22267
96 139 33298
96 140 15680
96 141 8075
96 142 12890
96 143 31546
96 144 8486
96 145 16960
96 146 14720
96 147 1936
96 148 22454
96 149 20731
96 150 32293
96 151 5818
97 1 29571
97 2 7470
97 3 34281
97 4 22270
97 5 6535
97 6 8407
97 7 25440
97 8 23813
97 9 40953
97 10 33413
97 11 38019
97 12 24445
97 13 2049
97 14 6967
97 15 6807
97 16 8163
97 17 16851
97 18 14797
97 19 33523
97 20 43666
97 21 17029
97 22 17809
97 23 18767
97 24 37810
97 25 31722
97 26 18177
97 27 18719
97 28 20539
97 29 37752
97 30 35557
97 31 24206
97 32 39265
97 33 38492
97 34 42246
97 35 51219
97 36 38305
97 37 2685
97 38 14242
97 39 27240
97 40 13195
97 41 17571
97 42 2212
97 43 8143
97 44 10225
97 45 17149
97 46 25355
97 47 28988
97 48 23082
97 49 38338
97 50 30025
97 51 38686
97 52 20138
97 53 14145
97 54 27968
97 55 30388
97 56 23657
97 57 7591
97 58 7548
97 59 -796
97 60 13697
97 61 6215
97 62 30328
97 63 42547
97 64 36677
97 65 48563
97 66 39005
97 67 25732
97 68 26866
97 69 27084
97 70 34216
97 71 47576
97 72 16472
97 73 16041
97 74 18725
97 75 20678
97 76 28770
97 77 31478
97 78 42067
97 79 35278
97 80 32771
97 81 36887
97 82 20863
97 83 13978
97 84 12005
97 85 307
97 86 7739
97 87 -2573
97 88 27870
97 89 11174
97 90 44072
97 91 7240
97 92 1639
97 93 2977
97 94 1862
97 95 -1375
97 96 4841
97 98 3415
97 99 5456
97 100 1743
97 101 31142
97 102 28442
97 103 43022
97 104 5461
97 105 14414
97 106 22256
97 107 34929
97 108 34551
97 109 25633
97 110 22387
97 111 22866
97 112 8467
97 113 10402
97 114 18255
97 115 8411
97 116 29818
97 117 1291
97 118 5640
97 119 9208
97 120 39119
97 121 36004
97 122 35511
97 123 29861
97 124 29360
97 125 16504
97 126 41578
97 127 23709
97 128 43390
97 129 40829
97 130 28077
97 131 41216
97 132 25724
97 133 18318
97 134 27954
97 135 48734
97 136 56143
97 137 4354
97 138 22328
97 139 28926
97 140 13661
97 141 7979
97 142 7566
97 143 38251
97 144 1874
97 145 10722
97 146 18413
97 147 7105
97 148 28294
97 149 18754
97 150 31739
97 151 7759
98 1 32931
98 2 13192
98 3 39129
98 4 28267
98 5 2930
98 6 10224
98 7 25029
98 8 20956
98 9 44824
98 10 34616
98 11 37747
98 12 29807
98 13 7351
98 14 3806
98 15 9460
98 16 2185
98 17 11562
98 18 14176
98 19 32466
98 20 46442
98 21 23023
98 22 23215
98 23 24162
98 24 43514
98 25 37721
98 26 23759
98 27 22087
98 28 25115
98 29 43117
98 30 38066
98 31 25873
98 32 40830
98 33 42730
98 34 46949
98 35 55306
98 36 35572
98 37 -1000
98 38 9890
98 39 33077
98 40 19049
98 41 22474
98 42 3453
98 43 8471
98 44 5203
98 45 13055
98 46 21793
98 47 26766
98 48 21415
98 49 36408
98 50 34176
98 51 42218
98 52 21456
98 53 19116
98 54 33816
98 55 36380
98 56 29417
98 57 12000
98 58 13185
98 59 -2190
98 60 11586
98 61 489
98 62 30650
98 63 43167
98 64 35934
98 65 52049
98 66 41767
98 67 31384
98 68 32165
98 69 30071
98 70 36573
98 71 51157
98 72 22354
98 73 21943
98 74 24413
98 75 26301
98 76 33500
98 77 36366
98 78 46761
98 79 40024
98 80 38196
98 81 41125
98 82 19312
98 83 11325
98 84 7606
98 85 -5586
98 86 1823
98 87 2671
98 88 28634
98 89 12790
98 90 45221
98 91 1514
98 92 1639
98 93 -1477
98 94 4999
98 95 2333
98 96 4841
98 97 2873
98 99 3484
98 100 -2711
98 101 33747
98 102 32601
98 103 46451
98 104 3489
98 105 19768
98 106 22027
98 107 34222
98 108 35834
98 109 31200
98 110 28387
98 111 27097
98 112 12216
98 113 4566
98 114 15693
98 115 14048
98 116 34805
98 117 6709
98 118 3384
98 119 4786
98 120 43239
98 121 41314
98 122 38419
98 123 28878
98 124 26899
98 125 12554
98 126 42211
98 127 25405
98 128 45878
98 129 45625
98 130 33995
98 131 43003
98 132 28947
98 133 23766
98 134 33688
98 135 52869
98 136 60037
98 137 10321
98 138 27445
98 139 34848
98 140 9179
98 141 2304
98 142 7041
98 143 36049
98 144 6594
98 145 15743
98 146 21304
98 147 8635
98 148 28819
98 149 24545
98 150 37164
98 151 11814
99 1 28467
99 2 14193
99 3 35687
99 4 27764
99 5 -516
99 6 5810
99 7 20012
99 8 16909
99 9 40544
99 10 29534
99 11 32736
99 12 27113
99 13 5696
99 14 8864
99 15 13303
99 16 4792
99 17 10443
99 18 9150
99 19 27627
99 20 41659
99 21 22714
99 22 24666
99 23 25584
99 24 41322
99 25 37108
99 26 21563
99 27 17766
99 28 21619
99 29 40277
99 30 33218
99 31 20862
99 32 35775
99 33 38731
99 34 43283
99 35 51133
99 36 31499
99 37 3586
99 38 14437
99 39 33480
99 40 17696
99 41 24617
99 42 7717
99 43 13227
99 44 9573
99 45 10093
99 46 18312
99 47 22389
99 48 16766
99 49 31915
99 50 30171
99 51 37770
99 52 16432
99 53 16245
99 54 32104
99 55 35440
99 56 30093
99 57 14628
99 58 11465
99 59 -3560
99 60 6977
99 61 1119
99 62 25563
99 63 38071
99 64 31036
99 65 47512
99 66 36961
99 67 32266
99 68 29294
99 69 25467
99 70 31698
99 71 46690
99 72 22703
99 73 22257
99 74 25322
99 75 27328
99 76 30001
99 77 32990
99 78 43108
99 79 36455
99 80 35528
99 81 37111
99 82 14593
99 83 7092
99 84 5096
99 85 -3091
99 86 4415
99 87 4498
99 88 23537
99 89 7955
99 90 40132
99 91 5644
99 92 2949
99 93 -1811
99 94 1862
99 95 1010
99 96 369
99 97 3944
99 98 2514
99 100 2373
99 101 28964
99 102 28578
99 103 41927
99 104 -1610
99 105 17317
99 106 16974
99 107 29295
99 108 30757
99 109 28843
99 110 27788
99 111 23244
99 112 8467
99 113 5039
99 114 11446
99 115 15196
99 116 31558
99 117 6079
99 118 -1166
99 119 9551
99 120 39119
99 121 38404
99 122 33712
99 123 24010
99 124 22641
99 125 9437
99 126 37114
99 127 20416
99 128 41005
99 129 42100
99 130 32549
99 131 37978
99 132 24453
99 133 25140
99 134 31600
99 135 48734
99 136 55733
99 137 9932
99 138 24486
99 139 34923
99 140 13661
99 141 5909
99 142 11892
99 143 31680
99 144 8930
99 145 17757
99 146 16792
99 147 3915
99 148 23722
99 149 22783
99 150 34496
99 151 8047
100 1 35923
100 2 13729
100 3 41666
100 4 29307
100 5 5450
100 6 13299
100 7 28074
100 8 23435
100 9 47722
100 10 37775
100 11 40779
100 12 32027
100 13 9538
100 14 645
100 15 7736
100 16 1376
100 17 12611
100 18 17241
100 19 35368
100 20 49537
100 21 24078
100 22 23144
100 23 23984
100 24 45411
100 25 38753
100 26 25792
100 27 25051
100 28 27745
100 29 45342
100 30 41185
100 31 29032
100 32 43993
100 33 45514
100 34 49564
100 35 58150
100 36 37972
100 37 414
100 38 7015
100 39 33527
100 40 20758
100 41 21949
100 42 1642
100 43 5843
100 44 2635
100 45 14978
100 46 23887
100 47 29372
100 48 24206
100 49 39063
100 50 36978
100 51 45190
100 52 24618
100 53 21547
100 54 35505
100 55 37612
100 56 29757
100 57 11421
100 58 15163
100 59 912
100 60 14464
100 61 1358
100 62 33761
100 63 46293
100 64 38867
100 65 55044
100 66 44869
100 67 31483
100 68 34436
100 69 33118
100 70 39701
100 71 54128
100 72 22980
100 73 22644
100 74 24696
100 75 26458
100 76 36085
100 77 38881
100 78 49377
100 79 42613
100 80 40370
100 81 43913
100 82 22161
100 83 13978
100 84 9565
100 85 -4276
100 86 526
100 87 3184
100 88 31782
100 89 15926
100 90 48377
100 91 204
100 92 4134
100 93 1361
100 94 7821
100 95 4845
100 96 7982
100 97 4489
100 98 577
100 99 6631
100 101 36849
100 102 35405
100 103 49449
100 104 6636
100 105 21981
100 106 25105
100 107 37185
100 108 38994
100 109 33248
100 110 29523
100 111 29859
100 112 15042
100 113 4771
100 114 18296
100 115 14439
100 116 37266
100 117 8759
100 118 6251
100 119 1857
100 120 46067
100 121 43580
100 122 41492
100 123 31804
100 124 29445
100 125 14570
100 126 45339
100 127 28561
100 128 49003
100 129 48191
100 130 35536
100 131 46163
100 132 31955
100 133 23731
100 134 35548
100 135 55697
100 136 62937
100 137 11843
100 138 29821
100 139 35511
100 140 6353
100 141 517
100 142 4405
100 143 38629
100 144 6433
100 145 15390
100 146 24339
100 147 11757
100 148 31950
100 149 26335
100 150 39338
100 151 14596
101 1 2322
101 2 31757
101 3 15175
101 4 28968
101 5 24194
101 6 24467
101 7 13129
101 8 25646
101 9 11447
101 10 4724
101 11 15137
101 12 17193
101 13 23539
101 14 39514
101 15 37562
101 16 34999
101 17 33752
101 18 15959
101 19 16670
101 20 10598
101 21 29989
101 22 37739
101 23 35096
101 24 28188
101 25 34231
101 26 19654
101 27 9414
101 28 13436
101 29 22250
101 30 2316
101 31 -1369
101 32 7351
101 33 12719
101 34 17908
101 35 22150
101 36 28931
101 37 33821
101 38 45489
101 39 37242
101 40 24837
101 41 40825
101 42 35216
101 43 40993
101 44 40616
101 45 25669
101 46 25115
101 47 19353
101 48 13840
101 49 22529
101 50 7146
101 51 8000
101 52 11501
101 53 19525
101 54 25463
101 55 31284
101 56 37327
101 57 36500
101 58 21484
101 59 26453
101 60 25340
101 61 30410
101 62 7632
101 63 14228
101 64 13093
101 65 16799
101 66 5921
101 67 36546
101 68 14041
101 69 3448
101 70 1216
101 71 16329
101 72 31274
101 73 32318
101 74 36278
101 75 37398
101 76 12500
101 77 14227
101 78 18559
101 79 13805
101 80 22092
101 81 10400
101 82 15567
101 83 22021
101 84 28222
101 85 27872
101 86 33907
101 87 28355
101 88 7854
101 89 17386
101 90 13837
101 91 36703
101 92 32018
101 93 29199
101 94 23092
101 95 26088
101 96 27288
101 97 30115
101 98 33262
101 99 29449
101 100 33076
101 102 3933
101 103 11457
101 104 29454
101 105 19125
101 106 12713
101 107 14999
101 108 4776
101 109 20293
101 110 30402
101 111 8700
101 112 16818
101 113 31875
101 114 20483
101 115 32342
101 116 14818
101 117 29139
101 118 18804
101 119 40579
101 120 11082
101 121 20386
101 122 2770
101 123 14340
101 124 23005
101 125 24851
101 126 13403
101 127 4312
101 128 10149
101 129 19569
101 130 27186
101 131 8739
101 132 3629
101 133 37564
101 134 20617
101 135 20074
101 136 25986
101 137 27697
101 138 16703
101 139 37447
101 140 44697
101 141 36659
101 142 40805
101 143 25003
101 144 31720
101 145 34966
101 146 13028
101 147 19429
101 148 6663
101 149 21113
101 150 21060
101 151 7671
102 1 5322
102 2 31628
102 3 3073
102 4 21867
102 5 32030
102 6 30017
102 7 25029
102 8 36645
102 9 4279
102 10 16048
102 11 26857
102 12 9828
102 13 26256
102 14 43841
102 15 37971
102 16 41730
102 17 42846
102 18 25514
102 19 28996
102 20 11826
102 21 26279
102 22 34189
102 23 29174
102 24 16691
102 25 24831
102 26 15661
102 27 13891
102 28 12334
102 29 10011
102 30 7985
102 31 10879
102 32 14647
102 33 1719
102 34 6836
102 35 14341
102 36 41298
102 37 38598
102 38 50855
102 39 29702
102 40 23303
102 41 38127
102 42 37811
102 43 42871
102 44 46235
102 45 36039
102 46 36898
102 47 31671
102 48 25965
102 49 34654
102 50 -1206
102 51 3584
102 52 20851
102 53 20158
102 54 16524
102 55 21865
102 56 31462
102 57 36908
102 58 21885
102 59 31741
102 60 33774
102 61 37527
102 62 19885
102 63 24237
102 64 23836
102 65 12315
102 66 5734
102 67 28327
102 68 3226
102 69 10614
102 70 11108
102 71 11333
102 72 26972
102 73 29013
102 74 32378
102 75 32678
102 76 3880
102 77 3080
102 78 6928
102 79 1471
102 80 11777
102 81 99
102 82 27065
102 83 31562
102 84 36848
102 85 33890
102 86 41170
102 87 30627
102 88 20049
102 89 24064
102 90 23138
102 91 42385
102 92 36661
102 93 35186
102 94 27607
102 95 30280
102 96 32961
102 97 33751
102 98 38452
102 99 35399
102 100 37968
102 101 10269
102 103 7545
102 104 35404
102 105 17945
102 106 24021
102 107 27102
102 108 15318
102 109 12365
102 110 24458
102 111 7247
102 112 20696
102 113 40126
102 114 31213
102 115 31796
102 116 4761
102 117 32522
102 118 26995
102 119 45698
102 120 2243
102 121 8225
102 122 6329
102 123 26709
102 124 35115
102 125 35162
102 126 23604
102 127 15276
102 128 12968
102 129 7246
102 130 18306
102 131 15063
102 132 8948
102 133 33726
102 134 10007
102 135 11866
102 136 19335
102 137 29189
102 138 12475
102 139 29841
102 140 50183
102 141 42903
102 142 43871
102 143 37314
102 144 33013
102 145 33180
102 146 18823
102 147 25516
102 148 19033
102 149 15736
102 150 10745
102 151 10353
103 1 15923
103 2 46680
103 3 15097
103 4 36355
103 5 43330
103 6 42824
103 7 30940
103 8 44143
103 9 -3251
103 10 16455
103 11 25752
103 12 24861
103 13 40423
103 14 57561
103 15 53012
103 16 53958
103 17 52928
103 18 35150
103 19 30477
103 20 2405
103 21 41557
103 22 49436
103 23 43843
103 24 27211
103 25 37590
103 26 30958
103 27 26659
103 28 27067
103 29 18518
103 30 6421
103 31 16818
103 32 7954
103 33 8761
103 34 5559
103 35 4126
103 36 43188
103 37 51992
103 38 64062
103 39 43713
103 40 38475
103 41 53419
103 42 52216
103 43 57575
103 44 59234
103 45 44493
103 46 42385
103 47 34799
103 48 30644
103 49 33817
103 50 13686
103 51 1292
103 52 30697
103 53 34774
103 54 30338
103 55 34785
103 56 46256
103 57 51903
103 58 36696
103 59 44810
103 60 44531
103 61 49442
103 62 21950
103 63 20000
103 64 19008
103 65 -2155
103 66 -8779
103 67 41665
103 68 16337
103 69 21120
103 70 14216
103 71 -2880
103 72 42171
103 73 44301
103 74 47605
103 75 47763
103 76 19084
103 77 16893
103 78 9559
103 79 10172
103 80 25180
103 81 2729
103 82 33725
103 83 41177
103 84 47431
103 85 46569
103 86 53009
103 87 45068
103 88 25490
103 89 36087
103 90 18895
103 91 55300
103 92 50091
103 93 47859
103 94 41001
103 95 43885
103 96 45767
103 97 47647
103 98 51618
103 99 48064
103 100 51328
103 101 17109
103 102 6861
103 104 48069
103 105 32977
103 106 31305
103 107 27188
103 108 14209
103 109 27086
103 110 39399
103 111 21697
103 112 34212
103 113 51080
103 114 39208
103 115 46924
103 116 19217
103 117 46484
103 118 37973
103 119 58989
103 120 -1989
103 121 17626
103 122 7906
103 123 29427
103 124 39612
103 125 43716
103 126 19853
103 127 23453
103 128 3481
103 129 15279
103 130 32019
103 131 7550
103 132 20350
103 133 48943
103 134 22287
103 135 2811
103 136 7005
103 137 43802
103 138 27748
103 139 43898
103 140 63314
103 141 55487
103 142 58127
103 143 37827
103 144 47776
103 145 48461
103 146 31116
103 147 37974
103 148 22754
103 149 30934
103 150 24148
103 151 24169
104 1 28467
104 2 14193
104 3 35687
104 4 27764
104 5 -516
104 6 5810
104 7 20012
104 8 16909
104 9 40544
104 10 29534
104 11 32736
104 12 27113
104 13 5696
104 14 8864
104 15 13303
104 16 4792
104 17 10443
104 18 9150
104 19 27627
104 20 41659
104 21 22714
104 22 24666
104 23 25584
104 24 41322
104 25 37108
104 26 21563
104 27 17766
104 28 21619
104 29 40277
104 30 33218
104 31 20862
104 32 35775
104 33 38731
104 34 43283
104 35 51133
104 36 31499
104 37 3586
104 38 14437
104 39 33480
104 40 17696
104 41 24617
104 42 7717
104 43 13227
104 44 9573
104 45 10093
104 46 18312
104 47 22389
104 48 16766
104 49 31915
104 50 30171
104 51 37770
104 52 16432
104 53 16245
104 54 32104
104 55 35440
104 56 30093
104 57 14628
104 58 11465
104 59 -3560
104 60 6977
104 61 1119
104 62 25563
104 63 38071
104 64 31036
104 65 47512
104 66 36961
104 67 32266
104 68 29294
104 69 25467
104 70 31698
104 71 46690
104 72 22703
104 73 22257
104 74 25322
104 75 27328
104 76 30001
104 77 32990
104 78 43108
104 79 36455
104 80 35528
104 81 37111
104 82 14593
104 83 7092
104 84 5096
104 85 -3091
104 86 4415
104 87 4498
104 88 23537
104 89 7955
104 90 40132
104 91 5644
104 92 2949
104 93 -1811
104 94 1862
104 95 1010
104 96 369
104 97 3944
104 98 2514
104 99 -1615
104 100 2373
104 101 28964
104 102 28578
104 103 41927
104 105 17317
104 106 16974
104 107 29295
104 108 30757
104 109 28843
104 110 27788
104 111 23244
104 112 8467
104 113 5039
104 114 11446
104 115 15196
104 116 31558
104 117 6079
104 118 -1166
104 119 9551
104 120 39119
104 121 38404
104 122 33712
104 123 24010
104 124 22641
104 125 9437
104 126 37114
104 127 20416
104 128 41005
104 129 42100
104 130 32549
104 131 37978
104 132 24453
104 133 25140
104 134 31600
104 135 48734
104 136 55733
104 137 9932
104 138 24486
104 139 34923
104 140 13661
104 141 5909
104 142 11892
104 143 31680
104 144 8930
104 145 17757
104 146 16792
104 147 3915
104 148 23722
104 149 22783
104 150 34496
104 151 8047
105 1 16348
105 2 10628
105 3 17075
105 4 10281
105 5 18081
105 6 14407
105 7 24296
105 8 29882
105 9 25290
105 10 25717
105 11 34047
105 12 6972
105 13 6826
105 14 24117
105 15 16970
105 16 24753
105 17 29919
105 18 17511
105 19 32312
105 20 30689
105 21 8184
105 22 15600
105 23 13922
105 24 20926
105 25 18636
105 26 1245
105 27 8428
105 28 4983
105 29 20291
105 30 23772
105 31 16401
105 32 29553
105 33 22273
105 34 25103
105 35 34962
105 36 41443
105 37 19947
105 38 31642
105 39 18008
105 40 2671
105 41 18635
105 42 17240
105 43 21938
105 44 27694
105 45 26582
105 46 31935
105 47 31309
105 48 24668
105 49 38633
105 50 14351
105 51 23995
105 52 16432
105 53 1687
105 54 12012
105 55 16377
105 56 16450
105 57 15887
105 58 1122
105 59 14129
105 60 21778
105 61 21509
105 62 25563
105 63 35615
105 64 33026
105 65 33338
105 66 25666
105 67 17585
105 68 9377
105 69 15711
105 70 23389
105 71 32346
105 72 9563
105 73 10226
105 74 14281
105 75 15702
105 76 11880
105 77 14254
105 78 24973
105 79 18168
105 80 15349
105 81 20591
105 82 23238
105 83 21488
105 84 23817
105 85 16550
105 86 24473
105 87 10155
105 88 22931
105 89 12004
105 90 35761
105 91 24355
105 92 18175
105 93 18165
105 94 10097
105 95 11780
105 96 16381
105 97 14366
105 98 20262
105 99 18781
105 100 19187
105 101 20104
105 102 12588
105 103 28304
105 104 18786
105 106 21445
105 107 32398
105 108 26356
105 109 8455
105 110 10600
105 111 7797
105 112 5157
105 113 25361
105 114 24020
105 115 10888
105 116 12496
105 117 13228
105 118 14413
105 119 26692
105 120 22958
105 121 18520
105 122 22773
105 123 28878
105 124 32838
105 125 25701
105 126 34697
105 127 16841
105 128 31115
105 129 23647
105 130 12784
105 131 30854
105 132 13671
105 133 15492
105 134 11220
105 135 32422
105 136 40199
105 137 8597
105 138 4986
105 139 18608
105 140 31099
105 141 25151
105 142 23447
105 143 39622
105 144 12092
105 145 12943
105 146 11142
105 147 11238
105 148 23449
105 149 2958
105 150 14317
105 151 -2375
106 1 17422
106 2 29806
106 3 29921
106 4 35670
106 5 11109
106 6 16871
106 7 -826
106 8 8891
106 9 28150
106 10 9905
106 11 11764
106 12 27177
106 13 19416
106 14 29584
106 15 32997
106 16 22285
106 17 18264
106 18 2221
106 19 7579
106 20 25334
106 21 33129
106 22 39086
106 23 38804
106 24 41038
106 25 43334
106 26 25656
106 27 12900
106 28 20273
106 29 36748
106 30 16794
106 31 3811
106 32 16311
106 33 29107
106 34 34469
106 35 38776
106 36 16050
106 37 24605
106 38 33574
106 39 43503
106 40 26740
106 41 40725
106 42 28285
106 43 34077
106 44 29055
106 45 9147
106 46 8913
106 47 5889
106 48 -726
106 49 13450
106 50 21966
106 51 24667
106 52 5258
106 53 21152
106 54 35232
106 55 40709
106 56 41670
106 57 32877
106 58 21272
106 59 17204
106 60 12034
106 61 17571
106 62 4716
106 63 17309
106 64 10385
106 65 32248
106 66 19944
106 67 43078
106 68 26922
106 69 14448
106 70 15574
106 71 32394
106 72 34371
106 73 34427
106 74 38455
106 75 40285
106 76 25323
106 77 28118
106 78 34870
106 79 29423
106 80 34286
106 81 27002
106 82 -994
106 83 6769
106 84 13668
106 85 16747
106 86 20141
106 87 23017
106 88 3925
106 89 10138
106 90 20043
106 91 25678
106 92 23497
106 93 18556
106 94 16395
106 95 18970
106 96 18158
106 97 23179
106 98 23492
106 99 19409
106 100 23282
106 101 14663
106 102 19635
106 103 27603
106 104 19414
106 105 22416
106 107 8666
106 108 11142
106 109 30101
106 110 36086
106 111 18457
106 112 13965
106 113 17209
106 114 3853
106 115 30766
106 116 27792
106 117 23202
106 118 5778
106 119 29714
106 120 27844
106 121 34764
106 122 18958
106 123 3933
106 124 7933
106 125 8388
106 126 16375
106 127 5305
106 128 23726
106 129 35205
106 130 36595
106 131 18942
106 132 14575
106 133 39265
106 134 32386
106 135 36772
106 136 42335
106 137 24596
106 138 24748
106 139 44080
106 140 32672
106 141 24408
106 142 32861
106 143 14172
106 144 27306
106 145 34064
106 146 12701
106 147 11629
106 148 3238
106 149 27727
106 150 33254
106 151 8993
107 1 25107
107 2 46096
107 3 37910
107 4 49638
107 5 26142
107 6 33363
107 7 9354
107 8 18376
107 9 29867
107 10 7436
107 11 -2658
107 12 39070
107 13 35808
107 14 45139
107 15 49483
107 16 36696
107 17 30033
107 18 18345
107 19 -3133
107 20 23405
107 21 48317
107 22 54926
107 23 54107
107 24 51001
107 25 56154
107 26 39523
107 27 26454
107 28 33296
107 29 44936
107 30 16967
107 31 10435
107 32 9208
107 33 34362
107 34 38410
107 35 39124
107 36 8325
107 37 40691
107 38 47858
107 39 57809
107 40 42089
107 41 56875
107 42 44635
107 43 50331
107 44 43939
107 45 18967
107 46 11100
107 47 1480
107 48 1545
107 49 -274
107 50 29966
107 51 26972
107 52 20408
107 53 36261
107 54 47481
107 55 53294
107 56 56672
107 57 49349
107 58 37058
107 59 33409
107 60 27433
107 61 32192
107 62 1916
107 63 6167
107 64 -6067
107 65 28571
107 66 15260
107 67 57365
107 68 36812
107 69 24060
107 70 18406
107 71 31028
107 72 49669
107 73 49964
107 74 54054
107 75 55735
107 76 35155
107 77 37052
107 78 39913
107 79 36129
107 80 44757
107 81 31340
107 82 9131
107 83 20735
107 84 27358
107 85 32264
107 86 33366
107 87 39509
107 88 11067
107 89 26549
107 90 12242
107 91 41087
107 92 39781
107 93 34374
107 94 32887
107 95 35437
107 96 34479
107 97 39628
107 98 39463
107 99 35506
107 100 39138
107 101 20725
107 102 26492
107 103 27262
107 104 35511
107 105 37145
107 106 12442
107 108 7150
107 109 42184
107 110 50424
107 111 29919
107 112 29952
107 113 29856
107 114 15144
107 115 47023
107 116 37557
107 117 39694
107 118 21218
107 119 44946
107 120 30512
107 121 43119
107 122 21409
107 123 -1164
107 124 8218
107 125 18671
107 126 5715
107 127 16099
107 128 20300
107 129 41849
107 130 49098
107 131 12620
107 132 24565
107 133 55026
107 134 43261
107 135 37761
107 136 41312
107 137 40941
107 138 37513
107 139 58182
107 140 46910
107 141 38985
107 142 49012
107 143 2869
107 144 43793
107 145 50303
107 146 27402
107 147 28121
107 148 5608
107 149 41467
107 150 43725
107 151 23841
108 1 13723
108 2 41877
108 3 25273
108 4 40627
108 5 28858
108 6 31965
108 7 12291
108 8 25506
108 9 15832
108 10 -3670
108 11 5138
108 12 28807
108 13 32660
108 14 46507
108 15 47053
108 16 40087
108 17 36150
108 18 19747
108 19 9386
108 20 9652
108 21 41276
108 22 48836
108 23 46614
108 24 38848
108 25 45747
108 26 31173
108 27 19609
108 28 24838
108 29 32046
108 30 2992
108 31 2631
108 32 -1704
108 33 20885
108 34 24461
108 35 25221
108 36 22097
108 37 41003
108 38 51280
108 39 48902
108 40 35750
108 41 51637
108 42 43645
108 43 49572
108 44 46573
108 45 26309
108 46 22089
108 47 13848
108 48 10431
108 49 13353
108 50 17898
108 51 13023
108 52 17463
108 53 30100
108 54 36995
108 55 42783
108 56 48872
108 57 46199
108 58 31811
108 59 33498
108 60 29738
108 61 35358
108 62 1376
108 63 2567
108 64 1723
108 65 15882
108 66 2829
108 67 48205
108 68 24990
108 69 14603
108 70 5701
108 71 17400
108 72 42614
108 73 43465
108 74 47498
108 75 48761
108 76 23787
108 77 24938
108 78 26182
108 79 22939
108 80 33240
108 81 17587
108 82 14938
108 83 24794
108 84 31692
108 85 33972
108 86 38150
108 87 37286
108 88 8034
108 89 24597
108 90 2682
108 91 42922
108 92 39477
108 93 35523
108 94 31134
108 95 34096
108 96 34272
108 97 38310
108 98 40135
108 99 36028
108 100 40007
108 101 9562
108 102 13768
108 103 13343
108 104 36033
108 105 30163
108 106 13978
108 107 6210
108 109 31891
108 110 42005
108 111 20324
108 112 25937
108 113 35228
108 114 21143
108 115 42599
108 116 25915
108 117 37668
108 118 23420
108 119 46988
108 120 16507
108 121 30352
108 122 7782
108 123 8564
108 124 19085
108 125 25686
108 126 1746
108 127 10286
108 128 6994
108 129 28605
108 130 38740
108 131 959
108 132 15010
108 133 48731
108 134 31732
108 135 23777
108 136 27679
108 137 37295
108 138 28329
108 139 49109
108 140 50402
108 141 42114
108 142 48814
108 143 16904
108 144 41075
108 145 45530
108 146 22122
108 147 26699
108 148 3514
108 149 32725
108 150 32208
108 151 17849
109 1 16738
109 2 20045
109 3 8231
109 4 5595
109 5 30202
109 6 26573
109 7 32247
109 8 40360
109 9 18915
109 10 28922
109 11 38991
109 12 -1380
109 13 19055
109 14 35667
109 15 25653
109 16 37096
109 17 42015
109 18 27907
109 19 39065
109 20 28091
109 21 11769
109 22 19026
109 23 12927
109 24 8584
109 25 10095
109 26 3861
109 27 15633
109 28 9617
109 29 8458
109 30 23319
109 31 20951
109 32 30046
109 33 15745
109 34 15302
109 35 26919
109 36 49852
109 37 32126
109 38 43338
109 39 13573
109 40 12093
109 41 23405
109 42 28157
109 43 31757
109 44 39761
109 45 37925
109 46 42089
109 47 39727
109 48 33222
109 49 45444
109 50 10832
109 51 19763
109 52 24973
109 53 13658
109 54 1386
109 55 7201
109 56 15270
109 57 25189
109 58 12929
109 59 26484
109 60 33447
109 61 33873
109 62 30851
109 63 38334
109 64 37280
109 65 26566
109 66 21846
109 67 12553
109 68 -1770
109 69 18966
109 70 24675
109 71 26072
109 72 11631
109 73 14514
109 74 17134
109 75 16882
109 76 6367
109 77 5919
109 78 15583
109 79 9220
109 80 3542
109 81 13502
109 82 32566
109 83 32772
109 84 35849
109 85 28895
109 86 36815
109 87 21486
109 88 29056
109 89 23215
109 90 37644
109 91 36602
109 92 30430
109 93 30532
109 94 22462
109 95 24085
109 96 28727
109 97 26420
109 98 32529
109 99 31142
109 100 31289
109 101 22107
109 102 7843
109 103 23248
109 104 31147
109 105 9290
109 106 29965
109 107 38272
109 108 28919
109 110 8429
109 111 9423
109 112 16961
109 113 37682
109 114 34557
109 115 19673
109 116 4217
109 117 25389
109 118 26218
109 119 38615
109 120 15696
109 121 6914
109 122 21699
109 123 36020
109 124 41932
109 125 37022
109 126 37547
109 127 22877
109 128 29165
109 129 14346
109 130 3021
109 131 30739
109 132 16651
109 133 18381
109 134 -993
109 135 24384
109 136 32565
109 137 20108
109 138 5195
109 139 13714
109 140 42864
109 141 37399
109 142 34462
109 143 47130
109 144 22489
109 145 19338
109 146 19981
109 147 23124
109 148 29122
109 149 1115
109 150 2510
109 151 7671
110 1 27054
110 2 13192
110 3 20193
110 4 -3624
110 5 30189
110 6 26921
110 7 38462
110 8 43716
110 9 30954
110 10 38388
110 11 47560
110 12 9828
110 13 17024
110 14 29744
110 15 16445
110 16 34142
110 17 41791
110 18 31509
110 19 46336
110 20 39741
110 21 3087
110 22 7514
110 23 1259
110 24 15230
110 25 5746
110 26 7062
110 27 22087
110 28 16780
110 29 18156
110 30 34294
110 31 29523
110 32 40830
110 33 27783
110 34 26518
110 35 38688
110 36 55654
110 37 28602
110 38 37333
110 39 3829
110 40 9376
110 41 12191
110 42 21617
110 43 23319
110 44 35181
110 45 39758
110 46 45833
110 47 45522
110 48 38881
110 49 52712
110 50 22272
110 51 31638
110 52 30605
110 53 15730
110 54 4983
110 55 4501
110 56 3466
110 57 17213
110 58 11276
110 59 24354
110 60 34834
110 61 31988
110 62 39118
110 63 48171
110 64 46364
110 65 38514
110 66 33772
110 67 3415
110 68 9701
110 69 27978
110 70 34912
110 71 38098
110 72 314
110 73 4687
110 74 5687
110 75 4876
110 76 17975
110 77 17960
110 78 27132
110 79 21068
110 80 14648
110 81 25531
110 82 37413
110 83 34873
110 84 36031
110 85 26266
110 86 33622
110 87 16379
110 88 36679
110 89 25791
110 90 47842
110 91 33098
110 92 27494
110 93 28497
110 94 21489
110 95 21798
110 96 27747
110 97 22873
110 98 29415
110 99 29786
110 100 27263
110 101 31915
110 102 19635
110 103 35260
110 104 29791
110 105 11134
110 106 35649
110 107 46211
110 108 38732
110 109 8128
110 111 18549
110 112 18762
110 113 36180
110 114 37851
110 115 12139
110 116 16242
110 117 22546
110 118 27274
110 119 33619
110 120 27684
110 121 17167
110 122 32807
110 123 42963
110 124 47014
110 125 38915
110 126 47308
110 127 30455
110 128 40684
110 129 26084
110 130 3756
110 131 41739
110 132 25724
110 133 6694
110 134 5627
110 135 36178
110 136 44399
110 137 16309
110 138 13147
110 139 4401
110 140 37045
110 141 33650
110 142 27814
110 143 53795
110 144 15904
110 145 9197
110 146 25273
110 147 24336
110 148 37096
110 149 2328
110 150 13616
110 151 11814
111 1 5384
111 2 21700
111 3 9463
111 4 16951
111 5 22236
111 6 19655
111 7 19782
111 8 29248
111 9 14771
111 10 16566
111 11 26294
111 12 5792
111 13 15646
111 14 33211
111 15 27991
111 16 31405
111 17 33520
111 18 17173
111 19 26276
111 20 19521
111 21 18217
111 22 26129
111 23 23042
111 24 19201
111 25 22855
111 26 7647
111 27 4319
111 28 2035
111 29 15481
111 30 12877
111 31 8187
111 32 19096
111 33 12275
111 34 16674
111 35 24971
111 36 37311
111 37 28000
111 38 40254
111 39 25233
111 40 13796
111 41 29548
111 42 27289
111 43 32517
111 44 35683
111 45 27779
111 46 30495
111 47 27240
111 48 20856
111 49 32643
111 50 3776
111 51 12969
111 52 13180
111 53 9705
111 54 14192
111 55 19994
111 56 25262
111 57 26865
111 58 11620
111 59 21223
111 60 24395
111 61 27355
111 62 18073
111 63 26270
111 64 24791
111 65 22627
111 66 14491
111 67 24617
111 68 5161
111 69 6258
111 70 13027
111 71 21604
111 72 19406
111 73 20708
111 74 24537
111 75 25484
111 76 3951
111 77 7049
111 78 16513
111 79 9962
111 80 12445
111 81 10674
111 82 20665
111 83 22846
111 84 27373
111 85 23454
111 86 30944
111 87 20110
111 88 16270
111 89 14226
111 90 25913
111 91 31870
111 92 26063
111 93 24772
111 94 17039
111 95 19667
111 96 22546
111 97 23122
111 98 27895
111 99 25012
111 100 27369
111 101 9983
111 102 2194
111 103 17328
111 104 25017
111 105 8101
111 106 17790
111 107 25476
111 108 16821
111 109 8892
111 110 18319
111 112 10150
111 113 30317
111 114 23574
111 115 22038
111 116 6217
111 117 21894
111 118 17467
111 119 35097
111 120 12873
111 121 13485
111 122 11699
111 123 23282
111 124 29740
111 125 26873
111 126 25422
111 127 10142
111 128 20013
111 129 15655
111 130 15796
111 131 20182
111 132 3949
111 133 25868
111 134 10623
111 135 22493
111 136 29922
111 137 18754
111 138 4623
111 139 25465
111 140 39592
111 141 32455
111 142 33304
111 143 34393
111 144 22700
111 145 24063
111 146 9298
111 147 15340
111 148 16317
111 149 9030
111 150 11413
111 151 -226
112 1 17045
112 2 12224
112 3 23157
112 4 19086
112 5 9206
112 6 5732
112 7 17107
112 8 20893
112 9 28627
112 10 22112
112 11 28521
112 12 15027
112 13 2717
112 14 19304
112 15 17063
112 16 17317
112 17 20996
112 18 8751
112 19 25510
112 20 31181
112 21 15443
112 22 21061
112 23 20892
112 24 29563
112 25 27766
112 26 10387
112 27 6192
112 28 9092
112 29 27940
112 30 23183
112 31 12631
112 32 27450
112 33 26451
112 34 30797
112 35 39048
112 36 33339
112 37 13865
112 38 26113
112 39 26329
112 40 9073
112 41 22861
112 42 14347
112 43 20115
112 44 21480
112 45 17364
112 46 23008
112 47 23320
112 48 16747
112 49 31472
112 50 17898
112 51 26207
112 52 9752
112 53 4608
112 54 21156
112 55 25577
112 56 23978
112 57 16214
112 58 3275
112 59 7010
112 60 12575
112 61 13489
112 62 20240
112 63 31721
112 64 27551
112 65 36088
112 66 26511
112 67 25788
112 68 16981
112 69 14603
112 70 21955
112 71 35124
112 72 16538
112 73 16474
112 74 20460
112 75 22337
112 76 17471
112 77 20466
112 78 30615
112 79 23938
112 80 23380
112 81 24847
112 82 14938
112 83 12282
112 84 14825
112 85 9280
112 86 16940
112 87 7502
112 88 17470
112 89 2969
112 90 32682
112 91 17658
112 92 11931
112 93 10625
112 94 2850
112 95 5625
112 96 8429
112 97 9403
112 98 13694
112 99 10915
112 100 13232
112 101 18781
112 102 16323
112 103 30523
112 104 10920
112 105 6141
112 106 13978
112 107 26189
112 108 23114
112 109 17110
112 110 19212
112 111 10830
112 113 16932
112 114 15028
112 115 13091
112 116 19064
112 117 8312
112 118 5254
112 119 20959
112 120 26971
112 121 26033
112 122 23012
112 123 21908
112 124 24485
112 125 16484
112 126 30757
112 127 12281
112 128 30994
112 129 29576
112 130 21995
112 131 29222
112 132 13198
112 133 21238
112 134 20024
112 135 36602
112 136 43840
112 137 7333
112 138 12233
112 139 27158
112 140 25431
112 141 18262
112 142 20027
112 143 32058
112 144 11093
112 145 16327
112 146 6171
112 147 2105
112 148 18064
112 149 12176
112 150 22348
112 151 -4446
113 1 40589
113 2 27748
113 3 49714
113 4 42502
113 5 4261
113 6 20023
113 7 25167
113 8 15868
113 9 52782
113 10 37106
113 11 36456
113 12 41890
113 13 20646
113 14 10129
113 15 22060
113 16 201
113 17 -81
113 18 16363
113 19 29662
113 20 51903
113 21 37315
113 22 37704
113 23 38619
113 24 56259
113 25 51918
113 26 36556
113 27 30789
113 28 35859
113 29 54858
113 30 43269
113 31 30114
113 32 43488
113 33 51792
113 34 56830
113 35 63537
113 36 28156
113 37 13397
113 38 8630
113 39 47616
113 40 32671
113 41 36694
113 42 16179
113 43 18457
113 44 7103
113 45 4692
113 46 13082
113 47 21223
113 48 18000
113 49 30655
113 50 43379
113 51 49584
113 52 26472
113 53 31083
113 54 47137
113 55 50369
113 56 43975
113 57 26156
113 58 26481
113 59 10235
113 60 13433
113 61 -56
113 62 31393
113 63 43698
113 64 32744
113 65 58600
113 66 46849
113 67 45934
113 68 43906
113 69 37281
113 70 41769
113 71 58193
113 72 36864
113 73 36437
113 74 38973
113 75 40852
113 76 44050
113 77 47133
113 78 56728
113 79 50268
113 80 50278
113 81 50090
113 82 17172
113 83 9562
113 84 3285
113 85 2654
113 86 -6403
113 87 17226
113 88 31059
113 89 20397
113 90 47078
113 91 8704
113 92 15740
113 93 8399
113 94 16874
113 95 15650
113 96 15250
113 97 17269
113 98 11975
113 99 13418
113 100 8892
113 101 39769
113 102 41684
113 103 53322
113 104 13423
113 105 32276
113 106 23153
113 107 32024
113 108 38336
113 109 43762
113 110 42561
113 111 36928
113 112 22863
113 114 11942
113 115 28608
113 116 45866
113 117 20554
113 118 5640
113 119 9208
113 120 51788
113 121 52941
113 122 44617
113 123 26591
113 124 21171
113 125 4898
113 126 42836
113 127 30221
113 128 50633
113 129 55966
113 130 47574
113 131 46145
113 132 36661
113 133 38269
113 134 46576
113 135 61266
113 136 67723
113 137 24449
113 138 39146
113 139 49319
113 140 7661
113 141 1889
113 142 17793
113 143 29827
113 144 20990
113 145 30080
113 146 29514
113 147 17295
113 148 30350
113 149 37817
113 150 49246
113 151 22177
114 1 27155
114 2 30671
114 3 38967
114 4 40554
114 5 5450
114 6 17099
114 7 7326
114 8 -578
114 9 38364
114 10 19550
114 11 18088
114 12 34431
114 13 20405
114 14 24241
114 15 31190
114 16 15221
114 17 8811
114 18 3396
114 19 11509
114 20 35558
114 21 36665
114 22 40951
114 23 41494
114 24 48891
114 25 49095
114 26 31359
114 27 20335
114 28 27340
114 29 45458
114 30 27059
114 31 14102
114 32 25702
114 33 38921
114 34 44319
114 35 49027
114 36 13619
114 37 20995
114 38 26286
114 39 47705
114 40 30428
114 41 41646
114 42 25468
114 43 30554
114 44 22591
114 45 -1135
114 46 1549
114 47 4638
114 48 -110
114 49 14326
114 50 31321
114 51 34895
114 52 13080
114 53 25838
114 54 41823
114 55 46759
114 56 45050
114 57 32245
114 58 24309
114 59 14329
114 60 7867
114 61 10873
114 62 13314
114 63 25392
114 64 14919
114 65 42477
114 66 30004
114 67 47075
114 68 35121
114 69 23943
114 70 25869
114 71 42688
114 72 37511
114 73 37233
114 74 40941
114 75 42948
114 76 33880
114 77 36881
114 78 44569
114 79 38807
114 80 42168
114 81 36932
114 82 -1163
114 83 -53
114 84 5845
114 85 11648
114 86 11824
114 87 22028
114 88 14059
114 89 12790
114 90 29083
114 91 20237
114 92 20838
114 93 14335
114 94 16297
114 95 17829
114 96 16161
114 97 21571
114 98 19551
114 99 16274
114 100 18866
114 101 24826
114 102 29220
114 103 37899
114 104 16279
114 105 27384
114 106 6246
114 107 13761
114 108 20700
114 109 37086
114 110 40681
114 111 26634
114 112 17408
114 113 8391
114 115 31712
114 116 36229
114 117 22670
114 118 1514
114 119 23803
114 120 37961
114 121 43460
114 122 29240
114 123 8277
114 124 4775
114 125 -1852
114 126 24552
114 127 15224
114 128 33819
114 129 44581
114 130 42920
114 131 28536
114 132 23852
114 133 41301
114 134 39827
114 135 46992
114 136 52628
114 137 25567
114 138 31649
114 139 48604
114 140 25335
114 141 17535
114 142 29103
114 143 13914
114 144 26514
114 145 34787
114 146 19324
114 147 12506
114 148 12679
114 149 33338
114 150 41136
114 151 14596
115 1 30699
115 2 -1886
115 3 30532
115 4 11669
115 5 18320
115 6 17211
115 7 33589
115 8 34669
115 9 39676
115 10 38501
115 11 45282
115 12 19393
115 13 6463
115 14 13941
115 15 2574
115 16 19436
115 17 28934
115 18 23994
115 19 42015
115 20 45154
115 21 6853
115 22 5801
115 23 6721
115 24 30101
115 25 20985
115 26 12888
115 27 21269
115 28 19499
115 29 31668
115 30 37953
115 31 28977
115 32 43243
115 33 36531
115 34 38348
115 35 49027
115 36 48634
115 37 14078
115 38 21524
115 39 15432
115 40 7520
115 41 6365
115 42 5806
115 43 8417
115 44 19653
115 45 28856
115 46 36577
115 47 38904
115 48 32560
115 49 47676
115 50 28860
115 51 38550
115 52 26507
115 53 13558
115 54 19681
115 55 20228
115 56 11710
115 57 1846
115 58 5465
115 59 11204
115 60 24606
115 61 18171
115 62 36995
115 63 48264
115 64 44305
115 65 47754
115 66 40198
115 67 13682
115 68 21499
115 69 29464
115 70 37228
115 71 46797
115 72 4911
115 73 4687
115 74 6693
115 75 8606
115 76 25949
115 77 27775
115 78 38388
115 79 31684
115 80 26885
115 81 34774
115 82 30449
115 83 24976
115 84 23955
115 85 12133
115 86 18588
115 87 1430
115 88 34217
115 89 18609
115 90 48927
115 91 18255
115 92 13709
115 93 15059
115 94 10645
115 95 9226
115 96 15937
115 97 8956
115 98 15135
115 99 17253
115 100 12238
115 101 33914
115 102 27032
115 103 42844
115 104 17258
115 105 11481
115 106 30388
115 107 42869
115 108 39385
115 109 19431
115 110 12198
115 111 22327
115 112 12700
115 113 22286
115 114 28941
115 116 25899
115 117 9865
115 118 16713
115 119 17981
115 120 37158
115 121 30230
115 122 37136
115 123 38371
115 124 39612
115 125 28146
115 126 47308
115 127 28808
115 128 45472
115 129 37024
115 130 19133
115 131 44748
115 132 27613
115 133 6273
115 134 20239
115 135 46473
115 136 54403
115 137 4494
115 138 18939
115 139 17423
115 140 21234
115 141 18474
115 142 12016
115 143 47967
115 144 147
115 145 -374
115 146 22445
115 147 15521
115 148 34816
115 149 11683
115 150 25853
115 151 9580
116 1 10923
116 2 26111
116 3 862
116 4 13466
116 5 31682
116 6 28562
116 7 29254
116 8 39234
116 9 10984
116 10 23163
116 11 33736
116 12 2117
116 13 22849
116 14 40371
116 15 32234
116 16 40087
116 17 43189
116 18 27166
116 19 34854
116 20 20334
116 21 19140
116 22 26764
116 23 20892
116 24 9749
116 25 16408
116 26 9283
116 27 14277
116 28 9617
116 29 5500
116 30 16244
116 31 16338
116 32 22991
116 33 7764
116 34 8853
116 35 19482
116 36 46516
116 37 35861
116 38 47833
116 39 21184
116 40 17671
116 41 30988
116 42 33468
116 43 37834
116 44 43665
116 45 37752
116 46 40375
116 47 36565
116 48 30362
116 49 40982
116 50 3776
116 51 11847
116 52 23127
116 53 16553
116 54 7983
116 55 13430
116 56 23263
116 57 31417
116 58 17397
116 59 29559
116 60 34126
116 61 36336
116 62 26071
116 63 32042
116 64 31415
116 65 18807
116 66 13874
116 67 19788
116 68 -4509
116 69 14603
116 70 18429
116 71 18176
116 72 19406
116 73 21923
116 74 24889
116 75 24828
116 76 42
116 77 -1895
116 78 8772
116 79 2011
116 80 3542
116 81 5631
116 82 30489
116 83 32772
116 84 37002
116 85 31958
116 86 39752
116 87 26426
116 88 25085
116 89 23821
116 90 31104
116 91 40088
116 92 33988
116 93 33374
116 94 25309
116 95 27531
116 96 31239
116 97 30474
116 98 36003
116 99 33726
116 100 35176
116 101 16501
116 102 108
116 103 15248
116 104 33731
116 105 13200
116 106 27525
116 107 33514
116 108 22812
116 109 4086
116 110 16412
116 111 6617
116 112 18784
116 113 39655
116 114 33569
116 115 26010
116 117 29269
116 118 27121
116 119 42796
116 120 7921
116 121 3510
116 122 14567
116 123 32148
116 124 39359
116 125 36845
116 126 31332
116 127 19337
116 128 21508
116 129 7411
116 130 9768
116 131 23504
116 132 12412
116 133 26186
116 134 2049
116 135 16927
116 136 25005
116 137 24869
116 138 7135
116 139 21327
116 140 47261
116 141 40829
116 142 39702
116 143 43153
116 144 28123
116 145 26533
116 146 19200
116 147 24565
116 148 24708
116 149 8313
116 150 2510
116 151 8582
117 1 26852
117 2 6700
117 3 31471
117 4 20413
117 5 6973
117 6 6687
117 7 23905
117 8 23435
117 9 38149
117 10 31215
117 11 36315
117 12 21734
117 13 -748
117 14 9793
117 15 8292
117 16 10393
117 17 18006
117 18 13535
117 19 32158
117 20 41029
117 21 15252
117 22 17188
117 23 18054
117 24 35281
117 25 29828
117 26 15558
117 27 16036
117 28 17711
117 29 35051
117 30 32989
117 31 21906
117 32 36924
117 33 35668
117 34 39427
117 35 48398
117 36 37682
117 37 5202
117 38 17055
117 39 25886
117 40 10824
117 41 17480
117 42 4559
117 43 10428
117 44 12931
117 45 17461
117 46 25242
117 47 28157
117 48 22042
117 49 37302
117 50 27207
117 51 35924
117 52 18047
117 53 11331
117 54 25577
117 55 28335
117 56 22477
117 57 8272
117 58 4952
117 59 287
117 60 13299
117 61 7906
117 62 28442
117 63 40505
117 64 35108
117 65 45795
117 66 36360
117 67 24651
117 68 24140
117 69 24448
117 70 31698
117 71 44800
117 72 15101
117 73 14653
117 74 17724
117 75 19738
117 76 25949
117 77 28671
117 78 39247
117 79 32460
117 80 30087
117 81 34062
117 82 19839
117 83 13667
117 84 12689
117 85 2297
117 86 10063
117 87 -1717
117 88 25871
117 89 9180
117 90 41863
117 91 9691
117 92 3576
117 93 4416
117 94 -98
117 95 -2139
117 96 4536
117 97 -299
117 98 5661
117 99 6001
117 100 4423
117 101 28576
117 102 25623
117 103 40269
117 104 6006
117 105 11686
117 106 20689
117 107 33405
117 108 32319
117 109 23012
117 110 20470
117 111 20048
117 112 5786
117 113 12097
117 114 17764
117 115 7730
117 116 27023
117 118 5360
117 119 11991
117 120 36299
117 121 33285
117 122 32861
117 123 28488
117 124 28675
117 125 16745
117 126 39535
117 127 21429
117 128 40813
117 129 38016
117 130 25793
117 131 38813
117 132 23041
117 133 17633
117 134 25447
117 135 45912
117 136 53334
117 137 2382
117 138 19548
117 139 27386
117 140 16464
117 141 10483
117 142 10179
117 143 37357
117 144 2608
117 145 10610
117 146 15863
117 147 5325
117 148 26356
117 149 16299
117 150 29055
117 151 4976
118 1 26166
118 2 20783
118 3 35712
118 4 32415
118 5 -3313
118 6 7951
118 7 13275
118 8 9393
118 9 38364
118 10 24061
118 11 25876
118 12 28853
118 13 10910
118 14 15188
118 15 20915
118 16 7895
118 17 7288
118 18 2766
118 19 20335
118 20 37855
118 21 27875
118 22 31219
118 23 31969
118 24 43473
118 25 41439
118 26 24405
118 27 16561
118 28 22243
118 29 41312
118 30 29240
118 31 16232
118 32 30483
118 33 37425
118 34 42550
118 35 49117
118 36 23915
118 37 10928
118 38 19093
118 39 38955
118 40 22023
118 41 31617
118 42 15293
118 43 20626
118 44 14498
118 45 3737
118 46 11100
118 47 14776
118 48 9256
118 49 24331
118 50 29072
118 51 35192
118 52 12189
118 53 18625
118 54 35183
118 55 39409
118 56 35923
118 57 21996
118 58 15713
118 59 4053
118 60 -567
118 61 3169
118 62 19276
118 63 31868
118 64 23836
118 65 44380
118 66 32959
118 67 38094
118 68 30478
118 69 22861
118 70 27696
118 71 43868
118 72 28393
118 73 28010
118 74 31481
118 75 33511
118 76 30122
118 77 33232
118 78 42486
118 79 36129
118 80 37090
118 81 35706
118 82 7148
118 83 -438
118 84 1125
118 85 2297
118 86 6375
118 87 11785
118 88 17878
118 89 6358
118 90 34452
118 91 11184
118 92 10560
118 93 4416
118 94 6596
118 95 7667
118 96 5943
118 97 11295
118 98 9581
118 99 6001
118 100 9160
118 101 25486
118 102 27341
118 103 39003
118 104 6006
118 105 20116
118 106 10510
118 107 22174
118 108 25316
118 109 31086
118 110 32443
118 111 22866
118 112 9973
118 113 4428
118 114 3853
118 115 21823
118 116 32120
118 117 12605
118 119 15182
118 120 37371
118 121 39351
118 122 30354
118 123 16774
118 124 15029
118 125 2925
118 126 30936
118 127 16099
118 128 36796
118 129 41849
118 130 35973
118 131 32922
118 132 22244
118 133 31625
118 134 34007
118 135 46844
118 136 53334
118 137 15884
118 138 25986
118 139 40096
118 140 18208
118 141 9919
118 142 19206
118 143 24069
118 144 16268
118 145 24746
118 146 15255
118 147 4167
118 148 17703
118 149 26113
118 150 36058
118 151 8665
119 1 42929
119 2 19061
119 3 48664
119 4 34832
119 5 10198
119 6 20216
119 7 33668
119 8 27336
119 9 54781
119 10 44074
119 11 46205
119 12 38838
119 13 16455
119 14 -4293
119 15 8832
119 16 746
119 17 13707
119 18 23043
119 19 40304
119 20 56391
119 21 29761
119 22 27124
119 23 27522
119 24 51893
119 25 44179
119 26 32480
119 27 32076
119 28 34790
119 29 52127
119 30 47975
119 31 35584
119 32 50400
119 33 52585
119 34 56591
119 35 65220
119 36 41298
119 37 7485
119 38 -56
119 39 38112
119 40 27218
119 41 25162
119 42 4202
119 43 4174
119 44 -3191
119 45 17616
119 46 26575
119 47 33368
119 48 28840
119 49 43087
119 50 44049
119 51 52212
119 52 31153
119 53 28525
119 54 41802
119 55 43325
119 56 34258
119 57 15215
119 58 21885
119 59 7805
119 60 19811
119 61 3918
119 62 39639
119 63 52228
119 64 43822
119 65 62048
119 66 51705
119 67 35377
119 68 41268
119 69 40065
119 70 46460
119 71 61151
119 72 28043
119 73 27882
119 74 29253
119 75 30734
119 76 43108
119 77 45869
119 78 56406
119 79 49632
119 80 47129
119 81 50983
119 82 27065
119 83 18583
119 84 12911
119 85 739
119 86 -3178
119 87 8995
119 88 37964
119 89 22692
119 90 54603
119 91 3367
119 92 11205
119 93 7444
119 94 14884
119 95 11904
119 96 14776
119 97 11295
119 98 7415
119 99 13150
119 100 1198
119 101 43693
119 102 42476
119 103 56451
119 104 13155
119 105 28827
119 106 30878
119 107 42334
119 108 45316
119 109 39915
119 110 35220
119 111 36928
119 112 22110
119 113 4428
119 114 22574
119 115 19523
119 116 44227
119 117 15668
119 118 11614
119 120 53137
119 121 50399
119 122 48396
119 123 36855
119 124 33324
119 125 17455
119 126 51289
119 127 35160
119 128 55768
119 129 55200
119 130 41663
119 131 52665
119 132 38946
119 133 27747
119 134 42007
119 135 62768
119 136 69995
119 137 18307
119 138 36748
119 139 40444
119 140 -709
119 141 -2545
119 142 4405
119 143 42451
119 144 11181
119 145 19091
119 146 31302
119 147 18577
119 148 37975
119 149 32791
119 150 46097
119 151 21667
120 1 15680
120 2 43230
120 3 9015
120 4 30306
120 5 43559
120 6 41928
120 7 33867
120 8 46522
120 9 -5423
120 10 21168
120 11 31392
120 12 19834
120 13 38284
120 14 55882
120 15 49525
120 16 53570
120 17 53978
120 18 36296
120 19 35309
120 20 9226
120 21 36854
120 22 44461
120 23 37805
120 24 19783
120 25 30543
120 26 26708
120 27 25673
120 28 24313
120 29 10922
120 30 10889
120 31 19314
120 32 14831
120 33 3930
120 34 -1708
120 35 2301
120 36 48064
120 37 50624
120 38 62880
120 39 37199
120 40 34792
120 41 48708
120 42 49770
120 43 54693
120 44 58228
120 45 46435
120 46 45789
120 47 39119
120 48 34247
120 49 39614
120 50 10832
120 51 2584
120 52 31588
120 53 32126
120 54 23983
120 55 27846
120 56 40420
120 57 48544
120 58 33740
120 59 43722
120 60 45081
120 61 49273
120 62 26314
120 63 26458
120 64 25889
120 65 1091
120 66 -1266
120 67 34723
120 68 10045
120 69 21273
120 70 17316
120 71 717
120 72 37085
120 73 39637
120 74 42578
120 75 42354
120 76 14769
120 77 11393
120 78 1770
120 79 3409
120 80 18909
120 81 -3239
120 82 36423
120 83 42416
120 84 48139
120 85 45814
120 86 52926
120 87 42590
120 88 28429
120 89 35739
120 90 25196
120 91 54357
120 92 48687
120 93 47101
120 94 39620
120 95 42315
120 96 44888
120 97 45791
120 98 50453
120 99 47303
120 100 49993
120 101 18781
120 102 3606
120 103 58
120 104 47308
120 105 29678
120 106 33593
120 107 32485
120 108 19420
120 109 21581
120 110 33870
120 111 19289
120 112 32707
120 113 51593
120 114 41317
120 115 43285
120 116 13937
120 117 44561
120 118 38388
120 119 57722
120 121 10223
120 122 10732
120 123 33765
120 124 43371
120 125 45597
120 126 26158
120 127 25042
120 128 10637
120 129 8241
120 130 25552
120 131 14564
120 132 20018
120 133 43855
120 134 15325
120 135 -168
120 136 7452
120 137 41112
120 138 23857
120 139 37447
120 140 62200
120 141 54825
120 142 55861
120 143 43172
120 144 44838
120 145 44182
120 146 30501
120 147 37336
120 148 26434
120 149 26033
120 150 17877
120 151 22382
121 1 19458
121 2 33497
121 3 3478
121 4 15340
121 5 41589
121 6 38304
121 7 38767
121 8 49196
121 9 11062
121 10 30809
121 11 41621
121 12 9684
121 13 31881
121 14 48960
121 15 38962
121 16 49592
121 17 53168
121 18 37198
121 19 43590
121 20 23935
121 21 24807
121 22 31219
121 23 22423
121 24 3047
121 25 13914
121 26 17054
121 27 24322
121 28 19499
121 29 -4542
121 30 22197
121 31 25204
121 32 28418
121 33 10173
121 34 3090
121 35 16103
121 36 55670
121 37 44999
121 38 56586
121 39 21168
121 40 25474
121 41 35859
121 42 41572
121 43 45186
121 44 52754
121 45 47797
121 46 50186
121 47 45863
121 48 39850
121 49 49384
121 50 11777
121 51 15200
121 52 33061
121 53 25838
121 54 8911
121 55 11361
121 56 25567
121 57 38615
121 58 25994
121 59 38981
121 60 44139
121 61 46014
121 62 34545
121 63 38709
121 64 38391
121 65 16444
121 66 15349
121 67 18124
121 68 -2273
121 69 23943
121 70 25869
121 71 17193
121 72 23928
121 73 27431
121 74 29374
121 75 28293
121 76 9880
121 77 4924
121 78 4609
121 79 1219
121 80 5695
121 81 6181
121 82 40271
121 83 42822
121 84 46973
121 85 41412
121 86 49295
121 87 34801
121 88 34217
121 89 33812
121 90 37507
121 91 49368
121 92 43198
121 93 42900
121 94 34779
121 95 36771
121 96 40853
121 97 39417
121 98 45269
121 99 43329
121 100 44247
121 101 24826
121 102 6329
121 103 16414
121 104 43334
121 105 21981
121 106 37254
121 107 41833
121 108 30006
121 109 9540
121 110 20094
121 111 16642
121 112 28510
121 113 49487
121 114 43557
121 115 33098
121 116 6267
121 117 38288
121 118 37109
121 119 51725
121 120 6964
121 122 20699
121 123 41137
121 124 48923
121 125 46890
121 126 38135
121 127 28808
121 128 25395
121 129 5402
121 130 10060
121 131 28536
121 132 21877
121 133 30388
121 134 -938
121 135 13761
121 136 21941
121 137 33339
121 138 16300
121 139 21567
121 140 56078
121 141 50152
121 142 47871
121 143 51925
121 144 35933
121 145 32326
121 146 29250
121 147 34433
121 148 33511
121 149 14511
121 150 4663
121 151 18447
122 1 5384
122 2 37308
122 3 13554
122 4 31470
122 5 31265
122 6 31313
122 7 19099
122 8 32114
122 9 5091
122 10 6463
122 11 17145
122 12 19201
122 13 29822
122 14 46304
122 15 43411
122 16 42048
122 17 40723
122 18 22953
122 19 20427
122 20 3878
122 21 34125
122 22 42080
122 23 38367
122 24 27259
122 25 35276
122 26 23411
122 27 15633
122 28 17937
122 29 20085
122 30 -2622
122 31 4714
122 32 4126
122 33 8802
122 34 12835
122 35 15553
122 36 33140
122 37 40632
122 38 52450
122 39 39567
122 40 29733
122 41 45548
122 42 41623
122 43 47277
122 44 47582
122 45 32360
122 46 30887
122 47 24093
122 48 19268
122 49 25286
122 50 7146
122 51 1655
122 52 18565
122 53 25001
122 54 26748
122 55 32297
122 56 40571
122 57 42287
122 58 27040
122 59 33319
122 60 32404
122 61 37471
122 62 11342
122 63 13714
122 64 13392
122 65 9728
122 66 -802
122 67 38485
122 68 13823
122 69 9628
122 70 2315
122 71 9318
122 72 35215
122 73 36675
122 74 40434
122 75 41208
122 76 13433
122 77 13673
122 78 14206
122 79 10902
122 80 22298
122 81 5631
122 82 21798
122 83 28971
122 84 35260
122 85 34852
122 86 40978
122 87 34621
122 88 13617
122 89 24341
122 90 12548
122 91 43657
122 92 38788
122 93 36165
122 94 29779
122 95 32746
122 96 34189
122 97 36685
122 98 40135
122 99 36398
122 100 39920
122 101 4971
122 102 2194
122 103 4455
122 104 36403
122 105 23995
122 106 19209
122 107 17884
122 108 5197
122 109 22086
122 110 33495
122 111 12617
122 112 23250
122 113 38924
122 114 27098
122 115 37765
122 116 15085
122 117 35625
122 118 25873
122 119 47483
122 120 5234
122 121 18460
122 123 18753
122 124 28371
122 125 31570
122 126 13136
122 127 11250
122 128 4044
122 129 16549
122 130 28536
122 131 4739
122 132 9251
122 133 41781
122 134 20617
122 135 13642
122 136 19109
122 137 33684
122 138 20119
122 139 39711
122 140 51669
122 141 43680
122 142 47339
122 143 28483
122 144 37745
122 145 40014
122 146 19691
122 147 26337
122 148 11411
122 149 24326
122 150 21266
122 151 13641
123 1 23571
123 2 40983
123 3 36666
123 4 46012
123 5 20100
123 6 27867
123 7 4074
123 8 12418
123 9 30864
123 10 8412
123 11 2680
123 12 36289
123 13 30574
123 14 39112
123 15 43896
123 16 30613
123 17 24074
123 18 12614
123 19 -3577
123 20 25417
123 21 44015
123 22 50211
123 23 49767
123 24 49143
123 25 53110
123 26 35868
123 27 22743
123 28 29928
123 29 43747
123 30 17959
123 31 8442
123 32 12706
123 33 34055
123 34 38789
123 35 40757
123 36 7346
123 37 34802
123 38 41781
123 39 54037
123 40 37671
123 41 51904
123 42 38863
123 43 44484
123 44 37863
123 45 13125
123 46 6530
123 47 -1860
123 48 -4329
123 49 2509
123 50 28539
123 51 27599
123 52 15851
123 53 31947
123 54 44632
123 55 50344
123 56 52504
123 57 43949
123 58 32357
123 59 27581
123 60 21455
123 61 26115
123 62 1376
123 63 10784
123 64 -184
123 65 31604
123 66 18408
123 67 53623
123 68 34882
123 69 21707
123 70 18240
123 71 33167
123 72 45311
123 73 45451
123 74 49507
123 75 51291
123 76 33129
123 77 35429
123 78 39836
123 79 35385
123 80 42606
123 81 31404
123 82 3056
123 83 14662
123 84 21276
123 85 26252
123 86 27330
123 87 33988
123 88 8034
123 89 21304
123 90 15710
123 91 35055
123 92 33988
123 93 28422
123 94 27402
123 95 29830
123 96 28727
123 97 33981
123 98 33540
123 99 29642
123 100 33178
123 101 19487
123 102 25520
123 103 28922
123 104 29647
123 105 33046
123 106 7130
123 107 -1743
123 108 8925
123 109 39353
123 110 46597
123 111 27146
123 112 25092
123 113 23844
123 114 9081
123 115 41946
123 116 35612
123 117 34198
123 118 15239
123 119 38888
123 120 31213
123 121 41844
123 122 21699
123 124 3439
123 125 12769
123 126 10091
123 127 12893
123 128 22786
123 129 41144
123 130 46150
123 131 15926
123 132 22143
123 133 50369
123 134 41007
123 135 39151
123 136 43430
123 137 35767
123 138 34316
123 139 54509
123 140 40834
123 141 32902
123 142 43126
123 143 3865
123 144 38336
123 145 45244
123 146 23183
123 147 22676
123 148 3514
123 149 37898
123 150 41574
123 151 19623
124 1 30458
124 2 40904
124 3 43380
124 4 49112
124 5 16168
124 6 27210
124 7 8178
124 8 6406
124 9 39425
124 10 17503
124 11 11428
124 12 41102
124 13 30474
124 14 34680
124 15 41938
124 16 25192
124 17 17123
124 18 12121
124 19 3891
124 20 34551
124 21 45922
124 22 50957
124 23 51235
124 24 54912
124 25 57078
124 26 39291
124 27 26795
124 28 34161
124 29 50344
124 30 26757
124 31 15631
124 32 22140
124 33 41719
124 34 46827
124 35 49596
124 36 3028
124 37 31762
124 38 35726
124 39 56706
124 40 39540
124 41 51948
124 42 36238
124 43 41277
124 44 32691
124 45 5796
124 46 -2902
124 47 -5922
124 48 -5160
124 49 3768
124 50 35285
124 51 36021
124 52 19071
124 53 34330
124 54 49112
124 55 54512
124 56 54454
124 57 42837
124 58 33675
124 59 25075
124 60 18558
124 61 21157
124 62 10402
124 63 20000
124 64 5753
124 65 40950
124 66 27799
124 67 56220
124 68 40748
124 69 27876
124 70 26491
124 71 42263
124 72 46986
124 73 46835
124 74 50705
124 75 52661
124 76 39082
124 77 41760
124 78 47559
124 79 42572
124 80 48174
124 81 39332
124 82 1608
124 83 10717
124 84 16013
124 85 22300
124 86 20760
124 87 32630
124 88 14854
124 89 21897
124 90 25141
124 91 30776
124 92 31583
124 93 25093
124 94 26585
124 95 28382
124 96 26786
124 97 32228
124 98 30309
124 99 27021
124 100 29567
124 101 26900
124 102 32674
124 103 37855
124 104 27026
124 105 35754
124 106 9878
124 107 6387
124 108 18194
124 109 44013
124 110 49396
124 111 32352
124 112 26417
124 113 17172
124 114 4327
124 115 41935
124 116 41571
124 117 33133
124 118 12242
124 119 34105
124 120 39567
124 121 48378
124 122 30065
124 123 2187
124 125 5781
124 126 19374
124 127 18611
124 128 32073
124 129 48351
124 130 50438
124 131 25354
124 132 28140
124 133 51250
124 134 46310
124 135 47870
124 136 52489
124 137 35702
124 138 38634
124 139 57409
124 140 34759
124 141 27512
124 142 39827
124 143 3196
124 144 37110
124 145 45120
124 146 26395
124 147 22354
124 148 11557
124 149 41360
124 150 47142
124 151 22460
125 1 33057
125 2 31700
125 3 44370
125 4 43517
125 5 4395
125 6 19105
125 7 13704
125 8 3017
125 9 44551
125 10 25922
125 11 23703
125 12 38897
125 13 22066
125 14 21221
125 15 30268
125 16 11378
125 17 3165
125 18 8303
125 19 16670
125 20 41949
125 21 39052
125 22 42186
125 23 43016
125 24 53509
125 25 52439
125 26 35078
125 27 25319
125 28 31927
125 29 50598
125 30 33433
125 31 20416
125 32 32007
125 33 44802
125 34 50188
125 35 55250
125 36 15589
125 37 19790
125 38 21691
125 39 50135
125 40 33139
125 41 42303
125 42 24221
125 43 28516
125 44 18904
125 45 -7346
125 46 1067
125 47 8106
125 48 5072
125 49 17660
125 50 36966
125 51 41103
125 52 18663
125 53 29331
125 54 45787
125 55 50309
125 56 47085
125 57 32258
125 58 26850
125 59 14003
125 60 9203
125 61 7739
125 62 19563
125 63 31397
125 64 19603
125 65 48868
125 66 36406
125 67 49264
125 68 40029
125 69 29769
125 70 32202
125 71 49027
125 72 39562
125 73 39169
125 74 42578
125 75 44608
125 76 39070
125 77 42140
125 78 50344
125 79 44399
125 80 46895
125 81 42885
125 82 5048
125 83 1633
125 84 2862
125 85 9610
125 86 6750
125 87 22184
125 88 20455
125 89 16373
125 90 35325
125 91 17658
125 92 20409
125 93 13165
125 94 17733
125 95 18429
125 96 16734
125 97 21632
125 98 18224
125 99 16077
125 100 16952
125 101 31006
125 102 34981
125 103 44219
125 104 16082
125 105 30877
125 106 12593
125 107 19100
125 108 27055
125 109 41363
125 110 43557
125 111 31745
125 112 20676
125 113 3159
125 114 -40
125 115 32729
125 116 41317
125 117 23463
125 118 2398
125 119 20496
125 120 44053
125 121 48605
125 122 35524
125 123 13777
125 124 8041
125 126 30591
125 127 21330
125 128 40222
125 129 50162
125 130 46709
125 131 34878
125 132 29562
125 133 42621
125 134 44238
125 135 53176
125 136 58930
125 137 26965
125 138 36033
125 139 51260
125 140 20723
125 141 13668
125 142 27166
125 143 16904
125 144 26591
125 145 35439
125 146 24120
125 147 15079
125 148 19053
125 149 36914
125 150 45863
125 151 18714
126 1 20923
126 2 48324
126 3 32097
126 4 47823
126 5 32931
126 6 37460
126 7 15325
126 8 27418
126 9 20869
126 10 2638
126 11 1352
126 12 36016
126 13 38751
126 14 51329
126 15 53115
126 16 44052
126 17 38828
126 18 24012
126 19 7683
126 20 13582
126 21 48268
126 22 55713
126 23 53709
126 24 45760
126 25 52931
126 26 38293
126 27 26368
126 28 31927
126 29 38680
126 30 9036
126 31 9123
126 32 -1704
126 33 27248
126 34 29910
126 35 29206
126 36 19277
126 37 46094
126 38 55361
126 39 56101
126 40 42593
126 41 58365
126 42 49237
126 43 55155
126 44 50894
126 45 28274
126 46 21903
126 47 12550
126 48 11100
126 49 8643
126 50 24966
126 51 18750
126 52 23047
126 53 36853
126 54 44187
126 55 49963
126 56 55987
126 57 52412
126 58 38418
126 59 38611
126 60 33873
126 61 39360
126 62 3754
126 63 -4495
126 64 -5209
126 65 17583
126 66 4295
126 67 55414
126 68 32031
126 69 21707
126 70 12836
126 71 20717
126 72 49625
126 73 50384
126 74 54442
126 75 55776
126 76 30939
126 77 31938
126 78 32136
126 79 29465
126 80 40335
126 81 23594
126 82 17193
126 83 28177
126 84 35111
126 85 38549
126 86 41562
126 87 43194
126 88 12885
126 89 30153
126 90 1805
126 91 47490
126 92 44748
126 93 40272
126 94 36791
126 95 39670
126 96 39437
126 97 43916
126 98 45091
126 99 40964
126 100 44931
126 101 16768
126 102 20633
126 103 17566
126 104 40969
126 105 37083
126 106 17790
126 107 3354
126 108 325
126 109 39098
126 110 49160
126 111 27504
126 112 32159
126 113 38307
126 114 23574
126 115 49101
126 116 33014
126 117 43463
126 118 27619
126 119 51540
126 120 21824
126 121 37060
126 122 14300
126 123 8309
126 124 18844
126 125 27801
126 127 16474
126 128 10025
126 129 35083
126 130 45936
126 131 1789
126 132 22143
126 133 55644
126 134 38802
126 135 28116
126 136 30936
126 137 43554
126 138 35505
126 139 56312
126 140 54449
126 141 46214
126 142 54171
126 143 13188
126 144 47149
126 145 52146
126 146 28528
126 147 32161
126 148 7447
126 149 39889
126 150 39303
126 151 24510
127 1 8367
127 2 28101
127 3 21041
127 4 29790
127 5 16512
127 6 18089
127 7 6210
127 8 17802
127 9 19480
127 10 6094
127 11 13459
127 12 19646
127 13 18646
127 14 32954
127 15 33044
127 16 27539
127 17 25725
127 18 7956
127 19 12470
127 20 18006
127 21 28769
127 22 35837
127 23 34506
127 24 32767
127 25 36532
127 26 19676
127 27 6682
127 28 13468
127 29 27983
127 30 9392
127 31 -3246
127 32 11821
127 33 20064
127 34 25441
127 35 30202
127 36 23491
127 37 27318
127 38 38369
127 39 37962
127 40 22751
127 41 38268
127 42 29654
127 43 35573
127 44 33522
127 45 17654
127 46 17887
127 47 13487
127 48 7304
127 49 18884
127 50 12995
127 51 16055
127 52 3878
127 53 16910
127 54 27998
127 55 33735
127 56 36966
127 57 32245
127 58 18269
127 59 19836
127 60 17538
127 61 22873
127 62 4976
127 63 15718
127 64 12441
127 65 24630
127 66 13135
127 67 37515
127 68 18533
127 69 5519
127 70 7846
127 71 24318
127 72 30146
127 73 30640
127 74 34737
127 75 36271
127 76 16805
127 77 19406
127 78 25816
127 79 20409
127 80 26116
127 81 17999
127 82 8039
127 83 13978
127 84 20295
127 85 20782
127 86 26225
127 87 23251
127 88 2511
127 89 10739
127 90 16708
127 91 29692
127 92 25680
127 93 22194
127 94 17157
127 95 20140
127 96 20605
127 97 24332
127 98 26570
127 99 22551
127 100 26438
127 101 5962
127 102 10590
127 103 19451
127 104 22556
127 105 17512
127 106 5005
127 107 12023
127 108 7150
127 109 22713
127 110 30592
127 111 10509
127 112 11968
127 113 23977
127 114 12531
127 115 28886
127 116 19304
127 117 23642
127 118 11067
127 119 33696
127 120 18993
127 121 26018
127 122 10699
127 123 9396
127 124 16366
127 125 16825
127 126 14759
127 128 17016
127 129 26191
127 130 29536
127 131 13875
127 132 5792
127 133 35842
127 134 24445
127 135 28102
127 136 34037
127 137 23360
127 138 17764
127 139 38333
127 140 37538
127 141 29347
127 142 34912
127 143 20509
127 144 27064
127 145 31969
127 146 8320
127 147 12868
127 148 2896
127 149 21619
127 150 25084
127 151 4482
128 1 15433
128 2 47336
128 3 20922
128 4 40761
128 5 39481
128 6 40553
128 7 24613
128 8 37990
128 9 5641
128 10 8859
128 11 16823
128 12 28549
128 13 39612
128 14 55607
128 15 53392
128 16 50558
128 17 47957
128 18 30618
128 19 22123
128 20 -1838
128 21 44047
128 22 52019
128 23 47918
128 24 34264
128 25 43604
128 26 33299
128 27 25408
128 28 27979
128 29 26108
128 30 1388
128 31 11840
128 32 -1520
128 33 14747
128 34 14808
128 35 13181
128 36 34621
128 37 49912
128 38 61349
128 39 48668
128 40 39778
128 41 55556
128 42 51346
128 43 57084
128 44 56484
128 45 38665
128 46 35075
128 47 26766
128 48 23381
128 49 24657
128 50 16362
128 51 5401
128 52 26891
128 53 35022
128 54 35480
128 55 40667
128 56 50148
128 57 52278
128 58 37058
128 59 42505
128 60 40445
128 61 45882
128 62 14338
128 63 10630
128 64 9523
128 65 2915
128 66 -9781
128 67 47271
128 68 21890
128 69 19329
128 70 9746
128 71 4753
128 72 45068
128 73 46635
128 74 50336
128 75 50999
128 76 22590
128 77 21869
128 78 17990
128 79 17010
128 80 30581
128 81 9981
128 82 27415
128 83 36287
128 84 42966
128 85 43731
128 86 49152
128 87 44429
128 88 19526
128 89 33373
128 90 9682
128 91 52612
128 92 48136
128 93 45100
128 94 39242
128 95 42240
128 96 43310
128 97 46269
128 98 49299
128 99 45396
128 100 49136
128 101 14055
128 102 10538
128 103 1735
128 104 45401
128 105 34042
128 106 25682
128 107 18480
128 108 6114
128 109 31257
128 110 43077
128 111 22636
128 112 32937
128 113 46645
128 114 33382
128 115 47806
128 116 23731
128 117 45282
128 118 34020
128 119 56560
128 120 6844
128 121 24861
128 122 5749
128 123 21545
128 124 32084
128 125 37973
128 126 10566
128 127 19272
128 129 22398
128 130 37256
128 131 -1936
128 132 19133
128 133 51690
128 134 28478
128 135 12177
128 136 15022
128 137 43608
128 138 29977
128 139 48807
128 140 60529
128 141 52363
128 142 56959
128 143 28945
128 144 47664
128 145 50058
128 146 29183
128 147 35462
128 148 15927
128 149 34031
128 150 29549
128 151 23539
129 1 14351
129 2 35301
129 3 105
129 4 20413
129 5 39696
129 6 36997
129 7 34065
129 8 45446
129 9 4118
129 10 24557
129 11 35365
129 12 11056
129 13 31881
129 14 49486
129 15 41357
129 16 48700
129 17 50892
129 18 33983
129 19 37904
129 20 16735
129 21 27875
129 22 35146
129 23 27872
129 24 10196
129 25 20572
129 26 18449
129 27 21600
129 28 18160
129 29 1943
129 30 15405
129 31 19926
129 32 21379
129 33 3122
129 34 -353
129 35 10801
129 36 50299
129 37 44788
129 38 56880
129 39 27157
129 40 26877
129 41 39559
129 42 42675
129 43 47041
129 44 52582
129 45 44607
129 46 45887
129 47 40714
129 48 35017
129 49 43357
129 50 7011
129 51 8038
129 52 29448
129 53 25544
129 54 14009
129 55 17830
129 56 30592
129 57 40596
129 58 26578
129 59 38306
129 60 41757
129 61 44757
129 62 28754
129 63 31948
129 64 31656
129 65 10719
129 66 8305
129 67 24720
129 68 239
129 69 19472
129 70 19688
129 71 10742
129 72 27749
129 73 30640
129 74 33253
129 75 32757
129 76 7697
129 77 2940
129 78 -441
129 79 -5591
129 80 9065
129 81 -1003
129 82 36018
129 83 39916
129 84 44780
129 85 40648
129 86 48300
129 87 35610
129 88 29103
129 89 31678
129 90 30697
129 91 48907
129 92 42884
129 93 42009
129 94 34054
129 95 36429
129 96 39810
129 97 39511
129 98 44849
129 99 42294
129 100 44127
129 101 19278
129 102 619
129 103 9336
129 104 42299
129 105 22377
129 106 32964
129 107 35832
129 108 23528
129 109 12241
129 110 24280
129 111 14081
129 112 27322
129 113 47781
129 114 39947
129 115 35161
129 116 5437
129 117 38288
129 118 34876
129 119 51795
129 120 251
129 121 671
129 122 14057
129 123 35706
129 124 44165
129 125 43716
129 126 31427
129 127 24250
129 128 18201
129 130 15536
129 131 21437
129 132 17646
129 133 34461
129 134 5304
129 135 8285
129 136 16509
129 137 34053
129 138 16300
129 139 27416
129 140 56285
129 141 49595
129 142 48899
129 143 46189
129 144 37342
129 145 35403
129 146 26614
129 147 32779
129 148 28028
129 149 17073
129 150 8033
129 151 16974
130 1 25125
130 2 21780
130 3 14110
130 4 -131
130 5 36186
130 6 32543
130 7 40430
130 8 47782
130 9 24885
130 10 37372
130 11 47476
130 12 7106
130 13 23717
130 14 38340
130 15 25653
130 16 41638
130 17 48004
130 18 35312
130 19 47464
130 20 35496
130 21 11769
130 22 16385
130 23 6971
130 24 6061
130 25 1609
130 26 9587
130 27 23668
130 28 17635
130 29 9613
130 30 31362
130 31 29428
130 32 38119
130 33 22214
130 34 18610
130 35 31409
130 36 58028
130 37 36225
130 38 46015
130 39 6234
130 40 15782
130 41 21160
130 42 30319
130 43 32470
130 44 43338
130 45 44805
130 46 49695
130 47 47879
130 48 41318
130 49 53862
130 50 18791
130 51 26864
130 52 32933
130 53 19903
130 54 -2781
130 55 -1262
130 56 10057
130 57 26206
130 58 17488
130 59 31325
130 60 40026
130 61 38971
130 62 39325
130 63 46707
130 64 45738
130 65 31604
130 66 28606
130 67 4558
130 68 3185
130 69 27448
130 70 33021
130 71 31729
130 72 9467
130 73 13830
130 74 14692
130 75 13036
130 76 14373
130 77 12632
130 78 19738
130 79 14433
130 80 8083
130 81 19455
130 82 40430
130 83 39684
130 84 41970
130 85 33549
130 86 41271
130 87 24505
130 88 37462
130 89 30123
130 90 45942
130 91 40780
130 92 34823
130 93 35473
130 94 27779
130 95 28761
130 96 34133
130 97 30414
130 98 36874
130 99 36398
130 100 35127
130 101 30550
130 102 15334
130 103 29731
130 104 36403
130 105 15169
130 106 38009
130 107 46736
130 108 37318
130 109 4571
130 110 5607
130 111 17877
130 112 23396
130 113 43044
130 114 41941
130 115 20925
130 116 11449
130 117 29720
130 118 32655
130 119 41913
130 120 21217
130 121 8984
130 122 29699
130 123 44367
130 124 49907
130 125 43918
130 126 45935
130 127 31250
130 128 36714
130 129 19191
130 131 38696
130 132 25132
130 133 15420
130 134 -3285
130 135 28983
130 136 37219
130 137 23759
130 138 13179
130 139 6443
130 140 45670
130 141 41486
130 142 36580
130 143 55464
130 144 24527
130 145 18413
130 146 27736
130 147 29482
130 148 37572
130 149 4762
130 150 7051
130 151 14906
131 1 17718
131 2 48738
131 3 25862
131 4 44455
131 5 37858
131 6 40211
131 7 21507
131 8 34669
131 9 11874
131 10 5496
131 11 11200
131 12 32193
131 13 40199
131 14 55069
131 15 54426
131 16 49076
131 17 45367
131 18 28765
131 19 17031
131 20 4278
131 21 46653
131 22 54524
131 23 51250
131 24 39476
131 25 48146
131 26 36057
131 27 26317
131 28 30161
131 29 31642
131 30 3259
131 31 10659
131 32 -7766
131 33 20064
131 34 21053
131 35 19387
131 36 29167
131 37 49451
131 38 60184
131 39 52566
131 40 41773
131 41 57749
131 42 51621
131 43 57501
131 44 55409
131 45 35495
131 46 30704
131 47 21858
131 48 19251
131 49 18659
131 50 20132
131 51 10863
131 52 25904
131 53 36525
131 54 39704
131 55 45174
131 56 53449
131 57 53408
131 58 38477
131 59 41964
131 60 38744
131 61 44351
131 62 10343
131 63 4505
131 64 3200
131 65 7693
131 66 -5617
131 67 51470
131 68 26530
131 69 20448
131 70 10216
131 71 10742
131 72 47846
131 73 49094
131 74 52972
131 75 53906
131 76 26427
131 77 26398
131 78 23970
131 79 22409
131 80 35101
131 81 15720
131 82 24119
131 83 33970
131 84 40843
131 85 42730
131 86 47271
131 87 44972
131 88 17102
131 89 32873
131 90 4007
131 91 51668
131 92 47813
131 93 44208
131 94 39196
131 95 42198
131 96 42731
131 97 46350
131 98 48679
131 99 44624
131 100 48551
131 101 14900
131 102 14888
131 103 8059
131 104 44629
131 105 36036
131 106 23153
131 107 13055
131 108 2334
131 109 35086
131 110 46387
131 111 25060
131 112 33420
131 113 44412
131 114 30354
131 115 49337
131 116 27982
131 117 45537
131 118 32401
131 119 55712
131 120 13026
131 121 30257
131 122 8699
131 123 16940
131 124 27620
131 125 34884
131 126 4585
131 127 18386
131 128 319
131 129 27889
131 130 41493
131 132 20568
131 133 54293
131 134 33274
131 135 18471
131 136 20922
131 137 44548
131 138 32843
131 139 52711
131 140 59322
131 141 51047
131 142 56992
131 143 23215
131 144 48516
131 145 51952
131 146 29514
131 147 35002
131 148 12733
131 149 37162
131 150 34069
131 151 24613
132 1 1565
132 2 25855
132 3 12891
132 4 23317
132 5 21099
132 6 20023
132 7 14451
132 8 25346
132 9 13772
132 10 10219
132 11 19909
132 12 12071
132 13 18118
132 14 34821
132 15 31817
132 16 31340
132 17 31593
132 18 14124
132 19 20187
132 20 15582
132 21 23930
132 22 31658
132 23 29152
132 24 24586
132 25 29193
132 26 13709
132 27 3956
132 28 7399
132 29 19764
132 30 7914
132 31 1851
132 32 13429
132 33 12874
132 34 18208
132 35 24482
132 36 31654
132 37 29209
132 38 41261
132 39 31598
132 40 18766
132 41 34753
132 42 29927
132 43 35573
132 44 36442
132 45 24639
132 46 25943
132 47 21701
132 48 15550
132 49 26476
132 50 5021
132 51 10863
132 52 9449
132 53 13558
132 54 20478
132 55 26306
132 56 31408
132 57 30714
132 58 15565
132 59 22007
132 60 22620
132 61 26932
132 62 11753
132 63 20000
132 64 18392
132 65 20649
132 66 10889
132 67 31008
132 68 10332
132 69 -138
132 70 7266
132 71 19786
132 72 25232
132 73 26239
132 74 30209
132 75 31366
132 76 8585
132 77 11166
132 78 18329
132 79 12514
132 80 18010
132 81 11077
132 82 16028
132 83 20194
132 84 25687
132 85 23810
132 86 30571
132 87 22916
132 88 10270
132 89 13417
132 90 19818
132 91 32510
132 92 27321
132 93 25093
132 94 18251
132 95 21179
132 96 22972
132 97 25051
132 98 28816
132 99 25292
132 100 28536
132 101 3983
132 102 2966
132 103 15052
132 104 25297
132 105 13046
132 106 12979
132 107 19193
132 108 10578
132 109 15191
132 110 24565
132 111 3020
132 112 11589
132 113 29121
132 114 19863
132 115 26395
132 116 11083
132 117 23958
132 118 15916
132 119 36186
132 120 12673
132 121 17791
132 122 7404
132 123 17350
132 124 24599
132 125 23761
132 126 19132
132 127 4496
132 128 15581
132 129 18291
132 130 22122
132 131 14761
132 133 31489
132 134 16427
132 135 22172
132 136 28893
132 137 22022
132 138 10953
132 139 31844
132 140 40517
132 141 32766
132 142 35673
132 143 28417
132 144 26080
132 145 28932
132 146 8320
132 147 15210
132 148 10105
132 149 15303
132 150 16978
132 151 1956
133 1 36641
133 2 9738
133 3 32001
133 4 5707
133 5 29973
133 6 28407
133 7 43719
133 8 46022
133 9 42553
133 10 46592
133 11 54572
133 12 21110
133 13 17578
133 14 23101
133 15 6807
133 16 30493
133 17 40537
133 18 34849
133 19 52091
133 20 50343
133 21 7054
133 22 -4016
133 23 -4937
133 24 26832
133 25 13181
133 26 16270
133 27 29201
133 28 25371
133 29 30173
133 30 44131
133 31 37229
133 32 50251
133 33 39298
133 34 38595
133 35 50648
133 36 59631
133 37 25443
133 38 29934
133 39 5243
133 40 13826
133 41 548
133 42 15248
133 43 14074
133 44 29801
133 45 40480
133 46 48025
133 47 49744
133 48 43253
133 49 58099
133 50 32980
133 51 42678
133 52 36126
133 53 21372
133 54 16937
133 55 13736
133 56 1526
133 57 10331
133 58 14333
133 59 22857
133 60 36076
133 61 29643
133 62 46116
133 63 56489
133 64 53615
133 65 50328
133 66 44805
133 67 2375
133 68 21695
133 69 36527
133 70 44088
133 71 49751
133 72 -6
133 73 3905
133 74 -747
133 75 -2160
133 76 29020
133 77 29603
133 78 39157
133 79 32969
133 80 26677
133 81 37200
133 82 41276
133 83 36431
133 84 35617
133 85 23563
133 86 29281
133 87 12882
133 88 43373
133 89 29154
133 90 56623
133 91 29322
133 92 25310
133 93 26666
133 94 22028
133 95 20864
133 96 27544
133 97 20580
133 98 26570
133 99 28914
133 100 23247
133 101 40853
133 102 30679
133 103 46580
133 104 28919
133 105 17802
133 106 40604
133 107 52589
133 108 47234
133 109 19856
133 110 8470
133 111 27874
133 112 22564
133 113 33664
133 114 40247
133 115 7990
133 116 27792
133 117 21485
133 118 28232
133 119 27922
133 120 39445
133 121 29237
133 122 42869
133 123 48511
133 124 50644
133 125 39755
133 126 55568
133 127 37481
133 128 51073
133 129 38041
133 130 15345
133 131 51421
133 132 34424
133 134 17466
133 135 48123
133 136 56322
133 137 15722
133 138 22935
133 139 8329
133 140 29856
133 141 29129
133 142 20861
133 143 58628
133 144 10827
133 145 -82
133 146 31302
133 147 26519
133 148 43953
133 149 12823
133 150 25645
133 151 17867
134 1 22934
134 2 27229
134 3 9278
134 4 6571
134 5 39179
134 6 35532
134 7 40397
134 8 49157
134 9 19408
134 10 35204
134 11 45746
134 12 6972
134 13 27662
134 14 43531
134 15 31817
134 16 45761
134 17 50999
134 18 36743
134 19 46600
134 20 31111
134 21 17620
134 22 23002
134 23 13403
134 24 -97
134 25 5311
134 26 12524
134 27 24174
134 28 18308
134 29 2945
134 30 27977
134 31 28142
134 32 34641
134 33 17335
134 34 12109
134 35 25143
134 36 57913
134 37 40598
134 38 51240
134 39 12125
134 40 20143
134 41 27750
134 42 35701
134 43 38447
134 44 48061
134 45 46881
134 46 50764
134 47 47853
134 48 41464
134 49 52835
134 50 15765
134 51 22315
134 52 33487
134 53 22608
134 54 640
134 55 2533
134 56 16718
134 57 31994
134 58 21427
134 59 35204
134 60 42444
134 61 42693
134 62 37968
134 63 44023
134 64 43446
134 65 25455
134 66 23495
134 67 9424
134 68 -1171
134 69 26233
134 70 30458
134 71 25945
134 72 15934
134 73 19970
134 74 21253
134 75 19738
134 76 11880
134 77 8675
134 78 13559
134 79 8933
134 80 4288
134 81 14129
134 82 41089
134 83 41732
134 84 44840
134 85 37577
134 86 45467
134 87 29433
134 88 36679
134 89 32195
134 90 43025
134 91 45125
134 92 38999
134 93 39293
134 94 31290
134 95 32733
134 96 37592
134 97 34820
134 98 41096
134 99 39978
134 100 39668
134 101 28510
134 102 11564
134 103 24528
134 104 39983
134 105 18134
134 106 38329
134 107 45428
134 108 34839
134 109 5086
134 110 12007
134 111 17233
134 112 25954
134 113 46575
134 114 43377
134 115 26560
134 116 8259
134 117 33903
134 118 35218
134 119 46786
134 120 15519
134 121 2515
134 122 26309
134 123 43753
134 124 50308
134 125 45976
134 126 43330
134 127 30688
134 128 32465
134 129 13488
134 130 1244
134 131 35006
134 132 23966
134 133 22070
134 135 22778
134 136 30978
134 137 28299
134 138 14040
134 139 12512
134 140 50830
134 141 45906
134 142 42002
134 143 54835
134 144 29911
134 145 24746
134 146 28714
134 147 32119
134 148 36484
134 149 8640
134 150 3256
134 151 16631
135 1 22561
135 2 50039
135 3 15175
135 4 35819
135 5 50509
135 6 48985
135 7 39978
135 8 52900
135 9 -635
135 10 26234
135 11 35784
135 12 26255
135 13 45325
135 14 62939
135 15 56286
135 16 60606
135 17 60782
135 18 43035
135 19 40357
135 20 12451
135 21 43243
135 22 50644
135 23 43188
135 24 23591
135 25 34815
135 26 33366
135 27 32716
135 28 31334
135 29 14553
135 30 15976
135 31 25525
135 32 17893
135 33 10932
135 34 -1708
135 35 -4683
135 36 53103
135 37 57694
135 38 69950
135 39 42140
135 40 41580
135 41 55012
135 42 56757
135 43 61593
135 44 65298
135 45 52981
135 46 51734
135 47 44530
135 48 40060
135 49 43866
135 50 17898
135 51 8512
135 52 38358
135 53 39133
135 54 29349
135 55 32347
135 56 46034
135 57 55358
135 58 40687
135 59 50790
135 60 51968
135 61 56284
135 62 31642
135 63 30016
135 64 28832
135 65 -4556
135 66 -1865
135 67 39003
135 68 15758
135 69 28130
135 70 23178
135 71 -2212
135 72 43247
135 73 46021
135 74 48751
135 75 48278
135 76 21578
135 77 17801
135 78 5604
135 79 9220
135 80 24568
135 81 3691
135 82 42655
135 83 49151
135 84 55008
135 85 52872
135 86 59936
135 87 49584
135 88 34497
135 89 42745
135 90 28939
135 91 61424
135 92 55757
135 93 54157
135 94 46691
135 95 49384
135 96 51947
135 97 52846
135 98 57523
135 99 54358
135 100 57063
135 101 25213
135 102 10669
135 103 2298
135 104 54363
135 105 36582
135 106 39961
135 107 37174
135 108 24130
135 109 27709
135 110 39804
135 111 26349
135 112 39778
135 113 58511
135 114 47788
135 115 50040
135 116 20383
135 117 51614
135 118 45301
135 119 64793
135 120 -2728
135 121 14460
135 122 16580
135 123 39143
135 124 49114
135 125 52160
135 126 29890
135 127 31591
135 128 13410
135 129 13715
135 130 30758
135 131 17449
135 132 26957
135 133 49973
135 134 20024
135 136 1005
135 137 48087
135 138 30672
135 139 42495
135 140 69271
135 141 61881
135 142 62868
135 143 47836
135 144 51753
135 145 50693
135 146 37519
135 147 44375
135 148 32149
135 149 32408
135 150 23536
135 151 29451
136 1 27054
136 2 55759
136 3 21160
136 4 41902
136 5 54928
136 6 53859
136 7 43023
136 8 56220
136 9 3791
136 10 28299
136 11 36922
136 12 32193
136 13 50646
136 14 68160
136 15 62051
136 16 65310
136 17 64812
136 18 47015
136 19 42097
136 20 13773
136 21 49206
136 22 56669
136 23 49265
136 24 29490
136 25 40751
136 26 39198
136 27 37559
136 28 36745
136 29 20477
136 30 18470
136 31 28866
136 32 18234
136 33 16442
136 34 3890
136 35 -2919
136 36 54688
136 37 62778
136 38 75001
136 39 48180
136 40 47320
136 41 61008
136 42 62222
136 43 67207
136 44 70263
136 45 56539
136 46 54401
136 47 46593
136 48 42651
136 49 44652
136 50 23169
136 51 12388
136 52 42454
136 53 44568
136 54 35430
136 55 38335
136 56 52117
136 57 61074
136 58 46239
136 59 55759
136 60 56234
136 61 60888
136 62 33836
136 63 30505
136 64 28453
136 65 -10494
136 66 -3706
136 67 44913
136 68 21825
136 69 32507
136 70 26285
136 71 -3200
136 72 49273
136 73 51987
136 74 54776
136 75 54344
136 76 27294
136 77 23726
136 78 11676
136 79 15249
136 80 30642
136 81 9289
136 82 45808
136 83 53085
136 84 59205
136 85 57720
136 86 64513
136 87 55039
136 88 37573
136 89 47387
136 90 29744
136 91 66353
136 92 60847
136 93 59001
136 94 51752
136 95 54523
136 96 56827
136 97 58094
136 98 62530
136 99 59196
136 100 62142
136 101 28964
136 102 15977
136 103 4331
136 104 59201
136 105 42198
136 106 43363
136 107 38564
136 108 25871
136 109 33729
136 110 45864
136 111 31617
136 112 44855
136 113 62807
136 114 51263
136 115 55809
136 116 26300
136 117 56875
136 118 49630
136 119 69859
136 120 2731
136 121 20479
136 122 19886
136 123 41261
136 124 51572
136 125 55753
136 126 30549
136 127 35365
136 128 14094
136 129 19778
136 130 36833
136 131 17739
136 132 31517
136 133 56011
136 134 26063
136 135 -1156
136 137 53586
136 138 36386
136 139 48549
136 140 74294
136 141 66705
136 142 68283
136 143 49042
136 144 57349
136 145 56613
136 146 42239
136 147 49143
136 148 34791
136 149 38370
136 150 29610
136 151 34599
137 1 25782
137 2 2531
137 3 28389
137 4 15340
137 5 11869
137 6 10037
137 7 26475
137 8 27600
137 9 36167
137 10 32147
137 11 38379
137 12 17996
137 13 -748
137 14 12910
137 15 7161
137 16 15221
137 17 23079
137 18 16783
137 19 34890
137 20 40256
137 21 10157
137 22 12676
137 23 13368
137 24 30899
137 25 24771
137 26 11509
137 27 15496
137 28 15405
137 29 31194
137 30 32605
137 31 22648
137 32 37330
137 33 33339
137 34 36417
137 35 46090
137 36 41443
137 37 9752
137 38 20536
137 39 20833
137 40 6215
137 41 13576
137 42 5963
137 43 11056
137 44 17045
137 45 22183
137 46 29586
137 47 31695
137 48 25351
137 49 40482
137 50 25121
137 51 34396
137 52 19634
137 53 8821
137 54 20945
137 55 23351
137 56 17505
137 57 6189
137 58 1122
137 59 5384
137 60 17642
137 61 12973
137 62 30192
137 63 41770
137 64 37358
137 65 44094
137 66 35493
137 67 19698
137 68 20430
137 69 23943
137 70 31582
137 71 43072
137 72 10066
137 73 9625
137 74 12896
137 75 14926
137 76 23129
137 77 25567
137 78 36284
137 79 29478
137 80 26187
137 81 31697
137 82 23238
137 83 17993
137 84 17647
137 85 7252
137 86 14810
137 87 -1159
137 88 27448
137 89 11456
137 90 42693
137 91 14305
137 92 8477
137 93 9503
137 94 3589
137 95 2905
137 96 9313
137 97 3944
137 98 10453
137 99 11034
137 100 8687
137 101 28314
137 102 23470
137 103 38767
137 104 11039
137 105 8235
137 106 23263
137 107 35832
137 108 33126
137 109 18911
137 110 15413
137 111 18088
137 112 5987
137 113 17172
137 114 21841
137 115 3539
137 116 23803
137 117 3562
137 118 9819
137 119 15810
137 120 34030
137 121 29516
137 122 32100
137 123 31237
137 124 32424
137 125 21427
137 126 40806
137 127 22327
137 128 40319
137 129 34961
137 130 21012
137 131 39004
137 132 22285
137 133 13050
137 134 21023
137 135 43565
137 136 51225
137 138 16300
137 139 22294
137 140 20046
137 141 15016
137 142 12140
137 143 40757
137 144 1344
137 145 6810
137 146 16100
137 147 8312
137 148 28028
137 149 11800
137 150 25155
137 151 3896
138 1 11882
138 2 17291
138 3 10004
138 4 10281
138 5 23495
138 6 20023
138 7 25167
138 8 33089
138 9 18675
138 10 23249
138 11 32787
138 12 792
138 13 13674
138 14 31152
138 15 23585
138 16 31209
138 17 35230
138 18 20645
138 19 32312
138 20 25334
138 21 12004
138 22 19984
138 23 16390
138 24 15431
138 25 16710
138 26 1245
138 27 8428
138 28 2384
138 29 13706
138 30 19267
138 31 14654
138 32 25674
138 33 15507
138 34 18032
138 35 28067
138 36 42767
138 37 26741
138 38 38630
138 39 18560
138 40 8851
138 41 23708
138 42 24302
138 43 28865
138 44 34535
138 45 30769
138 46 34809
138 47 32622
138 48 26075
138 49 38731
138 50 8132
138 51 17929
138 52 17745
138 53 7469
138 54 8399
138 55 13968
138 56 18598
138 57 22609
138 58 8193
138 59 20605
138 60 26451
138 61 27658
138 62 24459
138 63 32976
138 64 31405
138 65 26754
138 66 19944
138 67 17990
138 68 2724
138 69 12870
138 70 19688
138 71 25831
138 72 13016
138 73 14653
138 74 18276
138 75 19009
138 76 4942
138 77 7183
138 78 17904
138 79 11101
138 80 9065
138 81 13760
138 82 25317
138 83 25626
138 84 29034
138 85 23032
138 86 30911
138 87 17226
138 88 22349
138 89 16138
138 90 32610
138 91 31042
138 92 24897
138 93 24516
138 94 16395
138 95 18450
138 96 22485
138 97 21286
138 98 26945
138 99 24956
138 100 26033
138 101 16688
138 102 6124
138 103 22081
138 104 24961
138 105 3992
138 106 22783
138 107 31772
138 108 23528
138 109 3366
138 110 11619
138 111 3325
138 112 10255
138 113 31237
138 114 27291
138 115 17352
138 116 5437
138 117 20096
138 118 19289
138 119 33619
138 120 16143
138 121 11845
138 122 17903
138 123 29154
138 124 34724
138 125 29863
138 126 32125
138 127 16099
138 128 26056
138 129 16576
138 130 9800
138 131 26667
138 132 10584
138 133 19631
138 134 6132
138 135 25518
138 136 33393
138 137 15668
138 139 18814
138 140 38067
138 141 31812
138 142 30516
138 143 40233
138 144 19064
138 145 18628
138 146 12701
138 147 16329
138 148 22578
138 149 2328
138 150 8033
138 151 554
139 1 35793
139 2 20783
139 3 26127
139 4 -1344
139 5 39568
139 6 36569
139 7 48414
139 8 53622
139 9 36926
139 10 47629
139 11 57147
139 12 17724
139 13 26322
139 14 36384
139 15 20720
139 16 42384
139 17 50964
139 18 41475
139 19 56197
139 20 47257
139 21 11870
139 22 9850
139 23 -4463
139 24 16312
139 25 -480
139 26 16763
139 27 31903
139 28 26337
139 29 20917
139 30 42619
139 31 39031
139 32 49327
139 33 34202
139 34 30195
139 35 43241
139 36 65650
139 37 36905
139 38 43548
139 39 -5737
139 40 19142
139 41 14336
139 42 28285
139 43 27979
139 44 42583
139 45 49429
139 46 55750
139 47 55515
139 48 48874
139 49 62596
139 50 30142
139 51 38731
139 52 40568
139 53 25728
139 54 9125
139 55 1279
139 56 954
139 57 23355
139 58 20960
139 59 33255
139 60 44531
139 61 40727
139 62 48758
139 63 57274
139 64 55817
139 65 43517
139 66 40590
139 67 -6406
139 68 15206
139 69 37281
139 70 43746
139 71 43755
139 72 5953
139 73 11758
139 74 9406
139 75 5448
139 76 25672
139 77 24505
139 78 31613
139 79 26470
139 80 20089
139 81 31494
139 82 47412
139 83 44652
139 84 45396
139 85 34818
139 86 41608
139 87 24329
139 88 46432
139 89 35726
139 90 56741
139 91 41223
139 92 36133
139 93 37337
139 94 30893
139 95 30796
139 96 37030
139 97 31398
139 98 37862
139 99 38907
139 100 35237
139 101 40946
139 102 27004
139 103 41745
139 104 38912
139 105 21128
139 106 45629
139 107 55955
139 108 47822
139 109 15399
139 110 6387
139 111 27681
139 112 28694
139 113 44924
139 114 47760
139 115 19350
139 116 23143
139 117 31448
139 118 36913
139 119 40829
139 120 33247
139 121 20626
139 122 41009
139 123 52861
139 124 57013
139 125 48604
139 126 56446
139 127 40182
139 128 48400
139 129 31206
139 130 6578
139 131 50049
139 132 34989
139 133 8539
139 134 8118
139 135 40855
139 136 49070
139 137 25176
139 138 22328
139 140 43406
139 141 41496
139 142 34189
139 143 63745
139 144 23064
139 145 13534
139 146 35225
139 147 34118
139 148 46792
139 149 11741
139 150 19057
139 151 21795
140 1 53402
140 2 28653
140 3 59273
140 4 44176
140 5 19081
140 6 30648
140 7 42499
140 8 34522
140 9 65342
140 10 53600
140 11 54613
140 12 49327
140 13 27047
140 14 2871
140 15 15064
140 16 7996
140 17 18919
140 18 32312
140 19 48179
140 20 66615
140 21 39383
140 22 35184
140 23 34777
140 24 62072
140 25 53322
140 26 42893
140 27 42591
140 28 45420
140 29 62574
140 30 58123
140 31 45470
140 32 60012
140 33 63202
140 34 67214
140 35 75816
140 36 47111
140 37 18104
140 38 -10370
140 39 46427
140 40 37496
140 41 32562
140 42 13082
140 43 8280
140 44 4573
140 45 23670
140 46 31994
140 47 40168
140 48 36530
140 49 49651
140 50 54660
140 51 62702
140 52 41093
140 53 39133
140 54 51842
140 55 52775
140 56 42620
140 57 23848
140 58 32357
140 59 18287
140 60 28896
140 61 12186
140 62 48676
140 63 61236
140 64 51492
140 65 72493
140 66 61890
140 67 42796
140 68 51764
140 69 50458
140 70 56579
140 71 71637
140 72 37085
140 73 37147
140 74 37846
140 75 38961
140 76 53731
140 77 56474
140 78 67030
140 79 60252
140 80 57567
140 81 61600
140 82 35208
140 83 26842
140 84 20510
140 85 10668
140 86 -1432
140 87 19126
140 88 47421
140 89 32943
140 90 63992
140 91 13443
140 92 21822
140 93 17565
140 94 25477
140 95 22532
140 96 25152
140 97 21873
140 98 17933
140 99 23385
140 100 11819
140 101 53936
140 102 53086
140 103 66901
140 104 23390
140 105 39359
140 106 39961
140 107 50423
140 108 54855
140 109 50289
140 110 44771
140 111 47548
140 112 32707
140 113 9006
140 114 30231
140 115 28901
140 116 54817
140 117 26266
140 118 20765
140 119 5416
140 120 63740
140 121 60877
140 122 58707
140 123 44926
140 124 40103
140 125 23807
140 126 60323
140 127 45127
140 128 65862
140 129 65815
140 130 51545
140 131 62400
140 132 49402
140 133 35806
140 134 52176
140 135 73371
140 136 80555
140 137 28668
140 138 47321
140 139 49146
140 141 4538
140 142 12353
140 143 48827
140 144 20635
140 145 27152
140 146 41738
140 147 28907
140 148 47218
140 149 43013
140 150 56535
140 151 32279
141 1 41875
141 2 21700
141 3 48862
141 4 37353
141 5 7009
141 6 19256
141 7 30494
141 8 23186
141 9 53990
141 10 41518
141 11 42767
141 12 39655
141 13 17187
141 14 703
141 15 13368
141 16 -3870
141 17 8847
141 18 20230
141 19 36551
141 20 54739
141 21 32132
141 22 30677
141 23 31340
141 24 53302
141 25 46792
141 26 33581
141 27 31219
141 28 34804
141 29 52964
141 30 46203
141 31 33448
141 32 47931
141 33 52163
141 34 56599
141 35 64586
141 36 36766
141 37 8026
141 38 1630
141 39 41350
141 40 28719
141 41 29074
141 42 8023
141 43 9137
141 44 -2265
141 45 13032
141 46 21903
141 47 29129
141 48 24968
141 49 38800
141 50 43600
141 51 51170
141 52 29111
141 53 28939
141 54 43491
141 55 45674
141 56 37536
141 57 18750
141 58 22979
141 59 7242
141 60 16818
141 61 153
141 62 36638
141 63 49213
141 64 39999
141 65 60842
141 66 49976
141 67 39037
141 68 42009
141 69 38809
141 70 44650
141 71 60071
141 72 30925
141 73 30625
141 74 32475
141 75 34137
141 76 43205
141 77 46118
141 78 56414
141 79 49712
141 80 48045
141 81 50547
141 82 23420
141 83 14958
141 84 8836
141 85 -938
141 86 -7391
141 87 11212
141 88 35338
141 89 21221
141 90 51913
141 91 2427
141 92 11477
141 93 5991
141 94 14647
141 95 12178
141 96 13753
141 97 12397
141 98 7264
141 99 11839
141 100 2189
141 101 42104
141 102 42012
141 103 55280
141 104 11844
141 105 29617
141 106 27903
141 107 38704
141 108 42773
141 109 41030
141 110 37582
141 111 36617
141 112 21744
141 113 -560
141 114 18637
141 115 22347
141 116 44591
141 117 16491
141 118 8682
141 119 -214
141 120 52571
141 121 51157
141 122 46924
141 123 33200
141 124 29062
141 125 12958
141 126 48294
141 127 33142
141 128 53902
141 129 55331
141 130 43567
141 131 50331
141 132 37857
141 133 31285
141 134 43458
141 135 62187
141 136 69172
141 137 19844
141 138 37272
141 139 43442
141 140 744
141 142 8899
141 143 38092
141 144 14164
141 145 22751
141 146 30213
141 147 17318
141 148 35147
141 149 34272
141 150 47013
141 151 21360
142 1 41151
142 2 12352
142 3 44657
142 4 27693
142 5 13962
142 6 19803
142 7 36024
142 8 31971
142 9 52214
142 10 44898
142 11 48745
142 12 34080
142 13 13139
142 14 -1899
142 15 340
142 16 7996
142 17 20531
142 18 25167
142 19 43620
142 20 55342
142 21 23004
142 22 18984
142 23 19133
142 24 46037
142 25 36832
142 26 27486
142 27 30354
142 28 31513
142 29 47058
142 30 47260
142 31 35805
142 32 50872
142 33 49521
142 34 52684
142 35 62284
142 36 46516
142 37 7636
142 38 5393
142 39 30152
142 40 21878
142 41 16761
142 42 -3237
142 43 -2688
142 44 5343
142 45 23419
142 46 32372
142 47 37880
142 48 32595
142 49 47551
142 50 41188
142 51 50154
142 52 31588
142 53 24926
142 54 35689
142 55 36301
142 56 26308
142 57 7369
142 58 17397
142 59 8204
142 60 22764
142 61 9516
142 62 41408
142 63 53809
142 64 47059
142 65 59993
142 66 50676
142 67 27059
142 68 36472
142 69 38759
142 70 45919
142 71 58981
142 72 20594
142 73 20667
142 74 21432
142 75 22696
142 76 39401
142 77 41836
142 78 52559
142 79 45754
142 80 42089
142 81 47895
142 82 30489
142 83 22455
142 84 18059
142 85 4252
142 86 5314
142 87 3814
142 88 39151
142 89 22633
142 90 55553
142 91 7859
142 92 10519
142 93 9679
142 94 13499
142 95 10185
142 96 15162
142 97 8578
142 98 8595
142 99 14416
142 100 2671
142 101 42844
142 102 39574
142 103 54514
142 104 14421
142 105 24507
142 106 32950
142 107 45325
142 108 46067
142 109 34687
142 110 28340
142 111 34060
142 112 20103
142 113 11938
142 114 26799
142 115 12483
142 116 40058
142 117 12781
142 118 14563
142 119 3330
142 120 50201
142 121 45470
142 122 47177
142 123 40018
142 124 37971
142 125 23050
142 126 52845
142 127 35301
142 128 55092
142 129 51229
142 130 35255
142 131 52870
142 132 37358
142 133 19611
142 134 36148
142 135 59768
142 136 67344
142 137 13562
142 138 32570
142 139 32729
142 140 5153
142 141 5493
142 143 47148
142 144 4360
142 145 10918
142 146 30116
142 147 18466
142 148 39471
142 149 27162
142 150 41057
142 151 19207
143 1 36322
143 2 52458
143 3 49350
143 4 58856
143 5 28521
143 6 38853
143 7 16530
143 8 18773
143 9 41909
143 10 19412
143 11 8769
143 12 49327
143 13 41971
143 14 47019
143 15 54122
143 16 37413
143 17 28919
143 18 23452
143 19 4031
143 20 35346
143 21 56468
143 22 62185
143 23 62104
143 24 62072
143 25 66114
143 26 48743
143 27 35667
143 28 42912
143 29 56426
143 30 29000
143 31 21267
143 32 20648
143 33 46196
143 34 50419
143 35 51090
143 36 -1972
143 37 44073
143 38 47630
143 39 66791
143 40 50073
143 41 63504
143 42 48519
143 43 53632
143 44 44932
143 45 17673
143 46 6166
143 47 -1378
143 48 4262
143 49 -8234
143 50 41276
143 51 38991
143 52 28461
143 53 44492
143 54 57665
143 55 63363
143 56 65013
143 57 54781
143 58 44506
143 59 37285
143 60 30744
143 61 33481
143 62 13239
143 63 17066
143 64 -3808
143 65 39908
143 66 26645
143 67 66374
143 68 47817
143 69 34683
143 70 30201
143 71 42871
143 72 57692
143 73 57699
143 74 61690
143 75 63562
143 76 46073
143 77 48262
143 78 51830
143 79 47815
143 80 55591
143 81 43279
143 82 12729
143 83 23022
143 84 28341
143 85 34669
143 86 32537
143 87 44614
143 88 21041
143 89 32943
143 90 23855
143 91 43140
143 92 43787
143 93 37420
143 94 38323
143 95 40346
143 96 38852
143 97 44297
143 98 42637
143 99 39238
143 100 41929
143 101 32076
143 102 38051
143 103 39248
143 104 39243
143 105 45716
143 106 19295
143 107 4216
143 108 19191
143 109 52389
143 110 59355
143 111 40183
143 112 37168
143 113 29006
143 114 16644
143 115 53468
143 116 48543
143 117 44993
143 118 24460
143 119 46410
143 120 42546
143 121 54558
143 122 33355
143 123 5791
143 124 6374
143 125 17822
143 126 16896
143 127 25932
143 128 32112
143 129 53553
143 130 59173
143 131 24127
143 132 35136
143 133 62412
143 134 54015
143 135 49770
143 136 53137
143 137 47213
143 138 47321
143 139 67319
143 140 46661
143 141 39720
143 142 52182
143 144 49073
143 145 56730
143 146 35897
143 147 33841
143 148 16226
143 149 50792
143 150 54559
143 151 32279
144 1 33057
144 2 2085
144 3 34913
144 4 17748
144 5 14294
144 6 15218
144 7 32413
144 8 31595
144 9 43227
144 10 39094
144 11 44726
144 12 24076
144 13 5646
144 14 7912
144 15 44
144 16 13746
144 17 24074
144 18 22076
144 19 40695
144 20 47536
144 21 12815
144 22 10795
144 23 11693
144 24 35742
144 25 27065
144 26 17458
144 27 22743
144 28 22509
144 29 36875
144 30 39870
144 31 29645
144 32 44465
144 33 40285
144 34 42899
144 35 52989
144 36 46028
144 37 8766
144 38 15556
144 39 21251
144 40 11813
144 41 9970
144 42 -135
144 43 3924
144 44 13599
144 45 24896
144 46 33165
144 47 36608
144 48 30559
144 49 45824
144 50 32201
144 51 41595
144 52 26207
144 53 15989
144 54 25397
144 55 26291
144 56 17441
144 57 -205
144 58 7995
144 59 6932
144 60 21455
144 61 12998
144 62 36731
144 63 48588
144 64 43580
144 65 51215
144 66 42767
144 67 19116
144 68 26403
144 69 31205
144 70 38809
144 71 50198
144 72 10940
144 73 10767
144 74 12378
144 75 14094
144 76 29895
144 77 32104
144 78 42829
144 79 36047
144 80 31944
144 81 38614
144 82 28347
144 83 21765
144 84 19639
144 85 6904
144 86 12699
144 87 -3210
144 88 34070
144 89 17534
144 90 49692
144 91 12566
144 92 9107
144 93 10361
144 94 8428
144 95 5921
144 96 12555
144 97 4683
144 98 9945
144 99 13251
144 100 6496
144 101 35556
144 102 30513
144 103 45960
144 104 13256
144 105 14949
144 106 29192
144 107 41903
144 108 40125
144 109 24511
144 110 18227
144 111 25253
144 112 12966
144 113 16932
144 114 26007
144 115 2411
144 116 30276
144 117 7007
144 118 13422
144 119 11903
144 120 40975
144 121 35329
144 122 39380
144 123 37025
144 124 37051
144 125 24272
144 126 47620
144 127 29250
144 128 47594
144 129 41469
144 130 24999
144 131 46191
144 132 29562
144 133 11374
144 134 25854
144 135 50450
144 136 58207
144 137 4563
144 138 22915
144 139 23401
144 140 15232
144 141 12555
144 142 6157
144 143 45836
144 145 3214
144 146 23183
144 147 13825
144 148 34605
144 149 16916
144 150 30912
144 151 11170
145 1 36373
145 2 4762
145 3 34346
145 4 11121
145 5 24322
145 6 23820
145 7 40295
145 8 41118
145 9 44247
145 10 44898
145 11 51925
145 12 23105
145 13 13139
145 14 16101
145 15 340
145 16 23806
145 17 34365
145 18 30661
145 19 48723
145 20 50660
145 21 8666
145 22 984
145 23 1530
145 24 31500
145 25 19567
145 26 17126
145 27 27513
145 28 24986
145 29 34066
145 30 43782
145 31 35386
145 32 49369
145 33 40991
145 34 41719
145 35 53089
145 36 55229
145 37 19057
145 38 22996
145 39 12196
145 40 12704
145 41 -209
145 42 8290
145 43 7496
145 44 22857
145 45 34932
145 46 42925
145 47 45549
145 48 39236
145 49 54374
145 50 33821
145 51 43615
145 52 33161
145 53 19620
145 54 21156
145 55 19630
145 56 8388
145 57 3469
145 58 11744
145 59 17008
145 60 30991
145 61 23287
145 62 43603
145 63 54713
145 64 50960
145 65 52282
145 66 45523
145 67 9231
145 68 24634
145 69 35502
145 70 43259
145 71 51446
145 72 3911
145 73 5227
145 74 3869
145 75 4728
145 76 30406
145 77 31716
145 78 41972
145 79 35457
145 80 29791
145 81 39108
145 82 37108
145 83 31359
145 84 29800
145 85 17194
145 86 22429
145 87 6785
145 88 40820
145 89 25316
145 90 55241
145 91 22674
145 92 19286
145 93 20600
145 94 17180
145 95 15424
145 96 22175
145 97 14677
145 98 20240
145 99 23224
145 100 16599
145 101 39948
145 102 31826
145 103 47791
145 104 23229
145 105 16946
145 106 37096
145 107 49559
145 108 45726
145 109 22506
145 110 12666
145 111 27762
145 112 19346
145 113 27168
145 114 35426
145 115 3036
145 116 29832
145 117 16155
145 118 23046
145 119 20959
145 120 41465
145 121 32868
145 122 42795
145 123 45079
145 124 46207
145 125 34266
145 126 53763
145 127 35301
145 128 51134
145 129 40676
145 130 20031
145 131 50773
145 132 33560
145 133 1611
145 134 21835
145 135 50536
145 136 58617
145 137 11175
145 138 23625
145 139 15017
145 140 22895
145 141 22288
145 142 13861
145 143 54639
145 144 4360
145 146 28933
145 147 22182
145 148 41421
145 149 14837
145 150 28759
145 151 15872
146 1 10776
146 2 18904
146 3 19632
146 4 22086
146 5 12316
146 6 10809
146 7 12291
146 8 19547
146 9 22894
146 10 15189
146 11 22372
146 12 14231
146 13 9788
146 14 25716
146 15 24103
146 16 22199
146 17 23379
146 18 7192
146 19 20280
146 20 24403
146 21 20026
146 22 26764
146 23 25816
146 24 28673
146 25 29789
146 26 12056
146 27 410
146 28 7132
146 29 25598
146 30 16244
146 31 5669
146 32 20384
146 33 21417
146 34 26422
146 35 33541
146 36 29648
146 37 20058
146 38 32047
146 39 29998
146 40 13796
146 41 29074
146 42 21317
146 43 27140
146 44 27223
146 45 17673
146 46 21208
146 47 19489
146 48 12862
146 49 26592
146 50 12966
146 51 20079
146 52 4450
146 53 7959
146 54 21909
146 55 27221
146 56 28451
146 57 23189
146 58 9066
146 59 12805
146 60 14244
146 61 17873
146 62 13930
146 63 24919
146 64 21420
146 65 29859
146 66 19747
146 67 29583
146 68 15019
146 69 7882
146 70 14936
146 71 29005
146 72 21370
146 73 21685
146 74 25783
146 75 27435
146 76 14143
146 77 17247
146 78 26339
146 79 19980
146 80 21968
146 81 19748
146 82 11794
146 83 12673
146 84 17272
146 85 14597
146 86 21526
146 87 14562
146 88 11172
146 89 4349
146 90 25700
146 91 23291
146 92 18200
146 93 15879
146 94 9195
146 95 12178
146 96 13753
146 97 16186
146 98 19619
146 99 16077
146 100 19366
146 101 11828
146 102 11287
146 103 24264
146 104 16082
146 105 8963
146 106 9551
146 107 20476
146 108 16136
146 109 16967
146 110 22560
146 111 6815
146 112 3008
146 113 20420
146 114 13781
146 115 19673
146 116 16317
146 117 15226
146 118 7373
146 119 26988
146 120 21602
146 121 23610
146 122 16290
146 123 16836
146 124 21300
146 125 16765
146 126 23963
146 127 5470
146 128 24077
146 129 25705
146 130 23172
146 131 22153
146 132 6766
146 133 26813
146 134 19621
146 135 31180
146 136 38061
146 137 14283
146 138 11516
146 139 30526
146 140 31299
146 141 23568
146 142 26877
146 143 27624
146 144 18147
146 145 22751
146 147 6004
146 148 11758
146 149 14128
146 150 20936
146 151 -4446
147 1 20667
147 2 14728
147 3 28558
147 4 24564
147 5 3279
147 6 1407
147 7 14694
147 8 15787
147 9 32786
147 10 22537
147 11 27113
147 12 20971
147 13 4248
147 14 16267
147 15 17503
147 16 12339
147 17 15019
147 18 4584
147 19 22993
147 20 33922
147 21 20328
147 22 24716
147 23 25128
147 24 35543
147 25 33471
147 26 16345
147 27 10054
147 28 14675
147 29 33720
147 30 25537
147 31 13512
147 32 28562
147 33 31128
147 34 35889
147 35 43410
147 36 29263
147 37 10586
147 38 22231
147 39 31412
147 40 14224
147 41 25780
147 42 13182
147 43 19101
147 44 17377
147 45 11579
147 46 17905
147 47 19489
147 48 13164
147 49 28349
147 50 22593
147 51 29968
147 52 9227
147 53 10567
147 54 27123
147 55 31386
147 56 28655
147 57 17379
147 58 7995
147 59 3148
147 60 6679
147 61 8137
147 62 19333
147 63 31559
147 64 25889
147 65 39702
147 66 29242
147 67 30718
147 68 22799
147 69 17657
147 70 24049
147 71 38883
147 72 21114
147 73 20832
147 74 24573
147 75 26568
147 76 22880
147 77 25952
147 78 35742
147 79 29186
147 80 29286
147 81 29491
147 82 11034
147 83 6645
147 84 8836
147 85 4706
147 86 11765
147 87 7502
147 88 16879
147 89 300
147 90 33193
147 91 13443
147 92 8917
147 93 5991
147 94 878
147 95 3625
147 96 3964
147 97 7873
147 98 9945
147 99 6195
147 100 9779
147 101 21224
147 102 20975
147 103 34117
147 104 6200
147 105 12054
147 106 11474
147 107 24190
147 108 23708
147 109 23105
147 110 24618
147 111 15852
147 112 1937
147 113 11196
147 114 9958
147 115 15744
147 116 24677
147 117 7683
147 118 -720
147 119 17258
147 120 31432
147 121 31788
147 122 25931
147 123 19324
147 124 20254
147 125 10719
147 126 30591
147 127 13013
147 128 33351
147 129 34865
147 130 27913
147 131 30636
147 132 16651
147 133 25025
147 134 26021
147 135 41031
147 136 47960
147 137 9490
147 138 18139
147 139 32414
147 140 21463
147 141 13668
147 142 18222
147 143 28563
147 144 11784
147 145 18995
147 146 8999
147 148 17294
147 149 18057
147 150 28254
147 151 994
148 1 14410
148 2 35994
148 3 27485
148 4 38351
148 5 20007
148 6 24407
148 7 3083
148 8 16395
148 9 22163
148 10 1165
148 11 4916
148 12 27808
148 13 26060
148 14 38199
148 15 40293
148 16 31209
148 17 26935
148 18 10961
148 19 4441
148 20 17695
148 21 37315
148 22 44228
148 23 43077
148 24 40152
148 25 44861
148 26 28261
148 27 15276
148 28 21995
148 29 34568
148 30 9583
148 31 -661
148 32 7439
148 33 24879
148 34 29748
148 35 32375
148 36 16565
148 37 32941
148 38 42482
148 39 46545
148 40 31212
148 41 46470
148 42 36169
148 43 42070
148 44 37897
148 45 17149
148 46 13929
148 47 7107
148 48 2209
148 49 10665
148 50 19375
148 51 18771
148 52 10213
148 53 25358
148 54 36214
148 55 42014
148 56 45559
148 57 39755
148 58 26481
148 59 25461
148 60 20905
148 61 26488
148 62 -3524
148 63 8647
148 64 3957
148 65 24490
148 66 11734
148 67 46087
148 68 25905
148 69 12870
148 70 9258
148 71 25257
148 72 38688
148 73 39110
148 74 43210
148 75 44798
148 76 24175
148 77 26332
148 78 30684
148 79 26166
148 80 33732
148 81 22306
148 82 5812
148 83 15657
148 84 22585
148 85 25457
148 86 29070
148 87 30305
148 88 16
148 89 17163
148 90 11098
148 91 34405
148 92 31613
148 93 27141
148 94 23797
148 95 26625
148 96 26293
148 97 30873
148 98 31940
148 99 27813
148 100 31783
148 101 10269
148 102 16303
148 103 20708
148 104 27818
148 105 26076
148 106 4894
148 107 3488
148 108 2334
148 109 30914
148 110 39189
148 111 18640
148 112 19707
148 113 26062
148 114 11942
148 115 36850
148 116 26631
148 117 30525
148 118 14627
148 119 38467
148 120 22341
148 121 32677
148 122 12816
148 123 1973
148 124 11268
148 125 16504
148 126 7688
148 127 4852
148 128 15627
148 129 31925
148 130 37814
148 131 10178
148 132 13357
148 133 44270
148 134 32197
148 135 30616
148 136 35419
148 137 31017
148 138 26199
148 139 46899
148 140 41585
148 141 33308
148 142 41038
148 143 12759
148 144 34375
148 145 40045
148 146 16564
148 147 19105
148 149 30180
148 150 32700
148 151 12915
149 1 19458
149 2 13729
149 3 14247
149 4 2883
149 5 26142
149 6 22494
149 7 31621
149 8 38039
149 9 24506
149 10 30809
149 11 40136
149 12 3072
149 13 13894
149 14 29691
149 15 19250
149 16 31963
149 17 37965
149 18 25613
149 19 39228
149 20 32455
149 21 5548
149 22 13232
149 23 8809
149 24 13816
149 25 10498
149 26 -149
149 27 14940
149 28 9314
149 29 14718
149 30 26757
149 31 22042
149 32 33246
149 33 21234
149 34 21654
149 35 33006
149 36 49064
149 37 26706
149 38 37395
149 39 11101
149 40 6215
149 41 17388
149 42 22001
149 43 25387
149 44 34133
149 45 34828
149 46 40047
149 47 38904
149 48 32278
149 49 45643
149 50 14992
149 51 24601
149 52 23854
149 53 9927
149 54 4038
149 55 8146
149 56 11009
149 57 18816
149 58 7631
149 59 21499
149 60 30008
149 61 29095
149 62 31733
149 63 40570
149 64 38867
149 65 32405
149 66 26745
149 67 10621
149 68 4620
149 69 20402
149 70 27299
149 71 31717
149 72 5953
149 73 8330
149 74 11386
149 75 11707
149 76 10916
149 77 11680
149 78 21854
149 79 15341
149 80 9927
149 81 19215
149 82 31085
149 83 29733
149 84 31921
149 85 23810
149 86 31648
149 87 15545
149 88 29412
149 89 20225
149 90 40226
149 91 31247
149 92 25160
149 93 25626
149 94 17802
149 95 18970
149 96 24152
149 97 20915
149 98 27248
149 99 26456
149 100 25750
149 101 24301
149 102 12588
149 103 28470
149 104 26461
149 105 5167
149 106 28965
149 107 38929
149 108 31127
149 109 2489
149 110 4003
149 111 10935
149 112 13401
149 113 33111
149 114 32183
149 115 13299
149 116 9818
149 117 20050
149 118 22619
149 119 32865
149 120 21522
149 121 13259
149 122 25313
149 123 35939
149 124 40653
149 125 33947
149 126 39712
149 127 23157
149 128 33313
149 129 20552
149 130 4586
149 131 34189
149 132 18137
149 133 12722
149 134 3935
149 135 30457
149 136 38580
149 137 14371
149 138 5531
149 139 11430
149 140 36962
149 141 32015
149 142 28311
149 143 46907
149 144 16268
149 145 13043
149 146 18516
149 147 19450
149 148 29762
149 150 8895
149 151 5319
150 1 16531
150 2 25700
150 3 3924
150 4 9282
150 5 34674
150 6 31187
150 7 34287
150 8 43576
150 9 14771
150 10 28807
150 11 39343
150 12 2117
150 13 24282
150 14 41193
150 15 31275
150 16 42171
150 17 46397
150 18 31275
150 19 40272
150 20 25417
150 21 17252
150 22 24139
150 23 16783
150 24 4651
150 25 10945
150 26 9283
150 27 18461
150 28 12912
150 29 2892
150 30 21790
150 31 21786
150 32 28509
150 33 12016
150 34 9873
150 35 21943
150 36 51722
150 37 37398
150 38 48838
150 39 16419
150 40 17671
150 41 28654
150 42 33765
150 43 37413
150 44 45110
150 45 41664
150 46 44996
150 47 41702
150 48 35381
150 49 46473
150 50 9420
150 51 16720
150 52 27661
150 53 18450
150 54 3045
150 55 7987
150 56 19425
150 57 30844
150 58 18290
150 59 31540
150 60 37548
150 61 38753
150 62 31589
150 63 37691
150 64 37071
150 65 21891
150 66 18408
150 67 14626
150 68 -6981
150 69 19919
150 70 24086
150 71 21733
150 72 16758
150 73 19949
150 74 22253
150 75 21604
150 76 5482
150 77 2577
150 78 10370
150 79 4454
150 80 -2115
150 81 9318
150 82 35208
150 83 36562
150 84 40198
150 85 33972
150 86 41888
150 87 27022
150 88 30395
150 89 27205
150 90 36733
150 91 41819
150 92 35639
150 93 35523
150 94 27402
150 95 29240
150 96 33573
150 97 31759
150 98 37726
150 99 36028
150 100 36612
150 101 22107
150 102 5456
150 103 19543
150 104 36033
150 105 14385
150 106 32351
150 107 39046
150 108 28469
150 109 1743
150 110 13150
150 111 11177
150 112 21432
150 113 42399
150 114 37840
150 115 25328
150 116 1874
150 117 30665
150 118 30423
150 119 44030
150 120 11225
150 121 1270
150 122 20112
150 123 37474
150 124 44294
150 125 40755
150 126 36985
150 127 24481
150 128 26690
150 129 9371
150 130 4734
150 131 28955
150 132 17671
150 133 23403
150 134 -3590
150 135 19444
150 136 27679
150 137 25585
150 138 9095
150 139 16605
150 140 48343
150 141 42615
150 142 40065
150 143 48533
150 144 28123
150 145 24824
150 146 23183
150 147 27506
150 148 30141
150 149 6754
150 151 11649
END
NODE_CONSUMPTION
0 1 10
0 2 7
0 3 13
0 4 19
0 5 26
0 6 3
0 7 5
0 8 9
0 9 16
0 10 16
0 11 12
0 12 19
0 13 23
0 14 20
0 15 8
0 16 19
0 17 2
0 18 12
0 19 17
0 20 9
0 21 11
0 22 18
0 23 29
0 24 3
0 25 6
0 26 17
0 27 16
0 28 16
0 29 9
0 30 21
0 31 27
0 32 23
0 33 11
0 34 14
0 35 8
0 36 5
0 37 8
0 38 16
0 39 31
0 40 9
0 41 5
0 42 5
0 43 7
0 44 18
0 45 16
0 46 1
0 47 27
0 48 36
0 49 30
0 50 13
0 51 10
0 52 9
0 53 14
0 54 18
0 55 2
0 56 6
0 57 7
0 58 18
0 59 28
0 60 3
0 61 13
0 62 19
0 63 10
0 64 9
0 65 20
0 66 25
0 67 25
0 68 36
0 69 6
0 70 5
0 71 15
0 72 25
0 73 9
0 74 8
0 75 18
0 76 13
0 77 14
0 78 3
0 79 23
0 80 6
0 81 26
0 82 16
0 83 11
0 84 7
0 85 41
0 86 35
0 87 26
0 88 9
0 89 15
0 90 3
0 91 1
0 92 2
0 93 22
0 94 27
0 95 20
0 96 11
0 97 12
0 98 10
0 99 9
0 100 17
0 101 7
0 102 30
0 103 16
0 104 9
0 105 21
0 106 15
0 107 19
0 108 23
0 109 11
0 110 5
0 111 19
0 112 29
0 113 23
0 114 21
0 115 10
0 116 15
0 117 3
0 118 41
0 119 9
0 120 28
0 121 8
0 122 8
0 123 16
0 124 10
0 125 28
0 126 7
0 127 15
0 128 14
0 129 6
0 130 19
0 131 11
0 132 12
0 133 23
0 134 26
0 135 17
0 136 6
0 137 9
0 138 15
0 139 14
0 140 7
0 141 27
0 142 13
0 143 11
0 144 16
0 145 10
0 146 5
0 147 25
0 148 17
0 149 18
0 150 10
END
