NAME : ./data/ESPPRC - Test Instances/M-n121-k7_a.simplified-vrp
SIZE : 122
DIRECTED : 1
CYCLIC : 1
ORIGIN : 0
DESTINATION : 121
RESOURCES : 1
RES_NAMES : 0
RES_TYPE
0 CAP
END
RES_BOUND
0 0 200
END
EDGE_COST
0 1 29883
0 2 35308
0 3 38446
0 4 41199
0 5 36704
0 6 36436
0 7 34692
0 8 35993
0 9 43543
0 10 38927
0 11 41092
0 12 37580
0 13 43707
0 14 42458
0 15 39822
0 16 62247
0 17 57285
0 18 14181
0 19 61284
0 20 69728
0 21 63079
0 22 69584
0 23 63277
0 24 73563
0 25 67110
0 26 66360
0 27 72746
0 28 70967
0 29 61613
0 30 79337
0 31 72346
0 32 76751
0 33 80105
0 34 83059
0 35 76788
0 36 85441
0 37 58805
0 38 63894
0 39 64873
0 40 58472
0 41 62240
0 42 63681
0 43 64500
0 44 72366
0 45 70096
0 46 75423
0 47 74685
0 48 71254
0 49 79172
0 50 80702
0 51 68100
0 52 67925
0 53 71298
0 54 71613
0 55 72947
0 56 73398
0 57 74600
0 58 70746
0 59 65984
0 60 83967
0 61 75648
0 62 82881
0 63 78341
0 64 80915
0 65 72969
0 66 76482
0 67 36929
0 68 40768
0 69 38392
0 70 37039
0 71 45912
0 72 47875
0 73 45709
0 74 49118
0 75 37638
0 76 48664
0 77 39474
0 78 52968
0 79 55404
0 80 50999
0 81 3821
0 82 1641
0 83 13554
0 84 8539
0 85 4986
0 86 5498
0 87 2294
0 88 1856
0 89 6933
0 90 8789
0 91 10410
0 92 6617
0 93 7705
0 94 10785
0 95 2527
0 96 7220
0 97 7872
0 98 15341
0 99 8273
0 100 11631
0 101 6033
0 102 4173
0 103 8766
0 104 8686
0 105 3939
0 106 5719
0 107 8032
0 108 14584
0 109 13687
0 110 16817
0 111 4529
0 112 8807
0 113 11481
0 114 14286
0 115 14275
0 116 11016
0 117 11910
0 118 17263
0 119 -1389
0 120 -3470
1 2 -7290
1 3 480
1 4 3610
1 5 1772
1 6 4876
1 7 3467
1 8 7553
1 9 9719
1 10 3430
1 11 4692
1 12 6382
1 13 9231
1 14 5561
1 15 1606
1 16 36412
1 17 32731
1 18 32552
1 19 35867
1 20 46810
1 21 42124
1 22 42697
1 23 39935
1 24 46823
1 25 41502
1 26 44356
1 27 46426
1 28 46869
1 29 42664
1 30 53283
1 31 47362
1 32 53999
1 33 53151
1 34 58418
1 35 53565
1 36 61865
1 37 55645
1 38 62519
1 39 64668
1 40 63530
1 41 59766
1 42 62912
1 43 67025
1 44 68860
1 45 72000
1 46 71631
1 47 71981
1 48 70687
1 49 75108
1 50 78304
1 51 67712
1 52 84973
1 53 89439
1 54 88420
1 55 91175
1 56 92952
1 57 90443
1 58 88720
1 59 79826
1 60 101743
1 61 90533
1 62 98474
1 63 95612
1 64 96924
1 65 86596
1 66 92178
1 67 73187
1 68 70478
1 69 75815
1 70 74741
1 71 79747
1 72 81495
1 73 78010
1 74 82328
1 75 71258
1 76 80089
1 77 70546
1 78 84761
1 79 85074
1 80 81669
1 81 30983
1 82 38426
1 83 26387
1 84 31260
1 85 33845
1 86 39617
1 87 38665
1 88 42018
1 89 37122
1 90 34469
1 91 38549
1 92 38281
1 93 40945
1 94 41848
1 95 41438
1 96 41503
1 97 36872
1 98 47211
1 99 46347
1 100 48305
1 101 45597
1 102 45319
1 103 48855
1 104 49841
1 105 47756
1 106 48899
1 107 50974
1 108 25091
1 109 27500
1 110 45455
1 111 39502
1 112 34912
1 113 26162
1 114 33286
1 115 39527
1 116 45463
1 117 31736
1 118 33235
1 119 35369
1 120 42383
1 121 43850
2 1 -14604
2 3 -406
2 4 2828
2 5 498
2 6 3466
2 7 2242
2 8 6921
2 9 8827
2 10 2621
2 11 4120
2 12 6025
2 13 8840
2 14 5419
2 15 1426
2 16 36246
2 17 32483
2 18 30553
2 19 35710
2 20 46500
2 21 41702
2 22 42659
2 23 39674
2 24 46786
2 25 41391
2 26 44027
2 27 46391
2 28 46694
2 29 42271
2 30 53249
2 31 47261
2 32 53763
2 33 53184
2 34 58321
2 35 53366
2 36 61704
2 37 54568
2 38 61385
2 39 63498
2 40 62206
2 41 58687
2 42 61779
2 43 65794
2 44 67835
2 45 70804
2 46 70628
2 47 70941
2 48 69577
2 49 74126
2 50 77282
2 51 66624
2 52 83368
2 53 87813
2 54 86827
2 55 89554
2 56 91306
2 57 88877
2 58 87111
2 59 78315
2 60 100148
2 61 89009
2 62 96934
2 63 94036
2 64 95378
2 65 85107
2 66 90655
2 67 71209
2 68 68574
2 69 73830
2 70 72755
2 71 77796
2 72 79551
2 73 76074
2 74 80386
2 75 69314
2 76 78165
2 77 68631
2 78 82840
2 79 83183
2 80 79769
2 81 29162
2 82 36566
2 83 24447
2 84 29317
2 85 31905
2 86 37696
2 87 36725
2 88 40131
2 89 35155
2 90 32481
2 91 36566
2 92 36312
2 93 38959
2 94 39853
2 95 39480
2 96 39517
2 97 34872
2 98 45220
2 99 44358
2 100 46309
2 101 43619
2 102 43356
2 103 46864
2 104 47860
2 105 45806
2 106 46940
2 107 49003
2 108 23101
2 109 25548
2 110 43466
2 111 37595
2 112 32993
2 113 24218
2 114 31286
2 115 37540
2 116 43463
2 117 29815
2 118 31235
2 119 33599
2 120 40537
2 121 41961
3 1 -9393
3 2 -2965
3 4 -3452
3 5 -4713
3 6 -1631
3 7 -3575
3 8 605
3 9 2529
3 10 -3704
3 11 -2078
3 12 -148
3 13 2707
3 14 -335
3 15 -4189
3 16 30164
3 17 26330
3 18 29318
3 19 29633
3 20 40299
3 21 35437
3 22 36702
3 23 33505
3 24 40828
3 25 35354
3 26 37812
3 27 40430
3 28 40593
3 29 36014
3 30 47287
3 31 41227
3 32 47610
3 33 47299
3 34 52289
3 35 47241
3 36 55611
3 37 48434
3 38 55311
3 39 57466
3 40 56401
3 41 52555
3 42 55703
3 43 59843
3 44 61655
3 45 64804
3 46 64431
3 47 64774
3 48 63476
3 49 67913
3 50 71100
3 51 60501
3 52 78231
3 53 82744
3 54 81651
3 55 84466
3 56 86304
3 57 83619
3 58 81984
3 59 72907
3 60 94976
3 61 83632
3 62 91599
3 63 88803
3 64 90059
3 65 79640
3 66 85274
3 67 68544
3 68 64986
3 69 71322
3 70 70260
3 71 74686
3 72 76353
3 73 72793
3 74 77162
3 75 66116
3 76 74755
3 77 65130
3 78 79387
3 79 79465
3 80 76120
3 81 30441
3 82 37458
3 83 24732
3 84 29438
3 85 32015
3 86 38005
3 87 36774
3 88 40753
3 89 34835
3 90 31699
3 91 35918
3 92 35948
3 93 38177
3 94 38768
3 95 39247
3 96 38705
3 97 33319
3 98 42990
3 99 43418
3 100 45087
3 101 42969
3 102 43006
3 103 45820
3 104 47101
3 105 45640
3 106 46612
3 107 48460
3 108 21111
3 109 22706
3 110 41212
3 111 38055
3 112 33397
3 113 24425
3 114 29844
3 115 35262
3 116 41844
3 117 30259
3 118 29829
3 119 35140
3 120 41430
3 121 42540
4 1 -8542
4 2 -2010
4 3 -5731
4 5 -4477
4 6 -1754
4 7 -4103
4 8 -359
4 9 1663
4 10 -4630
4 11 -3078
4 12 -1146
4 13 1707
4 14 -1301
4 15 -5102
4 16 29164
4 17 25333
4 18 29554
4 19 28633
4 20 39305
4 21 34452
4 22 35702
4 23 32509
4 24 39829
4 25 34354
4 26 36819
4 27 39431
4 28 39594
4 29 35029
4 30 46287
4 31 40227
4 32 46613
4 33 46302
4 34 51289
4 35 46243
4 36 54611
4 37 47600
4 38 54498
4 39 56667
4 40 55671
4 41 51720
4 42 54889
4 43 59068
4 44 60802
4 45 64015
4 46 63570
4 47 63925
4 48 62652
4 49 67046
4 50 70245
4 51 59669
4 52 77665
4 53 82193
4 54 81075
4 55 83911
4 56 85767
4 57 83024
4 58 81419
4 59 72276
4 60 94400
4 61 83008
4 62 90985
4 63 88212
4 64 89448
4 65 78994
4 66 84648
4 67 68474
4 68 64747
4 69 71278
4 70 70217
4 71 74533
4 72 76183
4 73 72610
4 74 76988
4 75 65946
4 76 74548
4 77 64905
4 78 79169
4 79 79197
4 80 75864
4 81 31023
4 82 37981
4 83 25207
4 84 29873
4 85 32440
4 86 38452
4 87 37182
4 88 41238
4 89 35195
4 90 31994
4 91 36230
4 92 36299
4 93 38459
4 94 39005
4 95 39608
4 96 38981
4 97 33480
4 98 43020
4 99 43666
4 100 45289
4 101 43263
4 102 43345
4 103 46044
4 104 47372
4 105 46002
4 106 46950
4 107 48761
4 108 21235
4 109 22660
4 110 41245
4 111 38523
4 112 33866
4 113 24886
4 114 30043
4 115 35299
4 116 41981
4 117 30743
4 118 30041
4 119 35744
4 120 41938
4 121 43014
5 1 -8119
5 2 -2079
5 3 -4731
5 4 -2216
5 6 -3518
5 7 -4969
5 8 214
5 9 2057
5 10 -3704
5 11 -1606
5 12 -148
5 13 2927
5 14 363
5 15 -3171
5 16 30164
5 17 26235
5 18 27371
5 19 29633
5 20 40122
5 21 35129
5 22 36829
5 23 33378
5 24 40952
5 25 35396
5 26 37604
5 27 40548
5 28 40554
5 29 35713
5 30 47400
5 31 41265
5 32 47497
5 33 47483
5 34 52325
5 35 47167
5 36 55575
5 37 47361
5 38 54174
5 39 56290
5 40 55058
5 41 51479
5 42 54568
5 43 58600
5 44 60639
5 45 63600
5 46 63438
5 47 63741
5 48 62366
5 49 66944
5 50 70086
5 51 59415
5 52 76595
5 53 81087
5 54 80028
5 55 82815
5 56 84628
5 57 82024
5 58 80346
5 59 71369
5 60 93353
5 61 82083
5 62 90033
5 63 87201
5 64 88488
5 65 78127
5 66 83727
5 67 66550
5 68 63049
5 69 69324
5 70 68262
5 71 72711
5 72 74385
5 73 70830
5 74 75195
5 75 64148
5 76 72802
5 77 63186
5 78 77439
5 79 77543
5 80 74191
5 81 28821
5 82 35756
5 83 22974
5 84 27637
5 85 30204
5 86 36216
5 87 34947
5 88 39005
5 89 32967
5 90 29785
5 91 34015
5 92 34074
5 93 36256
5 94 36822
5 95 37380
5 96 36780
5 97 31343
5 98 40990
5 99 41478
5 100 43126
5 101 41055
5 102 41123
5 103 43868
5 104 45174
5 105 43775
5 106 44728
5 107 46551
5 108 19124
5 109 20709
5 110 39213
5 111 36288
5 112 31632
5 113 22651
5 114 27880
5 115 33263
5 116 39861
5 117 28511
5 118 27871
5 119 33552
5 120 39708
5 121 40780
6 1 -5974
6 2 -70
6 3 -2608
6 4 -452
6 5 -4477
6 7 -6575
6 8 -919
6 9 1663
6 10 -3260
6 11 -1078
6 12 -882
6 13 2651
6 14 639
6 15 -2363
6 16 29262
6 17 25235
6 18 25698
6 19 28724
6 20 39033
6 21 33912
6 22 36049
6 23 32335
6 24 40167
6 25 34524
6 26 36481
6 27 39750
6 28 39594
6 29 34483
6 30 46594
6 31 40381
6 32 46459
6 33 46751
6 34 51434
6 35 46167
6 36 54611
6 37 45469
6 38 52238
6 39 54326
6 40 52986
6 41 49585
6 42 52631
6 43 56590
6 44 58787
6 45 61615
6 46 61604
6 47 61876
6 48 60446
6 49 65127
6 50 68234
6 51 57509
6 52 74387
6 53 78872
6 54 77824
6 55 80602
6 56 82408
6 57 79830
6 58 78137
6 59 69197
6 60 91148
6 61 79905
6 62 87850
6 63 85003
6 64 86301
6 65 75966
6 66 81550
6 67 64483
6 68 60863
6 69 67281
6 70 66220
6 71 70578
6 72 72240
6 73 68677
6 74 73047
6 75 62003
6 76 70634
6 77 61007
6 78 75265
6 79 75344
6 80 71997
6 81 27880
6 82 34654
6 83 21793
6 84 26349
6 85 28887
6 86 34942
6 87 33584
6 88 37809
6 89 31514
6 90 28212
6 91 32472
6 92 32601
6 93 34655
6 94 35144
6 95 35922
6 96 35167
6 97 29546
6 98 39023
6 99 39813
6 100 41389
6 101 39468
6 102 39619
6 103 42163
6 104 43546
6 105 42313
6 106 43219
6 107 44975
6 108 17282
6 109 18662
6 110 37250
6 111 35057
6 112 30417
6 113 21433
6 114 26148
6 115 31304
6 116 38029
6 117 27338
6 118 26161
6 119 32650
6 120 38551
6 121 39553
7 1 -4562
7 2 1527
7 3 -1731
7 4 20
7 5 -3107
7 6 -3754
7 8 -2919
7 9 293
7 10 -3866
7 11 -1955
7 12 -2837
7 13 918
7 14 -771
7 15 -3249
7 16 27267
7 17 23236
7 18 26330
7 19 26729
7 20 37034
7 21 31921
7 22 34066
7 23 30335
7 24 38184
7 25 32531
7 26 34482
7 27 37765
7 28 37596
7 29 32494
7 30 44608
7 31 38387
7 32 44459
7 33 44775
7 34 49440
7 35 44168
7 36 52613
7 37 43757
7 38 50569
7 39 52686
7 40 51488
7 41 47876
7 42 50962
7 43 55004
7 44 57042
7 45 59999
7 46 59845
7 47 60141
7 48 58761
7 49 63355
7 50 66489
7 51 55811
7 52 73235
7 53 77752
7 54 76653
7 55 79473
7 56 81318
7 57 78619
7 58 76988
7 59 67912
7 60 89978
7 61 78636
7 62 86600
7 63 83803
7 64 85060
7 65 74651
7 66 80278
7 67 64375
7 68 60397
7 69 67229
7 70 66168
7 71 70296
7 72 71919
7 73 68331
7 74 72719
7 75 61682
7 76 70237
7 77 60571
7 78 74844
7 79 74818
7 80 71496
7 81 29205
7 82 35846
7 83 22955
7 84 27396
7 85 29898
7 86 35987
7 87 34542
7 88 38918
7 89 32385
7 90 28955
7 91 33245
7 92 33450
7 93 35351
7 94 35743
7 95 36776
7 96 35846
7 97 29980
7 98 39154
7 99 40417
7 100 41896
7 101 40170
7 102 40418
7 103 42707
7 104 44191
7 105 43154
7 106 44007
7 107 45681
7 108 17690
7 109 18662
7 110 37396
7 111 36141
7 112 31526
7 113 22559
7 114 26697
7 115 31466
7 116 38395
7 117 28494
7 118 26749
7 119 33990
7 120 39679
7 121 40630
8 1 5868
8 2 12550
8 3 8793
8 4 10108
8 5 8420
8 6 8246
8 7 3425
8 9 9237
8 10 5503
8 11 5627
8 12 -13017
8 13 918
8 14 639
8 15 2088
8 16 15318
8 17 11242
8 18 32366
8 19 14772
8 20 25039
8 21 19996
8 22 22217
8 23 18335
8 24 26327
8 25 20596
8 26 22499
8 27 25888
8 28 25610
8 29 20580
8 30 32720
8 31 26437
8 32 32459
8 33 32963
8 34 37484
8 35 32171
8 36 40624
8 37 33925
8 38 41038
8 39 43355
8 40 43116
8 41 38033
8 42 41402
8 43 46001
8 44 46924
8 45 50766
8 46 49618
8 47 50084
8 48 49047
8 49 53028
8 50 56333
8 51 45967
8 52 67030
8 53 71735
8 54 70304
8 55 73369
8 56 75444
8 57 72007
8 58 70746
8 59 60815
8 60 83570
8 61 71596
8 62 79685
8 63 77185
8 64 78179
8 65 67312
8 66 73164
8 67 64859
8 68 58730
8 69 68014
8 70 66934
8 71 69675
8 72 71024
8 73 67364
8 74 71801
8 75 60787
8 76 68951
8 77 59010
8 78 73341
8 79 72677
8 80 69457
8 81 38228
8 82 44149
8 83 31554
8 84 35281
8 85 37491
8 86 43648
8 87 41740
8 88 46798
8 89 39272
8 90 35310
8 91 39690
8 92 40194
8 93 41255
8 94 41181
8 95 43388
8 96 41627
8 97 34549
8 98 41683
8 99 45642
8 100 46589
8 101 45915
8 102 46669
8 103 47463
8 104 49526
8 105 49546
8 106 50111
8 107 51298
8 108 22951
8 109 21425
8 110 40212
8 111 43975
8 112 39621
8 113 30965
8 114 32286
8 115 34561
8 116 42317
8 117 36913
8 118 32657
8 119 42940
8 120 47442
8 121 48275
9 1 -4942
9 2 1480
9 3 -2259
9 4 -846
9 5 -2713
9 6 -2148
9 7 -6339
9 8 -3739
9 10 -5452
9 11 -4078
9 12 -4137
9 13 -908
9 14 -2924
9 15 -5451
9 16 26165
9 17 22236
9 18 28554
9 19 25634
9 20 36132
9 21 31168
9 22 32845
9 23 29381
9 24 36967
9 25 31399
9 26 33619
9 27 36561
9 28 36554
9 29 31752
9 30 43412
9 31 37268
9 32 43500
9 33 43510
9 34 48327
9 35 43168
9 36 51575
9 37 43994
9 38 50895
9 39 53069
9 40 52119
9 41 48115
9 42 51286
9 43 55482
9 44 57199
9 45 60420
9 46 59969
9 47 60321
9 48 59047
9 49 63448
9 50 66643
9 51 56064
9 52 74335
9 53 78889
9 54 77728
9 55 80597
9 56 82486
9 57 79646
9 58 78089
9 59 68843
9 60 91051
9 61 79584
9 62 87575
9 63 84839
9 64 86043
9 65 75538
9 66 81219
9 67 66340
9 68 62142
9 69 69222
9 70 68162
9 71 72160
9 72 73759
9 73 70156
9 74 74554
9 75 63522
9 76 72028
9 77 62334
9 78 76617
9 79 76516
9 80 73210
9 81 31358
9 82 38041
9 83 25155
9 84 29619
9 85 32125
9 86 38210
9 87 36774
9 88 41132
9 89 34620
9 90 31187
9 91 35479
9 92 35686
9 93 37580
9 94 37960
9 95 39012
9 96 38073
9 97 32166
9 98 41240
9 99 42634
9 100 44095
9 101 42399
9 102 42653
9 103 44913
9 104 46413
9 105 45390
9 106 46241
9 107 47910
9 108 19877
9 109 20709
9 110 39491
9 111 38359
9 112 33739
9 113 24767
9 114 28909
9 115 33569
9 116 40561
9 117 30696
9 118 28967
9 119 36138
9 120 41890
9 121 42849
10 1 -6308
10 2 197
10 3 -3569
10 4 -2216
10 5 -3551
10 6 -2148
10 7 -5575
10 8 -2550
10 9 -529
10 11 -4664
10 12 -3179
10 13 -210
10 14 -2750
10 15 -5968
10 16 27152
10 17 23274
10 18 29161
10 19 26622
10 20 37212
10 21 32310
10 22 33761
10 23 30437
10 24 37886
10 25 32365
10 26 34715
10 27 37485
10 28 37564
10 29 32892
10 30 44339
10 31 38237
10 32 44549
10 33 44396
10 34 49298
10 35 44197
10 36 52584
10 37 45382
10 38 52292
10 39 54471
10 40 53533
10 41 49502
10 42 52682
10 43 56891
10 44 58575
10 45 61825
10 46 61340
10 47 61700
10 48 60439
10 49 64814
10 50 68018
10 51 57452
10 52 75720
10 53 80269
10 54 79117
10 55 81979
10 56 83861
10 57 81041
10 58 79475
10 59 70248
10 60 92441
10 61 80987
10 62 88976
10 63 86233
10 64 87443
10 65 76946
10 66 82623
10 67 67372
10 68 63327
10 69 70228
10 70 69168
10 71 73272
10 72 74887
10 73 71293
10 74 75685
10 75 64650
10 76 73186
10 77 63509
10 78 77786
10 79 77725
10 80 74411
10 81 31464
10 82 38258
10 83 25398
10 84 29947
10 85 32481
10 86 38541
10 87 37169
10 88 41414
10 89 35076
10 90 31727
10 91 36000
10 92 36157
10 93 38152
10 94 38593
10 95 39480
10 96 38657
10 97 32897
10 98 42143
10 99 43267
10 100 44788
10 101 42969
10 102 43160
10 103 45585
10 104 47021
10 105 45868
10 106 46756
10 107 48479
10 108 20610
10 109 21661
10 110 40382
10 111 38660
10 112 34022
10 113 25038
10 114 29566
10 115 34450
10 116 41335
10 117 30944
10 118 29599
10 119 36228
10 120 42156
10 121 43156
11 1 -5834
11 2 908
11 3 -2731
11 4 -1452
11 5 -2241
11 6 -754
11 7 -4452
11 8 -3214
11 9 57
11 10 -5452
11 12 -4137
11 13 -1293
11 14 -4109
11 15 -7338
11 16 26165
11 17 22341
11 18 30432
11 19 25634
11 20 36326
11 21 31504
11 22 32705
11 23 29521
11 24 36831
11 25 31354
11 26 33845
11 27 36434
11 28 36597
11 29 32075
11 30 43290
11 31 37227
11 32 43622
11 33 43311
11 34 48289
11 35 43248
11 36 51613
11 37 45126
11 38 52090
11 39 54303
11 40 53519
11 41 49245
11 42 52476
11 43 56779
11 44 58267
11 45 61676
11 46 61011
11 47 61404
11 48 60207
11 49 64464
11 50 67703
11 51 57197
11 52 76013
11 53 80586
11 54 79393
11 55 82287
11 56 84199
11 57 81282
11 58 79766
11 59 70425
11 60 92712
11 61 81174
11 62 89180
11 63 86478
11 64 87653
11 65 77092
11 66 82803
11 67 68340
11 68 64102
11 69 71222
11 70 70162
11 71 74147
11 72 75741
11 73 72136
11 74 76536
11 75 65504
11 76 74000
11 77 64299
11 78 78585
11 79 78462
11 80 75161
11 81 32872
11 82 39653
11 83 26786
11 84 31318
11 85 33845
11 86 39912
11 87 38522
11 88 42796
11 89 36409
11 90 33029
11 91 37309
11 92 37485
11 93 39440
11 94 39853
11 95 40810
11 96 39940
11 97 34103
11 98 43229
11 99 44527
11 100 46017
11 101 44259
11 102 44476
11 103 46826
11 104 48294
11 105 47195
11 106 48069
11 107 49770
11 108 21813
11 109 22706
11 110 41478
11 111 40038
11 112 35403
11 113 26420
11 114 30812
11 115 35554
11 116 42515
11 117 32332
11 118 30858
11 119 37638
11 120 43542
11 121 44533
12 1 5957
12 2 12914
12 3 9300
12 4 10581
12 5 9318
12 6 9543
12 7 4767
12 8 -11757
12 9 10099
12 10 6134
12 11 5964
12 13 778
12 14 -37
12 15 1828
12 16 14152
12 17 10300
12 18 35340
12 19 13622
12 20 24297
12 21 19564
12 22 20804
12 23 17480
12 24 24926
12 25 19370
12 26 21826
12 27 24519
12 28 24568
12 29 20105
12 30 31370
12 31 25241
12 32 31580
12 33 31479
12 34 36301
12 35 31211
12 36 39587
12 37 35102
12 38 42339
12 39 44732
12 40 44816
12 41 39188
12 42 42675
12 43 47480
12 44 47939
12 45 52149
12 46 50572
12 47 51119
12 48 50232
12 49 53923
12 50 57301
12 51 47078
12 52 69260
12 53 74000
12 54 72497
12 55 75611
12 56 77729
12 57 74138
12 58 72954
12 59 62827
12 60 85733
12 61 73611
12 62 81729
12 63 79295
12 64 80228
12 65 69249
12 66 75144
12 67 67961
12 68 61678
12 69 71128
12 70 70046
12 71 72705
12 72 74030
12 73 70370
12 74 74807
12 75 63793
12 76 71930
12 77 61962
12 78 76295
12 79 75569
12 80 72354
12 81 40832
12 82 46890
12 83 34197
12 84 38057
12 85 40319
12 86 46476
12 87 44629
12 88 49606
12 89 42187
12 90 38271
12 91 42647
12 92 43126
12 93 44270
12 94 44229
12 95 46347
12 96 44654
12 97 37649
12 98 44845
12 99 48717
12 100 49693
12 101 48954
12 102 49667
12 103 50570
12 104 52599
12 105 52536
12 106 53127
12 107 54355
12 108 25966
12 109 24573
12 110 43371
12 111 46781
12 112 42374
12 113 33644
12 114 35299
12 115 37713
12 116 45453
12 117 39604
12 118 35636
12 119 45577
12 120 50287
12 121 51122
13 1 -1080
13 2 5843
13 3 2269
13 4 3548
13 5 2507
13 6 3190
13 7 -1364
13 8 -7708
13 9 3442
13 10 -783
13 11 -1078
13 12 -9108
13 14 -6345
13 15 -5102
13 16 21167
13 17 17359
13 18 32424
13 19 20636
13 20 31368
13 21 26609
13 22 27712
13 23 24545
13 24 31837
13 25 26354
13 26 28897
13 27 31439
13 28 31602
13 29 27163
13 30 38294
13 31 32227
13 32 38640
13 33 38328
13 34 43289
13 35 38258
13 36 46618
13 37 41112
13 38 48195
13 39 50486
13 40 50076
13 41 45223
13 42 48566
13 43 53087
13 44 54131
13 45 57891
13 46 56829
13 47 57290
13 48 56229
13 49 60239
13 50 63543
13 51 53162
13 52 73420
13 53 78067
13 54 76743
13 55 79735
13 56 81738
13 57 78529
13 58 77159
13 59 67479
13 60 90040
13 61 78251
13 62 86306
13 63 83723
13 64 84793
13 65 74050
13 66 79850
13 67 68372
13 68 63281
13 69 71378
13 70 70314
13 71 73748
13 72 75238
13 73 71594
13 74 76020
13 75 65001
13 76 73333
13 77 63528
13 78 77840
13 79 77464
13 80 74208
13 81 36247
13 82 42739
13 83 29856
13 84 34134
13 85 36570
13 86 42695
13 87 41117
13 88 45705
13 89 38839
13 90 35208
13 91 39541
13 92 39863
13 93 41484
13 94 41696
13 95 43175
13 96 41941
13 97 35592
13 98 43970
13 99 46337
13 100 47611
13 101 46282
13 102 46709
13 103 48476
13 104 50174
13 105 49507
13 106 50264
13 107 51777
13 108 23414
13 109 23379
13 110 42299
13 111 42902
13 112 38336
13 113 29415
13 114 32627
13 115 36452
13 116 43799
13 117 35372
13 118 32776
13 119 41037
13 120 46468
13 121 47363
14 1 -2462
14 2 4710
14 3 1515
14 4 2828
14 5 2231
14 6 3466
14 7 -765
14 8 -5699
14 9 3714
14 10 -1035
14 11 -1606
14 12 -7635
14 13 -4057
14 15 -6574
14 16 22284
14 17 18589
14 18 33787
14 19 21743
14 20 32678
14 21 28059
14 22 28659
14 23 25794
14 24 32786
14 25 27404
14 26 30230
14 27 32391
14 28 32740
14 29 28566
14 30 39249
14 31 33271
14 32 39857
14 33 39194
14 34 44331
14 35 39429
14 36 47741
14 37 43140
14 38 50257
14 39 52568
14 40 52234
14 41 47246
14 42 50622
14 43 55197
14 44 56114
14 45 59978
14 46 58793
14 47 59279
14 48 58263
14 49 62185
14 50 65513
14 51 55177
14 52 75653
14 53 80302
14 54 78974
14 55 81968
14 56 83973
14 57 80755
14 58 79391
14 59 69693
14 60 92269
14 61 80466
14 62 88525
14 63 85948
14 64 87012
14 65 76255
14 66 82062
14 67 70339
14 68 65399
14 69 73320
14 70 72257
14 71 75799
14 72 77308
14 73 73670
14 74 78092
14 75 67071
14 76 75429
14 77 65640
14 78 79949
14 79 79608
14 80 76347
14 81 37007
14 82 43652
14 83 30759
14 84 35165
14 85 37647
14 86 43749
14 87 42256
14 88 46704
14 89 40043
14 90 36508
14 91 40823
14 92 41090
14 93 42843
14 94 43128
14 95 44412
14 96 43318
14 97 37144
14 98 45753
14 99 47788
14 100 49137
14 101 47656
14 102 48002
14 103 49986
14 104 51603
14 105 50771
14 106 51575
14 107 53161
14 108 24904
14 109 25156
14 110 44055
14 111 43920
14 112 39315
14 113 30356
14 114 34056
14 115 38182
14 116 45424
14 117 36296
14 118 34163
14 119 41789
14 120 47468
14 121 48402
15 1 -5424
15 2 1710
15 3 -1346
15 4 20
15 5 -310
15 6 1457
15 7 -2250
15 8 -3257
15 9 2180
15 10 -3260
15 11 -3842
15 12 -4777
15 13 -1821
15 14 -5581
15 16 25273
15 17 21559
15 18 32652
15 19 24734
15 20 35630
15 21 30962
15 22 31659
15 23 28761
15 24 35786
15 25 30400
15 26 33176
15 27 35391
15 28 35728
15 29 31490
15 30 42249
15 31 36269
15 32 42833
15 33 42192
15 34 47328
15 35 42412
15 36 50732
15 37 45501
15 38 52548
15 39 54813
15 40 54257
15 41 49615
15 42 52925
15 43 57370
15 44 58553
15 45 62209
15 46 61262
15 47 61707
15 48 60610
15 49 64681
15 50 67972
15 51 57560
15 52 77179
15 53 81785
15 54 80534
15 55 83472
15 56 85424
15 57 82377
15 58 80928
15 59 71429
15 60 93846
15 61 82191
15 62 90220
15 63 87575
15 64 88700
15 65 78050
15 66 83807
15 67 70320
15 68 65879
15 69 73228
15 70 72168
15 71 76034
15 72 77603
15 73 73987
15 74 78394
15 75 67366
15 76 75819
15 77 66092
15 78 80385
15 79 80192
15 80 76906
15 81 35052
15 82 41863
15 83 29004
15 84 33548
15 85 36077
15 86 42141
15 87 40757
15 88 45019
15 89 38645
15 90 35259
15 91 39541
15 92 39721
15 93 41666
15 94 42067
15 95 43046
15 96 42164
15 97 36289
15 98 45325
15 99 46742
15 100 48215
15 101 46485
15 102 46709
15 103 49030
15 104 50513
15 105 49430
15 106 50302
15 107 51996
15 108 23999
15 109 24773
15 110 43582
15 111 42264
15 112 37626
15 113 28643
15 114 33021
15 115 37667
15 116 44683
15 117 34550
15 118 33073
15 119 39810
15 120 45762
15 121 46759
16 1 31656
16 2 38804
16 3 35281
16 4 36560
16 5 35299
16 6 35356
16 7 30540
16 8 12247
16 9 36070
16 10 32134
16 11 31935
16 12 9821
16 13 26722
16 14 25551
16 15 27547
16 17 -13777
16 18 54992
16 19 -12378
16 20 22
16 21 -2653
16 22 -4510
16 23 -7834
16 24 -506
16 25 -6563
16 26 -2752
16 27 -1122
16 28 -1391
16 29 -4592
16 30 5651
16 31 -728
16 32 5861
16 33 6151
16 34 10325
16 35 5324
16 36 13611
16 37 20036
16 38 28049
16 39 30925
16 40 33256
16 41 23526
16 42 27756
16 43 33893
16 44 31017
16 45 37567
16 46 33046
16 47 34096
16 48 34157
16 49 35840
16 50 39403
16 51 30068
16 52 61641
16 53 66647
16 54 64374
16 55 67853
16 56 70307
16 57 65332
16 58 64727
16 59 52828
16 60 76887
16 61 63362
16 62 71698
16 63 69776
16 64 70153
16 65 58246
16 66 64177
16 67 75314
16 68 65109
16 69 78886
16 70 77633
16 71 77743
16 72 78305
16 73 74961
16 74 79182
16 75 68068
16 76 75881
16 77 65185
16 78 79405
16 79 77488
16 80 74185
16 81 63175
16 82 68230
16 83 56562
16 84 59395
16 85 61134
16 86 67191
16 87 64727
16 88 70388
16 89 62160
16 90 57846
16 91 62198
16 92 62865
16 93 62870
16 94 62343
16 95 65592
16 96 63023
16 97 54719
16 98 58172
16 99 65977
16 100 66230
16 101 66903
16 102 68268
16 103 66804
16 104 69718
16 105 71136
16 106 71319
16 107 71733
16 108 45430
16 109 40870
16 110 57723
16 111 67662
16 112 63810
16 113 55771
16 114 54426
16 115 52978
16 116 60946
16 117 61565
16 118 55315
16 119 67566
16 120 70453
16 121 71458
17 1 31904
17 2 38970
17 3 35376
17 4 36658
17 5 35299
17 6 35258
17 7 30438
17 8 12100
17 9 36070
17 10 32185
17 11 32040
17 12 9898
17 13 26843
17 14 25785
17 15 27762
17 16 -9848
17 18 53974
17 19 -11772
17 20 -1372
17 21 -4438
17 22 -3270
17 23 -8566
17 24 596
17 25 -5938
17 26 -3854
17 27 -313
17 28 -1391
17 29 -5442
17 30 6332
17 31 -371
17 32 5504
17 33 7043
17 34 10607
17 35 5158
17 36 13611
17 37 18168
17 38 26162
17 39 29028
17 40 31316
17 41 21699
17 42 25906
17 43 32009
17 44 29260
17 45 35725
17 46 31331
17 47 32356
17 48 32377
17 49 34169
17 50 37739
17 51 28356
17 52 59659
17 53 64664
17 54 62400
17 55 65876
17 56 68328
17 57 63367
17 58 62757
17 59 50884
17 60 74929
17 61 61429
17 62 69763
17 63 67833
17 64 68220
17 65 56331
17 66 62271
17 67 73507
17 68 63201
17 69 77088
17 70 75826
17 71 75866
17 72 76405
17 73 73076
17 74 77288
17 75 66168
17 76 73981
17 77 63267
17 78 77481
17 79 75544
17 80 72235
17 81 62363
17 82 67302
17 83 55791
17 84 58501
17 85 60179
17 86 66214
17 87 63694
17 88 69405
17 89 61131
17 90 56798
17 91 61141
17 92 61813
17 93 61725
17 94 61169
17 95 64483
17 96 61857
17 97 53477
17 98 56682
17 99 64717
17 100 64923
17 101 65689
17 102 67100
17 103 65462
17 104 68435
17 105 69958
17 106 70110
17 107 70461
17 108 44429
17 109 39645
17 110 56309
17 111 66698
17 112 62916
17 113 54971
17 114 53366
17 115 51635
17 116 59578
17 117 60735
17 118 54308
17 119 66693
17 120 69384
17 121 70425
18 1 18410
18 2 23725
18 3 25049
18 4 27564
18 5 23120
18 6 22406
18 7 20217
18 8 19909
18 9 29073
18 10 24757
18 11 26816
18 12 21623
18 13 28593
18 14 27668
18 15 25540
18 16 45606
18 17 40659
18 19 44655
18 20 53160
18 21 46590
18 22 52944
18 23 46709
18 24 56926
18 25 50489
18 26 49853
18 27 56122
18 28 54400
18 29 45433
18 30 62725
18 31 55762
18 32 60254
18 33 63479
18 34 66503
18 35 60277
18 36 68929
18 37 44901
18 38 50401
18 39 51667
18 40 46699
18 41 48591
18 42 50440
18 43 52130
18 44 58575
18 45 57655
18 46 61626
18 47 61135
18 48 58221
18 49 65370
18 50 67360
18 51 55255
18 52 60568
18 53 64432
18 54 64222
18 55 66190
18 56 67252
18 57 66863
18 58 63941
18 59 57519
18 60 77167
18 61 67702
18 62 75229
18 63 71406
18 64 73466
18 65 64573
18 66 69037
18 67 39079
18 68 38725
18 69 41442
18 70 40335
18 71 46501
18 72 48409
18 73 45258
18 74 49344
18 75 38172
18 76 47697
18 77 38376
18 78 52378
18 79 53573
18 80 49837
18 81 7857
18 82 11201
18 83 5039
18 84 3403
18 85 4012
18 86 9865
18 87 7280
18 88 13012
18 89 4710
18 90 502
18 91 4887
18 92 5483
18 93 6599
18 94 6989
18 95 8569
18 96 7069
18 97 1927
18 98 12905
18 99 11653
18 100 13348
18 101 11407
18 102 11887
18 103 14040
18 104 15400
18 105 14741
18 106 15402
18 107 16913
18 108 -2049
18 109 -1135
18 110 11433
18 111 10403
18 112 7511
18 113 3166
18 114 -1300
18 115 5912
18 116 10494
18 117 7038
18 118 649
18 119 10956
18 120 13060
18 121 14006
19 1 34641
19 2 41798
19 3 38280
19 4 39559
19 5 38298
19 6 38348
19 7 33532
19 8 15231
19 9 39069
19 10 35134
19 11 34934
19 12 12821
19 13 29721
19 14 28540
19 15 30538
19 16 -8848
19 17 -12171
19 18 57571
19 20 -978
19 21 -3269
19 22 -6735
19 23 -10059
19 24 -2971
19 25 -9484
19 26 -4731
19 27 -3901
19 28 -4363
19 29 -7184
19 30 2793
19 31 -3711
19 32 3003
19 33 3447
19 34 7334
19 35 2378
19 36 10620
19 37 19101
19 38 27181
19 39 30097
19 40 32628
19 41 22432
19 42 26734
19 43 32992
19 44 29706
19 45 36501
19 46 31618
19 47 32727
19 48 32895
19 49 34303
19 50 37837
19 51 28609
19 52 61298
19 53 66318
19 54 63958
19 55 67458
19 56 69931
19 57 64832
19 58 64264
19 59 52188
19 60 76330
19 61 62652
19 62 71006
19 63 69123
19 64 69443
19 65 57445
19 66 63328
19 67 76627
19 68 66052
19 69 80228
19 70 78947
19 71 78812
19 72 79279
19 73 76002
19 74 80178
19 75 69042
19 76 76857
19 77 66074
19 78 80263
19 79 78233
19 80 74896
19 81 65911
19 82 70884
19 83 59323
19 84 62074
19 85 63766
19 86 69806
19 87 67294
19 88 72997
19 89 64730
19 90 60399
19 91 64743
19 92 65415
19 93 65331
19 94 64773
19 95 68088
19 96 65462
19 97 57075
19 98 60189
19 99 68311
19 100 68507
19 101 69290
19 102 70704
19 103 69035
19 104 72025
19 105 73562
19 106 73711
19 107 74052
19 108 48024
19 109 43245
19 110 59856
19 111 70287
19 112 66489
19 113 58515
19 114 56968
19 115 55209
19 116 63143
19 117 64289
19 118 57904
19 119 70261
19 120 72987
19 121 74025
20 1 35184
20 2 42188
20 3 38546
20 4 39831
20 5 38387
20 6 38257
20 7 33437
20 8 15098
20 9 39167
20 10 35324
20 11 35226
20 12 13096
20 13 30053
20 14 29075
20 15 31034
20 16 -6848
20 17 -12171
20 18 55676
20 19 -11378
20 21 -7269
20 22 -3061
20 23 -11429
20 24 402
20 25 -6815
20 26 -7400
20 27 -1389
20 28 -3738
20 29 -8961
20 30 4879
20 31 -2339
20 32 2521
20 33 5879
20 34 8372
20 35 2378
20 36 10977
20 37 15273
20 38 23327
20 39 26229
20 40 28699
20 41 18683
20 42 22950
20 43 29156
20 44 26088
20 45 32742
20 46 28084
20 47 29150
20 48 29248
20 49 30856
20 50 34416
20 51 25101
20 52 57317
20 53 62335
20 54 59988
20 55 63485
20 56 65955
20 57 60878
20 58 60303
20 59 48268
20 60 72389
20 61 58754
20 62 67103
20 63 65208
20 64 65545
20 65 53578
20 66 59480
20 67 73079
20 68 62290
20 69 76697
20 70 75397
20 71 75111
20 72 75528
20 73 72288
20 74 76439
20 75 65291
20 76 73110
20 77 62284
20 78 76459
20 79 74383
20 80 71033
20 81 64397
20 82 69139
20 83 57905
20 84 60410
20 85 61978
20 86 67972
20 87 65347
20 88 71144
20 89 62798
20 90 58436
20 91 62760
20 92 63438
20 93 63168
20 94 62555
20 95 65989
20 96 63258
20 97 54727
20 98 57331
20 99 65912
20 100 66016
20 101 66982
20 102 68486
20 103 66464
20 104 69573
20 105 71319
20 106 71407
20 107 71619
20 108 46177
20 109 40958
20 110 57160
20 111 68476
20 112 64821
20 113 57041
20 114 54992
20 115 52662
20 116 60531
20 117 62751
20 118 56033
20 119 68618
20 120 70951
20 121 72069
21 1 35789
21 2 42681
21 3 38975
21 4 40269
21 5 38685
21 6 38427
21 7 33615
21 8 15346
21 9 39494
21 10 35713
21 11 35695
21 12 13654
21 13 30585
21 14 29747
21 15 31657
21 16 -4232
21 17 -9946
21 18 54397
21 19 -8378
21 20 -1978
21 22 -143
21 23 -9193
21 24 3226
21 25 -4102
21 26 -6956
21 27 1053
21 28 -1961
21 29 -9685
21 30 7055
21 31 -459
21 32 3403
21 33 8151
21 34 9890
21 35 3454
21 36 12105
21 37 12432
21 38 20460
21 39 23348
21 40 25761
21 41 15911
21 42 20143
21 43 26300
21 44 23432
21 45 29952
21 46 25501
21 47 26526
21 48 26557
21 49 28348
21 50 31920
21 51 22526
21 52 54333
21 53 59349
21 54 57013
21 55 60507
21 56 62975
21 57 57916
21 58 57335
21 59 45334
21 60 69438
21 61 55837
21 62 64182
21 63 62278
21 64 62629
21 65 50687
21 66 56604
21 67 70445
21 68 59485
21 69 74077
21 70 72761
21 71 72355
21 72 72731
21 73 69522
21 74 73651
21 75 62494
21 76 70316
21 77 59456
21 78 73619
21 79 71506
21 80 68144
21 81 63391
21 82 67950
21 83 56994
21 84 59300
21 85 60766
21 86 66719
21 87 64006
21 88 69870
21 89 61476
21 90 57095
21 91 61399
21 92 62078
21 93 61663
21 94 61009
21 95 64527
21 96 61718
21 97 53080
21 98 55270
21 99 64212
21 100 64245
21 101 65353
21 102 66927
21 103 64624
21 104 67828
21 105 69737
21 106 69777
21 107 69885
21 108 44951
21 109 39384
21 110 55235
21 111 67240
21 112 63703
21 113 56085
21 114 53651
21 115 50863
21 116 58666
21 117 61740
21 118 54778
21 119 67501
21 120 69521
21 121 70711
22 1 36434
22 2 43710
22 3 40312
22 4 41591
22 5 40457
22 6 40636
22 7 35832
22 8 17639
22 9 41243
22 10 37236
22 11 36968
22 12 14966
22 13 31760
22 14 30419
22 15 32426
22 16 -6017
22 17 -8706
22 18 60823
22 19 -11772
22 20 2302
22 21 -71
22 23 -7665
22 24 -6214
22 25 -10410
22 26 -2500
22 27 -6609
22 28 -4789
22 29 -6856
22 30 249
22 31 -5448
22 32 2944
22 33 431
22 34 5509
22 35 1760
22 36 9424
22 37 21533
22 38 29660
22 39 32604
22 40 35277
22 41 24700
22 42 29060
22 43 35410
22 44 31748
22 45 38759
22 46 33523
22 47 34690
22 48 34960
22 49 36073
22 50 39550
22 51 30438
22 52 64130
22 53 69156
22 54 66733
22 55 70245
22 56 72728
22 57 67543
22 58 66998
22 59 54788
22 60 78986
22 61 65185
22 62 73552
22 63 71698
22 64 71971
22 65 59899
22 66 65727
22 67 80208
22 68 69550
22 69 83812
22 70 82528
22 71 82343
22 72 82785
22 73 79527
22 74 83690
22 75 72548
22 76 80364
22 77 69554
22 78 83733
22 79 81663
22 80 78313
22 81 68974
22 82 74055
22 83 62349
22 84 65216
22 85 66963
22 86 73021
22 87 70558
22 88 76218
22 89 67990
22 90 63676
22 91 68027
22 92 68694
22 93 68683
22 94 68148
22 95 71414
22 96 68830
22 97 60496
22 98 63747
22 99 71746
22 100 71971
22 101 72693
22 102 74074
22 103 72521
22 104 75474
22 105 76940
22 106 77111
22 107 77496
22 108 51261
22 109 46654
22 110 63380
22 111 73491
22 112 69631
22 113 61568
22 114 60254
22 115 58694
22 116 66643
22 117 67371
22 118 61146
22 119 73381
22 120 76281
22 121 77288
23 1 36996
23 2 44049
23 3 40439
23 4 41722
23 5 40330
23 6 40246
23 7 35425
23 8 17081
23 9 41103
23 10 37236
23 11 37108
23 12 14966
23 13 31917
23 14 30878
23 15 32852
23 16 -6017
23 17 -10678
23 18 57912
23 19 -11772
23 20 -2742
23 21 -5797
23 22 -4341
23 24 -1131
23 25 -8523
23 26 -8326
23 27 -3398
23 28 -5974
23 29 -10411
23 30 2734
23 31 -4562
23 32 459
23 33 3781
23 34 6138
23 35 229
23 36 8795
23 37 15685
23 38 23790
23 39 26721
23 40 29338
23 41 18950
23 42 23276
23 43 29575
23 44 26158
23 45 33020
23 46 28043
23 47 29163
23 48 29354
23 49 30710
23 50 34240
23 51 25025
23 52 58144
23 53 63169
23 54 60759
23 55 64269
23 56 66750
23 57 61587
23 58 61035
23 59 48872
23 60 73049
23 61 59299
23 62 67660
23 63 65794
23 64 66088
23 65 54052
23 66 59910
23 67 74913
23 68 63939
23 69 78543
23 70 77229
23 71 76821
23 72 77187
23 73 73987
23 74 78110
23 75 66950
23 76 74774
23 77 63899
23 78 78055
23 79 75917
23 80 72544
23 81 66622
23 82 71374
23 83 60123
23 84 62642
23 85 64213
23 86 70208
23 87 67583
23 88 73380
23 89 65034
23 90 60672
23 91 64995
23 92 65673
23 93 65397
23 94 64781
23 95 68221
23 96 65484
23 97 56942
23 98 59463
23 99 68121
23 100 68215
23 101 69200
23 102 70711
23 103 68651
23 104 71776
23 105 73543
23 106 73626
23 107 73824
23 108 48413
23 109 43180
23 110 59328
23 111 70712
23 112 67053
23 113 59262
23 114 57228
23 115 54855
23 116 62713
23 117 64977
23 118 58269
23 119 70850
23 120 73185
23 121 74305
24 1 37433
24 2 44710
24 3 41311
24 4 42591
24 5 41453
24 6 41627
24 7 36823
24 8 18622
24 9 42238
24 10 38234
24 11 37967
24 12 15961
24 13 32758
24 14 31419
24 15 33426
24 16 -5140
24 17 -7967
24 18 61678
24 19 -11135
24 20 2638
24 21 171
24 22 -9341
24 23 -7582
24 25 -10646
24 26 -2562
24 27 -7609
24 28 -5446
24 29 -7548
24 30 -751
24 31 -6388
24 32 2269
24 33 -524
24 34 4535
24 35 968
24 36 8519
24 37 21339
24 38 29480
24 39 32432
24 40 35153
24 41 24446
24 42 28822
24 43 35200
24 44 31421
24 45 38493
24 46 33154
24 47 34337
24 48 34634
24 49 35664
24 50 39120
24 51 30038
24 52 64072
24 53 69100
24 54 66650
24 55 70166
24 56 72653
24 57 67433
24 58 66896
24 59 54634
24 60 78852
24 61 65005
24 62 73376
24 63 71532
24 64 71788
24 65 59690
24 66 65495
24 67 80669
24 68 69897
24 69 84281
24 70 82988
24 71 82727
24 72 83138
24 73 79903
24 74 84051
24 75 72901
24 76 80720
24 77 69882
24 78 84051
24 79 81946
24 80 78584
24 81 69880
24 82 74935
24 83 63262
24 84 66103
24 85 67835
24 86 73888
24 87 71410
24 88 77084
24 89 68843
24 90 64523
24 91 68872
24 92 69541
24 93 69502
24 94 68957
24 95 72244
24 96 69642
24 97 61283
24 98 64429
24 99 72525
24 100 72733
24 101 73489
24 102 74886
24 103 73269
24 104 76245
24 105 77748
24 106 77909
24 107 78271
24 108 52120
24 109 47446
24 110 64098
24 111 74362
24 112 70518
24 113 62475
24 114 61098
24 115 59442
24 116 67381
24 117 68272
24 118 62004
24 119 74275
24 120 77123
24 121 78140
25 1 37544
25 2 44747
25 3 41269
25 4 42548
25 5 41329
25 6 41416
25 7 36602
25 8 18323
25 9 42102
25 10 38145
25 11 37922
25 12 15837
25 13 32707
25 14 31469
25 15 33472
25 16 -5765
25 17 -9069
25 18 60673
25 19 -12216
25 20 853
25 21 -1725
25 22 -8105
25 23 -9542
25 24 -5214
25 26 -4562
25 27 -7003
25 28 -6840
25 29 -8961
25 30 -366
25 31 -6773
25 32 862
25 33 362
25 34 4289
25 35 -134
25 36 7821
25 37 19374
25 38 27510
25 39 30459
25 40 33167
25 41 22509
25 42 26877
25 43 33242
25 44 29528
25 45 36563
25 46 31294
25 47 32464
25 48 32741
25 49 33839
25 50 37314
25 51 28204
25 52 62075
25 53 67102
25 54 64656
25 55 68172
25 56 70658
25 57 65444
25 58 64905
25 59 52656
25 60 76869
25 61 63036
25 62 71406
25 63 69559
25 64 69820
25 65 57733
25 66 63548
25 67 78903
25 68 68028
25 69 82524
25 70 81221
25 71 80887
25 72 81274
25 73 78058
25 74 82192
25 75 71037
25 76 78858
25 77 67999
25 78 82160
25 79 80033
25 80 76663
25 81 69061
25 82 74010
25 83 62478
25 84 65209
25 85 66886
25 86 72919
25 87 70389
25 88 76108
25 89 67827
25 90 63490
25 91 67830
25 92 68504
25 93 68380
25 94 67808
25 95 71153
25 96 68501
25 97 60073
25 98 62987
25 99 71295
25 100 71461
25 101 72302
25 102 73741
25 103 71961
25 104 74993
25 105 76593
25 106 76725
25 107 77027
25 108 51132
25 109 46258
25 110 62729
25 111 73404
25 112 69624
25 113 61666
25 114 60055
25 115 58141
25 116 66052
25 117 67436
25 118 61009
25 119 73400
25 120 76067
25 121 77119
26 1 38314
26 2 45299
26 3 41643
26 4 42929
26 5 41453
26 6 41289
26 7 36469
26 8 18142
26 9 42238
26 10 38411
26 11 38329
26 12 16209
26 13 33166
26 14 32211
26 15 34164
26 16 -4038
26 17 -9069
26 18 57953
26 19 -9547
26 20 -1816
26 21 -6663
26 22 -2279
26 23 -11429
26 24 786
26 25 -6646
26 27 -2065
26 28 -5446
26 29 -12122
26 30 3683
26 31 -3963
26 32 -156
26 33 4813
26 34 6289
26 35 -134
26 36 8519
26 37 13506
26 38 21621
26 39 24559
26 40 27215
26 41 16741
26 42 21076
26 43 27392
26 44 23926
26 45 30810
26 46 25807
26 47 26928
26 48 27125
26 49 28475
26 50 32007
26 51 22789
26 52 56084
26 53 61111
26 54 58677
26 55 62190
26 56 64674
26 57 59481
26 58 58936
26 59 46731
26 60 70925
26 61 57141
26 62 65505
26 63 63646
26 64 63928
26 65 51876
26 66 57723
26 67 73669
26 68 62464
26 69 77315
26 70 75980
26 71 75414
26 72 75718
26 73 72566
26 74 76656
26 75 65481
26 76 73314
26 77 62385
26 78 76520
26 79 74320
26 80 70924
26 81 66876
26 82 71488
26 83 60445
26 84 62815
26 85 64308
26 86 70271
26 87 67576
26 88 73427
26 89 65042
26 90 60664
26 91 64972
26 92 65651
26 93 65257
26 94 64606
26 95 68116
26 96 65316
26 97 56684
26 98 58836
26 99 67818
26 100 67850
26 101 68957
26 102 70527
26 103 68224
26 104 71433
26 105 73338
26 106 73381
26 107 73491
26 108 48494
26 109 42984
26 110 58827
26 111 70788
26 112 67221
26 113 59551
26 114 57219
26 115 54466
26 116 62264
26 117 65225
26 118 58328
26 119 71020
26 120 73107
26 121 74285
27 1 40431
27 2 47710
27 3 44308
27 4 45588
27 5 44444
27 6 44605
27 7 39799
27 8 21578
27 9 45227
27 10 41228
27 11 40965
27 12 18949
27 13 35755
27 14 34419
27 15 36426
27 16 -2361
27 17 -5481
27 18 64269
27 19 -8670
27 20 4242
27 21 1393
27 22 -6341
27 23 -6454
27 24 -4214
27 25 -9040
27 26 -2018
27 28 -6446
27 29 -9405
27 30 -3751
27 31 -8945
27 32 784
27 33 -3243
27 34 1674
27 35 -1011
27 36 5978
27 37 20910
27 38 29082
27 39 32052
27 40 34894
27 41 23823
27 42 28241
27 43 34687
27 44 30573
27 45 37808
27 46 32173
27 47 33399
27 48 33773
27 49 34557
27 50 37935
27 51 28940
27 52 63974
27 53 69006
27 54 66478
27 55 70002
27 56 72496
27 57 67181
27 58 66661
27 59 54252
27 60 78519
27 61 64536
27 62 72919
27 63 71101
27 64 71306
27 65 59135
27 66 64864
27 67 82102
27 68 71002
27 69 85737
27 70 84417
27 71 83934
27 72 84255
27 73 81091
27 74 85190
27 75 74018
27 76 81849
27 77 70928
27 78 85064
27 79 82859
27 80 79458
27 81 72612
27 82 77592
27 83 66016
27 84 68782
27 85 70472
27 86 76509
27 87 73987
27 88 79700
27 89 71425
27 90 67090
27 91 71431
27 92 72104
27 93 71985
27 94 71413
27 95 74757
27 96 72107
27 97 63675
27 98 66519
27 99 74894
27 100 75052
27 101 75905
27 102 77346
27 103 75544
27 104 78588
27 105 80198
27 106 80329
27 107 80624
27 108 54725
27 109 49861
27 110 66294
27 111 76992
27 112 73197
27 113 65213
27 114 63656
27 115 61726
27 116 69629
27 117 70992
27 118 64603
27 119 76968
27 120 79670
27 121 80718
28 1 40711
28 2 47850
28 3 44308
28 4 45588
28 5 44287
28 6 44286
28 7 39467
28 8 21137
28 9 45057
28 10 41144
28 11 40965
28 12 18835
28 13 35755
28 14 34605
28 15 36600
28 16 -2793
28 17 -6722
28 18 62384
28 19 -9295
28 20 1730
28 21 -1784
28 22 -4684
28 23 -9193
28 24 -2214
28 25 -9040
28 26 -5562
28 27 -6609
28 29 -12513
28 30 -1279
28 31 -8945
28 32 -2713
28 33 -141
28 34 1674
28 35 -3680
28 36 4575
28 37 16934
28 38 25103
28 39 28071
28 40 30902
28 41 19889
28 42 24298
28 43 30731
28 44 26712
28 45 33896
28 46 28369
28 47 29576
28 48 29920
28 49 30816
28 50 34240
28 51 25199
28 52 59975
28 53 65007
28 54 62481
28 55 66005
28 56 68499
28 57 63190
28 58 62669
28 59 50277
28 60 74537
28 61 60576
28 62 68957
28 63 67135
28 64 67349
28 65 55193
28 66 60944
28 67 78637
28 68 67323
28 69 82288
28 70 80947
28 71 80313
28 72 80578
28 73 77459
28 74 81528
28 75 70341
28 76 78183
28 77 67214
28 78 81332
28 79 79078
28 80 75659
28 81 71074
28 82 75843
28 83 64561
28 84 67106
28 85 68684
28 86 74679
28 87 72054
28 88 77852
28 89 69506
28 90 65143
28 91 69465
28 92 70144
28 93 69856
28 94 69234
28 95 72685
28 96 69939
28 97 61377
28 98 63747
28 99 72545
28 100 72619
28 101 73640
28 102 75163
28 103 73033
28 104 76188
28 105 77991
28 106 78065
28 107 78240
28 108 52884
28 109 47628
28 110 63677
28 111 75183
28 112 71518
28 113 63708
28 114 61699
28 115 59250
28 116 67085
28 117 69431
28 118 62741
28 119 75314
28 120 77652
28 121 78776
29 1 49887
29 2 56808
29 3 53110
29 4 54404
29 5 52827
29 6 52556
29 7 47746
29 8 29488
29 9 53636
29 10 49853
29 11 49824
29 12 27753
29 13 44697
29 14 43812
29 15 45743
29 16 7387
29 17 2608
29 18 66798
29 19 1265
29 20 9888
29 21 3873
29 22 6630
29 23 -249
29 24 9065
29 25 2220
29 26 1143
29 27 3813
29 28 868
29 30 7665
29 31 -111
29 32 2944
29 33 8017
29 34 6729
29 35 1760
29 36 8119
29 37 9006
29 38 17162
29 39 20123
29 40 23119
29 41 11233
29 42 15691
29 43 22204
29 44 17385
29 45 24852
29 46 18664
29 47 19954
29 48 20442
29 49 20779
29 50 23976
29 51 15099
29 52 52344
29 53 57359
29 54 54609
29 55 58125
29 56 60613
29 57 55088
29 58 54574
29 59 41821
29 60 66143
29 61 51841
29 62 60240
29 63 58461
29 64 58556
29 65 46237
29 66 51745
29 67 76529
29 68 63939
29 69 80244
29 70 78766
29 71 77248
29 72 77117
29 73 74358
29 74 78181
29 75 66880
29 76 74849
29 77 63528
29 78 77481
29 79 74868
29 80 71256
29 81 76283
29 82 80456
29 83 70100
29 84 72022
29 85 73258
29 86 79101
29 87 76175
29 88 82181
29 89 73716
29 90 69314
29 91 73560
29 92 74224
29 93 73424
29 94 72669
29 95 76377
29 96 73378
29 97 64461
29 98 65091
29 99 75355
29 100 75157
29 101 76713
29 102 78490
29 103 75247
29 104 78785
29 105 81208
29 106 81102
29 107 80863
29 108 57511
29 109 51110
29 110 65663
29 111 79655
29 112 76396
29 113 69112
29 114 65908
29 115 61785
29 116 69256
29 117 74652
29 118 67242
29 119 80140
29 120 81383
29 121 82803
30 1 42430
30 2 49710
30 3 46307
30 4 47586
30 5 46438
30 6 46591
30 7 41784
30 8 23552
30 9 47220
30 10 43224
30 11 42963
30 12 20942
30 13 37752
30 14 36419
30 15 38426
30 16 -446
30 17 -3694
30 18 66014
30 19 -6834
30 20 5652
30 21 2537
30 22 -4341
30 23 -5180
30 24 -2214
30 25 -7261
30 26 -1128
30 27 -8609
30 28 -5974
30 29 -10411
30 31 -9773
30 32 459
30 33 -4613
30 34 -105
30 35 -1743
30 36 4575
30 37 20753
30 38 28936
30 39 31912
30 40 34818
30 41 23526
30 42 27965
30 43 34444
30 44 30123
30 45 37447
30 46 31631
30 47 32881
30 48 33298
30 49 33924
30 50 37237
30 51 28296
30 52 63974
30 53 69006
30 54 66426
30 55 69953
30 56 72450
30 57 67077
30 58 66565
30 59 54064
30 60 78355
30 61 64285
30 62 72673
30 63 70870
30 64 71043
30 65 58827
30 66 64498
30 67 83099
30 68 71789
30 69 86747
30 70 85409
30 71 84785
30 72 85045
30 73 81930
30 74 85996
30 75 74808
30 76 82651
30 77 71674
30 78 85788
30 79 83518
30 80 80090
30 81 74444
30 82 79376
30 83 67863
30 84 70582
30 85 72245
30 86 78272
30 87 75722
30 88 81459
30 89 73163
30 90 68819
30 91 73156
30 92 73831
30 93 73662
30 94 73073
30 95 76452
30 96 73771
30 97 65294
30 98 67947
30 99 76497
30 100 76624
30 101 77538
30 102 79006
30 103 77086
30 104 80173
30 105 81851
30 106 81963
30 107 82215
30 108 56481
30 109 51500
30 110 67790
30 111 78760
30 112 74996
30 113 67050
30 114 65382
30 115 63279
30 116 71157
30 117 72818
30 118 66354
30 119 78775
30 120 81383
30 121 82451
31 1 42531
31 2 49744
31 3 46269
31 4 47548
31 5 46325
31 6 46400
31 7 41585
31 8 23291
31 9 47098
31 10 43144
31 11 42922
31 12 20835
31 13 37707
31 14 36463
31 15 38468
31 16 -803
31 17 -4375
31 18 65073
31 19 -7316
31 20 4456
31 21 1045
31 22 -4016
31 23 -6454
31 24 -1829
31 25 -7646
31 26 -2752
31 27 -7781
31 28 -7618
31 29 -12165
31 30 -3751
31 32 -1541
31 33 -2726
31 34 -711
31 35 -3680
31 36 3181
31 37 18756
31 38 26938
31 39 29915
31 40 32818
31 41 21543
31 42 25979
31 43 32455
31 44 28166
31 45 35474
31 46 29697
31 47 30941
31 48 31347
31 49 32017
31 50 35354
31 51 26394
31 52 61975
31 53 67006
31 54 64427
31 55 67953
31 56 70450
31 57 65079
31 58 64567
31 59 52071
31 60 76360
31 61 62298
31 62 70686
31 63 68881
31 64 69058
31 65 56847
31 66 62529
31 67 81380
31 68 69964
31 69 85036
31 70 83687
31 71 82987
31 72 83219
31 73 80128
31 74 84178
31 75 72982
31 76 80831
31 77 69830
31 78 83934
31 79 81640
31 80 78202
31 81 73671
31 82 78501
31 83 67130
31 84 69742
31 85 71350
31 86 77357
31 87 74757
31 88 80535
31 89 72205
31 90 67848
31 91 72175
31 92 72853
31 93 72602
31 94 71989
31 95 75419
31 96 72692
31 97 64153
31 98 66573
31 99 75330
31 100 75416
31 101 76411
31 102 77920
31 103 75840
31 104 78981
31 105 80753
31 106 80837
31 107 81030
31 108 55561
31 109 50390
31 110 66493
31 111 77856
31 112 74155
31 113 66293
31 114 64405
31 115 62051
31 116 69895
31 117 72033
31 118 65424
31 119 77946
31 120 80377
31 121 81482
32 1 42936
32 2 50014
32 3 46420
32 4 47702
32 5 46325
32 6 46246
32 7 41425
32 8 23081
32 9 47098
32 10 43224
32 11 43085
32 12 20942
32 13 37888
32 14 36817
32 15 38800
32 16 -446
32 17 -4732
32 18 63333
32 19 -6834
32 20 3084
32 21 -1325
32 22 -1856
32 23 -7665
32 24 596
32 25 -6243
32 26 -5177
32 27 -4284
32 28 -7618
32 29 -15342
32 30 249
32 31 -7773
32 33 1213
32 34 1289
32 35 -5428
32 36 3181
32 37 14762
32 38 22944
32 39 25920
32 40 28819
32 41 17581
32 42 22011
32 43 28480
32 44 24267
32 45 31536
32 46 25851
32 47 27080
32 48 27462
32 49 28234
32 50 31621
32 51 22618
32 52 57975
32 53 63007
32 54 60427
32 55 63954
32 56 66450
32 57 61082
32 58 60569
32 59 48085
32 60 72371
32 61 58327
32 62 66713
32 63 64905
32 64 65090
32 65 52892
32 66 58594
32 67 77978
32 68 66338
32 69 81649
32 70 80276
32 71 79419
32 72 79590
32 73 76551
32 74 80565
32 75 69353
32 76 77216
32 77 66164
32 78 80246
32 79 77901
32 80 74440
32 81 72256
32 82 76872
32 83 65814
32 84 68200
32 85 69692
32 86 75652
32 87 72948
32 88 78806
32 89 70417
32 90 66037
32 91 70343
32 92 71021
32 93 70600
32 94 69940
32 95 73469
32 96 70650
32 97 61988
32 98 63917
32 99 73100
32 100 73102
32 101 74264
32 102 75855
32 103 73440
32 104 76694
32 105 78659
32 106 78686
32 107 78756
32 108 53877
32 109 48314
32 110 64002
32 111 76171
32 112 72606
32 113 64926
32 114 62593
32 115 59710
32 116 67470
32 117 70605
32 118 63710
32 119 76405
32 120 78465
32 121 79655
33 1 43396
33 2 50743
33 3 47417
33 4 48699
33 5 47619
33 6 47846
33 7 43049
33 8 24893
33 9 48416
33 10 44379
33 11 44082
33 12 22149
33 13 38884
33 14 37462
33 15 39467
33 16 1152
33 17 -1885
33 18 67866
33 19 -5082
33 20 7750
33 21 4731
33 22 -3061
33 23 -3035
33 24 -889
33 25 -5435
33 26 1100
33 27 -7003
33 28 -3738
33 29 -8961
33 30 -3515
33 31 -7650
33 32 2521
33 34 761
33 35 158
33 36 5900
33 37 22712
33 38 30899
33 39 33877
33 40 36808
33 41 25405
33 42 29852
33 43 36347
33 44 31904
33 45 39276
33 46 33345
33 47 34611
33 48 35054
33 49 35570
33 50 38823
33 51 29921
33 52 65993
33 53 71024
33 54 68420
33 55 71947
33 56 74444
33 57 69044
33 58 68535
33 59 55985
33 60 80287
33 61 66168
33 62 74560
33 63 72763
33 64 72918
33 65 60675
33 66 66307
33 67 85330
33 68 74023
33 69 88977
33 70 87641
33 71 87021
33 72 87279
33 73 84166
33 74 88231
33 75 77042
33 76 84885
33 77 73905
33 78 88016
33 79 85740
33 80 82307
33 81 76168
33 82 81175
33 83 69561
33 84 72358
33 85 74060
33 86 80101
33 87 77586
33 88 83293
33 89 75023
33 90 70690
33 91 75032
33 92 75705
33 93 75591
33 94 75019
33 95 78362
33 96 75712
33 97 67276
33 98 70058
33 99 78493
33 100 78645
33 101 79509
33 102 80952
33 103 79128
33 104 82184
33 105 83803
33 106 83932
33 107 84221
33 108 58319
33 109 53465
33 110 69862
33 111 80582
33 112 76773
33 113 68766
33 114 67257
33 115 65313
33 116 73209
33 117 74553
33 118 68199
33 119 80540
33 120 83273
33 121 84317
34 1 45525
34 2 52742
34 3 49269
34 4 50548
34 5 49323
34 6 49391
34 7 44576
34 8 26276
34 9 50095
34 10 46143
34 11 45922
34 12 23833
34 13 40707
34 14 39461
34 15 41465
34 16 2188
34 17 -1459
34 18 67752
34 19 -4333
34 20 7105
34 21 3332
34 22 -1121
34 23 -3816
34 24 1032
34 25 -4646
34 26 -562
34 27 -5224
34 28 -5061
34 29 -13387
34 30 -2145
34 31 -8773
34 32 -541
34 33 -2377
34 35 -3236
34 36 1575
34 37 18714
34 38 26900
34 39 29878
34 40 32848
34 41 21268
34 42 25724
34 43 32233
34 44 27647
34 45 35063
34 46 29025
34 47 30302
34 48 30766
34 49 31199
34 50 34416
34 51 25533
34 52 62075
34 53 67102
34 54 64446
34 55 67972
34 56 70468
34 57 65019
34 58 64511
34 59 51883
34 60 76197
34 61 62007
34 62 70403
34 63 68614
34 64 68745
34 65 56470
34 66 62053
34 67 82964
34 68 71247
34 69 86637
34 70 85260
34 71 84355
34 72 84496
34 73 81483
34 74 85480
34 75 74259
34 76 82131
34 77 71047
34 78 85114
34 79 82727
34 80 79244
34 81 76459
34 82 81222
34 83 69943
34 84 72490
34 85 74060
34 86 80052
34 87 77414
34 88 83222
34 89 74868
34 90 70502
34 91 74821
34 92 75500
34 93 75179
34 94 74545
34 95 78019
34 96 75252
34 97 66655
34 98 68802
34 99 77802
34 100 77845
34 101 78924
34 102 80471
34 103 78224
34 104 81426
34 105 83291
34 106 83349
34 107 83482
34 108 58258
34 109 52930
34 110 68823
34 111 80558
34 112 76901
34 113 69092
34 114 67057
34 115 64464
34 116 72264
34 117 74816
34 118 68112
34 119 80697
34 120 82995
34 121 84133
35 1 43803
35 2 50918
35 3 47352
35 4 48633
35 5 47296
35 6 47255
35 7 42435
35 8 24094
35 9 48067
35 10 44173
35 11 44012
35 12 21874
35 13 38807
35 14 37690
35 15 39680
35 16 318
35 17 -3777
35 18 64657
35 19 -6158
35 20 4242
35 21 27
35 22 -1739
35 23 -6594
35 24 596
35 25 -5938
35 26 -3854
35 27 -4778
35 28 -7284
35 29 -15225
35 30 -652
35 31 -8611
35 32 -4127
35 33 151
35 34 -105
35 36 1811
35 37 15715
35 38 23901
35 39 26879
35 40 29808
35 41 18443
35 42 22885
35 43 29371
35 44 25024
35 45 32351
35 46 26540
35 47 27787
35 48 28200
35 49 28855
35 50 32193
35 51 23232
35 52 58996
35 53 64027
35 54 61420
35 55 64947
35 56 67444
35 57 62047
35 58 61537
35 59 49002
35 60 73299
35 61 59205
35 62 67595
35 63 65794
35 64 65961
35 65 53736
35 66 59401
35 67 79359
35 68 67673
35 69 83032
35 70 81655
35 71 80768
35 72 80924
35 73 77898
35 74 81903
35 75 70687
35 76 78554
35 77 67486
35 78 81561
35 79 79197
35 80 75727
35 81 73533
35 82 78182
35 83 67074
35 84 69496
35 85 71006
35 86 76973
35 87 74283
35 88 80131
35 89 71749
35 90 67372
35 91 71680
35 92 72359
35 93 71958
35 94 71303
35 95 74821
35 96 72013
35 97 63363
35 98 65326
35 99 74482
35 100 74491
35 101 75638
35 102 77221
35 103 74836
35 104 78081
35 105 80028
35 106 80061
35 107 80143
35 108 55192
35 109 49678
35 110 65404
35 111 77489
35 112 73903
35 113 66194
35 114 63927
35 115 61101
35 116 68867
35 117 71883
35 118 65030
35 119 77703
35 120 79814
35 121 80993
36 1 45686
36 2 52839
36 3 49305
36 4 50584
36 5 49287
36 6 49282
36 7 44463
36 8 26130
36 9 50057
36 10 46143
36 11 45960
36 12 23833
36 13 40750
36 14 39585
36 15 41583
36 16 2188
36 17 -1741
36 18 66892
36 19 -4333
36 20 6424
36 21 2261
36 22 -492
36 23 -4445
36 24 1730
36 25 -4400
36 26 -1618
36 27 -4206
36 28 -5446
36 29 -15283
36 30 -751
36 31 -8167
36 32 -1935
36 33 -524
36 34 -1711
36 35 -4606
36 37 16715
36 38 24901
36 39 27879
36 40 30850
36 41 19271
36 42 23726
36 43 30234
36 44 25666
36 45 33075
36 46 27062
36 47 28335
36 48 28793
36 49 29259
36 50 32500
36 51 23603
36 52 60078
36 53 65105
36 54 62447
36 55 65973
36 56 68468
36 57 63019
36 58 62511
36 59 49885
36 60 74199
36 61 60014
36 62 68408
36 63 66619
36 64 66753
36 65 54482
36 66 60073
36 67 81287
36 68 69458
36 69 84966
36 70 83577
36 71 82593
36 72 82703
36 73 79718
36 74 83695
36 75 72466
36 76 80346
36 77 69236
36 78 83291
36 79 80878
36 80 77383
36 81 75754
36 82 80415
36 83 69286
36 84 71724
36 85 73239
36 86 79207
36 87 76519
36 88 82366
36 89 73984
36 90 69607
36 91 73916
36 92 74595
36 93 74193
36 94 73536
36 95 77056
36 96 74246
36 97 65591
36 98 67498
36 99 76705
36 100 76707
36 101 77866
36 102 79453
36 103 77044
36 104 80300
36 105 82259
36 106 82289
36 107 82362
36 108 57426
36 109 51911
36 110 67601
36 111 79723
36 112 76132
36 113 68411
36 114 66163
36 115 63315
36 116 71072
36 117 74105
36 118 67264
36 119 79931
36 120 82049
36 121 83229
37 1 56341
37 2 62578
37 3 59003
37 4 60448
37 5 57948
37 6 57015
37 7 52482
37 8 36306
37 9 59351
37 10 55816
37 11 56348
37 12 36223
37 13 52119
37 14 51859
37 15 53227
37 16 25488
37 17 19691
37 18 59739
37 19 21023
37 20 27595
37 21 19463
37 22 28492
37 23 19320
37 24 31425
37 25 24028
37 26 20244
37 27 27601
37 28 23788
37 29 2479
37 30 32302
37 31 24283
37 32 26521
37 33 33163
37 34 32303
37 35 26173
37 36 33590
37 38 -9113
37 39 -6134
37 40 -3156
37 41 -13179
37 42 -9494
37 43 -3408
37 44 -3606
37 45 328
37 46 -569
37 47 -777
37 48 -2170
37 49 3170
37 50 5624
37 51 -5229
37 52 26083
37 53 31107
37 54 28432
37 55 31958
37 56 34454
37 57 29032
37 58 28522
37 59 16043
37 60 40313
37 61 26367
37 62 34741
37 63 32908
37 64 33149
37 65 21070
37 66 26929
37 67 54851
37 68 40692
37 69 58579
37 70 56842
37 71 54204
37 72 53506
37 73 51364
37 74 54760
37 75 43269
37 76 51563
37 77 39756
37 78 53443
37 79 50481
37 80 46586
37 81 70057
37 82 72648
37 83 65438
37 84 65592
37 85 65830
37 86 71102
37 87 67470
37 88 73701
37 89 65506
37 90 61290
37 91 65238
37 92 65673
37 93 63723
37 94 62813
37 95 66641
37 96 63341
37 97 54003
37 98 50703
37 99 63704
37 100 62992
37 101 65558
37 102 67814
37 103 62093
37 104 66423
37 105 70096
37 106 69610
37 107 68412
37 108 51500
37 109 42730
37 110 52920
37 111 71705
37 112 69687
37 113 64087
37 114 58417
37 115 50473
37 116 56447
37 117 68950
37 118 60529
37 119 72546
37 120 70957
37 121 73468
38 1 58028
38 2 64208
38 3 60693
38 4 62159
38 5 59574
38 6 58597
38 7 54107
38 8 38232
38 9 61065
38 10 57539
38 11 58125
38 12 38273
38 13 54015
38 14 53789
38 15 55087
38 16 28314
38 17 22498
38 18 60052
38 19 23916
38 20 30462
38 21 22304
38 22 31432
38 23 22238
38 24 34379
38 25 26977
38 26 23172
38 27 30586
38 28 26770
38 29 5448
38 30 35298
38 31 27278
38 32 29516
38 33 36163
38 34 35302
38 35 29172
38 36 36589
38 37 -14300
38 39 -9134
38 40 -6147
38 41 -13623
38 42 -11719
38 43 -6266
38 44 -3364
38 45 -2202
38 46 -385
38 47 -1321
38 48 -3856
38 49 3318
38 50 4849
38 51 -6722
38 52 23093
38 53 28115
38 54 25434
38 55 28959
38 56 31455
38 57 26033
38 58 25523
38 59 13063
38 60 37324
38 61 23413
38 62 31783
38 63 29941
38 64 30198
38 65 18153
38 66 24040
38 67 52940
38 68 38529
38 69 56659
38 70 54870
38 71 52046
38 72 51232
38 73 49230
38 74 52529
38 75 40995
38 76 49376
38 77 37467
38 78 51091
38 79 48065
38 80 44099
38 81 70352
38 82 72746
38 83 65980
38 84 65916
38 85 66023
38 86 71206
38 87 67491
38 88 73721
38 89 65617
38 90 61451
38 91 65351
38 92 65739
38 93 63655
38 94 62743
38 95 66534
38 96 63228
38 97 53880
38 98 50050
38 99 63365
38 100 62597
38 101 65273
38 102 67579
38 103 61534
38 104 65965
38 105 69786
38 106 69253
38 107 67926
38 108 51985
38 109 42984
38 110 52522
38 111 71808
38 112 69960
38 113 64587
38 114 58686
38 115 50286
38 116 55985
38 117 69353
38 118 60895
38 119 72639
38 120 70681
38 121 73370
39 1 59198
39 2 65342
39 3 61869
39 4 63349
39 5 60711
39 6 59706
39 7 55245
39 8 39570
39 9 62260
39 10 58739
39 11 59359
39 12 39687
39 13 55327
39 14 55121
39 15 56373
39 16 30211
39 17 24385
39 18 60339
39 19 25853
39 20 32385
39 21 24213
39 22 33397
39 23 24190
39 24 36352
39 25 28947
39 26 25131
39 27 32577
39 28 28759
39 29 7430
39 30 37295
39 31 29276
39 32 31513
39 33 38162
39 34 37301
39 35 31171
39 36 38588
39 37 -12300
39 38 -10113
39 40 -8137
39 41 -12542
39 42 -12325
39 43 -8102
39 44 -2478
39 45 -3717
39 46 313
39 47 -1075
39 48 -4554
39 49 3890
39 50 4696
39 51 -7439
39 52 21100
39 53 26121
39 54 23434
39 55 26960
39 56 29456
39 57 24034
39 58 23523
39 59 11078
39 60 35333
39 61 21448
39 62 29814
39 63 27966
39 64 28235
39 65 16216
39 66 22122
39 67 51714
39 68 37135
39 69 55425
39 70 53599
39 71 50649
39 72 49752
39 73 47853
39 74 51081
39 75 39515
39 76 47962
39 77 35980
39 78 49557
39 79 46488
39 80 42469
39 81 70613
39 82 72877
39 83 66411
39 84 66203
39 85 66222
39 86 71345
39 87 67576
39 88 73801
39 89 65763
39 90 61635
39 91 65502
39 92 65857
39 93 63685
39 94 62774
39 95 66534
39 96 63228
39 97 53880
39 98 49699
39 99 63214
39 100 62410
39 101 65155
39 102 67494
39 103 61235
39 104 65731
39 105 69647
39 106 69085
39 107 67671
39 108 52390
39 109 43245
39 110 52344
39 111 71944
39 112 70212
39 113 64991
39 114 58946
39 115 50250
39 116 55757
39 117 69691
39 118 61219
39 119 72762
39 120 70558
39 121 73370
40 1 64118
40 2 70108
40 3 66862
40 4 68411
40 5 65537
40 6 64424
40 7 60105
40 8 45389
40 9 67368
40 10 63859
40 11 64633
40 12 45829
40 13 60975
40 14 60845
40 15 61875
40 16 38600
40 17 32731
40 18 61429
40 19 34442
40 20 40913
40 21 32684
40 22 42128
40 23 32865
40 24 45131
40 25 37713
40 26 33845
40 27 41477
40 28 37648
40 29 16484
40 30 46259
40 31 38237
40 32 40470
40 33 47151
40 34 46329
40 35 40158
40 36 47617
40 37 -3264
40 38 -1068
40 39 -2079
40 41 -4136
40 42 -5476
40 43 -9810
40 44 5076
40 45 -4586
40 46 7180
40 47 4892
40 48 -1398
40 49 10149
40 50 8339
40 51 -6174
40 52 12048
40 53 17071
40 54 14420
40 55 17947
40 56 20444
40 57 15099
40 58 14575
40 59 2382
40 60 26520
40 61 12934
40 62 21258
40 63 19328
40 64 19723
40 65 7971
40 66 13970
40 67 45884
40 68 30629
40 69 49532
40 70 47525
40 71 44049
40 72 42764
40 73 41374
40 74 44249
40 75 32527
40 76 41324
40 77 29003
40 78 42344
40 79 39104
40 80 34818
40 81 71442
40 82 73126
40 83 68066
40 84 67212
40 85 66829
40 86 71662
40 87 67660
40 88 73827
40 89 66158
40 90 62229
40 91 65938
40 92 66120
40 93 63579
40 94 62696
40 95 66248
40 96 62985
40 97 53700
40 98 47980
40 99 62285
40 100 61342
40 101 64357
40 102 66819
40 103 59624
40 104 64402
40 105 68712
40 106 68023
40 107 66222
40 108 54049
40 109 44353
40 110 51428
40 111 72244
40 112 71044
40 113 66525
40 114 59928
40 115 49981
40 116 54538
40 117 70916
40 118 62481
40 119 72934
40 120 69615
40 121 73027
41 1 59947
41 2 66182
41 3 62609
41 4 64053
41 5 61551
41 6 60616
41 7 56086
41 8 39899
41 9 62957
41 10 59421
41 11 59952
41 12 39794
41 13 55715
41 14 55450
41 15 56826
41 16 28463
41 17 22707
41 18 62914
41 19 23839
41 20 30490
41 21 22427
41 22 31144
41 23 22070
41 24 34017
41 25 26648
41 26 22964
41 27 29999
41 28 26228
41 29 4191
41 30 34560
41 31 26555
41 32 28825
41 33 35341
41 34 34342
41 35 28386
41 36 35631
41 37 -13694
41 38 -8951
41 39 -6891
41 40 -4543
41 42 -12325
41 43 -5810
41 44 -6527
41 45 -2715
41 46 -3532
41 47 -4222
41 48 -5729
41 49 191
41 50 2136
41 51 -8833
41 52 24451
41 53 29447
41 54 26630
41 55 30137
41 56 32618
41 57 27073
41 58 26557
41 59 13836
41 60 38154
41 61 23979
41 62 32370
41 63 30574
41 64 30733
41 65 18528
41 66 24274
41 67 55919
41 68 41376
41 69 59633
41 70 57818
41 71 54890
41 72 53992
41 73 52092
41 74 55323
41 75 43755
41 76 52204
41 77 40220
41 78 53788
41 79 50707
41 80 46663
41 81 73225
41 82 75698
41 83 68734
41 84 68775
41 85 68937
41 86 74155
41 87 70470
41 88 76700
41 89 68562
41 90 64377
41 91 68295
41 92 68701
41 93 66662
41 94 65750
41 95 69554
41 96 66249
41 97 56903
41 98 53188
41 99 66447
41 100 65691
41 101 68342
41 102 70636
41 103 64660
41 104 69073
41 105 72862
41 106 72340
41 107 71039
41 108 54765
41 109 45868
41 110 55615
41 111 74757
41 112 72841
41 113 67363
41 114 61567
41 115 53326
41 116 59093
41 117 72176
41 118 63733
41 119 75594
41 120 73750
41 121 76388
42 1 61633
42 2 67814
42 3 64297
42 4 65762
42 5 63180
42 6 62202
42 7 57712
42 8 41808
42 9 64668
42 10 61141
42 11 61723
42 12 41821
42 13 57598
42 14 57366
42 15 58676
42 16 31233
42 17 25454
42 18 63303
42 19 26681
42 20 33297
42 21 25199
42 22 34044
42 23 24936
42 24 36933
42 25 29556
42 26 25839
42 27 32957
42 28 29177
42 29 7189
42 30 37539
42 31 29531
42 32 31795
42 33 38328
42 34 37338
42 35 31368
42 36 38626
42 37 -11469
42 38 -8507
42 39 -8134
42 40 -7343
42 41 -13785
42 43 -8810
42 44 -4689
42 45 -5494
42 46 -2228
42 47 -3936
42 48 -7415
42 49 1182
42 50 1696
42 51 -10270
42 52 21493
42 53 26483
42 54 23648
42 55 27152
42 56 29630
42 57 24078
42 58 23561
42 59 10837
42 60 35155
42 61 20996
42 62 29385
42 63 27586
42 64 27754
42 65 15570
42 66 21347
42 67 54134
42 68 39357
42 69 57833
42 70 55963
42 71 52857
42 72 51835
42 73 50091
42 74 53215
42 75 41598
42 76 50151
42 77 38059
42 78 51555
42 79 48414
42 80 44286
42 81 73583
42 82 75869
42 83 69334
42 84 69167
42 85 69203
42 86 74335
42 87 70571
42 88 76796
42 89 68752
42 90 64618
42 91 68490
42 92 68849
42 93 66684
42 94 65773
42 95 69534
42 96 66227
42 97 56880
42 98 52662
42 99 66209
42 100 65401
42 101 68152
42 102 70492
42 103 64208
42 104 68716
42 105 72643
42 106 72078
42 107 70652
42 108 55321
42 109 46214
42 110 55336
42 111 74934
42 112 73184
42 113 67923
42 114 61916
42 115 53250
42 116 58744
42 117 72642
42 118 64173
42 119 75754
42 120 73554
42 121 76369
43 1 65231
43 2 71314
43 3 67922
43 4 69426
43 5 66697
43 6 65646
43 7 61239
43 8 45892
43 9 68349
43 10 64835
43 11 65511
43 12 46111
43 13 61604
43 14 61426
43 15 62606
43 16 36855
43 17 31042
43 18 64478
43 19 32424
43 20 38988
43 21 30841
43 22 39879
43 23 30720
43 24 42796
43 25 35406
43 26 31640
43 27 38888
43 28 35095
43 29 13187
43 30 43503
43 31 35492
43 32 37749
43 33 44308
43 34 43332
43 35 37339
43 36 44619
43 37 -5898
43 38 -3569
43 39 -4426
43 40 -12192
43 41 -7785
43 42 -9325
43 44 751
43 45 -9202
43 46 2549
43 47 113
43 48 -6397
43 49 5327
43 50 3358
43 51 -10842
43 52 15604
43 53 20575
43 54 17695
43 55 21189
43 56 23660
43 57 18090
43 58 17570
43 59 4841
43 60 29157
43 61 15039
43 62 23424
43 63 21616
43 64 21809
43 65 9681
43 66 15528
43 67 50853
43 68 35627
43 69 54507
43 70 52513
43 71 49049
43 72 47751
43 73 46373
43 74 49245
43 75 37514
43 76 46324
43 77 33993
43 78 47315
43 79 44058
43 80 39725
43 81 74629
43 82 76547
43 83 70884
43 84 70312
43 85 70096
43 86 75049
43 87 71136
43 88 77332
43 89 69506
43 90 65490
43 91 69266
43 92 69520
43 93 67117
43 94 66219
43 95 69862
43 96 66574
43 97 57254
43 98 52056
43 99 66122
43 100 65222
43 101 68152
43 102 70575
43 103 63689
43 104 68379
43 105 72563
43 106 71916
43 107 70242
43 108 56842
43 109 47368
43 110 55235
43 111 75640
43 112 74221
43 113 69397
43 114 63020
43 115 53554
43 116 58463
43 117 73926
43 118 65454
43 119 76393
43 120 73483
43 121 76673
44 1 61945
44 2 68234
44 3 64613
44 4 66039
44 5 63615
44 6 62722
44 7 58156
44 8 41694
44 9 64945
44 10 61398
44 11 61878
44 12 41449
44 13 57527
44 14 57222
44 15 58668
44 16 28858
44 17 23172
44 18 65802
44 19 24017
44 20 30799
44 21 22852
44 22 31096
44 23 22182
44 24 33896
44 25 26571
44 26 23053
44 27 29653
44 28 25955
44 29 3247
44 30 34061
44 31 26082
44 32 28415
44 33 34744
44 34 33625
44 35 27871
44 36 34930
44 37 -11217
44 38 -5788
44 39 -3923
44 40 -2427
44 41 -13623
44 42 -10325
44 43 -4370
44 45 -2202
44 46 -6631
44 47 -6493
44 48 -6475
44 49 -2880
44 50 -242
44 51 -10410
44 52 26019
44 53 30976
44 54 28043
44 55 31513
44 56 33962
44 57 28347
44 58 27794
44 59 14878
44 60 39186
44 61 24786
44 62 33187
44 63 31411
44 64 31488
44 65 19163
44 66 24718
44 67 58914
44 68 44256
44 69 62622
44 70 60784
44 71 57764
44 72 56789
44 73 54984
44 74 58152
44 75 46552
44 76 55065
44 77 43013
44 78 56530
44 79 53401
44 80 49284
44 81 76119
44 82 78665
44 83 71521
44 84 71658
44 85 71871
44 86 77121
44 87 73463
44 88 79694
44 89 71526
44 90 67322
44 91 71258
44 92 71680
44 93 69683
44 94 68772
44 95 72586
44 96 69282
44 97 59939
44 98 56328
44 99 69536
44 100 68791
44 101 71419
44 102 73701
44 103 67788
44 104 72185
44 105 75945
44 106 75433
44 107 74157
44 108 57581
44 109 48780
44 110 58715
44 111 77723
44 112 75744
44 113 70169
44 114 64472
44 115 56379
44 116 62205
44 117 75025
44 118 66600
44 119 78563
44 120 76826
44 121 79418
45 1 67598
45 2 73716
45 3 70275
45 4 71765
45 5 69089
45 6 68063
45 7 63626
45 8 48049
45 9 70679
45 10 67161
45 11 67800
45 12 48172
45 13 63800
45 14 63599
45 15 64837
45 16 37921
45 17 32150
45 18 67395
45 19 33325
45 20 39966
45 21 31885
45 22 40620
45 23 31557
45 24 43481
45 25 36119
45 26 32450
45 27 39401
45 28 35652
45 29 13227
45 30 43898
45 31 35903
45 32 38197
45 33 44629
45 34 43554
45 35 37711
45 36 44852
45 37 -4770
45 38 -2113
45 39 -2649
45 40 -9576
45 41 -7298
45 42 -8617
45 43 -11810
45 44 311
45 46 1567
45 47 -1075
45 48 -8328
45 49 3890
45 50 916
45 51 -13760
45 52 16379
45 53 21280
45 54 18253
45 55 21681
45 56 24100
45 57 18462
45 58 17877
45 59 4901
45 60 29199
45 61 14791
45 62 23191
45 63 21414
45 64 21502
45 65 9205
45 66 14856
45 67 53449
45 68 38095
45 69 57085
45 70 55050
45 71 51471
45 72 50058
45 73 48835
45 74 51602
45 75 39821
45 76 48748
45 77 36318
45 78 49557
45 79 46253
45 80 41803
45 81 77565
45 82 79514
45 83 73755
45 84 73235
45 85 73045
45 86 78013
45 87 74110
45 88 80309
45 89 72466
45 90 68439
45 91 72223
45 92 72486
45 93 70098
45 94 69199
45 95 72849
45 96 69559
45 97 60237
45 98 55053
45 99 69121
45 100 68222
45 101 71150
45 102 73570
45 103 66686
45 104 71379
45 105 75562
45 106 74915
45 107 73241
45 108 59712
45 109 50283
45 110 58233
45 111 78604
45 112 77156
45 113 72278
45 114 65945
45 115 56540
45 116 61463
45 117 76833
45 118 68358
45 119 79364
45 120 76482
45 121 79661
46 1 63658
46 2 69969
46 3 66331
46 4 67749
46 5 65356
46 6 64481
46 7 59901
46 8 43330
46 9 66657
46 10 63105
46 11 63564
46 12 43024
46 13 59167
46 14 58843
46 15 60319
46 16 29829
46 17 24185
46 18 67795
46 19 24871
46 20 31737
46 21 23863
46 22 31813
46 23 23009
46 24 34571
46 25 27279
46 26 23876
46 27 30195
46 28 26554
46 29 3468
46 30 34511
46 31 26555
46 32 28941
46 33 35127
46 34 33945
46 35 28329
46 36 35268
46 37 -9238
46 38 -3867
46 39 -2190
46 40 -1381
46 41 -11686
46 42 -8922
46 43 -3630
46 44 -7689
46 45 -2004
46 47 -7321
46 48 -6800
46 49 -4880
46 50 -1901
46 51 -11606
46 52 26528
46 53 31450
46 54 28445
46 55 31879
46 56 34298
46 57 28658
46 58 28064
46 59 15049
46 60 39317
46 61 24786
46 62 33187
46 63 31411
46 64 31443
46 65 19058
46 66 24465
46 67 60528
46 68 45755
46 69 64229
46 70 62364
46 71 59252
46 72 58203
46 73 56491
46 74 59596
46 75 47966
46 76 56544
46 77 44427
46 78 57895
46 79 54727
46 80 50545
46 81 78112
46 82 80665
46 83 73496
46 84 73650
46 85 73868
46 86 79120
46 87 75463
46 88 81694
46 89 73525
46 90 69321
46 91 73257
46 92 73680
46 93 71682
46 94 70771
46 95 74585
46 96 71281
46 97 61937
46 98 58287
46 99 71524
46 100 70775
46 101 73411
46 102 75695
46 103 69757
46 104 74164
46 105 77935
46 106 77420
46 107 76133
46 108 59562
46 109 50776
46 110 60699
46 111 79723
46 112 77739
46 113 72148
46 114 66467
46 115 58375
46 116 64184
46 117 77012
46 118 68589
46 119 80562
46 120 78818
46 121 81417
47 1 64698
47 2 70972
47 3 67364
47 4 68794
47 5 66349
47 6 65443
47 7 60887
47 8 44486
47 9 67699
47 10 64155
47 11 64647
47 12 44261
47 13 60318
47 14 60019
47 15 61454
47 16 31569
47 17 25900
47 18 67994
47 19 26670
47 20 33493
47 21 25578
47 22 33670
47 23 24819
47 24 36444
47 25 29139
47 26 25687
47 27 32111
47 28 28451
47 29 5448
47 30 36451
47 31 28489
47 32 30860
47 33 37083
47 34 35912
47 35 30266
47 36 37231
47 37 -8756
47 38 -4113
47 39 -2888
47 40 -2979
47 41 -11686
47 42 -9940
47 43 -5376
47 44 -6861
47 45 -3956
47 46 -6631
47 48 -8800
47 49 -4052
47 50 -2919
47 51 -13230
47 52 24611
47 53 29522
47 54 26499
47 55 29923
47 56 32335
47 57 26693
47 58 26090
47 59 13063
47 60 37324
47 61 22787
47 62 31187
47 63 29411
47 64 29443
47 65 17059
47 66 22477
47 67 59379
47 68 44468
47 69 63069
47 70 61169
47 71 57948
47 72 56819
47 73 55211
47 74 58245
47 75 46582
47 76 55232
47 77 43046
47 78 56465
47 79 53263
47 80 49022
47 81 78302
47 82 80736
47 83 73833
47 84 73856
47 85 73996
47 86 79195
47 87 75488
47 88 81718
47 89 73604
47 90 69430
47 91 73338
47 92 73732
47 93 71655
47 94 70743
47 95 74533
47 96 71227
47 97 61879
47 98 57918
47 99 71336
47 100 70554
47 101 73253
47 102 75567
47 103 69437
47 104 73903
47 105 77761
47 106 77219
47 107 75853
47 108 59861
47 109 50939
47 110 60482
47 111 79797
47 112 77915
47 113 72460
47 114 66640
47 115 58281
47 116 63925
47 117 77266
47 118 68819
47 119 80630
47 120 78661
47 121 81369
48 1 66883
48 2 73087
48 3 69545
48 4 71000
48 5 68453
48 6 67492
48 7 62986
48 8 46928
48 9 69904
48 10 66373
48 11 66929
48 12 46853
48 13 62736
48 14 62482
48 15 63836
48 16 35109
48 17 29400
48 18 68559
48 19 30317
48 20 37070
48 21 29088
48 22 37419
48 23 28489
48 24 40220
48 25 32895
48 26 29363
48 27 35964
48 28 32274
48 29 9415
48 30 40347
48 31 32374
48 32 34721
48 33 41005
48 34 39855
48 35 34158
48 36 41168
48 37 -6670
48 38 -3169
48 39 -2888
48 40 -5790
48 41 -9714
48 42 -9940
48 43 -8407
48 44 -3364
48 45 -7730
48 46 -2631
48 47 -5321
48 49 -555
48 50 -2919
48 51 -15655
48 52 20806
48 53 25688
48 54 22625
48 55 26026
48 56 28420
48 57 22776
48 58 22150
48 59 9096
48 60 33343
48 61 18789
48 62 27189
48 63 25412
48 64 25443
48 65 13061
48 66 18504
48 67 57202
48 68 42023
48 69 60864
48 70 58887
48 71 55450
48 72 54151
48 73 52769
48 74 55648
48 75 43914
48 76 52725
48 77 40394
48 78 53704
48 79 50435
48 80 46063
48 81 78821
48 82 81021
48 83 74656
48 84 74422
48 85 74404
48 86 79494
48 87 75691
48 88 81911
48 89 73919
48 90 69812
48 91 73661
48 92 73995
48 93 71763
48 94 70854
48 95 74585
48 96 71281
48 97 61937
48 98 57362
48 99 71120
48 100 70277
48 101 73096
48 102 75465
48 103 68954
48 104 73536
48 105 77561
48 106 76966
48 107 75445
48 108 60634
48 109 51459
48 110 60232
48 111 80092
48 112 78417
48 113 73234
48 114 67157
48 115 58281
48 116 63579
48 117 77923
48 118 69449
48 119 80899
48 120 78481
48 121 81417
49 1 65384
49 2 71716
49 3 68062
49 4 69474
49 5 67111
49 6 66253
49 7 61660
49 8 44989
49 9 68385
49 10 64828
49 11 65266
49 12 44624
49 13 60826
49 14 60484
49 15 61987
49 16 30872
49 17 25272
49 18 69788
49 19 25805
49 20 32758
49 21 24959
49 22 32612
49 23 23925
49 24 35330
49 25 28073
49 26 24793
49 27 30828
49 28 27250
49 29 3832
49 30 35053
49 31 27124
49 32 29573
49 33 35601
49 34 34368
49 35 28893
49 36 35714
49 37 -7250
49 38 -1915
49 39 -364
49 40 -163
49 41 -9714
49 42 -7263
49 43 -2603
49 44 -5689
49 45 -1432
49 46 -6631
49 47 -6493
49 48 -6475
49 50 -3304
49 51 -12496
49 52 27130
49 53 32012
49 54 28942
49 55 32332
49 56 34714
49 57 29070
49 58 28422
49 59 15332
49 60 39533
49 61 24886
49 62 33282
49 63 31496
49 64 31488
49 65 19058
49 66 24296
49 67 62161
49 68 47283
49 69 65854
49 70 63964
49 71 60767
49 72 59646
49 73 58025
49 74 61069
49 75 49409
49 76 58051
49 77 45873
49 78 59294
49 79 56091
49 80 51844
49 81 80105
49 82 82664
49 83 75472
49 84 75642
49 85 75866
49 86 81119
49 87 77463
49 88 83694
49 89 75525
49 90 71319
49 91 75256
49 92 75679
49 93 73681
49 94 72770
49 95 76583
49 96 73279
49 97 63935
49 98 60248
49 99 73513
49 100 72760
49 101 75402
49 102 77690
49 103 71728
49 104 76144
49 105 79925
49 106 79407
49 107 78110
49 108 61544
49 109 52772
49 110 62684
49 111 81722
49 112 79733
49 113 74128
49 114 68462
49 115 60371
49 116 66164
49 117 78999
49 118 70579
49 119 82562
49 120 80810
49 121 83415
50 1 70004
50 2 76296
50 3 72673
50 4 74097
50 5 71677
50 6 70784
50 7 66218
50 8 49718
50 9 73004
50 10 69456
50 11 69929
50 12 49426
50 13 65554
50 14 65236
50 15 66702
50 16 35859
50 17 30266
50 18 73202
50 19 30763
50 20 37742
50 21 29955
50 22 37513
50 23 28879
50 24 40210
50 25 32972
50 26 29749
50 27 35630
50 28 32098
50 29 8453
50 30 39790
50 31 31885
50 32 34384
50 33 40278
50 34 39009
50 35 33655
50 36 40379
50 37 -3372
50 38 1040
50 39 1866
50 40 -549
50 41 -6345
50 42 -5325
50 43 -3148
50 44 -1627
50 45 -2982
50 46 -2228
50 47 -3936
50 48 -7415
50 49 -1880
50 51 -17040
50 52 24545
50 53 29311
50 54 26116
50 55 29384
50 56 31666
50 57 26075
50 58 25272
50 59 12101
50 60 36096
50 61 21271
50 62 29646
50 63 27817
50 64 27754
50 65 15279
50 66 20200
50 67 62515
50 68 47258
50 69 66169
50 70 64169
50 71 60656
50 72 59274
50 73 58001
50 74 60808
50 75 49037
50 76 57932
50 77 45531
50 78 58777
50 79 55471
50 80 50999
50 81 83498
50 82 85843
50 83 79119
50 84 79067
50 85 79151
50 86 84307
50 87 80558
50 88 86785
50 89 78721
50 90 74572
50 91 78458
50 92 78827
50 93 76680
50 94 75769
50 95 79533
50 96 76226
50 97 66879
50 98 62564
50 99 76194
50 100 75377
50 101 78145
50 102 80489
50 103 74135
50 104 78674
50 105 82630
50 106 82058
50 107 80600
50 108 65131
50 109 56128
50 110 65317
50 111 84907
50 112 83104
50 113 77733
50 114 71831
50 115 63250
50 116 68706
50 117 82506
50 118 74048
50 119 85731
50 120 83544
50 121 86369
51 1 72148
51 2 78374
51 3 74810
51 4 76257
51 5 73742
51 6 72795
51 7 68276
51 8 52088
51 9 75161
51 10 71626
51 11 72159
51 12 51939
51 13 67909
51 14 67636
51 15 69026
51 16 39260
51 17 33619
51 18 73833
51 19 34271
51 20 41163
51 21 33297
51 22 41137
51 23 32400
51 24 43864
51 25 36598
51 26 33267
51 27 39371
51 28 35793
51 29 12312
51 30 43585
51 31 35661
51 32 38117
51 33 44112
51 34 42862
51 35 37430
51 36 44218
51 37 -1489
51 38 2205
51 39 2467
51 40 -2326
51 41 -4578
51 42 -4555
51 43 -4612
51 44 941
51 45 -4922
51 46 803
51 47 -1511
51 48 -7415
51 49 1664
51 50 -4304
51 52 20968
51 53 25674
51 54 22435
51 55 25643
51 56 27881
51 57 22330
51 58 21458
51 59 8281
51 60 32194
51 61 17332
51 62 25700
51 63 23859
51 64 23789
51 65 11310
51 66 16200
51 67 60549
51 68 45071
51 69 64167
51 70 62088
51 71 58383
51 72 56827
51 73 55798
51 74 58438
51 75 46590
51 76 55669
51 77 43121
51 78 56248
51 79 52891
51 80 48271
51 81 84076
51 82 86201
51 83 79987
51 84 79693
51 85 79629
51 86 84681
51 87 80843
51 88 87057
51 89 79114
51 90 75031
51 91 78860
51 92 79171
51 93 76883
51 94 75976
51 95 79677
51 96 76378
51 97 67041
51 98 62161
51 99 76093
51 100 75221
51 101 78095
51 102 80489
51 103 73782
51 104 78428
51 105 82536
51 106 81915
51 107 80311
51 108 65958
51 109 56727
51 110 65201
51 111 85277
51 112 83670
51 113 78555
51 114 72419
51 115 63366
51 116 68490
51 117 83217
51 118 74740
51 119 86070
51 120 83459
51 121 86503
52 1 81401
52 2 87110
52 3 84532
52 4 86245
52 5 82914
52 6 81665
52 7 77692
52 8 65143
52 9 85424
52 10 81886
52 11 82967
52 12 66113
52 13 80159
52 14 80104
52 15 80637
52 16 62825
52 17 56914
52 18 71138
52 19 58952
52 20 65371
52 21 57096
52 22 66821
52 23 57511
52 24 69890
52 25 62461
52 26 58554
52 27 66397
52 28 62561
52 29 41549
52 30 71255
52 31 63234
52 32 65466
52 33 72176
52 34 71396
52 35 65186
52 36 72685
52 37 21815
52 38 24012
52 39 22998
52 40 7888
52 41 20698
52 42 19200
52 43 13826
52 44 29362
52 45 17209
52 46 30929
52 47 28322
52 48 21038
52 49 33282
52 50 29273
52 51 12960
52 53 -8000
52 54 -9344
52 55 -6668
52 56 -4336
52 57 -5981
52 58 -9278
52 59 -12563
52 60 3773
52 61 -5028
52 62 1945
52 63 -2146
52 64 -27
52 65 -6955
52 66 -4442
52 67 36412
52 68 20617
52 69 39482
52 70 36670
52 71 32108
52 72 29103
52 73 30485
52 74 31457
52 75 18866
52 76 30052
52 77 16282
52 78 28196
52 79 24877
52 80 18739
52 81 79576
52 82 79882
52 83 78560
52 84 76213
52 85 74842
52 86 78851
52 87 74360
52 88 80107
52 89 73821
52 90 70589
52 91 73856
52 92 73475
52 93 70215
52 94 69574
52 95 72118
52 96 69289
52 97 60614
52 98 51580
52 99 66871
52 100 65758
52 101 69103
52 102 71715
52 103 62403
52 104 67757
52 105 72776
52 106 71835
52 107 69083
52 108 65297
52 109 54944
52 110 57103
52 111 79321
52 112 79505
52 113 76756
52 114 69487
52 115 57218
52 116 58868
52 117 80335
52 118 72645
52 119 79198
52 120 73029
52 121 78320
53 1 83835
53 2 89523
53 3 87013
53 4 88741
53 5 85374
53 6 84118
53 7 80177
53 8 67816
53 9 87946
53 10 84403
53 11 85508
53 12 68821
53 13 82774
53 14 82721
53 15 83211
53 16 65799
53 17 59887
53 18 72970
53 19 61940
53 20 68357
53 21 60080
53 22 69815
53 23 60504
53 24 72886
53 25 65456
53 26 61549
53 27 69397
53 28 65561
53 29 44532
53 30 74255
53 31 66233
53 32 68466
53 33 75175
53 34 74391
53 35 68185
53 36 75680
53 37 24807
53 38 27002
53 39 25987
53 40 10879
53 41 23662
53 42 22158
53 43 16765
53 44 32287
53 45 20078
53 46 33819
53 47 31201
53 48 23888
53 49 36132
53 50 32007
53 51 15634
53 52 -10032
53 54 -8752
53 55 -9225
53 56 -7231
53 57 -4981
53 58 -11489
53 59 -10959
53 60 1745
53 61 -5176
53 62 1225
53 63 -3938
53 64 -1155
53 65 -6586
53 66 -5712
53 67 36314
53 68 20753
53 69 39264
53 70 36328
53 71 31764
53 72 28507
53 73 30364
53 74 31017
53 75 18270
53 76 29924
53 77 15966
53 78 27617
53 79 24418
53 80 17896
53 81 81188
53 82 81364
53 83 80423
53 84 77941
53 85 76475
53 86 80397
53 87 75867
53 88 81549
53 89 75435
53 90 72285
53 91 75506
53 92 75062
53 93 71750
53 94 71145
53 95 73553
53 96 70793
53 97 62212
53 98 52922
53 99 68213
53 100 67099
53 101 70444
53 102 73056
53 103 63566
53 104 68961
53 105 74021
53 106 73062
53 107 70222
53 108 67281
53 109 56913
53 110 58635
53 111 80850
53 112 81173
53 113 78597
53 114 71313
53 115 58887
53 116 60228
53 117 82094
53 118 74521
53 119 80607
53 120 74153
53 121 79661
54 1 83396
54 2 89117
54 3 86500
54 4 88203
54 5 84895
54 6 83650
54 7 79658
54 8 66965
54 9 87365
54 10 83831
54 11 84895
54 12 67898
54 13 82030
54 14 81973
54 15 82540
54 16 64106
54 17 58203
54 18 73340
54 19 60160
54 20 66590
54 21 58324
54 22 67972
54 23 58674
54 24 71016
54 25 63590
54 26 59695
54 27 67449
54 28 63615
54 29 42362
54 30 72255
54 31 64234
54 32 66466
54 33 73151
54 34 72315
54 35 66158
54 36 73602
54 37 22712
54 38 24901
54 39 23880
54 40 8808
54 41 21425
54 42 19903
54 43 14465
54 44 29934
54 45 17631
54 46 31394
54 47 28758
54 48 21405
54 49 33642
54 50 29392
54 51 12975
54 52 -10796
54 53 -8172
54 55 -8053
54 56 -5556
54 57 -7745
54 58 -11104
54 59 -13776
54 60 1745
54 61 -7164
54 62 -281
54 63 -4286
54 64 -2261
54 65 -8905
54 66 -6675
54 67 38356
54 68 22631
54 69 41382
54 70 38521
54 71 33953
54 72 30836
54 73 32415
54 74 33260
54 75 20599
54 76 31978
54 77 18133
54 78 29933
54 79 26664
54 80 20343
54 81 81804
54 82 82116
54 83 80756
54 84 78430
54 85 77068
54 86 81083
54 87 76594
54 88 82342
54 89 76048
54 90 72810
54 91 76081
54 92 75705
54 93 72448
54 94 71805
54 95 74354
54 96 71523
54 97 62843
54 98 53816
54 99 69107
54 100 67993
54 101 71339
54 102 73950
54 103 64631
54 104 69987
54 105 75009
54 106 74067
54 107 71310
54 108 67469
54 109 57121
54 110 59336
54 111 81553
54 112 81728
54 113 78956
54 114 71690
54 115 59442
54 116 61104
54 117 82548
54 118 74839
54 119 81434
54 120 75255
54 121 80556
55 1 86624
55 2 92317
55 3 89788
55 4 91512
55 5 88155
55 6 86901
55 7 82951
55 8 70503
55 9 90707
55 10 87166
55 11 88262
55 12 71485
55 13 85495
55 14 85440
55 15 85951
55 16 68058
55 17 62152
55 18 75781
55 19 64133
55 20 70560
55 21 62291
55 22 71957
55 23 62657
55 24 75005
55 25 67579
55 26 63681
55 27 71446
55 28 67612
55 29 46351
55 30 76255
55 31 68233
55 32 70466
55 33 77151
55 34 76314
55 35 70158
55 36 77601
55 37 26711
55 38 28899
55 39 27879
55 40 12808
55 41 25405
55 42 23880
55 43 18432
55 44 33877
55 45 21532
55 46 35301
55 47 32655
55 48 25279
55 49 37505
55 50 33133
55 51 16656
55 52 -7647
55 53 -8172
55 54 -7580
55 56 -9556
55 57 -4596
55 58 -14253
55 59 -10745
55 60 -1026
55 61 -6682
55 62 -763
55 63 -6656
55 64 -3502
55 65 -7775
55 66 -8240
55 67 38356
55 68 22972
55 69 41222
55 70 38202
55 71 33661
55 72 30229
55 73 32415
55 74 32852
55 75 19992
55 76 31978
55 77 17905
55 78 29368
55 79 26279
55 80 19464
55 81 83960
55 82 84105
55 83 83237
55 84 80736
55 85 79253
55 86 83155
55 87 78615
55 88 84280
55 89 78208
55 90 75075
55 91 78287
55 92 77829
55 93 74506
55 94 73909
55 95 76283
55 96 73542
55 97 64983
55 98 55630
55 99 70917
55 100 69804
55 101 73148
55 102 75759
55 103 66213
55 104 71622
55 105 76694
55 106 75729
55 107 72859
55 108 70107
55 109 59738
55 110 61393
55 111 83604
55 112 83957
55 113 81408
55 114 74123
55 115 61674
55 116 62939
55 117 84894
55 118 77337
55 119 83328
55 120 76780
55 121 82363
56 1 89904
56 2 95572
56 3 93129
56 4 94871
56 5 91471
56 6 90210
56 7 86299
56 8 74081
56 9 94099
56 10 90551
56 11 91677
56 12 75106
56 13 89001
56 14 88948
56 15 89406
56 16 72015
56 17 66107
56 18 78346
56 19 68109
56 20 74533
56 21 66262
56 22 75943
56 23 66641
56 24 78995
56 25 71568
56 26 67668
56 27 75443
56 28 71609
56 29 50342
56 30 80255
56 31 72233
56 32 74465
56 33 81151
56 34 80313
56 35 74158
56 36 81599
56 37 30710
56 38 32898
56 39 31878
56 40 16808
56 41 29389
56 42 27861
56 43 22406
56 44 37829
56 45 25454
56 46 39223
56 47 36570
56 48 29176
56 49 41390
56 50 36918
56 51 20397
56 52 -3812
56 53 -4675
56 54 -3580
56 55 -8053
56 57 -761
56 58 -12883
56 59 -7179
56 60 -1758
56 61 -4596
56 62 609
56 63 -7600
56 64 -3070
56 65 -5501
56 66 -8800
56 67 38688
56 68 23756
56 69 41382
56 70 38202
56 71 33759
56 72 30024
56 73 32823
56 74 32852
56 75 19787
56 76 32407
56 77 18133
56 78 29254
56 79 26408
56 80 19079
56 81 86239
56 82 86229
56 83 85829
56 84 83165
56 85 81568
56 86 85362
56 87 80778
56 88 86358
56 89 80505
56 90 77475
56 91 80630
56 92 80093
56 93 76712
56 94 76164
56 95 78362
56 96 75712
56 97 67276
56 98 57641
56 99 72895
56 100 71788
56 101 75121
56 102 77727
56 103 67979
56 104 73431
56 105 78542
56 106 77558
56 107 74584
56 108 72857
56 109 62480
56 110 63625
56 111 85790
56 112 86312
56 113 83973
56 114 76684
56 115 64064
56 116 64954
56 117 87359
56 118 79957
56 119 85354
56 120 78459
56 121 84317
57 1 83820
57 2 89568
57 3 86869
57 4 88553
57 5 85292
57 6 84057
57 7 80025
57 8 67069
57 9 87684
57 10 84156
57 11 85185
57 12 67940
57 13 82217
57 14 82155
57 15 82784
57 16 63465
57 17 57571
57 18 74382
57 19 59435
57 20 65881
57 21 57628
57 22 67183
57 23 57903
57 24 70200
57 25 62779
57 26 58900
57 27 66553
57 28 62725
57 29 41242
57 30 71307
57 31 63287
57 32 65522
57 33 72176
57 34 71289
57 35 65186
57 36 72575
57 37 21713
57 38 23901
57 39 22881
57 40 7888
57 41 20269
57 42 18734
57 43 13261
57 44 28639
57 45 16241
57 46 30008
57 47 27353
57 48 19957
57 49 32171
57 50 27752
57 51 11271
57 52 -9032
57 53 -6000
57 54 -9344
57 55 -6668
57 56 -4336
57 58 -10489
57 59 -15936
57 60 1687
57 61 -8901
57 62 -1614
57 63 -4783
57 64 -3337
57 65 -10955
57 66 -7800
57 67 40404
57 68 24617
57 69 43462
57 70 40631
57 71 36066
57 72 33000
57 73 34474
57 74 35394
57 75 22763
57 76 34039
57 77 20241
57 78 32095
57 79 28804
57 80 22545
57 81 83006
57 82 83411
57 83 81766
57 84 79549
57 85 78258
57 86 82336
57 87 77876
57 88 83665
57 89 77255
57 90 73957
57 91 77262
57 92 76932
57 93 73714
57 94 73046
57 95 75685
57 96 72811
57 97 64069
57 98 55221
57 99 70503
57 100 69391
57 101 72733
57 102 75343
57 103 66136
57 104 71467
57 105 76460
57 106 75530
57 107 72826
57 108 68383
57 109 58056
57 110 60614
57 111 82817
57 112 82891
57 113 79985
57 114 72738
57 115 60620
57 116 62492
57 117 83641
57 118 75844
57 119 82776
57 120 76775
57 121 81944
58 1 88605
58 2 94310
58 3 91742
58 4 93456
58 5 90122
58 6 88872
58 7 84902
58 8 72316
58 9 92635
58 10 89098
58 11 90177
58 12 73264
58 13 87355
58 14 87299
58 15 87843
58 16 69368
58 17 63469
58 18 77968
58 19 65375
58 20 71814
58 21 63555
58 22 73146
58 23 63859
58 24 76171
58 25 68748
58 26 64863
58 27 72541
58 28 68712
58 29 47236
58 30 77303
58 31 69283
58 32 71517
58 33 78175
58 34 77289
58 35 71184
58 36 78575
58 37 27711
58 38 29899
58 39 28878
58 40 13872
58 41 26261
58 42 24725
58 43 19249
58 44 34594
58 45 22164
58 46 35922
58 47 33258
58 48 25839
58 49 38031
58 50 33457
58 51 16907
58 52 -5821
58 53 -6000
58 54 -6195
58 55 -9817
58 56 -9950
58 57 -3981
58 59 -10692
58 60 -3251
58 61 -8015
58 62 -2500
58 63 -8892
58 64 -5557
58 65 -8955
58 66 -10431
58 67 40404
58 68 25100
58 69 43232
58 70 40172
58 71 35649
58 72 32134
58 73 34474
58 74 34813
58 75 21897
58 76 34039
58 77 19919
58 78 31294
58 79 28263
58 80 21305
58 81 86179
58 82 86335
58 83 85419
58 84 82940
58 85 81469
58 86 85379
58 87 80843
58 88 86512
58 89 80427
58 90 77284
58 91 80501
58 92 80050
58 93 76731
58 94 76132
58 95 78515
58 96 75769
58 97 67202
58 98 57865
58 99 73152
58 100 72039
58 101 75383
58 102 77994
58 103 68448
58 104 73857
58 105 78930
58 106 77965
58 107 75093
58 108 72261
58 109 61895
58 110 63618
58 111 85830
58 112 86169
58 113 83594
58 114 76311
58 115 63885
58 116 65174
58 117 87094
58 118 79516
58 119 85561
58 120 79013
58 121 84598
59 1 83401
59 2 89204
59 3 86355
59 4 88003
59 5 84835
59 6 83622
59 7 79516
59 8 66075
59 9 87079
59 10 83561
59 11 84526
59 12 66827
59 13 81365
59 14 81291
59 15 82034
59 16 61159
59 17 55286
59 18 75236
59 19 56989
59 20 63469
59 21 55244
59 22 64626
59 23 55386
59 24 67599
59 25 60189
59 26 56348
59 27 63822
59 28 60010
59 29 38173
59 30 68492
59 31 60477
59 32 62723
59 33 69315
59 34 68351
59 35 62339
59 36 69639
59 37 18922
59 38 21129
59 39 20123
59 40 5369
59 41 17230
59 42 15691
59 43 10210
59 44 25368
59 45 12878
59 46 26597
59 47 23921
59 48 16475
59 49 28631
59 50 23976
59 51 7420
59 52 -5416
59 53 -1780
59 54 -5177
59 55 -2619
59 56 -556
59 57 -5738
59 58 -7002
59 60 4143
59 61 -9395
59 62 -1209
59 63 -3231
59 64 -2708
59 65 -13124
59 66 -7800
59 67 43653
59 68 27729
59 69 46801
59 70 44064
59 71 39521
59 72 36631
59 73 37771
59 74 38923
59 75 26394
59 76 37350
59 77 23697
59 78 35725
59 79 32371
59 80 26338
59 81 84176
59 82 84783
59 83 82537
59 84 80552
59 85 79414
59 86 83623
59 87 79228
59 88 85100
59 89 78450
59 90 75031
59 91 78407
59 92 78171
59 93 75044
59 94 74327
59 95 77150
59 96 74188
59 97 65322
59 98 56886
59 99 72120
59 100 71016
59 101 74342
59 102 76945
59 103 68000
59 104 73267
59 105 78190
59 106 77288
59 107 74707
59 108 68977
59 109 58710
59 110 61996
59 111 84126
59 112 83986
59 113 80796
59 114 73608
59 115 61785
59 116 64105
59 117 84587
59 118 76624
59 119 84244
59 120 78644
59 121 83526
60 1 91996
60 2 97715
60 3 95102
60 4 96805
60 5 93497
60 6 92251
60 7 88260
60 8 75508
60 9 95965
60 10 92432
60 11 93491
60 12 76411
60 13 90604
60 14 90545
60 15 91129
60 16 71896
60 17 66009
60 18 81562
60 19 67809
60 20 74268
60 21 66026
60 22 75502
60 23 66241
60 24 78495
60 25 71080
60 26 67220
60 27 74767
60 28 70948
60 29 49173
60 30 79461
60 31 71444
60 32 73687
60 33 80295
60 34 79343
60 35 73314
60 36 80631
60 37 29870
60 38 32068
60 39 31056
60 40 16185
60 41 28226
60 42 26687
60 43 21204
60 44 36354
60 45 23854
60 46 37543
60 47 34860
60 48 27400
60 49 39510
60 50 34649
60 51 18011
60 52 -2402
60 53 -2398
60 54 -2978
60 55 -6222
60 56 -8457
60 57 -1437
60 58 -12883
60 59 -9179
60 61 -8518
60 62 -3825
60 63 -12438
60 64 -8085
60 65 -9521
60 66 -13745
60 67 43549
60 68 28409
60 69 46304
60 70 43171
60 71 38692
60 72 35035
60 73 37647
60 74 37812
60 75 24798
60 76 37221
60 77 23017
60 78 34240
60 79 31319
60 80 24119
60 81 89785
60 82 89936
60 83 89009
60 84 86543
60 85 85074
60 86 88984
60 87 84446
60 88 90111
60 89 84032
60 90 80888
60 91 84106
60 92 83656
60 93 80335
60 94 79737
60 95 82113
60 96 79372
60 97 70808
60 98 61456
60 99 76742
60 100 75629
60 101 78973
60 102 81584
60 103 72013
60 104 77428
60 105 82507
60 106 81539
60 107 78652
60 108 75830
60 109 65467
60 110 67222
60 111 89434
60 112 89774
60 113 87187
60 114 79906
60 115 67489
60 116 68766
60 117 90695
60 118 83104
60 119 89157
60 120 82566
60 121 88187
61 1 89155
61 2 94945
61 3 92127
61 4 93782
61 5 90596
61 6 89377
61 7 85287
61 8 71903
61 9 92867
61 10 89347
61 11 90322
61 12 72658
61 13 87184
61 14 87111
61 15 87843
61 16 66740
61 17 60878
61 18 80466
61 19 62500
61 20 69002
61 21 60794
61 22 70070
61 23 60860
61 24 73017
61 25 65616
61 26 61805
61 27 69153
61 28 65356
61 29 43240
61 30 73760
61 31 65751
61 32 68012
61 33 74545
61 34 73522
61 35 67589
61 36 74815
61 37 24293
61 38 26526
61 39 25540
61 40 10968
61 41 22420
61 42 20897
61 43 15455
61 44 30323
61 45 17815
61 46 31381
61 47 28692
61 48 21215
61 49 33232
61 50 28193
61 51 11518
61 52 -2834
61 53 -950
61 54 -3518
61 55 -3509
61 56 -2926
61 57 -3656
61 58 -9278
61 59 -14348
61 60 -149
61 62 -6825
61 63 -8600
61 64 -8434
61 65 -16127
61 66 -13580
61 67 46323
61 68 30663
61 69 49300
61 70 46377
61 71 41812
61 72 38542
61 73 40375
61 74 41066
61 75 28305
61 76 39935
61 77 26010
61 78 37657
61 79 34468
61 80 27875
61 81 89204
61 82 89663
61 83 87817
61 84 85691
61 85 84451
61 86 88566
61 87 84121
61 88 89930
61 89 83458
61 90 80122
61 91 83450
61 92 83148
61 93 79953
61 94 79272
61 95 81955
61 96 79061
61 97 70286
61 98 61522
61 99 76799
61 100 75688
61 101 79028
61 102 81637
61 103 72457
61 104 77783
61 105 82771
61 106 81843
61 107 79148
61 108 74351
61 109 64049
61 110 66862
61 111 89053
61 112 89065
61 113 86053
61 114 78827
61 115 66810
61 116 68787
61 117 89763
61 118 81897
61 119 89049
61 120 83097
61 121 88237
62 1 90695
62 2 96469
62 3 93693
62 4 95358
62 5 92145
62 6 90921
62 7 86850
62 8 73591
62 9 94457
62 10 90935
62 11 91927
62 12 74375
62 13 88838
62 14 88769
62 15 89471
62 16 68675
62 17 62811
62 18 81592
62 19 64453
62 20 70950
62 21 62738
62 22 72036
62 23 62820
62 24 74987
62 25 67585
62 26 63768
62 27 71135
62 28 67336
62 29 45238
62 30 75747
62 31 67738
62 32 69997
62 33 76536
62 34 75517
62 35 69578
62 36 76808
62 37 26266
62 38 28495
62 39 27505
62 40 12891
62 41 24410
62 42 22885
62 43 17439
62 44 32323
62 45 19814
62 46 33381
62 47 30691
62 48 23214
62 49 35227
62 50 30167
62 51 13485
62 52 -2262
62 53 -950
62 54 -3036
62 55 -3991
62 56 -4122
62 57 -2770
62 58 -10164
62 59 -12563
62 60 -1857
62 61 -13226
62 63 -10600
62 64 -10321
62 65 -14483
62 66 -14990
62 67 46323
62 68 30803
62 69 49231
62 70 46240
62 71 41690
62 72 38289
62 73 40375
62 74 40897
62 75 28052
62 76 39935
62 77 25917
62 78 37426
62 79 34314
62 80 27522
62 81 90206
62 82 90582
62 83 88972
62 84 86759
62 85 85460
62 86 89522
62 87 85052
62 88 90824
62 89 84453
62 90 81165
62 91 84465
62 92 84125
62 93 80896
62 94 80235
62 95 82840
62 96 79985
62 97 71262
62 98 62334
62 99 77622
62 100 76509
62 101 79854
62 102 82465
62 103 73173
62 104 78526
62 105 83542
62 106 82603
62 107 79853
62 108 75571
62 109 65249
62 110 67790
62 111 90000
62 112 90097
62 113 87193
62 114 79948
62 115 67823
62 116 69616
62 117 90852
62 118 83050
62 119 89927
62 120 83799
62 121 89069
63 1 94608
63 2 100346
63 3 97672
63 4 99360
63 5 96088
63 6 94849
63 7 90828
63 8 77866
63 9 98496
63 10 94967
63 11 96000
63 12 78716
63 13 93030
63 14 92967
63 15 93601
63 16 73528
63 17 67656
63 18 84544
63 19 69345
63 20 75830
63 21 67609
63 22 76957
63 23 67729
63 24 79918
63 25 72513
63 26 68684
63 27 76092
63 28 72289
63 29 50234
63 30 80719
63 31 72708
63 32 74964
63 33 81514
63 34 80503
63 35 74552
63 36 81794
63 37 31208
63 38 33428
63 39 32432
63 40 17736
63 41 29389
63 42 27861
63 43 22406
63 44 37322
63 45 24812
63 46 38380
63 47 35690
63 48 28212
63 49 40216
63 50 35113
63 51 18419
63 52 422
63 53 662
63 54 -266
63 55 -3109
63 56 -5556
63 57 836
63 58 -9781
63 59 -7810
63 60 -3695
63 61 -8226
63 62 -3825
63 64 -9395
63 65 -9735
63 66 -16800
63 67 46635
63 68 31549
63 69 49360
63 70 46196
63 71 41741
63 72 38024
63 73 40745
63 74 40844
63 75 27787
63 76 40322
63 77 26091
63 78 37252
63 79 34378
63 80 27076
63 81 92841
63 82 93026
63 83 91979
63 84 89563
63 85 88124
63 86 92057
63 87 87529
63 88 93209
63 89 87087
63 90 83917
63 91 87150
63 92 86718
63 93 83410
63 94 82803
63 95 85212
63 96 82455
63 97 73866
63 98 64569
63 99 79858
63 100 78744
63 101 82089
63 102 84700
63 103 75153
63 104 80565
63 105 85638
63 106 84673
63 107 81796
63 108 78747
63 109 68391
63 110 70296
63 111 92512
63 112 92814
63 113 90166
63 114 82890
63 115 70526
63 116 71877
63 117 93704
63 118 86068
63 119 92262
63 120 85714
63 121 91304
64 1 92877
64 2 98645
64 3 95885
64 4 97553
64 5 94332
64 6 93104
64 7 89042
64 8 75817
64 9 96657
64 10 93134
64 11 94132
64 12 76606
64 13 91057
64 14 90988
64 15 91683
64 16 70862
64 17 65000
64 18 83561
64 19 66622
64 20 73124
64 21 64917
64 22 74187
64 23 64980
64 24 77131
64 25 69731
64 26 65923
64 27 73254
64 28 69460
64 29 47286
64 30 77849
64 31 69842
64 32 72106
64 33 78626
64 34 77591
64 35 71676
64 36 78885
64 37 28406
64 38 30642
64 39 29658
64 40 15088
64 41 26505
64 42 24986
64 43 19556
64 44 34356
64 45 21857
64 46 35369
64 47 32679
64 48 25200
64 49 37165
64 50 32007
64 51 15306
64 52 -502
64 53 402
64 54 -1284
64 55 -2998
64 56 -4069
64 57 -761
64 58 -9489
64 59 -10330
64 60 -2385
64 61 -11103
64 62 -6589
64 63 -12438
64 65 -12872
64 66 -16969
64 67 47393
64 68 32024
64 69 50230
64 70 47170
64 71 42649
64 72 39118
64 73 41458
64 74 41811
64 75 28881
64 76 41022
64 77 26916
64 78 38285
64 79 35263
64 80 28263
64 81 92091
64 82 92412
64 83 90957
64 84 88690
64 85 87352
64 86 91377
64 87 86890
64 88 92635
64 89 86336
64 90 83081
64 91 86362
64 92 85996
64 93 82743
64 94 82098
64 95 84646
64 96 81819
64 97 73134
64 98 64093
64 99 79385
64 100 78271
64 101 81617
64 102 84229
64 103 74855
64 104 80227
64 105 85263
64 106 84315
64 107 81524
64 108 77597
64 109 67266
64 110 69631
64 111 91848
64 112 92004
64 113 89170
64 114 81915
64 115 69722
64 116 71385
64 117 92797
64 118 85037
64 119 91725
64 120 85464
64 121 90835
65 1 88947
65 2 94772
65 3 91864
65 4 93497
65 5 90369
65 6 89167
65 7 85031
65 8 71348
65 9 92550
65 10 89035
65 11 89969
65 12 72025
65 13 86712
65 14 86629
65 15 87431
65 16 65353
65 17 59509
65 18 81066
65 19 61022
65 20 67555
65 21 59373
65 22 68513
65 23 59342
65 24 71431
65 25 64042
65 26 60269
65 27 67481
65 28 63702
65 29 41365
65 30 72031
65 31 64029
65 32 66306
65 33 72781
65 34 71714
65 35 65849
65 36 73012
65 37 22725
65 38 24995
65 39 24037
65 40 9734
65 41 20698
65 42 19200
65 43 13826
65 44 28429
65 45 15958
65 46 29382
65 47 26693
65 48 19216
65 49 31133
65 50 25930
65 51 9225
65 52 -1032
65 53 1369
65 54 -1530
65 55 -873
65 56 -102
65 57 -1981
65 58 -6489
65 59 -14348
65 60 2577
65 61 -12398
65 62 -4353
65 63 -6380
65 64 -6474
65 66 -12951
65 67 48392
65 68 32617
65 69 51430
65 70 48569
65 71 44001
65 72 40844
65 73 42456
65 74 43298
65 75 30607
65 76 42020
65 77 28182
65 78 39946
65 79 36700
65 80 30265
65 81 89998
65 82 90582
65 83 88364
65 84 86382
65 85 85237
65 86 89433
65 87 85029
65 88 90889
65 89 84269
65 90 80858
65 91 84230
65 92 83986
65 93 80848
65 94 80137
65 95 82933
65 96 79985
65 97 71134
65 98 62622
65 99 77870
65 100 76764
65 101 80095
65 102 82700
65 103 73681
65 104 78969
65 105 83913
65 106 83003
65 107 80384
65 108 74792
65 109 64532
65 110 67790
65 111 89934
65 112 89813
65 113 86625
65 114 79438
65 115 67605
65 116 69855
65 117 90418
65 118 82452
65 119 90029
65 120 84327
65 121 89287
66 1 98374
66 2 104165
66 3 101343
66 4 102996
66 5 99814
66 6 98596
66 7 94503
66 8 81045
66 9 102076
66 10 98557
66 11 99525
66 12 81765
66 13 96357
66 14 96281
66 15 97033
66 16 75129
66 17 69294
66 18 89375
66 19 70750
66 20 77302
66 21 69135
66 22 78186
66 23 69045
66 24 81081
66 25 73702
66 26 69961
66 27 77055
66 28 73298
66 29 50718
66 30 81547
66 31 73556
66 32 75853
66 33 82258
66 34 81142
66 35 75359
66 36 82448
66 37 32429
66 38 34727
66 39 33788
66 40 19578
66 41 30289
66 42 28822
66 43 23518
66 44 37829
66 45 25454
66 46 38634
66 47 35956
66 48 28504
66 49 40216
66 50 34696
66 51 17960
66 52 5326
66 53 6088
66 54 4545
66 55 2507
66 56 444
66 57 5019
66 58 -4120
66 59 -5179
66 60 2198
66 61 -6006
66 62 -1015
66 63 -9600
66 64 -6726
66 65 -9106
66 67 52604
66 68 37437
66 69 55347
66 70 52193
66 71 47731
66 72 44024
66 73 46703
66 74 46839
66 75 33787
66 76 46276
66 77 32068
66 78 43250
66 79 40363
66 80 33074
66 81 97922
66 82 98238
66 83 96764
66 84 94516
66 85 93183
66 86 97207
66 87 92718
66 88 98459
66 89 92167
66 90 88909
66 91 92192
66 92 91827
66 93 88573
66 94 87928
66 95 90468
66 96 87647
66 97 78965
66 98 69902
66 99 85195
66 100 84081
66 101 87427
66 102 90039
66 103 80630
66 104 86012
66 105 91056
66 106 90104
66 107 87293
66 108 83378
66 109 73054
66 110 75460
66 111 97678
66 112 97834
66 113 94980
66 114 87729
66 115 75552
66 116 77198
66 117 98619
66 118 90843
66 119 97545
66 120 91228
66 121 96645
67 1 66269
67 2 71605
67 3 71499
67 4 73708
67 5 69523
67 6 68415
67 7 65486
67 8 59626
67 9 74083
67 10 70192
67 11 71948
67 12 61468
67 13 71765
67 14 71444
67 15 70432
67 16 73152
67 17 67416
67 18 46303
67 19 70935
67 20 77787
67 21 69862
67 22 79553
67 23 70934
67 24 83141
67 25 75943
67 26 72793
67 27 81179
67 28 77877
67 29 62388
67 30 87034
67 31 79293
67 32 82123
67 33 88167
67 34 88939
67 35 82203
67 36 90548
67 37 47237
67 38 50513
67 39 50266
67 40 38378
67 41 48820
67 42 48495
67 43 45729
67 44 58911
67 45 50933
67 46 61583
67 47 59744
67 48 54088
67 49 64967
67 50 63897
67 51 49195
67 52 33066
67 53 35000
67 54 36462
67 55 35989
67 56 34818
67 57 40109
67 58 33601
67 59 33160
67 60 46378
67 61 40783
67 62 47184
67 63 40721
67 64 44522
67 65 39123
67 66 39490
67 68 959
67 69 -5950
67 70 -7366
67 71 265
67 72 1841
67 73 2364
67 74 3650
67 75 -8396
67 76 5924
67 77 -3942
67 78 8168
67 79 12526
67 80 6448
67 81 48894
67 82 47415
67 83 52857
67 84 48332
67 85 45425
67 86 47860
67 87 42993
67 88 47243
67 89 44510
67 90 43078
67 91 45469
67 92 43771
67 93 40199
67 94 40528
67 95 39944
67 96 38849
67 97 32722
67 98 21842
67 99 34214
67 100 33556
67 101 36038
67 102 38282
67 103 27381
67 104 32883
67 105 37760
67 106 36742
67 107 33020
67 108 43755
67 109 34822
67 110 29935
67 111 47942
67 112 50405
67 113 50718
67 114 44825
67 115 31906
67 116 27705
67 117 52725
67 118 48712
67 119 45140
67 120 35426
67 121 43978
68 1 66257
68 2 71667
68 3 70638
68 4 72678
68 5 68719
68 6 67492
68 7 64205
68 8 56194
68 9 72582
68 10 68844
68 11 70407
68 12 57882
68 13 69371
68 14 69201
68 15 68688
68 16 65644
68 17 59807
68 18 48646
68 19 63057
68 20 69695
68 21 61599
68 22 71592
68 23 62657
68 24 75066
68 25 67765
68 26 64285
68 27 72776
68 28 69260
68 29 52495
68 30 78421
68 31 70574
68 32 73180
68 33 79557
68 34 79919
68 35 73214
68 36 81416
68 37 35775
68 38 38799
68 39 38384
68 40 25820
68 41 36974
68 42 36415
68 43 33200
68 44 46950
68 45 38276
68 46 49507
68 47 47530
68 48 41606
68 49 52786
68 50 51337
68 51 36414
68 52 19968
68 53 22136
68 54 23434
68 55 23302
68 56 22583
68 57 27019
68 58 20994
68 59 19933
68 60 33935
68 61 27820
68 62 34361
68 63 28332
68 64 31850
68 65 26045
68 66 27020
68 67 3656
68 69 7033
68 70 4715
68 71 1134
68 72 873
68 73 -1636
68 74 1863
68 75 -9364
68 76 -1470
68 77 -12095
68 78 2240
68 79 2474
68 80 -1167
68 81 54029
68 82 53210
68 83 55917
68 84 52135
68 85 49803
68 86 52909
68 87 48125
68 88 53146
68 89 48724
68 90 46479
68 91 49230
68 92 48121
68 93 44516
68 94 44350
68 95 45322
68 96 43318
68 97 35884
68 98 24996
68 99 39519
68 100 38526
68 101 41642
68 102 44155
68 103 33675
68 104 39241
68 105 44397
68 106 43362
68 107 40017
68 108 44845
68 109 34955
68 110 32257
68 111 53187
68 112 54734
68 113 53879
68 114 47025
68 115 33696
68 116 32000
68 117 56503
68 118 50713
68 119 51748
68 120 43542
68 121 50514
69 1 67989
69 2 73318
69 3 73369
69 4 75604
69 5 71389
69 6 70305
69 7 67432
69 8 61873
69 9 76057
69 10 72140
69 11 73922
69 12 63727
69 13 73863
69 14 73517
69 15 72432
69 16 75816
69 17 70089
69 18 47758
69 19 73628
69 20 80497
69 21 72586
69 22 82249
69 23 73656
69 24 85845
69 25 78656
69 26 75531
69 27 83906
69 28 80620
69 29 65195
69 30 89774
69 31 82041
69 32 84886
69 33 90906
69 34 91704
69 35 84968
69 36 93319
69 37 50057
69 38 53324
69 39 53069
69 40 41118
69 41 51626
69 42 51286
69 43 48475
69 44 61711
69 45 53661
69 46 64376
69 47 62526
69 48 56842
69 49 67752
69 50 66643
69 51 51905
69 52 35228
69 53 37042
69 54 38580
69 55 37947
69 56 36604
69 57 42259
69 58 35521
69 59 35400
69 60 48225
69 61 42852
69 62 49184
69 63 42538
69 64 46451
69 65 41253
69 66 41325
69 67 -6858
69 68 3428
69 70 -9838
69 71 1704
69 72 2729
69 73 4544
69 74 4981
69 75 -7508
69 76 8077
69 77 -2095
69 78 9537
69 79 14289
69 80 7710
69 81 49723
69 82 48119
69 83 54121
69 84 49473
69 85 46461
69 86 48754
69 87 43887
69 88 47938
69 89 45603
69 90 44342
69 91 46664
69 92 44843
69 93 41313
69 94 41755
69 95 40810
69 96 39940
69 97 34103
69 98 23394
69 99 35172
69 100 34616
69 101 36901
69 102 39058
69 103 28165
69 104 33607
69 105 38353
69 106 37355
69 107 33574
69 108 45420
69 109 36688
69 110 31556
69 111 48788
69 112 51435
69 113 51969
69 114 46317
69 115 33569
69 116 28945
69 117 53856
69 118 50225
69 119 45623
69 120 35557
69 121 44533
70 1 69975
70 2 75303
70 3 75367
70 4 77603
70 5 73387
70 6 72304
70 7 69431
70 8 63853
70 9 78057
70 10 74140
70 11 75922
70 12 65705
70 13 75859
70 14 75514
70 15 74432
70 16 77623
70 17 71887
70 18 49711
70 19 75407
70 20 82257
70 21 74330
70 22 84025
70 23 75402
70 24 87612
70 25 80413
70 26 77256
70 27 85646
70 28 82339
70 29 66777
70 30 91496
70 31 83752
70 32 86573
70 33 92630
70 34 93387
70 35 86651
70 36 94990
70 37 51380
70 38 54595
70 39 54303
70 40 42171
70 41 52871
70 42 52476
70 43 49541
70 44 62933
70 45 54686
70 46 65571
70 47 63686
70 48 57925
70 49 68922
70 50 67703
70 51 52886
70 52 35476
70 53 37166
70 54 38779
70 55 37987
70 56 36484
70 57 42488
70 58 35521
70 59 35723
70 60 48152
70 61 42989
70 62 49253
70 63 42434
70 64 46451
70 65 41452
70 66 41231
70 67 -5214
70 68 4170
70 69 -6778
70 71 1704
70 72 2204
70 73 5069
70 74 4801
70 75 -8033
70 76 8525
70 77 -1962
70 78 9273
70 79 14289
70 80 7298
70 81 51518
70 82 49876
70 83 56035
70 84 51359
70 85 48321
70 86 50573
70 87 45707
70 88 49694
70 89 47479
70 90 46259
70 91 48566
70 92 46714
70 93 43196
70 94 43665
70 95 42625
70 96 41818
70 97 36046
70 98 25368
70 99 37018
70 100 36490
70 101 38718
70 102 40847
70 103 29965
70 104 35385
70 105 40080
70 106 39092
70 107 35294
70 108 47403
70 109 38686
70 110 33537
70 111 50592
70 112 53292
70 113 53879
70 114 48276
70 115 35554
70 116 30864
70 117 55739
70 118 52188
70 119 47298
70 120 37093
70 121 46240
71 1 70494
71 2 75857
71 3 75306
71 4 77432
71 5 73349
71 6 72175
71 7 69072
71 8 62107
71 9 77568
71 10 73757
71 11 75420
71 12 63877
71 13 74806
71 14 74569
71 15 73811
71 16 73246
71 17 67440
71 18 51390
71 19 70785
71 20 77484
71 21 69437
71 22 79353
71 23 70507
71 24 82864
71 25 75592
71 26 72203
71 27 80676
71 28 77218
71 29 60772
71 30 86385
71 31 78565
71 32 81229
71 33 87523
71 34 87995
71 35 81277
71 36 89519
71 37 44255
71 38 47284
71 39 46866
71 40 34208
71 41 45456
71 42 44883
71 43 41590
71 44 55426
71 45 46620
71 46 57972
71 47 55978
71 48 50001
71 49 61238
71 50 59703
71 51 44694
71 52 26427
71 53 28115
71 54 29724
71 55 28959
71 56 27554
71 57 33436
71 58 26511
71 59 26693
71 60 39186
71 61 33937
71 62 40216
71 63 33492
71 64 37443
71 65 32397
71 66 32282
71 67 -2070
71 68 -3898
71 69 277
71 70 -2783
71 72 -5370
71 73 -3030
71 74 -3963
71 75 -15607
71 76 -76
71 77 -11012
71 78 565
71 79 5263
71 80 -1167
71 81 55115
71 82 53842
71 83 58295
71 84 54038
71 85 51336
71 86 54013
71 87 49160
71 88 53694
71 89 50338
71 90 48585
71 91 51114
71 92 49644
71 93 46029
71 94 46156
71 95 46176
71 96 44728
71 97 38060
71 98 26995
71 99 40360
71 100 39555
71 101 42311
71 102 44667
71 103 33829
71 104 39384
71 105 44397
71 106 43362
71 107 39736
71 108 48313
71 109 38889
71 110 34827
71 111 54169
71 112 56312
71 113 56192
71 114 49841
71 115 36629
71 116 33412
71 117 58436
71 118 53659
71 119 51848
71 120 42534
71 121 50626
72 1 73867
72 2 79237
72 3 78598
72 4 80707
72 5 76648
72 6 75462
72 7 72320
72 8 65081
72 9 80792
72 10 76997
72 11 78639
72 12 66827
72 13 77921
72 14 77703
72 15 77005
72 16 75433
72 17 69604
72 18 54923
72 19 72877
72 20 79526
72 21 71438
72 22 81420
72 23 72498
72 24 84900
72 25 77604
72 26 74132
72 27 82622
72 28 79108
72 29 62266
72 30 88270
72 31 80422
72 32 83025
72 33 89406
72 34 89761
72 35 83058
72 36 91254
72 37 45182
72 38 48095
72 39 47594
72 40 34548
72 41 46183
72 42 45486
72 43 41917
72 44 56076
72 45 46832
72 46 58548
72 47 56474
72 48 50327
72 49 61742
72 50 59946
72 51 44763
72 52 25047
72 53 26483
72 54 28232
72 55 27152
72 56 25444
72 57 31995
72 58 24621
72 59 25428
72 60 37154
72 61 32292
72 62 38440
72 63 31400
72 64 35537
72 65 30865
72 66 30200
72 67 1131
72 68 -2534
72 69 2927
72 70 -658
72 71 -3745
72 73 -636
72 74 -4199
72 75 -19213
72 76 1249
72 77 -11438
72 78 -1637
72 79 3807
72 80 -3875
72 81 58721
72 82 57444
72 83 61861
72 84 57626
72 85 54935
72 86 57618
72 87 52766
72 88 57294
72 89 53935
72 90 52161
72 91 54701
72 92 53243
72 93 49626
72 94 49743
72 95 49781
72 96 48328
72 97 41626
72 98 30557
72 99 43965
72 100 43159
72 101 45915
72 102 48269
72 103 37426
72 104 42979
72 105 47984
72 106 46950
72 107 43313
72 108 51773
72 109 42276
72 110 38355
72 111 57774
72 112 59911
72 113 59761
72 114 53366
72 115 40130
72 116 37007
72 117 62024
72 118 57175
72 119 55431
72 120 46045
72 121 54214
73 1 68042
73 2 73420
73 3 72698
73 4 74794
73 5 70753
73 6 69559
73 7 66392
73 8 59081
73 9 74849
73 10 71063
73 11 72694
73 12 60827
73 13 71937
73 14 71725
73 15 71049
73 16 69749
73 17 63935
73 18 49432
73 19 67260
73 20 73946
73 21 65889
73 22 75822
73 23 66958
73 24 79325
73 25 72048
73 26 68640
73 27 77118
73 28 73649
73 29 57167
73 30 82815
73 31 74991
73 32 77646
73 33 83953
73 34 84408
73 35 77692
73 36 85929
73 37 40700
73 38 43753
73 39 43355
73 40 30818
73 41 41943
73 42 41402
73 43 38199
73 44 51931
73 45 43269
73 46 54496
73 47 52526
73 48 46605
73 49 57781
73 50 56333
73 51 41394
73 52 24089
73 53 26000
73 54 27471
73 55 26998
73 56 25903
73 57 31129
73 58 24621
73 59 24228
73 60 37426
73 61 31785
73 62 38186
73 63 31781
73 64 35537
73 65 30137
73 66 30539
73 67 -686
73 68 -7383
73 69 2402
73 70 -133
73 71 -3745
73 72 -2976
73 74 -2199
73 75 -13213
73 76 -3076
73 77 -12623
73 78 643
73 79 3807
73 80 -1307
73 81 53821
73 82 52721
73 83 56496
73 84 52412
73 85 49849
73 86 52695
73 87 47863
73 88 52601
73 89 48812
73 90 46865
73 91 49479
73 92 48151
73 93 44527
73 94 44536
73 95 44942
73 96 43263
73 97 36289
73 98 25229
73 99 39105
73 100 38215
73 101 41134
73 102 43563
73 103 32834
73 104 38409
73 105 43503
73 106 42462
73 107 38940
73 108 46092
73 109 36485
73 110 32875
73 111 52901
73 112 54814
73 113 54415
73 114 47853
73 115 34561
73 116 31906
73 117 56804
73 118 51628
73 119 50954
73 120 42090
73 121 49708
74 1 71923
74 2 77295
74 3 76630
74 4 78735
74 5 74681
74 6 73492
74 7 70343
74 8 63081
74 9 78810
74 10 75018
74 11 76657
74 12 64827
74 13 75926
74 14 75710
74 15 75019
74 16 73533
74 17 67710
74 18 53081
74 19 70999
74 20 77660
74 21 69581
74 22 79548
74 23 70644
74 24 83036
74 25 75745
74 26 72293
74 27 80780
74 28 77281
74 29 60553
74 30 86444
74 31 78604
74 32 81223
74 33 87581
74 34 87968
74 35 81260
74 36 89469
74 37 43659
74 38 46615
74 39 46146
74 40 33256
74 41 44737
74 42 44089
74 43 40634
74 44 54662
74 45 45599
74 46 57164
74 47 55123
74 48 49047
74 49 60388
74 50 58703
74 51 43597
74 52 24624
74 53 26216
74 54 27879
74 55 26998
74 56 25495
74 57 31612
74 58 24523
74 59 24943
74 60 37154
74 61 32039
74 62 38271
74 63 31443
74 64 35453
74 65 30542
74 66 30238
74 67 163
74 68 -4321
74 69 2402
74 70 -838
74 71 -5115
74 72 -6976
74 73 -2636
74 75 -17213
74 76 -604
74 77 -12623
74 78 -1637
74 79 3325
74 80 -3393
74 81 57067
74 82 55844
74 83 60060
74 84 55872
74 85 53220
74 86 55954
74 87 51107
74 88 55703
74 89 52207
74 90 50379
74 91 52942
74 92 51525
74 93 47904
74 94 47987
74 95 48141
74 96 46616
74 97 39829
74 98 28757
74 99 42315
74 100 41482
74 101 44291
74 102 46669
74 103 35855
74 104 41417
74 105 46454
74 106 45417
74 107 41813
74 108 49872
74 109 40340
74 110 36512
74 111 56126
74 112 58193
74 113 57966
74 114 51517
74 115 38261
74 116 35280
74 117 60268
74 118 55315
74 119 53910
74 120 44686
74 121 52680
75 1 73867
75 2 79237
75 3 78598
75 4 80707
75 5 76648
75 6 75462
75 7 72320
75 8 65081
75 9 80792
75 10 76997
75 11 78639
75 12 66827
75 13 77921
75 14 77703
75 15 77005
75 16 75433
75 17 69604
75 18 54923
75 19 72877
75 20 79526
75 21 71438
75 22 81420
75 23 72498
75 24 84900
75 25 77604
75 26 74132
75 27 82622
75 28 79108
75 29 62266
75 30 88270
75 31 80422
75 32 83025
75 33 89406
75 34 89761
75 35 83058
75 36 91254
75 37 45182
75 38 48095
75 39 47594
75 40 34548
75 41 46183
75 42 45486
75 43 41917
75 44 56076
75 45 46832
75 46 58548
75 47 56474
75 48 50327
75 49 61742
75 50 59946
75 51 44763
75 52 25047
75 53 26483
75 54 28232
75 55 27152
75 56 25444
75 57 31995
75 58 24621
75 59 25428
75 60 37154
75 61 32292
75 62 38440
75 63 31400
75 64 35537
75 65 30865
75 66 30200
75 67 1131
75 68 -2534
75 69 2927
75 70 -658
75 71 -3745
75 72 -8976
75 73 -636
75 74 -4199
75 76 1249
75 77 -11438
75 78 -1637
75 79 3807
75 80 -3875
75 81 58721
75 82 57444
75 83 61861
75 84 57626
75 85 54935
75 86 57618
75 87 52766
75 88 57294
75 89 53935
75 90 52161
75 91 54701
75 92 53243
75 93 49626
75 94 49743
75 95 49781
75 96 48328
75 97 41626
75 98 30557
75 99 43965
75 100 43159
75 101 45915
75 102 48269
75 103 37426
75 104 42979
75 105 47984
75 106 46950
75 107 43313
75 108 51773
75 109 42276
75 110 38355
75 111 57774
75 112 59911
75 113 59761
75 114 53366
75 115 40130
75 116 37007
75 117 62024
75 118 57175
75 119 55431
75 120 46045
75 121 54214
76 1 68561
76 2 73951
76 3 73100
76 4 75172
76 5 71165
76 6 69956
76 7 66738
76 8 59108
76 9 75161
76 10 71396
76 11 72998
76 12 60827
76 13 72116
76 14 71924
76 15 71321
76 16 69109
76 17 63280
76 18 50311
76 19 66555
76 20 73208
76 21 65123
76 22 75099
76 23 66185
76 24 78582
76 25 71288
76 26 67828
76 27 76316
76 28 72813
76 29 56098
76 30 81976
76 31 74134
76 32 76751
76 33 83112
76 34 83496
76 35 76788
76 36 84997
76 37 39339
76 38 42339
76 39 41904
76 40 29208
76 41 40495
76 42 39902
76 43 36590
76 44 50452
76 45 41622
76 46 52989
76 47 50987
76 48 45001
76 49 56247
76 50 54704
76 51 39705
76 52 22096
76 53 24000
76 54 25474
76 55 25001
76 56 23927
76 57 29134
76 58 22626
76 59 22247
76 60 35440
76 61 29785
76 62 36186
76 63 29798
76 64 33541
76 65 28141
76 66 28552
76 67 1314
76 68 -8777
76 69 4375
76 70 1763
76 71 -2351
76 72 -2651
76 73 -4636
76 74 -1727
76 75 -12888
76 77 -14267
76 78 -375
76 79 1971
76 80 -2717
76 81 55042
76 82 54026
76 83 57456
76 84 53472
76 85 50984
76 86 53913
76 87 49094
76 88 53921
76 89 49930
76 90 47883
76 91 50543
76 92 49287
76 93 45665
76 94 45615
76 95 46206
76 96 44422
76 97 37290
76 98 26267
76 99 40371
76 100 39446
76 101 42432
76 102 44889
76 103 34222
76 104 39798
76 105 44917
76 106 43876
76 107 40401
76 108 46803
76 109 37079
76 110 33791
76 111 54142
76 112 55939
76 113 55389
76 114 48716
76 115 35396
76 116 33064
76 117 57857
76 118 52461
76 119 52351
76 120 43662
76 121 51103
77 1 71037
77 2 76436
77 3 75494
77 4 77548
77 5 73568
77 6 72348
77 7 69091
77 8 61186
77 9 77486
77 10 73738
77 11 75316
77 12 62878
77 13 74330
77 14 74154
77 15 73613
77 16 70432
77 17 64585
77 18 53009
77 19 67791
77 20 74401
77 21 66282
77 22 76308
77 23 67329
77 24 79763
77 25 72448
77 26 68918
77 27 77414
77 28 73863
77 29 56796
77 30 83018
77 31 75152
77 32 77718
77 33 84151
77 34 84431
77 35 77739
77 36 85906
77 37 39551
77 38 42449
77 39 41941
77 40 28906
77 41 40530
77 42 39829
77 43 36278
77 44 50419
77 45 41211
77 46 52891
77 47 50820
77 48 44689
77 49 56088
77 50 54322
77 51 39176
77 52 20345
77 53 22061
77 54 23648
77 55 22947
77 56 21672
77 57 27355
77 58 20525
77 59 20613
77 60 33255
77 61 27879
77 62 34187
77 63 27586
77 64 31454
77 65 26322
77 66 26363
77 67 3467
77 68 -7383
77 69 6222
77 70 3295
77 71 -1268
77 72 -3319
77 73 -2164
77 74 -1727
77 75 -13556
77 76 -2248
77 78 -2760
77 79 -614
77 80 -5534
77 81 57852
77 82 56849
77 83 60186
77 84 56240
77 85 53775
77 86 56723
77 87 51907
77 88 56746
77 89 52717
77 90 50637
77 91 53313
77 92 52079
77 93 48459
77 94 48392
77 95 49025
77 96 47220
77 97 40042
77 98 29036
77 99 43191
77 100 42260
77 101 45255
77 102 47714
77 103 37050
77 104 42627
77 105 47746
77 106 46704
77 107 43226
77 108 49413
77 109 39625
77 110 36512
77 111 56956
77 112 58727
77 113 58125
77 114 51406
77 115 38079
77 116 35863
77 117 60623
77 118 55137
77 119 55180
77 120 46468
77 121 53932
78 1 73917
78 2 79310
78 3 78416
78 4 80477
78 5 76486
78 6 75271
78 7 72029
78 8 64182
78 9 80434
78 10 76680
78 11 78267
78 12 65876
78 13 77307
78 14 77128
78 15 76571
78 16 73317
78 17 67464
78 18 55676
78 19 70645
78 20 77241
78 21 69110
78 22 79152
78 23 70150
78 24 82597
78 25 75274
78 26 71718
78 27 80215
78 28 76646
78 29 59414
78 30 85797
78 31 77921
78 32 80465
78 33 86927
78 34 87163
78 35 80479
78 36 88626
78 37 41903
78 38 44738
78 39 44183
78 40 30912
78 41 42763
78 42 41990
78 43 38265
78 44 52601
78 45 43115
78 46 55024
78 47 52904
78 48 46664
78 49 58174
78 50 56233
78 51 40968
78 52 20924
78 53 22377
78 54 24113
78 55 23075
78 56 21458
78 57 27874
78 58 20565
78 59 21306
78 60 33143
78 61 28191
78 62 34361
78 63 27412
78 64 31488
78 65 26751
78 66 26210
78 67 4242
78 68 -4383
78 69 6519
78 70 3195
78 71 -1026
78 72 -4853
78 73 -233
78 74 -2076
78 75 -15090
78 76 309
78 77 -14095
78 79 -265
78 80 -7465
78 81 60221
78 82 59123
78 83 62796
78 84 58766
78 85 56231
78 86 59095
78 87 54264
78 88 59002
78 89 55188
78 90 53198
78 91 55834
78 92 54532
78 93 50909
78 94 50897
78 95 51345
78 96 49651
78 97 42611
78 98 31568
78 99 45508
78 100 44615
78 101 47537
78 102 49963
78 103 39222
78 104 44796
78 105 49881
78 106 48840
78 107 45298
78 108 52188
78 109 42456
78 110 39143
78 111 59303
78 112 61193
78 113 60724
78 114 54084
78 115 40769
78 116 38292
78 117 63155
78 118 57835
78 119 57335
78 120 48357
78 121 56091
79 1 73207
79 2 78630
79 3 77471
79 4 79482
79 5 75567
79 6 74327
79 7 70980
79 8 62495
79 9 79310
79 10 75596
79 11 77121
79 12 64127
79 13 75908
79 14 75764
79 15 75355
79 16 70377
79 17 64504
79 18 55848
79 19 67592
79 20 74142
79 21 65974
79 22 76059
79 23 66989
79 24 79469
79 25 72124
79 26 68495
79 27 76987
79 28 73369
79 29 55778
79 30 82504
79 31 74604
79 32 77097
79 33 83628
79 34 83753
79 35 77092
79 36 85190
79 37 37918
79 38 40689
79 39 40091
79 40 26649
79 41 38659
79 42 37826
79 43 33985
79 44 48449
79 45 38788
79 46 50833
79 47 48679
79 48 42372
79 49 53948
79 50 51904
79 51 36588
79 52 16582
79 53 18155
79 54 19821
79 55 18963
79 56 17589
79 57 23560
79 58 16511
79 59 16929
79 60 29199
79 61 23979
79 62 30226
79 63 23515
79 64 27443
79 65 22482
79 66 22300
79 67 7577
79 68 -5172
79 69 10248
79 70 7188
79 71 2649
79 72 -432
79 73 1908
79 74 1863
79 75 -10669
79 76 1632
79 77 -12972
79 78 -1288
79 80 -7937
79 81 61178
79 82 60296
79 83 63127
79 84 59340
79 85 56987
79 86 60054
79 87 55259
79 88 60216
79 89 55911
79 90 53687
79 91 56431
79 92 55301
79 93 51692
79 94 51545
79 95 52429
79 96 50483
79 97 43092
79 98 32185
79 99 46611
79 100 45639
79 101 48713
79 102 51205
79 103 40635
79 104 46208
79 105 51350
79 106 50311
79 107 46894
79 108 51985
79 109 42038
79 110 39468
79 111 60318
79 112 61922
79 113 61090
79 114 54225
79 115 40898
79 116 39151
79 117 63709
79 118 57904
79 119 58749
79 120 50262
79 121 57504
80 1 77002
80 2 82416
80 3 81326
80 4 83349
80 5 79415
80 6 78180
80 7 74858
80 8 66475
80 9 83204
80 10 79482
80 11 81020
80 12 68112
80 13 79852
80 14 79703
80 15 79269
80 16 74274
80 17 68395
80 18 59312
80 19 71455
80 20 77992
80 21 69812
80 22 79909
80 23 70816
80 24 83307
80 25 75954
80 26 72299
80 27 80786
80 28 77150
80 29 59366
80 30 86276
80 31 78366
80 32 80836
80 33 87395
80 34 87470
80 35 80822
80 36 88895
80 37 41223
80 38 43923
80 39 43272
80 40 29563
80 41 41815
80 42 40898
80 43 36852
80 44 51532
80 45 41538
80 46 53851
80 47 51638
80 48 45200
80 49 56901
80 50 54632
80 51 39168
80 52 17644
80 53 18833
80 54 20700
80 55 19348
80 56 17460
80 57 24501
80 58 16753
80 59 18096
80 60 29199
80 61 24586
80 62 30634
80 63 23413
80 64 27643
80 65 23247
80 66 22211
80 67 8699
80 68 -1613
80 69 10869
80 70 7397
80 71 3419
80 72 -914
80 73 3994
80 74 2345
80 75 -11151
80 76 4144
80 77 -10692
80 78 -1288
80 79 -737
80 81 64255
80 82 63244
80 83 66525
80 84 62619
80 85 60171
80 86 63126
80 87 58310
80 88 63138
80 89 59111
80 90 57004
80 91 59695
80 92 58476
80 93 54856
80 94 54779
80 95 55425
80 96 53620
80 97 46407
80 98 35418
80 99 49591
80 100 48663
80 101 51651
80 102 54104
80 103 43419
80 104 48996
80 105 54105
80 106 53063
80 107 49560
80 108 55601
80 109 45725
80 110 42849
80 111 63359
80 112 65122
80 113 64472
80 114 57701
80 115 44370
80 116 42265
80 117 66999
80 118 61412
80 119 61547
80 120 52712
80 121 60299
81 1 20558
81 2 26051
81 3 29889
81 4 32750
81 5 28287
81 6 28305
81 7 26809
81 8 29488
81 9 35594
81 10 30777
81 11 32973
81 12 30832
81 13 36133
81 14 34605
81 15 31657
81 16 57506
81 17 52765
81 18 11574
81 19 56712
81 20 65598
81 21 59301
81 22 64812
81 23 59136
81 24 68845
81 25 62594
81 26 62493
81 27 68182
81 28 66807
81 29 58635
81 30 74872
81 31 68077
81 32 72894
81 33 75498
81 34 78927
81 35 72870
81 36 81508
81 37 58936
81 38 64418
81 39 65658
81 40 60429
81 41 62619
81 42 64437
81 43 65998
81 44 72609
81 45 71542
81 46 75660
81 47 75160
81 48 72200
81 49 79404
81 50 81373
81 51 69215
81 52 72723
81 53 76367
81 54 76403
81 55 78086
81 56 78862
81 57 79204
81 58 75869
81 59 70176
81 60 89107
81 61 80157
81 62 87560
81 63 83420
81 64 85713
81 65 77222
81 66 81301
81 67 45387
81 68 47825
81 69 47124
81 70 45859
81 71 53943
81 72 55924
81 73 53364
81 74 57047
81 75 45687
81 76 56145
81 77 46936
81 78 60640
81 79 62620
81 80 58497
81 82 1641
81 83 5988
81 84 3332
81 85 2474
81 86 5498
81 87 5065
81 88 5765
81 89 6933
81 90 7964
81 91 10410
81 92 7673
81 93 11109
81 94 13743
81 95 8189
81 96 11362
81 97 10900
81 98 21264
81 99 15121
81 100 18215
81 101 13214
81 102 11783
81 103 16985
81 104 17070
81 105 13060
81 106 14672
81 107 17140
81 108 11062
81 109 12840
81 110 21201
81 111 4529
81 112 3610
81 113 4300
81 114 12419
81 115 17075
81 116 17135
81 117 4819
81 118 14235
81 119 -1389
81 120 5270
81 121 7363
82 1 25181
82 2 30635
82 3 34086
82 4 36888
82 5 32402
82 6 32259
82 7 30630
82 8 32589
82 9 39457
82 10 34751
82 11 36934
82 12 34070
82 13 39805
82 14 38430
82 15 35648
82 16 59741
82 17 54884
82 18 12098
82 19 58865
82 20 67520
82 21 61040
82 22 67073
82 23 61068
82 24 71080
82 25 64723
82 26 64285
82 27 70342
82 28 68756
82 29 59988
82 30 76984
82 31 70087
82 32 74690
82 33 77685
82 34 80870
82 35 74699
82 36 83349
82 37 58707
82 38 63992
82 39 65102
82 40 59293
82 41 62272
82 42 63903
82 43 65096
82 44 72335
82 45 70671
82 46 75393
82 47 74774
82 48 71580
82 49 79143
82 50 80898
82 51 68520
82 52 70209
82 53 73723
82 54 73895
82 55 75411
82 56 76032
82 57 76789
82 58 73205
82 59 67963
82 60 86438
82 61 77796
82 62 85116
82 63 80785
82 64 83214
82 65 74986
82 66 78797
82 67 41088
82 68 44186
82 69 42700
82 70 41397
82 71 49850
82 72 51827
82 73 49444
82 74 53004
82 75 41590
82 76 52309
82 77 43113
82 78 56722
82 79 58918
82 80 54666
82 81 -1179
82 83 9360
82 84 4934
82 85 2091
82 86 3095
82 87 1848
82 88 930
82 89 5499
82 90 7304
82 91 9230
82 92 5735
82 93 8425
82 94 11392
82 95 4337
82 96 8400
82 97 8683
82 98 17980
82 99 11235
82 100 14494
82 101 9131
82 102 7465
82 103 12652
82 104 12636
82 105 8306
82 106 9992
82 107 12447
82 108 12264
82 109 12732
82 110 18562
82 111 1698
82 112 4914
82 113 7398
82 114 12583
82 115 15131
82 116 13672
82 117 7714
82 118 15046
82 119 -3460
82 120 639
82 121 2363
83 1 13229
83 2 18603
83 3 21447
83 4 24201
83 5 19707
83 6 19485
83 7 17826
83 8 20081
83 9 26658
83 10 21978
83 11 24154
83 12 21464
83 13 27009
83 14 25624
83 15 22876
83 16 48160
83 17 43460
83 18 6023
83 19 47391
83 20 56373
83 21 50171
83 22 55454
83 23 49904
83 24 59494
83 25 53278
83 26 53329
83 27 58853
83 28 57561
83 29 49719
83 30 65558
83 31 58803
83 32 63719
83 33 66158
83 34 69678
83 35 63678
83 36 72307
83 37 51584
83 38 57313
83 39 58723
83 40 54320
83 41 55395
83 42 57455
83 43 59520
83 44 65278
83 45 64999
83 46 68311
83 47 67958
83 48 65302
83 49 72038
83 50 74261
83 51 62393
83 52 68974
83 53 72869
83 54 72622
83 55 74630
83 56 75719
83 57 75231
83 58 72376
83 59 65804
83 60 85598
83 61 76037
83 62 83593
83 63 79825
83 64 81846
83 65 72855
83 66 77410
83 67 46617
83 68 46980
83 69 48789
83 70 47643
83 71 54390
83 72 56331
83 73 53306
83 74 57307
83 75 46094
83 76 55826
83 77 46537
83 78 60482
83 79 61836
83 80 58034
83 81 3255
83 82 9447
83 84 1431
83 85 4012
83 86 9865
83 87 8832
83 88 12586
83 89 7499
83 90 5746
83 91 9428
83 92 8673
83 93 11797
83 94 13303
83 95 11660
83 96 12353
83 97 9425
83 98 20711
83 99 17193
83 100 19593
83 101 16089
83 102 15576
83 103 19704
83 104 20372
83 105 17932
83 106 19122
83 107 21298
83 108 3391
83 109 6645
83 110 19525
83 111 9878
83 112 5219
83 113 -3644
83 114 7185
83 115 14250
83 116 17550
83 117 2100
83 118 7837
83 119 7941
83 120 13313
83 121 14363
84 1 18324
84 2 23695
84 3 26375
84 4 29089
84 5 24592
84 6 24263
84 7 22489
84 8 24030
84 9 31344
84 10 26749
84 11 28908
84 12 25546
84 13 31509
84 14 30252
84 15 27642
84 16 51215
84 17 46392
84 18 4609
84 19 50364
84 20 59100
84 21 52699
84 22 58543
84 23 52645
84 24 62557
84 25 56231
84 26 55921
84 27 61841
84 28 60328
84 29 51863
84 30 68499
84 31 61637
84 32 66327
84 33 69177
84 34 72447
84 35 66322
84 36 74967
84 37 51960
84 38 57471
84 39 58737
84 40 53688
84 41 55658
84 42 57510
84 43 59170
84 44 65637
84 45 64701
84 46 68687
84 47 68203
84 48 65290
84 49 72430
84 50 74431
84 51 62321
84 52 66849
84 53 70609
84 54 70518
84 55 72351
84 56 73277
84 57 73236
84 58 70119
84 59 64041
84 60 83354
84 61 74133
84 62 81602
84 63 77631
84 64 79801
84 65 71095
84 66 75384
84 67 42314
84 68 43420
84 69 44363
84 70 43189
84 71 50355
84 72 52318
84 73 49444
84 74 53341
84 75 42081
84 76 52064
84 77 42813
84 78 56674
84 79 58271
84 80 54350
84 81 821
84 82 5243
84 83 1653
84 85 -1072
84 86 4926
84 87 3743
84 88 7914
84 89 2598
84 90 1916
84 91 5061
84 92 3756
84 93 7142
84 94 9039
84 95 6577
84 96 7660
84 97 5678
84 98 16834
84 99 12390
84 100 14978
84 101 11125
84 102 10503
84 103 14848
84 104 15400
84 105 12833
84 106 14034
84 107 16241
84 108 4131
84 109 5924
84 110 16050
84 111 5101
84 112 747
84 113 -521
84 114 5532
84 115 11279
84 116 13251
84 117 730
84 118 7235
84 119 4540
84 120 8668
84 121 9570
85 1 21475
85 2 26849
85 3 29518
85 4 32222
85 5 27725
85 6 27367
85 7 25557
85 8 26806
85 9 34416
85 10 29849
85 11 32001
85 12 28374
85 13 34511
85 14 33300
85 15 30737
85 16 53520
85 17 48636
85 18 5784
85 19 52622
85 20 61234
85 21 54731
85 22 60856
85 23 54782
85 24 64855
85 25 58474
85 26 57980
85 27 64097
85 28 62472
85 29 53665
85 30 70728
85 31 63811
85 32 68385
85 33 71445
85 34 74583
85 35 68398
85 36 77048
85 37 52764
85 38 58144
85 39 59322
85 40 53871
85 41 56386
85 42 58112
85 43 59520
85 44 66416
85 45 65077
85 46 69471
85 47 68909
85 48 65838
85 49 73220
85 50 75081
85 51 62823
85 52 66044
85 53 69709
85 54 69722
85 55 71434
85 56 72246
85 57 72511
85 58 69214
85 59 63469
85 60 82451
85 61 73459
85 62 80869
85 63 76758
85 64 79029
85 65 70516
85 66 74617
85 67 39973
85 68 41654
85 69 41917
85 70 40717
85 71 48219
85 72 50193
85 73 47447
85 74 51255
85 75 39956
85 76 50142
85 77 40914
85 78 54705
85 79 56484
85 80 52468
85 81 529
85 82 2966
85 83 4800
85 84 -506
85 86 1923
85 87 586
85 88 5097
85 89 327
85 90 1358
85 91 3702
85 92 1279
85 93 4866
85 94 7228
85 95 3527
85 96 5282
85 97 4274
85 98 15003
85 99 9742
85 100 12533
85 101 8269
85 102 7465
85 103 12088
85 104 12505
85 105 9702
85 106 10947
85 107 13215
85 108 5951
85 109 6645
85 110 14640
85 111 2304
85 112 747
85 113 2636
85 114 6341
85 115 10375
85 116 11106
85 117 3494
85 118 8722
85 119 2720
85 120 5738
85 121 6583
86 1 23918
86 2 29311
86 3 32179
86 4 34905
86 5 30408
86 6 30093
86 7 28317
86 8 29634
86 9 37172
86 10 32580
86 11 34739
86 12 31202
86 13 37307
86 14 36073
86 15 33472
86 16 56248
86 17 51342
86 18 8308
86 19 55333
86 20 63899
86 21 57355
86 22 63585
86 23 57448
86 24 67579
86 25 61178
86 26 60614
86 27 66805
86 28 65138
86 29 56179
86 30 73426
86 31 66489
86 32 71016
86 33 74157
86 34 77246
86 35 71036
86 36 79687
86 37 54707
86 38 59998
86 39 61116
86 40 55375
86 41 58275
86 42 59915
86 43 61144
86 44 68337
86 45 66716
86 46 71394
86 47 70779
86 48 67599
86 49 75144
86 50 76908
86 51 64546
86 52 66724
86 53 70302
86 54 70408
86 55 72007
86 56 72711
86 57 73260
86 58 69795
86 59 64349
86 60 83032
86 61 74245
86 62 81602
86 63 77362
86 64 79725
86 65 71383
86 66 75312
86 67 39079
86 68 41431
86 69 40881
86 70 39640
86 71 47567
86 72 49547
86 73 46964
86 74 50660
86 75 39310
86 76 49742
86 77 40533
86 78 54240
86 79 56222
86 80 52094
86 81 224
86 82 641
86 83 7324
86 84 2163
86 85 -1406
86 87 -1301
86 88 2300
86 89 1499
86 90 3330
86 91 5230
86 92 1796
86 93 4866
86 94 7687
86 95 1912
86 96 5030
86 97 4955
86 98 14912
86 99 8755
86 100 11816
86 101 6938
86 102 5711
86 103 10779
86 104 10973
86 105 7536
86 106 8954
86 107 11357
86 108 8603
86 109 8750
86 110 15069
86 111 -302
86 112 2634
86 113 5205
86 114 8688
86 115 11338
86 116 10742
86 117 5774
86 118 11318
86 119 540
86 120 2913
86 121 3766
87 1 25598
87 2 30972
87 3 33580
87 4 36267
87 5 31771
87 6 31367
87 7 29504
87 8 30358
87 9 38368
87 10 33840
87 11 35981
87 12 31987
87 13 38361
87 14 37212
87 15 34720
87 16 56416
87 17 51454
87 18 8355
87 19 55453
87 20 63906
87 21 57274
87 22 63754
87 23 57455
87 24 67733
87 25 61280
87 26 60551
87 27 66915
87 28 65145
87 29 55885
87 30 73508
87 31 66521
87 32 70944
87 33 74274
87 34 77240
87 35 70978
87 36 79631
87 37 53707
87 38 58915
87 39 59979
87 40 54005
87 41 57222
87 42 58783
87 43 59863
87 44 67311
87 45 65445
87 46 70369
87 47 69704
87 48 66428
87 49 74120
87 50 75791
87 51 63340
87 52 64865
87 53 68404
87 54 68551
87 55 70099
87 56 70759
87 57 71432
87 58 67891
87 59 62586
87 60 81126
87 61 72432
87 62 79764
87 63 75466
87 64 77870
87 65 69611
87 66 73455
87 67 36844
87 68 39279
87 69 38646
87 70 37406
87 71 45346
87 72 47327
87 73 44764
87 74 48445
87 75 37090
87 76 47555
87 77 38349
87 78 52041
87 79 54059
87 80 49910
87 81 2423
87 82 2026
87 83 8923
87 84 3612
87 85 -111
87 86 1331
87 88 2694
87 89 1105
87 90 2967
87 91 4615
87 92 835
87 93 3040
87 94 6023
87 95 -311
87 96 3051
87 97 3312
87 98 12829
87 99 6527
87 100 9617
87 101 4705
87 102 3548
87 103 8552
87 104 8774
87 105 5598
87 106 6909
87 107 9257
87 108 8762
87 109 8084
87 110 13201
87 111 1526
87 112 4511
87 113 6758
87 114 8466
87 115 9774
87 116 8605
87 117 7549
87 118 11442
87 119 1738
87 120 2265
87 121 3194
88 1 26720
88 2 32147
88 3 35328
88 4 38092
88 5 33598
88 6 33361
88 7 31649
88 8 33185
88 9 40495
88 10 35854
88 11 38024
88 12 34733
88 13 40718
88 14 39429
88 15 36751
88 16 59846
88 17 54934
88 18 11856
88 19 58925
88 20 67472
88 21 60907
88 22 67183
88 23 61021
88 24 71176
88 25 64768
88 26 64171
88 27 70397
88 28 68712
88 29 59660
88 30 77014
88 31 70068
88 32 74571
88 33 77750
88 34 80817
88 35 74595
88 36 83247
88 37 57707
88 38 62914
88 39 63973
88 40 57941
88 41 61221
88 42 62777
88 43 63828
88 44 71311
88 45 69413
88 46 74369
88 47 73703
88 48 70417
88 49 78120
88 50 79787
88 51 67323
88 52 68381
88 53 71855
88 54 72068
88 55 73533
88 56 74108
88 57 74990
88 58 71329
88 59 66227
88 60 84560
88 61 76010
88 62 83305
88 63 78915
88 64 81384
88 65 73240
88 66 76965
88 67 38863
88 68 42069
88 69 40466
88 70 39162
88 71 47649
88 72 49624
88 73 47271
88 74 50810
88 75 39387
88 76 50151
88 77 40957
88 78 54548
88 79 56785
88 80 52507
88 81 892
88 82 -1123
88 83 10446
88 84 5552
88 85 2169
88 86 2701
88 87 463
88 89 4779
88 90 6699
88 91 8450
88 92 4744
88 93 6875
88 94 9923
88 95 2358
88 96 6707
88 97 7190
88 98 16002
88 99 9135
88 100 12428
88 101 6988
88 102 5275
88 103 10435
88 104 10410
88 105 6080
88 106 7758
88 107 10215
88 108 12186
88 109 12006
88 110 16817
88 111 1526
88 112 5722
88 113 8394
88 114 12152
88 115 13666
88 116 11668
88 117 8790
88 118 14887
88 119 -2135
88 120 -541
88 121 525
89 1 23019
89 2 28366
89 3 30605
89 4 33244
89 5 28755
89 6 28261
89 7 26311
89 8 26854
89 9 35178
89 10 30711
89 11 32832
89 12 28509
89 13 35047
89 14 33963
89 15 31572
89 16 52813
89 17 47855
89 18 4749
89 19 51853
89 20 60321
89 21 53708
89 22 60150
89 23 53870
89 24 64130
89 25 57682
89 26 56981
89 27 63317
89 28 61561
89 29 52390
89 30 69913
89 31 62933
89 32 67377
89 33 70675
89 34 73658
89 35 67408
89 36 76060
89 37 50707
89 38 56005
89 39 57130
89 40 51467
89 41 54278
89 42 55928
89 43 57197
89 44 64338
89 45 62765
89 46 67395
89 47 66784
89 48 63620
89 49 71146
89 50 72918
89 51 60575
89 52 63290
89 53 66936
89 54 66969
89 55 68656
89 56 69450
89 57 69775
89 58 66439
89 59 60772
89 60 79676
89 61 70733
89 62 78129
89 63 73988
89 64 76280
89 65 67815
89 66 71868
89 67 37325
89 68 38842
89 69 39326
89 70 38142
89 71 45488
89 72 47460
89 73 44677
89 74 48509
89 75 37223
89 76 47355
89 77 38123
89 78 51929
89 79 53675
89 80 49675
89 81 3255
89 82 4641
89 83 6554
89 84 1431
89 85 -1406
89 86 3095
89 87 69
89 88 5974
89 90 -579
89 91 1230
89 92 -1327
89 93 2127
89 94 4400
89 95 1912
89 96 2605
89 97 1474
89 98 12189
89 99 7291
89 100 9920
89 101 6089
89 102 5711
89 103 9757
89 104 10372
89 105 8306
89 106 9311
89 107 11357
89 108 5158
89 109 4778
89 110 11821
89 111 3698
89 112 3511
89 113 4356
89 114 4902
89 115 7666
89 116 8355
89 117 5774
89 118 7837
89 119 4540
89 120 5860
89 121 6797
90 1 21606
90 2 26932
90 3 28709
90 4 31283
90 5 26813
90 6 26199
90 7 24121
90 8 24132
90 9 32985
90 10 28602
90 11 30692
90 12 25833
90 13 32656
90 14 31668
90 15 29426
90 16 49739
90 17 44762
90 18 1781
90 19 48762
90 20 57199
90 21 50567
90 22 57076
90 23 50748
90 24 61050
90 25 54585
90 26 53843
90 27 60222
90 28 58438
90 29 49228
90 30 66809
90 31 59816
90 32 64237
90 33 67582
90 34 70532
90 35 64271
90 36 72923
90 37 47731
90 38 53079
90 39 54242
90 40 48778
90 41 51333
90 42 53034
90 43 54421
90 44 61374
90 45 59978
90 46 64431
90 47 63850
90 48 60753
90 49 68180
90 50 70009
90 51 57732
90 52 61298
90 53 65026
90 54 64971
90 55 66763
90 56 67660
90 57 67717
90 58 64536
90 59 58593
90 60 77772
90 61 68637
90 62 76081
90 63 72058
90 64 74265
90 65 65644
90 66 69850
90 67 37133
90 68 37837
90 69 39305
90 70 38162
90 71 44975
90 72 46926
90 73 43970
90 74 47921
90 75 36689
90 76 46548
90 77 37283
90 78 51179
90 79 52691
90 80 48808
90 81 5526
90 82 7686
90 83 6041
90 84 1989
90 85 865
90 86 6166
90 87 3171
90 88 9134
90 89 661
90 91 644
90 92 1279
90 93 2754
90 94 3842
90 95 4337
90 96 3303
90 97 83
90 98 11338
90 99 8138
90 100 10257
90 101 7529
90 102 7761
90 103 10655
90 104 11690
90 105 10574
90 106 11325
90 107 13026
90 108 2171
90 109 1687
90 110 10414
90 111 6760
90 112 5219
90 113 3900
90 114 1758
90 115 5652
90 116 8064
90 117 6304
90 118 4892
90 119 7571
90 120 8875
90 121 9893
91 1 22715
91 2 28046
91 3 29957
91 4 32548
91 5 28072
91 6 27488
91 7 25440
91 8 25541
91 9 34306
91 10 29904
91 11 32001
91 12 27238
91 13 34018
91 14 33012
91 15 30737
91 16 51120
91 17 46134
91 18 3195
91 19 50135
91 20 58552
91 21 51900
91 22 58456
91 23 52100
91 24 62428
91 25 55954
91 26 55180
91 27 61592
91 28 59789
91 29 50503
91 30 68175
91 31 61172
91 32 65572
91 33 68953
91 34 71880
91 35 65608
91 36 74261
91 37 48708
91 38 54008
91 39 55138
91 40 49516
91 41 52280
91 42 53935
91 43 55226
91 44 62339
91 45 60791
91 46 65396
91 47 64787
91 48 61631
91 49 69146
91 50 70924
91 51 58590
91 52 61594
91 53 65276
91 54 65271
91 55 67004
91 56 67844
91 57 68051
91 58 64782
91 59 58998
91 60 78019
91 61 68994
91 62 76410
91 63 72320
91 64 74575
91 65 66045
91 66 70162
91 67 36553
91 68 37617
91 69 38656
91 70 37498
91 71 44533
91 72 46495
91 73 43613
91 74 47513
91 75 36258
91 76 46237
91 77 36988
91 78 50844
91 79 52464
91 80 48528
91 81 5001
91 82 6641
91 83 6752
91 84 2163
91 85 238
91 86 5095
91 87 1848
91 88 7914
91 89 -501
91 90 -2327
91 92 -91
91 93 1655
91 94 3215
91 95 2930
91 96 2220
91 97 -57
91 98 11008
91 99 7093
91 100 9395
91 101 6309
91 102 6409
91 103 9624
91 104 10525
91 105 9198
91 106 9992
91 107 11775
91 108 3581
91 109 2798
91 110 10343
91 111 5698
91 112 4914
91 113 4576
91 114 3117
91 115 5912
91 116 7463
91 117 6556
91 118 6306
91 119 6540
91 120 7487
91 121 8543
92 1 24004
92 2 29349
92 3 31544
92 4 34174
92 5 29688
92 6 29174
92 7 27202
92 8 27602
92 9 36070
92 10 31618
92 11 33734
92 12 29274
92 13 35897
92 14 34836
92 15 32474
92 16 53344
92 17 48363
92 18 5348
92 19 52364
92 20 60787
92 21 54136
92 22 60680
92 23 54335
92 24 64654
92 25 58185
92 26 57416
92 27 63822
92 28 62025
92 29 52724
92 30 70407
92 31 63407
92 32 67807
92 33 71183
92 34 74116
92 35 67844
92 36 76497
92 37 50700
92 38 55953
92 39 57050
92 40 51255
92 41 54243
92 42 55851
92 43 57037
92 44 64318
92 45 62611
92 46 67376
92 47 66738
92 48 63522
92 49 71126
92 50 72850
92 51 60458
92 52 62770
92 53 66389
92 54 66452
92 55 68103
92 56 68864
92 57 69278
92 58 65888
92 59 60319
92 60 79126
92 61 70249
92 62 77627
92 63 73445
92 64 75766
92 65 67358
92 66 71354
92 67 36412
92 68 38065
92 69 38392
92 70 37203
92 71 44620
92 72 46594
92 73 43842
92 74 47653
92 75 36357
92 76 46538
92 77 37311
92 78 51099
92 79 52891
92 80 48866
92 81 3821
92 82 4703
92 83 7554
92 84 2415
92 85 -628
92 86 3218
92 87 -375
92 88 5765
92 89 -1501
92 90 -135
92 91 1466
92 93 1261
92 94 3743
92 95 999
92 96 1692
92 97 934
92 98 11419
92 99 6313
92 100 8985
92 101 5089
92 102 4745
92 103 8766
92 104 9372
92 105 7385
92 106 8349
92 107 10368
92 108 5757
92 109 4942
92 110 11201
92 111 3797
92 112 4342
92 113 5356
92 114 5348
92 115 7250
92 116 7501
92 117 6740
92 118 8455
92 119 4578
92 120 5270
92 121 6307
93 1 26686
93 2 32014
93 3 33791
93 4 36352
93 5 31888
93 6 31246
93 7 29121
93 8 28681
93 9 37982
93 10 33631
93 11 35707
93 12 30436
93 13 37536
93 14 36607
93 15 34437
93 16 53367
93 17 48293
93 18 6482
93 19 52298
93 20 60535
93 21 53739
93 22 60687
93 23 54077
93 24 64633
93 25 58079
93 26 57040
93 27 63721
93 28 61755
93 29 51942
93 30 70256
93 31 63174
93 32 67404
93 33 71087
93 34 73813
93 35 67461
93 36 76113
93 37 48768
93 38 53887
93 39 54896
93 40 48732
93 41 52222
93 42 53704
93 43 54652
93 44 62339
93 45 60241
93 46 65396
93 47 64679
93 48 61308
93 49 69146
93 50 70721
93 51 58188
93 52 59528
93 53 63095
93 54 63213
93 55 64798
93 56 65501
93 57 66078
93 58 62587
93 59 57210
93 60 75823
93 61 67072
93 62 74416
93 63 70155
93 64 72531
93 65 64238
93 66 68118
93 67 32858
93 68 34478
93 69 34880
93 70 33703
93 71 41023
93 72 42995
93 73 40236
93 74 44050
93 75 32758
93 76 42934
93 77 33709
93 78 47494
93 79 49300
93 80 45264
93 81 7275
93 82 7411
93 83 10696
93 84 5819
93 85 2977
93 86 6306
93 87 1848
93 88 7914
93 89 1971
93 90 1358
93 91 3230
93 92 1279
93 94 743
93 95 650
93 96 -1780
93 97 -2029
93 98 7846
93 99 3093
93 100 5495
93 101 2474
93 102 3122
93 103 5624
93 104 6592
93 105 6021
93 106 6511
93 107 7985
93 108 6552
93 109 3963
93 110 7863
93 111 6760
93 112 7945
93 113 8509
93 114 5888
93 115 4448
93 116 3897
93 117 10199
93 118 9531
93 119 7064
93 120 5614
93 121 7413
94 1 26501
94 2 31820
94 3 33294
94 4 35810
94 5 31366
94 6 30647
94 7 28425
94 8 27519
94 9 37274
94 10 32984
94 11 35032
94 12 29307
94 13 36660
94 14 35804
94 15 33750
94 16 51752
94 17 46649
94 18 5784
94 19 50652
94 20 58834
94 21 51997
94 22 59064
94 23 52373
94 24 63000
94 25 56419
94 26 55301
94 27 62061
94 28 60045
94 29 50099
94 30 68579
94 31 61473
94 32 65656
94 33 69427
94 34 72091
94 35 65718
94 36 74368
94 37 46770
94 38 51887
94 39 52897
94 40 46761
94 41 50222
94 42 51705
94 43 52666
94 44 60340
94 45 58254
94 46 63397
94 47 62679
94 48 59311
94 49 67147
94 50 68722
94 51 56193
94 52 57799
94 53 61402
94 54 61482
94 55 63113
94 56 63865
94 57 64322
94 58 60900
94 59 55405
94 60 74137
94 61 65303
94 62 72667
94 63 68460
94 64 70798
94 65 62439
94 66 66385
94 67 32099
94 68 33224
94 69 34234
94 70 33084
94 71 40062
94 72 42024
94 73 39157
94 74 43045
94 75 31787
94 76 41796
94 77 32554
94 78 46394
94 79 48065
94 80 44099
94 81 8821
94 82 9290
94 83 11114
94 84 6628
94 85 4251
94 86 8039
94 87 3743
94 88 9874
94 89 3156
94 90 1358
94 91 3702
94 92 2673
94 93 -345
94 95 2610
94 96 -544
94 97 -3966
94 98 6581
94 99 3418
94 100 5215
94 101 3492
94 102 4676
94 103 5804
94 104 7221
94 105 7536
94 106 7808
94 107 8877
94 108 5481
94 109 2175
94 110 6201
94 111 8547
94 112 9141
94 113 8957
94 114 4902
94 115 2496
94 116 3007
94 117 11024
94 118 8722
94 119 9004
94 120 7487
94 121 9405
95 1 28307
95 2 33663
95 3 35989
95 4 38629
95 5 34140
95 6 33641
95 7 31674
95 8 31942
95 9 40542
95 10 36087
95 11 38205
95 12 33641
95 13 40355
95 14 39304
95 15 36945
95 16 57217
95 17 52179
95 18 9580
95 19 56183
95 20 64484
95 21 57731
95 22 64546
95 23 58029
95 24 68503
95 25 61980
95 26 61027
95 27 67621
95 28 65712
95 29 56023
95 30 74174
95 31 67119
95 32 71401
95 33 74986
95 34 77781
95 35 71452
95 36 80104
95 37 52814
95 38 57894
95 39 58873
95 40 52529
95 41 56242
95 42 57682
95 43 58525
95 44 66370
95 45 64120
95 46 69427
95 47 68685
95 48 65258
95 49 73176
95 50 74702
95 51 62110
95 52 62559
95 53 66026
95 54 66247
95 55 67703
95 56 68279
95 57 69177
95 58 65499
95 59 60444
95 60 78729
95 61 70202
95 62 77488
95 63 73085
95 64 75562
95 65 67451
95 66 71141
95 67 33731
95 68 36412
95 69 35505
95 70 34260
95 71 42298
95 72 44278
95 73 41779
95 74 45415
95 75 34041
95 76 44603
95 77 35403
95 78 49058
95 79 51165
95 80 46961
95 81 5483
95 82 4451
95 83 11687
95 84 6382
95 85 2766
95 86 4480
95 87 -375
95 88 4525
95 89 2884
95 90 4069
95 91 5633
95 92 2145
95 93 1778
95 94 4826
95 96 1220
95 97 1872
95 98 10185
95 99 3496
95 100 6700
95 101 1561
95 102 465
95 103 5394
95 104 5618
95 105 2921
95 106 3992
95 107 6215
95 108 9922
95 109 8030
95 110 11067
95 111 4529
95 112 7566
95 113 9498
95 114 9328
95 115 8286
95 116 5865
95 117 10494
95 118 12689
95 119 3623
95 120 1542
95 121 3363
96 1 27679
96 2 33007
96 3 34754
96 4 37309
96 5 32847
96 6 32193
96 7 30051
96 8 29488
96 9 38910
96 10 34571
96 11 36642
96 12 31255
96 13 38428
96 14 37517
96 15 35370
96 16 53955
96 17 48860
96 18 7387
96 19 52864
96 20 61060
96 21 54229
96 22 61269
96 23 54599
96 24 65208
96 25 58635
96 26 57534
96 27 64278
96 28 62273
96 29 52331
96 30 70800
96 31 63699
96 32 67889
96 33 71643
96 34 74321
96 35 67951
96 36 76601
96 37 48821
96 38 53895
96 39 54874
96 40 48573
96 41 52244
96 42 53682
96 43 54544
96 44 62373
96 45 60137
96 46 65430
96 47 64686
96 48 61261
96 49 69179
96 50 70702
96 51 58118
96 52 59037
96 53 62573
96 54 62723
96 55 64269
96 56 64936
96 57 65610
96 58 62060
96 59 56789
96 60 75295
96 61 66615
96 62 73940
96 63 69635
96 64 72042
96 65 63810
96 66 67627
96 67 31943
96 68 33715
96 69 33942
96 70 32760
96 71 40157
96 72 42132
96 73 39407
96 74 43197
96 75 31895
96 76 42126
96 77 32905
96 78 46671
96 79 48526
96 80 44463
96 81 7963
96 82 7821
96 83 11687
96 84 6772
96 85 3828
96 86 6905
96 87 2294
96 88 8181
96 89 2884
96 90 2342
96 91 4230
96 92 2145
96 93 -1345
96 94 979
96 95 527
96 97 -2128
96 98 7122
96 99 2093
96 100 4540
96 101 1561
96 102 2465
96 103 4624
96 104 5618
96 105 5346
96 106 5719
96 107 7064
96 108 7373
96 109 4410
96 110 7381
96 111 7300
96 112 8807
96 113 9498
96 114 6720
96 115 4300
96 116 3065
96 117 11143
96 118 10415
96 119 7351
96 120 5270
96 121 7363
97 1 27396
97 2 32710
97 3 33716
97 4 36156
97 5 31758
97 6 30920
97 7 28533
97 8 26758
97 9 37351
97 10 33159
97 11 35153
97 12 28598
97 13 36427
97 14 35691
97 15 33843
97 16 49999
97 17 44828
97 18 6593
97 19 48825
97 20 56877
97 21 49939
97 22 57283
97 23 50405
97 24 61197
97 25 54555
97 26 53250
97 27 60194
97 28 58059
97 29 47762
97 30 66671
97 31 59508
97 32 63575
97 33 67555
97 34 70072
97 35 63649
97 36 72294
97 37 43831
97 38 48895
97 39 49874
97 40 43636
97 41 47246
97 42 48683
97 43 49572
97 44 57378
97 45 55163
97 46 60434
97 47 59686
97 48 56265
97 49 64183
97 50 65703
97 51 53129
97 52 54710
97 53 58340
97 54 58391
97 55 60058
97 56 60848
97 57 61216
97 58 57841
97 59 52271
97 60 71079
97 61 62188
97 62 69565
97 63 65394
97 64 67705
97 65 59307
97 66 63293
97 67 30164
97 68 30629
97 69 32453
97 70 31336
97 71 37837
97 72 39778
97 73 36781
97 74 40758
97 75 29541
97 76 39342
97 77 30075
97 78 43979
97 79 45483
97 80 41598
97 81 11849
97 82 12452
97 83 13107
97 84 9138
97 85 7168
97 86 11178
97 87 6903
97 88 13012
97 89 6101
97 90 3470
97 91 6301
97 92 5735
97 93 2754
97 94 1905
97 95 5527
97 96 2220
97 98 4160
97 99 4164
97 100 4923
97 101 5151
97 102 6952
97 103 5804
97 104 8002
97 105 9619
97 106 9571
97 107 9943
97 108 5320
97 109 275
97 110 3272
97 111 11698
97 112 11965
97 113 11008
97 114 5286
97 115 -651
97 116 1463
97 117 13494
97 118 9235
97 119 12156
97 120 10075
97 121 12363
98 1 37627
98 2 42950
98 3 43279
98 4 45588
98 5 41297
98 6 40289
98 7 37599
98 8 33784
98 9 46317
98 10 42297
98 11 44171
98 12 35686
98 13 44697
98 14 44192
98 15 42771
98 16 53344
98 17 47925
98 18 17463
98 19 51831
98 20 59373
98 21 52021
98 22 60426
98 23 52818
98 24 64235
98 25 57361
98 26 55294
98 27 62930
98 28 60321
98 29 48284
98 30 69216
98 31 61820
98 32 65396
98 33 70229
98 34 72111
98 35 65504
98 36 74093
98 37 40423
98 38 44957
98 39 45585
98 40 37808
98 41 43423
98 42 44357
98 43 44266
98 44 53659
98 45 49871
98 46 56676
98 47 55617
98 48 51582
98 49 60388
98 50 61280
98 51 48141
98 52 45568
98 53 48942
98 54 49256
98 55 50597
98 56 51105
98 57 52260
98 58 48396
98 59 43727
98 60 61619
98 61 53316
98 62 60529
98 63 55989
98 64 58556
98 65 50687
98 66 54122
98 67 19176
98 68 19633
98 69 21636
98 70 20550
98 71 26664
98 72 28601
98 73 25613
98 74 29578
98 75 18364
98 76 28211
98 77 18961
98 78 32828
98 79 34468
98 80 30501
98 81 22105
98 82 21641
98 83 24285
98 84 20186
98 85 17789
98 86 21027
98 87 16312
98 88 21716
98 89 16708
98 90 14617
98 91 17258
98 92 16112
98 93 12521
98 94 12344
98 95 13732
98 96 11362
98 97 4052
98 99 8273
98 100 7159
98 101 10505
98 102 13117
98 103 4624
98 104 9538
98 105 14299
98 106 13433
98 107 11251
98 108 15042
98 109 6908
98 110 1201
98 111 21370
98 112 22718
98 113 22189
98 114 15968
98 115 3250
98 116 294
98 117 24571
98 118 19851
98 119 20695
98 120 14954
98 121 19724
99 1 32650
99 2 37975
99 3 39594
99 4 42121
99 5 37672
99 6 36966
99 7 34749
99 8 33630
99 9 43598
99 10 39308
99 11 41356
99 12 35445
99 13 42951
99 14 42114
99 15 40075
99 16 57036
99 17 51847
99 18 12098
99 19 55840
99 20 63841
99 21 56850
99 22 64312
99 23 57363
99 24 68218
99 25 61556
99 26 60163
99 27 67192
99 28 65006
99 29 54435
99 30 73653
99 31 66464
99 32 70466
99 33 74551
99 34 76998
99 35 70547
99 36 79187
99 37 49311
99 38 54159
99 39 54987
99 40 48000
99 41 52569
99 42 53791
99 43 54219
99 44 62754
99 45 59826
99 46 65800
99 47 64922
99 48 61227
99 49 69540
99 50 70797
99 51 57960
99 52 56746
99 53 60120
99 54 60434
99 55 61771
99 56 62246
99 57 63429
99 58 59570
99 59 54848
99 60 72792
99 61 64480
99 62 71704
99 63 67165
99 64 69735
99 65 61822
99 66 65302
99 67 27435
99 68 30043
99 69 29301
99 70 28087
99 71 35916
99 72 37896
99 73 35376
99 74 39023
99 75 27659
99 76 38202
99 77 29003
99 78 42655
99 79 44781
99 80 40561
99 81 11849
99 82 10783
99 83 16654
99 84 11629
99 85 8415
99 86 10757
99 87 5897
99 88 10736
99 89 7697
99 90 7304
99 91 9230
99 92 6893
99 93 3655
99 94 5068
99 95 2930
99 96 2220
99 97 -57
99 98 4160
99 100 451
99 101 -675
99 102 1937
99 103 -376
99 104 978
99 105 3536
99 106 3008
99 107 2872
99 108 11739
99 109 7337
99 110 6201
99 111 10905
99 112 13377
99 113 14461
99 114 11214
99 115 5020
99 116 -152
99 117 15958
99 118 15046
99 119 9568
99 120 4459
99 121 8543
100 1 33486
100 2 38804
100 3 40141
100 4 42622
100 5 38198
100 6 37420
100 7 35106
100 8 33455
100 9 43937
100 10 39707
100 11 41724
100 12 35299
100 13 43103
100 14 42341
100 15 40426
100 16 56167
100 17 50931
100 18 12671
100 19 54914
100 20 62823
100 21 55761
100 22 63415
100 23 56335
100 24 67304
100 25 60600
100 26 59073
100 27 66228
100 28 63958
100 29 53115
100 30 72658
100 31 65428
100 32 69346
100 33 73581
100 34 75919
100 35 69434
100 36 78067
100 37 47477
100 38 52269
100 39 53061
100 40 45935
100 41 50691
100 42 51861
100 43 52197
100 44 60887
100 45 57805
100 46 63929
100 47 63018
100 48 59262
100 49 67665
100 50 68858
100 51 55966
100 52 54511
100 53 57884
100 54 58198
100 55 59536
100 56 60017
100 57 61195
100 58 57335
100 59 52622
100 60 70557
100 61 62247
100 62 69469
100 63 64929
100 64 67499
100 65 59594
100 66 63066
100 67 25655
100 68 27928
100 69 27623
100 70 26437
100 71 33989
100 72 35968
100 73 33364
100 74 37068
100 75 25731
100 76 36155
100 77 26950
100 78 40640
100 79 42687
100 80 38511
100 81 13821
100 82 12920
100 83 17932
100 84 13095
100 85 10084
100 86 12696
100 87 7865
100 88 12907
100 89 9204
100 90 8301
100 91 10410
100 92 8443
100 93 4935
100 94 5743
100 95 5012
100 96 3545
100 97 -420
100 98 1924
100 99 -671
100 101 1561
100 102 4173
100 103 -904
100 104 1844
100 105 5598
100 106 4909
100 107 3923
100 108 11925
100 109 6674
100 110 4263
100 111 12911
100 112 15064
100 113 15752
100 114 11604
100 115 3684
100 116 -2375
100 117 17468
100 118 15514
100 119 11788
100 120 6488
100 121 10779
101 1 31904
101 2 37240
101 3 39149
101 4 41722
101 5 37253
101 6 36625
101 7 34506
101 8 33907
101 9 43367
101 10 39014
101 11 41092
101 12 35686
101 13 42900
101 14 41986
101 15 39822
101 16 57966
101 17 52823
101 18 11856
101 19 56823
101 20 64915
101 21 57995
101 22 65263
101 23 58446
101 24 69186
101 25 62567
101 26 61306
101 27 68207
101 28 66105
101 29 55797
101 30 74698
101 31 67549
101 32 71634
101 33 75571
101 34 78124
101 35 71707
101 36 80352
101 37 51169
101 38 56071
101 39 56932
101 40 50076
101 41 54468
101 42 55738
101 43 56253
101 44 64641
101 45 61859
101 46 67691
101 47 66843
101 48 63207
101 49 71433
101 50 72752
101 51 59966
101 52 58982
101 53 62355
101 54 62670
101 55 64006
101 56 64476
101 57 65663
101 58 61805
101 59 57074
101 60 75027
101 61 66713
101 62 73940
101 63 69400
101 64 71971
101 65 64051
101 66 67538
101 67 29263
101 68 32170
101 69 31034
101 70 29791
101 71 37871
101 72 39850
101 73 37409
101 74 41003
101 75 29613
101 76 40267
101 77 31071
101 78 44688
101 79 46887
101 80 42625
101 81 9946
101 82 8683
101 83 15554
101 84 10368
101 85 6946
101 86 8944
101 87 4079
101 88 8593
101 89 6499
101 90 6699
101 91 8450
101 92 5673
101 93 3040
101 94 5146
101 95 999
101 96 1692
101 97 934
101 98 6396
101 99 -671
101 100 2687
101 102 -299
101 103 949
101 104 1372
101 105 1659
101 106 1515
101 107 2600
101 108 11819
101 109 8246
101 110 8243
101 111 8994
101 112 11853
101 113 13356
101 114 11178
101 115 6619
101 116 2079
101 117 14619
101 118 14887
101 119 7351
101 120 2497
101 121 6307
102 1 31250
102 2 36601
102 3 38810
102 4 41428
102 5 36945
102 6 36400
102 7 34378
102 8 34285
102 9 43245
102 10 38829
102 11 40933
102 12 36023
102 13 42951
102 14 41956
102 15 39670
102 16 58955
102 17 53858
102 18 11960
102 19 57861
102 20 66043
102 21 59193
102 22 66268
102 23 59581
102 24 70207
102 25 63630
102 26 62500
102 27 69272
102 28 67252
102 29 57198
102 30 75790
102 31 68682
102 32 72849
102 33 76638
102 34 79295
102 35 72914
102 36 81563
102 37 53049
102 38 58001
102 39 58895
102 40 52162
102 41 56386
102 42 57702
102 43 58300
102 44 66547
102 45 63903
102 46 69599
102 47 68781
102 48 65200
102 49 73345
102 50 74720
102 51 61984
102 52 61218
102 53 64591
102 54 64905
102 55 66241
102 56 66706
102 57 67897
102 58 64040
102 59 59301
102 60 77262
102 61 68946
102 62 76175
102 63 71635
102 64 74207
102 65 66280
102 66 69774
102 67 31131
102 68 34307
102 69 32815
102 70 31544
102 71 39851
102 72 41828
102 73 39462
102 74 43005
102 75 31591
102 76 42348
102 77 33154
102 78 46738
102 79 49003
102 80 44702
102 81 8139
102 82 6641
102 83 14665
102 84 9370
102 85 5766
102 86 7341
102 87 2546
102 88 6504
102 89 5745
102 90 6555
102 91 8174
102 92 4953
102 93 3312
102 94 5954
102 95 -473
102 96 2220
102 97 2359
102 98 8632
102 99 1565
102 100 4923
102 101 -675
102 103 2686
102 104 2757
102 105 364
102 106 1071
102 107 3215
102 108 12160
102 109 9368
102 110 10343
102 111 7242
102 112 10553
102 113 12473
102 114 11499
102 115 8392
102 116 4312
102 117 13494
102 118 15046
102 119 5141
102 120 639
102 121 4071
103 1 37627
103 2 42950
103 3 44465
103 4 46968
103 5 42531
103 6 41785
103 7 39508
103 8 37920
103 9 48346
103 10 44095
103 11 46124
103 12 39767
103 13 47559
103 14 46781
103 15 44832
103 16 60332
103 17 55061
103 18 16954
103 19 59033
103 20 66862
103 21 59731
103 22 67556
103 23 60362
103 24 71431
103 25 64691
103 26 63038
103 27 70311
103 28 67963
103 29 56796
103 30 76711
103 31 69443
103 32 73275
103 33 77655
103 34 79889
103 35 73370
103 36 81995
103 37 50169
103 38 54797
103 39 55477
103 40 47808
103 41 53251
103 42 54259
103 43 54255
103 44 63475
103 45 59860
103 46 66502
103 47 65492
103 48 61530
103 49 70224
103 50 71207
103 51 58118
103 52 54747
103 53 57942
103 54 58427
103 55 59536
103 56 59799
103 57 61531
103 58 57335
103 59 53197
103 60 70532
103 61 62607
103 62 69724
103 63 64929
103 64 67674
103 65 60102
103 66 63206
103 67 23071
103 68 26668
103 69 24763
103 70 23503
103 71 31854
103 72 33826
103 73 31574
103 74 35032
103 75 23589
103 76 34522
103 77 25331
103 78 38838
103 79 41274
103 80 36858
103 81 16182
103 82 14669
103 83 21634
103 84 16556
103 85 13230
103 86 15250
103 87 10391
103 88 14505
103 89 12632
103 90 12290
103 91 14230
103 92 11815
103 93 8655
103 94 9923
103 95 7297
103 96 7220
103 97 4052
103 98 2980
103 99 2093
103 100 2687
103 101 3414
103 102 5527
103 104 200
103 105 5346
103 106 4312
103 107 1338
103 108 16360
103 109 11046
103 110 7381
103 111 15251
103 112 18158
103 113 19439
103 114 15968
103 115 7704
103 116 294
103 117 20855
103 118 19851
103 119 12753
103 120 5270
103 121 11505
104 1 35865
104 2 41198
104 3 42998
104 4 45548
104 5 41089
104 6 40420
104 7 38244
104 8 37235
104 9 47098
104 10 42783
104 11 44844
104 12 39048
104 13 46509
104 14 45650
104 15 43567
104 16 60498
104 17 55286
104 18 15566
104 19 59275
104 20 67223
104 21 60187
104 22 67761
104 23 60739
104 24 71659
104 25 64975
104 26 63499
104 27 70607
104 28 68370
104 29 57586
104 30 77050
104 31 69836
104 32 73781
104 33 77963
104 34 80343
104 35 73867
104 36 82503
104 37 51751
104 38 56480
104 39 57225
104 40 49838
104 41 54916
104 42 56019
104 43 56197
104 44 65124
104 45 61805
104 46 68161
104 47 67210
104 48 63364
104 49 71892
104 50 72998
104 51 60016
104 52 57353
104 53 60589
104 54 61035
104 55 62197
104 56 62503
104 57 64114
104 58 59996
104 59 55716
104 60 73199
104 61 65185
104 62 72329
104 63 67593
104 64 70298
104 65 62642
104 66 65840
104 67 25825
104 68 29486
104 69 27457
104 70 26175
104 71 34661
104 72 36631
104 73 34401
104 74 37846
104 75 26394
104 76 37350
104 77 28160
104 78 41664
104 79 44099
104 80 39687
104 81 13519
104 82 11905
104 83 19554
104 84 14360
104 85 10899
104 86 12696
104 87 7865
104 88 11732
104 89 10499
104 90 10577
104 91 12383
104 92 9673
104 93 6875
104 94 8592
104 95 4773
104 96 5466
104 97 3502
104 98 5146
104 99 699
104 100 2687
104 101 1089
104 102 2850
104 103 -2548
104 105 2536
104 106 1515
104 107 -549
104 108 15312
104 109 10858
104 110 8570
104 111 12626
104 112 15774
104 113 17356
104 114 14750
104 115 8142
104 116 1534
104 117 18594
104 118 18548
104 119 9925
104 120 2801
104 121 8677
105 1 33616
105 2 38980
105 3 41373
105 4 44014
105 5 39526
105 6 39023
105 7 37043
105 8 37091
105 9 45911
105 10 41466
105 11 43581
105 12 38821
105 13 45678
105 14 44654
105 15 42320
105 16 61752
105 17 56645
105 18 14743
105 19 60648
105 20 68805
105 21 61932
105 22 69063
105 23 62342
105 24 72998
105 25 66411
105 26 65240
105 27 72053
105 28 70009
105 29 59845
105 30 78564
105 31 71444
105 32 75582
105 33 79418
105 34 82044
105 35 75650
105 36 84298
105 37 55260
105 38 60137
105 39 60977
105 40 53984
105 41 58541
105 42 59782
105 43 60217
105 44 68720
105 45 65824
105 46 71768
105 47 70904
105 48 67225
105 49 75509
105 50 76790
105 51 63960
105 52 62208
105 53 65485
105 54 65893
105 55 67105
105 56 67450
105 57 68943
105 58 64905
105 59 60475
105 60 78114
105 61 70009
105 62 77181
105 63 72502
105 64 75170
105 65 67422
105 66 70720
105 67 30538
105 68 34478
105 69 32039
105 70 30706
105 71 39510
105 72 41472
105 73 39331
105 74 42719
105 75 31235
105 76 42305
105 77 33115
105 78 46585
105 79 49077
105 80 44632
105 81 9345
105 82 7411
105 83 16950
105 84 11629
105 85 7932
105 86 9095
105 87 4525
105 88 7238
105 89 8269
105 90 9297
105 91 10892
105 92 7522
105 93 6140
105 94 8743
105 95 1912
105 96 5030
105 97 4955
105 98 9743
105 99 3093
105 100 6277
105 101 1212
105 102 293
105 103 2434
105 104 2372
105 106 -677
105 107 1687
105 108 14974
105 109 12117
105 110 12201
105 111 8748
105 112 12547
105 113 14772
105 114 14315
105 115 10742
105 116 5643
105 117 15611
105 118 17836
105 119 4994
105 120 -1541
105 121 3766
106 1 34386
106 2 39741
106 3 41972
106 4 44589
106 5 40106
106 6 39556
106 7 37523
106 8 37283
106 9 46389
106 10 41981
106 11 44082
106 12 39039
106 13 46062
106 14 45085
106 15 42819
106 16 61562
106 17 56424
106 18 15031
106 19 60424
106 20 68520
106 21 61599
106 22 68861
106 23 62052
106 24 72786
106 25 66170
106 26 64910
106 27 71811
106 28 69710
106 29 59366
106 30 78303
106 31 71155
106 32 75236
106 33 79174
106 34 81729
106 35 75310
106 36 83955
106 37 54401
106 38 59231
106 39 60042
106 40 52922
106 41 57646
106 42 58844
106 43 59197
106 44 67835
106 45 64804
106 46 70880
106 47 69989
106 48 66257
106 49 74618
106 50 75845
106 51 62966
106 52 60894
106 53 64153
106 54 64578
106 55 65767
106 56 66093
106 57 67640
106 58 63567
106 59 59200
106 60 76773
106 61 68708
106 62 75869
106 63 71164
106 64 73849
106 65 66139
106 66 69395
106 67 29147
106 68 33070
106 69 30668
106 70 29345
106 71 38102
106 72 40065
106 73 37917
106 74 41309
106 75 29828
106 76 40891
106 77 31700
106 78 45171
106 79 47665
106 80 43217
106 81 10584
106 82 8724
106 83 17767
106 84 12457
106 85 8804
106 86 10140
106 87 5463
106 88 8543
106 89 8901
106 90 9675
106 91 11313
106 92 8113
106 93 6257
106 94 8642
106 95 2610
106 96 5030
106 97 4534
106 98 8504
106 99 2192
106 100 5215
106 101 695
106 102 627
106 103 1027
106 104 978
106 105 -1050
106 107 377
106 108 15155
106 109 11849
106 110 11234
106 111 9878
106 112 13511
106 113 15580
106 114 14491
106 115 10061
106 116 4513
106 117 16522
106 118 18103
106 119 6406
106 120 -491
106 121 5173
107 1 37155
107 2 42498
107 3 44514
107 4 47094
107 5 42623
107 6 42006
107 7 39891
107 8 39164
107 9 48752
107 10 44398
107 11 46477
107 12 40961
107 13 48269
107 14 47365
107 15 45207
107 16 62670
107 17 57469
107 18 17236
107 19 61459
107 20 69426
107 21 62401
107 22 69940
107 23 62944
107 24 73842
107 25 67166
107 26 65714
107 27 72800
107 28 70579
107 29 59821
107 30 79249
107 31 72042
107 32 76000
107 33 80157
107 34 82556
107 35 76086
107 36 84722
107 37 53897
107 38 58598
107 39 59322
107 40 51815
107 41 57039
107 42 58112
107 43 58217
107 44 67253
107 45 63824
107 46 70287
107 47 69317
107 48 65430
107 49 74015
107 50 75081
107 51 62056
107 52 58836
107 53 62007
107 54 62515
107 55 63591
107 56 63813
107 57 65630
107 58 61389
107 59 57313
107 60 74580
107 61 66707
107 62 73813
107 63 68981
107 64 71752
107 65 64214
107 66 67278
107 67 26119
107 68 30419
107 69 27581
107 70 26241
107 71 35170
107 72 37122
107 73 35089
107 74 38399
107 75 26885
107 76 38110
107 77 28916
107 78 42323
107 79 44942
107 80 40408
107 81 13746
107 82 11873
107 83 20637
107 84 15358
107 85 11766
107 86 13237
107 87 8505
107 88 11694
107 89 11641
107 90 12070
107 91 13790
107 92 10826
107 93 8425
107 94 10405
107 95 5527
107 96 7069
107 97 5600
107 98 7016
107 99 2750
107 100 4923
107 101 2474
107 102 3465
107 103 -1253
107 104 -392
107 105 2008
107 106 1071
107 108 17138
107 109 12990
107 110 10761
107 111 13016
107 112 16539
107 113 18443
107 114 16521
107 115 10375
107 116 3683
107 117 19494
107 118 20259
107 119 9344
107 120 1164
107 121 8180
108 1 15536
108 2 20860
108 3 21429
108 4 23832
108 5 19460
108 6 18577
108 7 16164
108 8 15081
108 9 24983
108 10 20793
108 11 22784
108 12 16836
108 13 24170
108 14 23372
108 15 21474
108 16 40631
108 17 35701
108 18 2538
108 19 39695
108 20 48248
108 21 41731
108 22 47969
108 23 41797
108 24 51955
108 25 45535
108 26 44981
108 27 51165
108 28 49487
108 29 40733
108 30 57779
108 31 50837
108 32 55385
108 33 58519
108 34 61596
108 35 55399
108 36 64050
108 37 41249
108 38 46921
108 39 48305
108 40 43906
108 41 45029
108 42 47045
108 43 49081
108 44 54941
108 45 54559
108 46 57980
108 47 57589
108 48 54883
108 49 61713
108 50 63876
108 51 51967
108 52 59314
108 53 63330
108 54 62938
108 55 65103
108 56 66350
108 57 65451
108 58 62821
108 59 55847
108 60 76022
108 61 66174
108 62 73795
108 63 70196
108 64 72089
108 65 62886
108 66 67627
108 67 41118
108 68 39511
108 69 43691
108 70 42614
108 71 48011
108 72 49846
108 73 46505
108 74 50722
108 75 39609
108 76 48776
108 77 39367
108 78 53477
108 79 54297
108 80 50713
108 81 11932
108 82 15954
108 83 6994
108 84 7512
108 85 8766
108 86 14747
108 87 12274
108 88 17929
108 89 9706
108 90 5479
108 91 9860
108 92 10479
108 93 11256
108 94 11273
108 95 13498
108 96 11642
108 97 5241
108 98 15071
108 99 15881
108 100 17189
108 101 15957
108 102 16674
108 103 18033
108 104 19733
108 105 19559
108 106 20113
108 107 21402
108 109 -3284
108 110 13318
108 111 15251
108 112 11853
108 113 5554
108 114 2286
108 115 7403
108 116 13698
108 117 10494
108 118 2841
108 119 15582
108 120 18060
108 121 18996
109 1 21251
109 2 26613
109 3 26330
109 4 28563
109 5 24351
109 6 23263
109 7 20442
109 8 16861
109 9 29121
109 10 25150
109 11 26983
109 12 18749
109 13 27441
109 14 26930
109 15 25554
109 16 39377
109 17 34223
109 18 6758
109 19 38222
109 20 46335
109 21 39470
109 22 46668
109 23 39870
109 24 50587
109 25 43967
109 26 42777
109 27 49607
109 28 47537
109 29 37638
109 30 56104
109 31 48972
109 32 53128
109 33 56971
109 34 59574
109 35 53191
109 36 61841
109 37 35785
109 38 41226
109 39 42466
109 40 37516
109 41 39438
109 42 41244
109 43 42913
109 44 49446
109 45 48436
109 46 52500
109 47 51973
109 48 49014
109 49 56247
109 50 58179
109 51 46042
109 52 52267
109 53 56268
109 54 55896
109 55 58040
109 56 59279
109 57 58430
109 58 55761
109 59 48886
109 60 68965
109 61 59178
109 62 66779
109 63 63146
109 64 65064
109 65 55932
109 66 60609
109 67 35491
109 68 32927
109 69 38265
109 70 37203
109 71 41893
109 72 43655
109 73 40204
109 74 44496
109 75 33418
109 76 42358
109 77 32885
109 78 47051
109 79 47656
109 80 44143
109 81 17016
109 82 19728
109 83 13554
109 84 12611
109 85 12766
109 86 18200
109 87 14902
109 88 21055
109 89 12632
109 90 8301
109 91 12383
109 92 12970
109 93 11973
109 94 11273
109 95 14912
109 96 11985
109 97 3502
109 98 10243
109 99 14785
109 100 15244
109 101 15690
109 102 17188
109 103 16025
109 104 18585
109 105 20008
109 106 20113
109 107 20560
109 108 22
109 110 8570
109 111 18798
109 112 16622
109 113 11909
109 114 5348
109 115 2794
109 116 10588
109 117 16214
109 118 7779
109 119 19611
109 120 19922
109 121 21405
110 1 32650
110 2 37975
110 3 38280
110 4 40592
110 5 36299
110 6 35295
110 7 32620
110 8 29092
110 9 41347
110 10 37315
110 11 39199
110 12 30991
110 13 39805
110 14 39273
110 15 37807
110 16 49674
110 17 44331
110 18 12770
110 19 48277
110 20 55981
110 21 48765
110 22 56838
110 23 49462
110 24 60683
110 25 53882
110 26 52064
110 27 59484
110 28 57030
110 29 45635
110 30 65838
110 31 58519
110 32 62260
110 33 66812
110 34 68911
110 35 62361
110 36 70975
110 37 39419
110 38 44208
110 39 45009
110 40 38035
110 41 42629
110 42 43810
110 43 44224
110 44 52825
110 45 49830
110 46 55867
110 47 54960
110 48 51231
110 49 59603
110 50 60812
110 51 47960
110 52 47870
110 53 51434
110 54 51555
110 55 53139
110 56 53868
110 57 54432
110 58 50928
110 59 45616
110 60 64164
110 61 55435
110 62 62764
110 63 58495
110 64 60873
110 65 52634
110 66 56459
110 67 24048
110 68 23673
110 69 26577
110 70 25498
110 71 31275
110 72 33178
110 73 30038
110 74 34112
110 75 22941
110 76 32514
110 77 23216
110 78 37182
110 79 38530
110 80 34711
110 81 18821
110 82 19002
110 83 19878
110 84 16181
110 85 14205
110 86 17963
110 87 13463
110 88 19310
110 89 13119
110 90 10472
110 91 13372
110 92 12673
110 93 9317
110 94 8743
110 95 11393
110 96 8400
110 97 -57
110 98 -2020
110 99 7093
110 100 6277
110 101 9131
110 102 11607
110 103 5804
110 104 9741
110 105 13536
110 106 12942
110 107 11775
110 108 10068
110 109 2014
110 111 18421
110 112 19029
110 113 17828
110 114 11214
110 115 -1750
110 116 -152
110 117 20517
110 118 15046
110 119 18466
110 120 14459
110 121 17979
111 1 24200
111 2 29607
111 3 32626
111 4 35373
111 5 30877
111 6 30605
111 7 28868
111 8 30358
111 9 37718
111 10 33096
111 11 35262
111 12 31904
111 13 37911
111 14 36641
111 15 33992
111 16 57116
111 17 52223
111 18 9243
111 19 56211
111 20 64800
111 21 58273
111 22 64452
111 23 58349
111 24 68450
111 25 62060
111 26 61528
111 27 67685
111 28 66039
111 29 57130
111 30 74311
111 31 67385
111 32 71932
111 33 75035
111 34 78149
111 35 71949
111 36 80600
111 37 55707
111 38 60997
111 39 62112
111 40 56354
111 41 59274
111 42 60911
111 43 62132
111 44 69336
111 45 67704
111 46 72394
111 47 71778
111 48 68594
111 49 76144
111 50 77905
111 51 65539
111 52 67591
111 53 71152
111 54 71275
111 55 72853
111 56 73536
111 57 74138
111 58 70643
111 59 65249
111 60 83879
111 61 75129
111 62 82477
111 63 78214
111 64 80593
111 65 72281
111 66 76180
111 67 39558
111 68 42106
111 69 41312
111 70 40056
111 71 48120
111 72 50100
111 73 47567
111 74 51229
111 75 39863
111 76 50368
111 77 41163
111 78 54845
111 79 56883
111 80 52724
111 81 -348
111 82 -359
111 83 7734
111 84 2735
111 85 -628
111 86 95
111 87 -709
111 88 1522
111 89 2499
111 90 4321
111 91 6230
111 92 2772
111 93 5717
111 94 8592
111 95 2358
111 96 5822
111 97 5872
111 98 15652
111 99 9300
111 100 12428
111 101 7385
111 102 6009
111 103 11177
111 104 11300
111 105 7586
111 106 9089
111 107 11533
111 108 9504
111 109 9745
111 110 15924
111 112 2983
111 113 5652
111 114 9655
111 115 12278
111 116 11434
111 117 6110
111 118 12235
111 119 -460
111 120 2265
111 121 3194
112 1 19797
112 2 25192
112 3 28155
112 4 30903
112 5 26408
112 6 26152
112 7 24440
112 8 26191
112 9 33285
112 10 28645
112 11 30814
112 12 27684
112 13 33532
112 14 32223
112 15 29541
112 16 53451
112 17 48628
112 18 6538
112 19 52600
112 20 61332
112 21 54923
112 22 60779
112 23 54877
112 24 64793
112 25 58467
112 26 58148
112 27 64077
112 28 62561
112 29 54058
112 30 70734
112 31 63871
112 32 68554
112 33 71413
112 34 74679
112 35 68550
112 36 77196
112 37 53876
112 38 59336
112 39 60567
112 40 55341
112 41 57545
112 42 59348
112 43 60900
112 44 67544
112 45 66443
112 46 70597
112 47 70083
112 48 67106
112 49 74342
112 50 76289
112 51 64119
112 52 67962
112 53 71662
112 54 71637
112 55 73393
112 56 74245
112 57 74399
112 58 71169
112 59 65296
112 60 84406
112 61 75328
112 62 82761
112 63 78703
112 64 80936
112 65 72347
112 66 76523
112 67 42208
112 68 43840
112 69 44146
112 70 42943
112 71 50450
112 72 52424
112 73 49667
112 74 53483
112 75 42187
112 76 52352
112 77 43121
112 78 56922
112 79 58674
112 80 54674
112 81 -1080
112 82 3044
112 83 3262
112 84 -1432
112 85 -1998
112 86 3218
112 87 2463
112 88 5905
112 89 2499
112 90 2967
112 91 5633
112 92 3504
112 93 7089
112 94 9373
112 95 5582
112 96 7516
112 97 6326
112 98 17187
112 99 11959
112 100 14768
112 101 10431
112 102 9507
112 103 14271
112 104 14635
112 105 11572
112 106 12909
112 107 15243
112 108 6293
112 109 7756
112 110 16719
112 111 3170
112 113 1187
112 114 7336
112 115 12278
112 116 13331
112 117 1656
112 118 9285
112 119 2310
112 120 6664
112 121 7659
113 1 14202
113 2 19572
113 3 22338
113 4 25078
113 5 20582
113 6 20323
113 7 18628
113 8 20690
113 9 27468
113 10 22816
113 11 24986
113 12 22109
113 13 27766
113 14 26419
113 15 23713
113 16 48567
113 17 43838
113 18 5348
113 19 47781
113 20 56707
113 21 50460
113 22 55871
113 23 50241
113 24 59905
113 25 53664
113 26 53633
113 27 59248
113 28 57906
113 29 49929
113 30 65943
113 31 59164
113 32 64029
113 33 66561
113 34 70025
113 35 63996
113 36 72630
113 37 51431
113 38 57118
113 39 58501
113 40 53977
113 41 55222
113 42 57242
113 43 59231
113 44 65124
113 45 64720
113 46 68161
113 47 67783
113 48 65078
113 49 71892
113 50 74073
113 51 62159
113 52 68368
113 53 72241
113 54 72020
113 55 73999
113 56 75061
113 57 74648
113 58 71749
113 59 65261
113 60 84974
113 61 75471
113 62 83012
113 63 79210
113 64 81257
113 65 72314
113 66 76824
113 67 45676
113 68 46140
113 69 47835
113 70 46685
113 71 53485
113 72 55429
113 73 52423
113 74 56411
113 75 45192
113 76 54957
113 77 45674
113 78 59608
113 79 60997
113 80 57179
113 81 2765
113 82 8683
113 83 -2446
113 84 455
113 85 3046
113 86 8944
113 87 7865
113 88 11732
113 89 6499
113 90 4803
113 91 8450
113 92 7673
113 93 10808
113 94 12344
113 95 10669
113 96 11362
113 97 8524
113 98 19813
113 99 16198
113 100 18611
113 101 15089
113 102 14582
113 103 18707
113 104 19372
113 105 16952
113 106 18133
113 107 20302
113 108 3149
113 109 6198
113 110 18673
113 111 8994
113 112 4342
113 114 6506
113 115 13459
113 116 16599
113 117 1322
113 118 7297
113 119 7351
113 120 12481
113 121 13488
114 1 19396
114 2 24710
114 3 25827
114 4 28305
114 5 23881
114 6 23108
114 7 20836
114 8 20081
114 9 29680
114 10 25414
114 11 27448
114 12 21834
114 13 29048
114 14 28189
114 15 26161
114 16 45292
114 17 40303
114 18 -1048
114 19 44304
114 20 52728
114 21 46096
114 22 52627
114 23 46277
114 24 56598
114 25 50123
114 26 49371
114 27 55761
114 28 53967
114 29 44795
114 30 62345
114 31 55346
114 32 59766
114 33 63122
114 34 66060
114 35 59799
114 36 68452
114 37 43831
114 38 49287
114 39 50526
114 40 45450
114 41 47496
114 42 49305
114 43 50924
114 44 57497
114 45 56457
114 46 60550
114 47 60033
114 48 57071
114 49 64296
114 50 66241
114 51 54093
114 52 59169
114 53 63027
114 54 62824
114 55 64784
114 56 65842
114 57 65471
114 58 62536
114 59 56143
114 60 75763
114 61 66315
114 62 73837
114 63 70004
114 64 72072
114 65 63197
114 66 67643
114 67 37853
114 68 37356
114 69 40253
114 70 39152
114 71 45204
114 72 47104
114 73 43931
114 74 48032
114 75 36867
114 76 46354
114 77 37025
114 78 51038
114 79 52202
114 80 48478
114 81 8954
114 82 11938
114 83 6453
114 84 4578
114 85 4821
114 86 10497
114 87 7643
114 88 13560
114 89 5115
114 90 731
114 91 5061
114 92 5735
114 93 6257
114 94 6359
114 95 8569
114 96 6654
114 97 872
114 98 11662
114 99 11021
114 100 12533
114 101 10981
114 102 11678
114 103 13306
114 104 14836
114 105 14565
114 106 15114
114 107 16450
114 108 -2049
114 109 -2293
114 110 10129
114 111 11067
114 112 8561
114 113 4576
114 115 4546
114 116 9463
114 117 8343
114 118 1235
114 119 11764
114 120 13313
114 121 14363
115 1 28673
115 2 34000
115 3 34281
115 4 36597
115 5 32300
115 6 31300
115 7 28641
115 8 25392
115 9 37376
115 10 33334
115 11 35226
115 12 27284
115 13 35909
115 14 35351
115 15 33843
115 16 46880
115 17 41608
115 18 9200
115 19 45581
115 20 53434
115 21 46344
115 22 54103
115 23 46940
115 24 57978
115 25 51245
115 26 49654
115 27 56867
115 28 54554
115 29 43708
115 30 63278
115 31 56028
115 32 59919
115 33 64214
115 34 66503
115 35 60009
115 36 68640
115 37 38923
115 38 43923
115 39 44866
115 40 38539
115 41 42291
115 42 43675
115 43 44494
115 44 52440
115 45 50088
115 46 55494
115 47 54710
115 48 51231
115 49 59241
115 50 60696
115 51 48076
115 52 49936
115 53 53637
115 54 53612
115 55 55371
115 56 56258
115 57 56389
115 58 53146
115 59 47356
115 60 66382
115 61 57334
115 62 64748
115 63 60676
115 64 62915
115 65 54400
115 66 58502
115 67 27970
115 68 27063
115 69 30541
115 70 29466
115 71 35028
115 72 36904
115 73 33675
115 74 37812
115 75 26667
115 76 36070
115 77 26734
115 78 40759
115 79 41911
115 80 38183
115 81 16646
115 82 17522
115 83 16554
115 84 13361
115 85 11891
115 86 16183
115 87 11987
115 88 18110
115 89 10915
115 90 7661
115 91 10892
115 92 10673
115 93 7853
115 94 6989
115 95 10563
115 96 7270
115 97 -2029
115 98 1980
115 99 7863
115 100 7649
115 101 9458
115 102 11607
115 103 8078
115 104 11264
115 105 14028
115 106 13720
115 107 13340
115 108 6104
115 109 -1811
115 110 201
115 111 16726
115 112 16539
115 113 14565
115 114 7582
115 116 2273
115 117 17599
115 118 11318
115 119 17250
115 120 14777
115 121 17388
116 1 34396
116 2 39710
116 3 40650
116 4 43066
116 5 38685
116 6 37812
116 7 35357
116 8 32935
116 9 44155
116 10 40006
116 11 41974
116 12 34811
116 13 43043
116 14 42380
116 15 40646
116 16 54635
116 17 49338
116 18 13569
116 19 53302
116 20 61090
116 21 53934
116 22 61839
116 23 54585
116 24 65704
116 25 58943
116 26 57239
116 27 64557
116 28 62176
116 29 50966
116 30 70943
116 31 63659
116 32 67466
116 33 71897
116 34 74090
116 35 67562
116 36 76184
116 37 44684
116 38 49409
116 39 50160
116 40 42883
116 41 47845
116 42 48956
116 43 49190
116 44 58053
116 45 54798
116 46 61090
116 47 60141
116 48 56316
116 49 64821
116 50 65939
116 51 52987
116 52 51373
116 53 54765
116 54 55061
116 55 56423
116 56 56935
116 57 58048
116 58 54222
116 59 49463
116 60 67446
116 61 59098
116 62 66328
116 63 61814
116 64 64365
116 65 56437
116 66 59935
116 67 23556
116 68 25154
116 69 25704
116 70 24563
116 71 31598
116 72 33568
116 73 30807
116 74 34618
116 75 23331
116 76 33525
116 77 24305
116 78 38069
116 79 39951
116 80 35865
116 81 16493
116 82 15850
116 83 19641
116 84 15120
116 85 12409
116 86 15374
116 87 10605
116 88 15899
116 89 11391
116 90 9860
116 91 12230
116 92 10711
116 93 7089
116 94 7287
116 95 7929
116 96 5822
116 97 -128
116 98 -1189
116 99 2478
116 100 1377
116 101 4705
116 102 7314
116 103 455
116 104 4443
116 105 8716
116 106 7959
116 107 6435
116 108 12186
116 109 5770
116 110 1586
116 111 15669
116 112 17379
116 113 17492
116 114 12286
116 115 2060
116 117 19518
116 118 16235
116 119 14864
116 120 9559
116 121 13916
117 1 16638
117 2 22031
117 3 25034
117 4 27797
117 5 23304
117 6 23090
117 7 21425
117 8 23500
117 9 30259
117 10 25584
117 11 27760
117 12 24931
117 13 30585
117 14 29221
117 15 26482
117 16 51223
117 17 46464
117 18 6082
117 19 50417
117 20 59279
117 21 52977
117 22 58536
117 23 52818
117 24 62564
117 25 56296
117 26 56169
117 27 61889
117 28 60491
117 29 52331
117 30 68573
117 31 61766
117 32 66570
117 33 69210
117 34 72611
117 35 66547
117 36 75186
117 37 53156
117 38 58746
117 39 60063
117 40 55230
117 41 56897
117 42 58823
117 43 60622
117 44 66842
117 45 66137
117 46 69887
117 47 69451
117 48 66629
117 49 73625
117 50 75708
117 51 63683
117 52 68809
117 53 72600
117 54 72474
117 55 74347
117 56 75309
117 57 75166
117 58 72111
117 59 65914
117 60 85344
117 61 76043
117 62 83533
117 63 79610
117 64 81746
117 65 72969
117 66 77325
117 67 44545
117 68 45626
117 69 46584
117 70 45407
117 71 52591
117 72 54554
117 73 51674
117 74 55575
117 75 44317
117 76 54287
117 77 45034
117 78 58901
117 79 60478
117 80 56568
117 81 146
117 82 5861
117 83 160
117 84 -1432
117 85 766
117 86 6375
117 87 5518
117 88 8990
117 89 4779
117 90 4069
117 91 7292
117 92 5919
117 93 9360
117 94 11273
117 95 8527
117 96 9869
117 97 7872
117 98 19057
117 99 14557
117 100 17189
117 101 13214
117 102 12465
117 103 16985
117 104 17472
117 105 14653
117 106 15937
117 107 18215
117 108 4951
117 109 7365
117 110 18224
117 111 6314
117 112 1673
117 113 -1816
117 114 7135
117 115 13355
117 116 15487
117 118 8455
117 119 4578
117 120 9707
117 121 10779
118 1 17396
118 2 22710
118 3 23863
118 4 26354
118 5 21923
118 6 21172
118 7 18939
118 8 18503
118 9 27789
118 10 23498
118 11 25545
118 12 20222
118 13 27248
118 14 26347
118 15 24264
118 16 44232
118 17 39296
118 18 -1048
118 19 43291
118 20 51820
118 21 45274
118 22 51570
118 23 45369
118 24 55555
118 25 49128
118 26 48531
118 27 54759
118 28 53060
118 29 44180
118 30 61368
118 31 54416
118 32 58934
118 33 62115
118 34 65166
118 35 58953
118 36 67604
118 37 43994
118 38 49547
118 39 50850
118 40 46054
118 41 47713
118 42 49613
118 43 51409
118 44 57676
118 45 56921
118 46 60723
118 47 60263
118 48 57414
118 49 64464
118 50 66509
118 51 54465
118 52 60378
118 53 64286
118 54 64024
118 55 66049
118 56 67166
118 57 66628
118 58 63792
118 59 57210
118 60 77012
118 61 67436
118 62 74990
118 63 71233
118 64 73245
118 65 64262
118 66 68808
118 67 39791
118 68 39095
118 69 42212
118 70 41115
118 71 47073
118 72 48964
118 73 45757
118 74 49881
118 75 38727
118 76 48150
118 77 38807
118 78 52840
118 79 53932
118 80 50240
118 81 8821
118 82 12452
118 83 5156
118 84 4332
118 85 5253
118 86 11178
118 87 8670
118 88 14346
118 89 6101
118 90 1916
118 91 6301
118 92 6893
118 93 7951
118 94 8230
118 95 9981
118 96 8400
118 97 2872
118 98 13596
118 99 12904
118 100 14494
118 101 12741
118 102 13276
118 103 15240
118 104 16685
118 105 16137
118 106 16777
118 107 18239
118 108 -3443
118 109 -1811
118 110 12012
118 111 11698
118 112 8561
118 113 3418
118 114 -714
118 115 6333
118 116 11463
118 117 7714
118 119 12156
118 120 14459
118 121 15391
119 1 27225
119 2 32769
119 3 36869
119 4 39752
119 5 35299
119 6 35356
119 7 33875
119 8 36481
119 9 42655
119 10 37822
119 11 40020
119 12 37858
119 13 43204
119 14 41668
119 15 38696
119 16 64178
119 17 59376
119 18 16954
119 19 63343
119 20 72100
119 21 65692
119 22 71500
119 23 65645
119 24 75521
119 25 69214
119 26 68918
119 27 74819
119 28 73328
119 29 64773
119 30 81484
119 31 74633
119 32 79324
119 33 82151
119 34 85446
119 35 79321
119 36 87966
119 37 63706
119 38 68986
119 39 70088
119 40 64202
119 41 67269
119 42 68889
119 43 70043
119 44 77334
119 45 75622
119 46 80391
119 47 79769
119 48 76559
119 49 84142
119 50 85887
119 51 73490
119 52 74626
119 53 78067
119 54 78314
119 55 79735
119 56 80258
119 57 81255
119 58 77532
119 59 72525
119 60 90760
119 61 82283
119 62 89562
119 63 85122
119 64 87628
119 65 79534
119 66 83205
119 67 43914
119 68 47825
119 69 45305
119 70 43920
119 71 52957
119 72 54915
119 73 52778
119 74 56171
119 75 44678
119 76 55735
119 77 46545
119 78 60035
119 79 62472
119 80 58070
119 81 892
119 82 1641
119 83 12955
119 84 9332
119 85 6946
119 86 8095
119 87 6661
119 88 5019
119 89 10499
119 90 12290
119 91 14230
119 92 10711
119 93 13179
119 94 16207
119 95 8610
119 96 13031
119 97 13488
119 98 22135
119 99 15121
119 100 18463
119 101 12900
119 102 11066
119 103 15837
119 104 15757
119 105 10990
119 106 12775
119 107 15019
119 108 16993
119 109 17716
119 110 23127
119 111 6698
119 112 9281
119 113 11167
119 114 17510
119 115 19960
119 116 17787
119 117 11532
119 118 19851
119 120 -541
119 121 4434
120 1 36320
120 2 41788
120 3 45240
120 4 48027
120 5 43536
120 6 43338
120 7 41645
120 8 43064
120 9 50488
120 10 45831
120 11 48005
120 12 44649
120 13 50716
120 14 49428
120 15 46729
120 16 69146
120 17 64148
120 18 21139
120 19 68150
120 20 76514
120 21 69793
120 22 76481
120 23 70061
120 24 80450
120 25 73962
120 26 73086
120 27 79602
120 28 77747
120 29 68097
120 30 86173
120 31 79145
120 32 83465
120 33 86965
120 34 89825
120 35 83513
120 36 92165
120 37 64198
120 38 69109
120 39 69965
120 40 62964
120 41 67506
120 42 68770
120 43 69214
120 44 77678
120 45 74821
120 46 80728
120 47 79881
120 48 76222
120 49 84471
120 50 85781
120 51 72960
120 52 70538
120 53 73694
120 54 74216
120 55 75268
120 56 75444
120 57 77335
120 58 73065
120 59 69006
120 60 86250
120 61 78412
120 62 85515
120 63 80655
120 64 83448
120 65 75913
120 66 78969
120 67 36281
120 68 41700
120 69 37320
120 70 35796
120 71 45724
120 72 47610
120 73 45995
120 74 49028
120 75 37373
120 76 49127
120 77 39914
120 78 53138
120 79 56066
120 80 51316
120 81 9632
120 82 7821
120 83 20408
120 84 15541
120 85 12045
120 86 12549
120 87 9269
120 88 8694
120 89 13900
120 90 15675
120 91 17258
120 92 13484
120 93 13810
120 94 16771
120 95 8610
120 96 13031
120 97 13488
120 98 18475
120 99 12093
120 100 15244
120 101 10127
120 102 8645
120 103 10435
120 104 10714
120 105 6536
120 106 7959
120 107 8920
120 108 21552
120 109 20108
120 110 21201
120 111 11504
120 112 15716
120 113 18378
120 114 21140
120 115 19568
120 116 14563
120 117 18742
120 118 24235
120 119 1540
120 121 4434
END
NODE_CONSUMPTION
0 1 25
0 2 7
0 3 13
0 4 6
0 5 14
0 6 5
0 7 11
0 8 19
0 9 5
0 10 15
0 11 15
0 12 17
0 13 13
0 14 12
0 15 18
0 16 13
0 17 18
0 18 12
0 19 17
0 20 4
0 21 7
0 22 12
0 23 13
0 24 8
0 25 16
0 26 15
0 27 6
0 28 5
0 29 9
0 30 11
0 31 10
0 32 3
0 33 7
0 34 2
0 35 4
0 36 4
0 37 18
0 38 14
0 39 12
0 40 17
0 41 20
0 42 14
0 43 16
0 44 10
0 45 9
0 46 11
0 47 7
0 48 13
0 49 5
0 50 4
0 51 21
0 52 13
0 53 11
0 54 12
0 55 14
0 56 10
0 57 8
0 58 16
0 59 19
0 60 5
0 61 17
0 62 7
0 63 16
0 64 14
0 65 17
0 66 13
0 67 17
0 68 13
0 69 14
0 70 16
0 71 7
0 72 13
0 73 9
0 74 11
0 75 35
0 76 5
0 77 28
0 78 7
0 79 3
0 80 10
0 81 7
0 82 12
0 83 11
0 84 10
0 85 8
0 86 11
0 87 21
0 88 4
0 89 15
0 90 16
0 91 4
0 92 16
0 93 7
0 94 10
0 95 9
0 96 11
0 97 17
0 98 12
0 99 11
0 100 7
0 101 9
0 102 11
0 103 12
0 104 7
0 105 8
0 106 6
0 107 5
0 108 12
0 109 13
0 110 7
0 111 7
0 112 8
0 113 11
0 114 13
0 115 11
0 116 10
0 117 7
0 118 4
0 119 20
0 120 13
END
