NAME : ./data/ESPPRC - Test Instances/M-n151-k12_a.simplified-vrp
SIZE : 152
DIRECTED : 1
CYCLIC : 1
ORIGIN : 0
DESTINATION : 151
RESOURCES : 1
RES_NAMES : 0
RES_TYPE
0 CAP
END
RES_BOUND
0 0 200
END
EDGE_COST
0 1 11819
0 2 14271
0 3 17987
0 4 17088
0 5 13530
0 6 10274
0 7 16961
0 8 22818
0 9 23675
0 10 19245
0 11 26592
0 12 11492
0 13 6077
0 14 24868
0 15 21195
0 16 22374
0 17 25130
0 18 10824
0 19 24923
0 20 26605
0 21 14626
0 22 22202
0 23 19911
0 24 24342
0 25 24877
0 26 6836
0 27 1270
0 28 3830
0 29 22831
0 30 18495
0 31 9750
0 32 24554
0 33 21312
0 34 25141
0 35 34081
0 36 33789
0 37 18526
0 38 30717
0 39 23813
0 40 8629
0 41 25529
0 42 17549
0 43 24916
0 44 25882
0 45 20526
0 46 24507
0 47 23958
0 48 16814
0 49 30936
0 50 12776
0 51 21180
0 52 9062
0 53 2433
0 54 17625
0 55 22424
0 56 22540
0 57 16781
0 58 3939
0 59 12007
0 60 16552
0 61 17993
0 62 18653
0 63 28748
0 64 26308
0 65 31116
0 66 22046
0 67 24438
0 68 13671
0 69 10072
0 70 18766
0 71 30340
0 72 15857
0 73 16119
0 74 21124
0 75 22170
0 76 12152
0 77 15156
0 78 24961
0 79 18603
0 80 19149
0 81 19252
0 82 15437
0 83 15654
0 84 18210
0 85 13561
0 86 21062
0 87 10678
0 88 15822
0 89 5616
0 90 29609
0 91 22648
0 92 16939
0 93 14772
0 94 7060
0 95 10494
0 96 12803
0 97 13608
0 98 18298
0 99 15760
0 100 17851
0 101 14321
0 102 11413
0 103 24785
0 104 15899
0 105 1613
0 106 14513
0 107 25107
0 108 19846
0 109 13859
0 110 17482
0 111 5072
0 112 1027
0 113 20940
0 114 16928
0 115 13668
0 116 13757
0 117 12594
0 118 9271
0 119 25670
0 120 21304
0 121 20893
0 122 18198
0 123 21468
0 124 26142
0 125 19623
0 126 27807
0 127 9532
0 128 26748
0 129 24385
0 130 17875
0 131 26118
0 132 8487
0 133 21531
0 134 14957
0 135 31622
0 136 38775
0 137 9888
0 138 6877
0 139 25257
0 140 30046
0 141 22676
0 142 24791
0 143 31913
0 144 13843
0 145 19228
0 146 3526
0 147 5628
0 148 16498
0 149 9214
0 150 17991
1 2 28829
1 3 10186
1 4 24290
1 5 25116
1 6 23933
1 7 16772
1 8 28144
1 9 9463
1 10 9306
1 11 19452
1 12 13135
1 13 21298
1 14 39724
1 15 36135
1 16 35669
1 17 35422
1 18 17860
1 19 21138
1 20 11474
1 21 25873
1 22 34481
1 23 30029
1 24 22127
1 25 28979
1 26 15072
1 27 7087
1 28 9505
1 29 17040
1 30 4045
1 31 2726
1 32 11435
1 33 8922
1 34 13824
1 35 20247
1 36 32911
1 37 33118
1 38 45142
1 39 31435
1 40 21470
1 41 38679
1 42 32773
1 43 40136
1 44 40090
1 45 28059
1 46 28052
1 47 23487
1 48 17171
1 49 26829
1 50 2130
1 51 6296
1 52 12980
1 53 16400
1 54 20433
1 55 26020
1 56 32231
1 57 31665
1 58 18421
1 59 26219
1 60 26826
1 61 30786
1 62 12393
1 63 18233
1 64 17999
1 65 16186
1 66 6847
1 67 31683
1 68 10321
1 69 2378
1 70 5733
1 71 15518
1 72 26926
1 73 28134
1 74 32873
1 75 33218
1 76 7130
1 77 8874
1 78 14121
1 79 9080
1 80 17263
1 81 6532
1 82 18190
1 83 24106
1 84 28865
1 85 27336
1 86 33977
1 87 25908
1 88 11884
1 89 17134
1 90 17951
1 91 36735
1 92 31569
1 93 28495
1 94 21645
1 95 25310
1 96 26608
1 97 28652
1 98 32647
1 99 29412
1 100 32410
1 101 2204
1 102 -386
1 103 9771
1 104 29551
1 105 13568
1 106 16174
1 107 19605
1 108 8952
1 109 16158
1 110 25954
1 111 3914
1 112 15750
1 113 32584
1 114 22719
1 115 28019
1 116 9330
1 117 27702
1 118 20004
1 119 40164
1 120 7834
1 121 15136
1 122 3173
1 123 18648
1 124 27372
1 125 27198
1 126 17452
1 127 6649
1 128 11874
1 129 14994
1 130 21326
1 131 12455
1 132 1328
1 133 33537
1 134 14492
1 135 17964
1 136 24462
1 137 25006
1 138 11437
1 139 32487
1 140 44401
1 141 36423
1 142 39967
1 143 29188
1 144 28962
1 145 32961
1 146 11980
1 147 18533
1 148 11225
1 149 16585
1 150 16105
1 151 8947
2 1 29145
2 3 30035
2 4 12312
2 5 16768
2 6 15495
2 7 31997
2 8 32638
2 9 39083
2 10 37040
2 11 43340
2 12 19923
2 13 4331
2 14 14042
2 15 3781
2 16 18398
2 17 27412
2 18 22472
2 19 40331
2 20 44013
2 21 7038
2 22 7483
2 23 7179
2 24 29328
2 25 21486
2 26 12057
2 27 19270
2 28 18386
2 29 31286
2 30 36290
2 31 27514
2 32 42554
2 33 35910
2 34 37500
2 35 48614
2 36 46592
2 37 12610
2 38 20602
2 39 15337
2 40 6883
2 41 8874
2 42 4137
2 43 9179
2 44 18179
2 45 27176
2 46 34316
2 47 37187
2 48 30351
2 49 45673
2 50 28116
2 51 37578
2 52 24951
2 53 12103
2 54 19881
2 55 20597
2 56 12016
2 57 -583
2 58 3939
2 59 9855
2 60 23283
2 61 16540
2 62 35608
2 63 46432
2 64 43035
2 65 46981
2 66 39272
2 67 14751
2 68 22707
2 69 27973
2 70 36722
2 71 46222
2 72 5427
2 73 4994
2 74 8232
2 75 9617
2 76 25153
2 77 27081
2 78 37497
2 79 31062
2 80 27054
2 81 33725
2 82 28169
2 83 23559
2 84 21664
2 85 10186
2 86 16723
2 87 -636
2 88 32726
2 89 16741
2 90 47520
2 91 17136
2 92 12482
2 93 12909
2 94 8472
2 95 7835
2 96 13940
2 97 7173
2 98 13530
2 99 15760
2 100 10838
2 101 32261
2 102 26542
2 103 41150
2 104 15899
2 105 8470
2 106 29180
2 107 41216
2 108 37728
2 109 20087
2 110 12714
2 111 20852
2 112 11551
2 113 20365
2 114 26857
2 115 -3944
2 116 25140
2 117 8172
2 118 15243
2 119 16918
2 120 36006
2 121 29797
2 122 35719
2 123 36682
2 124 38440
2 125 26463
2 126 45475
2 127 27005
2 128 44399
2 129 36566
2 130 18603
2 131 44097
2 132 26240
2 133 7256
2 134 19409
2 135 46064
2 136 53789
2 137 2377
2 138 17468
2 139 18099
2 140 20274
2 141 16870
2 142 11790
2 143 45946
2 144 -1388
2 145 1972
2 146 20730
2 147 13216
2 148 33431
2 149 11478
2 150 25896
2 151 11715
3 1 11147
3 2 30680
3 4 17088
3 5 35634
3 6 32635
3 7 31103
3 8 41613
3 9 6659
3 10 22905
3 11 33362
3 12 7672
3 13 26913
3 14 46003
3 15 37951
3 16 44697
3 17 46918
3 18 30368
3 19 35627
3 20 17343
3 21 23524
3 22 31677
3 23 23855
3 24 8484
3 25 18262
3 26 13684
3 27 16886
3 28 13630
3 29 2485
3 30 14213
3 31 17286
3 32 21795
3 33 3833
3 34 3227
3 35 14585
3 36 47471
3 37 40325
3 38 52322
3 39 23219
3 40 22449
3 41 36829
3 42 37331
3 43 43542
3 44 47816
3 45 40868
3 46 42124
3 47 38023
3 48 31590
3 49 41133
3 50 4051
3 51 8572
3 52 25819
3 53 20765
3 54 10946
3 55 15370
3 56 26395
3 57 33810
3 58 21754
3 59 34165
3 60 38084
3 61 40352
3 62 26773
3 63 30698
3 64 31014
3 65 13943
3 66 10185
3 67 22336
3 68 -1624
3 69 16017
3 70 18766
3 71 13766
3 72 23468
3 73 26077
3 74 29769
3 75 28910
3 76 3208
3 77 -1714
3 78 3117
3 79 -3345
3 80 6116
3 81 666
3 82 32163
3 83 36332
3 84 40053
3 85 35816
3 86 43413
3 87 30477
3 88 26420
3 89 27292
3 90 29918
3 91 44743
3 92 38778
3 93 37068
3 94 29150
3 95 32248
3 96 35129
3 97 34822
3 98 40305
3 99 38092
3 100 39613
3 101 16517
3 102 -1175
3 103 10405
3 104 38231
3 105 15755
3 106 30133
3 107 33868
3 108 21962
3 109 9111
3 110 20553
3 111 9453
3 112 23322
3 113 43169
3 114 35991
3 115 29312
3 116 729
3 117 33781
3 118 31010
3 119 47359
3 120 2629
3 121 616
3 122 12803
3 123 33203
3 124 41754
3 125 39971
3 126 30086
3 127 20783
3 128 18823
3 129 2208
3 130 11771
3 131 22059
3 132 14114
3 133 30357
3 134 2296
3 135 12038
3 136 20028
3 137 29073
3 138 11019
3 139 24281
3 140 51732
3 141 44870
3 142 44933
3 143 43676
3 144 32278
3 145 32394
3 146 22296
3 147 27884
3 148 25760
3 149 12834
3 150 4958
3 151 16076
4 1 28789
4 2 16495
4 3 20626
4 5 34145
4 6 30717
4 7 41846
4 8 47106
4 9 31659
4 10 40920
4 11 50060
4 12 12303
4 13 20392
4 14 34083
4 15 19936
4 16 38219
4 17 45706
4 18 35324
4 19 49476
4 20 41080
4 21 6598
4 22 9418
4 23 -1145
4 24 12370
4 25 1336
4 26 9798
4 27 24554
4 28 19528
4 29 16768
4 30 35720
4 31 32286
4 32 43478
4 33 28615
4 34 25486
4 35 38750
4 36 58789
4 37 32313
4 38 40493
4 39 -724
4 40 13260
4 41 15052
4 42 24070
4 43 26975
4 44 38399
4 45 43573
4 46 48981
4 47 48956
4 48 41813
4 49 55597
4 50 23965
4 51 32725
4 52 33983
4 53 19056
4 54 4041
4 55 505
4 56 1580
4 57 17938
4 58 14809
4 59 28437
4 60 39021
4 61 35684
4 62 42199
4 63 50256
4 64 49424
4 65 38614
4 66 34888
4 67 -216
4 68 11319
4 69 30356
4 70 37920
4 71 38721
4 72 2329
4 73 7396
4 74 7929
4 75 5202
4 76 19304
4 77 18545
4 78 26455
4 79 21120
4 80 15083
4 81 25666
4 82 40373
4 83 38944
4 84 39233
4 85 29590
4 86 36746
4 87 19367
4 88 39773
4 89 29266
4 90 50133
4 91 37048
4 92 31615
4 93 31740
4 94 24851
4 95 25893
4 96 31273
4 97 26420
4 98 33052
4 99 33778
4 100 30863
4 101 33919
4 102 21228
4 103 35272
4 104 33917
4 105 12570
4 106 39491
4 107 49205
4 108 40925
4 109 10084
4 110 345
4 111 20550
4 112 22860
4 113 39566
4 114 41187
4 115 14058
4 116 16942
4 117 26332
4 118 31322
4 119 37136
4 120 27529
4 121 16087
4 122 34328
4 123 46158
4 124 51095
4 125 42727
4 126 49421
4 127 33141
4 128 42271
4 129 26125
4 130 1139
4 131 44261
4 132 28149
4 133 7672
4 134 3198
4 135 36291
4 136 44379
4 137 19633
4 138 14905
4 139 419
4 140 40244
4 141 36970
4 142 31578
4 143 56791
4 144 18722
4 145 12778
4 146 28359
4 147 27499
4 148 40235
4 149 5079
4 150 13925
4 151 18715
5 1 28789
5 2 20125
5 3 38346
5 4 33319
5 6 9094
5 7 16364
5 8 10497
5 9 41659
5 10 27291
5 11 28406
5 12 31847
5 13 10708
5 14 12852
5 15 19936
5 16 4399
5 17 4716
5 18 6193
5 19 22907
5 20 41080
5 21 28221
5 22 31332
5 23 31025
5 24 44591
5 25 42326
5 26 25656
5 27 18631
5 28 24431
5 29 43446
5 30 32051
5 31 19489
5 32 34383
5 33 40462
5 34 44987
5 35 52449
5 36 25085
5 37 8493
5 38 15217
5 39 38308
5 40 22944
5 41 32135
5 42 12179
5 43 18900
5 44 10484
5 45 3413
5 46 11243
5 47 16679
5 48 11102
5 49 26055
5 50 32040
5 51 38299
5 52 15440
5 53 19984
5 54 36833
5 55 40469
5 56 35382
5 57 18345
5 58 16262
5 59 2688
5 60 2996
5 61 -794
5 62 22569
5 63 34624
5 64 26789
5 65 47654
5 66 36367
5 67 38272
5 68 34269
5 69 25709
5 70 31730
5 71 47318
5 72 28313
5 73 27774
5 74 31882
5 75 33334
5 76 32556
5 77 35620
5 78 44887
5 79 38744
5 80 39647
5 81 38314
5 82 9113
5 83 1630
5 84 -1998
5 85 -1399
5 86 1986
5 87 9985
5 88 21184
5 89 8699
5 90 37671
5 91 8036
5 92 9184
5 93 1232
5 94 6420
5 95 7290
5 96 5155
5 97 9857
5 98 6887
5 99 4670
5 100 6178
5 101 28317
5 102 30563
5 103 41419
5 104 4809
5 105 19542
5 106 14102
5 107 24881
5 108 28328
5 109 33863
5 110 33330
5 111 25007
5 112 12152
5 113 497
5 114 5255
5 115 19881
5 116 34330
5 117 12064
5 118 -5234
5 119 11674
5 120 39954
5 121 41508
5 122 33295
5 123 19418
5 124 17323
5 125 2777
5 126 33701
5 127 19035
5 128 40163
5 129 44580
5 130 36628
5 131 36836
5 132 25103
5 133 31110
5 134 34978
5 135 50153
5 136 56577
5 137 15334
5 138 27291
5 139 40503
5 140 14321
5 141 5798
5 142 17019
5 143 25628
5 144 14440
5 145 25151
5 146 17761
5 147 5386
5 148 21063
5 149 27510
5 150 38489
5 151 14331
6 1 21426
6 2 12672
6 3 29167
6 4 23711
6 5 2914
6 7 16364
6 8 16418
6 9 34085
6 10 24164
6 11 28406
6 12 21987
6 13 1968
6 14 15213
6 15 16276
6 16 11247
6 17 14716
6 18 6193
6 19 24530
6 20 35293
6 21 18959
6 22 23560
6 23 22906
6 24 34653
6 25 32567
6 26 15656
6 27 10412
6 28 14969
6 29 33802
6 30 26541
6 31 15090
6 32 30816
6 33 32162
6 34 36255
6 35 44706
6 36 30191
6 37 8493
6 38 20307
6 39 29199
6 40 13260
6 41 25268
6 42 10082
6 43 17814
6 44 15252
6 45 11987
6 46 18245
6 47 20817
6 48 14071
6 49 29489
6 50 23608
6 51 31132
6 52 10901
6 53 10003
6 54 26837
6 55 30600
6 56 26621
6 57 12899
6 58 6589
6 59 1414
6 60 7468
6 61 6816
6 62 21176
6 63 32871
6 64 27841
6 65 41002
6 66 30793
6 67 29452
6 68 24573
6 69 18715
6 70 26307
6 71 40358
6 72 19462
6 73 19016
6 74 23546
6 75 24995
6 76 23333
6 77 26329
6 78 36087
6 79 29764
6 80 29834
6 81 30085
6 82 11836
6 83 7597
6 84 7915
6 85 2581
6 86 9894
6 87 4662
6 88 18610
6 89 1715
6 90 34843
6 91 11902
6 92 7098
6 93 3744
6 94 -1820
6 95 1628
6 96 1782
6 97 5403
6 98 7855
6 99 4670
6 100 7701
6 101 22264
6 102 22224
6 103 34587
6 104 4809
6 105 9542
6 106 13538
6 107 25776
6 108 25109
6 109 23908
6 110 23736
6 111 16100
6 112 2352
6 113 9933
6 114 10578
6 115 12446
6 116 24884
6 117 5452
6 118 -296
6 119 15366
6 120 31997
6 121 31897
6 122 27017
6 123 20859
6 124 22039
6 125 11161
6 126 31904
6 127 14286
6 128 34909
6 129 35555
6 130 26659
6 131 32863
6 132 17701
6 133 23218
6 134 25005
6 135 42303
6 136 49182
6 137 7176
6 138 17493
6 139 31178
6 140 19562
6 141 11719
6 142 16534
6 143 29634
6 144 9038
6 145 18323
6 146 9928
6 147 -2812
6 148 19137
6 149 17536
6 150 28676
6 151 4895
7 1 17611
7 2 32520
7 3 30981
7 4 38186
7 5 13530
7 6 19710
7 8 8776
7 9 28060
7 10 7892
7 11 8051
7 12 30033
7 13 21823
7 14 33163
7 15 36879
7 16 24842
7 17 19716
7 18 5013
7 19 4087
7 20 24137
7 21 35649
7 22 42446
7 23 40864
7 24 41776
7 25 45419
7 26 27672
7 27 14298
7 28 22203
7 29 37719
7 30 15361
7 31 3466
7 32 14761
7 33 29614
7 34 34362
7 35 38585
7 36 12980
7 37 27313
7 38 35725
7 39 45014
7 40 29465
7 41 44968
7 42 30264
7 43 37836
7 44 31100
7 45 9810
7 46 7150
7 47 3169
7 48 -3709
7 49 9808
7 50 22971
7 51 24337
7 52 7647
7 53 23456
7 54 37365
7 55 42735
7 56 43663
7 57 33436
7 58 23728
7 59 20222
7 60 14803
7 61 19701
7 62 2102
7 63 14068
7 64 7248
7 65 31116
7 66 18563
7 67 45644
7 68 29936
7 69 15169
7 70 15699
7 71 31825
7 72 36802
7 73 36798
7 74 41749
7 75 42985
7 76 26583
7 77 29192
7 78 34946
7 79 30103
7 80 36329
7 81 26894
7 82 -2056
7 83 8877
7 84 14903
7 85 18823
7 86 21484
7 87 25278
7 88 2912
7 89 12771
7 90 17608
7 91 28437
7 92 26625
7 93 20601
7 94 18788
7 95 22104
7 96 20626
7 97 25831
7 98 26055
7 99 22267
7 100 25871
7 101 14321
7 102 20631
7 103 26098
7 104 22406
7 105 22826
7 106 -764
7 107 5162
7 108 8830
7 109 32977
7 110 38672
7 111 19622
7 112 17122
7 113 18472
7 114 4200
7 115 32219
7 116 28971
7 117 26065
7 118 8423
7 119 32213
7 120 27331
7 121 35755
7 122 18198
7 123 461
7 124 6402
7 125 9155
7 126 13164
7 127 5802
7 128 22364
7 129 36018
7 130 37941
7 131 17554
7 132 15524
7 133 41925
7 134 33265
7 135 36691
7 136 41741
7 137 27009
7 138 26032
7 139 46418
7 140 34808
7 141 26352
7 142 36150
7 143 10706
7 144 29628
7 145 38193
7 146 14805
7 147 13870
7 148 1208
7 149 30058
7 150 35171
7 151 14928
8 1 28162
8 2 32340
8 3 40670
8 4 42625
8 5 6842
8 6 18943
8 7 7955
8 9 39763
8 10 19999
8 11 17217
8 12 37284
8 13 21804
8 14 26229
8 15 33723
8 16 16219
8 17 8644
8 18 5453
8 19 10627
8 20 36322
8 21 38479
8 22 43380
8 23 42753
8 24 49921
8 25 50951
8 26 32992
8 27 21449
8 28 29080
8 29 47007
8 30 27482
8 31 15133
8 32 26623
8 33 40485
8 34 45379
8 35 50429
8 36 11177
8 37 22393
8 38 26619
8 39 48672
8 40 32435
8 41 44833
8 42 26069
8 43 32799
8 44 23009
8 45 -2226
8 46 -1527
8 47 2906
8 48 -1502
8 49 12322
8 50 33021
8 51 36039
8 52 14748
8 53 27508
8 54 43862
8 55 48609
8 56 46343
8 57 31599
8 58 25948
8 59 16157
8 60 9926
8 61 11603
8 62 13676
8 63 24884
8 64 14155
8 65 43315
8 66 30753
8 67 49080
8 68 38467
8 69 25201
8 70 27638
8 71 43914
8 72 39189
8 73 38796
8 74 43388
8 75 44833
8 76 35513
8 77 38458
8 78 45685
8 79 40314
8 80 44444
8 81 37991
8 82 -1484
8 83 1770
8 84 5921
8 85 12379
8 86 11417
8 87 23099
8 88 14945
8 89 14505
8 90 29250
8 91 21551
8 92 22741
8 93 15140
8 94 17645
8 95 19835
8 96 17539
8 97 23030
8 98 20808
8 99 17990
8 100 20058
8 101 25664
8 102 31073
8 103 38127
8 104 18129
8 105 27238
8 106 7779
8 107 13010
8 108 20871
8 109 39916
8 110 42752
8 111 27914
8 112 19734
8 113 7999
8 114 -4878
8 115 32125
8 116 37777
8 117 24421
8 118 3367
8 119 24707
8 120 38812
8 121 45010
8 122 30039
8 123 7631
8 124 3456
8 125 -2706
8 126 24083
8 127 16220
8 128 34567
8 129 46225
8 130 44119
8 131 29542
8 132 25245
8 133 43054
8 134 40851
8 135 48439
8 136 53764
8 137 26960
8 138 32780
8 139 50452
8 140 25657
8 141 17870
8 142 30923
8 143 11775
8 144 27636
8 145 37842
8 146 20887
8 147 13789
8 148 13346
8 149 35302
8 150 43286
8 151 19964
9 1 14391
9 2 43695
9 3 10626
9 4 32088
9 5 42914
9 6 41520
9 7 32149
9 8 44673
9 10 18750
9 11 28406
9 12 21987
9 13 37909
9 14 56883
9 15 51196
9 16 53427
9 17 53026
9 18 35324
9 19 32907
9 20 6162
9 21 37829
9 22 46266
9 23 38855
9 24 21268
9 25 32567
9 26 27279
9 27 24554
9 28 24431
9 29 13123
9 30 8000
9 31 17584
9 32 12486
9 33 4799
9 34 265
9 35 2478
9 36 45389
9 37 50464
9 38 62621
9 39 38102
9 40 35528
9 41 51238
9 42 49194
9 43 56108
9 44 57647
9 45 45083
9 46 43381
9 47 36923
9 48 31766
9 49 36653
9 50 11069
9 51 579
9 52 30505
9 53 32093
9 54 25885
9 55 29816
9 56 41376
9 57 46812
9 58 33833
9 59 43721
9 60 44567
9 61 48578
9 62 24222
9 63 23231
9 64 23252
9 65 -429
9 66 -4133
9 67 36869
9 68 13317
9 69 20110
9 70 16110
9 71 -1075
9 72 38106
9 73 40379
9 74 44381
9 75 43751
9 76 15474
9 77 12575
9 78 3897
9 79 5215
9 80 21076
9 81 -2334
9 82 34172
9 83 41570
9 84 46576
9 85 44991
9 86 51775
9 87 42223
9 88 26670
9 89 34904
9 90 22360
9 91 54316
9 92 48883
9 93 46148
9 94 38950
9 95 42489
9 96 44208
9 97 45607
9 98 50113
9 99 47062
9 100 49782
9 101 16902
9 102 4144
9 103 -3830
9 104 47201
9 105 28083
9 106 32475
9 107 29938
9 108 16634
9 109 23908
9 110 35427
9 111 18874
9 112 32905
9 113 50350
9 114 39501
9 115 42569
9 116 14964
9 117 44572
9 118 37775
9 119 57589
9 120 -7696
9 121 12313
9 122 8453
9 123 31514
9 124 41912
9 125 44265
9 126 22971
9 127 23335
9 128 7655
9 129 10334
9 130 26659
9 131 12184
9 132 19108
9 133 45022
9 134 16539
9 135 341
9 136 6772
9 137 40964
9 138 23803
9 139 39193
9 140 61914
9 141 54111
9 142 56603
9 143 40348
9 144 44705
9 145 46408
9 146 29671
9 147 36225
9 148 24551
9 149 27206
9 150 19918
9 151 25731
10 1 12143
10 2 39561
10 3 24781
10 4 39258
10 5 26455
10 6 29508
10 7 9890
10 8 22818
10 9 16659
10 11 4231
10 12 28508
10 13 29897
10 14 45054
10 15 45781
10 16 37940
10 17 33767
10 18 17374
10 19 7907
10 20 10793
10 21 39318
10 22 47478
10 23 44270
10 24 37354
10 25 44487
10 26 29197
10 27 16886
10 28 23000
10 29 31469
10 30 3000
10 31 348
10 32 850
10 33 20905
10 34 24440
10 35 26421
10 36 20389
10 37 38544
10 38 48706
10 39 46446
10 40 33850
10 41 51009
10 42 40428
10 43 48168
10 44 43761
10 45 23929
10 46 19502
10 47 12114
10 48 7799
10 49 12302
10 50 17206
10 51 13359
10 52 15011
10 53 27794
10 54 35931
10 55 41539
10 56 46560
10 57 41628
10 58 29409
10 59 31311
10 60 27593
10 61 32747
10 62 -517
10 63 3307
10 64 2461
10 65 17421
10 66 4571
10 67 46862
10 68 25715
10 69 12671
10 70 5733
10 71 18839
10 72 40555
10 73 41216
10 74 46176
10 75 46940
10 76 22673
10 77 24059
10 78 25913
10 79 22596
10 80 32767
10 81 17376
10 82 11962
10 83 22577
10 84 28549
10 85 31036
10 86 35103
10 87 34341
10 88 5531
10 89 21934
10 90 4431
10 91 40694
10 92 37387
10 93 32471
10 94 28260
10 95 31974
10 96 31495
10 97 35722
10 98 37560
10 99 33707
10 100 37490
10 101 7834
10 102 13568
10 103 13531
10 104 33846
10 105 26165
10 106 11885
10 107 5162
10 108 -5213
10 109 31570
10 110 40516
10 111 18324
10 112 24045
10 113 32329
10 114 18342
10 115 39049
10 116 24798
10 117 35293
10 118 21127
10 119 44537
10 120 16550
10 121 29715
10 122 7480
10 123 6717
10 124 17645
10 125 23291
10 126 2395
10 127 7604
10 128 8528
10 129 28428
10 130 36801
10 131 3461
10 132 13210
10 133 46716
10 134 29990
10 135 24865
10 136 28935
10 137 34599
10 138 26032
10 139 47551
10 140 47827
10 141 39294
10 142 46942
10 143 15506
10 144 38227
10 145 44714
10 146 19621
10 147 23631
10 148 1208
10 149 31164
10 150 31609
10 151 19210
11 1 22988
11 2 46560
11 3 35937
11 4 49097
11 5 28269
11 6 34449
11 7 10748
11 8 20735
11 9 27014
11 10 4930
11 12 38918
11 13 36128
11 14 48079
11 15 51609
11 16 39317
11 17 32795
11 18 20013
11 19 -22
11 20 19982
11 21 48076
11 22 55691
11 23 53317
11 24 48425
11 25 54976
11 26 38668
11 27 25425
11 28 32505
11 29 42647
11 30 13616
11 31 9315
11 32 6078
11 33 32021
11 34 35183
11 35 36044
11 36 11071
11 37 42313
11 38 50138
11 39 56242
11 40 42170
11 41 58699
11 42 45205
11 43 52813
11 44 45780
11 45 21785
11 46 13798
11 47 4753
11 48 3776
11 49 1322
11 50 28255
11 51 24087
11 52 20835
11 53 35974
11 54 46445
11 55 52069
11 56 55768
11 57 47928
11 58 37038
11 59 35215
11 60 29669
11 61 34271
11 62 1220
11 63 1882
11 64 -7211
11 65 24867
11 66 11632
11 67 56792
11 68 36700
11 69 22665
11 70 16906
11 71 27800
11 72 49331
11 73 49660
11 74 54665
11 75 55679
11 76 33514
11 77 35119
11 78 36909
11 79 33768
11 80 43661
11 81 28354
11 82 10795
11 83 23195
11 84 29050
11 85 33725
11 86 35356
11 87 39969
11 88 10905
11 89 27210
11 90 8540
11 91 43307
11 92 41600
11 93 35573
11 94 33489
11 95 36932
11 96 35592
11 97 40686
11 98 41049
11 99 37267
11 100 40852
11 101 18605
11 102 24735
11 103 23186
11 104 37406
11 105 34853
11 106 14102
11 107 -4574
11 108 3953
11 109 41997
11 110 50046
11 111 28410
11 112 30812
11 113 32037
11 114 17238
11 115 46188
11 116 35729
11 117 40751
11 118 23300
11 119 47026
11 120 27132
11 121 40885
11 122 18520
11 123 1343
11 124 11928
11 125 21430
11 126 1467
11 127 15327
11 128 16850
11 129 39594
11 130 47263
11 131 9523
11 132 23258
11 133 55054
11 134 40890
11 135 34773
11 136 37916
11 137 41189
11 138 35928
11 139 57427
11 140 49198
11 141 40901
11 142 51147
11 143 5221
11 144 44217
11 145 52099
11 146 27162
11 147 28565
11 148 5317
11 149 40849
11 150 42503
11 151 27256
12 1 13230
12 2 19702
12 3 6806
12 4 7899
12 5 28269
12 6 24589
12 7 29289
12 8 37361
12 9 17154
12 10 25766
12 11 35477
12 13 17258
12 14 35864
12 15 26837
12 16 35939
12 17 39993
12 18 25427
12 19 35919
12 20 25396
12 21 12409
12 22 20771
12 23 14269
12 24 9342
12 25 12549
12 26 2727
12 27 12081
12 28 6725
12 29 8650
12 30 19926
12 31 17781
12 32 27716
12 33 13816
12 34 14085
12 35 25740
12 36 46509
12 37 30854
12 38 42374
12 39 14922
12 40 11591
12 41 25787
12 42 26767
12 43 32609
12 44 38286
12 45 35473
12 46 38768
12 47 36710
12 48 29730
12 49 42004
12 50 8174
12 51 17276
12 52 22100
12 53 11562
12 54 4041
12 55 9653
12 56 16529
12 57 22792
12 58 11527
12 59 25219
12 60 31539
12 61 32058
12 62 27871
12 63 34869
12 64 34461
12 65 24867
12 66 19562
12 67 15057
12 68 -496
12 69 15598
12 70 22369
12 71 24413
12 72 12620
12 73 14968
12 74 18888
12 75 18406
12 76 3571
12 77 4002
12 78 14145
12 79 7814
12 80 4379
12 81 11313
12 82 29113
12 83 30615
12 84 33084
12 85 26940
12 86 34748
12 87 20096
12 88 25998
12 89 20616
12 90 34576
12 91 35520
12 92 29425
12 93 28362
12 94 20316
12 95 22941
12 96 26659
12 97 25056
12 98 31053
12 99 29588
12 100 30044
12 101 18605
12 102 5650
12 103 20239
12 104 29727
12 105 5722
12 106 27459
12 107 35098
12 108 25566
12 109 -430
12 110 10258
12 111 5852
12 112 15262
12 113 35415
12 114 31525
12 115 18243
12 116 2054
12 117 24114
12 118 24221
12 119 37603
12 120 13518
12 121 6892
12 122 18520
12 123 32896
12 124 39546
12 125 34568
12 126 34075
12 127 19458
12 128 26520
12 129 13229
12 130 4837
12 131 28460
12 132 13364
12 133 19536
12 134 60
12 135 23188
12 136 31131
12 137 18750
12 138 1877
12 139 15948
12 140 41856
12 141 35733
12 142 34426
12 143 43723
12 144 21511
12 145 21223
12 146 16965
12 147 20367
12 148 26153
12 149 1729
12 150 3221
12 151 8715
13 1 22988
13 2 5705
13 3 27642
13 4 17583
13 5 8725
13 6 6165
13 7 22674
13 8 23476
13 9 34671
13 10 28750
13 11 34282
13 12 18853
13 14 14065
13 15 10781
13 16 13835
13 17 20211
13 18 13041
13 19 30986
13 20 37702
13 21 12409
13 22 16489
13 23 15871
13 24 30743
13 25 26691
13 26 11467
13 27 12081
13 28 13784
13 29 31011
13 30 29401
13 31 19305
13 32 34837
13 33 32021
13 34 35183
13 35 44900
13 36 37211
13 37 8493
13 38 20307
13 39 22538
13 40 7449
13 41 18300
13 42 6372
13 43 13827
13 44 15946
13 45 18666
13 46 25274
13 47 27766
13 48 20917
13 49 36248
13 50 23608
13 51 32333
13 52 15996
13 53 7181
13 54 22116
13 55 25022
13 56 19754
13 57 6739
13 58 967
13 59 3258
13 60 14335
13 61 10526
13 62 26699
13 63 37922
13 64 33909
13 65 42243
13 66 33173
13 67 22634
13 68 21823
13 69 20993
13 70 29451
13 71 41453
13 72 12620
13 73 12119
13 74 16527
13 75 17986
13 76 21995
13 77 24664
13 78 35007
13 79 28517
13 80 26690
13 81 29954
13 82 18740
13 83 14559
13 84 13804
13 85 4857
13 86 12633
13 87 -427
13 88 23882
13 89 7386
13 90 39372
13 91 13191
13 92 7098
13 93 6566
13 94 -510
13 95 727
13 96 5785
13 97 2806
13 98 8743
13 99 8317
13 100 7701
13 101 25097
13 102 22224
13 103 35947
13 104 8456
13 105 5722
13 106 19844
13 107 31982
13 108 29565
13 109 20151
13 110 17600
13 111 15852
13 112 3098
13 113 14317
13 114 17645
13 115 5459
13 116 22932
13 117 1778
13 118 6424
13 119 15366
13 120 32114
13 121 29235
13 122 29287
13 123 27327
13 124 29064
13 125 17883
13 126 36956
13 127 18604
13 128 37729
13 129 34200
13 130 21594
13 131 36612
13 132 19557
13 133 16150
13 134 20896
13 135 42404
13 136 49730
13 137 152
13 138 14905
13 139 24692
13 140 19722
13 141 13411
13 142 13631
13 143 36513
13 144 3227
13 145 11403
13 146 12668
13 147 3790
13 148 24551
13 149 12697
13 150 25532
13 151 4895
14 1 43459
14 2 17461
14 3 48777
14 4 33319
14 5 12914
14 6 21455
14 7 36059
14 8 29946
14 9 55690
14 10 45952
14 11 48278
14 12 39504
14 13 16110
14 15 6592
14 16 4399
14 17 17077
14 18 25427
14 19 42907
14 20 57632
14 21 28221
14 22 25276
14 23 24166
14 24 50244
14 25 42326
14 26 31712
14 27 32326
14 28 34988
14 29 51521
14 30 48902
14 31 37230
14 32 52852
14 33 53192
14 34 56353
14 35 66044
14 36 44051
14 37 8493
14 38 -529
14 39 34886
14 40 26604
14 41 23833
14 42 1274
14 43 1370
14 44 -351
14 45 20782
14 46 29201
14 47 36283
14 48 31059
14 49 45698
14 50 44723
14 51 53076
14 52 32862
14 53 28375
14 54 40919
14 55 41690
14 56 31387
14 57 10703
14 58 21285
14 59 9435
14 60 22607
14 61 6816
14 62 41994
14 63 54028
14 64 46789
14 65 63027
14 66 53138
14 67 32815
14 68 42513
14 69 40952
14 70 48661
14 71 62289
14 72 25943
14 73 25827
14 74 27672
14 75 28400
14 76 43190
14 77 45787
14 78 56187
14 79 49688
14 80 47146
14 81 51130
14 82 29113
14 83 21578
14 84 15257
14 85 2581
14 86 -692
14 87 7557
14 88 40004
14 89 23929
14 90 56563
14 91 6036
14 92 12446
14 93 8842
14 94 15266
14 95 12833
14 96 15924
14 97 11269
14 98 8743
14 99 15030
14 100 2353
14 101 44617
14 102 43354
14 103 56630
14 104 15169
14 105 26558
14 106 33557
14 107 44858
14 108 46957
14 109 40308
14 110 33865
14 111 36962
14 112 23230
14 113 7345
14 114 25026
14 115 16482
14 116 43999
14 117 15864
14 118 14247
14 119 -1837
14 120 53257
14 121 49859
14 122 49314
14 123 39410
14 124 36815
14 125 20583
14 126 53079
14 127 36457
14 128 57269
14 129 55350
14 130 39762
14 131 55027
14 132 39805
14 133 25218
14 134 40310
14 135 63563
14 136 70789
14 137 17355
14 138 35928
14 139 38299
14 140 -909
14 141 472
14 142 2138
14 143 45106
14 144 9038
14 145 17910
14 146 32141
14 147 19354
14 148 40235
14 149 32039
14 150 45988
14 151 25731
15 1 41941
15 2 9271
15 3 42796
15 4 21243
15 5 22069
15 6 24589
15 7 41846
15 8 39511
15 9 52074
15 10 48750
15 11 53879
15 12 32548
15 13 14897
15 14 8663
15 16 18219
15 17 30071
15 18 31414
15 19 49916
15 20 56829
15 21 17811
15 22 11087
15 23 8855
15 24 40440
15 25 29415
15 26 24811
15 27 31625
15 28 31343
15 29 43247
15 30 48902
15 31 39297
15 32 54749
15 33 48879
15 34 50118
15 35 61520
15 36 54106
15 37 15341
15 38 13291
15 39 20648
15 40 19810
15 41 8833
15 42 1274
15 43 -1980
15 44 15016
15 45 32175
15 46 40352
15 47 45296
15 48 38991
15 49 54421
15 50 41115
15 51 50557
15 52 35866
15 53 24887
15 54 30946
15 55 29551
15 56 17376
15 57 866
15 58 16724
15 59 15227
15 60 30304
15 61 18671
15 62 46497
15 63 57890
15 64 53335
15 65 59977
15 66 52154
15 67 17575
15 68 35095
15 69 40485
15 70 49149
15 71 59221
15 72 13633
15 73 14433
15 74 14416
15 75 14310
15 76 38093
15 77 39876
15 78 50200
15 79 43823
15 80 39285
15 81 46675
15 82 36711
15 83 30336
15 84 26081
15 85 12562
15 86 14776
15 87 5446
15 88 43757
15 89 26881
15 90 59368
15 91 17554
15 92 17342
15 93 16996
15 94 17379
15 95 15275
15 96 20948
15 97 13166
15 98 16454
15 99 21526
15 100 11501
15 101 44722
15 102 39541
15 103 54138
15 104 21665
15 105 21468
15 106 39027
15 107 51259
15 108 49560
15 109 32351
15 110 22623
15 111 33799
15 112 23046
15 113 21333
15 114 34032
15 115 7172
15 116 37919
15 117 16420
15 118 22031
15 119 13345
15 120 48957
15 121 41918
15 122 48478
15 123 46251
15 124 46130
15 125 31687
15 126 56922
15 127 38604
15 128 57111
15 129 49278
15 130 29132
15 131 56441
15 132 38858
15 133 10981
15 134 30653
15 135 58967
15 136 66737
15 137 13663
15 138 30418
15 139 24692
15 140 13341
15 141 15194
15 142 6434
15 143 54266
15 144 3227
15 145 4206
15 146 32585
15 147 22647
15 148 44386
15 149 23655
15 150 38127
15 151 24129
16 1 39037
16 2 21450
16 3 47104
16 4 37088
16 5 4094
16 6 17122
16 7 27371
16 8 19569
16 9 51867
16 10 38471
16 11 39149
16 12 39212
16 13 15513
16 14 4032
16 15 15781
16 17 5896
16 18 17374
16 19 33218
16 20 51991
16 21 31598
16 22 31677
16 23 31289
16 24 51351
16 25 46336
16 26 32057
16 27 28286
16 28 32860
16 29 51308
16 30 43000
16 31 30561
16 32 45563
16 33 50153
16 34 54277
16 35 62571
16 36 33181
16 37 7313
16 38 4102
16 39 40478
16 40 27863
16 41 31207
16 42 8179
16 43 12141
16 44 75
16 45 9810
16 46 18159
16 47 25809
16 48 21151
16 49 35170
16 50 41609
16 51 48706
16 52 26349
16 53 27116
16 54 42675
16 55 45046
16 56 37072
16 57 16995
16 58 21567
16 59 5908
16 60 14176
16 61 -3030
16 62 33655
16 63 45685
16 64 37008
16 65 58342
16 66 47352
16 67 39516
16 68 42062
16 69 36090
16 70 42671
16 71 57858
16 72 30601
16 73 30126
16 74 33201
16 75 34410
16 76 41277
16 77 44223
16 78 54105
16 79 47757
16 80 47095
16 81 48066
16 82 19572
16 83 12023
16 84 4924
16 85 -3136
16 86 -7968
16 87 10404
16 88 32364
16 89 18548
16 90 48838
16 91 2135
16 92 10720
16 93 3468
16 94 12482
16 95 11152
16 96 11431
16 97 11436
16 98 6093
16 99 9929
16 100 2055
16 101 39073
16 102 40214
16 103 51998
16 104 10068
16 105 26165
16 106 25229
16 107 35386
16 108 39508
16 109 40708
16 110 37234
16 111 34127
16 112 20214
16 113 -3612
16 114 14977
16 115 20948
16 116 42686
16 117 15435
16 118 5925
16 119 2173
16 120 49916
16 121 49462
16 122 44029
16 123 29882
16 124 26298
16 125 9711
16 126 44773
16 127 30013
16 128 51191
16 129 53535
16 130 42031
16 131 48005
16 132 35295
16 133 31581
16 134 41511
16 135 60201
16 136 66910
16 137 18637
16 138 34956
16 139 43270
16 140 3187
16 141 -5130
16 142 11004
16 143 34471
16 144 13843
16 145 24586
16 146 27595
16 147 14397
16 148 32216
16 149 33282
16 150 45937
16 151 22870
17 1 37293
17 2 28967
17 3 47828
17 4 43078
17 5 2914
17 6 19094
17 7 20748
17 8 10497
17 9 49969
17 10 32801
17 11 31130
17 12 41769
17 13 20392
17 14 15213
17 15 26136
17 16 4399
17 18 13041
17 19 24530
17 20 48133
17 21 37829
17 22 39997
17 23 39757
17 24 54550
17 25 52164
17 26 35656
17 27 27893
17 28 34179
17 29 53206
17 30 39098
17 31 26345
17 32 39758
17 33 49355
17 34 54085
17 35 60786
17 36 22539
17 37 15341
17 38 13291
17 39 47713
17 40 32804
17 41 40233
17 42 18227
17 43 23190
17 44 11080
17 45 -567
17 46 7287
17 47 15926
17 48 12420
17 49 25017
17 50 41115
17 51 46408
17 52 23302
17 53 29977
17 54 46831
17 55 50382
17 56 44598
17 57 26036
17 58 26141
17 59 11291
17 60 11173
17 61 1718
17 62 26996
17 63 38597
17 64 27841
17 65 55064
17 66 43071
17 67 47426
17 68 44081
17 69 34141
17 70 38902
17 71 55084
17 72 37657
17 73 37104
17 74 40912
17 75 42312
17 76 42107
17 77 45187
17 78 54063
17 79 48076
17 80 49532
17 81 47128
17 82 11836
17 83 5961
17 84 -38
17 85 4140
17 86 -2251
17 87 18235
17 88 27001
17 89 18203
17 90 42582
17 91 11902
17 92 17342
17 93 8842
17 94 16231
17 95 16509
17 96 14802
17 97 18335
17 98 13681
17 99 13791
17 100 11501
17 101 36037
17 102 39541
17 103 49179
17 104 13930
17 105 29542
17 106 19419
17 107 26934
17 108 33782
17 109 43838
17 110 43094
17 111 34453
17 112 22104
17 113 -5683
17 114 6778
17 115 28657
17 116 43999
17 117 21259
17 118 3529
17 119 13345
17 120 48535
17 121 51249
17 122 40915
17 123 21554
17 124 16440
17 125 -291
17 126 37760
17 127 26410
17 128 46801
17 129 53938
17 130 46608
17 131 42507
17 132 33759
17 133 39836
17 134 44960
17 135 58588
17 136 64623
17 137 24706
17 138 37188
17 139 50061
17 140 12321
17 141 5798
17 142 21750
17 143 24188
17 144 22382
17 145 33356
17 146 26986
17 147 15288
17 148 26153
17 149 37495
17 150 48374
17 151 24129
18 1 19434
18 2 23730
18 3 30981
18 4 32399
18 5 4094
18 6 10274
18 7 5748
18 8 7009
18 9 31970
18 10 16111
18 11 18051
18 12 26906
18 13 12925
18 14 23266
18 15 27182
18 16 15580
18 17 12744
18 19 13523
18 20 30337
18 21 28614
18 22 34327
18 23 33352
18 24 39619
18 25 40580
18 26 22582
18 27 11270
18 28 18718
18 29 37043
18 30 21284
18 31 8565
18 32 23204
18 33 31667
18 34 36519
18 35 42783
18 36 19296
18 37 17313
18 38 26370
18 39 38668
18 40 22449
18 41 36328
18 42 20338
18 43 27861
18 44 21506
18 45 5513
18 46 8737
18 47 9753
18 48 2903
18 49 18309
18 50 23698
18 51 28386
18 52 5364
18 53 17196
18 54 33422
18 55 38200
18 56 36612
18 57 24049
18 58 16144
18 59 10234
18 60 5232
18 61 10387
18 62 11597
18 63 23653
18 64 17125
18 65 37159
18 66 25481
18 67 39175
18 68 28307
18 69 16291
18 70 21016
18 71 37079
18 72 29510
18 73 29236
18 74 34010
18 75 35397
18 76 25569
18 77 28594
18 78 36617
18 79 30904
18 80 34179
18 81 29362
18 82 715
18 83 1267
18 84 6607
18 85 8978
18 86 12910
18 87 15702
18 88 10003
18 89 4426
18 90 26515
18 91 18623
18 92 16665
18 93 10649
18 94 9336
18 95 12391
18 96 10692
18 97 16050
18 98 16064
18 99 12267
18 100 15900
18 101 18013
18 102 21978
18 103 31170
18 104 12406
18 105 16903
18 106 3145
18 107 15015
18 108 17148
18 109 29499
18 110 32581
18 111 17875
18 112 9628
18 113 10530
18 114 1132
18 115 23486
18 116 27745
18 117 16557
18 118 -1224
18 119 22450
18 120 30622
18 121 35048
18 122 22914
18 123 9863
18 124 11207
18 125 4616
18 126 22713
18 127 8410
18 128 29231
18 129 36798
18 130 33685
18 131 25674
18 132 16059
18 133 33917
18 134 30473
18 135 40610
18 136 46595
18 137 18179
18 138 22372
18 139 40341
18 140 25483
18 141 16950
18 142 26155
18 143 18490
18 144 20153
18 145 29421
18 146 10568
18 147 4622
18 148 9948
18 149 24912
18 150 33021
18 151 9526
19 1 24818
19 2 43695
19 3 38346
19 4 48657
19 5 22914
19 6 30717
19 7 6928
19 8 14289
19 9 31659
19 10 8750
19 11 122
19 12 39504
19 13 32976
19 14 42852
19 15 47790
19 16 33530
19 17 26339
19 18 15629
19 20 25396
19 21 46598
19 22 53586
19 23 51862
19 24 50244
19 25 55367
19 26 38082
19 27 24554
19 28 32218
19 29 45200
19 30 18000
19 31 10175
19 32 12486
19 33 35386
19 34 39334
19 35 41304
19 36 5389
19 37 37624
19 38 44193
19 39 55637
19 40 40461
19 41 56148
19 42 40890
19 43 48299
19 44 40166
19 45 15141
19 46 6731
19 47 -2185
19 48 -2743
19 49 -954
19 50 30345
19 51 28313
19 52 18557
19 53 34362
19 54 47023
19 55 52566
19 56 54555
19 57 44508
19 58 34846
19 59 30700
19 60 24601
19 61 28623
19 62 2378
19 63 8820
19 64 -3211
19 65 31166
19 66 17950
19 67 56265
19 68 38358
19 69 23460
19 70 20032
19 71 33434
19 72 47791
19 73 47859
19 74 52830
19 75 54026
19 76 34971
19 77 37087
19 78 40587
19 79 36730
19 80 45065
19 81 32113
19 82 5113
19 83 17581
19 84 23154
19 85 28552
19 86 29124
19 87 36259
19 88 10188
19 89 23929
19 90 14824
19 91 38036
19 92 37193
19 93 30649
19 94 29803
19 95 32991
19 96 31273
19 97 36665
19 98 36243
19 99 32633
19 100 35916
19 101 20613
19 102 27349
19 103 28386
19 104 32772
19 105 33593
19 106 10392
19 107 -4574
19 108 8676
19 109 42546
19 110 49297
19 111 28867
19 112 28276
19 113 25718
19 114 11134
19 115 43396
19 116 37322
19 117 37069
19 118 18234
19 119 41600
19 120 31524
19 121 43329
19 122 22277
19 123 -4439
19 124 4866
19 125 14872
19 126 8273
19 127 14813
19 128 22625
19 129 42608
19 130 47726
19 131 15829
19 132 24011
19 133 53048
19 134 42219
19 135 39821
19 136 43566
19 137 38175
19 138 35928
19 139 56952
19 140 43239
19 141 35160
19 142 46497
19 143 958
19 144 40661
19 145 49372
19 146 25545
19 147 24920
19 148 5317
19 149 40416
19 150 43907
19 151 25731
20 1 13079
20 2 45302
20 3 17987
20 4 38186
20 5 39012
20 6 39405
20 7 24903
20 8 37909
20 9 2839
20 10 9561
20 11 18051
20 12 26906
20 13 37617
20 14 55502
20 15 52628
20 16 50228
20 17 47867
20 18 30368
20 19 23321
20 21 41598
20 22 50276
20 23 44683
20 24 30398
20 25 40580
20 26 30656
20 27 23196
20 28 25789
20 29 22831
20 30 71
20 31 11391
20 32 1324
20 33 11817
20 34 11446
20 35 11044
20 36 35679
20 37 48791
20 38 60402
20 39 44924
20 40 37760
20 41 54745
20 42 49063
20 43 56528
20 44 55286
20 45 38805
20 46 35278
20 47 27832
20 48 23551
20 49 26119
20 50 13916
20 51 2316
20 52 26173
20 53 32889
20 54 32768
20 55 37656
20 56 46934
20 57 48157
20 58 34909
20 59 41711
20 60 40297
20 61 45129
20 62 15294
20 63 12259
20 64 12100
20 65 1995
20 66 -9507
20 67 44481
20 68 20524
20 69 17604
20 70 9713
20 71 3048
20 72 42426
20 73 44004
20 74 48537
20 75 48533
20 76 19845
20 77 18867
20 78 14513
20 79 13858
20 80 28137
20 81 6532
20 82 27099
20 83 36332
20 84 41962
20 85 42404
20 86 48077
20 87 42273
20 88 19609
20 89 32127
20 90 11502
20 91 51954
20 92 47319
20 93 43616
20 94 37503
20 95 41246
20 96 41957
20 97 44735
20 98 48146
20 99 44592
20 100 48012
20 101 12468
20 102 8106
20 103 -1759
20 104 44731
20 105 29897
20 106 26074
20 107 19891
20 108 6869
20 109 29499
20 110 40629
20 111 20039
20 112 31874
20 113 45886
20 114 33110
20 115 44462
20 116 20729
20 117 43867
20 118 33681
20 119 55614
20 120 3368
20 121 21601
20 122 3655
20 123 22482
20 124 33453
20 125 38078
20 126 12099
20 127 18276
20 128 -3409
20 129 19366
20 130 33685
20 131 1003
20 132 17333
20 133 49227
20 134 24657
20 135 9842
20 136 13169
20 137 41468
20 138 26877
20 139 45939
20 140 59602
20 141 51275
20 142 56146
20 143 30200
20 144 45429
20 145 49236
20 146 27595
20 147 33776
20 148 16498
20 149 31570
20 150 26979
20 151 25338
21 1 25862
21 2 6711
21 3 22552
21 4 2088
21 5 24537
21 6 21455
21 7 34799
21 8 38450
21 9 32890
21 10 36470
21 11 44529
21 12 12303
21 13 10708
21 14 24475
21 15 11994
21 16 28219
21 17 35947
21 18 27029
21 19 42907
21 20 39982
21 22 5276
21 23 1883
21 24 19342
21 25 11336
21 26 5656
21 27 18631
21 28 14969
21 29 22067
21 30 33311
21 31 27214
21 32 40564
21 33 29538
21 34 29396
21 35 41510
21 36 51117
21 37 22313
21 38 31011
21 39 6842
21 40 4520
21 41 10009
21 42 14526
21 43 18543
21 44 28517
21 45 34324
21 46 40352
21 47 41377
21 48 34266
21 49 48851
21 50 22879
21 51 32464
21 52 26954
21 53 11562
21 54 9821
21 55 10209
21 56 4648
21 57 8850
21 58 5701
21 59 18534
21 60 29829
21 61 25740
21 62 36575
21 63 46022
21 64 44202
21 65 40667
21 66 34700
21 67 7202
21 68 14247
21 69 26066
21 70 34549
21 71 40156
21 72 -2143
21 73 -844
21 74 3598
21 75 4234
21 76 18861
21 77 19810
21 78 29674
21 79 23512
21 80 18302
21 81 27106
21 82 32474
21 83 29914
21 84 29614
21 85 19608
21 86 26756
21 87 9410
21 88 33803
21 89 20823
21 90 46401
21 91 27053
21 92 21641
21 93 21819
21 94 15266
21 95 16024
21 96 21581
21 97 16428
21 98 23057
21 99 23977
21 100 20883
21 101 30189
21 102 20889
21 103 35723
21 104 24116
21 105 5722
21 106 32199
21 107 43133
21 108 36823
21 109 11507
21 110 2305
21 111 17065
21 112 14466
21 113 29628
21 114 32547
21 115 4491
21 116 17865
21 117 16420
21 118 22031
21 119 27314
21 120 29326
21 121 20803
21 122 32232
21 123 39410
21 124 43154
21 125 33511
21 126 45115
21 127 27369
21 128 40806
21 129 28836
21 130 8288
21 131 41708
21 132 24011
21 133 4268
21 134 9496
21 135 38964
21 136 46932
21 137 9699
21 138 11877
21 139 8882
21 140 30700
21 141 26998
21 142 22138
21 143 49652
21 144 9038
21 145 5572
21 146 21548
21 147 18512
21 148 34448
21 149 2993
21 150 17144
21 151 11743
22 1 35792
22 2 8478
22 3 32027
22 4 6230
22 5 28970
22 6 27378
22 7 42918
22 8 44673
22 9 42649
22 10 45952
22 11 53466
22 12 21987
22 13 16110
22 14 22852
22 15 6592
22 16 29620
22 17 39437
22 18 34064
22 19 51217
22 20 49982
22 21 6598
22 23 -4965
22 24 26358
22 25 13697
22 26 15656
22 27 27893
22 28 24800
22 29 30214
22 30 43249
22 31 36558
22 32 50395
22 33 39308
22 34 38329
22 35 50915
22 36 58336
22 37 24239
22 38 28602
22 39 4975
22 40 13260
22 41 910
22 42 13149
22 43 13827
22 44 28226
22 45 39381
22 46 46424
22 47 48787
22 48 41813
22 49 56897
22 50 32859
22 51 42420
22 52 35338
22 53 20433
22 54 17293
22 55 14165
22 56 1580
22 57 6739
22 58 13242
22 59 21988
22 60 35402
22 61 28345
22 62 45551
22 63 55505
22 64 53199
22 65 50309
22 66 44676
22 67 3136
22 68 23309
22 69 35761
22 70 44361
22 71 49907
22 72 -290
22 73 3065
22 74 -311
22 75 -1492
22 76 28749
22 77 29414
22 78 38841
22 79 32899
22 80 27209
22 81 36788
22 82 39747
22 83 35669
22 84 33841
22 85 21924
22 86 27480
22 87 11081
22 88 42685
22 89 28017
22 90 56054
22 91 28357
22 92 24496
22 93 24938
22 94 20513
22 95 20041
22 96 26140
22 97 19228
22 98 25269
22 99 27949
22 100 21969
22 101 39959
22 102 30819
22 103 45622
22 104 28088
22 105 15158
22 106 40176
22 107 51762
22 108 46403
22 109 20784
22 110 8752
22 111 26997
22 112 22104
22 113 32037
22 114 38853
22 115 5459
22 116 27509
22 117 20376
22 118 27395
22 119 26697
22 120 38953
22 121 29235
22 122 42207
22 123 47626
22 124 50209
22 125 38665
22 126 54580
22 127 36457
22 128 50798
22 129 38127
22 130 14924
22 131 51599
22 132 33759
22 133 -4782
22 134 16898
22 135 48385
22 136 56415
22 137 14238
22 138 21877
22 139 8882
22 140 28521
22 141 27563
22 142 20138
22 143 57389
22 144 9038
22 145 -90
22 146 30306
22 147 24920
22 148 43381
22 149 12697
22 150 26051
22 151 20641
23 1 42761
23 2 19595
23 3 35626
23 4 7088
23 5 40084
23 6 38145
23 7 52757
23 8 55467
23 9 46659
23 10 54165
23 11 62513
23 12 26906
23 13 26913
23 14 33163
23 15 15781
23 16 40653
23 17 50618
23 18 44510
23 19 60914
23 20 55810
23 21 14626
23 22 6456
23 24 25965
23 25 9364
23 26 22582
23 27 36581
23 28 32433
23 29 31077
23 30 50009
23 31 45059
23 32 57606
23 33 43596
23 34 40075
23 35 53575
23 36 68770
23 37 35392
23 38 38291
23 39 -1556
23 40 22449
23 41 9820
23 42 23834
23 43 22802
23 44 38903
23 45 50447
23 46 57289
23 47 59107
23 48 52043
23 49 66816
23 50 38560
23 51 47593
23 52 44950
23 53 29584
23 54 18904
23 55 11659
23 56 614
23 57 17628
23 58 23204
23 59 33152
23 60 46326
23 61 39509
23 62 54558
23 63 63677
23 64 62154
23 65 53525
23 66 49813
23 67 -7425
23 68 26308
23 69 43601
23 70 51754
23 71 53711
23 72 6986
23 73 12273
23 74 8569
23 75 2870
23 76 33983
23 77 33511
23 78 41278
23 79 36095
23 80 30070
23 81 40666
23 82 50113
23 83 46569
23 84 44987
23 85 33083
23 86 38338
23 87 22260
23 88 51814
23 89 38341
23 90 63843
23 91 39415
23 92 35675
23 93 36117
23 94 31419
23 95 31139
23 96 37200
23 97 30403
23 98 36433
23 99 39084
23 100 33026
23 101 47533
23 102 36021
23 103 50246
23 104 39223
23 105 23697
23 106 50111
23 107 61160
23 108 54398
23 109 24902
23 110 12714
23 111 34127
23 112 32152
23 113 43169
23 114 49613
23 115 16596
23 116 31854
23 117 31459
23 118 38362
23 119 37312
23 120 42514
23 121 30656
23 122 48711
23 123 57399
23 124 60704
23 125 49712
23 126 62793
23 127 45343
23 128 56914
23 129 41070
23 130 15727
23 131 58542
23 132 41470
23 133 4514
23 134 17516
23 135 51146
23 136 59228
23 137 25147
23 138 28500
23 139 4786
23 140 38331
23 141 38443
23 142 30504
23 143 67525
23 144 20153
23 145 10673
23 146 39575
23 147 35549
23 148 52447
23 149 18491
23 150 28912
23 151 29771
24 1 24372
24 2 31257
24 3 9768
24 4 10116
24 5 43163
24 6 39405
24 7 43182
24 8 52148
24 9 18585
24 10 36762
24 11 47134
24 12 11492
24 13 31298
24 14 48754
24 15 36879
24 16 50228
24 17 54924
24 18 40290
24 19 48809
24 20 31038
24 21 21598
24 22 27292
24 23 15478
24 25 6336
24 26 16272
24 27 26684
24 28 21588
24 29 69
24 30 28355
24 31 30299
24 32 35897
24 33 17362
24 34 9085
24 35 23111
24 36 60168
24 37 44747
24 38 55373
24 39 13379
24 40 24375
24 41 32902
24 42 39065
24 43 43542
24 44 51932
24 45 50447
24 46 53366
24 47 50498
24 48 43719
24 49 54606
24 50 17438
24 51 22272
24 52 36581
24 53 26245
24 54 4821
24 55 4127
24 56 19276
24 57 33810
24 58 25248
24 59 39557
24 60 46534
24 61 46627
24 62 40169
24 63 44810
24 64 45088
24 65 23293
24 66 22780
24 67 10642
24 68 2142
24 69 28369
24 70 32671
24 71 24635
24 72 19558
24 73 23653
24 74 25596
24 75 23229
24 76 13964
24 77 9880
24 78 11361
24 79 8313
24 80 7274
24 81 13137
24 82 43533
24 83 45598
24 84 48027
24 85 41234
24 86 49032
24 87 33012
24 88 39131
24 89 35616
24 90 44050
24 91 49534
24 92 43476
24 93 42794
24 94 34830
24 95 37113
24 96 41277
24 97 38782
24 98 45121
24 99 44158
24 100 43789
24 101 29961
24 102 12874
24 103 22950
24 104 44297
24 105 20037
24 106 41681
24 107 47390
24 108 35968
24 109 9895
24 110 16021
24 111 19622
24 112 30159
24 113 50145
24 114 46346
24 115 29312
24 116 10047
24 117 38022
24 118 39202
24 119 51019
24 120 13828
24 121 616
24 122 26939
24 123 46111
24 124 53717
24 125 49541
24 126 44180
24 127 32940
24 128 32596
24 129 12730
24 130 4153
24 131 36104
24 132 26240
24 133 25619
24 134 -6648
24 135 20885
24 136 28789
24 137 32014
24 138 16877
24 139 14897
24 140 54962
24 141 49741
24 142 46744
24 143 56829
24 144 33538
24 145 29979
24 146 31768
24 147 35300
24 148 38858
24 149 12834
24 150 6116
24 151 23715
25 1 34230
25 2 26421
25 3 22552
25 4 2088
25 5 43904
25 6 40325
25 7 49831
25 8 56184
25 9 32890
25 10 46901
25 11 56691
25 12 17705
25 13 30252
25 14 43842
25 15 28860
25 16 48219
25 17 55544
25 18 44257
25 19 56938
25 20 44226
25 21 16598
25 22 17637
25 23 1883
25 24 9342
25 26 18017
25 27 32326
25 28 26916
25 29 15021
25 30 40170
25 31 38976
25 32 48008
25 33 30729
25 34 24085
25 35 38088
25 36 67015
25 37 42313
25 38 50138
25 39 -724
25 40 22944
25 41 23087
25 42 33827
25 43 36050
25 44 48324
25 45 53056
25 46 57981
25 47 57170
25 48 50068
25 49 63063
25 50 28255
25 51 35485
25 52 42166
25 53 28044
25 54 6863
25 55 -4433
25 56 7756
25 57 27542
25 58 24498
25 59 38384
25 60 48524
25 61 45649
25 62 49060
25 63 55828
25 64 55611
25 65 38265
25 66 36911
25 67 -4292
25 68 13317
25 69 36803
25 70 43278
25 71 39341
25 72 11824
25 73 17207
25 74 16775
25 75 12743
25 76 23703
25 77 21400
25 78 26146
25 79 22169
25 80 17289
25 81 27106
25 82 48937
25 83 48318
25 84 48988
25 85 39580
25 86 46740
25 87 29347
25 88 47035
25 89 38401
25 90 55369
25 91 47046
25 92 41600
25 93 41694
25 94 34641
25 95 35828
25 96 41105
25 97 36415
25 98 43049
25 99 43665
25 100 40852
25 101 39725
25 102 24735
25 103 37050
25 104 43804
25 105 21468
25 106 47698
25 107 56264
25 108 46588
25 109 15127
25 110 10258
25 111 26997
25 112 32083
25 113 49525
25 114 50271
25 115 23917
25 116 20427
25 117 36290
25 118 40889
25 119 47026
25 120 28309
25 121 15204
25 122 38677
25 123 53799
25 124 59604
25 125 52192
25 126 55072
25 127 40426
25 128 45657
25 129 26827
25 130 3422
25 131 48495
25 132 34568
25 133 15689
25 134 2481
25 135 35830
25 136 43771
25 137 29607
25 138 21877
25 139 1826
25 140 49933
25 141 46952
25 142 41260
25 143 64592
25 144 28582
25 145 21767
25 146 36605
25 147 36949
25 148 47288
25 149 13237
25 150 16131
25 151 27256
26 1 16003
26 2 12672
26 3 13654
26 4 6230
26 5 22914
26 6 19094
26 7 27764
26 8 33905
26 9 23282
26 10 27291
26 11 36063
26 12 3563
26 13 10708
26 14 28908
26 15 19936
26 16 29620
26 17 34716
26 18 21939
26 19 35333
26 20 29982
26 21 6598
26 22 15276
26 23 10781
26 24 14958
26 25 13697
26 27 10412
26 28 5567
26 29 15470
26 30 23414
26 31 18363
26 32 30816
26 33 19962
26 34 21101
26 35 32401
26 36 44820
26 37 24239
26 38 35461
26 39 13273
26 40 4520
26 41 19862
26 42 19713
26 43 25568
26 44 31569
26 45 31183
26 46 35654
26 47 34975
26 48 27844
26 49 41456
26 50 12922
26 51 22538
26 52 19952
26 53 6023
26 54 6863
26 55 11274
26 56 13032
26 57 15790
26 58 4733
26 59 18942
26 60 26808
26 61 26039
26 62 28158
26 63 36773
26 64 35547
26 65 31166
26 66 24735
26 67 13877
26 68 6506
26 69 16694
26 70 24874
26 71 30529
26 72 7527
26 73 9032
26 74 13556
26 75 13801
26 76 9149
26 77 10722
26 78 21100
26 79 14682
26 80 11092
26 81 17666
26 82 26595
26 83 26339
26 84 27894
26 85 20622
26 86 28427
26 87 13102
26 88 25656
26 89 16263
26 90 36920
26 91 28989
26 92 22906
26 93 22183
26 94 14253
26 95 16509
26 96 20734
26 97 18335
26 98 24552
26 99 23585
26 100 23356
26 101 20613
26 102 11030
26 103 25883
26 104 23724
26 105 -458
26 106 25485
26 107 35098
26 108 27479
26 109 4358
26 110 7039
26 111 7254
26 112 10169
26 113 29628
26 114 28000
26 115 11285
26 116 8767
26 117 17485
26 118 19320
26 119 30792
26 120 19939
26 121 13809
26 122 22277
26 123 32022
26 124 37282
26 125 30296
26 126 35899
26 127 19035
26 128 30817
26 129 20169
26 130 6865
26 131 31871
26 132 14549
26 133 14243
26 134 5159
26 135 29846
26 136 37683
26 137 11810
26 138 1877
26 139 14534
26 140 34969
26 141 29206
26 142 27379
26 143 42686
26 144 14440
26 145 14791
26 146 14337
26 147 15288
26 148 26153
26 149 -1945
26 150 9934
26 151 4895
27 1 7404
27 2 19271
27 3 16242
27 4 20372
27 5 15275
27 6 13236
27 7 13776
27 8 21748
27 9 19943
27 10 14366
27 11 22206
27 12 12303
27 13 10708
27 14 28908
27 15 26136
27 16 25235
27 17 26339
27 18 10013
27 19 21191
27 20 21908
27 21 18959
27 22 26899
27 23 24166
27 24 24756
27 25 27392
27 26 9798
27 28 4213
27 29 22067
27 30 13616
27 31 4935
27 32 19554
27 33 18186
27 34 22626
27 35 30581
27 36 30977
27 37 22313
27 38 34389
27 39 27379
27 40 13260
27 41 30401
27 42 22137
27 43 29637
27 44 29376
27 45 20440
27 46 22995
27 47 21138
27 48 14071
27 49 27315
27 50 9697
27 51 17058
27 52 6292
27 53 7181
27 54 19418
27 55 24718
27 56 26621
27 57 21746
27 58 8920
27 59 15463
27 60 17498
27 61 20516
27 62 14253
27 63 23903
27 64 21848
27 65 26990
27 66 17396
27 67 27999
27 68 13317
27 69 5186
27 70 13796
27 71 26288
27 72 20218
27 73 20692
27 74 25682
27 75 26587
27 76 10642
27 77 13706
27 78 22533
27 79 16458
27 80 19267
27 81 16079
27 82 13303
27 83 15772
27 84 19511
27 85 16712
27 86 23720
27 87 15380
27 88 11587
27 89 6912
27 90 24655
27 91 26036
27 92 20758
27 93 17869
27 94 10829
27 95 14496
27 96 15924
27 97 17874
27 98 21877
27 99 18785
27 100 21612
27 101 9370
27 102 8257
27 103 20581
27 104 18924
27 105 5722
27 106 11726
27 107 21026
27 108 14912
27 109 15127
27 110 21061
27 111 2923
27 112 4971
27 113 22858
27 114 15973
27 115 18663
27 116 12758
27 117 16960
27 118 10473
27 119 29385
27 120 17901
27 121 20074
27 122 13496
27 123 17894
27 124 23783
27 125 19534
27 126 22971
27 127 5038
27 128 21923
27 129 22317
27 130 19943
27 131 21128
27 132 3793
27 133 26171
27 134 15806
27 135 28193
27 136 35041
27 137 14794
27 138 8057
27 139 28671
27 140 33664
27 141 25841
27 142 29244
27 143 28607
27 144 18722
27 145 24175
27 146 1688
27 147 7994
27 148 12165
27 149 12141
27 150 18109
27 151 -1285
28 1 8587
28 2 17152
28 3 11751
28 4 14111
28 5 19840
28 6 16558
28 7 20446
28 8 28144
28 9 18585
28 10 19245
28 11 28051
28 12 5712
28 13 11176
28 14 30335
28 15 24619
28 16 28574
28 17 31390
28 18 16226
28 19 27620
28 20 23266
28 21 14062
28 22 22571
28 23 18783
28 24 18425
28 25 20747
28 26 3718
28 27 2978
28 29 16535
28 30 16022
28 31 10314
28 32 23112
28 33 15762
28 34 19085
28 35 28653
28 36 37666
28 37 24332
28 38 36457
28 39 21243
28 40 9491
28 41 26684
28 42 22286
28 43 29211
28 44 31794
28 45 26385
28 46 29561
28 47 27832
28 48 20776
28 49 33759
28 50 7467
28 51 16726
28 52 12980
28 53 5172
28 54 12710
28 55 18038
28 56 21065
28 57 20157
28 58 6967
28 59 18057
28 60 22711
28 61 24278
28 62 20177
28 63 28748
28 64 27496
28 65 26363
28 66 18427
28 67 21806
28 68 7426
28 69 8676
28 70 17087
28 71 25565
28 72 15225
28 73 16218
28 74 21042
28 75 21588
28 76 5934
28 77 8874
28 78 18897
28 79 12465
28 80 13054
28 81 13689
28 82 19970
28 83 21559
28 84 24473
28 85 19694
28 86 27300
28 87 15315
28 88 17800
28 89 11749
28 90 28983
28 91 28659
28 92 22761
28 93 20944
28 94 13046
28 95 16244
28 96 19010
28 97 19030
28 98 24241
28 99 21974
28 100 23642
28 101 12728
28 102 6036
28 103 20325
28 104 22113
28 105 1613
28 106 18435
28 107 27204
28 108 19477
28 109 8447
28 110 15090
28 111 -25
28 112 7207
28 113 27264
28 114 22314
28 115 16229
28 116 7434
28 117 17971
28 118 15491
28 119 31435
28 120 15877
28 121 14587
28 122 15136
28 123 24415
28 124 30485
28 125 25478
28 126 27866
28 127 11160
28 128 23830
28 129 18213
28 130 13246
28 131 24308
28 132 6572
28 133 21677
28 134 9276
28 135 26147
28 136 33563
28 137 14039
28 138 1349
28 139 22441
28 140 35829
28 141 28762
28 142 29739
28 143 35188
28 144 17824
28 145 20984
28 146 7746
28 147 11951
28 148 18220
28 149 5851
28 150 11896
28 151 40
29 1 20629
29 2 34559
29 3 5113
29 4 15858
29 5 43362
29 6 39898
29 7 40469
29 8 50578
29 9 11784
29 10 32221
29 11 42700
29 12 12144
29 13 32910
29 14 51375
29 15 41030
29 16 51529
29 17 54924
29 18 39058
29 19 45109
29 20 24815
29 21 25667
29 22 32492
29 23 21934
29 24 1413
29 25 13359
29 26 18128
29 27 25339
29 28 21042
29 30 23000
29 31 26768
29 32 30177
29 33 11419
29 34 2123
29 35 16066
29 36 56949
29 37 46506
29 38 57933
29 39 20107
29 40 26860
29 41 38007
29 42 42054
29 43 47326
29 44 53934
29 45 49509
29 46 51329
29 47 47476
29 48 40982
29 49 50565
29 50 13525
29 51 16186
29 52 34762
29 53 27116
29 54 9586
29 55 10987
29 56 25287
29 57 37449
29 58 27133
29 59 40818
29 60 46200
29 61 47525
29 62 36239
29 63 39624
29 64 40005
29 65 16243
29 66 15987
29 67 17696
29 68 837
29 69 25365
29 70 28085
29 71 17605
29 72 24449
29 73 28010
29 74 30659
29 75 28823
29 76 11500
29 77 6503
29 78 4337
29 79 2269
29 80 7488
29 81 6666
29 82 41367
29 83 44808
29 84 48008
29 85 42539
29 86 50329
29 87 35560
29 88 35881
29 89 35255
29 90 38760
29 91 51165
29 92 45073
29 93 43920
29 94 35871
29 95 38581
29 96 42137
29 97 40697
29 98 46697
29 99 45086
29 100 45693
29 101 25996
29 102 8167
29 103 16230
29 104 45225
29 105 21375
29 106 39364
29 107 43298
29 108 31139
29 109 11742
29 110 20920
29 111 17875
29 112 30509
29 113 50717
29 114 44886
29 115 32852
29 116 7771
29 117 39765
29 118 39014
29 119 53226
29 120 6940
29 121 -5000
29 122 21738
29 123 42688
29 124 51122
29 125 48603
29 126 39073
29 127 30129
29 128 26413
29 129 6450
29 130 9678
29 131 30243
29 132 23391
29 133 30933
29 134 -1633
29 135 13820
29 136 21749
29 137 34282
29 138 17125
29 139 21475
29 140 57437
29 141 51376
29 142 49738
29 143 53156
29 144 36644
29 145 34518
29 146 30666
29 147 35450
29 148 35247
29 149 15709
29 150 6330
29 151 23548
30 1 7632
30 2 39561
30 3 16839
30 4 34808
30 5 31965
30 6 32635
30 7 18109
30 8 31051
30 9 6659
30 10 3750
30 11 13667
30 12 23418
30 13 31298
30 14 48754
30 15 46683
30 16 43219
30 17 40814
30 18 23297
30 19 17907
30 20 2053
30 21 36909
30 22 45525
30 23 40864
30 24 29697
30 25 38506
30 26 26070
30 27 16886
30 28 20527
30 29 22998
30 31 4328
30 32 850
30 33 11817
30 34 14580
30 35 16581
30 36 30389
30 37 42034
30 38 53483
30 39 41842
30 40 32449
30 41 49705
30 42 42650
30 43 50221
30 44 48370
30 45 31868
30 46 28889
30 47 22002
30 48 17171
30 49 21932
30 50 10570
30 51 3474
30 52 19149
30 53 27116
30 54 30176
30 55 35527
30 56 43063
30 57 42248
30 58 29118
30 59 34909
30 60 33237
30 61 38105
30 62 9283
30 63 9631
30 64 10021
30 65 8989
30 66 -2640
30 67 41845
30 68 18694
30 69 11248
30 70 2671
30 71 9467
30 72 37938
30 73 39180
30 74 43908
30 75 44205
30 76 16625
30 77 16859
30 78 16369
30 79 13858
30 80 26072
30 81 7821
30 82 20291
30 83 29272
30 84 34891
30 85 35483
30 86 41024
30 87 35974
30 88 12712
30 89 25269
30 90 8762
30 91 45057
30 92 40602
30 93 36714
30 94 30865
30 95 34628
30 96 35129
30 97 38188
30 98 41332
30 99 37713
30 100 41222
30 101 5748
30 102 5827
30 103 3819
30 104 37852
30 105 24542
30 106 19096
30 107 15015
30 108 1771
30 109 26289
30 110 36744
30 111 14957
30 112 25438
30 113 38814
30 114 26173
30 115 38823
30 116 18201
30 117 37389
30 118 26628
30 119 48760
30 120 6593
30 121 21425
30 122 -1283
30 123 16586
30 124 27221
30 125 31124
30 126 9115
30 127 11224
30 128 1379
30 129 19598
30 130 31113
30 131 1546
30 132 11227
30 133 44577
30 134 23085
30 135 14929
30 136 19428
30 137 35379
30 138 22372
30 139 42863
30 140 52672
30 141 44301
30 142 49626
30 143 25416
30 144 39325
30 145 43920
30 146 20998
30 147 26953
30 148 9948
30 149 27434
30 150 24914
30 151 19210
31 1 7027
31 2 31499
31 3 20626
31 4 32088
31 5 20117
31 6 21898
31 7 6928
31 8 19416
31 9 16957
31 10 1812
31 11 10080
31 12 21987
31 13 21916
31 14 37796
31 15 37792
31 16 31494
31 17 28775
31 18 11292
31 19 10796
31 20 14087
31 21 31526
31 22 39548
31 23 36628
31 24 32355
31 25 38026
31 26 21733
31 27 8919
31 28 15533
31 29 27480
31 30 5042
31 32 8018
31 33 18553
31 34 23217
31 35 27584
31 36 22472
31 37 31151
31 38 42003
31 39 39248
31 40 25909
31 41 42992
31 42 32662
31 43 40389
31 44 36934
31 45 20024
31 46 18314
31 47 13098
31 48 7011
31 49 16686
31 50 12568
31 51 13228
31 52 7597
31 53 19801
31 54 29534
31 55 35147
31 56 38985
31 57 33598
31 58 21360
31 59 23935
31 60 21328
31 61 26336
31 62 2378
31 63 11284
31 64 9471
31 65 21011
31 66 9208
31 67 39778
31 68 20471
31 69 5716
31 70 4882
31 71 21208
31 72 32780
31 73 33330
31 74 38312
31 75 39162
31 76 17091
31 77 19228
31 78 23897
31 79 19355
31 80 27209
31 81 15749
31 82 8876
31 83 17231
31 84 22879
31 85 24080
31 86 29124
31 87 26425
31 88 1587
31 89 14336
31 90 12360
31 91 33710
31 92 29875
31 93 25395
31 94 20513
31 95 24264
31 96 24110
31 97 27978
31 98 30280
31 99 26498
31 100 30210
31 101 3204
31 102 9862
31 103 15357
31 104 26637
31 105 18312
31 106 7254
31 107 9624
31 108 2551
31 109 25062
31 110 33114
31 111 11408
31 112 16027
31 113 26800
31 114 14357
31 115 30988
31 116 19436
31 117 27447
31 118 14761
31 119 37510
31 120 16159
31 121 25573
31 122 7194
31 123 8210
31 124 17236
31 125 19248
31 126 10343
31 127 -273
31 128 12972
31 129 25260
31 130 30320
31 131 10087
31 132 6305
31 133 38816
31 134 24391
31 135 25619
31 136 30965
31 137 26563
31 138 18900
31 139 40416
31 140 41160
31 141 32687
31 142 39312
31 143 18824
31 144 30241
31 145 36665
31 146 11564
31 147 16069
31 148 845
31 149 23860
31 150 26051
31 151 11179
32 1 17468
32 2 48271
32 3 26867
32 4 45012
32 5 36743
32 6 39356
32 7 19955
32 8 32638
32 9 13591
32 10 4046
32 11 8575
32 12 33654
32 13 39180
32 14 55150
32 15 54976
32 16 48228
32 17 43920
32 18 27663
32 19 14839
32 20 5752
32 21 46608
32 22 55117
32 23 50907
32 24 39685
32 25 48790
32 26 35918
32 27 25270
32 28 30063
32 29 32621
32 30 3296
32 31 9750
32 33 21312
32 34 22191
32 35 21328
32 36 26594
32 37 48558
32 38 58973
32 39 52083
32 40 41732
32 41 59061
32 42 50106
32 43 57822
32 44 54000
32 45 33821
32 46 28154
32 47 19720
32 48 16814
32 49 16021
32 50 20865
32 51 12058
32 52 24951
32 53 36014
32 54 40472
32 55 45813
32 56 53109
32 57 50665
32 58 37896
32 59 41330
32 60 37881
32 61 43035
32 62 8714
32 63 1820
32 64 1330
32 65 9346
32 66 -3891
32 67 52129
32 68 28913
32 69 19997
32 70 10824
32 71 12702
32 72 47727
32 73 48767
32 74 53597
32 75 54051
32 76 26914
32 77 27081
32 78 24961
32 79 23463
32 80 36329
32 81 16666
32 82 21845
32 83 32834
32 84 38823
32 85 41234
32 86 45389
32 87 43771
32 88 15822
32 89 31787
32 90 1832
32 91 50888
32 92 47319
32 93 42628
32 94 37971
32 95 41726
32 96 41505
32 97 45434
32 98 47634
32 99 43808
32 100 47568
32 101 14321
32 102 16027
32 103 8890
32 104 43947
32 105 33861
32 106 22151
32 107 10794
32 108 613
32 109 36554
32 110 46818
32 111 24714
32 112 33243
32 113 42571
32 114 28354
32 115 47651
32 116 28486
32 117 44862
32 118 31409
32 119 54723
32 120 14073
32 121 31184
32 122 9003
32 123 14871
32 124 26142
32 125 33236
32 126 1913
32 127 17191
32 128 2009
32 129 29110
32 130 41408
32 131 -5941
32 132 20280
32 133 54235
32 134 33287
32 135 20384
32 136 22730
32 137 43642
32 138 32317
32 139 53109
32 140 58099
32 141 49567
32 142 56776
32 143 20602
32 144 47458
32 145 53045
32 146 28676
32 147 33516
32 148 11342
32 149 37461
32 150 35171
32 151 27715
33 1 8956
33 2 35628
33 3 2906
33 4 24150
33 5 36823
33 6 34703
33 7 28809
33 8 40501
33 9 -95
33 10 18102
33 11 28519
33 12 13755
33 13 30365
33 14 49491
33 15 43107
33 16 46819
33 17 47518
33 18 30127
33 19 31740
33 20 10246
33 21 29583
33 22 38031
33 23 30898
33 24 15151
33 25 25512
33 26 19065
33 27 17903
33 28 16714
33 29 7864
33 30 8264
33 31 14286
33 32 15313
33 34 1454
33 35 9445
33 36 44013
33 37 43280
33 38 55470
33 39 30450
33 40 27416
33 41 42992
33 42 41460
33 43 48194
33 44 50631
33 45 40412
33 46 40196
33 47 34930
33 48 29011
33 49 36653
33 50 3615
33 51 1465
33 52 25262
33 53 24362
33 54 18166
33 55 22637
33 56 33334
33 57 38763
33 58 25948
33 59 36724
33 60 38773
33 61 42147
33 62 22772
33 63 24884
33 64 25275
33 65 7757
33 66 2927
33 67 29616
33 68 5635
33 69 14669
33 70 14163
33 71 7171
33 72 29882
33 73 32133
33 74 36150
33 75 35580
33 76 7270
33 77 4458
33 78 1897
33 79 -1294
33 80 13351
33 81 -5506
33 82 30441
33 83 36344
33 84 40836
33 85 38173
33 86 45348
33 87 34495
33 88 23587
33 89 28522
33 90 23987
33 91 47365
33 92 41693
33 93 39346
33 94 31815
33 95 35226
33 96 37364
33 97 38176
33 98 43049
33 99 40279
33 100 42604
33 101 13204
33 102 -3386
33 103 3212
33 104 40418
33 105 20096
33 106 28462
33 107 29463
33 108 16717
33 109 15768
33 110 27286
33 111 11408
33 112 25759
33 113 44390
33 114 35088
33 115 34454
33 116 6774
33 117 37121
33 118 31866
33 119 50423
33 120 -3313
33 121 6454
33 122 7194
33 123 29735
33 124 39236
33 125 39546
33 126 24380
33 127 18949
33 128 11791
33 129 4368
33 130 19018
33 131 15404
33 132 13240
33 133 36797
33 134 9496
33 135 6938
33 136 14453
33 137 33166
33 138 15665
33 139 31499
33 140 54804
33 141 47314
33 142 48940
33 143 39665
33 144 36793
33 145 38182
33 146 23224
33 147 29597
33 148 22297
33 149 18964
33 150 12193
33 151 18474
34 1 21326
34 2 44686
34 3 9768
34 4 28489
34 5 48816
34 6 46264
34 7 41025
34 8 52863
34 9 2839
34 10 29105
34 11 39149
34 12 21492
34 13 40995
34 14 60120
34 15 51814
34 16 58411
34 17 59716
34 18 42447
34 19 43156
34 20 17343
34 21 36909
34 22 44520
34 23 34845
34 24 14342
34 25 26336
34 26 27672
34 27 29811
34 28 27505
34 29 6036
34 30 18495
34 31 26418
34 32 23660
34 33 8922
34 35 3242
34 36 55587
34 37 54322
34 38 66393
34 39 33132
34 40 36500
34 41 49893
34 42 51468
34 43 57583
34 44 61793
34 45 52771
34 46 52427
34 47 46762
34 48 41097
34 49 47419
34 50 15503
34 51 10533
34 52 37598
34 53 34839
34 54 22024
34 55 24023
34 56 37977
34 57 47789
34 58 35896
34 59 48027
34 60 50917
34 61 53898
34 62 34268
34 63 34317
34 64 34415
34 65 3390
34 66 5632
34 67 30615
34 68 10651
34 69 27026
34 70 25689
34 71 5943
34 72 36338
34 73 39411
34 74 42625
34 75 41204
34 76 17116
34 77 12429
34 78 -1103
34 79 3679
34 80 18179
34 81 1716
34 82 42749
34 83 48642
34 84 52972
34 85 49615
34 86 57051
34 87 44619
34 88 35702
34 89 40445
34 90 33416
34 91 58648
34 92 52757
34 93 50827
34 94 43028
34 95 46234
34 96 48852
34 97 48901
34 98 54239
34 99 51802
34 100 53625
34 101 25364
34 102 8702
34 103 6981
34 104 51941
34 105 29897
34 106 40795
34 107 40482
34 108 27264
34 109 22296
34 110 32992
34 111 22778
34 112 37076
34 113 56399
34 114 47457
34 115 43242
34 116 14834
34 117 47851
34 118 43962
34 119 61400
34 120 -1980
34 121 6342
34 122 18198
34 123 41440
34 124 51315
34 125 51903
34 126 34013
34 127 31297
34 128 18823
34 129 7864
34 130 22385
34 131 23364
34 132 25545
34 133 43065
34 134 11241
34 135 1269
34 136 8872
34 137 43215
34 138 25161
34 139 34463
34 140 65787
34 141 58721
34 142 59074
34 143 50859
34 144 46378
34 145 45881
34 146 35200
34 147 41329
34 148 34137
34 149 26355
34 150 17021
34 151 29771
35 1 23790
35 2 51841
35 3 17167
35 4 37794
35 5 52319
35 6 50756
35 7 41289
35 8 53954
35 9 1093
35 10 27127
35 11 36051
35 12 29188
35 13 46753
35 14 65852
35 15 59257
35 16 62746
35 17 62458
35 18 44752
35 19 41167
35 20 12982
35 21 45064
35 22 53147
35 23 44386
35 24 24409
35 25 36380
35 26 35013
35 27 33807
35 28 33114
35 29 16020
35 30 16537
35 31 26826
35 32 18838
35 33 12954
35 34 -717
35 36 53594
35 37 59554
35 38 71742
35 39 42927
35 40 43590
35 41 58352
35 42 57857
35 43 64523
35 44 66827
35 45 54442
35 46 52364
35 47 45484
35 48 40673
35 49 44083
35 50 19888
35 51 9906
35 52 39938
35 53 40763
35 54 31318
35 55 33961
35 56 47269
35 57 54986
35 58 42318
35 59 52897
35 60 53995
35 61 57935
35 62 32781
35 63 30042
35 64 29266
35 65 -6772
35 66 -2326
35 67 40708
35 68 19219
35 69 29529
35 70 25185
35 71 -2613
35 72 44931
35 73 47618
35 74 51235
35 75 50170
35 76 23426
35 77 19624
35 78 7050
35 79 11077
35 80 26916
35 81 5267
35 82 43377
35 83 50995
35 84 56008
35 85 54241
35 86 61139
35 87 50893
35 88 35804
35 89 44250
35 90 29422
35 91 63519
35 92 57968
35 93 55401
35 94 48056
35 95 51530
35 96 53441
35 97 54541
35 98 59263
35 99 56319
35 100 58878
35 101 26273
35 102 12874
35 103 2215
35 104 56458
35 105 36423
35 106 41769
35 107 37863
35 108 24691
35 109 30580
35 110 41829
35 111 27742
35 112 41994
35 113 59773
35 114 48832
35 115 50588
35 116 22130
35 117 53489
35 118 47196
35 119 66696
35 120 -1304
35 121 16022
35 122 17583
35 123 40075
35 124 50751
35 125 53632
35 126 29976
35 127 32725
35 128 13863
35 129 15685
35 130 31851
35 131 18365
35 132 28486
35 133 51785
35 134 20942
35 135 -5039
35 136 -1270
35 137 49555
35 138 31863
35 139 44176
35 140 71056
35 141 63375
35 142 65341
35 143 48197
35 144 53135
35 145 53918
35 146 38986
35 147 45517
35 148 33431
35 149 34374
35 150 25758
35 151 34752
36 1 37109
36 2 50474
36 3 50708
36 4 58488
36 5 25610
36 6 36896
36 7 16339
36 8 15357
36 9 44659
36 10 21750
36 11 11733
36 12 50612
36 13 39719
36 14 44514
36 15 52498
36 16 34011
36 17 24866
36 18 21920
36 19 5907
36 20 38272
36 21 55326
36 22 61223
36 23 60236
36 24 62121
36 25 65962
36 26 48087
36 27 34858
36 28 42782
36 29 57558
36 30 31000
36 31 22369
36 32 24759
36 33 48177
36 34 52283
36 35 54249
36 37 41176
36 38 43373
36 39 65128
36 40 49111
36 41 63067
36 42 44856
36 43 51485
36 44 40864
36 45 13732
36 46 1039
36 47 -3036
36 48 2612
36 49 -4052
36 50 42645
36 51 41297
36 52 27980
36 53 43414
36 54 57956
36 55 63305
36 56 63370
36 57 50190
36 58 42967
36 59 34909
36 60 28541
36 61 29861
36 62 15249
36 63 20391
36 64 1190
36 65 43548
36 66 30314
36 67 65722
36 68 50233
36 69 35242
36 70 32899
36 71 46258
36 72 56321
36 73 56102
36 74 60909
36 75 62282
36 76 46829
36 77 49217
36 78 53437
36 79 49343
36 80 56748
36 81 45005
36 82 10498
36 83 20501
36 84 24243
36 85 31036
36 86 27755
36 87 41689
36 88 21885
36 89 31271
36 90 27193
36 91 40048
36 92 41496
36 93 33919
36 94 35822
36 95 38348
36 96 36127
36 97 41680
36 98 39582
36 99 36738
36 100 38753
36 101 33107
36 102 39884
36 103 41330
36 104 36877
36 105 42957
36 106 19096
36 107 7117
36 108 21620
36 109 53566
36 110 58848
36 111 40135
36 112 36338
36 113 24445
36 114 13477
36 115 50248
36 116 49217
36 117 42826
36 118 22047
36 119 42827
36 120 44512
36 121 55642
36 122 35223
36 123 6717
36 124 4236
36 125 14024
36 126 20100
36 127 26067
36 128 35356
36 129 55236
36 130 58523
36 131 28198
36 132 35711
36 133 60821
36 134 53765
36 135 52800
36 136 56390
36 137 44961
36 138 46616
36 139 66638
36 140 42404
36 141 35608
36 142 49626
36 143 -4812
36 144 46227
36 145 56111
36 146 35146
36 147 31423
36 148 17674
36 149 50485
36 150 55590
36 151 35115
37 1 32392
37 2 11568
37 3 38638
37 4 27088
37 5 4094
37 6 10274
37 7 25748
37 8 21649
37 9 44810
37 10 34981
37 11 38051
37 12 30033
37 13 6077
37 14 4032
37 15 8809
37 16 3219
37 17 12744
37 18 15013
37 19 33218
37 20 46460
37 21 21598
37 22 22202
37 23 21934
37 24 41776
37 25 36336
37 26 22582
37 27 21270
37 28 24524
37 29 42191
37 30 37721
37 31 26124
37 32 41799
37 33 42520
37 34 46094
37 35 55285
37 36 36252
37 38 9504
37 39 30634
37 40 18065
37 41 22221
37 42 998
37 43 8003
37 44 4809
37 45 14175
37 46 22326
37 47 27700
37 48 21768
37 49 37004
37 50 33989
37 51 42056
37 52 21790
37 53 18209
37 54 32900
37 55 35066
37 56 27290
37 57 8008
37 58 11972
37 59 -1674
37 60 12842
37 61 1442
37 62 31368
37 63 43317
37 64 37008
37 65 51989
37 66 41964
37 67 29911
37 68 32999
37 69 29812
37 70 37483
37 71 51284
37 72 20680
37 73 20181
37 74 23453
37 75 24749
37 76 32901
37 77 35682
37 78 45907
37 79 39449
37 80 37866
37 81 40461
37 82 19572
37 83 12587
37 84 8092
37 85 -4989
37 86 1832
37 87 539
37 88 29145
37 89 12771
37 90 45630
37 91 2135
37 92 1382
37 93 -1004
37 94 4238
37 95 2031
37 96 4819
37 97 1502
37 98 -1548
37 99 4267
37 100 -3363
37 101 33439
37 102 32626
37 103 45576
37 104 4406
37 105 16903
37 106 23093
37 107 34925
37 108 35968
37 109 31282
37 110 27238
37 111 26266
37 112 12306
37 113 5128
37 114 16295
37 115 11134
37 116 34004
37 117 5788
37 118 4502
37 119 4456
37 120 42514
37 121 40413
37 122 38157
37 123 29615
37 124 28412
37 125 13667
37 126 42359
37 127 25336
37 128 46089
37 129 45167
37 130 32162
37 131 43924
37 132 28708
37 133 22075
37 134 31892
37 135 52833
37 136 59922
37 137 8712
37 138 26032
37 139 33335
37 140 8839
37 141 2310
37 142 6188
37 143 36675
37 144 4407
37 145 15381
37 146 20998
37 147 8188
37 148 29492
37 149 23569
37 150 36708
37 151 14928
38 1 53438
38 2 28582
38 3 59657
38 4 44290
38 5 19840
38 6 31110
38 7 43182
38 8 34897
38 9 65989
38 10 54165
38 11 54898
38 12 50575
38 13 26913
38 14 4032
38 15 15781
38 16 9030
38 17 19716
38 18 33092
38 19 48809
38 20 67093
38 21 39318
38 22 35587
38 23 33855
38 24 61424
38 25 53183
38 26 42826
38 27 42368
38 28 45671
38 29 62640
38 30 58192
38 31 45998
38 32 61236
38 33 63732
38 34 67187
38 35 76495
38 36 47471
38 37 18526
38 39 45286
38 40 37760
38 41 33721
38 42 12302
38 43 8851
38 44 4809
38 45 24386
38 46 32144
38 47 40841
38 48 36687
38 49 50012
38 50 55202
38 51 63138
38 52 41657
38 53 39192
38 54 52092
38 55 52690
38 56 41842
38 57 21479
38 58 32327
38 59 19042
38 60 29909
38 61 12746
38 62 49461
38 63 61496
38 64 52480
38 65 73017
38 66 62543
38 67 42575
38 68 53587
38 69 50708
38 70 57879
38 71 72367
38 72 36802
38 73 36798
38 74 38300
38 75 38792
38 76 53989
38 77 56679
38 78 67007
38 79 60525
38 80 58262
38 81 61673
38 82 35287
38 83 27801
38 84 20562
38 85 10787
38 86 -1255
38 87 18713
38 88 48065
38 89 33236
38 90 64591
38 91 14241
38 92 22596
38 93 17546
38 94 25432
38 95 23214
38 96 25342
38 97 22015
38 98 18298
38 99 24074
38 100 12194
38 101 54063
38 102 53839
38 103 66602
38 104 24213
38 105 37554
38 106 41018
38 107 51048
38 108 55201
38 109 51450
38 110 44925
38 111 47476
38 112 33510
38 113 9317
38 114 30542
38 115 27536
38 116 54932
38 117 26597
38 118 21623
38 119 5871
38 120 63726
38 121 60956
38 122 58931
38 123 45550
38 124 41332
38 125 24524
38 126 60582
38 127 45343
38 128 66482
38 129 66215
38 130 50908
38 131 63613
38 132 49716
38 133 35522
38 134 51490
38 135 74045
38 136 81101
38 137 28452
38 138 46877
38 139 48934
38 140 -10679
38 141 4870
38 142 12901
38 143 49188
38 144 20153
38 145 28276
38 146 41943
38 147 28789
38 148 47989
38 149 43214
38 150 57104
38 151 36141
39 1 38180
39 2 21766
39 3 29003
39 4 1522
39 5 41380
39 6 38451
39 7 50920
39 8 55399
39 9 39919
39 10 50354
39 11 59451
39 12 21572
39 13 27593
39 14 37896
39 15 21587
39 16 43855
39 17 52587
39 18 43839
39 19 58702
39 20 50064
39 21 13598
39 22 10409
39 23 -7543
39 24 17879
39 25 770
39 26 19087
39 27 33807
39 28 28906
39 29 23263
39 30 45000
39 31 41692
39 32 52795
39 33 37161
39 34 32375
39 35 46129
39 36 67675
39 37 38105
39 38 43735
39 40 21303
39 41 15349
39 42 28054
39 43 28819
39 44 43033
39 45 51304
39 46 57303
39 47 57871
39 48 50728
39 49 64799
39 50 33141
39 51 41551
39 52 43025
39 53 27794
39 54 12084
39 55 3363
39 56 334
39 57 21586
39 58 22669
39 59 35007
39 60 46825
39 61 41975
39 62 51570
39 63 59683
39 64 58846
39 65 46217
39 66 43533
39 67 -9526
39 68 19588
39 69 39787
39 70 47320
39 71 46759
39 72 6986
39 73 12757
39 74 10563
39 75 5430
39 76 28453
39 77 27238
39 78 33909
39 79 29174
39 80 23372
39 81 33963
39 82 49122
39 83 46914
39 84 46434
39 85 35661
39 86 42028
39 87 24851
39 88 49085
39 89 37665
39 90 59537
39 91 42577
39 92 37848
39 93 38205
39 94 32180
39 95 32628
39 96 38392
39 97 32542
39 98 39014
39 99 40646
39 100 36235
39 101 43345
39 102 30215
39 103 43782
39 104 40785
39 105 21449
39 106 48476
39 107 58528
39 108 50352
39 109 19214
39 110 8950
39 111 29984
39 112 31255
39 113 45832
39 114 49490
39 115 18973
39 116 25812
39 117 32957
39 118 39014
39 119 41568
39 120 35574
39 121 23067
39 122 43577
39 123 55335
39 124 59841
39 125 50497
39 126 58851
39 127 42465
39 128 51330
39 129 34021
39 130 8656
39 131 53524
39 132 37582
39 133 8360
39 134 9904
39 135 43764
39 136 51809
39 137 26278
39 138 24336
39 139 -2822
39 140 43647
39 141 42119
39 142 35189
39 143 65878
39 144 23377
39 145 15005
39 146 37423
39 147 35499
39 148 49581
39 149 14449
39 150 22214
39 151 27686
40 1 20608
40 2 5705
40 3 20626
40 4 7899
40 5 18409
40 6 14905
40 7 27764
40 8 31555
40 9 29738
40 10 30151
40 11 37772
40 12 10634
40 13 4897
40 14 22007
40 15 13142
40 16 23633
40 17 30071
40 18 20013
40 19 35919
40 20 35293
40 21 3669
40 22 11087
40 23 8855
40 24 21268
40 25 16831
40 26 2727
40 27 12081
40 28 9547
40 29 22409
40 30 28000
40 31 20746
40 32 34837
40 33 26520
40 34 28136
40 35 39185
40 36 44051
40 37 17929
40 38 28602
40 39 13696
40 41 14778
40 42 12670
40 43 18543
40 44 25008
40 45 27772
40 46 33457
40 47 34306
40 48 27195
40 49 41822
40 50 18892
40 51 28459
40 52 19952
40 53 4669
40 54 12285
40 55 15048
40 56 11719
40 57 8850
40 58 -993
40 59 13229
40 60 23222
40 61 20516
40 62 29832
40 63 39700
40 64 37486
40 65 37648
40 66 30385
40 67 14176
40 68 13553
40 69 20110
40 70 28816
40 71 36918
40 72 4787
40 73 4938
40 74 9943
40 75 11028
40 76 15735
40 77 17662
40 78 28102
40 79 21650
40 80 18054
40 81 24316
40 82 25415
40 83 23195
40 84 23493
40 85 14726
40 86 22381
40 87 6185
40 88 27001
40 89 13821
40 90 40313
40 91 22746
40 92 16802
40 93 16547
40 94 9160
40 95 10661
40 96 15650
40 97 11927
40 98 18416
40 99 18292
40 100 16896
40 101 24370
40 102 17246
40 103 31974
40 104 18431
40 105 -458
40 106 25143
40 107 36238
40 108 30630
40 109 11164
40 110 7927
40 111 11977
40 112 7429
40 113 24317
40 114 25643
40 115 4491
40 116 15729
40 117 11325
40 118 15512
40 119 24104
40 120 26597
40 121 20803
40 122 27173
40 123 32399
40 124 36105
40 125 26931
40 126 38773
40 127 20684
40 128 35870
40 129 27171
40 130 11634
40 131 36161
40 132 18180
40 133 10373
40 134 11352
40 135 36634
40 136 44379
40 137 5090
40 138 8057
40 139 15487
40 140 28146
40 141 22918
40 142 20345
40 143 42590
40 144 7369
40 145 8943
40 146 14651
40 147 11741
40 148 27678
40 149 2993
40 150 16896
40 151 4895
41 1 38599
41 2 8478
41 3 35788
41 4 10473
41 5 28382
41 6 27695
41 7 44049
41 8 44735
41 9 46230
41 10 48092
41 11 55083
41 12 25612
41 13 16530
41 14 20018
41 15 2947
41 16 27759
41 17 38282
41 18 34674
41 19 52388
41 20 53060
41 21 9940
41 22 -481
41 23 -2992
41 24 30577
41 25 17756
41 26 18851
41 27 30004
41 28 27522
41 29 34338
41 30 46038
41 31 38611
41 32 52948
41 33 42878
41 34 42311
41 35 54729
41 36 58789
41 37 22867
41 38 25345
41 39 8524
41 40 15560
41 42 10736
41 43 10156
41 44 25772
41 45 38879
41 46 46319
41 47 49394
41 48 42546
41 49 57835
41 50 36116
41 51 45732
41 52 36748
41 53 22476
41 54 21448
41 55 18362
41 56 5417
41 57 4766
41 58 14809
41 59 21222
41 60 35321
41 61 26980
41 62 47241
41 63 57609
41 64 54816
41 65 53987
41 66 47919
41 67 5655
41 68 27221
41 69 38217
41 70 46925
41 71 53496
41 72 3681
41 73 6192
41 74 3738
41 75 2447
41 76 32193
41 77 33101
41 78 42744
41 79 36707
41 80 31160
41 81 40431
41 82 40373
41 83 35596
41 84 33084
41 85 20556
41 86 25267
41 87 10097
41 88 44347
41 89 28865
41 90 58360
41 91 26583
41 92 23554
41 93 23935
41 94 20630
41 95 19670
41 96 25823
41 97 18426
41 98 23964
41 99 27336
41 100 20210
41 101 42481
41 102 34193
41 103 49041
41 104 27475
41 105 17629
41 106 41251
41 107 53147
41 108 48640
41 109 24599
41 110 12865
41 111 29852
41 112 23340
41 113 30463
41 114 38984
41 115 5459
41 116 31169
41 117 20104
41 118 27229
41 119 24171
41 120 42636
41 121 33311
41 122 45111
41 123 48755
41 124 50636
41 125 38218
41 126 56668
41 127 38324
41 128 53771
41 129 41976
41 130 19135
41 131 54260
41 132 36290
41 133 -782
41 134 21082
41 135 52189
41 136 60190
41 137 14574
41 138 25037
41 139 12804
41 140 25335
41 141 25396
41 142 17351
41 143 58144
41 144 7649
41 145 -1847
41 146 32052
41 147 25420
41 148 45059
41 149 16289
41 150 30002
41 151 22577
42 1 37306
42 2 8354
42 3 40903
42 4 24104
42 5 13039
42 6 17122
42 7 33958
42 8 30584
42 9 48799
42 10 42124
42 11 46202
42 12 31205
42 13 9215
42 14 2072
42 15 1
42 16 9344
42 17 20889
42 18 23297
42 19 41743
42 20 51991
42 21 19070
42 22 16371
42 23 15635
42 24 41353
42 25 33109
42 26 23315
42 27 26353
42 28 27737
42 29 42998
42 30 43596
42 31 32894
42 32 48606
42 33 45959
42 34 48499
42 35 58847
42 36 45191
42 37 6257
42 38 8539
42 39 25842
42 40 18065
42 41 15349
42 43 -205
42 44 7145
42 45 22994
42 46 31229
42 47 36572
42 48 30496
42 49 45826
42 50 37686
42 51 46609
42 52 28893
42 53 20983
42 54 31942
42 55 32483
42 56 22334
42 57 1586
42 58 13323
42 59 6572
42 60 21611
42 61 9469
42 62 39158
42 63 50899
42 64 45409
42 65 56479
42 66 47473
42 67 24141
42 68 34162
42 69 35242
42 70 43551
42 71 55679
42 72 16730
42 73 16610
42 74 18550
42 75 19405
42 76 35551
42 77 37908
42 78 48386
42 79 41885
42 80 38662
42 81 43868
42 82 28252
42 83 21485
42 84 16901
42 85 3345
42 86 6588
42 87 -496
42 88 36637
42 89 19703
42 90 52804
42 91 8438
42 92 8752
42 93 7940
42 94 10151
42 95 7670
42 96 12672
42 97 5458
42 98 7334
42 99 12827
42 100 2294
42 101 39263
42 102 36268
42 103 50229
42 104 12966
42 105 18625
42 106 31202
42 107 43298
42 108 43039
42 109 31742
42 110 24682
42 111 29984
42 112 17217
42 113 12339
42 114 25197
42 115 7291
42 116 36040
42 117 9574
42 118 13296
42 119 5602
42 120 46089
42 121 41415
42 122 43577
42 123 38105
42 124 37317
42 125 22527
42 126 49931
42 127 32101
42 128 51952
42 129 47483
42 130 30685
42 131 50523
42 132 33855
42 133 16309
42 134 31424
42 135 56325
42 136 63795
42 137 9352
42 138 28022
42 139 29144
42 140 8246
42 141 6736
42 142 -256
42 143 45550
42 144 -65
42 145 9043
42 146 26686
42 147 15213
42 148 37149
42 149 23293
42 150 37504
42 151 19210
43 1 45983
43 2 14710
43 3 48428
43 4 28323
43 5 21074
43 6 26168
43 7 42844
43 8 38628
43 9 57027
43 10 51178
43 11 55124
43 12 38361
43 13 17984
43 14 3482
43 15 -1939
43 16 14620
43 17 27166
43 18 32134
43 19 50466
43 20 60770
43 21 24401
43 22 18363
43 23 15917
43 24 47144
43 25 36646
43 26 30484
43 27 35167
43 28 35976
43 29 49584
43 30 52481
43 31 41935
43 32 57636
43 33 54007
43 34 55928
43 35 66827
43 36 53134
43 37 14576
43 38 6402
43 39 27921
43 40 25252
43 41 16083
43 42 1109
43 44 10271
43 45 30281
43 46 38698
43 47 44835
43 48 39021
43 49 54190
43 50 45925
43 51 55090
43 52 37948
43 53 29266
43 54 37623
43 55 36682
43 56 24655
43 57 6314
43 58 21304
43 59 15298
43 60 30099
43 61 16205
43 62 48167
43 63 59941
43 64 54220
43 65 64834
43 66 56222
43 67 24620
43 68 41129
43 69 44080
43 70 52489
43 71 64034
43 72 20680
43 73 21233
43 74 21607
43 75 21588
43 76 43372
43 77 45458
43 78 55905
43 79 49449
43 80 45435
43 81 51874
43 82 36834
43 83 29730
43 84 24342
43 85 10787
43 86 9914
43 87 8104
43 88 45679
43 89 28756
43 90 61858
43 91 14925
43 92 17580
43 93 16111
43 94 19205
43 95 16723
43 96 21560
43 97 14514
43 98 15477
43 99 21462
43 100 9620
43 101 48165
43 102 44453
43 103 58713
43 104 21601
43 105 26448
43 106 40119
43 107 52119
43 108 52091
43 109 38467
43 110 29509
43 111 38337
43 112 26110
43 113 17742
43 114 33408
43 115 13027
43 116 43531
43 117 18568
43 118 21754
43 119 8699
43 120 54137
43 121 48154
43 122 52356
43 123 46851
43 124 45481
43 125 29947
43 126 58974
43 127 41145
43 128 60815
43 129 54974
43 130 35961
43 131 59528
43 132 42626
43 133 18260
43 134 37295
43 135 64286
43 136 71905
43 137 17570
43 138 35710
43 139 31963
43 140 6569
43 141 10975
43 142 3418
43 143 53788
43 144 7119
43 145 11374
43 146 35634
43 147 24257
43 148 46175
43 149 29804
43 150 44277
43 151 27891
44 1 42685
44 2 20458
44 3 49450
44 4 36495
44 5 9406
44 6 20354
44 7 32856
44 8 25586
44 9 55314
44 10 43519
44 11 44839
44 12 40786
44 13 16851
44 14 -1491
44 15 11805
44 16 -698
44 17 11804
44 18 22527
44 19 39081
44 20 56276
44 21 31123
44 22 29510
44 23 28766
44 24 52282
44 25 45668
44 26 33233
44 27 31654
44 28 35307
44 29 52940
44 30 47378
44 31 35228
44 32 50562
44 33 53192
44 34 56886
44 35 65879
44 36 39261
44 37 8130
44 38 -892
44 39 38883
44 40 28465
44 41 28447
44 42 5207
44 43 7019
44 45 15886
44 46 24210
44 47 31860
44 48 27064
44 49 41235
44 50 44641
44 51 52392
44 52 30869
44 53 29025
44 54 43205
44 55 44734
44 56 35382
44 57 14681
44 58 22615
44 59 8345
44 60 19405
44 61 2548
44 62 39038
44 63 51100
44 64 42916
44 65 62242
44 66 51727
44 67 37294
44 68 43771
44 69 39918
44 70 47067
44 71 61616
44 72 29441
44 73 29130
44 74 31541
44 75 32503
44 76 43702
44 77 46497
44 78 56698
44 79 50250
44 80 48591
44 81 51130
44 82 25355
44 83 17754
44 84 10879
44 85 -27
44 86 -6231
44 87 9757
44 88 37440
44 89 22423
44 90 54008
44 91 3439
44 92 12155
44 93 6731
44 94 14867
44 95 12833
44 96 14568
44 97 12055
44 98 7668
44 99 13267
44 100 1871
44 101 43247
44 102 43276
44 103 55831
44 104 13406
44 105 27663
44 106 30556
44 107 41186
44 108 44551
44 109 41930
44 110 36830
44 111 36962
44 112 22934
44 113 1847
44 114 20904
44 115 19722
44 116 44821
44 117 16530
44 118 11085
44 119 -3207
44 120 53131
44 121 51181
44 122 48120
44 123 35689
44 124 32354
44 125 15794
44 126 50172
44 127 34553
44 128 55674
44 129 55974
44 130 42288
44 131 52895
44 132 38954
44 133 29446
44 134 42368
44 135 63450
44 136 70420
44 137 19018
44 138 36839
44 139 42026
44 140 -1679
44 141 -4968
44 142 6908
44 143 40547
44 144 12253
44 145 22194
44 146 31176
44 147 17992
44 148 37461
44 149 34009
44 150 47433
44 151 25605
45 1 33275
45 2 32076
45 3 45123
45 4 44290
45 5 4956
45 6 19710
45 7 14187
45 8 2972
45 9 45371
45 10 26308
45 11 23465
45 12 40594
45 13 22192
45 14 22263
45 15 31585
45 16 11658
45 17 2778
45 18 9155
45 19 16677
45 20 42416
45 21 39551
45 22 43286
45 23 42931
45 24 53418
45 25 53021
45 26 35468
45 27 25339
45 28 32519
45 29 51136
45 30 33497
45 31 20939
45 32 33004
45 33 45594
45 34 50485
45 35 56115
45 36 14750
45 37 20117
45 38 21306
45 39 49775
45 40 33850
45 41 44175
45 42 23677
45 43 29650
45 44 18507
45 46 -191
45 47 7864
45 48 4663
45 49 17004
45 50 37781
45 51 41678
45 52 19335
45 53 29741
45 54 46609
45 55 50902
45 56 47046
45 57 30356
45 58 27195
45 59 14721
45 60 10229
45 61 7730
45 62 20065
45 63 31263
45 64 19814
45 65 49428
45 66 36993
45 67 49929
45 68 42303
45 69 30186
45 70 33518
45 71 49848
45 72 39915
45 73 39411
45 74 43697
45 75 45159
45 76 39686
45 77 42723
45 78 50651
45 79 45020
45 80 48064
45 81 43212
45 82 4841
45 83 2621
45 84 2481
45 85 9407
45 86 5807
45 87 22025
45 88 21000
45 89 16840
45 90 35648
45 91 18060
45 92 21181
45 93 12963
45 94 17843
45 95 19229
45 96 16955
45 97 21898
45 98 18439
45 99 16706
45 100 17133
45 101 31219
45 102 35999
45 103 44009
45 104 16845
45 105 29470
45 106 13567
45 107 19133
45 108 27206
45 109 43013
45 110 44326
45 111 31977
45 112 21737
45 113 2355
45 114 97
45 115 31844
45 116 41827
45 117 23979
45 118 3243
45 119 20519
45 120 44257
45 121 49143
45 122 35817
45 123 13870
45 124 8378
45 125 -7537
45 126 30471
45 127 21604
45 128 40774
45 129 50918
45 130 46674
45 131 35900
45 132 30070
45 133 43044
45 134 44107
45 135 54052
45 136 59615
45 137 27075
45 138 35992
45 139 51791
45 140 20337
45 141 13248
45 142 27903
45 143 16207
45 144 26469
45 145 37188
45 146 24545
45 147 15113
45 148 19632
45 149 37623
45 150 46906
45 151 22870
46 1 35600
46 2 41548
46 3 48711
46 4 52030
46 5 15118
46 6 28300
46 7 13859
46 8 6003
46 9 46001
46 10 24213
46 11 17810
46 12 46221
46 13 31132
46 14 33014
46 15 42094
46 16 22339
46 17 12964
46 18 14711
46 19 10599
46 20 41221
46 21 47911
46 22 52661
46 23 52105
46 24 58669
46 25 60278
46 26 42271
46 27 30226
46 28 38027
46 29 55288
46 30 32850
46 31 21561
46 32 29669
46 33 47710
46 34 52473
46 35 56369
46 36 4389
46 37 30600
46 38 31396
46 39 58106
46 40 41867
46 41 53947
46 42 34244
46 43 40399
46 44 29163
46 45 2141
46 47 -247
46 48 716
46 49 7400
46 50 40816
46 51 42306
46 52 23243
46 53 36871
46 54 53010
46 55 57885
46 56 55760
46 57 40447
46 58 35381
46 59 24813
46 60 19042
46 61 18498
46 62 17324
46 63 26470
46 64 11569
46 65 47827
46 66 34784
46 67 58511
46 68 47038
46 69 32920
46 70 33574
46 71 49202
46 72 48603
46 73 48196
46 74 52750
46 75 54201
46 76 43881
46 77 46703
46 78 53032
46 79 48049
46 80 53163
46 81 45005
46 82 5151
46 83 10838
46 84 13114
46 85 20069
46 86 15774
46 87 31992
46 88 20918
46 89 23911
46 90 32030
46 91 28816
46 92 31356
46 93 23368
46 94 26908
46 95 28870
46 96 26539
46 97 31871
46 98 28944
46 99 26692
46 100 27809
46 101 32432
46 102 38625
46 103 43668
46 104 26831
46 105 36590
46 106 15100
46 107 13033
46 108 24753
46 109 48944
46 110 52168
46 111 36460
46 112 29148
46 113 12512
46 114 4548
46 115 41332
46 116 46217
46 117 33527
46 118 12373
46 119 31245
46 120 45378
46 121 53299
46 122 36111
46 123 9042
46 124 1447
46 125 2643
46 126 25867
46 127 23604
46 128 38951
46 129 53965
46 130 53331
46 131 32876
46 132 33141
46 133 52356
46 134 49757
46 135 54572
46 136 59244
46 137 36245
46 138 41799
46 139 59879
46 140 30428
46 141 23886
46 142 38623
46 143 6467
46 144 36505
46 145 46948
46 146 29847
46 147 23206
46 148 18179
46 149 44609
46 150 52005
46 151 29183
47 1 30321
47 2 43705
47 3 43896
47 4 51291
47 5 19840
47 6 30158
47 7 9164
47 8 9722
47 9 38829
47 10 16111
47 11 8051
47 12 43449
47 13 32910
47 14 39382
47 15 46324
47 16 29275
47 17 20889
47 18 15013
47 19 969
47 20 33061
47 21 48222
47 22 54310
47 23 53209
47 24 55087
47 25 58753
47 26 40878
47 27 27655
47 28 35584
47 29 50721
47 30 25249
47 31 15631
47 32 20521
47 33 41730
47 34 46094
47 35 48775
47 36 -400
47 37 35260
47 38 39379
47 39 57960
47 40 42002
47 41 56308
47 42 38873
47 43 45822
47 44 36099
47 45 9482
47 46 -961
47 48 -4586
47 49 -830
47 50 35830
47 51 35303
47 52 20770
47 53 36249
47 54 50767
47 55 56101
47 56 56270
47 57 43706
47 58 35921
47 59 28743
47 60 22294
47 61 24747
47 62 9283
47 63 16842
47 64 1925
47 65 39126
47 66 25934
47 67 58562
47 68 43215
47 69 28270
47 70 26671
47 71 41127
47 72 49251
47 73 49069
47 74 53912
47 75 55262
47 76 39824
47 77 42298
47 78 47048
47 79 42698
47 80 49678
47 81 38709
47 82 3515
47 83 14484
47 84 19058
47 85 25467
47 86 23917
47 87 35235
47 88 15026
47 89 24275
47 90 22855
47 91 34692
47 92 35324
47 93 28050
47 94 29150
47 95 31863
47 96 29741
47 97 35313
47 98 33726
47 99 30578
47 100 33103
47 101 26479
47 102 33207
47 103 35891
47 104 30717
47 105 35773
47 106 11885
47 107 3222
47 108 16321
47 109 46391
47 110 51666
47 111 33014
47 112 29269
47 113 20462
47 114 7446
47 115 43468
47 116 42216
47 117 36251
47 118 15858
47 119 37847
47 120 38517
47 121 48785
47 122 29126
47 123 461
47 124 -1764
47 125 9491
47 126 16323
47 127 19013
47 128 30451
47 129 48601
47 130 51324
47 131 23839
47 132 28708
47 133 53884
47 134 46655
47 135 47177
47 136 51245
47 137 38163
47 138 39421
47 139 59453
47 140 38411
47 141 30921
47 142 43940
47 143 -1268
47 144 39757
47 145 49381
47 146 27937
47 147 24599
47 148 11166
47 149 43275
47 150 48520
47 151 27920
48 1 24747
48 2 37611
48 3 38205
48 4 44890
48 5 15005
48 6 24154
48 7 3028
48 8 6056
48 9 34414
48 10 12538
48 11 7816
48 12 37211
48 13 26803
48 14 34900
48 15 40761
48 16 25359
48 17 18125
48 18 8905
48 19 1153
48 20 29522
48 21 41853
48 22 48078
48 23 46887
48 24 49050
48 25 52393
48 26 34489
48 27 21330
48 28 29270
48 29 44969
48 30 21160
48 31 10286
48 32 18357
48 33 36553
48 34 41171
48 35 44706
48 36 5990
48 37 30070
48 38 35967
48 39 51559
48 40 35633
48 41 50202
48 42 33539
48 43 40750
48 44 32045
48 45 7023
48 46 744
48 47 -3844
48 49 4468
48 50 30171
48 51 30751
48 52 14391
48 53 29851
48 54 44470
48 55 49762
48 56 49903
48 57 37869
48 58 29597
48 59 23323
48 60 16963
48 61 20516
48 62 5688
48 63 15843
48 64 4869
48 65 36195
48 66 23226
48 67 52164
48 68 37215
48 69 22421
48 70 22002
48 71 37498
48 72 42903
48 73 42749
48 74 47615
48 75 48947
48 76 33863
48 77 36458
48 78 41897
48 79 37230
48 80 43595
48 81 33714
48 82 -2502
48 83 9592
48 84 14974
48 85 20689
48 86 20878
48 87 29455
48 88 9587
48 89 18017
48 90 20791
48 91 30097
48 92 29875
48 93 22967
48 94 23196
48 95 26091
48 96 24110
48 97 29645
48 98 28613
48 99 25193
48 100 28175
48 101 21204
48 102 27739
48 103 31974
48 104 25332
48 105 29370
48 106 5508
48 107 3525
48 108 13142
48 109 40124
48 110 45263
48 111 26868
48 112 22934
48 113 17477
48 114 2936
48 115 37362
48 116 36251
48 117 30374
48 118 10576
48 119 33557
48 120 33883
48 121 43010
48 122 24539
48 123 -1770
48 124 -764
48 125 6695
48 126 15111
48 127 13068
48 128 27304
48 129 43142
48 130 45001
48 131 21470
48 132 22795
48 133 47631
48 134 40504
48 135 42945
48 136 47541
48 137 32057
48 138 33112
48 139 53050
48 140 35011
48 141 26998
48 142 38893
48 143 4610
48 144 33946
48 145 43306
48 146 21548
48 147 18512
48 148 6506
48 149 36887
48 150 42437
48 151 21518
49 1 36412
49 2 54940
49 3 49755
49 4 60681
49 5 31965
49 6 41579
49 7 18552
49 8 21887
49 9 41308
49 10 19048
49 11 7369
49 12 51492
49 13 44141
49 14 51546
49 15 58198
49 16 41385
49 17 32729
49 18 26318
49 19 4949
49 20 34097
49 21 58445
49 22 65169
49 23 63667
49 24 61944
49 25 67395
49 26 50108
49 27 36581
49 28 44260
49 29 56559
49 30 27928
49 31 21968
49 32 19571
49 33 46202
49 34 49500
49 35 50123
49 36 1333
49 37 47313
49 38 51299
49 39 67637
49 40 52267
49 41 67498
49 42 50876
49 43 57926
49 44 48223
49 45 21371
49 46 9435
49 47 1919
49 48 6475
49 50 41870
49 51 38401
49 52 30398
49 53 46231
49 54 59024
49 55 64583
49 56 66444
49 57 55327
49 58 46498
49 59 40690
49 60 34259
49 61 36905
49 62 13749
49 63 14844
49 64 -7483
49 65 37905
49 66 24839
49 67 68268
49 68 50094
49 69 35349
49 70 30913
49 71 41679
49 72 59604
49 73 59594
49 74 64534
49 75 65785
49 76 46749
49 77 48693
49 78 51177
49 79 47830
49 80 56884
49 81 42627
49 82 14960
49 83 26575
49 84 31215
49 85 37613
49 86 35747
49 87 46919
49 88 22199
49 89 35204
49 90 22380
49 91 46856
49 92 47257
49 93 40131
49 94 40636
49 95 43555
49 96 41550
49 97 47098
49 98 45803
49 99 42539
49 100 45229
49 101 32090
49 102 38625
49 103 37344
49 104 42678
49 105 45532
49 106 21881
49 107 3903
49 108 18261
49 109 54543
49 110 61291
49 111 40852
49 112 39856
49 113 32329
49 114 19569
49 115 54675
49 116 49068
49 117 47831
49 118 27848
49 119 50001
49 120 41447
49 121 54741
49 122 32754
49 123 7265
49 124 10361
49 125 21480
49 126 14851
49 127 26845
49 128 30777
49 129 53679
49 130 59742
49 131 23075
49 132 35918
49 133 64674
49 134 54072
49 135 48948
49 136 51739
49 137 49385
49 138 47965
49 139 68969
49 140 50329
49 141 43027
49 142 56046
49 143 -5689
49 144 51408
49 145 60641
49 146 37475
49 147 35894
49 148 17159
49 149 52449
49 150 55726
49 151 37647
50 1 2912
50 2 28582
50 3 3872
50 4 20248
50 5 29149
50 6 26897
50 7 22914
50 8 33785
50 9 6923
50 10 15151
50 11 25501
50 12 8861
50 13 22700
50 14 41770
50 15 36091
50 16 39023
50 17 40026
50 18 22906
50 19 27447
50 20 13093
50 21 23672
50 22 32330
50 23 26610
50 24 15975
50 25 23786
50 26 12773
50 27 10162
50 28 9167
50 29 10718
50 30 7765
50 31 9049
50 32 15614
50 33 4363
50 34 8783
50 35 17127
50 36 39229
50 37 35497
50 38 47688
50 39 27178
50 40 20536
50 41 36978
50 42 33935
50 43 40860
50 44 42828
50 45 33347
50 46 34050
50 47 29778
50 48 23377
50 49 33069
50 51 5434
50 52 18144
50 53 16829
50 54 15412
50 55 20805
50 56 28845
50 57 31665
50 58 18591
50 59 28916
50 60 31220
50 61 34379
50 62 18653
50 63 23552
50 64 23652
50 65 14727
50 66 7626
50 67 27094
50 68 4335
50 69 7906
50 70 11125
50 71 13938
50 72 24385
50 73 26144
50 74 30542
50 75 30441
50 76 1885
50 77 2669
50 78 8763
50 79 3099
50 80 11508
50 81 2296
50 82 24113
50 83 29041
50 84 33274
50 85 30364
50 86 37572
50 87 26963
50 88 18174
50 89 20803
50 90 22972
50 91 39557
50 92 33909
50 93 31538
50 94 24018
50 95 27456
50 96 29555
50 97 30462
50 98 35248
50 99 32472
50 100 34821
50 101 8384
50 102 -5558
50 103 8890
50 104 32611
50 105 12927
50 106 22074
50 107 25820
50 108 14483
50 109 11608
50 110 22528
50 111 3662
50 112 17959
50 113 36730
50 114 28241
50 115 27536
50 116 3539
50 117 29413
50 118 24266
50 119 42640
50 120 4342
50 121 8811
50 122 6291
50 123 24972
50 124 33555
50 125 32463
50 126 22851
50 127 12633
50 128 14159
50 129 9010
50 130 16348
50 131 16225
50 132 6140
50 133 31232
50 134 8679
50 135 14657
50 136 21933
50 137 25701
50 138 9043
50 139 28192
50 140 47015
50 141 39504
50 142 41360
50 143 35498
50 144 29462
50 145 31765
50 146 15526
50 147 21815
50 148 17546
50 149 13475
50 150 10350
50 151 10686
51 1 8629
51 2 39595
51 3 9944
51 4 30559
51 5 36959
51 6 35972
51 7 25831
51 8 38354
51 9 -2016
51 10 12855
51 11 22884
51 12 19514
51 13 32976
51 14 51674
51 15 47084
51 16 47671
51 17 46870
51 18 29145
51 19 26966
51 20 3044
51 21 34808
51 22 43442
51 23 37194
51 24 22360
51 25 32567
51 26 23940
51 27 19074
51 28 19977
51 29 14930
51 30 2220
51 31 11260
51 32 8358
51 33 3764
51 34 5364
51 35 8696
51 36 39432
51 37 45115
51 38 57175
51 39 37139
51 40 31654
51 41 48145
51 42 44409
51 43 51576
51 44 52130
51 45 38795
51 46 37091
51 47 30802
51 48 25508
51 49 31151
51 50 6985
51 52 24375
51 53 27508
51 54 24904
51 55 29657
51 56 39508
51 57 42627
51 58 29424
51 59 38248
51 60 38524
51 61 42747
51 62 18158
51 63 18417
51 64 18738
51 65 4208
51 66 -3451
51 67 36548
51 68 12541
51 69 14185
51 70 9837
51 71 3485
51 72 35433
51 73 37298
51 74 41627
51 75 41385
51 76 12500
51 77 10982
51 78 7313
51 79 5855
51 80 20190
51 81 -1123
51 82 27848
51 83 35376
51 84 40494
51 85 39375
51 86 45915
51 87 37470
51 88 20357
51 89 29143
51 90 17485
51 91 48776
51 92 43554
51 93 40535
51 94 33619
51 95 37245
51 96 38649
51 97 40505
51 98 44672
51 99 41453
51 100 44415
51 101 10620
51 102 614
51 103 -2122
51 104 41592
51 105 23953
51 106 26157
51 107 24208
51 108 10990
51 109 21921
51 110 33276
51 111 14237
51 112 27650
51 113 44317
51 114 33197
51 115 38608
51 116 12992
51 117 39512
51 118 31768
51 119 52185
51 120 -2524
51 121 13616
51 122 2182
51 123 25414
51 124 35673
51 125 37982
51 126 18017
51 127 17075
51 128 4580
51 129 11419
51 130 25803
51 131 8338
51 132 13364
51 133 42312
51 134 16611
51 135 6653
51 136 12534
51 137 36358
51 138 20222
51 139 38163
51 140 56439
51 141 48456
51 142 51708
51 143 34595
51 144 40238
51 145 42941
51 146 24021
51 147 30572
51 148 18324
51 149 24466
51 150 19032
51 151 20641
52 1 11819
52 2 23474
52 3 23697
52 4 28323
52 5 10606
52 6 12247
52 7 5647
52 8 13569
52 9 24416
52 10 11013
52 11 16138
52 12 20844
52 13 13145
52 14 27966
52 15 28899
52 16 21820
52 17 20270
52 18 2629
52 19 13716
52 20 23407
52 21 25804
52 22 32866
52 23 31057
52 24 33175
52 25 35754
52 26 17860
52 27 4814
52 28 12737
52 29 30012
52 30 14401
52 31 2135
52 32 17757
52 33 24067
52 34 28935
52 35 35234
52 36 22621
52 37 21355
52 38 32200
52 39 35119
52 40 19653
52 41 35667
52 42 23199
52 43 30940
52 44 27113
52 45 12958
52 46 14534
52 47 12775
52 48 5654
52 49 19654
52 50 16201
52 51 20881
52 53 13581
52 54 27927
52 55 33144
52 56 33794
52 57 24987
52 58 14119
52 59 14128
52 60 11978
52 61 16705
52 62 8455
52 63 19820
52 64 15845
52 65 29981
52 66 18751
52 67 35747
52 68 21568
52 69 8676
52 70 14072
52 71 29730
52 72 26986
52 73 27058
52 74 32038
52 75 33218
52 76 18523
52 77 21458
52 78 29068
52 79 23463
52 80 27668
52 81 21749
52 82 4762
52 83 8877
52 84 13879
52 85 14246
52 86 19678
52 87 17313
52 88 5642
52 89 4678
52 90 21691
52 91 23869
52 92 20141
52 93 15548
52 94 11049
52 95 14733
52 96 14302
52 97 18494
52 98 20447
52 99 16652
52 100 20380
52 101 10658
52 102 14418
52 103 23820
52 104 16791
52 105 12927
52 106 3285
52 107 14181
52 108 11967
52 109 23668
52 110 28780
52 111 10985
52 112 7732
52 113 17742
52 114 7919
52 115 23102
52 116 20809
52 117 18172
52 118 5302
52 119 27663
52 120 23017
52 121 28014
52 122 15629
52 123 10203
52 124 15260
52 125 12079
52 126 18851
52 127 1435
52 128 22607
52 129 29366
52 130 28409
52 131 19916
52 132 8487
52 133 32297
52 134 24320
52 135 33036
52 136 39137
52 137 18133
52 138 16575
52 139 36537
52 140 31367
52 141 22934
52 142 29679
52 143 20602
52 144 21387
52 145 29024
52 146 4929
52 147 6368
52 148 6303
52 149 20256
52 150 26510
52 151 5029
53 1 15026
53 2 10413
53 3 18430
53 4 13183
53 5 14937
53 6 11136
53 7 21243
53 8 26116
53 9 25791
53 10 23583
53 11 31064
53 12 10093
53 13 4117
53 14 23266
53 15 17707
53 16 22374
53 17 26732
53 18 14248
53 19 29308
53 20 29910
53 21 10199
53 22 17748
53 23 15478
53 24 22626
53 25 21419
53 26 3718
53 27 5490
53 28 4716
53 29 22153
53 30 22155
53 31 14126
53 32 28607
53 33 22954
53 34 25963
53 35 35846
53 36 37842
53 37 17561
53 38 29522
53 39 19675
53 40 4157
53 41 21182
53 42 15076
53 43 22045
53 44 25056
53 45 23151
53 46 27949
53 47 28041
53 48 20901
53 49 35274
53 50 14673
53 51 23801
53 52 13368
53 54 14921
53 55 19164
53 56 18173
53 57 13233
53 58 -17
53 59 11667
53 60 18748
53 61 18460
53 62 23125
53 63 33114
53 64 30779
53 65 33541
53 66 25230
53 67 20274
53 68 12909
53 69 13906
53 70 22671
53 71 32738
53 72 11413
53 73 11646
53 74 16652
53 75 17709
53 76 12779
53 77 15458
53 78 25787
53 79 19298
53 80 17979
53 81 20872
53 82 19316
53 83 18329
53 84 19879
53 85 13386
53 86 21175
53 87 8104
53 88 20294
53 89 8321
53 90 33857
53 91 22096
53 92 16047
53 93 14772
53 94 6723
53 95 9520
53 96 13063
53 97 12023
53 98 17629
53 99 15987
53 100 16831
53 101 18204
53 102 13247
53 103 27419
53 104 16126
53 105 -2296
53 106 18701
53 107 29556
53 108 24126
53 109 11875
53 110 13427
53 111 7032
53 112 2110
53 113 21875
53 114 20199
53 115 9675
53 116 13757
53 117 10978
53 118 11260
53 119 24557
53 120 23077
53 121 20313
53 122 21587
53 123 25821
53 124 30041
53 125 22269
53 126 32179
53 127 13989
53 128 30260
53 129 24984
53 130 14901
53 131 30059
53 132 12118
53 133 17065
53 134 12963
53 135 33333
53 136 40773
53 137 6842
53 138 5821
53 139 21219
53 140 28929
53 141 22284
53 142 22539
53 143 36155
53 144 10691
53 145 15005
53 146 7960
53 147 7230
53 148 20970
53 149 5851
53 150 16821
53 151 -1813
54 1 22199
54 2 21331
54 3 11751
54 4 1308
54 5 34926
54 6 31110
54 7 38292
54 8 45610
54 9 22723
54 10 34860
54 11 44675
54 12 5712
54 13 22192
54 14 38950
54 15 26906
54 16 41073
54 17 46726
54 18 33614
54 19 45109
54 20 32929
54 21 11598
54 22 17748
54 23 7938
54 24 4342
54 25 3378
54 26 7698
54 27 20867
54 28 15394
54 29 7763
54 30 28355
54 31 26999
54 32 36205
54 33 19898
54 34 16288
54 35 29541
54 36 55524
54 37 35392
54 38 45562
54 39 7105
54 40 14913
54 41 23294
54 42 29175
54 43 33542
54 44 42376
54 45 43159
54 46 47228
54 47 45699
54 48 38660
54 49 51207
54 50 16396
54 51 24337
54 52 30854
54 53 18061
54 55 446
54 56 10798
54 57 23818
54 58 16097
54 59 30549
54 60 38835
54 61 37775
54 62 37090
54 63 43820
54 64 43570
54 65 29446
54 66 26270
54 67 6575
54 68 2343
54 69 24813
54 70 31272
54 71 29679
54 72 9786
54 73 13686
54 74 15943
54 75 14083
54 76 11764
54 77 10018
54 78 17242
54 79 12049
54 80 6116
54 81 16746
54 82 37808
54 83 38297
54 84 39922
54 85 32132
54 86 39836
54 87 23309
54 88 35188
54 89 28191
54 90 43403
54 91 40210
54 92 34247
54 93 33843
54 94 26082
54 95 28016
54 96 32596
54 97 29388
54 98 35871
54 99 35388
54 100 34331
54 101 27684
54 102 13155
54 103 26525
54 104 35527
54 105 11571
54 106 36323
54 107 44318
54 108 34563
54 109 3145
54 110 6222
54 111 15061
54 112 22200
54 113 41471
54 114 39726
54 115 19340
54 116 8729
54 117 28766
54 118 31360
54 119 41376
54 120 18476
54 121 6928
54 122 26876
54 123 42048
54 124 48365
54 125 42267
54 126 43055
54 127 28619
54 128 34260
54 129 16991
54 130 -4241
54 131 36780
54 132 22580
54 133 16172
54 134 -5463
54 135 27091
54 136 35177
54 137 22508
54 138 10293
54 139 8158
54 140 45180
54 141 40378
54 142 36844
54 143 52870
54 144 23641
54 145 20083
54 146 25452
54 147 27328
54 148 35368
54 149 3504
54 150 4958
54 151 16519
55 1 30646
55 2 24907
55 3 19035
55 4 632
55 5 41422
55 6 37733
55 7 46522
55 8 53217
55 9 29514
55 10 43328
55 11 53159
55 12 14184
55 13 27958
55 14 42581
55 15 28371
55 16 46304
55 17 53137
55 18 41252
55 19 53512
55 20 40677
55 21 14846
55 22 17480
55 23 3553
55 24 6508
55 25 -5058
55 26 14969
55 27 29027
55 28 23582
55 29 12024
55 30 36566
55 31 35472
55 32 44406
55 33 27229
55 34 21147
55 35 35044
55 36 63733
55 37 40418
55 38 49020
55 39 1244
55 40 20536
55 41 23068
55 42 32576
55 43 35461
55 44 46765
55 45 50312
55 46 54963
55 47 53893
55 48 46812
55 49 59626
55 50 24649
55 51 31950
55 52 38931
55 53 25164
55 54 3306
55 56 8200
55 57 26480
55 58 22050
55 59 36215
55 60 45821
55 61 43508
55 62 45560
55 63 52232
55 64 52039
55 65 35195
55 66 33472
55 67 -986
55 68 9757
55 69 33290
55 70 39683
55 71 36077
55 72 10849
55 73 15919
55 74 16250
55 75 12824
55 76 20101
55 77 17819
55 78 22966
55 79 18759
55 80 13706
55 81 23682
55 82 45779
55 83 45520
55 84 46491
55 85 37550
55 86 44918
55 87 27648
55 88 43598
55 89 35513
55 90 51766
55 91 45202
55 92 39566
55 93 39535
55 94 32234
55 95 33641
55 96 38734
55 97 34456
55 98 41083
55 99 41372
55 100 39086
55 101 36153
55 102 21144
55 103 33620
55 104 41511
55 105 18584
55 106 44448
55 107 52779
55 108 42999
55 109 11608
55 110 8388
55 111 23511
55 112 29269
55 113 47351
55 114 47310
55 115 22535
55 116 16824
55 117 34172
55 118 38234
55 119 45547
55 120 24987
55 121 12026
55 122 35073
55 123 50408
55 124 56413
55 125 49437
55 126 51479
55 127 37004
55 128 42095
55 129 23460
55 130 -74
55 131 44898
55 132 31056
55 133 15619
55 134 -922
55 135 32737
55 136 40730
55 137 27562
55 138 18510
55 139 2960
55 140 48761
55 141 45209
55 142 40104
55 143 61216
55 144 27183
55 145 21205
55 146 33412
55 147 34239
55 148 43816
55 149 10260
55 150 12548
55 151 24178
56 1 35484
56 2 14953
56 3 28687
56 4 334
56 5 34962
56 6 32381
56 7 46077
56 8 49578
56 9 39701
56 10 46976
56 11 55485
56 12 19687
56 13 21317
56 14 30905
56 15 14823
56 16 36957
56 17 45980
56 18 38291
56 19 54128
56 20 48582
56 21 7912
56 22 3522
56 23 -8865
56 24 20284
56 25 5758
56 26 15354
56 27 29557
56 28 25236
56 29 24951
56 30 42729
56 31 37937
56 32 50329
56 33 36553
56 34 33728
56 35 46979
56 36 62425
56 37 31269
56 38 36799
56 39 -3158
56 40 15834
56 41 8750
56 42 21054
56 43 22061
56 44 36040
56 45 45083
56 46 51465
56 47 52689
56 48 45580
56 49 60114
56 50 31316
56 51 40428
56 52 38208
56 53 22800
56 54 12285
56 55 6827
56 57 14586
56 58 16907
56 59 28379
56 60 40714
56 61 35218
56 62 47536
56 63 56470
56 64 55082
56 65 46806
56 66 42680
56 67 -3773
56 68 19459
56 69 36390
56 70 44490
56 71 46822
56 72 596
56 73 6290
56 74 3598
56 75 -1492
56 76 26765
56 77 26458
56 78 34689
56 79 29271
56 80 23233
56 81 33714
56 82 43775
56 83 40884
56 84 39977
56 85 28867
56 86 35073
56 87 18003
56 88 44847
56 89 32084
56 90 56597
56 91 35675
56 92 31127
56 93 31524
56 94 25905
56 95 26091
56 96 31977
56 97 25814
56 98 32209
56 99 34114
56 100 29320
56 101 40285
56 102 28830
56 103 43180
56 104 34253
56 105 16746
56 106 43498
56 107 54246
56 108 47177
56 109 17766
56 110 5442
56 111 26868
56 112 25759
56 113 39046
56 114 43690
56 115 12106
56 116 24746
56 117 26403
56 118 32837
56 119 34569
56 120 35650
56 121 24321
56 122 41436
56 123 50657
56 124 54444
56 125 44302
56 126 55592
56 127 38324
56 128 49665
56 129 34311
56 130 9334
56 131 51262
56 132 34247
56 133 1498
56 134 11352
56 135 44513
56 136 52601
56 137 19805
56 138 21229
56 139 724
56 140 36695
56 141 35160
56 142 28200
56 143 60955
56 144 16422
56 145 8052
56 146 32731
56 147 29597
56 148 45450
56 149 11212
56 150 22075
56 151 22921
57 1 34666
57 2 2102
57 3 35850
57 4 16440
57 5 17673
57 6 18407
57 7 35598
57 8 34582
57 9 44885
57 10 41792
57 11 47393
57 12 25698
57 13 8050
57 14 9969
57 15 -1939
57 16 16628
57 17 27166
57 18 25476
57 19 43829
57 20 49553
57 21 11862
57 22 8429
57 23 7897
57 24 34566
57 25 25292
57 26 17860
57 27 24430
57 28 24076
57 29 36861
57 30 41662
57 31 32298
57 32 47633
57 33 41730
57 34 43288
57 35 54444
57 36 48993
57 37 11735
57 38 16184
57 39 17842
57 40 12713
57 41 7847
57 42 54
57 43 3468
57 44 15087
57 45 28141
57 46 35900
57 47 39873
57 48 33294
57 49 48745
57 50 33884
57 51 43295
57 52 29149
57 53 17608
57 54 25053
57 55 24855
57 56 14334
57 58 9444
57 59 10482
57 60 25151
57 61 15822
57 62 39848
57 63 51039
57 64 46975
57 65 52775
57 66 44874
57 67 16268
57 68 28418
57 69 33261
57 70 41954
57 71 52006
57 72 8909
57 73 8994
57 74 10563
57 75 11414
57 76 30982
57 77 32901
57 78 43303
57 79 36878
57 80 32709
57 81 39551
57 82 31023
57 83 25365
57 84 22199
57 85 9407
57 86 14343
57 87 -496
57 88 37034
57 89 20386
57 90 52369
57 91 15421
57 92 12696
57 93 12963
57 94 11173
57 95 9520
57 96 15567
57 97 7805
57 98 12849
57 99 16706
57 100 9041
57 101 37515
57 102 32333
57 103 46884
57 104 16845
57 105 14240
57 106 32762
57 107 44980
57 108 42561
57 109 25742
57 110 17246
57 111 26528
57 112 16052
57 113 19284
57 114 28942
57 115 299
57 116 30957
57 117 10255
57 118 16967
57 119 13583
57 120 41831
57 121 35426
57 122 41209
57 123 40159
57 124 40884
57 125 27532
57 126 50074
57 127 31660
57 128 49852
57 129 42372
57 130 23540
57 131 49278
57 132 31610
57 133 8360
57 134 24685
57 135 51894
57 136 59615
57 137 6546
57 138 23297
57 139 21182
57 140 15980
57 141 14431
57 142 7318
57 143 48780
57 144 -3167
57 145 1190
57 146 25526
57 147 16378
57 148 37703
57 149 17076
57 150 31551
57 151 16910
58 1 20124
58 2 5326
58 3 22496
58 4 12013
58 5 14292
58 6 10799
58 7 24592
58 8 27633
58 9 30608
58 10 28275
58 11 35205
58 12 13135
58 13 980
58 14 19253
58 15 12621
58 16 19902
58 17 25973
58 18 16273
58 19 32869
58 20 35007
58 21 7415
58 22 13634
58 23 12175
58 24 24706
58 25 20950
58 26 5505
58 27 10306
58 28 9588
58 29 25247
58 30 27234
58 31 18762
58 32 33566
58 33 27617
58 34 30097
58 35 40478
58 36 40472
58 37 14401
58 38 25734
58 39 17627
58 40 1572
58 41 16592
58 42 10493
58 43 17160
58 44 21723
58 45 23682
58 46 29536
58 47 30790
58 48 23724
58 49 38618
58 50 19512
58 51 28794
58 52 16983
58 53 3060
58 54 16034
58 55 19127
58 56 15357
58 57 8146
58 59 9336
58 60 19140
58 61 16581
58 62 27334
58 63 37752
58 64 34943
58 65 38431
58 66 30314
58 67 18018
58 68 16147
58 69 18930
58 70 27688
58 71 37636
58 72 8251
58 73 8036
58 74 12928
58 75 14234
58 76 17116
58 77 19500
58 78 29966
58 79 23463
58 80 20879
58 81 25504
58 82 21811
58 83 19156
58 84 19374
58 85 10935
58 86 18692
58 87 3607
58 88 24444
58 89 10070
58 90 38664
58 91 19172
58 92 13114
58 93 12635
58 94 5068
58 95 6808
58 96 11575
58 97 8486
58 98 14758
58 99 14267
58 100 13507
58 101 23223
58 102 18034
58 103 32401
58 104 14406
58 105 199
58 106 21881
58 107 33413
58 108 28897
58 109 14206
58 110 12033
58 111 12007
58 112 3837
58 113 20333
58 114 21730
58 115 4642
58 116 17661
58 117 7659
58 118 11408
58 119 20977
58 120 27751
58 121 23529
58 122 26686
58 123 29291
58 124 32446
58 125 22848
58 126 36804
58 127 18408
58 128 35356
58 129 29078
58 130 15546
58 131 35071
58 132 17185
58 133 13086
58 134 14842
58 135 37947
58 136 45504
58 137 2203
58 138 9605
58 139 19511
58 140 25213
58 141 19384
58 142 18070
58 143 39229
58 144 5757
58 145 10189
58 146 12127
58 147 7718
58 148 25153
58 149 6615
58 150 19721
58 151 2770
59 1 28603
59 2 11923
59 3 35588
59 4 26322
59 5 1399
59 6 6305
59 7 21767
59 8 18523
59 9 41177
59 10 30858
59 11 34063
59 12 27508
59 13 3952
59 14 8084
59 15 11805
59 16 4924
59 17 11804
59 18 11044
59 19 29404
59 20 42490
59 21 20929
59 22 23061
59 23 22804
59 24 39696
59 25 35517
59 26 20395
59 27 17530
59 28 21359
59 29 39613
59 30 33706
59 31 22018
59 32 37681
59 33 39074
59 34 42909
59 35 51738
59 36 33095
59 37 1436
59 38 13130
59 39 30646
59 40 16475
59 41 23686
59 42 4423
59 43 11835
59 44 8134
59 45 11889
59 46 19649
59 47 24293
59 48 18131
59 49 33491
59 50 30518
59 51 38299
59 52 17673
59 53 15425
59 54 31167
59 55 33973
59 56 27510
59 57 9865
59 58 10017
59 60 9294
59 61 1498
59 62 27290
59 63 39218
59 64 33128
59 65 48193
59 66 37985
59 67 30344
59 68 30372
59 69 25924
59 70 33448
59 71 47530
59 72 20588
59 73 20036
59 74 23840
59 75 25256
59 76 29787
59 77 32674
59 78 42723
59 79 36316
59 80 35390
59 81 37009
59 82 15883
59 83 9324
59 84 6086
59 85 -4076
59 86 3735
59 87 1513
59 88 25030
59 89 8699
59 90 41507
59 91 4846
59 92 790
59 93 -2476
59 94 849
59 95 -372
59 96 701
59 97 1403
59 98 644
59 99 503
59 100 517
59 101 29453
59 102 29151
59 103 41776
59 104 642
59 105 14467
59 106 19074
59 107 31025
59 108 31845
59 109 29022
59 110 26372
59 111 22871
59 112 8833
59 113 5348
59 114 13011
59 115 11642
59 116 31084
59 117 4255
59 118 1009
59 119 8158
59 120 38994
59 121 37777
59 122 34226
59 123 25776
59 124 25107
59 125 11262
59 126 38258
59 127 21236
59 128 42064
59 129 42067
59 130 30644
59 131 39819
59 132 24888
59 133 22871
59 134 29880
59 135 49311
59 136 56285
59 137 7726
59 138 23278
59 139 33067
59 140 12404
59 141 4908
59 142 10138
59 143 33269
59 144 5955
59 145 16714
59 146 17127
59 147 4132
59 148 25394
59 149 21744
59 150 34232
59 151 11519
60 1 24889
60 2 21030
60 3 35186
60 4 32585
60 5 -2614
60 6 8038
60 7 12027
60 8 7971
60 9 37702
60 10 22819
60 11 24196
60 12 29507
60 13 10708
60 14 16935
60 15 22561
60 16 8871
60 17 7365
60 18 1721
60 19 18984
60 20 36755
60 21 27903
60 22 32154
60 23 31657
60 24 42352
60 25 41336
60 26 23940
60 27 15244
60 28 21692
60 29 40674
60 30 27713
60 31 15090
60 32 29911
60 33 36802
60 34 41478
60 35 48515
60 36 22406
60 37 11631
60 38 19676
60 39 38143
60 40 22147
60 41 33464
60 42 15141
60 43 22315
60 44 14873
60 45 3076
60 46 9557
60 47 13523
60 48 7450
60 49 22739
60 50 28501
60 51 34254
60 52 11202
60 53 18185
60 54 35132
60 55 39258
60 56 35524
60 57 20213
60 58 15500
60 59 4973
60 61 3678
60 62 18158
60 63 30221
60 64 22835
60 65 43427
60 66 31997
60 67 38376
60 68 31612
60 69 21760
60 70 27403
60 71 43177
60 72 28371
60 73 27900
60 74 32332
60 75 33793
60 76 29485
60 77 32566
60 78 41436
60 79 35428
60 80 37169
60 81 34608
60 82 5266
60 83 -1198
60 84 587
60 85 2581
60 86 6323
60 87 11709
60 88 16712
60 89 5671
60 90 33207
60 91 12169
60 92 11554
60 93 4574
60 94 6420
60 95 8434
60 96 6141
60 97 11667
60 98 10191
60 99 6811
60 100 9840
60 101 24111
60 102 26955
60 103 37268
60 104 6950
60 105 17887
60 106 9675
60 107 20820
60 108 23856
60 109 31756
60 110 32623
60 111 21814
60 112 10169
60 113 4317
60 114 2320
60 115 20815
60 116 31422
60 117 13038
60 118 -7840
60 119 15935
60 120 36124
60 121 38706
60 122 29082
60 123 15421
60 124 14361
60 125 2233
60 126 29291
60 127 14709
60 128 35775
60 129 41289
60 130 35116
60 131 32370
60 132 21272
60 133 31861
60 134 32891
60 135 46260
60 136 52531
60 137 15755
60 138 24895
60 139 40114
60 140 18784
60 141 10255
60 142 20469
60 143 22499
60 144 16249
60 145 26468
60 146 14337
60 147 3434
60 148 16609
60 149 26024
60 150 36011
60 151 11743
61 1 34875
61 2 20313
61 3 43480
61 4 35274
61 5 -378
61 6 13412
61 7 22951
61 8 15674
61 9 47739
61 10 33999
61 11 34824
61 12 36052
61 13 12925
61 14 7170
61 15 16954
61 16 -2309
61 17 3936
61 18 12902
61 19 29032
61 20 47613
61 21 29840
61 22 31123
61 23 30866
61 24 48471
61 25 44487
61 26 29197
61 27 24288
61 28 29285
61 29 48025
61 30 38607
61 31 26124
61 32 41091
61 33 46202
61 34 50485
61 35 58481
61 36 29752
61 37 6257
61 38 8539
61 39 39319
61 40 25467
61 41 31149
61 42 9025
61 43 14447
61 44 4042
61 45 6603
61 46 15039
61 47 22002
61 48 17029
61 49 31411
61 50 37686
61 51 44503
61 52 21955
61 53 23923
61 54 40098
61 55 42971
61 56 36054
61 57 16910
61 58 18967
61 59 3203
61 60 9704
61 62 29214
61 63 41254
61 64 32874
61 65 54049
61 66 42949
61 67 38764
61 68 38780
61 69 31877
61 70 38279
61 71 53615
61 72 29288
61 73 28751
61 74 32262
61 75 33602
61 76 37646
61 77 40646
61 78 50333
61 79 44049
61 80 43934
61 81 44097
61 82 15308
61 83 7712
61 84 950
61 85 -4989
61 86 -4293
61 87 9381
61 88 27892
61 89 14420
61 90 44371
61 91 2867
61 92 8752
61 93 524
61 94 9336
61 95 8628
61 96 7979
61 97 9745
61 98 4654
61 99 6513
61 100 2294
61 101 34741
61 102 36268
61 103 47739
61 104 6652
61 105 23178
61 106 20772
61 107 31139
61 108 35036
61 109 37742
61 110 35337
61 111 30334
61 112 16643
61 113 -3612
61 114 10886
61 115 19940
61 116 39192
61 117 13205
61 118 1456
61 119 5602
61 120 45876
61 121 46141
61 122 39709
61 123 25641
61 124 22520
61 125 6329
61 126 40338
61 127 25604
61 128 46772
61 129 49849
61 130 39621
61 131 43537
61 132 31144
61 133 30988
61 134 38700
61 135 56136
61 136 62745
61 137 16646
61 138 31662
61 139 41870
61 140 7634
61 141 -850
61 142 12781
61 143 30796
61 144 13352
61 145 24324
61 146 23526
61 147 10452
61 148 27752
61 149 30671
61 150 42776
61 151 19210
62 1 15822
62 2 38721
62 3 29241
62 4 41129
62 5 22325
62 6 27112
62 7 4692
62 8 17087
62 9 22723
62 10 75
62 11 1113
62 12 31205
62 13 28438
62 14 41688
62 15 44120
62 16 33716
62 17 28554
62 18 13452
62 19 2127
62 20 17118
62 21 40015
62 22 47669
62 23 45255
62 24 41353
62 25 47238
62 26 30656
62 27 17365
62 28 24524
62 29 36079
62 30 9125
62 31 1506
62 32 6110
62 33 26167
62 34 30195
62 35 32667
62 36 14480
62 37 35523
62 38 44594
62 39 48254
62 40 34123
62 41 50750
62 42 38054
62 43 45749
62 44 39872
62 45 18278
62 46 13205
62 47 5878
62 48 1541
62 49 7595
62 50 21300
62 51 19254
62 52 13045
62 53 27928
62 54 38753
62 55 44363
62 56 47712
62 57 40276
62 58 29060
62 59 28335
62 60 23524
62 61 28554
62 63 5222
62 64 813
62 65 23671
62 66 10704
62 67 48825
62 68 29509
62 69 14935
62 70 10824
62 71 25161
62 72 41270
62 73 41612
62 74 46617
62 75 47620
62 76 26182
62 77 28108
62 78 31380
62 79 27531
62 80 36329
62 81 22923
62 82 6326
62 83 17818
62 84 23846
62 85 27417
62 86 30428
62 87 32493
62 88 2912
62 89 19703
62 90 8762
62 91 37061
62 92 34610
62 93 29049
62 94 26082
62 95 29643
62 96 28603
62 97 33417
62 98 34374
62 99 30516
62 100 34256
62 101 11522
62 102 18185
62 103 19806
62 104 30655
62 105 26791
62 106 7476
62 107 422
62 108 613
62 109 34279
62 110 42026
62 111 20611
62 112 22953
62 113 27396
62 114 12886
62 115 38323
62 116 28486
62 117 33300
62 118 17122
62 119 40882
62 120 22476
62 121 34231
62 122 13139
62 123 461
62 124 11324
62 125 17712
62 126 4291
62 127 7266
62 128 14787
62 129 33405
62 130 39534
62 131 9088
62 132 15524
62 133 47020
62 134 33534
62 135 31053
62 136 35252
62 137 33424
62 138 28022
62 139 49460
62 140 43683
62 141 35194
62 142 44232
62 143 10113
62 144 36644
62 145 44199
62 146 19142
62 147 21207
62 148 -2701
62 149 32868
62 150 35171
62 151 19210
63 1 21000
63 2 48883
63 3 32504
63 4 48524
63 5 33718
63 6 38145
63 7 15996
63 8 27633
63 9 21070
63 10 3237
63 11 1113
63 12 37541
63 13 38999
63 14 53060
63 15 54851
63 16 45084
63 17 39493
63 18 24846
63 19 7907
63 20 13421
63 21 48800
63 22 56961
63 23 53712
63 24 45332
63 25 53344
63 26 38609
63 27 26353
63 28 32433
63 29 38802
63 30 8811
63 31 9750
63 32 -1446
63 33 27617
63 34 29582
63 35 29266
63 36 18960
63 37 46810
63 38 55967
63 39 55705
63 40 43329
63 41 60456
63 42 49133
63 43 56861
63 44 51272
63 45 28814
63 46 21689
63 47 12775
63 48 11034
63 49 8028
63 50 25537
63 51 18851
63 52 23748
63 53 37255
63 54 44821
63 55 50373
63 56 55984
63 57 50805
63 58 38816
63 59 39601
63 60 34925
63 61 39932
63 62 4560
63 64 -5789
63 65 17089
63 66 3910
63 67 56047
63 68 34018
63 69 22072
63 70 14072
63 71 20696
63 72 50033
63 73 50702
63 74 55662
63 75 56417
63 76 31328
63 77 32228
63 78 31910
63 79 29669
63 80 41240
63 81 23431
63 82 17173
63 83 29099
63 84 35110
63 85 38809
63 86 41653
63 87 43303
63 88 13616
63 89 30631
63 90 1832
63 91 48456
63 92 45819
63 93 40415
63 94 37030
63 95 40672
63 96 39836
63 97 44445
63 98 45700
63 99 41833
63 100 45597
63 101 16927
63 102 21346
63 103 16665
63 104 41972
63 105 35652
63 106 18878
63 107 3482
63 108 613
63 109 40571
63 110 49888
63 111 27617
63 112 33243
63 113 38510
63 114 23773
63 115 48401
63 116 33266
63 117 44172
63 118 28523
63 119 52280
63 120 21429
63 121 37204
63 122 14320
63 123 8678
63 124 19731
63 125 28355
63 126 -5149
63 127 16817
63 128 9888
63 129 35408
63 130 45725
63 131 2059
63 132 22580
63 133 56202
63 134 38398
63 135 28236
63 136 30730
63 137 43811
63 138 35348
63 139 56785
63 140 55052
63 141 46578
63 142 55442
63 143 12749
63 144 47310
63 145 54118
63 146 28940
63 147 32242
63 148 8279
63 149 40514
63 150 40082
63 151 28643
64 1 34797
64 2 59517
64 3 46851
64 4 61723
64 5 39914
64 6 47146
64 7 23207
64 8 30935
64 9 35122
64 10 16422
64 11 6051
64 12 51164
64 13 49017
64 14 59852
64 15 64327
64 16 50438
64 17 42768
64 18 32349
64 19 9907
64 20 27293
64 21 61011
64 22 68686
64 23 66220
64 24 59641
64 25 67158
64 26 51414
64 27 38329
64 28 45212
64 29 53214
64 30 23232
64 31 21968
64 32 12095
64 33 42039
64 34 43711
64 35 42521
64 36 13790
64 37 54532
64 38 60982
64 39 68899
64 40 55146
64 41 71694
64 42 57674
64 43 65171
64 44 57119
64 45 31396
64 46 20819
64 47 11889
64 48 14091
64 49 -268
64 50 39668
64 51 33203
64 52 33804
64 53 48951
64 54 58602
64 55 64211
64 56 68627
64 57 60772
64 58 50038
64 59 47542
64 60 41570
64 61 45583
64 62 14182
64 63 8242
64 65 28186
64 66 15783
64 67 69389
64 68 48195
64 69 35108
64 70 28085
64 71 33632
64 72 62269
64 73 62635
64 74 67640
64 75 68628
64 76 45295
64 77 46448
64 78 46252
64 79 44088
64 80 55334
64 81 37807
64 82 22113
64 83 34571
64 84 40053
64 85 45548
64 86 45724
64 87 52708
64 88 23900
64 89 40033
64 90 16228
64 91 55036
64 92 53998
64 93 47609
64 94 46214
64 95 49563
64 96 48027
64 97 53289
64 98 53181
64 99 49512
64 100 52885
64 101 30506
64 102 35659
64 103 30387
64 104 49651
64 105 47777
64 106 26668
64 107 5962
64 108 14483
64 109 54231
64 110 62795
64 111 40852
64 112 43787
64 113 42270
64 114 28014
64 115 59156
64 116 47353
64 117 53489
64 118 35205
64 119 58588
64 120 35574
64 121 51600
64 122 28712
64 123 12424
64 124 20198
64 125 31275
64 126 8851
64 127 28254
64 128 23495
64 129 49830
64 130 59470
64 131 15468
64 132 35686
64 133 68042
64 134 52535
64 135 41766
64 136 43392
64 137 54113
64 138 48491
64 139 70042
64 140 60022
64 141 52078
64 142 63406
64 143 6589
64 144 57016
64 145 65079
64 146 40155
64 147 41286
64 148 18303
64 149 53525
64 150 54176
64 151 40234
65 1 31587
65 2 62066
65 3 28383
65 4 49516
65 5 59382
65 6 58910
65 7 45678
65 8 58698
65 9 10044
65 10 29985
65 11 36732
65 12 40173
65 13 55954
65 14 74693
65 15 69572
65 16 70375
65 17 68594
65 18 50986
65 19 42887
65 20 15791
65 21 56079
65 22 64399
65 23 56194
65 24 36449
65 25 48415
65 26 45636
65 27 42074
65 28 42682
65 29 28055
65 30 20803
65 31 32111
65 32 18714
65 33 23124
65 34 11289
65 35 5086
65 36 54751
65 37 68116
65 38 80122
65 39 54873
65 40 53911
65 41 69468
65 42 67347
65 43 74388
65 44 75048
65 45 59613
65 46 55680
65 47 47693
65 48 44020
65 49 43723
65 50 29346
65 51 17276
65 52 46543
65 53 50316
65 54 43081
65 55 45970
65 56 58954
65 57 65175
65 58 52129
65 59 61210
65 60 60765
65 61 65361
65 62 35643
65 63 29723
65 64 26789
65 66 -4850
65 67 52748
65 68 30764
65 69 36957
65 70 30321
65 71 975
65 72 56202
65 73 58636
65 74 62497
65 75 61653
65 76 33836
65 77 30629
65 78 18917
65 79 22477
65 80 38501
65 81 15708
65 82 47871
65 83 57041
65 84 62559
65 85 62240
65 86 68442
65 87 60389
65 88 40416
65 89 51933
65 90 29933
65 91 71689
65 92 66561
65 93 63408
65 94 56630
65 95 60265
65 96 61570
65 97 63522
65 98 67643
65 99 64335
65 100 67409
65 101 32559
65 102 22485
65 103 7571
65 104 64474
65 105 46436
65 106 46878
65 107 38947
65 108 26989
65 109 41864
65 110 53292
65 111 37035
65 112 50671
65 113 66473
65 114 53919
65 115 60952
65 116 33092
65 117 62523
65 118 54096
65 119 75161
65 120 9123
65 121 28000
65 122 23395
65 123 42559
65 124 53742
65 125 58887
65 126 29990
65 127 38790
65 128 15234
65 129 27240
65 130 43683
65 131 18308
65 132 36290
65 133 63102
65 134 32891
65 135 6725
65 136 2792
65 137 59196
65 138 42187
65 139 56089
65 140 79370
65 141 71268
65 142 74687
65 143 48652
65 144 62998
65 145 64748
65 146 46941
65 147 53446
65 148 37183
65 149 45410
65 150 37343
65 151 43645
66 1 21885
66 2 53994
66 3 24262
66 4 45427
66 5 47732
66 6 48338
66 7 32762
66 8 45773
66 9 5977
66 10 16772
66 11 23134
66 12 34505
66 13 46521
66 14 64441
66 15 61386
66 16 59022
66 17 56238
66 18 38945
66 19 29308
66 20 3926
66 21 49749
66 22 58403
66 23 52119
66 24 35573
66 25 46698
66 26 38842
66 27 32117
66 28 34383
66 29 27436
66 30 8811
66 31 19945
66 32 5114
66 33 17931
66 34 13168
66 35 9169
66 36 41154
66 37 57728
66 38 69285
66 39 51826
66 40 46285
66 41 63037
66 42 57978
66 43 65413
66 44 64170
66 45 46815
66 46 42274
66 47 34138
66 48 30688
66 49 30294
66 50 21882
66 51 9254
66 52 34950
66 53 41642
66 54 39542
66 55 43884
66 56 54465
66 57 56911
66 58 43649
66 59 50639
66 60 48972
66 61 53898
66 62 22313
66 63 16181
66 64 14023
66 65 -5213
66 67 50917
66 68 27006
66 69 26542
66 70 18480
66 71 113
66 72 50420
66 73 52217
66 74 56602
66 75 56385
66 76 27500
66 77 25723
66 78 18084
66 79 19298
66 80 34728
66 81 11591
66 82 34915
66 83 44769
66 84 50518
66 85 51284
66 86 56770
66 87 51166
66 88 27732
66 89 41034
66 90 16334
66 91 60848
66 92 56260
66 93 52507
66 94 46448
66 95 50190
66 96 50878
66 97 53674
66 98 57071
66 99 53494
66 100 56944
66 101 21391
66 102 15614
66 103 657
66 104 53633
66 105 38474
66 106 34284
66 107 25346
66 108 13646
66 109 36854
66 110 48260
66 111 28609
66 112 40804
66 113 54432
66 114 41156
66 115 53106
66 116 27869
66 117 52798
66 118 42385
66 119 64528
66 120 6476
66 121 26615
66 122 12575
66 123 29073
66 124 40301
66 125 46135
66 126 16412
66 127 27005
66 128 2248
66 129 24536
66 130 40395
66 131 4708
66 132 26240
66 133 57289
66 134 30641
66 135 9126
66 136 9290
66 137 50305
66 138 35087
66 139 52872
66 140 68477
66 141 60112
66 142 65080
66 143 35099
66 144 54260
66 145 57699
66 146 36539
66 147 42696
66 148 24137
66 149 39460
66 150 33570
66 151 34212
67 1 47695
67 2 30447
67 3 37387
67 4 11297
67 5 50611
67 6 47971
67 7 60817
67 8 65074
67 9 47953
67 10 60037
67 11 69268
67 12 30974
67 13 36956
67 14 45092
67 15 27781
67 16 52160
67 17 61567
67 18 53613
67 19 68597
67 20 58888
67 21 23225
67 22 17837
67 23 -4145
67 24 24409
67 25 6469
67 26 28958
67 27 43694
67 28 38736
67 29 30119
67 30 54270
67 31 51489
67 32 62108
67 33 45594
67 34 39125
67 35 53177
67 36 77536
67 37 46649
67 38 50291
67 39 -259
67 40 31050
67 41 21747
67 42 35620
67 43 34785
67 44 50711
67 45 60725
67 46 66975
67 47 67740
67 48 60600
67 49 74697
67 50 42324
67 51 50227
67 52 52920
67 53 37660
67 54 20821
67 55 10400
67 56 8986
67 57 29279
67 58 32327
67 59 43972
67 60 56325
67 61 50687
67 62 61408
67 63 69292
67 64 68603
67 65 53359
67 66 51891
67 68 28028
67 69 49520
67 70 56840
67 71 54468
67 72 16210
67 73 21936
67 74 18999
67 75 13359
67 76 37646
67 77 35955
67 78 41278
67 79 37196
67 80 31892
67 81 42114
67 82 58956
67 83 56470
67 84 55620
67 85 44298
67 86 50034
67 87 33403
67 88 58957
67 89 47420
67 90 69054
67 91 50888
67 92 46658
67 93 47079
67 94 41548
67 95 41726
67 96 47629
67 97 41347
67 98 47634
67 99 49745
67 100 44504
67 101 52962
67 102 39153
67 103 52047
67 104 49884
67 105 31339
67 106 58364
67 107 68397
67 108 59968
67 109 28507
67 110 18849
67 111 39681
67 112 41027
67 113 54463
67 114 59173
67 115 27536
67 116 34729
67 117 42035
67 118 48466
67 119 49146
67 120 43411
67 121 30336
67 122 52808
67 123 65234
67 124 69668
67 125 59939
67 126 68477
67 127 52331
67 128 60246
67 129 41897
67 130 17293
67 131 62741
67 132 47305
67 133 15805
67 134 17516
67 135 50940
67 136 58855
67 137 35456
67 138 34079
67 139 6822
67 140 50329
67 141 50119
67 142 42409
67 143 75774
67 144 31555
67 145 22353
67 146 47321
67 147 45118
67 148 59436
67 149 24282
67 150 30734
67 151 37578
68 1 14615
68 2 26685
68 3 1709
68 4 11114
68 5 34890
68 6 31374
68 7 33391
68 8 42743
68 9 12683
68 10 27172
68 11 37458
68 12 3703
68 13 24427
68 14 43072
68 15 33583
68 16 42988
68 17 46504
68 18 31027
68 19 38972
68 20 23213
68 21 18552
68 22 26292
68 23 17870
68 24 4191
68 25 12360
68 26 9869
68 27 17294
68 28 12638
68 29 1542
68 30 19401
68 31 20464
68 32 27174
68 33 9895
68 34 7443
68 35 19970
68 36 50329
68 37 38019
68 38 49585
68 39 17137
68 40 18709
68 41 31595
68 42 33923
68 43 39576
68 44 45470
68 45 41381
68 46 43784
68 47 40675
68 48 33933
68 49 44805
68 50 7847
68 51 14502
68 52 27023
68 53 18577
68 54 4871
68 55 9425
68 56 20500
68 57 29711
68 58 18738
68 59 32282
68 60 37843
68 61 38985
68 62 30374
68 63 35545
68 64 35691
68 65 19657
68 66 16262
68 67 16310
68 69 18522
68 70 23166
68 71 19696
68 72 18083
68 73 21054
68 74 24384
68 75 23247
68 76 4116
68 77 458
68 78 7825
68 79 2104
68 80 54
68 81 6699
68 82 33886
68 83 36607
68 84 39585
68 85 34002
68 86 41787
68 87 27293
68 88 29283
68 89 26881
68 90 34897
68 91 42654
68 92 36567
68 93 35377
68 94 27329
68 95 30066
68 96 33595
68 97 32250
68 98 38184
68 99 36542
68 100 37226
68 101 20226
68 102 3821
68 103 16488
68 104 36681
68 105 12900
68 106 31977
68 107 37613
68 108 26522
68 109 3953
68 110 14904
68 111 9994
68 112 21989
68 113 42204
68 114 36988
68 115 25122
68 116 201
68 117 31293
68 118 30619
68 119 44806
68 120 8502
68 121 -292
68 122 17915
68 123 36262
68 124 43965
68 125 40473
68 126 34863
68 127 23118
68 128 24634
68 129 7185
68 130 5689
68 131 27570
68 132 16398
68 133 24894
68 134 -3310
68 135 17464
68 136 25536
68 137 25957
68 138 8582
68 139 18203
68 140 49066
68 141 42860
68 142 41591
68 143 46986
68 144 28611
68 145 27525
68 146 22526
68 147 26968
68 148 29023
68 149 8050
68 150 -1104
68 151 15093
69 1 1059
69 2 26338
69 3 13737
69 4 24538
69 5 20717
69 6 19903
69 7 13011
69 8 23864
69 9 13863
69 10 8515
69 11 17810
69 12 14184
69 13 17984
69 14 35898
69 15 33360
69 16 31403
69 17 30951
69 18 13398
69 19 18461
69 20 14680
69 21 24758
69 22 33131
69 23 29550
69 24 24805
69 25 30233
69 26 14444
69 27 3550
69 28 8275
69 29 20457
69 30 6342
69 31 96
69 32 12645
69 33 13316
69 34 18205
69 35 24667
69 36 29725
69 37 29219
69 38 41093
69 39 31723
69 40 19653
69 41 36978
69 42 29390
69 43 36914
69 44 36004
69 45 23651
69 46 24053
69 47 20117
69 48 13526
69 49 24447
69 50 5805
69 51 10533
69 52 8518
69 53 13961
69 54 21728
69 55 27345
69 56 31818
69 57 28941
69 58 15908
69 59 22221
69 60 22378
69 61 26469
69 62 10187
69 63 17986
69 64 16991
69 65 20237
69 66 10185
69 67 32189
69 68 12909
69 70 6671
69 71 19679
69 72 25958
69 73 26800
69 74 31698
69 75 32332
69 76 9500
69 77 11950
69 78 18412
69 79 13074
69 80 19525
69 81 10979
69 82 14113
69 83 19639
69 84 24408
69 85 23189
69 86 29639
69 87 22657
69 88 8670
69 89 12895
69 90 18241
69 91 32645
69 92 27709
69 93 24357
69 94 17843
69 95 21570
69 96 22539
69 97 25039
69 98 28661
69 99 25286
69 100 28479
69 101 2204
69 102 3780
69 103 13842
69 104 25425
69 105 11805
69 106 12074
69 107 17432
69 108 8706
69 109 17260
69 110 25752
69 111 3662
69 112 12182
69 113 28150
69 114 18381
69 115 25658
69 116 11884
69 117 24172
69 118 15573
69 119 36174
69 120 12301
69 121 18495
69 122 6291
69 123 15658
69 124 23664
69 125 22784
69 126 17110
69 127 2675
69 128 14644
69 129 18989
69 130 22523
69 131 14059
69 132 -1501
69 133 32297
69 134 16665
69 135 22407
69 136 28789
69 137 22041
69 138 11299
69 139 32849
69 140 40331
69 141 32231
69 142 36449
69 143 26423
69 144 25984
69 145 30964
69 146 7960
69 147 14397
69 148 8559
69 149 16403
69 150 18367
69 151 5881
70 1 4649
70 2 35322
70 3 16721
70 4 32337
70 5 26973
70 6 27730
70 7 13776
70 8 26536
70 9 10098
70 10 1812
70 11 12286
70 12 21190
70 13 26677
70 14 43842
70 15 42259
70 16 38219
70 17 35947
70 18 18358
70 19 15268
70 20 7024
70 21 33476
70 22 41966
70 23 37938
70 24 29342
70 25 36943
70 26 22859
70 27 12395
70 28 16921
70 29 23412
70 30 -2000
70 31 -503
70 32 3707
70 33 13045
70 34 17103
70 35 20558
70 36 27617
70 37 37125
70 38 48499
70 39 39491
70 40 28594
70 41 45921
70 42 37934
70 43 45558
70 44 43388
70 45 27218
70 46 24942
70 47 18753
70 48 13342
70 49 20246
70 50 9259
70 51 6420
70 52 14149
70 53 22961
70 54 28422
70 55 33973
70 56 40153
70 57 37869
70 58 24901
70 59 29980
70 60 28256
70 61 33106
70 62 6311
70 63 10221
70 64 10203
70 65 13836
70 66 2358
70 67 39744
70 68 17788
70 69 6906
70 71 14003
70 72 34616
70 73 35617
70 74 40459
70 75 40958
70 76 14939
70 77 16074
70 78 18228
70 79 14590
70 80 24924
70 81 9777
70 82 15883
70 83 24392
70 84 29948
70 85 30501
70 86 36036
70 87 31344
70 88 8292
70 89 20323
70 90 9890
70 91 40082
70 92 35716
70 93 31740
70 94 26034
70 95 29804
70 96 30189
70 97 33403
70 98 36395
70 99 32749
70 100 36294
70 101 1204
70 102 5506
70 103 8170
70 104 32888
70 105 20715
70 106 14432
70 107 13010
70 108 1036
70 109 24201
70 110 33918
70 111 11663
70 112 20766
70 113 33870
70 114 21539
70 115 34654
70 116 16942
70 117 32654
70 118 21640
70 119 43801
70 120 9576
70 121 21653
70 122 210
70 123 13423
70 124 23511
70 125 26449
70 126 9471
70 127 6234
70 128 6293
70 129 20437
70 130 29328
70 131 5059
70 132 7135
70 133 41090
70 134 22122
70 135 18687
70 136 23799
70 137 30912
70 138 19349
70 139 40546
70 140 47684
70 141 39304
70 142 44841
70 143 23173
70 144 34820
70 145 39953
70 146 16246
70 147 22021
70 148 6179
70 149 24532
70 150 23766
70 151 14810
71 1 21426
71 2 51814
71 3 18713
71 4 40130
71 5 49553
71 6 48773
71 7 36894
71 8 49804
71 9 -95
71 10 21910
71 11 30172
71 12 30226
71 13 45671
71 14 64462
71 15 59323
71 16 60398
71 17 59121
71 18 41413
71 19 35662
71 20 7351
71 21 46075
71 22 54504
71 23 46887
71 24 28298
71 25 39998
71 26 35506
71 27 31879
71 28 32391
71 29 19924
71 30 11788
71 31 22815
71 32 12577
71 33 13045
71 34 4349
71 35 -248
71 36 47968
71 37 57918
71 38 69979
71 39 45922
71 40 43688
71 41 59484
71 42 57054
71 43 64095
71 44 64929
71 45 50540
71 46 47562
71 47 40201
71 48 35830
71 49 38004
71 50 19064
71 51 7060
71 52 36799
71 53 40020
71 54 33821
71 55 37359
71 56 49477
71 57 54913
71 58 41841
71 59 51054
71 60 51022
71 61 55434
71 62 27640
71 63 23837
71 64 22742
71 65 -8518
71 66 -9017
71 67 44364
71 68 21310
71 69 26906
71 70 20995
71 72 46338
71 73 48625
71 74 52616
71 75 51944
71 76 23703
71 77 20776
71 78 10389
71 79 13049
71 80 29070
71 81 5808
71 82 39070
71 83 47568
71 84 52913
71 85 52159
71 86 58570
71 87 50094
71 88 31473
71 89 41893
71 90 23379
71 91 61573
71 92 56355
71 93 53320
71 94 46418
71 95 50034
71 96 51446
71 97 53262
71 98 57478
71 99 54240
71 100 57220
71 101 22816
71 102 12230
71 103 -2427
71 104 54379
71 105 36171
71 106 37751
71 107 32131
71 108 19234
71 109 32097
71 110 43603
71 111 26739
71 112 40434
71 113 56793
71 114 44857
71 115 50722
71 116 23188
71 117 52255
71 118 44311
71 119 64991
71 120 -524
71 121 19476
71 122 13712
71 123 34849
71 124 45782
71 125 49773
71 126 23851
71 127 29205
71 128 7799
71 129 17990
71 130 34535
71 131 12084
71 132 26154
71 133 53252
71 134 24108
71 135 -204
71 136 813
71 137 48901
71 138 31991
71 139 47054
71 140 69241
71 141 61224
71 142 64402
71 143 42342
71 144 52708
71 145 54639
71 146 36814
71 147 43354
71 148 28677
71 149 35449
71 150 27912
71 151 33376
72 1 30128
72 2 8313
72 3 25709
72 4 1032
72 5 27842
72 6 25171
72 7 39165
72 8 42373
72 9 36380
72 10 40920
72 11 48997
72 12 15727
72 13 14132
72 14 25410
72 15 11029
72 16 30435
72 17 38988
72 18 31138
72 19 47313
72 20 44023
72 21 1070
72 22 1601
72 23 -2544
72 24 20515
72 25 9775
72 26 9798
72 27 23103
72 28 19345
72 29 24062
72 30 37553
72 31 31681
72 32 44896
72 33 33050
72 34 32038
72 35 44590
72 36 55325
72 37 24608
72 38 31708
72 39 3443
72 40 8851
72 41 6963
72 42 15399
72 43 18035
72 44 30048
72 45 37901
72 46 44257
72 47 45619
72 48 38529
72 49 53223
72 50 26805
72 51 36302
72 52 31349
72 53 15989
72 54 11222
72 55 9425
72 56 545
72 57 9110
72 58 9750
72 59 21406
72 60 33510
72 61 28401
72 62 41043
72 63 50468
72 64 48673
72 65 44003
72 66 38584
72 67 3400
72 68 16991
72 69 30479
72 70 38902
72 71 43632
72 73 -844
72 74 -311
72 75 -230
72 76 22577
72 77 23117
72 78 32523
72 79 26575
72 80 20901
72 81 30499
72 82 36666
72 83 33674
72 84 32879
72 85 22114
72 86 28753
72 87 11398
72 88 38264
72 89 24936
72 90 50811
72 91 29176
72 92 24264
72 93 24607
72 94 18725
72 95 19037
72 96 24852
72 97 18964
72 98 25481
72 99 27059
72 100 22878
72 101 34567
72 102 24675
72 103 39430
72 104 27198
72 105 10194
72 106 36534
72 107 47578
72 108 41254
72 109 14462
72 110 2625
72 111 21347
72 112 18654
72 113 32270
72 114 36486
72 115 5642
72 116 21224
72 117 19362
72 118 25642
72 119 28689
72 120 32650
72 121 23017
72 122 36415
72 123 43799
72 124 47311
72 125 37114
72 126 49565
72 127 31839
72 128 44920
72 129 31803
72 130 9079
72 131 45994
72 132 28406
72 133 301
72 134 10903
72 135 42061
72 136 50092
72 137 12701
72 138 15982
72 139 6058
72 140 31495
72 141 28884
72 142 22821
72 143 53969
72 144 10256
72 145 3910
72 146 25985
72 147 22391
72 148 38914
72 149 6491
72 150 19743
72 151 16187
73 1 28727
73 2 5271
73 3 25709
73 4 3490
73 5 24694
73 6 22116
73 7 36552
73 8 39371
73 9 36044
73 10 38972
73 11 46717
73 12 15466
73 13 11022
73 14 22685
73 15 9220
73 16 27351
73 17 35826
73 18 28255
73 19 44772
73 20 42992
73 21 -240
73 22 2347
73 23 134
73 24 22001
73 25 12549
73 26 8694
73 27 20968
73 28 17729
73 29 25014
73 30 36186
73 31 29622
73 32 43327
73 33 32692
73 34 32502
73 35 44668
73 36 52497
73 37 21500
73 38 29095
73 39 6605
73 40 6393
73 41 6865
73 42 12670
73 43 15979
73 44 27128
73 45 34788
73 46 41241
73 47 42828
73 48 35766
73 49 50604
73 50 25955
73 51 35558
73 52 28812
73 53 13613
73 54 12513
73 55 11886
73 56 3630
73 57 6586
73 58 6926
73 59 18245
73 60 30430
73 61 25255
73 62 38776
73 63 48528
73 64 46430
73 65 43828
73 66 37772
73 67 6517
73 68 17353
73 69 28712
73 70 37294
73 71 43310
73 72 -3453
73 74 999
73 75 2195
73 76 21995
73 77 22972
73 78 32807
73 79 26664
73 80 21378
73 81 30267
73 82 33838
73 83 30615
73 84 29726
73 85 18982
73 86 25719
73 87 8324
73 88 35944
73 89 22072
73 90 49022
73 91 26105
73 92 21115
73 93 21450
73 94 15609
73 95 15876
73 96 21705
73 97 15819
73 98 22356
73 99 23899
73 100 19828
73 101 32897
73 102 24002
73 103 38846
73 104 24038
73 105 8143
73 106 33876
73 107 45159
73 108 39391
73 109 14631
73 110 4284
73 111 19935
73 112 15876
73 113 29129
73 114 33494
73 115 2704
73 116 21027
73 117 16200
73 118 22545
73 119 25814
73 120 32488
73 121 23806
73 122 35161
73 123 41225
73 124 44446
73 125 34007
73 126 47610
73 127 29619
73 128 43773
73 129 31980
73 130 10728
73 131 44528
73 132 26699
73 133 1498
73 134 12225
73 135 42121
73 136 50092
73 137 9546
73 138 14905
73 139 9149
73 140 28843
73 141 25870
73 142 20180
73 143 51262
73 144 7369
73 145 2512
73 146 23586
73 147 19395
73 148 36622
73 149 6154
73 150 20220
73 151 13840
74 1 32933
74 2 7976
74 3 28868
74 4 3490
74 5 28269
74 6 26113
74 7 40970
74 8 43430
74 9 39513
74 10 43399
74 11 51189
74 12 18853
74 13 14897
74 14 23997
74 15 8670
74 16 29893
74 17 39101
74 18 32496
74 19 49210
74 20 46992
74 21 3669
74 22 -1562
74 23 -4103
74 24 23411
74 25 11584
74 26 12685
74 27 25425
74 28 22020
74 29 27130
74 30 40381
74 31 34071
74 32 47624
74 33 36176
74 34 35183
74 35 47752
74 36 56771
74 37 24239
74 38 30064
74 39 3878
74 40 10865
74 41 3878
74 42 14077
74 43 15820
74 44 29006
74 45 38541
74 46 45262
74 47 47138
74 48 40099
74 49 55011
74 50 29820
74 51 39354
74 52 33259
74 53 18086
74 54 14237
74 55 11684
74 56 405
74 57 7622
74 58 11285
74 59 21516
74 60 34329
74 61 28233
74 62 43248
74 63 52955
74 64 50902
74 65 47156
74 66 41624
74 67 3047
74 68 20150
74 69 33077
74 70 41603
74 71 46768
74 72 -3453
74 73 466
74 75 -2009
74 76 25655
74 77 26264
74 78 35682
74 79 29737
74 80 24054
74 81 33642
74 82 38124
74 83 34559
74 84 33236
74 85 21860
74 86 28004
74 87 10975
74 88 40416
74 89 26348
74 90 53405
74 91 28611
74 92 24186
74 93 24607
74 94 19431
74 95 19335
74 96 25324
74 97 18875
74 98 25198
74 99 27336
74 100 22252
74 101 37229
74 102 27739
74 103 42522
74 104 27475
74 105 12570
74 106 38276
74 107 49621
74 108 43796
74 109 17623
74 110 5656
74 111 24136
74 112 20234
74 113 32037
74 114 37574
74 115 5082
74 116 24365
74 117 19643
74 118 26388
74 119 27557
74 120 35801
74 121 26121
74 122 39292
74 123 45653
74 124 48688
74 125 37788
74 126 52040
74 127 34088
74 128 47846
74 129 34965
74 130 11962
74 131 48778
74 132 31041
74 133 -2782
74 134 13880
74 135 45223
74 136 53253
74 137 13189
74 138 18900
74 139 7169
74 140 29914
74 141 28092
74 142 21317
74 143 55625
74 144 9352
74 145 1526
74 146 28056
74 147 23508
74 148 41094
74 149 9582
74 150 22896
74 151 18312
75 1 35420
75 2 11503
75 3 30151
75 4 2905
75 5 31863
75 6 29704
75 7 44348
75 8 47017
75 9 41025
75 10 46305
75 11 54345
75 12 20513
75 13 18498
75 14 26867
75 15 10706
75 16 33244
75 17 42643
75 18 36025
75 19 52548
75 20 49130
75 21 6447
75 22 -601
75 23 -7660
75 24 23186
75 25 9694
75 26 15072
75 27 28472
75 28 24708
75 29 27436
75 30 42820
75 31 37063
75 32 50220
75 33 37748
75 34 35904
75 35 48829
75 36 60286
75 37 27677
75 38 32698
75 39 887
75 40 14092
75 41 4729
75 42 17074
75 43 17943
75 44 32110
75 45 42145
75 46 48855
75 47 50630
75 48 43573
75 49 58404
75 50 31861
75 51 41254
75 52 36581
75 53 21285
75 54 14519
75 55 10400
75 56 -2543
75 57 10615
75 58 14733
75 59 25074
75 60 37932
75 61 31715
75 62 46393
75 63 55852
75 64 54032
75 65 48454
75 66 43549
75 67 -451
75 68 21155
75 69 35853
75 70 44244
75 71 48238
75 72 -1230
75 73 3804
75 74 133
75 76 27500
75 77 27707
75 78 36617
75 79 30904
75 80 24980
75 81 35083
75 82 41631
75 83 38159
75 84 36821
75 85 25324
75 86 31248
75 87 14429
75 88 43598
75 89 29858
75 90 56182
75 91 31964
75 92 27709
75 93 28139
75 94 23036
75 95 22923
75 96 28924
75 97 22403
75 98 28661
75 99 30917
75 100 25589
75 101 39924
75 102 29614
75 103 44255
75 104 31056
75 105 15566
75 106 41681
75 107 52877
75 108 46634
75 109 18946
75 110 6420
75 111 26658
75 112 23686
75 113 35491
75 114 41156
75 115 8570
75 116 25879
75 117 23232
75 118 29993
75 119 30613
75 120 37152
75 121 26615
75 122 41641
75 123 49012
75 124 52219
75 125 41393
75 126 54949
75 127 37197
75 128 50084
75 129 36044
75 130 11881
75 131 51287
75 132 33773
75 133 -2620
75 134 13940
75 135 46325
75 136 54396
75 137 16794
75 138 21208
75 139 4786
75 140 32604
75 141 31329
75 142 24156
75 143 59072
75 144 12643
75 145 3960
75 146 31283
75 147 27078
75 148 44257
75 149 11478
75 150 23822
75 151 21500
76 1 7217
76 2 24924
76 3 2334
76 4 14892
76 5 28970
76 6 25927
76 7 25831
76 8 35582
76 9 10633
76 10 19923
76 11 30065
76 12 3563
76 13 20392
76 14 39542
76 15 32374
76 16 37996
76 17 40323
76 18 24082
76 19 31378
76 20 18327
76 21 18959
76 22 27525
76 23 21338
76 24 11806
76 25 18539
76 26 8305
76 27 10412
76 28 6939
76 29 7998
76 30 13125
76 31 12877
76 32 20968
76 33 7323
76 34 9701
76 35 19970
76 36 42718
76 37 33714
76 38 45780
76 39 21795
76 40 16684
76 41 32360
76 42 31105
76 43 37612
76 44 41194
76 45 34557
76 46 36420
76 47 33077
76 48 26374
76 49 37253
76 50 1190
76 51 10254
76 52 19771
76 53 14240
76 54 10085
76 55 15562
76 56 23599
76 57 28068
76 58 15500
76 59 27490
76 60 31509
76 61 33644
76 62 22840
76 63 28648
76 64 28584
76 65 18522
76 66 12549
76 67 21721
76 68 -91
76 69 10906
76 70 16110
76 71 17882
76 72 19462
76 73 21489
76 74 25682
76 75 25385
76 77 -419
76 78 9517
76 79 3049
76 80 6656
76 81 5082
76 82 26479
76 83 29914
76 84 33439
76 85 29127
76 86 36707
76 87 24183
76 88 21667
76 89 20658
76 90 28166
76 91 38085
76 92 32155
76 93 30371
76 94 22477
76 95 25628
76 96 28426
76 97 28293
76 98 33658
76 99 31388
76 100 33014
76 101 12824
76 102 -1386
76 103 13374
76 104 31527
76 105 9542
76 106 24517
76 107 30095
76 108 19458
76 109 6229
76 110 17317
76 111 2923
76 112 16618
76 113 36487
76 114 29886
76 115 23711
76 116 -1109
76 117 27241
76 118 24402
76 119 40785
76 120 7365
76 121 6000
76 122 11664
76 123 28648
76 124 36438
76 125 33653
76 126 27910
76 127 15529
76 128 19473
76 129 8782
76 130 11016
76 131 21606
76 132 8790
76 133 26358
76 134 3880
76 135 17423
76 136 25144
76 137 22795
76 138 4939
76 139 22808
76 140 45172
76 141 38195
76 142 38659
76 143 39381
76 144 26242
76 145 27436
76 146 15789
76 147 21188
76 148 21432
76 149 8485
76 150 5498
76 151 9367
77 1 10003
77 2 27894
77 3 -1546
77 4 15175
77 5 33076
77 6 29965
77 7 29482
77 8 39569
77 9 8776
77 10 22351
77 11 32712
77 12 5036
77 13 24103
77 14 43181
77 15 35199
77 16 41984
77 17 44445
77 18 28149
77 19 34536
77 20 18391
77 21 20950
77 22 29232
77 23 21908
77 24 8764
77 25 17278
77 26 10920
77 27 14518
77 28 10921
77 29 4043
77 30 14401
77 31 16056
77 32 22177
77 33 5553
77 34 6056
77 35 17210
77 36 46148
77 37 37537
77 38 49512
77 39 21622
77 40 19653
77 41 34310
77 42 34504
77 43 40740
77 44 45031
77 45 38636
77 46 40284
77 47 36593
77 48 30011
77 49 40239
77 50 3016
77 51 9778
77 52 23748
77 53 17961
77 54 9381
77 55 14322
77 56 24334
77 57 31029
77 58 18926
77 59 31419
77 60 35632
77 61 37686
77 62 25808
77 63 30590
77 64 30779
77 65 16357
77 66 11814
77 67 21072
77 68 -2707
77 69 14398
77 70 18287
77 71 15997
77 72 21044
77 73 23508
77 74 27333
77 75 26634
77 76 623
77 78 5939
77 79 -548
77 80 4762
77 81 2846
77 82 30323
77 83 34018
77 84 37560
77 85 33083
77 86 40716
77 87 27648
77 88 25047
77 89 24776
77 90 29918
77 91 41980
77 92 35997
77 93 34349
77 94 26403
77 95 29466
77 96 32425
77 97 32012
77 98 37535
77 99 35388
77 100 36821
77 101 15562
77 102 -1175
77 103 12194
77 104 35527
77 105 12927
77 106 28323
77 107 33003
77 108 21620
77 109 6792
77 110 18313
77 111 7032
77 112 20624
77 113 40581
77 114 33898
77 115 26548
77 116 -2035
77 117 30974
77 118 28523
77 119 44557
77 120 5000
77 121 2055
77 122 12915
77 123 31959
77 124 40127
77 125 37734
77 126 29920
77 127 19141
77 128 19763
77 129 5036
77 130 10286
77 131 22588
77 132 12382
77 133 27952
77 134 1686
77 135 14657
77 136 22587
77 137 26244
77 138 8191
77 139 22652
77 140 48926
77 141 42119
77 142 42105
77 143 42581
77 144 29462
77 145 29757
77 146 19904
77 147 25271
77 148 24600
77 149 10260
77 150 3604
77 151 13413
78 1 16811
78 2 39871
78 3 4846
78 4 24646
78 5 43904
78 6 41284
78 7 36797
78 8 48357
78 9 1659
78 10 25766
78 11 36063
78 12 16740
78 13 36007
78 14 55142
78 15 47084
78 16 53427
78 17 54882
78 18 37733
78 19 39597
78 20 15598
78 21 32375
78 22 40220
78 23 31236
78 24 11806
78 25 23585
78 26 22859
78 27 24906
78 28 22505
78 29 3438
78 30 15472
78 31 22286
78 32 21618
78 33 4553
78 34 -5915
78 35 6197
78 36 51929
78 37 49323
78 38 61401
78 39 29854
78 40 31654
78 41 45514
78 42 46543
78 43 52748
78 44 56793
78 45 48125
78 46 48174
78 47 42904
78 48 37011
78 49 44284
78 50 10671
78 51 7670
78 52 32919
78 53 29851
78 54 18166
78 55 21030
78 56 34126
78 57 42992
78 58 30953
78 59 43029
78 60 46063
78 61 48934
78 62 30641
78 63 31833
78 64 32144
78 65 6206
78 66 5736
78 67 27956
78 68 6221
78 69 22421
78 70 22002
78 71 7171
78 72 32011
78 73 34904
78 74 38312
78 75 37105
78 76 12120
78 77 7500
78 79 -1294
78 80 13865
78 81 -2009
78 82 38384
78 83 43895
78 84 48110
78 85 44622
78 86 52077
78 87 39674
78 88 31587
78 89 35526
78 90 30901
78 91 53649
78 92 47758
78 93 45837
78 94 38030
78 95 41235
78 96 43864
78 97 43911
78 98 49240
78 99 46816
78 100 48627
78 101 21204
78 102 3983
78 103 6170
78 104 46955
78 105 24956
78 106 36385
78 107 37174
78 108 24174
78 109 17766
78 110 28795
78 111 17806
78 112 32083
78 113 51486
78 114 42896
78 115 38471
78 116 9942
78 117 42860
78 118 39087
78 119 56404
78 120 -3313
78 121 3050
78 122 14758
78 123 37676
78 124 47236
78 125 47248
78 126 31428
78 127 26861
78 128 17194
78 129 2965
78 130 18702
78 131 21470
78 132 20855
78 133 38816
78 134 7880
78 135 3770
78 136 11847
78 137 38271
78 138 20222
78 139 31070
78 140 60792
78 141 53725
78 142 54138
78 143 47459
78 144 41497
78 145 41323
78 146 30306
78 147 36371
78 148 30262
78 149 21744
78 150 12707
78 151 24779
79 1 12618
79 2 34284
79 3 -768
79 4 20159
79 5 38609
79 6 35809
79 7 32802
79 8 43834
79 9 3825
79 10 23297
79 11 33770
79 12 11257
79 13 30365
79 14 49491
79 15 41555
79 16 47927
79 17 49743
79 18 32868
79 19 36588
79 20 15791
79 21 27061
79 22 35126
79 23 26901
79 24 9606
79 25 20456
79 26 17289
79 27 19679
79 28 16921
79 29 2218
79 30 13809
79 31 18592
79 32 20968
79 33 2210
79 34 -285
79 35 11072
79 36 48683
79 37 43713
79 38 55767
79 39 25967
79 40 26050
79 41 40325
79 42 40890
79 43 47140
79 44 51193
79 45 43342
79 46 44039
79 47 39402
79 48 33192
79 49 41785
79 50 5855
79 51 7060
79 52 28162
79 53 24210
79 54 13821
79 55 17671
79 56 29556
79 57 37415
79 58 25298
79 59 37470
79 60 40903
79 61 43498
79 62 27640
79 63 30440
79 64 30828
79 65 10614
79 66 7798
79 67 24722
79 68 1348
79 69 17931
79 70 19212
79 71 10679
79 72 26911
79 73 29609
79 74 33215
79 75 32240
79 76 6500
79 77 1861
79 78 -446
79 80 9099
79 81 -2009
79 82 34125
79 83 38944
79 84 42920
79 85 39088
79 86 46609
79 87 34018
79 88 27844
79 89 30231
79 90 29562
79 91 48075
79 92 42154
79 93 40317
79 94 32461
79 95 35628
79 96 38356
79 97 38272
79 98 43653
79 99 41313
79 100 43013
79 101 17600
79 102 -324
79 103 7933
79 104 41452
79 105 19301
79 106 32088
79 107 34540
79 108 22081
79 109 12553
79 110 23881
79 111 12405
79 112 26556
79 113 46176
79 114 38284
79 115 32917
79 116 4331
79 117 37223
79 118 33880
79 119 50780
79 120 -524
79 121 810
79 122 12604
79 123 34375
79 124 43399
79 125 42453
79 126 29907
79 127 22604
79 128 17364
79 129 -1035
79 130 14547
79 131 21059
79 132 16190
79 133 33778
79 134 4404
79 135 8536
79 136 16570
79 137 32615
79 138 14569
79 139 27077
79 140 55164
79 141 48173
79 142 48483
79 143 44594
79 144 35865
79 145 35958
79 146 25097
79 147 30965
79 148 26894
79 149 16381
79 150 7941
79 151 19269
80 1 15796
80 2 25271
80 3 3688
80 4 9117
80 5 34507
80 6 30874
80 7 34023
80 8 42959
80 9 14681
80 10 28463
80 11 38658
80 12 2817
80 13 23533
80 14 41944
80 15 32012
80 16 42260
80 17 46194
80 18 31138
80 19 39918
80 20 25065
80 21 16846
80 22 24431
80 23 15871
80 24 3562
80 25 10571
80 26 8694
80 27 17483
80 28 12505
80 29 2432
80 30 21018
80 31 21441
80 32 28829
80 33 11850
80 34 9210
80 35 21906
80 36 51083
80 37 37125
80 38 48499
80 39 15160
80 40 17449
80 41 29773
80 42 32662
80 43 38121
80 44 44529
80 45 41381
80 46 44148
80 47 41377
80 48 34552
80 49 45834
80 50 9259
80 51 16390
80 52 27362
80 53 17886
80 54 2883
80 55 7613
80 56 18513
80 57 28241
80 58 17709
80 59 31539
80 60 37639
80 61 38378
80 62 31433
80 63 37006
80 64 37069
80 65 21633
80 66 18223
80 67 14413
80 68 -5707
80 69 19377
80 70 24541
80 71 21695
80 72 16232
80 73 19318
80 74 22527
80 75 21311
80 76 5102
80 77 2166
80 78 9708
80 79 4094
80 81 8695
80 82 34315
80 83 36559
80 84 39277
80 85 33259
80 86 41069
80 87 26131
80 88 30128
80 89 26683
80 90 36411
80 91 41813
80 92 35716
80 93 34686
80 94 26641
80 95 29243
80 96 32979
80 97 31289
80 98 37349
80 99 35910
80 100 36294
80 101 21411
80 102 5506
80 103 18465
80 104 36049
80 105 12006
80 106 32475
80 107 38692
80 108 27906
80 109 2399
80 110 12985
80 111 10412
80 112 21522
80 113 41710
80 114 37169
80 115 23642
80 116 1386
80 117 30374
80 118 30365
80 119 43801
80 120 10500
80 121 810
80 122 19524
80 123 37120
80 124 44525
80 125 40473
80 126 36301
80 127 23835
80 128 26459
80 129 9145
80 130 3721
80 131 29275
80 132 17210
80 133 23010
80 134 -4717
80 135 19408
80 136 27487
80 137 24848
80 138 8057
80 139 16220
80 140 48003
80 141 42030
80 142 40342
80 143 47894
80 144 27286
80 145 25816
80 146 22609
80 147 26589
80 148 29984
80 149 6491
80 150 -3104
80 151 14810
81 1 11453
81 2 38330
81 3 4626
81 4 26088
81 5 39562
81 6 37513
81 7 30976
81 8 42894
81 9 -2341
81 10 19460
81 11 29739
81 12 16139
81 13 33185
81 14 52316
81 15 45790
81 16 49619
81 17 50178
81 18 32709
81 19 33354
81 20 9848
81 21 32038
81 22 40398
81 23 32855
81 24 15813
81 25 26776
81 26 21656
81 27 20683
81 28 19528
81 29 7998
81 30 9155
81 31 16369
81 32 15554
81 33 -619
81 34 -865
81 35 6645
81 36 45728
81 37 46108
81 38 58298
81 39 32139
81 40 30099
81 41 45432
81 42 44256
81 43 50948
81 44 53456
81 45 42917
81 46 42378
81 47 36796
81 48 31059
81 49 37965
81 50 6435
81 51 1465
81 52 27831
81 53 27167
81 54 19901
81 55 23977
81 56 35382
81 57 41471
81 58 28722
81 59 39546
81 60 41466
81 61 44929
81 62 24415
81 63 25585
81 64 25930
81 65 5228
81 66 1474
81 67 31023
81 68 7326
81 69 17219
81 70 15782
81 71 4821
81 72 32218
81 73 34595
81 74 38503
81 75 37802
81 76 9916
81 77 6638
81 78 222
81 79 -626
81 80 15083
81 82 32721
81 83 38944
81 84 43528
81 85 40987
81 86 48133
81 87 37293
81 88 25656
81 89 31286
81 90 24655
81 91 50187
81 92 44521
81 93 42158
81 94 34641
81 95 38054
81 96 40177
81 97 41001
81 98 45874
81 99 43089
81 100 45433
81 101 15315
81 102 -576
81 103 1610
81 104 43228
81 105 22844
81 106 30787
81 107 30871
81 108 17849
81 109 17955
81 110 29464
81 111 14237
81 112 28585
81 113 47118
81 114 37529
81 115 37127
81 116 9071
81 117 39945
81 118 34577
81 119 53251
81 120 -6052
81 121 6892
81 122 8453
81 123 31514
81 124 41279
81 125 42059
81 126 25156
81 127 21314
81 128 11455
81 129 4673
81 130 20689
81 131 15490
81 132 15873
81 133 39129
81 134 10720
81 135 4127
81 136 11730
81 137 35954
81 138 18348
81 139 33221
81 140 57632
81 141 50128
81 142 51744
81 143 41178
81 144 39552
81 145 40729
81 146 25985
81 147 32390
81 148 24154
81 149 21375
81 150 13925
81 151 21301
82 1 22664
82 2 32327
82 3 35676
82 4 40348
82 5 9914
82 6 18817
82 7 1579
82 8 2972
82 9 33718
82 10 13599
82 11 11733
82 12 33492
82 13 21524
82 14 29852
82 15 35379
82 16 20678
82 17 14439
82 18 3615
82 19 5907
82 20 29968
82 21 36959
82 22 42910
82 23 41855
82 24 45762
82 25 48160
82 26 30138
82 27 17460
82 28 25362
82 29 42252
82 30 21178
82 31 9049
82 32 20286
82 33 34881
82 34 39721
82 35 44308
82 36 10774
82 37 24772
82 38 31465
82 39 46851
82 40 30751
82 41 44927
82 42 28193
82 43 35461
82 44 27234
82 45 4099
82 46 2077
82 47 1155
82 48 -5604
82 49 9851
82 50 27805
82 51 29989
82 52 10397
82 53 25164
82 54 40516
82 55 45627
82 56 44996
82 57 32496
82 58 24582
82 59 17973
82 60 11677
82 61 15693
82 62 7371
82 63 18880
82 64 9789
82 65 36944
82 66 24351
82 67 47418
82 68 34066
82 69 19906
82 70 21441
82 71 37636
82 72 37938
82 73 37719
82 74 42538
82 75 43903
82 76 30866
82 77 33668
82 78 40168
82 79 35061
82 80 40256
82 81 32274
82 83 4609
82 84 10371
82 85 15559
82 86 16723
82 87 24073
82 88 8670
82 89 12895
82 90 22972
82 91 25036
82 92 24516
82 93 17719
82 94 17843
82 95 20708
82 96 18729
82 97 24260
82 98 23344
82 99 19854
82 100 22964
82 101 19765
82 102 25673
82 103 31889
82 104 19993
82 105 24774
82 106 2074
82 107 7945
82 108 14483
82 109 36302
82 110 40629
82 111 23511
82 112 17959
82 113 13483
82 114 -1283
82 115 32085
82 116 33212
82 117 25005
82 118 5302
82 119 28616
82 120 32893
82 121 40265
82 122 23903
82 123 2449
82 124 2838
82 125 3505
82 126 18038
82 127 10637
82 128 28172
82 129 40977
82 130 40947
82 131 23172
82 132 20107
82 133 42488
82 134 36963
82 135 42374
82 136 47532
82 137 26778
82 138 29188
82 139 48422
82 140 30523
82 141 22284
82 142 33621
82 143 9911
82 144 28568
82 145 38012
82 146 17314
82 147 13216
82 148 6943
82 149 32528
82 150 39098
82 151 17039
83 1 26134
83 2 25271
83 3 37399
83 4 36473
83 5 -15
83 6 12132
83 7 10066
83 8 3780
83 9 38670
83 10 21768
83 11 21687
83 12 32548
83 13 14897
83 14 19871
83 15 26558
83 16 10683
83 17 6118
83 18 1721
83 19 15929
83 20 36755
83 21 31953
83 22 36386
83 23 35865
83 24 45381
83 25 45095
83 26 27436
83 27 17483
83 28 24505
83 29 43247
83 30 27713
83 31 14958
83 32 28829
83 33 38338
83 34 43168
83 35 49480
83 36 18331
83 37 15341
83 38 21533
83 39 42197
83 40 26085
83 41 37704
83 42 18980
83 43 25911
83 44 17187
83 45 -567
83 46 5318
83 47 9678
83 48 4044
83 49 19020
83 50 30287
83 51 35071
83 52 12066
83 53 21731
83 54 38559
83 55 42922
83 56 39659
83 57 24392
83 58 19481
83 59 8968
83 60 2767
83 61 5651
83 62 16417
83 63 28360
83 64 19801
83 65 43668
83 66 31759
83 67 42486
83 68 34341
83 69 22986
83 70 27504
83 71 43688
83 72 32500
83 73 32050
83 74 36527
83 75 37985
83 76 31855
83 77 34917
83 78 43233
83 79 37434
83 80 40054
83 81 36051
83 82 2163
83 84 587
83 85 5672
83 86 7178
83 87 15894
83 88 15796
83 89 8782
83 90 31842
83 91 15064
83 92 15554
83 93 8125
83 94 10638
83 95 12657
83 96 10345
83 97 15819
83 98 13801
83 99 10797
83 100 13225
83 101 24663
83 102 28614
83 103 37785
83 104 10936
83 105 21468
83 106 8281
83 107 17993
83 108 22783
83 109 34952
83 110 36533
83 111 24136
83 112 13747
83 113 4317
83 114 -1729
83 115 25056
83 116 33939
83 117 17277
83 118 -3840
83 119 18578
83 120 37330
83 121 41260
83 122 29520
83 123 12499
83 124 10391
83 125 -1466
83 126 27466
83 127 15020
83 128 35488
83 129 43319
83 130 38645
83 131 31467
83 132 22717
83 133 36087
83 134 36050
83 135 47314
83 136 53253
83 137 19977
83 138 27941
83 139 44106
83 140 20601
83 141 12266
83 142 24031
83 143 18648
83 144 20430
83 145 30707
83 146 16637
83 147 7271
83 148 15232
83 149 29620
83 150 38896
83 151 14810
84 1 31573
84 2 24056
84 3 41800
84 4 37442
84 5 -2963
84 6 13130
84 7 16772
84 8 8611
84 9 44356
84 10 28420
84 11 28222
84 12 35697
84 13 14822
84 14 14230
84 15 22983
84 16 4264
84 17 799
84 18 7741
84 19 22182
84 20 43065
84 21 32333
84 22 35238
84 23 34963
84 24 48490
84 25 46445
84 26 29671
84 27 21902
84 28 28099
84 29 47127
84 30 34012
84 31 21286
84 32 35498
84 33 43510
84 34 48178
84 35 55173
84 36 22753
84 37 11526
84 38 14974
84 39 42397
84 40 27063
84 41 35872
84 42 15076
84 43 21203
84 44 10992
84 45 -27
84 46 8274
84 47 14932
84 48 10106
84 49 24340
84 50 35200
84 51 40869
84 52 17748
84 53 23961
84 54 40864
84 55 44573
84 56 39432
84 57 21906
84 58 20379
84 59 6410
84 60 5232
84 61 -431
84 62 23125
84 63 35051
84 64 25963
84 65 49866
84 66 38188
84 67 42316
84 68 37999
84 69 28435
84 70 33740
84 71 49713
84 72 32385
84 73 31841
84 74 35884
84 75 37327
84 76 36060
84 77 39139
84 78 48128
84 79 42090
84 80 43452
84 81 41315
84 82 8605
84 83 1267
84 85 835
84 86 472
84 87 13694
84 88 22394
84 89 12140
84 90 38543
84 91 9685
84 92 12767
84 93 4423
84 94 10542
84 95 11280
84 96 9244
84 97 13608
84 98 9844
84 99 8563
84 100 8574
84 101 30626
84 102 33662
84 103 43801
84 104 8702
84 105 23559
84 106 14942
84 107 24378
84 108 29443
84 109 37791
84 110 37453
84 111 28425
84 112 16052
84 113 -2198
84 114 3931
84 115 23797
84 116 37931
84 117 16061
84 118 -2515
84 119 12668
84 120 42815
84 121 45173
84 122 35571
84 123 18875
84 124 15449
84 125 -475
84 126 34162
84 127 21099
84 128 41929
84 129 47945
84 130 40693
84 131 38102
84 132 27972
84 133 35035
84 134 38920
84 135 52933
84 136 59135
84 137 19393
84 138 31111
84 139 44612
84 140 14031
84 141 5906
84 142 19397
84 143 23729
84 144 18066
84 145 28910
84 146 20998
84 147 9224
84 148 21922
84 149 31570
84 150 42294
84 151 18046
85 1 33384
85 2 15918
85 3 40903
85 4 31139
85 5 976
85 6 11136
85 7 24032
85 8 18409
85 9 46111
85 10 34247
85 11 36237
85 12 32893
85 13 9215
85 14 4894
85 15 12804
85 16 -456
85 17 8317
85 18 13452
85 19 30920
85 20 46847
85 21 25667
85 22 26661
85 23 26399
85 24 45037
85 25 40377
85 26 25739
85 27 22443
85 28 26660
85 29 44998
85 30 37944
85 31 25827
85 32 41249
85 33 44187
85 34 48161
85 35 56746
85 36 32886
85 37 1785
85 38 8539
85 39 34964
85 40 21636
85 41 26684
85 42 4860
85 43 10988
85 44 3426
85 45 10239
85 46 18569
85 47 24681
85 48 19161
85 49 34078
85 50 35630
85 51 43090
85 52 21455
85 53 20808
85 54 36414
85 55 38972
85 56 31662
85 57 12454
85 58 15280
85 59 -412
85 60 10566
85 61 -3030
85 62 30036
85 63 42090
85 64 34798
85 65 52887
85 66 42294
85 67 34334
85 68 35756
85 69 30556
85 70 37633
85 71 52299
85 72 24960
85 73 24437
85 74 27848
85 75 29170
85 76 35088
85 77 38002
85 78 47980
85 79 41598
85 80 40774
85 81 42114
85 82 17133
85 83 9692
85 84 4175
85 86 -1644
85 87 4942
85 88 28210
85 89 13017
85 90 44794
85 91 198
85 92 4554
85 93 -2648
85 94 6198
85 95 4848
85 96 5349
85 97 5458
85 98 200
85 99 3924
85 100 -1719
85 101 33824
85 102 34252
85 103 46487
85 104 4063
85 105 19840
85 106 21569
85 107 32832
85 108 35271
85 109 34385
85 110 31236
85 111 28054
85 112 14055
85 113 719
85 114 13282
85 115 15523
85 116 36435
85 117 9217
85 118 2205
85 119 4044
85 120 44038
85 121 43160
85 122 38711
85 123 27399
85 124 25284
85 125 9821
85 126 41148
85 127 25134
85 128 46242
85 129 47361
85 130 35820
85 131 43537
85 132 29643
85 133 26529
85 134 35205
85 135 54345
85 136 61198
85 137 12546
85 138 28657
85 139 37582
85 140 7737
85 141 -320
85 142 9138
85 143 33605
85 144 8879
85 145 19852
85 146 21871
85 147 8642
85 148 28342
85 149 27007
85 150 39616
85 151 16737
86 1 44857
86 2 27287
86 3 53332
86 4 43127
86 5 9193
86 6 23281
86 7 31525
86 8 22279
86 9 57727
86 10 43146
86 11 42700
86 12 45533
86 13 21823
86 14 6453
86 15 19850
86 16 -456
86 17 6758
86 18 22216
86 19 36324
86 20 57352
86 21 37647
86 22 37049
86 23 36486
86 24 57667
86 25 52369
86 26 38376
86 27 34283
86 28 39098
86 29 57620
86 30 48317
86 31 35703
86 32 50236
86 33 56194
86 34 60429
86 35 68476
86 36 34437
86 37 13438
86 38 1329
86 39 46163
86 40 34123
86 41 36227
86 42 12935
86 43 14947
86 44 2054
86 45 11471
86 46 19106
86 47 27963
86 48 24182
86 49 37044
86 50 47670
86 51 54462
86 52 31719
86 53 33429
86 54 48950
86 55 51172
86 56 42700
86 57 22222
86 58 27869
86 59 12231
86 60 19140
86 61 2498
86 62 37879
86 63 49766
86 64 39806
86 65 63921
86 66 52612
86 67 44902
86 68 48373
86 69 41838
86 70 48000
86 71 63542
86 72 36431
86 73 36006
86 74 38824
86 75 39926
86 76 47500
86 77 50467
86 78 60267
86 79 53951
86 80 53416
86 81 54092
86 82 23129
86 83 16030
86 84 8644
86 85 3188
86 87 16293
86 88 37084
86 89 24419
86 90 53306
86 91 8081
86 92 16993
86 93 9756
86 94 18788
86 95 17468
86 96 17664
86 97 17616
86 98 12335
86 99 16156
86 100 7809
86 101 44585
86 102 46258
86 103 57653
86 104 16295
86 105 32489
86 106 29689
86 107 38660
86 108 44175
86 109 47031
86 110 43318
86 111 40270
86 112 26441
86 113 -3612
86 114 18184
86 115 26704
86 116 48955
86 117 21709
86 118 11009
86 119 4853
86 120 55876
86 121 55769
86 122 49563
86 123 33203
86 124 28470
86 125 11687
86 126 48887
86 127 35303
86 128 56389
86 129 59739
86 130 48268
86 131 52804
86 132 41130
86 133 36973
86 134 47821
86 135 66135
86 136 72717
86 137 24830
86 138 41262
86 139 49098
86 140 363
86 141 -2047
86 142 14926
86 143 36199
86 144 19400
86 145 29813
86 146 33526
86 147 20427
86 148 36681
86 149 39571
86 150 52258
86 151 29070
87 1 30202
87 2 3342
87 3 33810
87 4 19162
87 5 10606
87 6 11463
87 7 28733
87 8 27375
87 9 41589
87 10 35798
87 11 40727
87 12 24295
87 13 2177
87 14 8116
87 15 3934
87 16 11330
87 17 20658
87 18 18422
87 19 36873
87 20 44962
87 21 13715
87 22 14064
87 23 13822
87 24 35061
87 25 28390
87 26 16465
87 27 19357
87 28 20527
87 29 36265
87 30 36681
87 31 26418
87 32 42032
87 33 38755
87 34 41411
87 35 51644
87 36 41785
87 37 5559
87 38 14711
87 39 22400
87 40 11341
87 41 14471
87 42 -735
87 43 6551
87 44 11456
87 45 21103
87 46 28738
87 47 32695
87 48 26173
87 49 41630
87 50 30475
87 51 39431
87 52 22768
87 53 13772
87 54 25837
87 55 27316
87 56 19044
87 57 797
87 58 6198
87 59 3423
87 60 17940
87 61 9586
87 62 33358
87 63 44830
87 64 40204
87 65 49282
87 66 40422
87 67 21685
87 68 27293
87 69 28270
87 70 36722
87 71 48480
87 72 12490
87 73 12025
87 74 15209
87 75 16521
87 76 28390
87 77 30813
87 78 41278
87 79 34774
87 80 31892
87 81 36666
87 82 23893
87 83 18160
87 84 15280
87 85 3188
87 86 9707
87 88 30646
87 89 13733
87 90 46452
87 91 10074
87 92 5765
87 93 6186
87 94 4238
87 95 2336
87 96 8356
87 97 646
87 98 6525
87 99 9581
87 100 3809
87 101 32375
87 102 29057
87 103 43054
87 104 9720
87 105 11513
87 106 25907
87 107 38145
87 108 36653
87 109 25044
87 110 19417
87 111 22778
87 112 10345
87 113 13359
87 114 21730
87 115 2888
87 116 28971
87 117 3271
87 118 9761
87 119 10368
87 120 38882
87 121 34617
87 122 36548
87 123 33203
87 124 33682
87 125 20463
87 126 43861
87 127 25671
87 128 45008
87 129 40391
87 130 24844
87 131 43847
87 132 26817
87 133 13916
87 134 25129
87 135 49125
87 136 56585
87 137 2203
87 138 20919
87 139 25161
87 140 14263
87 141 9898
87 142 6768
87 143 41618
87 144 -3167
87 145 7511
87 146 19904
87 147 9506
87 148 31258
87 149 16810
87 150 30734
87 151 12100
88 1 11884
88 2 32410
88 3 25459
88 4 35274
88 5 17511
88 6 21117
88 7 2073
88 8 14927
88 9 21742
88 10 2694
88 11 7369
88 12 25903
88 13 22192
88 14 36269
88 15 37951
88 16 28996
88 17 25130
88 18 8429
88 19 6508
88 20 18004
88 21 33814
88 22 41374
88 23 39082
88 24 36886
88 25 41784
88 26 24725
88 27 11270
88 28 18718
88 29 32292
88 30 9125
88 31 -2714
88 32 9789
88 33 23553
88 34 28200
88 35 32261
88 36 17687
88 37 29871
88 38 39769
88 39 42340
88 40 27863
88 41 44427
88 42 32104
88 43 39832
88 44 34845
88 45 15784
88 46 13370
88 47 8192
88 48 2011
88 49 12616
88 50 17392
88 51 18024
88 52 6803
88 53 21668
88 54 33422
88 55 38972
88 56 41594
88 57 34033
88 58 22741
88 59 22646
88 60 18649
88 61 23803
88 62 -517
88 63 10849
88 64 7102
88 65 25015
88 66 12694
88 67 42945
88 68 24989
88 69 9989
88 70 9376
88 71 25565
88 72 35062
88 73 35351
88 74 40356
88 75 41396
88 76 21580
88 77 23918
88 78 28897
88 79 24306
88 80 31595
88 81 20735
88 82 4196
88 83 13768
88 84 19686
88 85 22162
88 86 26204
88 87 26352
88 89 13616
88 90 13171
88 91 31821
88 92 28819
88 93 23644
88 94 20018
88 95 23646
88 96 22857
88 97 27419
88 98 28818
88 99 24950
88 100 28737
88 101 8204
88 102 14809
88 103 19806
88 104 25089
88 105 20619
88 106 3145
88 107 6033
88 108 3731
88 109 28944
88 110 36047
88 111 15268
88 112 16643
88 113 23522
88 114 10091
88 115 32005
88 116 23960
88 117 27189
88 118 12184
88 119 35667
88 120 21051
88 121 30363
88 122 11874
88 123 3579
88 124 12236
88 125 15064
88 126 9882
88 127 1261
88 128 16435
88 129 30214
88 130 34131
88 131 12307
88 132 10501
88 133 40737
88 134 28705
88 135 30368
88 136 35449
88 137 27140
88 138 22372
88 139 43594
88 140 38888
88 141 30354
88 142 38435
88 143 14375
88 144 30443
88 145 37876
88 146 12844
88 147 15213
88 148 -2701
88 149 27007
88 150 30437
88 151 12950
89 1 17105
89 2 16396
89 3 26302
89 4 24738
89 5 4997
89 6 4193
89 7 11903
89 8 14458
89 9 29947
89 10 19068
89 11 23645
89 12 20492
89 13 5667
89 14 20165
89 15 21046
89 16 15151
89 17 16303
89 18 2823
89 19 20220
89 20 30493
89 21 20805
89 22 26677
89 23 25580
89 24 33342
89 25 33121
89 26 15303
89 27 6566
89 28 12638
89 29 31637
89 30 21653
89 31 10006
89 32 25725
89 33 28459
89 34 32914
89 35 40678
89 36 27044
89 37 13468
89 38 24911
89 39 30891
89 40 14654
89 41 28916
89 42 15141
89 43 22880
89 44 19799
89 45 11595
89 46 16334
89 47 17412
89 48 10412
89 49 25592
89 50 19992
89 51 26781
89 52 5810
89 53 9666
89 54 26396
89 55 30858
89 56 28802
89 57 17356
89 58 8338
89 59 6286
89 60 7579
89 61 10302
89 62 16245
89 63 27835
89 64 23206
89 65 36503
89 66 25967
89 67 31379
89 68 22558
89 69 14185
89 70 21378
89 71 35956
89 72 21705
89 73 21450
89 74 26259
89 75 27627
89 76 20542
89 77 23618
89 78 32807
89 79 26664
89 80 28121
89 81 26336
89 82 8392
89 83 6725
89 84 9403
89 85 6940
89 86 13510
89 87 9410
89 88 13587
89 90 29748
89 91 16452
89 92 12155
89 93 8125
89 94 3018
89 95 6673
89 96 6483
89 97 10439
89 98 12690
89 99 9084
89 100 12597
89 101 17452
89 102 18540
89 103 30119
89 104 9223
89 105 9408
89 106 9074
89 107 21231
89 108 20010
89 109 22819
89 110 24875
89 111 12940
89 112 1858
89 113 12576
89 114 8538
89 115 16113
89 116 22412
89 117 10214
89 118 380
89 119 20111
89 120 28077
89 121 29674
89 122 22314
89 123 16565
89 124 18995
89 125 10698
89 126 26866
89 127 9205
89 128 29998
89 129 32505
89 130 26508
89 131 27794
89 132 13364
89 133 26234
89 134 23937
89 135 38332
89 136 44979
89 137 10864
89 138 15877
89 139 32604
89 140 24126
89 141 15953
89 142 21633
89 143 25993
89 144 13623
89 145 22088
89 146 5737
89 147 -1650
89 148 14162
89 149 17536
89 150 26963
89 151 2715
90 1 17178
90 2 46431
90 3 28184
90 4 44861
90 5 33225
90 6 36577
90 7 15996
90 8 28459
90 9 16659
90 10 821
90 11 4231
90 12 33708
90 13 36909
90 14 52055
90 15 52789
90 16 44697
90 17 39938
90 18 24168
90 19 10371
90 20 9124
90 21 45639
90 22 53970
90 23 50338
90 24 41032
90 25 49345
90 26 35216
90 27 23565
90 28 29128
90 29 34398
90 30 4402
90 31 7286
90 32 -4974
90 33 23180
90 34 25141
90 35 25106
90 36 22222
90 37 45583
90 38 55522
90 39 52019
90 40 40402
90 41 57667
90 42 47498
90 43 55238
90 44 50640
90 45 29659
90 46 23709
90 47 15248
90 48 12442
90 49 12024
90 50 21417
90 51 14379
90 52 22079
90 53 34458
90 54 40864
90 55 46367
90 56 52571
90 57 48595
90 58 36188
90 59 38350
90 60 34371
90 61 39509
90 62 4560
90 63 -1708
90 64 -1343
90 65 13759
90 66 523
90 67 52269
90 68 29830
90 69 18787
90 70 10201
90 71 16698
90 72 46836
90 73 47656
90 74 52572
90 75 53207
90 76 27306
90 77 28016
90 78 27438
90 79 25251
90 80 37105
90 81 18961
90 82 17725
90 83 29041
90 84 35062
90 85 37973
90 86 41653
90 87 41385
90 88 12398
90 89 29004
90 91 47632
90 92 44445
90 93 39446
90 94 35329
90 95 39045
90 96 38539
90 97 42793
90 98 44577
90 99 40717
90 100 44504
90 101 13359
90 102 17070
90 103 12383
90 104 40856
90 105 32621
90 106 18435
90 107 6380
90 108 -2449
90 109 36704
90 110 46382
90 111 24083
90 112 31027
90 113 38713
90 114 24287
90 115 45887
90 116 29151
90 117 42353
90 118 27930
90 119 51478
90 120 16990
90 121 32825
90 122 9977
90 123 10427
90 124 21695
90 125 29106
90 126 -2026
90 127 14630
90 128 5763
90 129 30980
90 130 41783
90 131 -1616
90 132 19221
90 133 53159
90 134 34223
90 135 23982
90 136 26792
90 137 41557
90 138 31805
90 139 53075
90 140 54631
90 141 46101
90 142 54009
90 143 16361
90 144 45237
90 145 51469
90 146 26544
90 147 30699
90 148 7553
90 149 36993
90 150 35947
90 151 25964
91 1 36286
91 2 16371
91 3 43333
91 4 32100
91 5 3914
91 6 13960
91 7 27149
91 8 21084
91 9 48939
91 10 37408
91 11 39322
91 12 34976
91 13 11052
91 14 1852
91 15 11299
91 16 -1682
91 17 9582
91 18 16600
91 19 33907
91 20 49900
91 21 26615
91 22 26597
91 23 26234
91 24 46840
91 25 41346
91 26 27609
91 27 25270
91 28 29128
91 29 47127
91 30 41021
91 31 28960
91 32 44406
91 33 46882
91 34 50697
91 35 59527
91 36 35401
91 37 2412
91 38 5496
91 39 35383
91 40 23159
91 41 26214
91 42 3456
91 43 8629
91 44 395
91 45 12395
91 46 20819
91 47 27409
91 48 22072
91 49 36824
91 50 38326
91 51 45994
91 52 24581
91 53 23021
91 54 37995
91 55 40127
91 56 31973
91 57 11971
91 58 17020
91 59 2013
91 60 13657
91 61 -1671
91 62 33183
91 63 45240
91 64 37789
91 65 55839
91 66 45361
91 67 34427
91 68 37911
91 69 33515
91 70 40717
91 71 55216
91 72 25525
91 73 25063
91 74 28102
91 75 29313
91 76 37549
91 77 40402
91 78 50510
91 79 44088
91 80 42831
91 81 44817
91 82 20113
91 83 12587
91 84 6528
91 85 -6299
91 86 -3248
91 87 5331
91 88 31372
91 89 16032
91 90 47956
91 92 6170
91 93 355
91 94 8619
91 95 6808
91 96 8169
91 97 6601
91 98 1510
91 99 6869
91 100 -3029
91 101 36865
91 102 36957
91 103 49428
91 104 7008
91 105 21855
91 106 24710
91 107 35865
91 108 38431
91 109 36302
91 110 32278
91 111 30680
91 112 16643
91 113 979
91 114 16081
91 115 15855
91 116 38775
91 117 10821
91 118 5302
91 119 882
91 120 46791
91 121 45326
91 122 41726
91 123 30412
91 124 27970
91 125 12079
91 126 44299
91 127 28254
91 128 49333
91 129 49830
91 130 37261
91 131 46685
91 132 32553
91 133 26498
91 134 36963
91 135 57107
91 136 64041
91 137 13809
91 138 30877
91 139 38197
91 140 4722
91 141 -2745
91 142 6955
91 143 36286
91 144 8751
91 145 19542
91 146 24775
91 147 11589
91 148 31500
91 149 28654
91 150 41673
91 151 19327
92 1 29602
92 2 10199
92 3 35850
92 4 25149
92 5 3544
92 6 7638
92 7 23819
92 8 20756
92 9 41988
92 10 32583
92 11 36097
92 12 27363
92 13 3441
92 14 6744
92 15 9569
92 16 5385
92 17 13504
92 18 13124
92 19 31546
92 20 43747
92 21 19685
92 22 21218
92 23 20976
92 24 39264
92 25 34382
92 26 20008
92 27 18474
92 28 21712
92 29 39517
92 30 35048
92 31 23607
92 32 39319
92 33 39692
92 34 43288
92 35 52458
92 36 35331
92 37 141
92 38 12333
92 39 29136
92 40 15697
92 41 21667
92 42 2252
92 43 9766
92 44 7593
92 45 13998
92 46 21841
92 47 26523
92 48 20332
92 49 35707
92 50 31160
92 51 39254
92 52 19335
92 53 15454
92 54 30514
92 55 32973
92 56 25907
92 57 7728
92 58 9444
92 59 -3561
92 60 11524
92 61 2696
92 62 29214
92 63 41085
92 64 35233
92 65 49193
92 66 39255
92 67 28679
92 68 30306
92 69 27061
92 70 34833
92 71 48480
92 72 19095
92 73 18555
92 74 22159
92 75 23540
92 76 30101
92 77 32901
92 78 43101
92 79 36649
92 80 35216
92 81 37633
92 82 18075
92 83 11559
92 84 8092
92 85 -3461
92 86 4146
92 87 -496
92 88 26852
92 89 10217
92 90 43251
92 91 4652
92 93 -1004
92 94 1421
92 95 -766
92 96 2539
92 97 -435
92 98 200
92 99 2739
92 100 -534
92 101 30745
92 102 29798
92 103 42784
92 104 2878
92 105 14240
92 106 21094
92 107 33124
92 108 33551
92 109 28695
92 110 25239
92 111 23438
92 112 9481
92 113 6580
92 114 15247
92 115 9874
92 116 31240
92 117 3271
92 118 3243
92 119 7285
92 120 39686
92 121 37721
92 122 35422
92 123 27910
92 124 27342
92 125 13395
92 126 40122
92 127 22807
92 128 43422
92 129 42372
92 130 29869
92 131 41395
92 132 25929
92 133 21051
92 134 29402
92 135 50005
92 136 57100
92 137 6546
92 138 23297
92 139 31672
92 140 11666
92 141 4870
92 142 8180
92 143 35498
92 144 3857
92 145 14719
92 146 18249
92 147 5628
92 148 27273
92 149 21132
92 150 34058
92 151 12100
93 1 30558
93 2 14656
93 3 38170
93 4 29304
93 5 -378
93 6 8314
93 7 21825
93 8 17185
93 9 43283
93 10 31697
93 11 34100
93 12 30330
93 13 6939
93 14 7170
93 15 13253
93 16 2163
93 17 9034
93 18 11138
93 19 29032
93 20 44074
93 21 23893
93 22 25690
93 23 25448
93 24 42612
93 25 38506
93 26 23315
93 27 19615
93 28 23925
93 29 42394
93 30 35190
93 31 23157
93 32 38658
93 33 41375
93 34 45388
93 35 53921
93 36 31784
93 37 1785
93 38 11313
93 39 33523
93 40 19472
93 41 26078
93 42 5470
93 43 12327
93 44 6199
93 45 9810
93 46 17883
93 47 23279
93 48 17454
93 49 32611
93 50 32819
93 51 40265
93 52 18772
93 53 18209
93 54 34140
93 55 36972
93 56 30334
93 57 12025
93 58 12995
93 59 -2797
93 60 8574
93 61 -1502
93 62 27683
93 63 39711
93 64 32874
93 65 50070
93 66 39532
93 67 33130
93 68 33146
93 69 27739
93 70 34887
93 71 49475
93 72 23468
93 73 22920
93 74 26610
93 75 28000
93 76 32347
93 77 35283
93 78 45210
93 79 38842
93 80 38216
93 81 39300
93 82 15308
93 83 8160
93 84 3778
93 85 -6633
93 86 939
93 87 3955
93 88 25707
93 89 10217
93 90 42282
93 91 2867
93 92 3026
93 94 3562
93 95 2628
93 96 2539
93 97 4019
93 98 200
93 99 1095
93 100 -191
93 101 31042
93 102 31439
93 103 43668
93 104 1234
93 105 17346
93 106 19269
93 107 30833
93 108 32713
93 109 31913
93 110 29358
93 111 25263
93 112 11291
93 113 2355
93 114 11860
93 115 14340
93 116 33742
93 117 7227
93 118 215
93 119 6640
93 120 41216
93 121 40539
93 122 35915
93 123 25460
93 124 23968
93 125 9267
93 126 38762
93 127 22437
93 128 43502
93 129 44613
93 130 33635
93 131 40906
93 132 26817
93 133 25523
93 134 32812
93 135 51521
93 136 58370
93 137 10688
93 138 26032
93 139 35992
93 140 10525
93 141 2500
93 142 10456
93 143 32247
93 144 8227
93 145 19149
93 146 19044
93 147 5818
93 148 25917
93 149 24714
93 150 37058
93 151 13963
94 1 23214
94 2 9725
94 3 29758
94 4 21921
94 5 4316
94 6 2256
94 7 19518
94 8 19196
94 9 35591
94 10 26992
94 11 31522
94 12 21790
94 13 -631
94 14 13100
94 15 13142
94 16 10683
94 17 15929
94 18 9331
94 19 27692
94 20 37467
94 21 16846
94 22 20771
94 23 20256
94 24 34154
94 25 30959
94 26 14891
94 27 12081
94 28 15533
94 29 33851
94 30 28847
94 31 17781
94 32 33507
94 33 33350
94 34 37095
94 35 46082
94 36 33193
94 37 6533
94 38 18705
94 39 27004
94 40 11591
94 41 22279
94 42 7187
94 43 14927
94 44 13841
94 45 14196
94 46 20929
94 47 23885
94 48 17189
94 49 32622
94 50 24805
94 51 32855
94 52 13779
94 53 9666
94 54 25885
94 55 29177
94 56 24221
94 57 9741
94 58 4934
94 59 34
94 60 9926
94 61 6816
94 62 24222
94 63 35832
94 64 30985
94 65 42798
94 66 32979
94 67 27105
94 68 24604
94 69 20731
94 70 28687
94 71 42079
94 72 17092
94 73 16585
94 74 20940
94 75 22403
94 76 23959
94 77 26843
94 78 36909
94 79 30492
94 80 29677
94 81 31289
94 82 14938
94 83 10179
94 84 9403
94 85 1719
94 86 9477
94 87 1513
94 88 21587
94 89 4616
94 90 37671
94 91 10637
94 92 4957
94 93 3068
94 95 -1210
94 96 1539
94 97 2486
94 98 6258
94 99 4350
94 100 5851
94 101 24517
94 102 23442
94 103 36392
94 104 4489
94 105 8860
94 106 16690
94 107 28928
94 108 27906
94 109 23425
94 110 21932
94 111 17112
94 112 3098
94 113 10412
94 114 13404
94 115 9508
94 116 25259
94 117 2295
94 118 1977
94 119 13662
94 120 33317
94 121 32000
94 122 29111
94 123 24022
94 124 25042
94 125 13417
94 126 34863
94 127 16982
94 128 37226
94 129 36240
94 130 25523
94 131 35476
94 132 19557
94 133 20467
94 134 24391
94 135 43637
94 136 50703
94 137 4356
94 138 17493
94 139 29130
94 140 18019
94 141 10738
94 142 13858
94 143 32732
94 144 5876
94 145 15311
94 146 11942
94 147 287
94 148 22155
94 149 16472
94 150 28519
94 151 5757
95 1 26269
95 2 8478
95 3 32246
95 4 22353
95 5 4576
95 6 5094
95 7 22224
95 8 20776
95 9 38520
95 10 30096
95 11 34355
95 12 23805
95 13 -4
95 14 10057
95 15 10428
95 16 8743
95 17 15597
95 18 11776
95 19 30270
95 20 40600
95 21 16994
95 22 19689
95 23 19366
95 24 35827
95 25 31536
95 26 16537
95 27 15138
95 28 18121
95 29 35951
95 30 32000
95 31 20922
95 32 36652
95 33 36151
95 34 39691
95 35 48946
95 36 35109
95 37 3716
95 38 15877
95 39 26842
95 40 12482
95 41 20709
95 42 4096
95 43 11835
95 44 11197
95 45 14972
95 46 22281
95 47 25988
95 48 19474
95 49 34931
95 50 27633
95 51 35871
95 52 16853
95 53 11853
95 54 27209
95 55 29974
95 56 23797
95 57 7478
95 58 6064
95 59 -1797
95 60 11330
95 61 5498
95 62 27173
95 63 38864
95 64 33724
95 65 45823
95 66 36111
95 67 26673
95 68 26731
95 69 23848
95 70 31847
95 71 45085
95 72 16794
95 73 16242
95 74 20234
95 75 21680
95 76 26500
95 77 29296
95 78 39504
95 79 33049
95 80 31669
95 81 34092
95 82 17193
95 83 11588
95 84 9531
95 85 -241
95 86 7547
95 87 -999
95 88 24605
95 89 7661
95 90 40777
95 91 8216
95 92 2160
95 93 1524
95 94 -1820
95 96 1782
95 97 -597
95 98 3746
95 99 3652
95 100 3029
95 101 27667
95 102 26269
95 103 39430
95 104 3791
95 105 10697
95 106 19419
95 107 31632
95 108 31022
95 109 25202
95 110 22395
95 111 19894
95 112 6027
95 113 9342
95 114 15090
95 115 8243
95 116 27635
95 117 408
95 118 3202
95 119 10836
95 120 36166
95 121 34146
95 122 32232
95 123 26604
95 124 26993
95 125 14267
95 126 37896
95 127 20119
95 128 40378
95 129 38769
95 130 26659
95 131 38632
95 132 22639
95 133 19457
95 134 25988
95 135 46484
95 136 53628
95 137 3826
95 138 19702
95 139 29187
95 140 15228
95 141 8423
95 142 10698
95 143 34909
95 144 3523
95 145 13709
95 146 15079
95 147 3188
95 148 25137
95 149 17794
95 150 30511
95 151 8581
96 1 25656
96 2 12672
96 3 33216
96 4 25822
96 5 530
96 6 3337
96 7 18835
96 8 16569
96 9 38328
96 10 27706
96 11 31104
96 12 25612
96 13 3143
96 14 11237
96 15 14190
96 16 7111
96 17 11979
96 18 8166
96 19 26641
96 20 39400
96 21 20640
96 22 23877
96 23 23516
96 24 38080
96 25 34902
96 26 18851
96 27 14655
96 28 18976
96 29 37596
96 30 30590
96 31 18857
96 32 34520
96 33 36378
96 34 40398
96 35 48946
96 36 30977
96 37 4593
96 38 16094
96 39 30695
96 40 15560
96 41 24951
96 42 7187
96 43 14761
96 44 11021
96 45 10787
96 46 18039
96 47 21955
96 48 15582
96 49 31015
96 50 27821
96 51 35364
96 52 14511
96 53 13485
96 54 29878
96 55 33156
96 56 27772
96 57 11614
96 58 8920
96 59 -2635
96 60 7126
96 61 2938
96 62 24222
96 63 36117
96 64 30277
96 65 45217
96 66 34888
96 67 30665
96 68 28349
96 69 22906
96 70 30321
96 71 44586
96 72 20698
96 73 20160
96 74 24312
96 75 25770
96 76 27387
96 77 30344
96 78 40222
96 79 33866
96 80 33494
96 81 34304
96 82 13303
96 83 7365
96 84 5584
96 85 -1651
96 86 5832
96 87 3110
96 88 21905
96 89 5560
96 90 38360
96 91 7666
96 92 3554
96 93 -476
96 94 -982
96 95 -129
96 97 3111
96 98 3746
96 99 503
96 100 3658
96 101 26359
96 102 26442
96 103 38804
96 104 642
96 105 12790
96 106 16099
96 107 28166
96 108 28690
96 109 27336
96 110 25836
96 111 20265
96 112 6323
96 113 6434
96 114 10914
96 115 12446
96 116 28835
96 117 4575
96 118 -1030
96 119 11200
96 120 36231
96 121 35720
96 122 31167
96 123 22993
96 124 22889
96 125 10064
96 126 35155
96 127 18076
96 128 38940
96 129 39642
96 130 29523
96 131 36657
96 132 21924
96 133 23629
96 134 28339
96 135 46539
96 136 53424
96 137 7726
96 138 21229
96 139 32913
96 140 15340
96 141 7490
96 142 13167
96 143 30907
96 144 7649
96 145 17952
96 146 14146
96 147 1019
96 148 22297
96 149 20468
96 150 32336
96 151 8979
97 1 28836
97 2 7041
97 3 34045
97 4 22105
97 5 6368
97 6 8094
97 7 25176
97 8 23196
97 9 40863
97 10 33069
97 11 37334
97 12 25145
97 13 1300
97 14 7718
97 15 7544
97 16 8252
97 17 16648
97 18 14660
97 19 33169
97 20 43314
97 21 16623
97 22 18101
97 23 17855
97 24 36721
97 25 31348
97 26 17588
97 27 17741
97 28 20132
97 29 37292
97 30 34785
97 31 23861
97 32 39585
97 33 38326
97 34 41583
97 35 51182
97 36 37666
97 37 2412
97 38 13903
97 39 25981
97 40 12973
97 41 18690
97 42 1109
97 43 8851
97 44 9644
97 45 16866
97 46 24507
97 47 28663
97 48 22253
97 49 37699
97 50 29864
97 51 38356
97 52 19839
97 53 13581
97 54 27806
97 55 30014
97 56 22745
97 57 4988
97 58 6967
97 59 -797
97 60 13788
97 61 5840
97 62 30172
97 63 41862
97 64 36675
97 65 48305
97 66 38820
97 67 25519
97 68 28140
97 69 26542
97 70 34671
97 71 47538
97 72 15946
97 73 15410
97 74 18999
97 75 20385
97 76 28390
97 77 31067
97 78 41405
97 79 34918
97 80 32940
97 81 36264
97 82 19970
97 83 13975
97 84 11084
97 85 -406
97 86 6920
97 87 -3464
97 88 27603
97 89 10652
97 90 43750
97 91 7234
97 92 1716
97 93 2140
97 94 1101
97 95 -1372
97 96 4247
97 98 3038
97 99 5338
97 100 1425
97 101 30446
97 102 28492
97 103 41944
97 104 5477
97 105 12035
97 106 22380
97 107 34575
97 108 33988
97 109 26289
97 110 22222
97 111 22101
97 112 8557
97 113 9713
97 114 17584
97 115 6725
97 116 29330
97 117 1000
97 118 5582
97 119 8979
97 120 38394
97 121 35544
97 122 34923
97 123 29507
97 124 29591
97 125 16222
97 126 40894
97 127 23063
97 128 43159
97 129 40603
97 130 27064
97 131 41536
97 132 25263
97 133 17925
97 134 26827
97 135 48698
97 136 55951
97 137 3617
97 138 21290
97 139 28541
97 140 13321
97 141 7394
97 142 7843
97 143 37612
97 144 1037
97 145 11714
97 146 17839
97 147 6188
97 148 28137
97 149 18491
97 150 31782
97 151 10920
98 1 32196
98 2 12763
98 3 38893
98 4 28102
98 5 2763
98 6 9911
98 7 24765
98 8 20339
98 9 44734
98 10 34272
98 11 37062
98 12 30507
98 13 6602
98 14 4557
98 15 10197
98 16 2274
98 17 11359
98 18 14039
98 19 32112
98 20 46090
98 21 22617
98 22 23507
98 23 23250
98 24 42425
98 25 37347
98 26 23170
98 27 21109
98 28 24708
98 29 42657
98 30 37294
98 31 25528
98 32 41150
98 33 42564
98 34 46286
98 35 55269
98 36 34933
98 37 -1273
98 38 9551
98 39 31818
98 40 18827
98 41 23593
98 42 2350
98 43 9179
98 44 4622
98 45 12772
98 46 20945
98 47 26441
98 48 20586
98 49 35769
98 50 34015
98 51 41888
98 52 21157
98 53 18552
98 54 33654
98 55 36006
98 56 28505
98 57 9397
98 58 12604
98 59 -2191
98 60 11677
98 61 114
98 62 30494
98 63 42482
98 64 35932
98 65 51791
98 66 41582
98 67 31171
98 68 33439
98 69 29529
98 70 37028
98 71 51119
98 72 21828
98 73 21312
98 74 24687
98 75 26008
98 76 33120
98 77 35955
98 78 46099
98 79 39664
98 80 38365
98 81 40502
98 82 18419
98 83 11322
98 84 6685
98 85 -6299
98 86 1004
98 87 1780
98 88 28367
98 89 12268
98 90 44899
98 91 1508
98 92 1716
98 93 -2314
98 94 4238
98 95 2336
98 96 4247
98 97 2403
98 99 3366
98 100 -3029
98 101 33051
98 102 32651
98 103 45373
98 104 3505
98 105 17389
98 106 22151
98 107 33868
98 108 35271
98 109 31856
98 110 28222
98 111 26332
98 112 12306
98 113 3877
98 114 15022
98 115 12362
98 116 34317
98 117 6418
98 118 3326
98 119 4557
98 120 42514
98 121 40854
98 122 37831
98 123 28524
98 124 27130
98 125 12272
98 126 41527
98 127 24759
98 128 45647
98 129 45399
98 130 32982
98 131 43323
98 132 28486
98 133 23373
98 134 32561
98 135 52833
98 136 59845
98 137 9584
98 138 26407
98 139 34463
98 140 8839
98 141 1719
98 142 7318
98 143 35410
98 144 5757
98 145 16735
98 146 20730
98 147 7718
98 148 28662
98 149 24282
98 150 37207
98 151 14975
99 1 27732
99 2 13764
99 3 35451
99 4 27599
99 5 -683
99 6 5497
99 7 19748
99 8 16292
99 9 40454
99 10 29190
99 11 32051
99 12 27813
99 13 4947
99 14 9615
99 15 14040
99 16 4881
99 17 10240
99 18 9013
99 19 27273
99 20 41307
99 21 22308
99 22 24958
99 23 24672
99 24 40233
99 25 36734
99 26 20974
99 27 16788
99 28 21212
99 29 39817
99 30 32446
99 31 20517
99 32 36095
99 33 38565
99 34 42620
99 35 51096
99 36 30860
99 37 3313
99 38 14098
99 39 32221
99 40 17474
99 41 25736
99 42 6614
99 43 13935
99 44 8992
99 45 9810
99 46 17464
99 47 22064
99 48 15937
99 49 31276
99 50 30010
99 51 37440
99 52 16133
99 53 15681
99 54 31942
99 55 35066
99 56 29181
99 57 12025
99 58 10884
99 59 -3561
99 60 7068
99 61 744
99 62 25407
99 63 37386
99 64 31034
99 65 47254
99 66 36776
99 67 32053
99 68 30568
99 69 24925
99 70 32153
99 71 46652
99 72 22177
99 73 21626
99 74 25596
99 75 27035
99 76 29621
99 77 32579
99 78 42446
99 79 36095
99 80 35697
99 81 36488
99 82 13700
99 83 7089
99 84 4175
99 85 -3804
99 86 3596
99 87 3607
99 88 23270
99 89 7433
99 90 39810
99 91 5638
99 92 3026
99 93 -2648
99 94 1101
99 95 1013
99 96 -225
99 97 3474
99 98 2137
99 100 2055
99 101 28268
99 102 28628
99 103 40849
99 104 -1594
99 105 14938
99 106 17098
99 107 28941
99 108 30194
99 109 29499
99 110 27623
99 111 22479
99 112 8557
99 113 4350
99 114 10775
99 115 13510
99 116 31070
99 117 5788
99 118 -1224
99 119 9322
99 120 38394
99 121 37944
99 122 33124
99 123 23656
99 124 22872
99 125 9155
99 126 36430
99 127 19770
99 128 40774
99 129 41874
99 130 31536
99 131 38298
99 132 23992
99 133 24747
99 134 30473
99 135 48698
99 136 55541
99 137 9195
99 138 23448
99 139 34538
99 140 13321
99 141 5324
99 142 12169
99 143 31041
99 144 8093
99 145 18749
99 146 16218
99 147 2998
99 148 23565
99 149 22520
99 150 34539
99 151 11208
100 1 35188
100 2 13300
100 3 41430
100 4 29142
100 5 5283
100 6 12986
100 7 27810
100 8 22818
100 9 47632
100 10 37431
100 11 40094
100 12 32727
100 13 8789
100 14 1396
100 15 8473
100 16 1465
100 17 12408
100 18 17104
100 19 35014
100 20 49185
100 21 23672
100 22 23436
100 23 23072
100 24 44322
100 25 38379
100 26 25203
100 27 24073
100 28 27338
100 29 44882
100 30 40413
100 31 28687
100 32 44313
100 33 45348
100 34 48901
100 35 58113
100 36 37333
100 37 141
100 38 6676
100 39 32268
100 40 20536
100 41 23068
100 42 539
100 43 6551
100 44 2054
100 45 14695
100 46 23039
100 47 29047
100 48 23377
100 49 38424
100 50 36817
100 51 44860
100 52 24319
100 53 20983
100 54 35343
100 55 37238
100 56 28845
100 57 8818
100 58 14582
100 59 911
100 60 14555
100 61 983
100 62 33605
100 63 45608
100 64 38865
100 65 54786
100 66 44684
100 67 31270
100 68 35710
100 69 32576
100 70 40156
100 71 54090
100 72 22454
100 73 22013
100 74 24970
100 75 26165
100 76 35705
100 77 38470
100 78 48715
100 79 42253
100 80 40539
100 81 43290
100 82 21268
100 83 13975
100 84 8644
100 85 -4989
100 86 -293
100 87 2293
100 88 31515
100 89 15404
100 90 48055
100 91 198
100 92 4211
100 93 524
100 94 7060
100 95 4848
100 96 7388
100 97 4019
100 98 200
100 99 6513
100 101 36153
100 102 35455
100 103 48371
100 104 6652
100 105 19602
100 106 25229
100 107 36831
100 108 38431
100 109 33904
100 110 29358
100 111 29094
100 112 15132
100 113 4082
100 114 17625
100 115 12753
100 116 36778
100 117 8468
100 118 6193
100 119 1628
100 120 45342
100 121 43120
100 122 40904
100 123 31450
100 124 29676
100 125 14288
100 126 44655
100 127 27915
100 128 48772
100 129 47965
100 130 34523
100 131 46483
100 132 31494
100 133 23338
100 134 34421
100 135 55661
100 136 62745
100 137 11106
100 138 28783
100 139 35126
100 140 6013
100 141 -68
100 142 4682
100 143 37990
100 144 5596
100 145 16382
100 146 23765
100 147 10840
100 148 31793
100 149 26072
100 150 39381
100 151 17757
101 1 1587
101 2 31328
101 3 14939
101 4 28803
101 5 24027
101 6 24154
101 7 12865
101 8 25029
101 9 11357
101 10 4380
101 11 14452
101 12 17893
101 13 22790
101 14 40265
101 15 38299
101 16 35088
101 17 33549
101 18 15822
101 19 16316
101 20 10246
101 21 29583
101 22 38031
101 23 34184
101 24 27099
101 25 33857
101 26 19065
101 27 8436
101 28 13029
101 29 21790
101 30 1544
101 31 -1714
101 32 7671
101 33 12553
101 34 17245
101 35 22113
101 36 28292
101 37 33548
101 38 45150
101 39 35983
101 40 24615
101 41 41944
101 42 34113
101 43 41701
101 44 40035
101 45 25386
101 46 24267
101 47 19028
101 48 13011
101 49 21890
101 50 6985
101 51 7670
101 52 11202
101 53 18961
101 54 25301
101 55 30910
101 56 36415
101 57 33897
101 58 20903
101 59 26452
101 60 25431
101 61 30035
101 62 7476
101 63 13543
101 64 13091
101 65 16541
101 66 5736
101 67 36333
101 68 15315
101 69 2906
101 70 1671
101 71 16291
101 72 30748
101 73 31687
101 74 36552
101 75 37105
101 76 12120
101 77 13816
101 78 17897
101 79 13445
101 80 22261
101 81 9777
101 82 14674
101 83 22018
101 84 27301
101 85 27159
101 86 33088
101 87 27464
101 88 7587
101 89 16864
101 90 13515
101 91 36697
101 92 32095
101 93 28362
101 94 22331
101 95 26091
101 96 26694
101 97 29645
101 98 32885
101 99 29331
101 100 32758
101 102 3983
101 103 10379
101 104 29470
101 105 16746
101 106 12837
101 107 14645
101 108 4213
101 109 20949
101 110 30237
101 111 7935
101 112 16908
101 113 31186
101 114 19812
101 115 30656
101 116 14330
101 117 28848
101 118 18746
101 119 40350
101 120 10357
101 121 19926
101 122 2182
101 123 13986
101 124 23236
101 125 24569
101 126 12719
101 127 3666
101 128 9918
101 129 19343
101 130 26173
101 131 9059
101 132 3168
101 133 37171
101 134 19490
101 135 20038
101 136 25794
101 137 26960
101 138 15665
101 139 37062
101 140 44357
101 141 36074
101 142 41082
101 143 24364
101 144 30883
101 145 35958
101 146 12454
101 147 18512
101 148 6506
101 149 20850
101 150 21103
101 151 10832
102 1 4587
102 2 31199
102 3 2837
102 4 21702
102 5 31863
102 6 29704
102 7 24765
102 8 36028
102 9 4189
102 10 15704
102 11 26172
102 12 10528
102 13 25507
102 14 44592
102 15 38708
102 16 41819
102 17 42643
102 18 25377
102 19 28642
102 20 11474
102 21 25873
102 22 34481
102 23 28262
102 24 15602
102 25 24457
102 26 15072
102 27 12913
102 28 11927
102 29 9551
102 30 7213
102 31 10534
102 32 14967
102 33 1553
102 34 6173
102 35 14304
102 36 40659
102 37 38325
102 38 50516
102 39 28443
102 40 23081
102 41 39246
102 42 36708
102 43 43579
102 44 45654
102 45 35756
102 46 36050
102 47 31346
102 48 25136
102 49 34015
102 50 -1367
102 51 3254
102 52 20552
102 53 19594
102 54 16362
102 55 21491
102 56 30550
102 57 34305
102 58 21304
102 59 31740
102 60 33865
102 61 37152
102 62 19729
102 63 23552
102 64 23834
102 65 12057
102 66 5549
102 67 28114
102 68 4500
102 69 10072
102 70 11563
102 71 11295
102 72 26446
102 73 28382
102 74 32652
102 75 32385
102 76 3500
102 77 2669
102 78 6266
102 79 1111
102 80 11946
102 81 -524
102 82 26172
102 83 31559
102 84 35927
102 85 33177
102 86 40351
102 87 29736
102 88 19782
102 89 23542
102 90 22816
102 91 42379
102 92 36738
102 93 34349
102 94 26846
102 95 30283
102 96 32367
102 97 33281
102 98 38075
102 99 35281
102 100 37650
102 101 9573
102 103 6467
102 104 35420
102 105 15566
102 106 24145
102 107 26748
102 108 14755
102 109 13021
102 110 24293
102 111 6482
102 112 20786
102 113 39437
102 114 30542
102 115 30110
102 116 4273
102 117 32231
102 118 26937
102 119 45469
102 120 1518
102 121 7765
102 122 5741
102 123 26355
102 124 35346
102 125 34880
102 126 22920
102 127 14630
102 128 12737
102 129 7020
102 130 17293
102 131 15383
102 132 8487
102 133 33333
102 134 8880
102 135 11830
102 136 19143
102 137 28452
102 138 11437
102 139 29456
102 140 49843
102 141 42318
102 142 44148
102 143 36675
102 144 32176
102 145 34172
102 146 18249
102 147 24599
102 148 18876
102 149 15473
102 150 10788
102 151 13514
103 1 15188
103 2 46251
103 3 14861
103 4 36190
103 5 43163
103 6 42511
103 7 30676
103 8 43526
103 9 -3341
103 10 16111
103 11 25067
103 12 25561
103 13 39674
103 14 58312
103 15 53749
103 16 54047
103 17 52725
103 18 35013
103 19 30123
103 20 2053
103 21 41151
103 22 49728
103 23 42931
103 24 26122
103 25 37216
103 26 30369
103 27 25681
103 28 26660
103 29 18058
103 30 5649
103 31 16473
103 32 8274
103 33 8595
103 34 4896
103 35 4089
103 36 42549
103 37 51719
103 38 63723
103 39 42454
103 40 38253
103 41 54538
103 42 51113
103 43 58283
103 44 58653
103 45 44210
103 46 41537
103 47 34474
103 48 29815
103 49 33178
103 50 13525
103 51 962
103 52 30398
103 53 34210
103 54 30176
103 55 34411
103 56 45344
103 57 49300
103 58 36115
103 59 44809
103 60 44622
103 61 49067
103 62 21794
103 63 19315
103 64 19006
103 65 -2413
103 66 -8964
103 67 41452
103 68 17611
103 69 20578
103 70 14671
103 71 -2918
103 72 41645
103 73 43670
103 74 47879
103 75 47470
103 76 18704
103 77 16482
103 78 8897
103 79 9812
103 80 25349
103 81 2106
103 82 32832
103 83 41174
103 84 46510
103 85 45856
103 86 52190
103 87 44177
103 88 25223
103 89 35565
103 90 18573
103 91 55294
103 92 50168
103 93 47022
103 94 40240
103 95 43888
103 96 45173
103 97 47177
103 98 51241
103 99 47946
103 100 51010
103 101 16413
103 102 6911
103 104 48085
103 105 30598
103 106 31429
103 107 26834
103 108 13646
103 109 27742
103 110 39234
103 111 20932
103 112 34302
103 113 50391
103 114 38537
103 115 45238
103 116 18729
103 117 46193
103 118 37915
103 119 58760
103 120 -2714
103 121 17166
103 122 7318
103 123 29073
103 124 39843
103 125 43434
103 126 19169
103 127 22807
103 128 3250
103 129 15053
103 130 31006
103 131 7870
103 132 19889
103 133 48550
103 134 21160
103 135 2775
103 136 6813
103 137 43065
103 138 26710
103 139 43513
103 140 62974
103 141 54902
103 142 58404
103 143 37188
103 144 46939
103 145 49453
103 146 30542
103 147 37057
103 148 22597
103 149 30671
103 150 24191
103 151 27330
104 1 27732
104 2 13764
104 3 35451
104 4 27599
104 5 -683
104 6 5497
104 7 19748
104 8 16292
104 9 40454
104 10 29190
104 11 32051
104 12 27813
104 13 4947
104 14 9615
104 15 14040
104 16 4881
104 17 10240
104 18 9013
104 19 27273
104 20 41307
104 21 22308
104 22 24958
104 23 24672
104 24 40233
104 25 36734
104 26 20974
104 27 16788
104 28 21212
104 29 39817
104 30 32446
104 31 20517
104 32 36095
104 33 38565
104 34 42620
104 35 51096
104 36 30860
104 37 3313
104 38 14098
104 39 32221
104 40 17474
104 41 25736
104 42 6614
104 43 13935
104 44 8992
104 45 9810
104 46 17464
104 47 22064
104 48 15937
104 49 31276
104 50 30010
104 51 37440
104 52 16133
104 53 15681
104 54 31942
104 55 35066
104 56 29181
104 57 12025
104 58 10884
104 59 -3561
104 60 7068
104 61 744
104 62 25407
104 63 37386
104 64 31034
104 65 47254
104 66 36776
104 67 32053
104 68 30568
104 69 24925
104 70 32153
104 71 46652
104 72 22177
104 73 21626
104 74 25596
104 75 27035
104 76 29621
104 77 32579
104 78 42446
104 79 36095
104 80 35697
104 81 36488
104 82 13700
104 83 7089
104 84 4175
104 85 -3804
104 86 3596
104 87 3607
104 88 23270
104 89 7433
104 90 39810
104 91 5638
104 92 3026
104 93 -2648
104 94 1101
104 95 1013
104 96 -225
104 97 3474
104 98 2137
104 99 -1733
104 100 2055
104 101 28268
104 102 28628
104 103 40849
104 105 14938
104 106 17098
104 107 28941
104 108 30194
104 109 29499
104 110 27623
104 111 22479
104 112 8557
104 113 4350
104 114 10775
104 115 13510
104 116 31070
104 117 5788
104 118 -1224
104 119 9322
104 120 38394
104 121 37944
104 122 33124
104 123 23656
104 124 22872
104 125 9155
104 126 36430
104 127 19770
104 128 40774
104 129 41874
104 130 31536
104 131 38298
104 132 23992
104 133 24747
104 134 30473
104 135 48698
104 136 55541
104 137 9195
104 138 23448
104 139 34538
104 140 13321
104 141 5324
104 142 12169
104 143 31041
104 144 8093
104 145 18749
104 146 16218
104 147 2998
104 148 23565
104 149 22520
104 150 34539
104 151 11208
105 1 15613
105 2 10199
105 3 16839
105 4 10116
105 5 17914
105 6 14094
105 7 24032
105 8 29265
105 9 25200
105 10 25373
105 11 33362
105 12 7672
105 13 6077
105 14 24868
105 15 17707
105 16 24842
105 17 29716
105 18 17374
105 19 31958
105 20 30337
105 21 7778
105 22 15892
105 23 13010
105 24 19837
105 25 18262
105 26 656
105 27 7450
105 28 4576
105 29 19831
105 30 23000
105 31 16056
105 32 29873
105 33 22107
105 34 24440
105 35 34925
105 36 40804
105 37 19674
105 38 31303
105 39 16749
105 40 2449
105 41 19754
105 42 16137
105 43 22646
105 44 27113
105 45 26299
105 46 31087
105 47 30984
105 48 23839
105 49 37994
105 50 14190
105 51 23665
105 52 16133
105 53 1123
105 54 11850
105 55 16003
105 56 15538
105 57 13284
105 58 541
105 59 14128
105 60 21869
105 61 21134
105 62 25407
105 63 34930
105 64 33024
105 65 33080
105 66 25481
105 67 17372
105 68 10651
105 69 15169
105 70 23844
105 71 32308
105 72 9037
105 73 9595
105 74 14555
105 75 15409
105 76 11500
105 77 13843
105 78 24311
105 79 17808
105 80 15518
105 81 19968
105 82 22345
105 83 21485
105 84 22896
105 85 15837
105 86 23654
105 87 9264
105 88 22664
105 89 11482
105 90 35439
105 91 24349
105 92 18252
105 93 17328
105 94 9336
105 95 11783
105 96 15787
105 97 13896
105 98 19885
105 99 18663
105 100 18869
105 101 19408
105 102 12638
105 103 27226
105 104 18802
105 106 21569
105 107 32044
105 108 25793
105 109 9111
105 110 10435
105 111 7032
105 112 5247
105 113 24672
105 114 23349
105 115 9202
105 116 12008
105 117 12937
105 118 14355
105 119 26463
105 120 22233
105 121 18060
105 122 22185
105 123 28524
105 124 33069
105 125 25419
105 126 34013
105 127 16195
105 128 30884
105 129 23421
105 130 11771
105 131 31174
105 132 13210
105 133 15099
105 134 10093
105 135 32386
105 136 40007
105 137 7860
105 138 3948
105 139 18223
105 140 30759
105 141 24566
105 142 23724
105 143 38983
105 144 11255
105 145 13935
105 146 10568
105 147 10321
105 148 23292
105 149 2695
105 150 14360
105 151 786
106 1 16687
106 2 29377
106 3 29685
106 4 35505
106 5 10942
106 6 16558
106 7 -1090
106 8 8274
106 9 28060
106 10 9561
106 11 11079
106 12 27877
106 13 18667
106 14 30335
106 15 33734
106 16 22374
106 17 18061
106 18 2084
106 19 7225
106 20 24982
106 21 32723
106 22 39378
106 23 37892
106 24 39949
106 25 42960
106 26 25067
106 27 11922
106 28 19866
106 29 36288
106 30 16022
106 31 3466
106 32 16631
106 33 28941
106 34 33806
106 35 38739
106 36 15411
106 37 24332
106 38 33235
106 39 42244
106 40 26518
106 41 41844
106 42 27182
106 43 34785
106 44 28474
106 45 8864
106 46 8065
106 47 5564
106 48 -1555
106 49 12811
106 50 21805
106 51 24337
106 52 4959
106 53 20588
106 54 35070
106 55 40335
106 56 40758
106 57 30274
106 58 20691
106 59 17203
106 60 12125
106 61 17196
106 62 4560
106 63 16624
106 64 10383
106 65 31990
106 66 19759
106 67 42865
106 68 28196
106 69 13906
106 70 16029
106 71 32356
106 72 33845
106 73 33796
106 74 38729
106 75 39992
106 76 24943
106 77 27707
106 78 34208
106 79 29063
106 80 34455
106 81 26379
106 82 -1887
106 83 6766
106 84 12747
106 85 16034
106 86 19322
106 87 22126
106 88 3658
106 89 9616
106 90 19721
106 91 25672
106 92 23574
106 93 17719
106 94 15634
106 95 18973
106 96 17564
106 97 22709
106 98 23115
106 99 19291
106 100 22964
106 101 13967
106 102 19685
106 103 26525
106 104 19430
106 105 20037
106 107 8312
106 108 10579
106 109 30757
106 110 35921
106 111 17692
106 112 14055
106 113 16520
106 114 3182
106 115 29080
106 116 27304
106 117 22911
106 118 5720
106 119 29485
106 120 27119
106 121 34304
106 122 18370
106 123 3579
106 124 8164
106 125 8106
106 126 15691
106 127 4659
106 128 23495
106 129 34979
106 130 35582
106 131 19262
106 132 14114
106 133 38872
106 134 31259
106 135 36736
106 136 42143
106 137 23859
106 138 23710
106 139 43695
106 140 32332
106 141 23823
106 142 33138
106 143 13533
106 144 26469
106 145 35056
106 146 12127
106 147 10712
106 148 3081
106 149 27464
106 150 33297
106 151 12154
107 1 24372
107 2 45667
107 3 37674
107 4 49473
107 5 25975
107 6 33050
107 7 9090
107 8 17759
107 9 29777
107 10 7092
107 11 -3343
107 12 39770
107 13 35059
107 14 45890
107 15 50220
107 16 36785
107 17 29830
107 18 18208
107 19 -3487
107 20 23053
107 21 47911
107 22 55218
107 23 53195
107 24 49912
107 25 55780
107 26 38934
107 27 25476
107 28 32889
107 29 44476
107 30 16195
107 31 10090
107 32 9528
107 33 34196
107 34 37747
107 35 39087
107 36 7686
107 37 40418
107 38 47519
107 39 56550
107 40 41867
107 41 57994
107 42 43532
107 43 51039
107 44 43358
107 45 18684
107 46 10252
107 47 1155
107 48 716
107 49 -913
107 50 29805
107 51 26642
107 52 20109
107 53 35697
107 54 47319
107 55 52920
107 56 55760
107 57 46746
107 58 36477
107 59 33408
107 60 27524
107 61 31817
107 62 1760
107 63 5482
107 64 -6069
107 65 28313
107 66 15075
107 67 57152
107 68 38086
107 69 23518
107 70 18861
107 71 30990
107 72 49143
107 73 49333
107 74 54328
107 75 55442
107 76 34775
107 77 36641
107 78 39251
107 79 35769
107 80 44926
107 81 30717
107 82 8238
107 83 20732
107 84 26437
107 85 31551
107 86 32547
107 87 38618
107 88 10800
107 89 26027
107 90 11920
107 91 41081
107 92 39858
107 93 33537
107 94 32126
107 95 35440
107 96 33885
107 97 39158
107 98 39086
107 99 35388
107 100 38820
107 101 20029
107 102 26542
107 103 26184
107 104 35527
107 105 34766
107 106 12566
107 108 6587
107 109 42840
107 110 50259
107 111 29154
107 112 30042
107 113 29167
107 114 14473
107 115 45337
107 116 37069
107 117 39403
107 118 21160
107 119 44717
107 120 29787
107 121 42659
107 122 20821
107 123 -1518
107 124 8449
107 125 18389
107 126 5031
107 127 15453
107 128 20069
107 129 41623
107 130 48085
107 131 12940
107 132 24104
107 133 54633
107 134 42134
107 135 37725
107 136 41120
107 137 40204
107 138 36475
107 139 57797
107 140 46570
107 141 38400
107 142 49289
107 143 2230
107 144 42956
107 145 51295
107 146 26828
107 147 27204
107 148 5451
107 149 41204
107 150 43768
107 151 27002
108 1 12988
108 2 41448
108 3 25037
108 4 40462
108 5 28691
108 6 31652
108 7 12027
108 8 24889
108 9 15742
108 10 -4014
108 11 4453
108 12 29507
108 13 31911
108 14 47258
108 15 47790
108 16 40176
108 17 35947
108 18 19610
108 19 9032
108 20 9300
108 21 40870
108 22 49128
108 23 45702
108 24 37759
108 25 45373
108 26 30584
108 27 18631
108 28 24431
108 29 31586
108 30 2220
108 31 2286
108 32 -1384
108 33 20719
108 34 23798
108 35 25184
108 36 21458
108 37 40730
108 38 50941
108 39 47643
108 40 35528
108 41 52756
108 42 42542
108 43 50280
108 44 45992
108 45 26026
108 46 21241
108 47 13523
108 48 9602
108 49 12714
108 50 17737
108 51 12693
108 52 17164
108 53 29536
108 54 36833
108 55 42409
108 56 47960
108 57 43596
108 58 31230
108 59 33497
108 60 29829
108 61 34983
108 62 1220
108 63 1882
108 64 1721
108 65 15624
108 66 2644
108 67 47992
108 68 26264
108 69 14061
108 70 6156
108 71 17362
108 72 42088
108 73 42834
108 74 47772
108 75 48468
108 76 23407
108 77 24527
108 78 25520
108 79 22579
108 80 33409
108 81 16964
108 82 14045
108 83 24791
108 84 30771
108 85 33259
108 86 37331
108 87 36395
108 88 7767
108 89 24075
108 90 2360
108 91 42916
108 92 39554
108 93 34686
108 94 30373
108 95 34099
108 96 33678
108 97 37840
108 98 39758
108 99 35910
108 100 39689
108 101 8866
108 102 13818
108 103 12265
108 104 36049
108 105 27784
108 106 14102
108 107 5856
108 109 32547
108 110 41840
108 111 19559
108 112 26027
108 113 34539
108 114 20472
108 115 40913
108 116 25427
108 117 37377
108 118 23362
108 119 46759
108 120 15782
108 121 29892
108 122 7194
108 123 8210
108 124 19316
108 125 25404
108 126 1062
108 127 9640
108 128 6763
108 129 28379
108 130 37727
108 131 1279
108 132 14549
108 133 48338
108 134 30605
108 135 23741
108 136 27487
108 137 36558
108 138 27291
108 139 48724
108 140 50062
108 141 41529
108 142 49091
108 143 16265
108 144 40238
108 145 46522
108 146 21548
108 147 25782
108 148 3357
108 149 32462
108 150 32251
108 151 21010
109 1 16003
109 2 19616
109 3 7995
109 4 5430
109 5 30035
109 6 26260
109 7 31983
109 8 39743
109 9 18825
109 10 28578
109 11 38306
109 12 -680
109 13 18306
109 14 36418
109 15 26390
109 16 37185
109 17 41812
109 18 27770
109 19 38711
109 20 27739
109 21 11363
109 22 19318
109 23 12015
109 24 7495
109 25 9721
109 26 3272
109 27 14655
109 28 9210
109 29 7998
109 30 22547
109 31 20606
109 32 30366
109 33 15579
109 34 14639
109 35 26882
109 36 49213
109 37 31853
109 38 42999
109 39 12314
109 40 11871
109 41 24524
109 42 27054
109 43 32465
109 44 39180
109 45 37642
109 46 41241
109 47 39402
109 48 32393
109 49 44805
109 50 10671
109 51 19433
109 52 24674
109 53 13094
109 54 1224
109 55 6827
109 56 14358
109 57 22586
109 58 12348
109 59 26483
109 60 33538
109 61 33498
109 62 30695
109 63 37649
109 64 37278
109 65 26308
109 66 21661
109 67 12340
109 68 -496
109 69 18424
109 70 25130
109 71 26034
109 72 11105
109 73 13883
109 74 17408
109 75 16589
109 76 5987
109 77 5508
109 78 14921
109 79 8860
109 80 3711
109 81 12879
109 82 31673
109 83 32769
109 84 34928
109 85 28182
109 86 35996
109 87 20595
109 88 28789
109 89 22693
109 90 37322
109 91 36596
109 92 30507
109 93 29695
109 94 21701
109 95 24088
109 96 28133
109 97 25950
109 98 32152
109 99 31024
109 100 30971
109 101 21411
109 102 7893
109 103 22170
109 104 31163
109 105 6911
109 106 30089
109 107 37918
109 108 28356
109 110 8264
109 111 8658
109 112 17051
109 113 36993
109 114 33886
109 115 17987
109 116 3729
109 117 25098
109 118 26160
109 119 38386
109 120 14971
109 121 6454
109 122 21111
109 123 35666
109 124 42163
109 125 36740
109 126 36863
109 127 22231
109 128 28934
109 129 14120
109 130 2008
109 131 31059
109 132 16190
109 133 17988
109 134 -2120
109 135 24348
109 136 32373
109 137 19371
109 138 4157
109 139 13329
109 140 42524
109 141 36814
109 142 34739
109 143 46491
109 144 21652
109 145 20330
109 146 19407
109 147 22207
109 148 28965
109 149 852
109 150 2553
109 151 10832
110 1 26319
110 2 12763
110 3 19957
110 4 -3789
110 5 30022
110 6 26608
110 7 38198
110 8 43099
110 9 30864
110 10 38044
110 11 46875
110 12 10528
110 13 16275
110 14 30495
110 15 17182
110 16 34231
110 17 41588
110 18 31372
110 19 45982
110 20 39389
110 21 2681
110 22 7806
110 23 347
110 24 14141
110 25 5372
110 26 6473
110 27 21109
110 28 16373
110 29 17696
110 30 33522
110 31 29178
110 32 41150
110 33 27617
110 34 25855
110 35 38651
110 36 55015
110 37 28329
110 38 36994
110 39 2570
110 40 9154
110 41 13310
110 42 20514
110 43 24027
110 44 34600
110 45 39475
110 46 44985
110 47 45197
110 48 38052
110 49 52073
110 50 22111
110 51 31308
110 52 30306
110 53 15166
110 54 4821
110 55 4127
110 56 2554
110 57 14610
110 58 10695
110 59 24353
110 60 34925
110 61 31613
110 62 38962
110 63 47486
110 64 46362
110 65 38256
110 66 33587
110 67 3202
110 68 10975
110 69 27436
110 70 35367
110 71 38060
110 72 -212
110 73 4056
110 74 5961
110 75 4583
110 76 17595
110 77 17549
110 78 26470
110 79 20708
110 80 14817
110 81 24908
110 82 36520
110 83 34870
110 84 35110
110 85 25553
110 86 32803
110 87 15488
110 88 36412
110 89 25269
110 90 47520
110 91 33092
110 92 27571
110 93 27660
110 94 20728
110 95 21801
110 96 27153
110 97 22403
110 98 29038
110 99 29668
110 100 26945
110 101 31219
110 102 19685
110 103 34182
110 104 29807
110 105 8755
110 106 35773
110 107 45857
110 108 38169
110 109 8784
110 111 17784
110 112 18852
110 113 35491
110 114 37180
110 115 10453
110 116 15754
110 117 22255
110 118 27216
110 119 33390
110 120 26959
110 121 16707
110 122 32219
110 123 42609
110 124 47245
110 125 38633
110 126 46624
110 127 29809
110 128 40453
110 129 25858
110 130 2743
110 131 42059
110 132 25263
110 133 6301
110 134 4500
110 135 36142
110 136 44207
110 137 15572
110 138 12109
110 139 4016
110 140 36705
110 141 33065
110 142 28091
110 143 53156
110 144 15067
110 145 10189
110 146 24699
110 147 23419
110 148 36939
110 149 2065
110 150 13659
110 151 14975
111 1 4649
111 2 21271
111 3 9227
111 4 16786
111 5 22069
111 6 19342
111 7 19518
111 8 28631
111 9 14681
111 10 16222
111 11 25609
111 12 6492
111 13 14897
111 14 33962
111 15 28728
111 16 31494
111 17 33317
111 18 17036
111 19 25922
111 20 19169
111 21 17811
111 22 26421
111 23 22130
111 24 18112
111 25 22481
111 26 7058
111 27 3341
111 28 1628
111 29 15021
111 30 12105
111 31 7842
111 32 19416
111 33 12109
111 34 16011
111 35 24934
111 36 36672
111 37 27727
111 38 39915
111 39 23974
111 40 13574
111 41 30667
111 42 26186
111 43 33225
111 44 35102
111 45 27496
111 46 29647
111 47 26915
111 48 20027
111 49 32004
111 50 3615
111 51 12639
111 52 12881
111 53 9141
111 54 14030
111 55 19620
111 56 24350
111 57 24262
111 58 11039
111 59 21222
111 60 24486
111 61 26980
111 62 17917
111 63 25585
111 64 24789
111 65 22369
111 66 14306
111 67 24404
111 68 6435
111 69 5716
111 70 13482
111 71 21566
111 72 18880
111 73 20077
111 74 24811
111 75 25191
111 76 3571
111 77 6638
111 78 15851
111 79 9602
111 80 12614
111 81 10051
111 82 19772
111 83 22843
111 84 26452
111 85 22741
111 86 30125
111 87 19219
111 88 16003
111 89 13704
111 90 25591
111 91 31864
111 92 26140
111 93 23935
111 94 16278
111 95 19670
111 96 21952
111 97 22652
111 98 27518
111 99 24894
111 100 27051
111 101 9287
111 102 2244
111 103 16250
111 104 25033
111 105 5722
111 106 17914
111 107 25122
111 108 16258
111 109 9548
111 110 18154
111 112 10240
111 113 29628
111 114 22903
111 115 20352
111 116 5729
111 117 21603
111 118 17409
111 119 34868
111 120 12148
111 121 13025
111 122 11111
111 123 22928
111 124 29971
111 125 26591
111 126 24738
111 127 9496
111 128 19782
111 129 15429
111 130 14783
111 131 20502
111 132 3488
111 133 25475
111 134 9496
111 135 22457
111 136 29730
111 137 18017
111 138 3585
111 139 25080
111 140 39252
111 141 31870
111 142 33581
111 143 33754
111 144 21863
111 145 25055
111 146 8724
111 147 14423
111 148 16160
111 149 8767
111 150 11456
111 151 2935
112 1 16310
112 2 11795
112 3 22921
112 4 18921
112 5 9039
112 6 5419
112 7 16843
112 8 20276
112 9 28537
112 10 21768
112 11 27836
112 12 15727
112 13 1968
112 14 20055
112 15 17800
112 16 17406
112 17 20793
112 18 8614
112 19 25156
112 20 30829
112 21 15037
112 22 21353
112 23 19980
112 24 28474
112 25 27392
112 26 9798
112 27 5214
112 28 8685
112 29 27480
112 30 22411
112 31 12286
112 32 27770
112 33 26285
112 34 30134
112 35 39011
112 36 32700
112 37 13592
112 38 25774
112 39 25070
112 40 8851
112 41 23980
112 42 13244
112 43 20823
112 44 20899
112 45 17081
112 46 22160
112 47 22995
112 48 15918
112 49 30833
112 50 17737
112 51 25877
112 52 9453
112 53 4044
112 54 20994
112 55 25203
112 56 23066
112 57 13611
112 58 2694
112 59 7009
112 60 12666
112 61 13114
112 62 20084
112 63 31036
112 64 27549
112 65 35830
112 66 26326
112 67 25575
112 68 18255
112 69 14061
112 70 22410
112 71 35086
112 72 16012
112 73 15843
112 74 20734
112 75 22044
112 76 17091
112 77 20055
112 78 29953
112 79 23578
112 80 23549
112 81 24224
112 82 14045
112 83 12279
112 84 13904
112 85 8567
112 86 16121
112 87 6611
112 88 17203
112 89 2447
112 90 32360
112 91 17652
112 92 12008
112 93 9788
112 94 2089
112 95 5628
112 96 7835
112 97 8933
112 98 13317
112 99 10797
112 100 12914
112 101 18085
112 102 16373
112 103 29445
112 104 10936
112 105 3762
112 106 14102
112 107 25835
112 108 22551
112 109 17766
112 110 19047
112 111 10065
112 113 16243
112 114 14357
112 115 11405
112 116 18576
112 117 8021
112 118 5196
112 119 20730
112 120 26246
112 121 25573
112 122 22424
112 123 21554
112 124 24716
112 125 16202
112 126 30073
112 127 11635
112 128 30763
112 129 29350
112 130 20982
112 131 29542
112 132 12737
112 133 20845
112 134 18897
112 135 36566
112 136 43648
112 137 6596
112 138 11195
112 139 26773
112 140 25091
112 141 17677
112 142 20304
112 143 31419
112 144 10256
112 145 17319
112 146 5597
112 147 1188
112 148 17907
112 149 11913
112 150 22391
112 151 -1285
113 1 39854
113 2 27319
113 3 49478
113 4 42337
113 5 4094
113 6 19710
113 7 24903
113 8 15251
113 9 52692
113 10 36762
113 11 35771
113 12 42590
113 13 19897
113 14 10880
113 15 22797
113 16 290
113 17 -284
113 18 16226
113 19 29308
113 20 51551
113 21 36909
113 22 37996
113 23 37707
113 24 55170
113 25 51544
113 26 35967
113 27 29811
113 28 35452
113 29 54398
113 30 42497
113 31 29769
113 32 43808
113 33 51626
113 34 56167
113 35 63500
113 36 27517
113 37 13124
113 38 8291
113 39 46357
113 40 32449
113 41 37813
113 42 15076
113 43 19165
113 44 6522
113 45 4409
113 46 12234
113 47 20898
113 48 17171
113 49 30016
113 50 43218
113 51 49254
113 52 26173
113 53 30519
113 54 46975
113 55 49995
113 56 43063
113 57 23553
113 58 25900
113 59 10234
113 60 13524
113 61 -431
113 62 31237
113 63 43013
113 64 32742
113 65 58342
113 66 46664
113 67 45721
113 68 45180
113 69 36739
113 70 42224
113 71 58155
113 72 36338
113 73 35806
113 74 39247
113 75 40559
113 76 43670
113 77 46722
113 78 56066
113 79 49908
113 80 50447
113 81 49467
113 82 16279
113 83 9559
113 84 2364
113 85 1941
113 86 -7222
113 87 16335
113 88 30792
113 89 19875
113 90 46756
113 91 8698
113 92 15817
113 93 7562
113 94 16113
113 95 15653
113 96 14656
113 97 16799
113 98 11598
113 99 13300
113 100 8574
113 101 39073
113 102 41734
113 103 52244
113 104 13439
113 105 29897
113 106 23277
113 107 31670
113 108 37773
113 109 44418
113 110 42396
113 111 36163
113 112 22953
113 114 11271
113 115 26922
113 116 45378
113 117 20263
113 118 5582
113 119 8979
113 120 51063
113 121 52481
113 122 44029
113 123 26237
113 124 21402
113 125 4616
113 126 42152
113 127 29575
113 128 50402
113 129 55740
113 130 46561
113 131 46465
113 132 36200
113 133 37876
113 134 45449
113 135 61230
113 136 67531
113 137 23712
113 138 38108
113 139 48934
113 140 7321
113 141 1304
113 142 18070
113 143 29188
113 144 20153
113 145 31072
113 146 28940
113 147 16378
113 148 30193
113 149 37554
113 150 49289
113 151 25338
114 1 26420
114 2 30242
114 3 38731
114 4 40389
114 5 5283
114 6 16786
114 7 7062
114 8 -1195
114 9 38274
114 10 19206
114 11 17403
114 12 35131
114 13 19656
114 14 24992
114 15 31927
114 16 15310
114 17 8608
114 18 3259
114 19 11155
114 20 35206
114 21 36259
114 22 41243
114 23 40582
114 24 47802
114 25 48721
114 26 30770
114 27 19357
114 28 26933
114 29 44998
114 30 26287
114 31 13757
114 32 26022
114 33 38755
114 34 43656
114 35 48990
114 36 12980
114 37 20722
114 38 25947
114 39 46446
114 40 30206
114 41 42765
114 42 24365
114 43 31262
114 44 22010
114 45 -1418
114 46 701
114 47 4313
114 48 -939
114 49 13687
114 50 31160
114 51 34565
114 52 12781
114 53 25274
114 54 41661
114 55 46385
114 56 44138
114 57 29642
114 58 23728
114 59 14328
114 60 7958
114 61 10498
114 62 13158
114 63 24707
114 64 14917
114 65 42219
114 66 29819
114 67 46862
114 68 36395
114 69 23401
114 70 26324
114 71 42650
114 72 36985
114 73 36602
114 74 41215
114 75 42655
114 76 33500
114 77 36470
114 78 43907
114 79 38447
114 80 42337
114 81 36309
114 82 -2056
114 83 -56
114 84 4924
114 85 10935
114 86 11005
114 87 21137
114 88 13792
114 89 12268
114 90 28761
114 91 20231
114 92 20915
114 93 13498
114 94 15536
114 95 17832
114 96 15567
114 97 21101
114 98 19174
114 99 16156
114 100 18548
114 101 24130
114 102 29270
114 103 36821
114 104 16295
114 105 25005
114 106 6370
114 107 13407
114 108 20137
114 109 37742
114 110 40516
114 111 25869
114 112 17498
114 113 7702
114 115 30026
114 116 35741
114 117 22379
114 118 1456
114 119 23574
114 120 37236
114 121 43000
114 122 28652
114 123 7923
114 124 5006
114 125 -2134
114 126 23868
114 127 14578
114 128 33588
114 129 44355
114 130 41907
114 131 28856
114 132 23391
114 133 40908
114 134 38700
114 135 46956
114 136 52436
114 137 24830
114 138 30611
114 139 48219
114 140 24995
114 141 16950
114 142 29380
114 143 13275
114 144 25677
114 145 35779
114 146 18750
114 147 11589
114 148 12522
114 149 33075
114 150 41179
114 151 17757
115 1 29964
115 2 -2315
115 3 30296
115 4 11504
115 5 18153
115 6 16898
115 7 33325
115 8 34052
115 9 39586
115 10 38157
115 11 44597
115 12 20093
115 13 5714
115 14 14692
115 15 3311
115 16 19525
115 17 28731
115 18 23857
115 19 41661
115 20 44802
115 21 6447
115 22 6093
115 23 5809
115 24 29012
115 25 20611
115 26 12299
115 27 20291
115 28 19092
115 29 31208
115 30 37181
115 31 28632
115 32 43563
115 33 36365
115 34 37685
115 35 48990
115 36 47995
115 37 13805
115 38 21185
115 39 14173
115 40 7298
115 41 7484
115 42 4703
115 43 9125
115 44 19072
115 45 28573
115 46 35729
115 47 38579
115 48 31731
115 49 47037
115 50 28699
115 51 38220
115 52 26208
115 53 12994
115 54 19519
115 55 19854
115 56 10798
115 57 -757
115 58 4884
115 59 11203
115 60 24697
115 61 17796
115 62 36839
115 63 47579
115 64 44303
115 65 47496
115 66 40013
115 67 13469
115 68 22773
115 69 28922
115 70 37683
115 71 46759
115 72 4385
115 73 4056
115 74 6967
115 75 8313
115 76 25569
115 77 27364
115 78 37726
115 79 31324
115 80 27054
115 81 34151
115 82 29556
115 83 24973
115 84 23034
115 85 11420
115 86 17769
115 87 539
115 88 33950
115 89 18087
115 90 48605
115 91 18249
115 92 13786
115 93 14222
115 94 9884
115 95 9229
115 96 15343
115 97 8486
115 98 14758
115 99 17135
115 100 11920
115 101 33218
115 102 27082
115 103 41766
115 104 17274
115 105 9102
115 106 30512
115 107 42515
115 108 38822
115 109 20087
115 110 12033
115 111 21562
115 112 12790
115 113 21597
115 114 28270
115 116 25411
115 117 9574
115 118 16655
115 119 17752
115 120 36433
115 121 29770
115 122 36548
115 123 38017
115 124 39843
115 125 27864
115 126 46624
115 127 28162
115 128 45241
115 129 36798
115 130 18120
115 131 45068
115 132 27152
115 133 5880
115 134 19112
115 135 46437
115 136 54211
115 137 3757
115 138 17901
115 139 17038
115 140 20894
115 141 17889
115 142 12293
115 143 47328
115 144 -690
115 145 618
115 146 21871
115 147 14604
115 148 34659
115 149 11420
115 150 25896
115 151 12741
116 1 10188
116 2 25682
116 3 626
116 4 13301
116 5 31515
116 6 28249
116 7 28990
116 8 38617
116 9 10894
116 10 22819
116 11 33051
116 12 2817
116 13 22100
116 14 41122
116 15 32971
116 16 40176
116 17 42986
116 18 27029
116 19 34500
116 20 19982
116 21 18734
116 22 27056
116 23 19980
116 24 8660
116 25 16034
116 26 8694
116 27 13299
116 28 9210
116 29 5040
116 30 15472
116 31 15993
116 32 23311
116 33 7598
116 34 8190
116 35 19445
116 36 45877
116 37 35588
116 38 47494
116 39 19925
116 40 17449
116 41 32107
116 42 32365
116 43 38542
116 44 43084
116 45 37469
116 46 39527
116 47 36240
116 48 29533
116 49 40343
116 50 3615
116 51 11517
116 52 22828
116 53 15989
116 54 7821
116 55 13056
116 56 22351
116 57 28814
116 58 16816
116 59 29558
116 60 34217
116 61 35961
116 62 25915
116 63 31357
116 64 31413
116 65 18549
116 66 13689
116 67 19575
116 68 -3235
116 69 14061
116 70 18884
116 71 18138
116 72 18880
116 73 21292
116 74 25163
116 75 24535
116 76 -338
116 77 -2306
116 78 8110
116 79 1651
116 80 3711
116 81 5008
116 82 29596
116 83 32769
116 84 36081
116 85 31245
116 86 38933
116 87 25535
116 88 24818
116 89 23299
116 90 30782
116 91 40082
116 92 34065
116 93 32537
116 94 24548
116 95 27534
116 96 30645
116 97 30004
116 98 35626
116 99 33608
116 100 34858
116 101 15805
116 102 158
116 103 14170
116 104 33747
116 105 10821
116 106 27649
116 107 33160
116 108 22249
116 109 4742
116 110 16247
116 111 5852
116 112 18874
116 113 38966
116 114 32898
116 115 24324
116 117 28978
116 118 27063
116 119 42567
116 120 7196
116 121 3050
116 122 13979
116 123 31794
116 124 39590
116 125 36563
116 126 30648
116 127 18691
116 128 21277
116 129 7185
116 130 8755
116 131 23824
116 132 11951
116 133 25793
116 134 922
116 135 16891
116 136 24813
116 137 24132
116 138 6097
116 139 20942
116 140 46921
116 141 40244
116 142 39979
116 143 42514
116 144 27286
116 145 27525
116 146 18626
116 147 23648
116 148 24551
116 149 8050
116 150 2553
116 151 11743
117 1 26117
117 2 6271
117 3 31235
117 4 20248
117 5 6806
117 6 6374
117 7 23641
117 8 22818
117 9 38059
117 10 30871
117 11 35630
117 12 22434
117 13 -1497
117 14 10544
117 15 9029
117 16 10482
117 17 17803
117 18 13398
117 19 31804
117 20 40677
117 21 14846
117 22 17480
117 23 17142
117 24 34192
117 25 29454
117 26 14969
117 27 15058
117 28 17304
117 29 34591
117 30 32217
117 31 21561
117 32 37244
117 33 35502
117 34 38764
117 35 48361
117 36 37043
117 37 4929
117 38 16716
117 39 24627
117 40 10602
117 41 18599
117 42 3456
117 43 11136
117 44 12350
117 45 17178
117 46 24394
117 47 27832
117 48 21213
117 49 36663
117 50 27046
117 51 35594
117 52 17748
117 53 10767
117 54 25415
117 55 27961
117 56 21565
117 57 5669
117 58 4371
117 59 286
117 60 13390
117 61 7531
117 62 28286
117 63 39820
117 64 35106
117 65 45537
117 66 36175
117 67 24438
117 68 25414
117 69 23906
117 70 32153
117 71 44762
117 72 14575
117 73 14022
117 74 17998
117 75 19445
117 76 25569
117 77 28260
117 78 38585
117 79 32100
117 80 30256
117 81 33439
117 82 18946
117 83 13664
117 84 11768
117 85 1584
117 86 9244
117 87 -2608
117 88 25604
117 89 8658
117 90 41541
117 91 9685
117 92 3653
117 93 3579
117 94 -859
117 95 -2136
117 96 3942
117 97 -769
117 98 5284
117 99 5883
117 100 4105
117 101 27880
117 102 25673
117 103 39191
117 104 6022
117 105 9307
117 106 20813
117 107 33051
117 108 31756
117 109 23668
117 110 20305
117 111 19283
117 112 5876
117 113 11408
117 114 17093
117 115 6044
117 116 26535
117 118 5302
117 119 11762
117 120 35574
117 121 32825
117 122 32273
117 123 28134
117 124 28906
117 125 16463
117 126 38851
117 127 20783
117 128 40582
117 129 37790
117 130 24780
117 131 39133
117 132 22580
117 133 17240
117 134 24320
117 135 45876
117 136 53142
117 137 1645
117 138 18510
117 139 27001
117 140 16124
117 141 9898
117 142 10456
117 143 36718
117 144 1771
117 145 11602
117 146 15289
117 147 4408
117 148 26199
117 149 16036
117 150 29098
117 151 8137
118 1 25431
118 2 20354
118 3 35476
118 4 32250
118 5 -3480
118 6 7638
118 7 13011
118 8 8776
118 9 38274
118 10 23717
118 11 25191
118 12 29553
118 13 10161
118 14 15939
118 15 21652
118 16 7984
118 17 7085
118 18 2629
118 19 19981
118 20 37503
118 21 27469
118 22 31511
118 23 31057
118 24 42384
118 25 41065
118 26 23816
118 27 15583
118 28 21836
118 29 40852
118 30 28468
118 31 15887
118 32 30803
118 33 37259
118 34 41887
118 35 49080
118 36 23276
118 37 10655
118 38 18754
118 39 37696
118 40 21801
118 41 32736
118 42 14190
118 43 21334
118 44 13917
118 45 3454
118 46 10252
118 47 14451
118 48 8427
118 49 23692
118 50 28911
118 51 34862
118 52 11890
118 53 18061
118 54 35021
118 55 39035
118 56 35011
118 57 19393
118 58 15132
118 59 4052
118 60 -476
118 61 2794
118 62 19120
118 63 31183
118 64 23834
118 65 44122
118 66 32774
118 67 37881
118 68 31752
118 69 22319
118 70 28151
118 71 43830
118 72 27867
118 73 27379
118 74 31755
118 75 33218
118 76 29742
118 77 32821
118 78 41824
118 79 35769
118 80 37259
118 81 35083
118 82 6255
118 83 -441
118 84 204
118 85 1584
118 86 5556
118 87 10894
118 88 17611
118 89 5836
118 90 34130
118 91 11178
118 92 10637
118 93 3579
118 94 5835
118 95 7670
118 96 5349
118 97 10825
118 98 9204
118 99 5883
118 100 8842
118 101 24790
118 102 27391
118 103 37925
118 104 6022
118 105 17737
118 106 10634
118 107 21820
118 108 24753
118 109 31742
118 110 32278
118 111 22101
118 112 10063
118 113 3739
118 114 3182
118 115 20137
118 116 31632
118 117 12314
118 119 14953
118 120 36646
118 121 38891
118 122 29766
118 123 16420
118 124 15260
118 125 2643
118 126 30252
118 127 15453
118 128 36565
118 129 41623
118 130 34960
118 131 33242
118 132 21783
118 133 31232
118 134 32880
118 135 46808
118 136 53142
118 137 15147
118 138 24948
118 139 39711
118 140 17868
118 141 9334
118 142 19483
118 143 23430
118 144 15431
118 145 25738
118 146 14681
118 147 3250
118 148 17546
118 149 25850
118 150 36101
118 151 11826
119 1 42194
119 2 18632
119 3 48428
119 4 34667
119 5 10031
119 6 19903
119 7 33404
119 8 26719
119 9 54691
119 10 43730
119 11 45520
119 12 39538
119 13 15706
119 14 -3542
119 15 9569
119 16 835
119 17 13504
119 18 22906
119 19 39950
119 20 56039
119 21 29355
119 22 27416
119 23 26610
119 24 50804
119 25 43805
119 26 31891
119 27 31098
119 28 34383
119 29 51667
119 30 47203
119 31 35239
119 32 50720
119 33 52419
119 34 55928
119 35 65183
119 36 40659
119 37 7212
119 38 -395
119 39 36853
119 40 26996
119 41 26281
119 42 3099
119 43 4882
119 44 -3772
119 45 17333
119 46 25727
119 47 33043
119 48 28011
119 49 42448
119 50 43888
119 51 51882
119 52 30854
119 53 27961
119 54 41640
119 55 42951
119 56 33346
119 57 12612
119 58 21304
119 59 7804
119 60 19902
119 61 3543
119 62 39483
119 63 51543
119 64 43820
119 65 61790
119 66 51520
119 67 35164
119 68 42542
119 69 39523
119 70 46915
119 71 61113
119 72 27517
119 73 27251
119 74 29527
119 75 30441
119 76 42728
119 77 45458
119 78 55744
119 79 49272
119 80 47298
119 81 50360
119 82 26172
119 83 18580
119 84 11990
119 85 26
119 86 -3997
119 87 8104
119 88 37697
119 89 22170
119 90 54281
119 91 3361
119 92 11282
119 93 6607
119 94 14123
119 95 11907
119 96 14182
119 97 10825
119 98 7038
119 99 13032
119 100 880
119 101 42997
119 102 42526
119 103 55373
119 104 13171
119 105 26448
119 106 31002
119 107 41980
119 108 44753
119 109 40571
119 110 35055
119 111 36163
119 112 22200
119 113 3739
119 114 21903
119 115 17837
119 116 43739
119 117 15377
119 118 11556
119 120 52412
119 121 49939
119 122 47808
119 123 36501
119 124 33555
119 125 17173
119 126 50605
119 127 34514
119 128 55537
119 129 54974
119 130 40650
119 131 52985
119 132 38485
119 133 27354
119 134 40880
119 135 62732
119 136 69803
119 137 17570
119 138 35710
119 139 40059
119 140 -1049
119 141 -3130
119 142 4682
119 143 41812
119 144 10344
119 145 20083
119 146 30728
119 147 17660
119 148 37818
119 149 32528
119 150 46140
119 151 24828
120 1 14945
120 2 42801
120 3 8779
120 4 30141
120 5 43392
120 6 41615
120 7 33603
120 8 45905
120 9 -5513
120 10 20824
120 11 30707
120 12 20534
120 13 37535
120 14 56633
120 15 50262
120 16 53659
120 17 53775
120 18 36159
120 19 34955
120 20 8874
120 21 36448
120 22 44753
120 23 36893
120 24 18694
120 25 30169
120 26 26119
120 27 24695
120 28 23906
120 29 10462
120 30 10117
120 31 18969
120 32 15151
120 33 3764
120 34 -2371
120 35 2264
120 36 47425
120 37 50351
120 38 62541
120 39 35940
120 40 34570
120 41 49827
120 42 48667
120 43 55401
120 44 57647
120 45 46152
120 46 44941
120 47 38794
120 48 33418
120 49 38975
120 50 10671
120 51 2254
120 52 31289
120 53 31562
120 54 23821
120 55 27472
120 56 39508
120 57 45941
120 58 33159
120 59 43721
120 60 45172
120 61 48898
120 62 26158
120 63 25773
120 64 25887
120 65 833
120 66 -1451
120 67 34510
120 68 11319
120 69 20731
120 70 17771
120 71 679
120 72 36559
120 73 39006
120 74 42852
120 75 42061
120 76 14389
120 77 10982
120 78 1108
120 79 3049
120 80 19078
120 81 -3862
120 82 35530
120 83 42413
120 84 47218
120 85 45101
120 86 52107
120 87 41699
120 88 28162
120 89 35217
120 90 24874
120 91 54351
120 92 48764
120 93 46264
120 94 38859
120 95 42318
120 96 44294
120 97 45321
120 98 50076
120 99 47185
120 100 49675
120 101 18085
120 102 3656
120 103 -1020
120 104 47324
120 105 27299
120 106 33717
120 107 32131
120 108 18857
120 109 22237
120 110 33705
120 111 18524
120 112 32797
120 113 50904
120 114 40646
120 115 41599
120 116 13449
120 117 44270
120 118 38330
120 119 57493
120 121 9763
120 122 10144
120 123 33411
120 124 43602
120 125 45315
120 126 25474
120 127 24396
120 128 10406
120 129 8015
120 130 24539
120 131 14884
120 132 19557
120 133 43462
120 134 14198
120 135 -204
120 136 7260
120 137 40375
120 138 22819
120 139 37062
120 140 61860
120 141 54240
120 142 56138
120 143 42533
120 144 44001
120 145 45174
120 146 29927
120 147 36419
120 148 26277
120 149 25770
120 150 17920
120 151 25543
121 1 18723
121 2 33068
121 3 3242
121 4 15175
121 5 41422
121 6 37991
121 7 38503
121 8 48579
121 9 10972
121 10 30465
121 11 40936
121 12 10384
121 13 31132
121 14 49711
121 15 39699
121 16 49681
121 17 52965
121 18 37061
121 19 43236
121 20 23583
121 21 24401
121 22 31511
121 23 21511
121 24 1958
121 25 13540
121 26 16465
121 27 23344
121 28 19092
121 29 -5002
121 30 21425
121 31 24859
121 32 28738
121 33 10007
121 34 2427
121 35 16066
121 36 55031
121 37 44726
121 38 56247
121 39 19909
121 40 25252
121 41 36978
121 42 40469
121 43 45894
121 44 52173
121 45 47514
121 46 49338
121 47 45538
121 48 39021
121 49 48745
121 50 11616
121 51 14870
121 52 32762
121 53 25274
121 54 8749
121 55 10987
121 56 24655
121 57 36012
121 58 25413
121 59 38980
121 60 44230
121 61 45639
121 62 34389
121 63 38024
121 64 38389
121 65 16186
121 66 15164
121 67 17911
121 68 -999
121 69 23401
121 70 26324
121 71 17155
121 72 23402
121 73 26800
121 74 29648
121 75 28000
121 76 9500
121 77 4513
121 78 3947
121 79 859
121 80 5864
121 81 5558
121 82 39378
121 83 42819
121 84 46052
121 85 40699
121 86 48476
121 87 33910
121 88 33950
121 89 33290
121 90 37185
121 91 49362
121 92 43275
121 93 42063
121 94 34018
121 95 36774
121 96 40259
121 97 38947
121 98 44892
121 99 43211
121 100 43929
121 101 24130
121 102 6379
121 103 15336
121 104 43350
121 105 19602
121 106 37378
121 107 41479
121 108 29443
121 109 10196
121 110 19929
121 111 15877
121 112 28600
121 113 48798
121 114 42886
121 115 31412
121 116 5779
121 117 37997
121 118 37051
121 119 51496
121 120 6239
121 122 20111
121 123 40783
121 124 49154
121 125 46608
121 126 37451
121 127 28162
121 128 25164
121 129 5176
121 130 9047
121 131 28856
121 132 21416
121 133 29995
121 134 -2065
121 135 13725
121 136 21749
121 137 32602
121 138 15262
121 139 21182
121 140 55738
121 141 49567
121 142 48148
121 143 51286
121 144 35096
121 145 33318
121 146 28676
121 147 33516
121 148 33354
121 149 14248
121 150 4706
121 151 21608
122 1 4649
122 2 36879
122 3 13318
122 4 31305
122 5 31098
122 6 31000
122 7 18835
122 8 31497
122 9 5001
122 10 6119
122 11 16460
122 12 19901
122 13 29073
122 14 47055
122 15 44148
122 16 42137
122 17 40520
122 18 22816
122 19 20073
122 20 3526
122 21 33719
122 22 42372
122 23 37455
122 24 26170
122 25 34902
122 26 22822
122 27 14655
122 28 17530
122 29 19625
122 30 -3394
122 31 4369
122 32 4446
122 33 8636
122 34 12172
122 35 15516
122 36 32501
122 37 40359
122 38 52111
122 39 38308
122 40 29511
122 41 46667
122 42 40520
122 43 47985
122 44 47001
122 45 32077
122 46 30039
122 47 23768
122 48 18439
122 49 24647
122 50 6985
122 51 1325
122 52 18266
122 53 24437
122 54 26586
122 55 31923
122 56 39659
122 57 39684
122 58 26459
122 59 33318
122 60 32495
122 61 37096
122 62 11186
122 63 13029
122 64 13390
122 65 9470
122 66 -987
122 67 38272
122 68 15097
122 69 9086
122 70 2770
122 71 9280
122 72 34689
122 73 36044
122 74 40708
122 75 40915
122 76 13053
122 77 13262
122 78 13544
122 79 10542
122 80 22467
122 81 5008
122 82 20905
122 83 28968
122 84 34339
122 85 34139
122 86 40159
122 87 33730
122 88 13350
122 89 23819
122 90 12226
122 91 43651
122 92 38865
122 93 35328
122 94 29018
122 95 32749
122 96 33595
122 97 36215
122 98 39758
122 99 36280
122 100 39602
122 101 4275
122 102 2244
122 103 3377
122 104 36419
122 105 21616
122 106 19333
122 107 17530
122 108 4634
122 109 22742
122 110 33330
122 111 11852
122 112 23340
122 113 38235
122 114 26427
122 115 36079
122 116 14597
122 117 35334
122 118 25815
122 119 47254
122 120 4509
122 121 18000
122 123 18399
122 124 28602
122 125 31288
122 126 12452
122 127 10604
122 128 3813
122 129 16323
122 130 27523
122 131 5059
122 132 8790
122 133 41388
122 134 19490
122 135 13606
122 136 18917
122 137 32947
122 138 19081
122 139 39326
122 140 51329
122 141 43095
122 142 47616
122 143 27844
122 144 36908
122 145 41006
122 146 19117
122 147 25420
122 148 11254
122 149 24063
122 150 21309
122 151 16802
123 1 22836
123 2 40554
123 3 36430
123 4 45847
123 5 19933
123 6 27554
123 7 3810
123 8 11801
123 9 30774
123 10 8068
123 11 1995
123 12 36989
123 13 29825
123 14 39863
123 15 44633
123 16 30702
123 17 23871
123 18 12477
123 19 -3931
123 20 25065
123 21 43609
123 22 50503
123 23 48855
123 24 48054
123 25 52736
123 26 35279
123 27 21765
123 28 29521
123 29 43287
123 30 17187
123 31 8097
123 32 13026
123 33 33889
123 34 38126
123 35 40720
123 36 6707
123 37 34529
123 38 41442
123 39 52778
123 40 37449
123 41 53023
123 42 37760
123 43 45192
123 44 37282
123 45 12842
123 46 5682
123 47 -2185
123 48 -5158
123 49 1870
123 50 28378
123 51 27269
123 52 15552
123 53 31383
123 54 44470
123 55 49970
123 56 51592
123 57 41346
123 58 31776
123 59 27580
123 60 21546
123 61 25740
123 62 1220
123 63 10099
123 64 -186
123 65 31346
123 66 18223
123 67 53410
123 68 36156
123 69 21165
123 70 18695
123 71 33129
123 72 44785
123 73 44820
123 74 49781
123 75 50998
123 76 32749
123 77 35018
123 78 39174
123 79 35025
123 80 42775
123 81 30781
123 82 2163
123 83 14659
123 84 20355
123 85 25539
123 86 26511
123 87 33097
123 88 7767
123 89 20782
123 90 15388
123 91 35049
123 92 34065
123 93 27585
123 94 26641
123 95 29833
123 96 28133
123 97 33511
123 98 33163
123 99 29524
123 100 32860
123 101 18791
123 102 25570
123 103 27844
123 104 29663
123 105 30667
123 106 7254
123 107 -2097
123 108 8362
123 109 40009
123 110 46432
123 111 26381
123 112 25182
123 113 23155
123 114 8410
123 115 40260
123 116 35124
123 117 33907
123 118 15181
123 119 38659
123 120 30488
123 121 41384
123 122 21111
123 124 3670
123 125 12487
123 126 9407
123 127 12247
123 128 22555
123 129 40918
123 130 45137
123 131 16246
123 132 21682
123 133 49976
123 134 39880
123 135 39115
123 136 43238
123 137 35030
123 138 33278
123 139 54124
123 140 40494
123 141 32317
123 142 43403
123 143 3226
123 144 37499
123 145 46236
123 146 22609
123 147 21759
123 148 3357
123 149 37635
123 150 41617
123 151 22784
124 1 29723
124 2 40475
124 3 43144
124 4 48947
124 5 16001
124 6 26897
124 7 7914
124 8 5789
124 9 39335
124 10 17159
124 11 10743
124 12 41802
124 13 29725
124 14 35431
124 15 42675
124 16 25281
124 17 16920
124 18 11984
124 19 3537
124 20 34199
124 21 45516
124 22 51249
124 23 50323
124 24 53823
124 25 56704
124 26 38702
124 27 25817
124 28 33754
124 29 49884
124 30 25985
124 31 15286
124 32 22460
124 33 41553
124 34 46164
124 35 49559
124 36 2389
124 37 31489
124 38 35387
124 39 55447
124 40 39318
124 41 53067
124 42 35135
124 43 41985
124 44 32110
124 45 5513
124 46 -3750
124 47 -6247
124 48 -5989
124 49 3129
124 50 35124
124 51 35691
124 52 18772
124 53 33766
124 54 48950
124 55 54138
124 56 53542
124 57 40234
124 58 33094
124 59 25074
124 60 18649
124 61 20782
124 62 10246
124 63 19315
124 64 5751
124 65 40692
124 66 27614
124 67 56007
124 68 42022
124 69 27334
124 70 26946
124 71 42225
124 72 46460
124 73 46204
124 74 50979
124 75 52368
124 76 38702
124 77 41349
124 78 46897
124 79 42212
124 80 48343
124 81 38709
124 82 715
124 83 10714
124 84 15092
124 85 21587
124 86 19941
124 87 31739
124 88 14587
124 89 21375
124 90 24819
124 91 30770
124 92 31660
124 93 24256
124 94 25824
124 95 28385
124 96 26192
124 97 31758
124 98 29932
124 99 26903
124 100 29249
124 101 26204
124 102 32724
124 103 36777
124 104 27042
124 105 33375
124 106 10002
124 107 6033
124 108 17631
124 109 44669
124 110 49231
124 111 31587
124 112 26507
124 113 16483
124 114 3656
124 115 40249
124 116 41083
124 117 32842
124 118 12184
124 119 33876
124 120 38842
124 121 47918
124 122 29477
124 123 1833
124 125 5499
124 126 18690
124 127 17965
124 128 31842
124 129 48125
124 130 49425
124 131 25674
124 132 27679
124 133 50857
124 134 45183
124 135 47834
124 136 52297
124 137 34965
124 138 37596
124 139 57024
124 140 34419
124 141 26927
124 142 40104
124 143 2557
124 144 36273
124 145 46112
124 146 25821
124 147 21437
124 148 11400
124 149 41097
124 150 47185
124 151 25621
125 1 32322
125 2 31271
125 3 44134
125 4 43352
125 5 4228
125 6 18792
125 7 13440
125 8 2400
125 9 44461
125 10 25578
125 11 23018
125 12 39597
125 13 21317
125 14 21972
125 15 31005
125 16 11467
125 17 2962
125 18 8166
125 19 16316
125 20 41597
125 21 38646
125 22 42478
125 23 42104
125 24 52420
125 25 52065
125 26 34489
125 27 24341
125 28 31520
125 29 50138
125 30 32661
125 31 20071
125 32 32327
125 33 44636
125 34 49525
125 35 55213
125 36 14950
125 37 19517
125 38 21352
125 39 48876
125 40 32917
125 41 43422
125 42 23118
125 43 29224
125 44 18323
125 45 -7629
125 46 219
125 47 7781
125 48 4243
125 49 17021
125 50 36805
125 51 40773
125 52 18364
125 53 28767
125 54 45625
125 55 49935
125 56 46173
125 57 29655
125 58 26269
125 59 14002
125 60 9294
125 61 7364
125 62 19407
125 63 30712
125 64 19601
125 65 48610
125 66 36221
125 67 49051
125 68 41303
125 69 29227
125 70 32657
125 71 48989
125 72 39036
125 73 38538
125 74 42852
125 75 44315
125 76 38690
125 77 41729
125 78 49682
125 79 44039
125 80 47064
125 81 42262
125 82 4155
125 83 1630
125 84 1941
125 85 8897
125 86 5931
125 87 21293
125 88 20188
125 89 15851
125 90 35003
125 91 17652
125 92 20486
125 93 12328
125 94 16972
125 95 18432
125 96 16140
125 97 21162
125 98 17847
125 99 15959
125 100 16634
125 101 30310
125 102 35031
125 103 43141
125 104 16098
125 105 28498
125 106 12717
125 107 18746
125 108 26492
125 109 42019
125 110 43392
125 111 30980
125 112 20766
125 113 2470
125 114 -711
125 115 31043
125 116 40829
125 117 23172
125 118 2340
125 119 20267
125 120 43328
125 121 48145
125 122 34936
125 123 13423
125 124 8272
125 126 29907
125 127 20684
125 128 39991
125 129 49936
125 130 45696
125 131 35198
125 132 29101
125 133 42228
125 134 43111
125 135 53140
125 136 58738
125 137 26228
125 138 34995
125 139 50875
125 140 20383
125 141 13083
125 142 27443
125 143 16265
125 144 25754
125 145 36431
125 146 23546
125 147 14162
125 148 18896
125 149 36651
125 150 45906
125 151 21875
126 1 20188
126 2 47895
126 3 31861
126 4 47658
126 5 32764
126 6 37147
126 7 15061
126 8 26801
126 9 20779
126 10 2294
126 11 667
126 12 36716
126 13 38002
126 14 52080
126 15 53852
126 16 44141
126 17 38625
126 18 23875
126 19 7329
126 20 13230
126 21 47862
126 22 56005
126 23 52797
126 24 44671
126 25 52557
126 26 37704
126 27 25390
126 28 31520
126 29 38220
126 30 8264
126 31 8778
126 32 -1384
126 33 27082
126 34 29247
126 35 29169
126 36 18638
126 37 45821
126 38 55022
126 39 54842
126 40 42371
126 41 59484
126 42 48134
126 43 55863
126 44 50313
126 45 27991
126 46 21055
126 47 12225
126 48 10271
126 49 8004
126 50 24805
126 51 18420
126 52 22748
126 53 36289
126 54 44025
126 55 49589
126 56 55075
126 57 49809
126 58 37837
126 59 38610
126 60 33964
126 61 38985
126 62 3598
126 63 -5180
126 64 -5211
126 65 17325
126 66 4110
126 67 55201
126 68 33305
126 69 21165
126 70 13291
126 71 20679
126 72 49099
126 73 49753
126 74 54716
126 75 55483
126 76 30559
126 77 31527
126 78 31474
126 79 29105
126 80 40504
126 81 22971
126 82 16300
126 83 28174
126 84 34190
126 85 37836
126 86 40743
126 87 42303
126 88 12618
126 89 29631
126 90 1483
126 91 47484
126 92 44825
126 93 39435
126 94 36030
126 95 39673
126 96 38843
126 97 43446
126 98 44714
126 99 40846
126 100 44613
126 101 16072
126 102 20683
126 103 16488
126 104 40985
126 105 34704
126 106 17914
126 107 3000
126 108 -238
126 109 39754
126 110 48995
126 111 26739
126 112 32249
126 113 37618
126 114 22903
126 115 47415
126 116 32526
126 117 43172
126 118 27561
126 119 51311
126 120 21099
126 121 36600
126 122 13712
126 123 7955
126 124 19075
126 125 27519
126 127 15828
126 128 9794
126 129 34857
126 130 44923
126 131 2109
126 132 21682
126 133 55251
126 134 37675
126 135 28080
126 136 30744
126 137 42817
126 138 34467
126 139 55927
126 140 54109
126 141 45629
126 142 54448
126 143 12549
126 144 46312
126 145 53138
126 146 27954
126 147 31244
126 148 7290
126 149 39626
126 150 39346
126 151 27671
127 1 7632
127 2 27672
127 3 20805
127 4 29625
127 5 16345
127 6 17776
127 7 5946
127 8 17185
127 9 19390
127 10 5750
127 11 12774
127 12 20346
127 13 17897
127 14 33705
127 15 33781
127 16 27628
127 17 25522
127 18 7819
127 19 12116
127 20 17654
127 21 28363
127 22 36129
127 23 33594
127 24 31678
127 25 36158
127 26 19087
127 27 5704
127 28 13061
127 29 27523
127 30 8620
127 31 -3591
127 32 12141
127 33 19898
127 34 24778
127 35 30165
127 36 22852
127 37 27045
127 38 38030
127 39 36703
127 40 22529
127 41 39387
127 42 28551
127 43 36281
127 44 32941
127 45 17371
127 46 17039
127 47 13162
127 48 6475
127 49 18245
127 50 12834
127 51 15725
127 52 3579
127 53 16346
127 54 27836
127 55 33361
127 56 36054
127 57 29642
127 58 17688
127 59 19835
127 60 17629
127 61 22498
127 62 4820
127 63 15033
127 64 12439
127 65 24372
127 66 12950
127 67 37302
127 68 19807
127 69 4977
127 70 8301
127 71 24280
127 72 29620
127 73 30009
127 74 35011
127 75 35978
127 76 16425
127 77 18995
127 78 25154
127 79 20049
127 80 26285
127 81 17376
127 82 7146
127 83 13975
127 84 19374
127 85 20069
127 86 25406
127 87 22360
127 88 2244
127 89 10217
127 90 16386
127 91 29686
127 92 25757
127 93 21357
127 94 16396
127 95 20143
127 96 20011
127 97 23862
127 98 26193
127 99 22433
127 100 26120
127 101 5266
127 102 10640
127 103 18373
127 104 22572
127 105 15133
127 106 5129
127 107 11669
127 108 6587
127 109 23369
127 110 30427
127 111 9744
127 112 12058
127 113 23288
127 114 11860
127 115 27200
127 116 18816
127 117 23351
127 118 11009
127 119 33467
127 120 18268
127 121 25558
127 122 10111
127 123 9042
127 124 16597
127 125 16543
127 126 14075
127 128 16785
127 129 25965
127 130 28523
127 131 14195
127 132 5331
127 133 35449
127 134 23318
127 135 28066
127 136 33845
127 137 22623
127 138 16726
127 139 37948
127 140 37198
127 141 28762
127 142 35189
127 143 19870
127 144 26227
127 145 32961
127 146 7746
127 147 11951
127 148 2739
127 149 21356
127 150 25127
127 151 7643
128 1 14698
128 2 46907
128 3 20686
128 4 40596
128 5 39314
128 6 40240
128 7 24349
128 8 37373
128 9 5551
128 10 8515
128 11 16138
128 12 29249
128 13 38863
128 14 56358
128 15 54129
128 16 50647
128 17 47754
128 18 30481
128 19 21769
128 20 -2190
128 21 43641
128 22 52311
128 23 47006
128 24 33175
128 25 43230
128 26 32710
128 27 24430
128 28 27572
128 29 25648
128 30 616
128 31 11495
128 32 -1200
128 33 14581
128 34 14145
128 35 13144
128 36 33982
128 37 49639
128 38 61010
128 39 47409
128 40 39556
128 41 56675
128 42 50243
128 43 57792
128 44 55903
128 45 38382
128 46 34227
128 47 26441
128 48 22552
128 49 24018
128 50 16201
128 51 5071
128 52 26592
128 53 34458
128 54 35318
128 55 40293
128 56 49236
128 57 49675
128 58 36477
128 59 42504
128 60 40536
128 61 45507
128 62 14182
128 63 9945
128 64 9521
128 65 2657
128 66 -9966
128 67 47058
128 68 23164
128 69 18787
128 70 10201
128 71 4715
128 72 44542
128 73 46004
128 74 50610
128 75 50706
128 76 22210
128 77 21458
128 78 17328
128 79 16650
128 80 30750
128 81 9358
128 82 26522
128 83 36284
128 84 42045
128 85 43018
128 86 48333
128 87 43538
128 88 19259
128 89 32851
128 90 9360
128 91 52606
128 92 48213
128 93 44263
128 94 38481
128 95 42243
128 96 42716
128 97 45799
128 98 48922
128 99 45278
128 100 48818
128 101 13359
128 102 10588
128 103 657
128 104 45417
128 105 31663
128 106 25806
128 107 18126
128 108 5551
128 109 31913
128 110 42912
128 111 21871
128 112 33027
128 113 45956
128 114 32711
128 115 46120
128 116 23243
128 117 44991
128 118 33962
128 119 56331
128 120 6119
128 121 24401
128 122 5161
128 123 21191
128 124 32315
128 125 37691
128 126 9882
128 127 18626
128 129 22172
128 130 36243
128 131 -1616
128 132 18672
128 133 51297
128 134 27351
128 135 12141
128 136 14830
128 137 42871
128 138 28939
128 139 48422
128 140 60189
128 141 51778
128 142 57236
128 143 28306
128 144 46827
128 145 51050
128 146 28609
128 147 34545
128 148 15770
128 149 33768
128 150 29592
128 151 26700
129 1 13616
129 2 34872
129 3 -131
129 4 20248
129 5 39529
129 6 36684
129 7 33801
129 8 44829
129 9 4028
129 10 24213
129 11 34680
129 12 11756
129 13 31132
129 14 50237
129 15 42094
129 16 48789
129 17 50689
129 18 33846
129 19 37550
129 20 16383
129 21 27469
129 22 35438
129 23 26960
129 24 9107
129 25 20198
129 26 17860
129 27 20622
129 28 17753
129 29 1483
129 30 14633
129 31 19581
129 32 21699
129 33 2956
129 34 -1016
129 35 10764
129 36 49660
129 37 44515
129 38 56541
129 39 25898
129 40 26655
129 41 40678
129 42 41572
129 43 47749
129 44 52001
129 45 44324
129 46 45039
129 47 40389
129 48 34188
129 49 42718
129 50 6850
129 51 7708
129 52 29149
129 53 24980
129 54 13847
129 55 17456
129 56 29680
129 57 37993
129 58 25997
129 59 38305
129 60 41848
129 61 44382
129 62 28598
129 63 31263
129 64 31654
129 65 10461
129 66 8120
129 67 24507
129 68 1513
129 69 18930
129 70 20143
129 71 10704
129 72 27223
129 73 30009
129 74 33527
129 75 32464
129 76 7317
129 77 2529
129 78 -1103
129 79 -5951
129 80 9234
129 81 -1626
129 82 35125
129 83 39913
129 84 43859
129 85 39935
129 86 47481
129 87 34719
129 88 28836
129 89 31156
129 90 30375
129 91 48901
129 92 42961
129 93 41172
129 94 33293
129 95 36432
129 96 39216
129 97 39041
129 98 44472
129 99 42176
129 100 43809
129 101 18582
129 102 669
129 103 8258
129 104 42315
129 105 19998
129 106 33088
129 107 35478
129 108 22965
129 109 12897
129 110 24115
129 111 13316
129 112 27412
129 113 47092
129 114 39276
129 115 33475
129 116 4949
129 117 37997
129 118 34818
129 119 51566
129 120 -474
129 121 211
129 122 13469
129 123 35352
129 124 44396
129 125 43434
129 126 30743
129 127 23604
129 128 17970
129 130 14523
129 131 21757
129 132 17185
129 133 34068
129 134 4177
129 135 8249
129 136 16317
129 137 33316
129 138 15262
129 139 27031
129 140 55945
129 141 49010
129 142 49176
129 143 45550
129 144 36505
129 145 36395
129 146 26040
129 147 31862
129 148 27871
129 149 16810
129 150 8076
129 151 20135
130 1 24390
130 2 21351
130 3 13874
130 4 -296
130 5 36019
130 6 32230
130 7 40166
130 8 47165
130 9 24795
130 10 37028
130 11 46791
130 12 7806
130 13 22968
130 14 39091
130 15 26390
130 16 41727
130 17 47801
130 18 35175
130 19 47110
130 20 35144
130 21 11363
130 22 16677
130 23 6059
130 24 4972
130 25 1235
130 26 8998
130 27 22690
130 28 17228
130 29 9153
130 30 30590
130 31 29083
130 32 38439
130 33 22048
130 34 17947
130 35 31372
130 36 57389
130 37 35952
130 38 45676
130 39 4975
130 40 15560
130 41 22279
130 42 29216
130 43 33178
130 44 42757
130 45 44522
130 46 48847
130 47 47554
130 48 40489
130 49 53223
130 50 18630
130 51 26534
130 52 32634
130 53 19339
130 54 -2943
130 55 -1636
130 56 9145
130 57 23603
130 58 16907
130 59 31324
130 60 40117
130 61 38596
130 62 39169
130 63 46022
130 64 45736
130 65 31346
130 66 28421
130 67 4345
130 68 4459
130 69 26906
130 70 33476
130 71 31691
130 72 8941
130 73 13199
130 74 14966
130 75 12743
130 76 13993
130 77 12221
130 78 19076
130 79 14073
130 80 8252
130 81 18832
130 82 39537
130 83 39681
130 84 41049
130 85 32836
130 86 40452
130 87 23614
130 88 37195
130 89 29601
130 90 45620
130 91 40774
130 92 34900
130 93 34636
130 94 27018
130 95 28764
130 96 33539
130 97 29944
130 98 36497
130 99 36280
130 100 34809
130 101 29854
130 102 15384
130 103 28653
130 104 36419
130 105 12790
130 106 38133
130 107 46382
130 108 36755
130 109 5227
130 110 5442
130 111 17112
130 112 23486
130 113 42355
130 114 41270
130 115 19239
130 116 10961
130 117 29429
130 118 32597
130 119 41684
130 120 20492
130 121 8524
130 122 29111
130 123 44013
130 124 50138
130 125 43636
130 126 45251
130 127 30604
130 128 36483
130 129 18965
130 131 39016
130 132 24671
130 133 15027
130 134 -4412
130 135 28947
130 136 37027
130 137 23022
130 138 12141
130 139 6058
130 140 45330
130 141 40901
130 142 36857
130 143 54825
130 144 23690
130 145 19405
130 146 27162
130 147 28565
130 148 37415
130 149 4499
130 150 7094
130 151 18067
131 1 16983
131 2 48309
131 3 25626
131 4 44290
131 5 37691
131 6 39898
131 7 21243
131 8 34052
131 9 11784
131 10 5152
131 11 10515
131 12 32893
131 13 39450
131 14 55820
131 15 55163
131 16 49165
131 17 45164
131 18 28628
131 19 16677
131 20 3926
131 21 46247
131 22 54816
131 23 50338
131 24 38387
131 25 47772
131 26 35468
131 27 25339
131 28 29754
131 29 31182
131 30 2487
131 31 10314
131 32 -7446
131 33 19898
131 34 20390
131 35 19350
131 36 28528
131 37 49178
131 38 59845
131 39 51307
131 40 41551
131 41 58868
131 42 50518
131 43 58209
131 44 54828
131 45 35212
131 46 29856
131 47 21533
131 48 18422
131 49 18020
131 50 19971
131 51 10533
131 52 25605
131 53 35961
131 54 39542
131 55 44800
131 56 52537
131 57 50805
131 58 37896
131 59 41963
131 60 38835
131 61 43976
131 62 10187
131 63 3820
131 64 3198
131 65 7435
131 66 -5802
131 67 51257
131 68 27804
131 69 19906
131 70 10671
131 71 10704
131 72 47320
131 73 48463
131 74 53246
131 75 53613
131 76 26047
131 77 25987
131 78 23308
131 79 22049
131 80 35270
131 81 15097
131 82 23226
131 83 33967
131 84 39922
131 85 42017
131 86 46452
131 87 44081
131 88 16835
131 89 32351
131 90 3685
131 91 51662
131 92 47890
131 93 43371
131 94 38435
131 95 42201
131 96 42137
131 97 45880
131 98 48302
131 99 44506
131 100 48233
131 101 14204
131 102 14938
131 103 6981
131 104 44645
131 105 33657
131 106 23277
131 107 12701
131 108 1771
131 109 35742
131 110 46222
131 111 24295
131 112 33510
131 113 43723
131 114 29683
131 115 47651
131 116 27494
131 117 45246
131 118 32343
131 119 55483
131 120 12301
131 121 29797
131 122 8111
131 123 16586
131 124 27851
131 125 34602
131 126 3901
131 127 17740
131 128 88
131 129 27663
131 130 40480
131 132 20107
131 133 53900
131 134 32147
131 135 18435
131 136 20730
131 137 43811
131 138 31805
131 139 52326
131 140 58982
131 141 50462
131 142 57269
131 143 22576
131 144 47679
131 145 52944
131 146 28940
131 147 34085
131 148 12576
131 149 36899
131 150 34112
131 151 27774
132 1 830
132 2 25426
132 3 12655
132 4 23152
132 5 20932
132 6 19710
132 7 14187
132 8 24729
132 9 13682
132 10 9875
132 11 19224
132 12 12771
132 13 17369
132 14 35572
132 15 32554
132 16 31429
132 17 31390
132 18 13987
132 19 19833
132 20 15230
132 21 23524
132 22 31950
132 23 28240
132 24 23497
132 25 28819
132 26 13120
132 27 2978
132 28 6992
132 29 19304
132 30 7142
132 31 1506
132 32 13749
132 33 12708
132 34 17545
132 35 24445
132 36 31015
132 37 28936
132 38 40922
132 39 30339
132 40 18544
132 41 35872
132 42 28824
132 43 36281
132 44 35861
132 45 24356
132 46 25095
132 47 21376
132 48 14721
132 49 25837
132 50 4860
132 51 10533
132 52 9150
132 53 12994
132 54 20316
132 55 25932
132 56 30496
132 57 28111
132 58 14984
132 59 22006
132 60 22711
132 61 26557
132 62 11597
132 63 19315
132 64 18390
132 65 20391
132 66 10704
132 67 30795
132 68 11606
132 69 -680
132 70 7721
132 71 19748
132 72 24706
132 73 25608
132 74 30483
132 75 31073
132 76 8205
132 77 10755
132 78 17667
132 79 12154
132 80 18179
132 81 10454
132 82 15135
132 83 20191
132 84 24766
132 85 23097
132 86 29752
132 87 22025
132 88 10003
132 89 12895
132 90 19496
132 91 32504
132 92 27398
132 93 24256
132 94 17490
132 95 21182
132 96 22378
132 97 24581
132 98 28439
132 99 25174
132 100 28218
132 101 3287
132 102 3016
132 103 13974
132 104 25313
132 105 10667
132 106 13103
132 107 18839
132 108 10015
132 109 15847
132 110 24400
132 111 2255
132 112 11679
132 113 28432
132 114 19192
132 115 24709
132 116 10595
132 117 23667
132 118 15858
132 119 35957
132 120 11948
132 121 17331
132 122 6816
132 123 16996
132 124 24830
132 125 23479
132 126 18448
132 127 3850
132 128 15350
132 129 18065
132 130 21109
132 131 15081
132 133 31096
132 134 15300
132 135 22136
132 136 28701
132 137 21285
132 138 9915
132 139 31459
132 140 40177
132 141 32181
132 142 35950
132 143 27778
132 144 25243
132 145 29924
132 146 7746
132 147 14293
132 148 9948
132 149 15040
132 150 17021
132 151 5117
133 1 35906
133 2 9309
133 3 31765
133 4 5542
133 5 29806
133 6 28094
133 7 43455
133 8 45405
133 9 42463
133 10 46248
133 11 53887
133 12 21810
133 13 16829
133 14 23852
133 15 7544
133 16 30582
133 17 40334
133 18 34712
133 19 51737
133 20 49991
133 21 6648
133 22 -3724
133 23 -5849
133 24 25743
133 25 12807
133 26 15681
133 27 28223
133 28 24964
133 29 29713
133 30 43359
133 31 36884
133 32 50571
133 33 39132
133 34 37932
133 35 50611
133 36 58992
133 37 25170
133 38 29595
133 39 3984
133 40 13604
133 41 1667
133 42 14145
133 43 14782
133 44 29220
133 45 40197
133 46 47177
133 47 49419
133 48 42424
133 49 57460
133 50 32819
133 51 42348
133 52 35827
133 53 20808
133 54 16775
133 55 13362
133 56 614
133 57 7728
133 58 13752
133 59 22856
133 60 36167
133 61 29268
133 62 45960
133 63 55804
133 64 53613
133 65 50070
133 66 44620
133 67 2162
133 68 22969
133 69 35985
133 70 44543
133 71 49713
133 72 -532
133 73 3274
133 74 -473
133 75 -2453
133 76 28640
133 77 29192
133 78 38495
133 79 32609
133 80 26846
133 81 36577
133 82 40383
133 83 36428
133 84 34696
133 85 22850
133 86 28462
133 87 11991
133 88 43106
133 89 28632
133 90 56301
133 91 29316
133 92 25387
133 93 25829
133 94 21267
133 95 20867
133 96 26950
133 97 20110
133 98 26193
133 99 28796
133 100 22929
133 101 40157
133 102 30729
133 103 45502
133 104 28935
133 105 15423
133 106 40728
133 107 52235
133 108 46671
133 109 20512
133 110 8305
133 111 27109
133 112 22654
133 113 32975
133 114 39576
133 115 6304
133 116 27304
133 117 21194
133 118 28174
133 119 27693
133 120 38720
133 121 28777
133 122 42281
133 123 48157
133 124 50875
133 125 39473
133 126 54884
133 127 36835
133 128 50842
133 129 37815
133 130 14332
133 131 51741
133 132 33963
133 134 16339
133 135 48087
133 136 56130
133 137 14985
133 138 21897
133 139 7944
133 140 29516
133 141 28544
133 142 21138
133 143 57989
133 144 9990
133 145 910
133 146 30728
133 147 25602
133 148 43796
133 149 12560
133 150 25688
133 151 21028
134 1 22199
134 2 26800
134 3 9042
134 4 6406
134 5 39012
134 6 35219
134 7 40133
134 8 48540
134 9 19318
134 10 34860
134 11 45061
134 12 7672
134 13 26913
134 14 44282
134 15 32554
134 16 45850
134 17 50796
134 18 36606
134 19 46246
134 20 30759
134 21 17214
134 22 23294
134 23 12491
134 24 -1186
134 25 4937
134 26 11935
134 27 23196
134 28 17901
134 29 2485
134 30 27205
134 31 27797
134 32 34961
134 33 17169
134 34 11446
134 35 25106
134 36 57274
134 37 40325
134 38 50901
134 39 10866
134 40 19921
134 41 28869
134 42 34598
134 43 39155
134 44 47480
134 45 46598
134 46 49916
134 47 47528
134 48 40635
134 49 52196
134 50 15604
134 51 21985
134 52 33188
134 53 22044
134 54 478
134 55 2159
134 56 15806
134 57 29391
134 58 20846
134 59 35203
134 60 42535
134 61 42318
134 62 37812
134 63 43338
134 64 43444
134 65 25197
134 66 23310
134 67 9211
134 68 103
134 69 25691
134 70 30913
134 71 25907
134 72 15408
134 73 19339
134 74 21527
134 75 19445
134 76 11500
134 77 8264
134 78 12897
134 79 8573
134 80 4457
134 81 13506
134 82 40196
134 83 41729
134 84 43919
134 85 36864
134 86 44648
134 87 28542
134 88 36412
134 89 31673
134 90 42703
134 91 45119
134 92 39076
134 93 38456
134 94 30529
134 95 32736
134 96 36998
134 97 34350
134 98 40719
134 99 39860
134 100 39350
134 101 27814
134 102 11614
134 103 23450
134 104 39999
134 105 15755
134 106 38453
134 107 45074
134 108 34276
134 109 5742
134 110 11842
134 111 16468
134 112 26044
134 113 45886
134 114 42706
134 115 24874
134 116 7771
134 117 33612
134 118 35160
134 119 46557
134 120 14794
134 121 2055
134 122 25721
134 123 43399
134 124 50539
134 125 45694
134 126 42646
134 127 30042
134 128 32234
134 129 13262
134 130 231
134 131 35326
134 132 23505
134 133 21677
134 135 22742
134 136 30786
134 137 27562
134 138 13002
134 139 12127
134 140 50490
134 141 45321
134 142 42279
134 143 54196
134 144 29074
134 145 25738
134 146 28140
134 147 31202
134 148 36327
134 149 8377
134 150 3299
134 151 19792
135 1 21826
135 2 49610
135 3 14939
135 4 35654
135 5 50342
135 6 48672
135 7 39714
135 8 52283
135 9 -725
135 10 25890
135 11 35099
135 12 26955
135 13 44576
135 14 63690
135 15 57023
135 16 60695
135 17 60579
135 18 42898
135 19 40003
135 20 12099
135 21 42837
135 22 50936
135 23 42276
135 24 22502
135 25 34441
135 26 32777
135 27 31738
135 28 30927
135 29 14093
135 30 15204
135 31 25180
135 32 18213
135 33 10766
135 34 -2371
135 35 -4720
135 36 52464
135 37 57421
135 38 69611
135 39 40881
135 40 41358
135 41 56131
135 42 55654
135 43 62301
135 44 64717
135 45 52698
135 46 50886
135 47 44205
135 48 39231
135 49 43227
135 50 17737
135 51 8182
135 52 38059
135 53 38569
135 54 29187
135 55 31973
135 56 45122
135 57 52755
135 58 40106
135 59 50789
135 60 52059
135 61 55909
135 62 31486
135 63 29331
135 64 28830
135 65 -4814
135 66 -2050
135 67 38790
135 68 17032
135 69 27588
135 70 23633
135 71 -2250
135 72 42721
135 73 45390
135 74 49025
135 75 47985
135 76 21198
135 77 17390
135 78 4942
135 79 8860
135 80 24737
135 81 3068
135 82 41762
135 83 49148
135 84 54087
135 85 52159
135 86 59117
135 87 48693
135 88 34230
135 89 42223
135 90 28617
135 91 61418
135 92 55834
135 93 53320
135 94 45930
135 95 49387
135 96 51353
135 97 52376
135 98 57146
135 99 54240
135 100 56745
135 101 24517
135 102 10719
135 103 1220
135 104 54379
135 105 34203
135 106 40085
135 107 36820
135 108 23567
135 109 28365
135 110 39639
135 111 25584
135 112 39868
135 113 57822
135 114 47117
135 115 48354
135 116 19895
135 117 51323
135 118 45243
135 119 64564
135 120 -3453
135 121 14000
135 122 15992
135 123 38789
135 124 49345
135 125 51878
135 126 29206
135 127 30945
135 128 13179
135 129 13489
135 130 29745
135 131 17769
135 132 26496
135 133 49580
135 134 18897
135 136 813
135 137 47350
135 138 29634
135 139 42110
135 140 68931
135 141 61296
135 142 63145
135 143 47197
135 144 50916
135 145 51685
135 146 36945
135 147 43458
135 148 31992
135 149 32145
135 150 23579
135 151 32612
136 1 26319
136 2 55330
136 3 20924
136 4 41737
136 5 54761
136 6 53546
136 7 42759
136 8 55603
136 9 3701
136 10 27955
136 11 36237
136 12 32893
136 13 49897
136 14 68911
136 15 62788
136 16 65399
136 17 64609
136 18 46878
136 19 41743
136 20 13421
136 21 48800
136 22 56961
136 23 48353
136 24 28401
136 25 40377
136 26 38609
136 27 36581
136 28 36338
136 29 20017
136 30 17698
136 31 28521
136 32 18554
136 33 16276
136 34 3227
136 35 -2956
136 36 54049
136 37 62505
136 38 74662
136 39 46921
136 40 47098
136 41 62127
136 42 61119
136 43 67915
136 44 69682
136 45 56256
136 46 53553
136 47 46268
136 48 41822
136 49 44013
136 50 23008
136 51 12058
136 52 42155
136 53 44004
136 54 35268
136 55 37961
136 56 51205
136 57 58471
136 58 45658
136 59 55758
136 60 56325
136 61 60513
136 62 33680
136 63 29820
136 64 28451
136 65 -10752
136 66 -3891
136 67 44700
136 68 23099
136 69 31965
136 70 26740
136 71 -3238
136 72 48747
136 73 51356
136 74 55050
136 75 54051
136 76 26914
136 77 23315
136 78 11014
136 79 14889
136 80 30811
136 81 8666
136 82 44915
136 83 53082
136 84 58284
136 85 57007
136 86 63694
136 87 54148
136 88 37306
136 89 46865
136 90 29422
136 91 66347
136 92 60924
136 93 58164
136 94 50991
136 95 54526
136 96 56233
136 97 57624
136 98 62153
136 99 59078
136 100 61824
136 101 28268
136 102 16027
136 103 3253
136 104 59217
136 105 39819
136 106 43487
136 107 38210
136 108 25308
136 109 34385
136 110 45699
136 111 30852
136 112 44945
136 113 62118
136 114 50592
136 115 54123
136 116 25812
136 117 56584
136 118 49572
136 119 69630
136 120 2006
136 121 20019
136 122 19298
136 123 40907
136 124 51803
136 125 55471
136 126 29865
136 127 34719
136 128 13863
136 129 19552
136 130 35820
136 131 18059
136 132 31056
136 133 55618
136 134 24936
136 135 -1192
136 137 52849
136 138 35348
136 139 48164
136 140 73954
136 141 66120
136 142 68560
136 143 48403
136 144 56512
136 145 57605
136 146 41665
136 147 48226
136 148 34634
136 149 38107
136 150 29653
136 151 37760
137 1 25047
137 2 2102
137 3 28153
137 4 15175
137 5 11702
137 6 9724
137 7 26211
137 8 26983
137 9 36077
137 10 31803
137 11 37694
137 12 18696
137 13 -1497
137 14 13661
137 15 7898
137 16 15310
137 17 22876
137 18 16646
137 19 34536
137 20 39904
137 21 9751
137 22 12968
137 23 12456
137 24 29810
137 25 24397
137 26 10920
137 27 14518
137 28 14998
137 29 30734
137 30 31833
137 31 22303
137 32 37650
137 33 33173
137 34 35754
137 35 46053
137 36 40804
137 37 9479
137 38 20197
137 39 19574
137 40 5993
137 41 14695
137 42 4860
137 43 11764
137 44 16464
137 45 21900
137 46 28738
137 47 31370
137 48 24522
137 49 39843
137 50 24960
137 51 34066
137 52 19335
137 53 8257
137 54 20783
137 55 22977
137 56 16593
137 57 3586
137 58 541
137 59 5383
137 60 17733
137 61 12598
137 62 30036
137 63 41085
137 64 37356
137 65 43836
137 66 35308
137 67 19485
137 68 21704
137 69 23401
137 70 32037
137 71 43034
137 72 9540
137 73 8994
137 74 13170
137 75 14633
137 76 22749
137 77 25156
137 78 35622
137 79 29118
137 80 26356
137 81 31074
137 82 22345
137 83 17990
137 84 16726
137 85 6539
137 86 13991
137 87 -2050
137 88 27181
137 89 10934
137 90 42371
137 91 14299
137 92 8554
137 93 8666
137 94 2828
137 95 2908
137 96 8719
137 97 3474
137 98 10076
137 99 10916
137 100 8369
137 101 27618
137 102 23520
137 103 37689
137 104 11055
137 105 5856
137 106 23387
137 107 35478
137 108 32563
137 109 19567
137 110 15248
137 111 17323
137 112 6077
137 113 16483
137 114 21170
137 115 1853
137 116 23315
137 117 3271
137 118 9761
137 119 15581
137 120 33305
137 121 29056
137 122 31512
137 123 30883
137 124 32655
137 125 21145
137 126 40122
137 127 21681
137 128 40088
137 129 34735
137 130 19999
137 131 39324
137 132 21824
137 133 12657
137 134 19896
137 135 43529
137 136 51033
137 138 15262
137 139 21909
137 140 19706
137 141 14431
137 142 12417
137 143 40118
137 144 507
137 145 7802
137 146 15526
137 147 7395
137 148 27871
137 149 11537
137 150 25198
137 151 7057
138 1 11147
138 2 16862
138 3 9768
138 4 10116
138 5 23328
138 6 19710
138 7 24903
138 8 32472
138 9 18585
138 10 22905
138 11 32102
138 12 1492
138 13 12925
138 14 31903
138 15 24322
138 16 31298
138 17 35027
138 18 20508
138 19 31958
138 20 24982
138 21 11598
138 22 20276
138 23 15478
138 24 14342
138 25 16336
138 26 656
138 27 7450
138 28 1977
138 29 13246
138 30 18495
138 31 14309
138 32 25994
138 33 15341
138 34 17369
138 35 28030
138 36 42128
138 37 26468
138 38 38291
138 39 17301
138 40 8629
138 41 24827
138 42 23199
138 43 29573
138 44 33954
138 45 30486
138 46 33961
138 47 32297
138 48 25246
138 49 38092
138 50 7971
138 51 17599
138 52 17446
138 53 6905
138 54 8237
138 55 13594
138 56 17686
138 57 20006
138 58 7612
138 59 20604
138 60 26542
138 61 27283
138 62 24303
138 63 32291
138 64 31403
138 65 26496
138 66 19759
138 67 17777
138 68 3998
138 69 12328
138 70 20143
138 71 25793
138 72 12490
138 73 14022
138 74 18550
138 75 18716
138 76 4562
138 77 6772
138 78 17242
138 79 10741
138 80 9234
138 81 13137
138 82 24424
138 83 25623
138 84 28113
138 85 22319
138 86 30092
138 87 16335
138 88 22082
138 89 15616
138 90 32288
138 91 31036
138 92 24974
138 93 23679
138 94 15634
138 95 18453
138 96 21891
138 97 20816
138 98 26568
138 99 24838
138 100 25715
138 101 15992
138 102 6174
138 103 21003
138 104 24977
138 105 1613
138 106 22907
138 107 31418
138 108 22965
138 109 4022
138 110 11454
138 111 2560
138 112 10345
138 113 30548
138 114 26620
138 115 15666
138 116 4949
138 117 19805
138 118 19231
138 119 33390
138 120 15418
138 121 11385
138 122 17315
138 123 28800
138 124 34955
138 125 29581
138 126 31441
138 127 15453
138 128 25825
138 129 16350
138 130 8787
138 131 26987
138 132 10123
138 133 19238
138 134 5005
138 135 25482
138 136 33201
138 137 14931
138 139 18429
138 140 37727
138 141 31227
138 142 30793
138 143 39594
138 144 18227
138 145 19620
138 146 12127
138 147 15412
138 148 22421
138 149 2065
138 150 8076
138 151 3715
139 1 35058
139 2 20354
139 3 25891
139 4 -1509
139 5 39401
139 6 36256
139 7 48150
139 8 53005
139 9 36836
139 10 47285
139 11 56462
139 12 18424
139 13 25573
139 14 37135
139 15 21457
139 16 42473
139 17 50761
139 18 41338
139 19 55843
139 20 46905
139 21 11464
139 22 10142
139 23 -5375
139 24 15223
139 25 -854
139 26 16174
139 27 30925
139 28 25930
139 29 20457
139 30 41847
139 31 38686
139 32 49647
139 33 34036
139 34 29532
139 35 43204
139 36 65011
139 37 36632
139 38 43209
139 39 -6996
139 40 18920
139 41 15455
139 42 27182
139 43 28687
139 44 42002
139 45 49146
139 46 54902
139 47 55190
139 48 48045
139 49 61957
139 50 29981
139 51 38401
139 52 40269
139 53 25164
139 54 8963
139 55 905
139 56 42
139 57 20752
139 58 20379
139 59 33254
139 60 44622
139 61 40352
139 62 48602
139 63 56589
139 64 55815
139 65 43259
139 66 40405
139 67 -6619
139 68 16480
139 69 36739
139 70 44201
139 71 43717
139 72 5427
139 73 11127
139 74 9680
139 75 5155
139 76 25292
139 77 24094
139 78 30951
139 79 26110
139 80 20258
139 81 30871
139 82 46519
139 83 44649
139 84 44475
139 85 34105
139 86 40789
139 87 23438
139 88 46165
139 89 35204
139 90 56419
139 91 41217
139 92 36210
139 93 36500
139 94 30132
139 95 30799
139 96 36436
139 97 30928
139 98 37485
139 99 38789
139 100 34919
139 101 40250
139 102 27054
139 103 40667
139 104 38928
139 105 18749
139 106 45753
139 107 55601
139 108 47259
139 109 16055
139 110 6222
139 111 26916
139 112 28784
139 113 44235
139 114 47089
139 115 17664
139 116 22655
139 117 31157
139 118 36855
139 119 40600
139 120 32522
139 121 20166
139 122 40421
139 123 52507
139 124 57244
139 125 48322
139 126 55762
139 127 39536
139 128 48169
139 129 30980
139 130 5565
139 131 50369
139 132 34528
139 133 8146
139 134 6991
139 135 40819
139 136 48878
139 137 24439
139 138 21290
139 140 43066
139 141 40911
139 142 34466
139 143 63106
139 144 22227
139 145 14526
139 146 34651
139 147 33201
139 148 46635
139 149 11478
139 150 19100
139 151 24956
140 1 52667
140 2 28224
140 3 59037
140 4 44011
140 5 18914
140 6 30335
140 7 42235
140 8 33905
140 9 65252
140 10 53256
140 11 53928
140 12 50027
140 13 26298
140 14 3622
140 15 15801
140 16 8085
140 17 18716
140 18 32175
140 19 47825
140 20 66263
140 21 38977
140 22 35476
140 23 33865
140 24 60983
140 25 52948
140 26 42304
140 27 41613
140 28 45013
140 29 62114
140 30 57351
140 31 45125
140 32 60332
140 33 63036
140 34 66551
140 35 75779
140 36 46472
140 37 17831
140 38 -10709
140 39 45168
140 40 37274
140 41 33681
140 42 11979
140 43 8988
140 44 3992
140 45 23387
140 46 31146
140 47 39843
140 48 35701
140 49 49012
140 50 54499
140 51 62372
140 52 40794
140 53 38569
140 54 51680
140 55 52401
140 56 41708
140 57 21245
140 58 31776
140 59 18286
140 60 28987
140 61 11811
140 62 48520
140 63 60551
140 64 51490
140 65 72235
140 66 61705
140 67 42583
140 68 53038
140 69 49916
140 70 57034
140 71 71599
140 72 36559
140 73 36516
140 74 38120
140 75 38668
140 76 53351
140 77 56063
140 78 66368
140 79 59892
140 80 57736
140 81 60977
140 82 34315
140 83 26839
140 84 19589
140 85 9955
140 86 -2251
140 87 18235
140 88 47154
140 89 32421
140 90 63670
140 91 13437
140 92 21899
140 93 16728
140 94 24716
140 95 22535
140 96 24558
140 97 21403
140 98 17556
140 99 23267
140 100 11501
140 101 53240
140 102 53136
140 103 65823
140 104 23406
140 105 36980
140 106 40085
140 107 50069
140 108 54292
140 109 50945
140 110 44606
140 111 46783
140 112 32797
140 113 8317
140 114 29560
140 115 27215
140 116 54329
140 117 25975
140 118 20707
140 119 5187
140 120 63015
140 121 60417
140 122 58119
140 123 44572
140 124 40334
140 125 23525
140 126 59639
140 127 44481
140 128 65631
140 129 65589
140 130 50532
140 131 62720
140 132 48941
140 133 35413
140 134 51049
140 135 73335
140 136 80363
140 137 27931
140 138 46283
140 139 48761
140 141 3953
140 142 12630
140 143 48188
140 144 19798
140 145 28144
140 146 41164
140 147 27990
140 148 47061
140 149 42750
140 150 56578
140 151 35440
141 1 41140
141 2 21271
141 3 48626
141 4 37188
141 5 6842
141 6 18943
141 7 30230
141 8 22569
141 9 53900
141 10 41174
141 11 42082
141 12 40355
141 13 16438
141 14 1454
141 15 14105
141 16 -3781
141 17 8644
141 18 20093
141 19 36197
141 20 54387
141 21 31726
141 22 30969
141 23 30428
141 24 52213
141 25 46418
141 26 32992
141 27 30241
141 28 34397
141 29 52504
141 30 45431
141 31 33103
141 32 48251
141 33 51997
141 34 55936
141 35 64549
141 36 36127
141 37 7753
141 38 1291
141 39 40091
141 40 28497
141 41 30193
141 42 6920
141 43 9845
141 44 -2846
141 45 12749
141 46 21055
141 47 28804
141 48 24139
141 49 38161
141 50 43439
141 51 50840
141 52 28812
141 53 28375
141 54 43329
141 55 45300
141 56 36624
141 57 16147
141 58 22398
141 59 7241
141 60 16909
141 61 -222
141 62 36482
141 63 48528
141 64 39997
141 65 60584
141 66 49791
141 67 38824
141 68 43283
141 69 38267
141 70 45105
141 71 60033
141 72 30399
141 73 29994
141 74 32749
141 75 33844
141 76 42825
141 77 45707
141 78 55752
141 79 49352
141 80 48214
141 81 49924
141 82 22527
141 83 14955
141 84 7915
141 85 -1651
141 86 -8210
141 87 10321
141 88 35071
141 89 20699
141 90 51591
141 91 2421
141 92 11554
141 93 5154
141 94 13886
141 95 12181
141 96 13159
141 97 11927
141 98 6887
141 99 11721
141 100 1871
141 101 41408
141 102 42062
141 103 54202
141 104 11860
141 105 27238
141 106 28027
141 107 38350
141 108 42210
141 109 41686
141 110 37417
141 111 35852
141 112 21834
141 113 -1249
141 114 17966
141 115 20661
141 116 44103
141 117 16200
141 118 8624
141 119 -443
141 120 51846
141 121 50697
141 122 46336
141 123 32846
141 124 29293
141 125 12676
141 126 47610
141 127 32496
141 128 53671
141 129 55105
141 130 42554
141 131 50651
141 132 37396
141 133 30892
141 134 42331
141 135 62151
141 136 68980
141 137 19107
141 138 36234
141 139 43057
141 140 404
141 142 9176
141 143 37453
141 144 13327
141 145 23743
141 146 29639
141 147 16401
141 148 34990
141 149 34009
141 150 47056
141 151 24521
142 1 40416
142 2 11923
142 3 44421
142 4 27528
142 5 13795
142 6 19490
142 7 35760
142 8 31354
142 9 52124
142 10 44554
142 11 48060
142 12 34780
142 13 12390
142 14 -1148
142 15 1077
142 16 8085
142 17 20328
142 18 25030
142 19 43266
142 20 54990
142 21 22598
142 22 19276
142 23 18221
142 24 44948
142 25 36458
142 26 26897
142 27 29376
142 28 31106
142 29 46598
142 30 46488
142 31 35460
142 32 51192
142 33 49355
142 34 52021
142 35 62247
142 36 45877
142 37 7363
142 38 5054
142 39 28893
142 40 21656
142 41 17880
142 42 -4340
142 43 -1980
142 44 4762
142 45 23136
142 46 31524
142 47 37555
142 48 31766
142 49 46912
142 50 41027
142 51 49824
142 52 31289
142 53 24362
142 54 35527
142 55 35927
142 56 25396
142 57 4766
142 58 16816
142 59 8203
142 60 22855
142 61 9141
142 62 41252
142 63 53124
142 64 47057
142 65 59735
142 66 50491
142 67 26846
142 68 37746
142 69 38217
142 70 46374
142 71 58943
142 72 20068
142 73 20036
142 74 21706
142 75 22403
142 76 39021
142 77 41425
142 78 51897
142 79 45394
142 80 42258
142 81 47272
142 82 29596
142 83 22452
142 84 17138
142 85 3539
142 86 4495
142 87 2923
142 88 38884
142 89 22111
142 90 55231
142 91 7853
142 92 10596
142 93 8842
142 94 12738
142 95 10188
142 96 14568
142 97 8108
142 98 8218
142 99 14298
142 100 2353
142 101 42148
142 102 39624
142 103 53436
142 104 14437
142 105 22128
142 106 33074
142 107 44971
142 108 45504
142 109 35343
142 110 28175
142 111 33295
142 112 20193
142 113 11249
142 114 26128
142 115 10797
142 116 39570
142 117 12490
142 118 14505
142 119 3101
142 120 49476
142 121 45010
142 122 46589
142 123 39664
142 124 38202
142 125 22768
142 126 52161
142 127 34655
142 128 54861
142 129 51003
142 130 34242
142 131 53190
142 132 36897
142 133 19218
142 134 35021
142 135 59732
142 136 67152
142 137 12825
142 138 31532
142 139 32344
142 140 4813
142 141 4908
142 143 46509
142 144 3523
142 145 11910
142 146 29542
142 147 17549
142 148 39314
142 149 26899
142 150 41100
142 151 22368
143 1 35587
143 2 52029
143 3 49114
143 4 58691
143 5 28354
143 6 38540
143 7 16266
143 8 18156
143 9 41819
143 10 19068
143 11 8084
143 12 50027
143 13 41222
143 14 47770
143 15 54859
143 16 37502
143 17 28716
143 18 23315
143 19 3677
143 20 34994
143 21 56062
143 22 62477
143 23 61192
143 24 60983
143 25 65740
143 26 48154
143 27 34689
143 28 42505
143 29 55966
143 30 28228
143 31 20922
143 32 20968
143 33 46030
143 34 49756
143 35 51053
143 36 -2611
143 37 43800
143 38 47291
143 39 65532
143 40 49851
143 41 64623
143 42 47416
143 43 54340
143 44 44351
143 45 17390
143 46 5318
143 47 -1703
143 48 3433
143 49 -8873
143 50 41115
143 51 38661
143 52 28162
143 53 43928
143 54 57503
143 55 62989
143 56 64101
143 57 52178
143 58 43925
143 59 37284
143 60 30835
143 61 33106
143 62 13083
143 63 16381
143 64 -3810
143 65 39650
143 66 26460
143 67 66161
143 68 49091
143 69 34141
143 70 30656
143 71 42833
143 72 57166
143 73 57068
143 74 61964
143 75 63269
143 76 45693
143 77 47851
143 78 51168
143 79 47455
143 80 55760
143 81 42656
143 82 11836
143 83 23019
143 84 27420
143 85 33956
143 86 31718
143 87 43723
143 88 20774
143 89 32421
143 90 23533
143 91 43134
143 92 43864
143 93 36583
143 94 37562
143 95 40349
143 96 38258
143 97 43827
143 98 42260
143 99 39120
143 100 41611
143 101 31380
143 102 38101
143 103 38170
143 104 39259
143 105 43337
143 106 19419
143 107 3862
143 108 18628
143 109 53045
143 110 59190
143 111 39418
143 112 37258
143 113 28317
143 114 15973
143 115 51782
143 116 48055
143 117 44702
143 118 24402
143 119 46181
143 120 41821
143 121 54098
143 122 32767
143 123 5437
143 124 6605
143 125 17540
143 126 16212
143 127 25286
143 128 31881
143 129 53327
143 130 58160
143 131 24447
143 132 34675
143 133 62019
143 134 52888
143 135 49734
143 136 52945
143 137 46476
143 138 46283
143 139 66934
143 140 46321
143 141 39135
143 142 52459
143 144 48236
143 145 57722
143 146 35323
143 147 32924
143 148 16069
143 149 50529
143 150 54602
143 151 35440
144 1 32322
144 2 1656
144 3 34677
144 4 17583
144 5 14127
144 6 14905
144 7 32149
144 8 30978
144 9 43137
144 10 38750
144 11 44041
144 12 24776
144 13 4897
144 14 8663
144 15 781
144 16 13835
144 17 23871
144 18 21939
144 19 40341
144 20 47184
144 21 12409
144 22 11087
144 23 10781
144 24 34653
144 25 26691
144 26 16869
144 27 21765
144 28 22102
144 29 36415
144 30 39098
144 31 29300
144 32 44785
144 33 40119
144 34 42236
144 35 52952
144 36 45389
144 37 8493
144 38 15217
144 39 19992
144 40 11591
144 41 11089
144 42 -1238
144 43 4632
144 44 13018
144 45 24613
144 46 32317
144 47 36283
144 48 29730
144 49 45185
144 50 32040
144 51 41265
144 52 25908
144 53 15425
144 54 25235
144 55 25917
144 56 16529
144 57 -2808
144 58 7414
144 59 6931
144 60 21546
144 61 12623
144 62 36575
144 63 47903
144 64 43578
144 65 50957
144 66 42582
144 67 18903
144 68 27677
144 69 30663
144 70 39264
144 71 50160
144 72 10414
144 73 10136
144 74 12652
144 75 13801
144 76 29515
144 77 31693
144 78 42167
144 79 35687
144 80 32113
144 81 37991
144 82 27454
144 83 21762
144 84 18718
144 85 6191
144 86 11880
144 87 -4101
144 88 33803
144 89 17012
144 90 49370
144 91 12560
144 92 9184
144 93 9524
144 94 7667
144 95 5924
144 96 11961
144 97 4213
144 98 9568
144 99 13133
144 100 6178
144 101 34860
144 102 30563
144 103 44882
144 104 13272
144 105 12570
144 106 29316
144 107 41549
144 108 39562
144 109 25167
144 110 18062
144 111 24488
144 112 13056
144 113 16243
144 114 25336
144 115 725
144 116 29788
144 117 6716
144 118 13364
144 119 11674
144 120 40250
144 121 34869
144 122 38792
144 123 36671
144 124 37282
144 125 23990
144 126 46936
144 127 28604
144 128 47363
144 129 41243
144 130 23986
144 131 46511
144 132 29101
144 133 10981
144 134 24727
144 135 50414
144 136 58015
144 137 3826
144 138 21877
144 139 23016
144 140 14892
144 141 11970
144 142 6434
144 143 45197
144 145 4206
144 146 22609
144 147 12908
144 148 34448
144 149 16653
144 150 30955
144 151 14331
145 1 35638
145 2 4333
145 3 34110
145 4 10956
145 5 24155
145 6 23507
145 7 40031
145 8 40501
145 9 44157
145 10 44554
145 11 51240
145 12 23805
145 13 12390
145 14 16852
145 15 1077
145 16 23895
145 17 34162
145 18 30524
145 19 48369
145 20 50308
145 21 8260
145 22 1276
145 23 618
145 24 30411
145 25 19193
145 26 16537
145 27 26535
145 28 24579
145 29 33606
145 30 43010
145 31 35041
145 32 49689
145 33 40825
145 34 41056
145 35 53052
145 36 54590
145 37 18784
145 38 22657
145 39 10937
145 40 12482
145 41 910
145 42 7187
145 43 8204
145 44 22276
145 45 34649
145 46 42077
145 47 45224
145 48 38407
145 49 53735
145 50 33660
145 51 43285
145 52 32862
145 53 19056
145 54 20994
145 55 19256
145 56 7476
145 57 866
145 58 11163
145 59 17007
145 60 31082
145 61 22912
145 62 43447
145 63 54028
145 64 50958
145 65 52024
145 66 45338
145 67 9018
145 68 25908
145 69 34960
145 70 43714
145 71 51408
145 72 3385
145 73 4596
145 74 4143
145 75 4435
145 76 30026
145 77 31305
145 78 41310
145 79 35097
145 80 29960
145 81 38485
145 82 36215
145 83 31356
145 84 28879
145 85 16481
145 86 21610
145 87 5894
145 88 40553
145 89 24794
145 90 54919
145 91 22668
145 92 19363
145 93 19763
145 94 16419
145 95 15427
145 96 21581
145 97 14207
145 98 19863
145 99 23106
145 100 16281
145 101 39252
145 102 31876
145 103 46713
145 104 23245
145 105 14567
145 106 37220
145 107 49205
145 108 45163
145 109 23162
145 110 12501
145 111 26997
145 112 19436
145 113 26479
145 114 34755
145 115 1350
145 116 29344
145 117 15864
145 118 22988
145 119 20730
145 120 40740
145 121 32408
145 122 42207
145 123 44725
145 124 46438
145 125 33984
145 126 53079
145 127 34655
145 128 50903
145 129 40450
145 130 19018
145 131 51093
145 132 33099
145 133 1218
145 134 20708
145 135 50500
145 136 58425
145 137 10438
145 138 22587
145 139 14632
145 140 22555
145 141 21703
145 142 14138
145 143 54000
145 144 3523
145 146 28359
145 147 21265
145 148 41264
145 149 14574
145 150 28802
145 151 19033
146 1 10041
146 2 18475
146 3 19396
146 4 21921
146 5 12149
146 6 10496
146 7 12027
146 8 18930
146 9 22804
146 10 14845
146 11 21687
146 12 14931
146 13 9039
146 14 26467
146 15 24840
146 16 22288
146 17 23176
146 18 7055
146 19 19926
146 20 24051
146 21 19620
146 22 27056
146 23 24904
146 24 27584
146 25 29415
146 26 11467
146 27 -568
146 28 6725
146 29 25138
146 30 15472
146 31 5324
146 32 20704
146 33 21251
146 34 25759
146 35 33504
146 36 29009
146 37 19785
146 38 31708
146 39 28739
146 40 13574
146 41 30193
146 42 20214
146 43 27848
146 44 26642
146 45 17390
146 46 20360
146 47 19164
146 48 12033
146 49 25953
146 50 12805
146 51 19749
146 52 4151
146 53 7395
146 54 21747
146 55 26847
146 56 27539
146 57 20586
146 58 8485
146 59 12804
146 60 14335
146 61 17498
146 62 13774
146 63 24234
146 64 21418
146 65 29601
146 66 19562
146 67 29370
146 68 16293
146 69 7340
146 70 15391
146 71 28967
146 72 20844
146 73 21054
146 74 26057
146 75 27142
146 76 13763
146 77 16836
146 78 25677
146 79 19620
146 80 22137
146 81 19125
146 82 10901
146 83 12670
146 84 16351
146 85 13884
146 86 20707
146 87 13671
146 88 10905
146 89 3827
146 90 25378
146 91 23285
146 92 18277
146 93 15042
146 94 8434
146 95 12181
146 96 13159
146 97 15716
146 98 19242
146 99 15959
146 100 19048
146 101 11132
146 102 11337
146 103 23186
146 104 16098
146 105 6584
146 106 9675
146 107 20122
146 108 15573
146 109 17623
146 110 22395
146 111 6050
146 112 3098
146 113 19731
146 114 13110
146 115 17987
146 116 15829
146 117 14935
146 118 7315
146 119 26759
146 120 20877
146 121 23150
146 122 15702
146 123 16482
146 124 21531
146 125 16483
146 126 23279
146 127 4824
146 128 23846
146 129 25479
146 130 22159
146 131 22473
146 132 6305
146 133 26420
146 134 18494
146 135 31144
146 136 37869
146 137 13546
146 138 10478
146 139 30141
146 140 30959
146 141 22983
146 142 27154
146 143 26985
146 144 17310
146 145 23743
146 147 5087
146 148 11601
146 149 13865
146 150 20979
146 151 -1285
147 1 19932
147 2 14299
147 3 28322
147 4 24399
147 5 3112
147 6 1094
147 7 14430
147 8 15170
147 9 32696
147 10 22193
147 11 26428
147 12 21671
147 13 3499
147 14 17018
147 15 18240
147 16 12428
147 17 14816
147 18 4447
147 19 22639
147 20 33570
147 21 19922
147 22 25008
147 23 24216
147 24 34454
147 25 33097
147 26 15756
147 27 9076
147 28 14268
147 29 33260
147 30 24765
147 31 13167
147 32 28882
147 33 30962
147 34 35226
147 35 43373
147 36 28624
147 37 10313
147 38 21892
147 39 30153
147 40 14002
147 41 26899
147 42 12079
147 43 19809
147 44 16796
147 45 11296
147 46 17057
147 47 19164
147 48 12335
147 49 27710
147 50 22432
147 51 29638
147 52 8928
147 53 10003
147 54 26961
147 55 31012
147 56 27743
147 57 14776
147 58 7414
147 59 3147
147 60 6770
147 61 7762
147 62 19177
147 63 30874
147 64 25887
147 65 39444
147 66 29057
147 67 30505
147 68 24073
147 69 17115
147 70 24504
147 71 38845
147 72 20588
147 73 20201
147 74 24847
147 75 26275
147 76 22500
147 77 25541
147 78 35080
147 79 28826
147 80 29455
147 81 28868
147 82 10141
147 83 6642
147 84 7915
147 85 3993
147 86 10946
147 87 6611
147 88 16612
147 89 -222
147 90 32871
147 91 13437
147 92 8994
147 93 5154
147 94 117
147 95 3628
147 96 3370
147 97 7403
147 98 9568
147 99 6077
147 100 9461
147 101 20528
147 102 21025
147 103 33039
147 104 6216
147 105 9675
147 106 11598
147 107 23836
147 108 23145
147 109 23761
147 110 24453
147 111 15087
147 112 2027
147 113 10507
147 114 9287
147 115 14058
147 116 24189
147 117 7392
147 118 -778
147 119 17029
147 120 30707
147 121 31328
147 122 25343
147 123 18970
147 124 20485
147 125 10437
147 126 29907
147 127 12367
147 128 33120
147 129 34639
147 130 26900
147 131 30956
147 132 16190
147 133 24632
147 134 24894
147 135 40995
147 136 47768
147 137 8753
147 138 17101
147 139 32029
147 140 21123
147 141 13083
147 142 18499
147 143 27924
147 144 10947
147 145 19987
147 146 8425
147 148 17137
147 149 17794
147 150 28297
147 151 4155
148 1 13675
148 2 35565
148 3 27249
148 4 38186
148 5 19840
148 6 24094
148 7 2819
148 8 15778
148 9 22073
148 10 821
148 11 4231
148 12 28508
148 13 25311
148 14 38950
148 15 41030
148 16 31298
148 17 26732
148 18 10824
148 19 4087
148 20 17343
148 21 36909
148 22 44520
148 23 42165
148 24 39063
148 25 44487
148 26 27672
148 27 14298
148 28 21588
148 29 34108
148 30 8811
148 31 -1006
148 32 7759
148 33 24713
148 34 29085
148 35 32338
148 36 15926
148 37 32668
148 38 42143
148 39 45286
148 40 30990
148 41 47589
148 42 35066
148 43 42778
148 44 37316
148 45 16866
148 46 13081
148 47 6782
148 48 1380
148 49 10026
148 50 19214
148 51 18441
148 52 9914
148 53 24794
148 54 36052
148 55 41640
148 56 44647
148 57 37152
148 58 25900
148 59 25460
148 60 20996
148 61 26113
148 62 -3680
148 63 7962
148 64 3955
148 65 24232
148 66 11549
148 67 45874
148 68 27179
148 69 12328
148 70 9713
148 71 25219
148 72 38162
148 73 38479
148 74 43484
148 75 44505
148 76 23795
148 77 25921
148 78 30022
148 79 25806
148 80 33901
148 81 21683
148 82 4919
148 83 15654
148 84 21664
148 85 24744
148 86 28251
148 87 29414
148 88 -251
148 89 16641
148 90 10776
148 91 34399
148 92 31690
148 93 26304
148 94 23036
148 95 26628
148 96 25699
148 97 30403
148 98 31563
148 99 27695
148 100 31465
148 101 9573
148 102 16353
148 103 19630
148 104 27834
148 105 23697
148 106 5018
148 107 3134
148 108 1771
148 109 31570
148 110 39024
148 111 17875
148 112 19797
148 113 25373
148 114 11271
148 115 35164
148 116 26143
148 117 30234
148 118 14569
148 119 38238
148 120 21616
148 121 32217
148 122 12228
148 123 1619
148 124 11499
148 125 16222
148 126 7004
148 127 4206
148 128 15396
148 129 31699
148 130 36801
148 131 10498
148 132 12896
148 133 43877
148 134 31070
148 135 30580
148 136 35227
148 137 30280
148 138 25161
148 139 46514
148 140 41245
148 141 32723
148 142 41315
148 143 12120
148 144 33538
148 145 41037
148 146 15990
148 147 18188
148 149 29917
148 150 32743
148 151 16076
149 1 18723
149 2 13300
149 3 14011
149 4 2718
149 5 25975
149 6 22181
149 7 31357
149 8 37422
149 9 24416
149 10 30465
149 11 39451
149 12 3772
149 13 13145
149 14 30442
149 15 19987
149 16 32052
149 17 37762
149 18 25476
149 19 38874
149 20 32103
149 21 5142
149 22 13524
149 23 7897
149 24 12727
149 25 10124
149 26 -738
149 27 13962
149 28 8907
149 29 14258
149 30 25985
149 31 21697
149 32 33566
149 33 21068
149 34 20991
149 35 32969
149 36 48425
149 37 26433
149 38 37056
149 39 9842
149 40 5993
149 41 18507
149 42 20898
149 43 26095
149 44 33552
149 45 34545
149 46 39199
149 47 38579
149 48 31449
149 49 45004
149 50 14831
149 51 24271
149 52 23555
149 53 9363
149 54 3876
149 55 7772
149 56 10097
149 57 16213
149 58 7050
149 59 21498
149 60 30099
149 61 28720
149 62 31577
149 63 39885
149 64 38865
149 65 32147
149 66 26560
149 67 10408
149 68 5894
149 69 19860
149 70 27754
149 71 31679
149 72 5427
149 73 7699
149 74 11660
149 75 11414
149 76 10536
149 77 11269
149 78 21192
149 79 14981
149 80 10096
149 81 18592
149 82 30192
149 83 29730
149 84 31000
149 85 23097
149 86 30829
149 87 14654
149 88 29145
149 89 19703
149 90 39904
149 91 31241
149 92 25237
149 93 24789
149 94 17041
149 95 18973
149 96 23558
149 97 20445
149 98 26871
149 99 26338
149 100 25432
149 101 23605
149 102 12638
149 103 27392
149 104 26477
149 105 2788
149 106 29089
149 107 38575
149 108 30564
149 109 3145
149 110 3838
149 111 10170
149 112 13491
149 113 32422
149 114 31512
149 115 11613
149 116 9330
149 117 19759
149 118 22561
149 119 32636
149 120 20797
149 121 12799
149 122 24725
149 123 35585
149 124 40884
149 125 33665
149 126 39028
149 127 22511
149 128 33082
149 129 20326
149 130 3573
149 131 34509
149 132 17676
149 133 12329
149 134 2808
149 135 30421
149 136 38388
149 137 13634
149 138 4493
149 139 11045
149 140 36622
149 141 31430
149 142 28588
149 143 46268
149 144 15431
149 145 14035
149 146 17942
149 147 18533
149 148 29605
149 150 8938
149 151 8480
150 1 15796
150 2 25271
150 3 3688
150 4 9117
150 5 34507
150 6 30874
150 7 34023
150 8 42959
150 9 14681
150 10 28463
150 11 38658
150 12 2817
150 13 23533
150 14 41944
150 15 32012
150 16 42260
150 17 46194
150 18 31138
150 19 39918
150 20 25065
150 21 16846
150 22 24431
150 23 15871
150 24 3562
150 25 10571
150 26 8694
150 27 17483
150 28 12505
150 29 2432
150 30 21018
150 31 21441
150 32 28829
150 33 11850
150 34 9210
150 35 21906
150 36 51083
150 37 37125
150 38 48499
150 39 15160
150 40 17449
150 41 29773
150 42 32662
150 43 38121
150 44 44529
150 45 41381
150 46 44148
150 47 41377
150 48 34552
150 49 45834
150 50 9259
150 51 16390
150 52 27362
150 53 17886
150 54 2883
150 55 7613
150 56 18513
150 57 28241
150 58 17709
150 59 31539
150 60 37639
150 61 38378
150 62 31433
150 63 37006
150 64 37069
150 65 21633
150 66 18223
150 67 14413
150 68 -5707
150 69 19377
150 70 24541
150 71 21695
150 72 16232
150 73 19318
150 74 22527
150 75 21311
150 76 5102
150 77 2166
150 78 9708
150 79 4094
150 80 -1946
150 81 8695
150 82 34315
150 83 36559
150 84 39277
150 85 33259
150 86 41069
150 87 26131
150 88 30128
150 89 26683
150 90 36411
150 91 41813
150 92 35716
150 93 34686
150 94 26641
150 95 29243
150 96 32979
150 97 31289
150 98 37349
150 99 35910
150 100 36294
150 101 21411
150 102 5506
150 103 18465
150 104 36049
150 105 12006
150 106 32475
150 107 38692
150 108 27906
150 109 2399
150 110 12985
150 111 10412
150 112 21522
150 113 41710
150 114 37169
150 115 23642
150 116 1386
150 117 30374
150 118 30365
150 119 43801
150 120 10500
150 121 810
150 122 19524
150 123 37120
150 124 44525
150 125 40473
150 126 36301
150 127 23835
150 128 26459
150 129 9145
150 130 3721
150 131 29275
150 132 17210
150 133 23010
150 134 -4717
150 135 19408
150 136 27487
150 137 24848
150 138 8057
150 139 16220
150 140 48003
150 141 42030
150 142 40342
150 143 47894
150 144 27286
150 145 25816
150 146 22609
150 147 26589
150 148 29984
150 149 6491
150 151 14810
END
NODE_CONSUMPTION
0 1 10
0 2 7
0 3 13
0 4 19
0 5 26
0 6 3
0 7 5
0 8 9
0 9 16
0 10 16
0 11 12
0 12 19
0 13 23
0 14 20
0 15 8
0 16 19
0 17 2
0 18 12
0 19 17
0 20 9
0 21 11
0 22 18
0 23 29
0 24 3
0 25 6
0 26 17
0 27 16
0 28 16
0 29 9
0 30 21
0 31 27
0 32 23
0 33 11
0 34 14
0 35 8
0 36 5
0 37 8
0 38 16
0 39 31
0 40 9
0 41 5
0 42 5
0 43 7
0 44 18
0 45 16
0 46 1
0 47 27
0 48 36
0 49 30
0 50 13
0 51 10
0 52 9
0 53 14
0 54 18
0 55 2
0 56 6
0 57 7
0 58 18
0 59 28
0 60 3
0 61 13
0 62 19
0 63 10
0 64 9
0 65 20
0 66 25
0 67 25
0 68 36
0 69 6
0 70 5
0 71 15
0 72 25
0 73 9
0 74 8
0 75 18
0 76 13
0 77 14
0 78 3
0 79 23
0 80 6
0 81 26
0 82 16
0 83 11
0 84 7
0 85 41
0 86 35
0 87 26
0 88 9
0 89 15
0 90 3
0 91 1
0 92 2
0 93 22
0 94 27
0 95 20
0 96 11
0 97 12
0 98 10
0 99 9
0 100 17
0 101 7
0 102 30
0 103 16
0 104 9
0 105 21
0 106 15
0 107 19
0 108 23
0 109 11
0 110 5
0 111 19
0 112 29
0 113 23
0 114 21
0 115 10
0 116 15
0 117 3
0 118 41
0 119 9
0 120 28
0 121 8
0 122 8
0 123 16
0 124 10
0 125 28
0 126 7
0 127 15
0 128 14
0 129 6
0 130 19
0 131 11
0 132 12
0 133 23
0 134 26
0 135 17
0 136 6
0 137 9
0 138 15
0 139 14
0 140 7
0 141 27
0 142 13
0 143 11
0 144 16
0 145 10
0 146 5
0 147 25
0 148 17
0 149 18
0 150 10
END
