NAME : ./data/ESPPRC - Test Instances/M-n200-k17_b.simplified-vrp
SIZE : 201
DIRECTED : 1
CYCLIC : 1
ORIGIN : 0
DESTINATION : 200
RESOURCES : 1
RES_NAMES : 0
RES_TYPE
0 CAP
END
RES_BOUND
0 0 200
END
EDGE_COST
0 1 12067
0 2 15618
0 3 19208
0 4 19581
0 5 13817
0 6 10927
0 7 19449
0 8 23287
0 9 23035
0 10 21177
0 11 26768
0 12 11055
0 13 6678
0 14 23556
0 15 19892
0 16 20750
0 17 23851
0 18 11793
0 19 24668
0 20 27767
0 21 15201
0 22 23357
0 23 20901
0 24 23998
0 25 28180
0 26 7535
0 27 2271
0 28 4982
0 29 23780
0 30 18731
0 31 10744
0 32 24254
0 33 20964
0 34 26044
0 35 34982
0 36 32769
0 37 18946
0 38 30607
0 39 20917
0 40 8708
0 41 23452
0 42 21969
0 43 23565
0 44 25879
0 45 21182
0 46 25483
0 47 24871
0 48 16178
0 49 31155
0 50 13449
0 51 22389
0 52 9772
0 53 3591
0 54 16527
0 55 28467
0 56 25314
0 57 19835
0 58 6188
0 59 11531
0 60 17368
0 61 20874
0 62 19813
0 63 29807
0 64 25277
0 65 30739
0 66 23245
0 67 23950
0 68 13560
0 69 10713
0 70 18946
0 71 31603
0 72 15670
0 73 16797
0 74 21595
0 75 20907
0 76 12478
0 77 15893
0 78 26560
0 79 19310
0 80 19247
0 81 19412
0 82 17794
0 83 17238
0 84 19982
0 85 13091
0 86 20817
0 87 10965
0 88 16760
0 89 5902
0 90 28779
0 91 23667
0 92 17918
0 93 15075
0 94 7597
0 95 10627
0 96 13226
0 97 14168
0 98 18536
0 99 15712
0 100 19335
0 101 14900
0 102 12207
0 103 23819
0 104 15706
0 105 3101
0 106 14699
0 107 25906
0 108 20074
0 109 14601
0 110 19202
0 111 6138
0 112 2120
0 113 22455
0 114 17431
0 115 15578
0 116 14933
0 117 13173
0 118 9190
0 119 26855
0 120 24227
0 121 22609
0 122 19437
0 123 22400
0 124 26505
0 125 20100
0 126 28804
0 127 11359
0 128 24313
0 129 24143
0 130 18363
0 131 27638
0 132 8600
0 133 21244
0 134 17143
0 135 32178
0 136 40405
0 137 10998
0 138 7798
0 139 26903
0 140 29904
0 141 22951
0 142 24262
0 143 32664
0 144 15233
0 145 18574
0 146 4036
0 147 6356
0 148 17463
0 149 10074
0 150 17986
0 151 14624
0 152 5257
0 153 14457
0 154 4842
0 155 18698
0 156 5347
0 157 17416
0 158 18215
0 159 15829
0 160 23680
0 161 24405
0 162 13369
0 163 21770
0 164 22400
0 165 25102
0 166 9213
0 167 5816
0 168 27137
0 169 22648
0 170 28104
0 171 15338
0 172 19068
0 173 20668
0 174 21250
0 175 28732
0 176 7458
0 177 16056
0 178 12680
0 179 14742
0 180 7575
0 181 23398
0 182 13498
0 183 6638
0 184 11348
0 185 20879
0 186 27216
0 187 26855
0 188 24848
0 189 21160
0 190 9727
0 191 23595
0 192 23445
0 193 19750
0 194 14938
0 195 10288
0 196 12557
0 197 19587
0 198 12702
0 199 20322
1 2 30176
1 3 11407
1 4 26783
1 5 25403
1 6 24586
1 7 19260
1 8 28613
1 9 8823
1 10 11238
1 11 19628
1 12 12698
1 13 21899
1 14 38412
1 15 34832
1 16 34045
1 17 34143
1 18 18829
1 19 20883
1 20 12636
1 21 26448
1 22 35636
1 23 31019
1 24 21783
1 25 32282
1 26 15771
1 27 8088
1 28 10657
1 29 17989
1 30 4281
1 31 3720
1 32 11135
1 33 8574
1 34 14727
1 35 21148
1 36 31891
1 37 33538
1 38 45032
1 39 28539
1 40 21549
1 41 36602
1 42 37193
1 43 38785
1 44 40087
1 45 28715
1 46 29028
1 47 24400
1 48 16535
1 49 27048
1 50 2803
1 51 7505
1 52 13690
1 53 17558
1 54 19335
1 55 32063
1 56 35005
1 57 34719
1 58 20670
1 59 25743
1 60 27642
1 61 33667
1 62 13553
1 63 19292
1 64 16968
1 65 15809
1 66 8046
1 67 31195
1 68 10210
1 69 3019
1 70 5913
1 71 16781
1 72 26739
1 73 28812
1 74 33344
1 75 31955
1 76 7456
1 77 9611
1 78 15720
1 79 9787
1 80 17361
1 81 6692
1 82 20547
1 83 25690
1 84 30637
1 85 26866
1 86 33732
1 87 26195
1 88 12822
1 89 17420
1 90 17121
1 91 37754
1 92 32548
1 93 28798
1 94 22182
1 95 25443
1 96 27031
1 97 29212
1 98 32885
1 99 29364
1 100 33894
1 101 2783
1 102 408
1 103 8805
1 104 29358
1 105 15056
1 106 16360
1 107 20404
1 108 9180
1 109 16900
1 110 27674
1 111 4980
1 112 16843
1 113 34099
1 114 23222
1 115 29929
1 116 10506
1 117 28281
1 118 19923
1 119 41349
1 120 10757
1 121 16852
1 122 4412
1 123 19580
1 124 27735
1 125 27675
1 126 18449
1 127 8476
1 128 9439
1 129 14752
1 130 21814
1 131 13975
1 132 1441
1 133 33250
1 134 16678
1 135 18520
1 136 26092
1 137 26116
1 138 12358
1 139 34133
1 140 44259
1 141 36698
1 142 39438
1 143 29939
1 144 30352
1 145 32307
1 146 12490
1 147 19261
1 148 12190
1 149 17445
1 150 16100
1 151 29254
1 152 19739
1 153 17648
1 154 9402
1 155 25900
1 156 20111
1 157 5258
1 158 10414
1 159 8225
1 160 9308
1 161 9609
1 162 3694
1 163 20009
1 164 10044
1 165 28597
1 166 19031
1 167 6030
1 168 26472
1 169 13705
1 170 33673
1 171 27693
1 172 34298
1 173 32288
1 174 26655
1 175 22902
1 176 -2072
1 177 16549
1 178 27221
1 179 21002
1 180 18620
1 181 10995
1 182 10710
1 183 20821
1 184 8265
1 185 9915
1 186 36925
1 187 33788
1 188 9634
1 189 11221
1 190 4961
1 191 37575
1 192 38045
1 193 33962
1 194 15858
1 195 15501
1 196 7300
1 197 29758
1 198 22459
1 199 28143
1 200 8121
2 1 29393
2 3 31256
2 4 14805
2 5 17055
2 6 16148
2 7 34485
2 8 33107
2 9 38443
2 10 38972
2 11 43516
2 12 19486
2 13 4932
2 14 12730
2 15 2478
2 16 16774
2 17 26133
2 18 23441
2 19 40076
2 20 45175
2 21 7613
2 22 8638
2 23 8169
2 24 28984
2 25 24789
2 26 12756
2 27 20271
2 28 19538
2 29 32235
2 30 36526
2 31 28508
2 32 42254
2 33 35562
2 34 38403
2 35 49515
2 36 45572
2 37 13030
2 38 20492
2 39 12441
2 40 6962
2 41 6797
2 42 8557
2 43 7828
2 44 18176
2 45 27832
2 46 35292
2 47 38100
2 48 29715
2 49 45892
2 50 28789
2 51 38787
2 52 25661
2 53 13261
2 54 18783
2 55 26640
2 56 14790
2 57 2471
2 58 6188
2 59 9379
2 60 24099
2 61 19421
2 62 36768
2 63 47491
2 64 42004
2 65 46604
2 66 40471
2 67 14263
2 68 22596
2 69 28614
2 70 36902
2 71 47485
2 72 5240
2 73 5672
2 74 8703
2 75 8354
2 76 25479
2 77 27818
2 78 39096
2 79 31769
2 80 27152
2 81 33885
2 82 30526
2 83 25143
2 84 23436
2 85 9716
2 86 16478
2 87 -349
2 88 33664
2 89 17027
2 90 46690
2 91 18155
2 92 13461
2 93 13212
2 94 9009
2 95 7968
2 96 14363
2 97 7733
2 98 13768
2 99 15712
2 100 12322
2 101 32840
2 102 27336
2 103 40184
2 104 15706
2 105 9958
2 106 29366
2 107 42015
2 108 37956
2 109 20829
2 110 14434
2 111 21918
2 112 12644
2 113 21880
2 114 27360
2 115 -2034
2 116 26316
2 117 8751
2 118 15162
2 119 18103
2 120 38929
2 121 31513
2 122 36958
2 123 37614
2 124 38803
2 125 26940
2 126 46472
2 127 28832
2 128 41964
2 129 36324
2 130 19091
2 131 45617
2 132 26353
2 133 6969
2 134 21595
2 135 46620
2 136 55419
2 137 3487
2 138 18389
2 139 19745
2 140 20132
2 141 17145
2 142 11261
2 143 46697
2 144 2
2 145 1318
2 146 21240
2 147 13944
2 148 34396
2 149 12338
2 150 25891
2 151 10167
2 152 5257
2 153 28557
2 154 15433
2 155 13922
2 156 20228
2 157 32452
2 158 30263
2 159 33150
2 160 41533
2 161 40349
2 162 31369
2 163 27220
2 164 35832
2 165 23840
2 166 18778
2 167 23670
2 168 40587
2 169 33791
2 170 21806
2 171 1417
2 172 5147
2 173 22069
2 174 30340
2 175 44929
2 176 24542
2 177 22280
2 178 -5320
2 179 14742
2 180 7575
2 181 41338
2 182 29569
2 183 10821
2 184 22996
2 185 34467
2 186 16063
2 187 19919
2 188 42054
2 189 38955
2 190 27293
2 191 17389
2 192 14669
2 193 14016
2 194 29848
2 195 14326
2 196 24775
2 197 9720
2 198 7198
2 199 28272
2 200 10889
3 1 11395
3 2 32027
3 4 19581
3 5 35921
3 6 33288
3 7 33591
3 8 42082
3 9 6019
3 10 24837
3 11 33538
3 12 7235
3 13 27514
3 14 44691
3 15 36648
3 16 43073
3 17 45639
3 18 31337
3 19 35372
3 20 18505
3 21 24099
3 22 32832
3 23 24845
3 24 8140
3 25 21565
3 26 14383
3 27 17887
3 28 14782
3 29 3434
3 30 14449
3 31 18280
3 32 21495
3 33 3485
3 34 4130
3 35 15486
3 36 46451
3 37 40745
3 38 52212
3 39 20323
3 40 22528
3 41 34752
3 42 41751
3 43 42191
3 44 47813
3 45 41524
3 46 43100
3 47 38936
3 48 30954
3 49 41352
3 50 4724
3 51 9781
3 52 26529
3 53 21923
3 54 9848
3 55 21413
3 56 29169
3 57 36864
3 58 24003
3 59 33689
3 60 38900
3 61 43233
3 62 27933
3 63 31757
3 64 29983
3 65 13566
3 66 11384
3 67 21848
3 68 -1735
3 69 16658
3 70 18946
3 71 15029
3 72 23281
3 73 26755
3 74 30240
3 75 27647
3 76 3534
3 77 -977
3 78 4716
3 79 -2638
3 80 6214
3 81 826
3 82 34520
3 83 37916
3 84 41825
3 85 35346
3 86 43168
3 87 30764
3 88 27358
3 89 27578
3 90 29088
3 91 45762
3 92 39757
3 93 37371
3 94 29687
3 95 32381
3 96 35552
3 97 35382
3 98 40543
3 99 38044
3 100 41097
3 101 17096
3 102 -381
3 103 9439
3 104 38038
3 105 17243
3 106 30319
3 107 34667
3 108 22190
3 109 9853
3 110 22273
3 111 10519
3 112 24415
3 113 44684
3 114 36494
3 115 31222
3 116 1905
3 117 34360
3 118 30929
3 119 48544
3 120 5552
3 121 2332
3 122 14042
3 123 34135
3 124 42117
3 125 40448
3 126 31083
3 127 22610
3 128 16388
3 129 1966
3 130 12259
3 131 23579
3 132 14227
3 133 30070
3 134 4482
3 135 12594
3 136 21658
3 137 30183
3 138 11940
3 139 25927
3 140 51590
3 141 45145
3 142 44404
3 143 44427
3 144 33668
3 145 31740
3 146 22806
3 147 28612
3 148 26725
3 149 13694
3 150 4953
3 151 36463
3 152 23072
3 153 31252
3 154 8984
3 155 18698
3 156 27708
3 157 3274
3 158 -4146
3 159 22399
3 160 18086
3 161 8349
3 162 18250
3 163 6977
3 164 1464
3 165 18083
3 166 30348
3 167 18619
3 168 41012
3 169 297
3 170 23555
3 171 25406
3 172 38484
3 173 42838
3 174 40172
3 175 37085
3 176 8964
3 177 7031
3 178 28908
3 179 14742
3 180 18005
3 181 21408
3 182 25250
3 183 28942
3 184 2608
3 185 879
3 186 30829
3 187 25253
3 188 14078
3 189 24820
3 190 19411
3 191 45702
3 192 45051
3 193 41783
3 194 29965
3 195 10288
3 196 93
3 197 25001
3 198 18597
3 199 40693
3 200 15250
4 1 29037
4 2 17842
4 3 21847
4 5 34432
4 6 31370
4 7 44334
4 8 47575
4 9 31019
4 10 42852
4 11 50236
4 12 11866
4 13 20993
4 14 32771
4 15 18633
4 16 36595
4 17 44427
4 18 36293
4 19 49221
4 20 42242
4 21 7173
4 22 10573
4 23 -155
4 24 12026
4 25 4639
4 26 10497
4 27 25555
4 28 20680
4 29 17717
4 30 35956
4 31 33280
4 32 43178
4 33 28267
4 34 26389
4 35 39651
4 36 57769
4 37 32733
4 38 40383
4 39 -3620
4 40 13339
4 41 12975
4 42 28490
4 43 25624
4 44 38396
4 45 44229
4 46 49957
4 47 49869
4 48 41177
4 49 55816
4 50 24638
4 51 33934
4 52 34693
4 53 20214
4 54 2943
4 55 6548
4 56 4354
4 57 20992
4 58 17058
4 59 27961
4 60 39837
4 61 38565
4 62 43359
4 63 51315
4 64 48393
4 65 38237
4 66 36087
4 67 -704
4 68 11208
4 69 30997
4 70 38100
4 71 39984
4 72 2142
4 73 8074
4 74 8400
4 75 3939
4 76 19630
4 77 19282
4 78 28054
4 79 21827
4 80 15181
4 81 25826
4 82 42730
4 83 40528
4 84 41005
4 85 29120
4 86 36501
4 87 19654
4 88 40711
4 89 29552
4 90 49303
4 91 38067
4 92 32594
4 93 32043
4 94 25388
4 95 26026
4 96 31696
4 97 26980
4 98 33290
4 99 33730
4 100 32347
4 101 34498
4 102 22022
4 103 34306
4 104 33724
4 105 14058
4 106 39677
4 107 50004
4 108 41153
4 109 10826
4 110 2065
4 111 21616
4 112 23953
4 113 41081
4 114 41690
4 115 15968
4 116 18118
4 117 26911
4 118 31241
4 119 38321
4 120 30452
4 121 17803
4 122 35567
4 123 47090
4 124 51458
4 125 43204
4 126 50418
4 127 34968
4 128 39836
4 129 25883
4 130 1627
4 131 45781
4 132 28262
4 133 7385
4 134 5384
4 135 36847
4 136 46009
4 137 20743
4 138 15826
4 139 2065
4 140 40102
4 141 37245
4 142 31049
4 143 57542
4 144 20112
4 145 12124
4 146 28869
4 147 28227
4 148 41200
4 149 5939
4 150 13920
4 151 29300
4 152 16127
4 153 39454
4 154 12870
4 155 -6302
4 156 29188
4 157 26617
4 158 20854
4 159 38797
4 160 40663
4 161 33349
4 162 34261
4 163 11323
4 164 25228
4 165 4009
4 166 32754
4 167 29154
4 168 52127
4 169 21543
4 170 3191
4 171 4606
4 172 25131
4 173 40389
4 174 45356
4 175 52738
4 176 24458
4 177 10031
4 178 14076
4 179 2215
4 180 8949
4 181 43129
4 182 37963
4 183 26185
4 184 16153
4 185 25879
4 186 5865
4 187 1910
4 188 38296
4 189 42835
4 190 32967
4 191 37494
4 192 34892
4 193 33924
4 194 39878
4 195 5657
4 196 17454
4 197 1658
4 198 668
4 199 43742
4 200 17889
5 1 29037
5 2 21472
5 3 39567
5 4 35812
5 6 9747
5 7 18852
5 8 10966
5 9 41019
5 10 29223
5 11 28582
5 12 31410
5 13 11309
5 14 11540
5 15 18633
5 16 2775
5 17 3437
5 18 7162
5 19 22652
5 20 42242
5 21 28796
5 22 32487
5 23 32015
5 24 44247
5 25 45629
5 26 26355
5 27 19632
5 28 25583
5 29 44395
5 30 32287
5 31 20483
5 32 34083
5 33 40114
5 34 45890
5 35 53350
5 36 24065
5 37 8913
5 38 15107
5 39 35412
5 40 23023
5 41 30058
5 42 16599
5 43 17549
5 44 10481
5 45 4069
5 46 12219
5 47 17592
5 48 10466
5 49 26274
5 50 32713
5 51 39508
5 52 16150
5 53 21142
5 54 35735
5 55 46512
5 56 38156
5 57 21399
5 58 18511
5 59 2212
5 60 3812
5 61 2087
5 62 23729
5 63 35683
5 64 25758
5 65 47277
5 66 37566
5 67 37784
5 68 34158
5 69 26350
5 70 31910
5 71 48581
5 72 28126
5 73 28452
5 74 32353
5 75 32071
5 76 32882
5 77 36357
5 78 46486
5 79 39451
5 80 39745
5 81 38474
5 82 11470
5 83 3214
5 84 -226
5 85 -1869
5 86 1741
5 87 10272
5 88 22122
5 89 8985
5 90 36841
5 91 9055
5 92 10163
5 93 1535
5 94 6957
5 95 7423
5 96 5578
5 97 10417
5 98 7125
5 99 4622
5 100 7662
5 101 28896
5 102 31357
5 103 40453
5 104 4616
5 105 21030
5 106 14288
5 107 25680
5 108 28556
5 109 34605
5 110 35050
5 111 26073
5 112 13245
5 113 2012
5 114 5758
5 115 21791
5 116 35506
5 117 12643
5 118 -5315
5 119 12859
5 120 42877
5 121 43224
5 122 34534
5 123 20350
5 124 17686
5 125 3254
5 126 34698
5 127 20862
5 128 37728
5 129 44338
5 130 37116
5 131 38356
5 132 25216
5 133 30823
5 134 37164
5 135 50709
5 136 58207
5 137 16444
5 138 28212
5 139 42149
5 140 14179
5 141 6073
5 142 16490
5 143 26379
5 144 15830
5 145 24497
5 146 18271
5 147 6114
5 148 22028
5 149 28370
5 150 38484
5 151 6869
5 152 17580
5 153 13407
5 154 25256
5 155 34929
5 156 21550
5 157 36514
5 158 38574
5 159 21213
5 160 36108
5 161 41500
5 162 26369
5 163 42035
5 164 41775
5 165 43328
5 166 3662
5 167 19400
5 168 20398
5 169 43010
5 170 44112
5 171 25183
5 172 15546
5 173 140
5 174 7394
5 175 28659
5 176 25457
5 177 36231
5 178 18093
5 179 32723
5 180 23817
5 181 30906
5 182 15336
5 183 6866
5 184 31938
5 185 40600
5 186 39644
5 187 42273
5 188 39772
5 189 29206
5 190 18916
5 191 7731
5 192 10445
5 193 5956
5 194 14807
5 195 29477
5 196 33040
5 197 32666
5 198 27802
5 199 5671
5 200 13505
6 1 21674
6 2 14019
6 3 30388
6 4 26204
6 5 3201
6 7 18852
6 8 16887
6 9 33445
6 10 26096
6 11 28582
6 12 21550
6 13 2569
6 14 13901
6 15 14973
6 16 9623
6 17 13437
6 18 7162
6 19 24275
6 20 36455
6 21 19534
6 22 24715
6 23 23896
6 24 34309
6 25 35870
6 26 16355
6 27 11413
6 28 16121
6 29 34751
6 30 26777
6 31 16084
6 32 30516
6 33 31814
6 34 37158
6 35 45607
6 36 29171
6 37 8913
6 38 20197
6 39 26303
6 40 13339
6 41 23191
6 42 14502
6 43 16463
6 44 15249
6 45 12643
6 46 19221
6 47 21730
6 48 13435
6 49 29708
6 50 24281
6 51 32341
6 52 11611
6 53 11161
6 54 25739
6 55 36643
6 56 29395
6 57 15953
6 58 8838
6 59 938
6 60 8284
6 61 9697
6 62 22336
6 63 33930
6 64 26810
6 65 40625
6 66 31992
6 67 28964
6 68 24462
6 69 19356
6 70 26487
6 71 41621
6 72 19275
6 73 19694
6 74 24017
6 75 23732
6 76 23659
6 77 27066
6 78 37686
6 79 30471
6 80 29932
6 81 30245
6 82 14193
6 83 9181
6 84 9687
6 85 2111
6 86 9649
6 87 4949
6 88 19548
6 89 2001
6 90 34013
6 91 12921
6 92 8077
6 93 4047
6 94 -1283
6 95 1761
6 96 2205
6 97 5963
6 98 8093
6 99 4622
6 100 9185
6 101 22843
6 102 23018
6 103 33621
6 104 4616
6 105 11030
6 106 13724
6 107 26575
6 108 25337
6 109 24650
6 110 25456
6 111 17166
6 112 3445
6 113 11448
6 114 11081
6 115 14356
6 116 26060
6 117 6031
6 118 -377
6 119 16551
6 120 34920
6 121 33613
6 122 28256
6 123 21791
6 124 22402
6 125 11638
6 126 32901
6 127 16113
6 128 32474
6 129 35313
6 130 27147
6 131 34383
6 132 17814
6 133 22931
6 134 27191
6 135 42859
6 136 50812
6 137 8286
6 138 18414
6 139 32824
6 140 19420
6 141 11994
6 142 16005
6 143 30385
6 144 10428
6 145 17669
6 146 10438
6 147 -2084
6 148 20102
6 149 18396
6 150 28671
6 151 4783
6 152 7907
6 153 12776
6 154 15458
6 155 25321
6 156 12055
6 157 28219
6 158 29395
6 159 19214
6 160 31279
6 161 34447
6 162 20628
6 163 32106
6 164 33376
6 165 33430
6 166 2388
6 167 12721
6 168 24244
6 169 33827
6 170 34672
6 171 17063
6 172 12327
6 173 9810
6 174 14334
6 175 29528
6 176 17555
6 177 26296
6 178 10885
6 179 22802
6 180 13972
6 181 28593
6 182 14489
6 183 -2765
6 184 22463
6 185 31935
6 186 31043
6 187 32918
6 188 33796
6 189 26079
6 190 14532
6 191 12774
6 192 13313
6 193 9124
6 194 14272
6 195 19477
6 196 23729
6 197 23742
6 198 18295
6 199 12391
6 200 4069
7 1 17859
7 2 33867
7 3 32202
7 4 40679
7 5 13817
7 6 20363
7 8 9245
7 9 27420
7 10 9824
7 11 8227
7 12 29596
7 13 22424
7 14 31851
7 15 35576
7 16 23218
7 17 18437
7 18 5982
7 19 3832
7 20 25299
7 21 36224
7 22 43601
7 23 41854
7 24 41432
7 25 48722
7 26 28371
7 27 15299
7 28 23355
7 29 38668
7 30 15597
7 31 4460
7 32 14461
7 33 29266
7 34 35265
7 35 39486
7 36 11960
7 37 27733
7 38 35615
7 39 42118
7 40 29544
7 41 42891
7 42 34684
7 43 36485
7 44 31097
7 45 10466
7 46 8126
7 47 4082
7 48 -4345
7 49 10027
7 50 23644
7 51 25546
7 52 8357
7 53 24614
7 54 36267
7 55 48778
7 56 46437
7 57 36490
7 58 25977
7 59 19746
7 60 15619
7 61 22582
7 62 3262
7 63 15127
7 64 6217
7 65 30739
7 66 19762
7 67 45156
7 68 29825
7 69 15810
7 70 15879
7 71 33088
7 72 36615
7 73 37476
7 74 42220
7 75 41722
7 76 26909
7 77 29929
7 78 36545
7 79 30810
7 80 36427
7 81 27054
7 82 301
7 83 10461
7 84 16675
7 85 18353
7 86 21239
7 87 25565
7 88 3850
7 89 13057
7 90 16778
7 91 29456
7 92 27604
7 93 20904
7 94 19325
7 95 22237
7 96 21049
7 97 26391
7 98 26293
7 99 22219
7 100 27355
7 101 14900
7 102 21425
7 103 25132
7 104 22213
7 105 24314
7 106 -578
7 107 5961
7 108 9058
7 109 33719
7 110 40392
7 111 20688
7 112 18215
7 113 19987
7 114 4703
7 115 34129
7 116 30147
7 117 26644
7 118 8342
7 119 33398
7 120 30254
7 121 37471
7 122 19437
7 123 1393
7 124 6765
7 125 9632
7 126 14161
7 127 7629
7 128 19929
7 129 35776
7 130 38429
7 131 19074
7 132 15637
7 133 41638
7 134 35451
7 135 37247
7 136 43371
7 137 28119
7 138 26953
7 139 48064
7 140 34666
7 141 26627
7 142 35621
7 143 11457
7 144 31018
7 145 37539
7 146 15315
7 147 14598
7 148 2173
7 149 30918
7 150 35166
7 151 24310
7 152 25046
7 153 2351
7 154 23997
7 155 39796
7 156 23727
7 157 26203
7 158 31209
7 159 1014
7 160 17891
7 161 26428
7 162 12402
7 163 39368
7 164 30151
7 165 45343
7 166 9213
7 167 10914
7 168 6245
7 169 34729
7 170 49073
7 171 35670
7 172 32781
7 173 19438
7 174 6895
7 175 8918
7 176 16306
7 177 34515
7 178 30842
7 179 35507
7 180 28775
7 181 10434
7 182 -5100
7 183 17661
7 184 27160
7 185 30879
7 186 48313
7 187 47990
7 188 22991
7 189 9807
7 190 3916
7 191 28345
7 192 30791
7 193 26168
7 194 -1931
7 195 30533
7 196 27109
7 197 40685
7 198 33908
7 199 11549
7 200 14102
8 1 28410
8 2 33687
8 3 41891
8 4 45118
8 5 7129
8 6 19596
8 7 10443
8 9 39123
8 10 21931
8 11 17393
8 12 36847
8 13 22405
8 14 24917
8 15 32420
8 16 14595
8 17 7365
8 18 6422
8 19 10372
8 20 37484
8 21 39054
8 22 44535
8 23 43743
8 24 49577
8 25 54254
8 26 33691
8 27 22450
8 28 30232
8 29 47956
8 30 27718
8 31 16127
8 32 26323
8 33 40137
8 34 46282
8 35 51330
8 36 10157
8 37 22813
8 38 26509
8 39 45776
8 40 32514
8 41 42756
8 42 30489
8 43 31448
8 44 23006
8 45 -1570
8 46 -551
8 47 3819
8 48 -2138
8 49 12541
8 50 33694
8 51 37248
8 52 15458
8 53 28666
8 54 42764
8 55 54652
8 56 49117
8 57 34653
8 58 28197
8 59 15681
8 60 10742
8 61 14484
8 62 14836
8 63 25943
8 64 13124
8 65 42938
8 66 31952
8 67 48592
8 68 38356
8 69 25842
8 70 27818
8 71 45177
8 72 39002
8 73 39474
8 74 43859
8 75 43570
8 76 35839
8 77 39195
8 78 47284
8 79 41021
8 80 44542
8 81 38151
8 82 873
8 83 3354
8 84 7693
8 85 11909
8 86 11172
8 87 23386
8 88 15883
8 89 14791
8 90 28420
8 91 22570
8 92 23720
8 93 15443
8 94 18182
8 95 19968
8 96 17962
8 97 23590
8 98 21046
8 99 17942
8 100 21542
8 101 26243
8 102 31867
8 103 37161
8 104 17936
8 105 28726
8 106 7965
8 107 13809
8 108 21099
8 109 40658
8 110 44472
8 111 28980
8 112 20827
8 113 9514
8 114 -4375
8 115 34035
8 116 38953
8 117 25000
8 118 3286
8 119 25892
8 120 41735
8 121 46726
8 122 31278
8 123 8563
8 124 3819
8 125 -2229
8 126 25080
8 127 18047
8 128 32132
8 129 45983
8 130 44607
8 131 31062
8 132 25358
8 133 42767
8 134 43037
8 135 48995
8 136 55394
8 137 28070
8 138 33701
8 139 52098
8 140 25515
8 141 18145
8 142 30394
8 143 12526
8 144 29026
8 145 37188
8 146 21397
8 147 14517
8 148 14311
8 149 36162
8 150 43281
8 151 20426
8 152 27266
8 153 8432
8 154 30745
8 155 44235
8 156 27809
8 157 36811
8 158 40898
8 159 12824
8 160 30081
8 161 38439
8 162 23618
8 163 47382
8 164 41424
8 165 51309
8 166 8215
8 167 19618
8 168 6753
8 169 44921
8 170 53724
8 171 36911
8 172 29298
8 173 10701
8 174 -4870
8 175 16736
8 176 26073
8 177 41922
8 178 30477
8 179 40817
8 180 32654
8 181 21318
8 182 6914
8 183 17081
8 184 35649
8 185 41420
8 186 50815
8 187 52145
8 188 35172
8 189 21914
8 190 15106
8 191 20466
8 192 23873
8 193 19650
8 194 7916
8 195 36536
8 196 36105
8 197 43413
8 198 37506
8 199 2512
8 200 19138
9 1 14639
9 2 45042
9 3 11847
9 4 34581
9 5 43201
9 6 42173
9 7 34637
9 8 45142
9 10 20682
9 11 28582
9 12 21550
9 13 38510
9 14 55571
9 15 49893
9 16 51803
9 17 51747
9 18 36293
9 19 32652
9 20 7324
9 21 38404
9 22 47421
9 23 39845
9 24 20924
9 25 35870
9 26 27978
9 27 25555
9 28 25583
9 29 14072
9 30 8236
9 31 18578
9 32 12186
9 33 4451
9 34 1168
9 35 3379
9 36 44369
9 37 50884
9 38 62511
9 39 35206
9 40 35607
9 41 49161
9 42 53614
9 43 54757
9 44 57644
9 45 45739
9 46 44357
9 47 37836
9 48 31130
9 49 36872
9 50 11742
9 51 1788
9 52 31215
9 53 33251
9 54 24787
9 55 35859
9 56 44150
9 57 49866
9 58 36082
9 59 43245
9 60 45383
9 61 51459
9 62 25382
9 63 24290
9 64 22221
9 65 -806
9 66 -2934
9 67 36381
9 68 13206
9 69 20751
9 70 16290
9 71 188
9 72 37919
9 73 41057
9 74 44852
9 75 42488
9 76 15800
9 77 13312
9 78 5496
9 79 5922
9 80 21174
9 81 -2174
9 82 36529
9 83 43154
9 84 48348
9 85 44521
9 86 51530
9 87 42510
9 88 27608
9 89 35190
9 90 21530
9 91 55335
9 92 49862
9 93 46451
9 94 39487
9 95 42622
9 96 44631
9 97 46167
9 98 50351
9 99 47014
9 100 51266
9 101 17481
9 102 4938
9 103 -4796
9 104 47008
9 105 29571
9 106 32661
9 107 30737
9 108 16862
9 109 24650
9 110 37147
9 111 19940
9 112 33998
9 113 51865
9 114 40004
9 115 44479
9 116 16140
9 117 45151
9 118 37694
9 119 58774
9 120 -4773
9 121 14029
9 122 9692
9 123 32446
9 124 42275
9 125 44742
9 126 23968
9 127 25162
9 128 5220
9 129 10092
9 130 27147
9 131 13704
9 132 19221
9 133 44735
9 134 18725
9 135 897
9 136 8402
9 137 42074
9 138 24724
9 139 40839
9 140 61772
9 141 54386
9 142 56074
9 143 41099
9 144 46095
9 145 45754
9 146 30181
9 147 36953
9 148 25516
9 149 28066
9 150 19913
9 151 46568
9 152 35151
9 153 34414
9 154 21768
9 155 33698
9 156 37170
9 157 7383
9 158 10854
9 159 19214
9 160 8434
9 161 -6651
9 162 19301
9 163 20732
9 164 -4812
9 165 32621
9 166 36794
9 167 23799
9 168 39889
9 169 6573
9 170 37958
9 171 39838
9 172 50525
9 173 50074
9 174 43052
9 175 32810
9 176 14727
9 177 22031
9 178 42012
9 179 29639
9 180 31589
9 181 11047
9 182 25028
9 183 38271
9 184 16153
9 185 5879
9 186 45825
9 187 40116
9 188 1606
9 189 20665
9 190 20842
9 191 55200
9 192 55404
9 193 51497
9 194 31889
9 195 24891
9 196 13532
9 197 39864
9 198 33220
9 199 45428
9 200 24905
10 1 12391
10 2 40908
10 3 26002
10 4 41751
10 5 26742
10 6 30161
10 7 12378
10 8 23287
10 9 16019
10 11 4407
10 12 28071
10 13 30498
10 14 43742
10 15 44478
10 16 36316
10 17 32488
10 18 18343
10 19 7652
10 20 11955
10 21 39893
10 22 48633
10 23 45260
10 24 37010
10 25 47790
10 26 29896
10 27 17887
10 28 24152
10 29 32418
10 30 3236
10 31 1342
10 32 550
10 33 20557
10 34 25343
10 35 27322
10 36 19369
10 37 38964
10 38 48596
10 39 43550
10 40 33929
10 41 48932
10 42 44848
10 43 46817
10 44 43758
10 45 24585
10 46 20478
10 47 13027
10 48 7163
10 49 12521
10 50 17879
10 51 14568
10 52 15721
10 53 28952
10 54 34833
10 55 47582
10 56 49334
10 57 44682
10 58 31658
10 59 30835
10 60 28409
10 61 35628
10 62 643
10 63 4366
10 64 1430
10 65 17044
10 66 5770
10 67 46374
10 68 25604
10 69 13312
10 70 5913
10 71 20102
10 72 40368
10 73 41894
10 74 46647
10 75 45677
10 76 22999
10 77 24796
10 78 27512
10 79 23303
10 80 32865
10 81 17536
10 82 14319
10 83 24161
10 84 30321
10 85 30566
10 86 34858
10 87 34628
10 88 6469
10 89 22220
10 90 3601
10 91 41713
10 92 38366
10 93 32774
10 94 28797
10 95 32107
10 96 31918
10 97 36282
10 98 37798
10 99 33659
10 100 38974
10 101 8413
10 102 14362
10 103 12565
10 104 33653
10 105 27653
10 106 12071
10 107 5961
10 108 -4985
10 109 32312
10 110 42236
10 111 19390
10 112 25138
10 113 33844
10 114 18845
10 115 40959
10 116 25974
10 117 35872
10 118 21046
10 119 45722
10 120 19473
10 121 31431
10 122 8719
10 123 7649
10 124 18008
10 125 23768
10 126 3392
10 127 9431
10 128 6093
10 129 28186
10 130 37289
10 131 4981
10 132 13323
10 133 46429
10 134 32176
10 135 25421
10 136 30565
10 137 35709
10 138 26953
10 139 49197
10 140 47685
10 141 39569
10 142 46413
10 143 16257
10 144 39617
10 145 44060
10 146 20131
10 147 24359
10 148 2173
10 149 32024
10 150 31604
10 151 35072
10 152 30727
10 153 14745
10 154 23997
10 155 40868
10 156 29284
10 157 18564
10 158 25009
10 159 -5680
10 160 3941
10 161 13844
10 162 7665
10 163 35378
10 164 19712
10 165 44113
10 166 20809
10 167 12875
10 168 15093
10 169 26857
10 170 49073
10 171 40609
10 172 42468
10 173 32884
10 174 20731
10 175 8201
10 176 12732
10 177 32100
10 178 37963
10 179 36004
10 180 31934
10 181 -1766
10 182 1924
10 183 27078
10 184 23821
10 185 22805
10 186 51277
10 187 48922
10 188 9634
10 189 -4335
10 190 3916
10 191 41004
10 192 42829
10 193 38235
10 194 10833
10 195 30533
10 196 22752
10 197 43831
10 198 36550
10 199 25552
10 200 18384
11 1 23236
11 2 47907
11 3 37158
11 4 51590
11 5 28556
11 6 35102
11 7 13236
11 8 21204
11 9 26374
11 10 6862
11 12 38481
11 13 36729
11 14 46767
11 15 50306
11 16 37693
11 17 31516
11 18 20982
11 19 -277
11 20 21144
11 21 48651
11 22 56846
11 23 54307
11 24 48081
11 25 58279
11 26 39367
11 27 26426
11 28 33657
11 29 43596
11 30 13852
11 31 10309
11 32 5778
11 33 31673
11 34 36086
11 35 36945
11 36 10051
11 37 42733
11 38 50028
11 39 53346
11 40 42249
11 41 56622
11 42 49625
11 43 51462
11 44 45777
11 45 22441
11 46 14774
11 47 5666
11 48 3140
11 49 1541
11 50 28928
11 51 25296
11 52 21545
11 53 37132
11 54 45347
11 55 58112
11 56 58542
11 57 50982
11 58 39287
11 59 34739
11 60 30485
11 61 37152
11 62 2380
11 63 2941
11 64 -8242
11 65 24490
11 66 12831
11 67 56304
11 68 36589
11 69 23306
11 70 17086
11 71 29063
11 72 49144
11 73 50338
11 74 55136
11 75 54416
11 76 33840
11 77 35856
11 78 38508
11 79 34475
11 80 43759
11 81 28514
11 82 13152
11 83 24779
11 84 30822
11 85 33255
11 86 35111
11 87 40256
11 88 11843
11 89 27496
11 90 7710
11 91 44326
11 92 42579
11 93 35876
11 94 34026
11 95 37065
11 96 36015
11 97 41246
11 98 41287
11 99 37219
11 100 42336
11 101 19184
11 102 25529
11 103 22220
11 104 37213
11 105 36341
11 106 14288
11 107 -3775
11 108 4181
11 109 42739
11 110 51766
11 111 29476
11 112 31905
11 113 33552
11 114 17741
11 115 48098
11 116 36905
11 117 41330
11 118 23219
11 119 48211
11 120 30055
11 121 42601
11 122 19759
11 123 2275
11 124 12291
11 125 21907
11 126 2464
11 127 17154
11 128 14415
11 129 39352
11 130 47751
11 131 11043
11 132 23371
11 133 54767
11 134 43076
11 135 35329
11 136 39546
11 137 42299
11 138 36849
11 139 59073
11 140 49056
11 141 41176
11 142 50618
11 143 5972
11 144 45607
11 145 51445
11 146 27672
11 147 29293
11 148 6282
11 149 41709
11 150 42498
11 151 39285
11 152 38356
11 153 17277
11 154 33893
11 155 50707
11 156 36726
11 157 29744
11 158 36165
11 159 -1318
11 160 12304
11 161 23349
11 162 17887
11 163 46384
11 164 30327
11 165 54641
11 166 24194
11 167 21294
11 168 7928
11 169 37991
11 170 59341
11 171 48839
11 172 47643
11 173 33747
11 174 17684
11 175 -2238
11 176 23248
11 177 42786
11 178 44925
11 179 45955
11 180 40810
11 181 -2241
11 182 3460
11 183 32318
11 184 34588
11 185 33958
11 186 60476
11 187 58870
11 188 18625
11 189 6845
11 190 11944
11 191 43051
11 192 45690
11 193 41085
11 194 12862
11 195 40575
11 196 33694
11 197 52897
11 198 45751
11 199 25287
11 200 26430
12 1 13478
12 2 21049
12 3 8027
12 4 10392
12 5 28556
12 6 25242
12 7 31777
12 8 37830
12 9 16514
12 10 27698
12 11 35653
12 13 17859
12 14 34552
12 15 25534
12 16 34315
12 17 38714
12 18 26396
12 19 35664
12 20 26558
12 21 12984
12 22 21926
12 23 15259
12 24 8998
12 25 15852
12 26 3426
12 27 13082
12 28 7877
12 29 9599
12 30 20162
12 31 18775
12 32 27416
12 33 13468
12 34 14988
12 35 26641
12 36 45489
12 37 31274
12 38 42264
12 39 12026
12 40 11670
12 41 23710
12 42 31187
12 43 31258
12 44 38283
12 45 36129
12 46 39744
12 47 37623
12 48 29094
12 49 42223
12 50 8847
12 51 18485
12 52 22810
12 53 12720
12 54 2943
12 55 15696
12 56 19303
12 57 25846
12 58 13776
12 59 24743
12 60 32355
12 61 34939
12 62 29031
12 63 35928
12 64 33430
12 65 24490
12 66 20761
12 67 14569
12 68 -607
12 69 16239
12 70 22549
12 71 25676
12 72 12433
12 73 15646
12 74 19359
12 75 17143
12 76 3897
12 77 4739
12 78 15744
12 79 8521
12 80 4477
12 81 11473
12 82 31470
12 83 32199
12 84 34856
12 85 26470
12 86 34503
12 87 20383
12 88 26936
12 89 20902
12 90 33746
12 91 36539
12 92 30404
12 93 28665
12 94 20853
12 95 23074
12 96 27082
12 97 25616
12 98 31291
12 99 29540
12 100 31528
12 101 19184
12 102 6444
12 103 19273
12 104 29534
12 105 7210
12 106 27645
12 107 35897
12 108 25794
12 109 312
12 110 11978
12 111 6918
12 112 16355
12 113 36930
12 114 32028
12 115 20153
12 116 3230
12 117 24693
12 118 24140
12 119 38788
12 120 16441
12 121 8608
12 122 19759
12 123 33828
12 124 39909
12 125 35045
12 126 35072
12 127 21285
12 128 24085
12 129 12987
12 130 5325
12 131 29980
12 132 13477
12 133 19249
12 134 2246
12 135 23744
12 136 32761
12 137 19860
12 138 2798
12 139 17594
12 140 41714
12 141 36008
12 142 33897
12 143 44474
12 144 22901
12 145 20569
12 146 17475
12 147 21095
12 148 27118
12 149 2589
12 150 3216
12 151 27110
12 152 12845
12 153 27928
12 154 -158
12 155 9509
12 156 20140
12 157 11203
12 158 7034
12 159 24138
12 160 24852
12 161 18763
12 162 19301
12 163 6770
12 164 12632
12 165 12226
12 166 24194
12 167 15831
12 168 39780
12 169 10373
12 170 17062
12 171 14372
12 172 27856
12 173 35291
12 174 35868
12 175 38532
12 176 9141
12 177 1130
12 178 17887
12 179 4727
12 180 6935
12 181 27391
12 182 24581
12 183 20560
12 184 537
12 185 11690
12 186 21133
12 187 17200
12 188 22751
12 189 27681
12 190 18916
12 191 36437
12 192 35262
12 193 32488
12 194 27613
12 195 -523
12 196 2164
12 197 14587
12 198 7739
12 199 35245
12 200 7889
13 1 23236
13 2 7052
13 3 28863
13 4 20076
13 5 9012
13 6 6818
13 7 25162
13 8 23945
13 9 34031
13 10 30682
13 11 34458
13 12 18416
13 14 12753
13 15 9478
13 16 12211
13 17 18932
13 18 14010
13 19 30731
13 20 38864
13 21 12984
13 22 17644
13 23 16861
13 24 30399
13 25 29994
13 26 12166
13 27 13082
13 28 14936
13 29 31960
13 30 29637
13 31 20299
13 32 34537
13 33 31673
13 34 36086
13 35 45801
13 36 36191
13 37 8913
13 38 20197
13 39 19642
13 40 7528
13 41 16223
13 42 10792
13 43 12476
13 44 15943
13 45 19322
13 46 26250
13 47 28679
13 48 20281
13 49 36467
13 50 24281
13 51 33542
13 52 16706
13 53 8339
13 54 21018
13 55 31065
13 56 22528
13 57 9793
13 58 3216
13 59 2782
13 60 15151
13 61 13407
13 62 27859
13 63 38981
13 64 32878
13 65 41866
13 66 34372
13 67 22146
13 68 21712
13 69 21634
13 70 29631
13 71 42716
13 72 12433
13 73 12797
13 74 16998
13 75 16723
13 76 22321
13 77 25401
13 78 36606
13 79 29224
13 80 26788
13 81 30114
13 82 21097
13 83 16143
13 84 15576
13 85 4387
13 86 12388
13 87 -140
13 88 24820
13 89 7672
13 90 38542
13 91 14210
13 92 8077
13 93 6869
13 94 27
13 95 860
13 96 6208
13 97 3366
13 98 8981
13 99 8269
13 100 9185
13 101 25676
13 102 23018
13 103 34981
13 104 8263
13 105 7210
13 106 20030
13 107 32781
13 108 29793
13 109 20893
13 110 19320
13 111 16918
13 112 4191
13 113 15832
13 114 18148
13 115 7369
13 116 24108
13 117 2357
13 118 6343
13 119 16551
13 120 35037
13 121 30951
13 122 30526
13 123 28259
13 124 29427
13 125 18360
13 126 37953
13 127 20431
13 128 35294
13 129 33958
13 130 22082
13 131 38132
13 132 19670
13 133 15863
13 134 23082
13 135 42960
13 136 51360
13 137 1262
13 138 15826
13 139 26338
13 140 19580
13 141 13686
13 142 13102
13 143 37264
13 144 4617
13 145 10749
13 146 13178
13 147 4518
13 148 25516
13 149 13557
13 150 25527
13 151 4783
13 152 2285
13 153 19184
13 154 12870
13 155 19193
13 156 12598
13 157 28219
13 158 27870
13 159 24431
13 160 34481
13 161 35519
13 162 23845
13 163 28296
13 164 32827
13 165 27963
13 166 9390
13 167 15831
13 168 31158
13 169 32089
13 170 28304
13 171 10007
13 172 7947
13 173 14903
13 174 21336
13 175 35710
13 176 18635
13 177 22602
13 178 3976
13 179 17530
13 180 8571
13 181 33213
13 182 20414
13 183 1478
13 184 20537
13 185 31234
13 186 24117
13 187 26462
13 188 35991
13 189 30665
13 190 18916
13 191 14087
13 192 13046
13 193 10143
13 194 20531
13 195 15093
13 196 22112
13 197 16948
13 198 12036
13 199 19331
13 200 4069
14 1 43707
14 2 18808
14 3 49998
14 4 35812
14 5 13201
14 6 22108
14 7 38547
14 8 30415
14 9 55050
14 10 47884
14 11 48454
14 12 39067
14 13 16711
14 15 5289
14 16 2775
14 17 15798
14 18 26396
14 19 42652
14 20 58794
14 21 28796
14 22 26431
14 23 25156
14 24 49900
14 25 45629
14 26 32411
14 27 33327
14 28 36140
14 29 52470
14 30 49138
14 31 38224
14 32 52552
14 33 52844
14 34 57256
14 35 66945
14 36 43031
14 37 8913
14 38 -639
14 39 31990
14 40 26683
14 41 21756
14 42 5694
14 43 19
14 44 -354
14 45 21438
14 46 30177
14 47 37196
14 48 30423
14 49 45917
14 50 45396
14 51 54285
14 52 33572
14 53 29533
14 54 39821
14 55 47733
14 56 34161
14 57 13757
14 58 23534
14 59 8959
14 60 23423
14 61 9697
14 62 43154
14 63 55087
14 64 45758
14 65 62650
14 66 54337
14 67 32327
14 68 42402
14 69 41593
14 70 48841
14 71 63552
14 72 25756
14 73 26505
14 74 28143
14 75 27137
14 76 43516
14 77 46524
14 78 57786
14 79 50395
14 80 47244
14 81 51290
14 82 31470
14 83 23162
14 84 17029
14 85 2111
14 86 -937
14 87 7844
14 88 40942
14 89 24215
14 90 55733
14 91 7055
14 92 13425
14 93 9145
14 94 15803
14 95 12966
14 96 16347
14 97 11829
14 98 8981
14 99 14982
14 100 3837
14 101 45196
14 102 44148
14 103 55664
14 104 14976
14 105 28046
14 106 33743
14 107 45657
14 108 47185
14 109 41050
14 110 35585
14 111 38028
14 112 24323
14 113 8860
14 114 25529
14 115 18392
14 116 45175
14 117 16443
14 118 14166
14 119 -652
14 120 56180
14 121 51575
14 122 50553
14 123 40342
14 124 37178
14 125 21060
14 126 54076
14 127 38284
14 128 54834
14 129 55108
14 130 40250
14 131 56547
14 132 39918
14 133 24931
14 134 42496
14 135 64119
14 136 72419
14 137 18465
14 138 36849
14 139 39945
14 140 -1051
14 141 747
14 142 1609
14 143 45857
14 144 10428
14 145 17256
14 146 32651
14 147 20082
14 148 41200
14 149 32899
14 150 45983
14 151 10131
14 152 22603
14 153 32763
14 154 33893
14 155 34929
14 156 33111
14 157 49354
14 158 49005
14 159 40417
14 160 53606
14 161 56356
14 162 42987
14 163 48005
14 164 54040
14 165 44988
14 166 21860
14 167 35067
14 168 40105
14 169 53121
14 170 41818
14 171 20723
14 172 6700
14 173 14107
14 174 26086
14 175 48637
14 176 39335
14 177 42679
14 178 14561
14 179 35818
14 180 27782
14 181 50115
14 182 34860
14 183 17775
14 184 41635
14 185 52448
14 186 34815
14 187 40116
14 188 56104
14 189 47867
14 190 36636
14 191 2005
14 192 -1555
14 193 3966
14 194 34304
14 195 34788
14 196 43259
14 197 29942
14 198 28382
14 199 25287
14 200 24905
15 1 42189
15 2 10618
15 3 44017
15 4 23736
15 5 22356
15 6 25242
15 7 44334
15 8 39980
15 9 51434
15 10 50682
15 11 54055
15 12 32111
15 13 15498
15 14 7351
15 16 16595
15 17 28792
15 18 32383
15 19 49661
15 20 57991
15 21 18386
15 22 12242
15 23 9845
15 24 40096
15 25 32718
15 26 25510
15 27 32626
15 28 32495
15 29 44196
15 30 49138
15 31 40291
15 32 54449
15 33 48531
15 34 51021
15 35 62421
15 36 53086
15 37 15761
15 38 13181
15 39 17752
15 40 19889
15 41 6756
15 42 5694
15 43 -3331
15 44 15013
15 45 32831
15 46 41328
15 47 46209
15 48 38355
15 49 54640
15 50 41788
15 51 51766
15 52 36576
15 53 26045
15 54 29848
15 55 35594
15 56 20150
15 57 3920
15 58 18973
15 59 14751
15 60 31120
15 61 21552
15 62 47657
15 63 58949
15 64 52304
15 65 59600
15 66 53353
15 67 17087
15 68 34984
15 69 41126
15 70 49329
15 71 60484
15 72 13446
15 73 15111
15 74 14887
15 75 13047
15 76 38419
15 77 40613
15 78 51799
15 79 44530
15 80 39383
15 81 46835
15 82 39068
15 83 31920
15 84 27853
15 85 12092
15 86 14531
15 87 5733
15 88 44695
15 89 27167
15 90 58538
15 91 18573
15 92 18321
15 93 17299
15 94 17916
15 95 15408
15 96 21371
15 97 13726
15 98 16692
15 99 21478
15 100 12985
15 101 45301
15 102 40335
15 103 53172
15 104 21472
15 105 22956
15 106 39213
15 107 52058
15 108 49788
15 109 33093
15 110 24343
15 111 34865
15 112 24139
15 113 22848
15 114 34535
15 115 9082
15 116 39095
15 117 16999
15 118 21950
15 119 14530
15 120 51880
15 121 43634
15 122 49717
15 123 47183
15 124 46493
15 125 32164
15 126 57919
15 127 40431
15 128 54676
15 129 49036
15 130 29620
15 131 57961
15 132 38971
15 133 10694
15 134 32839
15 135 59523
15 136 68367
15 137 14773
15 138 31339
15 139 26338
15 140 13199
15 141 15469
15 142 5905
15 143 55017
15 144 4617
15 145 3552
15 146 33095
15 147 23375
15 148 45351
15 149 24515
15 150 38122
15 151 15027
15 152 18042
15 153 38252
15 154 28383
15 155 22853
15 156 32266
15 157 45447
15 158 43024
15 159 44345
15 160 54093
15 161 53349
15 162 43640
15 163 38633
15 164 48629
15 165 33163
15 166 27457
15 167 35711
15 168 48869
15 169 46281
15 170 27769
15 171 7693
15 172 4242
15 173 25501
15 174 36548
15 175 55015
15 176 37378
15 177 34319
15 178 5763
15 179 25921
15 180 20231
15 181 53210
15 182 39956
15 183 20152
15 184 35848
15 185 47357
15 186 20330
15 187 26462
15 188 54931
15 189 50665
15 190 38916
15 191 16022
15 192 11938
15 193 14710
15 194 39765
15 195 26493
15 196 37637
15 197 16948
15 198 17680
15 199 34717
15 200 23303
16 1 39285
16 2 22797
16 3 48325
16 4 39581
16 5 4381
16 6 17775
16 7 29859
16 8 20038
16 9 51227
16 10 40403
16 11 39325
16 12 38775
16 13 16114
16 14 2720
16 15 14478
16 17 4617
16 18 18343
16 19 32963
16 20 53153
16 21 32173
16 22 32832
16 23 32279
16 24 51007
16 25 49639
16 26 32756
16 27 29287
16 28 34012
16 29 52257
16 30 43236
16 31 31555
16 32 45263
16 33 49805
16 34 55180
16 35 63472
16 36 32161
16 37 7733
16 38 3992
16 39 37582
16 40 27942
16 41 29130
16 42 12599
16 43 10790
16 44 72
16 45 10466
16 46 19135
16 47 26722
16 48 20515
16 49 35389
16 50 42282
16 51 49915
16 52 27059
16 53 28274
16 54 41577
16 55 51089
16 56 39846
16 57 20049
16 58 23816
16 59 5432
16 60 14992
16 61 -149
16 62 34815
16 63 46744
16 64 35977
16 65 57965
16 66 48551
16 67 39028
16 68 41951
16 69 36731
16 70 42851
16 71 59121
16 72 30414
16 73 30804
16 74 33672
16 75 33147
16 76 41603
16 77 44960
16 78 55704
16 79 48464
16 80 47193
16 81 48226
16 82 21929
16 83 13607
16 84 6696
16 85 -3606
16 86 -8213
16 87 10691
16 88 33302
16 89 18834
16 90 48008
16 91 3154
16 92 11699
16 93 3771
16 94 13019
16 95 11285
16 96 11854
16 97 11996
16 98 6331
16 99 9881
16 100 3539
16 101 39652
16 102 41008
16 103 51032
16 104 9875
16 105 27653
16 106 25415
16 107 36185
16 108 39736
16 109 41450
16 110 38954
16 111 35193
16 112 21307
16 113 -2097
16 114 15480
16 115 22858
16 116 43862
16 117 16014
16 118 5844
16 119 3358
16 120 52839
16 121 51178
16 122 45268
16 123 30814
16 124 26661
16 125 10188
16 126 45770
16 127 31840
16 128 48756
16 129 53293
16 130 42519
16 131 49525
16 132 35408
16 133 31294
16 134 43697
16 135 60757
16 136 68540
16 137 19747
16 138 35877
16 139 44916
16 140 3045
16 141 -4855
16 142 10475
16 143 35222
16 144 15233
16 145 23932
16 146 28105
16 147 15125
16 148 33181
16 149 34142
16 150 45932
16 151 8405
16 152 22885
16 153 24565
16 154 32921
16 155 38698
16 156 30037
16 157 46203
16 158 47332
16 159 32351
16 160 47197
16 161 51989
16 162 37194
16 163 48890
16 164 51392
16 165 48101
16 166 14593
16 167 29838
16 168 29729
16 169 51740
16 170 46982
16 171 26281
16 172 12762
16 173 3730
16 174 15325
16 175 39153
16 176 35388
16 177 43158
16 178 18998
16 179 37933
16 180 29074
16 181 42011
16 182 26408
16 183 14179
16 184 40258
16 185 49962
16 186 40937
16 187 45088
16 188 50640
16 189 40386
16 190 29972
16 191 -2005
16 192 2255
16 193 994
16 194 25916
16 195 35708
16 196 41623
16 197 34898
16 198 31610
16 199 15238
16 200 22044
17 1 37541
17 2 30314
17 3 49049
17 4 45571
17 5 3201
17 6 19747
17 7 23236
17 8 10966
17 9 49329
17 10 34733
17 11 31306
17 12 41332
17 13 20993
17 14 13901
17 15 24833
17 16 2775
17 18 14010
17 19 24275
17 20 49295
17 21 38404
17 22 41152
17 23 40747
17 24 54206
17 25 55467
17 26 36355
17 27 28894
17 28 35331
17 29 54155
17 30 39334
17 31 27339
17 32 39458
17 33 49007
17 34 54988
17 35 61687
17 36 21519
17 37 15761
17 38 13181
17 39 44817
17 40 32883
17 41 38156
17 42 22647
17 43 21839
17 44 11077
17 45 89
17 46 8263
17 47 16839
17 48 11784
17 49 25236
17 50 41788
17 51 47617
17 52 24012
17 53 31135
17 54 45733
17 55 56425
17 56 47372
17 57 29090
17 58 28390
17 59 10815
17 60 11989
17 61 4599
17 62 28156
17 63 39656
17 64 26810
17 65 54687
17 66 44270
17 67 46938
17 68 43970
17 69 34782
17 70 39082
17 71 56347
17 72 37470
17 73 37782
17 74 41383
17 75 41049
17 76 42433
17 77 45924
17 78 55662
17 79 48783
17 80 49630
17 81 47288
17 82 14193
17 83 7545
17 84 1734
17 85 3670
17 86 -2496
17 87 18522
17 88 27939
17 89 18489
17 90 41752
17 91 12921
17 92 18321
17 93 9145
17 94 16768
17 95 16642
17 96 15225
17 97 18895
17 98 13919
17 99 13743
17 100 12985
17 101 36616
17 102 40335
17 103 48213
17 104 13737
17 105 31030
17 106 19605
17 107 27733
17 108 34010
17 109 44580
17 110 44814
17 111 35519
17 112 23197
17 113 -4168
17 114 7281
17 115 30567
17 116 45175
17 117 21838
17 118 3448
17 119 14530
17 120 51458
17 121 52965
17 122 42154
17 123 22486
17 124 16803
17 125 186
17 126 38757
17 127 28237
17 128 44366
17 129 53696
17 130 47096
17 131 44027
17 132 33872
17 133 39549
17 134 47146
17 135 59144
17 136 66253
17 137 25816
17 138 38109
17 139 51707
17 140 12179
17 141 6073
17 142 21221
17 143 24939
17 144 23772
17 145 32702
17 146 27496
17 147 16016
17 148 27118
17 149 38355
17 150 48369
17 151 15027
17 152 27459
17 153 19184
17 154 35153
17 155 44688
17 156 31395
17 157 45447
17 158 48056
17 159 26002
17 160 42489
17 161 49382
17 162 33989
17 163 51989
17 164 50643
17 165 53262
17 166 12265
17 167 27901
17 168 20021
17 169 52456
17 170 53724
17 171 34112
17 172 22317
17 173 1993
17 174 5283
17 175 30656
17 176 34323
17 177 46191
17 178 26786
17 179 42677
17 180 33743
17 181 35042
17 182 19895
17 183 16845
17 184 41635
17 185 49731
17 186 48739
17 187 51848
17 188 46923
17 189 34716
17 190 25932
17 191 9154
17 192 13313
17 193 10467
17 194 19916
17 195 39477
17 196 42632
17 197 42021
17 198 37529
17 199 7757
17 200 23303
18 1 19682
18 2 25077
18 3 32202
18 4 34892
18 5 4381
18 6 10927
18 7 8236
18 8 7478
18 9 31330
18 10 18043
18 11 18227
18 12 26469
18 13 13526
18 14 21954
18 15 25879
18 16 13956
18 17 11465
18 19 13268
18 20 31499
18 21 29189
18 22 35482
18 23 34342
18 24 39275
18 25 43883
18 26 23281
18 27 12271
18 28 19870
18 29 37992
18 30 21520
18 31 9559
18 32 22904
18 33 31319
18 34 37422
18 35 43684
18 36 18276
18 37 17733
18 38 26260
18 39 35772
18 40 22528
18 41 34251
18 42 24758
18 43 26510
18 44 21503
18 45 6169
18 46 9713
18 47 10666
18 48 2267
18 49 18528
18 50 24371
18 51 29595
18 52 6074
18 53 18354
18 54 32324
18 55 44243
18 56 39386
18 57 27103
18 58 18393
18 59 9758
18 60 6048
18 61 13268
18 62 12757
18 63 24712
18 64 16094
18 65 36782
18 66 26680
18 67 38687
18 68 28196
18 69 16932
18 70 21196
18 71 38342
18 72 29323
18 73 29914
18 74 34481
18 75 34134
18 76 25895
18 77 29331
18 78 38216
18 79 31611
18 80 34277
18 81 29522
18 82 3072
18 83 2851
18 84 8379
18 85 8508
18 86 12665
18 87 15989
18 88 10941
18 89 4712
18 90 25685
18 91 19642
18 92 17644
18 93 10952
18 94 9873
18 95 12524
18 96 11115
18 97 16610
18 98 16302
18 99 12219
18 100 17384
18 101 18592
18 102 22772
18 103 30204
18 104 12213
18 105 18391
18 106 3331
18 107 15814
18 108 17376
18 109 30241
18 110 34301
18 111 18941
18 112 10721
18 113 12045
18 114 1635
18 115 25396
18 116 28921
18 117 17136
18 118 -1305
18 119 23635
18 120 33545
18 121 36764
18 122 24153
18 123 10795
18 124 11570
18 125 5093
18 126 23710
18 127 10237
18 128 26796
18 129 36556
18 130 34173
18 131 27194
18 132 16172
18 133 33630
18 134 32659
18 135 41166
18 136 48225
18 137 19289
18 138 23293
18 139 41987
18 140 25341
18 141 17225
18 142 25626
18 143 19241
18 144 21543
18 145 28767
18 146 11078
18 147 5350
18 148 10913
18 149 25772
18 150 33016
18 151 14350
18 152 17462
18 153 2351
18 154 20337
18 155 34009
18 156 17429
18 157 27826
18 158 31209
18 159 10122
18 160 25081
18 161 31361
18 162 15970
18 163 37067
18 164 32882
18 165 40891
18 166 -700
18 167 10197
18 168 13131
18 169 35436
18 170 43500
18 171 27693
18 172 22957
18 173 10668
18 174 5472
18 175 18787
18 176 16768
18 177 31542
18 178 21982
18 179 30435
18 180 22459
18 181 19846
18 182 4447
18 183 8351
18 184 25537
18 185 32280
18 186 41158
18 187 42009
18 188 29089
18 189 18026
18 190 8058
18 191 18741
18 192 20921
18 193 16289
18 194 3895
18 195 26100
18 196 26157
18 197 33638
18 198 27435
18 199 5373
18 200 8700
19 1 25066
19 2 45042
19 3 39567
19 4 51150
19 5 23201
19 6 31370
19 7 9416
19 8 14758
19 9 31019
19 10 10682
19 11 298
19 12 39067
19 13 33577
19 14 41540
19 15 46487
19 16 31906
19 17 25060
19 18 16598
19 20 26558
19 21 47173
19 22 54741
19 23 52852
19 24 49900
19 25 58670
19 26 38781
19 27 25555
19 28 33370
19 29 46149
19 30 18236
19 31 11169
19 32 12186
19 33 35038
19 34 40237
19 35 42205
19 36 4369
19 37 38044
19 38 44083
19 39 52741
19 40 40540
19 41 54071
19 42 45310
19 43 46948
19 44 40163
19 45 15797
19 46 7707
19 47 -1272
19 48 -3379
19 49 -735
19 50 31018
19 51 29522
19 52 19267
19 53 35520
19 54 45925
19 55 58609
19 56 57329
19 57 47562
19 58 37095
19 59 30224
19 60 25417
19 61 31504
19 62 3538
19 63 9879
19 64 -4242
19 65 30789
19 66 19149
19 67 55777
19 68 38247
19 69 24101
19 70 20212
19 71 34697
19 72 47604
19 73 48537
19 74 53301
19 75 52763
19 76 35297
19 77 37824
19 78 42186
19 79 37437
19 80 45163
19 81 32273
19 82 7470
19 83 19165
19 84 24926
19 85 28082
19 86 28879
19 87 36546
19 88 11126
19 89 24215
19 90 13994
19 91 39055
19 92 38172
19 93 30952
19 94 30340
19 95 33124
19 96 31696
19 97 37225
19 98 36481
19 99 32585
19 100 37400
19 101 21192
19 102 28143
19 103 27420
19 104 32579
19 105 35081
19 106 10578
19 107 -3775
19 108 8904
19 109 43288
19 110 51017
19 111 29933
19 112 29369
19 113 27233
19 114 11637
19 115 45306
19 116 38498
19 117 37648
19 118 18153
19 119 42785
19 120 34447
19 121 45045
19 122 23516
19 123 -3507
19 124 5229
19 125 15349
19 126 9270
19 127 16640
19 128 20190
19 129 42366
19 130 48214
19 131 17349
19 132 24124
19 133 52761
19 134 44405
19 135 40377
19 136 45196
19 137 39285
19 138 36849
19 139 58598
19 140 43097
19 141 35435
19 142 45968
19 143 1709
19 144 42051
19 145 48718
19 146 26055
19 147 25648
19 148 6282
19 149 41276
19 150 43902
19 151 34878
19 152 36164
19 153 13407
19 154 33893
19 155 50267
19 156 34734
19 157 32604
19 158 38574
19 159 1242
19 160 17989
19 161 28660
19 162 19301
19 163 48005
19 164 34668
19 165 55150
19 166 19916
19 167 20679
19 168 926
19 169 41189
19 170 59341
19 171 46795
19 172 43568
19 173 27917
19 174 10918
19 175 -928
19 176 24458
19 177 43738
19 178 42012
19 179 45756
19 180 39578
19 181 4830
19 182 1193
19 183 28715
19 184 35848
19 185 37110
19 186 59226
19 187 58479
19 188 24164
19 189 10665
19 190 11944
19 191 37494
19 192 40445
19 193 35923
19 194 9249
19 195 40575
19 196 35342
19 197 51596
19 198 44685
19 199 19331
19 200 24905
20 1 13327
20 2 46649
20 3 19208
20 4 40679
20 5 39299
20 6 40058
20 7 27391
20 8 38378
20 9 2199
20 10 11493
20 11 18227
20 12 26469
20 13 38218
20 14 54190
20 15 51325
20 16 48604
20 17 46588
20 18 31337
20 19 23066
20 21 42173
20 22 51431
20 23 45673
20 24 30054
20 25 43883
20 26 31355
20 27 24197
20 28 26941
20 29 23780
20 30 307
20 31 12385
20 32 1024
20 33 11469
20 34 12349
20 35 11945
20 36 34659
20 37 49211
20 38 60292
20 39 42028
20 40 37839
20 41 52668
20 42 53483
20 43 55177
20 44 55283
20 45 39461
20 46 36254
20 47 28745
20 48 22915
20 49 26338
20 50 14589
20 51 3525
20 52 26883
20 53 34047
20 54 31670
20 55 43699
20 56 49708
20 57 51211
20 58 37158
20 59 41235
20 60 41113
20 61 48010
20 62 16454
20 63 13318
20 64 11069
20 65 1618
20 66 -8308
20 67 43993
20 68 20413
20 69 18245
20 70 9893
20 71 4311
20 72 42239
20 73 44682
20 74 49008
20 75 47270
20 76 20171
20 77 19604
20 78 16112
20 79 14565
20 80 28235
20 81 6692
20 82 29456
20 83 37916
20 84 43734
20 85 41934
20 86 47832
20 87 42560
20 88 20547
20 89 32413
20 90 10672
20 91 52973
20 92 48298
20 93 43919
20 94 38040
20 95 41379
20 96 42380
20 97 45295
20 98 48384
20 99 44544
20 100 49496
20 101 13047
20 102 8900
20 103 -2725
20 104 44538
20 105 31385
20 106 26260
20 107 20690
20 108 7097
20 109 30241
20 110 42349
20 111 21105
20 112 32967
20 113 47401
20 114 33613
20 115 46372
20 116 21905
20 117 44446
20 118 33600
20 119 56799
20 120 6291
20 121 23317
20 122 4894
20 123 23414
20 124 33816
20 125 38555
20 126 13096
20 127 20103
20 128 -5844
20 129 19124
20 130 34173
20 131 2523
20 132 17446
20 133 48940
20 134 26843
20 135 10398
20 136 14799
20 137 42578
20 138 27798
20 139 47585
20 140 59460
20 141 51550
20 142 55617
20 143 30951
20 144 46819
20 145 48582
20 146 28105
20 147 34504
20 148 17463
20 149 32430
20 150 26974
20 151 45004
20 152 36227
20 153 28493
20 154 24842
20 155 39796
20 156 36353
20 157 12014
20 158 18215
20 159 10122
20 160 -2622
20 161 -1651
20 162 14574
20 163 29252
20 164 6360
20 165 40332
20 166 32820
20 167 20783
20 168 30823
20 169 16723
20 170 45815
20 171 43578
20 172 50660
20 173 45917
20 174 36039
20 175 22618
20 176 14344
20 177 28604
20 178 43690
20 179 35130
20 180 34584
20 181 7
20 182 17236
20 183 36527
20 184 21032
20 185 13907
20 186 51546
20 187 47041
20 188 -6158
20 189 11476
20 190 15129
20 191 52638
20 192 53614
20 193 49289
20 194 25244
20 195 29832
20 196 18863
20 197 44836
20 198 37699
20 199 39765
20 200 24512
21 1 26110
21 2 8058
21 3 23773
21 4 4581
21 5 24824
21 6 22108
21 7 37287
21 8 38919
21 9 32250
21 10 38402
21 11 44705
21 12 11866
21 13 11309
21 14 23163
21 15 10691
21 16 26595
21 17 34668
21 18 27998
21 19 42652
21 20 41144
21 22 6431
21 23 2873
21 24 18998
21 25 14639
21 26 6355
21 27 19632
21 28 16121
21 29 23016
21 30 33547
21 31 28208
21 32 40264
21 33 29190
21 34 30299
21 35 42411
21 36 50097
21 37 22733
21 38 30901
21 39 3946
21 40 4599
21 41 7932
21 42 18946
21 43 17192
21 44 28514
21 45 34980
21 46 41328
21 47 42290
21 48 33630
21 49 49070
21 50 23552
21 51 33673
21 52 27664
21 53 12720
21 54 8723
21 55 16252
21 56 7422
21 57 11904
21 58 7950
21 59 18058
21 60 30645
21 61 28621
21 62 37735
21 63 47081
21 64 43171
21 65 40290
21 66 35899
21 67 6714
21 68 14136
21 69 26707
21 70 34729
21 71 41419
21 72 -2330
21 73 -166
21 74 4069
21 75 2971
21 76 19187
21 77 20547
21 78 31273
21 79 24219
21 80 18400
21 81 27266
21 82 34831
21 83 31498
21 84 31386
21 85 19138
21 86 26511
21 87 9697
21 88 34741
21 89 21109
21 90 45571
21 91 28072
21 92 22620
21 93 22122
21 94 15803
21 95 16157
21 96 22004
21 97 16988
21 98 23295
21 99 23929
21 100 22367
21 101 30768
21 102 21683
21 103 34757
21 104 23923
21 105 7210
21 106 32385
21 107 43932
21 108 37051
21 109 12249
21 110 4025
21 111 18131
21 112 15559
21 113 31143
21 114 33050
21 115 6401
21 116 19041
21 117 16999
21 118 21950
21 119 28499
21 120 32249
21 121 22519
21 122 33471
21 123 40342
21 124 43517
21 125 33988
21 126 46112
21 127 29196
21 128 38371
21 129 28594
21 130 8776
21 131 43228
21 132 24124
21 133 3981
21 134 11682
21 135 39520
21 136 48562
21 137 10809
21 138 12798
21 139 10528
21 140 30558
21 141 27273
21 142 21609
21 143 50403
21 144 10428
21 145 4918
21 146 22058
21 147 19240
21 148 35413
21 149 3853
21 150 17139
21 151 19326
21 152 7019
21 153 31907
21 154 9842
21 155 3698
21 156 21550
21 157 26617
21 158 22780
21 159 33579
21 160 38550
21 161 34447
21 162 29942
21 163 17442
21 164 28291
21 165 13411
21 166 24021
21 167 23429
21 168 44627
21 169 25438
21 170 12501
21 171 -1361
21 172 15546
21 173 30596
21 174 36548
21 175 46754
21 176 21234
21 177 13236
21 178 4450
21 179 4727
21 180 1858
21 181 39926
21 182 31518
21 183 16845
21 184 16153
21 185 27502
21 186 9269
21 187 10650
21 188 37649
21 189 38385
21 190 27457
21 191 27525
21 192 25039
21 193 23928
21 194 32711
21 195 5657
21 196 17897
21 197 1658
21 198 -3241
21 199 34717
21 200 10917
22 1 36040
22 2 9825
22 3 33248
22 4 8723
22 5 29257
22 6 28031
22 7 45406
22 8 45142
22 9 42009
22 10 47884
22 11 53642
22 12 21550
22 13 16711
22 14 21540
22 15 5289
22 16 27996
22 17 38158
22 18 35033
22 19 50962
22 20 51144
22 21 7173
22 23 -3975
22 24 26014
22 25 17000
22 26 16355
22 27 28894
22 28 25952
22 29 31163
22 30 43485
22 31 37552
22 32 50095
22 33 38960
22 34 39232
22 35 51816
22 36 57316
22 37 24659
22 38 28492
22 39 2079
22 40 13339
22 41 -1167
22 42 17569
22 43 12476
22 44 28223
22 45 40037
22 46 47400
22 47 49700
22 48 41177
22 49 57116
22 50 33532
22 51 43629
22 52 36048
22 53 21591
22 54 16195
22 55 20208
22 56 4354
22 57 9793
22 58 15491
22 59 21512
22 60 36218
22 61 31226
22 62 46711
22 63 56564
22 64 52168
22 65 49932
22 66 45875
22 67 2648
22 68 23198
22 69 36402
22 70 44541
22 71 51170
22 72 -477
22 73 3743
22 74 160
22 75 -2755
22 76 29075
22 77 30151
22 78 40440
22 79 33606
22 80 27307
22 81 36948
22 82 42104
22 83 37253
22 84 35613
22 85 21454
22 86 27235
22 87 11368
22 88 43623
22 89 28303
22 90 55224
22 91 29376
22 92 25475
22 93 25241
22 94 21050
22 95 20174
22 96 26563
22 97 19788
22 98 25507
22 99 27901
22 100 23453
22 101 40538
22 102 31613
22 103 44656
22 104 27895
22 105 16646
22 106 40362
22 107 52561
22 108 46631
22 109 21526
22 110 10472
22 111 28063
22 112 23197
22 113 33552
22 114 39356
22 115 7369
22 116 28685
22 117 20955
22 118 27314
22 119 27882
22 120 41876
22 121 30951
22 122 43446
22 123 48558
22 124 50572
22 125 39142
22 126 55577
22 127 38284
22 128 48363
22 129 37885
22 130 15412
22 131 53119
22 132 33872
22 133 -5069
22 134 19084
22 135 48941
22 136 58045
22 137 15348
22 138 22798
22 139 10528
22 140 28379
22 141 27838
22 142 19609
22 143 58140
22 144 10428
22 145 -744
22 146 30816
22 147 25648
22 148 44346
22 149 13557
22 150 26046
22 151 22181
22 152 14560
22 153 39690
22 154 19842
22 155 7840
22 156 29944
22 157 36514
22 158 32255
22 159 42752
22 160 48502
22 161 44251
22 162 39571
22 163 25002
22 164 37552
22 165 17970
22 166 30561
22 167 32652
22 168 52127
22 169 34310
22 170 12039
22 171 -5270
22 172 14533
22 173 34139
22 174 42459
22 175 55428
22 176 31150
22 177 22031
22 178 5342
22 179 12971
22 180 11658
22 181 49672
22 182 40059
22 183 22691
22 184 25951
22 185 37110
22 186 4815
22 187 10650
22 188 47642
22 189 47867
22 190 36636
22 191 28123
22 192 24710
22 193 25275
22 194 40777
22 195 15093
22 196 27651
22 197 1658
22 198 4999
22 199 40405
22 200 19815
23 1 43009
23 2 20942
23 3 36847
23 4 9581
23 5 40371
23 6 38798
23 7 55245
23 8 55936
23 9 46019
23 10 56097
23 11 62689
23 12 26469
23 13 27514
23 14 31851
23 15 14478
23 16 39029
23 17 49339
23 18 45479
23 19 60659
23 20 56972
23 21 15201
23 22 7611
23 24 25621
23 25 12667
23 26 23281
23 27 37582
23 28 33585
23 29 32026
23 30 50245
23 31 46053
23 32 57306
23 33 43248
23 34 40978
23 35 54476
23 36 67750
23 37 35812
23 38 38181
23 39 -4452
23 40 22528
23 41 7743
23 42 28254
23 43 21451
23 44 38900
23 45 51103
23 46 58265
23 47 60020
23 48 51407
23 49 67035
23 50 39233
23 51 48802
23 52 45660
23 53 30742
23 54 17806
23 55 17702
23 56 3388
23 57 20682
23 58 25453
23 59 32676
23 60 47142
23 61 42390
23 62 55718
23 63 64736
23 64 61123
23 65 53148
23 66 51012
23 67 -7913
23 68 26197
23 69 44242
23 70 51934
23 71 54974
23 72 6799
23 73 12951
23 74 9040
23 75 1607
23 76 34309
23 77 34248
23 78 42877
23 79 36802
23 80 30168
23 81 40826
23 82 52470
23 83 48153
23 84 46759
23 85 32613
23 86 38093
23 87 22547
23 88 52752
23 89 38627
23 90 63013
23 91 40434
23 92 36654
23 93 36420
23 94 31956
23 95 31272
23 96 37623
23 97 30963
23 98 36671
23 99 39036
23 100 34510
23 101 48112
23 102 36815
23 103 49280
23 104 39030
23 105 25185
23 106 50297
23 107 61959
23 108 54626
23 109 25644
23 110 14434
23 111 35193
23 112 33245
23 113 44684
23 114 50116
23 115 18506
23 116 33030
23 117 32038
23 118 38281
23 119 38497
23 120 45437
23 121 32372
23 122 49950
23 123 58331
23 124 61067
23 125 50189
23 126 63790
23 127 47170
23 128 54479
23 129 40828
23 130 16215
23 131 60062
23 132 41583
23 133 4227
23 134 19702
23 135 51702
23 136 60858
23 137 26257
23 138 29421
23 139 6432
23 140 38189
23 141 38718
23 142 29975
23 143 68276
23 144 21543
23 145 10019
23 146 40085
23 147 36277
23 148 53412
23 149 19351
23 150 28907
23 151 33360
23 152 24522
23 153 49750
23 154 26465
23 155 8698
23 156 39512
23 157 41480
23 158 35854
23 159 51491
23 160 55096
23 161 48349
23 162 47529
23 163 25576
23 164 40041
23 165 16195
23 166 41188
23 167 41373
23 168 62395
23 169 36247
23 170 4874
23 171 5169
23 172 25381
23 173 45317
23 174 53351
23 175 64778
23 176 38252
23 177 25031
23 178 16505
23 179 16720
23 180 19720
23 181 57150
23 182 49543
23 183 33464
23 184 30892
23 185 40879
23 186 914
23 187 6019
23 188 53128
23 189 56080
23 190 45394
23 191 39032
23 192 35445
23 193 36348
23 194 50651
23 195 19972
23 196 32309
23 197 5767
23 198 11061
23 199 51330
23 200 28945
24 1 24620
24 2 32604
24 3 10989
24 4 12609
24 5 43450
24 6 40058
24 7 45670
24 8 52617
24 9 17945
24 10 38694
24 11 47310
24 12 11055
24 13 31899
24 14 47442
24 15 35576
24 16 48604
24 17 53645
24 18 41259
24 19 48554
24 20 32200
24 21 22173
24 22 28447
24 23 16468
24 25 9639
24 26 16971
24 27 27685
24 28 22740
24 29 1018
24 30 28591
24 31 31293
24 32 35597
24 33 17014
24 34 9988
24 35 24012
24 36 59148
24 37 45167
24 38 55263
24 39 10483
24 40 24454
24 41 30825
24 42 43485
24 43 42191
24 44 51929
24 45 51103
24 46 54342
24 47 51411
24 48 43083
24 49 54825
24 50 18111
24 51 23481
24 52 37291
24 53 27403
24 54 3723
24 55 10170
24 56 22050
24 57 36864
24 58 27497
24 59 39081
24 60 47350
24 61 49508
24 62 41329
24 63 45869
24 64 44057
24 65 22916
24 66 23979
24 67 10154
24 68 2031
24 69 29010
24 70 32851
24 71 25898
24 72 19371
24 73 24331
24 74 26067
24 75 21966
24 76 14290
24 77 10617
24 78 12960
24 79 9020
24 80 7372
24 81 13297
24 82 45890
24 83 47182
24 84 49799
24 85 40764
24 86 48787
24 87 33299
24 88 40069
24 89 35902
24 90 43220
24 91 50553
24 92 44455
24 93 43097
24 94 35367
24 95 37246
24 96 41700
24 97 39342
24 98 45359
24 99 44110
24 100 45273
24 101 30540
24 102 13668
24 103 21984
24 104 44104
24 105 21525
24 106 41867
24 107 48189
24 108 36196
24 109 10637
24 110 17741
24 111 20688
24 112 31252
24 113 51660
24 114 46849
24 115 31222
24 116 11223
24 117 38601
24 118 39121
24 119 52204
24 120 16751
24 121 2332
24 122 28178
24 123 47043
24 124 54080
24 125 50018
24 126 45177
24 127 34767
24 128 30161
24 129 12488
24 130 4641
24 131 37624
24 132 26353
24 133 25332
24 134 -4462
24 135 21441
24 136 30419
24 137 33124
24 138 17798
24 139 16543
24 140 54820
24 141 50016
24 142 46215
24 143 57580
24 144 34928
24 145 29325
24 146 32278
24 147 36028
24 148 39823
24 149 13694
24 150 6111
24 151 41161
24 152 26566
24 153 42374
24 154 14842
24 155 11726
24 156 35127
24 157 17416
24 158 9996
24 159 35990
24 160 32104
24 161 19972
24 162 31369
24 163 -2230
24 164 9776
24 165 7349
24 166 39188
24 167 29838
24 168 53523
24 169 6023
24 170 11685
24 171 21982
24 172 40075
24 173 50120
24 174 50679
24 175 50680
24 176 21329
24 177 6081
24 178 29191
24 179 11318
24 180 19303
24 181 35466
24 182 37909
24 183 35280
24 184 11348
24 185 13907
24 186 23128
24 187 15455
24 188 27453
24 189 38677
24 190 31995
24 191 50362
24 192 48676
24 193 46457
24 194 41713
24 195 10288
24 196 10745
24 197 19587
24 198 15620
24 199 50212
24 200 22889
25 1 34478
25 2 27768
25 3 23773
25 4 4581
25 5 44191
25 6 40978
25 7 52319
25 8 56653
25 9 32250
25 10 48833
25 11 56867
25 12 17268
25 13 30853
25 14 42530
25 15 27557
25 16 46595
25 17 54265
25 18 45226
25 19 56683
25 20 45388
25 21 17173
25 22 18792
25 23 2873
25 24 8998
25 26 18716
25 27 33327
25 28 28068
25 29 15970
25 30 40406
25 31 39970
25 32 47708
25 33 30381
25 34 24988
25 35 38989
25 36 65995
25 37 42733
25 38 50028
25 39 -3620
25 40 23023
25 41 21010
25 42 38247
25 43 34699
25 44 48321
25 45 53712
25 46 58957
25 47 58083
25 48 49432
25 49 63282
25 50 28928
25 51 36694
25 52 42876
25 53 29202
25 54 5765
25 55 1610
25 56 10530
25 57 30596
25 58 26747
25 59 37908
25 60 49340
25 61 48530
25 62 50220
25 63 56887
25 64 54580
25 65 37888
25 66 38110
25 67 -4780
25 68 13206
25 69 37444
25 70 43458
25 71 40604
25 72 11637
25 73 17885
25 74 17246
25 75 11480
25 76 24029
25 77 22137
25 78 27745
25 79 22876
25 80 17387
25 81 27266
25 82 51294
25 83 49902
25 84 50760
25 85 39110
25 86 46495
25 87 29634
25 88 47973
25 89 38687
25 90 54539
25 91 48065
25 92 42579
25 93 41997
25 94 35178
25 95 35961
25 96 41528
25 97 36975
25 98 43287
25 99 43617
25 100 42336
25 101 40304
25 102 25529
25 103 36084
25 104 43611
25 105 22956
25 106 47884
25 107 57063
25 108 46816
25 109 15869
25 110 11978
25 111 28063
25 112 33176
25 113 51040
25 114 50774
25 115 25827
25 116 21603
25 117 36869
25 118 40808
25 119 48211
25 120 31232
25 121 16920
25 122 39916
25 123 54731
25 124 59967
25 125 52669
25 126 56069
25 127 42253
25 128 43222
25 129 26585
25 130 3910
25 131 50015
25 132 34681
25 133 15402
25 134 4667
25 135 36386
25 136 45401
25 137 30717
25 138 22798
25 139 3472
25 140 49791
25 141 47227
25 142 40731
25 143 65343
25 144 29972
25 145 21113
25 146 37115
25 147 37677
25 148 48253
25 149 14097
25 150 16126
25 151 39285
25 152 25816
25 153 47858
25 154 19842
25 155 3698
25 156 38039
25 157 29744
25 158 22780
25 159 45351
25 160 44634
25 161 34447
25 162 40508
25 163 10067
25 164 24693
25 165 947
25 166 41996
25 167 36596
25 168 60288
25 169 20841
25 170 -3256
25 171 13704
25 172 34921
25 173 50257
25 174 54524
25 175 59715
25 176 30312
25 177 13236
25 178 23945
25 179 9825
25 180 18337
25 181 47716
25 182 45497
25 183 35846
25 184 20537
25 185 27502
25 186 10681
25 187 1910
25 188 41002
25 189 48816
25 190 40014
25 191 47474
25 192 44804
25 193 43921
25 194 47987
25 195 12505
25 196 21170
25 197 10398
25 198 10626
25 199 53100
25 200 26430
26 1 16251
26 2 14019
26 3 14875
26 4 8723
26 5 23201
26 6 19747
26 7 30252
26 8 34374
26 9 22642
26 10 29223
26 11 36239
26 12 3126
26 13 11309
26 14 27596
26 15 18633
26 16 27996
26 17 33437
26 18 22908
26 19 35078
26 20 31144
26 21 7173
26 22 16431
26 23 11771
26 24 14614
26 25 17000
26 27 11413
26 28 6719
26 29 16419
26 30 23650
26 31 19357
26 32 30516
26 33 19614
26 34 22004
26 35 33302
26 36 43800
26 37 24659
26 38 35351
26 39 10377
26 40 4599
26 41 17785
26 42 24133
26 43 24217
26 44 31566
26 45 31839
26 46 36630
26 47 35888
26 48 27208
26 49 41675
26 50 13595
26 51 23747
26 52 20662
26 53 7181
26 54 5765
26 55 17317
26 56 15806
26 57 18844
26 58 6982
26 59 18466
26 60 27624
26 61 28920
26 62 29318
26 63 37832
26 64 34516
26 65 30789
26 66 25934
26 67 13389
26 68 6395
26 69 17335
26 70 25054
26 71 31792
26 72 7340
26 73 9710
26 74 14027
26 75 12538
26 76 9475
26 77 11459
26 78 22699
26 79 15389
26 80 11190
26 81 17826
26 82 28952
26 83 27923
26 84 29666
26 85 20152
26 86 28182
26 87 13389
26 88 26594
26 89 16549
26 90 36090
26 91 30008
26 92 23885
26 93 22486
26 94 14790
26 95 16642
26 96 21157
26 97 18895
26 98 24790
26 99 23537
26 100 24840
26 101 21192
26 102 11824
26 103 24917
26 104 23531
26 105 1030
26 106 25671
26 107 35897
26 108 27707
26 109 5100
26 110 8759
26 111 8320
26 112 11262
26 113 31143
26 114 28503
26 115 13195
26 116 9943
26 117 18064
26 118 19239
26 119 31977
26 120 22862
26 121 15525
26 122 23516
26 123 32954
26 124 37645
26 125 30773
26 126 36896
26 127 20862
26 128 28382
26 129 19927
26 130 7353
26 131 33391
26 132 14662
26 133 13956
26 134 7345
26 135 30402
26 136 39313
26 137 12920
26 138 2798
26 139 16180
26 140 34827
26 141 29481
26 142 26850
26 143 43437
26 144 15830
26 145 14137
26 146 14847
26 147 16016
26 148 27118
26 149 -1085
26 150 9929
26 151 20591
26 152 6051
26 153 25554
26 154 -158
26 155 7840
26 156 15760
26 157 16819
26 158 13882
26 159 24867
26 160 28625
26 161 24750
26 162 20628
26 163 12490
26 164 19478
26 165 13975
26 166 19916
26 167 15035
26 168 38122
26 169 17440
26 170 17062
26 171 8597
26 172 20793
26 173 29727
26 174 32292
26 175 38645
26 176 11420
26 177 6801
26 178 10885
26 179 3569
26 180 5
26 181 30286
26 182 23821
26 183 14847
26 184 6717
26 185 18240
26 186 17747
26 187 16052
26 188 27662
26 189 29206
26 190 18916
26 191 29857
26 192 28445
26 193 25927
26 194 25833
26 195 -523
26 196 8509
26 197 10398
26 198 3084
26 199 31083
26 200 4069
27 1 7652
27 2 20618
27 3 17463
27 4 22865
27 5 15562
27 6 13889
27 7 16264
27 8 22217
27 9 19303
27 10 16298
27 11 22382
27 12 11866
27 13 11309
27 14 27596
27 15 24833
27 16 23611
27 17 25060
27 18 10982
27 19 20936
27 20 23070
27 21 19534
27 22 28054
27 23 25156
27 24 24412
27 25 30695
27 26 10497
27 28 5365
27 29 23016
27 30 13852
27 31 5929
27 32 19254
27 33 17838
27 34 23529
27 35 31482
27 36 29957
27 37 22733
27 38 34279
27 39 24483
27 40 13339
27 41 28324
27 42 26557
27 43 28286
27 44 29373
27 45 21096
27 46 23971
27 47 22051
27 48 13435
27 49 27534
27 50 10370
27 51 18267
27 52 7002
27 53 8339
27 54 18320
27 55 30761
27 56 29395
27 57 24800
27 58 11169
27 59 14987
27 60 18314
27 61 23397
27 62 15413
27 63 24962
27 64 20817
27 65 26613
27 66 18595
27 67 27511
27 68 13206
27 69 5827
27 70 13976
27 71 27551
27 72 20031
27 73 21370
27 74 26153
27 75 25324
27 76 10968
27 77 14443
27 78 24132
27 79 17165
27 80 19365
27 81 16239
27 82 15660
27 83 17356
27 84 21283
27 85 16242
27 86 23475
27 87 15667
27 88 12525
27 89 7198
27 90 23825
27 91 27055
27 92 21737
27 93 18172
27 94 11366
27 95 14629
27 96 16347
27 97 18434
27 98 22115
27 99 18737
27 100 23096
27 101 9949
27 102 9051
27 103 19615
27 104 18731
27 105 7210
27 106 11912
27 107 21825
27 108 15140
27 109 15869
27 110 22781
27 111 3989
27 112 6064
27 113 24373
27 114 16476
27 115 20573
27 116 13934
27 117 17539
27 118 10392
27 119 30570
27 120 20824
27 121 21790
27 122 14735
27 123 18826
27 124 24146
27 125 20011
27 126 23968
27 127 6865
27 128 19488
27 129 22075
27 130 20431
27 131 22648
27 132 3906
27 133 25884
27 134 17992
27 135 28749
27 136 36671
27 137 15904
27 138 8978
27 139 30317
27 140 33522
27 141 26116
27 142 28715
27 143 29358
27 144 20112
27 145 23521
27 146 2198
27 147 8722
27 148 13130
27 149 13001
27 150 18104
27 151 18443
27 152 10238
27 153 12118
27 154 6022
27 155 21982
27 156 9436
27 157 14231
27 158 16470
27 159 11221
27 160 18755
27 161 20365
27 162 8369
27 163 22229
27 164 19478
27 165 27332
27 166 9737
27 167 1068
27 168 24244
27 169 20841
27 170 31121
27 171 20028
27 172 23758
27 173 22501
27 174 20290
27 175 24600
27 176 3413
27 177 16912
27 178 17680
27 179 17530
27 180 11658
27 181 18425
27 182 9679
27 183 10034
27 184 10537
27 185 18240
27 186 31326
27 187 30194
27 188 20242
27 189 16281
27 190 5096
27 191 26916
27 192 27247
27 193 23231
27 194 11958
27 195 12505
27 196 11218
27 197 23742
27 198 16619
27 199 20214
27 200 -2111
28 1 8835
28 2 18499
28 3 12972
28 4 16604
28 5 20127
28 6 17211
28 7 22934
28 8 28613
28 9 17945
28 10 21177
28 11 28227
28 12 5275
28 13 11777
28 14 29023
28 15 23316
28 16 26950
28 17 30111
28 18 17195
28 19 27365
28 20 24428
28 21 14637
28 22 23726
28 23 19773
28 24 18081
28 25 24050
28 26 4417
28 27 3979
28 29 17484
28 30 16258
28 31 11308
28 32 22812
28 33 15414
28 34 19988
28 35 29554
28 36 36646
28 37 24752
28 38 36347
28 39 18347
28 40 9570
28 41 24607
28 42 26706
28 43 27860
28 44 31791
28 45 27041
28 46 30537
28 47 28745
28 48 20140
28 49 33978
28 50 8140
28 51 17935
28 52 13690
28 53 6330
28 54 11612
28 55 24081
28 56 23839
28 57 23211
28 58 9216
28 59 17581
28 60 23527
28 61 27159
28 62 21337
28 63 29807
28 64 26465
28 65 25986
28 66 19626
28 67 21318
28 68 7315
28 69 9317
28 70 17267
28 71 26828
28 72 15038
28 73 16896
28 74 21513
28 75 20325
28 76 6260
28 77 9611
28 78 20496
28 79 13172
28 80 13152
28 81 13849
28 82 22327
28 83 23143
28 84 26245
28 85 19224
28 86 27055
28 87 15602
28 88 18738
28 89 12035
28 90 28153
28 91 29678
28 92 23740
28 93 21247
28 94 13583
28 95 16377
28 96 19433
28 97 19590
28 98 24479
28 99 21926
28 100 25126
28 101 13307
28 102 6830
28 103 19359
28 104 21920
28 105 3101
28 106 18621
28 107 28003
28 108 19705
28 109 9189
28 110 16810
28 111 1041
28 112 8300
28 113 28779
28 114 22817
28 115 18139
28 116 8610
28 117 18550
28 118 15410
28 119 32620
28 120 18800
28 121 16303
28 122 16375
28 123 25347
28 124 30848
28 125 25955
28 126 28863
28 127 12987
28 128 21395
28 129 17971
28 130 13734
28 131 25828
28 132 6685
28 133 21390
28 134 11462
28 135 26703
28 136 35193
28 137 15149
28 138 2270
28 139 24087
28 140 35687
28 141 29037
28 142 29210
28 143 35939
28 144 19214
28 145 20330
28 146 8256
28 147 12679
28 148 19185
28 149 6711
28 150 11891
28 151 20446
28 152 8285
28 153 18793
28 154 -686
28 155 15721
28 156 11655
28 157 12014
28 158 11979
28 159 16824
28 160 21296
28 161 19654
28 162 12601
28 163 15865
28 164 16572
28 165 20645
28 166 15202
28 167 7226
28 168 30931
28 169 16388
28 170 24632
28 171 15755
28 172 23600
28 173 26989
28 174 26655
28 175 30725
28 176 3928
28 177 10349
28 178 15520
28 179 11063
28 180 6713
28 181 22465
28 182 16133
28 183 12821
28 184 5024
28 185 14984
28 186 25782
28 187 23908
28 188 21220
28 189 21160
28 190 10945
28 191 29617
28 192 29158
28 193 25717
28 194 18658
28 195 5879
28 196 6273
28 197 18357
28 198 11061
28 199 26144
28 200 -786
29 1 20877
29 2 35906
29 3 6334
29 4 18351
29 5 43649
29 6 40551
29 7 42957
29 8 51047
29 9 11144
29 10 34153
29 11 42876
29 12 11707
29 13 33511
29 14 50063
29 15 39727
29 16 49905
29 17 53645
29 18 40027
29 19 44854
29 20 25977
29 21 26242
29 22 33647
29 23 22924
29 24 1069
29 25 16662
29 26 18827
29 27 26340
29 28 22194
29 30 23236
29 31 27762
29 32 29877
29 33 11071
29 34 3026
29 35 16967
29 36 55929
29 37 46926
29 38 57823
29 39 17211
29 40 26939
29 41 35930
29 42 46474
29 43 45975
29 44 53931
29 45 50165
29 46 52305
29 47 48389
29 48 40346
29 49 50784
29 50 14198
29 51 17395
29 52 35472
29 53 28274
29 54 8488
29 55 17030
29 56 28061
29 57 40503
29 58 29382
29 59 40342
29 60 47016
29 61 50406
29 62 37399
29 63 40683
29 64 38974
29 65 15866
29 66 17186
29 67 17208
29 68 726
29 69 26006
29 70 28265
29 71 18868
29 72 24262
29 73 28688
29 74 31130
29 75 27560
29 76 11826
29 77 7240
29 78 5936
29 79 2976
29 80 7586
29 81 6826
29 82 43724
29 83 46392
29 84 49780
29 85 42069
29 86 50084
29 87 35847
29 88 36819
29 89 35541
29 90 37930
29 91 52184
29 92 46052
29 93 44223
29 94 36408
29 95 38714
29 96 42560
29 97 41257
29 98 46935
29 99 45038
29 100 47177
29 101 26575
29 102 8961
29 103 15264
29 104 45032
29 105 22863
29 106 39550
29 107 44097
29 108 31367
29 109 12484
29 110 22640
29 111 18941
29 112 31602
29 113 52232
29 114 45389
29 115 34762
29 116 8947
29 117 40344
29 118 38933
29 119 54411
29 120 9863
29 121 -3284
29 122 22977
29 123 43620
29 124 51485
29 125 49080
29 126 40070
29 127 31956
29 128 23978
29 129 6208
29 130 10166
29 131 31763
29 132 23504
29 133 30646
29 134 553
29 135 14376
29 136 23379
29 137 35392
29 138 18046
29 139 23121
29 140 57295
29 141 51651
29 142 49209
29 143 53907
29 144 38034
29 145 33864
29 146 31176
29 147 36178
29 148 36212
29 149 16569
29 150 6325
29 151 42758
29 152 28451
29 153 40357
29 154 15090
29 155 17468
29 156 35127
29 157 12328
29 158 5341
29 159 31826
29 160 26220
29 161 13047
29 162 27733
29 163 2050
29 164 2705
29 165 14058
29 166 38594
29 167 27660
29 168 50469
29 169 -994
29 170 18732
29 171 26796
29 172 43100
29 173 50486
29 174 49139
29 175 46494
29 176 18273
29 177 8073
29 178 32629
29 179 15507
29 180 21934
29 181 29584
29 182 34711
29 183 35983
29 184 9679
29 185 7921
29 186 29341
29 187 22134
29 188 21017
29 189 34136
29 190 28844
29 191 52086
29 192 50881
29 193 48137
29 194 39250
29 195 12916
29 196 8093
29 197 25001
29 198 19998
29 199 49281
29 200 22722
30 1 7880
30 2 40908
30 3 18060
30 4 37301
30 5 32252
30 6 33288
30 7 20597
30 8 31520
30 9 6019
30 10 5682
30 11 13843
30 12 22981
30 13 31899
30 14 47442
30 15 45380
30 16 41595
30 17 39535
30 18 24266
30 19 17652
30 20 3215
30 21 37484
30 22 46680
30 23 41854
30 24 29353
30 25 41809
30 26 26769
30 27 17887
30 28 21679
30 29 23947
30 31 5322
30 32 550
30 33 11469
30 34 15483
30 35 17482
30 36 29369
30 37 42454
30 38 53373
30 39 38946
30 40 32528
30 41 47628
30 42 47070
30 43 48870
30 44 48367
30 45 32524
30 46 29865
30 47 22915
30 48 16535
30 49 22151
30 50 11243
30 51 4683
30 52 19859
30 53 28274
30 54 29078
30 55 41570
30 56 45837
30 57 45302
30 58 31367
30 59 34433
30 60 34053
30 61 40986
30 62 10443
30 63 10690
30 64 8990
30 65 8612
30 66 -1441
30 67 41357
30 68 18583
30 69 11889
30 70 2851
30 71 10730
30 72 37751
30 73 39858
30 74 44379
30 75 42942
30 76 16951
30 77 17596
30 78 17968
30 79 14565
30 80 26170
30 81 7981
30 82 22648
30 83 30856
30 84 36663
30 85 35013
30 86 40779
30 87 36261
30 88 13650
30 89 25555
30 90 7932
30 91 46076
30 92 41581
30 93 37017
30 94 31402
30 95 34761
30 96 35552
30 97 38748
30 98 41570
30 99 37665
30 100 42706
30 101 6327
30 102 6621
30 103 2853
30 104 37659
30 105 26030
30 106 19282
30 107 15814
30 108 1999
30 109 27031
30 110 38464
30 111 16023
30 112 26531
30 113 40329
30 114 26676
30 115 40733
30 116 19377
30 117 37968
30 118 26547
30 119 49945
30 120 9516
30 121 23141
30 122 -44
30 123 17518
30 124 27584
30 125 31601
30 126 10112
30 127 13051
30 128 -1056
30 129 19356
30 130 31601
30 131 3066
30 132 11340
30 133 44290
30 134 25271
30 135 15485
30 136 21058
30 137 36489
30 138 23293
30 139 44509
30 140 52530
30 141 44576
30 142 49097
30 143 26167
30 144 40715
30 145 43266
30 146 21508
30 147 27681
30 148 10913
30 149 28294
30 150 24909
30 151 38287
30 152 30436
30 153 21459
30 154 20337
30 155 36418
30 156 30037
30 157 10345
30 158 17067
30 159 4233
30 160 -1721
30 161 4160
30 162 7665
30 163 28072
30 164 9776
30 165 38137
30 166 25787
30 167 14060
30 168 24972
30 169 17741
30 170 43500
30 171 38738
30 172 44339
30 173 38854
30 174 29251
30 175 17945
30 176 8964
30 177 26048
30 178 37963
30 179 31563
30 180 29665
30 181 561
30 182 10607
30 183 29836
30 184 17898
30 185 13907
30 186 47738
30 187 44083
30 188 826
30 189 5665
30 190 8058
30 191 45702
30 192 46800
30 193 42419
30 194 18305
30 195 26100
30 196 16188
30 197 40685
30 198 33409
30 199 32736
30 200 18384
31 1 7275
31 2 32846
31 3 21847
31 4 34581
31 5 20404
31 6 22551
31 7 9416
31 8 19885
31 9 16317
31 10 3744
31 11 10256
31 12 21550
31 13 22517
31 14 36484
31 15 36489
31 16 29870
31 17 27496
31 18 12261
31 19 10541
31 20 15249
31 21 32101
31 22 40703
31 23 37618
31 24 32011
31 25 41329
31 26 22432
31 27 9920
31 28 16685
31 29 28429
31 30 5278
31 32 7718
31 33 18205
31 34 24120
31 35 28485
31 36 21452
31 37 31571
31 38 41893
31 39 36352
31 40 25988
31 41 40915
31 42 37082
31 43 39038
31 44 36931
31 45 20680
31 46 19290
31 47 14011
31 48 6375
31 49 16905
31 50 13241
31 51 14437
31 52 8307
31 53 20959
31 54 28436
31 55 41190
31 56 41759
31 57 36652
31 58 23609
31 59 23459
31 60 22144
31 61 29217
31 62 3538
31 63 12343
31 64 8440
31 65 20634
31 66 10407
31 67 39290
31 68 20360
31 69 6357
31 70 5062
31 71 22471
31 72 32593
31 73 34008
31 74 38783
31 75 37899
31 76 17417
31 77 19965
31 78 25496
31 79 20062
31 80 27307
31 81 15909
31 82 11233
31 83 18815
31 84 24651
31 85 23610
31 86 28879
31 87 26712
31 88 2525
31 89 14622
31 90 11530
31 91 34729
31 92 30854
31 93 25698
31 94 21050
31 95 24397
31 96 24533
31 97 28538
31 98 30518
31 99 26450
31 100 31694
31 101 3783
31 102 10656
31 103 14391
31 104 26444
31 105 19800
31 106 7440
31 107 10423
31 108 2779
31 109 25804
31 110 34834
31 111 12474
31 112 17120
31 113 28315
31 114 14860
31 115 32898
31 116 20612
31 117 28026
31 118 14680
31 119 38695
31 120 19082
31 121 27289
31 122 8433
31 123 9142
31 124 17599
31 125 19725
31 126 11340
31 127 1554
31 128 10537
31 129 25018
31 130 30808
31 131 11607
31 132 6418
31 133 38529
31 134 26577
31 135 26175
31 136 32595
31 137 27673
31 138 19821
31 139 42062
31 140 41018
31 141 32962
31 142 38783
31 143 19575
31 144 31631
31 145 36011
31 146 12074
31 147 16797
31 148 1810
31 149 24720
31 150 26046
31 151 27560
31 152 22678
31 153 9459
31 154 16865
31 155 33698
31 156 21222
31 157 15308
31 158 20854
31 159 -1201
31 160 8922
31 161 15644
31 162 1492
31 163 30125
31 164 18973
31 165 37720
31 166 14045
31 167 4842
31 168 16076
31 169 23938
31 170 42323
31 171 32678
31 172 34617
31 173 26909
31 174 17762
31 175 13039
31 176 6590
31 177 26031
31 178 29902
31 179 28929
31 180 24169
31 181 6203
31 182 349
31 183 19358
31 184 18009
31 185 19962
31 186 43700
31 187 41850
31 188 12866
31 189 3727
31 190 -3848
31 191 34214
31 192 35676
31 193 31160
31 194 6603
31 195 23546
31 196 17454
31 197 36180
31 198 28952
31 199 20728
31 200 10353
32 1 17716
32 2 49618
32 3 28088
32 4 47505
32 5 37030
32 6 40009
32 7 22443
32 8 33107
32 9 12951
32 10 5978
32 11 8751
32 12 33217
32 13 39781
32 14 53838
32 15 53673
32 16 46604
32 17 42641
32 18 28632
32 19 14584
32 20 6914
32 21 47183
32 22 56272
32 23 51897
32 24 39341
32 25 52093
32 26 36617
32 27 26271
32 28 31215
32 29 33570
32 30 3532
32 31 10744
32 33 20964
32 34 23094
32 35 22229
32 36 25574
32 37 48978
32 38 58863
32 39 49187
32 40 41811
32 41 56984
32 42 54526
32 43 56471
32 44 53997
32 45 34477
32 46 29130
32 47 20633
32 48 16178
32 49 16240
32 50 21538
32 51 13267
32 52 25661
32 53 37172
32 54 39374
32 55 51856
32 56 55883
32 57 53719
32 58 40145
32 59 40854
32 60 38697
32 61 45916
32 62 9874
32 63 2879
32 64 299
32 65 8969
32 66 -2692
32 67 51641
32 68 28802
32 69 20638
32 70 11004
32 71 13965
32 72 47540
32 73 49445
32 74 54068
32 75 52788
32 76 27240
32 77 27818
32 78 26560
32 79 24170
32 80 36427
32 81 16826
32 82 24202
32 83 34418
32 84 40595
32 85 40764
32 86 45144
32 87 44058
32 88 16760
32 89 32073
32 90 1002
32 91 51907
32 92 48298
32 93 42931
32 94 38508
32 95 41859
32 96 41928
32 97 45994
32 98 47872
32 99 43760
32 100 49052
32 101 14900
32 102 16821
32 103 7924
32 104 43754
32 105 35349
32 106 22337
32 107 11593
32 108 841
32 109 37296
32 110 48538
32 111 25780
32 112 34336
32 113 44086
32 114 28857
32 115 49561
32 116 29662
32 117 45441
32 118 31328
32 119 55908
32 120 16996
32 121 32900
32 122 10242
32 123 15803
32 124 26505
32 125 33713
32 126 2910
32 127 19018
32 128 -426
32 129 28868
32 130 41896
32 131 -4421
32 132 20393
32 133 53948
32 134 35473
32 135 20940
32 136 24360
32 137 44752
32 138 33238
32 139 54755
32 140 57957
32 141 49842
32 142 56247
32 143 21353
32 144 48848
32 145 52391
32 146 29186
32 147 34244
32 148 12307
32 149 38321
32 150 35166
32 151 45004
32 152 39214
32 153 25037
32 154 30282
32 155 46622
32 156 38168
32 157 20410
32 158 27095
32 159 3651
32 160 -1890
32 161 8745
32 162 15369
32 163 38187
32 164 17119
32 165 48426
32 166 31024
32 167 21676
32 168 22784
32 169 26886
32 170 53796
32 171 48287
32 172 52017
32 173 43176
32 174 30340
32 175 13282
32 176 18698
32 177 36342
32 178 46680
32 179 41746
32 180 39271
32 181 -9735
32 182 11910
32 183 36821
32 184 28187
32 185 23465
32 186 57799
32 187 54345
32 188 3975
32 189 5961
32 190 13563
32 191 51248
32 192 52968
32 193 48399
32 194 21072
32 195 36262
32 196 26478
32 197 50632
32 198 43326
32 199 35728
32 200 26889
33 1 9204
33 2 36975
33 3 4127
33 4 26643
33 5 37110
33 6 35356
33 7 31297
33 8 40970
33 9 -735
33 10 20034
33 11 28695
33 12 13318
33 13 30966
33 14 48179
33 15 41804
33 16 45195
33 17 46239
33 18 31096
33 19 31485
33 20 11408
33 21 30158
33 22 39186
33 23 31888
33 24 14807
33 25 28815
33 26 19764
33 27 18904
33 28 17866
33 29 8813
33 30 8500
33 31 15280
33 32 15013
33 34 2357
33 35 10346
33 36 42993
33 37 43700
33 38 55360
33 39 27554
33 40 27495
33 41 40915
33 42 45880
33 43 46843
33 44 50628
33 45 41068
33 46 41172
33 47 35843
33 48 28375
33 49 36872
33 50 4288
33 51 2674
33 52 25972
33 53 25520
33 54 17068
33 55 28680
33 56 36108
33 57 41817
33 58 28197
33 59 36248
33 60 39589
33 61 45028
33 62 23932
33 63 25943
33 64 24244
33 65 7380
33 66 4126
33 67 29128
33 68 5524
33 69 15310
33 70 14343
33 71 8434
33 72 29695
33 73 32811
33 74 36621
33 75 34317
33 76 7596
33 77 5195
33 78 3496
33 79 -587
33 80 13449
33 81 -5346
33 82 32798
33 83 37928
33 84 42608
33 85 37703
33 86 45103
33 87 34782
33 88 24525
33 89 28808
33 90 23157
33 91 48384
33 92 42672
33 93 39649
33 94 32352
33 95 35359
33 96 37787
33 97 38736
33 98 43287
33 99 40231
33 100 44088
33 101 13783
33 102 -2592
33 103 2246
33 104 40225
33 105 21584
33 106 28648
33 107 30262
33 108 16945
33 109 16510
33 110 29006
33 111 12474
33 112 26852
33 113 45905
33 114 35591
33 115 36364
33 116 7950
33 117 37700
33 118 31785
33 119 51608
33 120 -390
33 121 8170
33 122 8433
33 123 30667
33 124 39599
33 125 40023
33 126 25377
33 127 20776
33 128 9356
33 129 4126
33 130 19506
33 131 16924
33 132 13353
33 133 36510
33 134 11682
33 135 7494
33 136 16083
33 137 34276
33 138 16586
33 139 33145
33 140 54662
33 141 47589
33 142 48411
33 143 40416
33 144 38183
33 145 37528
33 146 23734
33 147 30325
33 148 23262
33 149 19824
33 150 12188
33 151 39378
33 152 27266
33 153 30009
33 154 13630
33 155 25760
33 156 30018
33 157 -191
33 158 3134
33 159 18090
33 160 11384
33 161 1502
33 162 15397
33 163 14005
33 164 -2132
33 165 25358
33 166 30954
33 167 18137
33 168 37896
33 169 2530
33 170 30823
33 171 31593
33 172 42732
33 173 44042
33 174 39002
33 175 32547
33 176 8344
33 177 14142
33 178 33929
33 179 21526
33 180 23390
33 181 14761
33 182 22310
33 183 31289
33 184 7906
33 185 -1293
33 186 37827
33 187 32495
33 188 6838
33 189 20017
33 190 17003
33 191 48296
33 192 48185
33 193 44489
33 194 28082
33 195 16681
33 196 5291
33 197 31708
33 198 24998
33 199 40451
33 200 17648
34 1 21574
34 2 46033
34 3 10989
34 4 30982
34 5 49103
34 6 46917
34 7 43513
34 8 53332
34 9 2199
34 10 31037
34 11 39325
34 12 21055
34 13 41596
34 14 58808
34 15 50511
34 16 56787
34 17 58437
34 18 43416
34 19 42901
34 20 18505
34 21 37484
34 22 45675
34 23 35835
34 24 13998
34 25 29639
34 26 28371
34 27 30812
34 28 28657
34 29 6985
34 30 18731
34 31 27412
34 32 23360
34 33 8574
34 35 4143
34 36 54567
34 37 54742
34 38 66283
34 39 30236
34 40 36579
34 41 47816
34 42 55888
34 43 56232
34 44 61790
34 45 53427
34 46 53403
34 47 47675
34 48 40461
34 49 47638
34 50 16176
34 51 11742
34 52 38308
34 53 35997
34 54 20926
34 55 30066
34 56 40751
34 57 50843
34 58 38145
34 59 47551
34 60 51733
34 61 56779
34 62 35428
34 63 35376
34 64 33384
34 65 3013
34 66 6831
34 67 30127
34 68 10540
34 69 27667
34 70 25869
34 71 7206
34 72 36151
34 73 40089
34 74 43096
34 75 39941
34 76 17442
34 77 13166
34 78 496
34 79 4386
34 80 18277
34 81 1876
34 82 45106
34 83 50226
34 84 54744
34 85 49145
34 86 56806
34 87 44906
34 88 36640
34 89 40731
34 90 32586
34 91 59667
34 92 53736
34 93 51130
34 94 43565
34 95 46367
34 96 49275
34 97 49461
34 98 54477
34 99 51754
34 100 55109
34 101 25943
34 102 9496
34 103 6015
34 104 51748
34 105 31385
34 106 40981
34 107 41281
34 108 27492
34 109 23038
34 110 34712
34 111 23844
34 112 38169
34 113 57914
34 114 47960
34 115 45152
34 116 16010
34 117 48430
34 118 43881
34 119 62585
34 120 943
34 121 8058
34 122 19437
34 123 42372
34 124 51678
34 125 52380
34 126 35010
34 127 33124
34 128 16388
34 129 7622
34 130 22873
34 131 24884
34 132 25658
34 133 42778
34 134 13427
34 135 1825
34 136 10502
34 137 44325
34 138 26082
34 139 36109
34 140 65645
34 141 58996
34 142 58545
34 143 51610
34 144 47768
34 145 45227
34 146 35710
34 147 42057
34 148 35102
34 149 27215
34 150 17016
34 151 50442
34 152 37214
34 153 42374
34 154 23126
34 155 30099
34 156 41386
34 157 12014
34 158 9996
34 159 29402
34 160 19592
34 161 2491
34 162 27634
34 163 14994
34 164 -8822
34 165 27092
34 166 43104
34 167 30434
34 168 49724
34 169 297
34 170 31673
34 171 38525
34 172 52613
34 173 56042
34 174 51358
34 175 43436
34 176 20560
34 177 19290
34 178 42884
34 179 27287
34 180 31934
34 181 22165
34 182 34340
34 183 42693
34 184 16750
34 185 7059
34 186 42140
34 187 35150
34 188 12701
34 189 31020
34 190 29271
34 191 59604
34 192 59106
34 193 55714
34 194 40386
34 195 23632
34 196 14198
34 197 37307
34 198 31610
34 199 52787
34 200 28945
35 1 24038
35 2 53188
35 3 18388
35 4 40287
35 5 52606
35 6 51409
35 7 43777
35 8 54423
35 9 453
35 10 29059
35 11 36227
35 12 28751
35 13 47354
35 14 64540
35 15 57954
35 16 61122
35 17 61179
35 18 45721
35 19 40912
35 20 14144
35 21 45639
35 22 54302
35 23 45376
35 24 24065
35 25 39683
35 26 35712
35 27 34808
35 28 34266
35 29 16969
35 30 16773
35 31 27820
35 32 18538
35 33 12606
35 34 186
35 36 52574
35 37 59974
35 38 71632
35 39 40031
35 40 43669
35 41 56275
35 42 62277
35 43 63172
35 44 66824
35 45 55098
35 46 53340
35 47 46397
35 48 40037
35 49 44302
35 50 20561
35 51 11115
35 52 40648
35 53 41921
35 54 30220
35 55 40004
35 56 50043
35 57 58040
35 58 44567
35 59 52421
35 60 54811
35 61 60816
35 62 33941
35 63 31101
35 64 28235
35 65 -7149
35 66 -1127
35 67 40220
35 68 19108
35 69 30170
35 70 25365
35 71 -1350
35 72 44744
35 73 48296
35 74 51706
35 75 48907
35 76 23752
35 77 20361
35 78 8649
35 79 11784
35 80 27014
35 81 5427
35 82 45734
35 83 52579
35 84 57780
35 85 53771
35 86 60894
35 87 51180
35 88 36742
35 89 44536
35 90 28592
35 91 64538
35 92 58947
35 93 55704
35 94 48593
35 95 51663
35 96 53864
35 97 55101
35 98 59501
35 99 56271
35 100 60362
35 101 26852
35 102 13668
35 103 1249
35 104 56265
35 105 37911
35 106 41955
35 107 38662
35 108 24919
35 109 31322
35 110 43549
35 111 28808
35 112 43087
35 113 61288
35 114 49335
35 115 52498
35 116 23306
35 117 54068
35 118 47115
35 119 67881
35 120 1619
35 121 17738
35 122 18822
35 123 41007
35 124 51114
35 125 54109
35 126 30973
35 127 34552
35 128 11428
35 129 15443
35 130 32339
35 131 19885
35 132 28599
35 133 51498
35 134 23128
35 135 -4483
35 136 360
35 137 50665
35 138 32784
35 139 45822
35 140 70914
35 141 63650
35 142 64812
35 143 48948
35 144 54525
35 145 53264
35 146 39496
35 147 46245
35 148 34396
35 149 35234
35 150 25753
35 151 55653
35 152 43636
35 153 43771
35 154 29828
35 155 39404
35 156 46250
35 157 16052
35 158 17395
35 159 27680
35 160 15301
35 161 -3651
35 162 28674
35 163 24787
35 164 -4366
35 165 36959
35 166 46216
35 167 33216
35 168 48460
35 169 9710
35 170 41749
35 171 46930
35 172 59118
35 173 59488
35 174 52296
35 175 40611
35 176 23997
35 177 28047
35 178 50116
35 179 36029
35 180 39362
35 181 16041
35 182 34014
35 183 47445
35 184 23715
35 185 12879
35 186 51546
35 187 44929
35 188 7637
35 189 29042
35 190 30165
35 191 64425
35 192 64481
35 193 60676
35 194 41143
35 195 31813
35 196 21035
35 197 46249
35 198 40084
35 199 54833
35 200 33926
36 1 37357
36 2 51821
36 3 51929
36 4 60981
36 5 25897
36 6 37549
36 7 18827
36 8 15826
36 9 44019
36 10 23682
36 11 11909
36 12 50175
36 13 40320
36 14 43202
36 15 51195
36 16 32387
36 17 23587
36 18 22889
36 19 5652
36 20 39434
36 21 55901
36 22 62378
36 23 61226
36 24 61777
36 25 69265
36 26 48786
36 27 35859
36 28 43934
36 29 58507
36 30 31236
36 31 23363
36 32 24459
36 33 47829
36 34 53186
36 35 55150
36 37 41596
36 38 43263
36 39 62232
36 40 49190
36 41 60990
36 42 49276
36 43 50134
36 44 40861
36 45 14388
36 46 2015
36 47 -2123
36 48 1976
36 49 -3833
36 50 43318
36 51 42506
36 52 28690
36 53 44572
36 54 56858
36 55 69348
36 56 66144
36 57 53244
36 58 45216
36 59 34433
36 60 29357
36 61 32742
36 62 16409
36 63 21450
36 64 159
36 65 43171
36 66 31513
36 67 65234
36 68 50122
36 69 35883
36 70 33079
36 71 47521
36 72 56134
36 73 56780
36 74 61380
36 75 61019
36 76 47155
36 77 49954
36 78 55036
36 79 50050
36 80 56846
36 81 45165
36 82 12855
36 83 22085
36 84 26015
36 85 30566
36 86 27510
36 87 41976
36 88 22823
36 89 31557
36 90 26363
36 91 41067
36 92 42475
36 93 34222
36 94 36359
36 95 38481
36 96 36550
36 97 42240
36 98 39820
36 99 36690
36 100 40237
36 101 33686
36 102 40678
36 103 40364
36 104 36684
36 105 44445
36 106 19282
36 107 7916
36 108 21848
36 109 54308
36 110 60568
36 111 41201
36 112 37431
36 113 25960
36 114 13980
36 115 52158
36 116 50393
36 117 43405
36 118 21966
36 119 44012
36 120 47435
36 121 57358
36 122 36462
36 123 7649
36 124 4599
36 125 14501
36 126 21097
36 127 27894
36 128 32921
36 129 54994
36 130 59011
36 131 29718
36 132 35824
36 133 60534
36 134 55951
36 135 53356
36 136 58020
36 137 46071
36 138 47537
36 139 68284
36 140 42262
36 141 35883
36 142 49097
36 143 -4061
36 144 47617
36 145 55457
36 146 35656
36 147 32151
36 148 18639
36 149 51345
36 150 55585
36 151 39181
36 152 44285
36 153 21459
36 154 44581
36 155 60098
36 156 43571
36 157 45234
36 158 50936
36 159 14218
36 160 30750
36 161 41584
36 162 31574
36 163 59770
36 164 47647
36 165 65918
36 166 25787
36 167 31482
36 168 1777
36 169 53869
36 170 69477
36 171 54600
36 172 48071
36 173 28910
36 174 9850
36 175 10124
36 176 36365
36 177 55065
36 178 48680
36 179 55972
36 180 48796
36 181 15324
36 182 12484
36 183 35026
36 184 47537
36 185 49814
36 186 67954
36 187 68249
36 188 37004
36 189 23665
36 190 23648
36 191 38536
36 192 42247
36 193 38235
36 194 18305
36 195 51081
36 196 47295
36 197 60382
36 198 53905
36 199 21293
36 200 34289
37 1 32640
37 2 12915
37 3 39859
37 4 29581
37 5 4381
37 6 10927
37 7 28236
37 8 22118
37 9 44170
37 10 36913
37 11 38227
37 12 29596
37 13 6678
37 14 2720
37 15 7506
37 16 1595
37 17 11465
37 18 15982
37 19 32963
37 20 47622
37 21 22173
37 22 23357
37 23 22924
37 24 41432
37 25 39639
37 26 23281
37 27 22271
37 28 25676
37 29 43140
37 30 37957
37 31 27118
37 32 41499
37 33 42172
37 34 46997
37 35 56186
37 36 35232
37 38 9394
37 39 27738
37 40 18144
37 41 20144
37 42 5418
37 43 6652
37 44 4806
37 45 14831
37 46 23302
37 47 28613
37 48 21132
37 49 37223
37 50 34662
37 51 43265
37 52 22500
37 53 19367
37 54 31802
37 55 41109
37 56 30064
37 57 11062
37 58 14221
37 59 -2150
37 60 13658
37 61 4323
37 62 32528
37 63 44376
37 64 35977
37 65 51612
37 66 43163
37 67 29423
37 68 32888
37 69 30453
37 70 37663
37 71 52547
37 72 20493
37 73 20859
37 74 23924
37 75 23486
37 76 33227
37 77 36419
37 78 47506
37 79 40156
37 80 37964
37 81 40621
37 82 21929
37 83 14171
37 84 9864
37 85 -5459
37 86 1587
37 87 826
37 88 30083
37 89 13057
37 90 44800
37 91 3154
37 92 2361
37 93 -701
37 94 4775
37 95 2164
37 96 5242
37 97 2062
37 98 -1310
37 99 4219
37 100 -1879
37 101 34018
37 102 33420
37 103 44610
37 104 4213
37 105 18391
37 106 23279
37 107 35724
37 108 36196
37 109 32024
37 110 28958
37 111 27332
37 112 13399
37 113 6643
37 114 16798
37 115 13044
37 116 35180
37 117 6367
37 118 4421
37 119 5641
37 120 45437
37 121 42129
37 122 39396
37 123 30547
37 124 28775
37 125 14144
37 126 43356
37 127 27163
37 128 43654
37 129 44925
37 130 32650
37 131 45444
37 132 28821
37 133 21788
37 134 34078
37 135 53389
37 136 61552
37 137 9822
37 138 26953
37 139 34981
37 140 8697
37 141 2585
37 142 5659
37 143 37426
37 144 5797
37 145 14727
37 146 21508
37 147 8916
37 148 30457
37 149 24429
37 150 36703
37 151 -933
37 152 13290
37 153 22272
37 154 23997
37 155 28698
37 156 22216
37 157 38629
37 158 38866
37 159 29656
37 160 42439
37 161 45358
37 162 31807
37 163 39368
37 164 43545
37 165 38137
37 166 11208
37 167 23891
37 168 31358
37 169 43159
37 170 37051
37 171 16568
37 172 4518
37 173 7710
37 174 18550
37 175 38702
37 176 28350
37 177 33727
37 178 9204
37 179 28065
37 180 19303
37 181 39273
37 182 24355
37 183 6638
37 184 31593
37 185 41977
37 186 31255
37 187 35150
37 188 44945
37 189 36896
37 190 25539
37 191 2933
37 192 2255
37 193 -966
37 194 23851
37 195 26100
37 196 33106
37 197 25001
37 198 21615
37 199 16825
37 200 14102
38 1 53686
38 2 29929
38 3 60878
38 4 46783
38 5 20127
38 6 31763
38 7 45670
38 8 35366
38 9 65349
38 10 56097
38 11 55074
38 12 50138
38 13 27514
38 14 2720
38 15 14478
38 16 7406
38 17 18437
38 18 34061
38 19 48554
38 20 68255
38 21 39893
38 22 36742
38 23 34845
38 24 61080
38 25 56486
38 26 43525
38 27 43369
38 28 46823
38 29 63589
38 30 58428
38 31 46992
38 32 60936
38 33 63384
38 34 68090
38 35 77396
38 36 46451
38 37 18946
38 39 42390
38 40 37839
38 41 31644
38 42 16722
38 43 7500
38 44 4806
38 45 25042
38 46 33120
38 47 41754
38 48 36051
38 49 50231
38 50 55875
38 51 64347
38 52 42367
38 53 40350
38 54 50994
38 55 58733
38 56 44616
38 57 24533
38 58 34576
38 59 18566
38 60 30725
38 61 15627
38 62 50621
38 63 62555
38 64 51449
38 65 72640
38 66 63742
38 67 42087
38 68 53476
38 69 51349
38 70 58059
38 71 73630
38 72 36615
38 73 37476
38 74 38771
38 75 37529
38 76 54315
38 77 57416
38 78 68606
38 79 61232
38 80 58360
38 81 61833
38 82 37644
38 83 29385
38 84 22334
38 85 10317
38 86 -1500
38 87 19000
38 88 49003
38 89 33522
38 90 63761
38 91 15260
38 92 23575
38 93 17849
38 94 25969
38 95 23347
38 96 25765
38 97 22575
38 98 18536
38 99 24026
38 100 13678
38 101 54642
38 102 54633
38 103 65636
38 104 24020
38 105 39042
38 106 41204
38 107 51847
38 108 55429
38 109 52192
38 110 46645
38 111 48542
38 112 34603
38 113 10832
38 114 31045
38 115 29446
38 116 56108
38 117 27176
38 118 21542
38 119 7056
38 120 66649
38 121 62672
38 122 60170
38 123 46482
38 124 41695
38 125 25001
38 126 61579
38 127 47170
38 128 64047
38 129 65973
38 130 51396
38 131 65133
38 132 49829
38 133 35235
38 134 53676
38 135 74601
38 136 82731
38 137 29562
38 138 47798
38 139 50580
38 140 -10821
38 141 5145
38 142 12372
38 143 49939
38 144 21543
38 145 27622
38 146 42453
38 147 29517
38 148 48954
38 149 44074
38 150 57099
38 151 20281
38 152 33645
38 153 40333
38 154 44842
38 155 45900
38 156 43422
38 157 59843
38 158 59885
38 159 48137
38 160 62607
38 161 66451
38 162 52287
38 163 59183
38 164 64728
38 165 56030
38 166 30063
38 167 44606
38 168 44872
38 169 64081
38 170 52321
38 171 31380
38 172 17770
38 173 19438
38 174 30183
38 175 54808
38 176 49490
38 177 53832
38 178 25633
38 179 46985
38 180 38950
38 181 57814
38 182 42216
38 183 27711
38 184 52546
38 185 63147
38 186 45069
38 187 50741
38 188 65667
38 189 56080
38 190 45394
38 191 8281
38 192 7899
38 193 12715
38 194 41713
38 195 45955
38 196 54127
38 197 40685
38 198 39477
38 199 30861
38 200 35315
39 1 38428
39 2 23113
39 3 30224
39 4 4015
39 5 41667
39 6 39104
39 7 53408
39 8 55868
39 9 39279
39 10 52286
39 11 59627
39 12 21135
39 13 28194
39 14 36584
39 15 20284
39 16 42231
39 17 51308
39 18 44808
39 19 58447
39 20 51226
39 21 14173
39 22 11564
39 23 -6553
39 24 17535
39 25 4073
39 26 19786
39 27 34808
39 28 30058
39 29 24212
39 30 45236
39 31 42686
39 32 52495
39 33 36813
39 34 33278
39 35 47030
39 36 66655
39 37 38525
39 38 43625
39 40 21382
39 41 13272
39 42 32474
39 43 27468
39 44 43030
39 45 51960
39 46 58279
39 47 58784
39 48 50092
39 49 65018
39 50 33814
39 51 42760
39 52 43735
39 53 28952
39 54 10986
39 55 9406
39 56 3108
39 57 24640
39 58 24918
39 59 34531
39 60 47641
39 61 44856
39 62 52730
39 63 60742
39 64 57815
39 65 45840
39 66 44732
39 67 -10014
39 68 19477
39 69 40428
39 70 47500
39 71 48022
39 72 6799
39 73 13435
39 74 11034
39 75 4167
39 76 28779
39 77 27975
39 78 35508
39 79 29881
39 80 23470
39 81 34123
39 82 51479
39 83 48498
39 84 48206
39 85 35191
39 86 41783
39 87 25138
39 88 50023
39 89 37951
39 90 58707
39 91 43596
39 92 38827
39 93 38508
39 94 32717
39 95 32761
39 96 38815
39 97 33102
39 98 39252
39 99 40598
39 100 37719
39 101 43924
39 102 31009
39 103 42816
39 104 40592
39 105 22937
39 106 48662
39 107 59327
39 108 50580
39 109 19956
39 110 10670
39 111 31050
39 112 32348
39 113 47347
39 114 49993
39 115 20883
39 116 26988
39 117 33536
39 118 38933
39 119 42753
39 120 38497
39 121 24783
39 122 44816
39 123 56267
39 124 60204
39 125 50974
39 126 59848
39 127 44292
39 128 48895
39 129 33779
39 130 9144
39 131 55044
39 132 37695
39 133 8073
39 134 12090
39 135 44320
39 136 53439
39 137 27388
39 138 25257
39 139 -1176
39 140 43505
39 141 42394
39 142 34660
39 143 66629
39 144 24767
39 145 14351
39 146 37933
39 147 36227
39 148 50546
39 149 15309
39 150 22209
39 151 35533
39 152 23987
39 153 48340
39 154 22301
39 155 3132
39 156 37939
39 157 35497
39 158 29231
39 159 48206
39 160 49864
39 161 41584
39 162 43694
39 163 17857
39 164 32616
39 165 8113
39 166 40970
39 167 38465
39 168 61072
39 169 28737
39 170 -3014
39 171 7599
39 172 29313
39 173 47214
39 174 53530
39 175 62076
39 176 33877
39 177 18592
39 178 18998
39 179 11632
39 180 17556
39 181 52467
39 182 47196
39 183 33834
39 184 25269
39 185 34207
39 186 2140
39 187 -2161
39 188 47149
39 189 52269
39 190 42331
39 191 42649
39 192 39489
39 193 39464
39 194 48908
39 195 15068
39 196 26414
39 197 5027
39 198 8597
39 199 51716
39 200 26860
40 1 20856
40 2 7052
40 3 21847
40 4 10392
40 5 18696
40 6 15558
40 7 30252
40 8 32024
40 9 29098
40 10 32083
40 11 37948
40 12 10197
40 13 5498
40 14 20695
40 15 11839
40 16 22009
40 17 28792
40 18 20982
40 19 35664
40 20 36455
40 21 4244
40 22 12242
40 23 9845
40 24 20924
40 25 20134
40 26 3426
40 27 13082
40 28 10699
40 29 23358
40 30 28236
40 31 21740
40 32 34537
40 33 26172
40 34 29039
40 35 40086
40 36 43031
40 37 18349
40 38 28492
40 39 10800
40 41 12701
40 42 17090
40 43 17192
40 44 25005
40 45 28428
40 46 34433
40 47 35219
40 48 26559
40 49 42041
40 50 19565
40 51 29668
40 52 20662
40 53 5827
40 54 11187
40 55 21091
40 56 14493
40 57 11904
40 58 1256
40 59 12753
40 60 24038
40 61 23397
40 62 30992
40 63 40759
40 64 36455
40 65 37271
40 66 31584
40 67 13688
40 68 13442
40 69 20751
40 70 28996
40 71 38181
40 72 4600
40 73 5616
40 74 10414
40 75 9765
40 76 16061
40 77 18399
40 78 29701
40 79 22357
40 80 18152
40 81 24476
40 82 27772
40 83 24779
40 84 25265
40 85 14256
40 86 22136
40 87 6472
40 88 27939
40 89 14107
40 90 39483
40 91 23765
40 92 17781
40 93 16850
40 94 9697
40 95 10794
40 96 16073
40 97 12487
40 98 18654
40 99 18244
40 100 18380
40 101 24949
40 102 18040
40 103 31008
40 104 18238
40 105 1030
40 106 25329
40 107 37037
40 108 30858
40 109 11906
40 110 9647
40 111 13043
40 112 8522
40 113 25832
40 114 26146
40 115 6401
40 116 16905
40 117 11904
40 118 15431
40 119 25289
40 120 29520
40 121 22519
40 122 28412
40 123 33331
40 124 36468
40 125 27408
40 126 39770
40 127 22511
40 128 33435
40 129 26929
40 130 12122
40 131 37681
40 132 18293
40 133 10086
40 134 13538
40 135 37190
40 136 46009
40 137 6200
40 138 8978
40 139 17133
40 140 28004
40 141 23193
40 142 19816
40 143 43341
40 144 8759
40 145 8289
40 146 15161
40 147 12469
40 148 28643
40 149 3853
40 150 16891
40 151 14487
40 152 325
40 153 24838
40 154 6022
40 155 9509
40 156 14513
40 157 23129
40 158 20854
40 159 26967
40 160 33279
40 161 31069
40 162 23845
40 163 18936
40 164 26405
40 165 17970
40 166 17131
40 167 16844
40 168 37556
40 169 24509
40 170 18892
40 171 4217
40 172 13737
40 173 24823
40 174 29720
40 175 39877
40 176 15952
40 177 13524
40 178 3976
40 179 7549
40 180 -1305
40 181 33991
40 182 24581
40 183 10381
40 184 13565
40 185 25034
40 186 16333
40 187 17200
40 188 33199
40 189 32066
40 190 20842
40 191 23509
40 192 21758
40 193 19650
40 194 25666
40 195 5657
40 196 15341
40 197 8729
40 198 2541
40 199 27998
40 200 4069
41 1 38847
41 2 9825
41 3 37009
41 4 12966
41 5 28669
41 6 28348
41 7 46537
41 8 45204
41 9 45590
41 10 50024
41 11 55259
41 12 25175
41 13 17131
41 14 18706
41 15 1644
41 16 26135
41 17 37003
41 18 35643
41 19 52133
41 20 54222
41 21 10515
41 22 674
41 23 -2002
41 24 30233
41 25 21059
41 26 19550
41 27 31005
41 28 28674
41 29 35287
41 30 46274
41 31 39605
41 32 52648
41 33 42530
41 34 43214
41 35 55630
41 36 57769
41 37 23287
41 38 25235
41 39 5628
41 40 15639
41 42 15156
41 43 8805
41 44 25769
41 45 39535
41 46 47295
41 47 50307
41 48 41910
41 49 58054
41 50 36789
41 51 46941
41 52 37458
41 53 23634
41 54 20350
41 55 24405
41 56 8191
41 57 7820
41 58 17058
41 59 20746
41 60 36137
41 61 29861
41 62 48401
41 63 58668
41 64 53785
41 65 53610
41 66 49118
41 67 5167
41 68 27110
41 69 38858
41 70 47105
41 71 54759
41 72 3494
41 73 6870
41 74 4209
41 75 1184
41 76 32519
41 77 33838
41 78 44343
41 79 37414
41 80 31258
41 81 40591
41 82 42730
41 83 37180
41 84 34856
41 85 20086
41 86 25022
41 87 10384
41 88 45285
41 89 29151
41 90 57530
41 91 27602
41 92 24533
41 93 24238
41 94 21167
41 95 19803
41 96 26246
41 97 18986
41 98 24202
41 99 27288
41 100 21694
41 101 43060
41 102 34987
41 103 48075
41 104 27282
41 105 19117
41 106 41437
41 107 53946
41 108 48868
41 109 25341
41 110 14585
41 111 30918
41 112 24433
41 113 31978
41 114 39487
41 115 7369
41 116 32345
41 117 20683
41 118 27148
41 119 25356
41 120 45559
41 121 35027
41 122 46350
41 123 49687
41 124 50999
41 125 38695
41 126 57665
41 127 40151
41 128 51336
41 129 41734
41 130 19623
41 131 55780
41 132 36403
41 133 -1069
41 134 23268
41 135 52745
41 136 61820
41 137 15684
41 138 25958
41 139 14450
41 140 25193
41 141 25671
41 142 16822
41 143 58895
41 144 9039
41 145 -2501
41 146 32562
41 147 26148
41 148 46024
41 149 17149
41 150 29997
41 151 21239
41 152 16127
41 153 40669
41 154 23002
41 155 12083
41 156 31571
41 157 39941
41 158 36016
41 159 44603
41 160 51313
41 161 47788
41 162 41922
41 163 29179
41 164 41424
41 165 22196
41 166 30982
41 167 34675
41 168 52791
41 169 38299
41 170 15661
41 171 -2107
41 172 12386
41 173 33111
41 174 42340
41 175 56841
41 176 33941
41 177 25998
41 178 5082
41 179 16978
41 180 14559
41 181 52074
41 182 41454
41 183 23024
41 184 29493
41 185 40801
41 186 8184
41 187 14537
41 188 50817
41 189 50007
41 190 38559
41 191 26012
41 192 22338
41 193 23547
41 194 41898
41 195 18829
41 196 31232
41 197 5901
41 198 8829
41 199 40266
41 200 21751
42 1 37554
42 2 9701
42 3 42124
42 4 26597
42 5 13326
42 6 17775
42 7 36446
42 8 31053
42 9 48159
42 10 44056
42 11 46378
42 12 30768
42 13 9816
42 14 760
42 15 -1302
42 16 7720
42 17 19610
42 18 24266
42 19 41488
42 20 53153
42 21 19645
42 22 17526
42 23 16625
42 24 41009
42 25 36412
42 26 24014
42 27 27354
42 28 28889
42 29 43947
42 30 43832
42 31 33888
42 32 48306
42 33 45611
42 34 49402
42 35 59748
42 36 44171
42 37 6677
42 38 8429
42 39 22946
42 40 18144
42 41 13272
42 43 -1556
42 44 7142
42 45 23650
42 46 32205
42 47 37485
42 48 29860
42 49 46045
42 50 38359
42 51 47818
42 52 29603
42 53 22141
42 54 30844
42 55 38526
42 56 25108
42 57 4640
42 58 15572
42 59 6096
42 60 22427
42 61 12350
42 62 40318
42 63 51958
42 64 44378
42 65 56102
42 66 48672
42 67 23653
42 68 34051
42 69 35883
42 70 43731
42 71 56942
42 72 16543
42 73 17288
42 74 19021
42 75 18142
42 76 35877
42 77 38645
42 78 49985
42 79 42592
42 80 38760
42 81 44028
42 82 30609
42 83 23069
42 84 18673
42 85 2875
42 86 6343
42 87 -209
42 88 37575
42 89 19989
42 90 51974
42 91 9457
42 92 9731
42 93 8243
42 94 10688
42 95 7803
42 96 13095
42 97 6018
42 98 7572
42 99 12779
42 100 3778
42 101 39842
42 102 37062
42 103 49263
42 104 12773
42 105 20113
42 106 31388
42 107 44097
42 108 43267
42 109 32484
42 110 26402
42 111 31050
42 112 18310
42 113 13854
42 114 25700
42 115 9201
42 116 37216
42 117 10153
42 118 13215
42 119 6787
42 120 49012
42 121 43131
42 122 44816
42 123 39037
42 124 37680
42 125 23004
42 126 50928
42 127 33928
42 128 49517
42 129 47241
42 130 31173
42 131 52043
42 132 33968
42 133 16022
42 134 33610
42 135 56881
42 136 65425
42 137 10462
42 138 28943
42 139 30790
42 140 8104
42 141 7011
42 142 -785
42 143 46301
42 144 1325
42 145 8389
42 146 27196
42 147 15941
42 148 38114
42 149 24153
42 150 37499
42 151 6437
42 152 14641
42 153 30388
42 154 25987
42 155 25714
42 156 26881
42 157 42246
42 158 41131
42 159 37240
42 160 48600
42 161 49749
42 162 37891
42 163 39188
42 164 46470
42 165 35797
42 166 19364
42 167 29838
42 168 40202
42 169 45026
42 170 32709
42 171 11593
42 172 -2466
42 173 16284
42 174 27485
42 175 47069
42 176 32941
42 177 34044
42 178 5385
42 179 26812
42 180 19134
42 181 46585
42 182 32343
42 183 12938
42 184 33747
42 185 44920
42 186 25882
42 187 30964
42 188 50300
42 189 44039
42 190 32387
42 191 7389
42 192 3665
42 193 5541
42 194 31958
42 195 26100
42 196 35454
42 197 20760
42 198 19229
42 199 25763
42 200 18384
43 1 46231
43 2 16057
43 3 49649
43 4 30816
43 5 21361
43 6 26821
43 7 45332
43 8 39097
43 9 56387
43 10 53110
43 11 55300
43 12 37924
43 13 18585
43 14 2170
43 15 -3242
43 16 12996
43 17 25887
43 18 33103
43 19 50211
43 20 61932
43 21 24976
43 22 19518
43 23 16907
43 24 46800
43 25 39949
43 26 31183
43 27 36168
43 28 37128
43 29 50533
43 30 52717
43 31 42929
43 32 57336
43 33 53659
43 34 56831
43 35 67728
43 36 52114
43 37 14996
43 38 6292
43 39 25025
43 40 25331
43 41 14006
43 42 5529
43 44 10268
43 45 30937
43 46 39674
43 47 45748
43 48 38385
43 49 54409
43 50 46598
43 51 56299
43 52 38658
43 53 30424
43 54 36525
43 55 42725
43 56 27429
43 57 9368
43 58 23553
43 59 14822
43 60 30915
43 61 19086
43 62 49327
43 63 61000
43 64 53189
43 65 64457
43 66 57421
43 67 24132
43 68 41018
43 69 44721
43 70 52669
43 71 65297
43 72 20493
43 73 21911
43 74 22078
43 75 20325
43 76 43698
43 77 46195
43 78 57504
43 79 50156
43 80 45533
43 81 52034
43 82 39191
43 83 31314
43 84 26114
43 85 10317
43 86 9669
43 87 8391
43 88 46617
43 89 29042
43 90 61028
43 91 15944
43 92 18559
43 93 16414
43 94 19742
43 95 16856
43 96 21983
43 97 15074
43 98 15715
43 99 21414
43 100 11104
43 101 48744
43 102 45247
43 103 57747
43 104 21408
43 105 27936
43 106 40305
43 107 52918
43 108 52319
43 109 39209
43 110 31229
43 111 39403
43 112 27203
43 113 19257
43 114 33911
43 115 14937
43 116 44707
43 117 19147
43 118 21673
43 119 9884
43 120 57060
43 121 49870
43 122 53595
43 123 47783
43 124 45844
43 125 30424
43 126 59971
43 127 42972
43 128 58380
43 129 54732
43 130 36449
43 131 61048
43 132 42739
43 133 17973
43 134 39481
43 135 64842
43 136 73535
43 137 18680
43 138 36631
43 139 33609
43 140 6427
43 141 11250
43 142 2889
43 143 54539
43 144 8509
43 145 10720
43 146 36144
43 147 24985
43 148 47140
43 149 30664
43 150 44272
43 151 15265
43 152 22622
43 153 39300
43 154 33675
43 155 29933
43 156 35684
43 157 50406
43 158 48656
43 159 46277
43 160 57532
43 161 58120
43 162 46846
43 163 45218
43 164 54183
43 165 40241
43 166 28238
43 167 38798
43 168 48533
43 169 52229
43 170 35046
43 171 14827
43 172 5738
43 173 23399
43 174 35211
43 175 55894
43 176 41543
43 177 40584
43 178 11372
43 179 32521
43 180 26013
43 181 55640
43 182 41304
43 183 21994
43 184 41341
43 185 52738
43 186 27595
43 187 33736
43 188 59023
43 189 53093
43 190 41434
43 191 12193
43 192 8046
43 193 12375
43 194 40877
43 195 32661
43 196 43103
43 197 24134
43 198 24403
43 199 33815
43 200 27065
44 1 42933
44 2 21805
44 3 50671
44 4 38988
44 5 9693
44 6 21007
44 7 35344
44 8 26055
44 9 54674
44 10 45451
44 11 45015
44 12 40349
44 13 17452
44 14 -2803
44 15 10502
44 16 -2322
44 17 10525
44 18 23496
44 19 38826
44 20 57438
44 21 31698
44 22 30665
44 23 29756
44 24 51938
44 25 48971
44 26 33932
44 27 32655
44 28 36459
44 29 53889
44 30 47614
44 31 36222
44 32 50262
44 33 52844
44 34 57789
44 35 66780
44 36 38241
44 37 8550
44 38 -1002
44 39 35987
44 40 28544
44 41 26370
44 42 9627
44 43 5668
44 45 16542
44 46 25186
44 47 32773
44 48 26428
44 49 41454
44 50 45314
44 51 53601
44 52 31579
44 53 30183
44 54 42107
44 55 50777
44 56 38156
44 57 17735
44 58 24864
44 59 7869
44 60 20221
44 61 5429
44 62 40198
44 63 52159
44 64 41885
44 65 61865
44 66 52926
44 67 36806
44 68 43660
44 69 40559
44 70 47247
44 71 62879
44 72 29254
44 73 29808
44 74 32012
44 75 31240
44 76 44028
44 77 47234
44 78 58297
44 79 50957
44 80 48689
44 81 51290
44 82 27712
44 83 19338
44 84 12651
44 85 -497
44 86 -6476
44 87 10044
44 88 38378
44 89 22709
44 90 53178
44 91 4458
44 92 13134
44 93 7034
44 94 15404
44 95 12966
44 96 14991
44 97 12615
44 98 7906
44 99 13219
44 100 3355
44 101 43826
44 102 44070
44 103 54865
44 104 13213
44 105 29151
44 106 30742
44 107 41985
44 108 44779
44 109 42672
44 110 38550
44 111 38028
44 112 24027
44 113 3362
44 114 21407
44 115 21632
44 116 45997
44 117 17109
44 118 11004
44 119 -2022
44 120 56054
44 121 52897
44 122 49359
44 123 36621
44 124 32717
44 125 16271
44 126 51169
44 127 36380
44 128 53239
44 129 55732
44 130 42776
44 131 54415
44 132 39067
44 133 29159
44 134 44554
44 135 64006
44 136 72050
44 137 20128
44 138 37760
44 139 43672
44 140 -1821
44 141 -4693
44 142 6379
44 143 41298
44 144 13643
44 145 21540
44 146 31686
44 147 18720
44 148 38426
44 149 34869
44 150 47428
44 151 9840
44 152 23933
44 153 29825
44 154 34804
44 155 38105
44 156 32843
44 157 49278
44 158 49678
44 159 37631
44 160 51819
44 161 55706
44 162 41471
44 163 49924
44 164 54280
44 165 47918
44 166 19343
44 167 33798
44 168 35763
44 169 53975
44 170 45661
44 171 24583
44 172 10331
44 173 9668
44 174 21405
44 175 44959
44 176 38791
44 177 44363
44 178 17763
44 179 38227
44 180 29709
44 181 47349
44 182 31816
44 183 17034
44 184 42409
44 185 52730
44 186 39001
44 187 43849
44 188 54852
44 189 45434
44 190 34622
44 191 -2449
44 192 -1555
44 193 1982
44 194 31273
44 195 36631
44 196 43919
44 197 33600
44 198 31253
44 199 21148
44 200 24779
45 1 33523
45 2 33423
45 3 46344
45 4 46783
45 5 5243
45 6 20363
45 7 16675
45 8 3441
45 9 44731
45 10 28240
45 11 23641
45 12 40157
45 13 22793
45 14 20951
45 15 30282
45 16 10034
45 17 1499
45 18 10124
45 19 16422
45 20 43578
45 21 40126
45 22 44441
45 23 43921
45 24 53074
45 25 56324
45 26 36167
45 27 26340
45 28 33671
45 29 52085
45 30 33733
45 31 21933
45 32 32704
45 33 45246
45 34 51388
45 35 57016
45 36 13730
45 37 20537
45 38 21196
45 39 46879
45 40 33929
45 41 42098
45 42 28097
45 43 28299
45 44 18504
45 46 785
45 47 8777
45 48 4027
45 49 17223
45 50 38454
45 51 42887
45 52 20045
45 53 30899
45 54 45511
45 55 56945
45 56 49820
45 57 33410
45 58 29444
45 59 14245
45 60 11045
45 61 10611
45 62 21225
45 63 32322
45 64 18783
45 65 49051
45 66 38192
45 67 49441
45 68 42192
45 69 30827
45 70 33698
45 71 51111
45 72 39728
45 73 40089
45 74 44168
45 75 43896
45 76 40012
45 77 43460
45 78 52250
45 79 45727
45 80 48162
45 81 43372
45 82 7198
45 83 4205
45 84 4253
45 85 8937
45 86 5562
45 87 22312
45 88 21938
45 89 17126
45 90 34818
45 91 19079
45 92 22160
45 93 13266
45 94 18380
45 95 19362
45 96 17378
45 97 22458
45 98 18677
45 99 16658
45 100 18617
45 101 31798
45 102 36793
45 103 43043
45 104 16652
45 105 30958
45 106 13753
45 107 19932
45 108 27434
45 109 43755
45 110 46046
45 111 33043
45 112 22830
45 113 3870
45 114 600
45 115 33754
45 116 43003
45 117 24558
45 118 3162
45 119 21704
45 120 47180
45 121 50859
45 122 37056
45 123 14802
45 124 8741
45 125 -7060
45 126 31468
45 127 23431
45 128 38339
45 129 50676
45 130 47162
45 131 37420
45 132 30183
45 133 42757
45 134 46293
45 135 54608
45 136 61245
45 137 28185
45 138 36913
45 139 53437
45 140 20195
45 141 13523
45 142 27374
45 143 16958
45 144 27859
45 145 36534
45 146 25055
45 147 15841
45 148 20597
45 149 38483
45 150 46901
45 151 18866
45 152 28513
45 153 13805
45 154 33957
45 155 45900
45 156 30406
45 157 41810
45 158 45351
45 159 19197
45 160 36324
45 161 44295
45 162 29149
45 163 50850
45 164 46707
45 165 53670
45 166 10310
45 167 24255
45 168 11963
45 169 49567
45 170 55283
45 171 37054
45 172 27314
45 173 6848
45 174 -2771
45 175 22831
45 176 30831
45 177 45194
45 178 30081
45 179 43046
45 180 34430
45 181 27689
45 182 13226
45 183 17753
45 184 39582
45 185 46327
45 186 51385
45 187 53533
45 188 41255
45 189 28223
45 190 20749
45 191 16229
45 192 20077
45 193 16382
45 194 13861
45 195 39198
45 196 40270
45 197 44236
45 198 38907
45 199 3127
45 200 22044
46 1 35848
46 2 42895
46 3 49932
46 4 54523
46 5 15405
46 6 28953
46 7 16347
46 8 6472
46 9 45361
46 10 26145
46 11 17986
46 12 45784
46 13 31733
46 14 31702
46 15 40791
46 16 20715
46 17 11685
46 18 15680
46 19 10344
46 20 42383
46 21 48486
46 22 53816
46 23 53095
46 24 58325
46 25 63581
46 26 42970
46 27 31227
46 28 39179
46 29 56237
46 30 33086
46 31 22555
46 32 29369
46 33 47362
46 34 53376
46 35 57270
46 36 3369
46 37 31020
46 38 31286
46 39 55210
46 40 41946
46 41 51870
46 42 38664
46 43 39048
46 44 29160
46 45 2797
46 47 666
46 48 80
46 49 7619
46 50 41489
46 51 43515
46 52 23953
46 53 38029
46 54 51912
46 55 63928
46 56 58534
46 57 43501
46 58 37630
46 59 24337
46 60 19858
46 61 21379
46 62 18484
46 63 27529
46 64 10538
46 65 47450
46 66 35983
46 67 58023
46 68 46927
46 69 33561
46 70 33754
46 71 50465
46 72 48416
46 73 48874
46 74 53221
46 75 52938
46 76 44207
46 77 47440
46 78 54631
46 79 48756
46 80 53261
46 81 45165
46 82 7508
46 83 12422
46 84 14886
46 85 19599
46 86 15529
46 87 32279
46 88 21856
46 89 24197
46 90 31200
46 91 29835
46 92 32335
46 93 23671
46 94 27445
46 95 29003
46 96 26962
46 97 32431
46 98 29182
46 99 26644
46 100 29293
46 101 33011
46 102 39419
46 103 42702
46 104 26638
46 105 38078
46 106 15286
46 107 13832
46 108 24981
46 109 49686
46 110 53888
46 111 37526
46 112 30241
46 113 14027
46 114 5051
46 115 43242
46 116 47393
46 117 34106
46 118 12292
46 119 32430
46 120 48301
46 121 55015
46 122 37350
46 123 9974
46 124 1810
46 125 3120
46 126 26864
46 127 25431
46 128 36516
46 129 53723
46 130 53819
46 131 34396
46 132 33254
46 133 52069
46 134 51943
46 135 55128
46 136 60874
46 137 37355
46 138 42720
46 139 61525
46 140 30286
46 141 24161
46 142 38094
46 143 7218
46 144 37895
46 145 46294
46 146 30357
46 147 23934
46 148 19144
46 149 45469
46 150 52000
46 151 29041
46 152 36699
46 153 16487
46 154 39764
46 155 53640
46 156 37126
46 157 44245
46 158 48939
46 159 16598
46 160 34327
46 161 44009
46 162 30505
46 163 56162
46 164 48243
46 165 60569
46 166 17649
46 167 27853
46 168 4345
46 169 52681
46 170 63132
46 171 46240
46 172 37736
46 173 17600
46 174 -799
46 175 16532
46 176 33979
46 177 50849
46 178 39647
46 179 50133
46 180 42063
46 181 22514
46 182 11910
46 183 26431
46 184 44199
46 185 48917
46 186 60220
46 187 61570
46 188 40072
46 189 26128
46 190 21987
46 191 26962
46 192 30846
46 193 27113
46 194 14833
46 195 45741
46 196 44459
46 197 52836
46 198 46936
46 199 11269
46 200 28357
47 1 30569
47 2 45052
47 3 45117
47 4 53784
47 5 20127
47 6 30811
47 7 11652
47 8 10191
47 9 38189
47 10 18043
47 11 8227
47 12 43012
47 13 33511
47 14 38070
47 15 45021
47 16 27651
47 17 19610
47 18 15982
47 19 714
47 20 34223
47 21 48797
47 22 55465
47 23 54199
47 24 54743
47 25 62056
47 26 41577
47 27 28656
47 28 36736
47 29 51670
47 30 25485
47 31 16625
47 32 20221
47 33 41382
47 34 46997
47 35 49676
47 36 -1420
47 37 35680
47 38 39269
47 39 55064
47 40 42081
47 41 54231
47 42 43293
47 43 44471
47 44 36096
47 45 10138
47 46 15
47 48 -5222
47 49 -611
47 50 36503
47 51 36512
47 52 21480
47 53 37407
47 54 49669
47 55 62144
47 56 59044
47 57 46760
47 58 38170
47 59 28267
47 60 23110
47 61 27628
47 62 10443
47 63 17901
47 64 894
47 65 38749
47 66 27133
47 67 58074
47 68 43104
47 69 28911
47 70 26851
47 71 42390
47 72 49064
47 73 49747
47 74 54383
47 75 53999
47 76 40150
47 77 43035
47 78 48647
47 79 43405
47 80 49776
47 81 38869
47 82 5872
47 83 16068
47 84 20830
47 85 24997
47 86 23672
47 87 35522
47 88 15964
47 89 24561
47 90 22025
47 91 35711
47 92 36303
47 93 28353
47 94 29687
47 95 31996
47 96 30164
47 97 35873
47 98 33964
47 99 30530
47 100 34587
47 101 27058
47 102 34001
47 103 34925
47 104 30524
47 105 37261
47 106 12071
47 107 4021
47 108 16549
47 109 47133
47 110 53386
47 111 34080
47 112 30362
47 113 21977
47 114 7949
47 115 45378
47 116 43392
47 117 36830
47 118 15777
47 119 39032
47 120 41440
47 121 50501
47 122 30365
47 123 1393
47 124 -1401
47 125 9968
47 126 17320
47 127 20840
47 128 28016
47 129 48359
47 130 51812
47 131 25359
47 132 28821
47 133 53597
47 134 48841
47 135 47733
47 136 52875
47 137 39273
47 138 40342
47 139 61099
47 140 38269
47 141 31196
47 142 43411
47 143 -517
47 144 41147
47 145 48727
47 146 28447
47 147 25327
47 148 12131
47 149 44135
47 150 48515
47 151 33009
47 152 37239
47 153 14281
47 154 37386
47 155 52901
47 156 36413
47 157 38629
47 158 44124
47 159 8445
47 160 25805
47 161 36203
47 162 24828
47 163 52710
47 164 41581
47 165 58716
47 166 19031
47 167 24327
47 168 -5285
47 169 47270
47 170 62271
47 171 47648
47 172 41913
47 173 23828
47 174 5168
47 175 6642
47 176 29410
47 177 47925
47 178 41940
47 179 48761
47 180 41631
47 181 12683
47 182 5612
47 183 28271
47 184 40481
47 185 43260
47 186 60869
47 187 61058
47 188 31868
47 189 18026
47 190 16720
47 191 33594
47 192 37024
47 193 32766
47 194 11097
47 195 43873
47 196 40315
47 197 53281
47 198 46748
47 199 15566
47 200 27094
48 1 24995
48 2 38958
48 3 39426
48 4 47383
48 5 15292
48 6 24807
48 7 5516
48 8 6525
48 9 33774
48 10 14470
48 11 7992
48 12 36774
48 13 27404
48 14 33588
48 15 39458
48 16 23735
48 17 16846
48 18 9874
48 19 898
48 20 30684
48 21 42428
48 22 49233
48 23 47877
48 24 48706
48 25 55696
48 26 35188
48 27 22331
48 28 30422
48 29 45918
48 30 21396
48 31 11280
48 32 18057
48 33 36205
48 34 42074
48 35 45607
48 36 4970
48 37 30490
48 38 35857
48 39 48663
48 40 35712
48 41 48125
48 42 37959
48 43 39399
48 44 32042
48 45 7679
48 46 1720
48 47 -2931
48 49 4687
48 50 30844
48 51 31960
48 52 15101
48 53 31009
48 54 43372
48 55 55805
48 56 52677
48 57 40923
48 58 31846
48 59 22847
48 60 17779
48 61 23397
48 62 6848
48 63 16902
48 64 3838
48 65 35818
48 66 24425
48 67 51676
48 68 37104
48 69 23062
48 70 22182
48 71 38761
48 72 42716
48 73 43427
48 74 48086
48 75 47684
48 76 34189
48 77 37195
48 78 43496
48 79 37937
48 80 43693
48 81 33874
48 82 -145
48 83 11176
48 84 16746
48 85 20219
48 86 20633
48 87 29742
48 88 10525
48 89 18303
48 90 19961
48 91 31116
48 92 30854
48 93 23270
48 94 23733
48 95 26224
48 96 24533
48 97 30205
48 98 28851
48 99 25145
48 100 29659
48 101 21783
48 102 28533
48 103 31008
48 104 25139
48 105 30858
48 106 5694
48 107 4324
48 108 13370
48 109 40866
48 110 46983
48 111 27934
48 112 24027
48 113 18992
48 114 3439
48 115 39272
48 116 37427
48 117 30953
48 118 10495
48 119 34742
48 120 36806
48 121 44726
48 122 25778
48 123 -838
48 124 -401
48 125 7172
48 126 16108
48 127 14895
48 128 24869
48 129 42900
48 130 45489
48 131 22990
48 132 22908
48 133 47344
48 134 42690
48 135 43501
48 136 49171
48 137 33167
48 138 34033
48 139 54696
48 140 34869
48 141 27273
48 142 38364
48 143 5361
48 144 35336
48 145 42652
48 146 22058
48 147 19240
48 148 7471
48 149 37747
48 150 42432
48 151 27560
48 152 30915
48 153 7882
48 154 31077
48 155 46500
48 156 30018
48 157 33257
48 158 38433
48 159 4962
48 160 22693
48 161 32315
48 162 19392
48 163 46635
48 164 36826
48 165 52383
48 166 13066
48 167 18137
48 168 -628
48 169 41844
48 170 55876
48 171 41388
48 172 36408
48 173 19751
48 174 2947
48 175 7249
48 176 23564
48 177 41726
48 178 35870
48 179 42379
48 180 35232
48 181 12203
48 182 349
48 183 22241
48 184 34434
48 185 37927
48 186 54509
48 187 54655
48 188 28376
48 189 14453
48 190 11033
48 191 29403
48 192 32498
48 193 28047
48 194 4777
48 195 37523
48 196 34387
48 197 46913
48 198 40352
48 199 11163
48 200 20692
49 1 36660
49 2 56287
49 3 50976
49 4 63174
49 5 32252
49 6 42232
49 7 21040
49 8 22356
49 9 40668
49 10 20980
49 11 7545
49 12 51055
49 13 44742
49 14 50234
49 15 56895
49 16 39761
49 17 31450
49 18 27287
49 19 4694
49 20 35259
49 21 59020
49 22 66324
49 23 64657
49 24 61600
49 25 70698
49 26 50807
49 27 37582
49 28 45412
49 29 57508
49 30 28164
49 31 22962
49 32 19271
49 33 45854
49 34 50403
49 35 51024
49 36 313
49 37 47733
49 38 51189
49 39 64741
49 40 52346
49 41 65421
49 42 55296
49 43 56575
49 44 48220
49 45 22027
49 46 10411
49 47 2832
49 48 5839
49 50 42543
49 51 39610
49 52 31108
49 53 47389
49 54 57926
49 55 70626
49 56 69218
49 57 58381
49 58 48747
49 59 40214
49 60 35075
49 61 39786
49 62 14909
49 63 15903
49 64 -8514
49 65 37528
49 66 26038
49 67 67780
49 68 49983
49 69 35990
49 70 31093
49 71 42942
49 72 59417
49 73 60272
49 74 65005
49 75 64522
49 76 47075
49 77 49430
49 78 52776
49 79 48537
49 80 56982
49 81 42787
49 82 17317
49 83 28159
49 84 32987
49 85 37143
49 86 35502
49 87 47206
49 88 23137
49 89 35490
49 90 21550
49 91 47875
49 92 48236
49 93 40434
49 94 41173
49 95 43688
49 96 41973
49 97 47658
49 98 46041
49 99 42491
49 100 46713
49 101 32669
49 102 39419
49 103 36378
49 104 42485
49 105 47020
49 106 22067
49 107 4702
49 108 18489
49 109 55285
49 110 63011
49 111 41918
49 112 40949
49 113 33844
49 114 20072
49 115 56585
49 116 50244
49 117 48410
49 118 27767
49 119 51186
49 120 44370
49 121 56457
49 122 33993
49 123 8197
49 124 10724
49 125 21957
49 126 15848
49 127 28672
49 128 28342
49 129 53437
49 130 60230
49 131 24595
49 132 36031
49 133 64387
49 134 56258
49 135 49504
49 136 53369
49 137 50495
49 138 48886
49 139 70615
49 140 50187
49 141 43302
49 142 55517
49 143 -4938
49 144 52798
49 145 59987
49 146 37985
49 147 36622
49 148 18124
49 149 53309
49 150 55721
49 151 44942
49 152 47816
49 153 24711
49 154 45930
49 155 62291
49 156 46528
49 157 43742
49 158 49983
49 159 12129
49 160 26338
49 161 37441
49 162 30984
49 163 59770
49 164 44642
49 165 67165
49 166 30518
49 167 32721
49 168 6084
49 169 52145
49 170 71383
49 171 58419
49 172 53821
49 173 35979
49 174 17150
49 175 6305
49 176 36268
49 177 55672
49 178 53220
49 179 57797
49 180 51506
49 181 8452
49 182 13226
49 183 39650
49 184 47691
49 185 48081
49 186 71101
49 187 70503
49 188 32655
49 189 20963
49 190 23916
49 191 45741
49 192 49190
49 193 44921
49 194 20833
49 195 52615
49 196 47064
49 197 63471
49 198 56629
49 199 27721
49 200 36821
50 1 3160
50 2 29929
50 3 5093
50 4 22741
50 5 29436
50 6 27550
50 7 25402
50 8 34254
50 9 6283
50 10 17083
50 11 25677
50 12 8424
50 13 23301
50 14 40458
50 15 34788
50 16 37399
50 17 38747
50 18 23875
50 19 27192
50 20 14255
50 21 24247
50 22 33485
50 23 27600
50 24 15631
50 25 27089
50 26 13472
50 27 11163
50 28 10319
50 29 11667
50 30 8001
50 31 10043
50 32 15314
50 33 4015
50 34 9686
50 35 18028
50 36 38209
50 37 35917
50 38 47578
50 39 24282
50 40 20615
50 41 34901
50 42 38355
50 43 39509
50 44 42825
50 45 34003
50 46 35026
50 47 30691
50 48 22741
50 49 33288
50 51 6643
50 52 18854
50 53 17987
50 54 14314
50 55 26848
50 56 31619
50 57 34719
50 58 20840
50 59 28440
50 60 32036
50 61 37260
50 62 19813
50 63 24611
50 64 22621
50 65 14350
50 66 8825
50 67 26606
50 68 4224
50 69 8547
50 70 11305
50 71 15201
50 72 24198
50 73 26822
50 74 31013
50 75 29178
50 76 2211
50 77 3406
50 78 10362
50 79 3806
50 80 11606
50 81 2456
50 82 26470
50 83 30625
50 84 35046
50 85 29894
50 86 37327
50 87 27250
50 88 19112
50 89 21089
50 90 22142
50 91 40576
50 92 34888
50 93 31841
50 94 24555
50 95 27589
50 96 29978
50 97 31022
50 98 35486
50 99 32424
50 100 36305
50 101 8963
50 102 -4764
50 103 7924
50 104 32418
50 105 14415
50 106 22260
50 107 26619
50 108 14711
50 109 12350
50 110 24248
50 111 4728
50 112 19052
50 113 38245
50 114 28744
50 115 29446
50 116 4715
50 117 29992
50 118 24185
50 119 43825
50 120 7265
50 121 10527
50 122 7530
50 123 25904
50 124 33918
50 125 32940
50 126 23848
50 127 14460
50 128 11724
50 129 8768
50 130 16836
50 131 17745
50 132 6253
50 133 30945
50 134 10865
50 135 15213
50 136 23563
50 137 26811
50 138 9964
50 139 29838
50 140 46873
50 141 39779
50 142 40831
50 143 36249
50 144 30852
50 145 31111
50 146 16036
50 147 22543
50 148 18511
50 149 14335
50 150 10345
50 151 31594
50 152 19909
50 153 23329
50 154 7008
50 155 21858
50 156 22216
50 157 446
50 158 4100
50 159 14384
50 160 12527
50 161 8047
50 162 10018
50 163 13979
50 164 5600
50 165 23406
50 166 23408
50 167 10914
50 168 32766
50 169 7714
50 170 28740
50 171 25700
50 172 35260
50 173 36374
50 174 32330
50 175 29082
50 176 1011
50 177 11295
50 178 26922
50 179 17094
50 180 16911
50 181 15324
50 182 17004
50 183 23480
50 184 3153
50 185 4423
50 186 33471
50 187 29379
50 188 10606
50 189 17066
50 190 11179
50 191 40487
50 192 40412
50 193 36684
50 194 21852
50 195 11740
50 196 1496
50 197 26727
50 198 19616
50 199 33266
50 200 9860
51 1 8877
51 2 40942
51 3 11165
51 4 33052
51 5 37246
51 6 36625
51 7 28319
51 8 38823
51 9 -2656
51 10 14787
51 11 23060
51 12 19077
51 13 33577
51 14 50362
51 15 45781
51 16 46047
51 17 45591
51 18 30114
51 19 26711
51 20 4206
51 21 35383
51 22 44597
51 23 38184
51 24 22016
51 25 35870
51 26 24639
51 27 20075
51 28 21129
51 29 15879
51 30 2456
51 31 12254
51 32 8058
51 33 3416
51 34 6267
51 35 9597
51 36 38412
51 37 45535
51 38 57065
51 39 34243
51 40 31733
51 41 46068
51 42 48829
51 43 50225
51 44 52127
51 45 39451
51 46 38067
51 47 31715
51 48 24872
51 49 31370
51 50 7658
51 52 25085
51 53 28666
51 54 23806
51 55 35700
51 56 42282
51 57 45681
51 58 31673
51 59 37772
51 60 39340
51 61 45628
51 62 19318
51 63 19476
51 64 17707
51 65 3831
51 66 -2252
51 67 36060
51 68 12430
51 69 14826
51 70 10017
51 71 4748
51 72 35246
51 73 37976
51 74 42098
51 75 40122
51 76 12826
51 77 11719
51 78 8912
51 79 6562
51 80 20288
51 81 -963
51 82 30205
51 83 36960
51 84 42266
51 85 38905
51 86 45670
51 87 37757
51 88 21295
51 89 29429
51 90 16655
51 91 49795
51 92 44533
51 93 40838
51 94 34156
51 95 37378
51 96 39072
51 97 41065
51 98 44910
51 99 41405
51 100 45899
51 101 11199
51 102 1408
51 103 -3088
51 104 41399
51 105 25441
51 106 26343
51 107 25007
51 108 11218
51 109 22663
51 110 34996
51 111 15303
51 112 28743
51 113 45832
51 114 33700
51 115 40518
51 116 14168
51 117 40091
51 118 31687
51 119 53370
51 120 399
51 121 15332
51 122 3421
51 123 26346
51 124 36036
51 125 38459
51 126 19014
51 127 18902
51 128 2145
51 129 11177
51 130 26291
51 131 9858
51 132 13477
51 133 42025
51 134 18797
51 135 7209
51 136 14164
51 137 37468
51 138 21143
51 139 39809
51 140 56297
51 141 48731
51 142 51179
51 143 35346
51 144 41628
51 145 42287
51 146 24531
51 147 31300
51 148 19289
51 149 25326
51 150 19027
51 151 41239
51 152 30742
51 153 28123
51 154 18187
51 155 32169
51 156 31955
51 157 4265
51 158 10172
51 159 13219
51 160 4321
51 161 -2431
51 162 13021
51 163 21190
51 164 610
51 165 32348
51 166 30786
51 167 17856
51 168 33765
51 169 9082
51 170 37831
51 171 36845
51 172 45835
51 173 44083
51 174 36728
51 175 27158
51 176 9350
51 177 20770
51 178 37952
51 179 27647
51 180 28091
51 181 7659
51 182 18753
51 183 32835
51 184 13565
51 185 5879
51 186 44075
51 187 39224
51 188 -148
51 189 14770
51 190 14532
51 191 49616
51 192 50051
51 193 45999
51 194 25565
51 195 22495
51 196 11218
51 197 37599
51 198 30611
51 199 39186
51 200 19815
52 1 12067
52 2 24821
52 3 24918
52 4 30816
52 5 10893
52 6 12900
52 7 8135
52 8 14038
52 9 23776
52 10 12945
52 11 16314
52 12 20407
52 13 13746
52 14 26654
52 15 27596
52 16 20196
52 17 18991
52 18 3598
52 19 13461
52 20 24569
52 21 26379
52 22 34021
52 23 32047
52 24 32831
52 25 39057
52 26 18559
52 27 5815
52 28 13889
52 29 30961
52 30 14637
52 31 3129
52 32 17457
52 33 23719
52 34 29838
52 35 36135
52 36 21601
52 37 21775
52 38 32090
52 39 32223
52 40 19732
52 41 33590
52 42 27619
52 43 29589
52 44 27110
52 45 13614
52 46 15510
52 47 13688
52 48 5018
52 49 19873
52 50 16874
52 51 22090
52 53 14739
52 54 26829
52 55 39187
52 56 36568
52 57 28041
52 58 16368
52 59 13652
52 60 12794
52 61 19586
52 62 9615
52 63 20879
52 64 14814
52 65 29604
52 66 19950
52 67 35259
52 68 21457
52 69 9317
52 70 14252
52 71 30993
52 72 26799
52 73 27736
52 74 32509
52 75 31955
52 76 18849
52 77 22195
52 78 30667
52 79 24170
52 80 27766
52 81 21909
52 82 7119
52 83 10461
52 84 15651
52 85 13776
52 86 19433
52 87 17600
52 88 6580
52 89 4964
52 90 20861
52 91 24888
52 92 21120
52 93 15851
52 94 11586
52 95 14866
52 96 14725
52 97 19054
52 98 20685
52 99 16604
52 100 21864
52 101 11237
52 102 15212
52 103 22854
52 104 16598
52 105 14415
52 106 3471
52 107 14980
52 108 12195
52 109 24410
52 110 30500
52 111 12051
52 112 8825
52 113 19257
52 114 8422
52 115 25012
52 116 21985
52 117 18751
52 118 5221
52 119 28848
52 120 25940
52 121 29730
52 122 16868
52 123 11135
52 124 15623
52 125 12556
52 126 19848
52 127 3262
52 128 20172
52 129 29124
52 130 28897
52 131 21436
52 132 8600
52 133 32010
52 134 26506
52 135 33592
52 136 40767
52 137 19243
52 138 17496
52 139 38183
52 140 31225
52 141 23209
52 142 29150
52 143 21353
52 144 22777
52 145 28370
52 146 5439
52 147 7096
52 148 7268
52 149 21116
52 150 26505
52 151 17826
52 152 15437
52 153 3577
52 154 14540
52 155 29933
52 156 13928
52 157 20245
52 158 23925
52 159 6228
52 160 18699
52 161 23958
52 162 8683
52 163 30673
52 164 25268
52 165 35772
52 166 4397
52 167 2679
52 168 15919
52 169 28036
52 170 39261
52 171 26050
52 172 25315
52 173 17600
52 174 12130
52 175 17859
52 176 9246
52 177 25442
52 178 21840
52 179 25739
52 180 18878
52 181 15445
52 182 2474
52 183 9857
52 184 18732
52 185 24741
52 186 38453
52 187 38117
52 188 22086
52 189 12928
52 190 1532
52 191 24406
52 192 25830
52 193 21312
52 194 3643
52 195 20897
52 196 19114
52 197 30822
52 198 24011
52 199 12938
52 200 4203
53 1 15274
53 2 11760
53 3 19651
53 4 15676
53 5 15224
53 6 11789
53 7 23731
53 8 26585
53 9 25151
53 10 25515
53 11 31240
53 12 9656
53 13 4718
53 14 21954
53 15 16404
53 16 20750
53 17 25453
53 18 15217
53 19 29053
53 20 31072
53 21 10774
53 22 18903
53 23 16468
53 24 22282
53 25 24722
53 26 4417
53 27 6491
53 28 5868
53 29 23102
53 30 22391
53 31 15120
53 32 28307
53 33 22606
53 34 26866
53 35 36747
53 36 36822
53 37 17981
53 38 29412
53 39 16779
53 40 4236
53 41 19105
53 42 19496
53 43 20694
53 44 25053
53 45 23807
53 46 28925
53 47 28954
53 48 20265
53 49 35493
53 50 15346
53 51 25010
53 52 14078
53 54 13823
53 55 25207
53 56 20947
53 57 16287
53 58 2232
53 59 11191
53 60 19564
53 61 21341
53 62 24285
53 63 34173
53 64 29748
53 65 33164
53 66 26429
53 67 19786
53 68 12798
53 69 14547
53 70 22851
53 71 34001
53 72 11226
53 73 12324
53 74 17123
53 75 16446
53 76 13105
53 77 16195
53 78 27386
53 79 20005
53 80 18077
53 81 21032
53 82 21673
53 83 19913
53 84 21651
53 85 12916
53 86 20930
53 87 8391
53 88 21232
53 89 8607
53 90 33027
53 91 23115
53 92 17026
53 93 15075
53 94 7260
53 95 9653
53 96 13486
53 97 12583
53 98 17867
53 99 15939
53 100 18315
53 101 18783
53 102 14041
53 103 26453
53 104 15933
53 105 -808
53 106 18887
53 107 30355
53 108 24354
53 109 12617
53 110 15147
53 111 8098
53 112 3203
53 113 23390
53 114 20702
53 115 11585
53 116 14933
53 117 11557
53 118 11179
53 119 25742
53 120 26000
53 121 22029
53 122 22826
53 123 26753
53 124 30404
53 125 22746
53 126 33176
53 127 15816
53 128 27825
53 129 24742
53 130 15389
53 131 31579
53 132 12231
53 133 16778
53 134 15149
53 135 33889
53 136 42403
53 137 7952
53 138 6742
53 139 22865
53 140 28787
53 141 22559
53 142 22010
53 143 36906
53 144 12081
53 145 14351
53 146 8470
53 147 7958
53 148 21935
53 149 6711
53 150 16816
53 151 13732
53 152 1301
53 153 18512
53 154 3786
53 155 14793
53 156 8111
53 157 19225
53 158 18658
53 159 20280
53 160 27407
53 161 26820
53 162 17469
53 163 20088
53 164 23641
53 165 21909
53 166 11940
53 167 10197
53 168 31252
53 169 22913
53 170 24276
53 171 10881
53 172 16393
53 173 21841
53 174 24441
53 175 33188
53 176 10452
53 177 14279
53 178 8813
53 179 11318
53 180 3343
53 181 27601
53 182 17921
53 183 7001
53 184 11348
53 185 22052
53 186 22834
53 187 22857
53 188 28007
53 189 25498
53 190 14164
53 191 23042
53 192 22248
53 193 19098
53 194 19178
53 195 7515
53 196 12897
53 197 15203
53 198 8463
53 199 23089
53 200 -2639
54 1 22447
54 2 22678
54 3 12972
54 4 3801
54 5 35213
54 6 31763
54 7 40780
54 8 46079
54 9 22083
54 10 36792
54 11 44851
54 12 5275
54 13 22793
54 14 37638
54 15 25603
54 16 39449
54 17 45447
54 18 34583
54 19 44854
54 20 34091
54 21 12173
54 22 18903
54 23 8928
54 24 3998
54 25 6681
54 26 8397
54 27 21868
54 28 16546
54 29 8712
54 30 28591
54 31 27993
54 32 35905
54 33 19550
54 34 17191
54 35 30442
54 36 54504
54 37 35812
54 38 45452
54 39 4209
54 40 14992
54 41 21217
54 42 33595
54 43 32191
54 44 42373
54 45 43815
54 46 48204
54 47 46612
54 48 38024
54 49 51426
54 50 17069
54 51 25546
54 52 31564
54 53 19219
54 55 6489
54 56 13572
54 57 26872
54 58 18346
54 59 30073
54 60 39651
54 61 40656
54 62 38250
54 63 44879
54 64 42539
54 65 29069
54 66 27469
54 67 6087
54 68 2232
54 69 25454
54 70 31452
54 71 30942
54 72 9599
54 73 14364
54 74 16414
54 75 12820
54 76 12090
54 77 10755
54 78 18841
54 79 12756
54 80 6214
54 81 16906
54 82 40165
54 83 39881
54 84 41694
54 85 31662
54 86 39591
54 87 23596
54 88 36126
54 89 28477
54 90 42573
54 91 41229
54 92 35226
54 93 34146
54 94 26619
54 95 28149
54 96 33019
54 97 29948
54 98 36109
54 99 35340
54 100 35815
54 101 28263
54 102 13949
54 103 25559
54 104 35334
54 105 13059
54 106 36509
54 107 45117
54 108 34791
54 109 3887
54 110 7942
54 111 16127
54 112 23293
54 113 42986
54 114 40229
54 115 21250
54 116 9905
54 117 29345
54 118 31279
54 119 42561
54 120 21399
54 121 8644
54 122 28115
54 123 42980
54 124 48728
54 125 42744
54 126 44052
54 127 30446
54 128 31825
54 129 16749
54 130 -3753
54 131 38300
54 132 22693
54 133 15885
54 134 -3277
54 135 27647
54 136 36807
54 137 23618
54 138 11214
54 139 9804
54 140 45038
54 141 40653
54 142 36315
54 143 53621
54 144 25031
54 145 19429
54 146 25962
54 147 28056
54 148 36333
54 149 4364
54 150 4953
54 151 31932
54 152 17415
54 153 36647
54 154 8258
54 155 2918
54 156 27626
54 157 18339
54 158 11979
54 159 33336
54 160 32998
54 161 24405
54 162 28482
54 163 2580
54 164 16015
54 165 3018
54 166 31851
54 167 24898
54 168 48788
54 169 12328
54 170 8154
54 171 12184
54 172 30184
54 173 41679
54 174 44053
54 175 47751
54 176 18273
54 177 1416
54 178 19234
54 179 1338
54 180 9851
54 181 35915
54 182 33732
54 183 26821
54 184 8575
54 185 16974
54 186 15050
54 187 9157
54 188 29934
54 189 36775
54 190 28121
54 191 40962
54 192 39043
54 193 37113
54 194 36539
54 195 1548
54 196 9411
54 197 10239
54 198 5639
54 199 43018
54 200 15693
55 1 30894
55 2 26254
55 3 20256
55 4 3125
55 5 41709
55 6 38386
55 7 49010
55 8 53686
55 9 28874
55 10 45260
55 11 53335
55 12 13747
55 13 28559
55 14 41269
55 15 27068
55 16 44680
55 17 51858
55 18 42221
55 19 53257
55 20 41839
55 21 15421
55 22 18635
55 23 4543
55 24 6164
55 25 -1755
55 26 15668
55 27 30028
55 28 24734
55 29 12973
55 30 36802
55 31 36466
55 32 44106
55 33 26881
55 34 22050
55 35 35945
55 36 62713
55 37 40838
55 38 48910
55 39 -1652
55 40 20615
55 41 20991
55 42 36996
55 43 34110
55 44 46762
55 45 50968
55 46 55939
55 47 54806
55 48 46176
55 49 59845
55 50 25322
55 51 33159
55 52 39641
55 53 26322
55 54 2208
55 56 10974
55 57 29534
55 58 24299
55 59 35739
55 60 46637
55 61 46389
55 62 46720
55 63 53291
55 64 51008
55 65 34818
55 66 34671
55 67 -1474
55 68 9646
55 69 33931
55 70 39863
55 71 37340
55 72 10662
55 73 16597
55 74 16721
55 75 11561
55 76 20427
55 77 18556
55 78 24565
55 79 19466
55 80 13804
55 81 23842
55 82 48136
55 83 47104
55 84 48263
55 85 37080
55 86 44673
55 87 27935
55 88 44536
55 89 35799
55 90 50936
55 91 46221
55 92 40545
55 93 39838
55 94 32771
55 95 33774
55 96 39157
55 97 35016
55 98 41321
55 99 41324
55 100 40570
55 101 36732
55 102 21938
55 103 32654
55 104 41318
55 105 20072
55 106 44634
55 107 53578
55 108 43227
55 109 12350
55 110 10108
55 111 24577
55 112 30362
55 113 48866
55 114 47813
55 115 24445
55 116 18000
55 117 34751
55 118 38153
55 119 46732
55 120 27910
55 121 13742
55 122 36312
55 123 51340
55 124 56776
55 125 49914
55 126 52476
55 127 38831
55 128 39660
55 129 23218
55 130 414
55 131 46418
55 132 31169
55 133 15332
55 134 1264
55 135 33293
55 136 42360
55 137 28672
55 138 19431
55 139 4606
55 140 48619
55 141 45484
55 142 39575
55 143 61967
55 144 28573
55 145 20551
55 146 33922
55 147 34967
55 148 44781
55 149 11120
55 150 12543
55 151 37251
55 152 23368
55 153 44665
55 154 16475
55 155 2242
55 156 35064
55 157 26170
55 158 19263
55 159 41821
55 160 41044
55 161 31104
55 162 36967
55 163 6812
55 164 21587
55 165 -2639
55 166 39143
55 167 33216
55 168 57000
55 169 17701
55 170 148
55 171 13039
55 172 33626
55 173 47908
55 174 51594
55 175 56220
55 176 26756
55 177 9632
55 178 22542
55 179 6909
55 180 15757
55 181 44114
55 182 42098
55 183 33304
55 184 16938
55 185 24039
55 186 11626
55 187 3383
55 188 37486
55 189 45243
55 190 36554
55 191 45741
55 192 43281
55 193 42081
55 194 44710
55 195 9242
55 196 17565
55 197 9851
55 198 8730
55 199 50287
55 200 23352
56 1 35732
56 2 16300
56 3 29908
56 4 2827
56 5 35249
56 6 33034
56 7 48565
56 8 50047
56 9 39061
56 10 48908
56 11 55661
56 12 19250
56 13 21918
56 14 29593
56 15 13520
56 16 35333
56 17 44701
56 18 39260
56 19 53873
56 20 49744
56 21 8487
56 22 4677
56 23 -7875
56 24 19940
56 25 9061
56 26 16053
56 27 30558
56 28 26388
56 29 25900
56 30 42965
56 31 38931
56 32 50029
56 33 36205
56 34 34631
56 35 47880
56 36 61405
56 37 31689
56 38 36689
56 39 -6054
56 40 15913
56 41 6673
56 42 25474
56 43 20710
56 44 36037
56 45 45739
56 46 52441
56 47 53602
56 48 44944
56 49 60333
56 50 31989
56 51 41637
56 52 38918
56 53 23958
56 54 11187
56 55 12870
56 57 17640
56 58 19156
56 59 27903
56 60 41530
56 61 38099
56 62 48696
56 63 57529
56 64 54051
56 65 46429
56 66 43879
56 67 -4261
56 68 19348
56 69 37031
56 70 44670
56 71 48085
56 72 409
56 73 6968
56 74 4069
56 75 -2755
56 76 27091
56 77 27195
56 78 36288
56 79 29978
56 80 23331
56 81 33874
56 82 46132
56 83 42468
56 84 41749
56 85 28397
56 86 34828
56 87 18290
56 88 45785
56 89 32370
56 90 55767
56 91 36694
56 92 32106
56 93 31827
56 94 26442
56 95 26224
56 96 32400
56 97 26374
56 98 32447
56 99 34066
56 100 30804
56 101 40864
56 102 29624
56 103 42214
56 104 34060
56 105 18234
56 106 43684
56 107 55045
56 108 47405
56 109 18508
56 110 7162
56 111 27934
56 112 26852
56 113 40561
56 114 44193
56 115 14016
56 116 25922
56 117 26982
56 118 32756
56 119 35754
56 120 38573
56 121 26037
56 122 42675
56 123 51589
56 124 54807
56 125 44779
56 126 56589
56 127 40151
56 128 47230
56 129 34069
56 130 9822
56 131 52782
56 132 34360
56 133 1211
56 134 13538
56 135 45069
56 136 54231
56 137 20915
56 138 22150
56 139 2370
56 140 36553
56 141 35435
56 142 27671
56 143 61706
56 144 17812
56 145 7398
56 146 33241
56 147 30325
56 148 46415
56 149 12072
56 150 22070
56 151 28812
56 152 18225
56 153 43219
56 154 19194
56 155 1944
56 156 32843
56 157 34321
56 158 28915
56 159 44400
56 160 47822
56 161 41387
56 162 40322
56 163 19468
56 164 33463
56 165 10947
56 166 35177
56 167 34332
56 168 55940
56 169 29789
56 170 3814
56 171 623
56 172 22317
56 173 40612
56 174 47601
56 175 57846
56 176 30984
56 177 18122
56 178 12119
56 179 9543
56 180 12738
56 181 49879
56 182 42694
56 183 27727
56 184 23697
56 185 33932
56 186 -1949
56 187 2455
56 188 45938
56 189 48891
56 190 38334
56 191 35693
56 192 32498
56 193 32567
56 194 43999
56 195 12725
56 196 25160
56 197 -1170
56 198 3893
56 199 45676
56 200 22095
57 1 34914
57 2 3449
57 3 37071
57 4 18933
57 5 17960
57 6 19060
57 7 38086
57 8 35051
57 9 44245
57 10 43724
57 11 47569
57 12 25261
57 13 8651
57 14 8657
57 15 -3242
57 16 15004
57 17 25887
57 18 26445
57 19 43574
57 20 50715
57 21 12437
57 22 9584
57 23 8887
57 24 34222
57 25 28595
57 26 18559
57 27 25431
57 28 25228
57 29 37810
57 30 41898
57 31 33292
57 32 47333
57 33 41382
57 34 44191
57 35 55345
57 36 47973
57 37 12155
57 38 16074
57 39 14946
57 40 12792
57 41 5770
57 42 4474
57 43 2117
57 44 15084
57 45 28797
57 46 36876
57 47 40786
57 48 32658
57 49 48964
57 50 34557
57 51 44504
57 52 29859
57 53 18766
57 54 23955
57 55 30898
57 56 17108
57 58 11693
57 59 10006
57 60 25967
57 61 18703
57 62 41008
57 63 52098
57 64 45944
57 65 52398
57 66 46073
57 67 15780
57 68 28307
57 69 33902
57 70 42134
57 71 53269
57 72 8722
57 73 9672
57 74 11034
57 75 10151
57 76 31308
57 77 33638
57 78 44902
57 79 37585
57 80 32807
57 81 39711
57 82 33380
57 83 26949
57 84 23971
57 85 8937
57 86 14098
57 87 -209
57 88 37972
57 89 20672
57 90 51539
57 91 16440
57 92 13675
57 93 13266
57 94 11710
57 95 9653
57 96 15990
57 97 8365
57 98 13087
57 99 16658
57 100 10525
57 101 38094
57 102 33127
57 103 45918
57 104 16652
57 105 15728
57 106 32948
57 107 45779
57 108 42789
57 109 26484
57 110 18966
57 111 27594
57 112 17145
57 113 20799
57 114 29445
57 115 2209
57 116 32133
57 117 10834
57 118 16886
57 119 14768
57 120 44754
57 121 37142
57 122 42448
57 123 41091
57 124 41247
57 125 28009
57 126 51071
57 127 33487
57 128 47417
57 129 42130
57 130 24028
57 131 50798
57 132 31723
57 133 8073
57 134 26871
57 135 52450
57 136 61245
57 137 7656
57 138 24218
57 139 22828
57 140 15838
57 141 14706
57 142 6789
57 143 49531
57 144 -1777
57 145 536
57 146 26036
57 147 17106
57 148 38668
57 149 17936
57 150 31546
57 151 10381
57 152 10762
57 153 32037
57 154 21262
57 155 18050
57 156 25134
57 157 38251
57 158 36078
57 159 37578
57 160 46868
57 161 46124
57 162 36484
57 163 32572
57 164 41655
57 165 28258
57 166 21578
57 167 28612
57 168 43364
57 169 39542
57 170 24720
57 171 3610
57 172 1381
57 173 22069
57 174 31955
57 175 48720
57 176 30099
57 177 27859
57 178 -1320
57 179 19920
57 180 13337
57 181 46211
57 182 33496
57 183 13849
57 184 28824
57 185 40297
57 186 17906
57 187 22999
57 188 47651
57 189 43707
57 190 31969
57 191 15005
57 192 11562
57 193 12375
57 194 33476
57 195 19933
57 196 30604
57 197 12835
57 198 11955
57 199 29929
57 200 16084
58 1 20372
58 2 6673
58 3 23717
58 4 14506
58 5 14579
58 6 11452
58 7 27080
58 8 28102
58 9 29968
58 10 30207
58 11 35381
58 12 12698
58 13 1581
58 14 17941
58 15 11318
58 16 18278
58 17 24694
58 18 17242
58 19 32614
58 20 36169
58 21 7990
58 22 14789
58 23 13165
58 24 24362
58 25 24253
58 26 6204
58 27 11307
58 28 10740
58 29 26196
58 30 27470
58 31 19756
58 32 33266
58 33 27269
58 34 31000
58 35 41379
58 36 39452
58 37 14821
58 38 25624
58 39 14731
58 40 1651
58 41 14515
58 42 14913
58 43 15809
58 44 21720
58 45 24338
58 46 30512
58 47 31703
58 48 23088
58 49 38837
58 50 20185
58 51 30003
58 52 17693
58 53 4218
58 54 14936
58 55 25170
58 56 18131
58 57 11200
58 59 8860
58 60 19956
58 61 19462
58 62 28494
58 63 38811
58 64 33912
58 65 38054
58 66 31513
58 67 17530
58 68 16036
58 69 19571
58 70 27868
58 71 38899
58 72 8064
58 73 8714
58 74 13399
58 75 12971
58 76 17442
58 77 20237
58 78 31565
58 79 24170
58 80 20977
58 81 25664
58 82 24168
58 83 20740
58 84 21146
58 85 10465
58 86 18447
58 87 3894
58 88 25382
58 89 10356
58 90 37834
58 91 20191
58 92 14093
58 93 12938
58 94 5605
58 95 6941
58 96 11998
58 97 9046
58 98 14996
58 99 14219
58 100 14991
58 101 23802
58 102 18828
58 103 31435
58 104 14213
58 105 1687
58 106 22067
58 107 34212
58 108 29125
58 109 14948
58 110 13753
58 111 13073
58 112 4930
58 113 21848
58 114 22233
58 115 6552
58 116 18837
58 117 8238
58 118 11327
58 119 22162
58 120 30674
58 121 25245
58 122 27925
58 123 30223
58 124 32809
58 125 23325
58 126 37801
58 127 20235
58 128 32921
58 129 28836
58 130 16034
58 131 36591
58 132 17298
58 133 12799
58 134 17028
58 135 38503
58 136 47134
58 137 3313
58 138 10526
58 139 21157
58 140 25071
58 141 19659
58 142 17541
58 143 39980
58 144 7147
58 145 9535
58 146 12637
58 147 8446
58 148 26118
58 149 7475
58 150 19716
58 151 10799
58 152 -3798
58 153 21459
58 154 7570
58 155 13623
58 156 11655
58 157 23988
58 158 22724
58 159 24679
58 160 32479
58 161 31731
58 162 22389
58 163 22284
58 164 28032
58 165 22024
58 166 13205
58 167 14844
58 168 34076
58 169 26740
58 170 22972
58 171 6832
58 172 11699
58 173 20748
58 174 25745
58 175 37085
58 176 15544
58 177 16647
58 178 3730
58 179 11507
58 180 2533
58 181 32452
58 182 21708
58 183 6261
58 184 15336
58 185 26489
58 186 19898
58 187 21240
58 188 33091
58 189 30190
58 190 18655
58 191 20021
58 192 18632
58 193 16101
58 194 22460
58 195 9037
58 196 17025
58 197 12391
58 198 6597
58 199 23960
58 200 1944
59 1 28851
59 2 13270
59 3 36809
59 4 28815
59 5 1686
59 6 6958
59 7 24255
59 8 18992
59 9 40537
59 10 32790
59 11 34239
59 12 27071
59 13 4553
59 14 6772
59 15 10502
59 16 3300
59 17 10525
59 18 12013
59 19 29149
59 20 43652
59 21 21504
59 22 24216
59 23 23794
59 24 39352
59 25 38820
59 26 21094
59 27 18531
59 28 22511
59 29 40562
59 30 33942
59 31 23012
59 32 37381
59 33 38726
59 34 43812
59 35 52639
59 36 32075
59 37 1856
59 38 13020
59 39 27750
59 40 16554
59 41 21609
59 42 8843
59 43 10484
59 44 8131
59 45 12545
59 46 20625
59 47 25206
59 48 17495
59 49 33710
59 50 31191
59 51 39508
59 52 18383
59 53 16583
59 54 30069
59 55 40016
59 56 30284
59 57 12919
59 58 12266
59 60 10110
59 61 4379
59 62 28450
59 63 40277
59 64 32097
59 65 47816
59 66 39184
59 67 29856
59 68 30261
59 69 26565
59 70 33628
59 71 48793
59 72 20401
59 73 20714
59 74 24311
59 75 23993
59 76 30113
59 77 33411
59 78 44322
59 79 37023
59 80 35488
59 81 37169
59 82 18240
59 83 10908
59 84 7858
59 85 -4546
59 86 3490
59 87 1800
59 88 25968
59 89 8985
59 90 40677
59 91 5865
59 92 1769
59 93 -2173
59 94 1386
59 95 -239
59 96 1124
59 97 1963
59 98 882
59 99 455
59 100 2001
59 101 30032
59 102 29945
59 103 40810
59 104 449
59 105 15955
59 106 19260
59 107 31824
59 108 32073
59 109 29764
59 110 28092
59 111 23937
59 112 9926
59 113 6863
59 114 13514
59 115 13552
59 116 32260
59 117 4834
59 118 928
59 119 9343
59 120 41917
59 121 39493
59 122 35465
59 123 26708
59 124 25470
59 125 11739
59 126 39255
59 127 23063
59 128 39629
59 129 41825
59 130 31132
59 131 41339
59 132 25001
59 133 22584
59 134 32066
59 135 49867
59 136 57915
59 137 8836
59 138 24199
59 139 34713
59 140 12262
59 141 5183
59 142 9609
59 143 34020
59 144 7345
59 145 16060
59 146 17637
59 147 4860
59 148 26359
59 149 22604
59 150 34227
59 151 -1525
59 152 11335
59 153 18252
59 154 21243
59 155 27932
59 156 18731
59 157 35152
59 158 35816
59 159 25552
59 160 38377
59 161 41612
59 162 27783
59 163 37220
59 164 40203
59 165 36947
59 166 7177
59 167 19920
59 168 27891
59 169 40189
59 170 36759
59 171 17063
59 172 7381
59 173 6438
59 174 15731
59 175 34800
59 176 24660
59 177 31471
59 178 9805
59 179 26571
59 180 17624
59 181 35156
59 182 20311
59 183 2892
59 184 28658
59 185 38681
59 186 31662
59 187 34864
59 188 41002
59 189 32773
59 190 21430
59 191 5791
59 192 6107
59 193 1982
59 194 19833
59 195 24091
59 196 30079
59 197 24951
59 198 20763
59 199 13770
59 200 10693
60 1 25137
60 2 22377
60 3 36407
60 4 35078
60 5 -2327
60 6 8691
60 7 14515
60 8 8440
60 9 37062
60 10 24751
60 11 24372
60 12 29070
60 13 11309
60 14 15623
60 15 21258
60 16 7247
60 17 6086
60 18 2690
60 19 18729
60 20 37917
60 21 28478
60 22 33309
60 23 32647
60 24 42008
60 25 44639
60 26 24639
60 27 16245
60 28 22844
60 29 41623
60 30 27949
60 31 16084
60 32 29611
60 33 36454
60 34 42381
60 35 49416
60 36 21386
60 37 12051
60 38 19566
60 39 35247
60 40 22226
60 41 31387
60 42 19561
60 43 20964
60 44 14870
60 45 3732
60 46 10533
60 47 14436
60 48 6814
60 49 22958
60 50 29174
60 51 35463
60 52 11912
60 53 19343
60 54 34034
60 55 45301
60 56 38298
60 57 23267
60 58 17749
60 59 4497
60 61 6559
60 62 19318
60 63 31280
60 64 21804
60 65 43050
60 66 33196
60 67 37888
60 68 31501
60 69 22401
60 70 27583
60 71 44440
60 72 28184
60 73 28578
60 74 32803
60 75 32530
60 76 29811
60 77 33303
60 78 43035
60 79 36135
60 80 37267
60 81 34768
60 82 7623
60 83 386
60 84 2359
60 85 2111
60 86 6078
60 87 11996
60 88 17650
60 89 5957
60 90 32377
60 91 13188
60 92 12533
60 93 4877
60 94 6957
60 95 8567
60 96 6564
60 97 12227
60 98 10429
60 99 6763
60 100 11324
60 101 24690
60 102 27749
60 103 36302
60 104 6757
60 105 19375
60 106 9861
60 107 21619
60 108 24084
60 109 32498
60 110 34343
60 111 22880
60 112 11262
60 113 5832
60 114 2823
60 115 22725
60 116 32598
60 117 13617
60 118 -7921
60 119 17120
60 120 39047
60 121 40422
60 122 30321
60 123 16353
60 124 14724
60 125 2710
60 126 30288
60 127 16536
60 128 33340
60 129 41047
60 130 35604
60 131 33890
60 132 21385
60 133 31574
60 134 35077
60 135 46816
60 136 54161
60 137 16865
60 138 25816
60 139 41760
60 140 18642
60 141 10530
60 142 19940
60 143 23250
60 144 17639
60 145 25814
60 146 14847
60 147 4162
60 148 17574
60 149 26884
60 150 36006
60 151 9239
60 152 16818
60 153 8957
60 154 22860
60 155 34195
60 156 19111
60 157 32877
60 158 35414
60 159 16768
60 160 31687
60 161 37390
60 162 22128
60 163 39781
60 164 38109
60 165 42045
60 166 -351
60 167 15464
60 168 17124
60 169 39808
60 170 43585
60 171 25773
60 172 18145
60 173 4153
60 174 5584
60 175 24600
60 176 21761
60 177 34031
60 178 19136
60 179 31410
60 180 22736
60 181 26475
60 182 10941
60 183 6117
60 184 29078
60 185 37110
60 186 39917
60 187 41850
60 188 35469
60 189 24734
60 190 14532
60 191 12109
60 192 14545
60 193 9944
60 194 10393
60 195 27719
60 196 30021
60 197 32666
60 198 27212
60 199 3530
60 200 10917
61 1 35123
61 2 21660
61 3 44701
61 4 37767
61 5 -91
61 6 14065
61 7 25439
61 8 16143
61 9 47099
61 10 35931
61 11 35000
61 12 35615
61 13 13526
61 14 5858
61 15 15651
61 16 -3933
61 17 2657
61 18 13871
61 19 28777
61 20 48775
61 21 30415
61 22 32278
61 23 31856
61 24 48127
61 25 47790
61 26 29896
61 27 25289
61 28 30437
61 29 48974
61 30 38843
61 31 27118
61 32 40791
61 33 45854
61 34 51388
61 35 59382
61 36 28732
61 37 6677
61 38 8429
61 39 36423
61 40 25546
61 41 29072
61 42 13445
61 43 13096
61 44 4039
61 45 7259
61 46 16015
61 47 22915
61 48 16393
61 49 31630
61 50 38359
61 51 45712
61 52 22665
61 53 25081
61 54 39000
61 55 49014
61 56 38828
61 57 19964
61 58 21216
61 59 2727
61 60 10520
61 62 30374
61 63 42313
61 64 31843
61 65 53672
61 66 44148
61 67 38276
61 68 38669
61 69 32518
61 70 38459
61 71 54878
61 72 29101
61 73 29429
61 74 32733
61 75 32339
61 76 37972
61 77 41383
61 78 51932
61 79 44756
61 80 44032
61 81 44257
61 82 17665
61 83 9296
61 84 2722
61 85 -5459
61 86 -4538
61 87 9668
61 88 28830
61 89 14706
61 90 43541
61 91 3886
61 92 9731
61 93 827
61 94 9873
61 95 8761
61 96 8402
61 97 10305
61 98 4892
61 99 6465
61 100 3778
61 101 35320
61 102 37062
61 103 46773
61 104 6459
61 105 24666
61 106 20958
61 107 31938
61 108 35264
61 109 38484
61 110 37057
61 111 31400
61 112 17736
61 113 -2097
61 114 11389
61 115 21850
61 116 40368
61 117 13784
61 118 1375
61 119 6787
61 120 48799
61 121 47857
61 122 40948
61 123 26573
61 124 22883
61 125 6806
61 126 41335
61 127 27431
61 128 44337
61 129 49607
61 130 40109
61 131 45057
61 132 31257
61 133 30701
61 134 40886
61 135 56692
61 136 64375
61 137 17756
61 138 32583
61 139 43516
61 140 7492
61 141 -575
61 142 12252
61 143 31547
61 144 14742
61 145 23670
61 146 24036
61 147 11180
61 148 28717
61 149 31531
61 150 42771
61 151 6437
61 152 20285
61 153 20099
61 154 29627
61 155 36884
61 156 26370
61 157 42246
61 158 43708
61 159 27893
61 160 42757
61 161 47763
61 162 32837
61 163 45966
61 164 47480
61 165 45947
61 166 10177
61 167 25596
61 168 25855
61 169 48143
61 170 45579
61 171 25406
61 172 13102
61 173 -209
61 174 11777
61 175 34911
61 176 31329
61 177 40178
61 178 18032
61 179 35557
61 180 26597
61 181 37565
61 182 21970
61 183 10687
61 184 36768
61 185 46128
61 186 40087
61 187 43675
61 188 46278
61 189 35914
61 190 25539
61 191 1389
61 192 4885
61 193 1314
61 194 21465
61 195 32948
61 196 38046
61 197 33638
61 198 29722
61 199 11127
61 200 18384
62 1 16070
62 2 40068
62 3 30462
62 4 43622
62 5 22612
62 6 27765
62 7 7180
62 8 17556
62 9 22083
62 10 2007
62 11 1289
62 12 30768
62 13 29039
62 14 40376
62 15 42817
62 16 32092
62 17 27275
62 18 14421
62 19 1872
62 20 18280
62 21 40590
62 22 48824
62 23 46245
62 24 41009
62 25 50541
62 26 31355
62 27 18366
62 28 25676
62 29 37028
62 30 9361
62 31 2500
62 32 5810
62 33 25819
62 34 31098
62 35 33568
62 36 13460
62 37 35943
62 38 44484
62 39 45358
62 40 34202
62 41 48673
62 42 42474
62 43 44398
62 44 39869
62 45 18934
62 46 14181
62 47 6791
62 48 905
62 49 7814
62 50 21973
62 51 20463
62 52 13755
62 53 29086
62 54 37655
62 55 50406
62 56 50486
62 57 43330
62 58 31309
62 59 27859
62 60 24340
62 61 31435
62 63 6281
62 64 -218
62 65 23294
62 66 11903
62 67 48337
62 68 29398
62 69 15576
62 70 11004
62 71 26424
62 72 41083
62 73 42290
62 74 47088
62 75 46357
62 76 26508
62 77 28845
62 78 32979
62 79 28238
62 80 36427
62 81 23083
62 82 8683
62 83 19402
62 84 25618
62 85 26947
62 86 30183
62 87 32780
62 88 3850
62 89 19989
62 90 7932
62 91 38080
62 92 35589
62 93 29352
62 94 26619
62 95 29776
62 96 29026
62 97 33977
62 98 34612
62 99 30468
62 100 35740
62 101 12101
62 102 18979
62 103 18840
62 104 30462
62 105 28279
62 106 7662
62 107 1221
62 108 841
62 109 35021
62 110 43746
62 111 21677
62 112 24046
62 113 28911
62 114 13389
62 115 40233
62 116 29662
62 117 33879
62 118 17041
62 119 42067
62 120 25399
62 121 35947
62 122 14378
62 123 1393
62 124 11687
62 125 18189
62 126 5288
62 127 9093
62 128 12352
62 129 33163
62 130 40022
62 131 10608
62 132 15637
62 133 46733
62 134 35720
62 135 31609
62 136 36882
62 137 34534
62 138 28943
62 139 51106
62 140 43541
62 141 35469
62 142 43703
62 143 10864
62 144 38034
62 145 43545
62 146 19652
62 147 21935
62 148 -1736
62 149 33728
62 150 35166
62 151 32295
62 152 30378
62 153 10594
62 154 25987
62 155 42739
62 156 28743
62 157 23406
62 158 29469
62 159 -7567
62 160 10168
62 161 20129
62 162 10407
62 163 39188
62 164 25585
62 165 46937
62 166 17381
62 167 13239
62 168 8848
62 169 31975
62 170 51489
62 171 40812
62 172 40342
62 173 28364
62 174 14802
62 175 3820
62 176 15737
62 177 35236
62 178 37097
62 179 38028
62 180 32749
62 181 1516
62 182 -3321
62 183 24890
62 184 27160
62 185 27895
62 186 52419
62 187 50919
62 188 15958
62 189 1990
62 190 3916
62 191 37109
62 192 39356
62 193 34723
62 194 6273
62 195 32687
62 196 26478
62 197 44836
62 198 37699
62 199 20451
62 200 18384
63 1 21248
63 2 50230
63 3 33725
63 4 51017
63 5 34005
63 6 38798
63 7 18484
63 8 28102
63 9 20430
63 10 5169
63 11 1289
63 12 37104
63 13 39600
63 14 51748
63 15 53548
63 16 43460
63 17 38214
63 18 25815
63 19 7652
63 20 14583
63 21 49375
63 22 58116
63 23 54702
63 24 44988
63 25 56647
63 26 39308
63 27 27354
63 28 33585
63 29 39751
63 30 9047
63 31 10744
63 32 -1746
63 33 27269
63 34 30485
63 35 30167
63 36 17940
63 37 47230
63 38 55857
63 39 52809
63 40 43408
63 41 58379
63 42 53553
63 43 55510
63 44 51269
63 45 29470
63 46 22665
63 47 13688
63 48 10398
63 49 8247
63 50 26210
63 51 20060
63 52 24458
63 53 38413
63 54 43723
63 55 56416
63 56 58758
63 57 53859
63 58 41065
63 59 39125
63 60 35741
63 61 42813
63 62 5720
63 64 -6820
63 65 16712
63 66 5109
63 67 55559
63 68 33907
63 69 22713
63 70 14252
63 71 21959
63 72 49846
63 73 51380
63 74 56133
63 75 55154
63 76 31654
63 77 32965
63 78 33509
63 79 30376
63 80 41338
63 81 23591
63 82 19530
63 83 30683
63 84 36882
63 85 38339
63 86 41408
63 87 43590
63 88 14554
63 89 30917
63 90 1002
63 91 49475
63 92 46798
63 93 40718
63 94 37567
63 95 40805
63 96 40259
63 97 45005
63 98 45938
63 99 41785
63 100 47081
63 101 17506
63 102 22140
63 103 15699
63 104 41779
63 105 37140
63 106 19064
63 107 4281
63 108 841
63 109 41313
63 110 51608
63 111 28683
63 112 34336
63 113 40025
63 114 24276
63 115 50311
63 116 34442
63 117 44751
63 118 28442
63 119 53465
63 120 24352
63 121 38920
63 122 15559
63 123 9610
63 124 20094
63 125 28832
63 126 -4152
63 127 18644
63 128 7453
63 129 35166
63 130 46213
63 131 3579
63 132 22693
63 133 55915
63 134 40584
63 135 28792
63 136 32360
63 137 44921
63 138 36269
63 139 58431
63 140 54910
63 141 46853
63 142 54913
63 143 13500
63 144 48700
63 145 53464
63 146 29450
63 147 32970
63 148 9244
63 149 41374
63 150 40077
63 151 43504
63 152 40134
63 153 21991
63 154 33313
63 155 50134
63 156 38622
63 157 26036
63 158 32732
63 159 247
63 160 5621
63 161 16633
63 162 17067
63 163 43565
63 164 24572
63 165 52956
63 166 28718
63 167 22306
63 168 15919
63 169 33498
63 170 58085
63 171 50091
63 172 51307
63 173 39679
63 174 24932
63 175 5780
63 176 21854
63 177 40853
63 178 47280
63 179 45246
63 180 41413
63 181 -9735
63 182 8057
63 183 35833
63 184 32551
63 185 29717
63 186 60700
63 187 58124
63 188 11830
63 189 5152
63 190 13151
63 191 48509
63 192 50739
63 193 46107
63 194 17673
63 195 39754
63 196 31218
63 197 53281
63 198 45990
63 199 31565
63 200 27817
64 1 35045
64 2 60864
64 3 48072
64 4 64216
64 5 40201
64 6 47799
64 7 25695
64 8 31404
64 9 34482
64 10 18354
64 11 6227
64 12 50727
64 13 49618
64 14 58540
64 15 63024
64 16 48814
64 17 41489
64 18 33318
64 19 9652
64 20 28455
64 21 61586
64 22 69841
64 23 67210
64 24 59297
64 25 70461
64 26 52113
64 27 39330
64 28 46364
64 29 54163
64 30 23468
64 31 22962
64 32 11795
64 33 41691
64 34 44614
64 35 43422
64 36 12770
64 37 54952
64 38 60872
64 39 66003
64 40 55225
64 41 69617
64 42 62094
64 43 63820
64 44 57116
64 45 32052
64 46 21795
64 47 12802
64 48 13455
64 49 -49
64 50 40341
64 51 34412
64 52 34514
64 53 50109
64 54 57504
64 55 70254
64 56 71401
64 57 63826
64 58 52287
64 59 47066
64 60 42386
64 61 48464
64 62 15342
64 63 9301
64 65 27809
64 66 16982
64 67 68901
64 68 48084
64 69 35749
64 70 28265
64 71 34895
64 72 62082
64 73 63313
64 74 68111
64 75 67365
64 76 45621
64 77 47185
64 78 47851
64 79 44795
64 80 55432
64 81 37967
64 82 24470
64 83 36155
64 84 41825
64 85 45078
64 86 45479
64 87 52995
64 88 24838
64 89 40319
64 90 15398
64 91 56055
64 92 54977
64 93 47912
64 94 46751
64 95 49696
64 96 48450
64 97 53849
64 98 53419
64 99 49464
64 100 54369
64 101 31085
64 102 36453
64 103 29421
64 104 49458
64 105 49265
64 106 26854
64 107 6761
64 108 14711
64 109 54973
64 110 64515
64 111 41918
64 112 44880
64 113 43785
64 114 28517
64 115 61066
64 116 48529
64 117 54068
64 118 35124
64 119 59773
64 120 38497
64 121 53316
64 122 29951
64 123 13356
64 124 20561
64 125 31752
64 126 9848
64 127 30081
64 128 21060
64 129 49588
64 130 59958
64 131 16988
64 132 35799
64 133 67755
64 134 54721
64 135 42322
64 136 45022
64 137 55223
64 138 49412
64 139 71688
64 140 59880
64 141 52353
64 142 62877
64 143 7340
64 144 58406
64 145 64425
64 146 40665
64 147 42014
64 148 19268
64 149 54385
64 150 54171
64 151 51683
64 152 51356
64 153 29810
64 154 46456
64 155 63333
64 156 49726
64 157 40407
64 158 47079
64 159 11292
64 160 19592
64 161 30110
64 162 30171
64 163 57802
64 164 38650
64 165 66785
64 166 36614
64 167 34186
64 168 15555
64 169 47908
64 170 71717
64 171 61832
64 172 60236
64 173 44831
64 174 27058
64 175 7753
64 176 35388
64 177 54759
64 178 57875
64 179 58515
64 180 53714
64 181 -1766
64 182 16294
64 183 45065
64 184 46468
64 185 44139
64 186 73339
64 187 71448
64 188 25444
64 189 18337
64 190 24803
64 191 54464
64 192 57445
64 193 52920
64 194 25447
64 195 53077
64 196 45303
64 197 65784
64 198 58597
64 199 36242
64 200 39408
65 1 31835
65 2 63413
65 3 29604
65 4 52009
65 5 59669
65 6 59563
65 7 48166
65 8 59167
65 9 9404
65 10 31917
65 11 36908
65 12 39736
65 13 56555
65 14 73381
65 15 68269
65 16 68751
65 17 67315
65 18 51955
65 19 42632
65 20 16953
65 21 56654
65 22 65554
65 23 57184
65 24 36105
65 25 51718
65 26 46335
65 27 43075
65 28 43834
65 29 29004
65 30 21039
65 31 33105
65 32 18414
65 33 22776
65 34 12192
65 35 5987
65 36 53731
65 37 68536
65 38 80012
65 39 51977
65 40 53990
65 41 67391
65 42 71767
65 43 73037
65 44 75045
65 45 60269
65 46 56656
65 47 48606
65 48 43384
65 49 43942
65 50 30019
65 51 18485
65 52 47253
65 53 51474
65 54 41983
65 55 52013
65 56 61728
65 57 68229
65 58 54378
65 59 60734
65 60 61581
65 61 68242
65 62 36803
65 63 30782
65 64 25758
65 66 -3651
65 67 52260
65 68 30653
65 69 37598
65 70 30501
65 71 2238
65 72 56015
65 73 59314
65 74 62968
65 75 60390
65 76 34162
65 77 31366
65 78 20516
65 79 23184
65 80 38599
65 81 15868
65 82 50228
65 83 58625
65 84 64331
65 85 61770
65 86 68197
65 87 60676
65 88 41354
65 89 52219
65 90 29103
65 91 72708
65 92 67540
65 93 63711
65 94 57167
65 95 60398
65 96 61993
65 97 64082
65 98 67881
65 99 64287
65 100 68893
65 101 33138
65 102 23279
65 103 6605
65 104 64281
65 105 47924
65 106 47064
65 107 39746
65 108 27217
65 109 42606
65 110 55012
65 111 38101
65 112 51764
65 113 67988
65 114 54422
65 115 62862
65 116 34268
65 117 63102
65 118 54015
65 119 76346
65 120 12046
65 121 29716
65 122 24634
65 123 43491
65 124 54105
65 125 59364
65 126 30987
65 127 40617
65 128 12799
65 129 26998
65 130 44171
65 131 19828
65 132 36403
65 133 62815
65 134 35077
65 135 7281
65 136 4422
65 137 60306
65 138 43108
65 139 57735
65 140 79228
65 141 71543
65 142 74158
65 143 49403
65 144 64388
65 145 64094
65 146 47451
65 147 54174
65 148 38148
65 149 46270
65 150 37338
65 151 64246
65 152 53447
65 153 49262
65 154 40152
65 155 51126
65 156 54976
65 157 25750
65 158 28611
65 159 30446
65 160 16876
65 161 2241
65 162 34852
65 163 36770
65 164 7572
65 165 48947
65 166 53160
65 167 40528
65 168 50724
65 169 21681
65 170 53788
65 171 58051
65 172 68728
65 173 66393
65 174 56791
65 175 41440
65 176 32371
65 177 39597
65 178 60388
65 179 47478
65 180 49957
65 181 13219
65 182 37942
65 183 55821
65 184 34434
65 185 23772
65 186 63291
65 187 56871
65 188 10207
65 189 31900
65 190 35785
65 191 72491
65 192 73045
65 193 68938
65 194 46053
65 195 42985
65 196 31781
65 197 57738
65 198 51320
65 199 60538
65 200 42819
66 1 22133
66 2 55341
66 3 25483
66 4 47920
66 5 48019
66 6 48991
66 7 35250
66 8 46242
66 9 5337
66 10 18704
66 11 23310
66 12 34068
66 13 47122
66 14 63129
66 15 60083
66 16 57398
66 17 54959
66 18 39914
66 19 29053
66 20 5088
66 21 50324
66 22 59558
66 23 53109
66 24 35229
66 25 50001
66 26 39541
66 27 33118
66 28 35535
66 29 28385
66 30 9047
66 31 20939
66 32 4814
66 33 17583
66 34 14071
66 35 10070
66 36 40134
66 37 58148
66 38 69175
66 39 48930
66 40 46364
66 41 60960
66 42 62398
66 43 64062
66 44 64167
66 45 47471
66 46 43250
66 47 35051
66 48 30052
66 49 30513
66 50 22555
66 51 10463
66 52 35660
66 53 42800
66 54 38444
66 55 49927
66 56 57239
66 57 59965
66 58 45898
66 59 50163
66 60 49788
66 61 56779
66 62 23473
66 63 17240
66 64 12992
66 65 -5590
66 67 50429
66 68 26895
66 69 27183
66 70 18660
66 71 1376
66 72 50233
66 73 52895
66 74 57073
66 75 55122
66 76 27826
66 77 26460
66 78 19683
66 79 20005
66 80 34826
66 81 11751
66 82 37272
66 83 46353
66 84 52290
66 85 50814
66 86 56525
66 87 51453
66 88 28670
66 89 41320
66 90 15504
66 91 61867
66 92 57239
66 93 52810
66 94 46985
66 95 50323
66 96 51301
66 97 54234
66 98 57309
66 99 53446
66 100 58428
66 101 21970
66 102 16408
66 103 -309
66 104 53440
66 105 39962
66 106 34470
66 107 26145
66 108 13874
66 109 37596
66 110 49980
66 111 29675
66 112 41897
66 113 55947
66 114 41659
66 115 55016
66 116 29045
66 117 53377
66 118 42304
66 119 65713
66 120 9399
66 121 28331
66 122 13814
66 123 30005
66 124 40664
66 125 46612
66 126 17409
66 127 28832
66 128 -187
66 129 24294
66 130 40883
66 131 6228
66 132 26353
66 133 57002
66 134 32827
66 135 9682
66 136 10920
66 137 51415
66 138 36008
66 139 54518
66 140 68335
66 141 60387
66 142 64551
66 143 35850
66 144 55650
66 145 57045
66 146 37049
66 147 43424
66 148 25102
66 149 40320
66 150 33565
66 151 53945
66 152 44967
66 153 36850
66 154 33052
66 155 47037
66 156 45265
66 157 19225
66 158 24490
66 159 17123
66 160 3681
66 161 -1651
66 162 23446
66 163 34932
66 164 8188
66 165 46642
66 166 41577
66 167 29717
66 168 37178
66 169 20859
66 170 52061
66 171 51776
66 172 59555
66 173 54566
66 174 43744
66 175 27842
66 176 23088
66 177 35490
66 178 52374
66 179 42603
66 180 42914
66 181 451
66 182 24895
66 183 45470
66 184 28552
66 185 19649
66 186 59013
66 187 53873
66 188 -1114
66 189 18687
66 190 23749
66 191 61508
66 192 62541
66 193 58196
66 194 33370
66 195 37489
66 196 26157
66 197 52596
66 198 45607
66 199 48058
66 200 33386
67 1 47943
67 2 31794
67 3 38608
67 4 13790
67 5 50898
67 6 48624
67 7 63305
67 8 65543
67 9 47313
67 10 61969
67 11 69444
67 12 30537
67 13 37557
67 14 43780
67 15 26478
67 16 50536
67 17 60288
67 18 54582
67 19 68342
67 20 60050
67 21 23800
67 22 18992
67 23 -3155
67 24 24065
67 25 9772
67 26 29657
67 27 44695
67 28 39888
67 29 31068
67 30 54506
67 31 52483
67 32 61808
67 33 45246
67 34 40028
67 35 54078
67 36 76516
67 37 47069
67 38 50181
67 39 -3155
67 40 31129
67 41 19670
67 42 40040
67 43 33434
67 44 50708
67 45 61381
67 46 67951
67 47 68653
67 48 59964
67 49 74916
67 50 42997
67 51 51436
67 52 53630
67 53 38818
67 54 19723
67 55 16443
67 56 11760
67 57 32333
67 58 34576
67 59 43496
67 60 57141
67 61 53568
67 62 62568
67 63 70351
67 64 67572
67 65 52982
67 66 53090
67 68 27917
67 69 50161
67 70 57020
67 71 55731
67 72 16023
67 73 22614
67 74 19470
67 75 12096
67 76 37972
67 77 36692
67 78 42877
67 79 37903
67 80 31990
67 81 42274
67 82 61313
67 83 58054
67 84 57392
67 85 43828
67 86 49789
67 87 33690
67 88 59895
67 89 47706
67 90 68224
67 91 51907
67 92 47637
67 93 47382
67 94 42085
67 95 41859
67 96 48052
67 97 41907
67 98 47872
67 99 49697
67 100 45988
67 101 53541
67 102 39947
67 103 51081
67 104 49691
67 105 32827
67 106 58550
67 107 69196
67 108 60196
67 109 29249
67 110 20569
67 111 40747
67 112 42120
67 113 55978
67 114 59676
67 115 29446
67 116 35905
67 117 42614
67 118 48385
67 119 50331
67 120 46334
67 121 32052
67 122 54047
67 123 66166
67 124 70031
67 125 60416
67 126 69474
67 127 54158
67 128 57811
67 129 41655
67 130 17781
67 131 64261
67 132 47418
67 133 15518
67 134 19702
67 135 51496
67 136 60485
67 137 36566
67 138 35000
67 139 8468
67 140 50187
67 141 50394
67 142 41880
67 143 76525
67 144 32945
67 145 21699
67 146 47831
67 147 45846
67 148 60401
67 149 25142
67 150 30729
67 151 44343
67 152 33645
67 153 58211
67 154 32044
67 155 12907
67 156 47799
67 157 44307
67 158 37615
67 159 57998
67 160 58987
67 161 49537
67 162 53405
67 163 25184
67 164 39812
67 165 15594
67 166 50648
67 167 48336
67 168 70948
67 169 35971
67 170 -284
67 171 15920
67 172 37071
67 173 56207
67 174 63151
67 175 71937
67 176 43477
67 177 27416
67 178 27518
67 179 21314
67 180 27423
67 181 61808
67 182 57089
67 183 43329
67 184 34447
67 185 42452
67 186 9743
67 187 7046
67 188 55801
67 189 61952
67 190 52174
67 191 50683
67 192 47218
67 193 47798
67 194 58801
67 195 24709
67 196 35404
67 197 14310
67 198 18436
67 199 61267
67 200 36752
68 1 14863
68 2 28032
68 3 2930
68 4 13607
68 5 35177
68 6 32027
68 7 35879
68 8 43212
68 9 12043
68 10 29104
68 11 37634
68 12 3266
68 13 25028
68 14 41760
68 15 32280
68 16 41364
68 17 45225
68 18 31996
68 19 38717
68 20 24375
68 21 19127
68 22 27447
68 23 18860
68 24 3847
68 25 15663
68 26 10568
68 27 18295
68 28 13790
68 29 2491
68 30 19637
68 31 21458
68 32 26874
68 33 9547
68 34 8346
68 35 20871
68 36 49309
68 37 38439
68 38 49475
68 39 14241
68 40 18788
68 41 29518
68 42 38343
68 43 38225
68 44 45467
68 45 42037
68 46 44760
68 47 41588
68 48 33297
68 49 45024
68 50 8520
68 51 15711
68 52 27733
68 53 19735
68 54 3773
68 55 15468
68 56 23274
68 57 32765
68 58 20987
68 59 31806
68 60 38659
68 61 41866
68 62 31534
68 63 36604
68 64 34660
68 65 19280
68 66 17461
68 67 15822
68 69 19163
68 70 23346
68 71 20959
68 72 17896
68 73 21732
68 74 24855
68 75 21984
68 76 4442
68 77 1195
68 78 9424
68 79 2811
68 80 152
68 81 6859
68 82 36243
68 83 38191
68 84 41357
68 85 33532
68 86 41542
68 87 27580
68 88 30221
68 89 27167
68 90 34067
68 91 43673
68 92 37546
68 93 35680
68 94 27866
68 95 30199
68 96 34018
68 97 32810
68 98 38422
68 99 36494
68 100 38710
68 101 20805
68 102 4615
68 103 15522
68 104 36488
68 105 14388
68 106 32163
68 107 38412
68 108 26750
68 109 4695
68 110 16624
68 111 11060
68 112 23082
68 113 43719
68 114 37491
68 115 27032
68 116 1377
68 117 31872
68 118 30538
68 119 45991
68 120 11425
68 121 1424
68 122 19154
68 123 37194
68 124 44328
68 125 40950
68 126 35860
68 127 24945
68 128 22199
68 129 6943
68 130 6177
68 131 29090
68 132 16511
68 133 24607
68 134 -1124
68 135 18020
68 136 27166
68 137 27067
68 138 9503
68 139 19849
68 140 48924
68 141 43135
68 142 41062
68 143 47737
68 144 30001
68 145 26871
68 146 23036
68 147 27696
68 148 29988
68 149 8910
68 150 -1109
68 151 34252
68 152 20056
68 153 32763
68 154 6547
68 155 12724
68 156 26648
68 157 8733
68 158 1937
68 159 26253
68 160 23664
68 161 14368
68 162 21556
68 163 1981
68 164 6546
68 165 12102
68 166 30305
68 167 20133
68 168 43695
68 169 3498
68 170 17587
68 171 20204
68 172 34997
68 173 41993
68 174 41293
68 175 40925
68 176 11481
68 177 1130
68 178 24825
68 179 9108
68 180 13918
68 181 26857
68 182 28064
68 183 27444
68 184 1620
68 185 6924
68 186 24884
68 187 19170
68 188 20066
68 189 29087
68 190 22147
68 191 43582
68 192 42466
68 193 39632
68 194 31972
68 195 5294
68 196 924
68 197 19326
68 198 13295
68 199 41138
68 200 14267
69 1 1307
69 2 27685
69 3 14958
69 4 27031
69 5 21004
69 6 20556
69 7 15499
69 8 24333
69 9 13223
69 10 10447
69 11 17986
69 12 13747
69 13 18585
69 14 34586
69 15 32057
69 16 29779
69 17 29672
69 18 14367
69 19 18206
69 20 15842
69 21 25333
69 22 34286
69 23 30540
69 24 24461
69 25 33536
69 26 15143
69 27 4551
69 28 9427
69 29 21406
69 30 6578
69 31 1090
69 32 12345
69 33 12968
69 34 19108
69 35 25568
69 36 28705
69 37 29639
69 38 40983
69 39 28827
69 40 19732
69 41 34901
69 42 33810
69 43 35563
69 44 36001
69 45 24307
69 46 25029
69 47 21030
69 48 12890
69 49 24666
69 50 6478
69 51 11742
69 52 9228
69 53 15119
69 54 20630
69 55 33388
69 56 34592
69 57 31995
69 58 18157
69 59 21745
69 60 23194
69 61 29350
69 62 11347
69 63 19045
69 64 15960
69 65 19860
69 66 11384
69 67 31701
69 68 12798
69 70 6851
69 71 20942
69 72 25771
69 73 27478
69 74 32169
69 75 31069
69 76 9826
69 77 12687
69 78 20011
69 79 13781
69 80 19623
69 81 11139
69 82 16470
69 83 21223
69 84 26180
69 85 22719
69 86 29394
69 87 22944
69 88 9608
69 89 13181
69 90 17411
69 91 33664
69 92 28688
69 93 24660
69 94 18380
69 95 21703
69 96 22962
69 97 25599
69 98 28899
69 99 25238
69 100 29963
69 101 2783
69 102 4574
69 103 12876
69 104 25232
69 105 13293
69 106 12260
69 107 18231
69 108 8934
69 109 18002
69 110 27472
69 111 4728
69 112 13275
69 113 29665
69 114 18884
69 115 27568
69 116 13060
69 117 24751
69 118 15492
69 119 37359
69 120 15224
69 121 20211
69 122 7530
69 123 16590
69 124 24027
69 125 23261
69 126 18107
69 127 4502
69 128 12209
69 129 18747
69 130 23011
69 131 15579
69 132 -1388
69 133 32010
69 134 18851
69 135 22963
69 136 30419
69 137 23151
69 138 12220
69 139 34495
69 140 40189
69 141 32506
69 142 35920
69 143 27174
69 144 27374
69 145 30310
69 146 8470
69 147 15125
69 148 9524
69 149 17263
69 150 18362
69 151 25394
69 152 17226
69 153 13377
69 154 9264
69 155 26148
69 156 16712
69 157 9545
69 158 13965
69 159 6476
69 160 11514
69 161 13805
69 162 1841
69 163 22501
69 164 14498
69 165 29918
69 166 14593
69 167 1596
69 168 23126
69 169 17701
69 170 34593
69 171 26281
69 172 31033
69 173 27870
69 174 22395
69 175 20849
69 176 -949
69 177 18235
69 178 24744
69 179 21314
69 180 17373
69 181 11817
69 182 7449
69 183 16916
69 184 10302
69 185 14127
69 186 36534
69 187 34247
69 188 13077
69 189 10430
69 190 1532
69 191 33440
69 192 34106
69 193 29911
69 194 11864
69 195 15878
69 196 9959
69 197 29127
69 198 21828
69 199 23698
69 200 5055
70 1 4897
70 2 36669
70 3 17942
70 4 34830
70 5 27260
70 6 28383
70 7 16264
70 8 27005
70 9 9458
70 10 3744
70 11 12462
70 12 20753
70 13 27278
70 14 42530
70 15 40956
70 16 36595
70 17 34668
70 18 19327
70 19 15013
70 20 8186
70 21 34051
70 22 43121
70 23 38928
70 24 28998
70 25 40246
70 26 23558
70 27 13396
70 28 18073
70 29 24361
70 30 -1764
70 31 491
70 32 3407
70 33 12697
70 34 18006
70 35 21459
70 36 26597
70 37 37545
70 38 48389
70 39 36595
70 40 28673
70 41 43844
70 42 42354
70 43 44207
70 44 43385
70 45 27874
70 46 25918
70 47 19666
70 48 12706
70 49 20465
70 50 9932
70 51 7629
70 52 14859
70 53 24119
70 54 27324
70 55 40016
70 56 42927
70 57 40923
70 58 27150
70 59 29504
70 60 29072
70 61 35987
70 62 7471
70 63 11280
70 64 9172
70 65 13459
70 66 3557
70 67 39256
70 68 17677
70 69 7547
70 71 15266
70 72 34429
70 73 36295
70 74 40930
70 75 39695
70 76 15265
70 77 16811
70 78 19827
70 79 15297
70 80 25022
70 81 9937
70 82 18240
70 83 25976
70 84 31720
70 85 30031
70 86 35791
70 87 31631
70 88 9230
70 89 20609
70 90 9060
70 91 41101
70 92 36695
70 93 32043
70 94 26571
70 95 29937
70 96 30612
70 97 33963
70 98 36633
70 99 32701
70 100 37778
70 101 1783
70 102 6300
70 103 7204
70 104 32695
70 105 22203
70 106 14618
70 107 13809
70 108 1264
70 109 24943
70 110 35638
70 111 12729
70 112 21859
70 113 35385
70 114 22042
70 115 36564
70 116 18118
70 117 33233
70 118 21559
70 119 44986
70 120 12499
70 121 23369
70 122 1449
70 123 14355
70 124 23874
70 125 26926
70 126 10468
70 127 8061
70 128 3858
70 129 20195
70 130 29816
70 131 6579
70 132 7248
70 133 40803
70 134 24308
70 135 19243
70 136 25429
70 137 32022
70 138 20270
70 139 42192
70 140 47542
70 141 39579
70 142 44312
70 143 23924
70 144 36210
70 145 39299
70 146 16756
70 147 22749
70 148 7144
70 149 25392
70 150 23761
70 151 33401
70 152 26219
70 153 16668
70 154 17314
70 155 33947
70 156 25472
70 157 10521
70 158 16949
70 159 1599
70 160 2719
70 161 8474
70 162 2754
70 163 27420
70 164 12592
70 165 36555
70 166 20789
70 167 9245
70 168 21715
70 169 18930
70 170 41700
70 171 35134
70 172 39683
70 173 33878
70 174 24826
70 175 16141
70 176 5698
70 177 24456
70 178 33730
70 179 29048
70 180 26127
70 181 3084
70 182 6591
70 183 24976
70 184 16153
70 185 14853
70 186 44856
70 187 41850
70 188 5748
70 189 3727
70 190 3136
70 191 40714
70 192 41858
70 193 37455
70 194 13722
70 195 23546
70 196 14892
70 197 37599
70 198 30285
70 199 27933
70 200 13984
71 1 21674
71 2 53161
71 3 19934
71 4 42623
71 5 49840
71 6 49426
71 7 39382
71 8 50273
71 9 -735
71 10 23842
71 11 30348
71 12 29789
71 13 46272
71 14 63150
71 15 58020
71 16 58774
71 17 57842
71 18 42382
71 19 35407
71 20 8513
71 21 46650
71 22 55659
71 23 47877
71 24 27954
71 25 43301
71 26 36205
71 27 32880
71 28 33543
71 29 20873
71 30 12024
71 31 23809
71 32 12277
71 33 12697
71 34 5252
71 35 653
71 36 46948
71 37 58338
71 38 69869
71 39 43026
71 40 43767
71 41 57407
71 42 61474
71 43 62744
71 44 64926
71 45 51196
71 46 48538
71 47 41114
71 48 35194
71 49 38223
71 50 19737
71 51 8269
71 52 37509
71 53 41178
71 54 32723
71 55 43402
71 56 52251
71 57 57967
71 58 44090
71 59 50578
71 60 51838
71 61 58315
71 62 28800
71 63 24896
71 64 21711
71 65 -8895
71 66 -7818
71 67 43876
71 68 21199
71 69 27547
71 70 21175
71 72 46151
71 73 49303
71 74 53087
71 75 50681
71 76 24029
71 77 21513
71 78 11988
71 79 13756
71 80 29168
71 81 5968
71 82 41427
71 83 49152
71 84 54685
71 85 51689
71 86 58325
71 87 50381
71 88 32411
71 89 42179
71 90 22549
71 91 62592
71 92 57334
71 93 53623
71 94 46955
71 95 50167
71 96 51869
71 97 53822
71 98 57716
71 99 54192
71 100 58704
71 101 23395
71 102 13024
71 103 -3393
71 104 54186
71 105 37659
71 106 37937
71 107 32930
71 108 19462
71 109 32839
71 110 45323
71 111 27805
71 112 41527
71 113 58308
71 114 45360
71 115 52632
71 116 24364
71 117 52834
71 118 44230
71 119 66176
71 120 2399
71 121 21192
71 122 14951
71 123 35781
71 124 46145
71 125 50250
71 126 24848
71 127 31032
71 128 5364
71 129 17748
71 130 35023
71 131 13604
71 132 26267
71 133 52965
71 134 26294
71 135 352
71 136 2443
71 137 50011
71 138 32912
71 139 48700
71 140 69099
71 141 61499
71 142 63873
71 143 43093
71 144 54098
71 145 53985
71 146 37324
71 147 44082
71 148 29642
71 149 36309
71 150 27907
71 151 54040
71 152 43159
71 153 39972
71 154 29956
71 155 41740
71 156 44728
71 157 15516
71 158 18941
71 159 22477
71 160 9396
71 161 -8045
71 162 25172
71 163 28147
71 164 -345
71 165 40230
71 166 43343
71 167 30537
71 168 43192
71 169 13297
71 170 45406
71 171 48083
71 172 58433
71 173 56627
71 174 48032
71 175 34800
71 176 22131
71 177 30090
71 178 50142
71 179 37804
71 180 39805
71 181 9406
71 182 29373
71 183 45641
71 184 24399
71 185 13990
71 186 53893
71 187 47924
71 188 1804
71 189 23825
71 190 26366
71 191 62404
71 192 62856
71 193 58802
71 194 37016
71 195 33116
71 196 21776
71 197 48047
71 198 41451
71 199 51210
71 200 32550
72 1 30376
72 2 9660
72 3 26930
72 4 3525
72 5 28129
72 6 25824
72 7 41653
72 8 42842
72 9 35740
72 10 42852
72 11 49173
72 12 15290
72 13 14733
72 14 24098
72 15 9726
72 16 28811
72 17 37709
72 18 32107
72 19 47058
72 20 45185
72 21 1645
72 22 2756
72 23 -1554
72 24 20171
72 25 13078
72 26 10497
72 27 24104
72 28 20497
72 29 25011
72 30 37789
72 31 32675
72 32 44596
72 33 32702
72 34 32941
72 35 45491
72 36 54305
72 37 25028
72 38 31598
72 39 547
72 40 8930
72 41 4886
72 42 19819
72 43 16684
72 44 30045
72 45 38557
72 46 45233
72 47 46532
72 48 37893
72 49 53442
72 50 27478
72 51 37511
72 52 32059
72 53 17147
72 54 10124
72 55 15468
72 56 3319
72 57 12164
72 58 11999
72 59 20930
72 60 34326
72 61 31282
72 62 42203
72 63 51527
72 64 47642
72 65 43626
72 66 39783
72 67 2912
72 68 16880
72 69 31120
72 70 39082
72 71 44895
72 73 -166
72 74 160
72 75 -1493
72 76 22903
72 77 23854
72 78 34122
72 79 27282
72 80 20999
72 81 30659
72 82 39023
72 83 35258
72 84 34651
72 85 21644
72 86 28508
72 87 11685
72 88 39202
72 89 25222
72 90 49981
72 91 30195
72 92 25243
72 93 24910
72 94 19262
72 95 19170
72 96 25275
72 97 19524
72 98 25719
72 99 27011
72 100 24362
72 101 35146
72 102 25469
72 103 38464
72 104 27005
72 105 11682
72 106 36720
72 107 48377
72 108 41482
72 109 15204
72 110 4345
72 111 22413
72 112 19747
72 113 33785
72 114 36989
72 115 7552
72 116 22400
72 117 19941
72 118 25561
72 119 29874
72 120 35573
72 121 24733
72 122 37654
72 123 44731
72 124 47674
72 125 37591
72 126 50562
72 127 33666
72 128 42485
72 129 31561
72 130 9567
72 131 47514
72 132 28519
72 133 14
72 134 13089
72 135 42617
72 136 51722
72 137 13811
72 138 16903
72 139 7704
72 140 31353
72 141 29159
72 142 22292
72 143 54720
72 144 11646
72 145 3256
72 146 26495
72 147 23119
72 148 39879
72 149 7351
72 150 19738
72 151 21949
72 152 11068
72 153 36201
72 154 13947
72 155 2642
72 156 25915
72 157 30335
72 158 25937
72 159 38051
72 160 42767
72 161 37998
72 162 34369
72 163 18977
72 164 31230
72 165 12947
72 166 27979
72 167 27901
72 168 48887
72 169 28022
72 170 9766
72 171 -4189
72 172 16511
72 173 33615
72 174 40390
72 175 51204
72 176 25522
72 177 15729
72 178 5680
72 179 6687
72 180 6303
72 181 44300
72 182 35948
72 183 20519
72 184 19724
72 185 30807
72 186 5035
72 187 7877
72 188 41606
72 189 42835
72 190 31929
72 191 29403
72 192 26507
72 193 26056
72 194 37064
72 195 8795
72 196 21399
72 197 -2251
72 198 -1304
72 199 38467
72 200 15361
73 1 28975
73 2 6618
73 3 26930
73 4 5983
73 5 24981
73 6 22769
73 7 39040
73 8 39840
73 9 35404
73 10 40904
73 11 46893
73 12 15029
73 13 11623
73 14 21373
73 15 7917
73 16 25727
73 17 34547
73 18 29224
73 19 44517
73 20 44154
73 21 335
73 22 3502
73 23 1124
73 24 21657
73 25 15852
73 26 9393
73 27 21969
73 28 18881
73 29 25963
73 30 36422
73 31 30616
73 32 43027
73 33 32344
73 34 33405
73 35 45569
73 36 51477
73 37 21920
73 38 28985
73 39 3709
73 40 6472
73 41 4788
73 42 17090
73 43 14628
73 44 27125
73 45 35444
73 46 42217
73 47 43741
73 48 35130
73 49 50823
73 50 26628
73 51 36767
73 52 29522
73 53 14771
73 54 11415
73 55 17929
73 56 6404
73 57 9640
73 58 9175
73 59 17769
73 60 31246
73 61 28136
73 62 39936
73 63 49587
73 64 45399
73 65 43451
73 66 38971
73 67 6029
73 68 17242
73 69 29353
73 70 37474
73 71 44573
73 72 -3640
73 74 1470
73 75 932
73 76 22321
73 77 23709
73 78 34406
73 79 27371
73 80 21476
73 81 30427
73 82 36195
73 83 32199
73 84 31498
73 85 18512
73 86 25474
73 87 8611
73 88 36882
73 89 22358
73 90 48192
73 91 27124
73 92 22094
73 93 21753
73 94 16146
73 95 16009
73 96 22128
73 97 16379
73 98 22594
73 99 23851
73 100 21312
73 101 33476
73 102 24796
73 103 37880
73 104 23845
73 105 9631
73 106 34062
73 107 45958
73 108 39619
73 109 15373
73 110 6004
73 111 21001
73 112 16969
73 113 30644
73 114 33997
73 115 4614
73 116 22203
73 117 16779
73 118 22464
73 119 26999
73 120 35411
73 121 25522
73 122 36400
73 123 42157
73 124 44809
73 125 34484
73 126 48607
73 127 31446
73 128 41338
73 129 31738
73 130 11216
73 131 46048
73 132 26812
73 133 1211
73 134 14411
73 135 42677
73 136 51722
73 137 10656
73 138 15826
73 139 10795
73 140 28701
73 141 26145
73 142 19651
73 143 52013
73 144 8759
73 145 1858
73 146 24096
73 147 20123
73 148 37587
73 149 7014
73 150 20215
73 151 18800
73 152 8244
73 153 33487
73 154 12870
73 155 5100
73 156 23359
73 157 29744
73 158 25937
73 159 35892
73 160 41442
73 161 37593
73 162 32540
73 163 20226
73 164 31435
73 165 15260
73 166 25010
73 167 25751
73 168 46117
73 169 28528
73 170 12865
73 171 -4432
73 172 13737
73 173 30453
73 174 37352
73 175 48803
73 176 24083
73 177 16279
73 178 2735
73 179 7549
73 180 4588
73 181 42618
73 182 33484
73 183 17454
73 184 19307
73 185 30664
73 186 8022
73 187 10964
73 188 40698
73 189 40887
73 190 29763
73 191 26389
73 192 23600
73 193 22982
73 194 34434
73 195 8795
73 196 21055
73 197 912
73 198 -746
73 199 35402
73 200 13014
74 1 33181
74 2 9323
74 3 30089
74 4 5983
74 5 28556
74 6 26766
74 7 43458
74 8 43899
74 9 38873
74 10 45331
74 11 51365
74 12 18416
74 13 15498
74 14 22685
74 15 7367
74 16 28269
74 17 37822
74 18 33465
74 19 48955
74 20 48154
74 21 4244
74 22 -407
74 23 -3113
74 24 23067
74 25 14887
74 26 13384
74 27 26426
74 28 23172
74 29 28079
74 30 40617
74 31 35065
74 32 47324
74 33 35828
74 34 36086
74 35 48653
74 36 55751
74 37 24659
74 38 29954
74 39 982
74 40 10944
74 41 1801
74 42 18497
74 43 14469
74 44 29003
74 45 39197
74 46 46238
74 47 48051
74 48 39463
74 49 55230
74 50 30493
74 51 40563
74 52 33969
74 53 19244
74 54 13139
74 55 17727
74 56 3179
74 57 10676
74 58 13534
74 59 21040
74 60 35145
74 61 31114
74 62 44408
74 63 54014
74 64 49871
74 65 46779
74 66 42823
74 67 2559
74 68 20039
74 69 33718
74 70 41783
74 71 48031
74 72 -3640
74 73 1144
74 75 -3272
74 76 25981
74 77 27001
74 78 37281
74 79 30444
74 80 24152
74 81 33802
74 82 40481
74 83 36143
74 84 35008
74 85 21390
74 86 27759
74 87 11262
74 88 41354
74 89 26634
74 90 52575
74 91 29630
74 92 25165
74 93 24910
74 94 19968
74 95 19468
74 96 25747
74 97 19435
74 98 25436
74 99 27288
74 100 23736
74 101 37808
74 102 28533
74 103 41556
74 104 27282
74 105 14058
74 106 38462
74 107 50420
74 108 44024
74 109 18365
74 110 7376
74 111 25202
74 112 21327
74 113 33552
74 114 38077
74 115 6992
74 116 25541
74 117 20222
74 118 26307
74 119 28742
74 120 38724
74 121 27837
74 122 40531
74 123 46585
74 124 49051
74 125 38265
74 126 53037
74 127 35915
74 128 45411
74 129 34723
74 130 12450
74 131 50298
74 132 31154
74 133 -3069
74 134 16066
74 135 45779
74 136 54883
74 137 14299
74 138 19821
74 139 8815
74 140 29772
74 141 28367
74 142 20788
74 143 56376
74 144 10742
74 145 872
74 146 28566
74 147 24236
74 148 42059
74 149 10442
74 150 22891
74 151 21871
74 152 12603
74 153 37860
74 154 16865
74 155 5100
74 156 27809
74 157 33419
74 158 29096
74 159 40357
74 160 45618
74 161 41122
74 162 36929
74 163 21973
74 164 34391
74 165 15363
74 166 29148
74 167 30211
74 168 50442
74 169 31165
74 170 10686
74 171 -6432
74 172 15298
74 173 33747
74 174 41334
74 175 53269
74 176 28305
74 177 18878
74 178 5082
74 179 9825
74 180 8875
74 181 46964
74 182 37942
74 183 21433
74 184 22832
74 185 33958
74 186 4359
74 187 8981
74 188 44615
74 189 45314
74 190 34227
74 191 28623
74 192 25461
74 193 25505
74 194 38845
74 195 11941
74 196 24521
74 197 -941
74 198 1843
74 199 39329
74 200 17486
75 1 35668
75 2 12850
75 3 31372
75 4 5398
75 5 32150
75 6 30357
75 7 46836
75 8 47486
75 9 40385
75 10 48237
75 11 54521
75 12 20076
75 13 19099
75 14 25555
75 15 9403
75 16 31620
75 17 41364
75 18 36994
75 19 52293
75 20 50292
75 21 7022
75 22 554
75 23 -6670
75 24 22842
75 25 12997
75 26 15771
75 27 29473
75 28 25860
75 29 28385
75 30 43056
75 31 38057
75 32 49920
75 33 37400
75 34 36807
75 35 49730
75 36 59266
75 37 28097
75 38 32588
75 39 -2009
75 40 14171
75 41 2652
75 42 21494
75 43 16592
75 44 32107
75 45 42801
75 46 49831
75 47 51543
75 48 42937
75 49 58623
75 50 32534
75 51 42463
75 52 37291
75 53 22443
75 54 13421
75 55 16443
75 56 231
75 57 13669
75 58 16982
75 59 24598
75 60 38748
75 61 34596
75 62 47553
75 63 56911
75 64 53001
75 65 48077
75 66 44748
75 67 -939
75 68 21044
75 69 36494
75 70 44424
75 71 49501
75 72 -1417
75 73 4482
75 74 604
75 76 27826
75 77 28444
75 78 38216
75 79 31611
75 80 25078
75 81 35243
75 82 43988
75 83 39743
75 84 38593
75 85 24854
75 86 31003
75 87 14716
75 88 44536
75 89 30144
75 90 55352
75 91 32983
75 92 28688
75 93 28442
75 94 23573
75 95 23056
75 96 29347
75 97 22963
75 98 28899
75 99 30869
75 100 27073
75 101 40503
75 102 30408
75 103 43289
75 104 30863
75 105 17054
75 106 41867
75 107 53676
75 108 46862
75 109 19688
75 110 8140
75 111 27724
75 112 24779
75 113 37006
75 114 41659
75 115 10480
75 116 27055
75 117 23811
75 118 29912
75 119 31798
75 120 40075
75 121 28331
75 122 42880
75 123 49944
75 124 52582
75 125 41870
75 126 55946
75 127 39024
75 128 47649
75 129 35802
75 130 12369
75 131 52807
75 132 33886
75 133 -2907
75 134 16126
75 135 46881
75 136 56026
75 137 17904
75 138 22129
75 139 6432
75 140 32462
75 141 31604
75 142 23627
75 143 59823
75 144 14033
75 145 3306
75 146 31793
75 147 27806
75 148 45222
75 149 12338
75 150 23817
75 151 25394
75 152 16051
75 153 41297
75 154 19173
75 155 4515
75 156 31129
75 157 35216
75 158 30379
75 159 43423
75 160 48010
75 161 42681
75 162 39748
75 163 22065
75 164 35374
75 165 14332
75 166 32714
75 167 33270
75 168 53923
75 169 31898
75 170 7924
75 171 -3047
75 172 18385
75 173 37297
75 174 44932
75 175 56511
75 176 30831
75 177 19801
75 178 8546
75 179 10804
75 180 11688
75 181 49649
75 182 41224
75 183 25027
75 184 24554
75 185 35338
75 186 914
75 187 6544
75 188 46642
75 189 48220
75 190 37298
75 191 31872
75 192 28577
75 193 28867
75 194 42233
75 195 13503
75 196 26157
75 197 -1290
75 198 3647
75 199 42931
75 200 20674
76 1 7465
76 2 26271
76 3 3555
76 4 17385
76 5 29257
76 6 26580
76 7 28319
76 8 36051
76 9 9993
76 10 21855
76 11 30241
76 12 3126
76 13 20993
76 14 38230
76 15 31071
76 16 36372
76 17 39044
76 18 25051
76 19 31123
76 20 19489
76 21 19534
76 22 28680
76 23 22328
76 24 11462
76 25 21842
76 26 9004
76 27 11413
76 28 8091
76 29 8947
76 30 13361
76 31 13871
76 32 20668
76 33 6975
76 34 10604
76 35 20871
76 36 41698
76 37 34134
76 38 45670
76 39 18899
76 40 16763
76 41 30283
76 42 35525
76 43 36261
76 44 41191
76 45 35213
76 46 37396
76 47 33990
76 48 25738
76 49 37472
76 50 1863
76 51 11463
76 52 20481
76 53 15398
76 54 8987
76 55 21605
76 56 26373
76 57 31122
76 58 17749
76 59 27014
76 60 32325
76 61 36525
76 62 24000
76 63 29707
76 64 27553
76 65 18145
76 66 13748
76 67 21233
76 68 -202
76 69 11547
76 70 16290
76 71 19145
76 72 19275
76 73 22167
76 74 26153
76 75 24122
76 77 318
76 78 11116
76 79 3756
76 80 6754
76 81 5242
76 82 28836
76 83 31498
76 84 35211
76 85 28657
76 86 36462
76 87 24470
76 88 22605
76 89 20944
76 90 27336
76 91 39104
76 92 33134
76 93 30674
76 94 23014
76 95 25761
76 96 28849
76 97 28853
76 98 33896
76 99 31340
76 100 34498
76 101 13403
76 102 -592
76 103 12408
76 104 31334
76 105 11030
76 106 24703
76 107 30894
76 108 19686
76 109 6971
76 110 19037
76 111 3989
76 112 17711
76 113 38002
76 114 30389
76 115 25621
76 116 67
76 117 27820
76 118 24321
76 119 41970
76 120 10288
76 121 7716
76 122 12903
76 123 29580
76 124 36801
76 125 34130
76 126 28907
76 127 17356
76 128 17038
76 129 8540
76 130 11504
76 131 23126
76 132 8903
76 133 26071
76 134 6066
76 135 17979
76 136 26774
76 137 23905
76 138 5860
76 139 24454
76 140 45030
76 141 38470
76 142 38130
76 143 40132
76 144 27632
76 145 26782
76 146 16299
76 147 21916
76 148 22397
76 149 9345
76 150 5493
76 151 29840
76 152 16818
76 153 25412
76 154 2904
76 155 16502
76 156 21000
76 157 4265
76 158 2562
76 159 18798
76 160 17911
76 161 12119
76 162 14012
76 163 9535
76 164 7421
76 165 18151
76 166 23813
76 167 12721
76 168 36094
76 169 6999
76 170 23418
76 171 20996
76 172 32312
76 173 36165
76 174 34142
76 175 33433
76 176 3872
76 177 6031
76 178 23210
76 179 11786
76 180 12621
76 181 20674
76 182 20449
76 183 22241
76 184 -2227
76 185 5879
76 186 28203
76 187 23994
76 188 15689
76 189 21838
76 190 14532
76 191 39043
76 192 38490
76 193 35135
76 194 24469
76 195 6519
76 196 -2907
76 197 21606
76 198 14621
76 199 34343
76 200 8541
77 1 10251
77 2 29241
77 3 -325
77 4 17668
77 5 33363
77 6 30618
77 7 31970
77 8 40038
77 9 8136
77 10 24283
77 11 32888
77 12 4599
77 13 24704
77 14 41869
77 15 33896
77 16 40360
77 17 43166
77 18 29118
77 19 34281
77 20 19553
77 21 21525
77 22 30387
77 23 22898
77 24 8420
77 25 20581
77 26 11619
77 27 15519
77 28 12073
77 29 4992
77 30 14637
77 31 17050
77 32 21877
77 33 5205
77 34 6959
77 35 18111
77 36 45128
77 37 37957
77 38 49402
77 39 18726
77 40 19732
77 41 32233
77 42 38924
77 43 39389
77 44 45028
77 45 39292
77 46 41260
77 47 37506
77 48 29375
77 49 40458
77 50 3689
77 51 10987
77 52 24458
77 53 19119
77 54 8283
77 55 20365
77 56 27108
77 57 34083
77 58 21175
77 59 30943
77 60 36448
77 61 40567
77 62 26968
77 63 31649
77 64 29748
77 65 15980
77 66 13013
77 67 20584
77 68 -2818
77 69 15039
77 70 18467
77 71 17260
77 72 20857
77 73 24186
77 74 27804
77 75 25371
77 76 949
77 78 7538
77 79 159
77 80 4860
77 81 3006
77 82 32680
77 83 35602
77 84 39332
77 85 32613
77 86 40471
77 87 27935
77 88 25985
77 89 25062
77 90 29088
77 91 42999
77 92 36976
77 93 34652
77 94 26940
77 95 29599
77 96 32848
77 97 32572
77 98 37773
77 99 35340
77 100 38305
77 101 16141
77 102 -381
77 103 11228
77 104 35334
77 105 14415
77 106 28509
77 107 33802
77 108 21848
77 109 7534
77 110 20033
77 111 8098
77 112 21717
77 113 42096
77 114 34401
77 115 28458
77 116 -859
77 117 31553
77 118 28442
77 119 45742
77 120 7923
77 121 3771
77 122 14154
77 123 32891
77 124 40490
77 125 38211
77 126 30917
77 127 20968
77 128 17328
77 129 4794
77 130 10774
77 131 24108
77 132 12495
77 133 27665
77 134 3872
77 135 15213
77 136 24217
77 137 27354
77 138 9112
77 139 24298
77 140 48784
77 141 42394
77 142 41576
77 143 43332
77 144 30852
77 145 29103
77 146 20414
77 147 25999
77 148 25565
77 149 11120
77 150 3599
77 151 33682
77 152 20244
77 153 29314
77 154 6156
77 155 16785
77 156 25043
77 157 3819
77 158 -1318
77 159 21582
77 160 18699
77 161 10440
77 162 17067
77 163 6812
77 164 4215
77 165 16971
77 166 27934
77 167 16621
77 168 39595
77 169 2977
77 170 22441
77 171 22889
77 172 35659
77 173 40266
77 174 38130
77 175 36277
77 176 7297
77 177 5251
77 178 26130
77 179 12536
77 180 15256
77 181 21864
77 182 23867
77 183 26235
77 184 -220
77 185 3159
77 186 28830
77 187 23701
77 188 15376
77 189 24266
77 190 17958
77 191 42938
77 192 42247
77 193 39013
77 194 28221
77 195 7819
77 196 -2671
77 197 22747
77 198 16158
77 199 38431
77 200 12587
78 1 17059
78 2 41218
78 3 6067
78 4 27139
78 5 44191
78 6 41937
78 7 39285
78 8 48826
78 9 1019
78 10 27698
78 11 36239
78 12 16303
78 13 36608
78 14 53830
78 15 45781
78 16 51803
78 17 53603
78 18 38702
78 19 39342
78 20 16760
78 21 32950
78 22 41375
78 23 32226
78 24 11462
78 25 26888
78 26 23558
78 27 25907
78 28 23657
78 29 4387
78 30 15708
78 31 23280
78 32 21318
78 33 4205
78 34 -5012
78 35 7098
78 36 50909
78 37 49743
78 38 61291
78 39 26958
78 40 31733
78 41 43437
78 42 50963
78 43 51397
78 44 56790
78 45 48781
78 46 49150
78 47 43817
78 48 36375
78 49 44503
78 50 11344
78 51 8879
78 52 33629
78 53 31009
78 54 17068
78 55 27073
78 56 36900
78 57 46046
78 58 33202
78 59 42553
78 60 46879
78 61 51815
78 62 31801
78 63 32892
78 64 31113
78 65 5829
78 66 6935
78 67 27468
78 68 6110
78 69 23062
78 70 22182
78 71 8434
78 72 31824
78 73 35582
78 74 38783
78 75 35842
78 76 12446
78 77 8237
78 79 -587
78 80 13963
78 81 -1849
78 82 40741
78 83 45479
78 84 49882
78 85 44152
78 86 51832
78 87 39961
78 88 32525
78 89 35812
78 90 30071
78 91 54668
78 92 48737
78 93 46140
78 94 38567
78 95 41368
78 96 44287
78 97 44471
78 98 49478
78 99 46768
78 100 50111
78 101 21783
78 102 4777
78 103 5204
78 104 46762
78 105 26444
78 106 36571
78 107 37973
78 108 24402
78 109 18508
78 110 30515
78 111 18872
78 112 33176
78 113 53001
78 114 43399
78 115 40381
78 116 11118
78 117 43439
78 118 39006
78 119 57589
78 120 -390
78 121 4766
78 122 15997
78 123 38608
78 124 47599
78 125 47725
78 126 32425
78 127 28688
78 128 14759
78 129 2723
78 130 19190
78 131 22990
78 132 20968
78 133 38529
78 134 10066
78 135 4326
78 136 13477
78 137 39381
78 138 21143
78 139 32716
78 140 60650
78 141 54000
78 142 53609
78 143 48210
78 144 42887
78 145 40669
78 146 30816
78 147 37099
78 148 31227
78 149 22604
78 150 12702
78 151 45443
78 152 32271
78 153 37860
78 154 18187
78 155 26256
78 156 36398
78 157 7383
78 158 5074
78 159 25890
78 160 17518
78 161 2667
78 162 23388
78 163 11799
78 164 -7329
78 165 23965
78 166 38258
78 167 25716
78 168 45869
78 169 -3196
78 170 28989
78 171 34112
78 172 47700
78 173 51130
78 174 46875
78 175 40207
78 176 15809
78 177 15005
78 178 38087
78 179 23021
78 180 27156
78 181 20622
78 182 30307
78 183 37702
78 184 11816
78 185 2204
78 186 38394
78 187 31853
78 188 11405
78 189 27681
78 190 24980
78 191 54605
78 192 54111
78 193 50714
78 194 36033
78 195 19074
78 196 9235
78 197 33188
78 198 27212
78 199 48088
78 200 23953
79 1 12866
79 2 35631
79 3 453
79 4 22652
79 5 38896
79 6 36462
79 7 35290
79 8 44303
79 9 3185
79 10 25229
79 11 33946
79 12 10820
79 13 30966
79 14 48179
79 15 40252
79 16 46303
79 17 48464
79 18 33837
79 19 36333
79 20 16953
79 21 27636
79 22 36281
79 23 27891
79 24 9262
79 25 23759
79 26 17988
79 27 20680
79 28 18073
79 29 3167
79 30 14045
79 31 19586
79 32 20668
79 33 1862
79 34 618
79 35 11973
79 36 47663
79 37 44133
79 38 55657
79 39 23071
79 40 26129
79 41 38248
79 42 45310
79 43 45789
79 44 51190
79 45 43998
79 46 45015
79 47 40315
79 48 32556
79 49 42004
79 50 6528
79 51 8269
79 52 28872
79 53 25368
79 54 12723
79 55 23714
79 56 32330
79 57 40469
79 58 27547
79 59 36994
79 60 41719
79 61 46379
79 62 28800
79 63 31499
79 64 29797
79 65 10237
79 66 8997
79 67 24234
79 68 1237
79 69 18572
79 70 19392
79 71 11942
79 72 26724
79 73 30287
79 74 33686
79 75 30977
79 76 6826
79 77 2598
79 78 1153
79 80 9197
79 81 -1849
79 82 36482
79 83 40528
79 84 44692
79 85 38618
79 86 46364
79 87 34305
79 88 28782
79 89 30517
79 90 28732
79 91 49094
79 92 43133
79 93 40620
79 94 32998
79 95 35761
79 96 38779
79 97 38832
79 98 43891
79 99 41265
79 100 44497
79 101 18179
79 102 470
79 103 6967
79 104 41259
79 105 20789
79 106 32274
79 107 35339
79 108 22309
79 109 13295
79 110 25601
79 111 13471
79 112 27649
79 113 47691
79 114 38787
79 115 34827
79 116 5507
79 117 37802
79 118 33799
79 119 51965
79 120 2399
79 121 2526
79 122 13843
79 123 35307
79 124 43762
79 125 42930
79 126 30904
79 127 24431
79 128 14929
79 129 -1277
79 130 15035
79 131 22579
79 132 16303
79 133 33491
79 134 6590
79 135 9092
79 136 18200
79 137 33725
79 138 15490
79 139 28723
79 140 55022
79 141 48448
79 142 47954
79 143 45345
79 144 37255
79 145 35304
79 146 25607
79 147 31693
79 148 27859
79 149 17241
79 150 7936
79 151 39839
79 152 26616
79 153 33377
79 154 12534
79 155 21769
79 156 30896
79 157 3483
79 158 -540
79 159 23091
79 160 17038
79 161 5466
79 162 19573
79 163 8698
79 164 -2132
79 165 20462
79 166 33124
79 167 20927
79 168 42377
79 169 -2319
79 170 25832
79 171 28904
79 172 42053
79 173 45828
79 174 42379
79 175 37681
79 176 11053
79 177 10173
79 178 32513
79 179 18068
79 180 21610
79 181 20413
79 182 26649
79 183 32180
79 184 6167
79 185 -1293
79 186 33933
79 187 27975
79 188 12197
79 189 25212
79 190 20990
79 191 49033
79 192 48482
79 193 45131
79 194 31833
79 195 13790
79 196 3578
79 197 28321
79 198 22057
79 199 43225
79 200 18443
80 1 16044
80 2 26618
80 3 4909
80 4 11610
80 5 34794
80 6 31527
80 7 36511
80 8 43428
80 9 14041
80 10 30395
80 11 38834
80 12 2380
80 13 24134
80 14 40632
80 15 30709
80 16 40636
80 17 44915
80 18 32107
80 19 39663
80 20 26227
80 21 17421
80 22 25586
80 23 16861
80 24 3218
80 25 13874
80 26 9393
80 27 18484
80 28 13657
80 29 3381
80 30 21254
80 31 22435
80 32 28529
80 33 11502
80 34 10113
80 35 22807
80 36 50063
80 37 37545
80 38 48389
80 39 12264
80 40 17528
80 41 27696
80 42 37082
80 43 36770
80 44 44526
80 45 42037
80 46 45124
80 47 42290
80 48 33916
80 49 46053
80 50 9932
80 51 17599
80 52 28072
80 53 19044
80 54 1785
80 55 13656
80 56 21287
80 57 31295
80 58 19958
80 59 31063
80 60 38455
80 61 41259
80 62 32593
80 63 38065
80 64 36038
80 65 21256
80 66 19422
80 67 13925
80 68 -5818
80 69 20018
80 70 24721
80 71 22958
80 72 16045
80 73 19996
80 74 22998
80 75 20048
80 76 5428
80 77 2903
80 78 11307
80 79 4801
80 81 8855
80 82 36672
80 83 38143
80 84 41049
80 85 32789
80 86 40824
80 87 26418
80 88 31066
80 89 26969
80 90 35581
80 91 42832
80 92 36695
80 93 34989
80 94 27178
80 95 29376
80 96 33402
80 97 31849
80 98 37587
80 99 35862
80 100 37778
80 101 21990
80 102 6300
80 103 17499
80 104 35856
80 105 13494
80 106 32661
80 107 39491
80 108 28134
80 109 3141
80 110 14705
80 111 11478
80 112 22615
80 113 43225
80 114 37672
80 115 25552
80 116 2562
80 117 30953
80 118 30284
80 119 44986
80 120 13423
80 121 2526
80 122 20763
80 123 38052
80 124 44888
80 125 40950
80 126 37298
80 127 25662
80 128 24024
80 129 8903
80 130 4209
80 131 30795
80 132 17323
80 133 22723
80 134 -2531
80 135 19964
80 136 29117
80 137 25958
80 138 8978
80 139 17866
80 140 47861
80 141 42305
80 142 39813
80 143 48645
80 144 28676
80 145 25162
80 146 23119
80 147 27317
80 148 30949
80 149 7351
80 150 -3109
80 151 33401
80 152 19027
80 153 33155
80 154 6022
80 155 10727
80 156 26306
80 157 10521
80 158 3916
80 159 27399
80 160 25400
80 161 16367
80 162 22608
80 163 1095
80 164 8453
80 165 10265
80 166 30191
80 167 20638
80 168 44410
80 169 5211
80 170 15741
80 171 18401
80 172 33717
80 173 41559
80 174 41496
80 175 42034
80 176 12421
80 177 -807
80 178 23378
80 179 7212
80 180 12562
80 181 28528
80 182 28871
80 183 26869
80 184 2245
80 185 8917
80 186 22889
80 187 17200
80 188 21970
80 189 30378
80 190 22985
80 191 42721
80 192 41456
80 193 38774
80 194 32521
80 195 3697
80 196 2164
80 197 17391
80 198 11486
80 199 41138
80 200 13984
81 1 11701
81 2 39677
81 3 5847
81 4 28581
81 5 39849
81 6 38166
81 7 33464
81 8 43363
81 9 -2981
81 10 21392
81 11 29915
81 12 15702
81 13 33786
81 14 51004
81 15 44487
81 16 47995
81 17 48899
81 18 33678
81 19 33099
81 20 11010
81 21 32613
81 22 41553
81 23 33845
81 24 15469
81 25 30079
81 26 22355
81 27 21684
81 28 20680
81 29 8947
81 30 9391
81 31 17363
81 32 15254
81 33 -967
81 34 38
81 35 7546
81 36 44708
81 37 46528
81 38 58188
81 39 29243
81 40 30178
81 41 43355
81 42 48676
81 43 49597
81 44 53453
81 45 43573
81 46 43354
81 47 37709
81 48 30423
81 49 38184
81 50 7108
81 51 2674
81 52 28541
81 53 28325
81 54 18803
81 55 30020
81 56 38156
81 57 44525
81 58 30971
81 59 39070
81 60 42282
81 61 47810
81 62 25575
81 63 26644
81 64 24899
81 65 4851
81 66 2673
81 67 30535
81 68 7215
81 69 17860
81 70 15962
81 71 6084
81 72 32031
81 73 35273
81 74 38974
81 75 36539
81 76 10242
81 77 7375
81 78 1821
81 79 81
81 80 15181
81 82 35078
81 83 40528
81 84 45300
81 85 40517
81 86 47888
81 87 37580
81 88 26594
81 89 31572
81 90 23825
81 91 51206
81 92 45500
81 93 42461
81 94 35178
81 95 38187
81 96 40600
81 97 41561
81 98 46112
81 99 43041
81 100 46917
81 101 15894
81 102 218
81 103 644
81 104 43035
81 105 24332
81 106 30973
81 107 31670
81 108 18077
81 109 18697
81 110 31184
81 111 15303
81 112 29678
81 113 48633
81 114 38032
81 115 39037
81 116 10247
81 117 40524
81 118 34496
81 119 54436
81 120 -3129
81 121 8608
81 122 9692
81 123 32446
81 124 41642
81 125 42536
81 126 26153
81 127 23141
81 128 9020
81 129 4431
81 130 21177
81 131 17010
81 132 15986
81 133 38842
81 134 12906
81 135 4683
81 136 13360
81 137 37064
81 138 19269
81 139 34867
81 140 57490
81 141 50403
81 142 51215
81 143 41929
81 144 40942
81 145 40075
81 146 26495
81 147 33118
81 148 25119
81 149 22235
81 150 13920
81 151 42206
81 152 30040
81 153 32423
81 154 16313
81 155 27698
81 156 32843
81 157 2606
81 158 4854
81 159 19625
81 160 11488
81 161 -651
81 162 17593
81 163 15018
81 164 -4812
81 165 26753
81 166 33648
81 167 20762
81 168 39758
81 169 1901
81 170 32146
81 171 34018
81 172 45518
81 173 46776
81 174 41374
81 175 33894
81 176 11053
81 177 16031
81 178 36622
81 179 23667
81 180 25996
81 181 14761
81 182 24309
81 183 34109
81 184 10403
81 185 -121
81 186 39826
81 187 34158
81 188 6028
81 189 21375
81 190 19234
81 191 51116
81 192 51014
81 193 47313
81 194 30358
81 195 18992
81 196 7742
81 197 33906
81 198 27331
81 199 43007
81 200 20475
82 1 22912
82 2 33674
82 3 36897
82 4 42841
82 5 10201
82 6 19470
82 7 4067
82 8 3441
82 9 33078
82 10 15531
82 11 11909
82 12 33055
82 13 22125
82 14 28540
82 15 34076
82 16 19054
82 17 13160
82 18 4584
82 19 5652
82 20 31130
82 21 37534
82 22 44065
82 23 42845
82 24 45418
82 25 51463
82 26 30837
82 27 18461
82 28 26514
82 29 43201
82 30 21414
82 31 10043
82 32 19986
82 33 34533
82 34 40624
82 35 45209
82 36 9754
82 37 25192
82 38 31355
82 39 43955
82 40 30830
82 41 42850
82 42 32613
82 43 34110
82 44 27231
82 45 4755
82 46 3053
82 47 2068
82 48 -6240
82 49 10070
82 50 28478
82 51 31198
82 52 11107
82 53 26322
82 54 39418
82 55 51670
82 56 47770
82 57 35550
82 58 26831
82 59 17497
82 60 12493
82 61 18574
82 62 8531
82 63 19939
82 64 8758
82 65 36567
82 66 25550
82 67 46930
82 68 33955
82 69 20547
82 70 21621
82 71 38899
82 72 37751
82 73 38397
82 74 43009
82 75 42640
82 76 31192
82 77 34405
82 78 41767
82 79 35768
82 80 40354
82 81 32434
82 83 6193
82 84 12143
82 85 15089
82 86 16478
82 87 24360
82 88 9608
82 89 13181
82 90 22142
82 91 26055
82 92 25495
82 93 18022
82 94 18380
82 95 20841
82 96 19152
82 97 24820
82 98 23582
82 99 19806
82 100 24448
82 101 20344
82 102 26467
82 103 30923
82 104 19800
82 105 26262
82 106 2260
82 107 8744
82 108 14711
82 109 37044
82 110 42349
82 111 24577
82 112 19052
82 113 14998
82 114 -780
82 115 33995
82 116 34388
82 117 25584
82 118 5221
82 119 29801
82 120 35816
82 121 41981
82 122 25142
82 123 3381
82 124 3201
82 125 3982
82 126 19035
82 127 12464
82 128 25737
82 129 40735
82 130 41435
82 131 24692
82 132 20220
82 133 42201
82 134 39149
82 135 42930
82 136 49162
82 137 27888
82 138 30109
82 139 50068
82 140 30381
82 141 22559
82 142 33092
82 143 10662
82 144 29958
82 145 37358
82 146 17824
82 147 13944
82 148 7908
82 149 33388
82 150 39093
82 151 22201
82 152 25900
82 153 3577
82 154 27153
82 155 41958
82 156 25315
82 157 31331
82 158 35904
82 159 6476
82 160 23680
82 161 32212
82 162 17765
82 163 43278
82 164 35624
82 165 48273
82 166 7707
82 167 14844
82 168 4532
82 169 39692
82 170 51406
82 171 36256
82 172 31033
82 173 15084
82 174 1074
82 175 11717
82 176 20947
82 177 38090
82 178 30572
82 179 38051
82 180 30533
82 181 15324
82 182 514
82 183 16916
82 184 31230
82 185 35991
82 186 49574
82 187 50057
82 188 28822
82 189 15514
82 190 9213
82 191 24539
82 192 27445
82 193 22929
82 194 1916
82 195 33387
82 196 31439
82 197 42011
82 198 35609
82 199 6614
82 200 16213
83 1 26382
83 2 26618
83 3 38620
83 4 38966
83 5 272
83 6 12785
83 7 12554
83 8 4249
83 9 38030
83 10 23700
83 11 21863
83 12 32111
83 13 15498
83 14 18559
83 15 25255
83 16 9059
83 17 4839
83 18 2690
83 19 15674
83 20 37917
83 21 32528
83 22 37541
83 23 36855
83 24 45037
83 25 48398
83 26 28135
83 27 18484
83 28 25657
83 29 44196
83 30 27949
83 31 15952
83 32 28529
83 33 37990
83 34 44071
83 35 50381
83 36 17311
83 37 15761
83 38 21423
83 39 39301
83 40 26164
83 41 35627
83 42 23400
83 43 24560
83 44 17184
83 45 89
83 46 6294
83 47 10591
83 48 3408
83 49 19239
83 50 30960
83 51 36280
83 52 12776
83 53 22889
83 54 37461
83 55 48965
83 56 42433
83 57 27446
83 58 21730
83 59 8492
83 60 3583
83 61 8532
83 62 17577
83 63 29419
83 64 18770
83 65 43291
83 66 32958
83 67 41998
83 68 34230
83 69 23627
83 70 27684
83 71 44951
83 72 32313
83 73 32728
83 74 36998
83 75 36722
83 76 32181
83 77 35654
83 78 44832
83 79 38141
83 80 40152
83 81 36211
83 82 4520
83 84 2359
83 85 5202
83 86 6933
83 87 16181
83 88 16734
83 89 9068
83 90 31012
83 91 16083
83 92 16533
83 93 8428
83 94 11175
83 95 12790
83 96 10768
83 97 16379
83 98 14039
83 99 10749
83 100 14709
83 101 25242
83 102 29408
83 103 36819
83 104 10743
83 105 22956
83 106 8467
83 107 18792
83 108 23011
83 109 35694
83 110 38253
83 111 25202
83 112 14840
83 113 5832
83 114 -1226
83 115 26966
83 116 35115
83 117 17856
83 118 -3921
83 119 19763
83 120 40253
83 121 42976
83 122 30759
83 123 13431
83 124 10754
83 125 -989
83 126 28463
83 127 16847
83 128 33053
83 129 43077
83 130 39133
83 131 32987
83 132 22830
83 133 35800
83 134 38236
83 135 47870
83 136 54883
83 137 21087
83 138 28862
83 139 45752
83 140 20459
83 141 12541
83 142 23502
83 143 19399
83 144 21820
83 145 30053
83 146 17147
83 147 7999
83 148 16197
83 149 30480
83 150 38891
83 151 13239
83 152 20799
83 153 7882
83 154 25906
83 155 38083
83 156 22346
83 157 34478
83 158 37627
83 159 15257
83 160 31228
83 161 37998
83 162 22608
83 163 42812
83 164 39572
83 165 45676
83 166 2248
83 167 16844
83 168 13362
83 169 41925
83 170 47520
83 171 29987
83 172 22131
83 173 5155
83 174 1350
83 175 21766
83 176 23388
83 177 37141
83 178 23378
83 179 35067
83 180 26549
83 181 24747
83 182 9183
83 183 10243
83 184 31662
83 185 38891
83 186 44075
83 187 45829
83 188 35538
83 189 23683
83 190 14532
83 191 14489
83 192 17467
83 193 13022
83 194 8871
83 195 31151
83 196 32429
83 197 36777
83 198 31174
83 199 -637
83 200 13984
84 1 31821
84 2 25403
84 3 43021
84 4 39935
84 5 -2676
84 6 13783
84 7 19260
84 8 9080
84 9 43716
84 10 30352
84 11 28398
84 12 35260
84 13 15423
84 14 12918
84 15 21680
84 16 2640
84 17 -480
84 18 8710
84 19 21927
84 20 44227
84 21 32908
84 22 36393
84 23 35953
84 24 48146
84 25 49748
84 26 30370
84 27 22903
84 28 29251
84 29 48076
84 30 34248
84 31 22280
84 32 35198
84 33 43162
84 34 49081
84 35 56074
84 36 21733
84 37 11946
84 38 14864
84 39 39501
84 40 27142
84 41 33795
84 42 19496
84 43 19852
84 44 10989
84 45 629
84 46 9250
84 47 15845
84 48 9470
84 49 24559
84 50 35873
84 51 42078
84 52 18458
84 53 25119
84 54 39766
84 55 50616
84 56 42206
84 57 24960
84 58 22628
84 59 5934
84 60 6048
84 61 2450
84 62 24285
84 63 36110
84 64 24932
84 65 49489
84 66 39387
84 67 41828
84 68 37888
84 69 29076
84 70 33920
84 71 50976
84 72 32198
84 73 32519
84 74 36355
84 75 36064
84 76 36386
84 77 39876
84 78 49727
84 79 42797
84 80 43550
84 81 41475
84 82 10962
84 83 2851
84 85 365
84 86 227
84 87 13981
84 88 23332
84 89 12426
84 90 37713
84 91 10704
84 92 13746
84 93 4726
84 94 11079
84 95 11413
84 96 9667
84 97 14168
84 98 10082
84 99 8515
84 100 10058
84 101 31205
84 102 34456
84 103 42835
84 104 8509
84 105 25047
84 106 15128
84 107 25177
84 108 29671
84 109 38533
84 110 39173
84 111 29491
84 112 17145
84 113 -683
84 114 4434
84 115 25707
84 116 39107
84 117 16640
84 118 -2596
84 119 13853
84 120 45738
84 121 46889
84 122 36810
84 123 19807
84 124 15812
84 125 2
84 126 35159
84 127 22926
84 128 39494
84 129 47703
84 130 41181
84 131 39622
84 132 28085
84 133 34748
84 134 41106
84 135 53489
84 136 60765
84 137 20503
84 138 32032
84 139 46258
84 140 13889
84 141 6181
84 142 18868
84 143 24480
84 144 19456
84 145 28256
84 146 21508
84 147 9952
84 148 22887
84 149 32430
84 150 42289
84 151 10452
84 152 21697
84 153 14457
84 154 29076
84 155 39052
84 156 25315
84 157 39585
84 158 42028
84 159 21962
84 160 37732
84 161 43955
84 162 28610
84 163 45927
84 164 44817
84 165 47425
84 166 6357
84 167 22150
84 168 18795
84 169 46440
84 170 48228
84 171 29158
84 172 18729
84 173 -1332
84 174 4779
84 175 28141
84 176 28469
84 177 40133
84 178 21982
84 179 36811
84 180 27921
84 181 31447
84 182 15891
84 183 10954
84 184 35562
84 185 43806
84 186 43669
84 187 46385
84 188 41816
84 189 30335
84 190 20786
84 191 8425
84 192 11909
84 193 7911
84 194 15556
84 195 33490
84 196 36578
84 197 36741
84 198 31925
84 199 4198
84 200 17220
85 1 33632
85 2 17265
85 3 42124
85 4 33632
85 5 1263
85 6 11789
85 7 26520
85 8 18878
85 9 45471
85 10 36179
85 11 36413
85 12 32456
85 13 9816
85 14 3582
85 15 11501
85 16 -2080
85 17 7038
85 18 14421
85 19 30665
85 20 48009
85 21 26242
85 22 27816
85 23 27389
85 24 44693
85 25 43680
85 26 26438
85 27 23444
85 28 27812
85 29 45947
85 30 38180
85 31 26821
85 32 40949
85 33 43839
85 34 49064
85 35 57647
85 36 31866
85 37 2205
85 38 8429
85 39 32068
85 40 21715
85 41 24607
85 42 9280
85 43 9637
85 44 3423
85 45 10895
85 46 19545
85 47 25594
85 48 18525
85 49 34297
85 50 36303
85 51 44299
85 52 22165
85 53 21966
85 54 35316
85 55 45015
85 56 34436
85 57 15508
85 58 17529
85 59 -888
85 60 11382
85 61 -149
85 62 31196
85 63 43149
85 64 33767
85 65 52510
85 66 43493
85 67 33846
85 68 35645
85 69 31197
85 70 37813
85 71 53562
85 72 24773
85 73 25115
85 74 28319
85 75 27907
85 76 35414
85 77 38739
85 78 49579
85 79 42305
85 80 40872
85 81 42274
85 82 19490
85 83 11276
85 84 5947
85 86 -1889
85 87 5229
85 88 29148
85 89 13303
85 90 43964
85 91 1217
85 92 5533
85 93 -2345
85 94 6735
85 95 4981
85 96 5772
85 97 6018
85 98 438
85 99 3876
85 100 -235
85 101 34403
85 102 35046
85 103 45521
85 104 3870
85 105 21328
85 106 21755
85 107 33631
85 108 35499
85 109 35127
85 110 32956
85 111 29120
85 112 15148
85 113 2234
85 114 13785
85 115 17433
85 116 37611
85 117 9796
85 118 2124
85 119 5229
85 120 46961
85 121 44876
85 122 39950
85 123 28331
85 124 25647
85 125 10298
85 126 42145
85 127 26961
85 128 43807
85 129 47119
85 130 36308
85 131 45057
85 132 29756
85 133 26242
85 134 37391
85 135 54901
85 136 62828
85 137 13656
85 138 29578
85 139 39228
85 140 7595
85 141 -45
85 142 8609
85 143 34356
85 144 10269
85 145 19198
85 146 22381
85 147 9370
85 148 29307
85 149 27867
85 150 39611
85 151 2239
85 152 16598
85 153 20789
85 154 26622
85 155 32749
85 156 23920
85 157 40248
85 158 41131
85 159 28525
85 160 42399
85 161 46401
85 162 32039
85 163 42572
85 164 45373
85 165 41990
85 166 10043
85 167 24399
85 168 28428
85 169 45520
85 170 41297
85 171 20979
85 172 8752
85 173 3478
85 174 14977
85 175 36612
85 176 29583
85 177 36835
85 178 13605
85 179 31729
85 180 22828
85 181 38248
85 182 22869
85 183 8028
85 184 34008
85 185 43889
85 186 35665
85 187 39392
85 188 45430
85 189 36162
85 190 25221
85 191 792
85 192 2507
85 193 -2089
85 194 22309
85 195 29405
85 196 35404
85 197 29300
85 198 25613
85 199 13619
85 200 15911
86 1 45105
86 2 28634
86 3 54553
86 4 45620
86 5 9480
86 6 23934
86 7 34013
86 8 22748
86 9 57087
86 10 45078
86 11 42876
86 12 45096
86 13 22424
86 14 5141
86 15 18547
86 16 -2080
86 17 5479
86 18 23185
86 19 36069
86 20 58514
86 21 38222
86 22 38204
86 23 37476
86 24 57323
86 25 55672
86 26 39075
86 27 35284
86 28 40250
86 29 58569
86 30 48553
86 31 36697
86 32 49936
86 33 55846
86 34 61332
86 35 69377
86 36 33417
86 37 13858
86 38 1219
86 39 43267
86 40 34202
86 41 34150
86 42 17355
86 43 13596
86 44 2051
86 45 12127
86 46 20082
86 47 28876
86 48 23546
86 49 37263
86 50 48343
86 51 55671
86 52 32429
86 53 34587
86 54 47852
86 55 57215
86 56 45474
86 57 25276
86 58 30118
86 59 11755
86 60 19956
86 61 5379
86 62 39039
86 63 50825
86 64 38775
86 65 63544
86 66 53811
86 67 44414
86 68 48262
86 69 42479
86 70 48180
86 71 64805
86 72 36244
86 73 36684
86 74 39295
86 75 38663
86 76 47826
86 77 51204
86 78 61866
86 79 54658
86 80 53514
86 81 54252
86 82 25486
86 83 17614
86 84 10416
86 85 2718
86 87 16580
86 88 38022
86 89 24705
86 90 52476
86 91 9100
86 92 17972
86 93 10059
86 94 19325
86 95 17601
86 96 18087
86 97 18176
86 98 12573
86 99 16108
86 100 9293
86 101 45164
86 102 47052
86 103 56687
86 104 16102
86 105 33977
86 106 29875
86 107 39459
86 108 44403
86 109 47773
86 110 45038
86 111 41336
86 112 27534
86 113 -2097
86 114 18687
86 115 28614
86 116 50131
86 117 22288
86 118 10928
86 119 6038
86 120 58799
86 121 57485
86 122 50802
86 123 34135
86 124 28833
86 125 12164
86 126 49884
86 127 37130
86 128 53954
86 129 59497
86 130 48756
86 131 54324
86 132 41243
86 133 36686
86 134 50007
86 135 66691
86 136 74347
86 137 25940
86 138 42183
86 139 50744
86 140 221
86 141 -1772
86 142 14397
86 143 36950
86 144 20790
86 145 29159
86 146 34036
86 147 21155
86 148 37646
86 149 40431
86 150 52253
86 151 14678
86 152 29187
86 153 29158
86 154 39227
86 155 44737
86 156 36232
86 157 52239
86 158 53560
86 159 36727
86 160 52279
86 161 57703
86 162 42646
86 163 55210
86 164 57465
86 165 54257
86 166 19936
86 167 35545
86 168 32043
86 169 57980
86 170 52790
86 171 31879
86 172 17859
86 173 7875
86 174 17309
86 175 42402
86 176 41328
86 177 49482
86 178 24744
86 179 44169
86 180 35345
86 181 46180
86 182 30651
86 183 20418
86 184 46527
86 185 56087
86 186 46451
86 187 50919
86 188 56050
86 189 45061
86 190 35147
86 191 2451
86 192 6150
86 193 6953
86 194 30315
86 195 42016
86 196 47866
86 197 40685
86 198 37699
86 199 18668
86 200 28244
87 1 30450
87 2 4689
87 3 35031
87 4 21655
87 5 10893
87 6 12116
87 7 31221
87 8 27844
87 9 40949
87 10 37730
87 11 40903
87 12 23858
87 13 2778
87 14 6804
87 15 2631
87 16 9706
87 17 19379
87 18 19391
87 19 36618
87 20 46124
87 21 14290
87 22 15219
87 23 14812
87 24 34717
87 25 31693
87 26 17164
87 27 20358
87 28 21679
87 29 37214
87 30 36917
87 31 27412
87 32 41732
87 33 38407
87 34 42314
87 35 52545
87 36 40765
87 37 5979
87 38 14601
87 39 19504
87 40 11420
87 41 12394
87 42 3685
87 43 5200
87 44 11453
87 45 21759
87 46 29714
87 47 33608
87 48 25537
87 49 41849
87 50 31148
87 51 40640
87 52 23478
87 53 14930
87 54 24739
87 55 33359
87 56 21818
87 57 3851
87 58 8447
87 59 2947
87 60 18756
87 61 12467
87 62 34518
87 63 45889
87 64 39173
87 65 48905
87 66 41621
87 67 21197
87 68 27182
87 69 28911
87 70 36902
87 71 49743
87 72 12303
87 73 12703
87 74 15680
87 75 15258
87 76 28716
87 77 31550
87 78 42877
87 79 35481
87 80 31990
87 81 36826
87 82 26250
87 83 19744
87 84 17052
87 85 2718
87 86 9462
87 88 31584
87 89 14019
87 90 45622
87 91 11093
87 92 6744
87 93 6489
87 94 4775
87 95 2469
87 96 8779
87 97 1206
87 98 6763
87 99 9533
87 100 5293
87 101 32954
87 102 29851
87 103 42088
87 104 9527
87 105 13001
87 106 26093
87 107 38944
87 108 36881
87 109 25786
87 110 21137
87 111 23844
87 112 11438
87 113 14874
87 114 22233
87 115 4798
87 116 30147
87 117 3850
87 118 9680
87 119 11553
87 120 41805
87 121 36333
87 122 37787
87 123 34135
87 124 34045
87 125 20940
87 126 44858
87 127 27498
87 128 42573
87 129 40149
87 130 25332
87 131 45367
87 132 26930
87 133 13629
87 134 27315
87 135 49681
87 136 58215
87 137 3313
87 138 21840
87 139 26807
87 140 14121
87 141 10173
87 142 6239
87 143 42369
87 144 -1777
87 145 6857
87 146 20414
87 147 10234
87 148 32223
87 149 17670
87 150 30729
87 151 3450
87 152 7516
87 153 25145
87 154 18884
87 155 20772
87 156 19874
87 157 35036
87 158 34038
87 159 31246
87 160 41756
87 161 42552
87 162 31103
87 163 32783
87 164 39312
87 165 30472
87 166 14490
87 167 23072
87 168 36200
87 169 38024
87 170 28871
87 171 8331
87 172 683
87 173 15391
87 174 24780
87 175 41897
87 176 25799
87 177 27416
87 178 960
87 179 20805
87 180 12533
87 181 40281
87 182 26805
87 183 7001
87 184 26650
87 185 37748
87 186 23018
87 187 26979
87 188 43230
87 189 37713
87 190 25978
87 191 10420
87 192 8046
87 193 6953
87 194 26639
87 195 19537
87 196 28335
87 197 16791
87 198 13821
87 199 22739
87 200 11274
88 1 12132
88 2 33757
88 3 26680
88 4 37767
88 5 17798
88 6 21770
88 7 4561
88 8 15396
88 9 21102
88 10 4626
88 11 7545
88 12 25466
88 13 22793
88 14 34957
88 15 36648
88 16 27372
88 17 23851
88 18 9398
88 19 6253
88 20 19166
88 21 34389
88 22 42529
88 23 40072
88 24 36542
88 25 45087
88 26 25424
88 27 12271
88 28 19870
88 29 33241
88 30 9361
88 31 -1720
88 32 9489
88 33 23205
88 34 29103
88 35 33162
88 36 16667
88 37 30291
88 38 39659
88 39 39444
88 40 27942
88 41 42350
88 42 36524
88 43 38481
88 44 34842
88 45 16440
88 46 14346
88 47 9105
88 48 1375
88 49 12835
88 50 18065
88 51 19233
88 52 7513
88 53 22826
88 54 32324
88 55 45015
88 56 44368
88 57 37087
88 58 24990
88 59 22170
88 60 19465
88 61 26684
88 62 643
88 63 11908
88 64 6071
88 65 24638
88 66 13893
88 67 42457
88 68 24878
88 69 10630
88 70 9556
88 71 26828
88 72 34875
88 73 36029
88 74 40827
88 75 40133
88 76 21906
88 77 24655
88 78 30496
88 79 25013
88 80 31693
88 81 20895
88 82 6553
88 83 15352
88 84 21458
88 85 21692
88 86 25959
88 87 26639
88 89 13902
88 90 12341
88 91 32840
88 92 29798
88 93 23947
88 94 20555
88 95 23779
88 96 23280
88 97 27979
88 98 29056
88 99 24902
88 100 30221
88 101 8783
88 102 15603
88 103 18840
88 104 24896
88 105 22107
88 106 3331
88 107 6832
88 108 3959
88 109 29686
88 110 37767
88 111 16334
88 112 17736
88 113 25037
88 114 10594
88 115 33915
88 116 25136
88 117 27768
88 118 12103
88 119 36852
88 120 23974
88 121 32079
88 122 13113
88 123 4511
88 124 12599
88 125 15541
88 126 10879
88 127 3088
88 128 14000
88 129 29972
88 130 34619
88 131 13827
88 132 10614
88 133 40450
88 134 30891
88 135 30924
88 136 37079
88 137 28250
88 138 23293
88 139 45240
88 140 38746
88 141 30629
88 142 37906
88 143 15126
88 144 31833
88 145 37222
88 146 13354
88 147 15941
88 148 -1736
88 149 27867
88 150 30432
88 151 26504
88 152 24059
88 153 5854
88 154 20337
88 155 36884
88 156 22424
88 157 20286
88 158 25687
88 159 -2803
88 160 12078
88 161 20129
88 162 6424
88 163 34582
88 164 23918
88 165 41554
88 166 11940
88 167 7226
88 168 11179
88 169 28903
88 170 45833
88 171 34521
88 172 34298
88 173 23970
88 174 13154
88 175 9600
88 176 11083
88 177 30163
88 178 30788
88 179 32277
88 180 26597
88 181 6718
88 182 -4583
88 183 18821
88 184 22370
88 185 24948
88 186 46293
88 187 45088
88 188 16845
88 189 4609
88 190 -1612
88 191 32085
88 192 34005
88 193 29393
88 194 2236
88 195 27035
88 196 22019
88 197 38689
88 198 31610
88 199 16926
88 200 12124
89 1 17353
89 2 17743
89 3 27523
89 4 27231
89 5 5284
89 6 4846
89 7 14391
89 8 14927
89 9 29307
89 10 21000
89 11 23821
89 12 20055
89 13 6268
89 14 18853
89 15 19743
89 16 13527
89 17 15024
89 18 3792
89 19 19965
89 20 31655
89 21 21380
89 22 27832
89 23 26570
89 24 32998
89 25 36424
89 26 16002
89 27 7567
89 28 13790
89 29 32586
89 30 21889
89 31 11000
89 32 25425
89 33 28111
89 34 33817
89 35 41579
89 36 26024
89 37 13888
89 38 24801
89 39 27995
89 40 14733
89 41 26839
89 42 19561
89 43 21529
89 44 19796
89 45 12251
89 46 17310
89 47 18325
89 48 9776
89 49 25811
89 50 20665
89 51 27990
89 52 6520
89 53 10824
89 54 25298
89 55 36901
89 56 31576
89 57 20410
89 58 10587
89 59 5810
89 60 8395
89 61 13183
89 62 17405
89 63 28894
89 64 22175
89 65 36126
89 66 27166
89 67 30891
89 68 22447
89 69 14826
89 70 21558
89 71 37219
89 72 21518
89 73 22128
89 74 26730
89 75 26364
89 76 20868
89 77 24355
89 78 34406
89 79 27371
89 80 28219
89 81 26496
89 82 10749
89 83 8309
89 84 11175
89 85 6470
89 86 13265
89 87 9697
89 88 14525
89 90 28918
89 91 17471
89 92 13134
89 93 8428
89 94 3555
89 95 6806
89 96 6906
89 97 10999
89 98 12928
89 99 9036
89 100 14081
89 101 18031
89 102 19334
89 103 29153
89 104 9030
89 105 10896
89 106 9260
89 107 22030
89 108 20238
89 109 23561
89 110 26595
89 111 14006
89 112 2951
89 113 14091
89 114 9041
89 115 18023
89 116 23588
89 117 10793
89 118 299
89 119 21296
89 120 31000
89 121 31390
89 122 23553
89 123 17497
89 124 19358
89 125 11175
89 126 27863
89 127 11032
89 128 27563
89 129 32263
89 130 26996
89 131 29314
89 132 13477
89 133 25947
89 134 26123
89 135 38888
89 136 46609
89 137 11974
89 138 16798
89 139 34250
89 140 23984
89 141 16228
89 142 21104
89 143 26744
89 144 15013
89 145 21434
89 146 6247
89 147 -922
89 148 15127
89 149 18396
89 150 26958
89 151 9840
89 152 9656
89 153 8432
89 154 13842
89 155 26348
89 156 10182
89 157 24505
89 158 26530
89 159 14197
89 160 26294
89 161 30074
89 162 15727
89 163 30770
89 164 29762
89 165 33590
89 166 276
89 167 7998
89 168 20734
89 169 30956
89 170 35838
89 171 19993
89 172 17298
89 173 12221
89 174 12746
89 175 24964
89 176 13529
89 177 25048
89 178 14704
89 179 23021
89 180 14768
89 181 23507
89 182 9733
89 183 1821
89 184 20052
89 185 28529
89 186 33352
89 187 34285
89 188 29049
89 189 20983
89 190 9440
89 191 17193
89 192 18152
89 193 13779
89 194 9761
89 195 18992
89 196 21055
89 197 25828
89 198 19674
89 199 11445
89 200 1889
90 1 17426
90 2 47778
90 3 29405
90 4 47354
90 5 33512
90 6 37230
90 7 18484
90 8 28928
90 9 16019
90 10 2753
90 11 4407
90 12 33271
90 13 37510
90 14 50743
90 15 51486
90 16 43073
90 17 38659
90 18 25137
90 19 10116
90 20 10286
90 21 46214
90 22 55125
90 23 51328
90 24 40688
90 25 52648
90 26 35915
90 27 24566
90 28 30280
90 29 35347
90 30 4638
90 31 8280
90 32 -5274
90 33 22832
90 34 26044
90 35 26007
90 36 21202
90 37 46003
90 38 55412
90 39 49123
90 40 40481
90 41 55590
90 42 51918
90 43 53887
90 44 50637
90 45 30315
90 46 24685
90 47 16161
90 48 11806
90 49 12243
90 50 22090
90 51 15588
90 52 22789
90 53 35616
90 54 39766
90 55 52410
90 56 55345
90 57 51649
90 58 38437
90 59 37874
90 60 35187
90 61 42390
90 62 5720
90 63 -649
90 64 -2374
90 65 13382
90 66 1722
90 67 51781
90 68 29719
90 69 19428
90 70 10381
90 71 17961
90 72 46649
90 73 48334
90 74 53043
90 75 51944
90 76 27632
90 77 28753
90 78 29037
90 79 25958
90 80 37203
90 81 19121
90 82 20082
90 83 30625
90 84 36834
90 85 37503
90 86 41408
90 87 41672
90 88 13336
90 89 29290
90 91 48651
90 92 45424
90 93 39749
90 94 35866
90 95 39178
90 96 38962
90 97 43353
90 98 44815
90 99 40669
90 100 45988
90 101 13938
90 102 17864
90 103 11417
90 104 40663
90 105 34109
90 106 18621
90 107 7179
90 108 -2221
90 109 37446
90 110 48102
90 111 25149
90 112 32120
90 113 40228
90 114 24790
90 115 47797
90 116 30327
90 117 42932
90 118 27849
90 119 52663
90 120 19913
90 121 34541
90 122 11216
90 123 11359
90 124 22058
90 125 29583
90 126 -1029
90 127 16457
90 128 3328
90 129 30738
90 130 42271
90 131 -96
90 132 19334
90 133 52872
90 134 36409
90 135 24538
90 136 28422
90 137 42667
90 138 32726
90 139 54721
90 140 54489
90 141 46376
90 142 53480
90 143 17112
90 144 46627
90 145 50815
90 146 27054
90 147 31427
90 148 8518
90 149 37853
90 150 35942
90 151 42130
90 152 37506
90 153 21418
90 154 29770
90 155 46471
90 156 36172
90 157 21698
90 158 28412
90 159 -369
90 160 1334
90 161 12432
90 162 13861
90 163 39323
90 164 20145
90 165 48956
90 166 27750
90 167 19683
90 168 18312
90 169 29040
90 170 54175
90 171 47111
90 172 49529
90 173 39497
90 174 26071
90 175 8918
90 176 18187
90 177 36835
90 178 44837
90 179 41572
90 180 38253
90 181 -8797
90 182 7937
90 183 34149
90 184 28552
90 185 25290
90 186 57280
90 187 54379
90 188 7637
90 189 2736
90 190 10945
90 191 47877
90 192 49807
90 193 45200
90 194 17304
90 195 36070
90 196 27109
90 197 49949
90 198 42638
90 199 31797
90 200 25138
91 1 36534
91 2 17718
91 3 44554
91 4 34593
91 5 4201
91 6 14613
91 7 29637
91 8 21553
91 9 48299
91 10 39340
91 11 39498
91 12 34539
91 13 11653
91 14 540
91 15 9996
91 16 -3306
91 17 8303
91 18 17569
91 19 33652
91 20 51062
91 21 27190
91 22 27752
91 23 27224
91 24 46496
91 25 44649
91 26 28308
91 27 26271
91 28 30280
91 29 48076
91 30 41257
91 31 29954
91 32 44106
91 33 46534
91 34 51600
91 35 60428
91 36 34381
91 37 2832
91 38 5386
91 39 32487
91 40 23238
91 41 24137
91 42 7876
91 43 7278
91 44 392
91 45 13051
91 46 21795
91 47 28322
91 48 21436
91 49 37043
91 50 38999
91 51 47203
91 52 25291
91 53 24179
91 54 36897
91 55 46170
91 56 34747
91 57 15025
91 58 19269
91 59 1537
91 60 14473
91 61 1210
91 62 34343
91 63 46299
91 64 36758
91 65 55462
91 66 46560
91 67 33939
91 68 37800
91 69 34156
91 70 40897
91 71 56479
91 72 25338
91 73 25741
91 74 28573
91 75 28050
91 76 37875
91 77 41139
91 78 52109
91 79 44795
91 80 42929
91 81 44977
91 82 22470
91 83 14171
91 84 8300
91 85 -6769
91 86 -3493
91 87 5618
91 88 32310
91 89 16318
91 90 47126
91 92 7149
91 93 658
91 94 9156
91 95 6941
91 96 8592
91 97 7161
91 98 1748
91 99 6821
91 100 -1545
91 101 37444
91 102 37751
91 103 48462
91 104 6815
91 105 23343
91 106 24896
91 107 36664
91 108 38659
91 109 37044
91 110 33998
91 111 31746
91 112 17736
91 113 2494
91 114 16584
91 115 17765
91 116 39951
91 117 11400
91 118 5221
91 119 2067
91 120 49714
91 121 47042
91 122 42965
91 123 31344
91 124 28333
91 125 12556
91 126 45296
91 127 30081
91 128 46898
91 129 49588
91 130 37749
91 131 48205
91 132 32666
91 133 26211
91 134 39149
91 135 57663
91 136 65671
91 137 14919
91 138 31798
91 139 39843
91 140 4580
91 141 -2470
91 142 6426
91 143 37037
91 144 10141
91 145 18888
91 146 25285
91 147 12317
91 148 32465
91 149 29514
91 150 41668
91 151 3855
91 152 18338
91 153 23935
91 154 28842
91 155 33710
91 156 26542
91 157 42958
91 158 43561
91 159 31682
91 160 45514
91 161 49308
91 162 35105
91 163 44419
91 164 48012
91 165 43212
91 166 13205
91 167 27402
91 168 31198
91 169 47908
91 170 41906
91 171 21182
91 172 7828
91 173 5517
91 174 17428
91 175 39644
91 176 32411
91 177 38751
91 178 13904
91 179 33163
91 180 24395
91 181 41406
91 182 26007
91 183 10687
91 184 36354
91 185 46485
91 186 35840
91 187 40016
91 188 48465
91 189 39323
91 190 28354
91 191 -2005
91 192 -555
91 193 -4089
91 194 25447
91 195 31165
91 196 37813
91 197 29815
91 198 26658
91 199 16362
91 200 18501
92 1 29850
92 2 11546
92 3 37071
92 4 27642
92 5 3831
92 6 8291
92 7 26307
92 8 21225
92 9 41348
92 10 34515
92 11 36273
92 12 26926
92 13 4042
92 14 5432
92 15 8266
92 16 3761
92 17 12225
92 18 14093
92 19 31291
92 20 44909
92 21 20260
92 22 22373
92 23 21966
92 24 38920
92 25 37685
92 26 20707
92 27 19475
92 28 22864
92 29 40466
92 30 35284
92 31 24601
92 32 39019
92 33 39344
92 34 44191
92 35 53359
92 36 34311
92 37 561
92 38 12223
92 39 26240
92 40 15776
92 41 19590
92 42 6672
92 43 8415
92 44 7590
92 45 14654
92 46 22817
92 47 27436
92 48 19696
92 49 35926
92 50 31833
92 51 40463
92 52 20045
92 53 16612
92 54 29416
92 55 39016
92 56 28681
92 57 10782
92 58 11693
92 59 -4037
92 60 12340
92 61 5577
92 62 30374
92 63 42144
92 64 34202
92 65 48816
92 66 40454
92 67 28191
92 68 30195
92 69 27702
92 70 35013
92 71 49743
92 72 18908
92 73 19233
92 74 22630
92 75 22277
92 76 30427
92 77 33638
92 78 44700
92 79 37356
92 80 35314
92 81 37793
92 82 20432
92 83 13143
92 84 9864
92 85 -3931
92 86 3901
92 87 -209
92 88 27790
92 89 10503
92 90 42421
92 91 5671
92 93 -701
92 94 1958
92 95 -633
92 96 2962
92 97 125
92 98 438
92 99 2691
92 100 950
92 101 31324
92 102 30592
92 103 41818
92 104 2685
92 105 15728
92 106 21280
92 107 33923
92 108 33779
92 109 29437
92 110 26959
92 111 24504
92 112 10574
92 113 8095
92 114 15750
92 115 11784
92 116 32416
92 117 3850
92 118 3162
92 119 8470
92 120 42609
92 121 39437
92 122 36661
92 123 28842
92 124 27705
92 125 13872
92 126 41119
92 127 24634
92 128 40987
92 129 42130
92 130 30357
92 131 42915
92 132 26042
92 133 20764
92 134 31588
92 135 50561
92 136 58730
92 137 7656
92 138 24218
92 139 33318
92 140 11524
92 141 5145
92 142 7651
92 143 36249
92 144 5247
92 145 14065
92 146 18759
92 147 6356
92 148 28238
92 149 21992
92 150 34053
92 151 -3761
92 152 10762
92 153 20274
92 154 21262
92 155 26759
92 156 19390
92 157 35801
92 158 36078
92 159 27413
92 160 39818
92 161 42552
92 162 29149
92 163 36829
92 164 40723
92 165 35997
92 166 9213
92 167 21193
92 168 30116
92 169 40388
92 170 35382
92 171 15338
92 172 5147
92 173 8198
92 174 17937
92 175 36897
92 176 25538
92 177 31145
92 178 7998
92 179 25772
92 180 16911
92 181 36948
92 182 22294
92 183 3883
92 184 28824
92 185 39157
92 186 29991
92 187 33478
92 188 42212
92 189 34498
92 190 23036
92 191 5569
92 192 5075
92 193 1619
92 194 21852
92 195 23597
92 196 30321
92 197 23449
92 198 19616
92 199 15995
92 200 11274
93 1 30806
93 2 16003
93 3 39391
93 4 31797
93 5 -91
93 6 8967
93 7 24313
93 8 17654
93 9 42643
93 10 33629
93 11 34276
93 12 29893
93 13 7540
93 14 5858
93 15 11950
93 16 539
93 17 7755
93 18 12107
93 19 28777
93 20 45236
93 21 24468
93 22 26845
93 23 26438
93 24 42268
93 25 41809
93 26 24014
93 27 20616
93 28 25077
93 29 43343
93 30 35426
93 31 24151
93 32 38358
93 33 41027
93 34 46291
93 35 54822
93 36 30764
93 37 2205
93 38 11203
93 39 30627
93 40 19551
93 41 24001
93 42 9890
93 43 10976
93 44 6196
93 45 10466
93 46 18859
93 47 24192
93 48 16818
93 49 32830
93 50 33492
93 51 41474
93 52 19482
93 53 19367
93 54 33042
93 55 43015
93 56 33108
93 57 15079
93 58 15244
93 59 -3273
93 60 9390
93 61 1379
93 62 28843
93 63 40770
93 64 31843
93 65 49693
93 66 40731
93 67 32642
93 68 33035
93 69 28380
93 70 35067
93 71 50738
93 72 23281
93 73 23598
93 74 27081
93 75 26737
93 76 32673
93 77 36020
93 78 46809
93 79 39549
93 80 38314
93 81 39460
93 82 17665
93 83 9744
93 84 5550
93 85 -7103
93 86 694
93 87 4242
93 88 26645
93 89 10503
93 90 41452
93 91 3886
93 92 4005
93 94 4099
93 95 2761
93 96 2962
93 97 4579
93 98 438
93 99 1047
93 100 1293
93 101 31621
93 102 32233
93 103 42702
93 104 1041
93 105 18834
93 106 19455
93 107 31632
93 108 32941
93 109 32655
93 110 31078
93 111 26329
93 112 12384
93 113 3870
93 114 12363
93 115 16250
93 116 34918
93 117 7806
93 118 134
93 119 7825
93 120 44139
93 121 42255
93 122 37154
93 123 26392
93 124 24331
93 125 9744
93 126 39759
93 127 24264
93 128 41067
93 129 44371
93 130 34123
93 131 42426
93 132 26930
93 133 25236
93 134 34998
93 135 52077
93 136 60000
93 137 11798
93 138 26953
93 139 37638
93 140 10383
93 141 2775
93 142 9927
93 143 32998
93 144 9617
93 145 18495
93 146 19554
93 147 6546
93 148 26882
93 149 25574
93 150 37053
93 151 711
93 152 14313
93 153 18465
93 154 23997
93 155 30914
93 156 21139
93 157 37434
93 158 38398
93 159 26100
93 160 39692
93 161 43576
93 162 29275
93 163 40124
93 164 42572
93 165 39947
93 166 7546
93 167 21596
93 168 26957
93 169 42801
93 170 39692
93 171 19799
93 172 8899
93 173 3730
93 174 14084
93 175 34612
93 176 26756
93 177 34359
93 178 12468
93 179 29566
93 180 20613
93 181 35803
93 182 20569
93 183 5255
93 184 31314
93 185 41101
93 186 34441
93 187 37792
93 188 42645
93 189 33612
93 190 22552
93 191 3609
93 192 4885
93 193 296
93 194 20020
93 195 27035
93 196 32683
93 197 27829
93 198 23747
93 199 12359
93 200 13137
94 1 23462
94 2 11072
94 3 30979
94 4 24414
94 5 4603
94 6 2909
94 7 22006
94 8 19665
94 9 34951
94 10 28924
94 11 31698
94 12 21353
94 13 -30
94 14 11788
94 15 11839
94 16 9059
94 17 14650
94 18 10300
94 19 27437
94 20 38629
94 21 17421
94 22 21926
94 23 21246
94 24 33810
94 25 34262
94 26 15590
94 27 13082
94 28 16685
94 29 34800
94 30 29083
94 31 18775
94 32 33207
94 33 33002
94 34 37998
94 35 46983
94 36 32173
94 37 6953
94 38 18595
94 39 24108
94 40 11670
94 41 20202
94 42 11607
94 43 13576
94 44 13838
94 45 14852
94 46 21905
94 47 24798
94 48 16553
94 49 32841
94 50 25478
94 51 34064
94 52 14489
94 53 10824
94 54 24787
94 55 35220
94 56 26995
94 57 12795
94 58 7183
94 59 -442
94 60 10742
94 61 9697
94 62 25382
94 63 36891
94 64 29954
94 65 42421
94 66 34178
94 67 26617
94 68 24493
94 69 21372
94 70 28867
94 71 43342
94 72 16905
94 73 17263
94 74 21411
94 75 21140
94 76 24285
94 77 27580
94 78 38508
94 79 31199
94 80 29775
94 81 31449
94 82 17295
94 83 11763
94 84 11175
94 85 1249
94 86 9232
94 87 1800
94 88 22525
94 89 4902
94 90 36841
94 91 11656
94 92 5936
94 93 3371
94 95 -1077
94 96 1962
94 97 3046
94 98 6496
94 99 4302
94 100 7335
94 101 25096
94 102 24236
94 103 35426
94 104 4296
94 105 10348
94 106 16876
94 107 29727
94 108 28134
94 109 24167
94 110 23652
94 111 18178
94 112 4191
94 113 11927
94 114 13907
94 115 11418
94 116 26435
94 117 2874
94 118 1896
94 119 14847
94 120 36240
94 121 33716
94 122 30350
94 123 24954
94 124 25405
94 125 13894
94 126 35860
94 127 18809
94 128 34791
94 129 35998
94 130 26011
94 131 36996
94 132 19670
94 133 20180
94 134 26577
94 135 44193
94 136 52333
94 137 5466
94 138 18414
94 139 30776
94 140 17877
94 141 11013
94 142 13329
94 143 33483
94 144 7266
94 145 14657
94 146 12452
94 147 1015
94 148 23120
94 149 17332
94 150 28514
94 151 2642
94 152 6252
94 153 15934
94 154 15458
94 155 23531
94 156 13010
94 157 29445
94 158 29986
94 159 22197
94 160 33716
94 161 36151
94 162 23001
94 163 31648
94 164 34433
94 165 32072
94 166 5473
94 167 14981
94 168 27330
94 169 34358
94 170 32720
94 171 14372
94 172 9298
94 173 10701
94 174 16969
94 175 32679
94 176 19135
94 177 25864
94 178 7893
94 179 21526
94 180 12562
94 181 31457
94 182 17600
94 183 -2179
94 184 22832
94 185 32893
94 186 28572
94 187 30895
94 188 35900
94 189 28907
94 190 17261
94 191 11594
94 192 11474
94 193 7717
94 194 17420
94 195 18664
94 196 24248
94 197 21420
94 198 16401
94 199 14931
94 200 4931
95 1 26517
95 2 9825
95 3 33467
95 4 24846
95 5 4863
95 6 5747
95 7 24712
95 8 21245
95 9 37880
95 10 32028
95 11 34531
95 12 23368
95 13 597
95 14 8745
95 15 9125
95 16 7119
95 17 14318
95 18 12745
95 19 30015
95 20 41762
95 21 17569
95 22 20844
95 23 20356
95 24 35483
95 25 34839
95 26 17236
95 27 16139
95 28 19273
95 29 36900
95 30 32236
95 31 21916
95 32 36352
95 33 35803
95 34 40594
95 35 49847
95 36 34089
95 37 4136
95 38 15767
95 39 23946
95 40 12561
95 41 18632
95 42 8516
95 43 10484
95 44 11194
95 45 15628
95 46 23257
95 47 26901
95 48 18838
95 49 35150
95 50 28306
95 51 37080
95 52 17563
95 53 13011
95 54 26111
95 55 36017
95 56 26571
95 57 10532
95 58 8313
95 59 -2273
95 60 12146
95 61 8379
95 62 28333
95 63 39923
95 64 32693
95 65 45446
95 66 37310
95 67 26185
95 68 26620
95 69 24489
95 70 32027
95 71 46348
95 72 16607
95 73 16920
95 74 20705
95 75 20417
95 76 26826
95 77 30033
95 78 41103
95 79 33756
95 80 31767
95 81 34252
95 82 19550
95 83 13172
95 84 11303
95 85 -711
95 86 7302
95 87 -712
95 88 25543
95 89 7947
95 90 39947
95 91 9235
95 92 3139
95 93 1827
95 94 -1283
95 96 2205
95 97 -37
95 98 3984
95 99 3604
95 100 4513
95 101 28246
95 102 27063
95 103 38464
95 104 3598
95 105 12185
95 106 19605
95 107 32431
95 108 31250
95 109 25944
95 110 24115
95 111 20960
95 112 7120
95 113 10857
95 114 15593
95 115 10153
95 116 28811
95 117 987
95 118 3121
95 119 12021
95 120 39089
95 121 35862
95 122 33471
95 123 27536
95 124 27356
95 125 14744
95 126 38893
95 127 21946
95 128 37943
95 129 38527
95 130 27147
95 131 40152
95 132 22752
95 133 19170
95 134 28174
95 135 47040
95 136 55258
95 137 4936
95 138 20623
95 139 30833
95 140 15086
95 141 8698
95 142 10169
95 143 35660
95 144 4913
95 145 13055
95 146 15589
95 147 3916
95 148 26102
95 149 18654
95 150 30506
95 151 -155
95 152 7382
95 153 18630
95 154 17667
95 155 23963
95 156 15917
95 157 32272
95 158 32474
95 159 25211
95 160 36877
95 161 39153
95 162 26161
95 163 33371
95 164 37150
95 165 32947
95 166 7826
95 167 18137
95 168 29492
95 169 36783
95 170 32863
95 171 13522
95 172 6343
95 173 10228
95 174 18303
95 175 35392
95 176 22131
95 177 27654
95 178 6486
95 179 22581
95 180 13644
95 181 34548
95 182 20449
95 183 920
95 184 25219
95 185 35578
95 186 28017
95 187 30978
95 188 39019
95 189 32011
95 190 20392
95 191 9154
95 192 8587
95 193 5207
95 194 20164
95 195 20187
95 196 26716
95 197 21158
95 198 16792
95 199 16232
95 200 7755
96 1 25904
96 2 14019
96 3 34437
96 4 28315
96 5 817
96 6 3990
96 7 21323
96 8 17038
96 9 37688
96 10 29638
96 11 31280
96 12 25175
96 13 3744
96 14 9925
96 15 12887
96 16 5487
96 17 10700
96 18 9135
96 19 26386
96 20 40562
96 21 21215
96 22 25032
96 23 24506
96 24 37736
96 25 38205
96 26 19550
96 27 15656
96 28 20128
96 29 38545
96 30 30826
96 31 19851
96 32 34220
96 33 36030
96 34 41301
96 35 49847
96 36 29957
96 37 5013
96 38 15984
96 39 27799
96 40 15639
96 41 22874
96 42 11607
96 43 13410
96 44 11018
96 45 11443
96 46 19015
96 47 22868
96 48 14946
96 49 31234
96 50 28494
96 51 36573
96 52 15221
96 53 14643
96 54 28780
96 55 39199
96 56 30546
96 57 14668
96 58 11169
96 59 -3111
96 60 7942
96 61 5819
96 62 25382
96 63 37176
96 64 29246
96 65 44840
96 66 36087
96 67 30177
96 68 28238
96 69 23547
96 70 30501
96 71 45849
96 72 20511
96 73 20838
96 74 24783
96 75 24507
96 76 27713
96 77 31081
96 78 41821
96 79 34573
96 80 33592
96 81 34464
96 82 15660
96 83 8949
96 84 7356
96 85 -2121
96 86 5587
96 87 3397
96 88 22843
96 89 5846
96 90 37530
96 91 8685
96 92 4533
96 93 -173
96 94 -445
96 95 4
96 97 3671
96 98 3984
96 99 455
96 100 5142
96 101 26938
96 102 27236
96 103 37838
96 104 449
96 105 14278
96 106 16285
96 107 28965
96 108 28918
96 109 28078
96 110 27556
96 111 21331
96 112 7416
96 113 7949
96 114 11417
96 115 14356
96 116 30011
96 117 5154
96 118 -1111
96 119 12385
96 120 39154
96 121 37436
96 122 32406
96 123 23925
96 124 23252
96 125 10541
96 126 36152
96 127 19903
96 128 36505
96 129 39400
96 130 30011
96 131 38177
96 132 22037
96 133 23342
96 134 30525
96 135 47095
96 136 55054
96 137 8836
96 138 22150
96 139 34559
96 140 15198
96 141 7765
96 142 12638
96 143 31658
96 144 9039
96 145 17298
96 146 14656
96 147 1747
96 148 23262
96 149 21328
96 150 32331
96 151 1239
96 152 10238
96 153 15280
96 154 19194
96 155 27432
96 156 16149
96 157 32438
96 158 33444
96 159 22446
96 160 35232
96 161 38678
96 162 24664
96 163 35562
96 164 37572
96 165 36059
96 166 4232
96 167 16844
96 168 25495
96 169 37858
96 170 36541
96 171 17645
96 172 9858
96 173 6713
96 174 14062
96 175 31936
96 176 21798
96 177 29765
96 178 10709
96 179 25524
96 180 16557
96 181 32023
96 182 17294
96 183 293
96 184 26408
96 185 36103
96 186 32050
96 187 34689
96 188 37931
96 189 29621
96 190 18268
96 191 8531
96 192 9210
96 193 4911
96 194 16857
96 195 22637
96 196 27743
96 197 25050
96 198 20280
96 199 11993
96 200 8153
97 1 29084
97 2 8388
97 3 35266
97 4 24598
97 5 6655
97 6 8747
97 7 27664
97 8 23665
97 9 40223
97 10 35001
97 11 37510
97 12 24708
97 13 1901
97 14 6406
97 15 6241
97 16 6628
97 17 15369
97 18 15629
97 19 32914
97 20 44476
97 21 17198
97 22 19256
97 23 18845
97 24 36377
97 25 34651
97 26 18287
97 27 18742
97 28 21284
97 29 38241
97 30 35021
97 31 24855
97 32 39285
97 33 37978
97 34 42486
97 35 52083
97 36 36646
97 37 2832
97 38 13793
97 39 23085
97 40 13052
97 41 16613
97 42 5529
97 43 7500
97 44 9641
97 45 17522
97 46 25483
97 47 29576
97 48 21617
97 49 37918
97 50 30537
97 51 39565
97 52 20549
97 53 14739
97 54 26708
97 55 36057
97 56 25519
97 57 8042
97 58 9216
97 59 -1273
97 60 14604
97 61 8721
97 62 31332
97 63 42921
97 64 35644
97 65 47928
97 66 40019
97 67 25031
97 68 28029
97 69 27183
97 70 34851
97 71 48801
97 72 15759
97 73 16088
97 74 19470
97 75 19122
97 76 28716
97 77 31804
97 78 43004
97 79 35625
97 80 33038
97 81 36424
97 82 22327
97 83 15559
97 84 12856
97 85 -876
97 86 6675
97 87 -3177
97 88 28541
97 89 10938
97 90 42920
97 91 8253
97 92 2695
97 93 2443
97 94 1638
97 95 -1239
97 96 4670
97 98 3276
97 99 5290
97 100 2909
97 101 31025
97 102 29286
97 103 40978
97 104 5284
97 105 13523
97 106 22566
97 107 35374
97 108 34216
97 109 27031
97 110 23942
97 111 23167
97 112 9650
97 113 11228
97 114 18087
97 115 8635
97 116 30506
97 117 1579
97 118 5501
97 119 10164
97 120 41317
97 121 37260
97 122 36162
97 123 30439
97 124 29954
97 125 16699
97 126 41891
97 127 24890
97 128 40724
97 129 40361
97 130 27552
97 131 43056
97 132 25376
97 133 17638
97 134 29013
97 135 49254
97 136 57581
97 137 4727
97 138 22211
97 139 30187
97 140 13179
97 141 7669
97 142 7314
97 143 38363
97 144 2427
97 145 11060
97 146 18349
97 147 6916
97 148 29102
97 149 19351
97 150 31777
97 151 -599
97 152 8285
97 153 21583
97 154 19255
97 155 23715
97 156 18375
97 157 34491
97 158 34273
97 159 28210
97 160 39713
97 161 41603
97 162 28992
97 163 34330
97 164 39196
97 165 33068
97 166 10701
97 167 20948
97 168 32199
97 169 38485
97 170 32254
97 171 12184
97 172 3360
97 173 11320
97 174 20555
97 175 38338
97 176 24610
97 177 28727
97 178 4860
97 179 22966
97 180 14215
97 181 37529
97 182 23434
97 183 3883
97 184 26938
97 185 37604
97 186 26831
97 187 30350
97 188 41696
97 189 34984
97 190 23344
97 191 7990
97 192 6652
97 193 4131
97 194 23128
97 195 21048
97 196 28515
97 197 20297
97 198 16597
97 199 18528
97 200 10094
98 1 32444
98 2 14110
98 3 40114
98 4 30595
98 5 3050
98 6 10564
98 7 27253
98 8 20808
98 9 44094
98 10 36204
98 11 37238
98 12 30070
98 13 7203
98 14 3245
98 15 8894
98 16 650
98 17 10080
98 18 15008
98 19 31857
98 20 47252
98 21 23192
98 22 24662
98 23 24240
98 24 42081
98 25 40650
98 26 23869
98 27 22110
98 28 25860
98 29 43606
98 30 37530
98 31 26522
98 32 40850
98 33 42216
98 34 47189
98 35 56170
98 36 33913
98 37 -853
98 38 9441
98 39 28922
98 40 18906
98 41 21516
98 42 6770
98 43 7828
98 44 4619
98 45 13428
98 46 21921
98 47 27354
98 48 19950
98 49 35988
98 50 34688
98 51 43097
98 52 21867
98 53 19710
98 54 32556
98 55 42049
98 56 31279
98 57 12451
98 58 14853
98 59 -2667
98 60 12493
98 61 2995
98 62 31654
98 63 43541
98 64 34901
98 65 51414
98 66 42781
98 67 30683
98 68 33328
98 69 30170
98 70 37208
98 71 52382
98 72 21641
98 73 21990
98 74 25158
98 75 24745
98 76 33446
98 77 36692
98 78 47698
98 79 40371
98 80 38463
98 81 40662
98 82 20776
98 83 12906
98 84 8457
98 85 -6769
98 86 759
98 87 2067
98 88 29305
98 89 12554
98 90 44069
98 91 2527
98 92 2695
98 93 -2011
98 94 4775
98 95 2469
98 96 4670
98 97 2963
98 99 3318
98 100 -1545
98 101 33630
98 102 33445
98 103 44407
98 104 3312
98 105 18877
98 106 22337
98 107 34667
98 108 35499
98 109 32598
98 110 29942
98 111 27398
98 112 13399
98 113 5392
98 114 15525
98 115 14272
98 116 35493
98 117 6997
98 118 3245
98 119 5742
98 120 45437
98 121 42570
98 122 39070
98 123 29456
98 124 27493
98 125 12749
98 126 42524
98 127 26586
98 128 43212
98 129 45157
98 130 33470
98 131 44843
98 132 28599
98 133 23086
98 134 34747
98 135 53389
98 136 61475
98 137 10694
98 138 27328
98 139 36109
98 140 8697
98 141 1994
98 142 6789
98 143 36161
98 144 7147
98 145 16081
98 146 21240
98 147 8446
98 148 29627
98 149 25142
98 150 37202
98 151 -599
98 152 13922
98 153 21335
98 154 24372
98 155 29712
98 156 22216
98 157 38653
98 158 39121
98 159 28836
98 160 41938
98 161 45200
98 162 31369
98 163 39992
98 164 43652
98 165 39052
98 166 10310
98 167 23522
98 168 30116
98 169 43455
98 170 38179
98 171 17817
98 172 5928
98 173 6298
98 174 17190
98 175 37646
98 176 28230
98 177 34306
98 178 10443
98 179 28884
98 180 20048
98 181 38497
98 182 23434
98 183 6451
98 184 31896
98 185 42107
98 186 32503
98 187 36276
98 188 44606
98 189 36187
98 190 24932
98 191 2451
98 192 2507
98 193 -1483
98 194 22907
98 195 26757
98 196 33368
98 197 26162
98 198 22597
98 199 15512
98 200 14149
99 1 27980
99 2 15111
99 3 36672
99 4 30092
99 5 -396
99 6 6150
99 7 22236
99 8 16761
99 9 39814
99 10 31122
99 11 32227
99 12 27376
99 13 5548
99 14 8303
99 15 12737
99 16 3257
99 17 8961
99 18 9982
99 19 27018
99 20 42469
99 21 22883
99 22 26113
99 23 25662
99 24 39889
99 25 40037
99 26 21673
99 27 17789
99 28 22364
99 29 40766
99 30 32682
99 31 21511
99 32 35795
99 33 38217
99 34 43523
99 35 51997
99 36 29840
99 37 3733
99 38 13988
99 39 29325
99 40 17553
99 41 23659
99 42 11034
99 43 12584
99 44 8989
99 45 10466
99 46 18440
99 47 22977
99 48 15301
99 49 31495
99 50 30683
99 51 38649
99 52 16843
99 53 16839
99 54 30844
99 55 41109
99 56 31955
99 57 15079
99 58 13133
99 59 -4037
99 60 7884
99 61 3625
99 62 26567
99 63 38445
99 64 30003
99 65 46877
99 66 37975
99 67 31565
99 68 30457
99 69 25566
99 70 32333
99 71 47915
99 72 21990
99 73 22304
99 74 26067
99 75 25772
99 76 29947
99 77 33316
99 78 44045
99 79 36802
99 80 35795
99 81 36648
99 82 16057
99 83 8673
99 84 5947
99 85 -4274
99 86 3351
99 87 3894
99 88 24208
99 89 7719
99 90 38980
99 91 6657
99 92 4005
99 93 -2345
99 94 1638
99 95 1146
99 96 198
99 97 4034
99 98 2375
99 100 3539
99 101 28847
99 102 29422
99 103 39883
99 104 -1787
99 105 16426
99 106 17284
99 107 29740
99 108 30422
99 109 30241
99 110 29343
99 111 23545
99 112 9650
99 113 5865
99 114 11278
99 115 15420
99 116 32246
99 117 6367
99 118 -1305
99 119 10507
99 120 41317
99 121 39660
99 122 34363
99 123 24588
99 124 23235
99 125 9632
99 126 37427
99 127 21597
99 128 38339
99 129 41632
99 130 32024
99 131 39818
99 132 24105
99 133 24460
99 134 32659
99 135 49254
99 136 57171
99 137 10305
99 138 24369
99 139 36184
99 140 13179
99 141 5599
99 142 11640
99 143 31792
99 144 9483
99 145 18095
99 146 16728
99 147 3726
99 148 24530
99 149 23380
99 150 34534
99 151 711
99 152 12202
99 153 16278
99 154 21413
99 155 29209
99 156 18375
99 157 34622
99 158 35679
99 159 23738
99 160 37000
99 161 40751
99 162 26524
99 163 37723
99 164 39774
99 165 37995
99 166 5227
99 167 18800
99 168 25668
99 169 40094
99 170 38200
99 171 18863
99 172 9616
99 173 4888
99 174 13531
99 175 32718
99 176 23928
99 177 31934
99 178 11708
99 179 27507
99 180 18533
99 181 33399
99 182 18368
99 183 2529
99 184 28643
99 185 38317
99 186 33392
99 187 36324
99 188 39866
99 189 31105
99 190 19916
99 191 6431
99 192 7445
99 193 2973
99 194 17856
99 195 24742
99 196 29979
99 197 26540
99 198 22040
99 199 11549
99 200 10382
100 1 35436
100 2 14647
100 3 42651
100 4 31635
100 5 5570
100 6 13639
100 7 30298
100 8 23287
100 9 46992
100 10 39363
100 11 40270
100 12 32290
100 13 9390
100 14 84
100 15 7170
100 16 -159
100 17 11129
100 18 18073
100 19 34759
100 20 50347
100 21 24247
100 22 24591
100 23 24062
100 24 43978
100 25 41682
100 26 25902
100 27 25074
100 28 28490
100 29 45831
100 30 40649
100 31 29681
100 32 44013
100 33 45000
100 34 49804
100 35 59014
100 36 36313
100 37 561
100 38 6566
100 39 29372
100 40 20615
100 41 20991
100 42 4959
100 43 5200
100 44 2051
100 45 15351
100 46 24015
100 47 29960
100 48 22741
100 49 38643
100 50 37490
100 51 46069
100 52 25029
100 53 22141
100 54 34245
100 55 43281
100 56 31619
100 57 11872
100 58 16831
100 59 435
100 60 15371
100 61 3864
100 62 34765
100 63 46667
100 64 37834
100 65 54409
100 66 45883
100 67 30782
100 68 35599
100 69 33217
100 70 40336
100 71 55353
100 72 22267
100 73 22691
100 74 25441
100 75 24902
100 76 36031
100 77 39207
100 78 50314
100 79 42960
100 80 40637
100 81 43450
100 82 23625
100 83 15559
100 84 10416
100 85 -5459
100 86 -538
100 87 2580
100 88 32453
100 89 15690
100 90 47225
100 91 1217
100 92 5190
100 93 827
100 94 7597
100 95 4981
100 96 7811
100 97 4579
100 98 438
100 99 6465
100 101 36732
100 102 36249
100 103 47405
100 104 6459
100 105 21090
100 106 25415
100 107 37630
100 108 38659
100 109 34646
100 110 31078
100 111 30160
100 112 16225
100 113 5597
100 114 18128
100 115 14663
100 116 37954
100 117 9047
100 118 6112
100 119 2813
100 120 48265
100 121 44836
100 122 42143
100 123 32382
100 124 30039
100 125 14765
100 126 45652
100 127 29742
100 128 46337
100 129 47723
100 130 35011
100 131 48003
100 132 31607
100 133 23051
100 134 36607
100 135 56217
100 136 64375
100 137 12216
100 138 29704
100 139 36772
100 140 5871
100 141 207
100 142 4153
100 143 38741
100 144 6986
100 145 15728
100 146 24275
100 147 11568
100 148 32758
100 149 26932
100 150 39376
100 151 1896
100 152 15900
100 153 24418
100 154 26748
100 155 30752
100 156 25043
100 157 41458
100 158 41658
100 159 31970
100 160 45081
100 161 48165
100 162 34490
100 163 41940
100 164 46368
100 165 40354
100 166 13425
100 167 26613
100 168 32766
100 169 45935
100 170 38827
100 171 18044
100 172 4732
100 173 7875
100 174 19443
100 175 40611
100 176 31163
100 177 36342
100 178 10797
100 179 30435
100 180 21782
100 181 41642
100 182 26522
100 183 9422
100 184 34370
100 185 44797
100 186 32693
100 187 36946
100 188 47686
100 189 39346
100 190 28092
100 191 472
100 192 -555
100 193 -2853
100 194 25983
100 195 28653
100 196 35897
100 197 26727
100 198 23747
100 199 18008
100 200 16931
101 1 1835
101 2 32675
101 3 16160
101 4 31296
101 5 24314
101 6 24807
101 7 15353
101 8 25498
101 9 10717
101 10 6312
101 11 14628
101 12 17456
101 13 23391
101 14 38953
101 15 36996
101 16 33464
101 17 32270
101 18 16791
101 19 16061
101 20 11408
101 21 30158
101 22 39186
101 23 35174
101 24 26755
101 25 37160
101 26 19764
101 27 9437
101 28 14181
101 29 22739
101 30 1780
101 31 -720
101 32 7371
101 33 12205
101 34 18148
101 35 23014
101 36 27272
101 37 33968
101 38 45040
101 39 33087
101 40 24694
101 41 39867
101 42 38533
101 43 40350
101 44 40032
101 45 26042
101 46 25243
101 47 19941
101 48 12375
101 49 22109
101 50 7658
101 51 8879
101 52 11912
101 53 20119
101 54 24203
101 55 36953
101 56 39189
101 57 36951
101 58 23152
101 59 25976
101 60 26247
101 61 32916
101 62 8636
101 63 14602
101 64 12060
101 65 16164
101 66 6935
101 67 35845
101 68 15204
101 69 3547
101 70 1851
101 71 17554
101 72 30561
101 73 32365
101 74 37023
101 75 35842
101 76 12446
101 77 14553
101 78 19496
101 79 14152
101 80 22359
101 81 9937
101 82 17031
101 83 23602
101 84 29073
101 85 26689
101 86 32843
101 87 27751
101 88 8525
101 89 17150
101 90 12685
101 91 37716
101 92 33074
101 93 28665
101 94 22868
101 95 26224
101 96 27117
101 97 30205
101 98 33123
101 99 29283
101 100 34242
101 102 4777
101 103 9413
101 104 29277
101 105 18234
101 106 13023
101 107 15444
101 108 4441
101 109 21691
101 110 31957
101 111 9001
101 112 18001
101 113 32701
101 114 20315
101 115 32566
101 116 15506
101 117 29427
101 118 18665
101 119 41535
101 120 13280
101 121 21642
101 122 3421
101 123 14918
101 124 23599
101 125 25046
101 126 13716
101 127 5493
101 128 7483
101 129 19101
101 130 26661
101 131 10579
101 132 3281
101 133 36884
101 134 21676
101 135 20594
101 136 27424
101 137 28070
101 138 16586
101 139 38708
101 140 44215
101 141 36349
101 142 40553
101 143 25115
101 144 32273
101 145 35304
101 146 12964
101 147 19240
101 148 7471
101 149 21710
101 150 21098
101 151 29780
101 152 22221
101 153 14716
101 154 13630
101 155 30413
101 156 21550
101 157 9356
101 158 15167
101 159 3235
101 160 6597
101 161 10553
101 162 -395
101 163 25002
101 164 13067
101 165 33484
101 166 17804
101 167 5540
101 168 21999
101 169 17999
101 170 38463
101 171 31191
101 172 35820
101 173 31052
101 174 23451
101 175 17924
101 176 2139
101 177 21487
101 178 29736
101 179 25524
101 180 22216
101 181 6942
101 182 6327
101 183 21316
101 184 13229
101 185 13990
101 186 41125
101 187 38405
101 188 8811
101 189 6295
101 190 1196
101 191 37401
101 192 38354
101 193 34026
101 194 12325
101 195 20031
101 196 12298
101 197 33804
101 198 26491
101 199 25780
101 200 10006
102 1 4835
102 2 32546
102 3 4058
102 4 24195
102 5 32150
102 6 30357
102 7 27253
102 8 36497
102 9 3549
102 10 17636
102 11 26348
102 12 10091
102 13 26108
102 14 43280
102 15 37405
102 16 40195
102 17 41364
102 18 26346
102 19 28387
102 20 12636
102 21 26448
102 22 35636
102 23 29252
102 24 15258
102 25 27760
102 26 15771
102 27 13914
102 28 13079
102 29 10500
102 30 7449
102 31 11528
102 32 14667
102 33 1205
102 34 7076
102 35 15205
102 36 39639
102 37 38745
102 38 50406
102 39 25547
102 40 23160
102 41 37169
102 42 41128
102 43 42228
102 44 45651
102 45 36412
102 46 37026
102 47 32259
102 48 24500
102 49 34234
102 50 -694
102 51 4463
102 52 21262
102 53 20752
102 54 15264
102 55 27534
102 56 33324
102 57 37359
102 58 23553
102 59 31264
102 60 34681
102 61 40033
102 62 20889
102 63 24611
102 64 22803
102 65 11680
102 66 6748
102 67 27626
102 68 4389
102 69 10713
102 70 11743
102 71 12558
102 72 26259
102 73 29060
102 74 33123
102 75 31122
102 76 3826
102 77 3406
102 78 7865
102 79 1818
102 80 12044
102 81 -364
102 82 28529
102 83 33143
102 84 37699
102 85 32707
102 86 40106
102 87 30023
102 88 20720
102 89 23828
102 90 21986
102 91 43398
102 92 37717
102 93 34652
102 94 27383
102 95 30416
102 96 32790
102 97 33841
102 98 38313
102 99 35233
102 100 39134
102 101 10152
102 103 5501
102 104 35227
102 105 17054
102 106 24331
102 107 27547
102 108 14983
102 109 13763
102 110 26013
102 111 7548
102 112 21879
102 113 40952
102 114 31045
102 115 32020
102 116 5449
102 117 32810
102 118 26856
102 119 46654
102 120 4441
102 121 9481
102 122 6980
102 123 27287
102 124 35709
102 125 35357
102 126 23917
102 127 16457
102 128 10302
102 129 6778
102 130 17781
102 131 16903
102 132 8600
102 133 33046
102 134 11066
102 135 12386
102 136 20773
102 137 29562
102 138 12358
102 139 31102
102 140 49701
102 141 42593
102 142 43619
102 143 37426
102 144 33566
102 145 33518
102 146 18759
102 147 25327
102 148 19841
102 149 16333
102 150 10783
102 151 34423
102 152 22622
102 153 25536
102 154 9402
102 155 23312
102 156 25043
102 157 -2383
102 158 3065
102 159 15277
102 160 11514
102 161 5437
102 162 11511
102 163 13875
102 164 2836
102 165 24125
102 166 26048
102 167 13359
102 168 34323
102 169 5719
102 170 29571
102 171 27914
102 172 38018
102 173 39085
102 174 34556
102 175 29941
102 176 3472
102 177 12186
102 178 29527
102 179 18702
102 180 19303
102 181 14653
102 182 18589
102 183 26301
102 184 4592
102 185 1962
102 186 35134
102 187 30574
102 188 8723
102 189 17619
102 190 12942
102 191 43307
102 192 43240
102 193 39509
102 194 23851
102 195 13503
102 196 2373
102 197 28602
102 198 21615
102 199 35728
102 200 12688
103 1 15436
103 2 47598
103 3 16082
103 4 38683
103 5 43450
103 6 43164
103 7 33164
103 8 43995
103 9 -3981
103 10 18043
103 11 25243
103 12 25124
103 13 40275
103 14 57000
103 15 52446
103 16 52423
103 17 51446
103 18 35982
103 19 29868
103 20 3215
103 21 41726
103 22 50883
103 23 43921
103 24 25778
103 25 40519
103 26 31068
103 27 26682
103 28 27812
103 29 19007
103 30 5885
103 31 17467
103 32 7974
103 33 8247
103 34 5799
103 35 4990
103 36 41529
103 37 52139
103 38 63613
103 39 39558
103 40 38332
103 41 52461
103 42 55533
103 43 56932
103 44 58650
103 45 44866
103 46 42513
103 47 35387
103 48 29179
103 49 33397
103 50 14198
103 51 2171
103 52 31108
103 53 35368
103 54 29078
103 55 40454
103 56 48118
103 57 52354
103 58 38364
103 59 44333
103 60 45438
103 61 51948
103 62 22954
103 63 20374
103 64 17975
103 65 -2790
103 66 -7765
103 67 40964
103 68 17500
103 69 21219
103 70 14851
103 71 -1655
103 72 41458
103 73 44348
103 74 48350
103 75 46207
103 76 19030
103 77 17219
103 78 10496
103 79 10519
103 80 25447
103 81 2266
103 82 35189
103 83 42758
103 84 48282
103 85 45386
103 86 51945
103 87 44464
103 88 26161
103 89 35851
103 90 17743
103 91 56313
103 92 51147
103 93 47325
103 94 40777
103 95 44021
103 96 45596
103 97 47737
103 98 51479
103 99 47898
103 100 52494
103 101 16992
103 102 7705
103 104 47892
103 105 32086
103 106 31615
103 107 27633
103 108 13874
103 109 28484
103 110 40954
103 111 21998
103 112 35395
103 113 51906
103 114 39040
103 115 47148
103 116 19905
103 117 46772
103 118 37834
103 119 59945
103 120 209
103 121 18882
103 122 8557
103 123 30005
103 124 40206
103 125 43911
103 126 20166
103 127 24634
103 128 815
103 129 14811
103 130 31494
103 131 9390
103 132 20002
103 133 48263
103 134 23346
103 135 3331
103 136 8443
103 137 44175
103 138 27631
103 139 45159
103 140 62832
103 141 55177
103 142 57875
103 143 37939
103 144 48329
103 145 48799
103 146 31052
103 147 37785
103 148 23562
103 149 31531
103 150 24186
103 151 47853
103 152 37433
103 153 33611
103 154 24675
103 155 37800
103 156 38622
103 157 10345
103 158 15089
103 159 16673
103 160 4445
103 161 -8489
103 162 18770
103 163 25446
103 164 -221
103 165 37178
103 166 36950
103 167 24182
103 168 37453
103 169 11549
103 170 42584
103 171 43192
103 172 52543
103 173 50230
103 174 41789
103 175 29600
103 176 16023
103 177 26181
103 178 44602
103 179 33507
103 180 34584
103 181 6390
103 182 23247
103 183 39421
103 184 19620
103 185 10197
103 186 49852
103 187 44488
103 188 -3009
103 189 18026
103 190 19993
103 191 56106
103 192 56646
103 193 52539
103 194 30719
103 195 28536
103 196 17116
103 197 43628
103 198 36783
103 199 44834
103 200 26504
104 1 27980
104 2 15111
104 3 36672
104 4 30092
104 5 -396
104 6 6150
104 7 22236
104 8 16761
104 9 39814
104 10 31122
104 11 32227
104 12 27376
104 13 5548
104 14 8303
104 15 12737
104 16 3257
104 17 8961
104 18 9982
104 19 27018
104 20 42469
104 21 22883
104 22 26113
104 23 25662
104 24 39889
104 25 40037
104 26 21673
104 27 17789
104 28 22364
104 29 40766
104 30 32682
104 31 21511
104 32 35795
104 33 38217
104 34 43523
104 35 51997
104 36 29840
104 37 3733
104 38 13988
104 39 29325
104 40 17553
104 41 23659
104 42 11034
104 43 12584
104 44 8989
104 45 10466
104 46 18440
104 47 22977
104 48 15301
104 49 31495
104 50 30683
104 51 38649
104 52 16843
104 53 16839
104 54 30844
104 55 41109
104 56 31955
104 57 15079
104 58 13133
104 59 -4037
104 60 7884
104 61 3625
104 62 26567
104 63 38445
104 64 30003
104 65 46877
104 66 37975
104 67 31565
104 68 30457
104 69 25566
104 70 32333
104 71 47915
104 72 21990
104 73 22304
104 74 26067
104 75 25772
104 76 29947
104 77 33316
104 78 44045
104 79 36802
104 80 35795
104 81 36648
104 82 16057
104 83 8673
104 84 5947
104 85 -4274
104 86 3351
104 87 3894
104 88 24208
104 89 7719
104 90 38980
104 91 6657
104 92 4005
104 93 -2345
104 94 1638
104 95 1146
104 96 198
104 97 4034
104 98 2375
104 99 -1781
104 100 3539
104 101 28847
104 102 29422
104 103 39883
104 105 16426
104 106 17284
104 107 29740
104 108 30422
104 109 30241
104 110 29343
104 111 23545
104 112 9650
104 113 5865
104 114 11278
104 115 15420
104 116 32246
104 117 6367
104 118 -1305
104 119 10507
104 120 41317
104 121 39660
104 122 34363
104 123 24588
104 124 23235
104 125 9632
104 126 37427
104 127 21597
104 128 38339
104 129 41632
104 130 32024
104 131 39818
104 132 24105
104 133 24460
104 134 32659
104 135 49254
104 136 57171
104 137 10305
104 138 24369
104 139 36184
104 140 13179
104 141 5599
104 142 11640
104 143 31792
104 144 9483
104 145 18095
104 146 16728
104 147 3726
104 148 24530
104 149 23380
104 150 34534
104 151 711
104 152 12202
104 153 16278
104 154 21413
104 155 29209
104 156 18375
104 157 34622
104 158 35679
104 159 23738
104 160 37000
104 161 40751
104 162 26524
104 163 37723
104 164 39774
104 165 37995
104 166 5227
104 167 18800
104 168 25668
104 169 40094
104 170 38200
104 171 18863
104 172 9616
104 173 4888
104 174 13531
104 175 32718
104 176 23928
104 177 31934
104 178 11708
104 179 27507
104 180 18533
104 181 33399
104 182 18368
104 183 2529
104 184 28643
104 185 38317
104 186 33392
104 187 36324
104 188 39866
104 189 31105
104 190 19916
104 191 6431
104 192 7445
104 193 2973
104 194 17856
104 195 24742
104 196 29979
104 197 26540
104 198 22040
104 199 11549
104 200 10382
105 1 15861
105 2 11546
105 3 18060
105 4 12609
105 5 18201
105 6 14747
105 7 26520
105 8 29734
105 9 24560
105 10 27305
105 11 33538
105 12 7235
105 13 6678
105 14 23556
105 15 16404
105 16 23218
105 17 28437
105 18 18343
105 19 31703
105 20 31499
105 21 8353
105 22 17047
105 23 14000
105 24 19493
105 25 21565
105 26 1355
105 27 8451
105 28 5728
105 29 20780
105 30 23236
105 31 17050
105 32 29573
105 33 21759
105 34 25343
105 35 35826
105 36 39784
105 37 20094
105 38 31193
105 39 13853
105 40 2528
105 41 17677
105 42 20557
105 43 21295
105 44 27110
105 45 26955
105 46 32063
105 47 31897
105 48 23203
105 49 38213
105 50 14863
105 51 24874
105 52 16843
105 53 2281
105 54 10752
105 55 22046
105 56 18312
105 57 16338
105 58 2790
105 59 13652
105 60 22685
105 61 24015
105 62 26567
105 63 35989
105 64 31993
105 65 32703
105 66 26680
105 67 16884
105 68 10540
105 69 15810
105 70 24024
105 71 33571
105 72 8850
105 73 10273
105 74 15026
105 75 14146
105 76 11826
105 77 14580
105 78 25910
105 79 18515
105 80 15616
105 81 20128
105 82 24702
105 83 23069
105 84 24668
105 85 15367
105 86 23409
105 87 9551
105 88 23602
105 89 11768
105 90 34609
105 91 25368
105 92 19231
105 93 17631
105 94 9873
105 95 11916
105 96 16210
105 97 14456
105 98 20123
105 99 18615
105 100 20353
105 101 19987
105 102 13432
105 103 26260
105 104 18609
105 106 21755
105 107 32843
105 108 26021
105 109 9853
105 110 12155
105 111 8098
105 112 6340
105 113 26187
105 114 23852
105 115 11112
105 116 13184
105 117 13516
105 118 14274
105 119 27648
105 120 25156
105 121 19776
105 122 23424
105 123 29456
105 124 33432
105 125 25896
105 126 35010
105 127 18022
105 128 28449
105 129 23179
105 130 12259
105 131 32694
105 132 13323
105 133 14812
105 134 12279
105 135 32942
105 136 41637
105 137 8970
105 138 4869
105 139 19869
105 140 30617
105 141 24841
105 142 23195
105 143 39734
105 144 12645
105 145 13281
105 146 11078
105 147 11049
105 148 24257
105 149 3555
105 150 14355
105 151 15937
105 152 1859
105 153 21459
105 154 1913
105 155 11726
105 156 11173
105 157 18564
105 158 17067
105 159 22399
105 160 28279
105 161 26428
105 162 18956
105 163 17331
105 164 22400
105 165 18751
105 166 15102
105 167 12248
105 168 34175
105 169 21106
105 170 21190
105 171 9032
105 172 17321
105 173 24737
105 174 27598
105 175 35649
105 176 10959
105 177 11555
105 178 8546
105 179 8156
105 180 533
105 181 29075
105 182 20500
105 183 9857
105 184 9679
105 185 20879
105 186 20228
105 187 19839
105 188 28280
105 189 27288
105 190 16277
105 191 25260
105 192 24127
105 193 21312
105 194 22006
105 195 4477
105 196 11372
105 197 12615
105 198 5639
105 199 26247
105 200 -40
106 1 16935
106 2 30724
106 3 30906
106 4 37998
106 5 11229
106 6 17211
106 7 1398
106 8 8743
106 9 27420
106 10 11493
106 11 11255
106 12 27440
106 13 19268
106 14 29023
106 15 32431
106 16 20750
106 17 16782
106 18 3053
106 19 6970
106 20 26144
106 21 33298
106 22 40533
106 23 38882
106 24 39605
106 25 46263
106 26 25766
106 27 12923
106 28 21018
106 29 37237
106 30 16258
106 31 4460
106 32 16331
106 33 28593
106 34 34709
106 35 39640
106 36 14391
106 37 24752
106 38 33125
106 39 39348
106 40 26597
106 41 39767
106 42 31602
106 43 33434
106 44 28471
106 45 9520
106 46 9041
106 47 6477
106 48 -2191
106 49 13030
106 50 22478
106 51 25546
106 52 5669
106 53 21746
106 54 33972
106 55 46378
106 56 43532
106 57 33328
106 58 22940
106 59 16727
106 60 12941
106 61 20077
106 62 5720
106 63 17683
106 64 9352
106 65 31613
106 66 20958
106 67 42377
106 68 28085
106 69 14547
106 70 16209
106 71 33619
106 72 33658
106 73 34474
106 74 39200
106 75 38729
106 76 25269
106 77 28444
106 78 35807
106 79 29770
106 80 34553
106 81 26539
106 82 470
106 83 8350
106 84 14519
106 85 15564
106 86 19077
106 87 22413
106 88 4596
106 89 9902
106 90 18891
106 91 26691
106 92 24553
106 93 18022
106 94 16171
106 95 19106
106 96 17987
106 97 23269
106 98 23353
106 99 19243
106 100 24448
106 101 14546
106 102 20479
106 103 25559
106 104 19237
106 105 21525
106 107 9111
106 108 10807
106 109 31499
106 110 37641
106 111 18758
106 112 15148
106 113 18035
106 114 3685
106 115 30990
106 116 28480
106 117 23490
106 118 5639
106 119 30670
106 120 30042
106 121 36020
106 122 19609
106 123 4511
106 124 8527
106 125 8583
106 126 16688
106 127 6486
106 128 21060
106 129 34737
106 130 36070
106 131 20782
106 132 14227
106 133 38585
106 134 33445
106 135 37292
106 136 43773
106 137 24969
106 138 24631
106 139 45341
106 140 32190
106 141 24098
106 142 32609
106 143 14284
106 144 27859
106 145 34402
106 146 12637
106 147 11440
106 148 4046
106 149 28324
106 150 33292
106 151 21259
106 152 22009
106 153 -748
106 154 21675
106 155 37115
106 156 20803
106 157 25358
106 158 29913
106 159 3197
106 160 19149
106 161 26820
106 162 11929
106 163 37490
106 164 29774
106 165 42958
106 166 6177
106 167 8965
106 168 8715
106 169 33693
106 170 46464
106 171 32617
106 172 29664
106 173 17139
106 174 6690
106 175 12064
106 176 14953
106 177 32432
106 178 27695
106 179 32950
106 180 25947
106 181 12879
106 182 -2623
106 183 14503
106 184 25370
106 185 30011
106 186 45393
106 187 45287
106 188 23808
106 189 11476
106 190 3403
106 191 25710
106 192 27986
106 193 23354
106 194 -3167
106 195 28092
106 196 25507
106 197 37773
106 198 31080
106 199 9855
106 200 11328
107 1 24620
107 2 47014
107 3 38895
107 4 51966
107 5 26262
107 6 33703
107 7 11578
107 8 18228
107 9 29137
107 10 9024
107 11 -3167
107 12 39333
107 13 35660
107 14 44578
107 15 48917
107 16 35161
107 17 28551
107 18 19177
107 19 -3742
107 20 24215
107 21 48486
107 22 56373
107 23 54185
107 24 49568
107 25 59083
107 26 39633
107 27 26477
107 28 34041
107 29 45425
107 30 16431
107 31 11084
107 32 9228
107 33 33848
107 34 38650
107 35 39988
107 36 6666
107 37 40838
107 38 47409
107 39 53654
107 40 41946
107 41 55917
107 42 47952
107 43 49688
107 44 43355
107 45 19340
107 46 11228
107 47 2068
107 48 80
107 49 -694
107 50 30478
107 51 27851
107 52 20819
107 53 36855
107 54 46221
107 55 58963
107 56 58534
107 57 49800
107 58 38726
107 59 32932
107 60 28340
107 61 34698
107 62 2920
107 63 6541
107 64 -7100
107 65 27936
107 66 16274
107 67 56664
107 68 37975
107 69 24159
107 70 19041
107 71 32253
107 72 48956
107 73 50011
107 74 54799
107 75 54179
107 76 35101
107 77 37378
107 78 40850
107 79 36476
107 80 45024
107 81 30877
107 82 10595
107 83 22316
107 84 28209
107 85 31081
107 86 32302
107 87 38905
107 88 11738
107 89 26313
107 90 11090
107 91 42100
107 92 40837
107 93 33840
107 94 32663
107 95 35573
107 96 34308
107 97 39718
107 98 39324
107 99 35340
107 100 40304
107 101 20608
107 102 27336
107 103 25218
107 104 35334
107 105 36254
107 106 12752
107 108 6815
107 109 43582
107 110 51979
107 111 30220
107 112 31135
107 113 30682
107 114 14976
107 115 47247
107 116 38245
107 117 39982
107 118 21079
107 119 45902
107 120 32710
107 121 44375
107 122 22060
107 123 -586
107 124 8812
107 125 18866
107 126 6028
107 127 17280
107 128 17634
107 129 41381
107 130 48573
107 131 14460
107 132 24217
107 133 54346
107 134 44320
107 135 38281
107 136 42750
107 137 41314
107 138 37396
107 139 59443
107 140 46428
107 141 38675
107 142 48760
107 143 2981
107 144 44346
107 145 50641
107 146 27338
107 147 27932
107 148 6416
107 149 42064
107 150 43763
107 151 37543
107 152 37795
107 153 15691
107 154 34440
107 155 51083
107 156 36232
107 157 31671
107 158 37902
107 159 46
107 160 15474
107 161 26402
107 162 19002
107 163 47770
107 164 32970
107 165 55495
107 166 22472
107 167 21435
107 168 4345
107 169 40115
107 170 59957
107 171 48392
107 172 46102
107 173 31179
107 174 14491
107 175 -4400
107 176 24339
107 177 43833
107 178 44009
107 179 46438
107 180 40755
107 181 1308
107 182 2474
107 183 30992
107 184 35761
107 185 36041
107 186 60452
107 187 59283
107 188 21756
107 189 9007
107 190 12301
107 191 40660
107 192 43486
107 193 38922
107 194 11357
107 195 41146
107 196 35055
107 197 52836
107 198 45799
107 199 22622
107 200 26176
108 1 13236
108 2 42795
108 3 26258
108 4 42955
108 5 28978
108 6 32305
108 7 14515
108 8 25358
108 9 15102
108 10 -2082
108 11 4629
108 12 29070
108 13 32512
108 14 45946
108 15 46487
108 16 38552
108 17 34668
108 18 20579
108 19 8777
108 20 10462
108 21 41445
108 22 50283
108 23 46692
108 24 37415
108 25 48676
108 26 31283
108 27 19632
108 28 25583
108 29 32535
108 30 2456
108 31 3280
108 32 -1684
108 33 20371
108 34 24701
108 35 26085
108 36 20438
108 37 41150
108 38 50831
108 39 44747
108 40 35607
108 41 50679
108 42 46962
108 43 48929
108 44 45989
108 45 26682
108 46 22217
108 47 14436
108 48 8966
108 49 12933
108 50 18410
108 51 13902
108 52 17874
108 53 30694
108 54 35735
108 55 48452
108 56 50734
108 57 46650
108 58 33479
108 59 33021
108 60 30645
108 61 37864
108 62 2380
108 63 2941
108 64 690
108 65 15247
108 66 3843
108 67 47504
108 68 26153
108 69 14702
108 70 6336
108 71 18625
108 72 41901
108 73 43512
108 74 48243
108 75 47205
108 76 23733
108 77 25264
108 78 27119
108 79 23286
108 80 33507
108 81 17124
108 82 16402
108 83 26375
108 84 32543
108 85 32789
108 86 37086
108 87 36682
108 88 8705
108 89 24361
108 90 1530
108 91 43935
108 92 40533
108 93 34989
108 94 30910
108 95 34232
108 96 34101
108 97 38400
108 98 39996
108 99 35862
108 100 41173
108 101 9445
108 102 14612
108 103 11299
108 104 35856
108 105 29272
108 106 14288
108 107 6655
108 109 33289
108 110 43560
108 111 20625
108 112 27120
108 113 36054
108 114 20975
108 115 42823
108 116 26603
108 117 37956
108 118 23281
108 119 47944
108 120 18705
108 121 31608
108 122 8433
108 123 9142
108 124 19679
108 125 25881
108 126 2059
108 127 11467
108 128 4328
108 129 28137
108 130 38215
108 131 2799
108 132 14662
108 133 48051
108 134 32791
108 135 24297
108 136 29117
108 137 37668
108 138 28212
108 139 50370
108 140 49920
108 141 41804
108 142 48562
108 143 17016
108 144 41628
108 145 45868
108 146 22058
108 147 26510
108 148 4322
108 149 33322
108 150 32246
108 151 37239
108 152 32548
108 153 16975
108 154 25256
108 155 42072
108 156 31182
108 157 18675
108 158 25265
108 159 -3972
108 160 2128
108 161 12536
108 162 9074
108 163 35880
108 164 18973
108 165 44988
108 166 23034
108 167 14707
108 168 16519
108 169 26696
108 170 50066
108 171 42263
108 172 44552
108 173 35114
108 174 22740
108 175 8742
108 176 13796
108 177 32909
108 178 39854
108 179 37184
108 180 33480
108 181 -3797
108 182 4022
108 183 29198
108 184 24606
108 185 22712
108 186 52674
108 187 50066
108 188 8098
108 189 -2099
108 190 5958
108 191 43236
108 192 45041
108 193 40452
108 194 13038
108 195 31693
108 196 23377
108 197 45282
108 198 37982
108 199 27737
108 200 20184
109 1 16251
109 2 20963
109 3 9216
109 4 7923
109 5 30322
109 6 26913
109 7 34471
109 8 40212
109 9 18185
109 10 30510
109 11 38482
109 12 -1117
109 13 18907
109 14 35106
109 15 25087
109 16 35561
109 17 40533
109 18 28739
109 19 38456
109 20 28901
109 21 11938
109 22 20473
109 23 13005
109 24 7151
109 25 13024
109 26 3971
109 27 15656
109 28 10362
109 29 8947
109 30 22783
109 31 21600
109 32 30066
109 33 15231
109 34 15542
109 35 27783
109 36 48193
109 37 32273
109 38 42889
109 39 9418
109 40 11950
109 41 22447
109 42 31474
109 43 31114
109 44 39177
109 45 38298
109 46 42217
109 47 40315
109 48 31757
109 49 45024
109 50 11344
109 51 20642
109 52 25384
109 53 14252
109 54 126
109 55 12870
109 56 17132
109 57 25640
109 58 14597
109 59 26007
109 60 34354
109 61 36379
109 62 31855
109 63 38708
109 64 36247
109 65 25931
109 66 22860
109 67 11852
109 68 -607
109 69 19065
109 70 25310
109 71 27297
109 72 10918
109 73 14561
109 74 17879
109 75 15326
109 76 6313
109 77 6245
109 78 16520
109 79 9567
109 80 3809
109 81 13039
109 82 34030
109 83 34353
109 84 36700
109 85 27712
109 86 35751
109 87 20882
109 88 29727
109 89 22979
109 90 36492
109 91 37615
109 92 31486
109 93 29998
109 94 22238
109 95 24221
109 96 28556
109 97 26510
109 98 32390
109 99 30976
109 100 32455
109 101 21990
109 102 8687
109 103 21204
109 104 30970
109 105 8399
109 106 30275
109 107 38717
109 108 28584
109 110 9984
109 111 9724
109 112 18144
109 113 38508
109 114 34389
109 115 19897
109 116 4905
109 117 25677
109 118 26079
109 119 39571
109 120 17894
109 121 8170
109 122 22350
109 123 36598
109 124 42526
109 125 37217
109 126 37860
109 127 24058
109 128 26499
109 129 13878
109 130 2496
109 131 32579
109 132 16303
109 133 17701
109 134 66
109 135 24904
109 136 34003
109 137 20481
109 138 5078
109 139 14975
109 140 42382
109 141 37089
109 142 34210
109 143 47242
109 144 23042
109 145 19676
109 146 19917
109 147 22935
109 148 29930
109 149 1712
109 150 2548
109 151 28192
109 152 13666
109 153 30494
109 154 2122
109 155 7040
109 156 22137
109 157 13320
109 158 8223
109 159 26967
109 160 27393
109 161 20489
109 162 22128
109 163 4968
109 164 13572
109 165 9401
109 166 26322
109 167 18550
109 168 42480
109 169 10709
109 170 14262
109 171 13109
109 172 28100
109 173 36972
109 174 38228
109 175 41355
109 176 11957
109 177 -807
109 178 17722
109 179 2507
109 180 6935
109 181 30057
109 182 27350
109 183 22127
109 184 2817
109 185 13142
109 186 18902
109 187 14537
109 188 24983
109 189 30493
109 190 21719
109 191 37470
109 192 36038
109 193 33537
109 194 30271
109 195 -1917
109 196 4148
109 197 12698
109 198 6246
109 199 37438
109 200 10006
110 1 26567
110 2 14110
110 3 21178
110 4 -1296
110 5 30309
110 6 27261
110 7 40686
110 8 43568
110 9 30224
110 10 39976
110 11 47051
110 12 10091
110 13 16876
110 14 29183
110 15 15879
110 16 32607
110 17 40309
110 18 32341
110 19 45727
110 20 40551
110 21 3256
110 22 8961
110 23 1337
110 24 13797
110 25 8675
110 26 7172
110 27 22110
110 28 17525
110 29 18645
110 30 33758
110 31 30172
110 32 40850
110 33 27269
110 34 26758
110 35 39552
110 36 53995
110 37 28749
110 38 36884
110 39 -326
110 40 9233
110 41 11233
110 42 24934
110 43 22676
110 44 34597
110 45 40131
110 46 45961
110 47 46110
110 48 37416
110 49 52292
110 50 22784
110 51 32517
110 52 31016
110 53 16324
110 54 3723
110 55 10170
110 56 5328
110 57 17664
110 58 12944
110 59 23877
110 60 35741
110 61 34494
110 62 40122
110 63 48545
110 64 45331
110 65 37879
110 66 34786
110 67 2714
110 68 10864
110 69 28077
110 70 35547
110 71 39323
110 72 -399
110 73 4734
110 74 6432
110 75 3320
110 76 17921
110 77 18286
110 78 28069
110 79 21415
110 80 14915
110 81 25068
110 82 38877
110 83 36454
110 84 36882
110 85 25083
110 86 32558
110 87 15775
110 88 37350
110 89 25555
110 90 46690
110 91 34111
110 92 28550
110 93 27963
110 94 21265
110 95 21934
110 96 27576
110 97 22963
110 98 29276
110 99 29620
110 100 28429
110 101 31798
110 102 20479
110 103 33216
110 104 29614
110 105 10243
110 106 35959
110 107 46656
110 108 38397
110 109 9526
110 111 18850
110 112 19945
110 113 37006
110 114 37683
110 115 12363
110 116 16930
110 117 22834
110 118 27135
110 119 34575
110 120 29882
110 121 18423
110 122 33458
110 123 43541
110 124 47608
110 125 39110
110 126 47621
110 127 31636
110 128 38018
110 129 25616
110 130 3231
110 131 43579
110 132 25376
110 133 6014
110 134 6686
110 135 36698
110 136 45837
110 137 16682
110 138 13030
110 139 5662
110 140 36563
110 141 33340
110 142 27562
110 143 53907
110 144 16457
110 145 9535
110 146 25209
110 147 24147
110 148 37904
110 149 2925
110 150 13654
110 151 25256
110 152 12013
110 153 35671
110 154 10074
110 155 -2179
110 156 25315
110 157 25220
110 158 20185
110 159 35683
110 160 38604
110 161 32530
110 162 31369
110 163 12574
110 164 25215
110 165 7349
110 166 28718
110 167 25802
110 168 48387
110 169 21836
110 170 7214
110 171 2198
110 172 21547
110 173 36276
110 174 41323
110 175 49418
110 176 21854
110 177 9632
110 178 10443
110 179 606
110 180 4967
110 181 40726
110 182 34480
110 183 22070
110 184 14563
110 185 25154
110 186 7217
110 187 5656
110 188 36783
110 189 39959
110 190 29721
110 191 33594
110 192 31119
110 193 29968
110 194 36194
110 195 3532
110 196 16093
110 197 670
110 198 -3403
110 199 39671
110 200 14149
111 1 4897
111 2 22618
111 3 10448
111 4 19279
111 5 22356
111 6 19995
111 7 22006
111 8 29100
111 9 14041
111 10 18154
111 11 25785
111 12 6055
111 13 15498
111 14 32650
111 15 27425
111 16 29870
111 17 32038
111 18 18005
111 19 25667
111 20 20331
111 21 18386
111 22 27576
111 23 23120
111 24 17768
111 25 25784
111 26 7757
111 27 4342
111 28 2780
111 29 15970
111 30 12341
111 31 8836
111 32 19116
111 33 11761
111 34 16914
111 35 25835
111 36 35652
111 37 28147
111 38 39805
111 39 21078
111 40 13653
111 41 28590
111 42 30606
111 43 31874
111 44 35099
111 45 28152
111 46 30623
111 47 27828
111 48 19391
111 49 32223
111 50 4288
111 51 13848
111 52 13591
111 53 10299
111 54 12932
111 55 25663
111 56 27124
111 57 27316
111 58 13288
111 59 20746
111 60 25302
111 61 29861
111 62 19077
111 63 26644
111 64 23758
111 65 21992
111 66 15505
111 67 23916
111 68 6324
111 69 6357
111 70 13662
111 71 22829
111 72 18693
111 73 20755
111 74 25282
111 75 23928
111 76 3897
111 77 7375
111 78 17450
111 79 10309
111 80 12712
111 81 10211
111 82 22129
111 83 24427
111 84 28224
111 85 22271
111 86 29880
111 87 19506
111 88 16941
111 89 13990
111 90 24761
111 91 32883
111 92 27119
111 93 24238
111 94 16815
111 95 19803
111 96 22375
111 97 23212
111 98 27756
111 99 24846
111 100 28535
111 101 9866
111 102 3038
111 103 15284
111 104 24840
111 105 7210
111 106 18100
111 107 25921
111 108 16486
111 109 10290
111 110 19874
111 112 11333
111 113 31143
111 114 23406
111 115 22262
111 116 6905
111 117 22182
111 118 17328
111 119 36053
111 120 15071
111 121 14741
111 122 12350
111 123 23860
111 124 30334
111 125 27068
111 126 25735
111 127 11323
111 128 17347
111 129 15187
111 130 15271
111 131 22022
111 132 3601
111 133 25188
111 134 11682
111 135 23013
111 136 31360
111 137 19127
111 138 4506
111 139 26726
111 140 39110
111 141 32145
111 142 33052
111 143 34505
111 144 23253
111 145 24401
111 146 9234
111 147 15151
111 148 17125
111 149 9627
111 150 11451
111 151 23825
111 152 12357
111 153 18630
111 154 1550
111 155 18396
111 156 14513
111 157 8245
111 158 9455
111 159 14280
111 160 17359
111 161 15644
111 162 9576
111 163 15651
111 164 13184
111 165 22196
111 166 16764
111 167 6083
111 168 29964
111 169 13871
111 170 26786
111 171 19639
111 172 27547
111 173 29283
111 174 27187
111 175 28571
111 176 27
111 177 10796
111 178 19642
111 179 13535
111 180 10566
111 181 18891
111 182 14618
111 183 15821
111 184 3599
111 185 11690
111 186 29057
111 187 26462
111 188 17101
111 189 18137
111 190 8916
111 191 32808
111 192 32629
111 193 28970
111 194 17969
111 195 8078
111 196 4148
111 197 21790
111 198 14478
111 199 27277
111 200 2109
112 1 16558
112 2 13142
112 3 24142
112 4 21414
112 5 9326
112 6 6072
112 7 19331
112 8 20745
112 9 27897
112 10 23700
112 11 28012
112 12 15290
112 13 2569
112 14 18743
112 15 16497
112 16 15782
112 17 19514
112 18 9583
112 19 24901
112 20 31991
112 21 15612
112 22 22508
112 23 20970
112 24 28130
112 25 30695
112 26 10497
112 27 6215
112 28 9837
112 29 28429
112 30 22647
112 31 13280
112 32 27470
112 33 25937
112 34 31037
112 35 39912
112 36 31680
112 37 14012
112 38 25664
112 39 22174
112 40 8930
112 41 21903
112 42 17664
112 43 19472
112 44 20896
112 45 17737
112 46 23136
112 47 23908
112 48 15282
112 49 31052
112 50 18410
112 51 27086
112 52 10163
112 53 5202
112 54 19896
112 55 31246
112 56 25840
112 57 16665
112 58 4943
112 59 6533
112 60 13482
112 61 15995
112 62 21244
112 63 32095
112 64 26518
112 65 35453
112 66 27525
112 67 25087
112 68 18144
112 69 14702
112 70 22590
112 71 36349
112 72 15825
112 73 16521
112 74 21205
112 75 20781
112 76 17417
112 77 20792
112 78 31552
112 79 24285
112 80 23647
112 81 24384
112 82 16402
112 83 13863
112 84 15676
112 85 8097
112 86 15876
112 87 6898
112 88 18141
112 89 2733
112 90 31530
112 91 18671
112 92 12987
112 93 10091
112 94 2626
112 95 5761
112 96 8258
112 97 9493
112 98 13555
112 99 10749
112 100 14398
112 101 18664
112 102 17167
112 103 28479
112 104 10743
112 105 5250
112 106 14288
112 107 26634
112 108 22779
112 109 18508
112 110 20767
112 111 11131
112 113 17758
112 114 14860
112 115 13315
112 116 19752
112 117 8600
112 118 5115
112 119 21915
112 120 29169
112 121 27289
112 122 23663
112 123 22486
112 124 25079
112 125 16679
112 126 31070
112 127 13462
112 128 28328
112 129 29108
112 130 21470
112 131 31062
112 132 12850
112 133 20558
112 134 21083
112 135 37122
112 136 45278
112 137 7706
112 138 12116
112 139 28419
112 140 24949
112 141 17952
112 142 19775
112 143 32170
112 144 11646
112 145 16665
112 146 6107
112 147 1916
112 148 18872
112 149 12773
112 150 22386
112 151 9693
112 152 4012
112 153 13653
112 154 9160
112 155 20531
112 156 5939
112 157 22376
112 158 23149
112 159 17656
112 160 27450
112 161 29153
112 162 16785
112 163 25915
112 164 27397
112 165 27963
112 166 5947
112 167 8762
112 168 26273
112 169 27567
112 170 30018
112 171 14590
112 172 14945
112 173 16064
112 174 18531
112 175 29528
112 176 12133
112 177 20114
112 178 10172
112 179 17347
112 180 8949
112 181 26203
112 182 14141
112 183 1652
112 184 16153
112 185 25879
112 186 27643
112 187 28454
112 188 29183
112 189 23683
112 190 11944
112 191 18596
112 192 18528
112 193 14760
112 194 14701
112 195 13582
112 196 17454
112 197 20082
112 198 13845
112 199 17052
112 200 -2111
113 1 40102
113 2 28666
113 3 50699
113 4 44830
113 5 4381
113 6 20363
113 7 27391
113 8 15720
113 9 52052
113 10 38694
113 11 35947
113 12 42153
113 13 20498
113 14 9568
113 15 21494
113 16 -1334
113 17 -1563
113 18 17195
113 19 29053
113 20 52713
113 21 37484
113 22 39151
113 23 38697
113 24 54826
113 25 54847
113 26 36666
113 27 30812
113 28 36604
113 29 55347
113 30 42733
113 31 30763
113 32 43508
113 33 51278
113 34 57070
113 35 64401
113 36 26497
113 37 13544
113 38 8181
113 39 43461
113 40 32528
113 41 35736
113 42 19496
113 43 17814
113 44 6519
113 45 5065
113 46 13210
113 47 21811
113 48 16535
113 49 30235
113 50 43891
113 51 50463
113 52 26883
113 53 31677
113 54 45877
113 55 56038
113 56 45837
113 57 26607
113 58 28149
113 59 9758
113 60 14340
113 61 2450
113 62 32397
113 63 44072
113 64 31711
113 65 57965
113 66 47863
113 67 45233
113 68 45069
113 69 37380
113 70 42404
113 71 59418
113 72 36151
113 73 36484
113 74 39718
113 75 39296
113 76 43996
113 77 47459
113 78 57665
113 79 50615
113 80 50545
113 81 49627
113 82 18636
113 83 11143
113 84 4136
113 85 1471
113 86 -7467
113 87 16622
113 88 31730
113 89 20161
113 90 45926
113 91 9717
113 92 16796
113 93 7865
113 94 16650
113 95 15786
113 96 15079
113 97 17359
113 98 11836
113 99 13252
113 100 10058
113 101 39652
113 102 42528
113 103 51278
113 104 13246
113 105 31385
113 106 23463
113 107 32469
113 108 38001
113 109 45160
113 110 44116
113 111 37229
113 112 24046
113 114 11774
113 115 28832
113 116 46554
113 117 20842
113 118 5501
113 119 10164
113 120 53986
113 121 54197
113 122 45268
113 123 27169
113 124 21765
113 125 5093
113 126 43149
113 127 31402
113 128 47967
113 129 55498
113 130 47049
113 131 47985
113 132 36313
113 133 37589
113 134 47635
113 135 61786
113 136 69161
113 137 24822
113 138 39029
113 139 50580
113 140 7179
113 141 1579
113 142 17541
113 143 29939
113 144 21543
113 145 30418
113 146 29450
113 147 17106
113 148 31158
113 149 38414
113 150 49284
113 151 13502
113 152 27218
113 153 22864
113 154 36073
113 155 43947
113 156 32522
113 157 47681
113 158 49706
113 159 30159
113 160 46186
113 161 52380
113 162 37068
113 163 52641
113 164 52940
113 165 52956
113 166 14593
113 167 30434
113 168 24972
113 169 54146
113 170 52645
113 171 32372
113 172 19485
113 173 2376
113 174 10241
113 175 35404
113 176 36605
113 177 46835
113 178 25001
113 179 42518
113 180 33546
113 181 39448
113 182 24051
113 183 17199
113 184 42971
113 185 51781
113 186 47060
113 187 50741
113 188 50300
113 189 38677
113 190 29271
113 191 5019
113 192 9311
113 193 7441
113 194 23851
113 195 39754
113 196 44134
113 197 40685
113 198 36783
113 199 11892
113 200 24512
114 1 26668
114 2 31589
114 3 39952
114 4 42882
114 5 5570
114 6 17439
114 7 9550
114 8 -726
114 9 37634
114 10 21138
114 11 17579
114 12 34694
114 13 20257
114 14 23680
114 15 30624
114 16 13686
114 17 7329
114 18 4228
114 19 10900
114 20 36368
114 21 36834
114 22 42398
114 23 41572
114 24 47458
114 25 52024
114 26 31469
114 27 20358
114 28 28085
114 29 45947
114 30 26523
114 31 14751
114 32 25722
114 33 38407
114 34 44559
114 35 49891
114 36 11960
114 37 21142
114 38 25837
114 39 43550
114 40 30285
114 41 40688
114 42 28785
114 43 29911
114 44 22007
114 45 -762
114 46 1677
114 47 5226
114 48 -1575
114 49 13906
114 50 31833
114 51 35774
114 52 13491
114 53 26432
114 54 40563
114 55 52428
114 56 46912
114 57 32696
114 58 25977
114 59 13852
114 60 8774
114 61 13379
114 62 14318
114 63 25766
114 64 13886
114 65 41842
114 66 31018
114 67 46374
114 68 36284
114 69 24042
114 70 26504
114 71 43913
114 72 36798
114 73 37280
114 74 41686
114 75 41392
114 76 33826
114 77 37207
114 78 45506
114 79 39154
114 80 42435
114 81 36469
114 82 301
114 83 1528
114 84 6696
114 85 10465
114 86 10760
114 87 21424
114 88 14730
114 89 12554
114 90 27931
114 91 21250
114 92 21894
114 93 13801
114 94 16073
114 95 17965
114 96 15990
114 97 21661
114 98 19412
114 99 16108
114 100 20032
114 101 24709
114 102 30064
114 103 35855
114 104 16102
114 105 26493
114 106 6556
114 107 14206
114 108 20365
114 109 38484
114 110 42236
114 111 26935
114 112 18591
114 113 9217
114 115 31936
114 116 36917
114 117 22958
114 118 1375
114 119 24759
114 120 40159
114 121 44716
114 122 29891
114 123 8855
114 124 5369
114 125 -1657
114 126 24865
114 127 16405
114 128 31153
114 129 44113
114 130 42395
114 131 30376
114 132 23504
114 133 40621
114 134 40886
114 135 47512
114 136 54066
114 137 25940
114 138 31532
114 139 49865
114 140 24853
114 141 17225
114 142 28851
114 143 14026
114 144 27067
114 145 35125
114 146 19260
114 147 12317
114 148 13487
114 149 33935
114 150 41174
114 151 18600
114 152 25046
114 153 6739
114 154 28576
114 155 41999
114 156 25583
114 157 35036
114 158 38959
114 159 12220
114 160 29157
114 161 37114
114 162 22067
114 163 45258
114 164 39774
114 165 49088
114 166 5994
114 167 17691
114 168 8033
114 169 43040
114 170 51489
114 171 34754
114 172 27500
114 173 9704
114 174 -2771
114 175 17161
114 176 24203
114 177 39769
114 178 28393
114 179 38588
114 180 30419
114 181 21152
114 182 6160
114 183 14926
114 184 33590
114 185 39617
114 186 48617
114 187 49912
114 188 34044
114 189 21121
114 190 13614
114 191 19389
114 192 22605
114 193 18256
114 194 6650
114 195 34327
114 196 34093
114 197 41202
114 198 35274
114 199 1127
114 200 16931
115 1 30212
115 2 -968
115 3 31517
115 4 13997
115 5 18440
115 6 17551
115 7 35813
115 8 34521
115 9 38946
115 10 40089
115 11 44773
115 12 19656
115 13 6315
115 14 13380
115 15 2008
115 16 17901
115 17 27452
115 18 24826
115 19 41406
115 20 45964
115 21 7022
115 22 7248
115 23 6799
115 24 28668
115 25 23914
115 26 12998
115 27 21292
115 28 20244
115 29 32157
115 30 37417
115 31 29626
115 32 43263
115 33 36017
115 34 38588
115 35 49891
115 36 46975
115 37 14225
115 38 21075
115 39 11277
115 40 7377
115 41 5407
115 42 9123
115 43 7774
115 44 19069
115 45 29229
115 46 36705
115 47 39492
115 48 31095
115 49 47256
115 50 29372
115 51 39429
115 52 26918
115 53 14152
115 54 18421
115 55 25897
115 56 13572
115 57 2297
115 58 7133
115 59 10727
115 60 25513
115 61 20677
115 62 37999
115 63 48638
115 64 43272
115 65 47119
115 66 41212
115 67 12981
115 68 22662
115 69 29563
115 70 37863
115 71 48022
115 72 4198
115 73 4734
115 74 7438
115 75 7050
115 76 25895
115 77 28101
115 78 39325
115 79 32031
115 80 27152
115 81 34311
115 82 31913
115 83 26557
115 84 24806
115 85 10950
115 86 17524
115 87 826
115 88 34888
115 89 18373
115 90 47775
115 91 19268
115 92 14765
115 93 14525
115 94 10421
115 95 9362
115 96 15766
115 97 9046
115 98 14996
115 99 17087
115 100 13404
115 101 33797
115 102 27876
115 103 40800
115 104 17081
115 105 10590
115 106 30698
115 107 43314
115 108 39050
115 109 20829
115 110 13753
115 111 22628
115 112 13883
115 113 23112
115 114 28773
115 116 26587
115 117 10153
115 118 16574
115 119 18937
115 120 39356
115 121 31486
115 122 37787
115 123 38949
115 124 40206
115 125 28341
115 126 47621
115 127 29989
115 128 42806
115 129 36556
115 130 18608
115 131 46588
115 132 27265
115 133 5593
115 134 21298
115 135 46993
115 136 55841
115 137 4867
115 138 18822
115 139 18684
115 140 20752
115 141 18164
115 142 11764
115 143 48079
115 144 700
115 145 -36
115 146 22381
115 147 15332
115 148 35624
115 149 12280
115 150 25891
115 151 11471
115 152 6202
115 153 29902
115 154 15866
115 155 13114
115 156 21359
115 157 32973
115 158 30524
115 159 34344
115 160 42439
115 161 40904
115 162 32383
115 163 26972
115 164 36121
115 165 23150
115 166 20177
115 167 24756
115 168 41975
115 169 33912
115 170 20728
115 171 112
115 172 5738
115 173 23399
115 174 31753
115 175 46224
115 176 25342
115 177 22204
115 178 -5320
115 179 14375
115 180 7740
115 181 42411
115 182 30854
115 183 12222
115 184 23322
115 185 34828
115 186 14789
115 187 18860
115 188 42802
115 189 40072
115 190 28441
115 191 18410
115 192 15540
115 193 15135
115 194 31174
115 195 14276
115 196 25110
115 197 8623
115 198 6597
115 199 29685
115 200 11915
116 1 10436
116 2 27029
116 3 1847
116 4 15794
116 5 31802
116 6 28902
116 7 31478
116 8 39086
116 9 10254
116 10 24751
116 11 33227
116 12 2380
116 13 22701
116 14 39810
116 15 31668
116 16 38552
116 17 41707
116 18 27998
116 19 34245
116 20 21144
116 21 19309
116 22 28211
116 23 20970
116 24 8316
116 25 19337
116 26 9393
116 27 14300
116 28 10362
116 29 5989
116 30 15708
116 31 16987
116 32 23011
116 33 7250
116 34 9093
116 35 20346
116 36 44857
116 37 36008
116 38 47384
116 39 17029
116 40 17528
116 41 30030
116 42 36785
116 43 37191
116 44 43081
116 45 38125
116 46 40503
116 47 37153
116 48 28897
116 49 40562
116 50 4288
116 51 12726
116 52 23538
116 53 17147
116 54 6723
116 55 19099
116 56 25125
116 57 31868
116 58 19065
116 59 29082
116 60 35033
116 61 38842
116 62 27075
116 63 32416
116 64 30382
116 65 18172
116 66 14888
116 67 19087
116 68 -3346
116 69 14702
116 70 19064
116 71 19401
116 72 18693
116 73 21970
116 74 25634
116 75 23272
116 76 -12
116 77 -1569
116 78 9709
116 79 2358
116 80 3809
116 81 5168
116 82 31953
116 83 34353
116 84 37853
116 85 30775
116 86 38688
116 87 25822
116 88 25756
116 89 23585
116 90 29952
116 91 41101
116 92 35044
116 93 32840
116 94 25085
116 95 27667
116 96 31068
116 97 30564
116 98 35864
116 99 33560
116 100 36342
116 101 16384
116 102 952
116 103 13204
116 104 33554
116 105 12309
116 106 27835
116 107 33959
116 108 22477
116 109 5484
116 110 17967
116 111 6918
116 112 19967
116 113 40481
116 114 33401
116 115 26234
116 117 29557
116 118 26982
116 119 43752
116 120 10119
116 121 4766
116 122 15218
116 123 32726
116 124 39953
116 125 37040
116 126 31645
116 127 20518
116 128 18842
116 129 6943
116 130 9243
116 131 25344
116 132 12064
116 133 25506
116 134 3108
116 135 17447
116 136 26443
116 137 25242
116 138 7018
116 139 22588
116 140 46779
116 141 40519
116 142 39450
116 143 43265
116 144 28676
116 145 26871
116 146 19136
116 147 24376
116 148 25516
116 149 8910
116 150 2548
116 151 31750
116 152 18134
116 153 28509
116 154 4062
116 155 14911
116 156 23359
116 157 5423
116 158 854
116 159 21820
116 160 20010
116 161 12536
116 162 17092
116 163 6432
116 164 6440
116 165 15670
116 166 26578
116 167 15831
116 168 39256
116 169 4888
116 170 21075
116 171 20688
116 172 33508
116 173 38680
116 174 37174
116 175 36481
116 176 7011
116 177 3647
116 178 23912
116 179 10507
116 180 13026
116 181 23020
116 182 23605
116 183 24457
116 184 -2227
116 185 5366
116 186 26879
116 187 22042
116 188 17101
116 189 24734
116 190 17686
116 191 41037
116 192 40249
116 193 37101
116 194 27613
116 195 5657
116 196 -3493
116 197 20664
116 198 13993
116 199 37239
116 200 10917
117 1 26365
117 2 7618
117 3 32456
117 4 22741
117 5 7093
117 6 7027
117 7 26129
117 8 23287
117 9 37419
117 10 32803
117 11 35806
117 12 21997
117 13 -896
117 14 9232
117 15 7726
117 16 8858
117 17 16524
117 18 14367
117 19 31549
117 20 41839
117 21 15421
117 22 18635
117 23 18132
117 24 33848
117 25 32757
117 26 15668
117 27 16059
117 28 18456
117 29 35540
117 30 32453
117 31 22555
117 32 36944
117 33 35154
117 34 39667
117 35 49262
117 36 36023
117 37 5349
117 38 16606
117 39 21731
117 40 10681
117 41 16522
117 42 7876
117 43 9785
117 44 12347
117 45 17834
117 46 25370
117 47 28745
117 48 20577
117 49 36882
117 50 27719
117 51 36803
117 52 18458
117 53 11925
117 54 24317
117 55 34004
117 56 24339
117 57 8723
117 58 6620
117 59 -190
117 60 14206
117 61 10412
117 62 29446
117 63 40879
117 64 34075
117 65 45160
117 66 37374
117 67 23950
117 68 25303
117 69 24547
117 70 32333
117 71 46025
117 72 14388
117 73 14700
117 74 18469
117 75 18182
117 76 25895
117 77 28997
117 78 40184
117 79 32807
117 80 30354
117 81 33599
117 82 21303
117 83 15248
117 84 13540
117 85 1114
117 86 8999
117 87 -2321
117 88 26542
117 89 8944
117 90 40711
117 91 10704
117 92 4632
117 93 3882
117 94 -322
117 95 -2003
117 96 4365
117 97 -209
117 98 5522
117 99 5835
117 100 5589
117 101 28459
117 102 26467
117 103 38225
117 104 5829
117 105 10795
117 106 20999
117 107 33850
117 108 31984
117 109 24410
117 110 22025
117 111 20349
117 112 6969
117 113 12923
117 114 17596
117 115 7954
117 116 27711
117 118 5221
117 119 12947
117 120 38497
117 121 34541
117 122 33512
117 123 29066
117 124 29269
117 125 16940
117 126 39848
117 127 22610
117 128 38147
117 129 37548
117 130 25268
117 131 40653
117 132 22693
117 133 16953
117 134 26506
117 135 46432
117 136 54772
117 137 2755
117 138 19431
117 139 28647
117 140 15982
117 141 10173
117 142 9927
117 143 37469
117 144 3161
117 145 10948
117 146 15799
117 147 5136
117 148 27164
117 149 16896
117 150 29093
117 151 1338
117 152 5689
117 153 20056
117 154 16475
117 155 21858
117 156 15641
117 157 31671
117 158 31463
117 159 26211
117 160 37201
117 161 38827
117 162 26489
117 163 31770
117 164 36367
117 165 30961
117 166 9495
117 167 18436
117 168 31305
117 169 35693
117 170 30686
117 171 11291
117 172 5348
117 173 12431
117 174 20414
117 175 36802
117 176 21854
117 177 26114
117 178 4310
117 179 20686
117 180 11812
117 181 35354
117 182 21708
117 183 1904
117 184 24138
117 185 34776
117 186 25782
117 187 28795
117 188 39030
117 189 32786
117 190 21082
117 191 10544
117 192 9445
117 193 6616
117 194 21543
117 195 18519
117 196 25703
117 197 18939
117 198 14692
117 199 18340
117 200 7311
118 1 25679
118 2 21701
118 3 36697
118 4 34743
118 5 -3193
118 6 8291
118 7 15499
118 8 9245
118 9 37634
118 10 25649
118 11 25367
118 12 29116
118 13 10762
118 14 14627
118 15 20349
118 16 6360
118 17 5806
118 18 3598
118 19 19726
118 20 38665
118 21 28044
118 22 32666
118 23 32047
118 24 42040
118 25 44368
118 26 24515
118 27 16584
118 28 22988
118 29 41801
118 30 28704
118 31 16881
118 32 30503
118 33 36911
118 34 42790
118 35 49981
118 36 22256
118 37 11075
118 38 18644
118 39 34800
118 40 21880
118 41 30659
118 42 18610
118 43 19983
118 44 13914
118 45 4110
118 46 11228
118 47 15364
118 48 7791
118 49 23911
118 50 29584
118 51 36071
118 52 12600
118 53 19219
118 54 33923
118 55 45078
118 56 37785
118 57 22447
118 58 17381
118 59 3576
118 60 340
118 61 5675
118 62 20280
118 63 32242
118 64 22803
118 65 43745
118 66 33973
118 67 37393
118 68 31641
118 69 22960
118 70 28331
118 71 45093
118 72 27680
118 73 28057
118 74 32226
118 75 31955
118 76 30068
118 77 33558
118 78 43423
118 79 36476
118 80 37357
118 81 35243
118 82 8612
118 83 1143
118 84 1976
118 85 1114
118 86 5311
118 87 11181
118 88 18549
118 89 6122
118 90 33300
118 91 12197
118 92 11616
118 93 3882
118 94 6372
118 95 7803
118 96 5772
118 97 11385
118 98 9442
118 99 5835
118 100 10326
118 101 25369
118 102 28185
118 103 36959
118 104 5829
118 105 19225
118 106 10820
118 107 22619
118 108 24981
118 109 32484
118 110 33998
118 111 23167
118 112 11156
118 113 5254
118 114 3685
118 115 22047
118 116 32808
118 117 12893
118 119 16138
118 120 39569
118 121 40607
118 122 31005
118 123 17352
118 124 15623
118 125 3120
118 126 31249
118 127 17280
118 128 34130
118 129 41381
118 130 35448
118 131 34762
118 132 21896
118 133 30945
118 134 35066
118 135 47364
118 136 54772
118 137 16257
118 138 25869
118 139 41357
118 140 17726
118 141 9609
118 142 18954
118 143 24181
118 144 16821
118 145 25084
118 146 15191
118 147 3978
118 148 18511
118 149 26710
118 150 36096
118 151 8322
118 152 16450
118 153 9901
118 154 22913
118 155 33860
118 156 19142
118 157 33324
118 158 35704
118 159 17711
118 160 32503
118 161 38028
118 162 22825
118 163 39814
118 164 38572
118 165 41838
118 166 177
118 167 16012
118 168 18067
118 169 40115
118 170 43216
118 171 25169
118 172 17230
118 173 3478
118 174 6272
118 175 25600
118 176 22223
118 177 34044
118 178 18439
118 179 31200
118 180 22459
118 181 27425
118 182 11910
118 183 5670
118 184 29271
118 185 37508
118 186 39381
118 187 41454
118 188 36204
118 189 25632
118 190 15317
118 191 11152
118 192 13550
118 193 8947
118 194 11357
118 195 27613
118 196 30264
118 197 32177
118 198 26839
118 199 4198
118 200 11000
119 1 42442
119 2 19979
119 3 49649
119 4 37160
119 5 10318
119 6 20556
119 7 35892
119 8 27188
119 9 54051
119 10 45662
119 11 45696
119 12 39101
119 13 16307
119 14 -4854
119 15 8266
119 16 -789
119 17 12225
119 18 23875
119 19 39695
119 20 57201
119 21 29930
119 22 28571
119 23 27600
119 24 50460
119 25 47108
119 26 32590
119 27 32099
119 28 35535
119 29 52616
119 30 47439
119 31 36233
119 32 50420
119 33 52071
119 34 56831
119 35 66084
119 36 39639
119 37 7632
119 38 -505
119 39 33957
119 40 27075
119 41 24204
119 42 7519
119 43 3531
119 44 -3775
119 45 17989
119 46 26703
119 47 33956
119 48 27375
119 49 42667
119 50 44561
119 51 53091
119 52 31564
119 53 29119
119 54 40542
119 55 48994
119 56 36120
119 57 15666
119 58 23553
119 59 7328
119 60 20718
119 61 6424
119 62 40643
119 63 52602
119 64 42789
119 65 61413
119 66 52719
119 67 34676
119 68 42431
119 69 40164
119 70 47095
119 71 62376
119 72 27330
119 73 27929
119 74 29998
119 75 29178
119 76 43054
119 77 46195
119 78 57343
119 79 49979
119 80 47396
119 81 50520
119 82 28529
119 83 20164
119 84 13762
119 85 -444
119 86 -4242
119 87 8391
119 88 38635
119 89 22456
119 90 53451
119 91 4380
119 92 12261
119 93 6910
119 94 14660
119 95 12040
119 96 14605
119 97 11385
119 98 7276
119 99 12984
119 100 2364
119 101 43576
119 102 43320
119 103 54407
119 104 12978
119 105 27936
119 106 31188
119 107 42779
119 108 44981
119 109 41313
119 110 36775
119 111 37229
119 112 23293
119 113 5254
119 114 22406
119 115 19747
119 116 44915
119 117 15956
119 118 11475
119 120 55335
119 121 51655
119 122 49047
119 123 37433
119 124 33918
119 125 17650
119 126 51602
119 127 36341
119 128 53102
119 129 54732
119 130 41138
119 131 54505
119 132 38598
119 133 27067
119 134 43066
119 135 63288
119 136 71433
119 137 18680
119 138 36631
119 139 41705
119 140 -1191
119 141 -2855
119 142 4153
119 143 42563
119 144 11734
119 145 19429
119 146 31238
119 147 18388
119 148 38783
119 149 33388
119 150 46135
119 151 8967
119 152 22622
119 153 30237
119 154 33675
119 155 36277
119 156 32111
119 157 48529
119 158 48656
119 159 37999
119 160 51760
119 161 55192
119 162 41278
119 163 48482
119 164 53428
119 165 46167
119 166 19529
119 167 33488
119 168 36901
119 169 52897
119 170 43670
119 171 22568
119 172 8298
119 173 10801
119 174 22724
119 175 45757
119 176 38206
119 177 42988
119 178 15884
119 179 36617
119 180 28229
119 181 47724
119 182 32294
119 183 16437
119 184 41341
119 185 51852
119 186 36925
119 187 41882
119 188 54574
119 189 45645
119 190 34635
119 191 -1488
119 192 -3319
119 193 1619
119 194 31736
119 195 35196
119 196 42895
119 197 31641
119 198 29500
119 199 22147
119 200 24002
120 1 15193
120 2 44148
120 3 10000
120 4 32634
120 5 43679
120 6 42268
120 7 36091
120 8 46374
120 9 -6153
120 10 22756
120 11 30883
120 12 20097
120 13 38136
120 14 55321
120 15 48959
120 16 52035
120 17 52496
120 18 37128
120 19 34700
120 20 10036
120 21 37023
120 22 45908
120 23 37883
120 24 18350
120 25 33472
120 26 26818
120 27 25696
120 28 25058
120 29 11411
120 30 10353
120 31 19963
120 32 14851
120 33 3416
120 34 -1468
120 35 3165
120 36 46405
120 37 50771
120 38 62431
120 39 33044
120 40 34649
120 41 47750
120 42 53087
120 43 54050
120 44 57644
120 45 46808
120 46 45917
120 47 39707
120 48 32782
120 49 39194
120 50 11344
120 51 3463
120 52 31999
120 53 32720
120 54 22723
120 55 33515
120 56 42282
120 57 48995
120 58 35408
120 59 43245
120 60 45988
120 61 51779
120 62 27318
120 63 26832
120 64 24856
120 65 456
120 66 -252
120 67 34022
120 68 11208
120 69 21372
120 70 17951
120 71 1942
120 72 36372
120 73 39684
120 74 43323
120 75 40798
120 76 14715
120 77 11719
120 78 2707
120 79 3756
120 80 19176
120 81 -3702
120 82 37887
120 83 43997
120 84 48990
120 85 44631
120 86 51862
120 87 41986
120 88 29100
120 89 35503
120 90 24044
120 91 55370
120 92 49743
120 93 46567
120 94 39396
120 95 42451
120 96 44717
120 97 45881
120 98 50314
120 99 47137
120 100 51159
120 101 18664
120 102 4450
120 103 -1986
120 104 47131
120 105 28787
120 106 33903
120 107 32930
120 108 19085
120 109 22979
120 110 35425
120 111 19590
120 112 33890
120 113 52419
120 114 41149
120 115 43509
120 116 14625
120 117 44849
120 118 38249
120 119 58678
120 121 11479
120 122 11383
120 123 34343
120 124 43965
120 125 45792
120 126 26471
120 127 26223
120 128 7971
120 129 7773
120 130 25027
120 131 16404
120 132 19670
120 133 43175
120 134 16384
120 135 352
120 136 8890
120 137 41485
120 138 23740
120 139 38708
120 140 61718
120 141 54515
120 142 55609
120 143 43284
120 144 45391
120 145 44520
120 146 30437
120 147 37147
120 148 27242
120 149 26630
120 150 17915
120 151 46449
120 152 34477
120 153 35527
120 154 20784
120 155 31751
120 156 37052
120 157 6833
120 158 9007
120 159 21213
120 160 11067
120 161 -4371
120 162 20456
120 163 18307
120 164 -7329
120 165 30313
120 166 37367
120 167 24381
120 168 41757
120 169 3861
120 170 35572
120 171 38408
120 172 49942
120 173 50586
120 174 44332
120 175 35047
120 176 14928
120 177 20114
120 178 41093
120 179 27895
120 180 30461
120 181 13826
120 182 26649
120 183 38271
120 184 14850
120 185 4125
120 186 43909
120 187 37944
120 188 4412
120 189 22739
120 190 22076
120 191 55266
120 192 55273
120 193 51497
120 194 33196
120 195 23339
120 196 12181
120 197 38153
120 198 31676
120 199 46371
120 200 24717
121 1 18971
121 2 34415
121 3 4463
121 4 17668
121 5 41709
121 6 38644
121 7 40991
121 8 49048
121 9 10332
121 10 32397
121 11 41112
121 12 9947
121 13 31733
121 14 48399
121 15 38396
121 16 48057
121 17 51686
121 18 38030
121 19 42981
121 20 24745
121 21 24976
121 22 32666
121 23 22501
121 24 1614
121 25 16843
121 26 17164
121 27 24345
121 28 20244
121 29 -4053
121 30 21661
121 31 25853
121 32 28438
121 33 9659
121 34 3330
121 35 16967
121 36 54011
121 37 45146
121 38 56137
121 39 17013
121 40 25331
121 41 34901
121 42 44889
121 43 44543
121 44 52170
121 45 48170
121 46 50314
121 47 46451
121 48 38385
121 49 48964
121 50 12289
121 51 16079
121 52 33472
121 53 26432
121 54 7651
121 55 17030
121 56 27429
121 57 39066
121 58 27662
121 59 38504
121 60 45046
121 61 48520
121 62 35549
121 63 39083
121 64 37358
121 65 15809
121 66 16363
121 67 17423
121 68 -1110
121 69 24042
121 70 26504
121 71 18418
121 72 23215
121 73 27478
121 74 30119
121 75 26737
121 76 9826
121 77 5250
121 78 5546
121 79 1566
121 80 5962
121 81 5718
121 82 41735
121 83 44403
121 84 47824
121 85 40229
121 86 48231
121 87 34197
121 88 34888
121 89 33576
121 90 36355
121 91 50381
121 92 44254
121 93 42366
121 94 34555
121 95 36907
121 96 40682
121 97 39507
121 98 45130
121 99 43163
121 100 45413
121 101 24709
121 102 7173
121 103 14370
121 104 43157
121 105 21090
121 106 37564
121 107 42278
121 108 29671
121 109 10938
121 110 21649
121 111 16943
121 112 29693
121 113 50313
121 114 43389
121 115 33322
121 116 6955
121 117 38576
121 118 36970
121 119 52681
121 120 9162
121 122 21350
121 123 41715
121 124 49517
121 125 47085
121 126 38448
121 127 29989
121 128 22729
121 129 4934
121 130 9535
121 131 30376
121 132 21529
121 133 29708
121 134 121
121 135 14281
121 136 23379
121 137 33712
121 138 16183
121 139 22828
121 140 55596
121 141 49842
121 142 47619
121 143 52037
121 144 36486
121 145 32664
121 146 29186
121 147 34244
121 148 34319
121 149 15108
121 150 4701
121 151 40960
121 152 26731
121 153 38362
121 154 13227
121 155 16785
121 156 33194
121 157 10625
121 158 3470
121 159 30009
121 160 24837
121 161 12391
121 162 25829
121 163 1770
121 164 2572
121 165 13947
121 166 36614
121 167 25665
121 168 48533
121 169 -1319
121 170 18945
121 171 25700
121 172 41526
121 173 48555
121 174 47139
121 175 44690
121 176 16306
121 177 6661
121 178 31163
121 179 14375
121 180 20372
121 181 28214
121 182 32779
121 183 34096
121 184 7703
121 185 6509
121 186 28800
121 187 21913
121 188 19908
121 189 32380
121 190 26901
121 191 50291
121 192 49153
121 193 46341
121 194 37270
121 195 11448
121 196 6093
121 197 24134
121 198 18836
121 199 47287
121 200 20782
122 1 4897
122 2 38226
122 3 14539
122 4 33798
122 5 31385
122 6 31653
122 7 21323
122 8 31966
122 9 4361
122 10 8051
122 11 16636
122 12 19464
122 13 29674
122 14 45743
122 15 42845
122 16 40513
122 17 39241
122 18 23785
122 19 19818
122 20 4688
122 21 34294
122 22 43527
122 23 38445
122 24 25826
122 25 38205
122 26 23521
122 27 15656
122 28 18682
122 29 20574
122 30 -3158
122 31 5363
122 32 4146
122 33 8288
122 34 13075
122 35 16417
122 36 31481
122 37 40779
122 38 52001
122 39 35412
122 40 29590
122 41 44590
122 42 44940
122 43 46634
122 44 46998
122 45 32733
122 46 31015
122 47 24681
122 48 17803
122 49 24866
122 50 7658
122 51 2534
122 52 18976
122 53 25595
122 54 25488
122 55 37966
122 56 42433
122 57 42738
122 58 28708
122 59 32842
122 60 33311
122 61 39977
122 62 12346
122 63 14088
122 64 12359
122 65 9093
122 66 212
122 67 37784
122 68 14986
122 69 9727
122 70 2950
122 71 10543
122 72 34502
122 73 36722
122 74 41179
122 75 39652
122 76 13379
122 77 13999
122 78 15143
122 79 11249
122 80 22565
122 81 5168
122 82 23262
122 83 30552
122 84 36111
122 85 33669
122 86 39914
122 87 34017
122 88 14288
122 89 24105
122 90 11396
122 91 44670
122 92 39844
122 93 35631
122 94 29555
122 95 32882
122 96 34018
122 97 36775
122 98 39996
122 99 36232
122 100 41086
122 101 4854
122 102 3038
122 103 2411
122 104 36226
122 105 23104
122 106 19519
122 107 18329
122 108 4862
122 109 23484
122 110 35050
122 111 12918
122 112 24433
122 113 39750
122 114 26930
122 115 37989
122 116 15773
122 117 35913
122 118 25734
122 119 48439
122 120 7432
122 121 19716
122 123 19331
122 124 28965
122 125 31765
122 126 13449
122 127 12431
122 128 1378
122 129 16081
122 130 28011
122 131 6579
122 132 8903
122 133 41101
122 134 21676
122 135 14162
122 136 20547
122 137 34057
122 138 20002
122 139 40972
122 140 51187
122 141 43370
122 142 47087
122 143 28595
122 144 38298
122 145 40352
122 146 19627
122 147 26148
122 148 12219
122 149 24923
122 150 21304
122 151 36550
122 152 27777
122 153 21439
122 154 17046
122 155 32915
122 156 27809
122 157 6833
122 158 13546
122 159 6322
122 160 1499
122 161 3613
122 162 6589
122 163 24502
122 164 7572
122 165 34535
122 166 24875
122 167 12407
122 168 26730
122 169 14613
122 170 39905
122 171 35613
122 172 42117
122 173 38118
122 174 29826
122 175 20562
122 176 5973
122 177 22451
122 178 35273
122 179 28080
122 180 26549
122 181 4157
122 182 11690
122 183 28070
122 184 14325
122 185 10644
122 186 44323
122 187 40534
122 188 1902
122 189 8034
122 190 7808
122 191 44389
122 192 45219
122 193 40954
122 194 18680
122 195 22637
122 196 12586
122 197 37342
122 198 30094
122 199 32638
122 200 15976
123 1 23084
123 2 41901
123 3 37651
123 4 48340
123 5 20220
123 6 28207
123 7 6298
123 8 12270
123 9 30134
123 10 10000
123 11 2171
123 12 36552
123 13 30426
123 14 38551
123 15 43330
123 16 29078
123 17 22592
123 18 13446
123 19 -4186
123 20 26227
123 21 44184
123 22 51658
123 23 49845
123 24 47710
123 25 56039
123 26 35978
123 27 22766
123 28 30673
123 29 44236
123 30 17423
123 31 9091
123 32 12726
123 33 33541
123 34 39029
123 35 41621
123 36 5687
123 37 34949
123 38 41332
123 39 49882
123 40 37528
123 41 50946
123 42 42180
123 43 43841
123 44 37279
123 45 13498
123 46 6658
123 47 -1272
123 48 -5794
123 49 2089
123 50 29051
123 51 28478
123 52 16262
123 53 32541
123 54 43372
123 55 56013
123 56 54366
123 57 44400
123 58 34025
123 59 27104
123 60 22362
123 61 28621
123 62 2380
123 63 11158
123 64 -1217
123 65 30969
123 66 19422
123 67 52922
123 68 36045
123 69 21806
123 70 18875
123 71 34392
123 72 44598
123 73 45498
123 74 50252
123 75 49735
123 76 33075
123 77 35755
123 78 40773
123 79 35732
123 80 42873
123 81 30941
123 82 4520
123 83 16243
123 84 22127
123 85 25069
123 86 26266
123 87 33384
123 88 8705
123 89 21068
123 90 14558
123 91 36068
123 92 35044
123 93 27888
123 94 27178
123 95 29966
123 96 28556
123 97 34071
123 98 33401
123 99 29476
123 100 34344
123 101 19370
123 102 26364
123 103 26878
123 104 29470
123 105 32155
123 106 7440
123 107 -1298
123 108 8590
123 109 40751
123 110 48152
123 111 27447
123 112 26275
123 113 24670
123 114 8913
123 115 42170
123 116 36300
123 117 34486
123 118 15100
123 119 39844
123 120 33411
123 121 43100
123 122 22350
123 124 4033
123 125 12964
123 126 10404
123 127 14074
123 128 20120
123 129 40676
123 130 45625
123 131 17766
123 132 21795
123 133 49689
123 134 42066
123 135 39671
123 136 44868
123 137 36140
123 138 34199
123 139 55770
123 140 40352
123 141 32592
123 142 42874
123 143 3977
123 144 38889
123 145 45582
123 146 23119
123 147 22487
123 148 4322
123 149 38495
123 150 41612
123 151 31750
123 152 33094
123 153 10252
123 154 31243
123 155 47457
123 156 31712
123 157 30916
123 158 36658
123 159 395
123 160 17911
123 161 28161
123 162 17294
123 163 45760
123 164 33572
123 165 52560
123 166 16764
123 167 17997
123 168 786
123 169 39553
123 170 56608
123 171 43722
123 172 40420
123 173 25096
123 174 8773
123 175 1671
123 176 22241
123 177 41308
123 178 38868
123 179 43015
123 180 36643
123 181 6410
123 182 -1495
123 183 25553
123 184 33550
123 185 35502
123 186 56255
123 187 55667
123 188 23886
123 189 9983
123 190 9568
123 191 34589
123 192 37457
123 193 32911
123 194 6129
123 195 37894
123 196 33172
123 197 48624
123 198 41763
123 199 16543
123 200 21958
124 1 29971
124 2 41822
124 3 44365
124 4 51440
124 5 16288
124 6 27550
124 7 10402
124 8 6258
124 9 38695
124 10 19091
124 11 10919
124 12 41365
124 13 30326
124 14 34119
124 15 41372
124 16 23657
124 17 15641
124 18 12953
124 19 3282
124 20 35361
124 21 46091
124 22 52404
124 23 51313
124 24 53479
124 25 60007
124 26 39401
124 27 26818
124 28 34906
124 29 50833
124 30 26221
124 31 16280
124 32 22160
124 33 41205
124 34 47067
124 35 50460
124 36 1369
124 37 31909
124 38 35277
124 39 52551
124 40 39397
124 41 50990
124 42 39555
124 43 40634
124 44 32107
124 45 6169
124 46 -2774
124 47 -5334
124 48 -6625
124 49 3348
124 50 35797
124 51 36900
124 52 19482
124 53 34924
124 54 47852
124 55 60181
124 56 56316
124 57 43288
124 58 35343
124 59 24598
124 60 19465
124 61 23663
124 62 11406
124 63 20374
124 64 4720
124 65 40315
124 66 28813
124 67 55519
124 68 41911
124 69 27975
124 70 27126
124 71 43488
124 72 46273
124 73 46882
124 74 51450
124 75 51105
124 76 39028
124 77 42086
124 78 48496
124 79 42919
124 80 48441
124 81 38869
124 82 3072
124 83 12298
124 84 16864
124 85 21117
124 86 19696
124 87 32026
124 88 15525
124 89 21661
124 90 23989
124 91 31789
124 92 32639
124 93 24559
124 94 26361
124 95 28518
124 96 26615
124 97 32318
124 98 30170
124 99 26855
124 100 30733
124 101 26783
124 102 33518
124 103 35811
124 104 26849
124 105 34863
124 106 10188
124 107 6832
124 108 17859
124 109 45411
124 110 50951
124 111 32653
124 112 27600
124 113 17998
124 114 4159
124 115 42159
124 116 42259
124 117 33421
124 118 12103
124 119 35061
124 120 41765
124 121 49634
124 122 30716
124 123 2765
124 125 5976
124 126 19687
124 127 19792
124 128 29407
124 129 47883
124 130 49913
124 131 27194
124 132 27792
124 133 50570
124 134 47369
124 135 48390
124 136 53927
124 137 36075
124 138 38517
124 139 58670
124 140 34277
124 141 27202
124 142 39575
124 143 3308
124 144 37663
124 145 45458
124 146 26331
124 147 22165
124 148 12365
124 149 41957
124 150 47180
124 151 29345
124 152 34412
124 153 12017
124 154 35561
124 155 50557
124 156 33917
124 157 38251
124 158 43372
124 159 9510
124 160 27207
124 161 37114
124 162 24388
124 163 51383
124 164 41803
124 165 56775
124 166 15793
124 167 22845
124 168 -2162
124 169 46829
124 170 60001
124 171 44643
124 172 38251
124 173 19855
124 174 1185
124 175 9600
124 176 28469
124 177 46360
124 178 38680
124 179 46615
124 180 39133
124 181 15445
124 182 5330
124 183 25027
124 184 39218
124 185 42922
124 186 58105
124 187 58659
124 188 33043
124 189 19074
124 190 16007
124 191 29617
124 192 33084
124 193 28867
124 194 9434
124 195 41890
124 196 39240
124 197 50560
124 198 44203
124 199 11687
124 200 24795
125 1 32570
125 2 32618
125 3 45355
125 4 45845
125 5 4515
125 6 19445
125 7 15928
125 8 2869
125 9 43821
125 10 27510
125 11 23194
125 12 39160
125 13 21918
125 14 20660
125 15 29702
125 16 9843
125 17 1683
125 18 9135
125 19 16061
125 20 42759
125 21 39221
125 22 43633
125 23 43094
125 24 52076
125 25 55368
125 26 35188
125 27 25342
125 28 32672
125 29 51087
125 30 32897
125 31 21065
125 32 32027
125 33 44288
125 34 50428
125 35 56114
125 36 13930
125 37 19937
125 38 21242
125 39 45980
125 40 32996
125 41 41345
125 42 27538
125 43 27873
125 44 18320
125 45 -6973
125 46 1195
125 47 8694
125 48 3607
125 49 17240
125 50 37478
125 51 41982
125 52 19074
125 53 29925
125 54 44527
125 55 55978
125 56 48947
125 57 32709
125 58 28518
125 59 13526
125 60 10110
125 61 10245
125 62 20567
125 63 31771
125 64 18570
125 65 48233
125 66 37420
125 67 48563
125 68 41192
125 69 29868
125 70 32837
125 71 50252
125 72 38849
125 73 39216
125 74 43323
125 75 43052
125 76 39016
125 77 42466
125 78 51281
125 79 44746
125 80 47162
125 81 42422
125 82 6512
125 83 3214
125 84 3713
125 85 8427
125 86 5686
125 87 21580
125 88 21126
125 89 16137
125 90 34173
125 91 18671
125 92 21465
125 93 12631
125 94 17509
125 95 18565
125 96 16563
125 97 21722
125 98 18085
125 99 15911
125 100 18118
125 101 30889
125 102 35825
125 103 42175
125 104 15905
125 105 29986
125 106 12903
125 107 19545
125 108 26720
125 109 42761
125 110 45112
125 111 32046
125 112 21859
125 113 3985
125 114 -208
125 115 32953
125 116 42005
125 117 23751
125 118 2259
125 119 21452
125 120 46251
125 121 49861
125 122 36175
125 123 14355
125 124 8635
125 126 30904
125 127 22511
125 128 37556
125 129 49694
125 130 46184
125 131 36718
125 132 29214
125 133 41941
125 134 45297
125 135 53696
125 136 60368
125 137 27338
125 138 35916
125 139 52521
125 140 20241
125 141 13358
125 142 26914
125 143 17016
125 144 27144
125 145 35777
125 146 24056
125 147 14890
125 148 19861
125 149 37511
125 150 45901
125 151 18171
125 152 27587
125 153 12904
125 154 32960
125 155 44962
125 156 29417
125 157 40846
125 158 44362
125 159 18517
125 160 35557
125 161 43422
125 162 28240
125 163 49852
125 164 45761
125 165 52701
125 166 9319
125 167 23279
125 168 11826
125 169 48583
125 170 54356
125 171 36222
125 172 26699
125 173 6438
125 174 -2870
125 175 22457
125 176 29856
125 177 44197
125 178 29289
125 179 42080
125 180 33480
125 181 27147
125 182 12507
125 183 16845
125 184 38583
125 185 45356
125 186 50523
125 187 52614
125 188 40432
125 189 27493
125 190 19858
125 191 15976
125 192 19743
125 193 15935
125 194 13038
125 195 38215
125 196 39274
125 197 43352
125 198 37982
125 199 2127
125 200 21049
126 1 20436
126 2 49242
126 3 33082
126 4 50151
126 5 33051
126 6 37800
126 7 17549
126 8 27270
126 9 20139
126 10 4226
126 11 843
126 12 36279
126 13 38603
126 14 50768
126 15 52549
126 16 42517
126 17 37346
126 18 24844
126 19 7074
126 20 14392
126 21 48437
126 22 57160
126 23 53787
126 24 44327
126 25 55860
126 26 38403
126 27 26391
126 28 32672
126 29 39169
126 30 8500
126 31 9772
126 32 -1684
126 33 26734
126 34 30150
126 35 30070
126 36 17618
126 37 46241
126 38 54912
126 39 51946
126 40 42450
126 41 57407
126 42 52554
126 43 54512
126 44 50310
126 45 28647
126 46 22031
126 47 13138
126 48 9635
126 49 8223
126 50 25478
126 51 19629
126 52 23458
126 53 37447
126 54 42927
126 55 55632
126 56 57849
126 57 52863
126 58 40086
126 59 38134
126 60 34780
126 61 41866
126 62 4758
126 63 -4121
126 64 -6242
126 65 16948
126 66 5309
126 67 54713
126 68 33194
126 69 21806
126 70 13471
126 71 21942
126 72 48912
126 73 50431
126 74 55187
126 75 54220
126 76 30885
126 77 32264
126 78 33073
126 79 29812
126 80 40602
126 81 23131
126 82 18657
126 83 29758
126 84 35962
126 85 37366
126 86 40498
126 87 42590
126 88 13556
126 89 29917
126 90 653
126 91 48503
126 92 45804
126 93 39738
126 94 36567
126 95 39806
126 96 39266
126 97 44006
126 98 44952
126 99 40798
126 100 46097
126 101 16651
126 102 21477
126 103 15522
126 104 40792
126 105 36192
126 106 18100
126 107 3799
126 108 -10
126 109 40496
126 110 50715
126 111 27805
126 112 33342
126 113 39133
126 114 23406
126 115 49325
126 116 33702
126 117 43751
126 118 27480
126 119 52496
126 120 24022
126 121 38316
126 122 14951
126 123 8887
126 124 19438
126 125 27996
126 127 17655
126 128 7359
126 129 34615
126 130 45411
126 131 3629
126 132 21795
126 133 54964
126 134 39861
126 135 28636
126 136 32374
126 137 43927
126 138 35388
126 139 57573
126 140 53967
126 141 45904
126 142 53919
126 143 13300
126 144 47702
126 145 52484
126 146 28464
126 147 31972
126 148 8255
126 149 40486
126 150 39341
126 151 42510
126 152 39155
126 153 21022
126 154 32432
126 155 49268
126 156 37636
126 157 25409
126 158 32089
126 159 -748
126 160 5432
126 161 16509
126 162 16157
126 163 42874
126 164 24260
126 165 52170
126 166 27735
126 167 21335
126 168 15348
126 169 32992
126 170 57272
126 171 49135
126 172 50307
126 173 38749
126 174 24146
126 175 5370
126 176 21005
126 177 40076
126 178 46292
126 179 44384
126 180 40477
126 181 -8853
126 182 7105
126 183 34834
126 184 31772
126 185 29166
126 186 59792
126 187 57273
126 188 11706
126 189 4209
126 190 12164
126 191 47549
126 192 49762
126 193 45131
126 194 16714
126 195 38895
126 196 30477
126 197 52362
126 198 45075
126 199 30668
126 200 26845
127 1 7880
127 2 29019
127 3 22026
127 4 32118
127 5 16632
127 6 18429
127 7 8434
127 8 17654
127 9 18750
127 10 7682
127 11 12950
127 12 19909
127 13 18498
127 14 32393
127 15 32478
127 16 26004
127 17 24243
127 18 8788
127 19 11861
127 20 18816
127 21 28938
127 22 37284
127 23 34584
127 24 31334
127 25 39461
127 26 19786
127 27 6705
127 28 14213
127 29 28472
127 30 8856
127 31 -2597
127 32 11841
127 33 19550
127 34 25681
127 35 31066
127 36 21832
127 37 27465
127 38 37920
127 39 33807
127 40 22608
127 41 37310
127 42 32971
127 43 34930
127 44 32938
127 45 18027
127 46 18015
127 47 14075
127 48 5839
127 49 18464
127 50 13507
127 51 16934
127 52 4289
127 53 17504
127 54 26738
127 55 39404
127 56 38828
127 57 32696
127 58 19937
127 59 19359
127 60 18445
127 61 25379
127 62 5980
127 63 16092
127 64 11408
127 65 23995
127 66 14149
127 67 36814
127 68 19696
127 69 5618
127 70 8481
127 71 25543
127 72 29433
127 73 30687
127 74 35482
127 75 34715
127 76 16751
127 77 19732
127 78 26753
127 79 20756
127 80 26383
127 81 17536
127 82 9503
127 83 15559
127 84 21146
127 85 19599
127 86 25161
127 87 22647
127 88 3182
127 89 10503
127 90 15556
127 91 30705
127 92 26736
127 93 21660
127 94 16933
127 95 20276
127 96 20434
127 97 24422
127 98 26431
127 99 22385
127 100 27604
127 101 5845
127 102 11434
127 103 17407
127 104 22379
127 105 16621
127 106 5315
127 107 12468
127 108 6815
127 109 24111
127 110 32147
127 111 10810
127 112 13151
127 113 24803
127 114 12363
127 115 29110
127 116 19992
127 117 23930
127 118 10928
127 119 34652
127 120 21191
127 121 27274
127 122 11350
127 123 9974
127 124 16960
127 125 17020
127 126 15072
127 128 14350
127 129 25723
127 130 29011
127 131 15715
127 132 5444
127 133 35162
127 134 25504
127 135 28622
127 136 35475
127 137 23733
127 138 17647
127 139 39594
127 140 37056
127 141 29037
127 142 34660
127 143 20621
127 144 27617
127 145 32307
127 146 8256
127 147 12679
127 148 3704
127 149 22216
127 150 25122
127 151 23442
127 152 19006
127 153 6739
127 154 14691
127 155 31235
127 156 17429
127 157 16303
127 158 21033
127 159 1902
127 160 12870
127 161 18581
127 162 3200
127 163 29310
127 164 20814
127 165 35947
127 166 10177
127 167 1596
127 168 16187
127 169 24681
127 170 40179
127 171 29264
127 172 30526
127 173 23254
127 174 15667
127 175 15216
127 176 6108
127 177 24684
127 178 26068
127 179 26620
127 180 21087
127 181 10221
127 182 728
127 183 15237
127 184 17078
127 185 20959
127 186 40759
127 187 39437
127 188 16365
127 189 7665
127 190 -4084
127 191 30236
127 192 31607
127 193 27113
127 194 4833
127 195 21384
127 196 16933
127 197 33175
127 198 26047
127 199 17718
127 200 6817
128 1 14946
128 2 48254
128 3 21907
128 4 43089
128 5 39601
128 6 40893
128 7 26837
128 8 37842
128 9 4911
128 10 10447
128 11 16314
128 12 28812
128 13 39464
128 14 55046
128 15 52826
128 16 49023
128 17 46475
128 18 31450
128 19 21514
128 20 -1028
128 21 44216
128 22 53466
128 23 47996
128 24 32831
128 25 46533
128 26 33409
128 27 25431
128 28 28724
128 29 26597
128 30 852
128 31 12489
128 32 -1500
128 33 14233
128 34 15048
128 35 14045
128 36 32962
128 37 50059
128 38 60900
128 39 44513
128 40 39635
128 41 54598
128 42 54663
128 43 56441
128 44 55900
128 45 39038
128 46 35203
128 47 27354
128 48 21916
128 49 24237
128 50 16874
128 51 6280
128 52 27302
128 53 35616
128 54 34220
128 55 46336
128 56 52010
128 57 52729
128 58 38726
128 59 42028
128 60 41352
128 61 48388
128 62 15342
128 63 11004
128 64 8490
128 65 2280
128 66 -8767
128 67 46570
128 68 23053
128 69 19428
128 70 10381
128 71 5978
128 72 44355
128 73 46682
128 74 51081
128 75 49443
128 76 22536
128 77 22195
128 78 18927
128 79 17357
128 80 30848
128 81 9518
128 82 28879
128 83 37868
128 84 43817
128 85 42548
128 86 48088
128 87 43825
128 88 20197
128 89 33137
128 90 8530
128 91 53625
128 92 49192
128 93 44566
128 94 39018
128 95 42376
128 96 43139
128 97 46359
128 98 49160
128 99 45230
128 100 50302
128 101 13938
128 102 11382
128 103 -309
128 104 45224
128 105 33151
128 106 25992
128 107 18925
128 108 5779
128 109 32655
128 110 44632
128 111 22937
128 112 34120
128 113 47471
128 114 33214
128 115 48030
128 116 24419
128 117 45570
128 118 33881
128 119 57516
128 120 9042
128 121 26117
128 122 6400
128 123 22123
128 124 32678
128 125 38168
128 126 10879
128 127 20453
128 129 21930
128 130 36731
128 131 -96
128 132 18785
128 133 51010
128 134 29537
128 135 12697
128 136 16460
128 137 43981
128 138 29860
128 139 50068
128 140 60047
128 141 52053
128 142 56707
128 143 29057
128 144 48217
128 145 50396
128 146 29119
128 147 35273
128 148 16735
128 149 34628
128 150 29587
128 151 45898
128 152 37795
128 153 28365
128 154 26904
128 155 42206
128 156 37593
128 157 14588
128 158 20914
128 159 8985
128 160 -4559
128 161 515
128 162 15258
128 163 31986
128 164 9043
128 165 42958
128 166 33190
128 167 21676
128 168 29450
128 169 19551
128 170 48436
128 171 45577
128 172 51911
128 173 46116
128 174 35397
128 175 20773
128 176 16023
128 177 31145
128 178 45304
128 179 37483
128 180 36533
128 181 -2797
128 182 16533
128 183 37450
128 184 23430
128 185 16688
128 186 53867
128 187 49547
128 188 -4271
128 189 10430
128 190 15317
128 191 53219
128 192 54387
128 193 49984
128 194 24902
128 195 32133
128 196 21342
128 197 47056
128 198 39868
128 199 39577
128 200 25874
129 1 13864
129 2 36219
129 3 1090
129 4 22741
129 5 39816
129 6 37337
129 7 36289
129 8 45298
129 9 3388
129 10 26145
129 11 34856
129 12 11319
129 13 31733
129 14 48925
129 15 40791
129 16 47165
129 17 49410
129 18 34815
129 19 37295
129 20 17545
129 21 28044
129 22 36593
129 23 27950
129 24 8763
129 25 23501
129 26 18559
129 27 21623
129 28 18905
129 29 2432
129 30 14869
129 31 20575
129 32 21399
129 33 2608
129 34 -113
129 35 11665
129 36 48640
129 37 44935
129 38 56431
129 39 23002
129 40 26734
129 41 38601
129 42 45992
129 43 46398
129 44 51998
129 45 44980
129 46 46015
129 47 41302
129 48 33552
129 49 42937
129 50 7523
129 51 8917
129 52 29859
129 53 26138
129 54 12749
129 55 23499
129 56 32454
129 57 41047
129 58 28246
129 59 37829
129 60 42664
129 61 47263
129 62 29758
129 63 32322
129 64 30623
129 65 10084
129 66 9319
129 67 24019
129 68 1402
129 69 19571
129 70 20323
129 71 11967
129 72 27036
129 73 30687
129 74 33998
129 75 31201
129 76 7643
129 77 3266
129 78 496
129 79 -5244
129 80 9332
129 81 -1466
129 82 37482
129 83 41497
129 84 45631
129 85 39465
129 86 47236
129 87 35006
129 88 29774
129 89 31442
129 90 29545
129 91 49920
129 92 43940
129 93 41475
129 94 33830
129 95 36565
129 96 39639
129 97 39601
129 98 44710
129 99 42128
129 100 45293
129 101 19161
129 102 1463
129 103 7292
129 104 42122
129 105 21486
129 106 33274
129 107 36277
129 108 23193
129 109 13639
129 110 25835
129 111 14382
129 112 28505
129 113 48607
129 114 39779
129 115 35385
129 116 6125
129 117 38576
129 118 34737
129 119 52751
129 120 2449
129 121 1927
129 122 14708
129 123 36284
129 124 44759
129 125 43911
129 126 31740
129 127 25431
129 128 15535
129 130 15011
129 131 23277
129 132 17298
129 133 33781
129 134 6363
129 135 8805
129 136 17947
129 137 34426
129 138 16183
129 139 28677
129 140 55803
129 141 49285
129 142 48647
129 143 46301
129 144 37895
129 145 35741
129 146 26550
129 147 32590
129 148 28836
129 149 17670
129 150 8071
129 151 40646
129 152 27315
129 153 34373
129 154 13227
129 155 21858
129 156 31764
129 157 4449
129 158 97
129 159 24035
129 160 17735
129 161 5612
129 162 20564
129 163 8371
129 164 -2579
129 165 20278
129 166 34074
129 167 21914
129 168 43364
129 169 -3319
129 170 25589
129 171 29264
129 172 42722
129 173 46746
129 174 43375
129 175 38611
129 176 12045
129 177 10349
129 178 33088
129 179 18311
129 180 22160
129 181 21100
129 182 27640
129 183 33037
129 184 6851
129 185 -515
129 186 34025
129 187 27900
129 188 12701
129 189 26128
129 190 21987
129 191 49860
129 192 49263
129 193 45950
129 194 32833
129 195 14175
129 196 4313
129 197 28543
129 198 22389
129 199 44201
129 200 19309
130 1 24638
130 2 22698
130 3 15095
130 4 2197
130 5 36306
130 6 32883
130 7 42654
130 8 47634
130 9 24155
130 10 38960
130 11 46967
130 12 7369
130 13 23569
130 14 37779
130 15 25087
130 16 40103
130 17 46522
130 18 36144
130 19 46855
130 20 36306
130 21 11938
130 22 17832
130 23 7049
130 24 4628
130 25 4538
130 26 9697
130 27 23691
130 28 18380
130 29 10102
130 30 30826
130 31 30077
130 32 38139
130 33 21700
130 34 18850
130 35 32273
130 36 56369
130 37 36372
130 38 45566
130 39 2079
130 40 15639
130 41 20202
130 42 33636
130 43 31827
130 44 42754
130 45 45178
130 46 49823
130 47 48467
130 48 39853
130 49 53442
130 50 19303
130 51 27743
130 52 33344
130 53 20497
130 54 -4041
130 55 4407
130 56 11919
130 57 26657
130 58 19156
130 59 30848
130 60 40933
130 61 41477
130 62 40329
130 63 47081
130 64 44705
130 65 30969
130 66 29620
130 67 3857
130 68 4348
130 69 27547
130 70 33656
130 71 32954
130 72 8754
130 73 13877
130 74 15437
130 75 11480
130 76 14319
130 77 12958
130 78 20675
130 79 14780
130 80 8350
130 81 18992
130 82 41894
130 83 41265
130 84 42821
130 85 32366
130 86 40207
130 87 23901
130 88 38133
130 89 29887
130 90 44790
130 91 41793
130 92 35879
130 93 34939
130 94 27555
130 95 28897
130 96 33962
130 97 30504
130 98 36735
130 99 36232
130 100 36293
130 101 30433
130 102 16178
130 103 27687
130 104 36226
130 105 14278
130 106 38319
130 107 47181
130 108 36983
130 109 5969
130 110 7162
130 111 18178
130 112 24579
130 113 43870
130 114 41773
130 115 21149
130 116 12137
130 117 30008
130 118 32516
130 119 42869
130 120 23415
130 121 10240
130 122 30350
130 123 44945
130 124 50501
130 125 44113
130 126 46248
130 127 32431
130 128 34048
130 129 18723
130 131 40536
130 132 24784
130 133 14740
130 134 -2226
130 135 29503
130 136 38657
130 137 24132
130 138 13062
130 139 7704
130 140 45188
130 141 41176
130 142 36328
130 143 55576
130 144 25080
130 145 18751
130 146 27672
130 147 29293
130 148 38380
130 149 5359
130 150 7089
130 151 32585
130 152 18225
130 153 38398
130 154 10106
130 155 1314
130 156 29073
130 157 20555
130 158 14102
130 159 35452
130 160 35232
130 161 26467
130 162 30611
130 163 3714
130 164 17837
130 165 947
130 166 33256
130 167 26828
130 168 50654
130 169 14059
130 170 5925
130 171 11367
130 172 30226
130 173 42679
130 174 45581
130 175 49827
130 176 20423
130 177 3647
130 178 19175
130 179 1590
130 180 10566
130 181 38149
130 182 35701
130 183 27883
130 184 10801
130 185 19074
130 186 13279
130 187 7005
130 188 32128
130 189 38943
130 190 30151
130 191 41463
130 192 39367
130 193 37666
130 194 38377
130 195 3021
130 196 11646
130 197 9009
130 198 5259
130 199 44424
130 200 17241
131 1 17231
131 2 49656
131 3 26847
131 4 46783
131 5 37978
131 6 40551
131 7 23731
131 8 34521
131 9 11144
131 10 7084
131 11 10691
131 12 32456
131 13 40051
131 14 54508
131 15 53860
131 16 47541
131 17 43885
131 18 29597
131 19 16422
131 20 5088
131 21 46822
131 22 55971
131 23 51328
131 24 38043
131 25 51075
131 26 36167
131 27 26340
131 28 30906
131 29 32131
131 30 2723
131 31 11308
131 32 -7746
131 33 19550
131 34 21293
131 35 20251
131 36 27508
131 37 49598
131 38 59735
131 39 48411
131 40 41630
131 41 56791
131 42 54938
131 43 56858
131 44 54825
131 45 35868
131 46 30832
131 47 22446
131 48 17786
131 49 18239
131 50 20644
131 51 11742
131 52 26315
131 53 37119
131 54 38444
131 55 50843
131 56 55311
131 57 53859
131 58 40145
131 59 41487
131 60 39651
131 61 46857
131 62 11347
131 63 4879
131 64 2167
131 65 7058
131 66 -4603
131 67 50769
131 68 27693
131 69 20547
131 70 10851
131 71 11967
131 72 47133
131 73 49141
131 74 53717
131 75 52350
131 76 26373
131 77 26724
131 78 24907
131 79 22756
131 80 35368
131 81 15257
131 82 25583
131 83 35551
131 84 41694
131 85 41547
131 86 46207
131 87 44368
131 88 17773
131 89 32637
131 90 2855
131 91 52681
131 92 48869
131 93 43674
131 94 38972
131 95 42334
131 96 42560
131 97 46440
131 98 48540
131 99 44458
131 100 49717
131 101 14783
131 102 15732
131 103 6015
131 104 44452
131 105 35145
131 106 23463
131 107 13500
131 108 1999
131 109 36484
131 110 47942
131 111 25361
131 112 34603
131 113 45238
131 114 30186
131 115 49561
131 116 28670
131 117 45825
131 118 32262
131 119 56668
131 120 15224
131 121 31513
131 122 9350
131 123 17518
131 124 28214
131 125 35079
131 126 4898
131 127 19567
131 128 -2347
131 129 27421
131 130 40968
131 132 20220
131 133 53613
131 134 34333
131 135 18991
131 136 22360
131 137 44921
131 138 32726
131 139 53972
131 140 58840
131 141 50737
131 142 56740
131 143 23327
131 144 49069
131 145 52290
131 146 29450
131 147 34813
131 148 13541
131 149 37759
131 150 34107
131 151 45575
131 152 39214
131 153 26096
131 154 29770
131 155 45900
131 156 38339
131 157 19225
131 158 25854
131 159 5063
131 160 -3478
131 161 6788
131 162 15480
131 163 36972
131 164 15303
131 165 47425
131 166 31851
131 167 21914
131 168 24586
131 169 25331
131 170 52838
131 171 48004
131 172 52368
131 173 44217
131 174 31829
131 175 15216
131 176 18273
131 177 35388
131 178 46718
131 179 41048
131 180 38950
131 181 -8577
131 182 13226
131 183 37306
131 184 27317
131 185 22052
131 186 57215
131 187 53533
131 188 2046
131 189 7067
131 190 14164
131 191 52086
131 192 53682
131 193 49142
131 194 22234
131 195 35587
131 196 25507
131 197 50130
131 198 42841
131 199 36952
131 200 26948
132 1 1078
132 2 26773
132 3 13876
132 4 25645
132 5 21219
132 6 20363
132 7 16675
132 8 25198
132 9 13042
132 10 11807
132 11 19400
132 12 12334
132 13 17970
132 14 34260
132 15 31251
132 16 29805
132 17 30111
132 18 14956
132 19 19578
132 20 16392
132 21 24099
132 22 33105
132 23 29230
132 24 23153
132 25 32122
132 26 13819
132 27 3979
132 28 8144
132 29 20253
132 30 7378
132 31 2500
132 32 13449
132 33 12360
132 34 18448
132 35 25346
132 36 29995
132 37 29356
132 38 40812
132 39 27443
132 40 18623
132 41 33795
132 42 33244
132 43 34930
132 44 35858
132 45 25012
132 46 26071
132 47 22289
132 48 14085
132 49 26056
132 50 5533
132 51 11742
132 52 9860
132 53 14152
132 54 19218
132 55 31975
132 56 33270
132 57 31165
132 58 17233
132 59 21530
132 60 23527
132 61 29438
132 62 12757
132 63 20374
132 64 17359
132 65 20014
132 66 11903
132 67 30307
132 68 11495
132 69 -39
132 70 7901
132 71 21011
132 72 24519
132 73 26286
132 74 30954
132 75 29810
132 76 8531
132 77 11492
132 78 19266
132 79 12861
132 80 18277
132 81 10614
132 82 17492
132 83 21775
132 84 26538
132 85 22627
132 86 29507
132 87 22312
132 88 10941
132 89 13181
132 90 18666
132 91 33523
132 92 28377
132 93 24559
132 94 18027
132 95 21315
132 96 22801
132 97 25141
132 98 28677
132 99 25126
132 100 29702
132 101 3866
132 102 3810
132 103 13008
132 104 25120
132 105 12155
132 106 13289
132 107 19638
132 108 10243
132 109 16589
132 110 26120
132 111 3321
132 112 12772
132 113 29947
132 114 19695
132 115 26619
132 116 11771
132 117 24246
132 118 15777
132 119 37142
132 120 14871
132 121 19047
132 122 8055
132 123 17928
132 124 25193
132 125 23956
132 126 19445
132 127 5677
132 128 12915
132 129 17823
132 130 21597
132 131 16601
132 133 30809
132 134 17486
132 135 22692
132 136 30331
132 137 22395
132 138 10836
132 139 33105
132 140 40035
132 141 32456
132 142 35421
132 143 28529
132 144 26633
132 145 29270
132 146 8256
132 147 15021
132 148 10913
132 149 15900
132 150 17016
132 151 25083
132 152 16302
132 153 14281
132 154 7880
132 155 24762
132 156 16111
132 157 8852
132 158 12883
132 159 7889
132 160 12379
132 161 13844
132 162 3200
132 163 21171
132 164 13973
132 165 28505
132 166 14900
132 167 1981
132 168 24391
132 169 16764
132 170 33182
132 171 25109
132 172 30412
132 173 28118
132 174 23275
132 175 22259
132 176 -2072
132 177 16840
132 178 23830
132 179 19920
132 180 16149
132 181 13009
132 182 8758
132 183 16630
132 184 8953
132 185 13343
132 186 35210
132 187 32852
132 188 13538
132 189 11790
132 190 2860
132 191 33338
132 192 33853
132 193 29739
132 194 12950
132 195 14477
132 196 8694
132 197 27829
132 198 20523
132 199 24330
132 200 4291
133 1 36154
133 2 10656
133 3 32986
133 4 8035
133 5 30093
133 6 28747
133 7 45943
133 8 45874
133 9 41823
133 10 48180
133 11 54063
133 12 21373
133 13 17430
133 14 22540
133 15 6241
133 16 28958
133 17 39055
133 18 35681
133 19 51482
133 20 51153
133 21 7223
133 22 -2569
133 23 -4859
133 24 25399
133 25 16110
133 26 16380
133 27 29224
133 28 26116
133 29 30662
133 30 43595
133 31 37878
133 32 50271
133 33 38784
133 34 38835
133 35 51512
133 36 57972
133 37 25590
133 38 29485
133 39 1088
133 40 13683
133 41 -410
133 42 18565
133 43 13431
133 44 29217
133 45 40853
133 46 48153
133 47 50332
133 48 41788
133 49 57679
133 50 33492
133 51 43557
133 52 36537
133 53 21966
133 54 15677
133 55 19405
133 56 3388
133 57 10782
133 58 16001
133 59 22380
133 60 36983
133 61 32149
133 62 47120
133 63 56863
133 64 52582
133 65 49693
133 66 45819
133 67 1674
133 68 22858
133 69 36626
133 70 44723
133 71 50976
133 72 -719
133 73 3952
133 74 -2
133 75 -3716
133 76 28966
133 77 29929
133 78 40094
133 79 33316
133 80 26944
133 81 36737
133 82 42740
133 83 38012
133 84 36468
133 85 22380
133 86 28217
133 87 12278
133 88 44044
133 89 28918
133 90 55471
133 91 30335
133 92 26366
133 93 26132
133 94 21804
133 95 21000
133 96 27373
133 97 20670
133 98 26431
133 99 28748
133 100 24413
133 101 40736
133 102 31523
133 103 44536
133 104 28742
133 105 16911
133 106 40914
133 107 53034
133 108 46899
133 109 21254
133 110 10025
133 111 28175
133 112 23747
133 113 34490
133 114 40079
133 115 8214
133 116 28480
133 117 21773
133 118 28093
133 119 28878
133 120 41643
133 121 30493
133 122 43520
133 123 49089
133 124 51238
133 125 39950
133 126 55881
133 127 38662
133 128 48407
133 129 37573
133 130 14820
133 131 53261
133 132 34076
133 134 18525
133 135 48643
133 136 57760
133 137 16095
133 138 22818
133 139 9590
133 140 29374
133 141 28819
133 142 20609
133 143 58740
133 144 11380
133 145 256
133 146 31238
133 147 26330
133 148 44761
133 149 13420
133 150 25683
133 151 23072
133 152 15070
133 153 40264
133 154 19862
133 155 7152
133 156 30406
133 157 36403
133 158 31993
133 159 43121
133 160 48600
133 161 44080
133 162 39819
133 163 24452
133 164 37221
133 165 17207
133 166 31246
133 167 32997
133 168 52749
133 169 33912
133 170 11057
133 171 -4826
133 172 15522
133 173 35025
133 174 43218
133 175 55894
133 176 31274
133 177 21663
133 178 6210
133 179 12595
133 180 11812
133 181 49886
133 182 40538
133 183 23407
133 184 25802
133 185 36879
133 186 3815
133 187 9705
133 188 47615
133 189 48163
133 190 36997
133 191 29102
133 192 25702
133 193 26232
133 194 41319
133 195 14873
133 196 27481
133 197 990
133 198 4777
133 199 41172
133 200 20202
134 1 22447
134 2 28147
134 3 10263
134 4 8899
134 5 39299
134 6 35872
134 7 42621
134 8 49009
134 9 18678
134 10 36792
134 11 45237
134 12 7235
134 13 27514
134 14 42970
134 15 31251
134 16 44226
134 17 49517
134 18 37575
134 19 45991
134 20 31921
134 21 17789
134 22 24449
134 23 13481
134 24 -1530
134 25 8240
134 26 12634
134 27 24197
134 28 19053
134 29 3434
134 30 27441
134 31 28791
134 32 34661
134 33 16821
134 34 12349
134 35 26007
134 36 56254
134 37 40745
134 38 50791
134 39 7970
134 40 20000
134 41 26792
134 42 39018
134 43 37804
134 44 47477
134 45 47254
134 46 50892
134 47 48441
134 48 39999
134 49 52415
134 50 16277
134 51 23194
134 52 33898
134 53 23202
134 54 -620
134 55 8202
134 56 18580
134 57 32445
134 58 23095
134 59 34727
134 60 43351
134 61 45199
134 62 38972
134 63 44397
134 64 42413
134 65 24820
134 66 24509
134 67 8723
134 68 -8
134 69 26332
134 70 31093
134 71 27170
134 72 15221
134 73 20017
134 74 21998
134 75 18182
134 76 11826
134 77 9001
134 78 14496
134 79 9280
134 80 4555
134 81 13666
134 82 42553
134 83 43313
134 84 45691
134 85 36394
134 86 44403
134 87 28829
134 88 37350
134 89 31959
134 90 41873
134 91 46138
134 92 40055
134 93 38759
134 94 31066
134 95 32869
134 96 37421
134 97 34910
134 98 40957
134 99 39812
134 100 40834
134 101 28393
134 102 12408
134 103 22484
134 104 39806
134 105 17243
134 106 38639
134 107 45873
134 108 34504
134 109 6484
134 110 13562
134 111 17534
134 112 27137
134 113 47401
134 114 43209
134 115 26784
134 116 8947
134 117 34191
134 118 35079
134 119 47742
134 120 17717
134 121 3771
134 122 26960
134 123 44331
134 124 50902
134 125 46171
134 126 43643
134 127 31869
134 128 29799
134 129 13020
134 130 719
134 131 36846
134 132 23618
134 133 21390
134 135 23298
134 136 32416
134 137 28672
134 138 13923
134 139 13773
134 140 50348
134 141 45596
134 142 41750
134 143 54947
134 144 30464
134 145 25084
134 146 28650
134 147 31930
134 148 37292
134 149 9237
134 150 3294
134 151 36761
134 152 22164
134 153 39013
134 154 10967
134 155 8016
134 156 31129
134 157 16451
134 158 9270
134 159 33797
134 160 31394
134 161 20907
134 162 28992
134 163 -2994
134 164 11593
134 165 5002
134 166 35289
134 167 26679
134 168 50574
134 169 7714
134 170 10308
134 171 17817
134 172 35609
134 173 45917
134 174 47048
134 175 48424
134 176 18782
134 177 2114
134 178 24744
134 179 6909
134 180 14846
134 181 34634
134 182 35123
134 183 31049
134 184 8575
134 185 13907
134 186 19857
134 187 12867
134 188 27453
134 189 36775
134 190 29271
134 191 45935
134 192 44214
134 193 42038
134 194 38553
134 195 5879
134 196 8547
134 197 15682
134 198 11289
134 199 46381
134 200 18966
135 1 22074
135 2 50957
135 3 16160
135 4 38147
135 5 50629
135 6 49325
135 7 42202
135 8 52752
135 9 -1365
135 10 27822
135 11 35275
135 12 26518
135 13 45177
135 14 62378
135 15 55720
135 16 59071
135 17 59300
135 18 43867
135 19 39748
135 20 13261
135 21 43412
135 22 52091
135 23 43266
135 24 22158
135 25 37744
135 26 33476
135 27 32739
135 28 32079
135 29 15042
135 30 15440
135 31 26174
135 32 17913
135 33 10418
135 34 -1468
135 35 -3819
135 36 51444
135 37 57841
135 38 69501
135 39 37985
135 40 41437
135 41 54054
135 42 60074
135 43 60950
135 44 64714
135 45 53354
135 46 51862
135 47 45118
135 48 38595
135 49 43446
135 50 18410
135 51 9391
135 52 38769
135 53 39727
135 54 28089
135 55 38016
135 56 47896
135 57 55809
135 58 42355
135 59 50313
135 60 52875
135 61 58790
135 62 32646
135 63 30390
135 64 27799
135 65 -5191
135 66 -851
135 67 38302
135 68 16921
135 69 28229
135 70 23813
135 71 -987
135 72 42534
135 73 46068
135 74 49496
135 75 46722
135 76 21524
135 77 18127
135 78 6541
135 79 9567
135 80 24835
135 81 3228
135 82 44119
135 83 50732
135 84 55859
135 85 51689
135 86 58872
135 87 48980
135 88 35168
135 89 42509
135 90 27787
135 91 62437
135 92 56813
135 93 53623
135 94 46467
135 95 49520
135 96 51776
135 97 52936
135 98 57384
135 99 54192
135 100 58229
135 101 25096
135 102 11513
135 103 254
135 104 54186
135 105 35691
135 106 40271
135 107 37619
135 108 23795
135 109 29107
135 110 41359
135 111 26650
135 112 40961
135 113 59337
135 114 47620
135 115 50264
135 116 21071
135 117 51902
135 118 45162
135 119 65749
135 120 -530
135 121 15716
135 122 17231
135 123 39721
135 124 49708
135 125 52355
135 126 30203
135 127 32772
135 128 10744
135 129 13247
135 130 30233
135 131 19289
135 132 26609
135 133 49293
135 134 21083
135 136 2443
135 137 48460
135 138 30555
135 139 43756
135 140 68789
135 141 61571
135 142 62616
135 143 47948
135 144 52306
135 145 51031
135 146 37455
135 147 44186
135 148 32957
135 149 33005
135 150 23574
135 151 53519
135 152 41424
135 153 42029
135 154 27599
135 155 37264
135 156 44123
135 157 13895
135 158 15167
135 159 26419
135 160 14483
135 161 -4371
135 162 26916
135 163 22770
135 164 -6428
135 165 34947
135 166 44269
135 167 31266
135 168 47175
135 169 7681
135 170 39824
135 171 44709
135 172 56910
135 173 57523
135 174 50653
135 175 39611
135 176 21947
135 177 25864
135 178 47883
135 179 33835
135 180 37126
135 181 15818
135 182 32525
135 183 45339
135 184 21479
135 185 10644
135 186 49415
135 187 42881
135 188 6903
135 189 27805
135 190 28456
135 191 62330
135 192 62342
135 193 58566
135 194 39491
135 195 29591
135 196 18800
135 197 44064
135 198 37869
135 199 53029
135 200 31786
136 1 26567
136 2 56677
136 3 22145
136 4 44230
136 5 55048
136 6 54199
136 7 45247
136 8 56072
136 9 3061
136 10 29887
136 11 36413
136 12 32456
136 13 50498
136 14 67599
136 15 61485
136 16 63775
136 17 63330
136 18 47847
136 19 41488
136 20 14583
136 21 49375
136 22 58116
136 23 49343
136 24 28057
136 25 43680
136 26 39308
136 27 37582
136 28 37490
136 29 20966
136 30 17934
136 31 29515
136 32 18254
136 33 15928
136 34 4130
136 35 -2055
136 36 53029
136 37 62925
136 38 74552
136 39 44025
136 40 47177
136 41 60050
136 42 65539
136 43 66564
136 44 69679
136 45 56912
136 46 54529
136 47 47181
136 48 41186
136 49 44232
136 50 23681
136 51 13267
136 52 42865
136 53 45162
136 54 34170
136 55 44004
136 56 53979
136 57 61525
136 58 47907
136 59 55282
136 60 57141
136 61 63394
136 62 34840
136 63 30879
136 64 27420
136 65 -11129
136 66 -2692
136 67 44212
136 68 22988
136 69 32606
136 70 26920
136 71 -1975
136 72 48560
136 73 52034
136 74 55521
136 75 52788
136 76 27240
136 77 24052
136 78 12613
136 79 15596
136 80 30909
136 81 8826
136 82 47272
136 83 54666
136 84 60056
136 85 56537
136 86 63449
136 87 54435
136 88 38244
136 89 47151
136 90 28592
136 91 67366
136 92 61903
136 93 58467
136 94 51528
136 95 54659
136 96 56656
136 97 58184
136 98 62391
136 99 59030
136 100 63308
136 101 28847
136 102 16821
136 103 2287
136 104 59024
136 105 41307
136 106 43673
136 107 39009
136 108 25536
136 109 35127
136 110 47419
136 111 31918
136 112 46038
136 113 63633
136 114 51095
136 115 56033
136 116 26988
136 117 57163
136 118 49491
136 119 70815
136 120 4929
136 121 21735
136 122 20537
136 123 41839
136 124 52166
136 125 55948
136 126 30862
136 127 36546
136 128 11428
136 129 19310
136 130 36308
136 131 19579
136 132 31169
136 133 55331
136 134 27122
136 135 -636
136 137 53959
136 138 36269
136 139 49810
136 140 73812
136 141 66395
136 142 68031
136 143 49154
136 144 57902
136 145 56951
136 146 42175
136 147 48954
136 148 35599
136 149 38967
136 150 29648
136 151 58609
136 152 46976
136 153 45626
136 154 33313
136 155 43347
136 156 49209
136 157 19225
136 158 21152
136 159 28525
136 160 15474
136 161 -2707
136 162 30656
136 163 28785
136 164 -386
136 165 40958
136 166 48590
136 167 35647
136 168 49258
136 169 13705
136 170 45743
136 171 50703
136 172 62417
136 173 61887
136 174 53871
136 175 40871
136 176 26756
136 177 31934
136 178 53622
136 179 39892
136 180 42957
136 181 14960
136 182 35305
136 183 50310
136 184 27317
136 185 16495
136 186 55497
136 187 48922
136 188 7885
136 189 29870
136 190 31995
136 191 67224
136 192 67445
136 193 63533
136 194 42790
136 195 35587
136 196 24640
136 197 50130
136 198 43886
136 199 56809
136 200 36934
137 1 25295
137 2 3449
137 3 29374
137 4 17668
137 5 11989
137 6 10377
137 7 28699
137 8 27452
137 9 35437
137 10 33735
137 11 37870
137 12 18259
137 13 -896
137 14 12349
137 15 6595
137 16 13686
137 17 21597
137 18 17615
137 19 34281
137 20 41066
137 21 10326
137 22 14123
137 23 13446
137 24 29466
137 25 27700
137 26 11619
137 27 15519
137 28 16150
137 29 31683
137 30 32069
137 31 23297
137 32 37350
137 33 32825
137 34 36657
137 35 46954
137 36 39784
137 37 9899
137 38 20087
137 39 16678
137 40 6072
137 41 12618
137 42 9280
137 43 10413
137 44 16461
137 45 22556
137 46 29714
137 47 32283
137 48 23886
137 49 40062
137 50 25633
137 51 35275
137 52 20045
137 53 9415
137 54 19685
137 55 29020
137 56 19367
137 57 6640
137 58 2790
137 59 4907
137 60 18549
137 61 15479
137 62 31196
137 63 42144
137 64 36325
137 65 43459
137 66 36507
137 67 18997
137 68 21593
137 69 24042
137 70 32217
137 71 44297
137 72 9353
137 73 9672
137 74 13641
137 75 13370
137 76 23075
137 77 25893
137 78 37221
137 79 29825
137 80 26454
137 81 31234
137 82 24702
137 83 19574
137 84 18498
137 85 6069
137 86 13746
137 87 -1763
137 88 28119
137 89 11220
137 90 41541
137 91 15318
137 92 9533
137 93 8969
137 94 3365
137 95 3041
137 96 9142
137 97 4034
137 98 10314
137 99 10868
137 100 9853
137 101 28197
137 102 24314
137 103 36723
137 104 10862
137 105 7344
137 106 23573
137 107 36277
137 108 32791
137 109 20309
137 110 16968
137 111 18389
137 112 7170
137 113 17998
137 114 21673
137 115 3763
137 116 24491
137 117 3850
137 118 9680
137 119 16766
137 120 36228
137 121 30772
137 122 32751
137 123 31815
137 124 33018
137 125 21622
137 126 41119
137 127 23508
137 128 37653
137 129 34493
137 130 20487
137 131 40844
137 132 21937
137 133 12370
137 134 22082
137 135 44085
137 136 52663
137 138 16183
137 139 23555
137 140 19564
137 141 14706
137 142 11888
137 143 40869
137 144 1897
137 145 7148
137 146 16036
137 147 8123
137 148 28836
137 149 12397
137 150 25193
137 151 6239
137 152 1859
137 153 22747
137 154 13227
137 155 16785
137 156 15153
137 157 29490
137 158 28381
137 159 27680
137 160 37000
137 161 37114
137 162 26524
137 163 27466
137 164 33670
137 165 26014
137 166 12981
137 167 18619
137 168 34764
137 169 32380
137 170 25589
137 171 6568
137 172 6115
137 173 17508
137 174 24780
137 175 39198
137 176 20560
137 177 21973
137 178 388
137 179 15903
137 180 7238
137 181 36212
137 182 23867
137 183 5041
137 184 20993
137 185 32114
137 186 20875
137 187 23701
137 188 38093
137 189 33718
137 190 21987
137 191 15005
137 192 13233
137 193 11190
137 194 24064
137 195 14175
137 196 22679
137 197 13900
137 198 9628
137 199 22739
137 200 6231
138 1 11395
138 2 18209
138 3 10989
138 4 12609
138 5 23615
138 6 20363
138 7 27391
138 8 32941
138 9 17945
138 10 24837
138 11 32278
138 12 1055
138 13 13526
138 14 30591
138 15 23019
138 16 29674
138 17 33748
138 18 21477
138 19 31703
138 20 26144
138 21 12173
138 22 21431
138 23 16468
138 24 13998
138 25 19639
138 26 1355
138 27 8451
138 28 3129
138 29 14195
138 30 18731
138 31 15303
138 32 25694
138 33 14993
138 34 18272
138 35 28931
138 36 41108
138 37 26888
138 38 38181
138 39 14405
138 40 8708
138 41 22750
138 42 27619
138 43 28222
138 44 33951
138 45 31142
138 46 34937
138 47 33210
138 48 24610
138 49 38311
138 50 8644
138 51 18808
138 52 18156
138 53 8063
138 54 7139
138 55 19637
138 56 20460
138 57 23060
138 58 9861
138 59 20128
138 60 27358
138 61 30164
138 62 25463
138 63 33350
138 64 30372
138 65 26119
138 66 20958
138 67 17289
138 68 3887
138 69 12969
138 70 20323
138 71 27056
138 72 12303
138 73 14700
138 74 19021
138 75 17453
138 76 4888
138 77 7509
138 78 18841
138 79 11448
138 80 9332
138 81 13297
138 82 26781
138 83 27207
138 84 29885
138 85 21849
138 86 29847
138 87 16622
138 88 23020
138 89 15902
138 90 31458
138 91 32055
138 92 25953
138 93 23982
138 94 16171
138 95 18586
138 96 22314
138 97 21376
138 98 26806
138 99 24790
138 100 27199
138 101 16571
138 102 6968
138 103 20037
138 104 24784
138 105 3101
138 106 23093
138 107 32217
138 108 23193
138 109 4764
138 110 13174
138 111 3626
138 112 11438
138 113 32063
138 114 27123
138 115 17576
138 116 6125
138 117 20384
138 118 19150
138 119 34575
138 120 18341
138 121 13101
138 122 18554
138 123 29732
138 124 35318
138 125 30058
138 126 32438
138 127 17280
138 128 23390
138 129 16108
138 130 9275
138 131 28507
138 132 10236
138 133 18951
138 134 7191
138 135 26038
138 136 34831
138 137 16041
138 139 20075
138 140 37585
138 141 31502
138 142 30264
138 143 40345
138 144 19617
138 145 18966
138 146 12637
138 147 16140
138 148 23386
138 149 2925
138 150 8071
138 151 22659
138 152 8930
138 153 23252
138 154 -5158
138 155 11726
138 156 15153
138 157 12014
138 158 9996
138 159 20807
138 160 23680
138 161 19972
138 162 16237
138 163 11770
138 164 15375
138 165 16195
138 166 19198
138 167 11596
138 168 35392
138 169 14082
138 170 20359
138 171 13591
138 172 24367
138 173 30381
138 174 30963
138 175 34911
138 176 6633
138 177 6081
138 178 15151
138 179 6909
138 180 4753
138 181 25527
138 182 20500
138 183 15746
138 184 2608
138 185 13907
138 186 22386
138 187 19839
138 188 22670
138 189 24820
138 190 15129
138 191 31979
138 192 31065
138 193 28032
138 194 23128
138 195 1548
138 196 4313
138 197 15203
138 198 7915
138 199 30263
138 200 2889
139 1 35306
139 2 21701
139 3 27112
139 4 984
139 5 39688
139 6 36909
139 7 50638
139 8 53474
139 9 36196
139 10 49217
139 11 56638
139 12 17987
139 13 26174
139 14 35823
139 15 20154
139 16 40849
139 17 49482
139 18 42307
139 19 55588
139 20 48067
139 21 12039
139 22 11297
139 23 -4385
139 24 14879
139 25 2449
139 26 16873
139 27 31926
139 28 27082
139 29 21406
139 30 42083
139 31 39680
139 32 49347
139 33 33688
139 34 30435
139 35 44105
139 36 63991
139 37 37052
139 38 43099
139 39 -9892
139 40 18999
139 41 13378
139 42 31602
139 43 27336
139 44 41999
139 45 49802
139 46 55878
139 47 56103
139 48 47409
139 49 62176
139 50 30654
139 51 39610
139 52 40979
139 53 26322
139 54 7865
139 55 6948
139 56 2816
139 57 23806
139 58 22628
139 59 32778
139 60 45438
139 61 43233
139 62 49762
139 63 57648
139 64 54784
139 65 42882
139 66 41604
139 67 -7107
139 68 16369
139 69 37380
139 70 44381
139 71 44980
139 72 5240
139 73 11805
139 74 10151
139 75 3892
139 76 25618
139 77 24831
139 78 32550
139 79 26817
139 80 20356
139 81 31031
139 82 48876
139 83 46233
139 84 46247
139 85 33635
139 86 40544
139 87 23725
139 88 47103
139 89 35490
139 90 55589
139 91 42236
139 92 37189
139 93 36803
139 94 30669
139 95 30932
139 96 36859
139 97 31488
139 98 37723
139 99 38741
139 100 36403
139 101 40829
139 102 27848
139 103 39701
139 104 38735
139 105 20237
139 106 45939
139 107 56400
139 108 47487
139 109 16797
139 110 7942
139 111 27982
139 112 29877
139 113 45750
139 114 47592
139 115 19574
139 116 23831
139 117 31736
139 118 36774
139 119 41785
139 120 35445
139 121 21882
139 122 41660
139 123 53439
139 124 57607
139 125 48799
139 126 56759
139 127 41363
139 128 45734
139 129 30738
139 130 6053
139 131 51889
139 132 34641
139 133 7859
139 134 9177
139 135 41375
139 136 50508
139 137 25549
139 138 22211
139 140 42924
139 141 41186
139 142 33937
139 143 63857
139 144 23617
139 145 13872
139 146 35161
139 147 33929
139 148 47600
139 149 12338
139 150 19095
139 151 33895
139 152 21697
139 153 45667
139 154 19255
139 155 101
139 156 35313
139 157 32342
139 158 26119
139 159 45197
139 160 46703
139 161 38509
139 162 40636
139 163 14994
139 164 29679
139 165 5434
139 166 38594
139 167 35545
139 168 58376
139 169 25817
139 170 -2268
139 171 6701
139 172 28359
139 173 45397
139 174 51189
139 175 59137
139 176 30775
139 177 15447
139 178 17701
139 179 8545
139 180 14949
139 181 49322
139 182 44332
139 183 31668
139 184 22108
139 185 31107
139 186 2886
139 187 -4161
139 188 43999
139 189 49200
139 190 39369
139 191 41432
139 192 38456
139 193 38097
139 194 46162
139 195 11970
139 196 23253
139 197 3587
139 198 6127
139 199 49453
139 200 24130
140 1 52915
140 2 29571
140 3 60258
140 4 46504
140 5 19201
140 6 30988
140 7 44723
140 8 34374
140 9 64612
140 10 55188
140 11 54104
140 12 49590
140 13 26899
140 14 2310
140 15 14498
140 16 6461
140 17 17437
140 18 33144
140 19 47570
140 20 67425
140 21 39552
140 22 36631
140 23 34855
140 24 60639
140 25 56251
140 26 43003
140 27 42614
140 28 46165
140 29 63063
140 30 57587
140 31 46119
140 32 60032
140 33 62688
140 34 67454
140 35 76680
140 36 45452
140 37 18251
140 38 -10819
140 39 42272
140 40 37353
140 41 31604
140 42 16399
140 43 7637
140 44 3989
140 45 24043
140 46 32122
140 47 40756
140 48 35065
140 49 49231
140 50 55172
140 51 63581
140 52 41504
140 53 39727
140 54 50582
140 55 58444
140 56 44482
140 57 24299
140 58 34025
140 59 17810
140 60 29803
140 61 14692
140 62 49680
140 63 61610
140 64 50459
140 65 71858
140 66 62904
140 67 42095
140 68 52927
140 69 50557
140 70 57214
140 71 72862
140 72 36372
140 73 37194
140 74 38591
140 75 37405
140 76 53677
140 77 56800
140 78 67967
140 79 60599
140 80 57834
140 81 61137
140 82 36672
140 83 28423
140 84 21361
140 85 9485
140 86 -2496
140 87 18522
140 88 48092
140 89 32707
140 90 62840
140 91 14456
140 92 22878
140 93 17031
140 94 25253
140 95 22668
140 96 24981
140 97 21963
140 98 17794
140 99 23219
140 100 12985
140 101 53819
140 102 53930
140 103 64857
140 104 23213
140 105 38468
140 106 40271
140 107 50868
140 108 54520
140 109 51687
140 110 46326
140 111 47849
140 112 33890
140 113 9832
140 114 30063
140 115 29125
140 116 55505
140 117 26554
140 118 20626
140 119 6372
140 120 65938
140 121 62133
140 122 59358
140 123 45504
140 124 40697
140 125 24002
140 126 60636
140 127 46308
140 128 63196
140 129 65347
140 130 51020
140 131 64240
140 132 49054
140 133 35126
140 134 53235
140 135 73891
140 136 81993
140 137 29041
140 138 47204
140 139 50407
140 141 4228
140 142 12101
140 143 48939
140 144 21188
140 145 27490
140 146 41674
140 147 28718
140 148 48026
140 149 43610
140 150 56573
140 151 19584
140 152 33094
140 153 39406
140 154 44248
140 155 45621
140 156 42709
140 157 59139
140 158 59265
140 159 47206
140 160 61741
140 161 65686
140 162 51452
140 163 58723
140 164 64057
140 165 55722
140 166 29177
140 167 43798
140 168 43875
140 169 63484
140 170 52183
140 171 31191
140 172 17434
140 173 18472
140 174 29184
140 175 53828
140 176 48742
140 177 53337
140 178 25303
140 179 46585
140 180 38475
140 181 56876
140 182 41274
140 183 26966
140 184 51937
140 185 62482
140 186 44978
140 187 50570
140 188 64845
140 189 55171
140 190 44522
140 191 7427
140 192 7251
140 193 11940
140 194 40777
140 195 45477
140 196 53505
140 197 40478
140 198 39138
140 199 29884
140 200 34614
141 1 41388
141 2 22618
141 3 49847
141 4 39681
141 5 7129
141 6 19596
141 7 32718
141 8 23038
141 9 53260
141 10 43106
141 11 42258
141 12 39918
141 13 17039
141 14 142
141 15 12802
141 16 -5405
141 17 7365
141 18 21062
141 19 35942
141 20 55549
141 21 32301
141 22 32124
141 23 31418
141 24 51869
141 25 49721
141 26 33691
141 27 31242
141 28 35549
141 29 53453
141 30 45667
141 31 34097
141 32 47951
141 33 51649
141 34 56839
141 35 65450
141 36 35107
141 37 8173
141 38 1181
141 39 37195
141 40 28576
141 41 28116
141 42 11340
141 43 8494
141 44 -2849
141 45 13405
141 46 22031
141 47 29717
141 48 23503
141 49 38380
141 50 44112
141 51 52049
141 52 29522
141 53 29533
141 54 42231
141 55 51343
141 56 39398
141 57 19201
141 58 24647
141 59 6765
141 60 17725
141 61 2659
141 62 37642
141 63 49587
141 64 38966
141 65 60207
141 66 50990
141 67 38336
141 68 43172
141 69 38908
141 70 45285
141 71 61296
141 72 30212
141 73 30672
141 74 33220
141 75 32581
141 76 43151
141 77 46444
141 78 57351
141 79 50059
141 80 48312
141 81 50084
141 82 24884
141 83 16539
141 84 9687
141 85 -2121
141 86 -8455
141 87 10608
141 88 36009
141 89 20985
141 90 50761
141 91 3440
141 92 12533
141 93 5457
141 94 14423
141 95 12314
141 96 13582
141 97 12487
141 98 7125
141 99 11673
141 100 3355
141 101 41987
141 102 42856
141 103 53236
141 104 11667
141 105 28726
141 106 28213
141 107 39149
141 108 42438
141 109 42428
141 110 39137
141 111 36918
141 112 22927
141 113 266
141 114 18469
141 115 22571
141 116 45279
141 117 16779
141 118 8543
141 119 742
141 120 54769
141 121 52413
141 122 47575
141 123 33778
141 124 29656
141 125 13153
141 126 48607
141 127 34323
141 128 51236
141 129 54863
141 130 43042
141 131 52171
141 132 37509
141 133 30605
141 134 44517
141 135 62707
141 136 70610
141 137 20217
141 138 37155
141 139 44703
141 140 262
141 142 8647
141 143 38204
141 144 14717
141 145 23089
141 146 30149
141 147 17129
141 148 35955
141 149 34869
141 150 47051
141 151 9239
141 152 23716
141 153 27335
141 154 34199
141 155 38798
141 156 31712
141 157 48059
141 158 48854
141 159 35141
141 160 49733
141 161 54144
141 162 39571
141 163 49797
141 164 53177
141 165 48416
141 166 17131
141 167 32064
141 168 32728
141 169 53220
141 170 46741
141 171 25802
141 172 11790
141 173 6713
141 174 18303
141 175 42118
141 176 37378
141 177 44135
141 178 18700
141 179 38460
141 180 29738
141 181 44829
141 182 29241
141 183 15821
141 184 41678
141 185 51682
141 186 40368
141 187 44879
141 188 53006
141 189 43089
141 190 32504
141 191 -3611
141 192 276
141 193 1236
141 194 28727
141 195 36536
141 196 43114
141 197 34637
141 198 31807
141 199 18222
141 200 23695
142 1 40664
142 2 13270
142 3 45642
142 4 30021
142 5 14082
142 6 20143
142 7 38248
142 8 31823
142 9 51484
142 10 46486
142 11 48236
142 12 34343
142 13 12991
142 14 -2460
142 15 -226
142 16 6461
142 17 19049
142 18 25999
142 19 43011
142 20 56152
142 21 23173
142 22 20431
142 23 19211
142 24 44604
142 25 39761
142 26 27596
142 27 30377
142 28 32258
142 29 47547
142 30 46724
142 31 36454
142 32 50892
142 33 49007
142 34 52924
142 35 63148
142 36 44857
142 37 7783
142 38 4944
142 39 25997
142 40 21735
142 41 15803
142 42 80
142 43 -3331
142 44 4759
142 45 23792
142 46 32500
142 47 38468
142 48 31130
142 49 47131
142 50 41700
142 51 51033
142 52 31999
142 53 25520
142 54 34429
142 55 41970
142 56 28170
142 57 7820
142 58 19065
142 59 7727
142 60 23671
142 61 12022
142 62 42412
142 63 54183
142 64 46026
142 65 59358
142 66 51690
142 67 26358
142 68 37635
142 69 38858
142 70 46554
142 71 60206
142 72 19881
142 73 20714
142 74 22177
142 75 21140
142 76 39347
142 77 42162
142 78 53496
142 79 46101
142 80 42356
142 81 47432
142 82 31953
142 83 24036
142 84 18910
142 85 3069
142 86 4250
142 87 3210
142 88 39822
142 89 22397
142 90 54401
142 91 8872
142 92 11575
142 93 9145
142 94 13275
142 95 10321
142 96 14991
142 97 8668
142 98 8456
142 99 14250
142 100 3837
142 101 42727
142 102 40418
142 103 52470
142 104 14244
142 105 23616
142 106 33260
142 107 45770
142 108 45732
142 109 36085
142 110 29895
142 111 34361
142 112 21286
142 113 12764
142 114 26631
142 115 12707
142 116 40746
142 117 13069
142 118 14424
142 119 4286
142 120 52399
142 121 46726
142 122 47828
142 123 40596
142 124 38565
142 125 23245
142 126 53158
142 127 36482
142 128 52426
142 129 50761
142 130 34730
142 131 54710
142 132 37010
142 133 18931
142 134 37207
142 135 60288
142 136 68782
142 137 13935
142 138 32453
142 139 33990
142 140 4671
142 141 5183
142 143 47260
142 144 4913
142 145 11256
142 146 30052
142 147 18277
142 148 40279
142 149 27759
142 150 41095
142 151 8281
142 152 18134
142 153 32252
142 154 29497
142 155 29138
142 156 29944
142 157 45609
142 158 44649
142 159 39451
142 160 51414
142 161 53010
142 162 40693
142 163 42791
142 164 49942
142 165 39271
142 166 21177
142 167 32652
142 168 41254
142 169 48583
142 170 35838
142 171 14763
142 172 1129
142 173 16259
142 174 27977
142 175 48748
142 176 36111
142 177 37648
142 178 8912
142 179 30393
142 180 22736
142 181 48956
142 182 34306
142 183 15468
142 184 37262
142 185 48377
142 186 28815
142 187 34158
142 188 53347
142 189 46469
142 190 34916
142 191 5791
142 192 1656
142 193 5207
142 194 33833
142 195 29705
142 196 38956
142 197 24015
142 198 22752
142 199 26538
142 200 21542
143 1 35835
143 2 53376
143 3 50335
143 4 61184
143 5 28641
143 6 39193
143 7 18754
143 8 18625
143 9 41179
143 10 21000
143 11 8260
143 12 49590
143 13 41823
143 14 46458
143 15 53556
143 16 35878
143 17 27437
143 18 24284
143 19 3422
143 20 36156
143 21 56637
143 22 63632
143 23 62182
143 24 60639
143 25 69043
143 26 48853
143 27 35690
143 28 43657
143 29 56915
143 30 28464
143 31 21916
143 32 20668
143 33 45682
143 34 50659
143 35 51954
143 36 -3631
143 37 44220
143 38 47181
143 39 62636
143 40 49930
143 41 62546
143 42 51836
143 43 52989
143 44 44348
143 45 18046
143 46 6294
143 47 -790
143 48 2797
143 49 -8654
143 50 41788
143 51 39870
143 52 28872
143 53 45086
143 54 56405
143 55 69032
143 56 66875
143 57 55232
143 58 46174
143 59 36808
143 60 31651
143 61 35987
143 62 14243
143 63 17440
143 64 -4841
143 65 39273
143 66 27659
143 67 65673
143 68 48980
143 69 34782
143 70 30836
143 71 44096
143 72 56979
143 73 57746
143 74 62435
143 75 62006
143 76 46019
143 77 48588
143 78 52767
143 79 48162
143 80 55858
143 81 42816
143 82 14193
143 83 24603
143 84 29192
143 85 33486
143 86 31473
143 87 44010
143 88 21712
143 89 32707
143 90 22703
143 91 44153
143 92 44843
143 93 36886
143 94 38099
143 95 40482
143 96 38681
143 97 44387
143 98 42498
143 99 39072
143 100 43095
143 101 31959
143 102 38895
143 103 37204
143 104 39066
143 105 44825
143 106 19605
143 107 4661
143 108 18856
143 109 53787
143 110 60910
143 111 40484
143 112 38351
143 113 29832
143 114 16476
143 115 53692
143 116 49231
143 117 45281
143 118 24321
143 119 47366
143 120 44744
143 121 55814
143 122 34006
143 123 6369
143 124 6968
143 125 18017
143 126 17209
143 127 27113
143 128 29446
143 129 53085
143 130 58648
143 131 25967
143 132 34788
143 133 61732
143 134 55074
143 135 50290
143 136 54575
143 137 47586
143 138 47204
143 139 68580
143 140 46179
143 141 39410
143 142 51930
143 144 49626
143 145 57068
143 146 35833
143 147 33652
143 148 17034
143 149 51389
143 150 54597
143 151 41549
143 152 45243
143 153 22091
143 154 44248
143 155 60301
143 156 44148
143 157 43330
143 158 49342
143 159 11784
143 160 27336
143 161 38359
143 162 30065
143 163 58723
143 164 45000
143 165 65582
143 166 27426
143 167 31005
143 168 2659
143 169 51884
143 170 69534
143 171 55771
143 172 50452
143 173 32165
143 174 13225
143 175 6600
143 176 35177
143 177 54341
143 178 50284
143 179 55947
143 180 49273
143 181 10839
143 182 11542
143 183 36638
143 184 46537
143 185 47802
143 186 68733
143 187 68500
143 188 33654
143 189 20983
143 190 22569
143 191 41907
143 192 45435
143 193 41236
143 194 18460
143 195 50877
143 196 46083
143 197 61115
143 198 54408
143 199 24053
143 200 34614
144 1 32570
144 2 3003
144 3 35898
144 4 20076
144 5 14414
144 6 15558
144 7 34637
144 8 31447
144 9 42497
144 10 40682
144 11 44217
144 12 24339
144 13 5498
144 14 7351
144 15 -522
144 16 12211
144 17 22592
144 18 22908
144 19 40086
144 20 48346
144 21 12984
144 22 12242
144 23 11771
144 24 34309
144 25 29994
144 26 17568
144 27 22766
144 28 23254
144 29 37364
144 30 39334
144 31 30294
144 32 44485
144 33 39771
144 34 43139
144 35 53853
144 36 44369
144 37 8913
144 38 15107
144 39 17096
144 40 11670
144 41 9012
144 42 3182
144 43 3281
144 44 13015
144 45 25269
144 46 33293
144 47 37196
144 48 29094
144 49 45404
144 50 32713
144 51 42474
144 52 26618
144 53 16583
144 54 24137
144 55 31960
144 56 19303
144 57 246
144 58 9663
144 59 6455
144 60 22362
144 61 15504
144 62 37735
144 63 48962
144 64 42547
144 65 50580
144 66 43781
144 67 18415
144 68 27566
144 69 31304
144 70 39444
144 71 51423
144 72 10227
144 73 10814
144 74 13123
144 75 12538
144 76 29841
144 77 32430
144 78 43766
144 79 36394
144 80 32211
144 81 38151
144 82 29811
144 83 23346
144 84 20490
144 85 5721
144 86 11635
144 87 -3814
144 88 34741
144 89 17298
144 90 48540
144 91 13579
144 92 10163
144 93 9827
144 94 8204
144 95 6057
144 96 12384
144 97 4773
144 98 9806
144 99 13085
144 100 7662
144 101 35439
144 102 31357
144 103 43916
144 104 13079
144 105 14058
144 106 29502
144 107 42348
144 108 39790
144 109 25909
144 110 19782
144 111 25554
144 112 14149
144 113 17758
144 114 25839
144 115 2635
144 116 30964
144 117 7295
144 118 13283
144 119 12859
144 120 43173
144 121 36585
144 122 40031
144 123 37603
144 124 37645
144 125 24467
144 126 47933
144 127 30431
144 128 44928
144 129 41001
144 130 24474
144 131 48031
144 132 29214
144 133 10694
144 134 26913
144 135 50970
144 136 59645
144 137 4936
144 138 22798
144 139 24662
144 140 14750
144 141 12245
144 142 5905
144 143 45948
144 145 3552
144 146 23119
144 147 13636
144 148 35413
144 149 17513
144 150 30950
144 151 6869
144 152 8732
144 153 28573
144 154 19842
144 155 19193
144 156 22346
144 157 36514
144 158 34905
144 159 34378
144 160 44250
144 161 44251
144 162 33715
144 163 32506
144 164 40374
144 165 29189
144 166 18024
144 167 25751
144 168 39780
144 169 38648
144 170 26675
144 171 5710
144 172 -230
144 173 18690
144 174 28365
144 175 45295
144 176 27822
144 177 27432
144 178 -1221
144 179 20104
144 180 12562
144 181 43211
144 182 30127
144 183 10381
144 184 27553
144 185 38891
144 186 20330
144 187 24839
144 188 45365
144 189 40665
144 190 28916
144 191 12500
144 192 9478
144 193 9471
144 194 30038
144 195 19477
144 196 29298
144 197 14587
144 198 12571
144 199 26333
144 200 13505
145 1 35886
145 2 5680
145 3 35331
145 4 13449
145 5 24442
145 6 24160
145 7 42519
145 8 40970
145 9 43517
145 10 46486
145 11 51416
145 12 23368
145 13 12991
145 14 15540
145 15 -226
145 16 22271
145 17 32883
145 18 31493
145 19 48114
145 20 51470
145 21 8835
145 22 2431
145 23 1608
145 24 30067
145 25 22496
145 26 17236
145 27 27536
145 28 25731
145 29 34555
145 30 43246
145 31 36035
145 32 49389
145 33 40477
145 34 41959
145 35 53953
145 36 53570
145 37 19204
145 38 22547
145 39 8041
145 40 12561
145 41 -1167
145 42 11607
145 43 6853
145 44 22273
145 45 35305
145 46 43053
145 47 46137
145 48 37771
145 49 53954
145 50 34333
145 51 44494
145 52 33572
145 53 20214
145 54 19896
145 55 25299
145 56 10250
145 57 3920
145 58 13412
145 59 16531
145 60 31898
145 61 25793
145 62 44607
145 63 55087
145 64 49927
145 65 51647
145 66 46537
145 67 8530
145 68 25797
145 69 35601
145 70 43894
145 71 52671
145 72 3198
145 73 5274
145 74 4614
145 75 3172
145 76 30352
145 77 32042
145 78 42909
145 79 35804
145 80 30058
145 81 38645
145 82 38572
145 83 32940
145 84 30651
145 85 16011
145 86 21365
145 87 6181
145 88 41491
145 89 25080
145 90 54089
145 91 23687
145 92 20342
145 93 20066
145 94 16956
145 95 15560
145 96 22004
145 97 14767
145 98 20101
145 99 23058
145 100 17765
145 101 39831
145 102 32670
145 103 45747
145 104 23052
145 105 16055
145 106 37406
145 107 50004
145 108 45391
145 109 23904
145 110 14221
145 111 28063
145 112 20529
145 113 27994
145 114 35258
145 115 3260
145 116 30520
145 117 16443
145 118 22907
145 119 21915
145 120 43663
145 121 34124
145 122 43446
145 123 45657
145 124 46801
145 125 34461
145 126 54076
145 127 36482
145 128 48468
145 129 40208
145 130 19506
145 131 52613
145 132 33212
145 133 931
145 134 22894
145 135 51056
145 136 60055
145 137 11548
145 138 23508
145 139 16278
145 140 22413
145 141 21978
145 142 13609
145 143 54751
145 144 4913
145 146 28869
145 147 21993
145 148 42229
145 149 15434
145 150 28797
145 151 17048
145 152 12481
145 153 36609
145 154 20552
145 155 12566
145 156 27850
145 157 37688
145 158 34338
145 159 40892
145 160 48288
145 161 45629
145 162 38564
145 163 28741
145 164 39898
145 165 22873
145 166 26800
145 167 31121
145 168 48633
145 169 37099
145 170 17956
145 171 -2601
145 172 8640
145 173 28955
145 174 38097
145 175 52910
145 176 30984
145 177 24875
145 178 891
145 179 16123
145 180 12025
145 181 48686
145 182 37533
145 183 18843
145 184 27490
145 185 38960
145 186 10815
145 187 16426
145 188 48175
145 189 46469
145 190 34916
145 191 22282
145 192 18776
145 193 19609
145 194 37881
145 195 17302
145 196 29269
145 197 6670
145 198 7810
145 199 36024
145 200 18207
146 1 10289
146 2 19822
146 3 20617
146 4 24414
146 5 12436
146 6 11149
146 7 14515
146 8 19399
146 9 22164
146 10 16777
146 11 21863
146 12 14494
146 13 9640
146 14 25155
146 15 23537
146 16 20664
146 17 21897
146 18 8024
146 19 19671
146 20 25213
146 21 20195
146 22 28211
146 23 25894
146 24 27240
146 25 32718
146 26 12166
146 27 433
146 28 7877
146 29 26087
146 30 15708
146 31 6318
146 32 20404
146 33 20903
146 34 26662
146 35 34405
146 36 27989
146 37 20205
146 38 31598
146 39 25843
146 40 13653
146 41 28116
146 42 24634
146 43 26497
146 44 26639
146 45 18046
146 46 21336
146 47 20077
146 48 11397
146 49 26172
146 50 13478
146 51 20958
146 52 4861
146 53 8553
146 54 20649
146 55 32890
146 56 30313
146 57 23640
146 58 10734
146 59 12328
146 60 15151
146 61 20379
146 62 14934
146 63 25293
146 64 20387
146 65 29224
146 66 20761
146 67 28882
146 68 16182
146 69 7981
146 70 15571
146 71 30230
146 72 20657
146 73 21732
146 74 26528
146 75 25879
146 76 14089
146 77 17573
146 78 27276
146 79 20327
146 80 22235
146 81 19285
146 82 13258
146 83 14254
146 84 18123
146 85 13414
146 86 20462
146 87 13958
146 88 11843
146 89 4113
146 90 24548
146 91 24304
146 92 19256
146 93 15345
146 94 8971
146 95 12314
146 96 13582
146 97 16276
146 98 19480
146 99 15911
146 100 20532
146 101 11711
146 102 12131
146 103 22220
146 104 15905
146 105 8072
146 106 9861
146 107 20921
146 108 15801
146 109 18365
146 110 24115
146 111 7116
146 112 4191
146 113 21246
146 114 13613
146 115 19897
146 116 17005
146 117 15514
146 118 7234
146 119 27944
146 120 23800
146 121 24866
146 122 16941
146 123 17414
146 124 21894
146 125 16960
146 126 24276
146 127 6651
146 128 21411
146 129 25237
146 130 22647
146 131 23993
146 132 6418
146 133 26133
146 134 20680
146 135 31700
146 136 39499
146 137 14656
146 138 11399
146 139 31787
146 140 30817
146 141 23258
146 142 26625
146 143 27736
146 144 18700
146 145 23089
146 147 5815
146 148 12566
146 149 14725
146 150 20974
146 151 15962
146 152 9803
146 153 9782
146 154 8443
146 155 23531
146 156 8210
146 157 17298
146 158 19624
146 159 11078
146 160 20439
146 161 23062
146 162 9738
146 163 25035
146 164 22558
146 165 29488
146 166 6579
146 167 1695
146 168 22316
146 169 24002
146 170 32863
146 171 20204
146 172 21981
146 173 19375
146 174 17448
146 175 23755
146 176 6330
146 177 19568
146 178 16875
146 179 19361
146 180 12562
146 181 19217
146 182 8499
146 183 7483
146 184 13565
146 185 21374
146 186 32216
146 187 31717
146 188 22493
146 189 16760
146 190 5096
146 191 24121
146 192 24677
146 193 20523
146 194 10046
146 195 14602
146 196 14328
146 197 24587
146 198 17680
146 199 17152
146 200 -2111
147 1 20180
147 2 15646
147 3 29543
147 4 26892
147 5 3399
147 6 1747
147 7 16918
147 8 15639
147 9 32056
147 10 24125
147 11 26604
147 12 21234
147 13 4100
147 14 15706
147 15 16937
147 16 10804
147 17 13537
147 18 5416
147 19 22384
147 20 34732
147 21 20497
147 22 26163
147 23 25206
147 24 34110
147 25 36400
147 26 16455
147 27 10077
147 28 15420
147 29 34209
147 30 25001
147 31 14161
147 32 28582
147 33 30614
147 34 36129
147 35 44274
147 36 27604
147 37 10733
147 38 21782
147 39 27257
147 40 14081
147 41 24822
147 42 16499
147 43 18458
147 44 16793
147 45 11952
147 46 18033
147 47 20077
147 48 11699
147 49 27929
147 50 23105
147 51 30847
147 52 9638
147 53 11161
147 54 25863
147 55 37055
147 56 30517
147 57 17830
147 58 9663
147 59 2671
147 60 7586
147 61 10643
147 62 20337
147 63 31933
147 64 24856
147 65 39067
147 66 30256
147 67 30017
147 68 23962
147 69 17756
147 70 24684
147 71 40108
147 72 20401
147 73 20879
147 74 25318
147 75 25012
147 76 22826
147 77 26278
147 78 36679
147 79 29533
147 80 29553
147 81 29028
147 82 12498
147 83 8226
147 84 9687
147 85 3523
147 86 10701
147 87 6898
147 88 17550
147 89 64
147 90 32041
147 91 14456
147 92 9973
147 93 5457
147 94 654
147 95 3761
147 96 3793
147 97 7963
147 98 9806
147 99 6029
147 100 10945
147 101 21107
147 102 21819
147 103 32073
147 104 6023
147 105 11163
147 106 11784
147 107 24635
147 108 23373
147 109 24503
147 110 26173
147 111 16153
147 112 3120
147 113 12022
147 114 9790
147 115 15968
147 116 25365
147 117 7971
147 118 -859
147 119 18214
147 120 33630
147 121 33044
147 122 26582
147 123 19902
147 124 20848
147 125 10914
147 126 30904
147 127 14194
147 128 30685
147 129 34397
147 130 27388
147 131 32476
147 132 16303
147 133 24345
147 134 27080
147 135 41551
147 136 49398
147 137 9863
147 138 18022
147 139 33675
147 140 20981
147 141 13358
147 142 17970
147 143 28675
147 144 12337
147 145 19333
147 146 8935
147 148 18102
147 149 18654
147 150 28292
147 151 6679
147 152 8732
147 153 10853
147 154 15066
147 155 26009
147 156 11357
147 157 27009
147 158 28550
147 159 17216
147 160 29441
147 161 32947
147 162 18840
147 163 31891
147 164 32226
147 165 33802
147 166 834
147 167 11018
147 168 22559
147 169 32992
147 170 35438
147 171 18438
147 172 14324
147 173 10228
147 174 13225
147 175 27585
147 176 16188
147 177 26098
147 178 12548
147 179 23166
147 180 14507
147 181 26610
147 182 12507
147 183 -1017
147 184 21786
147 185 30865
147 186 32216
147 187 33749
147 188 32103
147 189 24108
147 190 12598
147 191 14238
147 192 15036
147 193 10722
147 194 12325
147 195 19557
147 196 22950
147 197 24819
147 198 19092
147 199 11445
147 200 3329
148 1 13923
148 2 36912
148 3 28470
148 4 40679
148 5 20127
148 6 24747
148 7 5307
148 8 16247
148 9 21433
148 10 2753
148 11 4407
148 12 28071
148 13 25912
148 14 37638
148 15 39727
148 16 29674
148 17 25453
148 18 11793
148 19 3832
148 20 18505
148 21 37484
148 22 45675
148 23 43155
148 24 38719
148 25 47790
148 26 28371
148 27 15299
148 28 22740
148 29 35057
148 30 9047
148 31 -12
148 32 7459
148 33 24365
148 34 29988
148 35 33239
148 36 14906
148 37 33088
148 38 42033
148 39 42390
148 40 31069
148 41 45512
148 42 39486
148 43 41427
148 44 37313
148 45 17522
148 46 14057
148 47 7695
148 48 744
148 49 10245
148 50 19887
148 51 19650
148 52 10624
148 53 25952
148 54 34954
148 55 47683
148 56 47421
148 57 40206
148 58 28149
148 59 24984
148 60 21812
148 61 28994
148 62 -2520
148 63 9021
148 64 2924
148 65 23855
148 66 12748
148 67 45386
148 68 27068
148 69 12969
148 70 9893
148 71 26482
148 72 37975
148 73 39157
148 74 43955
148 75 43242
148 76 24121
148 77 26658
148 78 31621
148 79 26513
148 80 33999
148 81 21843
148 82 7276
148 83 17238
148 84 23436
148 85 24274
148 86 28006
148 87 29701
148 88 687
148 89 16927
148 90 9946
148 91 35418
148 92 32669
148 93 26607
148 94 23573
148 95 26761
148 96 26122
148 97 30963
148 98 31801
148 99 27647
148 100 32949
148 101 10152
148 102 17147
148 103 18664
148 104 27641
148 105 25185
148 106 5204
148 107 3933
148 108 1999
148 109 32312
148 110 40744
148 111 18941
148 112 20890
148 113 26888
148 114 11774
148 115 37074
148 116 27319
148 117 30813
148 118 14488
148 119 39423
148 120 24539
148 121 33933
148 122 13467
148 123 2551
148 124 11862
148 125 16699
148 126 8001
148 127 6033
148 128 12961
148 129 31457
148 130 37289
148 131 12018
148 132 13009
148 133 43590
148 134 33256
148 135 31136
148 136 36857
148 137 31390
148 138 26082
148 139 48160
148 140 41103
148 141 32998
148 142 40786
148 143 12871
148 144 34928
148 145 40383
148 146 16500
148 147 18916
148 149 30777
148 150 32738
148 151 29375
148 152 27218
148 153 8022
148 154 23126
148 155 39796
148 156 25583
148 157 21698
148 158 27477
148 159 -5680
148 160 10880
148 161 19972
148 162 8139
148 163 36829
148 164 24626
148 165 44217
148 166 14593
148 167 10197
148 168 9746
148 169 30337
148 170 48644
148 171 37666
148 172 37310
148 173 26082
148 174 13763
148 175 6642
148 176 13286
148 177 32651
148 178 33942
148 179 35130
148 180 29665
148 181 4043
148 182 -5100
148 183 21840
148 184 24692
148 185 26293
148 186 49350
148 187 47990
148 188 16203
148 189 2736
148 190 987
148 191 34551
148 192 36647
148 193 32019
148 194 3895
148 195 29832
148 196 24162
148 197 41757
148 198 34646
148 199 18528
148 200 15250
149 1 18971
149 2 14647
149 3 15232
149 4 5211
149 5 26262
149 6 22834
149 7 33845
149 8 37891
149 9 23776
149 10 32397
149 11 39627
149 12 3335
149 13 13746
149 14 29130
149 15 18684
149 16 30428
149 17 36483
149 18 26445
149 19 38619
149 20 33265
149 21 5717
149 22 14679
149 23 8887
149 24 12383
149 25 13427
149 26 -39
149 27 14963
149 28 10059
149 29 15207
149 30 26221
149 31 22691
149 32 33266
149 33 20720
149 34 21894
149 35 33870
149 36 47405
149 37 26853
149 38 36946
149 39 6946
149 40 6072
149 41 16430
149 42 25318
149 43 24744
149 44 33549
149 45 35201
149 46 40175
149 47 39492
149 48 30813
149 49 45223
149 50 15504
149 51 25480
149 52 24265
149 53 10521
149 54 2778
149 55 13815
149 56 12871
149 57 19267
149 58 9299
149 59 21022
149 60 30915
149 61 31601
149 62 32737
149 63 40944
149 64 37834
149 65 31770
149 66 27759
149 67 9920
149 68 5783
149 69 20501
149 70 27934
149 71 32942
149 72 5240
149 73 8377
149 74 12131
149 75 10151
149 76 10862
149 77 12006
149 78 22791
149 79 15688
149 80 10194
149 81 18752
149 82 32549
149 83 31314
149 84 32772
149 85 22627
149 86 30584
149 87 14941
149 88 30083
149 89 19989
149 90 39074
149 91 32260
149 92 26216
149 93 25092
149 94 17578
149 95 19106
149 96 23981
149 97 21005
149 98 27109
149 99 26290
149 100 26916
149 101 24184
149 102 13432
149 103 26426
149 104 26284
149 105 4276
149 106 29275
149 107 39374
149 108 30792
149 109 3887
149 110 5558
149 111 11236
149 112 14584
149 113 33937
149 114 32015
149 115 13523
149 116 10506
149 117 20338
149 118 22480
149 119 33821
149 120 23720
149 121 14515
149 122 25964
149 123 36517
149 124 41247
149 125 34142
149 126 40025
149 127 24338
149 128 30647
149 129 20084
149 130 4061
149 131 36029
149 132 17789
149 133 12042
149 134 4994
149 135 30977
149 136 40018
149 137 14744
149 138 5414
149 139 12691
149 140 36480
149 141 31705
149 142 28059
149 143 47019
149 144 16821
149 145 13381
149 146 18452
149 147 19261
149 148 30570
149 150 8933
149 151 22922
149 152 8368
149 153 29158
149 154 2458
149 155 4328
149 156 19266
149 157 18294
149 158 14239
149 159 28210
149 160 31112
149 161 26005
149 162 23789
149 163 10422
149 164 19774
149 165 10507
149 166 23337
149 167 18528
149 168 41725
149 169 17094
149 170 13465
149 171 7092
149 172 21925
149 173 32668
149 174 35788
149 175 42108
149 176 14241
149 177 5251
149 178 11372
149 179 -21
149 180 918
149 181 33125
149 182 27363
149 183 17844
149 184 7703
149 185 18966
149 186 14789
149 187 12531
149 188 29619
149 189 32380
149 190 22341
149 191 32032
149 192 30292
149 193 28153
149 194 29434
149 195 -2695
149 196 9411
149 197 7740
149 198 597
149 199 34490
149 200 7654
150 1 16044
150 2 26618
150 3 4909
150 4 11610
150 5 34794
150 6 31527
150 7 36511
150 8 43428
150 9 14041
150 10 30395
150 11 38834
150 12 2380
150 13 24134
150 14 40632
150 15 30709
150 16 40636
150 17 44915
150 18 32107
150 19 39663
150 20 26227
150 21 17421
150 22 25586
150 23 16861
150 24 3218
150 25 13874
150 26 9393
150 27 18484
150 28 13657
150 29 3381
150 30 21254
150 31 22435
150 32 28529
150 33 11502
150 34 10113
150 35 22807
150 36 50063
150 37 37545
150 38 48389
150 39 12264
150 40 17528
150 41 27696
150 42 37082
150 43 36770
150 44 44526
150 45 42037
150 46 45124
150 47 42290
150 48 33916
150 49 46053
150 50 9932
150 51 17599
150 52 28072
150 53 19044
150 54 1785
150 55 13656
150 56 21287
150 57 31295
150 58 19958
150 59 31063
150 60 38455
150 61 41259
150 62 32593
150 63 38065
150 64 36038
150 65 21256
150 66 19422
150 67 13925
150 68 -5818
150 69 20018
150 70 24721
150 71 22958
150 72 16045
150 73 19996
150 74 22998
150 75 20048
150 76 5428
150 77 2903
150 78 11307
150 79 4801
150 80 -1848
150 81 8855
150 82 36672
150 83 38143
150 84 41049
150 85 32789
150 86 40824
150 87 26418
150 88 31066
150 89 26969
150 90 35581
150 91 42832
150 92 36695
150 93 34989
150 94 27178
150 95 29376
150 96 33402
150 97 31849
150 98 37587
150 99 35862
150 100 37778
150 101 21990
150 102 6300
150 103 17499
150 104 35856
150 105 13494
150 106 32661
150 107 39491
150 108 28134
150 109 3141
150 110 14705
150 111 11478
150 112 22615
150 113 43225
150 114 37672
150 115 25552
150 116 2562
150 117 30953
150 118 30284
150 119 44986
150 120 13423
150 121 2526
150 122 20763
150 123 38052
150 124 44888
150 125 40950
150 126 37298
150 127 25662
150 128 24024
150 129 8903
150 130 4209
150 131 30795
150 132 17323
150 133 22723
150 134 -2531
150 135 19964
150 136 29117
150 137 25958
150 138 8978
150 139 17866
150 140 47861
150 141 42305
150 142 39813
150 143 48645
150 144 28676
150 145 25162
150 146 23119
150 147 27317
150 148 30949
150 149 7351
150 151 33401
150 152 19027
150 153 33155
150 154 6022
150 155 10727
150 156 26306
150 157 10521
150 158 3916
150 159 27399
150 160 25400
150 161 16367
150 162 22608
150 163 1095
150 164 8453
150 165 10265
150 166 30191
150 167 20638
150 168 44410
150 169 5211
150 170 15741
150 171 18401
150 172 33717
150 173 41559
150 174 41496
150 175 42034
150 176 12421
150 177 -807
150 178 23378
150 179 7212
150 180 12562
150 181 28528
150 182 28871
150 183 26869
150 184 2245
150 185 8917
150 186 22889
150 187 17200
150 188 21970
150 189 30378
150 190 22985
150 191 42721
150 192 41456
150 193 38774
150 194 32521
150 195 3697
150 196 2164
150 197 17391
150 198 11486
150 199 41138
150 200 13984
151 1 29850
151 2 11546
151 3 37071
151 4 27642
151 5 3831
151 6 8291
151 7 26307
151 8 21225
151 9 41348
151 10 34515
151 11 36273
151 12 26926
151 13 4042
151 14 5432
151 15 8266
151 16 3761
151 17 12225
151 18 14093
151 19 31291
151 20 44909
151 21 20260
151 22 22373
151 23 21966
151 24 38920
151 25 37685
151 26 20707
151 27 19475
151 28 22864
151 29 40466
151 30 35284
151 31 24601
151 32 39019
151 33 39344
151 34 44191
151 35 53359
151 36 34311
151 37 561
151 38 12223
151 39 26240
151 40 15776
151 41 19590
151 42 6672
151 43 8415
151 44 7590
151 45 14654
151 46 22817
151 47 27436
151 48 19696
151 49 35926
151 50 31833
151 51 40463
151 52 20045
151 53 16612
151 54 29416
151 55 39016
151 56 28681
151 57 10782
151 58 11693
151 59 -4037
151 60 12340
151 61 5577
151 62 30374
151 63 42144
151 64 34202
151 65 48816
151 66 40454
151 67 28191
151 68 30195
151 69 27702
151 70 35013
151 71 49743
151 72 18908
151 73 19233
151 74 22630
151 75 22277
151 76 30427
151 77 33638
151 78 44700
151 79 37356
151 80 35314
151 81 37793
151 82 20432
151 83 13143
151 84 9864
151 85 -3931
151 86 3901
151 87 -209
151 88 27790
151 89 10503
151 90 42421
151 91 5671
151 92 -467
151 93 -701
151 94 1958
151 95 -633
151 96 2962
151 97 125
151 98 438
151 99 2691
151 100 950
151 101 31324
151 102 30592
151 103 41818
151 104 2685
151 105 15728
151 106 21280
151 107 33923
151 108 33779
151 109 29437
151 110 26959
151 111 24504
151 112 10574
151 113 8095
151 114 15750
151 115 11784
151 116 32416
151 117 3850
151 118 3162
151 119 8470
151 120 42609
151 121 39437
151 122 36661
151 123 28842
151 124 27705
151 125 13872
151 126 41119
151 127 24634
151 128 40987
151 129 42130
151 130 30357
151 131 42915
151 132 26042
151 133 20764
151 134 31588
151 135 50561
151 136 58730
151 137 7656
151 138 24218
151 139 33318
151 140 11524
151 141 5145
151 142 7651
151 143 36249
151 144 5247
151 145 14065
151 146 18759
151 147 6356
151 148 28238
151 149 21992
151 150 34053
151 152 10762
151 153 20274
151 154 21262
151 155 26759
151 156 19390
151 157 35801
151 158 36078
151 159 27413
151 160 39818
151 161 42552
151 162 29149
151 163 36829
151 164 40723
151 165 35997
151 166 9213
151 167 21193
151 168 30116
151 169 40388
151 170 35382
151 171 15338
151 172 5147
151 173 8198
151 174 17937
151 175 36897
151 176 25538
151 177 31145
151 178 7998
151 179 25772
151 180 16911
151 181 36948
151 182 22294
151 183 3883
151 184 28824
151 185 39157
151 186 29991
151 187 33478
151 188 42212
151 189 34498
151 190 23036
151 191 5569
151 192 5075
151 193 1619
151 194 21852
151 195 23597
151 196 30321
151 197 23449
151 198 19616
151 199 15995
151 200 11274
152 1 20372
152 2 6673
152 3 23717
152 4 14506
152 5 14579
152 6 11452
152 7 27080
152 8 28102
152 9 29968
152 10 30207
152 11 35381
152 12 12698
152 13 1581
152 14 17941
152 15 11318
152 16 18278
152 17 24694
152 18 17242
152 19 32614
152 20 36169
152 21 7990
152 22 14789
152 23 13165
152 24 24362
152 25 24253
152 26 6204
152 27 11307
152 28 10740
152 29 26196
152 30 27470
152 31 19756
152 32 33266
152 33 27269
152 34 31000
152 35 41379
152 36 39452
152 37 14821
152 38 25624
152 39 14731
152 40 1651
152 41 14515
152 42 14913
152 43 15809
152 44 21720
152 45 24338
152 46 30512
152 47 31703
152 48 23088
152 49 38837
152 50 20185
152 51 30003
152 52 17693
152 53 4218
152 54 14936
152 55 25170
152 56 18131
152 57 11200
152 58 -2867
152 59 8860
152 60 19956
152 61 19462
152 62 28494
152 63 38811
152 64 33912
152 65 38054
152 66 31513
152 67 17530
152 68 16036
152 69 19571
152 70 27868
152 71 38899
152 72 8064
152 73 8714
152 74 13399
152 75 12971
152 76 17442
152 77 20237
152 78 31565
152 79 24170
152 80 20977
152 81 25664
152 82 24168
152 83 20740
152 84 21146
152 85 10465
152 86 18447
152 87 3894
152 88 25382
152 89 10356
152 90 37834
152 91 20191
152 92 14093
152 93 12938
152 94 5605
152 95 6941
152 96 11998
152 97 9046
152 98 14996
152 99 14219
152 100 14991
152 101 23802
152 102 18828
152 103 31435
152 104 14213
152 105 1687
152 106 22067
152 107 34212
152 108 29125
152 109 14948
152 110 13753
152 111 13073
152 112 4930
152 113 21848
152 114 22233
152 115 6552
152 116 18837
152 117 8238
152 118 11327
152 119 22162
152 120 30674
152 121 25245
152 122 27925
152 123 30223
152 124 32809
152 125 23325
152 126 37801
152 127 20235
152 128 32921
152 129 28836
152 130 16034
152 131 36591
152 132 17298
152 133 12799
152 134 17028
152 135 38503
152 136 47134
152 137 3313
152 138 10526
152 139 21157
152 140 25071
152 141 19659
152 142 17541
152 143 39980
152 144 7147
152 145 9535
152 146 12637
152 147 8446
152 148 26118
152 149 7475
152 150 19716
152 151 10799
152 153 21459
152 154 7570
152 155 13623
152 156 11655
152 157 23988
152 158 22724
152 159 24679
152 160 32479
152 161 31731
152 162 22389
152 163 22284
152 164 28032
152 165 22024
152 166 13205
152 167 14844
152 168 34076
152 169 26740
152 170 22972
152 171 6832
152 172 11699
152 173 20748
152 174 25745
152 175 37085
152 176 15544
152 177 16647
152 178 3730
152 179 11507
152 180 2533
152 181 32452
152 182 21708
152 183 6261
152 184 15336
152 185 26489
152 186 19898
152 187 21240
152 188 33091
152 189 30190
152 190 18655
152 191 20021
152 192 18632
152 193 16101
152 194 22460
152 195 9037
152 196 17025
152 197 12391
152 198 6597
152 199 23960
152 200 1944
153 1 17231
153 2 28923
153 3 30847
153 4 36783
153 5 9356
153 6 15271
153 7 3335
153 8 8218
153 9 28181
153 10 13175
153 11 13252
153 12 26731
153 13 17430
153 14 27051
153 15 30478
153 16 18908
153 17 15369
153 18 1081
153 19 8807
153 20 27385
153 21 31828
153 22 38869
153 23 37343
153 24 39120
153 25 45245
153 26 24657
153 27 12137
153 28 20198
153 29 37052
153 30 17443
153 31 5487
153 32 18039
153 33 28962
153 34 35110
153 35 40464
153 36 15576
153 37 22753
153 38 31262
153 39 38034
153 40 25114
153 41 38007
153 42 29610
153 43 31437
153 44 26562
153 45 8580
153 46 9250
153 47 7695
153 48 -995
153 49 14682
153 50 22555
153 51 26334
153 52 4783
153 53 20379
153 54 33118
153 55 45417
153 56 42075
153 57 31425
153 58 21340
153 59 14727
153 60 11045
153 61 18226
153 62 7660
153 63 19618
153 64 11316
153 65 32819
153 66 22346
153 67 41046
153 68 27693
153 69 14672
153 70 17267
153 71 34662
153 72 32147
153 73 32907
153 74 37606
153 75 37167
153 76 24986
153 77 28257
153 78 36104
153 79 29881
153 80 34055
153 81 26997
153 82 795
153 83 6773
153 84 12856
153 85 13606
153 86 17368
153 87 20473
153 88 6127
153 89 8082
153 90 20696
153 91 24738
153 92 22555
153 93 16040
153 94 14237
153 95 17139
153 96 15990
153 97 21294
153 98 21359
153 99 17245
153 100 22459
153 101 15247
153 102 20692
153 103 26563
153 104 17239
153 105 20237
153 106 -1740
153 107 11058
153 108 12502
153 109 30726
153 110 36361
153 111 18296
153 112 13521
153 113 16444
153 114 2876
153 115 29202
153 116 28162
153 117 21555
153 118 3728
153 119 28727
153 120 30674
153 121 35826
153 122 20537
153 123 6331
153 124 9364
153 125 7592
153 126 18618
153 127 6918
153 128 22441
153 129 34844
153 130 35157
153 131 22423
153 132 14227
153 133 36943
153 134 32827
153 135 38058
153 136 44734
153 137 23151
153 138 23798
153 139 44077
153 140 30333
153 141 22228
153 142 30609
153 143 15778
153 144 25938
153 145 32613
153 146 11566
153 147 9517
153 148 5872
153 149 27215
153 150 32794
153 151 19261
153 152 20409
153 154 20842
153 155 35900
153 156 19390
153 157 25631
153 158 29854
153 159 5063
153 160 20599
153 161 27795
153 162 12601
153 163 36972
153 164 30292
153 165 42012
153 166 4177
153 167 8638
153 168 9994
153 169 33791
153 170 45305
153 171 30976
153 172 27686
153 173 15391
153 174 6272
153 175 14016
153 176 14953
153 177 31766
153 178 25882
153 179 31866
153 180 24602
153 181 14776
153 182 -644
153 183 12584
153 184 24965
153 185 30245
153 186 43919
153 187 44043
153 188 25028
153 189 13158
153 190 4212
153 191 23800
153 192 26020
153 193 21387
153 194 -1167
153 195 27127
153 196 25243
153 197 36312
153 198 29722
153 199 8529
153 200 10094
154 1 11395
154 2 18209
154 3 10989
154 4 12609
154 5 23615
154 6 20363
154 7 27391
154 8 32941
154 9 17945
154 10 24837
154 11 32278
154 12 1055
154 13 13526
154 14 30591
154 15 23019
154 16 29674
154 17 33748
154 18 21477
154 19 31703
154 20 26144
154 21 12173
154 22 21431
154 23 16468
154 24 13998
154 25 19639
154 26 1355
154 27 8451
154 28 3129
154 29 14195
154 30 18731
154 31 15303
154 32 25694
154 33 14993
154 34 18272
154 35 28931
154 36 41108
154 37 26888
154 38 38181
154 39 14405
154 40 8708
154 41 22750
154 42 27619
154 43 28222
154 44 33951
154 45 31142
154 46 34937
154 47 33210
154 48 24610
154 49 38311
154 50 8644
154 51 18808
154 52 18156
154 53 8063
154 54 7139
154 55 19637
154 56 20460
154 57 23060
154 58 9861
154 59 20128
154 60 27358
154 61 30164
154 62 25463
154 63 33350
154 64 30372
154 65 26119
154 66 20958
154 67 17289
154 68 3887
154 69 12969
154 70 20323
154 71 27056
154 72 12303
154 73 14700
154 74 19021
154 75 17453
154 76 4888
154 77 7509
154 78 18841
154 79 11448
154 80 9332
154 81 13297
154 82 26781
154 83 27207
154 84 29885
154 85 21849
154 86 29847
154 87 16622
154 88 23020
154 89 15902
154 90 31458
154 91 32055
154 92 25953
154 93 23982
154 94 16171
154 95 18586
154 96 22314
154 97 21376
154 98 26806
154 99 24790
154 100 27199
154 101 16571
154 102 6968
154 103 20037
154 104 24784
154 105 3101
154 106 23093
154 107 32217
154 108 23193
154 109 4764
154 110 13174
154 111 3626
154 112 11438
154 113 32063
154 114 27123
154 115 17576
154 116 6125
154 117 20384
154 118 19150
154 119 34575
154 120 18341
154 121 13101
154 122 18554
154 123 29732
154 124 35318
154 125 30058
154 126 32438
154 127 17280
154 128 23390
154 129 16108
154 130 9275
154 131 28507
154 132 10236
154 133 18951
154 134 7191
154 135 26038
154 136 34831
154 137 16041
154 138 -2202
154 139 20075
154 140 37585
154 141 31502
154 142 30264
154 143 40345
154 144 19617
154 145 18966
154 146 12637
154 147 16140
154 148 23386
154 149 2925
154 150 8071
154 151 22659
154 152 8930
154 153 23252
154 155 11726
154 156 15153
154 157 12014
154 158 9996
154 159 20807
154 160 23680
154 161 19972
154 162 16237
154 163 11770
154 164 15375
154 165 16195
154 166 19198
154 167 11596
154 168 35392
154 169 14082
154 170 20359
154 171 13591
154 172 24367
154 173 30381
154 174 30963
154 175 34911
154 176 6633
154 177 6081
154 178 15151
154 179 6909
154 180 4753
154 181 25527
154 182 20500
154 183 15746
154 184 2608
154 185 13907
154 186 22386
154 187 19839
154 188 22670
154 189 24820
154 190 15129
154 191 31979
154 192 31065
154 193 28032
154 194 23128
154 195 1548
154 196 4313
154 197 15203
154 198 7915
154 199 30263
154 200 2889
155 1 29037
155 2 17842
155 3 21847
155 4 -5419
155 5 34432
155 6 31370
155 7 44334
155 8 47575
155 9 31019
155 10 42852
155 11 50236
155 12 11866
155 13 20993
155 14 32771
155 15 18633
155 16 36595
155 17 44427
155 18 36293
155 19 49221
155 20 42242
155 21 7173
155 22 10573
155 23 -155
155 24 12026
155 25 4639
155 26 10497
155 27 25555
155 28 20680
155 29 17717
155 30 35956
155 31 33280
155 32 43178
155 33 28267
155 34 26389
155 35 39651
155 36 57769
155 37 32733
155 38 40383
155 39 -3620
155 40 13339
155 41 12975
155 42 28490
155 43 25624
155 44 38396
155 45 44229
155 46 49957
155 47 49869
155 48 41177
155 49 55816
155 50 24638
155 51 33934
155 52 34693
155 53 20214
155 54 2943
155 55 6548
155 56 4354
155 57 20992
155 58 17058
155 59 27961
155 60 39837
155 61 38565
155 62 43359
155 63 51315
155 64 48393
155 65 38237
155 66 36087
155 67 -704
155 68 11208
155 69 30997
155 70 38100
155 71 39984
155 72 2142
155 73 8074
155 74 8400
155 75 3939
155 76 19630
155 77 19282
155 78 28054
155 79 21827
155 80 15181
155 81 25826
155 82 42730
155 83 40528
155 84 41005
155 85 29120
155 86 36501
155 87 19654
155 88 40711
155 89 29552
155 90 49303
155 91 38067
155 92 32594
155 93 32043
155 94 25388
155 95 26026
155 96 31696
155 97 26980
155 98 33290
155 99 33730
155 100 32347
155 101 34498
155 102 22022
155 103 34306
155 104 33724
155 105 14058
155 106 39677
155 107 50004
155 108 41153
155 109 10826
155 110 2065
155 111 21616
155 112 23953
155 113 41081
155 114 41690
155 115 15968
155 116 18118
155 117 26911
155 118 31241
155 119 38321
155 120 30452
155 121 17803
155 122 35567
155 123 47090
155 124 51458
155 125 43204
155 126 50418
155 127 34968
155 128 39836
155 129 25883
155 130 1627
155 131 45781
155 132 28262
155 133 7385
155 134 5384
155 135 36847
155 136 46009
155 137 20743
155 138 15826
155 139 2065
155 140 40102
155 141 37245
155 142 31049
155 143 57542
155 144 20112
155 145 12124
155 146 28869
155 147 28227
155 148 41200
155 149 5939
155 150 13920
155 151 29300
155 152 16127
155 153 39454
155 154 12870
155 156 29188
155 157 26617
155 158 20854
155 159 38797
155 160 40663
155 161 33349
155 162 34261
155 163 11323
155 164 25228
155 165 4009
155 166 32754
155 167 29154
155 168 52127
155 169 21543
155 170 3191
155 171 4606
155 172 25131
155 173 40389
155 174 45356
155 175 52738
155 176 24458
155 177 10031
155 178 14076
155 179 2215
155 180 8949
155 181 43129
155 182 37963
155 183 26185
155 184 16153
155 185 25879
155 186 5865
155 187 1910
155 188 38296
155 189 42835
155 190 32967
155 191 37494
155 192 34892
155 193 33924
155 194 39878
155 195 5657
155 196 17454
155 197 1658
155 198 668
155 199 43742
155 200 17889
156 1 13835
156 2 14735
156 3 21444
156 4 20658
156 5 11640
156 6 8691
156 7 18852
156 8 21736
156 9 25078
156 10 21855
156 11 26842
156 12 13084
156 13 4985
156 14 21540
156 15 18633
156 16 18521
156 17 21721
156 18 10300
156 19 24275
156 20 29386
156 21 15612
156 22 23264
156 23 21246
156 24 26014
156 25 29567
156 26 9004
156 27 3596
156 28 7201
156 29 25963
156 30 20162
156 31 11391
156 32 25311
156 33 23112
156 34 28263
156 35 37084
156 36 31829
156 37 16838
156 38 28492
156 39 21774
156 40 8930
156 41 23050
156 42 20244
156 43 21962
156 44 23721
156 45 19322
156 46 24030
156 47 23968
156 48 15282
156 49 30640
156 50 15583
156 51 24307
156 52 9275
156 53 4119
156 54 18238
156 55 29957
156 56 25840
156 57 18663
156 58 5677
156 59 9347
156 60 15340
156 61 18638
156 62 19950
156 63 30390
156 64 25373
156 65 32674
156 66 24902
156 67 24775
156 68 15719
156 69 12148
156 70 20212
156 71 33559
156 72 16002
156 73 16920
156 74 21696
156 75 21140
156 76 14715
156 77 18127
156 78 28783
156 79 21541
156 80 21347
156 81 21558
156 82 16674
156 83 15378
156 84 17855
156 85 10878
156 86 18583
156 87 9343
156 88 16838
156 89 3973
156 90 29591
156 91 21486
156 92 15812
156 93 12855
156 94 5454
156 95 8567
156 96 11000
156 97 12227
156 98 16381
156 99 13483
156 100 17225
156 101 16222
156 102 14340
156 103 25715
156 104 13477
156 105 4092
156 106 13952
156 107 25740
156 108 20850
156 109 16510
156 110 20146
156 111 8320
156 112 -52
156 113 20243
156 114 15861
156 115 14800
156 116 17153
156 117 11281
156 118 7110
156 119 24742
156 120 26340
156 121 24799
156 122 21048
156 123 21932
156 124 25405
156 125 18246
156 126 29373
156 127 11749
156 128 25810
156 129 26376
156 130 19973
156 131 28807
156 132 10198
156 133 21226
156 134 19084
156 135 34293
156 136 42458
156 137 9698
156 138 9840
156 139 27864
156 140 27777
156 141 20746
156 142 22442
156 143 31976
156 144 13852
156 145 17995
156 146 4135
156 147 4162
156 148 17574
156 149 11464
156 150 20086
156 151 12518
156 152 4746
156 153 13531
156 154 6884
156 155 19775
156 157 19548
156 158 20451
156 159 16159
156 160 25036
156 161 26362
156 162 14486
156 163 23787
156 164 24586
156 165 26623
156 166 7343
156 167 6596
156 168 26273
156 169 24883
156 170 29249
156 171 15275
156 172 17434
156 173 18472
156 174 19644
156 175 28600
156 176 9350
156 177 18031
156 178 11791
156 179 16123
156 180 8339
156 181 24251
156 182 13248
156 183 4423
156 184 13565
156 185 23082
156 186 27705
156 187 27854
156 188 26534
156 189 21838
156 190 10195
156 191 21408
156 192 21352
156 193 17583
156 194 14272
156 195 11941
156 196 14791
156 197 20082
156 198 13446
156 199 18505
156 200 -4875
157 1 5890
157 2 33867
157 3 3918
157 4 24995
157 5 33512
157 6 31763
157 7 28236
157 8 37646
157 9 2199
157 10 18043
157 11 26768
157 12 11055
157 13 27514
157 14 44691
157 15 38722
157 16 41595
157 17 42681
157 18 27605
157 19 29053
157 20 11955
157 21 27587
157 22 36742
157 23 30122
157 24 15211
157 25 28180
157 26 16971
157 27 15299
157 28 14468
157 29 10072
157 30 7378
157 31 12385
157 32 14461
157 33 -189
157 34 5799
157 35 13794
157 36 40400
157 37 40159
157 38 51821
157 39 26240
157 40 24454
157 41 38328
157 42 42517
157 43 43592
157 44 47064
157 45 37634
157 46 38057
157 47 33092
157 48 25429
157 49 34762
157 50 721
157 51 3525
157 52 22500
157 53 22141
157 54 15859
157 55 27971
157 56 34226
157 57 38688
157 58 24918
157 59 32676
157 60 36014
157 61 41422
157 62 21521
157 63 24712
157 64 22962
157 65 10356
157 66 5770
157 67 28191
157 68 4712
157 69 11889
157 70 12169
157 71 11255
157 72 27330
157 73 30213
157 74 34214
157 75 32135
157 76 4888
157 77 3811
157 78 6676
157 79 1036
157 80 12470
157 81 -1771
157 82 29598
157 83 34418
157 84 39033
157 85 34114
157 86 41498
157 87 31413
157 88 21608
157 89 25204
157 90 22025
157 91 44810
157 92 39131
157 93 36058
157 94 28797
157 95 31830
157 96 34197
157 97 35251
157 98 39726
157 99 36638
157 100 40548
157 101 10936
157 102 -6178
157 103 4346
157 104 36632
157 105 18391
157 106 25415
157 107 28087
157 108 15251
157 109 14601
157 110 26959
157 111 8960
157 112 23293
157 113 42310
157 114 32222
157 115 33322
157 116 6125
157 117 34219
157 118 28200
157 119 48068
157 120 3029
157 121 9138
157 122 6980
157 123 28044
157 124 36647
157 125 36583
157 126 24054
157 127 17531
157 128 9713
157 129 5969
157 130 18363
157 131 16601
157 132 9847
157 133 34131
157 134 11314
157 135 10973
157 136 19382
157 137 30943
157 138 13609
157 139 31801
157 140 51115
157 141 44001
157 142 45015
157 143 38066
157 144 34928
157 145 34741
157 146 20131
157 147 26722
157 148 20597
157 149 17400
157 150 11209
157 151 35837
157 152 23987
157 153 26680
157 154 10653
157 155 24112
157 156 26456
157 158 2925
157 159 15829
157 160 11147
157 161 4160
157 162 12402
157 163 13979
157 164 1464
157 165 24583
157 166 27379
157 167 14624
157 168 35152
157 169 4847
157 170 30056
157 171 29051
157 172 39400
157 173 40445
157 174 35696
157 175 30447
157 176 4777
157 177 12794
157 178 30842
157 179 19590
157 180 20533
157 181 14405
157 182 19454
157 183 27711
157 184 5537
157 185 879
157 186 36015
157 187 31240
157 188 7885
157 189 18026
157 190 13916
157 191 44718
157 192 44655
157 193 40922
157 194 24902
157 195 14477
157 196 3155
157 197 29587
157 198 22666
157 199 36977
157 200 14102
158 1 11395
158 2 32027
158 3 -3153
158 4 19581
158 5 35921
158 6 33288
158 7 33591
158 8 42082
158 9 6019
158 10 24837
158 11 33538
158 12 7235
158 13 27514
158 14 44691
158 15 36648
158 16 43073
158 17 45639
158 18 31337
158 19 35372
158 20 18505
158 21 24099
158 22 32832
158 23 24845
158 24 8140
158 25 21565
158 26 14383
158 27 17887
158 28 14782
158 29 3434
158 30 14449
158 31 18280
158 32 21495
158 33 3485
158 34 4130
158 35 15486
158 36 46451
158 37 40745
158 38 52212
158 39 20323
158 40 22528
158 41 34752
158 42 41751
158 43 42191
158 44 47813
158 45 41524
158 46 43100
158 47 38936
158 48 30954
158 49 41352
158 50 4724
158 51 9781
158 52 26529
158 53 21923
158 54 9848
158 55 21413
158 56 29169
158 57 36864
158 58 24003
158 59 33689
158 60 38900
158 61 43233
158 62 27933
158 63 31757
158 64 29983
158 65 13566
158 66 11384
158 67 21848
158 68 -1735
158 69 16658
158 70 18946
158 71 15029
158 72 23281
158 73 26755
158 74 30240
158 75 27647
158 76 3534
158 77 -977
158 78 4716
158 79 -2638
158 80 6214
158 81 826
158 82 34520
158 83 37916
158 84 41825
158 85 35346
158 86 43168
158 87 30764
158 88 27358
158 89 27578
158 90 29088
158 91 45762
158 92 39757
158 93 37371
158 94 29687
158 95 32381
158 96 35552
158 97 35382
158 98 40543
158 99 38044
158 100 41097
158 101 17096
158 102 -381
158 103 9439
158 104 38038
158 105 17243
158 106 30319
158 107 34667
158 108 22190
158 109 9853
158 110 22273
158 111 10519
158 112 24415
158 113 44684
158 114 36494
158 115 31222
158 116 1905
158 117 34360
158 118 30929
158 119 48544
158 120 5552
158 121 2332
158 122 14042
158 123 34135
158 124 42117
158 125 40448
158 126 31083
158 127 22610
158 128 16388
158 129 1966
158 130 12259
158 131 23579
158 132 14227
158 133 30070
158 134 4482
158 135 12594
158 136 21658
158 137 30183
158 138 11940
158 139 25927
158 140 51590
158 141 45145
158 142 44404
158 143 44427
158 144 33668
158 145 31740
158 146 22806
158 147 28612
158 148 26725
158 149 13694
158 150 4953
158 151 36463
158 152 23072
158 153 31252
158 154 8984
158 155 18698
158 156 27708
158 157 3274
158 159 22399
158 160 18086
158 161 8349
158 162 18250
158 163 6977
158 164 1464
158 165 18083
158 166 30348
158 167 18619
158 168 41012
158 169 297
158 170 23555
158 171 25406
158 172 38484
158 173 42838
158 174 40172
158 175 37085
158 176 8964
158 177 7031
158 178 28908
158 179 14742
158 180 18005
158 181 21408
158 182 25250
158 183 28942
158 184 2608
158 185 879
158 186 30829
158 187 25253
158 188 14078
158 189 24820
158 190 19411
158 191 45702
158 192 45051
158 193 41783
158 194 29965
158 195 10288
158 196 93
158 197 25001
158 198 18597
158 199 40693
158 200 15250
159 1 14863
159 2 40571
159 3 29049
159 4 43181
159 5 24217
159 6 28764
159 7 9053
159 8 19665
159 9 20036
159 10 -195
159 11 1712
159 12 29996
159 13 29732
159 14 41760
159 15 43626
159 16 33749
159 17 29242
159 18 15907
159 19 3697
159 20 16069
159 21 40555
159 22 48986
159 23 46139
159 24 39791
159 25 49793
159 26 31025
159 27 18295
159 28 25284
159 29 35576
159 30 7272
159 31 1882
159 32 3708
159 33 24098
159 34 29193
159 35 31428
159 36 15390
159 37 37192
159 38 46121
159 39 44955
159 40 34298
159 41 48996
159 42 43517
159 43 45469
159 44 41423
159 45 21027
159 46 16416
159 47 8914
159 48 3140
159 49 9155
159 50 20665
159 51 18485
159 52 14489
159 53 29202
159 54 36862
159 55 49628
159 56 50311
159 57 44021
159 58 31615
159 59 29082
159 60 25911
159 61 33075
159 62 -3446
159 63 4929
159 64 -147
159 65 21058
159 66 9674
159 67 47888
159 68 28238
159 69 14826
159 70 9253
159 71 24222
159 72 41052
159 73 42367
159 74 47158
159 75 46348
159 76 25427
159 77 27580
159 78 31189
159 79 26650
159 80 35354
159 81 21254
159 82 10749
159 83 21203
159 84 27416
159 85 28397
159 86 31992
159 87 33629
159 88 4525
159 89 20902
159 90 5964
159 91 39540
159 92 36749
159 93 30730
159 94 27555
159 95 30775
159 96 30211
159 97 34976
159 98 35915
159 99 31760
159 100 37066
159 101 10821
159 102 17488
159 103 16680
159 104 31754
159 105 28232
159 106 9260
159 107 2468
159 108 -1390
159 109 34254
159 110 43428
159 111 21001
159 112 24579
159 113 30794
159 114 15412
159 115 40699
159 116 28528
159 117 34765
159 118 18593
159 119 43544
159 120 23415
159 121 34528
159 122 12475
159 123 3529
159 124 13912
159 125 20260
159 126 3903
159 127 9136
159 128 10116
159 129 31561
159 130 39266
159 131 8445
159 132 14890
159 133 46855
159 134 34666
159 135 29503
159 136 34688
159 137 35139
159 138 28408
159 139 50662
159 140 45188
159 141 37089
159 142 44863
159 143 12526
159 144 38798
159 145 43951
159 146 19917
159 147 22935
159 148 -775
159 149 33322
159 150 34093
159 151 33455
159 152 30684
159 153 12118
159 154 25452
159 155 42298
159 156 29073
159 157 21835
159 158 28056
159 160 7931
159 161 17963
159 162 9411
159 163 38037
159 164 23628
159 165 46157
159 166 18714
159 167 13149
159 168 10978
159 169 30324
159 170 50869
159 171 40964
159 172 41298
159 173 30106
159 174 16969
159 175 4896
159 176 14777
159 177 34319
159 178 37612
159 179 37519
159 180 32654
159 181 -77
159 182 -1495
159 183 25821
159 184 26147
159 185 26243
159 186 52251
159 187 50445
159 188 13742
159 189 -212
159 190 3765
159 191 38661
159 192 40770
159 193 36142
159 194 7916
159 195 32120
159 196 25325
159 197 44707
159 198 37506
159 199 22366
159 200 18521
160 1 13864
160 2 46872
160 3 22654
160 4 42965
160 5 37030
160 6 38747
160 7 23848
160 8 34840
160 9 7174
160 10 7344
160 11 13252
160 12 28628
160 13 37700
160 14 52867
160 15 51292
160 16 46513
160 17 43647
160 18 28784
160 19 18362
160 20 1243
160 21 43444
160 22 52654
160 23 47662
160 24 33823
160 25 46994
160 26 32701
160 27 23747
160 28 27674
160 29 27888
160 30 -764
160 31 9923
160 32 -3915
160 33 15310
160 34 17301
160 35 16967
160 36 29840
160 37 47893
160 38 58509
160 39 44531
160 40 38528
160 41 53624
160 42 52795
160 43 54642
160 44 53529
160 45 36072
160 46 32063
160 47 24192
160 48 18789
160 49 21282
160 50 16726
160 51 7505
160 52 24878
160 53 34247
160 54 34442
160 55 46769
160 56 51651
160 57 51229
160 58 37333
160 59 39825
160 60 38748
160 61 45857
160 62 12207
160 63 8221
160 64 6071
160 65 5406
160 66 -5850
160 67 46795
160 68 23567
160 69 17782
160 70 8291
160 71 9059
160 72 43686
160 73 45835
160 74 50337
160 75 48853
160 76 22458
160 77 22615
160 78 20735
160 79 18515
160 80 31273
160 81 11035
160 82 25871
160 83 35092
160 84 41104
160 85 40189
160 86 45462
160 87 42057
160 88 17324
160 89 30917
160 90 5585
160 91 51290
160 92 47072
160 93 42240
160 94 36992
160 95 40359
160 96 40915
160 97 44397
160 98 46935
160 99 42940
160 100 48095
160 101 12101
160 102 11643
160 103 2370
160 104 42934
160 105 32030
160 106 23130
160 107 15814
160 108 2628
160 109 32598
160 110 44267
160 111 21998
160 112 32291
160 113 44739
160 114 30267
160 115 46712
160 116 24636
160 117 43673
160 118 31303
160 119 55223
160 120 11187
160 121 27274
160 122 5570
160 123 18963
160 124 29527
160 125 35218
160 126 8001
160 127 18022
160 128 -5510
160 129 23179
160 130 36964
160 131 -2178
160 132 17298
160 133 50252
160 134 30181
160 135 15485
160 136 19555
160 137 42377
160 138 29199
160 139 50086
160 140 57641
160 141 49599
160 142 54744
160 143 25996
160 144 46588
160 145 49265
160 146 27196
160 147 33078
160 148 13703
160 149 34142
160 150 30012
160 151 43778
160 152 36402
160 153 25572
160 154 26243
160 155 42082
160 156 35868
160 157 15071
160 158 21661
160 159 5849
160 161 3382
160 162 13180
160 163 32783
160 164 11342
160 165 43360
160 166 30688
160 167 19683
160 168 26288
160 169 21106
160 170 48799
160 171 44719
160 172 50116
160 173 43470
160 174 32354
160 175 17687
160 176 14953
160 177 31372
160 178 43929
160 179 37268
160 180 35645
160 181 -4343
160 182 13498
160 183 35381
160 184 23394
160 185 17811
160 186 53538
160 187 49620
160 188 -1394
160 189 7327
160 190 12784
160 191 50825
160 192 52142
160 193 47684
160 194 22006
160 195 31840
160 196 21494
160 197 46558
160 198 39303
160 199 36725
160 200 24290
161 1 18095
161 2 49618
161 3 16847
161 4 39581
161 5 46352
161 6 45845
161 7 36315
161 8 47128
161 9 -3981
161 10 21177
161 11 28227
161 12 26469
161 13 42668
161 14 59547
161 15 54478
161 16 55235
161 17 54470
161 18 38994
161 19 32963
161 20 6144
161 21 43271
161 22 52333
161 23 44845
161 24 25621
161 25 40737
161 26 32756
161 27 29287
161 28 29962
161 29 18645
161 30 9047
161 31 20575
161 32 10650
161 33 9358
161 34 4130
161 35 1945
161 36 44604
161 37 54742
161 38 66283
161 39 40181
161 40 40248
161 41 54029
161 42 57874
161 43 59160
161 44 61346
161 45 47973
161 46 45675
161 47 38520
161 48 32341
161 49 36315
161 50 16176
161 51 4683
161 52 34067
161 53 37590
161 54 29779
161 55 40759
161 56 49146
161 57 54415
161 58 40515
161 59 46990
161 60 48381
161 61 54793
161 62 26098
161 63 23163
161 64 20519
161 65 -5299
161 66 -7252
161 67 41275
161 68 18201
161 69 24003
161 70 17976
161 71 -4452
161 72 42847
161 73 45916
161 74 49771
161 75 47454
161 76 20596
161 77 18286
161 78 9814
161 79 10873
161 80 26170
161 81 2826
161 82 38333
161 83 45792
161 84 51257
161 85 48121
161 86 54816
161 87 46783
161 88 29305
161 89 38627
161 90 20613
161 91 59014
161 92 53736
161 93 50054
161 94 43357
161 95 46565
161 96 48291
161 97 50217
161 98 54127
161 99 50621
161 100 55109
161 101 19987
161 102 9496
161 103 -6634
161 104 50615
161 105 34109
161 106 34731
161 107 30672
161 108 16966
161 109 29624
161 110 42123
161 111 24213
161 112 37924
161 113 54863
161 114 42154
161 115 49107
161 116 21092
161 117 49229
161 118 40758
161 119 62585
161 120 -321
161 121 18758
161 122 11614
161 123 33143
161 124 43364
161 125 47013
161 126 23008
161 127 27663
161 128 3494
161 129 14986
161 130 32129
161 131 12018
161 132 22693
161 133 49662
161 134 23624
161 135 561
161 136 5304
161 137 46421
161 138 29421
161 139 45822
161 140 65516
161 141 57940
161 142 60270
161 143 40949
161 144 50519
161 145 50536
161 146 33749
161 147 40514
161 148 26725
161 149 32965
161 150 24909
161 151 50442
161 152 39584
161 153 36698
161 154 26465
161 155 38698
161 156 41124
161 157 12014
161 158 15854
161 159 19811
161 160 7312
161 162 21782
161 163 25576
161 164 -1798
161 165 37540
161 166 39865
161 167 27010
161 168 40587
161 169 11066
161 170 42834
161 171 44719
161 172 54838
161 173 53157
161 174 44932
161 175 32613
161 176 18529
161 177 27031
161 178 46604
161 179 34622
161 180 36337
161 181 8604
161 182 26408
161 183 42049
161 184 21032
161 185 10879
161 186 50824
161 187 45088
161 188 -332
161 189 21160
161 190 23071
161 191 58833
161 192 59260
161 193 55219
161 194 33846
161 195 29832
161 196 18438
161 197 44836
161 198 38150
161 199 47901
161 200 28945
162 1 3160
162 2 31618
162 3 17728
162 4 31473
162 5 22201
162 6 23006
162 7 13269
162 8 23287
162 9 12951
162 10 5978
162 11 13745
162 12 17987
162 13 21974
162 14 37158
162 15 35749
162 16 31420
162 17 30057
162 18 14583
162 19 14584
162 20 13349
162 21 29746
162 22 38633
162 23 35005
162 24 27998
162 25 37778
162 26 19614
162 27 8271
162 28 13889
162 29 24311
162 30 3532
162 31 -2597
162 32 8254
162 33 14233
162 34 20253
162 35 25250
162 36 25574
162 37 32171
162 38 43099
162 39 33271
162 40 24004
162 41 39143
162 42 36996
162 43 38866
162 44 38091
162 45 23807
162 46 23151
162 47 18125
162 48 10398
162 49 20838
162 50 9127
162 51 11115
162 52 9772
162 53 19219
162 54 24836
162 55 37602
162 56 39061
162 57 35755
162 58 22153
162 59 24141
162 60 24099
162 61 30847
162 62 7356
162 63 14577
162 64 11560
162 65 18292
162 66 8825
162 67 36123
162 68 16369
162 69 3019
162 70 3236
162 71 19745
162 72 30198
162 73 31843
162 74 36558
162 75 35501
162 76 13469
162 77 15893
162 78 21515
162 79 15960
162 80 23391
162 81 12050
162 82 14866
162 83 21382
162 84 26892
162 85 24739
162 86 30739
162 87 26314
162 88 6580
162 89 15260
162 90 13022
162 91 35791
162 92 31313
162 93 26733
162 94 21187
162 95 24553
162 96 25257
162 97 28586
162 98 31276
162 99 27374
162 100 32414
162 101 19
162 102 6550
162 103 11605
162 104 27368
162 105 17617
162 106 10820
162 107 14252
162 108 4484
162 109 22243
162 110 31942
162 111 9125
162 112 16536
162 113 30531
162 114 18087
162 115 31566
162 116 16628
162 117 27871
162 118 16535
162 119 39651
162 120 15486
162 121 23176
162 122 5570
162 123 13256
162 124 21618
162 125 22811
162 126 13636
162 127 3262
162 128 9217
162 129 20918
162 130 27253
162 131 11690
162 132 3029
162 133 36381
162 134 22689
162 135 22828
162 136 29647
162 137 26811
162 138 16666
162 139 38929
162 140 42262
162 141 34347
162 142 38933
162 143 23635
162 144 30963
162 145 34451
162 146 11405
162 147 17387
162 148 5872
162 149 21729
162 150 22130
162 151 28019
162 152 21222
162 153 12484
162 154 13710
162 155 30590
162 156 20228
162 157 11236
162 158 16735
162 159 2239
162 160 8090
162 161 12762
162 163 26155
162 164 15231
162 165 34131
162 166 15695
162 167 3876
162 168 20191
162 169 19847
162 170 38931
162 171 30619
162 172 34349
162 173 28910
162 174 21250
162 175 16804
162 176 2738
162 177 22280
162 178 28680
162 179 25739
162 180 21782
162 181 7521
162 182 4447
162 183 19591
162 184 14138
162 185 15904
162 186 41003
162 187 38668
162 188 10815
162 189 5961
162 190 -985
162 191 35438
162 192 36504
162 193 32127
162 194 10151
162 195 20284
162 196 13451
162 197 33587
162 198 26293
162 199 23547
162 200 8889
163 1 22074
163 2 30068
163 3 9054
163 4 11134
163 5 40466
163 6 37083
163 7 42834
163 8 49650
163 9 16981
163 10 36290
163 11 44841
163 12 8055
163 13 29024
163 14 44775
163 15 33341
163 16 45715
163 17 50656
163 18 38279
163 19 45887
163 20 30626
163 21 19845
163 22 26663
163 23 15651
163 24 -3002
163 25 9936
163 26 14075
163 27 24730
163 28 19752
163 29 1227
163 30 26538
163 31 28635
163 32 33671
163 33 15440
163 34 10212
163 35 23962
163 36 56369
163 37 42331
163 38 52594
163 39 10033
163 40 21694
163 41 28999
163 42 40892
163 43 39837
163 44 49143
163 45 48107
163 46 51407
163 47 48606
163 48 40240
163 49 52223
163 50 15687
163 51 21883
163 52 34361
163 53 24437
163 54 1533
163 55 10046
163 56 20806
163 57 34442
163 58 24647
163 59 36177
163 60 44351
163 61 46575
163 62 38736
163 63 43674
163 64 41790
163 65 22809
163 66 22910
163 67 10501
163 68 -607
163 69 26278
163 70 30501
163 71 25319
163 72 17405
163 73 22128
163 74 24201
163 75 20417
163 76 11591
163 77 8237
163 78 12525
163 79 7684
163 80 4477
163 81 12074
163 82 42978
163 83 44185
163 84 46808
163 85 37871
163 86 45902
163 87 30593
163 88 37337
163 89 32902
163 90 41083
163 91 47704
163 92 41592
163 93 40181
163 94 32433
163 95 34362
163 96 38754
163 97 36523
163 98 42498
163 99 41172
163 100 42463
163 101 28015
163 102 11513
163 103 20880
163 104 41166
163 105 18591
163 106 38980
163 107 45619
163 108 33889
163 109 7682
163 110 15746
163 111 17799
163 112 28265
163 113 48703
163 114 43877
163 115 28754
163 116 8567
163 117 35751
163 118 36123
163 119 49454
163 120 15936
163 121 1716
163 122 26082
163 123 44321
163 124 51212
163 125 47022
163 126 42952
163 127 31971
163 128 28544
163 129 11324
163 130 2955
163 131 35781
163 132 23599
163 133 23613
163 134 -6698
163 135 21281
163 136 30375
163 137 30352
163 138 14798
163 139 15886
163 140 52132
163 141 47172
163 142 43630
163 143 54892
163 144 32353
163 145 27227
163 146 29301
163 147 33037
163 148 37161
163 149 10961
163 150 3216
163 151 38298
163 152 23716
163 153 39454
163 154 11842
163 155 10251
163 156 32128
163 157 15412
163 158 8061
163 159 33464
163 160 30292
163 161 19155
163 162 28754
163 164 9572
163 165 6947
163 166 36189
163 167 26960
163 168 50724
163 169 5681
163 170 12039
163 171 19993
163 172 37488
163 173 47146
163 174 47709
163 175 48135
163 176 18635
163 177 3102
163 178 26695
163 179 8961
163 180 16557
163 181 33603
163 182 35157
163 183 32318
163 184 8537
163 185 12432
163 186 22064
163 187 14939
163 188 26044
163 189 36273
163 190 29257
163 191 47530
163 192 45923
163 193 43614
163 194 38845
163 195 7477
163 196 8131
163 197 17911
163 198 13396
163 199 47217
163 200 19889
164 1 19307
164 2 45878
164 3 10739
164 4 32237
164 5 47404
164 6 45551
164 7 40815
164 8 50890
164 9 -1365
164 10 27822
164 11 35982
164 12 21115
164 13 40753
164 14 58008
164 15 50535
164 16 55415
164 17 56508
164 18 41292
164 19 39748
164 20 14932
164 21 37892
164 22 46411
164 23 37314
164 24 16202
164 25 31760
164 26 28261
164 27 29177
164 28 27657
164 29 9080
164 30 15440
164 31 24681
164 32 19801
164 33 6501
164 34 -6406
164 35 2007
164 36 51444
164 37 53706
164 38 65337
164 39 31990
164 40 36361
164 41 48442
164 42 55372
164 43 56000
164 44 60697
164 45 51162
164 46 50686
164 47 44675
164 48 37629
164 49 44293
164 50 14506
164 51 8501
164 52 36154
164 53 35188
164 54 22166
164 55 32019
164 56 41999
164 57 50723
164 58 37593
164 59 46358
164 60 49877
164 61 55287
164 62 32331
164 63 31879
164 64 29836
164 65 809
164 66 3364
164 67 32327
164 68 11156
164 69 25473
164 70 22871
164 71 4025
164 72 36856
164 73 40535
164 74 43817
164 75 40924
164 76 16675
164 77 12838
164 78 595
164 79 4052
164 80 19033
164 81 -558
164 82 42522
164 83 48143
164 84 52896
164 85 47870
164 86 55355
164 87 44320
164 88 33871
164 89 39092
164 90 29103
164 91 58495
164 92 52684
164 93 49827
164 94 42416
164 95 45339
164 96 47962
164 97 48587
164 98 53356
164 99 50421
164 100 54089
164 101 23278
164 102 7672
164 103 2411
164 104 50415
164 105 30858
164 106 38462
164 107 38017
164 108 24180
164 109 23484
164 110 35585
164 111 22530
164 112 36945
164 113 56200
164 114 45591
164 115 45101
164 116 15773
164 117 47546
164 118 42079
164 119 61598
164 120 -2502
164 121 9716
164 122 16350
164 123 39331
164 124 48830
164 125 50129
164 126 31536
164 127 30673
164 128 12799
164 129 7572
164 130 24276
164 131 21310
164 132 23599
164 133 43580
164 134 15087
164 135 -719
164 136 8402
164 137 43754
164 138 25601
164 139 37769
164 140 64664
164 141 57750
164 142 57979
164 143 48367
164 144 47419
164 145 45582
164 146 34022
164 147 40570
164 148 32156
164 149 27511
164 150 17772
164 151 49390
164 152 36662
164 153 39972
164 154 22645
164 155 31354
164 156 40125
164 157 10095
164 158 9746
164 159 26253
164 160 16049
164 161 -1021
164 162 25028
164 163 16770
164 165 28947
164 166 41242
164 167 28376
164 168 46724
164 169 1681
164 170 33847
164 171 39107
164 172 52149
164 173 54337
164 174 48884
164 175 40141
164 176 18635
164 177 20073
164 178 42772
164 179 28080
164 180 31892
164 181 18562
164 182 31494
164 183 41428
164 184 16346
164 185 5778
164 186 43491
164 187 36887
164 188 9099
164 189 27805
164 190 26673
164 191 58420
164 192 58147
164 193 54577
164 194 37809
164 195 24024
164 196 13694
164 197 38268
164 198 32223
164 199 50615
164 200 27717
165 1 29485
165 2 25511
165 3 18983
165 4 2643
165 5 40582
165 6 37230
165 7 47632
165 8 52400
165 9 27693
165 10 43848
165 11 51921
165 12 12334
165 13 27514
165 14 40581
165 15 26694
165 16 43749
165 17 50752
165 18 40926
165 19 51855
165 20 40529
165 21 14637
165 22 18454
165 23 5093
165 24 5400
165 25 -361
165 26 14383
165 27 28656
165 28 23355
165 29 12058
165 30 35426
165 31 35053
165 32 42733
165 33 25616
165 34 21133
165 35 34957
165 36 61340
165 37 39923
165 38 48264
165 39 -888
165 40 19551
165 41 20839
165 42 36324
165 43 33683
165 44 45960
165 45 49750
165 46 54637
165 47 53435
165 48 44811
165 49 58441
165 50 23937
165 51 31864
165 52 38283
165 53 25081
165 54 794
165 55 -582
165 56 11108
165 57 28951
165 58 23210
165 59 34727
165 60 45438
165 61 45379
165 62 45308
165 63 51888
165 64 49596
165 65 33809
165 66 33443
165 67 -266
165 68 8337
165 69 32518
165 70 38459
165 71 36225
165 72 10198
165 73 15985
165 74 16414
165 75 11507
165 76 19030
165 77 17219
165 78 23514
165 79 18271
165 80 12470
165 81 22632
165 82 46796
165 83 45872
165 84 47129
165 85 36112
165 86 43772
165 87 27105
165 88 43132
165 89 34545
165 90 49539
165 91 45320
165 92 39583
165 93 38827
165 94 31680
165 95 32761
165 96 38074
165 97 34084
165 98 40381
165 99 40267
165 100 39700
165 101 35320
165 102 20586
165 103 31435
165 104 40261
165 105 18834
165 106 43271
165 107 52167
165 108 41820
165 109 10938
165 110 9344
165 111 23167
165 112 29136
165 113 47841
165 114 46530
165 115 23755
165 116 16628
165 117 33765
165 118 36970
165 119 45962
165 120 26765
165 121 12716
165 122 34938
165 123 49944
165 124 55427
165 125 48694
165 126 51071
165 127 37431
165 128 38339
165 129 22054
165 130 -989
165 131 45057
165 132 29756
165 133 15191
165 134 121
165 135 32281
165 136 41371
165 137 27723
165 138 18046
165 139 5149
165 140 47954
165 141 44614
165 142 38933
165 143 60574
165 144 27859
165 145 20182
165 146 32577
165 147 33771
165 148 43372
165 149 9869
165 150 11209
165 151 36289
165 152 22279
165 153 43317
165 154 15090
165 155 1760
165 156 33787
165 157 24839
165 158 17990
165 159 40407
165 160 39692
165 161 29942
165 162 35553
165 163 5770
165 164 20572
165 166 37897
165 167 31824
165 168 55626
165 169 16681
165 170 1431
165 171 12663
165 172 32941
165 173 46825
165 174 50319
165 175 54808
165 176 25342
165 177 8238
165 178 21840
165 179 5705
165 180 14638
165 181 42742
165 182 40700
165 183 32167
165 184 15537
165 185 22805
165 186 11940
165 187 4059
165 188 36204
165 189 43831
165 190 35147
165 191 44877
165 192 42497
165 193 41182
165 194 43341
165 195 7893
165 196 16188
165 197 9587
165 198 7915
165 199 49050
165 200 22044
166 1 20689
166 2 21219
166 3 32018
166 4 32158
166 5 1686
166 6 6958
166 7 12272
166 8 10076
166 9 32636
166 10 21314
166 11 22244
166 12 25072
166 13 9711
166 14 18223
166 15 21758
166 16 11011
166 17 10525
166 18 105
166 19 17391
166 20 33787
166 21 26017
166 22 31815
166 23 30856
166 24 38009
166 25 41458
166 26 21094
166 27 11831
166 28 18682
166 29 37364
166 30 23846
166 31 12148
166 32 26101
166 33 31982
166 34 37915
166 35 44984
166 36 21979
166 37 13764
166 38 23067
166 39 32739
166 40 19482
166 41 30395
166 42 20661
166 43 22450
166 44 18155
166 45 7160
166 46 12487
166 47 14520
166 48 6264
166 49 22564
166 50 24709
166 51 31072
166 52 7678
166 53 15882
166 54 30397
166 55 41970
166 56 36108
166 57 23041
166 58 15161
166 59 5727
166 60 3812
166 61 10379
166 62 16522
166 63 28420
166 64 20195
166 65 38792
166 66 29148
166 67 35558
166 68 27310
166 69 17963
166 70 23463
166 71 40108
166 72 26000
166 73 26505
166 74 30969
166 75 30659
166 76 25462
166 77 28952
166 78 38577
166 79 31703
166 80 33166
166 81 30297
166 82 7000
166 83 3214
166 84 6831
166 85 4935
166 86 10221
166 87 11893
166 88 14288
166 89 2001
166 90 29103
166 91 16083
166 92 13569
166 93 7196
166 94 5851
166 95 8410
166 96 7017
166 97 12487
166 98 12409
166 99 8269
166 100 13541
166 101 20410
166 102 23279
166 103 31977
166 104 8263
166 105 15955
166 106 7260
166 107 19914
166 108 20636
166 109 28629
166 110 31483
166 111 18505
166 112 7890
166 113 10248
166 114 4206
166 115 21552
166 116 28306
166 117 13069
166 118 -3921
166 119 20094
166 120 34589
166 121 36153
166 122 26048
166 123 14918
166 124 15215
166 125 6082
166 126 27406
166 127 12431
166 128 29341
166 129 36620
166 130 32090
166 131 30253
166 132 16921
166 133 30000
166 134 31178
166 135 42373
166 136 49773
166 137 15460
166 138 21819
166 139 39079
166 140 22179
166 141 14099
166 142 21609
166 143 23188
166 144 17464
166 145 24879
166 146 10438
166 147 1573
166 148 14518
166 149 23469
166 150 31905
166 151 10275
166 152 14230
166 153 6252
166 154 18863
166 155 31275
166 156 15277
166 157 28405
166 158 31025
166 159 13734
166 160 27790
166 161 33037
166 162 17887
166 163 35782
166 164 33637
166 165 38667
166 167 11018
166 168 17039
166 169 35401
166 170 40751
166 171 24095
166 172 18835
166 173 8474
166 174 7782
166 175 22884
166 176 17289
166 177 30090
166 178 18093
166 179 28080
166 180 19699
166 181 23434
166 182 8323
166 183 4423
166 184 24812
166 185 32649
166 186 37827
166 187 39133
166 188 31305
166 189 21297
166 190 10559
166 191 15413
166 192 17249
166 193 12631
166 194 7833
166 195 24091
166 196 25687
166 197 30392
166 198 24484
166 199 6347
166 200 6925
167 1 6269
167 2 24692
167 3 18870
167 4 27139
167 5 16005
167 6 15872
167 7 12554
167 8 20060
167 9 18222
167 10 11961
167 11 17925
167 12 15290
167 13 14733
167 14 30011
167 15 28593
167 16 24837
167 17 24742
167 18 9583
167 19 16735
167 20 20331
167 21 24006
167 22 32487
167 23 29622
167 24 27240
167 25 34639
167 26 14794
167 27 1743
167 28 9287
167 29 25011
167 30 10700
167 31 1526
167 32 15334
167 33 17746
167 34 23826
167 35 30565
167 36 26255
167 37 25028
167 38 36191
167 39 28815
167 40 17776
167 41 32669
167 42 29716
167 43 31591
167 44 31191
167 45 19686
167 46 21272
167 47 18397
167 48 9916
167 49 23348
167 50 10796
167 51 16723
167 52 4541
167 53 12720
167 54 22025
167 55 34624
167 56 33844
167 57 28656
167 58 15381
167 59 17051
167 60 18208
167 61 24379
167 62 10961
167 63 20589
167 64 16348
167 65 24741
167 66 15869
167 67 31827
167 68 15719
167 69 3547
167 70 10500
167 71 25883
167 72 24503
167 73 25827
167 74 30613
167 75 29796
167 76 12951
167 77 16220
167 78 24616
167 79 18087
167 80 22194
167 81 15992
167 82 12718
167 83 16391
167 84 21205
167 85 17872
167 86 24411
167 87 19056
167 88 8155
167 89 8304
167 90 19617
167 91 28861
167 92 24130
167 93 19827
167 94 13940
167 95 17302
167 96 18210
167 97 21315
167 98 24202
167 99 20423
167 100 25310
167 101 6727
167 102 9171
167 103 17790
167 104 20417
167 105 11682
167 106 8629
167 107 17458
167 108 10890
167 109 19438
167 110 27148
167 111 6405
167 112 9286
167 113 24670
167 114 14484
167 115 24712
167 116 16140
167 117 20591
167 118 10495
167 119 32634
167 120 20184
167 121 23785
167 122 12161
167 123 14732
167 124 20848
167 125 18623
167 126 19587
167 127 2431
167 128 16408
167 129 23041
167 130 24243
167 131 18897
167 132 2583
167 133 30332
167 134 21149
167 135 27951
167 136 35411
167 137 19679
167 138 12798
167 139 34611
167 140 35381
167 141 27613
167 142 31665
167 143 25348
167 144 23772
167 145 27781
167 146 4135
167 147 10338
167 148 8703
167 149 17241
167 150 20933
167 151 20836
167 152 14450
167 153 9294
167 154 9842
167 155 26256
167 156 13111
167 157 14231
167 158 17877
167 159 6750
167 160 15366
167 161 18763
167 162 4649
167 163 25134
167 164 19352
167 165 31175
167 166 9599
167 168 20548
167 169 21956
167 170 35259
167 171 24462
167 172 27078
167 173 22871
167 174 18149
167 175 20212
167 176 3174
167 177 20197
167 178 21751
167 179 21680
167 180 16124
167 181 14265
167 182 5507
167 183 12374
167 184 13001
167 185 18683
167 186 35777
167 187 34462
167 188 17683
167 189 11944
167 190 624
167 191 28594
167 192 29431
167 193 25143
167 194 8482
167 195 16500
167 196 13204
167 197 28202
167 198 21056
167 199 18967
167 200 2109
168 1 29592
168 2 44490
168 3 44144
168 4 52993
168 5 19884
168 6 30276
168 7 10766
168 8 10076
168 9 37193
168 10 17060
168 11 7440
168 12 42120
168 13 32941
168 14 37930
168 15 44632
168 16 27609
168 17 19743
168 18 15398
168 19 -137
168 20 33252
168 21 48085
168 22 54843
168 23 53525
168 24 53806
168 25 61212
168 26 40762
168 27 27800
168 28 35873
168 29 50701
168 30 24493
168 31 15641
168 32 19323
168 33 40386
168 34 45997
168 35 48690
168 36 -569
168 37 35376
168 38 39338
168 39 54303
168 40 41369
168 41 53666
168 42 42961
168 43 44207
168 44 36037
168 45 10275
168 46 645
168 47 -8334
168 48 -5968
168 49 -408
168 50 35529
168 51 35513
168 52 20662
168 53 36656
168 54 48796
168 55 61289
168 56 58333
168 57 46289
168 58 37494
168 59 27903
168 60 22749
168 61 27519
168 62 9451
168 63 17083
168 64 598
168 65 37818
168 66 26211
168 67 57320
168 68 42162
168 69 27958
168 70 25851
168 71 41419
168 72 48370
168 73 49074
168 74 53725
168 75 53330
168 76 39205
168 77 42075
168 78 47650
168 79 42418
168 80 48847
168 81 37869
168 82 5287
168 83 15790
168 84 20731
168 85 24782
168 86 23790
168 87 35065
168 88 14989
168 89 23921
168 90 21127
168 91 35538
168 92 35934
168 93 28069
168 94 29170
168 95 31538
168 96 29742
168 97 35447
168 98 33677
168 99 30172
168 100 34344
168 101 26067
168 102 33016
168 103 33942
168 104 30166
168 105 36490
168 106 11260
168 107 3249
168 108 15583
168 109 46249
168 110 52614
168 111 33167
168 112 29678
168 113 22089
168 114 7707
168 115 44812
168 116 42446
168 117 36341
168 118 15431
168 119 38928
168 120 40441
168 121 49534
168 122 29365
168 123 402
168 124 -1278
168 125 10051
168 126 16481
168 127 19903
168 128 27063
168 129 47372
168 130 50950
168 131 24450
168 132 27874
168 133 52965
168 134 47925
168 135 46741
168 136 51903
168 137 38705
168 138 39475
168 139 60323
168 140 38339
168 141 31158
168 142 43148
168 143 -117
168 144 40682
168 145 48174
168 146 27637
168 147 24760
168 148 11133
168 149 43319
168 150 47586
168 151 32640
168 152 36563
168 153 13531
168 154 36519
168 155 52110
168 156 35669
168 157 37640
168 158 43151
168 159 7460
168 160 24852
168 161 35221
168 162 23845
168 163 51779
168 164 40581
168 165 57858
168 166 18501
168 167 23429
168 169 46281
168 170 61464
168 171 47012
168 172 41537
168 173 23739
168 174 5283
168 175 5914
168 176 28454
168 177 47021
168 178 41387
168 179 47938
168 180 40876
168 181 11935
168 182 4636
168 183 27727
168 184 39548
168 185 42269
168 186 60166
168 187 60276
168 188 30900
168 189 17043
168 190 15756
168 191 33504
168 192 36871
168 193 32567
168 194 10255
168 195 43026
168 196 39365
168 197 52570
168 198 45999
168 199 15375
168 200 26311
169 1 17859
169 2 38728
169 3 4463
169 4 23443
169 5 43530
169 6 40893
169 7 40284
169 8 49278
169 9 4911
169 10 29858
169 11 38537
169 12 13747
169 13 34906
169 14 51980
169 15 43078
169 16 50654
169 17 53212
169 18 38737
169 19 41160
169 20 20186
169 21 29930
169 22 38060
169 23 28411
169 24 7340
169 25 22799
169 26 21114
169 27 25431
169 28 22364
169 29 272
169 30 18296
169 31 24537
169 32 24459
169 33 6054
169 34 -2396
169 35 10974
169 36 52557
169 37 48211
169 38 59581
169 39 23002
169 40 29356
169 41 40208
169 42 48819
169 43 48937
169 44 55283
169 45 48913
169 46 50015
169 47 45255
169 48 37538
169 49 46687
169 50 11511
169 51 11864
169 52 33813
169 53 29351
169 54 13370
169 55 23024
169 56 33216
169 57 43501
169 58 31192
169 59 41235
169 60 46467
169 61 50841
169 62 33612
169 63 35696
169 64 33985
169 65 9809
169 66 10926
169 67 23377
169 68 2999
169 69 23567
169 70 24100
169 71 12558
169 72 28539
169 73 32519
169 74 35482
169 75 32339
169 76 11144
169 77 6491
169 78 -381
169 79 -1244
169 80 10682
169 81 1046
169 82 41481
169 83 45387
169 84 49410
169 85 42908
169 86 50761
169 87 37923
169 88 33747
169 89 35177
169 90 32889
169 91 53282
169 92 47240
169 93 44947
169 94 37232
169 95 39863
169 96 43139
169 97 42767
169 98 48050
169 99 45632
169 100 48547
169 101 23101
169 102 5446
169 103 9072
169 104 45626
169 105 24455
169 106 37272
169 107 40053
169 108 26794
169 109 15512
169 110 27097
169 111 18108
169 112 32006
169 113 52297
169 114 43748
169 115 37783
169 116 9112
169 117 41763
169 118 38513
169 119 55958
169 120 3579
169 121 716
169 122 18282
169 123 40203
169 124 48747
169 125 47842
169 126 35159
169 127 29431
169 128 18198
169 129 1723
169 130 15389
169 131 26229
169 132 21281
169 133 35162
169 134 6099
169 135 8281
169 136 17384
169 137 37355
169 138 19199
169 139 28798
169 140 58982
169 141 52684
169 142 51511
169 143 50142
169 144 40584
169 145 37674
169 146 30357
169 147 36227
169 148 32758
169 149 19722
169 150 9421
169 151 43946
169 152 30261
169 153 38362
169 154 16243
169 155 22560
169 156 35313
169 157 8369
169 158 3470
169 159 27840
169 160 20704
169 161 6734
169 162 24535
169 163 7770
169 164 -3428
169 165 19947
169 166 37897
169 167 25871
169 168 47315
169 170 24895
169 171 30925
169 172 45508
169 173 50449
169 174 47357
169 175 42360
169 176 16023
169 177 11683
169 178 35549
169 179 19673
169 180 24602
169 181 23976
169 182 31605
169 183 36527
169 184 9959
169 185 3159
169 186 34648
169 187 27900
169 188 15037
169 189 29841
169 190 25978
169 191 53219
169 192 52454
169 193 49289
169 194 36833
169 195 16110
169 196 7623
169 197 29701
169 198 24011
169 199 48117
169 200 22856
170 1 39847
170 2 28763
170 3 29741
170 4 7111
170 5 46652
170 6 43758
170 7 56648
170 8 60101
170 9 38316
170 10 54094
170 11 61907
170 12 22456
170 13 33141
170 14 42697
170 15 26586
170 16 47916
170 17 56500
170 18 48821
170 19 61332
170 20 51298
170 21 19013
170 22 17809
170 23 -942
170 24 15022
170 25 722
170 26 22756
170 27 37731
170 28 32628
170 29 22018
170 30 46075
170 31 44942
170 32 53389
170 33 36367
170 34 31000
170 35 45033
170 36 70185
170 37 44123
170 38 49841
170 39 -6729
170 40 25759
170 41 19590
170 42 38522
170 43 33774
170 44 48989
170 45 56649
170 46 62486
170 47 62276
170 48 53590
170 49 67945
170 50 34557
170 51 42633
170 52 47058
170 53 32734
170 54 11216
170 55 7491
170 56 9261
170 57 30699
170 58 29444
170 59 39825
170 60 52264
170 61 50297
170 62 55146
170 63 62303
170 64 59814
170 65 43936
170 66 44148
170 67 -10858
170 68 19108
170 69 42479
170 70 48890
170 71 46687
170 72 12303
170 73 18876
170 74 17023
170 75 10385
170 76 29583
170 77 27975
170 78 33824
170 79 28927
170 80 23232
170 81 33311
170 82 55215
170 83 53002
170 84 53218
170 85 40705
170 86 47591
170 87 30790
170 88 52697
170 89 42079
170 90 60044
170 91 49300
170 92 44254
170 93 43858
170 94 37614
170 95 37963
170 96 43842
170 97 38556
170 98 44794
170 99 45758
170 100 43459
170 101 45585
170 102 31318
170 103 42127
170 104 45752
170 105 26559
170 106 52063
170 107 61915
170 108 52184
170 109 21085
170 110 14495
170 111 33043
170 112 36477
170 113 52816
170 114 54217
170 115 26619
170 116 27319
170 117 38776
170 118 43634
170 119 48751
170 120 37310
170 121 23000
170 122 45594
170 123 59278
170 124 63939
170 125 55635
170 126 61459
170 127 46949
170 128 49103
170 129 32651
170 130 9275
170 131 55756
170 132 39719
170 133 14327
170 134 10713
170 135 42444
170 136 51442
170 137 32584
170 138 27496
170 139 2733
170 140 49701
170 141 48225
170 142 40786
170 143 69812
170 144 30631
170 145 20551
170 146 41238
170 147 40693
170 148 53085
170 149 18113
170 150 21971
170 151 40960
170 152 28513
170 153 51896
170 154 24540
170 155 6228
170 156 41699
170 157 35598
170 158 28748
170 159 50405
170 160 50417
170 161 40522
170 162 45639
170 163 16148
170 164 30758
170 165 6717
170 166 45267
170 167 41194
170 168 64518
170 169 26915
170 171 13591
170 172 35310
170 173 52422
170 174 57872
170 175 64607
170 176 35536
170 177 18856
170 178 24744
170 179 13946
170 180 21475
170 181 53400
170 182 50090
170 183 38541
170 184 26066
170 185 33522
170 186 8464
170 187 922
170 188 46968
170 189 54077
170 190 44828
170 191 48472
170 192 45445
170 193 45160
170 194 52233
170 195 17104
170 196 26858
170 197 10618
170 198 12910
170 199 56220
170 200 30332
171 1 32960
171 2 7467
171 3 30685
171 4 7619
171 5 26816
171 6 25242
171 7 42338
171 8 42381
171 9 39289
171 10 44723
171 11 50498
171 12 18859
171 13 13937
171 14 20695
171 15 5603
171 16 26308
171 17 35981
171 18 32107
171 19 47879
171 20 48154
171 21 4244
171 22 -407
171 23 -1554
171 24 24412
171 25 16775
171 26 13384
171 27 25731
171 28 22844
171 29 29175
171 30 40406
171 31 34390
171 32 46973
171 33 36230
171 34 36945
171 35 49307
171 36 54401
171 37 22733
171 38 27993
171 39 2977
171 40 10177
171 41 915
171 42 16499
171 43 12648
171 44 27004
171 45 37513
171 46 44687
171 47 46746
171 48 38195
171 49 54074
171 50 30610
171 51 40740
171 52 32940
171 53 18432
171 54 14339
171 55 19475
171 56 5163
171 57 8682
171 58 12397
171 59 19222
171 60 33545
171 61 29217
171 62 43562
171 63 53402
171 64 49022
171 65 47292
171 66 42956
171 67 4439
171 68 20818
171 69 33260
171 70 41417
171 71 48457
171 72 -2559
171 73 672
171 74 -1002
171 75 -1493
171 76 26254
171 77 27516
171 78 38040
171 79 31092
171 80 24985
171 81 34276
171 82 39158
171 83 34562
171 84 33241
171 85 19480
171 86 25773
171 87 9343
171 88 40478
171 89 25327
171 90 52073
171 91 27669
171 92 23303
171 93 23058
171 94 18359
171 95 17715
171 96 24039
171 97 17579
171 98 23525
171 99 25514
171 100 21769
171 101 37406
171 102 28754
171 103 41828
171 104 25508
171 105 13494
171 106 37309
171 107 49443
171 108 43474
171 109 19025
171 110 8572
171 111 24989
171 112 20142
171 113 31636
171 114 36575
171 115 5096
171 116 26025
171 117 18474
171 118 24680
171 119 26742
171 120 39239
171 121 28848
171 122 40395
171 123 45485
171 124 47674
171 125 36594
171 126 52415
171 127 35127
171 128 45337
171 129 35419
171 130 13810
171 131 50015
171 132 30739
171 133 -2463
171 134 17315
171 135 46422
171 136 55495
171 137 12656
171 138 19821
171 139 10795
171 140 27802
171 141 26379
171 142 18804
171 143 55142
171 144 8759
171 145 -913
171 146 27672
171 147 22786
171 148 41200
171 149 10833
171 150 23724
171 151 20009
171 152 11466
171 153 36660
171 154 16865
171 155 6736
171 156 26818
171 157 33686
171 158 29692
171 159 39593
171 160 45430
171 161 41500
171 162 36420
171 163 23195
171 164 35111
171 165 17042
171 166 27704
171 167 29490
171 168 49159
171 169 32038
171 170 12684
171 172 13298
171 173 31917
171 174 39764
171 175 52306
171 176 28064
171 177 19738
171 178 3167
171 179 10771
171 180 8571
171 181 46530
171 182 36945
171 183 19904
171 184 23196
171 185 34480
171 186 6255
171 187 10964
171 188 44691
171 189 44706
171 190 33476
171 191 26638
171 192 23462
171 193 23547
171 194 37714
171 195 12505
171 196 24926
171 197 912
171 198 2541
171 199 37735
171 200 16659
172 1 35835
172 2 7467
172 3 40033
172 4 24414
172 5 13449
172 6 16776
172 7 35719
172 8 31038
172 9 46246
172 10 42852
172 11 45572
172 12 28613
172 13 8147
172 14 2942
172 15 -1578
172 16 9059
172 17 20456
172 18 23641
172 19 40922
172 20 51506
172 21 17421
172 22 15666
172 23 14928
172 24 38775
172 25 34262
172 26 21850
172 27 25731
172 28 26959
172 29 41749
172 30 42277
172 31 32599
172 32 46973
172 33 43639
172 34 47303
172 35 57765
172 36 44142
172 37 6953
172 38 10653
172 39 20961
172 40 15967
172 41 11678
172 42 -1290
172 43 -171
172 44 9022
172 45 24043
172 46 32453
172 47 37281
172 48 29485
172 49 45746
172 50 36440
172 51 46000
172 52 28475
172 53 20214
172 54 28609
172 55 36332
172 56 23127
172 57 2723
172 58 13534
172 59 5810
172 60 22187
172 61 13183
172 62 39362
172 63 50888
172 64 43696
172 65 54239
172 66 47005
172 67 21860
172 68 31881
172 69 34282
172 70 42236
172 71 55077
172 72 14411
172 73 15111
172 74 16998
172 75 16209
172 76 33840
172 77 36556
172 78 47898
172 79 40511
172 80 36571
172 81 42046
172 82 30205
172 83 22976
172 84 19082
172 85 3523
172 86 8023
172 87 -2035
172 88 36525
172 89 18902
172 90 50761
172 91 10585
172 92 9382
172 93 8428
172 94 9555
172 95 6806
172 96 12522
172 97 5025
172 98 7906
172 99 12537
172 100 4727
172 101 38305
172 102 35128
172 103 47449
172 104 12531
172 105 18053
172 106 30626
172 107 43423
172 108 42033
172 109 30286
172 110 24191
172 111 29167
172 112 16767
172 113 15019
172 114 25591
172 115 6992
172 116 35115
172 117 8801
172 118 13011
172 119 8742
172 120 47043
172 121 40944
172 122 43169
172 123 38453
172 124 37552
172 125 23341
172 126 49857
172 127 32659
172 128 47941
172 129 45147
172 130 28939
172 131 50649
172 132 32312
172 133 14155
172 134 31377
172 135 54893
172 136 63479
172 137 8473
172 138 26867
172 139 28723
172 140 10315
172 141 8637
172 142 1440
172 143 46093
172 144 -911
172 145 6598
172 146 25719
172 147 14942
172 148 37114
172 149 21936
172 150 35310
172 151 6088
172 152 12603
172 153 29640
172 154 23911
172 155 23531
172 156 25247
172 157 40305
172 158 39040
172 159 36197
172 160 47097
172 161 47889
172 162 36420
172 163 36960
172 164 44423
172 165 33590
172 166 18714
172 167 28376
172 168 39954
172 169 42891
172 170 30673
172 171 9568
172 173 16881
172 174 27641
172 175 46388
172 176 31177
172 177 31836
172 178 3167
172 179 24576
172 180 16934
172 181 45401
172 182 31494
172 183 11821
172 184 31662
172 185 42890
172 186 23975
172 187 28898
172 188 48615
172 189 42835
172 190 31132
172 191 8949
172 192 5490
172 193 6573
172 194 31188
172 195 23888
172 196 33381
172 197 18670
172 198 17006
172 199 25780
172 200 16659
173 1 33455
173 2 24019
173 3 44017
173 4 39302
173 5 -2327
173 6 13889
173 7 22006
173 8 12071
173 9 45425
173 10 32898
173 11 31306
173 12 35678
173 13 14733
173 14 9979
173 15 19311
173 16 -343
173 17 -238
173 18 10982
173 19 24901
173 20 46393
173 21 32101
173 22 34902
173 23 34494
173 24 48450
173 25 49228
173 26 30414
173 27 24104
173 28 29978
173 29 48765
173 30 36422
173 31 24521
173 32 37762
173 33 44579
173 34 50362
173 35 57765
173 36 24611
173 37 9775
173 38 11951
173 39 38492
173 40 26683
173 41 32033
173 42 17090
173 43 17120
173 44 7989
173 45 3207
173 46 11947
173 47 18826
173 48 12458
173 49 27534
173 50 37184
173 51 43878
173 52 20390
173 53 25292
173 54 39734
173 55 50244
173 56 41052
173 57 23041
173 58 22213
173 59 4497
173 60 7825
173 61 -498
173 62 27014
173 63 38890
173 64 27921
173 65 51534
173 66 41646
173 67 40626
173 68 38507
173 69 30749
173 70 36061
173 71 52901
173 72 31145
173 73 31457
173 74 35077
173 75 34751
173 76 37323
173 77 40793
173 78 50958
173 79 43916
173 80 44043
173 81 42934
173 82 13886
173 83 5630
173 84 -1349
173 85 -2121
173 86 -2331
173 87 12303
173 88 25827
173 89 13455
173 90 40359
173 91 7904
173 92 12063
173 93 2889
173 94 10588
173 95 10321
173 96 9007
173 97 12615
173 98 7906
173 99 7439
173 100 7500
173 101 33167
173 102 35825
173 103 44766
173 104 7433
173 105 25099
173 106 17731
173 107 28130
173 108 32225
173 109 38788
173 110 38550
173 111 30533
173 112 17516
173 113 -2460
173 114 7425
173 115 24283
173 116 39917
173 117 15514
173 118 -1111
173 119 10875
173 120 47317
173 121 47603
173 122 38800
173 123 22759
173 124 18786
173 125 2710
173 126 37929
173 127 25017
173 128 41776
173 129 48801
173 130 41022
173 131 42128
173 132 29648
173 133 33288
173 134 41315
173 135 55136
173 136 62579
173 137 19496
173 138 32511
173 139 45391
173 140 10983
173 141 3190
173 142 16200
173 143 27436
173 144 17639
173 145 26543
173 146 22743
173 147 10476
173 148 25516
173 149 32309
173 150 42782
173 151 8769
173 152 21282
173 153 16975
173 154 29555
173 155 38419
173 156 25915
173 157 40980
173 158 43024
173 159 24635
173 160 40081
173 161 45838
173 162 30611
173 163 46248
173 164 46241
173 165 47104
173 166 7983
173 167 23799
173 168 21786
173 169 47462
173 170 47415
173 171 27817
173 172 16511
173 174 7654
173 175 31097
173 176 29914
173 177 40438
173 178 20513
173 179 36556
173 180 27595
173 181 34203
173 182 18607
173 183 10854
173 184 36341
173 185 45072
173 186 42430
173 187 45534
173 188 43951
173 189 32881
173 190 22985
173 191 5434
173 192 9005
173 193 5207
173 194 18194
173 195 33528
173 196 37472
173 197 35697
173 198 31253
173 199 7177
173 200 17889
174 1 31360
174 2 35828
174 3 44889
174 4 47807
174 5 8465
174 6 21951
174 7 13001
174 8 38
174 9 41941
174 10 24283
174 11 18781
174 12 39793
174 13 24704
174 14 25496
174 15 33896
174 16 14790
174 17 6590
174 18 9324
174 19 11440
174 20 40053
174 21 41591
174 22 46760
174 23 46066
174 24 52547
174 25 57033
174 26 36517
174 27 25431
174 28 33182
174 29 50956
174 30 30357
174 31 18912
174 32 28464
174 33 43077
174 34 49216
174 35 54111
174 36 9089
174 37 24153
174 38 26234
174 39 48346
174 40 35118
174 41 44800
174 42 31829
174 43 32470
174 44 23264
174 45 -2874
174 46 -2914
174 47 3704
174 48 -808
174 49 12243
174 50 36678
174 51 40061
174 52 18458
174 53 31430
174 54 45646
174 55 57468
174 56 51579
174 57 36465
174 58 30748
174 59 17328
174 60 12794
174 61 15026
174 62 16990
174 63 27681
174 64 13686
174 65 45470
174 66 34362
174 67 51108
174 68 41345
174 69 28812
174 70 30547
174 71 47844
174 72 41458
174 73 41894
174 74 46202
174 75 45924
174 76 38838
174 77 42195
174 78 50241
174 79 44005
174 80 47518
174 81 41070
174 82 3414
174 83 5363
174 84 8300
174 85 12916
174 86 10641
174 87 25230
174 88 18549
174 89 17518
174 90 30471
174 91 23353
174 92 25340
174 93 16781
174 94 20394
174 95 21934
174 96 19894
174 97 25388
174 98 22336
174 99 19620
174 100 22606
174 101 29104
174 102 34834
174 103 39863
174 104 19614
174 105 31498
174 106 10820
174 107 14980
174 108 23389
174 109 43582
174 110 47135
174 111 31975
174 112 23521
174 113 8943
174 114 -1512
174 115 36175
174 116 41949
174 117 27035
174 118 5221
174 119 26336
174 120 44601
174 121 49725
174 122 34046
174 123 9974
174 124 3654
174 125 -3060
174 126 26864
174 127 20968
174 128 34595
174 129 48968
174 130 47462
174 131 33278
174 132 28343
174 133 45019
174 134 45984
174 135 51804
174 136 58101
174 137 30306
174 138 36631
174 139 54721
174 140 25233
174 141 18318
174 142 31456
174 143 12034
174 144 30852
174 145 39223
174 146 24354
174 147 17011
174 148 16735
174 149 38967
174 150 46257
174 151 22046
174 152 29817
174 153 11394
174 154 33675
174 155 46924
174 156 30625
174 157 39769
174 158 43896
174 159 15036
174 160 32503
174 161 41151
174 162 26489
174 163 50349
174 164 44326
174 165 54136
174 166 10829
174 167 22615
174 168 6868
174 169 47908
174 170 56403
174 171 39202
174 172 30809
174 173 11192
174 175 17859
174 176 29060
174 177 44867
174 178 32577
174 179 43611
174 180 35345
174 181 23007
174 182 9322
174 183 19422
174 184 38642
174 185 44387
174 186 53243
174 187 54781
174 188 37747
174 189 24266
174 190 17958
174 191 20865
174 192 24528
174 193 20543
174 194 10699
174 195 39399
174 196 39104
174 197 45900
174 198 40127
174 199 4198
174 200 22009
175 1 25137
175 2 47947
175 3 39332
175 4 52719
175 5 27260
175 6 34675
175 7 12554
175 8 19174
175 9 29229
175 10 9283
175 11 -3611
175 12 39987
175 13 36608
175 14 45577
175 15 49893
175 16 36148
175 17 29493
175 18 20169
175 19 -2876
175 20 24162
175 21 49327
175 22 57259
175 23 55023
175 24 50078
175 25 59754
175 26 40400
175 27 27271
175 28 34782
175 29 45841
175 30 16581
175 31 11719
175 32 8936
175 33 34152
175 34 38824
175 35 39956
175 36 6893
175 37 41835
175 38 48389
175 39 54422
175 40 42805
175 41 56831
175 42 48943
175 43 50683
175 44 44348
175 45 20258
175 46 11947
175 47 2708
175 48 1024
175 49 -1072
175 50 30960
175 51 28021
175 52 21717
175 53 37707
175 54 46874
175 55 59624
175 56 59354
175 57 50760
175 58 39618
175 59 33927
175 60 29340
175 61 35690
175 62 3538
175 63 6059
175 64 -8089
175 65 27649
175 66 15990
175 67 57424
175 68 38507
175 69 24796
175 70 19392
175 71 32142
175 72 49802
175 73 50875
175 74 55667
175 75 55033
175 76 35659
175 77 37872
175 78 41103
175 79 36837
175 80 45586
175 81 31120
175 82 11587
175 83 23309
175 84 29192
175 85 32081
175 86 33264
175 87 39877
175 88 12525
175 89 27266
175 90 10848
175 91 43099
175 92 41830
175 93 34839
175 94 33634
175 95 36553
175 96 35298
175 97 40701
175 98 40322
175 99 36337
175 100 41304
175 101 21107
175 102 27749
175 103 25204
175 104 36331
175 105 37079
175 106 13724
175 107 -6381
175 108 6921
175 109 44239
175 110 52760
175 111 30889
175 112 32048
175 113 31636
175 114 15950
175 115 48176
175 116 38786
175 117 40953
175 118 22079
175 119 46899
175 120 32846
175 121 44806
175 122 22312
175 123 402
175 124 9599
175 125 19797
175 126 5618
175 127 18047
175 128 17501
175 129 41734
175 130 49238
175 131 14195
175 132 24857
175 133 55225
175 134 44890
175 135 38292
175 136 42631
175 137 42254
175 138 38109
175 139 60199
175 140 47407
175 141 39663
175 142 49757
175 143 2939
175 144 45312
175 145 51566
175 146 28191
175 147 28901
175 148 7144
175 149 42817
175 150 44325
175 151 38536
175 152 38687
175 153 16668
175 154 35153
175 155 51836
175 156 37111
175 157 32050
175 158 38339
175 159 493
175 160 15366
175 161 26362
175 162 19573
175 163 48305
175 164 33113
175 165 56155
175 166 23461
175 167 22208
175 168 5029
175 169 40441
175 170 60668
175 171 49274
175 172 47086
175 173 32165
175 174 15389
175 176 24928
175 177 44446
175 178 44944
175 179 47169
175 180 41576
175 181 642
175 182 3377
175 183 31960
175 184 36341
175 185 36376
175 186 61275
175 187 60031
175 188 21673
175 189 9266
175 190 13021
175 191 41654
175 192 44485
175 193 39922
175 194 12325
175 195 41858
175 196 35590
175 197 53663
175 198 46606
175 199 23603
175 200 27021
176 1 -165
176 2 27232
176 3 10883
176 4 24111
176 5 23730
176 6 22374
176 7 19614
176 8 28183
176 9 10818
176 10 13486
176 11 21547
176 12 10268
176 13 19205
176 14 35947
176 15 31928
176 16 32055
176 17 32832
176 18 17822
176 19 22182
176 20 15560
176 21 23479
176 22 32653
176 23 28169
176 24 20399
176 25 30023
176 26 12847
176 27 5756
176 28 7657
176 29 17292
176 30 7272
176 31 4942
176 32 14024
176 33 9621
176 34 15620
176 35 23014
176 36 32806
176 37 31155
176 38 42743
176 39 25895
176 40 18552
176 41 33603
176 42 34487
176 43 36004
176 44 37852
176 45 27930
176 46 29066
176 47 25148
176 48 17011
176 49 28563
176 50 2561
176 51 9885
176 52 12776
176 53 14643
176 54 17068
176 55 29832
176 56 32164
176 57 31811
176 58 17749
176 59 23459
176 60 26173
176 61 31780
176 62 15127
176 63 21805
176 64 19218
176 65 18252
176 66 10908
176 67 28636
176 68 8735
176 69 2670
176 70 8621
176 71 19145
176 72 23792
176 73 25827
176 74 30375
176 75 29025
176 76 5770
176 77 8564
176 78 16377
176 79 9881
176 80 15645
176 81 7951
176 82 20489
176 83 24603
176 84 29192
176 85 24724
176 86 31862
176 87 23451
176 88 13680
176 89 15503
176 90 19789
176 91 35538
176 92 30143
176 93 26655
176 94 19762
176 95 22964
176 96 24832
176 97 26645
176 98 30578
176 99 27219
176 100 31528
176 101 4994
176 102 952
176 103 11299
176 104 27213
176 105 12061
176 106 16285
176 107 22030
176 108 11647
176 109 14513
176 110 24868
176 111 2017
176 112 14325
176 113 32509
176 114 22664
176 115 26966
176 116 8988
176 117 25677
176 118 18374
176 119 39020
176 120 12399
176 121 16094
176 122 7395
176 123 20644
176 124 28140
176 125 26868
176 126 20925
176 127 8611
176 128 12423
176 129 14840
176 130 19506
176 131 16924
176 132 198
176 133 30277
176 134 14920
176 135 20300
176 136 28188
176 137 23288
176 138 9503
176 139 31509
176 140 41993
176 141 34595
176 142 36792
176 143 31188
176 144 27511
176 145 29312
176 146 10438
176 147 17176
176 148 13460
176 149 14622
176 150 14384
176 151 26849
176 152 16818
176 153 17277
176 154 6547
176 155 23228
176 156 17533
176 157 6052
176 158 9890
176 159 10046
176 160 12304
176 161 11950
176 162 5179
176 163 18477
176 164 11279
176 165 26361
176 166 17538
176 167 4842
176 168 27241
176 169 13776
176 170 31269
176 171 24704
176 172 31547
176 173 30654
176 174 26262
176 175 24600
176 177 14470
176 178 24274
176 179 18332
176 180 15633
176 181 13826
176 182 11542
176 183 18493
176 184 6354
176 185 10439
176 186 34090
176 187 31198
176 188 12487
176 189 13469
176 190 5621
176 191 35401
176 192 35676
176 193 31708
176 194 15933
176 195 12835
176 196 5863
176 197 26867
176 198 19559
176 199 27210
176 200 5419
177 1 17353
177 2 23867
177 3 7847
177 4 8581
177 5 33401
177 6 30012
177 7 36720
177 8 42929
177 9 17019
177 10 31751
177 11 39982
177 12 1154
177 13 22069
177 14 38188
177 15 27766
177 16 38722
177 17 43597
177 18 31493
177 19 40359
177 20 28717
177 21 14378
177 22 22431
177 23 13845
177 24 4048
177 25 11844
177 26 7125
177 27 18152
177 28 12975
177 29 5989
177 30 23253
177 31 23280
177 32 30565
177 33 14316
177 34 13247
177 35 25961
177 36 50403
177 37 35429
177 38 45982
177 39 9507
177 40 15021
177 41 24557
177 42 34487
177 43 33942
177 44 42321
177 45 41190
177 46 44833
177 47 42560
177 48 34070
177 49 46864
177 50 11742
177 51 20202
177 52 27869
177 53 17367
177 54 -892
177 55 11605
177 56 18199
177 57 28468
177 58 17749
177 59 29167
177 60 37340
177 61 39526
177 62 33523
177 63 39701
177 64 37486
177 65 24375
177 66 22207
177 67 11472
177 68 -2719
177 69 20751
177 70 26276
177 71 26001
177 72 12896
177 73 16920
177 74 19845
177 75 16892
177 76 6826
177 77 5415
177 78 14470
177 79 7898
177 80 1314
177 81 11826
177 82 36529
177 83 37253
177 84 39753
177 85 30873
177 86 38913
177 87 23965
177 88 31657
177 89 25919
177 90 37334
177 91 40775
177 92 34647
177 93 33155
177 94 25388
177 95 27384
177 96 31696
177 97 29659
177 98 35551
177 99 34122
177 100 35604
177 101 23239
177 102 8563
177 103 20354
177 104 34116
177 105 11554
177 106 32661
177 107 40421
177 108 29657
177 109 646
177 110 11543
177 111 11683
177 112 21203
177 113 41636
177 114 37127
177 115 22725
177 116 4521
177 117 28834
177 118 29092
177 119 42699
177 120 16482
177 121 5346
177 122 22770
177 123 38608
177 124 44928
177 125 40106
177 126 38893
177 127 26084
177 128 26442
177 129 12041
177 130 1627
177 131 32936
177 132 18007
177 133 19563
177 134 -2851
177 135 23114
177 136 32263
177 137 23598
177 138 7848
177 139 15078
177 140 45485
177 141 40249
177 142 37226
177 143 49249
177 144 26018
177 145 22100
177 146 22573
177 147 25983
177 148 31722
177 149 4529
177 150 53
177 151 31353
177 152 16818
177 153 32987
177 154 4892
177 155 7698
177 156 25111
177 157 12966
177 158 6854
177 159 28485
177 160 27620
177 161 19349
177 162 23618
177 163 1841
177 164 11614
177 165 8154
177 166 29236
177 167 20762
177 168 44705
177 169 8333
177 170 13486
177 171 15275
177 172 31103
177 173 40075
177 174 40966
177 175 43015
177 176 13367
177 178 20587
177 179 4051
177 180 9955
177 181 30577
177 182 29373
177 183 25249
177 184 3347
177 185 11879
177 186 19836
177 187 14486
177 188 24591
177 189 31734
177 190 23598
177 191 40628
177 192 39166
177 193 36696
177 194 32603
177 195 880
177 196 4037
177 197 14234
177 198 8362
177 199 40313
177 200 12914
178 1 30376
178 2 -1382
178 3 32075
178 4 14977
178 5 17614
178 6 16952
178 7 35398
178 8 33835
178 9 39351
178 10 39965
178 11 44472
178 12 20262
178 13 5794
178 14 12421
178 15 1561
178 16 16913
178 17 26543
178 18 24284
178 19 40984
178 20 46154
178 21 7943
178 22 8093
178 23 7670
178 24 29509
178 25 24904
178 26 13560
178 27 21271
178 28 20497
178 29 32896
178 30 37519
178 31 29502
178 32 43254
178 33 36454
178 34 39192
178 35 50381
178 36 46369
178 37 13257
178 38 20134
178 39 12264
178 40 7824
178 41 5992
178 42 8179
178 43 7081
178 44 18072
178 45 28428
178 46 35982
178 47 38926
178 48 30565
178 49 46763
178 50 29720
178 51 39735
178 52 26618
178 53 14252
178 54 19277
178 55 26866
178 56 14547
178 57 1640
178 58 7183
178 59 9852
178 60 24796
178 61 19731
178 62 37735
178 63 48479
178 64 42953
178 65 47517
178 66 41442
178 67 13925
178 68 23327
178 69 29611
178 70 37901
178 71 48404
178 72 5198
178 73 5727
178 74 8400
178 75 7988
178 76 26356
178 77 28645
178 78 39903
178 79 32589
178 80 27850
178 81 34768
178 82 31362
178 83 25841
178 84 23953
178 85 9994
178 86 16526
178 87 -140
178 88 34633
178 89 17926
178 90 47687
178 91 18279
178 92 13851
178 93 13615
178 94 9768
178 95 8567
178 96 14991
178 97 8143
178 98 14039
178 99 16247
178 100 12410
178 101 33839
178 102 28255
178 103 41126
178 104 16241
178 105 10896
178 106 30275
178 107 42948
178 108 38953
178 109 21526
178 110 14705
178 111 22880
178 112 13612
178 113 22153
178 114 28102
178 115 -2448
178 116 27137
178 117 9381
178 118 15838
178 119 17946
178 120 39812
178 121 32199
178 122 37943
178 123 38519
178 124 39599
178 125 27549
178 126 47460
178 127 29819
178 128 42952
178 129 37131
178 130 19506
178 131 46617
178 132 27348
178 133 6461
178 134 22130
178 135 47484
178 136 56302
178 137 4364
178 138 19269
178 139 19683
178 140 19802
178 141 17165
178 142 10841
178 143 47543
178 144 -284
178 145 467
178 146 22231
178 147 14784
178 148 35364
178 149 13001
178 150 26589
178 151 10557
178 152 6252
178 153 29454
178 154 16313
178 155 14094
178 156 21222
178 157 33365
178 158 31082
178 159 34129
178 160 42528
178 161 41273
178 162 32369
178 163 27785
178 164 36664
178 165 24107
178 166 19590
178 167 24667
178 168 41422
178 169 34550
178 170 21725
178 171 1055
178 172 4785
178 173 22501
178 174 31027
178 175 45864
178 176 25522
178 177 22938
178 179 15230
178 180 8339
178 181 42336
178 182 30511
178 183 11632
178 184 23839
178 185 35325
178 186 15740
178 187 19859
178 188 43026
178 189 39948
178 190 28282
178 191 17411
178 192 14545
178 193 14146
178 194 30761
178 195 14995
178 196 25622
178 197 9620
178 198 7525
178 199 28955
178 200 11889
179 1 22330
179 2 16853
179 3 16082
179 4 1289
179 5 30417
179 6 27042
179 7 38236
179 8 42348
179 9 25151
179 10 36179
179 11 43675
179 12 5275
179 13 17521
179 14 31851
179 15 19892
179 16 34021
179 17 40607
179 18 30910
179 19 42901
179 20 35767
179 21 6393
179 22 13895
179 23 6058
179 24 9809
179 25 8957
179 26 4417
179 27 19294
179 28 14213
179 29 13947
179 30 29292
179 31 26702
179 32 36493
179 33 22224
179 34 21768
179 35 34467
179 36 51834
179 37 30291
179 38 39659
179 39 3071
179 40 9570
179 41 16061
179 42 27779
179 43 26403
179 44 36709
179 45 39566
179 46 44641
179 47 43920
179 48 35247
179 49 49513
179 50 18065
179 51 27603
179 52 28690
179 53 14930
179 54 -446
179 55 9406
179 56 10144
179 57 21053
179 58 13133
179 59 24791
179 60 35243
179 61 35429
179 62 36839
179 63 44618
179 64 41766
179 65 32780
179 66 29844
179 67 5894
179 68 5783
179 69 24354
179 70 31392
179 71 34239
179 72 4378
179 73 8714
179 74 11316
179 75 8419
179 76 13105
179 77 13224
179 78 23010
179 79 16317
179 80 9857
179 81 19986
179 82 37014
179 83 35703
179 84 36955
179 85 26291
179 86 34124
179 87 17878
179 88 34295
179 89 24416
179 90 42595
179 91 35711
179 92 29798
179 93 28886
179 94 21574
179 95 22835
179 96 27979
179 97 24422
179 98 30653
179 99 30219
179 100 30221
179 101 27800
179 102 15603
179 103 28204
179 104 30213
179 105 8679
179 106 33703
179 107 43550
179 108 34456
179 109 4484
179 110 3041
179 111 14946
179 112 18960
179 113 37843
179 114 36470
179 115 15420
179 116 11905
179 117 23930
179 118 26772
179 119 36852
179 120 24787
179 121 13584
179 122 28923
179 123 40839
179 124 45707
179 125 38513
179 126 43725
179 127 28544
179 128 33304
179 129 20527
179 130 94
179 131 39120
179 132 21611
179 133 11019
179 134 2468
179 135 31609
179 136 40745
179 137 18052
179 138 9200
179 139 8700
179 140 39257
179 141 35098
179 142 30495
179 143 51379
179 144 19214
179 145 13872
179 146 22890
179 147 23575
179 148 34725
179 149 -219
179 150 8596
179 151 26504
179 152 12202
179 153 33611
179 154 6244
179 155 406
179 156 23727
179 157 20286
179 158 15089
179 159 32209
179 160 34040
179 161 27464
179 162 27601
179 163 8224
179 164 20145
179 165 6145
179 166 27750
179 167 22769
179 168 46146
179 169 16847
179 170 9100
179 171 6832
179 172 24367
179 173 36717
179 174 40234
179 175 46262
179 176 17753
179 177 4575
179 178 13403
179 180 4533
179 181 36434
179 182 31655
179 183 21994
179 184 9679
179 185 20066
179 186 11940
179 187 8440
179 188 31917
179 189 36162
179 190 26474
179 191 35389
179 192 33342
179 193 31585
179 194 33846
179 195 -1051
179 196 11124
179 197 5767
179 198 0
179 199 38888
179 200 12124
180 1 19922
180 2 9660
180 3 19319
180 4 7997
180 5 21485
180 6 18186
180 7 31478
180 8 34159
180 9 27075
180 10 32083
180 11 38504
180 12 7457
180 13 8536
180 14 23789
180 15 14176
180 16 25136
180 17 31647
180 18 22908
180 19 36697
180 20 35195
180 21 3498
180 22 12556
180 23 9032
180 24 17768
180 25 17443
180 26 827
180 27 13396
180 28 9837
180 29 20348
180 30 27368
180 31 21916
180 32 33992
180 33 24062
180 34 26389
180 35 37774
180 36 44632
180 37 21503
180 38 31598
180 39 8969
180 40 690
180 41 13616
180 42 20075
180 43 19869
180 44 28165
180 45 30924
180 46 36545
180 47 36764
180 48 28074
180 49 43196
180 50 17856
180 51 28021
180 52 21803
180 53 6929
180 54 8041
180 55 18228
180 56 13313
180 57 14444
180 58 4133
180 59 15818
180 60 26543
180 61 26443
180 62 31534
180 63 40759
180 64 36939
180 65 35233
180 66 30129
180 67 11977
180 68 10567
180 69 20387
180 70 28445
180 71 36214
180 72 3968
180 73 5727
180 74 10340
180 75 9277
180 76 13914
180 77 15918
180 78 27119
180 79 19833
180 80 15181
180 81 22289
180 82 29470
180 83 27159
180 84 28039
180 85 17364
180 86 25274
180 87 9580
180 88 28589
180 89 16137
180 90 39250
180 91 26917
180 92 20911
180 93 19907
180 94 12584
180 95 13872
180 96 18986
180 97 15645
180 98 21791
180 99 21219
180 100 21542
180 101 24466
180 102 16178
180 103 29255
180 104 21213
180 105 1030
180 106 26674
180 107 37841
180 108 30726
180 109 8886
180 110 7376
180 111 11951
180 112 10536
180 113 28845
180 114 28275
180 115 8759
180 116 14398
180 117 15030
180 118 18005
180 119 28438
180 120 27327
180 121 19555
180 122 27366
180 123 34441
180 124 38199
180 125 29887
180 126 39792
180 127 22985
180 128 32328
180 129 24350
180 130 9044
180 131 36996
180 132 17814
180 133 10210
180 134 10379
180 135 34874
180 136 43784
180 137 9361
180 138 7018
180 139 15078
180 140 31121
180 141 26350
180 142 22812
180 143 44679
180 144 11646
180 145 9748
180 146 16065
180 147 14890
180 148 29234
180 149 694
180 150 13920
180 151 17617
180 152 3202
180 153 26321
180 154 4062
180 155 7114
180 156 15917
180 157 21203
180 158 18326
180 159 27318
180 160 32391
180 161 29153
180 162 23618
180 163 15794
180 164 23931
180 165 15052
180 166 19343
180 167 17187
180 168 39058
180 169 21750
180 170 16603
180 171 4606
180 172 16699
180 173 27730
180 174 31942
180 175 40643
180 176 15028
180 177 10453
180 178 6486
180 179 4507
180 181 33623
180 182 25499
180 183 13084
180 184 11189
180 185 22712
180 186 15231
180 187 15087
180 188 31806
180 189 32066
180 190 21211
180 191 26669
180 192 24908
180 193 22804
180 194 26946
180 195 2539
180 196 12982
180 197 7625
180 198 668
180 199 30369
180 200 4931
181 1 25627
181 2 56753
181 3 36052
181 4 55507
181 5 41904
181 6 46137
181 7 26467
181 8 36153
181 9 19863
181 10 11713
181 11 8783
181 12 41243
181 13 46508
181 14 59452
181 15 60485
181 16 51403
181 17 46276
181 18 33625
181 19 15279
181 20 13948
181 21 54896
181 22 63900
181 23 59792
181 24 47261
181 25 60152
181 26 44438
181 27 33493
181 28 38919
181 29 41328
181 30 11594
181 31 17280
181 32 -1684
181 33 28763
181 34 29950
181 35 27783
181 36 24490
181 37 54803
181 38 63792
181 39 57210
181 40 49316
181 41 64461
181 42 60856
181 43 62826
181 44 59135
181 45 37513
181 46 30326
181 47 21146
181 48 18375
181 49 13472
181 50 29599
181 51 20919
181 52 31700
181 53 44517
181 54 47435
181 55 59915
181 56 63784
181 57 60648
181 58 47382
181 59 46680
181 60 43612
181 61 50741
181 62 13631
181 63 2941
181 64 -5211
181 65 11825
181 66 996
181 67 59692
181 68 36836
181 69 28161
181 70 18732
181 71 19145
181 72 55295
181 73 57087
181 74 61759
181 75 60568
181 76 35297
181 77 35856
181 78 33915
181 79 31966
181 80 44477
181 81 24384
181 82 27591
181 83 38687
181 84 44895
181 85 46114
181 86 49439
181 87 50658
181 88 22040
181 89 38206
181 90 5530
181 91 57258
181 92 54278
181 93 48427
181 94 44809
181 95 48106
181 96 47782
181 97 52289
181 98 53570
181 99 49415
181 100 54732
181 101 22522
181 102 24858
181 103 14391
181 104 49409
181 105 42902
181 106 26936
181 107 11724
181 108 6779
181 109 45338
181 110 56465
181 111 33606
181 112 41120
181 113 48077
181 114 32338
181 115 56760
181 116 37722
181 117 51902
181 118 36301
181 119 61263
181 120 24022
181 121 40727
181 122 18304
181 123 17538
181 124 27841
181 125 36884
181 126 3792
181 127 25449
181 128 6328
181 129 36620
181 130 49957
181 131 2799
181 132 28004
181 133 61614
181 134 43497
181 135 26896
181 136 29117
181 137 51665
181 138 41122
181 139 62781
181 140 62852
181 141 54771
181 142 62362
181 143 19575
181 144 55625
181 145 59739
181 146 36050
181 147 40323
181 148 16942
181 149 46231
181 150 43216
181 151 50984
181 152 46451
181 153 29825
181 154 38166
181 155 54624
181 156 45159
181 157 28405
181 158 35059
181 159 7917
181 160 5733
181 161 14750
181 162 22687
181 163 46170
181 164 23931
181 165 56486
181 166 36408
181 167 28658
181 168 23447
181 169 34454
181 170 61858
181 171 55895
181 172 58496
181 173 47668
181 174 32934
181 175 13039
181 176 26551
181 177 44405
181 178 53813
181 179 49738
181 180 46953
181 182 15992
181 183 43086
181 184 36243
181 185 31263
181 186 65708
181 187 62382
181 188 10474
181 189 11696
181 190 19935
181 191 56373
181 192 58476
181 193 53852
181 194 25565
181 195 44246
181 196 34539
181 197 58478
181 198 51164
181 199 39612
181 200 34084
182 1 16251
182 2 35893
182 3 30803
182 4 41250
182 5 17243
182 6 22942
182 7 1842
182 8 12658
182 9 24753
182 10 6312
182 11 5393
182 12 29342
182 13 24618
182 14 35106
182 15 38140
182 16 26709
182 17 22038
182 18 9135
182 19 2551
182 20 22086
182 21 37397
182 22 45196
182 23 43094
182 24 40613
182 25 48842
182 26 28882
182 27 15656
182 28 23496
182 29 37364
182 30 12549
182 31 2335
182 32 10870
182 33 27221
182 34 33034
182 35 36665
182 36 12559
182 37 30794
182 38 39103
182 39 42848
182 40 30815
182 41 44750
182 42 37523
182 43 39399
182 44 34511
182 45 13959
182 46 10631
182 47 4984
182 48 -2570
182 49 9155
182 50 22188
182 51 22922
182 52 9638
182 53 25746
182 54 36161
182 55 48808
182 56 47508
182 57 38842
182 58 27547
182 59 22744
182 60 18987
182 61 26055
182 62 -297
182 63 11642
182 64 3758
182 65 27457
182 66 16349
182 67 45882
182 68 28952
182 69 14702
182 70 13148
182 71 30021
182 72 37852
182 73 38862
182 74 43646
182 75 43052
182 76 25981
182 77 28768
182 78 34509
182 79 29111
182 80 35729
182 81 24841
182 82 3690
182 83 14032
182 84 20248
182 85 21644
182 86 24819
182 87 28091
182 88 1648
182 89 15341
182 90 13173
182 91 32768
182 92 30533
182 93 24102
182 94 21861
182 95 24916
182 96 23962
182 97 29103
182 98 29416
182 99 25293
182 100 30521
182 101 12816
182 102 19703
182 103 22157
182 104 25287
182 105 25236
182 106 2343
182 107 3799
182 108 5507
182 109 33540
182 110 41128
182 111 20242
182 112 19967
182 113 23589
182 114 8255
182 115 36112
182 116 29216
182 117 29165
182 118 11695
182 119 36742
182 120 27754
182 121 36201
182 122 16746
182 123 542
182 124 8635
182 125 13153
182 126 10659
182 127 6865
182 128 16567
182 129 34069
182 130 38418
182 131 15511
182 132 14662
182 133 43175
182 134 34895
182 135 34512
182 136 40371
182 137 30229
182 138 27004
182 139 48700
182 140 38159
182 141 30092
182 142 38621
182 143 11187
182 144 33450
182 145 39495
182 146 16241
182 147 17129
182 148 -1292
182 149 31378
182 150 34468
182 151 27239
182 152 26616
182 153 5314
182 154 24048
182 155 40367
182 156 25065
182 157 24363
182 158 29810
182 159 -2592
182 160 14483
182 161 23463
182 162 10522
182 163 38633
182 164 27772
182 165 45353
182 166 12206
182 167 10809
182 168 7057
182 169 32992
182 170 49457
182 171 37219
182 172 35498
182 173 22981
182 174 10158
182 175 6683
182 176 15176
182 177 34110
182 178 32897
182 179 35868
182 180 29738
182 181 6901
182 183 20152
182 184 26408
182 185 29015
182 186 49415
182 187 48579
182 188 19784
182 189 6295
182 190 2460
182 191 31752
182 192 34068
182 193 29436
182 194 932
182 195 30712
182 196 26109
182 197 41789
182 198 34828
182 199 15155
182 200 15093
183 1 21835
183 2 12618
183 3 29968
183 4 24945
183 5 4246
183 6 1161
183 7 20076
183 8 18298
183 9 33469
183 10 26939
183 11 29724
183 12 20794
183 13 1155
183 14 13494
183 15 13809
183 16 9953
183 17 14461
183 18 8512
183 19 25546
183 20 36850
183 21 18197
183 22 23301
183 23 22488
183 24 33457
183 25 34664
183 26 15381
183 27 11484
183 28 15657
183 29 34109
183 30 27251
183 31 16817
183 32 31254
183 33 31673
183 34 36860
183 35 45569
183 36 30574
183 37 8550
183 38 20071
183 39 24959
183 40 12088
183 41 21793
183 42 13591
183 43 15562
183 44 15202
183 45 13959
183 46 20625
183 47 23116
183 48 14795
183 49 31052
183 50 24137
183 51 32477
183 52 12494
183 53 10299
183 54 24723
183 55 35487
183 56 28014
183 57 14668
183 58 7573
183 59 798
183 60 9636
183 61 10245
183 62 23387
183 63 34891
183 64 28002
183 65 40809
183 66 32397
183 67 27595
183 68 23805
183 69 19642
183 70 27006
183 71 41762
183 72 17896
183 73 18305
183 74 22610
183 75 22328
183 76 23246
183 77 26609
183 78 37377
183 79 30115
183 80 29200
183 81 30114
183 82 15565
183 83 10565
183 84 10784
183 85 2276
183 86 10059
183 87 3760
183 88 20525
183 89 2902
183 90 34858
183 91 12921
183 92 7595
183 93 4261
183 94 -2445
183 95 860
183 96 2434
183 97 5025
183 98 7906
183 99 4927
183 100 8894
183 101 23278
183 102 22888
183 103 33804
183 104 4921
183 105 10066
183 106 14942
183 107 27790
183 108 26156
183 109 23790
183 110 24191
183 111 16918
183 112 2951
183 113 12210
183 114 12494
183 115 12953
183 116 25541
183 117 4834
183 118 928
183 119 16358
183 120 34849
183 121 32991
183 122 28599
183 123 23063
183 124 23805
183 125 12964
183 126 33861
183 127 16847
183 128 32957
183 129 34939
183 130 26073
183 131 35064
183 132 18007
183 133 21517
183 134 26294
183 135 42799
183 136 50849
183 137 6876
183 138 17723
183 139 31509
183 140 19324
183 141 12145
183 142 15256
183 143 31756
183 144 9177
183 145 16278
183 146 10698
183 147 -922
183 148 21121
183 149 17332
183 150 27939
183 151 4301
183 152 6642
183 153 14015
183 154 14767
183 155 24062
183 156 11713
183 157 28093
183 158 28975
183 159 20197
183 160 31839
183 161 34577
183 162 21139
183 163 31267
183 164 33179
183 165 32293
183 166 3779
183 167 13149
183 168 25621
183 169 33387
183 170 33381
183 171 15651
183 172 11298
183 173 10701
183 174 15731
183 175 30739
183 176 17600
183 177 25459
183 178 9491
183 179 21680
183 180 12796
183 181 29468
183 182 15625
183 184 21938
183 185 31684
183 186 29653
183 187 31609
183 188 34150
183 189 26922
183 190 15294
183 191 12828
183 192 13046
183 193 9053
183 194 15480
183 195 18498
183 196 23271
183 197 22372
183 198 17006
183 199 13770
183 200 3706
184 1 9563
184 2 25077
184 3 3918
184 4 15197
184 5 29602
184 6 26673
184 7 29859
184 8 37150
184 9 11635
184 10 23966
184 11 32278
184 12 1055
184 13 20498
184 14 37638
184 15 29789
184 16 36316
184 17 39535
184 18 25982
184 19 32963
184 20 21639
184 21 17789
184 22 26845
184 23 20200
184 24 9809
184 25 19639
184 26 7535
184 27 12271
184 28 8144
184 29 8089
184 30 15597
184 31 15752
184 32 22904
184 33 8574
184 34 11201
184 35 22123
184 36 43369
184 37 33789
184 38 45190
184 39 16678
184 40 15556
184 41 28546
184 42 34684
184 43 35193
184 44 40861
184 45 36072
184 46 38677
184 47 35610
184 48 27272
184 49 39377
184 50 4094
184 51 13491
184 52 21653
184 53 14930
184 54 6761
184 55 19405
184 56 24268
184 57 29927
184 58 16932
184 59 26848
184 60 32881
184 61 36610
184 62 25941
184 63 31893
184 64 29689
184 65 19706
184 66 15763
184 67 18997
184 68 -1735
184 69 13312
184 70 18467
184 71 20804
184 72 17385
184 73 20442
184 74 24293
184 75 22139
184 76 -938
184 77 438
184 78 11775
184 79 4386
184 80 4860
184 81 6692
184 82 30163
184 83 32268
184 84 35676
184 85 28540
184 86 36452
184 87 23693
184 88 24358
184 89 21417
184 90 29545
184 91 38872
184 92 32820
184 93 30604
184 94 22850
184 95 25443
184 96 28833
184 97 28364
184 98 33635
184 99 31325
184 100 34126
184 101 15475
184 102 1463
184 103 14287
184 104 31319
184 105 10172
184 106 26093
184 107 32843
184 108 21848
184 109 4764
184 110 16968
184 111 4980
184 112 17736
184 113 38266
184 114 31442
184 115 24337
184 116 -859
184 117 27352
184 118 24813
184 119 41546
184 120 11712
184 121 6882
184 122 15138
184 123 31344
184 124 38280
184 125 34986
184 126 31083
184 127 18972
184 128 19221
184 129 9037
184 130 9275
184 131 25359
184 132 10614
184 133 24196
184 134 4104
184 135 19223
184 136 28140
184 137 23112
184 138 4869
184 139 22233
184 140 44579
184 141 38286
184 142 37334
184 143 41939
184 144 26633
184 145 25209
184 146 17064
184 147 22165
184 148 24257
184 149 7475
184 150 3599
184 151 29526
184 152 16001
184 153 26680
184 154 1913
184 155 14314
184 156 21139
184 157 6203
184 158 2925
184 159 20807
184 160 20136
184 161 13844
184 162 15970
184 163 7770
184 164 8381
184 165 15947
184 166 24452
184 167 14060
184 168 37726
184 169 7103
184 170 21190
184 171 19227
184 172 31423
184 173 36472
184 174 35235
184 175 35404
184 176 5745
184 177 3841
184 178 21982
184 179 9649
184 180 11185
184 181 22909
184 182 22165
184 183 22222
184 185 7059
184 186 26080
184 187 21765
184 188 17779
184 189 23949
184 190 16277
184 191 38807
184 192 38045
184 193 34873
184 194 25916
184 195 4477
184 196 -2671
184 197 19587
184 198 12702
184 199 35180
184 200 8700
185 1 10871
185 2 36206
185 3 1847
185 4 24581
185 5 37922
185 6 35803
185 7 33236
185 8 42579
185 9 1019
185 10 22608
185 11 31306
185 12 11866
185 13 30853
185 14 48109
185 15 40956
185 16 45678
185 17 47289
185 18 32383
185 19 33883
185 20 14172
185 21 28796
185 22 37662
185 23 29845
185 24 12026
185 25 26262
185 26 18716
185 27 19632
185 28 17762
185 29 5989
185 30 11264
185 31 17363
185 32 17840
185 33 -967
185 34 1168
185 35 10945
185 36 45304
185 37 43831
185 38 55449
185 39 25274
185 40 26683
185 41 39512
185 42 45515
185 43 46248
185 44 50840
185 45 42475
185 46 43053
185 47 38047
185 48 30423
185 49 39425
185 50 5022
185 51 5463
185 52 27320
185 53 25292
185 54 14818
185 55 26164
185 56 34161
185 57 41058
185 58 27743
185 59 36529
185 60 40571
185 61 45628
185 62 26334
185 63 28717
185 64 27018
185 65 8702
185 66 6518
185 67 26660
185 68 3227
185 69 16795
185 70 16825
185 71 10053
185 72 28126
185 73 31457
185 74 35077
185 75 32581
185 76 6826
185 77 3475
185 78 1821
185 79 -3416
185 80 11190
185 81 -4174
185 82 34582
185 83 39155
185 84 43578
185 85 38079
185 86 45670
185 87 34449
185 88 26594
185 89 29552
185 90 25941
185 91 48661
185 92 42811
185 93 40049
185 94 32569
185 95 35460
185 96 38186
185 97 38688
185 98 43504
185 99 40657
185 100 44211
185 101 15894
185 102 -1509
185 103 4522
185 104 40651
185 105 21030
185 106 30392
185 107 32781
185 108 19612
185 109 14747
185 110 27217
185 111 12729
185 112 27120
185 113 46734
185 114 37127
185 115 35501
185 116 6392
185 117 37648
185 118 32708
185 119 51715
185 120 645
185 121 5346
185 122 11115
185 123 32954
185 124 41642
185 125 41417
185 126 28135
185 127 22511
185 128 12137
185 129 1329
185 130 17206
185 131 19752
185 132 14662
185 133 34931
185 134 9094
185 135 8046
185 136 16976
185 137 33891
185 138 15826
185 139 30890
185 140 54782
185 141 47948
185 142 48107
185 143 42862
185 144 37629
185 145 36337
185 146 24531
185 147 30902
185 148 25516
185 149 18396
185 150 9929
185 151 39517
185 152 26812
185 153 31618
185 154 12870
185 155 23698
185 156 30314
185 157 1203
185 158 854
185 159 20561
185 160 14211
185 161 3349
185 162 17394
185 163 11323
185 164 -2529
185 165 22873
185 166 31947
185 167 19400
185 168 40105
185 169 -39
185 170 28304
185 171 30169
185 172 42309
185 173 44861
185 174 40638
185 175 35097
185 176 9488
185 177 12031
185 178 33126
185 179 19694
185 180 22366
185 181 17587
185 182 24430
185 183 31626
185 184 6717
185 186 35827
185 187 30194
185 188 9495
185 189 22591
185 190 18916
185 191 48592
185 192 48259
185 193 44731
185 194 29892
185 195 15093
185 196 4037
185 197 29942
185 198 23430
185 199 41770
185 200 17889
186 1 37945
186 2 17866
186 3 31861
186 4 4631
186 5 37030
186 6 34975
186 7 50734
186 8 52038
186 9 41029
186 10 51144
186 11 57888
186 12 21373
186 13 23800
186 14 30540
186 15 13993
186 16 36717
186 17 46361
186 18 41325
186 19 56063
186 20 51875
186 21 10627
186 22 5431
186 23 -10056
186 24 21311
186 25 9505
186 26 18287
186 27 32782
186 28 28624
186 29 27473
186 30 45159
186 31 41165
186 32 52238
186 33 38217
186 34 36313
186 35 49676
186 36 63508
186 37 33173
186 38 37435
186 39 -6729
186 40 18046
186 41 6959
186 42 26541
186 43 21169
186 44 37175
186 45 47597
186 46 54420
186 47 55720
186 48 47069
186 49 62509
186 50 34134
186 51 43723
186 52 41096
186 53 26138
186 54 12958
186 55 13815
186 56 -1656
186 57 18731
186 58 21216
186 59 29574
186 60 43442
186 61 39651
186 62 50922
186 63 59764
186 64 56282
186 65 48285
186 66 45946
186 67 -5985
186 68 21251
186 69 39266
186 70 46892
186 71 50020
186 72 2418
186 73 8879
186 74 5542
186 75 -1779
186 76 29214
186 77 29210
186 78 38075
186 79 31874
186 80 25226
186 81 35837
186 82 48229
186 83 44403
186 84 43505
186 85 29919
186 86 36098
186 87 19783
186 88 48003
186 89 34439
186 90 57995
186 91 38080
186 92 33709
186 93 33453
186 94 28312
186 95 27963
186 96 34197
186 97 27979
186 98 33964
186 99 35796
186 100 32171
186 101 43093
186 102 31727
186 103 44241
186 104 35790
186 105 20443
186 106 45838
186 107 57256
186 108 49638
186 109 20571
186 110 9344
186 111 30160
186 112 28948
186 113 42077
186 114 46191
186 115 15526
186 116 27969
186 117 28718
186 118 34645
186 119 36852
186 120 40493
186 121 27701
186 122 44858
186 123 53771
186 124 56889
186 125 46648
186 126 58825
186 127 42375
186 128 49380
186 129 35933
186 130 11475
186 131 54979
186 132 36593
186 133 1931
186 134 15108
186 135 46881
186 136 56042
186 137 22716
186 138 24369
186 139 2733
186 140 37342
186 141 36698
186 142 28609
186 143 63857
186 144 19132
186 145 8256
186 146 35437
186 147 32317
186 148 48637
186 149 14283
186 150 23965
186 151 30415
186 152 20285
186 153 45356
186 154 21413
186 155 3748
186 156 35001
186 157 36403
186 158 30868
186 159 46633
186 160 50002
186 161 43358
186 162 42557
186 163 21019
186 164 35248
186 165 12072
186 166 37189
186 167 36558
186 168 58066
186 169 31514
186 170 3310
186 171 2008
186 172 23458
186 173 42283
186 174 49558
186 175 60060
186 176 33203
186 177 20052
186 178 13605
186 179 11632
186 180 14949
186 181 52096
186 182 44894
186 183 29659
186 184 25802
186 185 35891
186 187 2649
186 188 48042
186 189 51127
186 190 40564
186 191 36968
186 192 33650
186 193 33962
186 194 46162
186 195 14873
186 196 27233
186 197 990
186 198 6127
186 199 47605
186 200 24290
187 1 35784
187 2 22698
187 3 27261
187 4 1652
187 5 40635
187 6 37826
187 7 51387
187 8 54344
187 9 36296
187 10 49765
187 11 57258
187 12 18416
187 13 27121
187 14 36817
187 15 21101
187 16 41844
187 17 50446
187 18 43152
187 19 56292
187 20 48346
187 21 12984
187 22 12242
187 23 -3975
187 24 14614
187 25 1710
187 26 17568
187 27 32626
187 28 27726
187 29 21242
187 30 42480
187 31 40291
187 32 49760
187 33 33861
187 34 30299
187 35 44035
187 36 64779
187 37 38044
187 38 44083
187 39 -10054
187 40 19889
187 41 14288
187 42 32599
187 43 28286
187 44 42999
187 45 50721
187 46 56746
187 47 56885
187 48 48191
187 49 62887
187 50 31018
187 51 39848
187 52 41736
187 53 27137
187 54 8041
187 55 6548
187 56 3724
187 57 24800
187 58 23534
187 59 33752
187 60 46351
187 61 44215
187 62 50398
187 63 58164
187 64 55367
187 65 42841
187 66 41782
187 67 -7706
187 68 16513
187 69 37955
187 70 44862
187 71 45027
187 72 6236
187 73 12797
187 74 11140
187 75 4827
187 76 25981
187 77 25057
187 78 32510
187 79 26892
187 80 20513
187 81 31145
187 82 49688
187 83 47133
187 84 47197
187 85 34622
187 86 41542
187 87 24720
187 88 47774
187 89 36348
187 90 56070
187 91 43232
187 92 38172
187 93 37780
187 94 31611
187 95 31900
187 96 37812
187 97 32474
187 98 38713
187 99 39704
187 100 37400
187 101 41349
187 102 28143
187 103 39853
187 104 39698
187 105 21030
187 106 46708
187 107 57063
187 108 48006
187 109 17182
187 110 8759
187 111 28541
187 112 30735
187 113 46734
187 114 48462
187 115 20573
187 116 24108
187 117 32707
187 118 37694
187 119 42785
187 120 35504
187 121 21790
187 122 42045
187 123 54159
187 124 58419
187 125 49715
187 126 57282
187 127 42029
187 128 46036
187 129 30784
187 130 6177
187 131 52273
187 132 35211
187 133 8797
187 134 9094
187 135 41323
187 136 50443
187 137 26518
187 138 22798
187 139 -3338
187 140 43910
187 141 42185
187 142 34928
187 143 64600
187 144 24617
187 145 14843
187 146 35914
187 147 34826
187 148 48253
187 149 13001
187 150 19252
187 151 34878
187 152 22603
187 153 46456
187 154 19842
187 155 769
187 156 36126
187 157 32604
187 158 26268
187 159 45803
187 160 47060
187 161 38598
187 162 41198
187 163 14870
187 164 29620
187 165 5167
187 166 39471
187 167 36219
187 168 59152
187 169 25742
187 170 -3256
187 171 7693
187 172 29357
187 173 46363
187 174 52072
187 175 59792
187 176 31287
187 177 15678
187 178 18700
187 179 9108
187 180 15781
187 181 49746
187 182 45034
187 183 32591
187 184 22463
187 185 31234
187 186 3625
187 188 44237
187 189 49748
187 190 40014
187 191 42431
187 192 39456
187 193 39092
187 194 46921
187 195 12505
187 196 23553
187 197 4587
187 198 7013
187 199 50353
187 200 24905
188 1 14863
188 2 48066
188 3 19319
188 4 41271
188 5 41367
188 6 41937
188 7 29621
188 8 40604
188 9 1019
188 10 13710
188 11 20246
188 12 27200
188 13 39883
188 14 56038
188 15 52803
188 16 50629
188 17 48754
188 18 33465
188 19 25210
188 20 -1620
188 21 43216
188 22 52467
188 23 46367
188 24 29845
188 25 44035
188 26 32411
188 27 25907
188 28 28271
188 29 23358
188 30 2456
188 31 14540
188 32 2623
188 33 11437
188 34 11083
188 35 9976
188 36 36767
188 37 51072
188 38 62242
188 39 42489
188 40 39121
188 41 53801
188 42 55168
188 43 56806
188 44 57235
188 45 41676
188 46 38481
188 47 30928
188 48 25145
188 49 28272
188 50 15478
188 51 3709
188 52 28938
188 53 35520
188 54 32051
188 55 43884
188 56 50440
188 57 52685
188 58 38618
188 59 43123
188 60 43203
188 61 50051
188 62 18670
188 63 15103
188 64 12596
188 65 -590
188 66 -9972
188 67 44282
188 68 20642
188 69 20018
188 70 11993
188 71 2140
188 72 43198
188 73 45764
188 74 50007
188 75 48158
188 76 20909
188 77 19965
188 78 15295
188 79 14347
188 80 28516
188 81 6248
188 82 31686
188 83 40075
188 84 45861
188 85 43893
188 86 49906
188 87 44204
188 88 22764
188 89 34345
188 90 12561
188 91 54914
188 92 50139
188 93 45866
188 94 39849
188 95 43174
188 96 44287
188 97 47053
188 98 50276
188 99 46479
188 100 51373
188 101 14988
188 102 9525
188 103 -4411
188 104 46473
188 105 32704
188 106 28462
188 107 22769
188 108 9271
188 109 30861
188 110 43119
188 111 22413
188 112 34697
188 113 49526
188 114 35827
188 115 47748
188 116 22400
188 117 46175
188 118 35677
188 119 58710
188 120 5205
188 121 23018
188 122 6646
188 123 25611
188 124 36036
188 125 40766
188 126 14948
188 127 22190
188 128 -4549
188 129 18818
188 130 34533
188 131 4019
188 132 19130
188 133 49940
188 134 26913
188 135 8578
188 136 12639
188 137 44143
188 138 28862
188 139 48055
188 140 61418
188 141 53545
188 142 57350
188 143 32987
188 144 48376
188 145 49825
188 146 29923
188 147 36413
188 148 19699
188 149 33322
188 150 27255
188 151 46845
188 152 37687
188 153 30674
188 154 25906
188 155 40388
188 156 38039
188 157 12482
188 158 18326
188 159 12333
188 160 -721
188 161 -3589
188 162 16578
188 163 29208
188 164 5065
188 165 40545
188 166 34876
188 167 22673
188 168 33009
188 169 16112
188 170 46023
188 171 44653
188 172 52307
188 173 48013
188 174 38271
188 175 24667
188 176 15809
188 177 29016
188 178 45100
188 179 35818
188 180 35733
188 181 1071
188 182 19472
188 183 38365
188 184 21710
188 185 13768
188 186 52251
188 187 47470
188 189 13693
188 190 17261
188 191 54605
188 192 55502
188 193 51214
188 194 27456
188 195 30602
188 196 19424
188 197 45675
188 198 38608
188 199 41949
188 200 26131
189 1 12391
189 2 40908
189 3 26002
189 4 41751
189 5 26742
189 6 30161
189 7 12378
189 8 23287
189 9 16019
189 10 -4318
189 11 4407
189 12 28071
189 13 30498
189 14 43742
189 15 44478
189 16 36316
189 17 32488
189 18 18343
189 19 7652
189 20 11955
189 21 39893
189 22 48633
189 23 45260
189 24 37010
189 25 47790
189 26 29896
189 27 17887
189 28 24152
189 29 32418
189 30 3236
189 31 1342
189 32 550
189 33 20557
189 34 25343
189 35 27322
189 36 19369
189 37 38964
189 38 48596
189 39 43550
189 40 33929
189 41 48932
189 42 44848
189 43 46817
189 44 43758
189 45 24585
189 46 20478
189 47 13027
189 48 7163
189 49 12521
189 50 17879
189 51 14568
189 52 15721
189 53 28952
189 54 34833
189 55 47582
189 56 49334
189 57 44682
189 58 31658
189 59 30835
189 60 28409
189 61 35628
189 62 643
189 63 4366
189 64 1430
189 65 17044
189 66 5770
189 67 46374
189 68 25604
189 69 13312
189 70 5913
189 71 20102
189 72 40368
189 73 41894
189 74 46647
189 75 45677
189 76 22999
189 77 24796
189 78 27512
189 79 23303
189 80 32865
189 81 17536
189 82 14319
189 83 24161
189 84 30321
189 85 30566
189 86 34858
189 87 34628
189 88 6469
189 89 22220
189 90 3601
189 91 41713
189 92 38366
189 93 32774
189 94 28797
189 95 32107
189 96 31918
189 97 36282
189 98 37798
189 99 33659
189 100 38974
189 101 8413
189 102 14362
189 103 12565
189 104 33653
189 105 27653
189 106 12071
189 107 5961
189 108 -4985
189 109 32312
189 110 42236
189 111 19390
189 112 25138
189 113 33844
189 114 18845
189 115 40959
189 116 25974
189 117 35872
189 118 21046
189 119 45722
189 120 19473
189 121 31431
189 122 8719
189 123 7649
189 124 18008
189 125 23768
189 126 3392
189 127 9431
189 128 6093
189 129 28186
189 130 37289
189 131 4981
189 132 13323
189 133 46429
189 134 32176
189 135 25421
189 136 30565
189 137 35709
189 138 26953
189 139 49197
189 140 47685
189 141 39569
189 142 46413
189 143 16257
189 144 39617
189 145 44060
189 146 20131
189 147 24359
189 148 2173
189 149 32024
189 150 31604
189 151 35072
189 152 30727
189 153 14745
189 154 23997
189 155 40868
189 156 29284
189 157 18564
189 158 25009
189 159 -5680
189 160 3941
189 161 13844
189 162 7665
189 163 35378
189 164 19712
189 165 44113
189 166 20809
189 167 12875
189 168 15093
189 169 26857
189 170 49073
189 171 40609
189 172 42468
189 173 32884
189 174 20731
189 175 8201
189 176 12732
189 177 32100
189 178 37963
189 179 36004
189 180 31934
189 181 -1766
189 182 1924
189 183 27078
189 184 23821
189 185 22805
189 186 51277
189 187 48922
189 188 9634
189 190 3916
189 191 41004
189 192 42829
189 193 38235
189 194 10833
189 195 30533
189 196 22752
189 197 43831
189 198 36550
189 199 25552
189 200 18384
190 1 7880
190 2 30995
190 3 22342
190 4 33632
190 5 18201
190 6 20363
190 7 8236
190 8 18228
190 9 17945
190 10 5682
190 11 11255
190 12 21055
190 13 20498
190 14 34260
190 15 34478
190 16 27651
190 17 25453
190 18 10124
190 19 10680
190 20 17357
190 21 30714
190 22 39151
190 23 36323
190 24 32077
190 25 40737
190 26 21355
190 27 8451
190 28 15686
190 29 28875
190 30 7378
190 31 -4484
190 32 9901
190 33 19292
190 34 25343
190 35 30194
190 36 21101
190 37 29356
190 38 39659
190 39 35361
190 40 24454
190 41 39233
190 42 34945
190 43 36907
190 44 34695
190 45 18860
190 46 18086
190 47 13470
190 48 5492
190 49 17223
190 50 13741
190 51 16079
190 52 6074
190 53 19367
190 54 27928
190 55 40642
190 56 40526
190 57 34693
190 58 21872
190 59 21241
190 60 19956
190 61 27002
190 62 4318
190 63 14114
190 64 9645
190 65 22678
190 66 12581
190 67 38345
190 68 20413
190 69 6163
190 70 7071
190 71 24392
190 72 31211
190 73 32519
190 74 37309
190 75 36504
190 76 17442
190 77 20237
190 78 26560
190 79 20830
190 80 27221
190 81 17144
190 82 9767
190 83 16759
190 84 22521
190 85 21374
190 86 26693
190 87 24642
190 88 1997
190 89 12426
190 90 13559
190 91 32493
190 92 28653
190 93 23463
190 94 18900
190 95 22237
190 96 22314
190 97 26391
190 98 28292
190 99 24219
190 100 29469
190 101 5063
190 102 11434
190 103 16281
190 104 24213
190 105 18391
190 106 5747
190 107 11004
190 108 4821
190 109 25287
190 110 33747
190 111 11918
190 112 15148
190 113 26187
190 114 13087
190 115 31077
190 116 20675
190 117 25917
190 118 12480
190 119 36461
190 120 20559
190 121 27701
190 122 10242
190 123 8983
190 124 16690
190 125 17882
190 126 13096
190 127 -569
190 128 12729
190 129 25794
190 130 30246
190 131 13827
190 132 6142
190 133 37012
190 134 26421
190 135 27821
190 136 34439
190 137 25727
190 138 19011
190 139 41115
190 140 38785
190 141 30733
190 142 36609
190 143 19592
190 144 29617
190 145 34256
190 146 10216
190 147 14598
190 148 2173
190 149 23734
190 150 25960
190 151 25359
190 152 20941
190 153 7548
190 154 16055
190 155 32749
190 156 19390
190 157 16203
190 158 21349
190 159 46
190 160 11147
190 161 17504
190 162 2468
190 163 30111
190 164 20329
190 165 37178
190 166 11820
190 167 3304
190 168 15555
190 169 24743
190 170 41573
190 171 31128
190 172 32514
190 173 24737
190 174 16172
190 175 13705
190 176 6633
190 177 25713
190 178 28046
190 179 28065
190 180 22828
190 181 8222
190 182 -162
190 183 17199
190 184 17898
190 185 20879
190 186 42463
190 187 40937
190 188 14951
190 189 5665
190 191 31979
190 192 33445
190 193 28926
190 194 5053
190 195 22761
190 196 17565
190 197 34898
190 198 27729
190 199 18760
190 200 8700
191 1 40021
191 2 20618
191 3 48160
191 4 37686
191 5 6543
191 6 18132
191 7 32192
191 8 23115
191 9 51830
191 10 42297
191 11 41889
191 12 38103
191 13 15196
191 14 -844
191 15 11111
191 16 -4799
191 17 8202
191 18 20334
191 19 35757
191 20 54393
191 21 30309
191 22 30165
191 23 29488
191 24 49971
191 25 47724
191 26 31823
191 27 29798
191 28 33885
191 29 51644
191 30 44549
191 31 33105
191 32 47113
191 33 50112
191 34 55203
191 35 63981
191 36 35516
191 37 6277
191 38 2073
191 39 35206
191 40 26648
191 41 26213
191 42 9474
191 43 7193
191 44 -2849
191 45 13867
191 46 22588
191 47 29871
191 48 23389
191 49 38575
191 50 42576
191 51 50690
191 52 28475
191 53 27772
191 54 40296
191 55 49356
191 56 37412
191 57 17256
191 58 22765
191 59 5129
191 60 17060
191 61 2379
191 62 37038
191 63 48999
191 64 38833
191 65 58911
191 66 49867
191 67 36381
191 68 41375
191 69 37598
191 70 44176
191 71 59957
191 72 28212
191 73 28672
191 74 31232
191 75 30605
191 76 41480
191 77 44744
191 78 55712
191 79 48400
191 80 46484
191 81 48553
191 82 24620
191 83 16243
191 84 9687
191 85 -3528
191 86 -6476
191 87 8611
191 88 35221
191 89 19706
191 90 50018
191 91 1661
191 92 10713
191 93 4047
191 94 12760
191 95 10526
191 96 12104
191 97 10564
191 98 5338
191 99 10261
191 100 1376
191 101 40795
191 102 41326
191 103 51921
191 104 10255
191 105 26901
191 106 27581
191 107 38890
191 108 41626
191 109 40565
191 110 37147
191 111 35337
191 112 21327
191 113 1462
191 114 18389
191 115 20573
191 116 43553
191 117 14906
191 118 7842
191 119 -135
191 120 53276
191 121 50618
191 122 46350
191 123 33531
191 124 29827
191 125 13527
191 126 48008
191 127 33278
191 128 50158
191 129 53194
191 130 41085
191 131 51276
191 132 36147
191 133 28644
191 134 42612
191 135 61222
191 136 69195
191 137 18272
191 138 35388
191 139 42705
191 140 1217
191 141 -5855
191 142 7011
191 143 38457
191 144 12728
191 145 21149
191 146 28768
191 147 15765
191 148 35264
191 149 32952
191 150 45223
191 151 7419
191 152 21834
191 153 26663
191 154 32432
191 155 36803
191 156 30130
191 157 46532
191 158 47167
191 159 34469
191 160 48715
191 161 52793
191 162 38418
191 163 47911
191 164 51603
191 165 46435
191 166 16201
191 167 30801
191 168 32830
191 169 51511
191 170 44744
191 171 23817
191 172 9858
191 173 6713
191 174 18606
191 175 41865
191 176 35940
191 177 42270
191 178 16702
191 179 36507
191 180 27813
191 181 44187
191 182 28657
191 183 14260
191 184 39955
191 185 50082
191 186 38394
191 187 42881
191 188 51822
191 189 42280
191 190 31506
191 192 -1312
191 193 -617
191 194 28113
191 195 34639
191 196 41418
191 197 32640
191 198 29819
191 199 18127
191 200 22095
192 1 40435
192 2 17842
192 3 47453
192 4 35028
192 5 9201
192 6 18615
192 7 34582
192 8 26466
192 9 51978
192 10 44066
192 11 44472
192 12 36872
192 13 14099
192 14 -4460
192 15 6971
192 16 -595
192 17 12305
192 18 22458
192 19 38652
192 20 55313
192 21 27767
192 22 26696
192 23 25845
192 24 48229
192 25 44998
192 26 30355
192 27 30073
192 28 33370
192 29 50383
192 30 45591
192 31 34511
192 32 48777
192 33 49945
192 34 54649
192 35 63981
192 36 39171
192 37 5543
192 38 1635
192 39 31990
192 40 24841
192 41 22483
192 42 5694
192 43 2990
192 44 -2011
192 45 17659
192 46 26416
192 47 33245
192 48 26428
192 49 41968
192 50 42445
192 51 51069
192 52 29843
192 53 26922
192 54 38321
192 55 46840
192 56 34161
192 57 13757
192 58 21320
192 59 5389
192 60 19440
192 61 5819
192 62 39229
192 63 51173
192 64 41758
192 65 59409
192 66 50844
192 67 32860
192 68 40203
192 69 38208
192 70 45264
192 71 60353
192 72 25260
192 73 25827
192 74 28014
192 75 27254
192 76 40871
192 77 43997
192 78 55162
192 79 47793
192 80 45163
192 81 48395
192 82 27470
192 83 19165
192 84 13115
192 85 -1869
192 86 -2833
192 87 6181
192 88 37085
192 89 20609
192 90 51892
192 91 3055
192 92 10163
192 93 5267
192 94 12584
192 95 9903
192 96 12727
192 97 9170
192 98 5338
192 99 11219
192 100 293
192 101 41692
192 102 41203
192 103 52405
192 104 11213
192 105 25712
192 106 29801
192 107 41660
192 108 43375
192 109 39077
192 110 34616
192 111 35102
192 112 21203
192 113 5698
192 114 21549
192 115 17647
192 116 42709
192 117 13751
192 118 10184
192 119 -2022
192 120 53227
192 121 49424
192 122 47124
192 123 36343
192 124 33238
192 125 17238
192 126 50165
192 127 34593
192 128 51270
192 129 52541
192 130 38933
192 131 52816
192 132 36606
192 133 25188
192 134 40835
192 135 61178
192 136 69360
192 137 16444
192 138 34418
192 139 39673
192 140 985
192 141 -2024
192 142 2820
192 143 41929
192 144 9650
192 145 17587
192 146 29268
192 147 16507
192 148 37304
192 149 31156
192 150 43902
192 151 6869
192 152 20389
192 153 28827
192 154 31462
192 155 34145
192 156 30018
192 157 46413
192 158 46460
192 159 36522
192 160 49976
192 161 53164
192 162 39428
192 163 46248
192 164 51274
192 165 43999
192 166 17981
192 167 31582
192 168 36141
192 169 50690
192 170 41661
192 171 20585
192 172 6343
192 173 10228
192 174 22213
192 175 44640
192 176 36159
192 177 40752
192 178 13780
192 179 34404
192 180 25996
192 181 46234
192 182 30917
192 183 14422
192 184 39137
192 185 49693
192 186 35020
192 187 39850
192 188 52663
192 189 44049
192 190 32916
192 191 -1368
192 193 10
192 194 30358
192 195 32961
192 196 40700
192 197 29601
192 198 27331
192 199 21314
192 200 21889
193 1 35886
193 2 16723
193 3 43719
193 4 33594
193 5 4246
193 6 13960
193 7 29493
193 8 21777
193 9 47605
193 10 39006
193 11 39401
193 12 33632
193 13 10730
193 14 595
193 15 9277
193 16 -2322
193 17 8993
193 18 17360
193 19 33664
193 20 50522
193 21 26190
193 22 26795
193 23 26282
193 24 45544
193 25 43649
193 26 27371
193 27 25591
193 28 29463
193 29 47173
193 30 40744
193 31 29529
193 32 43742
193 33 45783
193 34 50791
193 35 59710
193 36 34693
193 37 1856
193 38 5985
193 39 31499
193 40 22267
193 41 23226
193 42 7104
193 43 6853
193 44 1060
193 45 13498
193 46 22217
193 47 28521
193 48 21511
193 49 37233
193 50 38251
193 51 46551
193 52 24859
193 53 23306
193 54 35925
193 55 45174
193 56 33764
193 57 14104
193 58 18323
193 59 798
193 60 14373
193 61 1782
193 62 34130
193 63 46075
193 64 36767
193 65 54836
193 66 46033
193 67 32974
193 68 36903
193 69 33547
193 70 40395
193 71 55833
193 72 24343
193 73 24743
193 74 27592
193 75 27078
193 76 37050
193 77 40297
193 78 51299
193 79 43976
193 80 42015
193 81 44228
193 82 22488
193 83 14254
193 84 8651
193 85 -6931
193 86 -2496
193 87 4622
193 88 32007
193 89 15770
193 90 46819
193 91 -945
193 92 6241
193 93 212
193 94 8361
193 95 6057
193 96 7962
193 97 6183
193 98 882
193 99 6281
193 100 -2471
193 101 36898
193 102 37006
193 103 47832
193 104 6275
193 105 22431
193 106 24703
193 107 36630
193 108 38320
193 109 36110
193 110 32999
193 111 30977
193 112 16969
193 113 3362
193 114 16734
193 115 16776
193 116 39095
193 117 10456
193 118 5115
193 119 2450
193 120 48985
193 121 46146
193 122 42393
193 123 31331
193 124 28555
193 125 12964
193 126 45068
193 127 29633
193 128 46401
193 129 48762
193 130 36766
193 131 47810
193 132 32026
193 133 25252
193 134 38193
193 135 56936
193 136 64982
193 137 13935
193 138 30919
193 139 38848
193 140 5208
193 141 -1530
193 142 5905
193 143 37264
193 144 9177
193 145 17954
193 146 24648
193 147 11727
193 148 32210
193 149 28551
193 150 40754
193 151 2947
193 152 17392
193 153 23728
193 154 27963
193 155 32711
193 156 25783
193 157 42214
193 158 42726
193 159 31428
193 160 45052
193 161 48657
193 162 34585
193 163 43473
193 164 47238
193 165 42218
193 166 12897
193 167 26828
193 168 31371
193 169 47059
193 170 40910
193 171 20204
193 172 6960
193 173 5964
193 174 17762
193 175 39611
193 176 31725
193 177 37816
193 178 12915
193 179 32181
193 180 23426
193 181 41144
193 182 25819
193 183 9963
193 184 35499
193 185 45699
193 186 34866
193 187 39020
193 188 47909
193 189 38989
193 190 27931
193 191 -1139
193 192 -456
193 194 25261
193 195 30212
193 196 36974
193 197 28821
193 198 25659
193 199 16543
193 200 17728
194 1 16860
194 2 31633
194 3 30979
194 4 38626
194 5 12175
194 6 18186
194 7 472
194 8 9121
194 9 27075
194 10 10682
194 11 10256
194 12 27835
194 13 20196
194 14 30011
194 15 33410
194 16 21678
194 17 17520
194 18 4044
194 19 6068
194 20 25555
194 21 34051
194 22 41375
194 23 39663
194 24 39878
194 25 46793
194 26 26355
194 27 13396
194 28 21482
194 29 37364
194 30 15708
194 31 4050
194 32 15493
194 33 28454
194 34 34541
194 35 39255
194 36 13841
194 37 25751
194 38 34061
194 39 40021
194 40 27361
194 41 40655
194 42 32599
194 43 34433
194 44 29429
194 45 10055
194 46 9015
194 47 5930
194 48 -2681
194 49 12223
194 50 22497
194 51 25195
194 52 6268
194 53 22464
194 54 34429
194 55 46881
194 56 44274
194 57 34283
194 58 23760
194 59 17727
194 60 13900
194 61 21011
194 62 4758
194 63 16719
194 64 8372
194 65 31029
194 66 20285
194 67 43055
194 68 28321
194 69 14578
194 70 15740
194 71 33125
194 72 34429
194 73 35273
194 74 40010
194 75 39522
194 76 25462
194 77 28583
194 78 35696
194 79 29756
194 80 34840
194 81 26351
194 82 553
194 83 9181
194 84 15374
194 85 16545
194 86 19944
194 87 23386
194 88 3928
194 89 10830
194 90 18001
194 91 27669
194 92 25552
194 93 19014
194 94 17142
194 95 20092
194 96 18986
194 97 24258
194 98 24350
194 99 20242
194 100 25443
194 101 14275
194 102 20426
194 103 25090
194 104 20236
194 105 22203
194 106 -2740
194 107 8143
194 108 9984
194 109 31922
194 110 38303
194 111 19054
194 112 15988
194 113 18850
194 114 4206
194 115 31893
194 116 28685
194 117 24461
194 118 6603
194 119 31645
194 120 29762
194 121 36153
194 122 19197
194 123 3627
194 124 8200
194 125 9145
194 126 15729
194 127 6431
194 128 20397
194 129 34723
194 130 36555
194 131 19980
194 132 14315
194 133 39417
194 134 33786
194 135 36939
194 136 43317
194 137 25887
194 138 25093
194 139 45991
194 140 33123
194 141 25039
194 142 33609
194 143 13566
194 144 28822
194 145 35304
194 146 13249
194 147 12408
194 148 3164
194 149 28910
194 150 33579
194 151 22258
194 152 22829
194 153 252
194 154 22137
194 155 37743
194 156 21550
194 157 25272
194 158 29986
194 159 2280
194 160 18452
194 161 26362
194 162 11687
194 163 37782
194 164 29548
194 165 43455
194 166 7177
194 167 9245
194 168 8137
194 169 33681
194 170 47061
194 171 33449
194 172 30653
194 173 18029
194 174 6996
194 175 11092
194 176 15028
194 177 32801
194 178 28608
194 179 33520
194 180 26646
194 181 11935
194 182 -3607
194 183 15468
194 184 25620
194 185 29938
194 186 46144
194 187 45927
194 188 23229
194 189 10665
194 190 3136
194 191 26669
194 192 28970
194 193 24339
194 195 28609
194 196 25687
194 197 38519
194 198 31781
194 199 10581
194 200 11994
195 1 17859
195 2 17467
195 3 12658
195 4 5761
195 5 28201
195 6 24747
195 7 34292
195 8 39097
195 9 21433
195 10 31738
195 11 39325
195 12 1055
195 13 16114
195 14 31851
195 15 21494
195 16 32826
195 17 38437
195 18 27605
195 19 38750
195 20 31499
195 21 8353
195 22 17047
195 23 10340
195 24 9809
195 25 12667
195 26 1355
195 27 15299
195 28 10059
195 29 12386
195 30 24859
195 31 22349
195 32 32039
195 33 18409
195 34 19143
195 35 31281
195 36 47973
195 37 29356
195 38 39659
195 39 7537
195 40 8708
195 41 18942
195 42 28097
195 43 27573
195 44 36143
195 45 36748
195 46 41279
195 47 40062
195 48 31421
195 49 45361
195 50 13741
195 51 23481
195 52 24878
195 53 12157
195 54 794
195 55 12769
195 56 14356
195 57 22096
195 58 11693
195 59 23341
195 60 32582
195 61 33850
195 62 32528
195 63 40156
195 64 37358
195 65 29317
195 66 25760
195 67 10319
195 68 2999
195 69 19948
195 70 26920
195 71 30581
195 72 7516
195 73 10990
195 74 14462
195 75 12148
195 76 8868
195 77 9537
195 78 20093
195 79 13069
195 80 7372
195 81 16341
195 82 33380
195 83 32817
195 84 34664
195 85 24997
195 86 33001
195 87 17640
195 88 30083
195 89 21417
195 90 38123
195 91 34743
195 92 28653
195 93 27385
195 94 19742
195 95 21471
195 96 26122
195 97 23534
195 98 29556
195 99 28484
195 100 29469
195 101 23337
195 102 11434
195 103 24263
195 104 28478
195 105 6030
195 106 29875
195 107 39288
195 108 29995
195 109 1090
195 110 6997
195 111 10519
195 112 16225
195 113 36109
195 114 33239
195 115 16351
195 116 8085
195 117 22793
195 118 24215
195 119 36461
195 120 21261
195 121 11687
195 122 24510
195 123 36748
195 124 42012
195 125 35678
195 126 39266
195 127 24338
195 128 28984
195 129 17421
195 130 2555
195 131 34689
195 132 17198
195 133 14327
195 134 2468
195 135 28395
195 136 37470
195 137 17354
195 138 4869
195 139 13155
195 140 39179
195 141 34204
195 142 30837
195 143 47339
195 144 19617
195 145 16081
195 146 19161
195 147 20996
195 148 30457
195 149 -1863
195 150 6111
195 151 25359
195 152 10762
195 153 29902
195 154 1913
195 155 4878
195 156 20575
195 157 16203
195 158 11665
195 159 27840
195 160 29642
195 161 23704
195 162 23176
195 163 7770
195 164 17119
195 165 9363
195 166 24791
195 167 18619
195 168 42264
195 169 14314
195 170 13288
195 171 9596
195 172 24709
195 173 34719
195 174 37052
195 175 41981
195 176 13286
195 177 2434
195 178 14198
195 179 -21
195 180 3595
195 181 31972
195 182 27529
195 183 19842
195 184 5537
195 185 16495
195 186 16211
195 187 12867
195 188 27731
195 189 31721
195 190 22200
195 191 34551
195 192 32929
195 193 30646
195 194 29965
195 196 7135
195 197 9587
195 198 2817
195 199 35960
195 200 8700
196 1 9042
196 2 27300
196 3 1847
196 4 16942
196 5 31148
196 6 28383
196 7 30252
196 8 38050
196 9 9458
196 10 23341
196 11 31828
196 12 3126
196 13 22517
196 14 39706
196 15 32022
196 16 38125
196 17 40976
196 18 27046
196 19 32901
196 20 19914
196 21 19977
196 22 28989
196 23 22061
196 24 9650
196 25 20716
196 26 9771
196 27 13396
196 28 9837
196 29 6947
196 30 14331
196 31 15641
196 32 21639
196 33 6403
196 34 9093
196 35 19887
196 36 43571
196 37 35746
196 38 47215
196 39 18267
196 40 17776
196 41 30729
196 42 36835
196 43 37399
196 44 42815
196 45 37204
196 46 39381
196 47 35888
196 48 27669
196 49 39194
196 50 2881
196 51 11588
196 52 22479
196 53 16923
196 54 8041
196 55 20476
196 56 26175
196 57 32151
196 58 19065
196 59 28713
196 60 34268
196 61 38332
196 62 25703
196 63 31004
196 64 28968
196 65 17497
196 66 13812
196 67 20398
196 68 -1987
196 69 13413
196 70 17650
196 71 18625
196 72 19504
196 73 22634
196 74 26426
196 75 24186
196 76 -1174
196 77 -1569
196 78 9638
196 79 2241
196 80 5223
196 81 4475
196 82 30816
196 83 33479
196 84 37136
196 85 30380
196 86 38235
196 87 25822
196 88 24451
196 89 22864
196 90 28546
196 91 40775
196 92 34761
196 93 32417
196 94 24710
196 95 27384
196 96 30612
196 97 30385
196 98 35551
196 99 33105
196 100 36097
196 101 14988
196 102 -312
196 103 12227
196 104 33099
196 105 12309
196 106 26674
196 107 32581
196 108 21063
196 109 6539
196 110 18942
196 111 5973
196 112 19481
196 113 39873
196 114 32389
196 115 26569
196 116 -1681
196 117 29361
196 118 26250
196 119 43544
196 120 9487
196 121 5716
196 122 13843
196 123 31410
196 124 38746
196 125 36121
196 126 30232
196 127 19271
196 128 17577
196 129 6943
196 130 10564
196 131 23993
196 132 10799
196 133 26319
196 134 4520
196 135 16988
196 136 25907
196 137 25242
196 138 7018
196 139 23822
196 140 46591
196 141 40166
196 142 39472
196 143 41929
196 144 28822
196 145 27432
196 146 18271
196 147 23773
196 148 24171
196 149 9627
196 150 3962
196 151 31467
196 152 18134
196 153 27402
196 154 4062
196 155 16059
196 156 22809
196 157 4265
196 158 854
196 159 20429
196 160 18680
196 161 11694
196 162 15727
196 163 7808
196 164 6173
196 165 17042
196 166 25771
196 167 14707
196 168 37987
196 169 5211
196 170 22426
196 171 21401
196 172 33586
196 173 38047
196 174 36141
196 175 35097
196 176 5698
196 177 4975
196 178 24209
196 179 11538
196 180 13422
196 181 21649
196 182 22310
196 183 23999
196 184 -2227
196 185 4823
196 186 27955
196 187 23299
196 188 15937
196 189 23324
196 190 16388
196 191 40714
196 192 40052
196 193 36792
196 194 26427
196 195 6519
196 197 21606
196 198 14810
196 199 36332
196 200 10353
197 1 32006
197 2 12751
197 3 27261
197 4 1652
197 5 31280
197 6 28902
197 7 44334
197 8 45864
197 9 36296
197 10 44926
197 11 51537
197 12 16055
197 13 17859
197 14 26895
197 15 11839
197 16 31906
197 17 40871
197 18 35033
197 19 49661
197 20 46393
197 21 4244
197 22 3502
197 23 -3975
197 24 18998
197 25 10450
197 26 12166
197 27 26426
197 28 22427
197 29 24361
197 30 39334
197 31 34873
197 32 46299
197 33 33326
197 34 32708
197 35 45607
197 36 57164
197 37 28147
197 38 34279
197 39 -2614
197 40 11670
197 41 5904
197 42 22647
197 43 18936
197 44 33002
197 45 41676
197 46 48264
197 47 49360
197 48 40701
197 49 56107
197 50 28618
197 51 38475
197 52 34693
197 53 19735
197 54 9375
197 55 13268
197 56 351
197 57 14888
197 58 14937
197 59 24091
197 60 37419
197 61 34430
197 62 44567
197 63 53573
197 64 49955
197 65 43960
197 66 40757
197 67 -190
197 68 16921
197 69 33087
197 70 40863
197 71 45402
197 72 -3640
197 73 2997
197 74 1470
197 75 -2755
197 76 23845
197 77 24355
197 78 34097
197 79 27490
197 80 20956
197 81 31145
197 82 41894
197 83 38333
197 84 37805
197 85 24782
197 86 31560
197 87 14784
197 88 41627
197 89 28143
197 90 51892
197 91 33283
197 92 28395
197 93 28069
197 94 22388
197 95 22332
197 96 28425
197 97 22673
197 98 28851
197 99 30172
197 100 27433
197 101 37000
197 102 26423
197 103 39245
197 104 30166
197 105 14058
197 106 39446
197 107 50868
197 108 43474
197 109 15595
197 110 4025
197 111 24121
197 112 22615
197 113 36930
197 114 40004
197 115 10588
197 116 22982
197 117 23103
197 118 28669
197 119 32796
197 120 35965
197 121 24263
197 122 39105
197 123 47368
197 124 50572
197 125 40705
197 126 52623
197 127 36019
197 128 43797
197 129 31679
197 130 8433
197 131 49122
197 132 30440
197 133 334
197 134 12161
197 135 42758
197 136 51903
197 137 16969
197 138 18414
197 139 4662
197 140 34070
197 141 32195
197 142 25037
197 143 57467
197 144 14617
197 145 5339
197 146 29036
197 147 26148
197 148 42272
197 149 8462
197 150 19695
197 151 25101
197 152 14006
197 153 38977
197 154 15458
197 155 769
197 156 28606
197 157 31203
197 158 26268
197 159 40317
197 160 44250
197 161 38598
197 162 36369
197 163 18094
197 164 31253
197 165 10947
197 166 30982
197 167 30211
197 168 51698
197 169 27795
197 170 6692
197 171 -2107
197 172 19381
197 173 36778
197 174 43443
197 175 53676
197 176 27208
197 177 15678
197 178 8713
197 179 6687
197 180 8571
197 181 46094
197 182 38496
197 183 23606
197 184 20537
197 185 31234
197 186 2218
197 187 4839
197 188 42694
197 189 44909
197 190 34227
197 191 32442
197 192 29459
197 193 29145
197 194 39765
197 195 9477
197 196 22112
197 198 -78
197 199 41545
197 200 17889
198 1 25697
198 2 11219
198 3 21847
198 4 1652
198 5 27406
198 6 24445
198 7 38547
198 8 40947
198 9 30642
198 10 38635
198 11 45381
198 12 10197
198 13 13937
198 14 26325
198 15 13561
198 16 29608
198 17 37369
198 18 29820
198 19 43740
198 20 40246
198 21 335
198 22 7833
198 23 2309
198 24 16021
198 25 11668
198 26 5842
198 27 20293
198 28 16121
198 29 20348
198 30 33048
198 31 28635
198 32 39983
198 33 27606
198 34 28001
198 35 40432
198 36 51677
198 37 25751
198 38 34061
198 39 1946
198 40 6472
198 41 9822
198 42 22106
198 43 20195
198 44 31645
198 45 37337
198 46 43354
198 47 43817
198 48 35130
198 49 50255
198 50 22497
198 51 32477
198 52 28872
198 53 13985
198 54 5765
198 55 13137
198 56 6404
198 57 14998
198 58 10133
198 59 20893
198 60 32955
198 61 31504
198 62 38420
198 63 47272
198 64 43758
198 65 38532
198 66 34758
198 67 4926
198 68 11880
198 69 26778
198 70 34539
198 71 39796
198 72 -1703
198 73 2329
198 74 5244
198 75 3172
198 76 17850
198 77 18756
198 78 29111
198 79 22216
198 80 16041
198 81 25560
198 82 36482
198 83 33720
198 84 33979
198 85 22085
198 86 29564
198 87 12804
198 88 35538
198 89 22979
198 90 45571
198 91 31116
198 92 25552
198 93 24977
198 94 18359
198 95 18956
198 96 24645
198 97 19963
198 98 26276
198 99 26662
198 100 25443
198 101 30677
198 102 20426
198 103 33390
198 104 26656
198 105 8072
198 106 33743
198 107 44821
198 108 37164
198 109 10133
198 110 942
198 111 17799
198 112 17368
198 113 34018
198 114 35066
198 115 9552
198 116 17301
198 117 19846
198 118 24321
198 119 31645
198 120 30478
198 121 19955
198 122 32847
198 123 41497
198 124 45205
198 125 36325
198 126 46326
198 127 29881
198 128 37599
198 129 26515
198 130 5673
198 131 42823
198 132 24124
198 133 5111
198 134 8758
198 135 37553
198 136 46649
198 137 13687
198 138 12116
198 139 8192
198 140 33720
198 141 30355
198 142 24764
198 143 51750
198 144 13591
198 145 7469
198 146 23119
198 147 21411
198 148 36151
198 149 2309
198 150 14780
198 151 22258
198 152 9202
198 153 33377
198 154 9160
198 155 769
198 156 22960
198 157 25272
198 158 20854
198 159 34106
198 160 37985
198 161 32902
198 162 30065
198 163 14569
198 164 26198
198 165 10265
198 166 26064
198 167 24055
198 168 46117
198 169 23095
198 170 9974
198 171 512
198 172 18707
198 173 33324
198 174 38660
198 175 47609
198 176 20890
198 177 10796
198 178 7608
198 179 1910
198 180 2604
198 181 39770
198 182 32525
198 183 19230
198 184 14642
198 185 25712
198 186 8345
198 187 8255
198 188 36617
198 189 38618
198 190 28048
198 191 30611
198 192 28179
198 193 26973
198 194 34017
198 195 3697
198 196 16306
198 197 912
198 199 36939
198 200 11994
199 1 27851
199 2 28763
199 3 40413
199 4 41196
199 5 1745
199 6 15011
199 7 12658
199 8 2423
199 9 39320
199 10 24107
199 11 21387
199 12 34173
199 13 17702
199 14 19700
199 15 27068
199 16 9706
199 17 4067
199 18 4228
199 19 14856
199 20 38782
199 21 34763
199 22 39709
199 23 39048
199 24 47083
199 25 50612
199 26 30311
199 27 20358
199 28 27674
199 29 46101
199 30 28845
199 31 16881
199 32 28855
199 33 39529
199 34 45648
199 35 51651
199 36 15535
199 37 17431
199 38 21915
199 39 41535
199 40 28399
199 41 37729
199 42 25110
199 43 26077
199 44 18010
199 45 -1973
199 46 4157
199 47 9105
199 48 2411
199 49 17817
199 50 32617
199 51 37522
199 52 14269
199 53 25081
199 54 39614
199 55 51164
199 56 44657
199 57 29442
199 58 23966
199 59 10370
199 60 5743
199 61 9379
199 62 17642
199 63 29317
199 64 17873
199 65 44220
199 66 33679
199 67 44227
199 68 36193
199 69 25118
199 70 28657
199 71 46025
199 72 34538
199 73 34947
199 74 39200
199 75 38926
199 76 34042
199 77 37499
199 78 46457
199 79 39854
199 80 42163
199 81 37706
199 82 3957
199 83 -1621
199 84 2722
199 85 6561
199 86 7003
199 87 18192
199 88 17324
199 89 11220
199 90 31200
199 91 17290
199 92 18401
199 93 10059
199 94 13359
199 95 14866
199 96 12828
199 97 18364
199 98 15661
199 99 12641
199 100 16174
199 101 26436
199 102 31009
199 103 37911
199 104 12635
199 105 25150
199 106 8988
199 107 18114
199 108 23389
199 109 37795
199 110 40486
199 111 27068
199 112 17045
199 113 5597
199 114 -2611
199 115 29110
199 116 37017
199 117 19964
199 118 -1850
199 119 20762
199 120 41643
199 121 44876
199 122 31861
199 123 12747
199 124 9159
199 125 -3060
199 126 28389
199 127 18022
199 128 33778
199 129 44797
199 130 41308
199 131 33404
199 132 24401
199 133 37976
199 134 40320
199 135 49183
199 136 56042
199 137 23268
199 138 30934
199 139 47988
199 140 20936
199 141 13240
199 142 25020
199 143 17865
199 144 23823
199 145 32153
199 146 19061
199 147 10234
199 148 16503
199 149 32672
199 150 40902
199 151 15107
199 152 23035
199 153 8654
199 154 27978
199 155 40313
199 156 24489
199 157 36053
199 158 39420
199 159 15436
199 160 31877
199 161 39123
199 162 23789
199 163 44860
199 164 41060
199 165 47870
199 166 4397
199 167 18436
199 168 11963
199 169 43671
199 170 49754
199 171 32176
199 172 23951
199 173 5718
199 174 -799
199 175 21076
199 176 25011
199 177 39217
199 178 25508
199 179 37268
199 180 28775
199 181 24688
199 182 9322
199 183 12464
199 184 33590
199 185 40522
199 186 46293
199 187 48065
199 188 36428
199 189 24090
199 190 15549
199 191 15389
199 192 18632
199 193 14327
199 194 9287
199 195 33310
199 196 34298
199 197 39005
199 198 33409
199 200 16084
END
NODE_CONSUMPTION
0 1 10
0 2 7
0 3 13
0 4 19
0 5 26
0 6 3
0 7 5
0 8 9
0 9 16
0 10 16
0 11 12
0 12 19
0 13 23
0 14 20
0 15 8
0 16 19
0 17 2
0 18 12
0 19 17
0 20 9
0 21 11
0 22 18
0 23 29
0 24 3
0 25 6
0 26 17
0 27 16
0 28 16
0 29 9
0 30 21
0 31 27
0 32 23
0 33 11
0 34 14
0 35 8
0 36 5
0 37 8
0 38 16
0 39 31
0 40 9
0 41 5
0 42 5
0 43 7
0 44 18
0 45 16
0 46 1
0 47 27
0 48 36
0 49 30
0 50 13
0 51 10
0 52 9
0 53 14
0 54 18
0 55 2
0 56 6
0 57 7
0 58 18
0 59 28
0 60 3
0 61 13
0 62 19
0 63 10
0 64 9
0 65 20
0 66 25
0 67 25
0 68 36
0 69 6
0 70 5
0 71 15
0 72 25
0 73 9
0 74 8
0 75 18
0 76 13
0 77 14
0 78 3
0 79 23
0 80 6
0 81 26
0 82 16
0 83 11
0 84 7
0 85 41
0 86 35
0 87 26
0 88 9
0 89 15
0 90 3
0 91 1
0 92 2
0 93 22
0 94 27
0 95 20
0 96 11
0 97 12
0 98 10
0 99 9
0 100 17
0 101 7
0 102 30
0 103 16
0 104 9
0 105 21
0 106 15
0 107 19
0 108 23
0 109 11
0 110 5
0 111 19
0 112 29
0 113 23
0 114 21
0 115 10
0 116 15
0 117 3
0 118 41
0 119 9
0 120 28
0 121 8
0 122 8
0 123 16
0 124 10
0 125 28
0 126 7
0 127 15
0 128 14
0 129 6
0 130 19
0 131 11
0 132 12
0 133 23
0 134 26
0 135 17
0 136 6
0 137 9
0 138 15
0 139 14
0 140 7
0 141 27
0 142 13
0 143 11
0 144 16
0 145 10
0 146 5
0 147 25
0 148 17
0 149 18
0 150 10
0 151 18
0 152 26
0 153 11
0 154 30
0 155 21
0 156 19
0 157 15
0 158 16
0 159 29
0 160 26
0 161 37
0 162 16
0 163 12
0 164 31
0 165 8
0 166 19
0 167 20
0 168 13
0 169 15
0 170 22
0 171 28
0 172 12
0 173 6
0 174 27
0 175 14
0 176 18
0 177 17
0 178 29
0 179 13
0 180 22
0 181 25
0 182 28
0 183 27
0 184 19
0 185 10
0 186 12
0 187 14
0 188 24
0 189 16
0 190 33
0 191 15
0 192 11
0 193 18
0 194 17
0 195 21
0 196 27
0 197 19
0 198 20
0 199 5
END
