NAME : ./data/ESPPRC - Test Instances/M-n200-k16_b.simplified-vrp
SIZE : 201
DIRECTED : 1
CYCLIC : 1
ORIGIN : 0
DESTINATION : 200
RESOURCES : 1
RES_NAMES : 0
RES_TYPE
0 CAP
END
RES_BOUND
0 0 200
END
EDGE_COST
0 1 12104
0 2 15723
0 3 18670
0 4 18770
0 5 12957
0 6 10771
0 7 19209
0 8 22702
0 9 23307
0 10 20376
0 11 26505
0 12 10414
0 13 6125
0 14 22968
0 15 20205
0 16 20305
0 17 24417
0 18 11193
0 19 23872
0 20 27316
0 21 14511
0 22 22519
0 23 19577
0 24 23258
0 25 27445
0 26 6929
0 27 1626
0 28 4728
0 29 23801
0 30 17872
0 31 10010
0 32 25123
0 33 20527
0 34 26176
0 35 33485
0 36 31259
0 37 18672
0 38 30199
0 39 19912
0 40 8605
0 41 22109
0 42 20947
0 43 23837
0 44 25059
0 45 21339
0 46 25760
0 47 24218
0 48 14653
0 49 31583
0 50 12763
0 51 21470
0 52 9298
0 53 1960
0 54 15848
0 55 27874
0 56 25593
0 57 17928
0 58 5379
0 59 10834
0 60 17123
0 61 20502
0 62 19029
0 63 29552
0 64 24903
0 65 30078
0 66 22420
0 67 22989
0 68 12240
0 69 11203
0 70 18852
0 71 29868
0 72 14870
0 73 16548
0 74 21506
0 75 20105
0 76 11435
0 77 15388
0 78 27401
0 79 17946
0 80 18939
0 81 17992
0 82 17138
0 83 16675
0 84 19769
0 85 12002
0 86 19571
0 87 10579
0 88 15863
0 89 5357
0 90 28570
0 91 24089
0 92 17995
0 93 13891
0 94 7500
0 95 9699
0 96 12704
0 97 13518
0 98 17764
0 99 15350
0 100 18755
0 101 14106
0 102 10949
0 103 25559
0 104 15375
0 105 2494
0 106 14403
0 107 25013
0 108 19424
0 109 13890
0 110 19189
0 111 5624
0 112 -178
0 113 20914
0 114 16906
0 115 15619
0 116 14424
0 117 13021
0 118 7801
0 119 26469
0 120 21073
0 121 22334
0 122 19046
0 123 22096
0 124 26026
0 125 18546
0 126 28815
0 127 10900
0 128 24296
0 129 24231
0 130 17972
0 131 25773
0 132 8200
0 133 20675
0 134 16961
0 135 29952
0 136 39390
0 137 10829
0 138 7217
0 139 26321
0 140 29509
0 141 21758
0 142 23928
0 143 31994
0 144 14963
0 145 18532
0 146 3971
0 147 5922
0 148 16960
0 149 9297
0 150 17895
0 151 14117
0 152 4037
0 153 14160
0 154 4051
0 155 18118
0 156 -310
0 157 16920
0 158 18050
0 159 15100
0 160 22407
0 161 22158
0 162 10671
0 163 20811
0 164 22625
0 165 25827
0 166 8748
0 167 5309
0 168 26533
0 169 22191
0 170 27125
0 171 14207
0 172 18678
0 173 20461
0 174 20338
0 175 28327
0 176 6930
0 177 15698
0 178 11791
0 179 14513
0 180 6986
0 181 22489
0 182 12286
0 183 6746
0 184 10371
0 185 21186
0 186 26557
0 187 26099
0 188 23145
0 189 20373
0 190 8853
0 191 23119
0 192 23233
0 193 18977
0 194 14256
0 195 9600
0 196 11654
0 197 18688
0 198 12120
0 199 19956
1 2 30281
1 3 10869
1 4 25972
1 5 24543
1 6 24430
1 7 19020
1 8 28028
1 9 9095
1 10 10437
1 11 19365
1 12 12057
1 13 21346
1 14 37824
1 15 35145
1 16 33600
1 17 34709
1 18 18229
1 19 20087
1 20 12185
1 21 25758
1 22 34798
1 23 29695
1 24 21043
1 25 31547
1 26 15165
1 27 7443
1 28 10403
1 29 18010
1 30 3422
1 31 2986
1 32 12004
1 33 8137
1 34 14859
1 35 19651
1 36 30381
1 37 33264
1 38 44624
1 39 27534
1 40 21446
1 41 35259
1 42 36171
1 43 39057
1 44 39267
1 45 28872
1 46 29305
1 47 23747
1 48 15010
1 49 27476
1 50 2117
1 51 6586
1 52 13216
1 53 15927
1 54 18656
1 55 31470
1 56 35284
1 57 32812
1 58 19861
1 59 25046
1 60 27397
1 61 33295
1 62 12769
1 63 19037
1 64 16594
1 65 15148
1 66 7221
1 67 30234
1 68 8890
1 69 3509
1 70 5819
1 71 15046
1 72 25939
1 73 28563
1 74 33255
1 75 31153
1 76 6413
1 77 9106
1 78 16561
1 79 8423
1 80 17053
1 81 5272
1 82 19891
1 83 25127
1 84 30424
1 85 25777
1 86 32486
1 87 25809
1 88 11925
1 89 16875
1 90 16912
1 91 38176
1 92 32625
1 93 27614
1 94 22085
1 95 24515
1 96 26509
1 97 28562
1 98 32113
1 99 29002
1 100 33314
1 101 1989
1 102 -850
1 103 10545
1 104 29027
1 105 14449
1 106 16064
1 107 19511
1 108 8530
1 109 16189
1 110 27661
1 111 4466
1 112 14545
1 113 32558
1 114 22697
1 115 29970
1 116 9997
1 117 28129
1 118 18534
1 119 40963
1 120 7603
1 121 16577
1 122 4021
1 123 19276
1 124 27256
1 125 26121
1 126 18460
1 127 8017
1 128 9422
1 129 14840
1 130 21423
1 131 12110
1 132 1041
1 133 32681
1 134 16496
1 135 16294
1 136 25077
1 137 25947
1 138 11777
1 139 33551
1 140 43864
1 141 35505
1 142 39104
1 143 29269
1 144 30082
1 145 32265
1 146 12425
1 147 18827
1 148 11687
1 149 16668
1 150 16009
1 151 28747
1 152 18519
1 153 17351
1 154 8611
1 155 25320
1 156 14454
1 157 4762
1 158 10249
1 159 7496
1 160 8035
1 161 7362
1 162 996
1 163 19050
1 164 10269
1 165 29322
1 166 18566
1 167 5523
1 168 25868
1 169 13248
1 170 32694
1 171 26562
1 172 33908
1 173 32081
1 174 25743
1 175 22497
1 176 -2600
1 177 16191
1 178 26332
1 179 20773
1 180 18031
1 181 10086
1 182 9498
1 183 20929
1 184 7288
1 185 10222
1 186 36266
1 187 33032
1 188 7931
1 189 10434
1 190 4087
1 191 37099
1 192 37833
1 193 33189
1 194 15176
1 195 14813
1 196 6397
1 197 28859
1 198 21877
1 199 27777
1 200 15243
2 1 29430
2 3 30718
2 4 13994
2 5 16195
2 6 15992
2 7 34245
2 8 32522
2 9 38715
2 10 38171
2 11 43253
2 12 18845
2 13 4379
2 14 12142
2 15 2791
2 16 16329
2 17 26699
2 18 22841
2 19 39280
2 20 44724
2 21 6923
2 22 7800
2 23 6845
2 24 28244
2 25 24054
2 26 12150
2 27 19626
2 28 19284
2 29 32256
2 30 35667
2 31 27774
2 32 43123
2 33 35125
2 34 38535
2 35 48018
2 36 44062
2 37 12756
2 38 20084
2 39 11436
2 40 6859
2 41 5454
2 42 7535
2 43 8100
2 44 17356
2 45 27989
2 46 35569
2 47 37447
2 48 28190
2 49 46320
2 50 28103
2 51 37868
2 52 25187
2 53 11630
2 54 18104
2 55 26047
2 56 15069
2 57 564
2 58 5379
2 59 8682
2 60 23854
2 61 19049
2 62 35984
2 63 47236
2 64 41630
2 65 45943
2 66 39646
2 67 13302
2 68 21276
2 69 29104
2 70 36808
2 71 45750
2 72 4440
2 73 5423
2 74 8614
2 75 7552
2 76 24436
2 77 27313
2 78 39937
2 79 30405
2 80 26844
2 81 32465
2 82 29870
2 83 24580
2 84 23223
2 85 8627
2 86 15232
2 87 -735
2 88 32767
2 89 16482
2 90 46481
2 91 18577
2 92 13538
2 93 12028
2 94 8912
2 95 7040
2 96 13841
2 97 7083
2 98 12996
2 99 15350
2 100 11742
2 101 32046
2 102 26078
2 103 41924
2 104 15375
2 105 9351
2 106 29070
2 107 41122
2 108 37306
2 109 20118
2 110 14421
2 111 21404
2 112 10346
2 113 20339
2 114 26835
2 115 -1993
2 116 25807
2 117 8599
2 118 13773
2 119 17717
2 120 35775
2 121 31238
2 122 36567
2 123 37310
2 124 38324
2 125 25386
2 126 46483
2 127 28373
2 128 41947
2 129 36412
2 130 18700
2 131 43752
2 132 25953
2 133 6400
2 134 21413
2 135 44394
2 136 54404
2 137 3318
2 138 17808
2 139 19163
2 140 19737
2 141 15952
2 142 10927
2 143 46027
2 144 -268
2 145 1276
2 146 21175
2 147 13510
2 148 33893
2 149 11561
2 150 25800
2 151 9660
2 152 4037
2 153 28260
2 154 14642
2 155 13342
2 156 14571
2 157 31956
2 158 30098
2 159 32421
2 160 40260
2 161 38102
2 162 28671
2 163 26261
2 164 36057
2 165 24565
2 166 18313
2 167 23163
2 168 39983
2 169 33334
2 170 20827
2 171 286
2 172 4757
2 173 21862
2 174 29428
2 175 44524
2 176 24014
2 177 21922
2 178 -6209
2 179 14513
2 180 6986
2 181 40429
2 182 28357
2 183 10929
2 184 22019
2 185 34774
2 186 15404
2 187 19163
2 188 40351
2 189 38168
2 190 26419
2 191 16913
2 192 14457
2 193 13243
2 194 29166
2 195 13638
2 196 23872
2 197 8821
2 198 6616
2 199 27906
2 200 18011
3 1 11432
3 2 32132
3 4 18770
3 5 35061
3 6 33132
3 7 33351
3 8 41497
3 9 6291
3 10 24036
3 11 33275
3 12 6594
3 13 26961
3 14 44103
3 15 36961
3 16 42628
3 17 46205
3 18 30737
3 19 34576
3 20 18054
3 21 23409
3 22 31994
3 23 23521
3 24 7400
3 25 20830
3 26 13777
3 27 17242
3 28 14528
3 29 3455
3 30 13590
3 31 17546
3 32 22364
3 33 3048
3 34 4262
3 35 13989
3 36 44941
3 37 40471
3 38 51804
3 39 19318
3 40 22425
3 41 33409
3 42 40729
3 43 42463
3 44 46993
3 45 41681
3 46 43377
3 47 38283
3 48 29429
3 49 41780
3 50 4038
3 51 8862
3 52 26055
3 53 20292
3 54 9169
3 55 20820
3 56 29448
3 57 34957
3 58 23194
3 59 32992
3 60 38655
3 61 42861
3 62 27149
3 63 31502
3 64 29609
3 65 12905
3 66 10559
3 67 20887
3 68 -3055
3 69 17148
3 70 18852
3 71 13294
3 72 22481
3 73 26506
3 74 30151
3 75 26845
3 76 2491
3 77 -1482
3 78 5557
3 79 -4002
3 80 5906
3 81 -594
3 82 33864
3 83 37353
3 84 41612
3 85 34257
3 86 41922
3 87 30378
3 88 26461
3 89 27033
3 90 28879
3 91 46184
3 92 39834
3 93 36187
3 94 29590
3 95 31453
3 96 35030
3 97 34732
3 98 39771
3 99 37682
3 100 40517
3 101 16302
3 102 -1639
3 103 11179
3 104 37707
3 105 16636
3 106 30023
3 107 33774
3 108 21540
3 109 9142
3 110 22260
3 111 10005
3 112 22117
3 113 43143
3 114 35969
3 115 31263
3 116 1396
3 117 34208
3 118 29540
3 119 48158
3 120 2398
3 121 2057
3 122 13651
3 123 33831
3 124 41638
3 125 38894
3 126 31094
3 127 22151
3 128 16371
3 129 2054
3 130 11868
3 131 21714
3 132 13827
3 133 29501
3 134 4300
3 135 10368
3 136 20643
3 137 30014
3 138 11359
3 139 25345
3 140 51195
3 141 43952
3 142 44070
3 143 43757
3 144 33398
3 145 31698
3 146 22741
3 147 28178
3 148 26222
3 149 12917
3 150 4862
3 151 35956
3 152 21852
3 153 30955
3 154 8193
3 155 18118
3 156 22051
3 157 2778
3 158 -4311
3 159 21670
3 160 16813
3 161 6102
3 162 15552
3 163 6018
3 164 1689
3 165 18808
3 166 29883
3 167 18112
3 168 40408
3 169 -160
3 170 22576
3 171 24275
3 172 38094
3 173 42631
3 174 39260
3 175 36680
3 176 8436
3 177 6673
3 178 28019
3 179 14513
3 180 17416
3 181 20499
3 182 24038
3 183 29050
3 184 1631
3 185 1186
3 186 30170
3 187 24497
3 188 12375
3 189 24033
3 190 18537
3 191 45226
3 192 44839
3 193 41010
3 194 29283
3 195 9600
3 196 -810
3 197 24102
3 198 18015
3 199 40327
3 200 22372
4 1 29074
4 2 17947
4 3 21309
4 5 33572
4 6 31214
4 7 44094
4 8 46990
4 9 31291
4 10 42051
4 11 49973
4 12 11225
4 13 20440
4 14 32183
4 15 18946
4 16 36150
4 17 44993
4 18 35693
4 19 48425
4 20 41791
4 21 6483
4 22 9735
4 23 -1479
4 24 11286
4 25 3904
4 26 9891
4 27 24910
4 28 20426
4 29 17738
4 30 35097
4 31 32546
4 32 44047
4 33 27830
4 34 26521
4 35 38154
4 36 56259
4 37 32459
4 38 39975
4 39 -4625
4 40 13236
4 41 11632
4 42 27468
4 43 25896
4 44 37576
4 45 44386
4 46 50234
4 47 49216
4 48 39652
4 49 56244
4 50 23952
4 51 33015
4 52 34219
4 53 18583
4 54 2264
4 55 5955
4 56 4633
4 57 19085
4 58 16249
4 59 27264
4 60 39592
4 61 38193
4 62 42575
4 63 51060
4 64 48019
4 65 37576
4 66 35262
4 67 -1665
4 68 9888
4 69 31487
4 70 38006
4 71 38249
4 72 1342
4 73 7825
4 74 8311
4 75 3137
4 76 18587
4 77 18777
4 78 28895
4 79 20463
4 80 14873
4 81 24406
4 82 42074
4 83 39965
4 84 40792
4 85 28031
4 86 35255
4 87 19268
4 88 39814
4 89 29007
4 90 49094
4 91 38489
4 92 32671
4 93 30859
4 94 25291
4 95 25098
4 96 31174
4 97 26330
4 98 32518
4 99 33368
4 100 31767
4 101 33704
4 102 20764
4 103 36046
4 104 33393
4 105 13451
4 106 39381
4 107 49111
4 108 40503
4 109 10115
4 110 2052
4 111 21102
4 112 21655
4 113 39540
4 114 41165
4 115 16009
4 116 17609
4 117 26759
4 118 29852
4 119 37935
4 120 27298
4 121 17528
4 122 35176
4 123 46786
4 124 50979
4 125 41650
4 126 50429
4 127 34509
4 128 39819
4 129 25971
4 130 1236
4 131 43916
4 132 27862
4 133 6816
4 134 5202
4 135 34621
4 136 44994
4 137 20574
4 138 15245
4 139 1483
4 140 39707
4 141 36052
4 142 30715
4 143 56872
4 144 19842
4 145 12082
4 146 28804
4 147 27793
4 148 40697
4 149 5162
4 150 13829
4 151 28793
4 152 14907
4 153 39157
4 154 12079
4 155 -6882
4 156 23531
4 157 26121
4 158 20689
4 159 38068
4 160 39390
4 161 31102
4 162 31563
4 163 10364
4 164 25453
4 165 4734
4 166 32289
4 167 28647
4 168 51523
4 169 21086
4 170 2212
4 171 3475
4 172 24741
4 173 40182
4 174 44444
4 175 52333
4 176 23930
4 177 9673
4 178 13187
4 179 1986
4 180 8360
4 181 42220
4 182 36751
4 183 26293
4 184 15176
4 185 26186
4 186 5206
4 187 1154
4 188 36593
4 189 42048
4 190 32093
4 191 37018
4 192 34680
4 193 33151
4 194 39196
4 195 4969
4 196 16551
4 197 759
4 198 86
4 199 43376
4 200 25011
5 1 29074
5 2 21577
5 3 39029
5 4 35001
5 6 9591
5 7 18612
5 8 10381
5 9 41291
5 10 28422
5 11 28319
5 12 30769
5 13 10756
5 14 10952
5 15 18946
5 16 2330
5 17 4003
5 18 6562
5 19 21856
5 20 41791
5 21 28106
5 22 31649
5 23 30691
5 24 43507
5 25 44894
5 26 25749
5 27 18987
5 28 25329
5 29 44416
5 30 31428
5 31 19749
5 32 34952
5 33 39677
5 34 46022
5 35 51853
5 36 22555
5 37 8639
5 38 14699
5 39 34407
5 40 22920
5 41 28715
5 42 15577
5 43 17821
5 44 9661
5 45 4226
5 46 12496
5 47 16939
5 48 8941
5 49 26702
5 50 32027
5 51 38589
5 52 15676
5 53 19511
5 54 35056
5 55 45919
5 56 38435
5 57 19492
5 58 17702
5 59 1515
5 60 3567
5 61 1715
5 62 22945
5 63 35428
5 64 25384
5 65 46616
5 66 36741
5 67 36823
5 68 32838
5 69 26840
5 70 31816
5 71 46846
5 72 27326
5 73 28203
5 74 32264
5 75 31269
5 76 31839
5 77 35852
5 78 47327
5 79 38087
5 80 39437
5 81 37054
5 82 10814
5 83 2651
5 84 -439
5 85 -2958
5 86 495
5 87 9886
5 88 21225
5 89 8440
5 90 36632
5 91 9477
5 92 10240
5 93 351
5 94 6860
5 95 6495
5 96 5056
5 97 9767
5 98 6353
5 99 4260
5 100 7082
5 101 28102
5 102 30099
5 103 42193
5 104 4285
5 105 20423
5 106 13992
5 107 24787
5 108 27906
5 109 33894
5 110 35037
5 111 25559
5 112 10947
5 113 471
5 114 5233
5 115 21832
5 116 34997
5 117 12491
5 118 -6704
5 119 12473
5 120 39723
5 121 42949
5 122 34143
5 123 20046
5 124 17207
5 125 1700
5 126 34709
5 127 20403
5 128 37711
5 129 44426
5 130 36725
5 131 36491
5 132 24816
5 133 30254
5 134 36982
5 135 48483
5 136 57192
5 137 16275
5 138 27631
5 139 41567
5 140 13784
5 141 4880
5 142 16156
5 143 25709
5 144 15560
5 145 24455
5 146 18206
5 147 5680
5 148 21525
5 149 27593
5 150 38393
5 151 6362
5 152 16360
5 153 13110
5 154 24465
5 155 34349
5 156 15893
5 157 36018
5 158 38409
5 159 20484
5 160 34835
5 161 39253
5 162 23671
5 163 41076
5 164 42000
5 165 44053
5 166 3197
5 167 18893
5 168 19794
5 169 42553
5 170 43133
5 171 24052
5 172 15156
5 173 -67
5 174 6482
5 175 28254
5 176 24929
5 177 35873
5 178 17204
5 179 32494
5 180 23228
5 181 29997
5 182 14124
5 183 6974
5 184 30961
5 185 40907
5 186 38985
5 187 41517
5 188 38069
5 189 28419
5 190 18042
5 191 7255
5 192 10233
5 193 5183
5 194 14125
5 195 28789
5 196 32137
5 197 31767
5 198 27220
5 199 5305
5 200 20627
6 1 21711
6 2 14124
6 3 29850
6 4 25393
6 5 2341
6 7 18612
6 8 16302
6 9 33717
6 10 25295
6 11 28319
6 12 20909
6 13 2016
6 14 13313
6 15 15286
6 16 9178
6 17 14003
6 18 6562
6 19 23479
6 20 36004
6 21 18844
6 22 23877
6 23 22572
6 24 33569
6 25 35135
6 26 15749
6 27 10768
6 28 15867
6 29 34772
6 30 25918
6 31 15350
6 32 31385
6 33 31377
6 34 37290
6 35 44110
6 36 27661
6 37 8639
6 38 19789
6 39 25298
6 40 13236
6 41 21848
6 42 13480
6 43 16735
6 44 14429
6 45 12800
6 46 19498
6 47 21077
6 48 11910
6 49 30136
6 50 23595
6 51 31422
6 52 11137
6 53 9530
6 54 25060
6 55 36050
6 56 29674
6 57 14046
6 58 8029
6 59 241
6 60 8039
6 61 9325
6 62 21552
6 63 33675
6 64 26436
6 65 39964
6 66 31167
6 67 28003
6 68 23142
6 69 19846
6 70 26393
6 71 39886
6 72 18475
6 73 19445
6 74 23928
6 75 22930
6 76 22616
6 77 26561
6 78 38527
6 79 29107
6 80 29624
6 81 28825
6 82 13537
6 83 8618
6 84 9474
6 85 1022
6 86 8403
6 87 4563
6 88 18651
6 89 1456
6 90 33804
6 91 13343
6 92 8154
6 93 2863
6 94 -1380
6 95 833
6 96 1683
6 97 5313
6 98 7321
6 99 4260
6 100 8605
6 101 22049
6 102 21760
6 103 35361
6 104 4285
6 105 10423
6 106 13428
6 107 25682
6 108 24687
6 109 23939
6 110 25443
6 111 16652
6 112 1147
6 113 9907
6 114 10556
6 115 14397
6 116 25551
6 117 5879
6 118 -1766
6 119 16165
6 120 31766
6 121 33338
6 122 27865
6 123 21487
6 124 21923
6 125 10084
6 126 32912
6 127 15654
6 128 32457
6 129 35401
6 130 26756
6 131 32518
6 132 17414
6 133 22362
6 134 27009
6 135 40633
6 136 49797
6 137 8117
6 138 17833
6 139 32242
6 140 19025
6 141 10801
6 142 15671
6 143 29715
6 144 10158
6 145 17627
6 146 10373
6 147 -2518
6 148 19599
6 149 17619
6 150 28580
6 151 4276
6 152 6687
6 153 12479
6 154 14667
6 155 24741
6 156 6398
6 157 27723
6 158 29230
6 159 18485
6 160 30006
6 161 32200
6 162 17930
6 163 31147
6 164 33601
6 165 34155
6 166 1923
6 167 12214
6 168 23640
6 169 33370
6 170 33693
6 171 15932
6 172 11937
6 173 9603
6 174 13422
6 175 29123
6 176 17027
6 177 25938
6 178 9996
6 179 22573
6 180 13383
6 181 27684
6 182 13277
6 183 -2657
6 184 21486
6 185 32242
6 186 30384
6 187 32162
6 188 32093
6 189 25292
6 190 13658
6 191 12298
6 192 13101
6 193 8351
6 194 13590
6 195 18789
6 196 22826
6 197 22843
6 198 17713
6 199 12025
6 200 11191
7 1 17896
7 2 33972
7 3 31664
7 4 39868
7 5 12957
7 6 20207
7 8 8660
7 9 27692
7 10 9023
7 11 7964
7 12 28955
7 13 21871
7 14 31263
7 15 35889
7 16 22773
7 17 19003
7 18 5382
7 19 3036
7 20 24848
7 21 35534
7 22 42763
7 23 40530
7 24 40692
7 25 47987
7 26 27765
7 27 14654
7 28 23101
7 29 38689
7 30 14738
7 31 3726
7 32 15330
7 33 28829
7 34 35397
7 35 37989
7 36 10450
7 37 27459
7 38 35207
7 39 41113
7 40 29441
7 41 41548
7 42 33662
7 43 36757
7 44 30277
7 45 10623
7 46 8403
7 47 3429
7 48 -5870
7 49 10455
7 50 22958
7 51 24627
7 52 7883
7 53 22983
7 54 35588
7 55 48185
7 56 46716
7 57 34583
7 58 25168
7 59 19049
7 60 15374
7 61 22210
7 62 2478
7 63 14872
7 64 5843
7 65 30078
7 66 18937
7 67 44195
7 68 28505
7 69 16300
7 70 15785
7 71 31353
7 72 35815
7 73 37227
7 74 42131
7 75 40920
7 76 25866
7 77 29424
7 78 37386
7 79 29446
7 80 36119
7 81 25634
7 82 -355
7 83 9898
7 84 16462
7 85 17264
7 86 19993
7 87 25179
7 88 2953
7 89 12512
7 90 16569
7 91 29878
7 92 27681
7 93 19720
7 94 19228
7 95 21309
7 96 20527
7 97 25741
7 98 25521
7 99 21857
7 100 26775
7 101 14106
7 102 20167
7 103 26872
7 104 21882
7 105 23707
7 106 -874
7 107 5068
7 108 8408
7 109 33008
7 110 40379
7 111 20174
7 112 15917
7 113 18446
7 114 4178
7 115 34170
7 116 29638
7 117 26492
7 118 6953
7 119 33012
7 120 27100
7 121 37196
7 122 19046
7 123 1089
7 124 6286
7 125 8078
7 126 14172
7 127 7170
7 128 19912
7 129 35864
7 130 38038
7 131 17209
7 132 15237
7 133 41069
7 134 35269
7 135 35021
7 136 42356
7 137 27950
7 138 26372
7 139 47482
7 140 34271
7 141 25434
7 142 35287
7 143 10787
7 144 30748
7 145 37497
7 146 15250
7 147 14164
7 148 1670
7 149 30141
7 150 35075
7 151 23803
7 152 23826
7 153 2054
7 154 23206
7 155 39216
7 156 18070
7 157 25707
7 158 31044
7 159 285
7 160 16618
7 161 24181
7 162 9704
7 163 38409
7 164 30376
7 165 46068
7 166 8748
7 167 10407
7 168 5641
7 169 34272
7 170 48094
7 171 34539
7 172 32391
7 173 19231
7 174 5983
7 175 8513
7 176 15778
7 177 34157
7 178 29953
7 179 35278
7 180 28186
7 181 9525
7 182 -6312
7 183 17769
7 184 26183
7 185 31186
7 186 47654
7 187 47234
7 188 21288
7 189 9020
7 190 3042
7 191 27869
7 192 30579
7 193 25395
7 194 -2613
7 195 29845
7 196 26206
7 197 39786
7 198 33326
7 199 11183
7 200 21224
8 1 28447
8 2 33792
8 3 41353
8 4 44307
8 5 6269
8 6 19440
8 7 10203
8 9 39395
8 10 21130
8 11 17130
8 12 36206
8 13 21852
8 14 24329
8 15 32733
8 16 14150
8 17 7931
8 18 5822
8 19 9576
8 20 37033
8 21 38364
8 22 43697
8 23 42419
8 24 48837
8 25 53519
8 26 33085
8 27 21805
8 28 29978
8 29 47977
8 30 26859
8 31 15393
8 32 27192
8 33 39700
8 34 46414
8 35 49833
8 36 8647
8 37 22539
8 38 26101
8 39 44771
8 40 32411
8 41 41413
8 42 29467
8 43 31720
8 44 22186
8 45 -1413
8 46 -274
8 47 3166
8 48 -3663
8 49 12969
8 50 33008
8 51 36329
8 52 14984
8 53 27035
8 54 42085
8 55 54059
8 56 49396
8 57 32746
8 58 27388
8 59 14984
8 60 10497
8 61 14112
8 62 14052
8 63 25688
8 64 12750
8 65 42277
8 66 31127
8 67 47631
8 68 37036
8 69 26332
8 70 27724
8 71 43442
8 72 38202
8 73 39225
8 74 43770
8 75 42768
8 76 34796
8 77 38690
8 78 48125
8 79 39657
8 80 44234
8 81 36731
8 82 217
8 83 2791
8 84 7480
8 85 10820
8 86 9926
8 87 23000
8 88 14986
8 89 14246
8 90 28211
8 91 22992
8 92 23797
8 93 14259
8 94 18085
8 95 19040
8 96 17440
8 97 22940
8 98 20274
8 99 17580
8 100 20962
8 101 25449
8 102 30609
8 103 38901
8 104 17605
8 105 28119
8 106 7669
8 107 12916
8 108 20449
8 109 39947
8 110 44459
8 111 28466
8 112 18529
8 113 7973
8 114 -4900
8 115 34076
8 116 38444
8 117 24848
8 118 1897
8 119 25506
8 120 38581
8 121 46451
8 122 30887
8 123 8259
8 124 3340
8 125 -3783
8 126 25091
8 127 17588
8 128 32115
8 129 46071
8 130 44216
8 131 29197
8 132 24958
8 133 42198
8 134 42855
8 135 46769
8 136 54379
8 137 27901
8 138 33120
8 139 51516
8 140 25120
8 141 16952
8 142 30060
8 143 11856
8 144 28756
8 145 37146
8 146 21332
8 147 14083
8 148 13808
8 149 35385
8 150 43190
8 151 19919
8 152 26046
8 153 8135
8 154 29954
8 155 43655
8 156 22152
8 157 36315
8 158 40733
8 159 12095
8 160 28808
8 161 36192
8 162 20920
8 163 46423
8 164 41649
8 165 52034
8 166 7750
8 167 19111
8 168 6149
8 169 44464
8 170 52745
8 171 35780
8 172 28908
8 173 10494
8 174 -5782
8 175 16331
8 176 25545
8 177 41564
8 178 29588
8 179 40588
8 180 32065
8 181 20409
8 182 5702
8 183 17189
8 184 34672
8 185 41727
8 186 50156
8 187 51389
8 188 33469
8 189 21127
8 190 14232
8 191 19990
8 192 23661
8 193 18877
8 194 7234
8 195 35848
8 196 35202
8 197 42514
8 198 36924
8 199 2146
8 200 26260
9 1 14676
9 2 45147
9 3 11309
9 4 33770
9 5 42341
9 6 42017
9 7 34397
9 8 44557
9 10 19881
9 11 28319
9 12 20909
9 13 37957
9 14 54983
9 15 50206
9 16 51358
9 17 52313
9 18 35693
9 19 31856
9 20 6873
9 21 37714
9 22 46583
9 23 38521
9 24 20184
9 25 35135
9 26 27372
9 27 24910
9 28 25329
9 29 14093
9 30 7377
9 31 17844
9 32 13055
9 33 4014
9 34 1300
9 35 1882
9 36 42859
9 37 50610
9 38 62103
9 39 34201
9 40 35504
9 41 47818
9 42 52592
9 43 55029
9 44 56824
9 45 45896
9 46 44634
9 47 37183
9 48 29605
9 49 37300
9 50 11056
9 51 869
9 52 30741
9 53 31620
9 54 24108
9 55 35266
9 56 44429
9 57 47959
9 58 35273
9 59 42548
9 60 45138
9 61 51087
9 62 24598
9 63 24035
9 64 21847
9 65 -1467
9 66 -3759
9 67 35420
9 68 11886
9 69 21241
9 70 16196
9 71 -1547
9 72 37119
9 73 40808
9 74 44763
9 75 41686
9 76 14757
9 77 12807
9 78 6337
9 79 4558
9 80 20866
9 81 -3594
9 82 35873
9 83 42591
9 84 48135
9 85 43432
9 86 50284
9 87 42124
9 88 26711
9 89 34645
9 90 21321
9 91 55757
9 92 49939
9 93 45267
9 94 39390
9 95 41694
9 96 44109
9 97 45517
9 98 49579
9 99 46652
9 100 50686
9 101 16687
9 102 3680
9 103 -3056
9 104 46677
9 105 28964
9 106 32365
9 107 29844
9 108 16212
9 109 23939
9 110 37134
9 111 19426
9 112 31700
9 113 50324
9 114 39479
9 115 44520
9 116 15631
9 117 44999
9 118 36305
9 119 58388
9 120 -7927
9 121 13754
9 122 9301
9 123 32142
9 124 41796
9 125 43188
9 126 23979
9 127 24703
9 128 5203
9 129 10180
9 130 26756
9 131 11839
9 132 18821
9 133 44166
9 134 18543
9 135 -1329
9 136 7387
9 137 41905
9 138 24143
9 139 40257
9 140 61377
9 141 53193
9 142 55740
9 143 40429
9 144 45825
9 145 45712
9 146 30116
9 147 36519
9 148 25013
9 149 27289
9 150 19822
9 151 46061
9 152 33931
9 153 34117
9 154 20977
9 155 33118
9 156 31513
9 157 6887
9 158 10689
9 159 18485
9 160 7161
9 161 -8898
9 162 16603
9 163 19773
9 164 -4587
9 165 33346
9 166 36329
9 167 23292
9 168 39285
9 169 6116
9 170 36979
9 171 38707
9 172 50135
9 173 49867
9 174 42140
9 175 32405
9 176 14199
9 177 21673
9 178 41123
9 179 29410
9 180 31000
9 181 10138
9 182 23816
9 183 38379
9 184 15176
9 185 6186
9 186 45166
9 187 39360
9 188 -97
9 189 19878
9 190 19968
9 191 54724
9 192 55192
9 193 50724
9 194 31207
9 195 24203
9 196 12629
9 197 38965
9 198 32638
9 199 45062
9 200 32027
10 1 12428
10 2 41013
10 3 25464
10 4 40940
10 5 25882
10 6 30005
10 7 12138
10 8 22702
10 9 16291
10 11 4144
10 12 27430
10 13 29945
10 14 43154
10 15 44791
10 16 35871
10 17 33054
10 18 17743
10 19 6856
10 20 11504
10 21 39203
10 22 47795
10 23 43936
10 24 36270
10 25 47055
10 26 29290
10 27 17242
10 28 23898
10 29 32439
10 30 2377
10 31 608
10 32 1419
10 33 20120
10 34 25475
10 35 25825
10 36 17859
10 37 38690
10 38 48188
10 39 42545
10 40 33826
10 41 47589
10 42 43826
10 43 47089
10 44 42938
10 45 24742
10 46 20755
10 47 12374
10 48 5638
10 49 12949
10 50 17193
10 51 13649
10 52 15247
10 53 27321
10 54 34154
10 55 46989
10 56 49613
10 57 42775
10 58 30849
10 59 30138
10 60 28164
10 61 35256
10 62 -141
10 63 4111
10 64 1056
10 65 16383
10 66 4945
10 67 45413
10 68 24284
10 69 13802
10 70 5819
10 71 18367
10 72 39568
10 73 41645
10 74 46558
10 75 44875
10 76 21956
10 77 24291
10 78 28353
10 79 21939
10 80 32557
10 81 16116
10 82 13663
10 83 23598
10 84 30108
10 85 29477
10 86 33612
10 87 34242
10 88 5572
10 89 21675
10 90 3392
10 91 42135
10 92 38443
10 93 31590
10 94 28700
10 95 31179
10 96 31396
10 97 35632
10 98 37026
10 99 33297
10 100 38394
10 101 7619
10 102 13104
10 103 14305
10 104 33322
10 105 27046
10 106 11775
10 107 5068
10 108 -5635
10 109 31601
10 110 42223
10 111 18876
10 112 22840
10 113 32303
10 114 18320
10 115 41000
10 116 25465
10 117 35720
10 118 19657
10 119 45336
10 120 16319
10 121 31156
10 122 8328
10 123 7345
10 124 17529
10 125 22214
10 126 3403
10 127 8972
10 128 6076
10 129 28274
10 130 36898
10 131 3116
10 132 12923
10 133 45860
10 134 31994
10 135 23195
10 136 29550
10 137 35540
10 138 26372
10 139 48615
10 140 47290
10 141 38376
10 142 46079
10 143 15587
10 144 39347
10 145 44018
10 146 20066
10 147 23925
10 148 1670
10 149 31247
10 150 31513
10 151 34565
10 152 29507
10 153 14448
10 154 23206
10 155 40288
10 156 23627
10 157 18068
10 158 24844
10 159 -6409
10 160 2668
10 161 11597
10 162 4967
10 163 34419
10 164 19937
10 165 44838
10 166 20344
10 167 12368
10 168 14489
10 169 26400
10 170 48094
10 171 39478
10 172 42078
10 173 32677
10 174 19819
10 175 7796
10 176 12204
10 177 31742
10 178 37074
10 179 35775
10 180 31345
10 181 -2675
10 182 712
10 183 27186
10 184 22844
10 185 23112
10 186 50618
10 187 48166
10 188 7931
10 189 -5122
10 190 3042
10 191 40528
10 192 42617
10 193 37462
10 194 10151
10 195 29845
10 196 21849
10 197 42932
10 198 35968
10 199 25186
10 200 25506
11 1 23273
11 2 48012
11 3 36620
11 4 50779
11 5 27696
11 6 34946
11 7 12996
11 8 20619
11 9 26646
11 10 6061
11 12 37840
11 13 36176
11 14 46179
11 15 50619
11 16 37248
11 17 32082
11 18 20382
11 19 -1073
11 20 20693
11 21 47961
11 22 56008
11 23 52983
11 24 47341
11 25 57544
11 26 38761
11 27 25781
11 28 33403
11 29 43617
11 30 12993
11 31 9575
11 32 6647
11 33 31236
11 34 36218
11 35 35448
11 36 8541
11 37 42459
11 38 49620
11 39 52341
11 40 42146
11 41 55279
11 42 48603
11 43 51734
11 44 44957
11 45 22598
11 46 15051
11 47 5013
11 48 1615
11 49 1969
11 50 28242
11 51 24377
11 52 21071
11 53 35501
11 54 44668
11 55 57519
11 56 58821
11 57 49075
11 58 38478
11 59 34042
11 60 30240
11 61 36780
11 62 1596
11 63 2686
11 64 -8616
11 65 23829
11 66 12006
11 67 55343
11 68 35269
11 69 23796
11 70 16992
11 71 27328
11 72 48344
11 73 50089
11 74 55047
11 75 53614
11 76 32797
11 77 35351
11 78 39349
11 79 33111
11 80 43451
11 81 27094
11 82 12496
11 83 24216
11 84 30609
11 85 32166
11 86 33865
11 87 39870
11 88 10946
11 89 26951
11 90 7501
11 91 44748
11 92 42656
11 93 34692
11 94 33929
11 95 36137
11 96 35493
11 97 40596
11 98 40515
11 99 36857
11 100 41756
11 101 18390
11 102 24271
11 103 23960
11 104 36882
11 105 35734
11 106 13992
11 107 -4668
11 108 3531
11 109 42028
11 110 51753
11 111 28962
11 112 29607
11 113 32011
11 114 17216
11 115 48139
11 116 36396
11 117 41178
11 118 21830
11 119 47825
11 120 26901
11 121 42326
11 122 19368
11 123 1971
11 124 11812
11 125 20353
11 126 2475
11 127 16695
11 128 14398
11 129 39440
11 130 47360
11 131 9178
11 132 22971
11 133 54198
11 134 42894
11 135 33103
11 136 38531
11 137 42130
11 138 36268
11 139 58491
11 140 48661
11 141 39983
11 142 50284
11 143 5302
11 144 45337
11 145 51403
11 146 27607
11 147 28859
11 148 5779
11 149 40932
11 150 42407
11 151 38778
11 152 37136
11 153 16980
11 154 33102
11 155 50127
11 156 31069
11 157 29248
11 158 36000
11 159 -2047
11 160 11031
11 161 21102
11 162 15189
11 163 45425
11 164 30552
11 165 55366
11 166 23729
11 167 20787
11 168 7324
11 169 37534
11 170 58362
11 171 47708
11 172 47253
11 173 33540
11 174 16772
11 175 -2643
11 176 22720
11 177 42428
11 178 44036
11 179 45726
11 180 40221
11 181 -3150
11 182 2248
11 183 32426
11 184 33611
11 185 34265
11 186 59817
11 187 58114
11 188 16922
11 189 6058
11 190 11070
11 191 42575
11 192 45478
11 193 40312
11 194 12180
11 195 39887
11 196 32791
11 197 51998
11 198 45169
11 199 24921
11 200 33552
12 1 13515
12 2 21154
12 3 7489
12 4 9581
12 5 27696
12 6 25086
12 7 31537
12 8 37245
12 9 16786
12 10 26897
12 11 35390
12 13 17306
12 14 33964
12 15 25847
12 16 33870
12 17 39280
12 18 25796
12 19 34868
12 20 26107
12 21 12294
12 22 21088
12 23 13935
12 24 8258
12 25 15117
12 26 2820
12 27 12437
12 28 7623
12 29 9620
12 30 19303
12 31 18041
12 32 28285
12 33 13031
12 34 15120
12 35 25144
12 36 43979
12 37 31000
12 38 41856
12 39 11021
12 40 11567
12 41 22367
12 42 30165
12 43 31530
12 44 37463
12 45 36286
12 46 40021
12 47 36970
12 48 27569
12 49 42651
12 50 8161
12 51 17566
12 52 22336
12 53 11089
12 54 2264
12 55 15103
12 56 19582
12 57 23939
12 58 12967
12 59 24046
12 60 32110
12 61 34567
12 62 28247
12 63 35673
12 64 33056
12 65 23829
12 66 19936
12 67 13608
12 68 -1927
12 69 16729
12 70 22455
12 71 23941
12 72 11633
12 73 15397
12 74 19270
12 75 16341
12 76 2854
12 77 4234
12 78 16585
12 79 7157
12 80 4169
12 81 10053
12 82 30814
12 83 31636
12 84 34643
12 85 25381
12 86 33257
12 87 19997
12 88 26039
12 89 20357
12 90 33537
12 91 36961
12 92 30481
12 93 27481
12 94 20756
12 95 22146
12 96 26560
12 97 24966
12 98 30519
12 99 29178
12 100 30948
12 101 18390
12 102 5186
12 103 21013
12 104 29203
12 105 6603
12 106 27349
12 107 35004
12 108 25144
12 109 -399
12 110 11965
12 111 6404
12 112 14057
12 113 35389
12 114 31503
12 115 20194
12 116 2721
12 117 24541
12 118 22751
12 119 38402
12 120 13287
12 121 8333
12 122 19368
12 123 33524
12 124 39430
12 125 33491
12 126 35083
12 127 20826
12 128 24068
12 129 13075
12 130 4934
12 131 28115
12 132 13077
12 133 18680
12 134 2064
12 135 21518
12 136 31746
12 137 19691
12 138 2217
12 139 17012
12 140 41319
12 141 34815
12 142 33563
12 143 43804
12 144 22631
12 145 20527
12 146 17410
12 147 20661
12 148 26615
12 149 1812
12 150 3125
12 151 26603
12 152 11625
12 153 27631
12 154 -949
12 155 8929
12 156 14483
12 157 10707
12 158 6869
12 159 23409
12 160 23579
12 161 16516
12 162 16603
12 163 5811
12 164 12857
12 165 12951
12 166 23729
12 167 15324
12 168 39176
12 169 9916
12 170 16083
12 171 13241
12 172 27466
12 173 35084
12 174 34956
12 175 38127
12 176 8613
12 177 772
12 178 16998
12 179 4498
12 180 6346
12 181 26482
12 182 23369
12 183 20668
12 184 -440
12 185 11997
12 186 20474
12 187 16444
12 188 21048
12 189 26894
12 190 18042
12 191 35961
12 192 35050
12 193 31715
12 194 26931
12 195 -1211
12 196 1261
12 197 13688
12 198 7157
12 199 34879
12 200 15011
13 1 23273
13 2 7157
13 3 28325
13 4 19265
13 5 8152
13 6 6662
13 7 24922
13 8 23360
13 9 34303
13 10 29881
13 11 34195
13 12 17775
13 14 12165
13 15 9791
13 16 11766
13 17 19498
13 18 13410
13 19 29935
13 20 38413
13 21 12294
13 22 16806
13 23 15537
13 24 29659
13 25 29259
13 26 11560
13 27 12437
13 28 14682
13 29 31981
13 30 28778
13 31 19565
13 32 35406
13 33 31236
13 34 36218
13 35 44304
13 36 34681
13 37 8639
13 38 19789
13 39 18637
13 40 7425
13 41 14880
13 42 9770
13 43 12748
13 44 15123
13 45 19479
13 46 26527
13 47 28026
13 48 18756
13 49 36895
13 50 23595
13 51 32623
13 52 16232
13 53 6708
13 54 20339
13 55 30472
13 56 22807
13 57 7886
13 58 2407
13 59 2085
13 60 14906
13 61 13035
13 62 27075
13 63 38726
13 64 32504
13 65 41205
13 66 33547
13 67 21185
13 68 20392
13 69 22124
13 70 29537
13 71 40981
13 72 11633
13 73 12548
13 74 16909
13 75 15921
13 76 21278
13 77 24896
13 78 37447
13 79 27860
13 80 26480
13 81 28694
13 82 20441
13 83 15580
13 84 15363
13 85 3298
13 86 11142
13 87 -526
13 88 23923
13 89 7127
13 90 38333
13 91 14632
13 92 8154
13 93 5685
13 94 -70
13 95 -68
13 96 5686
13 97 2716
13 98 8209
13 99 7907
13 100 8605
13 101 24882
13 102 21760
13 103 36721
13 104 7932
13 105 6603
13 106 19734
13 107 31888
13 108 29143
13 109 20182
13 110 19307
13 111 16404
13 112 1893
13 113 14291
13 114 17623
13 115 7410
13 116 23599
13 117 2205
13 118 4954
13 119 16165
13 120 31883
13 121 30676
13 122 30135
13 123 27955
13 124 28948
13 125 16806
13 126 37964
13 127 19972
13 128 35277
13 129 34046
13 130 21691
13 131 36267
13 132 19270
13 133 15294
13 134 22900
13 135 40734
13 136 50345
13 137 1093
13 138 15245
13 139 25756
13 140 19185
13 141 12493
13 142 12768
13 143 36594
13 144 4347
13 145 10707
13 146 13113
13 147 4084
13 148 25013
13 149 12780
13 150 25436
13 151 4276
13 152 1065
13 153 18887
13 154 12079
13 155 18613
13 156 6941
13 157 27723
13 158 27705
13 159 23702
13 160 33208
13 161 33272
13 162 21147
13 163 27337
13 164 33052
13 165 28688
13 166 8925
13 167 15324
13 168 30554
13 169 31632
13 170 27325
13 171 8876
13 172 7557
13 173 14696
13 174 20424
13 175 35305
13 176 18107
13 177 22244
13 178 3087
13 179 17301
13 180 7982
13 181 32304
13 182 19202
13 183 1586
13 184 19560
13 185 31541
13 186 23458
13 187 25706
13 188 34288
13 189 29878
13 190 18042
13 191 13611
13 192 12834
13 193 9370
13 194 19849
13 195 14405
13 196 21209
13 197 16049
13 198 11454
13 199 18965
13 200 11191
14 1 43744
14 2 18913
14 3 49460
14 4 35001
14 5 12341
14 6 21952
14 7 38307
14 8 29830
14 9 55322
14 10 47083
14 11 48191
14 12 38426
14 13 16158
14 15 5602
14 16 2330
14 17 16364
14 18 25796
14 19 41856
14 20 58343
14 21 28106
14 22 25593
14 23 23832
14 24 49160
14 25 44894
14 26 31805
14 27 32682
14 28 35886
14 29 52491
14 30 48279
14 31 37490
14 32 53421
14 33 52407
14 34 57388
14 35 65448
14 36 41521
14 37 8639
14 38 -1047
14 39 30985
14 40 26580
14 41 20413
14 42 4672
14 43 291
14 44 -1174
14 45 21595
14 46 30454
14 47 36543
14 48 28898
14 49 46345
14 50 44710
14 51 53366
14 52 33098
14 53 27902
14 54 39142
14 55 47140
14 56 34440
14 57 11850
14 58 22725
14 59 8262
14 60 23178
14 61 9325
14 62 42370
14 63 54832
14 64 45384
14 65 61989
14 66 53512
14 67 31366
14 68 41082
14 69 42083
14 70 48747
14 71 61817
14 72 24956
14 73 26256
14 74 28054
14 75 26335
14 76 42473
14 77 46019
14 78 58627
14 79 49031
14 80 46936
14 81 49870
14 82 30814
14 83 22599
14 84 16816
14 85 1022
14 86 -2183
14 87 7458
14 88 40045
14 89 23670
14 90 55524
14 91 7477
14 92 13502
14 93 7961
14 94 15706
14 95 12038
14 96 15825
14 97 11179
14 98 8209
14 99 14620
14 100 3257
14 101 44402
14 102 42890
14 103 57404
14 104 14645
14 105 27439
14 106 33447
14 107 44764
14 108 46535
14 109 40339
14 110 35572
14 111 37514
14 112 22025
14 113 7319
14 114 25004
14 115 18433
14 116 44666
14 117 16291
14 118 12777
14 119 -1038
14 120 53026
14 121 51300
14 122 50162
14 123 40038
14 124 36699
14 125 19506
14 126 54087
14 127 37825
14 128 54817
14 129 55196
14 130 39859
14 131 54682
14 132 39518
14 133 24362
14 134 42314
14 135 61893
14 136 71404
14 137 18296
14 138 36268
14 139 39363
14 140 -1446
14 141 -446
14 142 1275
14 143 45187
14 144 10158
14 145 17214
14 146 32586
14 147 19648
14 148 40697
14 149 32122
14 150 45892
14 151 9624
14 152 21383
14 153 32466
14 154 33102
14 155 34349
14 156 27454
14 157 48858
14 158 48840
14 159 39688
14 160 52333
14 161 54109
14 162 40289
14 163 47046
14 164 54265
14 165 45713
14 166 21395
14 167 34560
14 168 39501
14 169 52664
14 170 40839
14 171 19592
14 172 6310
14 173 13900
14 174 25174
14 175 48232
14 176 38807
14 177 42321
14 178 13672
14 179 35589
14 180 27193
14 181 49206
14 182 33648
14 183 17883
14 184 40658
14 185 52755
14 186 34156
14 187 39360
14 188 54401
14 189 47080
14 190 35762
14 191 1529
14 192 -1767
14 193 3193
14 194 33622
14 195 34100
14 196 42356
14 197 29043
14 198 27800
14 199 24921
14 200 32027
15 1 42226
15 2 10723
15 3 43479
15 4 22925
15 5 21496
15 6 25086
15 7 44094
15 8 39395
15 9 51706
15 10 49881
15 11 53792
15 12 31470
15 13 14945
15 14 6763
15 16 16150
15 17 29358
15 18 31783
15 19 48865
15 20 57540
15 21 17696
15 22 11404
15 23 8521
15 24 39356
15 25 31983
15 26 24904
15 27 31981
15 28 32241
15 29 44217
15 30 48279
15 31 39557
15 32 55318
15 33 48094
15 34 51153
15 35 60924
15 36 51576
15 37 15487
15 38 12773
15 39 16747
15 40 19786
15 41 5413
15 42 4672
15 43 -3059
15 44 14193
15 45 32988
15 46 41605
15 47 45556
15 48 36830
15 49 55068
15 50 41102
15 51 50847
15 52 36102
15 53 24414
15 54 29169
15 55 35001
15 56 20429
15 57 2013
15 58 18164
15 59 14054
15 60 30875
15 61 21180
15 62 46873
15 63 58694
15 64 51930
15 65 58939
15 66 52528
15 67 16126
15 68 33664
15 69 41616
15 70 49235
15 71 58749
15 72 12646
15 73 14862
15 74 14798
15 75 12245
15 76 37376
15 77 40108
15 78 52640
15 79 43166
15 80 39075
15 81 45415
15 82 38412
15 83 31357
15 84 27640
15 85 11003
15 86 13285
15 87 5347
15 88 43798
15 89 26622
15 90 58329
15 91 18995
15 92 18398
15 93 16115
15 94 17819
15 95 14480
15 96 20849
15 97 13076
15 98 15920
15 99 21116
15 100 12405
15 101 44507
15 102 39077
15 103 54912
15 104 21141
15 105 22349
15 106 38917
15 107 51165
15 108 49138
15 109 32382
15 110 24330
15 111 34351
15 112 21841
15 113 21307
15 114 34010
15 115 9123
15 116 38586
15 117 16847
15 118 20561
15 119 14144
15 120 48726
15 121 43359
15 122 49326
15 123 46879
15 124 46014
15 125 30610
15 126 57930
15 127 39972
15 128 54659
15 129 49124
15 130 29229
15 131 56096
15 132 38571
15 133 10125
15 134 32657
15 135 57297
15 136 67352
15 137 14604
15 138 30758
15 139 25756
15 140 12804
15 141 14276
15 142 5571
15 143 54347
15 144 4347
15 145 3510
15 146 33030
15 147 22941
15 148 44848
15 149 23738
15 150 38031
15 151 14520
15 152 16822
15 153 37955
15 154 27592
15 155 22273
15 156 26609
15 157 44951
15 158 42859
15 159 43616
15 160 52820
15 161 51102
15 162 40942
15 163 37674
15 164 48854
15 165 33888
15 166 26992
15 167 35204
15 168 48265
15 169 45824
15 170 26790
15 171 6562
15 172 3852
15 173 25294
15 174 35636
15 175 54610
15 176 36850
15 177 33961
15 178 4874
15 179 25692
15 180 19642
15 181 52301
15 182 38744
15 183 20260
15 184 34871
15 185 47664
15 186 19671
15 187 25706
15 188 53228
15 189 49878
15 190 38042
15 191 15546
15 192 11726
15 193 13937
15 194 39083
15 195 25805
15 196 36734
15 197 16049
15 198 17098
15 199 34351
15 200 30425
16 1 39322
16 2 22902
16 3 47787
16 4 38770
16 5 3521
16 6 17619
16 7 29619
16 8 19453
16 9 51499
16 10 39602
16 11 39062
16 12 38134
16 13 15561
16 14 2132
16 15 14791
16 17 5183
16 18 17743
16 19 32167
16 20 52702
16 21 31483
16 22 31994
16 23 30955
16 24 50267
16 25 48904
16 26 32150
16 27 28642
16 28 33758
16 29 52278
16 30 42377
16 31 30821
16 32 46132
16 33 49368
16 34 55312
16 35 61975
16 36 30651
16 37 7459
16 38 3584
16 39 36577
16 40 27839
16 41 27787
16 42 11577
16 43 11062
16 44 -748
16 45 10623
16 46 19412
16 47 26069
16 48 18990
16 49 35817
16 50 41596
16 51 48996
16 52 26585
16 53 26643
16 54 40898
16 55 50496
16 56 40125
16 57 18142
16 58 23007
16 59 4735
16 60 14747
16 61 -521
16 62 34031
16 63 46489
16 64 35603
16 65 57304
16 66 47726
16 67 38067
16 68 40631
16 69 37221
16 70 42757
16 71 57386
16 72 29614
16 73 30555
16 74 33583
16 75 32345
16 76 40560
16 77 44455
16 78 56545
16 79 47100
16 80 46885
16 81 46806
16 82 21273
16 83 13044
16 84 6483
16 85 -4695
16 86 -9459
16 87 10305
16 88 32405
16 89 18289
16 90 47799
16 91 3576
16 92 11776
16 93 2587
16 94 12922
16 95 10357
16 96 11332
16 97 11346
16 98 5559
16 99 9519
16 100 2959
16 101 38858
16 102 39750
16 103 52772
16 104 9544
16 105 27046
16 106 25119
16 107 35292
16 108 39086
16 109 40739
16 110 38941
16 111 34679
16 112 19009
16 113 -3638
16 114 14955
16 115 22899
16 116 43353
16 117 15862
16 118 4455
16 119 2972
16 120 49685
16 121 50903
16 122 44877
16 123 30510
16 124 26182
16 125 8634
16 126 45781
16 127 31381
16 128 48739
16 129 53381
16 130 42128
16 131 47660
16 132 35008
16 133 30725
16 134 43515
16 135 58531
16 136 67525
16 137 19578
16 138 35296
16 139 44334
16 140 2650
16 141 -6048
16 142 10141
16 143 34552
16 144 14963
16 145 23890
16 146 28040
16 147 14691
16 148 32678
16 149 33365
16 150 45841
16 151 7898
16 152 21665
16 153 24268
16 154 32130
16 155 38118
16 156 24380
16 157 45707
16 158 47167
16 159 31622
16 160 45924
16 161 49742
16 162 34496
16 163 47931
16 164 51617
16 165 48826
16 166 14128
16 167 29331
16 168 29125
16 169 51283
16 170 46003
16 171 25150
16 172 12372
16 173 3523
16 174 14413
16 175 38748
16 176 34860
16 177 42800
16 178 18109
16 179 37704
16 180 28485
16 181 41102
16 182 25196
16 183 14287
16 184 39281
16 185 50269
16 186 40278
16 187 44332
16 188 48937
16 189 39599
16 190 29098
16 191 -2481
16 192 2043
16 193 221
16 194 25234
16 195 35020
16 196 40720
16 197 33999
16 198 31028
16 199 14872
16 200 29166
17 1 37578
17 2 30419
17 3 48511
17 4 44760
17 5 2341
17 6 19591
17 7 22996
17 8 10381
17 9 49601
17 10 33932
17 11 31043
17 12 40691
17 13 20440
17 14 13313
17 15 25146
17 16 2330
17 18 13410
17 19 23479
17 20 48844
17 21 37714
17 22 40314
17 23 39423
17 24 53466
17 25 54732
17 26 35749
17 27 28249
17 28 35077
17 29 54176
17 30 38475
17 31 26605
17 32 40327
17 33 48570
17 34 55120
17 35 60190
17 36 20009
17 37 15487
17 38 12773
17 39 43812
17 40 32780
17 41 36813
17 42 21625
17 43 22111
17 44 10257
17 45 246
17 46 8540
17 47 16186
17 48 10259
17 49 25664
17 50 41102
17 51 46698
17 52 23538
17 53 29504
17 54 45054
17 55 55832
17 56 47651
17 57 27183
17 58 27581
17 59 10118
17 60 11744
17 61 4227
17 62 27372
17 63 39401
17 64 26436
17 65 54026
17 66 43445
17 67 45977
17 68 42650
17 69 35272
17 70 38988
17 71 54612
17 72 36670
17 73 37533
17 74 41294
17 75 40247
17 76 41390
17 77 45419
17 78 56503
17 79 47419
17 80 49322
17 81 45868
17 82 13537
17 83 6982
17 84 1521
17 85 2581
17 86 -3742
17 87 18136
17 88 27042
17 89 17944
17 90 41543
17 91 13343
17 92 18398
17 93 7961
17 94 16671
17 95 15714
17 96 14703
17 97 18245
17 98 13147
17 99 13381
17 100 12405
17 101 35822
17 102 39077
17 103 49953
17 104 13406
17 105 30423
17 106 19309
17 107 26840
17 108 33360
17 109 43869
17 110 44801
17 111 35005
17 112 20899
17 113 -5709
17 114 6756
17 115 30608
17 116 44666
17 117 21686
17 118 2059
17 119 14144
17 120 48304
17 121 52690
17 122 41763
17 123 22182
17 124 16324
17 125 -1368
17 126 38768
17 127 27778
17 128 44349
17 129 53784
17 130 46705
17 131 42162
17 132 33472
17 133 38980
17 134 46964
17 135 56918
17 136 65238
17 137 25647
17 138 37528
17 139 51125
17 140 11784
17 141 4880
17 142 20887
17 143 24269
17 144 23502
17 145 32660
17 146 27431
17 147 15582
17 148 26615
17 149 37578
17 150 48278
17 151 14520
17 152 26239
17 153 18887
17 154 34362
17 155 44108
17 156 25738
17 157 44951
17 158 47891
17 159 25273
17 160 41216
17 161 47135
17 162 31291
17 163 51030
17 164 50868
17 165 53987
17 166 11800
17 167 27394
17 168 19417
17 169 51999
17 170 52745
17 171 32981
17 172 21927
17 173 1786
17 174 4371
17 175 30251
17 176 33795
17 177 45833
17 178 25897
17 179 42448
17 180 33154
17 181 34133
17 182 18683
17 183 16953
17 184 40658
17 185 50038
17 186 48080
17 187 51092
17 188 45220
17 189 33929
17 190 25058
17 191 8678
17 192 13101
17 193 9694
17 194 19234
17 195 38789
17 196 41729
17 197 41122
17 198 36947
17 199 7391
17 200 30425
18 1 19719
18 2 25182
18 3 31664
18 4 34081
18 5 3521
18 6 10771
18 7 7996
18 8 6893
18 9 31602
18 10 17242
18 11 17964
18 12 25828
18 13 12973
18 14 21366
18 15 26192
18 16 13511
18 17 12031
18 19 12472
18 20 31048
18 21 28499
18 22 34644
18 23 33018
18 24 38535
18 25 43148
18 26 22675
18 27 11626
18 28 19616
18 29 38013
18 30 20661
18 31 8825
18 32 23773
18 33 30882
18 34 37554
18 35 42187
18 36 16766
18 37 17459
18 38 25852
18 39 34767
18 40 22425
18 41 32908
18 42 23736
18 43 26782
18 44 20683
18 45 6326
18 46 9990
18 47 10013
18 48 742
18 49 18956
18 50 23685
18 51 28676
18 52 5600
18 53 16723
18 54 31645
18 55 43650
18 56 39665
18 57 25196
18 58 17584
18 59 9061
18 60 5803
18 61 12896
18 62 11973
18 63 24457
18 64 15720
18 65 36121
18 66 25855
18 67 37726
18 68 26876
18 69 17422
18 70 21102
18 71 36607
18 72 28523
18 73 29665
18 74 34392
18 75 33332
18 76 24852
18 77 28826
18 78 39057
18 79 30247
18 80 33969
18 81 28102
18 82 2416
18 83 2288
18 84 8166
18 85 7419
18 86 11419
18 87 15603
18 88 10044
18 89 4167
18 90 25476
18 91 20064
18 92 17721
18 93 9768
18 94 9776
18 95 11596
18 96 10593
18 97 15960
18 98 15530
18 99 11857
18 100 16804
18 101 17798
18 102 21514
18 103 31944
18 104 11882
18 105 17784
18 106 3035
18 107 14921
18 108 16726
18 109 29530
18 110 34288
18 111 18427
18 112 8423
18 113 10504
18 114 1110
18 115 25437
18 116 28412
18 117 16984
18 118 -2694
18 119 23249
18 120 30391
18 121 36489
18 122 23762
18 123 10491
18 124 11091
18 125 3539
18 126 23721
18 127 9778
18 128 26779
18 129 36644
18 130 33782
18 131 25329
18 132 15772
18 133 33061
18 134 32477
18 135 38940
18 136 47210
18 137 19120
18 138 22712
18 139 41405
18 140 24946
18 141 16032
18 142 25292
18 143 18571
18 144 21273
18 145 28725
18 146 11013
18 147 4916
18 148 10410
18 149 24995
18 150 32925
18 151 13843
18 152 16242
18 153 2054
18 154 19546
18 155 33429
18 156 11772
18 157 27330
18 158 31044
18 159 9393
18 160 23808
18 161 29114
18 162 13272
18 163 36108
18 164 33107
18 165 41616
18 166 -1165
18 167 9690
18 168 12527
18 169 34979
18 170 42521
18 171 26562
18 172 22567
18 173 10461
18 174 4560
18 175 18382
18 176 16240
18 177 31184
18 178 21093
18 179 30206
18 180 21870
18 181 18937
18 182 3235
18 183 8459
18 184 24560
18 185 32587
18 186 40499
18 187 41253
18 188 27386
18 189 17239
18 190 7184
18 191 18265
18 192 20709
18 193 15516
18 194 3213
18 195 25412
18 196 25254
18 197 32739
18 198 26853
18 199 5007
18 200 15822
19 1 25103
19 2 45147
19 3 39029
19 4 50339
19 5 22341
19 6 31214
19 7 9176
19 8 14173
19 9 31291
19 10 9881
19 11 35
19 12 38426
19 13 33024
19 14 40952
19 15 46800
19 16 31461
19 17 25626
19 18 15998
19 20 26107
19 21 46483
19 22 53903
19 23 51528
19 24 49160
19 25 57935
19 26 38175
19 27 24910
19 28 33116
19 29 46170
19 30 17377
19 31 10435
19 32 13055
19 33 34601
19 34 40369
19 35 40708
19 36 2859
19 37 37770
19 38 43675
19 39 51736
19 40 40437
19 41 52728
19 42 44288
19 43 47220
19 44 39343
19 45 15954
19 46 7984
19 47 -1925
19 48 -4904
19 49 -307
19 50 30332
19 51 28603
19 52 18793
19 53 33889
19 54 45246
19 55 58016
19 56 57608
19 57 45655
19 58 36286
19 59 29527
19 60 25172
19 61 31132
19 62 2754
19 63 9624
19 64 -4616
19 65 30128
19 66 18324
19 67 54816
19 68 36927
19 69 24591
19 70 20118
19 71 32962
19 72 46804
19 73 48288
19 74 53212
19 75 51961
19 76 34254
19 77 37319
19 78 43027
19 79 36073
19 80 44855
19 81 30853
19 82 6814
19 83 18602
19 84 24713
19 85 26993
19 86 27633
19 87 36160
19 88 10229
19 89 23670
19 90 13785
19 91 39477
19 92 38249
19 93 29768
19 94 30243
19 95 32196
19 96 31174
19 97 36575
19 98 35709
19 99 32223
19 100 36820
19 101 20398
19 102 26885
19 103 29160
19 104 32248
19 105 34474
19 106 10282
19 107 -4668
19 108 8254
19 109 42577
19 110 51004
19 111 29419
19 112 27071
19 113 25692
19 114 11112
19 115 45347
19 116 37989
19 117 37496
19 118 16764
19 119 42399
19 120 31293
19 121 44770
19 122 23125
19 123 -3811
19 124 4750
19 125 13795
19 126 9281
19 127 16181
19 128 20173
19 129 42454
19 130 47823
19 131 15484
19 132 23724
19 133 52192
19 134 44223
19 135 38151
19 136 44181
19 137 39116
19 138 36268
19 139 58016
19 140 42702
19 141 34242
19 142 45634
19 143 1039
19 144 41781
19 145 48676
19 146 25990
19 147 25214
19 148 5779
19 149 40499
19 150 43811
19 151 34371
19 152 34944
19 153 13110
19 154 33102
19 155 49687
19 156 29077
19 157 32108
19 158 38409
19 159 513
19 160 16716
19 161 26413
19 162 16603
19 163 47046
19 164 34893
19 165 55875
19 166 19451
19 167 20172
19 168 322
19 169 40732
19 170 58362
19 171 45664
19 172 43178
19 173 27710
19 174 10006
19 175 -1333
19 176 23930
19 177 43380
19 178 41123
19 179 45527
19 180 38989
19 181 3921
19 182 -19
19 183 28823
19 184 34871
19 185 37417
19 186 58567
19 187 57723
19 188 22461
19 189 9878
19 190 11070
19 191 37018
19 192 40233
19 193 35150
19 194 8567
19 195 39887
19 196 34439
19 197 50697
19 198 44103
19 199 18965
19 200 32027
20 1 13364
20 2 46754
20 3 18670
20 4 39868
20 5 38439
20 6 39902
20 7 27151
20 8 37793
20 9 2471
20 10 10692
20 11 17964
20 12 25828
20 13 37665
20 14 53602
20 15 51638
20 16 48159
20 17 47154
20 18 30737
20 19 22270
20 21 41483
20 22 50593
20 23 44349
20 24 29314
20 25 43148
20 26 30749
20 27 23552
20 28 26687
20 29 23801
20 30 -552
20 31 11651
20 32 1893
20 33 11032
20 34 12481
20 35 10448
20 36 33149
20 37 48937
20 38 59884
20 39 41023
20 40 37736
20 41 51325
20 42 52461
20 43 55449
20 44 54463
20 45 39618
20 46 36531
20 47 28092
20 48 21390
20 49 26766
20 50 13903
20 51 2606
20 52 26409
20 53 32416
20 54 30991
20 55 43106
20 56 49987
20 57 49304
20 58 36349
20 59 40538
20 60 40868
20 61 47638
20 62 15670
20 63 13063
20 64 10695
20 65 957
20 66 -9133
20 67 43032
20 68 19093
20 69 18735
20 70 9799
20 71 2576
20 72 41439
20 73 44433
20 74 48919
20 75 46468
20 76 19128
20 77 19099
20 78 16953
20 79 13201
20 80 27927
20 81 5272
20 82 28800
20 83 37353
20 84 43521
20 85 40845
20 86 46586
20 87 42174
20 88 19650
20 89 31868
20 90 10463
20 91 53395
20 92 48375
20 93 42735
20 94 37943
20 95 40451
20 96 41858
20 97 44645
20 98 47612
20 99 44182
20 100 48916
20 101 12253
20 102 7642
20 103 -985
20 104 44207
20 105 30778
20 106 25964
20 107 19797
20 108 6447
20 109 29530
20 110 42336
20 111 20591
20 112 30669
20 113 45860
20 114 33088
20 115 46413
20 116 21396
20 117 44294
20 118 32211
20 119 56413
20 120 3137
20 121 23042
20 122 4503
20 123 23110
20 124 33337
20 125 37001
20 126 13107
20 127 19644
20 128 -5861
20 129 19212
20 130 33782
20 131 658
20 132 17046
20 133 48371
20 134 26661
20 135 8172
20 136 13784
20 137 42409
20 138 27217
20 139 47003
20 140 59065
20 141 50357
20 142 55283
20 143 30281
20 144 46549
20 145 48540
20 146 28040
20 147 34070
20 148 16960
20 149 31653
20 150 26883
20 151 44497
20 152 35007
20 153 28196
20 154 24051
20 155 39216
20 156 30696
20 157 11518
20 158 18050
20 159 9393
20 160 -3895
20 161 -3898
20 162 11876
20 163 28293
20 164 6585
20 165 41057
20 166 32355
20 167 20276
20 168 30219
20 169 16266
20 170 44836
20 171 42447
20 172 50270
20 173 45710
20 174 35127
20 175 22213
20 176 13816
20 177 28246
20 178 42801
20 179 34901
20 180 33995
20 181 -902
20 182 16024
20 183 36635
20 184 20055
20 185 14214
20 186 50887
20 187 46285
20 188 -7861
20 189 10689
20 190 14255
20 191 52162
20 192 53402
20 193 48516
20 194 24562
20 195 29144
20 196 17960
20 197 43937
20 198 37117
20 199 39399
20 200 31634
21 1 26147
21 2 8163
21 3 23235
21 4 3770
21 5 23964
21 6 21952
21 7 37047
21 8 38334
21 9 32522
21 10 37601
21 11 44442
21 12 11225
21 13 10756
21 14 22575
21 15 11004
21 16 26150
21 17 35234
21 18 27398
21 19 41856
21 20 40693
21 22 5593
21 23 1549
21 24 18258
21 25 13904
21 26 5749
21 27 18987
21 28 15867
21 29 23037
21 30 32688
21 31 27474
21 32 41133
21 33 28753
21 34 30431
21 35 40914
21 36 48587
21 37 22459
21 38 30493
21 39 2941
21 40 4496
21 41 6589
21 42 17924
21 43 17464
21 44 27694
21 45 35137
21 46 41605
21 47 41637
21 48 32105
21 49 49498
21 50 22866
21 51 32754
21 52 27190
21 53 11089
21 54 8044
21 55 15659
21 56 7701
21 57 9997
21 58 7141
21 59 17361
21 60 30400
21 61 28249
21 62 36951
21 63 46826
21 64 42797
21 65 39629
21 66 35074
21 67 5753
21 68 12816
21 69 27197
21 70 34635
21 71 39684
21 72 -3130
21 73 -415
21 74 3980
21 75 2169
21 76 18144
21 77 20042
21 78 32114
21 79 22855
21 80 18092
21 81 25846
21 82 34175
21 83 30935
21 84 31173
21 85 18049
21 86 25265
21 87 9311
21 88 33844
21 89 20564
21 90 45362
21 91 28494
21 92 22697
21 93 20938
21 94 15706
21 95 15229
21 96 21482
21 97 16338
21 98 22523
21 99 23567
21 100 21787
21 101 29974
21 102 20425
21 103 36497
21 104 23592
21 105 6603
21 106 32089
21 107 43039
21 108 36401
21 109 11538
21 110 4012
21 111 17617
21 112 13261
21 113 29602
21 114 32525
21 115 6442
21 116 18532
21 117 16847
21 118 20561
21 119 28113
21 120 29095
21 121 22244
21 122 33080
21 123 40038
21 124 43038
21 125 32434
21 126 46123
21 127 28737
21 128 38354
21 129 28682
21 130 8385
21 131 41363
21 132 23724
21 133 3412
21 134 11500
21 135 37294
21 136 47547
21 137 10640
21 138 12217
21 139 9946
21 140 30163
21 141 26080
21 142 21275
21 143 49733
21 144 10158
21 145 4876
21 146 21993
21 147 18806
21 148 34910
21 149 3076
21 150 17048
21 151 18819
21 152 5799
21 153 31610
21 154 9051
21 155 3118
21 156 15893
21 157 26121
21 158 22615
21 159 32850
21 160 37277
21 161 32200
21 162 27244
21 163 16483
21 164 28516
21 165 14136
21 166 23556
21 167 22922
21 168 44023
21 169 24981
21 170 11522
21 171 -2492
21 172 15156
21 173 30389
21 174 35636
21 175 46349
21 176 20706
21 177 12878
21 178 3561
21 179 4498
21 180 1269
21 181 39017
21 182 30306
21 183 16953
21 184 15176
21 185 27809
21 186 8610
21 187 9894
21 188 35946
21 189 37598
21 190 26583
21 191 27049
21 192 24827
21 193 23155
21 194 32029
21 195 4969
21 196 16994
21 197 759
21 198 -3823
21 199 34351
21 200 18039
22 1 36077
22 2 9930
22 3 32710
22 4 7912
22 5 28397
22 6 27875
22 7 45166
22 8 44557
22 9 42281
22 10 47083
22 11 53379
22 12 20909
22 13 16158
22 14 20952
22 15 5602
22 16 27551
22 17 38724
22 18 34433
22 19 50166
22 20 50693
22 21 6483
22 23 -5299
22 24 25274
22 25 16265
22 26 15749
22 27 28249
22 28 25698
22 29 31184
22 30 42626
22 31 36818
22 32 50964
22 33 38523
22 34 39364
22 35 50319
22 36 55806
22 37 24385
22 38 28084
22 39 1074
22 40 13236
22 41 -2510
22 42 16547
22 43 12748
22 44 27403
22 45 40194
22 46 47677
22 47 49047
22 48 39652
22 49 57544
22 50 32846
22 51 42710
22 52 35574
22 53 19960
22 54 15516
22 55 19615
22 56 4633
22 57 7886
22 58 14682
22 59 20815
22 60 35973
22 61 30854
22 62 45927
22 63 56309
22 64 51794
22 65 49271
22 66 45050
22 67 1687
22 68 21878
22 69 36892
22 70 44447
22 71 49435
22 72 -1277
22 73 3494
22 74 71
22 75 -3557
22 76 28032
22 77 29646
22 78 41281
22 79 32242
22 80 26999
22 81 35528
22 82 41448
22 83 36690
22 84 35400
22 85 20365
22 86 25989
22 87 10982
22 88 42726
22 89 27758
22 90 55015
22 91 29798
22 92 25552
22 93 24057
22 94 20953
22 95 19246
22 96 26041
22 97 19138
22 98 24735
22 99 27539
22 100 22873
22 101 39744
22 102 30355
22 103 46396
22 104 27564
22 105 16039
22 106 40066
22 107 51668
22 108 45981
22 109 20815
22 110 10459
22 111 27549
22 112 20899
22 113 32011
22 114 38831
22 115 7410
22 116 28176
22 117 20803
22 118 25925
22 119 27496
22 120 38722
22 121 30676
22 122 43055
22 123 48254
22 124 50093
22 125 37588
22 126 55588
22 127 37825
22 128 48346
22 129 37973
22 130 15021
22 131 51254
22 132 33472
22 133 -5638
22 134 18902
22 135 46715
22 136 57030
22 137 15179
22 138 22217
22 139 9946
22 140 27984
22 141 26645
22 142 19275
22 143 57470
22 144 10158
22 145 -786
22 146 30751
22 147 25214
22 148 43843
22 149 12780
22 150 25955
22 151 21674
22 152 13340
22 153 39393
22 154 19051
22 155 7260
22 156 24287
22 157 36018
22 158 32090
22 159 42023
22 160 47229
22 161 42004
22 162 36873
22 163 24043
22 164 37777
22 165 18695
22 166 30096
22 167 32145
22 168 51523
22 169 33853
22 170 11060
22 171 -6401
22 172 14143
22 173 33932
22 174 41547
22 175 55023
22 176 30622
22 177 21673
22 178 4453
22 179 12742
22 180 11069
22 181 48763
22 182 38847
22 183 22799
22 184 24974
22 185 37417
22 186 4156
22 187 9894
22 188 45939
22 189 47080
22 190 35762
22 191 27647
22 192 24498
22 193 24502
22 194 40095
22 195 14405
22 196 26748
22 197 759
22 198 4417
22 199 40039
22 200 26937
23 1 43046
23 2 21047
23 3 36309
23 4 8770
23 5 39511
23 6 38642
23 7 55005
23 8 55351
23 9 46291
23 10 55296
23 11 62426
23 12 25828
23 13 26961
23 14 31263
23 15 14791
23 16 38584
23 17 49905
23 18 44879
23 19 59863
23 20 56521
23 21 14511
23 22 6773
23 24 24881
23 25 11932
23 26 22675
23 27 36937
23 28 33331
23 29 32047
23 30 49386
23 31 45319
23 32 58175
23 33 42811
23 34 41110
23 35 52979
23 36 66240
23 37 35538
23 38 37773
23 39 -5457
23 40 22425
23 41 6400
23 42 27232
23 43 21723
23 44 38080
23 45 51260
23 46 58542
23 47 59367
23 48 49882
23 49 67463
23 50 38547
23 51 47883
23 52 45186
23 53 29111
23 54 17127
23 55 17109
23 56 3667
23 57 18775
23 58 24644
23 59 31979
23 60 46897
23 61 42018
23 62 54934
23 63 64481
23 64 60749
23 65 52487
23 66 50187
23 67 -8874
23 68 24877
23 69 44732
23 70 51840
23 71 53239
23 72 5999
23 73 12702
23 74 8951
23 75 805
23 76 33266
23 77 33743
23 78 43718
23 79 35438
23 80 29860
23 81 39406
23 82 51814
23 83 47590
23 84 46546
23 85 31524
23 86 36847
23 87 22161
23 88 51855
23 89 38082
23 90 62804
23 91 40856
23 92 36731
23 93 35236
23 94 31859
23 95 30344
23 96 37101
23 97 30313
23 98 35899
23 99 38674
23 100 33930
23 101 47318
23 102 35557
23 103 51020
23 104 38699
23 105 24578
23 106 50001
23 107 61066
23 108 53976
23 109 24933
23 110 14421
23 111 34679
23 112 30947
23 113 43143
23 114 49591
23 115 18547
23 116 32521
23 117 31886
23 118 36892
23 119 38111
23 120 42283
23 121 32097
23 122 49559
23 123 58027
23 124 60588
23 125 48635
23 126 63801
23 127 46711
23 128 54462
23 129 40916
23 130 15824
23 131 58197
23 132 41183
23 133 3658
23 134 19520
23 135 49476
23 136 59843
23 137 26088
23 138 28840
23 139 5850
23 140 37794
23 141 37525
23 142 29641
23 143 67606
23 144 21273
23 145 9977
23 146 40020
23 147 35843
23 148 52909
23 149 18574
23 150 28816
23 151 32853
23 152 23302
23 153 49453
23 154 25674
23 155 8118
23 156 33855
23 157 40984
23 158 35689
23 159 50762
23 160 53823
23 161 46102
23 162 44831
23 163 24617
23 164 40266
23 165 16920
23 166 40723
23 167 40866
23 168 61791
23 169 35790
23 170 3895
23 171 4038
23 172 24991
23 173 45110
23 174 52439
23 175 64373
23 176 37724
23 177 24673
23 178 15616
23 179 16491
23 180 19131
23 181 56241
23 182 48331
23 183 33572
23 184 29915
23 185 41186
23 186 255
23 187 5263
23 188 51425
23 189 55293
23 190 44520
23 191 38556
23 192 35233
23 193 35575
23 194 49969
23 195 19284
23 196 31406
23 197 4868
23 198 10479
23 199 50964
23 200 36067
24 1 24657
24 2 32709
24 3 10451
24 4 11798
24 5 42590
24 6 39902
24 7 45430
24 8 52032
24 9 18217
24 10 37893
24 11 47047
24 12 10414
24 13 31346
24 14 46854
24 15 35889
24 16 48159
24 17 54211
24 18 40659
24 19 47758
24 20 31749
24 21 21483
24 22 27609
24 23 15144
24 25 8904
24 26 16365
24 27 27040
24 28 22486
24 29 1039
24 30 27732
24 31 30559
24 32 36466
24 33 16577
24 34 10120
24 35 22515
24 36 57638
24 37 44893
24 38 54855
24 39 9478
24 40 24351
24 41 29482
24 42 42463
24 43 42463
24 44 51109
24 45 51260
24 46 54619
24 47 50758
24 48 41558
24 49 55253
24 50 17425
24 51 22562
24 52 36817
24 53 25772
24 54 3044
24 55 9577
24 56 22329
24 57 34957
24 58 26688
24 59 38384
24 60 47105
24 61 49136
24 62 40545
24 63 45614
24 64 43683
24 65 22255
24 66 23154
24 67 9193
24 68 711
24 69 29500
24 70 32757
24 71 24163
24 72 18571
24 73 24082
24 74 25978
24 75 21164
24 76 13247
24 77 10112
24 78 13801
24 79 7656
24 80 7064
24 81 11877
24 82 45234
24 83 46619
24 84 49586
24 85 39675
24 86 47541
24 87 32913
24 88 39172
24 89 35357
24 90 43011
24 91 50975
24 92 44532
24 93 41913
24 94 35270
24 95 36318
24 96 41178
24 97 38692
24 98 44587
24 99 43748
24 100 44693
24 101 29746
24 102 12410
24 103 23724
24 104 43773
24 105 20918
24 106 41571
24 107 47296
24 108 35546
24 109 9926
24 110 17728
24 111 20174
24 112 28954
24 113 50119
24 114 46324
24 115 31263
24 116 10714
24 117 38449
24 118 37732
24 119 51818
24 120 13597
24 121 2057
24 122 27787
24 123 46739
24 124 53601
24 125 48464
24 126 45188
24 127 34308
24 128 30144
24 129 12576
24 130 4250
24 131 35759
24 132 25953
24 133 24763
24 134 -4644
24 135 19215
24 136 29404
24 137 32955
24 138 17217
24 139 15961
24 140 54425
24 141 48823
24 142 45881
24 143 56910
24 144 34658
24 145 29283
24 146 32213
24 147 35594
24 148 39320
24 149 12917
24 150 6020
24 151 40654
24 152 25346
24 153 42077
24 154 14051
24 155 11146
24 156 29470
24 157 16920
24 158 9831
24 159 35261
24 160 30831
24 161 17725
24 162 28671
24 163 -3189
24 164 10001
24 165 8074
24 166 38723
24 167 29331
24 168 52919
24 169 5566
24 170 10706
24 171 20851
24 172 39685
24 173 49913
24 174 49767
24 175 50275
24 176 20801
24 177 5723
24 178 28302
24 179 11089
24 180 18714
24 181 34557
24 182 36697
24 183 35388
24 184 10371
24 185 14214
24 186 22469
24 187 14699
24 188 25750
24 189 37890
24 190 31121
24 191 49886
24 192 48464
24 193 45684
24 194 41031
24 195 9600
24 196 9842
24 197 18688
24 198 15038
24 199 49846
24 200 30011
25 1 34515
25 2 27873
25 3 23235
25 4 3770
25 5 43331
25 6 40822
25 7 52079
25 8 56068
25 9 32522
25 10 48032
25 11 56604
25 12 16627
25 13 30300
25 14 41942
25 15 27870
25 16 46150
25 17 54831
25 18 44626
25 19 55887
25 20 44937
25 21 16483
25 22 17954
25 23 1549
25 24 8258
25 26 18110
25 27 32682
25 28 27814
25 29 15991
25 30 39547
25 31 39236
25 32 48577
25 33 29944
25 34 25120
25 35 37492
25 36 64485
25 37 42459
25 38 49620
25 39 -4625
25 40 22920
25 41 19667
25 42 37225
25 43 34971
25 44 47501
25 45 53869
25 46 59234
25 47 57430
25 48 47907
25 49 63710
25 50 28242
25 51 35775
25 52 42402
25 53 27571
25 54 5086
25 55 1017
25 56 10809
25 57 28689
25 58 25938
25 59 37211
25 60 49095
25 61 48158
25 62 49436
25 63 56632
25 64 54206
25 65 37227
25 66 37285
25 67 -5741
25 68 11886
25 69 37934
25 70 43364
25 71 38869
25 72 10837
25 73 17636
25 74 17157
25 75 10678
25 76 22986
25 77 21632
25 78 28586
25 79 21512
25 80 17079
25 81 25846
25 82 50638
25 83 49339
25 84 50547
25 85 38021
25 86 45249
25 87 29248
25 88 47076
25 89 38142
25 90 54330
25 91 48487
25 92 42656
25 93 40813
25 94 35081
25 95 35033
25 96 41006
25 97 36325
25 98 42515
25 99 43255
25 100 41756
25 101 39510
25 102 24271
25 103 37824
25 104 43280
25 105 22349
25 106 47588
25 107 56170
25 108 46166
25 109 15158
25 110 11965
25 111 27549
25 112 30878
25 113 49499
25 114 50249
25 115 25868
25 116 21094
25 117 36717
25 118 39419
25 119 47825
25 120 28078
25 121 16645
25 122 39525
25 123 54427
25 124 59488
25 125 51115
25 126 56080
25 127 41794
25 128 43205
25 129 26673
25 130 3519
25 131 48150
25 132 34281
25 133 14833
25 134 4485
25 135 34160
25 136 44386
25 137 30548
25 138 22217
25 139 2890
25 140 49396
25 141 46034
25 142 40397
25 143 64673
25 144 29702
25 145 21071
25 146 37050
25 147 37243
25 148 47750
25 149 13320
25 150 16035
25 151 38778
25 152 24596
25 153 47561
25 154 19051
25 155 3118
25 156 32382
25 157 29248
25 158 22615
25 159 44622
25 160 43361
25 161 32200
25 162 37810
25 163 9108
25 164 24918
25 165 1672
25 166 41531
25 167 36089
25 168 59684
25 169 20384
25 170 -4235
25 171 12573
25 172 34531
25 173 50050
25 174 53612
25 175 59310
25 176 29784
25 177 12878
25 178 23056
25 179 9596
25 180 17748
25 181 46807
25 182 44285
25 183 35954
25 184 19560
25 185 27809
25 186 10022
25 187 1154
25 188 39299
25 189 48029
25 190 39140
25 191 46998
25 192 44592
25 193 43148
25 194 47305
25 195 11817
25 196 20267
25 197 9499
25 198 10044
25 199 52734
25 200 33552
26 1 16288
26 2 14124
26 3 14337
26 4 7912
26 5 22341
26 6 19591
26 7 30012
26 8 33789
26 9 22914
26 10 28422
26 11 35976
26 12 2485
26 13 10756
26 14 27008
26 15 18946
26 16 27551
26 17 34003
26 18 22308
26 19 34282
26 20 30693
26 21 6483
26 22 15593
26 23 10447
26 24 13874
26 25 16265
26 27 10768
26 28 6465
26 29 16440
26 30 22791
26 31 18623
26 32 31385
26 33 19177
26 34 22136
26 35 31805
26 36 42290
26 37 24385
26 38 34943
26 39 9372
26 40 4496
26 41 16442
26 42 23111
26 43 24489
26 44 30746
26 45 31996
26 46 36907
26 47 35235
26 48 25683
26 49 42103
26 50 12909
26 51 22828
26 52 20188
26 53 5550
26 54 5086
26 55 16724
26 56 16085
26 57 16937
26 58 6173
26 59 17769
26 60 27379
26 61 28548
26 62 28534
26 63 37577
26 64 34142
26 65 30128
26 66 25109
26 67 12428
26 68 5075
26 69 17825
26 70 24960
26 71 30057
26 72 6540
26 73 9461
26 74 13938
26 75 11736
26 76 8432
26 77 10954
26 78 23540
26 79 14025
26 80 10882
26 81 16406
26 82 28296
26 83 27360
26 84 29453
26 85 19063
26 86 26936
26 87 13003
26 88 25697
26 89 16004
26 90 35881
26 91 30430
26 92 23962
26 93 21302
26 94 14693
26 95 15714
26 96 20635
26 97 18245
26 98 24018
26 99 23175
26 100 24260
26 101 20398
26 102 10566
26 103 26657
26 104 23200
26 105 423
26 106 25375
26 107 35004
26 108 27057
26 109 4389
26 110 8746
26 111 7806
26 112 8964
26 113 29602
26 114 27978
26 115 13236
26 116 9434
26 117 17912
26 118 17850
26 119 31591
26 120 19708
26 121 15250
26 122 23125
26 123 32650
26 124 37166
26 125 29219
26 126 36907
26 127 20403
26 128 28365
26 129 20015
26 130 6962
26 131 31526
26 132 14262
26 133 13387
26 134 7163
26 135 28176
26 136 38298
26 137 12751
26 138 2217
26 139 15598
26 140 34432
26 141 28288
26 142 26516
26 143 42767
26 144 15560
26 145 14095
26 146 14782
26 147 15582
26 148 26615
26 149 -1862
26 150 9838
26 151 20084
26 152 4831
26 153 25257
26 154 -949
26 155 7260
26 156 10103
26 157 16323
26 158 13717
26 159 24138
26 160 27352
26 161 22503
26 162 17930
26 163 11531
26 164 19703
26 165 14700
26 166 19451
26 167 14528
26 168 37518
26 169 16983
26 170 16083
26 171 7466
26 172 20403
26 173 29520
26 174 31380
26 175 38240
26 176 10892
26 177 6443
26 178 9996
26 179 3340
26 180 -584
26 181 29377
26 182 22609
26 183 14955
26 184 5740
26 185 18547
26 186 17088
26 187 15296
26 188 25959
26 189 28419
26 190 18042
26 191 29381
26 192 28233
26 193 25154
26 194 25151
26 195 -1211
26 196 7606
26 197 9499
26 198 2502
26 199 30717
26 200 11191
27 1 7689
27 2 20723
27 3 16925
27 4 22054
27 5 14702
27 6 13733
27 7 16024
27 8 21632
27 9 19575
27 10 15497
27 11 22119
27 12 11225
27 13 10756
27 14 27008
27 15 25146
27 16 23166
27 17 25626
27 18 10382
27 19 20140
27 20 22619
27 21 18844
27 22 27216
27 23 23832
27 24 23672
27 25 29960
27 26 9891
27 28 5111
27 29 23037
27 30 12993
27 31 5195
27 32 20123
27 33 17401
27 34 23661
27 35 29985
27 36 28447
27 37 22459
27 38 33871
27 39 23478
27 40 13236
27 41 26981
27 42 25535
27 43 28558
27 44 28553
27 45 21253
27 46 24248
27 47 21398
27 48 11910
27 49 27962
27 50 9684
27 51 17348
27 52 6528
27 53 6708
27 54 17641
27 55 30168
27 56 29674
27 57 22893
27 58 10360
27 59 14290
27 60 18069
27 61 23025
27 62 14629
27 63 24707
27 64 20443
27 65 25952
27 66 17770
27 67 26550
27 68 11886
27 69 6317
27 70 13882
27 71 25816
27 72 19231
27 73 21121
27 74 26064
27 75 24522
27 76 9925
27 77 13938
27 78 24973
27 79 15801
27 80 19057
27 81 14819
27 82 15004
27 83 16793
27 84 21070
27 85 15153
27 86 22229
27 87 15281
27 88 11628
27 89 6653
27 90 23616
27 91 27477
27 92 21814
27 93 16988
27 94 11269
27 95 13701
27 96 15825
27 97 17784
27 98 21343
27 99 18375
27 100 22516
27 101 9155
27 102 7793
27 103 21355
27 104 18400
27 105 6603
27 106 11616
27 107 20932
27 108 14490
27 109 15158
27 110 22768
27 111 3475
27 112 3766
27 113 22832
27 114 15951
27 115 20614
27 116 13425
27 117 17387
27 118 9003
27 119 30184
27 120 17670
27 121 21515
27 122 14344
27 123 18522
27 124 23667
27 125 18457
27 126 23979
27 127 6406
27 128 19471
27 129 22163
27 130 20040
27 131 20783
27 132 3506
27 133 25315
27 134 17810
27 135 26523
27 136 35656
27 137 15735
27 138 8397
27 139 29735
27 140 33127
27 141 24923
27 142 28381
27 143 28688
27 144 19842
27 145 23479
27 146 2133
27 147 8288
27 148 12627
27 149 12224
27 150 18013
27 151 17936
27 152 9018
27 153 11821
27 154 5231
27 155 21402
27 156 3779
27 157 13735
27 158 16305
27 159 10492
27 160 17482
27 161 18118
27 162 5671
27 163 21270
27 164 19703
27 165 28057
27 166 9272
27 167 561
27 168 23640
27 169 20384
27 170 30142
27 171 18897
27 172 23368
27 173 22294
27 174 19378
27 175 24195
27 176 2885
27 177 16554
27 178 16791
27 179 17301
27 180 11069
27 181 17516
27 182 8467
27 183 10142
27 184 9560
27 185 18547
27 186 30667
27 187 29438
27 188 18539
27 189 15494
27 190 4222
27 191 26440
27 192 27035
27 193 22458
27 194 11276
27 195 11817
27 196 10315
27 197 22843
27 198 16037
27 199 19848
27 200 5011
28 1 8872
28 2 18604
28 3 12434
28 4 15793
28 5 19267
28 6 17055
28 7 22694
28 8 28028
28 9 18217
28 10 20376
28 11 27964
28 12 4634
28 13 11224
28 14 28435
28 15 23629
28 16 26505
28 17 30677
28 18 16595
28 19 26569
28 20 23977
28 21 13947
28 22 22888
28 23 18449
28 24 17341
28 25 23315
28 26 3811
28 27 3334
28 29 17505
28 30 15399
28 31 10574
28 32 23681
28 33 14977
28 34 20120
28 35 28057
28 36 35136
28 37 24478
28 38 35939
28 39 17342
28 40 9467
28 41 23264
28 42 25684
28 43 28132
28 44 30971
28 45 27198
28 46 30814
28 47 28092
28 48 18615
28 49 34406
28 50 7454
28 51 17016
28 52 13216
28 53 4699
28 54 10933
28 55 23488
28 56 24118
28 57 21304
28 58 8407
28 59 16884
28 60 23282
28 61 26787
28 62 20553
28 63 29552
28 64 26091
28 65 25325
28 66 18801
28 67 20357
28 68 5995
28 69 9807
28 70 17173
28 71 25093
28 72 14238
28 73 16647
28 74 21424
28 75 19523
28 76 5217
28 77 9106
28 78 21337
28 79 11808
28 80 12844
28 81 12429
28 82 21671
28 83 22580
28 84 26032
28 85 18135
28 86 25809
28 87 15216
28 88 17841
28 89 11490
28 90 27944
28 91 30100
28 92 23817
28 93 20063
28 94 13486
28 95 15449
28 96 18911
28 97 18940
28 98 23707
28 99 21564
28 100 24546
28 101 12513
28 102 5572
28 103 21099
28 104 21589
28 105 2494
28 106 18325
28 107 27110
28 108 19055
28 109 8478
28 110 16797
28 111 527
28 112 6002
28 113 27238
28 114 22292
28 115 18180
28 116 8101
28 117 18398
28 118 14021
28 119 32234
28 120 15646
28 121 16028
28 122 15984
28 123 25043
28 124 30369
28 125 24401
28 126 28874
28 127 12528
28 128 21378
28 129 18059
28 130 13343
28 131 23963
28 132 6285
28 133 20821
28 134 11280
28 135 24477
28 136 34178
28 137 14980
28 138 1689
28 139 23505
28 140 35292
28 141 27844
28 142 28876
28 143 35269
28 144 18944
28 145 20288
28 146 8191
28 147 12245
28 148 18682
28 149 5934
28 150 11800
28 151 19939
28 152 7065
28 153 18496
28 154 -1477
28 155 15141
28 156 5998
28 157 11518
28 158 11814
28 159 16095
28 160 20023
28 161 17407
28 162 9903
28 163 14906
28 164 16797
28 165 21370
28 166 14737
28 167 6719
28 168 30327
28 169 15931
28 170 23653
28 171 14624
28 172 23210
28 173 26782
28 174 25743
28 175 30320
28 176 3400
28 177 9991
28 178 14631
28 179 10834
28 180 6124
28 181 21556
28 182 14921
28 183 12929
28 184 4047
28 185 15291
28 186 25123
28 187 23152
28 188 19517
28 189 20373
28 190 10071
28 191 29141
28 192 28946
28 193 24944
28 194 17976
28 195 5191
28 196 5370
28 197 17458
28 198 10479
28 199 25778
28 200 6336
29 1 20914
29 2 36011
29 3 5796
29 4 17540
29 5 42789
29 6 40395
29 7 42717
29 8 50462
29 9 11416
29 10 33352
29 11 42613
29 12 11066
29 13 32958
29 14 49475
29 15 40040
29 16 49460
29 17 54211
29 18 39427
29 19 44058
29 20 25526
29 21 25552
29 22 32809
29 23 21600
29 24 329
29 25 15927
29 26 18221
29 27 25695
29 28 21940
29 30 22377
29 31 27028
29 32 30746
29 33 10634
29 34 3158
29 35 15470
29 36 54419
29 37 46652
29 38 57415
29 39 16206
29 40 26836
29 41 34587
29 42 45452
29 43 46247
29 44 53111
29 45 50322
29 46 52582
29 47 47736
29 48 38821
29 49 51212
29 50 13512
29 51 16476
29 52 34998
29 53 26643
29 54 7809
29 55 16437
29 56 28340
29 57 38596
29 58 28573
29 59 39645
29 60 46771
29 61 50034
29 62 36615
29 63 40428
29 64 38600
29 65 15205
29 66 16361
29 67 16247
29 68 -594
29 69 26496
29 70 28171
29 71 17133
29 72 23462
29 73 28439
29 74 31041
29 75 26758
29 76 10783
29 77 6735
29 78 6777
29 79 1612
29 80 7278
29 81 5406
29 82 43068
29 83 45829
29 84 49567
29 85 40980
29 86 48838
29 87 35461
29 88 35922
29 89 34996
29 90 37721
29 91 52606
29 92 46129
29 93 43039
29 94 36311
29 95 37786
29 96 42038
29 97 40607
29 98 46163
29 99 44676
29 100 46597
29 101 25781
29 102 7703
29 103 17004
29 104 44701
29 105 22256
29 106 39254
29 107 43204
29 108 30717
29 109 11773
29 110 22627
29 111 18427
29 112 29304
29 113 50691
29 114 44864
29 115 34803
29 116 8438
29 117 40192
29 118 37544
29 119 54025
29 120 6709
29 121 -3559
29 122 22586
29 123 43316
29 124 51006
29 125 47526
29 126 40081
29 127 31497
29 128 23961
29 129 6296
29 130 9775
29 131 29898
29 132 23104
29 133 30077
29 134 371
29 135 12150
29 136 22364
29 137 35223
29 138 17465
29 139 22539
29 140 56900
29 141 50458
29 142 48875
29 143 53237
29 144 37764
29 145 33822
29 146 31111
29 147 35744
29 148 35709
29 149 15792
29 150 6234
29 151 42251
29 152 27231
29 153 40060
29 154 14299
29 155 16888
29 156 29470
29 157 11832
29 158 5176
29 159 31097
29 160 24947
29 161 10800
29 162 25035
29 163 1091
29 164 2930
29 165 14783
29 166 38129
29 167 27153
29 168 49865
29 169 -1451
29 170 17753
29 171 25665
29 172 42710
29 173 50279
29 174 48227
29 175 46089
29 176 17745
29 177 7715
29 178 31740
29 179 15278
29 180 21345
29 181 28675
29 182 33499
29 183 36091
29 184 8702
29 185 8228
29 186 28682
29 187 21378
29 188 19314
29 189 33349
29 190 27970
29 191 51610
29 192 50669
29 193 47364
29 194 38568
29 195 12228
29 196 7190
29 197 24102
29 198 19416
29 199 48915
29 200 29844
30 1 7917
30 2 41013
30 3 17522
30 4 36490
30 5 31392
30 6 33132
30 7 20357
30 8 30935
30 9 6291
30 10 4881
30 11 13580
30 12 22340
30 13 31346
30 14 46854
30 15 45693
30 16 41150
30 17 40101
30 18 23666
30 19 16856
30 20 2764
30 21 36794
30 22 45842
30 23 40530
30 24 28613
30 25 41074
30 26 26163
30 27 17242
30 28 21425
30 29 23968
30 31 4588
30 32 1419
30 33 11032
30 34 15615
30 35 15985
30 36 27859
30 37 42180
30 38 52965
30 39 37941
30 40 32425
30 41 46285
30 42 46048
30 43 49142
30 44 47547
30 45 32681
30 46 30142
30 47 22262
30 48 15010
30 49 22579
30 50 10557
30 51 3764
30 52 19385
30 53 26643
30 54 28399
30 55 40977
30 56 46116
30 57 43395
30 58 30558
30 59 33736
30 60 33808
30 61 40614
30 62 9659
30 63 10435
30 64 8616
30 65 7951
30 66 -2266
30 67 40396
30 68 17263
30 69 12379
30 70 2757
30 71 8995
30 72 36951
30 73 39609
30 74 44290
30 75 42140
30 76 15908
30 77 17091
30 78 18809
30 79 13201
30 80 25862
30 81 6561
30 82 21992
30 83 30293
30 84 36450
30 85 33924
30 86 39533
30 87 35875
30 88 12753
30 89 25010
30 90 7723
30 91 46498
30 92 41658
30 93 35833
30 94 31305
30 95 33833
30 96 35030
30 97 38098
30 98 40798
30 99 37303
30 100 42126
30 101 5533
30 102 5363
30 103 4593
30 104 37328
30 105 25423
30 106 18986
30 107 14921
30 108 1349
30 109 26320
30 110 38451
30 111 15509
30 112 24233
30 113 38788
30 114 26151
30 115 40774
30 116 18868
30 117 37816
30 118 25158
30 119 49559
30 120 6362
30 121 22866
30 122 -435
30 123 17214
30 124 27105
30 125 30047
30 126 10123
30 127 12592
30 128 -1073
30 129 19444
30 130 31210
30 131 1201
30 132 10940
30 133 43721
30 134 25089
30 135 13259
30 136 20043
30 137 36320
30 138 22712
30 139 43927
30 140 52135
30 141 43383
30 142 48763
30 143 25497
30 144 40445
30 145 43224
30 146 21443
30 147 27247
30 148 10410
30 149 27517
30 150 24818
30 151 37780
30 152 29216
30 153 21162
30 154 19546
30 155 35838
30 156 24380
30 157 9849
30 158 16902
30 159 3504
30 160 -2994
30 161 1913
30 162 4967
30 163 27113
30 164 10001
30 165 38862
30 166 25322
30 167 13553
30 168 24368
30 169 17284
30 170 42521
30 171 37607
30 172 43949
30 173 38647
30 174 28339
30 175 17540
30 176 8436
30 177 25690
30 178 37074
30 179 31334
30 180 29076
30 181 -348
30 182 9395
30 183 29944
30 184 16921
30 185 14214
30 186 47079
30 187 43327
30 188 -877
30 189 4878
30 190 7184
30 191 45226
30 192 46588
30 193 41646
30 194 17623
30 195 25412
30 196 15285
30 197 39786
30 198 32827
30 199 32370
30 200 25506
31 1 7312
31 2 32951
31 3 21309
31 4 33770
31 5 19544
31 6 22395
31 7 9176
31 8 19300
31 9 16589
31 10 2943
31 11 9993
31 12 20909
31 13 21964
31 14 35896
31 15 36802
31 16 29425
31 17 28062
31 18 11661
31 19 9745
31 20 14798
31 21 31411
31 22 39865
31 23 36294
31 24 31271
31 25 40594
31 26 21826
31 27 9275
31 28 16431
31 29 28450
31 30 4419
31 32 8587
31 33 17768
31 34 24252
31 35 26988
31 36 19942
31 37 31297
31 38 41485
31 39 35347
31 40 25885
31 41 39572
31 42 36060
31 43 39310
31 44 36111
31 45 20837
31 46 19567
31 47 13358
31 48 4850
31 49 17333
31 50 12555
31 51 13518
31 52 7833
31 53 19328
31 54 27757
31 55 40597
31 56 42038
31 57 34745
31 58 22800
31 59 22762
31 60 21899
31 61 28845
31 62 2754
31 63 12088
31 64 8066
31 65 19973
31 66 9582
31 67 38329
31 68 19040
31 69 6847
31 70 4968
31 71 20736
31 72 31793
31 73 33759
31 74 38694
31 75 37097
31 76 16374
31 77 19460
31 78 26337
31 79 18698
31 80 26999
31 81 14489
31 82 10577
31 83 18252
31 84 24438
31 85 22521
31 86 27633
31 87 26326
31 88 1628
31 89 14077
31 90 11321
31 91 35151
31 92 30931
31 93 24514
31 94 20953
31 95 23469
31 96 24011
31 97 27888
31 98 29746
31 99 26088
31 100 31114
31 101 2989
31 102 9398
31 103 16131
31 104 26113
31 105 19193
31 106 7144
31 107 9530
31 108 2129
31 109 25093
31 110 34821
31 111 11960
31 112 14822
31 113 26774
31 114 14335
31 115 32939
31 116 20103
31 117 27874
31 118 13291
31 119 38309
31 120 15928
31 121 27014
31 122 8042
31 123 8838
31 124 17120
31 125 18171
31 126 11351
31 127 1095
31 128 10520
31 129 25106
31 130 30417
31 131 9742
31 132 6018
31 133 37960
31 134 26395
31 135 23949
31 136 31580
31 137 27504
31 138 19240
31 139 41480
31 140 40623
31 141 31769
31 142 38449
31 143 18905
31 144 31361
31 145 35969
31 146 12009
31 147 16363
31 148 1307
31 149 23943
31 150 25955
31 151 27053
31 152 21458
31 153 9162
31 154 16074
31 155 33118
31 156 15565
31 157 14812
31 158 20689
31 159 -1930
31 160 7649
31 161 13397
31 162 -1206
31 163 29166
31 164 19198
31 165 38445
31 166 13580
31 167 4335
31 168 15472
31 169 23481
31 170 41344
31 171 31547
31 172 34227
31 173 26702
31 174 16850
31 175 12634
31 176 6062
31 177 25673
31 178 29013
31 179 28700
31 180 23580
31 181 5294
31 182 -863
31 183 19466
31 184 17032
31 185 20269
31 186 43041
31 187 41094
31 188 11163
31 189 2940
31 190 -4722
31 191 33738
31 192 35464
31 193 30387
31 194 5921
31 195 22858
31 196 16551
31 197 35281
31 198 28370
31 199 20362
31 200 17475
32 1 17753
32 2 49723
32 3 27550
32 4 46694
32 5 36170
32 6 39853
32 7 22203
32 8 32522
32 9 13223
32 10 5177
32 11 8488
32 12 32576
32 13 39228
32 14 53250
32 15 53986
32 16 46159
32 17 43207
32 18 28032
32 19 13788
32 20 6463
32 21 46493
32 22 55434
32 23 50573
32 24 38601
32 25 51358
32 26 36011
32 27 25626
32 28 30961
32 29 33591
32 30 2673
32 31 10010
32 33 20527
32 34 23226
32 35 20732
32 36 24064
32 37 48704
32 38 58455
32 39 48182
32 40 41708
32 41 55641
32 42 53504
32 43 56743
32 44 53177
32 45 34634
32 46 29407
32 47 19980
32 48 14653
32 49 16668
32 50 20852
32 51 12348
32 52 25187
32 53 35541
32 54 38695
32 55 51263
32 56 56162
32 57 51812
32 58 39336
32 59 40157
32 60 38452
32 61 45544
32 62 9090
32 63 2624
32 64 -75
32 65 8308
32 66 -3517
32 67 50680
32 68 27482
32 69 21128
32 70 10910
32 71 12230
32 72 46740
32 73 49196
32 74 53979
32 75 51986
32 76 26197
32 77 27313
32 78 27401
32 79 22806
32 80 36119
32 81 15406
32 82 23546
32 83 33855
32 84 40382
32 85 39675
32 86 43898
32 87 43672
32 88 15863
32 89 31528
32 90 793
32 91 52329
32 92 48375
32 93 41747
32 94 38411
32 95 40931
32 96 41406
32 97 45344
32 98 47100
32 99 43398
32 100 48472
32 101 14106
32 102 15563
32 103 9664
32 104 43423
32 105 34742
32 106 22041
32 107 10700
32 108 191
32 109 36585
32 110 48525
32 111 25266
32 112 32038
32 113 42545
32 114 28332
32 115 49602
32 116 29153
32 117 45289
32 118 29939
32 119 55522
32 120 13842
32 121 32625
32 122 9851
32 123 15499
32 124 26026
32 125 32159
32 126 2921
32 127 18559
32 128 -443
32 129 28956
32 130 41505
32 131 -6286
32 132 19993
32 133 53379
32 134 35291
32 135 18714
32 136 23345
32 137 44583
32 138 32657
32 139 54173
32 140 57562
32 141 48649
32 142 55913
32 143 20683
32 144 48578
32 145 52349
32 146 29121
32 147 33810
32 148 11804
32 149 37544
32 150 35075
32 151 44497
32 152 37994
32 153 24740
32 154 29491
32 155 46042
32 156 32511
32 157 19914
32 158 26930
32 159 2922
32 160 -3163
32 161 6498
32 162 12671
32 163 37228
32 164 17344
32 165 49151
32 166 30559
32 167 21169
32 168 22180
32 169 26429
32 170 52817
32 171 47156
32 172 51627
32 173 42969
32 174 29428
32 175 12877
32 176 18170
32 177 35984
32 178 45791
32 179 41517
32 180 38682
32 181 -10644
32 182 10698
32 183 36929
32 184 27210
32 185 23772
32 186 57140
32 187 53589
32 188 2272
32 189 5174
32 190 12689
32 191 50772
32 192 52756
32 193 47626
32 194 20390
32 195 35574
32 196 25575
32 197 49733
32 198 42744
32 199 35362
32 200 34011
33 1 9241
33 2 37080
33 3 3589
33 4 25832
33 5 36250
33 6 35200
33 7 31057
33 8 40385
33 9 -463
33 10 19233
33 11 28432
33 12 12677
33 13 30413
33 14 47591
33 15 42117
33 16 44750
33 17 46805
33 18 30496
33 19 30689
33 20 10957
33 21 29468
33 22 38348
33 23 30564
33 24 14067
33 25 28080
33 26 19158
33 27 18259
33 28 17612
33 29 8834
33 30 7641
33 31 14546
33 32 15882
33 34 2489
33 35 8849
33 36 41483
33 37 43426
33 38 54952
33 39 26549
33 40 27392
33 41 39572
33 42 44858
33 43 47115
33 44 49808
33 45 41225
33 46 41449
33 47 35190
33 48 26850
33 49 37300
33 50 3602
33 51 1755
33 52 25498
33 53 23889
33 54 16389
33 55 28087
33 56 36387
33 57 39910
33 58 27388
33 59 35551
33 60 39344
33 61 44656
33 62 23148
33 63 25688
33 64 23870
33 65 6719
33 66 3301
33 67 28167
33 68 4204
33 69 15800
33 70 14249
33 71 6699
33 72 28895
33 73 32562
33 74 36532
33 75 33515
33 76 6553
33 77 4690
33 78 4337
33 79 -1951
33 80 13141
33 81 -6766
33 82 32142
33 83 37365
33 84 42395
33 85 36614
33 86 43857
33 87 34396
33 88 23628
33 89 28263
33 90 22948
33 91 48806
33 92 42749
33 93 38465
33 94 32255
33 95 34431
33 96 37265
33 97 38086
33 98 42515
33 99 39869
33 100 43508
33 101 12989
33 102 -3850
33 103 3986
33 104 39894
33 105 20977
33 106 28352
33 107 29369
33 108 16295
33 109 15799
33 110 28993
33 111 11960
33 112 24554
33 113 44364
33 114 35066
33 115 36405
33 116 7441
33 117 37548
33 118 30396
33 119 51222
33 120 -3544
33 121 7895
33 122 8042
33 123 30363
33 124 39120
33 125 38469
33 126 25388
33 127 20317
33 128 9339
33 129 4214
33 130 19115
33 131 15059
33 132 12953
33 133 35941
33 134 11500
33 135 5268
33 136 15068
33 137 34107
33 138 16005
33 139 32563
33 140 54267
33 141 46396
33 142 48077
33 143 39746
33 144 37913
33 145 37486
33 146 23669
33 147 29891
33 148 22759
33 149 19047
33 150 12097
33 151 38871
33 152 26046
33 153 29712
33 154 12839
33 155 25180
33 156 24361
33 157 -687
33 158 2969
33 159 17361
33 160 10111
33 161 -745
33 162 12699
33 163 13046
33 164 -1907
33 165 26083
33 166 30489
33 167 17630
33 168 37292
33 169 2073
33 170 29844
33 171 30462
33 172 42342
33 173 43835
33 174 38090
33 175 32142
33 176 7816
33 177 13784
33 178 33040
33 179 21297
33 180 22801
33 181 13852
33 182 21098
33 183 31397
33 184 6929
33 185 -986
33 186 37168
33 187 31739
33 188 5135
33 189 19230
33 190 16129
33 191 47820
33 192 47973
33 193 43716
33 194 27400
33 195 15993
33 196 4388
33 197 30809
33 198 24416
33 199 40085
33 200 24770
34 1 21611
34 2 46138
34 3 10451
34 4 30171
34 5 48243
34 6 46761
34 7 43273
34 8 52747
34 9 2471
34 10 30236
34 11 39062
34 12 20414
34 13 41043
34 14 58220
34 15 50824
34 16 56342
34 17 59003
34 18 42816
34 19 42105
34 20 18054
34 21 36794
34 22 44837
34 23 34511
34 24 13258
34 25 28904
34 26 27765
34 27 30167
34 28 28403
34 29 7006
34 30 17872
34 31 26678
34 32 24229
34 33 8137
34 35 2646
34 36 53057
34 37 54468
34 38 65875
34 39 29231
34 40 36476
34 41 46473
34 42 54866
34 43 56504
34 44 60970
34 45 53584
34 46 53680
34 47 47022
34 48 38936
34 49 48066
34 50 15490
34 51 10823
34 52 37834
34 53 34366
34 54 20247
34 55 29473
34 56 41030
34 57 48936
34 58 37336
34 59 46854
34 60 51488
34 61 56407
34 62 34644
34 63 35121
34 64 33010
34 65 2352
34 66 6006
34 67 29166
34 68 9220
34 69 28157
34 70 25775
34 71 5471
34 72 35351
34 73 39840
34 74 43007
34 75 39139
34 76 16399
34 77 12661
34 78 1337
34 79 3022
34 80 17969
34 81 456
34 82 44450
34 83 49663
34 84 54531
34 85 48056
34 86 55560
34 87 44520
34 88 35743
34 89 40186
34 90 32377
34 91 60089
34 92 53813
34 93 49946
34 94 43468
34 95 45439
34 96 48753
34 97 48811
34 98 53705
34 99 51392
34 100 54529
34 101 25149
34 102 8238
34 103 7755
34 104 51417
34 105 30778
34 106 40685
34 107 40388
34 108 26842
34 109 22327
34 110 34699
34 111 23330
34 112 35871
34 113 56373
34 114 47435
34 115 45193
34 116 15501
34 117 48278
34 118 42492
34 119 62199
34 120 -2211
34 121 7783
34 122 19046
34 123 42068
34 124 51199
34 125 50826
34 126 35021
34 127 32665
34 128 16371
34 129 7710
34 130 22482
34 131 23019
34 132 25258
34 133 42209
34 134 13245
34 135 -401
34 136 9487
34 137 44156
34 138 25501
34 139 35527
34 140 65250
34 141 57803
34 142 58211
34 143 50940
34 144 47498
34 145 45185
34 146 35645
34 147 41623
34 148 34599
34 149 26438
34 150 16925
34 151 49935
34 152 35994
34 153 42077
34 154 22335
34 155 29519
34 156 35729
34 157 11518
34 158 9831
34 159 28673
34 160 18319
34 161 244
34 162 24936
34 163 14035
34 164 -8597
34 165 27817
34 166 42639
34 167 29927
34 168 49120
34 169 -160
34 170 30694
34 171 37394
34 172 52223
34 173 55835
34 174 50446
34 175 43031
34 176 20032
34 177 18932
34 178 41995
34 179 27058
34 180 31345
34 181 21256
34 182 33128
34 183 42801
34 184 15773
34 185 7366
34 186 41481
34 187 34394
34 188 10998
34 189 30233
34 190 28397
34 191 59128
34 192 58894
34 193 54941
34 194 39704
34 195 22944
34 196 13295
34 197 36408
34 198 31028
34 199 52421
34 200 36067
35 1 24075
35 2 53293
35 3 17850
35 4 39476
35 5 51746
35 6 51253
35 7 43537
35 8 53838
35 9 725
35 10 28258
35 11 35964
35 12 28110
35 13 46801
35 14 63952
35 15 58267
35 16 60677
35 17 61745
35 18 45121
35 19 40116
35 20 13693
35 21 44949
35 22 53464
35 23 44052
35 24 23325
35 25 38948
35 26 35106
35 27 34163
35 28 34012
35 29 16990
35 30 15914
35 31 27086
35 32 19407
35 33 12169
35 34 318
35 36 51064
35 37 59700
35 38 71224
35 39 39026
35 40 43566
35 41 54932
35 42 61255
35 43 63444
35 44 66004
35 45 55255
35 46 53617
35 47 45744
35 48 38512
35 49 44730
35 50 19875
35 51 10196
35 52 40174
35 53 40290
35 54 29541
35 55 39411
35 56 50322
35 57 56133
35 58 43758
35 59 51724
35 60 54566
35 61 60444
35 62 33157
35 63 30846
35 64 27861
35 65 -7810
35 66 -1952
35 67 39259
35 68 17788
35 69 30660
35 70 25271
35 71 -3085
35 72 43944
35 73 48047
35 74 51617
35 75 48105
35 76 22709
35 77 19856
35 78 9490
35 79 10420
35 80 26706
35 81 4007
35 82 45078
35 83 52016
35 84 57567
35 85 52682
35 86 59648
35 87 50794
35 88 35845
35 89 43991
35 90 28383
35 91 64960
35 92 59024
35 93 54520
35 94 48496
35 95 50735
35 96 53342
35 97 54451
35 98 58729
35 99 55909
35 100 59782
35 101 26058
35 102 12410
35 103 2989
35 104 55934
35 105 37304
35 106 41659
35 107 37769
35 108 24269
35 109 30611
35 110 43536
35 111 28294
35 112 40789
35 113 59747
35 114 48810
35 115 52539
35 116 22797
35 117 53916
35 118 45726
35 119 67495
35 120 -1535
35 121 17463
35 122 18431
35 123 40703
35 124 50635
35 125 52555
35 126 30984
35 127 34093
35 128 11411
35 129 15531
35 130 31948
35 131 18020
35 132 28199
35 133 50929
35 134 22946
35 135 -6709
35 136 -655
35 137 50496
35 138 32203
35 139 45240
35 140 70519
35 141 62457
35 142 64478
35 143 48278
35 144 54255
35 145 53222
35 146 39431
35 147 45811
35 148 33893
35 149 34457
35 150 25662
35 151 55146
35 152 42416
35 153 43474
35 154 29037
35 155 38824
35 156 40593
35 157 15556
35 158 17230
35 159 26951
35 160 14028
35 161 -5898
35 162 25976
35 163 23828
35 164 -4141
35 165 37684
35 166 45751
35 167 32709
35 168 47856
35 169 9253
35 170 40770
35 171 45799
35 172 58728
35 173 59281
35 174 51384
35 175 40206
35 176 23469
35 177 27689
35 178 49227
35 179 35800
35 180 38773
35 181 15132
35 182 32802
35 183 47553
35 184 22738
35 185 13186
35 186 50887
35 187 44173
35 188 5934
35 189 28255
35 190 29291
35 191 63949
35 192 64269
35 193 59903
35 194 40461
35 195 31125
35 196 20132
35 197 45350
35 198 39502
35 199 54467
35 200 41048
36 1 37394
36 2 51926
36 3 51391
36 4 60170
36 5 25037
36 6 37393
36 7 18587
36 8 15241
36 9 44291
36 10 22881
36 11 11646
36 12 49534
36 13 39767
36 14 42614
36 15 51508
36 16 31942
36 17 24153
36 18 22289
36 19 4856
36 20 38983
36 21 55211
36 22 61540
36 23 59902
36 24 61037
36 25 68530
36 26 48180
36 27 35214
36 28 43680
36 29 58528
36 30 30377
36 31 22629
36 32 25328
36 33 47392
36 34 53318
36 35 53653
36 37 41322
36 38 42855
36 39 61227
36 40 49087
36 41 59647
36 42 48254
36 43 50406
36 44 40041
36 45 14545
36 46 2292
36 47 -2776
36 48 451
36 49 -3405
36 50 42632
36 51 41587
36 52 28216
36 53 42941
36 54 56179
36 55 68755
36 56 66423
36 57 51337
36 58 44407
36 59 33736
36 60 29112
36 61 32370
36 62 15625
36 63 21195
36 64 -215
36 65 42510
36 66 30688
36 67 64273
36 68 48802
36 69 36373
36 70 32985
36 71 45786
36 72 55334
36 73 56531
36 74 61291
36 75 60217
36 76 46112
36 77 49449
36 78 55877
36 79 48686
36 80 56538
36 81 43745
36 82 12199
36 83 21522
36 84 25802
36 85 29477
36 86 26264
36 87 41590
36 88 21926
36 89 31012
36 90 26154
36 91 41489
36 92 42552
36 93 33038
36 94 36262
36 95 37553
36 96 36028
36 97 41590
36 98 39048
36 99 36328
36 100 39657
36 101 32892
36 102 39420
36 103 42104
36 104 36353
36 105 43838
36 106 18986
36 107 7023
36 108 21198
36 109 53597
36 110 60555
36 111 40687
36 112 35133
36 113 24419
36 114 13455
36 115 52199
36 116 49884
36 117 43253
36 118 20577
36 119 43626
36 120 44281
36 121 57083
36 122 36071
36 123 7345
36 124 4120
36 125 12947
36 126 21108
36 127 27435
36 128 32904
36 129 55082
36 130 58620
36 131 27853
36 132 35424
36 133 59965
36 134 55769
36 135 51130
36 136 57005
36 137 45902
36 138 46956
36 139 67702
36 140 41867
36 141 34690
36 142 48763
36 143 -4731
36 144 47347
36 145 55415
36 146 35591
36 147 31717
36 148 18136
36 149 50568
36 150 55494
36 151 38674
36 152 43065
36 153 21162
36 154 43790
36 155 59518
36 156 37914
36 157 44738
36 158 50771
36 159 13489
36 160 29477
36 161 39337
36 162 28876
36 163 58811
36 164 47872
36 165 66643
36 166 25322
36 167 30975
36 168 1173
36 169 53412
36 170 68498
36 171 53469
36 172 47681
36 173 28703
36 174 8938
36 175 9719
36 176 35837
36 177 54707
36 178 47791
36 179 55743
36 180 48207
36 181 14415
36 182 11272
36 183 35134
36 184 46560
36 185 50121
36 186 67295
36 187 67493
36 188 35301
36 189 22878
36 190 22774
36 191 38060
36 192 42035
36 193 37462
36 194 17623
36 195 50393
36 196 46392
36 197 59483
36 198 53323
36 199 20927
36 200 41411
37 1 32677
37 2 13020
37 3 39321
37 4 28770
37 5 3521
37 6 10771
37 7 27996
37 8 21533
37 9 44442
37 10 36112
37 11 37964
37 12 28955
37 13 6125
37 14 2132
37 15 7819
37 16 1150
37 17 12031
37 18 15382
37 19 32167
37 20 47171
37 21 21483
37 22 22519
37 23 21600
37 24 40692
37 25 38904
37 26 22675
37 27 21626
37 28 25422
37 29 43161
37 30 37098
37 31 26384
37 32 42368
37 33 41735
37 34 47129
37 35 54689
37 36 33722
37 38 8986
37 39 26733
37 40 18041
37 41 18801
37 42 4396
37 43 6924
37 44 3986
37 45 14988
37 46 23579
37 47 27960
37 48 19607
37 49 37651
37 50 33976
37 51 42346
37 52 22026
37 53 17736
37 54 31123
37 55 40516
37 56 30343
37 57 9155
37 58 13412
37 59 -2847
37 60 13413
37 61 3951
37 62 31744
37 63 44121
37 64 35603
37 65 50951
37 66 42338
37 67 28462
37 68 31568
37 69 30943
37 70 37569
37 71 50812
37 72 19693
37 73 20610
37 74 23835
37 75 22684
37 76 32184
37 77 35914
37 78 48347
37 79 38792
37 80 37656
37 81 39201
37 82 21273
37 83 13608
37 84 9651
37 85 -6548
37 86 341
37 87 440
37 88 29186
37 89 12512
37 90 44591
37 91 3576
37 92 2438
37 93 -1885
37 94 4678
37 95 1236
37 96 4720
37 97 1412
37 98 -2082
37 99 3857
37 100 -2459
37 101 33224
37 102 32162
37 103 46350
37 104 3882
37 105 17784
37 106 22983
37 107 34831
37 108 35546
37 109 31313
37 110 28945
37 111 26818
37 112 11101
37 113 5102
37 114 16273
37 115 13085
37 116 34671
37 117 6215
37 118 3032
37 119 5255
37 120 42283
37 121 41854
37 122 39005
37 123 30243
37 124 28296
37 125 12590
37 126 43367
37 127 26704
37 128 43637
37 129 45013
37 130 32259
37 131 43579
37 132 28421
37 133 21219
37 134 33896
37 135 51163
37 136 60537
37 137 9653
37 138 26372
37 139 34399
37 140 8302
37 141 1392
37 142 5325
37 143 36756
37 144 5527
37 145 14685
37 146 21443
37 147 8482
37 148 29954
37 149 23652
37 150 36612
37 151 -1440
37 152 12070
37 153 21975
37 154 23206
37 155 28118
37 156 16559
37 157 38133
37 158 38701
37 159 28927
37 160 41166
37 161 43111
37 162 29109
37 163 38409
37 164 43770
37 165 38862
37 166 10743
37 167 23384
37 168 30754
37 169 42702
37 170 36072
37 171 15437
37 172 4128
37 173 7503
37 174 17638
37 175 38297
37 176 27822
37 177 33369
37 178 8315
37 179 27836
37 180 18714
37 181 38364
37 182 23143
37 183 6746
37 184 30616
37 185 42284
37 186 30596
37 187 34394
37 188 43242
37 189 36109
37 190 24665
37 191 2457
37 192 2043
37 193 -1739
37 194 23169
37 195 25412
37 196 32203
37 197 24102
37 198 21033
37 199 16459
37 200 21224
38 1 53723
38 2 30034
38 3 60340
38 4 45972
38 5 19267
38 6 31607
38 7 45430
38 8 34781
38 9 65621
38 10 55296
38 11 54811
38 12 49497
38 13 26961
38 14 2132
38 15 14791
38 16 6961
38 17 19003
38 18 33461
38 19 47758
38 20 67804
38 21 39203
38 22 35904
38 23 33521
38 24 60340
38 25 55751
38 26 42919
38 27 42724
38 28 46569
38 29 63610
38 30 57569
38 31 46258
38 32 61805
38 33 62947
38 34 68222
38 35 75899
38 36 44941
38 37 18672
38 39 41385
38 40 37736
38 41 30301
38 42 15700
38 43 7772
38 44 3986
38 45 25199
38 46 33397
38 47 41101
38 48 34526
38 49 50659
38 50 55189
38 51 63428
38 52 41893
38 53 38719
38 54 50315
38 55 58140
38 56 44895
38 57 22626
38 58 33767
38 59 17869
38 60 30480
38 61 15255
38 62 49837
38 63 62300
38 64 51075
38 65 71979
38 66 62917
38 67 41126
38 68 52156
38 69 51839
38 70 57965
38 71 71895
38 72 35815
38 73 37227
38 74 38682
38 75 36727
38 76 53272
38 77 56911
38 78 69447
38 79 59868
38 80 58052
38 81 60413
38 82 36988
38 83 28822
38 84 22121
38 85 9228
38 86 -2746
38 87 18614
38 88 48106
38 89 32977
38 90 63552
38 91 15682
38 92 23652
38 93 16665
38 94 25872
38 95 22419
38 96 25243
38 97 21925
38 98 17764
38 99 23664
38 100 13098
38 101 53848
38 102 53375
38 103 67376
38 104 23689
38 105 38435
38 106 40908
38 107 50954
38 108 54779
38 109 51481
38 110 46632
38 111 48028
38 112 32305
38 113 9291
38 114 30520
38 115 29487
38 116 55599
38 117 27024
38 118 20153
38 119 6670
38 120 63495
38 121 62397
38 122 59779
38 123 46178
38 124 41216
38 125 23447
38 126 61590
38 127 46711
38 128 64030
38 129 66061
38 130 51005
38 131 63268
38 132 49429
38 133 34666
38 134 53494
38 135 72375
38 136 81716
38 137 29393
38 138 47217
38 139 49998
38 140 -11216
38 141 3952
38 142 12038
38 143 49269
38 144 21273
38 145 27580
38 146 42388
38 147 29083
38 148 48451
38 149 43297
38 150 57008
38 151 19774
38 152 32425
38 153 40036
38 154 44051
38 155 45320
38 156 37765
38 157 59347
38 158 59720
38 159 47408
38 160 61334
38 161 64204
38 162 49589
38 163 58224
38 164 64953
38 165 56755
38 166 29598
38 167 44099
38 168 44268
38 169 63624
38 170 51342
38 171 30249
38 172 17380
38 173 19231
38 174 29271
38 175 54403
38 176 48962
38 177 53474
38 178 24744
38 179 46756
38 180 38361
38 181 56905
38 182 41004
38 183 27819
38 184 51569
38 185 63454
38 186 44410
38 187 49985
38 188 63964
38 189 55293
38 190 44520
38 191 7805
38 192 7687
38 193 11942
38 194 41031
38 195 45267
38 196 53224
38 197 39786
38 198 38895
38 199 30495
38 200 42437
39 1 38465
39 2 23218
39 3 29686
39 4 3204
39 5 40807
39 6 38948
39 7 53168
39 8 55283
39 9 39551
39 10 51485
39 11 59364
39 12 20494
39 13 27641
39 14 35996
39 15 20597
39 16 41786
39 17 51874
39 18 44208
39 19 57651
39 20 50775
39 21 13483
39 22 10726
39 23 -7877
39 24 16795
39 25 3338
39 26 19180
39 27 34163
39 28 29804
39 29 24233
39 30 44377
39 31 41952
39 32 53364
39 33 36376
39 34 33410
39 35 45533
39 36 65145
39 37 38251
39 38 43217
39 40 21279
39 41 11929
39 42 31452
39 43 27740
39 44 42210
39 45 52117
39 46 58556
39 47 58131
39 48 48567
39 49 65446
39 50 33128
39 51 41841
39 52 43261
39 53 27321
39 54 10307
39 55 8813
39 56 3387
39 57 22733
39 58 24109
39 59 33834
39 60 47396
39 61 44484
39 62 51946
39 63 60487
39 64 57441
39 65 45179
39 66 43907
39 67 -10975
39 68 18157
39 69 40918
39 70 47406
39 71 46287
39 72 5999
39 73 13186
39 74 10945
39 75 3365
39 76 27736
39 77 27470
39 78 36349
39 79 28517
39 80 23162
39 81 32703
39 82 50823
39 83 47935
39 84 47993
39 85 34102
39 86 40537
39 87 24752
39 88 49126
39 89 37406
39 90 58498
39 91 44018
39 92 38904
39 93 37324
39 94 32620
39 95 31833
39 96 38293
39 97 32452
39 98 38480
39 99 40236
39 100 37139
39 101 43130
39 102 29751
39 103 44556
39 104 40261
39 105 22330
39 106 48366
39 107 58434
39 108 49930
39 109 19245
39 110 10657
39 111 30536
39 112 30050
39 113 45806
39 114 49468
39 115 20924
39 116 26479
39 117 33384
39 118 37544
39 119 42367
39 120 35343
39 121 24508
39 122 44425
39 123 55963
39 124 59725
39 125 49420
39 126 59859
39 127 43833
39 128 48878
39 129 33867
39 130 8753
39 131 53179
39 132 37295
39 133 7504
39 134 11908
39 135 42094
39 136 52424
39 137 27219
39 138 24676
39 139 -1758
39 140 43110
39 141 41201
39 142 34326
39 143 65959
39 144 24497
39 145 14309
39 146 37868
39 147 35793
39 148 50043
39 149 14532
39 150 22118
39 151 35026
39 152 22767
39 153 48043
39 154 21510
39 155 2552
39 156 32282
39 157 35001
39 158 29066
39 159 47477
39 160 48591
39 161 39337
39 162 40996
39 163 16898
39 164 32841
39 165 8838
39 166 40505
39 167 37958
39 168 60468
39 169 28280
39 170 -3993
39 171 6468
39 172 28923
39 173 47007
39 174 52618
39 175 61671
39 176 33349
39 177 18234
39 178 18109
39 179 11403
39 180 16967
39 181 51558
39 182 45984
39 183 33942
39 184 24292
39 185 34514
39 186 1481
39 187 -2917
39 188 45446
39 189 51482
39 190 41457
39 191 42173
39 192 39277
39 193 38691
39 194 48226
39 195 14380
39 196 25511
39 197 4128
39 198 8015
39 199 51350
39 200 33982
40 1 20893
40 2 7157
40 3 21309
40 4 9581
40 5 17836
40 6 15402
40 7 30012
40 8 31439
40 9 29370
40 10 31282
40 11 37685
40 12 9556
40 13 4945
40 14 20107
40 15 12152
40 16 21564
40 17 29358
40 18 20382
40 19 34868
40 20 36004
40 21 3554
40 22 11404
40 23 8521
40 24 20184
40 25 19399
40 26 2820
40 27 12437
40 28 10445
40 29 23379
40 30 27377
40 31 21006
40 32 35406
40 33 25735
40 34 29171
40 35 38589
40 36 41521
40 37 18075
40 38 28084
40 39 9795
40 41 11358
40 42 16068
40 43 17464
40 44 24185
40 45 28585
40 46 34710
40 47 34566
40 48 25034
40 49 42469
40 50 18879
40 51 28749
40 52 20188
40 53 4196
40 54 10508
40 55 20498
40 56 14772
40 57 9997
40 58 447
40 59 12056
40 60 23793
40 61 23025
40 62 30208
40 63 40504
40 64 36081
40 65 36610
40 66 30759
40 67 12727
40 68 12122
40 69 21241
40 70 28902
40 71 36446
40 72 3800
40 73 5367
40 74 10325
40 75 8963
40 76 15018
40 77 17894
40 78 30542
40 79 20993
40 80 17844
40 81 23056
40 82 27116
40 83 24216
40 84 25052
40 85 13167
40 86 20890
40 87 6086
40 88 27042
40 89 13562
40 90 39274
40 91 24187
40 92 17858
40 93 15666
40 94 9600
40 95 9866
40 96 15551
40 97 11837
40 98 17882
40 99 17882
40 100 17800
40 101 24155
40 102 16782
40 103 32748
40 104 17907
40 105 423
40 106 25033
40 107 36144
40 108 30208
40 109 11195
40 110 9634
40 111 12529
40 112 6224
40 113 24291
40 114 25621
40 115 6442
40 116 16396
40 117 11752
40 118 14042
40 119 24903
40 120 26366
40 121 22244
40 122 28021
40 123 33027
40 124 35989
40 125 25854
40 126 39781
40 127 22052
40 128 33418
40 129 27017
40 130 11731
40 131 35816
40 132 17893
40 133 9517
40 134 13356
40 135 34964
40 136 44994
40 137 6031
40 138 8397
40 139 16551
40 140 27609
40 141 22000
40 142 19482
40 143 42671
40 144 8489
40 145 8247
40 146 15096
40 147 12035
40 148 28140
40 149 3076
40 150 16800
40 151 13980
40 152 -895
40 153 24541
40 154 5231
40 155 8929
40 156 8856
40 157 22633
40 158 20689
40 159 26238
40 160 32006
40 161 28822
40 162 21147
40 163 17977
40 164 26630
40 165 18695
40 166 16666
40 167 16337
40 168 36952
40 169 24052
40 170 17913
40 171 3086
40 172 13347
40 173 24616
40 174 28808
40 175 39472
40 176 15424
40 177 13166
40 178 3087
40 179 7320
40 180 -1894
40 181 33082
40 182 23369
40 183 10489
40 184 12588
40 185 25341
40 186 15674
40 187 16444
40 188 31496
40 189 31279
40 190 19968
40 191 23033
40 192 21546
40 193 18877
40 194 24984
40 195 4969
40 196 14438
40 197 7830
40 198 1959
40 199 27632
40 200 11191
41 1 38884
41 2 9930
41 3 36471
41 4 12155
41 5 27809
41 6 28192
41 7 46297
41 8 44619
41 9 45862
41 10 49223
41 11 54996
41 12 24534
41 13 16578
41 14 18118
41 15 1957
41 16 25690
41 17 37569
41 18 35043
41 19 51337
41 20 53771
41 21 9825
41 22 -164
41 23 -3326
41 24 29493
41 25 20324
41 26 18944
41 27 30360
41 28 28420
41 29 35308
41 30 45415
41 31 38871
41 32 53517
41 33 42093
41 34 43346
41 35 54133
41 36 56259
41 37 23013
41 38 24827
41 39 4623
41 40 15536
41 42 14134
41 43 9077
41 44 24949
41 45 39692
41 46 47572
41 47 49654
41 48 40385
41 49 58482
41 50 36103
41 51 46022
41 52 36984
41 53 22003
41 54 19671
41 55 23812
41 56 8470
41 57 5913
41 58 16249
41 59 20049
41 60 35892
41 61 29489
41 62 47617
41 63 58413
41 64 53411
41 65 52949
41 66 48293
41 67 4206
41 68 25790
41 69 39348
41 70 47011
41 71 53024
41 72 2694
41 73 6621
41 74 4120
41 75 382
41 76 31476
41 77 33333
41 78 45184
41 79 36050
41 80 30950
41 81 39171
41 82 42074
41 83 36617
41 84 34643
41 85 18997
41 86 23776
41 87 9998
41 88 44388
41 89 28606
41 90 57321
41 91 28024
41 92 24610
41 93 23054
41 94 21070
41 95 18875
41 96 25724
41 97 18336
41 98 23430
41 99 26926
41 100 21114
41 101 42266
41 102 33729
41 103 49815
41 104 26951
41 105 18510
41 106 41141
41 107 53053
41 108 48218
41 109 24630
41 110 14572
41 111 30404
41 112 22135
41 113 30437
41 114 38962
41 115 7410
41 116 31836
41 117 20531
41 118 25759
41 119 24970
41 120 42405
41 121 34752
41 122 45959
41 123 49383
41 124 50520
41 125 37141
41 126 57676
41 127 39692
41 128 51319
41 129 41822
41 130 19232
41 131 53915
41 132 36003
41 133 -1638
41 134 23086
41 135 50519
41 136 60805
41 137 15515
41 138 25377
41 139 13868
41 140 24798
41 141 24478
41 142 16488
41 143 58225
41 144 8769
41 145 -2543
41 146 32497
41 147 25714
41 148 45521
41 149 16372
41 150 29906
41 151 20732
41 152 14907
41 153 40372
41 154 22211
41 155 11503
41 156 25914
41 157 39445
41 158 35851
41 159 43874
41 160 50040
41 161 45541
41 162 39224
41 163 28220
41 164 41649
41 165 22921
41 166 30517
41 167 34168
41 168 52187
41 169 37842
41 170 14682
41 171 -3238
41 172 11996
41 173 32904
41 174 41428
41 175 56436
41 176 33413
41 177 25640
41 178 4193
41 179 16749
41 180 13970
41 181 51165
41 182 40242
41 183 23132
41 184 28516
41 185 41108
41 186 7525
41 187 13781
41 188 49114
41 189 49220
41 190 37685
41 191 25536
41 192 22126
41 193 22774
41 194 41216
41 195 18141
41 196 30329
41 197 5002
41 198 8247
41 199 39900
41 200 28873
42 1 37591
42 2 9806
42 3 41586
42 4 25786
42 5 12466
42 6 17619
42 7 36206
42 8 30468
42 9 48431
42 10 43255
42 11 46115
42 12 30127
42 13 9263
42 14 172
42 15 -989
42 16 7275
42 17 20176
42 18 23666
42 19 40692
42 20 52702
42 21 18955
42 22 16688
42 23 15301
42 24 40269
42 25 35677
42 26 23408
42 27 26709
42 28 28635
42 29 43968
42 30 42973
42 31 33154
42 32 49175
42 33 45174
42 34 49534
42 35 58251
42 36 42661
42 37 6403
42 38 8021
42 39 21941
42 40 18041
42 41 11929
42 43 -1284
42 44 6322
42 45 23807
42 46 32482
42 47 36832
42 48 28335
42 49 46473
42 50 37673
42 51 46899
42 52 29129
42 53 20510
42 54 30165
42 55 37933
42 56 25387
42 57 2733
42 58 14763
42 59 5399
42 60 22182
42 61 11978
42 62 39534
42 63 51703
42 64 44004
42 65 55441
42 66 47847
42 67 22692
42 68 32731
42 69 36373
42 70 43637
42 71 55207
42 72 15743
42 73 17039
42 74 18932
42 75 17340
42 76 34834
42 77 38140
42 78 50826
42 79 41228
42 80 38452
42 81 42608
42 82 29953
42 83 22506
42 84 18460
42 85 1786
42 86 5097
42 87 -595
42 88 36678
42 89 19444
42 90 51765
42 91 9879
42 92 9808
42 93 7059
42 94 10591
42 95 6875
42 96 12573
42 97 5368
42 98 6800
42 99 12417
42 100 3198
42 101 39048
42 102 35804
42 103 51003
42 104 12442
42 105 19506
42 106 31092
42 107 43204
42 108 42617
42 109 31773
42 110 26389
42 111 30536
42 112 16012
42 113 12313
42 114 25175
42 115 9242
42 116 36707
42 117 10001
42 118 11826
42 119 6401
42 120 45858
42 121 42856
42 122 44425
42 123 38733
42 124 37201
42 125 21450
42 126 50939
42 127 33469
42 128 49500
42 129 47329
42 130 30782
42 131 50178
42 132 33568
42 133 15453
42 134 33428
42 135 54655
42 136 64410
42 137 10293
42 138 28362
42 139 30208
42 140 7709
42 141 5818
42 142 -1119
42 143 45631
42 144 1055
42 145 8347
42 146 27131
42 147 15507
42 148 37611
42 149 23376
42 150 37408
42 151 5930
42 152 13421
42 153 30091
42 154 25196
42 155 25134
42 156 21224
42 157 41750
42 158 40966
42 159 36511
42 160 47327
42 161 47502
42 162 35193
42 163 38229
42 164 46695
42 165 36522
42 166 18899
42 167 29331
42 168 39598
42 169 44569
42 170 31730
42 171 10462
42 172 -2856
42 173 16077
42 174 26573
42 175 46664
42 176 32413
42 177 33686
42 178 4496
42 179 26583
42 180 18545
42 181 45676
42 182 31131
42 183 13046
42 184 32770
42 185 45227
42 186 25223
42 187 30208
42 188 48597
42 189 43252
42 190 31513
42 191 6913
42 192 3453
42 193 4768
42 194 31276
42 195 25412
42 196 34551
42 197 19861
42 198 18647
42 199 25397
42 200 25506
43 1 46268
43 2 16162
43 3 49111
43 4 30005
43 5 20501
43 6 26665
43 7 45092
43 8 38512
43 9 56659
43 10 52309
43 11 55037
43 12 37283
43 13 18032
43 14 1582
43 15 -2929
43 16 12551
43 17 26453
43 18 32503
43 19 49415
43 20 61481
43 21 24286
43 22 18680
43 23 15583
43 24 46060
43 25 39214
43 26 30577
43 27 35523
43 28 36874
43 29 50554
43 30 51858
43 31 42195
43 32 58205
43 33 53222
43 34 56963
43 35 66231
43 36 50604
43 37 14722
43 38 5884
43 39 24020
43 40 25228
43 41 12663
43 42 4507
43 44 9448
43 45 31094
43 46 39951
43 47 45095
43 48 36860
43 49 54837
43 50 45912
43 51 55380
43 52 38184
43 53 28793
43 54 35846
43 55 42132
43 56 27708
43 57 7461
43 58 22744
43 59 14125
43 60 30670
43 61 18714
43 62 48543
43 63 60745
43 64 52815
43 65 63796
43 66 56596
43 67 23171
43 68 39698
43 69 45211
43 70 52575
43 71 63562
43 72 19693
43 73 21662
43 74 21989
43 75 19523
43 76 42655
43 77 45690
43 78 58345
43 79 48792
43 80 45225
43 81 50614
43 82 38535
43 83 30751
43 84 25901
43 85 9228
43 86 8423
43 87 8005
43 88 45720
43 89 28497
43 90 60819
43 91 16366
43 92 18636
43 93 15230
43 94 19645
43 95 15928
43 96 21461
43 97 14424
43 98 14943
43 99 21052
43 100 10524
43 101 47950
43 102 43989
43 103 59487
43 104 21077
43 105 27329
43 106 40009
43 107 52025
43 108 51669
43 109 38498
43 110 31216
43 111 38889
43 112 24905
43 113 17716
43 114 33386
43 115 14978
43 116 44198
43 117 18995
43 118 20284
43 119 9498
43 120 53906
43 121 49595
43 122 53204
43 123 47479
43 124 45365
43 125 28870
43 126 59982
43 127 42513
43 128 58363
43 129 54820
43 130 36058
43 131 59183
43 132 42339
43 133 17404
43 134 39299
43 135 62616
43 136 72520
43 137 18511
43 138 36050
43 139 33027
43 140 6032
43 141 10057
43 142 2555
43 143 53869
43 144 8239
43 145 10678
43 146 36079
43 147 24551
43 148 46637
43 149 29887
43 150 44181
43 151 14758
43 152 21402
43 153 39003
43 154 32884
43 155 29353
43 156 30027
43 157 49910
43 158 48491
43 159 45548
43 160 56259
43 161 55873
43 162 44148
43 163 44259
43 164 54408
43 165 40966
43 166 27773
43 167 38291
43 168 47929
43 169 51772
43 170 34067
43 171 13696
43 172 5348
43 173 23192
43 174 34299
43 175 55489
43 176 41015
43 177 40226
43 178 10483
43 179 32292
43 180 25424
43 181 54731
43 182 40092
43 183 22102
43 184 40364
43 185 53045
43 186 26936
43 187 32980
43 188 57320
43 189 52306
43 190 40560
43 191 11717
43 192 7834
43 193 11602
43 194 40195
43 195 31973
43 196 42200
43 197 23235
43 198 23821
43 199 33449
43 200 34187
44 1 42970
44 2 21910
44 3 50133
44 4 38177
44 5 8833
44 6 20851
44 7 35104
44 8 25470
44 9 54946
44 10 44650
44 11 44752
44 12 39708
44 13 16899
44 14 -3391
44 15 10815
44 16 -2767
44 17 11091
44 18 22896
44 19 38030
44 20 56987
44 21 31008
44 22 29827
44 23 28432
44 24 51198
44 25 48236
44 26 33326
44 27 32010
44 28 36205
44 29 53910
44 30 46755
44 31 35488
44 32 51131
44 33 52407
44 34 57921
44 35 65283
44 36 36731
44 37 8276
44 38 -1410
44 39 34982
44 40 28441
44 41 25027
44 42 8605
44 43 5940
44 45 16699
44 46 25463
44 47 32120
44 48 24903
44 49 41882
44 50 44628
44 51 52682
44 52 31105
44 53 28552
44 54 41428
44 55 50184
44 56 38435
44 57 15828
44 58 24055
44 59 7172
44 60 19976
44 61 5057
44 62 39414
44 63 51904
44 64 41511
44 65 61204
44 66 52101
44 67 35845
44 68 42340
44 69 41049
44 70 47153
44 71 61144
44 72 28454
44 73 29559
44 74 31923
44 75 30438
44 76 42985
44 77 46729
44 78 59138
44 79 49593
44 80 48381
44 81 49870
44 82 27056
44 83 18775
44 84 12438
44 85 -1586
44 86 -7722
44 87 9658
44 88 37481
44 89 22164
44 90 52969
44 91 4880
44 92 13211
44 93 5850
44 94 15307
44 95 12038
44 96 14469
44 97 11965
44 98 7134
44 99 12857
44 100 2775
44 101 43032
44 102 42812
44 103 56605
44 104 12882
44 105 28544
44 106 30446
44 107 41092
44 108 44129
44 109 41961
44 110 38537
44 111 37514
44 112 21729
44 113 1821
44 114 20882
44 115 21673
44 116 45488
44 117 16957
44 118 9615
44 119 -2408
44 120 52900
44 121 52622
44 122 48968
44 123 36317
44 124 32238
44 125 14717
44 126 51180
44 127 35921
44 128 53222
44 129 55820
44 130 42385
44 131 52550
44 132 38667
44 133 28590
44 134 44372
44 135 61780
44 136 71035
44 137 19959
44 138 37179
44 139 43090
44 140 -2216
44 141 -5886
44 142 6045
44 143 40628
44 144 13373
44 145 21498
44 146 31621
44 147 18286
44 148 37923
44 149 34092
44 150 47337
44 151 9333
44 152 22713
44 153 29528
44 154 34013
44 155 37525
44 156 27186
44 157 48782
44 158 49513
44 159 36902
44 160 50546
44 161 53459
44 162 38773
44 163 48965
44 164 54505
44 165 48643
44 166 18878
44 167 33291
44 168 35159
44 169 53518
44 170 44682
44 171 23452
44 172 9941
44 173 9461
44 174 20493
44 175 44554
44 176 38263
44 177 44005
44 178 16874
44 179 37998
44 180 29120
44 181 46440
44 182 30604
44 183 17142
44 184 41432
44 185 53037
44 186 38342
44 187 43093
44 188 53149
44 189 44647
44 190 33748
44 191 -2925
44 192 -1767
44 193 1209
44 194 30591
44 195 35943
44 196 43016
44 197 32701
44 198 30671
44 199 20782
44 200 31901
45 1 33560
45 2 33528
45 3 45806
45 4 45972
45 5 4383
45 6 20207
45 7 16435
45 8 2856
45 9 45003
45 10 27439
45 11 23378
45 12 39516
45 13 22240
45 14 20363
45 15 30595
45 16 9589
45 17 2065
45 18 9524
45 19 15626
45 20 43127
45 21 39436
45 22 43603
45 23 42597
45 24 52334
45 25 55589
45 26 35561
45 27 25695
45 28 33417
45 29 52106
45 30 32874
45 31 21199
45 32 33573
45 33 44809
45 34 51520
45 35 55519
45 36 12220
45 37 20263
45 38 20788
45 39 45874
45 40 33826
45 41 40755
45 42 27075
45 43 28571
45 44 17684
45 46 1062
45 47 8124
45 48 2502
45 49 17651
45 50 37768
45 51 41968
45 52 19571
45 53 29268
45 54 44832
45 55 56352
45 56 50099
45 57 31503
45 58 28635
45 59 13548
45 60 10800
45 61 10239
45 62 20441
45 63 32067
45 64 18409
45 65 48390
45 66 37367
45 67 48480
45 68 40872
45 69 31317
45 70 33604
45 71 49376
45 72 38928
45 73 39840
45 74 44079
45 75 43094
45 76 38969
45 77 42955
45 78 53091
45 79 44363
45 80 47854
45 81 41952
45 82 6542
45 83 3642
45 84 4040
45 85 7848
45 86 4316
45 87 21926
45 88 21041
45 89 16581
45 90 34609
45 91 19501
45 92 22237
45 93 12082
45 94 18283
45 95 18434
45 96 16856
45 97 21808
45 98 17905
45 99 16296
45 100 18037
45 101 31004
45 102 35535
45 103 44783
45 104 16321
45 105 30351
45 106 13457
45 107 19039
45 108 26784
45 109 43044
45 110 46033
45 111 32529
45 112 20532
45 113 2329
45 114 75
45 115 33795
45 116 42494
45 117 24406
45 118 1773
45 119 21318
45 120 44026
45 121 50584
45 122 36665
45 123 14498
45 124 8262
45 125 -8614
45 126 31479
45 127 22972
45 128 38322
45 129 50764
45 130 46771
45 131 35555
45 132 29783
45 133 42188
45 134 46111
45 135 52382
45 136 60230
45 137 28016
45 138 36332
45 139 52855
45 140 19800
45 141 12330
45 142 27040
45 143 16288
45 144 27589
45 145 36492
45 146 24990
45 147 15407
45 148 20094
45 149 37706
45 150 46810
45 151 18359
45 152 27293
45 153 13508
45 154 33166
45 155 45320
45 156 24749
45 157 41314
45 158 45186
45 159 18468
45 160 35051
45 161 42048
45 162 26451
45 163 49891
45 164 46932
45 165 54395
45 166 9845
45 167 23748
45 168 11359
45 169 49110
45 170 54304
45 171 35923
45 172 26924
45 173 6641
45 174 -3683
45 175 22426
45 176 30303
45 177 44836
45 178 29192
45 179 42817
45 180 33841
45 181 26780
45 182 12014
45 183 17861
45 184 38605
45 185 46634
45 186 50726
45 187 52777
45 188 39552
45 189 27436
45 190 19875
45 191 15753
45 192 19865
45 193 15609
45 194 13179
45 195 38510
45 196 39367
45 197 43337
45 198 38325
45 199 2761
45 200 29166
46 1 35885
46 2 43000
46 3 49394
46 4 53712
46 5 14545
46 6 28797
46 7 16107
46 8 5887
46 9 45633
46 10 25344
46 11 17723
46 12 45143
46 13 31180
46 14 31114
46 15 41104
46 16 20270
46 17 12251
46 18 15080
46 19 9548
46 20 41932
46 21 47796
46 22 52978
46 23 51771
46 24 57585
46 25 62846
46 26 42364
46 27 30582
46 28 38925
46 29 56258
46 30 32227
46 31 21821
46 32 30238
46 33 46925
46 34 53508
46 35 55773
46 36 1859
46 37 30746
46 38 30878
46 39 54205
46 40 41843
46 41 50527
46 42 37642
46 43 39320
46 44 28340
46 45 2954
46 47 13
46 48 -1445
46 49 8047
46 50 40803
46 51 42596
46 52 23479
46 53 36398
46 54 51233
46 55 63335
46 56 58813
46 57 41594
46 58 36821
46 59 23640
46 60 19613
46 61 21007
46 62 17700
46 63 27274
46 64 10164
46 65 46789
46 66 35158
46 67 57062
46 68 45607
46 69 34051
46 70 33660
46 71 48730
46 72 47616
46 73 48625
46 74 53132
46 75 52136
46 76 43164
46 77 46935
46 78 55472
46 79 47392
46 80 52953
46 81 43745
46 82 6852
46 83 11859
46 84 14673
46 85 18510
46 86 14283
46 87 31893
46 88 20959
46 89 23652
46 90 30991
46 91 30257
46 92 32412
46 93 22487
46 94 27348
46 95 28075
46 96 26440
46 97 31781
46 98 28410
46 99 26282
46 100 28713
46 101 32217
46 102 38161
46 103 44442
46 104 26307
46 105 37471
46 106 14990
46 107 12939
46 108 24331
46 109 48975
46 110 53875
46 111 37012
46 112 27943
46 113 12486
46 114 4526
46 115 43283
46 116 46884
46 117 33954
46 118 10903
46 119 32044
46 120 45147
46 121 54740
46 122 36959
46 123 9670
46 124 1331
46 125 1566
46 126 26875
46 127 24972
46 128 36499
46 129 53811
46 130 53428
46 131 32531
46 132 32854
46 133 51500
46 134 51761
46 135 52902
46 136 59859
46 137 37186
46 138 42139
46 139 60943
46 140 29891
46 141 22968
46 142 37760
46 143 6548
46 144 37625
46 145 46252
46 146 30292
46 147 23500
46 148 18641
46 149 44692
46 150 51909
46 151 28534
46 152 35479
46 153 16190
46 154 38973
46 155 53060
46 156 31469
46 157 43749
46 158 48774
46 159 15869
46 160 33054
46 161 41762
46 162 27807
46 163 55203
46 164 48468
46 165 61294
46 166 17184
46 167 27346
46 168 3741
46 169 52224
46 170 62153
46 171 45109
46 172 37346
46 173 17393
46 174 -1711
46 175 16127
46 176 33451
46 177 50491
46 178 38758
46 179 49904
46 180 41474
46 181 21605
46 182 10698
46 183 26539
46 184 43222
46 185 49224
46 186 59561
46 187 60814
46 188 38369
46 189 25341
46 190 21113
46 191 26486
46 192 30634
46 193 26340
46 194 14151
46 195 45053
46 196 43556
46 197 51937
46 198 46354
46 199 10903
46 200 35479
47 1 30606
47 2 45157
47 3 44579
47 4 52973
47 5 19267
47 6 30655
47 7 11412
47 8 9606
47 9 38461
47 10 17242
47 11 7964
47 12 42371
47 13 32958
47 14 37482
47 15 45334
47 16 27206
47 17 20176
47 18 15382
47 19 -82
47 20 33772
47 21 48107
47 22 54627
47 23 52875
47 24 54003
47 25 61321
47 26 40971
47 27 28011
47 28 36482
47 29 51691
47 30 24626
47 31 15891
47 32 21090
47 33 40945
47 34 47129
47 35 48179
47 36 -2930
47 37 35406
47 38 38861
47 39 54059
47 40 41978
47 41 52888
47 42 42271
47 43 44743
47 44 35276
47 45 10295
47 46 292
47 48 -6747
47 49 -183
47 50 35817
47 51 35593
47 52 21006
47 53 35776
47 54 48990
47 55 61551
47 56 59323
47 57 44853
47 58 37361
47 59 27570
47 60 22865
47 61 27256
47 62 9659
47 63 17646
47 64 520
47 65 38088
47 66 26308
47 67 57113
47 68 41784
47 69 29401
47 70 26757
47 71 40655
47 72 48264
47 73 49498
47 74 54294
47 75 53197
47 76 39107
47 77 42530
47 78 49488
47 79 42041
47 80 49468
47 81 37449
47 82 5216
47 83 15505
47 84 20617
47 85 23908
47 86 22426
47 87 35136
47 88 15067
47 89 24016
47 90 21816
47 91 36133
47 92 36380
47 93 27169
47 94 29590
47 95 31068
47 96 29642
47 97 35223
47 98 33192
47 99 30168
47 100 34007
47 101 26264
47 102 32743
47 103 36665
47 104 30193
47 105 36654
47 106 11775
47 107 3128
47 108 15899
47 109 46422
47 110 53373
47 111 33566
47 112 28064
47 113 20436
47 114 7424
47 115 45419
47 116 42883
47 117 36678
47 118 14388
47 119 38646
47 120 38286
47 121 50226
47 122 29974
47 123 1089
47 124 -1880
47 125 8414
47 126 17331
47 127 20381
47 128 27999
47 129 48447
47 130 51421
47 131 23494
47 132 28421
47 133 53028
47 134 48659
47 135 45507
47 136 51860
47 137 39104
47 138 39761
47 139 60517
47 140 37874
47 141 30003
47 142 43077
47 143 -1187
47 144 40877
47 145 48685
47 146 28382
47 147 24893
47 148 11628
47 149 43358
47 150 48424
47 151 32502
47 152 36019
47 153 13984
47 154 36595
47 155 52321
47 156 30756
47 157 38133
47 158 43959
47 159 7716
47 160 24532
47 161 33956
47 162 22130
47 163 51751
47 164 41806
47 165 59441
47 166 18566
47 167 23820
47 168 -5889
47 169 46813
47 170 61292
47 171 46517
47 172 41523
47 173 23621
47 174 4256
47 175 6237
47 176 28882
47 177 47567
47 178 41051
47 179 48532
47 180 41042
47 181 11774
47 182 4400
47 183 28379
47 184 39504
47 185 43567
47 186 60210
47 187 60302
47 188 30165
47 189 17239
47 190 15846
47 191 33118
47 192 36812
47 193 31993
47 194 10415
47 195 43185
47 196 39412
47 197 52382
47 198 46166
47 199 15200
47 200 34216
48 1 25032
48 2 39063
48 3 38888
48 4 46572
48 5 14432
48 6 24651
48 7 5276
48 8 5940
48 9 34046
48 10 13669
48 11 7729
48 12 36133
48 13 26851
48 14 33000
48 15 39771
48 16 23290
48 17 17412
48 18 9274
48 19 102
48 20 30233
48 21 41738
48 22 48395
48 23 46553
48 24 47966
48 25 54961
48 26 34582
48 27 21686
48 28 30168
48 29 45939
48 30 20537
48 31 10546
48 32 18926
48 33 35768
48 34 42206
48 35 44110
48 36 3460
48 37 30216
48 38 35449
48 39 47658
48 40 35609
48 41 46782
48 42 36937
48 43 39671
48 44 31222
48 45 7836
48 46 1997
48 47 -3584
48 49 5115
48 50 30158
48 51 31041
48 52 14627
48 53 29378
48 54 42693
48 55 55212
48 56 52956
48 57 39016
48 58 31037
48 59 22150
48 60 17534
48 61 23025
48 62 6064
48 63 16647
48 64 3464
48 65 35157
48 66 23600
48 67 50715
48 68 35784
48 69 23552
48 70 22088
48 71 37026
48 72 41916
48 73 43178
48 74 47997
48 75 46882
48 76 33146
48 77 36690
48 78 44337
48 79 36573
48 80 43385
48 81 32454
48 82 -801
48 83 10613
48 84 16533
48 85 19130
48 86 19387
48 87 29356
48 88 9628
48 89 17758
48 90 19752
48 91 31538
48 92 30931
48 93 22086
48 94 23636
48 95 25296
48 96 24011
48 97 29555
48 98 28079
48 99 24783
48 100 29079
48 101 20989
48 102 27275
48 103 32748
48 104 24808
48 105 30251
48 106 5398
48 107 3431
48 108 12720
48 109 40155
48 110 46970
48 111 27420
48 112 21729
48 113 17451
48 114 2914
48 115 39313
48 116 36918
48 117 30801
48 118 9106
48 119 34356
48 120 33652
48 121 44451
48 122 25387
48 123 -1142
48 124 -880
48 125 5618
48 126 16119
48 127 14436
48 128 24852
48 129 42988
48 130 45098
48 131 21125
48 132 22508
48 133 46775
48 134 42508
48 135 41275
48 136 48156
48 137 32998
48 138 33452
48 139 54114
48 140 34474
48 141 26080
48 142 38030
48 143 4691
48 144 35066
48 145 42610
48 146 21993
48 147 18806
48 148 6968
48 149 36970
48 150 42341
48 151 27053
48 152 29695
48 153 7585
48 154 30286
48 155 45920
48 156 24361
48 157 32761
48 158 38268
48 159 4233
48 160 21420
48 161 30068
48 162 16694
48 163 45676
48 164 37051
48 165 53108
48 166 12601
48 167 17630
48 168 -1232
48 169 41387
48 170 54897
48 171 40257
48 172 36018
48 173 19544
48 174 2035
48 175 6844
48 176 23036
48 177 41368
48 178 34981
48 179 42150
48 180 34643
48 181 11294
48 182 -863
48 183 22349
48 184 33457
48 185 38234
48 186 53850
48 187 53899
48 188 26673
48 189 13666
48 190 10159
48 191 28927
48 192 32286
48 193 27274
48 194 4095
48 195 36835
48 196 33484
48 197 46014
48 198 39770
48 199 10797
48 200 27814
49 1 36697
49 2 56392
49 3 50438
49 4 62363
49 5 31392
49 6 42076
49 7 20800
49 8 21771
49 9 40940
49 10 20179
49 11 7282
49 12 50414
49 13 44189
49 14 49646
49 15 57208
49 16 39316
49 17 32016
49 18 26687
49 19 3898
49 20 34808
49 21 58330
49 22 65486
49 23 63333
49 24 60860
49 25 69963
49 26 50201
49 27 36937
49 28 45158
49 29 57529
49 30 27305
49 31 22228
49 32 20140
49 33 45417
49 34 50535
49 35 49527
49 36 -1197
49 37 47459
49 38 50781
49 39 63736
49 40 52243
49 41 64078
49 42 54274
49 43 56847
49 44 47400
49 45 22184
49 46 10688
49 47 2179
49 48 4314
49 50 41857
49 51 38691
49 52 30634
49 53 45758
49 54 57247
49 55 70033
49 56 69497
49 57 56474
49 58 47938
49 59 39517
49 60 34830
49 61 39414
49 62 14125
49 63 15648
49 64 -8888
49 65 36867
49 66 25213
49 67 66819
49 68 48663
49 69 36480
49 70 30999
49 71 41207
49 72 58617
49 73 60023
49 74 64916
49 75 63720
49 76 46032
49 77 48925
49 78 53617
49 79 47173
49 80 56674
49 81 41367
49 82 16661
49 83 27596
49 84 32774
49 85 36054
49 86 34256
49 87 46820
49 88 22240
49 89 34945
49 90 21341
49 91 48297
49 92 48313
49 93 39250
49 94 41076
49 95 42760
49 96 41451
49 97 47008
49 98 45269
49 99 42129
49 100 46133
49 101 31875
49 102 38161
49 103 38118
49 104 42154
49 105 46413
49 106 21771
49 107 3809
49 108 17839
49 109 54574
49 110 62998
49 111 41404
49 112 38651
49 113 32303
49 114 19547
49 115 56626
49 116 49735
49 117 48258
49 118 26378
49 119 50800
49 120 41216
49 121 56182
49 122 33602
49 123 7893
49 124 10245
49 125 20403
49 126 15859
49 127 28213
49 128 28325
49 129 53525
49 130 59839
49 131 22730
49 132 35631
49 133 63818
49 134 56076
49 135 47278
49 136 52354
49 137 50326
49 138 48305
49 139 70033
49 140 49792
49 141 42109
49 142 55183
49 143 -5608
49 144 52528
49 145 59945
49 146 37920
49 147 36188
49 148 17621
49 149 52532
49 150 55630
49 151 44435
49 152 46596
49 153 24414
49 154 45139
49 155 61711
49 156 40871
49 157 43246
49 158 49818
49 159 11400
49 160 25065
49 161 35194
49 162 28286
49 163 58811
49 164 44867
49 165 67890
49 166 30053
49 167 32214
49 168 5480
49 169 51688
49 170 70404
49 171 57288
49 172 53431
49 173 35772
49 174 16238
49 175 5900
49 176 35740
49 177 55314
49 178 52331
49 179 57568
49 180 50917
49 181 7543
49 182 12014
49 183 39758
49 184 46714
49 185 48388
49 186 70442
49 187 69747
49 188 30952
49 189 20176
49 190 23042
49 191 45265
49 192 48978
49 193 44148
49 194 20151
49 195 51927
49 196 46161
49 197 62572
49 198 56047
49 199 27355
49 200 43943
50 1 3197
50 2 30034
50 3 4555
50 4 21930
50 5 28576
50 6 27394
50 7 25162
50 8 33669
50 9 6555
50 10 16282
50 11 25414
50 12 7783
50 13 22748
50 14 39870
50 15 35101
50 16 36954
50 17 39313
50 18 23275
50 19 26396
50 20 13804
50 21 23557
50 22 32647
50 23 26276
50 24 14891
50 25 26354
50 26 12866
50 27 10518
50 28 10065
50 29 11688
50 30 7142
50 31 9309
50 32 16183
50 33 3578
50 34 9818
50 35 16531
50 36 36699
50 37 35643
50 38 47170
50 39 23277
50 40 20512
50 41 33558
50 42 37333
50 43 39781
50 44 42005
50 45 34160
50 46 35303
50 47 30038
50 48 21216
50 49 33716
50 51 5724
50 52 18380
50 53 16356
50 54 13635
50 55 26255
50 56 31898
50 57 32812
50 58 20031
50 59 27743
50 60 31791
50 61 36888
50 62 19029
50 63 24356
50 64 22247
50 65 13689
50 66 8000
50 67 25645
50 68 2904
50 69 9037
50 70 11211
50 71 13466
50 72 23398
50 73 26573
50 74 30924
50 75 28376
50 76 1168
50 77 2901
50 78 11203
50 79 2442
50 80 11298
50 81 1036
50 82 25814
50 83 30062
50 84 34833
50 85 28805
50 86 36081
50 87 26864
50 88 18215
50 89 20544
50 90 21933
50 91 40998
50 92 34965
50 93 30657
50 94 24458
50 95 26661
50 96 29456
50 97 30372
50 98 34714
50 99 32062
50 100 35725
50 101 8169
50 102 -6022
50 103 9664
50 104 32087
50 105 13808
50 106 21964
50 107 25726
50 108 14061
50 109 11639
50 110 24235
50 111 4214
50 112 16754
50 113 36704
50 114 28219
50 115 29487
50 116 4206
50 117 29840
50 118 22796
50 119 43439
50 120 4111
50 121 10252
50 122 7139
50 123 25600
50 124 33439
50 125 31386
50 126 23859
50 127 14001
50 128 11707
50 129 8856
50 130 16445
50 131 15880
50 132 5853
50 133 30376
50 134 10683
50 135 12987
50 136 22548
50 137 26642
50 138 9383
50 139 29256
50 140 46478
50 141 38586
50 142 40497
50 143 35579
50 144 30582
50 145 31069
50 146 15971
50 147 22109
50 148 18008
50 149 13558
50 150 10254
50 151 31087
50 152 18689
50 153 23032
50 154 6217
50 155 21278
50 156 16559
50 157 -50
50 158 3935
50 159 13655
50 160 11254
50 161 5800
50 162 7320
50 163 13020
50 164 5825
50 165 24131
50 166 22943
50 167 10407
50 168 32162
50 169 7257
50 170 27761
50 171 24569
50 172 34870
50 173 36167
50 174 31418
50 175 28677
50 176 483
50 177 10937
50 178 26033
50 179 16865
50 180 16322
50 181 14415
50 182 15792
50 183 23588
50 184 2176
50 185 4730
50 186 32812
50 187 28623
50 188 8903
50 189 16279
50 190 10305
50 191 40011
50 192 40200
50 193 35911
50 194 21170
50 195 11052
50 196 593
50 197 25828
50 198 19034
50 199 32900
50 200 16982
51 1 8914
51 2 41047
51 3 10627
51 4 32241
51 5 36386
51 6 36469
51 7 28079
51 8 38238
51 9 -2384
51 10 13986
51 11 22797
51 12 18436
51 13 33024
51 14 49774
51 15 46094
51 16 45602
51 17 46157
51 18 29514
51 19 25915
51 20 3755
51 21 34693
51 22 43759
51 23 36860
51 24 21276
51 25 35135
51 26 24033
51 27 19430
51 28 20875
51 29 15900
51 30 1597
51 31 11520
51 32 8927
51 33 2979
51 34 6399
51 35 8100
51 36 36902
51 37 45261
51 38 56657
51 39 33238
51 40 31630
51 41 44725
51 42 47807
51 43 50497
51 44 51307
51 45 39608
51 46 38344
51 47 31062
51 48 23347
51 49 31798
51 50 6972
51 52 24611
51 53 27035
51 54 23127
51 55 35107
51 56 42561
51 57 43774
51 58 30864
51 59 37075
51 60 39095
51 61 45256
51 62 18534
51 63 19221
51 64 17333
51 65 3170
51 66 -3077
51 67 35099
51 68 11110
51 69 15316
51 70 9923
51 71 3013
51 72 34446
51 73 37727
51 74 42009
51 75 39320
51 76 11783
51 77 11214
51 78 9753
51 79 5198
51 80 19980
51 81 -2383
51 82 29549
51 83 36397
51 84 42053
51 85 37816
51 86 44424
51 87 37371
51 88 20398
51 89 28884
51 90 16446
51 91 50217
51 92 44610
51 93 39654
51 94 34059
51 95 36450
51 96 38550
51 97 40415
51 98 44138
51 99 41043
51 100 45319
51 101 10405
51 102 150
51 103 -1348
51 104 41068
51 105 24834
51 106 26047
51 107 24114
51 108 10568
51 109 21952
51 110 34983
51 111 14789
51 112 26445
51 113 44291
51 114 33175
51 115 40559
51 116 13659
51 117 39939
51 118 30298
51 119 52984
51 120 -2755
51 121 15057
51 122 3030
51 123 26042
51 124 35557
51 125 36905
51 126 19025
51 127 18443
51 128 2128
51 129 11265
51 130 25900
51 131 7993
51 132 13077
51 133 41456
51 134 18615
51 135 4983
51 136 13149
51 137 37299
51 138 20562
51 139 39227
51 140 55902
51 141 47538
51 142 50845
51 143 34676
51 144 41358
51 145 42245
51 146 24466
51 147 30866
51 148 18786
51 149 24549
51 150 18936
51 151 40732
51 152 29522
51 153 27826
51 154 17396
51 155 31589
51 156 26298
51 157 3769
51 158 10007
51 159 12490
51 160 3048
51 161 -4678
51 162 10323
51 163 20231
51 164 835
51 165 33073
51 166 30321
51 167 17349
51 168 33161
51 169 8625
51 170 36852
51 171 35714
51 172 45445
51 173 43876
51 174 35816
51 175 26753
51 176 8822
51 177 20412
51 178 37063
51 179 27418
51 180 27502
51 181 6750
51 182 17541
51 183 32943
51 184 12588
51 185 6186
51 186 43416
51 187 38468
51 188 -1851
51 189 13983
51 190 13658
51 191 49140
51 192 49839
51 193 45226
51 194 24883
51 195 21807
51 196 10315
51 197 36700
51 198 30029
51 199 38820
51 200 26937
52 1 12104
52 2 24926
52 3 24380
52 4 30005
52 5 10033
52 6 12744
52 7 7895
52 8 13453
52 9 24048
52 10 12144
52 11 16051
52 12 19766
52 13 13193
52 14 26066
52 15 27909
52 16 19751
52 17 19557
52 18 2998
52 19 12665
52 20 24118
52 21 25689
52 22 33183
52 23 30723
52 24 32091
52 25 38322
52 26 17953
52 27 5170
52 28 13635
52 29 30982
52 30 13778
52 31 2395
52 32 18326
52 33 23282
52 34 29970
52 35 34638
52 36 20091
52 37 21501
52 38 31682
52 39 31218
52 40 19629
52 41 32247
52 42 26597
52 43 29861
52 44 26290
52 45 13771
52 46 15787
52 47 13035
52 48 3493
52 49 20301
52 50 16188
52 51 21171
52 53 13108
52 54 26150
52 55 38594
52 56 36847
52 57 26134
52 58 15559
52 59 12955
52 60 12549
52 61 19214
52 62 8831
52 63 20624
52 64 14440
52 65 28943
52 66 19125
52 67 34298
52 68 20137
52 69 9807
52 70 14158
52 71 29258
52 72 25999
52 73 27487
52 74 32420
52 75 31153
52 76 17806
52 77 21690
52 78 31508
52 79 22806
52 80 27458
52 81 20489
52 82 6463
52 83 9898
52 84 15438
52 85 12687
52 86 18187
52 87 17214
52 88 5683
52 89 4419
52 90 20652
52 91 25310
52 92 21197
52 93 14667
52 94 11489
52 95 13938
52 96 14203
52 97 18404
52 98 19913
52 99 16242
52 100 21284
52 101 10443
52 102 13954
52 103 24594
52 104 16267
52 105 13808
52 106 3175
52 107 14087
52 108 11545
52 109 23699
52 110 30487
52 111 11537
52 112 6527
52 113 17716
52 114 7897
52 115 25053
52 116 21476
52 117 18599
52 118 3832
52 119 28462
52 120 22786
52 121 29455
52 122 16477
52 123 10831
52 124 15144
52 125 11002
52 126 19859
52 127 2803
52 128 20155
52 129 29212
52 130 28506
52 131 19571
52 132 8200
52 133 31441
52 134 26324
52 135 31366
52 136 39752
52 137 19074
52 138 16915
52 139 37601
52 140 30830
52 141 22016
52 142 28816
52 143 20683
52 144 22507
52 145 28328
52 146 5374
52 147 6662
52 148 6765
52 149 20339
52 150 26414
52 151 17319
52 152 14217
52 153 3280
52 154 13749
52 155 29353
52 156 8271
52 157 19749
52 158 23760
52 159 5499
52 160 17426
52 161 21711
52 162 5985
52 163 29714
52 164 25493
52 165 36497
52 166 3932
52 167 2172
52 168 15315
52 169 27579
52 170 38282
52 171 24919
52 172 24925
52 173 17393
52 174 11218
52 175 17454
52 176 8718
52 177 25084
52 178 20951
52 179 25510
52 180 18289
52 181 14536
52 182 1262
52 183 9965
52 184 17755
52 185 25048
52 186 37794
52 187 37361
52 188 20383
52 189 12141
52 190 658
52 191 23930
52 192 25618
52 193 20539
52 194 2961
52 195 20209
52 196 18211
52 197 29923
52 198 23429
52 199 12572
52 200 11325
53 1 15311
53 2 11865
53 3 19113
53 4 14865
53 5 14364
53 6 11633
53 7 23491
53 8 26000
53 9 25423
53 10 24714
53 11 30977
53 12 9015
53 13 4165
53 14 21366
53 15 16717
53 16 20305
53 17 26019
53 18 14617
53 19 28257
53 20 30621
53 21 10084
53 22 18065
53 23 15144
53 24 21542
53 25 23987
53 26 3811
53 27 5846
53 28 5614
53 29 23123
53 30 21532
53 31 14386
53 32 29176
53 33 22169
53 34 26998
53 35 35250
53 36 35312
53 37 17707
53 38 29004
53 39 15774
53 40 4133
53 41 17762
53 42 18474
53 43 20966
53 44 24233
53 45 23964
53 46 29202
53 47 28301
53 48 18740
53 49 35921
53 50 14660
53 51 24091
53 52 13604
53 54 13144
53 55 24614
53 56 21226
53 57 14380
53 58 1423
53 59 10494
53 60 19319
53 61 20969
53 62 23501
53 63 33918
53 64 29374
53 65 32503
53 66 25604
53 67 18825
53 68 11478
53 69 15037
53 70 22757
53 71 32266
53 72 10426
53 73 12075
53 74 17034
53 75 15644
53 76 12062
53 77 15690
53 78 28227
53 79 18641
53 80 17769
53 81 19612
53 82 21017
53 83 19350
53 84 21438
53 85 11827
53 86 19684
53 87 8005
53 88 20335
53 89 8062
53 90 32818
53 91 23537
53 92 17103
53 93 13891
53 94 7163
53 95 8725
53 96 12964
53 97 11933
53 98 17095
53 99 15577
53 100 17735
53 101 17989
53 102 12783
53 103 28193
53 104 15602
53 105 -1415
53 106 18591
53 107 29462
53 108 23704
53 109 11906
53 110 15134
53 111 7584
53 112 905
53 113 21849
53 114 20177
53 115 11626
53 116 14424
53 117 11405
53 118 9790
53 119 25356
53 120 22846
53 121 21754
53 122 22435
53 123 26449
53 124 29925
53 125 21192
53 126 33187
53 127 15357
53 128 27808
53 129 24830
53 130 14998
53 131 29714
53 132 11831
53 133 16209
53 134 14967
53 135 31663
53 136 41388
53 137 7783
53 138 6161
53 139 22283
53 140 28392
53 141 21366
53 142 21676
53 143 36236
53 144 11811
53 145 14309
53 146 8405
53 147 7524
53 148 21432
53 149 5934
53 150 16725
53 151 13225
53 152 81
53 153 18215
53 154 2995
53 155 14213
53 156 2454
53 157 18729
53 158 18493
53 159 19551
53 160 26134
53 161 24573
53 162 14771
53 163 19129
53 164 23866
53 165 22634
53 166 11475
53 167 9690
53 168 30648
53 169 22456
53 170 23297
53 171 9750
53 172 16003
53 173 21634
53 174 23529
53 175 32783
53 176 9924
53 177 13921
53 178 7924
53 179 11089
53 180 2754
53 181 26692
53 182 16709
53 183 7109
53 184 10371
53 185 22359
53 186 22175
53 187 22101
53 188 26304
53 189 24711
53 190 13290
53 191 22566
53 192 22036
53 193 18325
53 194 18496
53 195 6827
53 196 11994
53 197 14304
53 198 7881
53 199 22723
53 200 4483
54 1 22484
54 2 22783
54 3 12434
54 4 2990
54 5 34353
54 6 31607
54 7 40540
54 8 45494
54 9 22355
54 10 35991
54 11 44588
54 12 4634
54 13 22240
54 14 37050
54 15 25916
54 16 39004
54 17 46013
54 18 33983
54 19 44058
54 20 33640
54 21 11483
54 22 18065
54 23 7604
54 24 3258
54 25 5946
54 26 7791
54 27 21223
54 28 16292
54 29 8733
54 30 27732
54 31 27259
54 32 36774
54 33 19113
54 34 17323
54 35 28945
54 36 52994
54 37 35538
54 38 45044
54 39 3204
54 40 14889
54 41 19874
54 42 32573
54 43 32463
54 44 41553
54 45 43972
54 46 48481
54 47 45959
54 48 36499
54 49 51854
54 50 16383
54 51 24627
54 52 31090
54 53 17588
54 55 5896
54 56 13851
54 57 24965
54 58 17537
54 59 29376
54 60 39406
54 61 40284
54 62 37466
54 63 44624
54 64 42165
54 65 28408
54 66 26644
54 67 5126
54 68 912
54 69 25944
54 70 31358
54 71 29207
54 72 8799
54 73 14115
54 74 16325
54 75 12018
54 76 11047
54 77 10250
54 78 19682
54 79 11392
54 80 5906
54 81 15486
54 82 39509
54 83 39318
54 84 41481
54 85 30573
54 86 38345
54 87 23210
54 88 35229
54 89 27932
54 90 42364
54 91 41651
54 92 35303
54 93 32962
54 94 26522
54 95 27221
54 96 32497
54 97 29298
54 98 35337
54 99 34978
54 100 35235
54 101 27469
54 102 12691
54 103 27299
54 104 35003
54 105 12452
54 106 36213
54 107 44224
54 108 34141
54 109 3176
54 110 7929
54 111 15613
54 112 20995
54 113 41445
54 114 39704
54 115 21291
54 116 9396
54 117 29193
54 118 29890
54 119 42175
54 120 18245
54 121 8369
54 122 27724
54 123 42676
54 124 48249
54 125 41190
54 126 44063
54 127 29987
54 128 31808
54 129 16837
54 130 -4144
54 131 36435
54 132 22293
54 133 15316
54 134 -3459
54 135 25421
54 136 35792
54 137 23449
54 138 10633
54 139 9222
54 140 44643
54 141 39460
54 142 35981
54 143 52951
54 144 24761
54 145 19387
54 146 25897
54 147 27622
54 148 35830
54 149 3587
54 150 4862
54 151 31425
54 152 16195
54 153 36350
54 154 7467
54 155 2338
54 156 21969
54 157 17843
54 158 11814
54 159 32607
54 160 31725
54 161 22158
54 162 25784
54 163 1621
54 164 16240
54 165 3743
54 166 31386
54 167 24391
54 168 48184
54 169 11871
54 170 7175
54 171 11053
54 172 29794
54 173 41472
54 174 43141
54 175 47346
54 176 17745
54 177 1058
54 178 18345
54 179 1109
54 180 9262
54 181 35006
54 182 32520
54 183 26929
54 184 7598
54 185 17281
54 186 14391
54 187 8401
54 188 28231
54 189 35988
54 190 27247
54 191 40486
54 192 38831
54 193 36340
54 194 35857
54 195 860
54 196 8508
54 197 9340
54 198 5057
54 199 42652
54 200 22815
55 1 30931
55 2 26359
55 3 19718
55 4 2314
55 5 40849
55 6 38230
55 7 48770
55 8 53101
55 9 29146
55 10 44459
55 11 53072
55 12 13106
55 13 28006
55 14 40681
55 15 27381
55 16 44235
55 17 52424
55 18 41621
55 19 52461
55 20 41388
55 21 14731
55 22 17797
55 23 3219
55 24 5424
55 25 -2490
55 26 15062
55 27 29383
55 28 24480
55 29 12994
55 30 35943
55 31 35732
55 32 44975
55 33 26444
55 34 22182
55 35 34448
55 36 61203
55 37 40564
55 38 48502
55 39 -2657
55 40 20512
55 41 19648
55 42 35974
55 43 34382
55 44 45942
55 45 51125
55 46 56216
55 47 54153
55 48 44651
55 49 60273
55 50 24636
55 51 32240
55 52 39167
55 53 24691
55 54 1529
55 56 11253
55 57 27627
55 58 23490
55 59 35042
55 60 46392
55 61 46017
55 62 45936
55 63 53036
55 64 50634
55 65 34157
55 66 33846
55 67 -2435
55 68 8326
55 69 34421
55 70 39769
55 71 35605
55 72 9862
55 73 16348
55 74 16632
55 75 10759
55 76 19384
55 77 18051
55 78 25406
55 79 18102
55 80 13496
55 81 22422
55 82 47480
55 83 46541
55 84 48050
55 85 35991
55 86 43427
55 87 27549
55 88 43639
55 89 35254
55 90 50727
55 91 46643
55 92 40622
55 93 38654
55 94 32674
55 95 32846
55 96 38635
55 97 34366
55 98 40549
55 99 40962
55 100 39990
55 101 35938
55 102 20680
55 103 34394
55 104 40987
55 105 19465
55 106 44338
55 107 52685
55 108 42577
55 109 11639
55 110 10095
55 111 24063
55 112 28064
55 113 47325
55 114 47288
55 115 24486
55 116 17491
55 117 34599
55 118 36764
55 119 46346
55 120 24756
55 121 13467
55 122 35921
55 123 51036
55 124 56297
55 125 48360
55 126 52487
55 127 38372
55 128 39643
55 129 23306
55 130 23
55 131 44553
55 132 30769
55 133 14763
55 134 1082
55 135 31067
55 136 41345
55 137 28503
55 138 18850
55 139 4024
55 140 48224
55 141 44291
55 142 39241
55 143 61297
55 144 28303
55 145 20509
55 146 33857
55 147 34533
55 148 44278
55 149 10343
55 150 12452
55 151 36744
55 152 22148
55 153 44368
55 154 15684
55 155 1662
55 156 29407
55 157 25674
55 158 19098
55 159 41092
55 160 39771
55 161 28857
55 162 34269
55 163 5853
55 164 21812
55 165 -1914
55 166 38678
55 167 32709
55 168 56396
55 169 17244
55 170 -831
55 171 11908
55 172 33236
55 173 47701
55 174 50682
55 175 55815
55 176 26228
55 177 9274
55 178 21653
55 179 6680
55 180 15168
55 181 43205
55 182 40886
55 183 33412
55 184 15961
55 185 24346
55 186 10967
55 187 2627
55 188 35783
55 189 44456
55 190 35680
55 191 45265
55 192 43069
55 193 41308
55 194 44028
55 195 8554
55 196 16662
55 197 8952
55 198 8148
55 199 49921
55 200 30474
56 1 35769
56 2 16405
56 3 29370
56 4 2016
56 5 34389
56 6 32878
56 7 48325
56 8 49462
56 9 39333
56 10 48107
56 11 55398
56 12 18609
56 13 21365
56 14 29005
56 15 13833
56 16 34888
56 17 45267
56 18 38660
56 19 53077
56 20 49293
56 21 7797
56 22 3839
56 23 -9199
56 24 19200
56 25 8326
56 26 15447
56 27 29913
56 28 26134
56 29 25921
56 30 42106
56 31 38197
56 32 50898
56 33 35768
56 34 34763
56 35 46383
56 36 59895
56 37 31415
56 38 36281
56 39 -7059
56 40 15810
56 41 5330
56 42 24452
56 43 20982
56 44 35217
56 45 45896
56 46 52718
56 47 52949
56 48 43419
56 49 60761
56 50 31303
56 51 40718
56 52 38444
56 53 22327
56 54 10508
56 55 12277
56 57 15733
56 58 18347
56 59 27206
56 60 41285
56 61 37727
56 62 47912
56 63 57274
56 64 53677
56 65 45768
56 66 43054
56 67 -5222
56 68 18028
56 69 37521
56 70 44576
56 71 46350
56 72 -391
56 73 6719
56 74 3980
56 75 -3557
56 76 26048
56 77 26690
56 78 37129
56 79 28614
56 80 23023
56 81 32454
56 82 45476
56 83 41905
56 84 41536
56 85 27308
56 86 33582
56 87 17904
56 88 44888
56 89 31825
56 90 55558
56 91 37116
56 92 32183
56 93 30643
56 94 26345
56 95 25296
56 96 31878
56 97 25724
56 98 31675
56 99 33704
56 100 30224
56 101 40070
56 102 28366
56 103 43954
56 104 33729
56 105 17627
56 106 43388
56 107 54152
56 108 46755
56 109 17797
56 110 7149
56 111 27420
56 112 24554
56 113 39020
56 114 43668
56 115 14057
56 116 25413
56 117 26830
56 118 31367
56 119 35368
56 120 35419
56 121 25762
56 122 42284
56 123 51285
56 124 54328
56 125 43225
56 126 56600
56 127 39692
56 128 47213
56 129 34157
56 130 9431
56 131 50917
56 132 33960
56 133 642
56 134 13356
56 135 42843
56 136 53216
56 137 20746
56 138 21569
56 139 1788
56 140 36158
56 141 34242
56 142 27337
56 143 61036
56 144 17542
56 145 7356
56 146 33176
56 147 29891
56 148 45912
56 149 11295
56 150 21979
56 151 28305
56 152 17005
56 153 42922
56 154 18403
56 155 1364
56 156 27186
56 157 33825
56 158 28750
56 159 43671
56 160 46549
56 161 39140
56 162 37624
56 163 18509
56 164 33688
56 165 11672
56 166 34712
56 167 33825
56 168 55336
56 169 29332
56 170 2835
56 171 -508
56 172 21927
56 173 40405
56 174 46689
56 175 57441
56 176 30456
56 177 17764
56 178 11230
56 179 9314
56 180 12149
56 181 48970
56 182 41482
56 183 27835
56 184 22720
56 185 34239
56 186 -2608
56 187 1699
56 188 44235
56 189 48104
56 190 37460
56 191 35217
56 192 32286
56 193 31794
56 194 43317
56 195 12037
56 196 24257
56 197 -2069
56 198 3311
56 199 45310
56 200 29217
57 1 34951
57 2 3554
57 3 36533
57 4 18122
57 5 17100
57 6 18904
57 7 37846
57 8 34466
57 9 44517
57 10 42923
57 11 47306
57 12 24620
57 13 8098
57 14 8069
57 15 -2929
57 16 14559
57 17 26453
57 18 25845
57 19 42778
57 20 50264
57 21 11747
57 22 8746
57 23 7563
57 24 33482
57 25 27860
57 26 17953
57 27 24786
57 28 24974
57 29 37831
57 30 41039
57 31 32558
57 32 48202
57 33 40945
57 34 44323
57 35 53848
57 36 46463
57 37 11881
57 38 15666
57 39 13941
57 40 12689
57 41 4427
57 42 3452
57 43 2389
57 44 14264
57 45 28954
57 46 37153
57 47 40133
57 48 31133
57 49 49392
57 50 33871
57 51 43585
57 52 29385
57 53 17135
57 54 23276
57 55 30305
57 56 17387
57 58 10884
57 59 9309
57 60 25722
57 61 18331
57 62 40224
57 63 51843
57 64 45570
57 65 51737
57 66 45248
57 67 14819
57 68 26987
57 69 34392
57 70 42040
57 71 51534
57 72 7922
57 73 9423
57 74 10945
57 75 9349
57 76 30265
57 77 33133
57 78 45743
57 79 36221
57 80 32499
57 81 38291
57 82 32724
57 83 26386
57 84 23758
57 85 7848
57 86 12852
57 87 -595
57 88 37075
57 89 20127
57 90 51330
57 91 16862
57 92 13752
57 93 12082
57 94 11613
57 95 8725
57 96 15468
57 97 7715
57 98 12315
57 99 16296
57 100 9945
57 101 37300
57 102 31869
57 103 47658
57 104 16321
57 105 15121
57 106 32652
57 107 44886
57 108 42139
57 109 25773
57 110 18953
57 111 27080
57 112 14847
57 113 19258
57 114 28920
57 115 2250
57 116 31624
57 117 10682
57 118 15497
57 119 14382
57 120 41600
57 121 36867
57 122 42057
57 123 40787
57 124 40768
57 125 26455
57 126 51082
57 127 33028
57 128 47400
57 129 42218
57 130 23637
57 131 48933
57 132 31323
57 133 7504
57 134 26689
57 135 50224
57 136 60230
57 137 7487
57 138 23637
57 139 22246
57 140 15443
57 141 13513
57 142 6455
57 143 48861
57 144 -2047
57 145 494
57 146 25971
57 147 16672
57 148 38165
57 149 17159
57 150 31455
57 151 9874
57 152 9542
57 153 31740
57 154 20471
57 155 17470
57 156 19477
57 157 37755
57 158 35913
57 159 36849
57 160 45595
57 161 43877
57 162 33786
57 163 31613
57 164 41880
57 165 28983
57 166 21113
57 167 28105
57 168 42760
57 169 39085
57 170 23741
57 171 2479
57 172 991
57 173 21862
57 174 31043
57 175 48315
57 176 29571
57 177 27501
57 178 -2209
57 179 19691
57 180 12748
57 181 45302
57 182 32284
57 183 13957
57 184 27847
57 185 40604
57 186 17247
57 187 22243
57 188 45948
57 189 42920
57 190 31095
57 191 14529
57 192 11350
57 193 11602
57 194 32794
57 195 19245
57 196 29701
57 197 11936
57 198 11373
57 199 29563
57 200 23206
58 1 20409
58 2 6778
58 3 23179
58 4 13695
58 5 13719
58 6 11296
58 7 26840
58 8 27517
58 9 30240
58 10 29406
58 11 35118
58 12 12057
58 13 1028
58 14 17353
58 15 11631
58 16 17833
58 17 25260
58 18 16642
58 19 31818
58 20 35718
58 21 7300
58 22 13951
58 23 11841
58 24 23622
58 25 23518
58 26 5598
58 27 10662
58 28 10486
58 29 26217
58 30 26611
58 31 19022
58 32 34135
58 33 26832
58 34 31132
58 35 39882
58 36 37942
58 37 14547
58 38 25216
58 39 13726
58 40 1548
58 41 13172
58 42 13891
58 43 16081
58 44 20900
58 45 24495
58 46 30789
58 47 31050
58 48 21563
58 49 39265
58 50 19499
58 51 29084
58 52 17219
58 53 2587
58 54 14257
58 55 24577
58 56 18410
58 57 9293
58 59 8163
58 60 19711
58 61 19090
58 62 27710
58 63 38556
58 64 33538
58 65 37393
58 66 30688
58 67 16569
58 68 14716
58 69 20061
58 70 27774
58 71 37164
58 72 7264
58 73 8465
58 74 13310
58 75 12169
58 76 16399
58 77 19732
58 78 32406
58 79 22806
58 80 20669
58 81 24244
58 82 23512
58 83 20177
58 84 20933
58 85 9376
58 86 17201
58 87 3508
58 88 24485
58 89 9811
58 90 37625
58 91 20613
58 92 14170
58 93 11754
58 94 5508
58 95 6013
58 96 11476
58 97 8396
58 98 14224
58 99 13857
58 100 14411
58 101 23008
58 102 17570
58 103 33175
58 104 13882
58 105 1080
58 106 21771
58 107 33319
58 108 28475
58 109 14237
58 110 13740
58 111 12559
58 112 2632
58 113 20307
58 114 21708
58 115 6593
58 116 18328
58 117 8086
58 118 9938
58 119 21776
58 120 27520
58 121 24970
58 122 27534
58 123 29919
58 124 32330
58 125 21771
58 126 37812
58 127 19776
58 128 32904
58 129 28924
58 130 15643
58 131 34726
58 132 16898
58 133 12230
58 134 16846
58 135 36277
58 136 46119
58 137 3144
58 138 9945
58 139 20575
58 140 24676
58 141 18466
58 142 17207
58 143 39310
58 144 6877
58 145 9493
58 146 12572
58 147 8012
58 148 25615
58 149 6698
58 150 19625
58 151 10292
58 152 -5018
58 153 21162
58 154 6779
58 155 13043
58 156 5998
58 157 23492
58 158 22559
58 159 23950
58 160 31206
58 161 29484
58 162 19691
58 163 21325
58 164 28257
58 165 22749
58 166 12740
58 167 14337
58 168 33472
58 169 26283
58 170 21993
58 171 5701
58 172 11309
58 173 20541
58 174 24833
58 175 36680
58 176 15016
58 177 16289
58 178 2841
58 179 11278
58 180 1944
58 181 31543
58 182 20496
58 183 6369
58 184 14359
58 185 26796
58 186 19239
58 187 20484
58 188 31388
58 189 29403
58 190 17781
58 191 19545
58 192 18420
58 193 15328
58 194 21778
58 195 8349
58 196 16122
58 197 11492
58 198 6015
58 199 23594
58 200 9066
59 1 28888
59 2 13375
59 3 36271
59 4 28004
59 5 826
59 6 6802
59 7 24015
59 8 18407
59 9 40809
59 10 31989
59 11 33976
59 12 26430
59 13 4000
59 14 6184
59 15 10815
59 16 2855
59 17 11091
59 18 11413
59 19 28353
59 20 43201
59 21 20814
59 22 23378
59 23 22470
59 24 38612
59 25 38085
59 26 20488
59 27 17886
59 28 22257
59 29 40583
59 30 33083
59 31 22278
59 32 38250
59 33 38289
59 34 43944
59 35 51142
59 36 30565
59 37 1582
59 38 12612
59 39 26745
59 40 16451
59 41 20266
59 42 7821
59 43 10756
59 44 7311
59 45 12702
59 46 20902
59 47 24553
59 48 15970
59 49 34138
59 50 30505
59 51 38589
59 52 17909
59 53 14952
59 54 29390
59 55 39423
59 56 30563
59 57 11012
59 58 11457
59 60 9865
59 61 4007
59 62 27666
59 63 40022
59 64 31723
59 65 47155
59 66 38359
59 67 28895
59 68 28941
59 69 27055
59 70 33534
59 71 47058
59 72 19601
59 73 20465
59 74 24222
59 75 23191
59 76 29070
59 77 32906
59 78 45163
59 79 35659
59 80 35180
59 81 35749
59 82 17584
59 83 10345
59 84 7645
59 85 -5635
59 86 2244
59 87 1414
59 88 25071
59 89 8440
59 90 40468
59 91 6287
59 92 1846
59 93 -3357
59 94 1289
59 95 -1167
59 96 602
59 97 1313
59 98 110
59 99 93
59 100 1421
59 101 29238
59 102 28687
59 103 42550
59 104 118
59 105 15348
59 106 18964
59 107 30931
59 108 31423
59 109 29053
59 110 28079
59 111 23423
59 112 7628
59 113 5322
59 114 12989
59 115 13593
59 116 31751
59 117 4682
59 118 -461
59 119 8957
59 120 38763
59 121 39218
59 122 35074
59 123 26404
59 124 24991
59 125 10185
59 126 39266
59 127 22604
59 128 39612
59 129 41913
59 130 30741
59 131 39474
59 132 24601
59 133 22015
59 134 31884
59 135 47641
59 136 56900
59 137 8667
59 138 23618
59 139 34131
59 140 11867
59 141 3990
59 142 9275
59 143 33350
59 144 7075
59 145 16018
59 146 17572
59 147 4426
59 148 25856
59 149 21827
59 150 34136
59 151 -2032
59 152 10115
59 153 17955
59 154 20452
59 155 27352
59 156 13074
59 157 34656
59 158 35651
59 159 24823
59 160 37104
59 161 39365
59 162 25085
59 163 36261
59 164 40428
59 165 37672
59 166 6712
59 167 19413
59 168 27287
59 169 39732
59 170 35780
59 171 15932
59 172 6991
59 173 6231
59 174 14819
59 175 34395
59 176 24132
59 177 31113
59 178 8916
59 179 26342
59 180 17035
59 181 34247
59 182 19099
59 183 3000
59 184 27681
59 185 38988
59 186 31003
59 187 34108
59 188 39299
59 189 31986
59 190 20556
59 191 5315
59 192 5895
59 193 1209
59 194 19151
59 195 23403
59 196 29176
59 197 24052
59 198 20181
59 199 13404
59 200 17815
60 1 25174
60 2 22482
60 3 35869
60 4 34267
60 5 -3187
60 6 8535
60 7 14275
60 8 7855
60 9 37334
60 10 23950
60 11 24109
60 12 28429
60 13 10756
60 14 15035
60 15 21571
60 16 6802
60 17 6652
60 18 2090
60 19 17933
60 20 37466
60 21 27788
60 22 32471
60 23 31323
60 24 41268
60 25 43904
60 26 24033
60 27 15600
60 28 22590
60 29 41644
60 30 27090
60 31 15350
60 32 30480
60 33 36017
60 34 42513
60 35 47919
60 36 19876
60 37 11777
60 38 19158
60 39 34242
60 40 22123
60 41 30044
60 42 18539
60 43 21236
60 44 14050
60 45 3889
60 46 10810
60 47 13783
60 48 5289
60 49 23386
60 50 28488
60 51 34544
60 52 11438
60 53 17712
60 54 33355
60 55 44708
60 56 38577
60 57 21360
60 58 16940
60 59 3800
60 61 6187
60 62 18534
60 63 31025
60 64 21430
60 65 42389
60 66 32371
60 67 36927
60 68 30181
60 69 22891
60 70 27489
60 71 42705
60 72 27384
60 73 28329
60 74 32714
60 75 31728
60 76 28768
60 77 32798
60 78 43876
60 79 34771
60 80 36959
60 81 33348
60 82 6967
60 83 -177
60 84 2146
60 85 1022
60 86 4832
60 87 11610
60 88 16753
60 89 5412
60 90 32168
60 91 13610
60 92 12610
60 93 3693
60 94 6860
60 95 7639
60 96 6042
60 97 11577
60 98 9657
60 99 6401
60 100 10744
60 101 23896
60 102 26491
60 103 38042
60 104 6426
60 105 18768
60 106 9565
60 107 20726
60 108 23434
60 109 31787
60 110 34330
60 111 22366
60 112 8964
60 113 4291
60 114 2298
60 115 22766
60 116 32089
60 117 13465
60 118 -9310
60 119 16734
60 120 35893
60 121 40147
60 122 29930
60 123 16049
60 124 14245
60 125 1156
60 126 30299
60 127 16077
60 128 33323
60 129 41135
60 130 35213
60 131 32025
60 132 20985
60 133 31005
60 134 34895
60 135 44590
60 136 53146
60 137 16696
60 138 25235
60 139 41178
60 140 18247
60 141 9337
60 142 19606
60 143 22580
60 144 17369
60 145 25772
60 146 14782
60 147 3728
60 148 17071
60 149 26107
60 150 35915
60 151 8732
60 152 15598
60 153 8660
60 154 22069
60 155 33615
60 156 13454
60 157 32381
60 158 35249
60 159 16039
60 160 30414
60 161 35143
60 162 19430
60 163 38822
60 164 38334
60 165 42770
60 166 -816
60 167 14957
60 168 16520
60 169 39351
60 170 42606
60 171 24642
60 172 17755
60 173 3946
60 174 4672
60 175 24195
60 176 21233
60 177 33673
60 178 18247
60 179 31181
60 180 22147
60 181 25566
60 182 9729
60 183 6225
60 184 28101
60 185 37417
60 186 39258
60 187 41094
60 188 33766
60 189 23947
60 190 13658
60 191 11633
60 192 14333
60 193 9171
60 194 9711
60 195 27031
60 196 29118
60 197 31767
60 198 26630
60 199 3164
60 200 18039
61 1 35160
61 2 21765
61 3 44163
61 4 36956
61 5 -951
61 6 13909
61 7 25199
61 8 15558
61 9 47371
61 10 35130
61 11 34737
61 12 34974
61 13 12973
61 14 5270
61 15 15964
61 16 -4378
61 17 3223
61 18 13271
61 19 27981
61 20 48324
61 21 29725
61 22 31440
61 23 30532
61 24 47387
61 25 47055
61 26 29290
61 27 24644
61 28 30183
61 29 48995
61 30 37984
61 31 26384
61 32 41660
61 33 45417
61 34 51520
61 35 57885
61 36 27222
61 37 6403
61 38 8021
61 39 35418
61 40 25443
61 41 27729
61 42 12423
61 43 13368
61 44 3219
61 45 7416
61 46 16292
61 47 22262
61 48 14868
61 49 32058
61 50 37673
61 51 44793
61 52 22191
61 53 23450
61 54 38321
61 55 48421
61 56 39107
61 57 18057
61 58 20407
61 59 2030
61 60 10275
61 62 29590
61 63 42058
61 64 31469
61 65 53011
61 66 43323
61 67 37315
61 68 37349
61 69 33008
61 70 38365
61 71 53143
61 72 28301
61 73 29180
61 74 32644
61 75 31537
61 76 36929
61 77 40878
61 78 52773
61 79 43392
61 80 43724
61 81 42837
61 82 17009
61 83 8733
61 84 2509
61 85 -6548
61 86 -5784
61 87 9282
61 88 27933
61 89 14161
61 90 43332
61 91 4308
61 92 9808
61 93 -357
61 94 9776
61 95 7833
61 96 7880
61 97 9655
61 98 4120
61 99 6103
61 100 3198
61 101 34526
61 102 35804
61 103 48513
61 104 6128
61 105 24059
61 106 20662
61 107 31045
61 108 34614
61 109 37773
61 110 37044
61 111 30886
61 112 15438
61 113 -3638
61 114 10864
61 115 21891
61 116 39859
61 117 13632
61 118 -14
61 119 6401
61 120 45645
61 121 47582
61 122 40557
61 123 26269
61 124 22404
61 125 5252
61 126 41346
61 127 26972
61 128 44320
61 129 49695
61 130 39718
61 131 43192
61 132 30857
61 133 30132
61 134 40704
61 135 54466
61 136 63360
61 137 17587
61 138 32002
61 139 42934
61 140 7097
61 141 -1768
61 142 11918
61 143 30877
61 144 14472
61 145 23628
61 146 23971
61 147 10746
61 148 28214
61 149 30754
61 150 42680
61 151 5930
61 152 19065
61 153 19802
61 154 28836
61 155 36304
61 156 20713
61 157 41750
61 158 43543
61 159 27164
61 160 41484
61 161 45516
61 162 30139
61 163 45007
61 164 47705
61 165 46672
61 166 9712
61 167 25089
61 168 25251
61 169 47686
61 170 44600
61 171 24275
61 172 12712
61 173 -416
61 174 10865
61 175 34506
61 176 30801
61 177 39820
61 178 17143
61 179 35328
61 180 26008
61 181 36656
61 182 20758
61 183 10795
61 184 35791
61 185 46435
61 186 39428
61 187 42919
61 188 44575
61 189 35127
61 190 24665
61 191 913
61 192 4673
61 193 541
61 194 20783
61 195 32260
61 196 37143
61 197 32739
61 198 29140
61 199 10761
61 200 25506
62 1 16107
62 2 40173
62 3 29924
62 4 42811
62 5 21752
62 6 27609
62 7 6940
62 8 16971
62 9 22355
62 10 1206
62 11 1026
62 12 30127
62 13 28486
62 14 39788
62 15 43130
62 16 31647
62 17 27841
62 18 13821
62 19 1076
62 20 17829
62 21 39900
62 22 47986
62 23 44921
62 24 40269
62 25 49806
62 26 30749
62 27 17721
62 28 25422
62 29 37049
62 30 8502
62 31 1766
62 32 6679
62 33 25382
62 34 31230
62 35 32071
62 36 11950
62 37 35669
62 38 44076
62 39 44353
62 40 34099
62 41 47330
62 42 41452
62 43 44670
62 44 39049
62 45 19091
62 46 14458
62 47 6138
62 48 -620
62 49 8242
62 50 21287
62 51 19544
62 52 13281
62 53 27455
62 54 36976
62 55 49813
62 56 50765
62 57 41423
62 58 30500
62 59 27162
62 60 24095
62 61 31063
62 63 6026
62 64 -592
62 65 22633
62 66 11078
62 67 47376
62 68 28078
62 69 16066
62 70 10910
62 71 24689
62 72 40283
62 73 42041
62 74 46999
62 75 45555
62 76 25465
62 77 28340
62 78 33820
62 79 26874
62 80 36119
62 81 21663
62 82 8027
62 83 18839
62 84 25405
62 85 25858
62 86 28937
62 87 32394
62 88 2953
62 89 19444
62 90 7723
62 91 38502
62 92 35666
62 93 28168
62 94 26522
62 95 28848
62 96 28504
62 97 33327
62 98 33840
62 99 30106
62 100 35160
62 101 11307
62 102 17721
62 103 20580
62 104 30131
62 105 27672
62 106 7366
62 107 328
62 108 191
62 109 34310
62 110 43733
62 111 21163
62 112 21748
62 113 27370
62 114 12864
62 115 40274
62 116 29153
62 117 33727
62 118 15652
62 119 41681
62 120 22245
62 121 35672
62 122 13987
62 123 1089
62 124 11208
62 125 16635
62 126 5299
62 127 8634
62 128 12335
62 129 33251
62 130 39631
62 131 8743
62 132 15237
62 133 46164
62 134 35538
62 135 29383
62 136 35867
62 137 34365
62 138 28362
62 139 50524
62 140 43146
62 141 34276
62 142 43369
62 143 10194
62 144 37764
62 145 43503
62 146 19587
62 147 21501
62 148 -2239
62 149 32951
62 150 35075
62 151 31788
62 152 29158
62 153 10297
62 154 25196
62 155 42159
62 156 23086
62 157 22910
62 158 29304
62 159 -8296
62 160 8895
62 161 17882
62 162 7709
62 163 38229
62 164 25810
62 165 47662
62 166 16916
62 167 12732
62 168 8244
62 169 31518
62 170 50510
62 171 39681
62 172 39952
62 173 28157
62 174 13890
62 175 3415
62 176 15209
62 177 34878
62 178 36208
62 179 37799
62 180 32160
62 181 607
62 182 -4533
62 183 24998
62 184 26183
62 185 28202
62 186 51760
62 187 50163
62 188 14255
62 189 1203
62 190 3042
62 191 36633
62 192 39144
62 193 33950
62 194 5591
62 195 31999
62 196 25575
62 197 43937
62 198 37117
62 199 20085
62 200 25506
63 1 21285
63 2 50335
63 3 33187
63 4 50206
63 5 33145
63 6 38642
63 7 18244
63 8 27517
63 9 20702
63 10 4368
63 11 1026
63 12 36463
63 13 39047
63 14 51160
63 15 53861
63 16 43015
63 17 38780
63 18 25215
63 19 6856
63 20 14132
63 21 48685
63 22 57278
63 23 53378
63 24 44248
63 25 55912
63 26 38702
63 27 26709
63 28 33331
63 29 39772
63 30 8188
63 31 10010
63 32 -877
63 33 26832
63 34 30617
63 35 28670
63 36 16430
63 37 46956
63 38 55449
63 39 51804
63 40 43305
63 41 57036
63 42 52531
63 43 55782
63 44 50449
63 45 29627
63 46 22942
63 47 13035
63 48 8873
63 49 8675
63 50 25524
63 51 19141
63 52 23984
63 53 36782
63 54 43044
63 55 55823
63 56 59037
63 57 51952
63 58 40256
63 59 38428
63 60 35496
63 61 42441
63 62 4936
63 64 -7194
63 65 16051
63 66 4284
63 67 54598
63 68 32587
63 69 23203
63 70 14158
63 71 20224
63 72 49046
63 73 51131
63 74 56044
63 75 54352
63 76 30611
63 77 32460
63 78 34350
63 79 29012
63 80 41030
63 81 22171
63 82 18874
63 83 30120
63 84 36669
63 85 37250
63 86 40162
63 87 43204
63 88 13657
63 89 30372
63 90 793
63 91 49897
63 92 46875
63 93 39534
63 94 37470
63 95 39877
63 96 39737
63 97 44355
63 98 45166
63 99 41423
63 100 46501
63 101 16712
63 102 20882
63 103 17439
63 104 41448
63 105 36533
63 106 18768
63 107 3388
63 108 191
63 109 40602
63 110 51595
63 111 28169
63 112 32038
63 113 38484
63 114 23751
63 115 50352
63 116 33933
63 117 44599
63 118 27053
63 119 53079
63 120 21198
63 121 38645
63 122 15168
63 123 9306
63 124 19615
63 125 27278
63 126 -4141
63 127 18185
63 128 7436
63 129 35254
63 130 45822
63 131 1714
63 132 22293
63 133 55346
63 134 40402
63 135 26566
63 136 31345
63 137 44752
63 138 35688
63 139 57849
63 140 54515
63 141 45660
63 142 54579
63 143 12830
63 144 48430
63 145 53422
63 146 29385
63 147 32536
63 148 8741
63 149 40597
63 150 39986
63 151 42997
63 152 38914
63 153 21694
63 154 32522
63 155 49554
63 156 32965
63 157 25540
63 158 32567
63 159 -482
63 160 4348
63 161 14386
63 162 14369
63 163 42606
63 164 24797
63 165 53681
63 166 28253
63 167 21799
63 168 15315
63 169 33041
63 170 57106
63 171 48960
63 172 50917
63 173 39472
63 174 24020
63 175 5375
63 176 21326
63 177 40495
63 178 46391
63 179 45017
63 180 40824
63 181 -10644
63 182 6845
63 183 35941
63 184 31574
63 185 30024
63 186 60041
63 187 57368
63 188 10127
63 189 4365
63 190 12277
63 191 48033
63 192 50527
63 193 45334
63 194 16991
63 195 39066
63 196 30315
63 197 52382
63 198 45408
63 199 31199
63 200 34939
64 1 35082
64 2 60969
64 3 47534
64 4 63405
64 5 39341
64 6 47643
64 7 25455
64 8 30819
64 9 34754
64 10 17553
64 11 5964
64 12 50086
64 13 49065
64 14 57952
64 15 63337
64 16 48369
64 17 42055
64 18 32718
64 19 8856
64 20 28004
64 21 60896
64 22 69003
64 23 65886
64 24 58557
64 25 69726
64 26 51507
64 27 38685
64 28 46110
64 29 54184
64 30 22609
64 31 22228
64 32 12664
64 33 41254
64 34 44746
64 35 41925
64 36 11260
64 37 54678
64 38 60464
64 39 64998
64 40 55122
64 41 68274
64 42 61072
64 43 64092
64 44 56296
64 45 32209
64 46 22072
64 47 12149
64 48 11930
64 49 379
64 50 39655
64 51 33493
64 52 34040
64 53 48478
64 54 56825
64 55 69661
64 56 71680
64 57 61919
64 58 51478
64 59 46369
64 60 42141
64 61 48092
64 62 14558
64 63 9046
64 65 27148
64 66 16157
64 67 67940
64 68 46764
64 69 36239
64 70 28171
64 71 33160
64 72 61282
64 73 63064
64 74 68022
64 75 66563
64 76 44578
64 77 46680
64 78 48692
64 79 43431
64 80 55124
64 81 36547
64 82 23814
64 83 35592
64 84 41612
64 85 43989
64 86 44233
64 87 52609
64 88 23941
64 89 39774
64 90 15189
64 91 56477
64 92 55054
64 93 46728
64 94 46654
64 95 48768
64 96 47928
64 97 53199
64 98 52647
64 99 49102
64 100 53789
64 101 30291
64 102 35195
64 103 31161
64 104 49127
64 105 48658
64 106 26558
64 107 5868
64 108 14061
64 109 54262
64 110 64502
64 111 41404
64 112 42582
64 113 42244
64 114 27992
64 115 61107
64 116 48020
64 117 53916
64 118 33735
64 119 59387
64 120 35343
64 121 53041
64 122 29560
64 123 13052
64 124 20082
64 125 30198
64 126 9859
64 127 29622
64 128 21043
64 129 49676
64 130 59567
64 131 15123
64 132 35399
64 133 67186
64 134 54539
64 135 40096
64 136 44007
64 137 55054
64 138 48831
64 139 71106
64 140 59485
64 141 51160
64 142 62543
64 143 6670
64 144 58136
64 145 64383
64 146 40600
64 147 41580
64 148 18765
64 149 53608
64 150 54080
64 151 51176
64 152 50136
64 153 29513
64 154 45665
64 155 62753
64 156 44069
64 157 39911
64 158 46914
64 159 10563
64 160 18319
64 161 27863
64 162 27473
64 163 56843
64 164 38875
64 165 67510
64 166 36149
64 167 33679
64 168 14951
64 169 47451
64 170 70738
64 171 60701
64 172 59846
64 173 44624
64 174 26146
64 175 7348
64 176 34860
64 177 54401
64 178 56986
64 179 58286
64 180 53125
64 181 -2675
64 182 15082
64 183 45173
64 184 45491
64 185 44446
64 186 72680
64 187 70692
64 188 23741
64 189 17550
64 190 23929
64 191 53988
64 192 57233
64 193 52147
64 194 24765
64 195 52389
64 196 44400
64 197 64885
64 198 58015
64 199 35876
64 200 46530
65 1 31872
65 2 63518
65 3 29066
65 4 51198
65 5 58809
65 6 59407
65 7 47926
65 8 58582
65 9 9676
65 10 31116
65 11 36645
65 12 39095
65 13 56002
65 14 72793
65 15 68582
65 16 68306
65 17 67881
65 18 51355
65 19 41836
65 20 16502
65 21 55964
65 22 64716
65 23 55860
65 24 35365
65 25 50983
65 26 45729
65 27 42430
65 28 43580
65 29 29025
65 30 20180
65 31 32371
65 32 19283
65 33 22339
65 34 12324
65 35 4490
65 36 52221
65 37 68262
65 38 79604
65 39 50972
65 40 53887
65 41 66048
65 42 70745
65 43 73309
65 44 74225
65 45 60426
65 46 56933
65 47 47953
65 48 41859
65 49 44370
65 50 29333
65 51 17566
65 52 46779
65 53 49843
65 54 41304
65 55 51420
65 56 62007
65 57 66322
65 58 53569
65 59 60037
65 60 61336
65 61 67870
65 62 36019
65 63 30527
65 64 25384
65 66 -4476
65 67 51299
65 68 29333
65 69 38088
65 70 30407
65 71 503
65 72 55215
65 73 59065
65 74 62879
65 75 59588
65 76 33119
65 77 30861
65 78 21357
65 79 21820
65 80 38291
65 81 14448
65 82 49572
65 83 58062
65 84 64118
65 85 60681
65 86 66951
65 87 60290
65 88 40457
65 89 51674
65 90 28894
65 91 73130
65 92 67617
65 93 62527
65 94 57070
65 95 59470
65 96 61471
65 97 63432
65 98 67109
65 99 63925
65 100 68313
65 101 32344
65 102 22021
65 103 8345
65 104 63950
65 105 47317
65 106 46768
65 107 38853
65 108 26567
65 109 41895
65 110 54999
65 111 37587
65 112 49466
65 113 66447
65 114 53897
65 115 62903
65 116 33759
65 117 62950
65 118 52626
65 119 75960
65 120 8892
65 121 29441
65 122 24243
65 123 43187
65 124 53626
65 125 57810
65 126 30998
65 127 40158
65 128 12782
65 129 27086
65 130 43780
65 131 17963
65 132 36003
65 133 62246
65 134 34895
65 135 5055
65 136 3407
65 137 60137
65 138 42527
65 139 57153
65 140 78833
65 141 70350
65 142 73824
65 143 48733
65 144 64118
65 145 64052
65 146 47386
65 147 53740
65 148 37645
65 149 45493
65 150 37247
65 151 63739
65 152 52227
65 153 48965
65 154 39361
65 155 50546
65 156 49319
65 157 25254
65 158 28446
65 159 29717
65 160 15603
65 161 -6
65 162 32154
65 163 35811
65 164 7797
65 165 49672
65 166 52695
65 167 40021
65 168 50120
65 169 21224
65 170 52809
65 171 56920
65 172 68338
65 173 66186
65 174 55879
65 175 41035
65 176 31843
65 177 39239
65 178 59499
65 179 47249
65 180 49368
65 181 12310
65 182 36730
65 183 55929
65 184 33457
65 185 24079
65 186 62632
65 187 56115
65 188 8504
65 189 31113
65 190 34911
65 191 72015
65 192 72833
65 193 68165
65 194 45371
65 195 42297
65 196 30878
65 197 56839
65 198 50738
65 199 60172
65 200 49941
66 1 22170
66 2 55446
66 3 24945
66 4 47109
66 5 47159
66 6 48835
66 7 35010
66 8 45657
66 9 5609
66 10 17903
66 11 23047
66 12 33427
66 13 46569
66 14 62541
66 15 60396
66 16 56953
66 17 55525
66 18 39314
66 19 28257
66 20 4637
66 21 49634
66 22 58720
66 23 51785
66 24 34489
66 25 49266
66 26 38935
66 27 32473
66 28 35281
66 29 28406
66 30 8188
66 31 20205
66 32 5683
66 33 17146
66 34 14203
66 35 8573
66 36 38624
66 37 57874
66 38 68767
66 39 47925
66 40 46261
66 41 59617
66 42 61376
66 43 64334
66 44 63347
66 45 47628
66 46 43527
66 47 34398
66 48 28527
66 49 30941
66 50 21869
66 51 9544
66 52 35186
66 53 41169
66 54 37765
66 55 49334
66 56 57518
66 57 58058
66 58 45089
66 59 49466
66 60 49543
66 61 56407
66 62 22689
66 63 16985
66 64 12618
66 65 -6251
66 67 49468
66 68 25575
66 69 27673
66 70 18566
66 71 -359
66 72 49433
66 73 52646
66 74 56984
66 75 54320
66 76 26783
66 77 25955
66 78 20524
66 79 18641
66 80 34518
66 81 10331
66 82 36616
66 83 45790
66 84 52077
66 85 49725
66 86 55279
66 87 51067
66 88 27773
66 89 40775
66 90 15295
66 91 62289
66 92 57316
66 93 51626
66 94 46888
66 95 49395
66 96 50779
66 97 53584
66 98 56537
66 99 53084
66 100 57848
66 101 21176
66 102 15150
66 103 1431
66 104 53109
66 105 39355
66 106 34174
66 107 25252
66 108 13224
66 109 36885
66 110 49967
66 111 29161
66 112 39599
66 113 54406
66 114 41134
66 115 55057
66 116 28536
66 117 53225
66 118 40915
66 119 65327
66 120 6245
66 121 28056
66 122 13423
66 123 29701
66 124 40185
66 125 45058
66 126 17420
66 127 28373
66 128 -204
66 129 24382
66 130 40492
66 131 4363
66 132 25953
66 133 56433
66 134 32645
66 135 7456
66 136 9905
66 137 51246
66 138 35427
66 139 53936
66 140 67940
66 141 59194
66 142 64217
66 143 35180
66 144 55380
66 145 57003
66 146 36984
66 147 42990
66 148 24599
66 149 39543
66 150 33474
66 151 53438
66 152 43747
66 153 36553
66 154 32261
66 155 46457
66 156 39608
66 157 18729
66 158 24325
66 159 16394
66 160 2408
66 161 -3898
66 162 20748
66 163 33973
66 164 8413
66 165 47367
66 166 41112
66 167 29210
66 168 36574
66 169 20402
66 170 51082
66 171 50645
66 172 59165
66 173 54359
66 174 42832
66 175 27437
66 176 22560
66 177 35132
66 178 51485
66 179 42374
66 180 42325
66 181 -458
66 182 23683
66 183 45578
66 184 27575
66 185 19956
66 186 58354
66 187 53117
66 188 -2817
66 189 17900
66 190 22875
66 191 61032
66 192 62329
66 193 57423
66 194 32688
66 195 36801
66 196 25254
66 197 51697
66 198 45025
66 199 47692
66 200 40508
67 1 47980
67 2 31899
67 3 38070
67 4 12979
67 5 50038
67 6 48468
67 7 63065
67 8 64958
67 9 47585
67 10 61168
67 11 69181
67 12 29896
67 13 37004
67 14 43192
67 15 26791
67 16 50091
67 17 60854
67 18 53982
67 19 67546
67 20 59599
67 21 23110
67 22 18154
67 23 -4479
67 24 23325
67 25 9037
67 26 29051
67 27 44050
67 28 39634
67 29 31089
67 30 53647
67 31 51749
67 32 62677
67 33 44809
67 34 40160
67 35 52581
67 36 75006
67 37 46795
67 38 49773
67 39 -4160
67 40 31026
67 41 18327
67 42 39018
67 43 33706
67 44 49888
67 45 61538
67 46 68228
67 47 68000
67 48 58439
67 49 75344
67 50 42311
67 51 50517
67 52 53156
67 53 37187
67 54 19044
67 55 15850
67 56 12039
67 57 30426
67 58 33767
67 59 42799
67 60 56896
67 61 53196
67 62 61784
67 63 70096
67 64 67198
67 65 52321
67 66 52265
67 68 26597
67 69 50651
67 70 56926
67 71 53996
67 72 15223
67 73 22365
67 74 19381
67 75 11294
67 76 36929
67 77 36187
67 78 43718
67 79 36539
67 80 31682
67 81 40854
67 82 60657
67 83 57491
67 84 57179
67 85 42739
67 86 48543
67 87 33304
67 88 58998
67 89 47161
67 90 68015
67 91 52329
67 92 47714
67 93 46198
67 94 41988
67 95 40931
67 96 47530
67 97 41257
67 98 47100
67 99 49335
67 100 45408
67 101 52747
67 102 38689
67 103 52821
67 104 49360
67 105 32220
67 106 58254
67 107 68303
67 108 59546
67 109 28538
67 110 20556
67 111 40233
67 112 39822
67 113 54437
67 114 59151
67 115 29487
67 116 35396
67 117 42462
67 118 46996
67 119 49945
67 120 43180
67 121 31777
67 122 53656
67 123 65862
67 124 69552
67 125 58862
67 126 69485
67 127 53699
67 128 57794
67 129 41743
67 130 17390
67 131 62396
67 132 47018
67 133 14949
67 134 19520
67 135 49270
67 136 59470
67 137 36397
67 138 34419
67 139 7886
67 140 49792
67 141 49201
67 142 41546
67 143 75855
67 144 32675
67 145 21657
67 146 47766
67 147 45412
67 148 59898
67 149 24365
67 150 30638
67 151 43836
67 152 32425
67 153 57914
67 154 31253
67 155 12327
67 156 42142
67 157 43811
67 158 37450
67 159 57269
67 160 57714
67 161 47290
67 162 50707
67 163 24225
67 164 40037
67 165 16319
67 166 50183
67 167 47829
67 168 70344
67 169 35514
67 170 -1263
67 171 14789
67 172 36681
67 173 56000
67 174 62239
67 175 71532
67 176 42949
67 177 27058
67 178 26629
67 179 21085
67 180 26834
67 181 60899
67 182 55877
67 183 43437
67 184 33470
67 185 42759
67 186 9084
67 187 6290
67 188 54098
67 189 61165
67 190 51300
67 191 50207
67 192 47006
67 193 47025
67 194 58119
67 195 24021
67 196 34501
67 197 13411
67 198 17854
67 199 60901
67 200 43874
68 1 14900
68 2 28137
68 3 2392
68 4 12796
68 5 34317
68 6 31871
68 7 35639
68 8 42627
68 9 12315
68 10 28303
68 11 37371
68 12 2625
68 13 24475
68 14 41172
68 15 32593
68 16 40919
68 17 45791
68 18 31396
68 19 37921
68 20 23924
68 21 18437
68 22 26609
68 23 17536
68 24 3107
68 25 14928
68 26 9962
68 27 17650
68 28 13536
68 29 2512
68 30 18778
68 31 20724
68 32 27743
68 33 9110
68 34 8478
68 35 19374
68 36 47799
68 37 38165
68 38 49067
68 39 13236
68 40 18685
68 41 28175
68 42 37321
68 43 38497
68 44 44647
68 45 42194
68 46 45037
68 47 40935
68 48 31772
68 49 45452
68 50 7834
68 51 14792
68 52 27259
68 53 18104
68 54 3094
68 55 14875
68 56 23553
68 57 30858
68 58 20178
68 59 31109
68 60 38414
68 61 41494
68 62 30750
68 63 36349
68 64 34286
68 65 18619
68 66 16636
68 67 14861
68 69 19653
68 70 23252
68 71 19224
68 72 17096
68 73 21483
68 74 24766
68 75 21182
68 76 3399
68 77 690
68 78 10265
68 79 1447
68 80 -156
68 81 5439
68 82 35587
68 83 37628
68 84 41144
68 85 32443
68 86 40296
68 87 27194
68 88 29324
68 89 26622
68 90 33858
68 91 44095
68 92 37623
68 93 34496
68 94 27769
68 95 29271
68 96 33496
68 97 32160
68 98 37650
68 99 36132
68 100 38130
68 101 20011
68 102 3357
68 103 17262
68 104 36157
68 105 13781
68 106 31867
68 107 37519
68 108 26100
68 109 3984
68 110 16611
68 111 10546
68 112 20784
68 113 42178
68 114 36966
68 115 27073
68 116 868
68 117 31720
68 118 29149
68 119 45605
68 120 8271
68 121 1149
68 122 18763
68 123 36890
68 124 43849
68 125 39396
68 126 35871
68 127 24486
68 128 22182
68 129 7031
68 130 5786
68 131 27225
68 132 16111
68 133 24038
68 134 -1306
68 135 15794
68 136 26151
68 137 26898
68 138 8922
68 139 19267
68 140 48529
68 141 41942
68 142 40728
68 143 47067
68 144 29731
68 145 26829
68 146 22971
68 147 27262
68 148 29485
68 149 8133
68 150 -1200
68 151 33745
68 152 18836
68 153 32466
68 154 5756
68 155 12144
68 156 20991
68 157 8237
68 158 1772
68 159 25524
68 160 22391
68 161 12121
68 162 18858
68 163 1022
68 164 6771
68 165 12827
68 166 29840
68 167 19626
68 168 43091
68 169 3041
68 170 16608
68 171 19073
68 172 34607
68 173 41786
68 174 40381
68 175 40520
68 176 10953
68 177 772
68 178 23936
68 179 8879
68 180 13329
68 181 25948
68 182 26852
68 183 27552
68 184 643
68 185 7231
68 186 24225
68 187 18414
68 188 18363
68 189 28300
68 190 21273
68 191 43106
68 192 42254
68 193 38859
68 194 31290
68 195 4606
68 196 21
68 197 18427
68 198 12713
68 199 40772
68 200 21389
69 1 1344
69 2 27790
69 3 14420
69 4 26220
69 5 20144
69 6 20400
69 7 15259
69 8 23748
69 9 13495
69 10 9646
69 11 17723
69 12 13106
69 13 18032
69 14 33998
69 15 32370
69 16 29334
69 17 30238
69 18 13767
69 19 17410
69 20 15391
69 21 24643
69 22 33448
69 23 29216
69 24 23721
69 25 32801
69 26 14537
69 27 3906
69 28 9173
69 29 21427
69 30 5719
69 31 356
69 32 13214
69 33 12531
69 34 19240
69 35 24071
69 36 27195
69 37 29365
69 38 40575
69 39 27822
69 40 19629
69 41 33558
69 42 32788
69 43 35835
69 44 35181
69 45 24464
69 46 25306
69 47 20377
69 48 11365
69 49 25094
69 50 5792
69 51 10823
69 52 8754
69 53 13488
69 54 19951
69 55 32795
69 56 34871
69 57 30088
69 58 17348
69 59 21048
69 60 22949
69 61 28978
69 62 10563
69 63 18790
69 64 15586
69 65 19199
69 66 10559
69 67 30740
69 68 11478
69 70 6757
69 71 19207
69 72 24971
69 73 27229
69 74 32080
69 75 30267
69 76 8783
69 77 12182
69 78 20852
69 79 12417
69 80 19315
69 81 9719
69 82 15814
69 83 20660
69 84 25967
69 85 21630
69 86 28148
69 87 22558
69 88 8711
69 89 12636
69 90 17202
69 91 34086
69 92 28765
69 93 23476
69 94 18283
69 95 20775
69 96 22440
69 97 24949
69 98 28127
69 99 24876
69 100 29383
69 101 1989
69 102 3316
69 103 14616
69 104 24901
69 105 12686
69 106 11964
69 107 17338
69 108 8284
69 109 17291
69 110 27459
69 111 4214
69 112 10977
69 113 28124
69 114 18359
69 115 27609
69 116 12551
69 117 24599
69 118 14103
69 119 36973
69 120 12070
69 121 19936
69 122 7139
69 123 16286
69 124 23548
69 125 21707
69 126 18118
69 127 4043
69 128 12192
69 129 18835
69 130 22620
69 131 13714
69 132 -1788
69 133 31441
69 134 18669
69 135 20737
69 136 29404
69 137 22982
69 138 11639
69 139 33913
69 140 39794
69 141 31313
69 142 35586
69 143 26504
69 144 27104
69 145 30268
69 146 8405
69 147 14691
69 148 9021
69 149 16486
69 150 18271
69 151 24887
69 152 16006
69 153 13080
69 154 8473
69 155 25568
69 156 11055
69 157 9049
69 158 13800
69 159 5747
69 160 10241
69 161 11558
69 162 -857
69 163 21542
69 164 14723
69 165 30643
69 166 14128
69 167 1089
69 168 22522
69 169 17244
69 170 33614
69 171 25150
69 172 30643
69 173 27663
69 174 21483
69 175 20444
69 176 -1477
69 177 17877
69 178 23855
69 179 21085
69 180 16784
69 181 10908
69 182 6237
69 183 17024
69 184 9325
69 185 14434
69 186 35875
69 187 33491
69 188 11374
69 189 9643
69 190 658
69 191 32964
69 192 33894
69 193 29138
69 194 11182
69 195 15190
69 196 9056
69 197 28228
69 198 21246
69 199 23332
69 200 12177
70 1 4934
70 2 36774
70 3 17404
70 4 34019
70 5 26400
70 6 28227
70 7 16024
70 8 26420
70 9 9730
70 10 2943
70 11 12199
70 12 20112
70 13 26725
70 14 41942
70 15 41269
70 16 36150
70 17 35234
70 18 18727
70 19 14217
70 20 7735
70 21 33361
70 22 42283
70 23 37604
70 24 28258
70 25 39511
70 26 22952
70 27 12751
70 28 17819
70 29 24382
70 30 -2623
70 31 -243
70 32 4276
70 33 12260
70 34 18138
70 35 19962
70 36 25087
70 37 37271
70 38 47981
70 39 35590
70 40 28570
70 41 42501
70 42 41332
70 43 44479
70 44 42565
70 45 28031
70 46 26195
70 47 19013
70 48 11181
70 49 20893
70 50 9246
70 51 6710
70 52 14385
70 53 22488
70 54 26645
70 55 39423
70 56 43206
70 57 39016
70 58 26341
70 59 28807
70 60 28827
70 61 35615
70 62 6687
70 63 11025
70 64 8798
70 65 12798
70 66 2732
70 67 38295
70 68 16357
70 69 8037
70 71 13531
70 72 33629
70 73 36046
70 74 40841
70 75 38893
70 76 14222
70 77 16306
70 78 20668
70 79 13933
70 80 24714
70 81 8517
70 82 17584
70 83 25413
70 84 31507
70 85 28942
70 86 34545
70 87 31245
70 88 8333
70 89 20064
70 90 8851
70 91 41523
70 92 36772
70 93 30859
70 94 26474
70 95 29009
70 96 30090
70 97 33313
70 98 35861
70 99 32339
70 100 37198
70 101 989
70 102 5042
70 103 8944
70 104 32364
70 105 21596
70 106 14322
70 107 12916
70 108 614
70 109 24232
70 110 35625
70 111 12215
70 112 19561
70 113 33844
70 114 21517
70 115 36605
70 116 17609
70 117 33081
70 118 20170
70 119 44600
70 120 9345
70 121 23094
70 122 1058
70 123 14051
70 124 23395
70 125 25372
70 126 10479
70 127 7602
70 128 3841
70 129 20283
70 130 29425
70 131 4714
70 132 6848
70 133 40234
70 134 24126
70 135 17017
70 136 24414
70 137 31853
70 138 19689
70 139 41610
70 140 47147
70 141 38386
70 142 43978
70 143 23254
70 144 35940
70 145 39257
70 146 16691
70 147 22315
70 148 6641
70 149 24615
70 150 23670
70 151 32894
70 152 24999
70 153 16371
70 154 16523
70 155 33367
70 156 19815
70 157 10025
70 158 16784
70 159 870
70 160 1446
70 161 6227
70 162 56
70 163 26461
70 164 12817
70 165 37280
70 166 20324
70 167 8738
70 168 21111
70 169 18473
70 170 40721
70 171 34003
70 172 39293
70 173 33671
70 174 23914
70 175 15736
70 176 5170
70 177 24098
70 178 32841
70 179 28819
70 180 25538
70 181 2175
70 182 5379
70 183 25084
70 184 15176
70 185 15160
70 186 44197
70 187 41094
70 188 4045
70 189 2940
70 190 2262
70 191 40238
70 192 41646
70 193 36682
70 194 13040
70 195 22858
70 196 13989
70 197 36700
70 198 29703
70 199 27567
70 200 21106
71 1 21711
71 2 53266
71 3 19396
71 4 41812
71 5 48980
71 6 49270
71 7 39142
71 8 49688
71 9 -463
71 10 23041
71 11 30085
71 12 29148
71 13 45719
71 14 62562
71 15 58333
71 16 58329
71 17 58408
71 18 41782
71 19 34611
71 20 8062
71 21 45960
71 22 54821
71 23 46553
71 24 27214
71 25 42566
71 26 35599
71 27 32235
71 28 33289
71 29 20894
71 30 11165
71 31 23075
71 32 13146
71 33 12260
71 34 5384
71 35 -844
71 36 45438
71 37 58064
71 38 69461
71 39 42021
71 40 43664
71 41 56064
71 42 60452
71 43 63016
71 44 64106
71 45 51353
71 46 48815
71 47 40461
71 48 33669
71 49 38651
71 50 19051
71 51 7350
71 52 37035
71 53 39547
71 54 32044
71 55 42809
71 56 52530
71 57 56060
71 58 43281
71 59 49881
71 60 51593
71 61 57943
71 62 28016
71 63 24641
71 64 21337
71 65 -9556
71 66 -8643
71 67 42915
71 68 19879
71 69 28037
71 70 21081
71 72 45351
71 73 49054
71 74 52998
71 75 49879
71 76 22986
71 77 21008
71 78 12829
71 79 12392
71 80 28860
71 81 4548
71 82 40771
71 83 48589
71 84 54472
71 85 50600
71 86 57079
71 87 49995
71 88 31514
71 89 41634
71 90 22340
71 91 63014
71 92 57411
71 93 52439
71 94 46858
71 95 49239
71 96 51347
71 97 53172
71 98 56944
71 99 53830
71 100 58124
71 101 22601
71 102 11766
71 103 -1653
71 104 53855
71 105 37052
71 106 37641
71 107 32037
71 108 18812
71 109 32128
71 110 45310
71 111 27291
71 112 39229
71 113 56767
71 114 44835
71 115 52673
71 116 23855
71 117 52682
71 118 42841
71 119 65790
71 120 -755
71 121 20917
71 122 14560
71 123 35477
71 124 45666
71 125 48696
71 126 24859
71 127 30573
71 128 5347
71 129 17836
71 130 34632
71 131 11739
71 132 25867
71 133 52396
71 134 26112
71 135 -1874
71 136 1428
71 137 49842
71 138 32331
71 139 48118
71 140 68704
71 141 60306
71 142 63539
71 143 42423
71 144 53828
71 145 53943
71 146 37259
71 147 43648
71 148 29139
71 149 35532
71 150 27816
71 151 53533
71 152 41939
71 153 39675
71 154 29165
71 155 41160
71 156 39071
71 157 15020
71 158 18776
71 159 21748
71 160 8123
71 161 -10292
71 162 22474
71 163 27188
71 164 -120
71 165 40955
71 166 42878
71 167 30030
71 168 42588
71 169 12840
71 170 44427
71 171 46952
71 172 58043
71 173 56420
71 174 47120
71 175 34395
71 176 21603
71 177 29732
71 178 49253
71 179 37575
71 180 39216
71 181 8497
71 182 28161
71 183 45749
71 184 23422
71 185 14297
71 186 53234
71 187 47168
71 188 101
71 189 23038
71 190 25492
71 191 61928
71 192 62644
71 193 58029
71 194 36334
71 195 32428
71 196 20873
71 197 47148
71 198 40869
71 199 50844
71 200 39672
72 1 30413
72 2 9765
72 3 26392
72 4 2714
72 5 27269
72 6 25668
72 7 41413
72 8 42257
72 9 36012
72 10 42051
72 11 48910
72 12 14649
72 13 14180
72 14 23510
72 15 10039
72 16 28366
72 17 38275
72 18 31507
72 19 46262
72 20 44734
72 21 955
72 22 1918
72 23 -2878
72 24 19431
72 25 12343
72 26 9891
72 27 23459
72 28 20243
72 29 25032
72 30 36930
72 31 31941
72 32 45465
72 33 32265
72 34 33073
72 35 43994
72 36 52795
72 37 24754
72 38 31190
72 39 -458
72 40 8827
72 41 3543
72 42 18797
72 43 16956
72 44 29225
72 45 38714
72 46 45510
72 47 45879
72 48 36368
72 49 53870
72 50 26792
72 51 36592
72 52 31585
72 53 15516
72 54 9445
72 55 14875
72 56 3598
72 57 10257
72 58 11190
72 59 20233
72 60 34081
72 61 30910
72 62 41419
72 63 51272
72 64 47268
72 65 42965
72 66 38958
72 67 1951
72 68 15560
72 69 31610
72 70 38988
72 71 43160
72 73 -415
72 74 71
72 75 -2295
72 76 21860
72 77 23349
72 78 34963
72 79 25918
72 80 20691
72 81 29239
72 82 38367
72 83 34695
72 84 34438
72 85 20555
72 86 27262
72 87 11299
72 88 38305
72 89 24677
72 90 49772
72 91 30617
72 92 25320
72 93 23726
72 94 19165
72 95 18242
72 96 24753
72 97 18874
72 98 24947
72 99 26649
72 100 23782
72 101 34352
72 102 24211
72 103 40204
72 104 26674
72 105 11075
72 106 36424
72 107 47484
72 108 40832
72 109 14493
72 110 4332
72 111 21899
72 112 17449
72 113 32244
72 114 36464
72 115 7593
72 116 21891
72 117 19789
72 118 24172
72 119 29488
72 120 32419
72 121 24458
72 122 37263
72 123 44427
72 124 47195
72 125 36037
72 126 50573
72 127 33207
72 128 42468
72 129 31649
72 130 9176
72 131 45649
72 132 28119
72 133 -555
72 134 12907
72 135 40391
72 136 50707
72 137 13642
72 138 16322
72 139 7122
72 140 30958
72 141 27966
72 142 21958
72 143 54050
72 144 11376
72 145 3214
72 146 26430
72 147 22685
72 148 39376
72 149 6574
72 150 19647
72 151 21442
72 152 9848
72 153 35904
72 154 13156
72 155 2062
72 156 20258
72 157 29839
72 158 25772
72 159 37322
72 160 41494
72 161 35751
72 162 31671
72 163 18018
72 164 31455
72 165 13672
72 166 27514
72 167 27394
72 168 48283
72 169 27565
72 170 8787
72 171 -5320
72 172 16121
72 173 33408
72 174 39478
72 175 50799
72 176 24994
72 177 15371
72 178 4791
72 179 6458
72 180 5714
72 181 43391
72 182 34736
72 183 20627
72 184 18747
72 185 31114
72 186 4376
72 187 7121
72 188 39903
72 189 42048
72 190 31055
72 191 28927
72 192 26295
72 193 25283
72 194 36382
72 195 8107
72 196 20496
72 197 -3150
72 198 -1886
72 199 38101
72 200 22483
73 1 29012
73 2 6723
73 3 26392
73 4 5172
73 5 24121
73 6 22613
73 7 38800
73 8 39255
73 9 35676
73 10 40103
73 11 46630
73 12 14388
73 13 11070
73 14 20785
73 15 8230
73 16 25282
73 17 35113
73 18 28624
73 19 43721
73 20 43703
73 21 -355
73 22 2664
73 23 -200
73 24 20917
73 25 15117
73 26 8787
73 27 21324
73 28 18627
73 29 25984
73 30 35563
73 31 29882
73 32 43896
73 33 31907
73 34 33537
73 35 44072
73 36 49967
73 37 21646
73 38 28577
73 39 2704
73 40 6369
73 41 3445
73 42 16068
73 43 14900
73 44 26305
73 45 35601
73 46 42494
73 47 43088
73 48 33605
73 49 51251
73 50 25942
73 51 35848
73 52 29048
73 53 13140
73 54 10736
73 55 17336
73 56 6683
73 57 7733
73 58 8366
73 59 17072
73 60 31001
73 61 27764
73 62 39152
73 63 49332
73 64 45025
73 65 42790
73 66 38146
73 67 5068
73 68 15922
73 69 29843
73 70 37380
73 71 42838
73 72 -4440
73 74 1381
73 75 130
73 76 21278
73 77 23204
73 78 35247
73 79 26007
73 80 21168
73 81 29007
73 82 35539
73 83 31636
73 84 31285
73 85 17423
73 86 24228
73 87 8225
73 88 35985
73 89 21813
73 90 47983
73 91 27546
73 92 22171
73 93 20569
73 94 16049
73 95 15081
73 96 21606
73 97 15729
73 98 21822
73 99 23489
73 100 20732
73 101 32682
73 102 23538
73 103 39620
73 104 23514
73 105 9024
73 106 33766
73 107 45065
73 108 38969
73 109 14662
73 110 5991
73 111 20487
73 112 14671
73 113 29103
73 114 33472
73 115 4655
73 116 21694
73 117 16627
73 118 21075
73 119 26613
73 120 32257
73 121 25247
73 122 36009
73 123 41853
73 124 44330
73 125 32930
73 126 48618
73 127 30987
73 128 41321
73 129 31826
73 130 10825
73 131 44183
73 132 26412
73 133 642
73 134 14229
73 135 40451
73 136 50707
73 137 10487
73 138 15245
73 139 10213
73 140 28306
73 141 24952
73 142 19317
73 143 51343
73 144 8489
73 145 1816
73 146 24031
73 147 19689
73 148 37084
73 149 6237
73 150 20124
73 151 18293
73 152 7024
73 153 33190
73 154 12079
73 155 4520
73 156 17702
73 157 29248
73 158 25772
73 159 35163
73 160 40169
73 161 35346
73 162 29842
73 163 19267
73 164 31660
73 165 15985
73 166 24545
73 167 25244
73 168 45513
73 169 28071
73 170 11886
73 171 -5563
73 172 13347
73 173 30246
73 174 36440
73 175 48398
73 176 23555
73 177 15921
73 178 1846
73 179 7320
73 180 3999
73 181 41709
73 182 32272
73 183 17562
73 184 18330
73 185 30971
73 186 7363
73 187 10208
73 188 38995
73 189 40100
73 190 28889
73 191 25913
73 192 23388
73 193 22209
73 194 33752
73 195 8107
73 196 20152
73 197 13
73 198 -1328
73 199 35036
73 200 20136
74 1 33218
74 2 9428
74 3 29551
74 4 5172
74 5 27696
74 6 26610
74 7 43218
74 8 43314
74 9 39145
74 10 44530
74 11 51102
74 12 17775
74 13 14945
74 14 22097
74 15 7680
74 16 27824
74 17 38388
74 18 32865
74 19 48159
74 20 47703
74 21 3554
74 22 -1245
74 23 -4437
74 24 22327
74 25 14152
74 26 12778
74 27 25781
74 28 22918
74 29 28100
74 30 39758
74 31 34331
74 32 48193
74 33 35391
74 34 36218
74 35 47156
74 36 54241
74 37 24385
74 38 29546
74 39 -23
74 40 10841
74 41 458
74 42 17475
74 43 14741
74 44 28183
74 45 39354
74 46 46515
74 47 47398
74 48 37938
74 49 55658
74 50 29807
74 51 39644
74 52 33495
74 53 17613
74 54 12460
74 55 17134
74 56 3458
74 57 8769
74 58 12725
74 59 20343
74 60 34900
74 61 30742
74 62 43624
74 63 53759
74 64 49497
74 65 46118
74 66 41998
74 67 1598
74 68 18719
74 69 34208
74 70 41689
74 71 46296
74 72 -4440
74 73 895
74 75 -4074
74 76 24938
74 77 26496
74 78 38122
74 79 29080
74 80 23844
74 81 32382
74 82 39825
74 83 35580
74 84 34795
74 85 20301
74 86 26513
74 87 10876
74 88 40457
74 89 26089
74 90 52366
74 91 30052
74 92 25242
74 93 23726
74 94 19871
74 95 18540
74 96 25225
74 97 18785
74 98 24664
74 99 26926
74 100 23156
74 101 37014
74 102 27275
74 103 43296
74 104 26951
74 105 13451
74 106 38166
74 107 49527
74 108 43374
74 109 17654
74 110 7363
74 111 24688
74 112 19029
74 113 32011
74 114 37552
74 115 7033
74 116 25032
74 117 20070
74 118 24918
74 119 28356
74 120 35570
74 121 27562
74 122 40140
74 123 46281
74 124 48572
74 125 36711
74 126 53048
74 127 35456
74 128 45394
74 129 34811
74 130 12059
74 131 48433
74 132 30754
74 133 -3638
74 134 15884
74 135 43553
74 136 53868
74 137 14130
74 138 19240
74 139 8233
74 140 29377
74 141 27174
74 142 20454
74 143 55706
74 144 10472
74 145 830
74 146 28501
74 147 23802
74 148 41556
74 149 9665
74 150 22800
74 151 21364
74 152 11383
74 153 37563
74 154 16074
74 155 4520
74 156 22152
74 157 32923
74 158 28931
74 159 39628
74 160 44345
74 161 38875
74 162 34231
74 163 21014
74 164 34616
74 165 16088
74 166 28683
74 167 29704
74 168 49838
74 169 30708
74 170 9707
74 171 -7563
74 172 14908
74 173 33540
74 174 40422
74 175 52864
74 176 27777
74 177 18520
74 178 4193
74 179 9596
74 180 8286
74 181 46055
74 182 36730
74 183 21541
74 184 21855
74 185 34265
74 186 3700
74 187 8225
74 188 42912
74 189 44527
74 190 33353
74 191 28147
74 192 25249
74 193 24732
74 194 38163
74 195 11253
74 196 23618
74 197 -1840
74 198 1261
74 199 38963
74 200 24608
75 1 35705
75 2 12955
75 3 30834
75 4 4587
75 5 31290
75 6 30201
75 7 46596
75 8 46901
75 9 40657
75 10 47436
75 11 54258
75 12 19435
75 13 18546
75 14 24967
75 15 9716
75 16 31175
75 17 41930
75 18 36394
75 19 51497
75 20 49841
75 21 6332
75 22 -284
75 23 -7994
75 24 22102
75 25 12262
75 26 15165
75 27 28828
75 28 25606
75 29 28406
75 30 42197
75 31 37323
75 32 50789
75 33 36963
75 34 36939
75 35 48233
75 36 57756
75 37 27823
75 38 32180
75 39 -3014
75 40 14068
75 41 1309
75 42 20472
75 43 16864
75 44 31287
75 45 42958
75 46 50108
75 47 50890
75 48 41412
75 49 59051
75 50 31848
75 51 41544
75 52 36817
75 53 20812
75 54 12742
75 55 15850
75 56 510
75 57 11762
75 58 16173
75 59 23901
75 60 38503
75 61 34224
75 62 46769
75 63 56656
75 64 52627
75 65 47416
75 66 43923
75 67 -1900
75 68 19724
75 69 36984
75 70 44330
75 71 47766
75 72 -2217
75 73 4233
75 74 515
75 76 26783
75 77 27939
75 78 39057
75 79 30247
75 80 24770
75 81 33823
75 82 43332
75 83 39180
75 84 38380
75 85 23765
75 86 29757
75 87 14330
75 88 43639
75 89 29599
75 90 55143
75 91 33405
75 92 28765
75 93 27258
75 94 23476
75 95 22128
75 96 28825
75 97 22313
75 98 28127
75 99 30507
75 100 26493
75 101 39709
75 102 29150
75 103 45029
75 104 30532
75 105 16447
75 106 41571
75 107 52783
75 108 46212
75 109 18977
75 110 8127
75 111 27210
75 112 22481
75 113 35465
75 114 41134
75 115 10521
75 116 26546
75 117 23659
75 118 28523
75 119 31412
75 120 36921
75 121 28056
75 122 42489
75 123 49640
75 124 52103
75 125 40316
75 126 55957
75 127 38565
75 128 47632
75 129 35890
75 130 11978
75 131 50942
75 132 33486
75 133 -3476
75 134 15944
75 135 44655
75 136 55011
75 137 17735
75 138 21548
75 139 5850
75 140 32067
75 141 30411
75 142 23293
75 143 59153
75 144 13763
75 145 3264
75 146 31728
75 147 27372
75 148 44719
75 149 11561
75 150 23726
75 151 24887
75 152 14831
75 153 41000
75 154 18382
75 155 3935
75 156 25472
75 157 34720
75 158 30214
75 159 42694
75 160 46737
75 161 40434
75 162 37050
75 163 21106
75 164 35599
75 165 15057
75 166 32249
75 167 32763
75 168 53319
75 169 31441
75 170 6945
75 171 -4178
75 172 17995
75 173 37090
75 174 44020
75 175 56106
75 176 30303
75 177 19443
75 178 7657
75 179 10575
75 180 11099
75 181 48740
75 182 40012
75 183 25135
75 184 23577
75 185 35645
75 186 255
75 187 5788
75 188 44939
75 189 47433
75 190 36424
75 191 31396
75 192 28365
75 193 28094
75 194 41551
75 195 12815
75 196 25254
75 197 -2189
75 198 3065
75 199 42565
75 200 27796
76 1 7502
76 2 26376
76 3 3017
76 4 16574
76 5 28397
76 6 26424
76 7 28079
76 8 35466
76 9 10265
76 10 21054
76 11 29978
76 12 2485
76 13 20440
76 14 37642
76 15 31384
76 16 35927
76 17 39610
76 18 24451
76 19 30327
76 20 19038
76 21 18844
76 22 27842
76 23 21004
76 24 10722
76 25 21107
76 26 8398
76 27 10768
76 28 7837
76 29 8968
76 30 12502
76 31 13137
76 32 21537
76 33 6538
76 34 10736
76 35 19374
76 36 40188
76 37 33860
76 38 45262
76 39 17894
76 40 16660
76 41 28940
76 42 34503
76 43 36533
76 44 40371
76 45 35370
76 46 37673
76 47 33337
76 48 24213
76 49 37900
76 50 1177
76 51 10544
76 52 20007
76 53 13767
76 54 8308
76 55 21012
76 56 26652
76 57 29215
76 58 16940
76 59 26317
76 60 32080
76 61 36153
76 62 23216
76 63 29452
76 64 27179
76 65 17484
76 66 12923
76 67 20272
76 68 -1522
76 69 12037
76 70 16196
76 71 17410
76 72 18475
76 73 21918
76 74 26064
76 75 23320
76 77 -187
76 78 11957
76 79 2392
76 80 6446
76 81 3822
76 82 28180
76 83 30935
76 84 34998
76 85 27568
76 86 35216
76 87 24084
76 88 21708
76 89 20399
76 90 27127
76 91 39526
76 92 33211
76 93 29490
76 94 22917
76 95 24833
76 96 28327
76 97 28203
76 98 33124
76 99 30978
76 100 33918
76 101 12609
76 102 -1850
76 103 14148
76 104 31003
76 105 10423
76 106 24407
76 107 30001
76 108 19036
76 109 6260
76 110 19024
76 111 3475
76 112 15413
76 113 36461
76 114 29864
76 115 25662
76 116 -442
76 117 27668
76 118 22932
76 119 41584
76 120 7134
76 121 7441
76 122 12512
76 123 29276
76 124 36322
76 125 32576
76 126 28918
76 127 16897
76 128 17021
76 129 8628
76 130 11113
76 131 21261
76 132 8503
76 133 25502
76 134 5884
76 135 15753
76 136 25759
76 137 23736
76 138 5279
76 139 23872
76 140 44635
76 141 37277
76 142 37796
76 143 39462
76 144 27362
76 145 26740
76 146 16234
76 147 21482
76 148 21894
76 149 8568
76 150 5402
76 151 29333
76 152 15598
76 153 25115
76 154 2113
76 155 15922
76 156 15343
76 157 3769
76 158 2397
76 159 18069
76 160 16638
76 161 9872
76 162 11314
76 163 8576
76 164 7646
76 165 18876
76 166 23348
76 167 12214
76 168 35490
76 169 6542
76 170 22439
76 171 19865
76 172 31922
76 173 35958
76 174 33230
76 175 33028
76 176 3344
76 177 5673
76 178 22321
76 179 11557
76 180 12032
76 181 19765
76 182 19237
76 183 22349
76 184 -3204
76 185 6186
76 186 27544
76 187 23238
76 188 13986
76 189 21051
76 190 13658
76 191 38567
76 192 38278
76 193 34362
76 194 23787
76 195 5831
76 196 -3810
76 197 20707
76 198 14039
76 199 33977
76 200 15663
77 1 10288
77 2 29346
77 3 -863
77 4 16857
77 5 32503
77 6 30462
77 7 31730
77 8 39453
77 9 8408
77 10 23482
77 11 32625
77 12 3958
77 13 24151
77 14 41281
77 15 34209
77 16 39915
77 17 43732
77 18 28518
77 19 33485
77 20 19102
77 21 20835
77 22 29549
77 23 21574
77 24 7680
77 25 19846
77 26 11013
77 27 14874
77 28 11819
77 29 5013
77 30 13778
77 31 16316
77 32 22746
77 33 4768
77 34 7091
77 35 16614
77 36 43618
77 37 37683
77 38 48994
77 39 17721
77 40 19629
77 41 30890
77 42 37902
77 43 39661
77 44 44208
77 45 39449
77 46 41537
77 47 36853
77 48 27850
77 49 40886
77 50 3003
77 51 10068
77 52 23984
77 53 17488
77 54 7604
77 55 19772
77 56 27387
77 57 32176
77 58 20366
77 59 30246
77 60 36203
77 61 40195
77 62 26184
77 63 31394
77 64 29374
77 65 15319
77 66 12188
77 67 19623
77 68 -4138
77 69 15529
77 70 18373
77 71 15525
77 72 20057
77 73 23937
77 74 27715
77 75 24569
77 76 -94
77 78 8379
77 79 -1205
77 80 4552
77 81 1586
77 82 32024
77 83 35039
77 84 39119
77 85 31524
77 86 39225
77 87 27549
77 88 25088
77 89 24517
77 90 28879
77 91 43421
77 92 37053
77 93 33468
77 94 26843
77 95 28671
77 96 32326
77 97 31922
77 98 37001
77 99 34978
77 100 37725
77 101 15347
77 102 -1639
77 103 12968
77 104 35003
77 105 13808
77 106 28213
77 107 32909
77 108 21198
77 109 6823
77 110 20020
77 111 7584
77 112 19419
77 113 40555
77 114 33876
77 115 28499
77 116 -1368
77 117 31401
77 118 27053
77 119 45356
77 120 4769
77 121 3496
77 122 13763
77 123 32587
77 124 40011
77 125 36657
77 126 30928
77 127 20509
77 128 17311
77 129 4882
77 130 10383
77 131 22243
77 132 12095
77 133 27096
77 134 3690
77 135 12987
77 136 23202
77 137 27185
77 138 8531
77 139 23716
77 140 48389
77 141 41201
77 142 41242
77 143 42662
77 144 30582
77 145 29061
77 146 20349
77 147 25565
77 148 25062
77 149 10343
77 150 3508
77 151 33175
77 152 19024
77 153 29017
77 154 5365
77 155 16205
77 156 19386
77 157 3323
77 158 -1483
77 159 20853
77 160 17426
77 161 8193
77 162 14369
77 163 5853
77 164 4440
77 165 17696
77 166 27469
77 167 16114
77 168 38991
77 169 2520
77 170 21462
77 171 21758
77 172 35269
77 173 40059
77 174 37218
77 175 35872
77 176 6769
77 177 4893
77 178 25241
77 179 12307
77 180 14667
77 181 20955
77 182 22655
77 183 26343
77 184 -1197
77 185 3466
77 186 28171
77 187 22945
77 188 13673
77 189 23479
77 190 17084
77 191 42462
77 192 42035
77 193 38240
77 194 27539
77 195 7131
77 196 -3574
77 197 21848
77 198 15576
77 199 38065
77 200 19709
78 1 17096
78 2 41323
78 3 5529
78 4 26328
78 5 43331
78 6 41781
78 7 39045
78 8 48241
78 9 1291
78 10 26897
78 11 35976
78 12 15662
78 13 36055
78 14 53242
78 15 46094
78 16 51358
78 17 54169
78 18 38102
78 19 38546
78 20 16309
78 21 32260
78 22 40537
78 23 30902
78 24 10722
78 25 26153
78 26 22952
78 27 25262
78 28 23403
78 29 4408
78 30 14849
78 31 22546
78 32 22187
78 33 3768
78 34 -4880
78 35 5601
78 36 49399
78 37 49469
78 38 60883
78 39 25953
78 40 31630
78 41 42094
78 42 49941
78 43 51669
78 44 55970
78 45 48938
78 46 49427
78 47 43164
78 48 34850
78 49 44931
78 50 10658
78 51 7960
78 52 33155
78 53 29378
78 54 16389
78 55 26480
78 56 37179
78 57 44139
78 58 32393
78 59 41856
78 60 46634
78 61 51443
78 62 31017
78 63 32637
78 64 30739
78 65 5168
78 66 6110
78 67 26507
78 68 4790
78 69 23552
78 70 22088
78 71 6699
78 72 31024
78 73 35333
78 74 38694
78 75 35040
78 76 11403
78 77 7732
78 79 -1951
78 80 13655
78 81 -3269
78 82 40085
78 83 44916
78 84 49669
78 85 43063
78 86 50586
78 87 39575
78 88 31628
78 89 35267
78 90 29862
78 91 55090
78 92 48814
78 93 44956
78 94 38470
78 95 40440
78 96 43765
78 97 43821
78 98 48706
78 99 46406
78 100 49531
78 101 20989
78 102 3519
78 103 6944
78 104 46431
78 105 25837
78 106 36275
78 107 37080
78 108 23752
78 109 17797
78 110 30502
78 111 18358
78 112 30878
78 113 51460
78 114 42874
78 115 40422
78 116 10609
78 117 43287
78 118 37617
78 119 57203
78 120 -3544
78 121 4491
78 122 15606
78 123 38304
78 124 47120
78 125 46171
78 126 32436
78 127 28229
78 128 14742
78 129 2811
78 130 18799
78 131 21125
78 132 20568
78 133 37960
78 134 9884
78 135 2100
78 136 12462
78 137 39212
78 138 20562
78 139 32134
78 140 60255
78 141 52807
78 142 53275
78 143 47540
78 144 42617
78 145 40627
78 146 30751
78 147 36665
78 148 30724
78 149 21827
78 150 12611
78 151 44936
78 152 31051
78 153 37563
78 154 17396
78 155 25676
78 156 30741
78 157 6887
78 158 4909
78 159 25161
78 160 16245
78 161 420
78 162 20690
78 163 10840
78 164 -7104
78 165 24690
78 166 37793
78 167 25209
78 168 45265
78 169 -3653
78 170 28010
78 171 32981
78 172 47310
78 173 50923
78 174 45963
78 175 39802
78 176 15281
78 177 14647
78 178 37198
78 179 22792
78 180 26567
78 181 19713
78 182 29095
78 183 37810
78 184 10839
78 185 2511
78 186 37735
78 187 31097
78 188 9702
78 189 26894
78 190 24106
78 191 54129
78 192 53899
78 193 49941
78 194 35351
78 195 18386
78 196 8332
78 197 32289
78 198 26630
78 199 47722
78 200 31075
79 1 12903
79 2 35736
79 3 -85
79 4 21841
79 5 38036
79 6 36306
79 7 35050
79 8 43718
79 9 3457
79 10 24428
79 11 33683
79 12 10179
79 13 30413
79 14 47591
79 15 40565
79 16 45858
79 17 49030
79 18 33237
79 19 35537
79 20 16502
79 21 26946
79 22 35443
79 23 26567
79 24 8522
79 25 23024
79 26 17382
79 27 20035
79 28 17819
79 29 3188
79 30 13186
79 31 18852
79 32 21537
79 33 1425
79 34 750
79 35 10476
79 36 46153
79 37 43859
79 38 55249
79 39 22066
79 40 26026
79 41 36905
79 42 44288
79 43 46061
79 44 50370
79 45 44155
79 46 45292
79 47 39662
79 48 31031
79 49 42432
79 50 5842
79 51 7350
79 52 28398
79 53 23737
79 54 12044
79 55 23121
79 56 32609
79 57 38562
79 58 26738
79 59 36297
79 60 41474
79 61 46007
79 62 28016
79 63 31244
79 64 29423
79 65 9576
79 66 8172
79 67 23273
79 68 -83
79 69 19062
79 70 19298
79 71 10207
79 72 25924
79 73 30038
79 74 33597
79 75 30175
79 76 5783
79 77 2093
79 78 1994
79 80 8889
79 81 -3269
79 82 35826
79 83 39965
79 84 44479
79 85 37529
79 86 45118
79 87 33919
79 88 27885
79 89 29972
79 90 28523
79 91 49516
79 92 43210
79 93 39436
79 94 32901
79 95 34833
79 96 38257
79 97 38182
79 98 43119
79 99 40903
79 100 43917
79 101 17385
79 102 -788
79 103 8707
79 104 40928
79 105 20182
79 106 31978
79 107 34446
79 108 21659
79 109 12584
79 110 25588
79 111 12957
79 112 25351
79 113 46150
79 114 38262
79 115 34868
79 116 4998
79 117 37650
79 118 32410
79 119 51579
79 120 -755
79 121 2251
79 122 13452
79 123 35003
79 124 43283
79 125 41376
79 126 30915
79 127 23972
79 128 14912
79 129 -1189
79 130 14644
79 131 20714
79 132 15903
79 133 32922
79 134 6408
79 135 6866
79 136 17185
79 137 33556
79 138 14909
79 139 28141
79 140 54627
79 141 47255
79 142 47620
79 143 44675
79 144 36985
79 145 35262
79 146 25542
79 147 31259
79 148 27356
79 149 16464
79 150 7845
79 151 39332
79 152 25396
79 153 33080
79 154 11743
79 155 21189
79 156 25239
79 157 2987
79 158 -705
79 159 22362
79 160 15765
79 161 3219
79 162 16875
79 163 7739
79 164 -1907
79 165 21187
79 166 32659
79 167 20420
79 168 41773
79 169 -2776
79 170 24853
79 171 27773
79 172 41663
79 173 45621
79 174 41467
79 175 37276
79 176 10525
79 177 9815
79 178 31624
79 179 17839
79 180 21021
79 181 19504
79 182 25437
79 183 32288
79 184 5190
79 185 -986
79 186 33274
79 187 27219
79 188 10494
79 189 24425
79 190 20116
79 191 48557
79 192 48270
79 193 44358
79 194 31151
79 195 13102
79 196 2675
79 197 27422
79 198 21475
79 199 42859
79 200 25565
80 1 16081
80 2 26723
80 3 4371
80 4 10799
80 5 33934
80 6 31371
80 7 36271
80 8 42843
80 9 14313
80 10 29594
80 11 38571
80 12 1739
80 13 23581
80 14 40044
80 15 31022
80 16 40191
80 17 45481
80 18 31507
80 19 38867
80 20 25776
80 21 16731
80 22 24748
80 23 15537
80 24 2478
80 25 13139
80 26 8787
80 27 17839
80 28 13403
80 29 3402
80 30 20395
80 31 21701
80 32 29398
80 33 11065
80 34 10245
80 35 21310
80 36 48553
80 37 37271
80 38 47981
80 39 11259
80 40 17425
80 41 26353
80 42 36060
80 43 37042
80 44 43706
80 45 42194
80 46 45401
80 47 41637
80 48 32391
80 49 46481
80 50 9246
80 51 16680
80 52 27598
80 53 17413
80 54 1106
80 55 13063
80 56 21566
80 57 29388
80 58 19149
80 59 30366
80 60 38210
80 61 40887
80 62 31809
80 63 37810
80 64 35664
80 65 20595
80 66 18597
80 67 12964
80 68 -7138
80 69 20508
80 70 24627
80 71 21223
80 72 15245
80 73 19747
80 74 22909
80 75 19246
80 76 4385
80 77 2398
80 78 12148
80 79 3437
80 81 7435
80 82 36016
80 83 37580
80 84 40836
80 85 31700
80 86 39578
80 87 26032
80 88 30169
80 89 26424
80 90 35372
80 91 43254
80 92 36772
80 93 33805
80 94 27081
80 95 28448
80 96 32880
80 97 31199
80 98 36815
80 99 35500
80 100 37198
80 101 21196
80 102 5042
80 103 19239
80 104 35525
80 105 12887
80 106 32365
80 107 38598
80 108 27484
80 109 2430
80 110 14692
80 111 10964
80 112 20317
80 113 41684
80 114 37147
80 115 25593
80 116 2053
80 117 30801
80 118 28895
80 119 44600
80 120 10269
80 121 2251
80 122 20372
80 123 37748
80 124 44409
80 125 39396
80 126 37309
80 127 25203
80 128 24007
80 129 8991
80 130 3818
80 131 28930
80 132 16923
80 133 22154
80 134 -2713
80 135 17738
80 136 28102
80 137 25789
80 138 8397
80 139 17284
80 140 47466
80 141 41112
80 142 39479
80 143 47975
80 144 28406
80 145 25120
80 146 23054
80 147 26883
80 148 30446
80 149 6574
80 150 -3200
80 151 32894
80 152 17807
80 153 32858
80 154 5231
80 155 10147
80 156 20649
80 157 10025
80 158 3751
80 159 26670
80 160 24127
80 161 14120
80 162 19910
80 163 136
80 164 8678
80 165 10990
80 166 29726
80 167 20131
80 168 43806
80 169 4754
80 170 14762
80 171 17270
80 172 33327
80 173 41352
80 174 40584
80 175 41629
80 176 11893
80 177 -1165
80 178 22489
80 179 6983
80 180 11973
80 181 27619
80 182 27659
80 183 26977
80 184 1268
80 185 9224
80 186 22230
80 187 16444
80 188 20267
80 189 29591
80 190 22111
80 191 42245
80 192 41244
80 193 38001
80 194 31839
80 195 3009
80 196 1261
80 197 16492
80 198 10904
80 199 40772
80 200 21106
81 1 11738
81 2 39782
81 3 5309
81 4 27770
81 5 38989
81 6 38010
81 7 33224
81 8 42778
81 9 -2709
81 10 20591
81 11 29652
81 12 15061
81 13 33233
81 14 50416
81 15 44800
81 16 47550
81 17 49465
81 18 33078
81 19 32303
81 20 10559
81 21 31923
81 22 40715
81 23 32521
81 24 14729
81 25 29344
81 26 21749
81 27 21039
81 28 20426
81 29 8968
81 30 8532
81 31 16629
81 32 16123
81 33 -1404
81 34 170
81 35 6049
81 36 43198
81 37 46254
81 38 57780
81 39 28238
81 40 30075
81 41 42012
81 42 47654
81 43 49869
81 44 52633
81 45 43730
81 46 43631
81 47 37056
81 48 28898
81 49 38612
81 50 6422
81 51 1755
81 52 28067
81 53 26694
81 54 18124
81 55 29427
81 56 38435
81 57 42618
81 58 30162
81 59 38373
81 60 42037
81 61 47438
81 62 24791
81 63 26389
81 64 24525
81 65 4190
81 66 1848
81 67 29574
81 68 5895
81 69 18350
81 70 15868
81 71 4349
81 72 31231
81 73 35024
81 74 38885
81 75 35737
81 76 9199
81 77 6870
81 78 2662
81 79 -1283
81 80 14873
81 82 34422
81 83 39965
81 84 45087
81 85 39428
81 86 46642
81 87 37194
81 88 25697
81 89 31027
81 90 23616
81 91 51628
81 92 45577
81 93 41277
81 94 35081
81 95 37259
81 96 40078
81 97 40911
81 98 45340
81 99 42679
81 100 46337
81 101 15100
81 102 -1040
81 103 2384
81 104 42704
81 105 23725
81 106 30677
81 107 30777
81 108 17427
81 109 17986
81 110 31171
81 111 14789
81 112 27380
81 113 47092
81 114 37507
81 115 39078
81 116 9738
81 117 40372
81 118 33107
81 119 54050
81 120 -6283
81 121 8333
81 122 9301
81 123 32142
81 124 41163
81 125 40982
81 126 26164
81 127 22682
81 128 9003
81 129 4519
81 130 20786
81 131 15145
81 132 15586
81 133 38273
81 134 12724
81 135 2457
81 136 12345
81 137 36895
81 138 18688
81 139 34285
81 140 57095
81 141 49210
81 142 50881
81 143 41259
81 144 40672
81 145 40033
81 146 26430
81 147 32684
81 148 24616
81 149 21458
81 150 13829
81 151 41699
81 152 28820
81 153 32126
81 154 15522
81 155 27118
81 156 27186
81 157 2110
81 158 4689
81 159 18896
81 160 10215
81 161 -2898
81 162 14895
81 163 14059
81 164 -4587
81 165 27478
81 166 33183
81 167 20255
81 168 39154
81 169 1444
81 170 31167
81 171 32887
81 172 45128
81 173 46569
81 174 40462
81 175 33489
81 176 10525
81 177 15673
81 178 35733
81 179 23438
81 180 25407
81 181 13852
81 182 23097
81 183 34217
81 184 9426
81 185 186
81 186 39167
81 187 33402
81 188 4325
81 189 20588
81 190 18360
81 191 50640
81 192 50802
81 193 46540
81 194 29676
81 195 18304
81 196 6839
81 197 33007
81 198 26749
81 199 42641
81 200 27597
82 1 22949
82 2 33779
82 3 36359
82 4 42030
82 5 9341
82 6 19314
82 7 3827
82 8 2856
82 9 33350
82 10 14730
82 11 11646
82 12 32414
82 13 21572
82 14 27952
82 15 34389
82 16 18609
82 17 13726
82 18 3984
82 19 4856
82 20 30679
82 21 36844
82 22 43227
82 23 41521
82 24 44678
82 25 50728
82 26 30231
82 27 17816
82 28 26260
82 29 43222
82 30 20555
82 31 9309
82 32 20855
82 33 34096
82 34 40756
82 35 43712
82 36 8244
82 37 24918
82 38 30947
82 39 42950
82 40 30727
82 41 41507
82 42 31591
82 43 34382
82 44 26411
82 45 4912
82 46 3330
82 47 1415
82 48 -7765
82 49 10498
82 50 27792
82 51 30279
82 52 10633
82 53 24691
82 54 38739
82 55 51077
82 56 48049
82 57 33643
82 58 26022
82 59 16800
82 60 12248
82 61 18202
82 62 7747
82 63 19684
82 64 8384
82 65 35906
82 66 24725
82 67 45969
82 68 32635
82 69 21037
82 70 21527
82 71 37164
82 72 36951
82 73 38148
82 74 42920
82 75 41838
82 76 30149
82 77 33900
82 78 42608
82 79 34404
82 80 40046
82 81 31014
82 83 5630
82 84 11930
82 85 14000
82 86 15232
82 87 23974
82 88 8711
82 89 12636
82 90 21933
82 91 26477
82 92 25572
82 93 16838
82 94 18283
82 95 19913
82 96 18630
82 97 24170
82 98 22810
82 99 19444
82 100 23868
82 101 19550
82 102 25209
82 103 32663
82 104 19469
82 105 25655
82 106 1964
82 107 7851
82 108 14061
82 109 36333
82 110 42336
82 111 24063
82 112 16754
82 113 13457
82 114 -1305
82 115 34036
82 116 33879
82 117 25432
82 118 3832
82 119 29415
82 120 32662
82 121 41706
82 122 24751
82 123 3077
82 124 2722
82 125 2428
82 126 19046
82 127 12005
82 128 25720
82 129 40823
82 130 41044
82 131 22827
82 132 19820
82 133 41632
82 134 38967
82 135 40704
82 136 48147
82 137 27719
82 138 29528
82 139 49486
82 140 29986
82 141 21366
82 142 32758
82 143 9992
82 144 29688
82 145 37316
82 146 17759
82 147 13510
82 148 7405
82 149 32611
82 150 39002
82 151 21694
82 152 24680
82 153 3280
82 154 26362
82 155 41378
82 156 19658
82 157 30835
82 158 35739
82 159 5747
82 160 22407
82 161 29965
82 162 15067
82 163 42319
82 164 35849
82 165 48998
82 166 7242
82 167 14337
82 168 3928
82 169 39235
82 170 50427
82 171 35125
82 172 30643
82 173 14877
82 174 162
82 175 11312
82 176 20419
82 177 37732
82 178 29683
82 179 37822
82 180 29944
82 181 14415
82 182 -698
82 183 17024
82 184 30253
82 185 36298
82 186 48915
82 187 49301
82 188 27119
82 189 14727
82 190 8339
82 191 24063
82 192 27233
82 193 22156
82 194 1234
82 195 32699
82 196 30536
82 197 41112
82 198 35027
82 199 6248
82 200 23335
83 1 26419
83 2 26723
83 3 38082
83 4 38155
83 5 -588
83 6 12629
83 7 12314
83 8 3664
83 9 38302
83 10 22899
83 11 21600
83 12 31470
83 13 14945
83 14 17971
83 15 25568
83 16 8614
83 17 5405
83 18 2090
83 19 14878
83 20 37466
83 21 31838
83 22 36703
83 23 35531
83 24 44297
83 25 47663
83 26 27529
83 27 17839
83 28 25403
83 29 44217
83 30 27090
83 31 15218
83 32 29398
83 33 37553
83 34 44203
83 35 48884
83 36 15801
83 37 15487
83 38 21015
83 39 38296
83 40 26061
83 41 34284
83 42 22378
83 43 24832
83 44 16364
83 45 246
83 46 6571
83 47 9938
83 48 1883
83 49 19667
83 50 30274
83 51 35361
83 52 12302
83 53 21258
83 54 36782
83 55 48372
83 56 42712
83 57 25539
83 58 20921
83 59 7795
83 60 3338
83 61 8160
83 62 16793
83 63 29164
83 64 18396
83 65 42630
83 66 32133
83 67 41037
83 68 32910
83 69 24117
83 70 27590
83 71 43216
83 72 31513
83 73 32479
83 74 36909
83 75 35920
83 76 31138
83 77 35149
83 78 45673
83 79 36777
83 80 39844
83 81 34791
83 82 3864
83 84 2146
83 85 4113
83 86 5687
83 87 15795
83 88 15837
83 89 8523
83 90 30803
83 91 16505
83 92 16610
83 93 7244
83 94 11078
83 95 11862
83 96 10246
83 97 15729
83 98 13267
83 99 10387
83 100 14129
83 101 24448
83 102 28150
83 103 38559
83 104 10412
83 105 22349
83 106 8171
83 107 17899
83 108 22361
83 109 34983
83 110 38240
83 111 24688
83 112 12542
83 113 4291
83 114 -1751
83 115 27007
83 116 34606
83 117 17704
83 118 -5310
83 119 19377
83 120 37099
83 121 42701
83 122 30368
83 123 13127
83 124 10275
83 125 -2543
83 126 28474
83 127 16388
83 128 33036
83 129 43165
83 130 38742
83 131 31122
83 132 22430
83 133 35231
83 134 38054
83 135 45644
83 136 53868
83 137 20918
83 138 28281
83 139 45170
83 140 20064
83 141 11348
83 142 23168
83 143 18729
83 144 21550
83 145 30011
83 146 17082
83 147 7565
83 148 15694
83 149 29703
83 150 38800
83 151 12732
83 152 19579
83 153 7585
83 154 25115
83 155 37503
83 156 16689
83 157 33982
83 158 37462
83 159 14528
83 160 29955
83 161 35751
83 162 19910
83 163 41853
83 164 39797
83 165 46401
83 166 1783
83 167 16337
83 168 12758
83 169 41468
83 170 46541
83 171 28856
83 172 21741
83 173 4948
83 174 438
83 175 21361
83 176 22860
83 177 36783
83 178 22489
83 179 34838
83 180 25960
83 181 23838
83 182 7971
83 183 10351
83 184 30685
83 185 39198
83 186 43416
83 187 45073
83 188 33835
83 189 22896
83 190 13658
83 191 14013
83 192 17255
83 193 12249
83 194 8189
83 195 30463
83 196 31526
83 197 35878
83 198 30592
83 199 -1003
83 200 21106
84 1 31858
84 2 25508
84 3 42483
84 4 39124
84 5 -3536
84 6 13627
84 7 19020
84 8 8495
84 9 43988
84 10 29551
84 11 28135
84 12 34619
84 13 14870
84 14 12330
84 15 21993
84 16 2195
84 17 86
84 18 8110
84 19 21131
84 20 43776
84 21 32218
84 22 35555
84 23 34629
84 24 47406
84 25 49013
84 26 29764
84 27 22258
84 28 28997
84 29 48097
84 30 33389
84 31 21546
84 32 36067
84 33 42725
84 34 49213
84 35 54577
84 36 20223
84 37 11672
84 38 14456
84 39 38496
84 40 27039
84 41 32452
84 42 18474
84 43 20124
84 44 10169
84 45 786
84 46 9527
84 47 15192
84 48 7945
84 49 24987
84 50 35187
84 51 41159
84 52 17984
84 53 23488
84 54 39087
84 55 50023
84 56 42485
84 57 23053
84 58 21819
84 59 5237
84 60 5803
84 61 2078
84 62 23501
84 63 35855
84 64 24558
84 65 48828
84 66 38562
84 67 40867
84 68 36568
84 69 29566
84 70 33826
84 71 49241
84 72 31398
84 73 32270
84 74 36266
84 75 35262
84 76 35343
84 77 39371
84 78 50568
84 79 41433
84 80 43242
84 81 40055
84 82 10306
84 83 2288
84 85 -724
84 86 -1019
84 87 13595
84 88 22435
84 89 11881
84 90 37504
84 91 11126
84 92 13823
84 93 3542
84 94 10982
84 95 10485
84 96 9145
84 97 13518
84 98 9310
84 99 8153
84 100 9478
84 101 30411
84 102 33198
84 103 44575
84 104 8178
84 105 24440
84 106 14832
84 107 24284
84 108 29021
84 109 37822
84 110 39160
84 111 28977
84 112 14847
84 113 -2224
84 114 3909
84 115 25748
84 116 38598
84 117 16488
84 118 -3985
84 119 13467
84 120 42584
84 121 46614
84 122 36419
84 123 19503
84 124 15333
84 125 -1552
84 126 35170
84 127 22467
84 128 39477
84 129 47791
84 130 40790
84 131 37757
84 132 27685
84 133 34179
84 134 40924
84 135 51263
84 136 59750
84 137 20334
84 138 31451
84 139 45676
84 140 13494
84 141 4988
84 142 18534
84 143 23810
84 144 19186
84 145 28214
84 146 21443
84 147 9518
84 148 22384
84 149 31653
84 150 42198
84 151 9945
84 152 20477
84 153 14160
84 154 28285
84 155 38472
84 156 19658
84 157 39089
84 158 41863
84 159 21233
84 160 36459
84 161 41708
84 162 25912
84 163 44968
84 164 45042
84 165 48150
84 166 5892
84 167 21643
84 168 18191
84 169 45983
84 170 47249
84 171 28027
84 172 18339
84 173 -1539
84 174 3867
84 175 27736
84 176 27941
84 177 39775
84 178 21093
84 179 36582
84 180 27332
84 181 30538
84 182 14679
84 183 11062
84 184 34585
84 185 44113
84 186 43010
84 187 45629
84 188 40113
84 189 29548
84 190 19912
84 191 7949
84 192 11697
84 193 7138
84 194 14874
84 195 32802
84 196 35675
84 197 35842
84 198 31343
84 199 3832
84 200 24342
85 1 33669
85 2 17370
85 3 41586
85 4 32821
85 5 403
85 6 11633
85 7 26280
85 8 18293
85 9 45743
85 10 35378
85 11 36150
85 12 31815
85 13 9263
85 14 2994
85 15 11814
85 16 -2525
85 17 7604
85 18 13821
85 19 29869
85 20 47558
85 21 25552
85 22 26978
85 23 26065
85 24 43953
85 25 42945
85 26 25832
85 27 22799
85 28 27558
85 29 45968
85 30 37321
85 31 26087
85 32 41818
85 33 43402
85 34 49196
85 35 56150
85 36 30356
85 37 1931
85 38 8021
85 39 31063
85 40 21612
85 41 23264
85 42 8258
85 43 9909
85 44 2603
85 45 11052
85 46 19822
85 47 24941
85 48 17000
85 49 34725
85 50 35617
85 51 43380
85 52 21691
85 53 20335
85 54 34637
85 55 44422
85 56 34715
85 57 13601
85 58 16720
85 59 -1585
85 60 11137
85 61 -521
85 62 30412
85 63 42894
85 64 33393
85 65 51849
85 66 42668
85 67 32885
85 68 34325
85 69 31687
85 70 37719
85 71 51827
85 72 23973
85 73 24866
85 74 28230
85 75 27105
85 76 34371
85 77 38234
85 78 50420
85 79 40941
85 80 40564
85 81 40854
85 82 18834
85 83 10713
85 84 5734
85 86 -3135
85 87 4843
85 88 28251
85 89 12758
85 90 43755
85 91 1639
85 92 5610
85 93 -3529
85 94 6638
85 95 4053
85 96 5250
85 97 5368
85 98 -334
85 99 3514
85 100 -815
85 101 33609
85 102 33788
85 103 47261
85 104 3539
85 105 20721
85 106 21459
85 107 32738
85 108 34849
85 109 34416
85 110 32943
85 111 28606
85 112 12850
85 113 693
85 114 13260
85 115 17474
85 116 37102
85 117 9644
85 118 735
85 119 4843
85 120 43807
85 121 44601
85 122 39559
85 123 28027
85 124 25168
85 125 8744
85 126 42156
85 127 26502
85 128 43790
85 129 47207
85 130 35917
85 131 43192
85 132 29356
85 133 25673
85 134 37209
85 135 52675
85 136 61813
85 137 13487
85 138 28997
85 139 38646
85 140 7200
85 141 -1238
85 142 8275
85 143 33686
85 144 9999
85 145 19156
85 146 22316
85 147 8936
85 148 28804
85 149 27090
85 150 39520
85 151 1732
85 152 15378
85 153 20492
85 154 25831
85 155 32169
85 156 18263
85 157 39752
85 158 40966
85 159 27796
85 160 41126
85 161 44154
85 162 29341
85 163 41613
85 164 45598
85 165 42715
85 166 9578
85 167 23892
85 168 27824
85 169 45063
85 170 40318
85 171 19848
85 172 8362
85 173 3271
85 174 14065
85 175 36207
85 176 29055
85 177 36477
85 178 12716
85 179 31500
85 180 22239
85 181 37339
85 182 21657
85 183 8136
85 184 33031
85 185 44196
85 186 35006
85 187 38636
85 188 43727
85 189 35375
85 190 24347
85 191 316
85 192 2295
85 193 -2862
85 194 21627
85 195 28717
85 196 34501
85 197 28401
85 198 25031
85 199 13253
85 200 23033
86 1 45142
86 2 28739
86 3 54015
86 4 44809
86 5 8620
86 6 23778
86 7 33773
86 8 22163
86 9 57359
86 10 44277
86 11 42613
86 12 44455
86 13 21871
86 14 4553
86 15 18860
86 16 -2525
86 17 6045
86 18 22585
86 19 35273
86 20 58063
86 21 37532
86 22 37366
86 23 36152
86 24 56583
86 25 54937
86 26 38469
86 27 34639
86 28 39996
86 29 58590
86 30 47694
86 31 35963
86 32 50805
86 33 55409
86 34 61464
86 35 67880
86 36 31907
86 37 13584
86 38 811
86 39 42262
86 40 34099
86 41 32807
86 42 16333
86 43 13868
86 44 1231
86 45 12284
86 46 20359
86 47 28223
86 48 22021
86 49 37691
86 50 47657
86 51 54752
86 52 31955
86 53 32956
86 54 47173
86 55 56622
86 56 45753
86 57 23369
86 58 29309
86 59 11058
86 60 19711
86 61 5007
86 62 38255
86 63 50570
86 64 38401
86 65 62883
86 66 52986
86 67 43453
86 68 46942
86 69 42969
86 70 48086
86 71 63070
86 72 35444
86 73 36435
86 74 39206
86 75 37861
86 76 46783
86 77 50699
86 78 62707
86 79 53294
86 80 53206
86 81 52832
86 82 24830
86 83 17051
86 84 10203
86 85 1629
86 87 16194
86 88 37125
86 89 24160
86 90 52267
86 91 9522
86 92 18049
86 93 8875
86 94 19228
86 95 16673
86 96 17565
86 97 17526
86 98 11801
86 99 15746
86 100 8713
86 101 44370
86 102 45794
86 103 58427
86 104 15771
86 105 33370
86 106 29579
86 107 38566
86 108 43753
86 109 47062
86 110 45025
86 111 40822
86 112 25236
86 113 -3638
86 114 18162
86 115 28655
86 116 49622
86 117 22136
86 118 9539
86 119 5652
86 120 55645
86 121 57210
86 122 50411
86 123 33831
86 124 28354
86 125 10610
86 126 49895
86 127 36671
86 128 53937
86 129 59585
86 130 48365
86 131 52459
86 132 40843
86 133 36117
86 134 49825
86 135 64465
86 136 73332
86 137 25771
86 138 41602
86 139 50162
86 140 -174
86 141 -2965
86 142 14063
86 143 36280
86 144 20520
86 145 29117
86 146 33971
86 147 20721
86 148 37143
86 149 39654
86 150 52162
86 151 14171
86 152 27967
86 153 28861
86 154 38436
86 155 44157
86 156 30575
86 157 51743
86 158 53395
86 159 35998
86 160 51006
86 161 55456
86 162 39948
86 163 54251
86 164 57690
86 165 54982
86 166 19471
86 167 35038
86 168 31439
86 169 57523
86 170 51811
86 171 30748
86 172 17469
86 173 7668
86 174 16397
86 175 41997
86 176 40800
86 177 49124
86 178 23855
86 179 43940
86 180 34756
86 181 45271
86 182 29439
86 183 20526
86 184 45550
86 185 56394
86 186 45792
86 187 50163
86 188 54347
86 189 44274
86 190 34273
86 191 1975
86 192 5938
86 193 6180
86 194 29633
86 195 41328
86 196 46963
86 197 39786
86 198 37117
86 199 18302
86 200 35366
87 1 30487
87 2 4794
87 3 34493
87 4 20844
87 5 10033
87 6 11960
87 7 30981
87 8 27259
87 9 41221
87 10 36929
87 11 40640
87 12 23217
87 13 2225
87 14 6216
87 15 2944
87 16 9261
87 17 19945
87 18 18791
87 19 35822
87 20 45673
87 21 13600
87 22 14381
87 23 13488
87 24 33977
87 25 30958
87 26 16558
87 27 19713
87 28 21425
87 29 37235
87 30 36058
87 31 26678
87 32 42601
87 33 37970
87 34 42446
87 35 51048
87 36 39255
87 37 5705
87 38 14193
87 39 18499
87 40 11317
87 41 11051
87 42 2663
87 43 5472
87 44 10633
87 45 21916
87 46 29991
87 47 32955
87 48 24012
87 49 42277
87 50 30462
87 51 39721
87 52 23004
87 53 13299
87 54 24060
87 55 32766
87 56 22097
87 57 1944
87 58 7638
87 59 2250
87 60 18511
87 61 12095
87 62 33734
87 63 45634
87 64 38799
87 65 48244
87 66 40796
87 67 20236
87 68 25862
87 69 29401
87 70 36808
87 71 48008
87 72 11503
87 73 12454
87 74 15591
87 75 14456
87 76 27673
87 77 31045
87 78 43718
87 79 34117
87 80 31682
87 81 35406
87 82 25594
87 83 19181
87 84 16839
87 85 1629
87 86 8216
87 88 30687
87 89 13474
87 90 45413
87 91 11515
87 92 6821
87 93 5305
87 94 4678
87 95 1541
87 96 8257
87 97 556
87 98 5991
87 99 9171
87 100 4713
87 101 32160
87 102 28593
87 103 43828
87 104 9196
87 105 12394
87 106 25797
87 107 38051
87 108 36231
87 109 25075
87 110 21124
87 111 23330
87 112 9140
87 113 13333
87 114 21708
87 115 4839
87 116 29638
87 117 3698
87 118 8291
87 119 11167
87 120 38651
87 121 36058
87 122 37396
87 123 33831
87 124 33566
87 125 19386
87 126 44869
87 127 27039
87 128 42556
87 129 40237
87 130 24941
87 131 43502
87 132 26530
87 133 13060
87 134 27133
87 135 47455
87 136 57200
87 137 3144
87 138 21259
87 139 26225
87 140 13726
87 141 8980
87 142 5905
87 143 41699
87 144 -2047
87 145 6815
87 146 20349
87 147 9800
87 148 31720
87 149 16893
87 150 30638
87 151 2943
87 152 6296
87 153 24848
87 154 18093
87 155 20192
87 156 14217
87 157 34540
87 158 33873
87 159 30517
87 160 40483
87 161 40305
87 162 28405
87 163 31824
87 164 39537
87 165 31197
87 166 14025
87 167 22565
87 168 35596
87 169 37567
87 170 27892
87 171 7200
87 172 293
87 173 15184
87 174 23868
87 175 41492
87 176 25271
87 177 27058
87 178 71
87 179 20576
87 180 11944
87 181 39372
87 182 25593
87 183 7109
87 184 25673
87 185 38055
87 186 22359
87 187 26223
87 188 41527
87 189 36926
87 190 25104
87 191 9944
87 192 7834
87 193 6180
87 194 25957
87 195 18849
87 196 27432
87 197 15892
87 198 13239
87 199 22373
87 200 18396
88 1 12169
88 2 33862
88 3 26142
88 4 36956
88 5 16938
88 6 21614
88 7 4321
88 8 14811
88 9 21374
88 10 3825
88 11 7282
88 12 24825
88 13 22240
88 14 34369
88 15 36961
88 16 26927
88 17 24417
88 18 8798
88 19 5457
88 20 18715
88 21 33699
88 22 41691
88 23 38748
88 24 35802
88 25 44352
88 26 24818
88 27 11626
88 28 19616
88 29 33262
88 30 8502
88 31 -2454
88 32 10358
88 33 22768
88 34 29235
88 35 31665
88 36 15157
88 37 30017
88 38 39251
88 39 38439
88 40 27839
88 41 41007
88 42 35502
88 43 38753
88 44 34022
88 45 16597
88 46 14623
88 47 8452
88 48 -150
88 49 13263
88 50 17379
88 51 18314
88 52 7039
88 53 21195
88 54 31645
88 55 44422
88 56 44647
88 57 35180
88 58 24181
88 59 21473
88 60 19220
88 61 26312
88 62 -141
88 63 11653
88 64 5697
88 65 23977
88 66 13068
88 67 41496
88 68 23558
88 69 11120
88 70 9462
88 71 25093
88 72 34075
88 73 35780
88 74 40738
88 75 39331
88 76 20863
88 77 24150
88 78 31337
88 79 23649
88 80 31385
88 81 19475
88 82 5897
88 83 14789
88 84 21245
88 85 20603
88 86 24713
88 87 26253
88 89 13357
88 90 12132
88 91 33262
88 92 29875
88 93 22763
88 94 20458
88 95 22851
88 96 22758
88 97 27329
88 98 28284
88 99 24540
88 100 29641
88 101 7989
88 102 14345
88 103 20580
88 104 24565
88 105 21500
88 106 3035
88 107 5939
88 108 3309
88 109 28975
88 110 37754
88 111 15820
88 112 15438
88 113 23496
88 114 10069
88 115 33956
88 116 24627
88 117 27616
88 118 10714
88 119 36466
88 120 20820
88 121 31804
88 122 12722
88 123 4207
88 124 12120
88 125 13987
88 126 10890
88 127 2629
88 128 13983
88 129 30060
88 130 34228
88 131 11962
88 132 10214
88 133 39881
88 134 30709
88 135 28698
88 136 36064
88 137 28081
88 138 22712
88 139 44658
88 140 38351
88 141 29436
88 142 37572
88 143 14456
88 144 31563
88 145 37180
88 146 13289
88 147 15507
88 148 -2239
88 149 27090
88 150 30341
88 151 25997
88 152 22839
88 153 5557
88 154 19546
88 155 36304
88 156 16767
88 157 19790
88 158 25522
88 159 -3532
88 160 10805
88 161 17882
88 162 3726
88 163 33623
88 164 24143
88 165 42279
88 166 11475
88 167 6719
88 168 10575
88 169 28446
88 170 44854
88 171 33390
88 172 33908
88 173 23763
88 174 12242
88 175 9195
88 176 10555
88 177 29805
88 178 29899
88 179 32048
88 180 26008
88 181 5809
88 182 -5795
88 183 18929
88 184 21393
88 185 25255
88 186 45634
88 187 44332
88 188 15142
88 189 3822
88 190 -2486
88 191 31609
88 192 33793
88 193 28620
88 194 1554
88 195 26347
88 196 21116
88 197 37790
88 198 31028
88 199 16560
88 200 19246
89 1 17390
89 2 17848
89 3 26985
89 4 26420
89 5 4424
89 6 4690
89 7 14151
89 8 14342
89 9 29579
89 10 20199
89 11 23558
89 12 19414
89 13 5715
89 14 18265
89 15 20056
89 16 13082
89 17 15590
89 18 3192
89 19 19169
89 20 31204
89 21 20690
89 22 26994
89 23 25246
89 24 32258
89 25 35689
89 26 15396
89 27 6922
89 28 13536
89 29 32607
89 30 21030
89 31 10266
89 32 26294
89 33 27674
89 34 33949
89 35 40082
89 36 24514
89 37 13614
89 38 24393
89 39 26990
89 40 14630
89 41 25496
89 42 18539
89 43 21801
89 44 18976
89 45 12408
89 46 17587
89 47 17672
89 48 8251
89 49 26239
89 50 19979
89 51 27071
89 52 6046
89 53 9193
89 54 24619
89 55 36308
89 56 31855
89 57 18503
89 58 9778
89 59 5113
89 60 8150
89 61 12811
89 62 16621
89 63 28639
89 64 21801
89 65 35465
89 66 26341
89 67 29930
89 68 21127
89 69 15316
89 70 21464
89 71 35484
89 72 20718
89 73 21879
89 74 26641
89 75 25562
89 76 19825
89 77 23850
89 78 35247
89 79 26007
89 80 27911
89 81 25076
89 82 10093
89 83 7746
89 84 10962
89 85 5381
89 86 12019
89 87 9311
89 88 13628
89 90 28709
89 91 17893
89 92 13211
89 93 7244
89 94 3458
89 95 5878
89 96 6384
89 97 10349
89 98 12156
89 99 8674
89 100 13501
89 101 17237
89 102 18076
89 103 30893
89 104 8699
89 105 10289
89 106 8964
89 107 21137
89 108 19588
89 109 22850
89 110 26582
89 111 13492
89 112 653
89 113 12550
89 114 8516
89 115 18064
89 116 23079
89 117 10641
89 118 -1090
89 119 20910
89 120 27846
89 121 31115
89 122 23162
89 123 17193
89 124 18879
89 125 9621
89 126 27874
89 127 10573
89 128 27546
89 129 32351
89 130 26605
89 131 27449
89 132 13077
89 133 25378
89 134 25941
89 135 36662
89 136 45594
89 137 11805
89 138 16217
89 139 33668
89 140 23589
89 141 15035
89 142 20770
89 143 26074
89 144 14743
89 145 21392
89 146 6182
89 147 -1356
89 148 14624
89 149 17619
89 150 26867
89 151 9333
89 152 8436
89 153 8135
89 154 13051
89 155 25768
89 156 4525
89 157 24009
89 158 26365
89 159 13468
89 160 25021
89 161 27827
89 162 13029
89 163 29811
89 164 29987
89 165 34315
89 166 -189
89 167 7491
89 168 20130
89 169 30499
89 170 34859
89 171 18862
89 172 16908
89 173 12014
89 174 11834
89 175 24559
89 176 13001
89 177 24690
89 178 13815
89 179 22792
89 180 14179
89 181 22598
89 182 8521
89 183 1929
89 184 19075
89 185 28836
89 186 32693
89 187 33529
89 188 27346
89 189 20196
89 190 8566
89 191 16717
89 192 17940
89 193 13006
89 194 9079
89 195 18304
89 196 20152
89 197 24929
89 198 19092
89 199 11079
89 200 9011
90 1 17463
90 2 47883
90 3 28867
90 4 46543
90 5 32652
90 6 37074
90 7 18244
90 8 28343
90 9 16291
90 10 1952
90 11 4144
90 12 32630
90 13 36957
90 14 50155
90 15 51799
90 16 42628
90 17 39225
90 18 24537
90 19 9320
90 20 9835
90 21 45524
90 22 54287
90 23 50004
90 24 39948
90 25 51913
90 26 35309
90 27 23921
90 28 30026
90 29 35368
90 30 3779
90 31 7546
90 32 -4405
90 33 22395
90 34 26176
90 35 24510
90 36 19692
90 37 45729
90 38 55004
90 39 48118
90 40 40378
90 41 54247
90 42 50896
90 43 54159
90 44 49817
90 45 30472
90 46 24962
90 47 15508
90 48 10281
90 49 12671
90 50 21404
90 51 14669
90 52 22315
90 53 33985
90 54 39087
90 55 51817
90 56 55624
90 57 49742
90 58 37628
90 59 37177
90 60 34942
90 61 42018
90 62 4936
90 63 -904
90 64 -2748
90 65 12721
90 66 897
90 67 50820
90 68 28399
90 69 19918
90 70 10287
90 71 16226
90 72 45849
90 73 48085
90 74 52954
90 75 51142
90 76 26589
90 77 28248
90 78 29878
90 79 24594
90 80 36895
90 81 17701
90 82 19426
90 83 30062
90 84 36621
90 85 36414
90 86 40162
90 87 41286
90 88 12439
90 89 28745
90 91 49073
90 92 45501
90 93 38565
90 94 35769
90 95 38250
90 96 38440
90 97 42703
90 98 44043
90 99 40307
90 100 45408
90 101 13144
90 102 16606
90 103 13157
90 104 40332
90 105 33502
90 106 18325
90 107 6286
90 108 -2871
90 109 36735
90 110 48089
90 111 24635
90 112 29822
90 113 38687
90 114 24265
90 115 47838
90 116 29818
90 117 42780
90 118 26460
90 119 52277
90 120 16759
90 121 34266
90 122 10825
90 123 11055
90 124 21579
90 125 28029
90 126 -1018
90 127 15998
90 128 3311
90 129 30826
90 130 41880
90 131 -1961
90 132 18934
90 133 52303
90 134 36227
90 135 22312
90 136 27407
90 137 42498
90 138 32145
90 139 54139
90 140 54094
90 141 45183
90 142 53146
90 143 16442
90 144 46357
90 145 50773
90 146 26989
90 147 30993
90 148 8015
90 149 37076
90 150 35851
90 151 41623
90 152 36286
90 153 21121
90 154 28979
90 155 45891
90 156 30515
90 157 21202
90 158 28247
90 159 -1098
90 160 61
90 161 10185
90 162 11163
90 163 38364
90 164 20370
90 165 49681
90 166 27285
90 167 19176
90 168 17708
90 169 28583
90 170 53196
90 171 45980
90 172 49139
90 173 39290
90 174 25159
90 175 8513
90 176 17659
90 177 36477
90 178 43948
90 179 41343
90 180 37664
90 181 -9706
90 182 6725
90 183 34257
90 184 27575
90 185 25597
90 186 56621
90 187 53623
90 188 5934
90 189 1949
90 190 10071
90 191 47401
90 192 49595
90 193 44427
90 194 16622
90 195 35382
90 196 26206
90 197 49050
90 198 42056
90 199 31431
90 200 32260
91 1 36571
91 2 17823
91 3 44016
91 4 33782
91 5 3341
91 6 14457
91 7 29397
91 8 20968
91 9 48571
91 10 38539
91 11 39235
91 12 33898
91 13 11100
91 14 -48
91 15 10309
91 16 -3751
91 17 8869
91 18 16969
91 19 32856
91 20 50611
91 21 26500
91 22 26914
91 23 25900
91 24 45756
91 25 43914
91 26 27702
91 27 25626
91 28 30026
91 29 48097
91 30 40398
91 31 29220
91 32 44975
91 33 46097
91 34 51732
91 35 58931
91 36 32871
91 37 2558
91 38 4978
91 39 31482
91 40 23135
91 41 22794
91 42 6854
91 43 7550
91 44 -428
91 45 13208
91 46 22072
91 47 27669
91 48 19911
91 49 37471
91 50 38313
91 51 46284
91 52 24817
91 53 22548
91 54 36218
91 55 45577
91 56 35026
91 57 13118
91 58 18460
91 59 840
91 60 14228
91 61 838
91 62 33559
91 63 46044
91 64 36384
91 65 54801
91 66 45735
91 67 32978
91 68 36480
91 69 34646
91 70 40803
91 71 54744
91 72 24538
91 73 25492
91 74 28484
91 75 27248
91 76 36832
91 77 40634
91 78 52950
91 79 43431
91 80 42621
91 81 43557
91 82 21814
91 83 13608
91 84 8087
91 85 -7858
91 86 -4739
91 87 5232
91 88 31413
91 89 15773
91 90 46917
91 92 7226
91 93 -526
91 94 9059
91 95 6013
91 96 8070
91 97 6511
91 98 976
91 99 6459
91 100 -2125
91 101 36650
91 102 36493
91 103 50202
91 104 6484
91 105 22736
91 106 24600
91 107 35771
91 108 38009
91 109 36333
91 110 33985
91 111 31232
91 112 15438
91 113 953
91 114 16059
91 115 17806
91 116 39442
91 117 11248
91 118 3832
91 119 1681
91 120 46560
91 121 46767
91 122 42574
91 123 31040
91 124 27854
91 125 11002
91 126 45307
91 127 29622
91 128 46881
91 129 49676
91 130 37358
91 131 46340
91 132 32266
91 133 25642
91 134 38967
91 135 55437
91 136 64656
91 137 14750
91 138 31217
91 139 39261
91 140 4185
91 141 -3663
91 142 6092
91 143 36367
91 144 9871
91 145 18846
91 146 25220
91 147 11883
91 148 31962
91 149 28737
91 150 41577
91 151 3348
91 152 17118
91 153 23638
91 154 28051
91 155 33130
91 156 20885
91 157 42462
91 158 43396
91 159 30953
91 160 44241
91 161 47061
91 162 32407
91 163 43460
91 164 48237
91 165 43937
91 166 12740
91 167 26895
91 168 30594
91 169 47451
91 170 40927
91 171 20051
91 172 7438
91 173 5310
91 174 16516
91 175 39239
91 176 31883
91 177 38393
91 178 13015
91 179 32934
91 180 23806
91 181 40497
91 182 24795
91 183 10795
91 184 35377
91 185 46792
91 186 35181
91 187 39260
91 188 46762
91 189 38536
91 190 27480
91 191 -2481
91 192 -767
91 193 -4862
91 194 24765
91 195 30477
91 196 36910
91 197 28916
91 198 26076
91 199 15996
91 200 25623
92 1 29887
92 2 11651
92 3 36533
92 4 26831
92 5 2971
92 6 8135
92 7 26067
92 8 20640
92 9 41620
92 10 33714
92 11 36010
92 12 26285
92 13 3489
92 14 4844
92 15 8579
92 16 3316
92 17 12791
92 18 13493
92 19 30495
92 20 44458
92 21 19570
92 22 21535
92 23 20642
92 24 38180
92 25 36950
92 26 20101
92 27 18830
92 28 22610
92 29 40487
92 30 34425
92 31 23867
92 32 39888
92 33 38907
92 34 44323
92 35 51862
92 36 32801
92 37 287
92 38 11815
92 39 25235
92 40 15673
92 41 18247
92 42 5650
92 43 8687
92 44 6770
92 45 14811
92 46 23094
92 47 26783
92 48 18171
92 49 36354
92 50 31147
92 51 39544
92 52 19571
92 53 14981
92 54 28737
92 55 38423
92 56 28960
92 57 8875
92 58 10884
92 59 -4734
92 60 12095
92 61 5205
92 62 29590
92 63 41889
92 64 33828
92 65 48155
92 66 39629
92 67 27230
92 68 28875
92 69 28192
92 70 34919
92 71 48008
92 72 18108
92 73 18984
92 74 22541
92 75 21475
92 76 29384
92 77 33133
92 78 45541
92 79 35992
92 80 35006
92 81 36373
92 82 19776
92 83 12580
92 84 9651
92 85 -5020
92 86 2655
92 87 -595
92 88 26893
92 89 9958
92 90 42212
92 91 6093
92 93 -1885
92 94 1861
92 95 -1561
92 96 2440
92 97 -525
92 98 -334
92 99 2329
92 100 370
92 101 30530
92 102 29334
92 103 43558
92 104 2354
92 105 15121
92 106 20984
92 107 33030
92 108 33129
92 109 28726
92 110 26946
92 111 23990
92 112 8276
92 113 6554
92 114 15225
92 115 11825
92 116 31907
92 117 3698
92 118 1773
92 119 8084
92 120 39455
92 121 39162
92 122 36270
92 123 28538
92 124 27226
92 125 12318
92 126 41130
92 127 24175
92 128 40970
92 129 42218
92 130 29966
92 131 41050
92 132 25642
92 133 20195
92 134 31406
92 135 48335
92 136 57715
92 137 7487
92 138 23637
92 139 32736
92 140 11129
92 141 3952
92 142 7317
92 143 35579
92 144 4977
92 145 14023
92 146 18694
92 147 5922
92 148 27735
92 149 21215
92 150 33962
92 151 -4268
92 152 9542
92 153 19977
92 154 20471
92 155 26179
92 156 13733
92 157 35305
92 158 35913
92 159 26684
92 160 38545
92 161 40305
92 162 26451
92 163 35870
92 164 40948
92 165 36722
92 166 8748
92 167 20686
92 168 29512
92 169 39931
92 170 34403
92 171 14207
92 172 4757
92 173 7991
92 174 17025
92 175 36492
92 176 25010
92 177 30787
92 178 7109
92 179 25543
92 180 16322
92 181 36039
92 182 21082
92 183 3991
92 184 27847
92 185 39464
92 186 29332
92 187 32722
92 188 40509
92 189 33711
92 190 22162
92 191 5093
92 192 4863
92 193 846
92 194 21170
92 195 22909
92 196 29418
92 197 22550
92 198 19034
92 199 15629
92 200 18396
93 1 30843
93 2 16108
93 3 38853
93 4 30986
93 5 -951
93 6 8811
93 7 24073
93 8 17069
93 9 42915
93 10 32828
93 11 34013
93 12 29252
93 13 6987
93 14 5270
93 15 12263
93 16 94
93 17 8321
93 18 11507
93 19 27981
93 20 44785
93 21 23778
93 22 26007
93 23 25114
93 24 41528
93 25 41074
93 26 23408
93 27 19971
93 28 24823
93 29 43364
93 30 34567
93 31 23417
93 32 39227
93 33 40590
93 34 46423
93 35 53325
93 36 29254
93 37 1931
93 38 10795
93 39 29622
93 40 19448
93 41 22658
93 42 8868
93 43 11248
93 44 5376
93 45 10623
93 46 19136
93 47 23539
93 48 15293
93 49 33258
93 50 32806
93 51 40555
93 52 19008
93 53 17736
93 54 32363
93 55 42422
93 56 33387
93 57 13172
93 58 14435
93 59 -3970
93 60 9145
93 61 1007
93 62 28059
93 63 40515
93 64 31469
93 65 49032
93 66 39906
93 67 31681
93 68 31715
93 69 28870
93 70 34973
93 71 49003
93 72 22481
93 73 23349
93 74 26992
93 75 25935
93 76 31630
93 77 35515
93 78 47650
93 79 38185
93 80 38006
93 81 38040
93 82 17009
93 83 9181
93 84 5337
93 85 -8192
93 86 -552
93 87 3856
93 88 25748
93 89 9958
93 90 41243
93 91 4308
93 92 4082
93 94 4002
93 95 1833
93 96 2440
93 97 3929
93 98 -334
93 99 685
93 100 713
93 101 30827
93 102 30975
93 103 44442
93 104 710
93 105 18227
93 106 19159
93 107 30739
93 108 32291
93 109 31944
93 110 31065
93 111 25815
93 112 10086
93 113 2329
93 114 11838
93 115 16291
93 116 34409
93 117 7654
93 118 -1255
93 119 7439
93 120 40985
93 121 41980
93 122 36763
93 123 26088
93 124 23852
93 125 8190
93 126 39770
93 127 23805
93 128 41050
93 129 44459
93 130 33732
93 131 40561
93 132 26530
93 133 24667
93 134 34816
93 135 49851
93 136 58985
93 137 11629
93 138 26372
93 139 37056
93 140 9988
93 141 1582
93 142 9593
93 143 32328
93 144 9347
93 145 18453
93 146 19489
93 147 6112
93 148 26379
93 149 24797
93 150 36962
93 151 204
93 152 13093
93 153 18168
93 154 23206
93 155 30334
93 156 15482
93 157 36938
93 158 38233
93 159 25371
93 160 38419
93 161 41329
93 162 26577
93 163 39165
93 164 42797
93 165 40672
93 166 7081
93 167 21089
93 168 26353
93 169 42344
93 170 38713
93 171 18668
93 172 8509
93 173 3523
93 174 13172
93 175 34207
93 176 26228
93 177 34001
93 178 11579
93 179 29337
93 180 20024
93 181 34894
93 182 19357
93 183 5363
93 184 30337
93 185 41408
93 186 33782
93 187 37036
93 188 40942
93 189 32825
93 190 21678
93 191 3133
93 192 4673
93 193 -477
93 194 19338
93 195 26347
93 196 31780
93 197 26930
93 198 23165
93 199 11993
93 200 20259
94 1 23499
94 2 11177
94 3 30441
94 4 23603
94 5 3743
94 6 2753
94 7 21766
94 8 19080
94 9 35223
94 10 28123
94 11 31435
94 12 20712
94 13 -583
94 14 11200
94 15 12152
94 16 8614
94 17 15216
94 18 9700
94 19 26641
94 20 38178
94 21 16731
94 22 21088
94 23 19922
94 24 33070
94 25 33527
94 26 14984
94 27 12437
94 28 16431
94 29 34821
94 30 28224
94 31 18041
94 32 34076
94 33 32565
94 34 38130
94 35 45486
94 36 30663
94 37 6679
94 38 18187
94 39 23103
94 40 11567
94 41 18859
94 42 10585
94 43 13848
94 44 13018
94 45 15009
94 46 22182
94 47 24145
94 48 15028
94 49 33269
94 50 24792
94 51 33145
94 52 14015
94 53 9193
94 54 24108
94 55 34627
94 56 27274
94 57 10888
94 58 6374
94 59 -1139
94 60 10497
94 61 9325
94 62 24598
94 63 36636
94 64 29580
94 65 41760
94 66 33353
94 67 25656
94 68 23173
94 69 21862
94 70 28773
94 71 41607
94 72 16105
94 73 17014
94 74 21322
94 75 20338
94 76 23242
94 77 27075
94 78 39349
94 79 29835
94 80 29467
94 81 30029
94 82 16639
94 83 11200
94 84 10962
94 85 160
94 86 7986
94 87 1414
94 88 21628
94 89 4357
94 90 36632
94 91 12078
94 92 6013
94 93 2187
94 95 -2005
94 96 1440
94 97 2396
94 98 5724
94 99 3940
94 100 6755
94 101 24302
94 102 22978
94 103 37166
94 104 3965
94 105 9741
94 106 16580
94 107 28834
94 108 27484
94 109 23456
94 110 23639
94 111 17664
94 112 1893
94 113 10386
94 114 13382
94 115 11459
94 116 25926
94 117 2722
94 118 507
94 119 14461
94 120 33086
94 121 33441
94 122 29959
94 123 24650
94 124 24926
94 125 12340
94 126 35871
94 127 18350
94 128 34774
94 129 36086
94 130 25620
94 131 35131
94 132 19270
94 133 19611
94 134 26395
94 135 41967
94 136 51318
94 137 5297
94 138 17833
94 139 30194
94 140 17482
94 141 9820
94 142 12995
94 143 32813
94 144 6996
94 145 14615
94 146 12387
94 147 581
94 148 22617
94 149 16555
94 150 28423
94 151 2135
94 152 5032
94 153 15637
94 154 14667
94 155 22951
94 156 7353
94 157 28949
94 158 29821
94 159 21468
94 160 32443
94 161 33904
94 162 20303
94 163 30689
94 164 34658
94 165 32797
94 166 5008
94 167 14474
94 168 26726
94 169 33901
94 170 31741
94 171 13241
94 172 8908
94 173 10494
94 174 16057
94 175 32274
94 176 18607
94 177 25506
94 178 7004
94 179 21297
94 180 11973
94 181 30548
94 182 16388
94 183 -2071
94 184 21855
94 185 33200
94 186 27913
94 187 30139
94 188 34197
94 189 28120
94 190 16387
94 191 11118
94 192 11262
94 193 6944
94 194 16738
94 195 17976
94 196 23345
94 197 20521
94 198 15819
94 199 14565
94 200 12053
95 1 26554
95 2 9930
95 3 32929
95 4 24035
95 5 4003
95 6 5591
95 7 24472
95 8 20660
95 9 38152
95 10 31227
95 11 34268
95 12 22727
95 13 44
95 14 8157
95 15 9438
95 16 6674
95 17 14884
95 18 12145
95 19 29219
95 20 41311
95 21 16879
95 22 20006
95 23 19032
95 24 34743
95 25 34104
95 26 16630
95 27 15494
95 28 19019
95 29 36921
95 30 31377
95 31 21182
95 32 37221
95 33 35366
95 34 40726
95 35 48350
95 36 32579
95 37 3862
95 38 15359
95 39 22941
95 40 12458
95 41 17289
95 42 7494
95 43 10756
95 44 10374
95 45 15785
95 46 23534
95 47 26248
95 48 17313
95 49 35578
95 50 27620
95 51 36161
95 52 17089
95 53 11380
95 54 25432
95 55 35424
95 56 26850
95 57 8625
95 58 7504
95 59 -2970
95 60 11901
95 61 8007
95 62 27549
95 63 39668
95 64 32319
95 65 44785
95 66 36485
95 67 25224
95 68 25300
95 69 24979
95 70 31933
95 71 44613
95 72 15807
95 73 16671
95 74 20616
95 75 19615
95 76 25783
95 77 29528
95 78 41944
95 79 32392
95 80 31459
95 81 32832
95 82 18894
95 83 12609
95 84 11090
95 85 -1800
95 86 6056
95 87 -1098
95 88 24646
95 89 7402
95 90 39738
95 91 9657
95 92 3216
95 93 643
95 94 -1380
95 96 1683
95 97 -687
95 98 3212
95 99 3242
95 100 3933
95 101 27452
95 102 25805
95 103 40204
95 104 3267
95 105 11578
95 106 19309
95 107 31538
95 108 30600
95 109 25233
95 110 24102
95 111 20446
95 112 4822
95 113 9316
95 114 15068
95 115 10194
95 116 28302
95 117 835
95 118 1732
95 119 11635
95 120 35935
95 121 35587
95 122 33080
95 123 27232
95 124 26877
95 125 13190
95 126 38904
95 127 21487
95 128 37926
95 129 38615
95 130 26756
95 131 38287
95 132 22352
95 133 18601
95 134 27992
95 135 44814
95 136 54243
95 137 4767
95 138 20042
95 139 30251
95 140 14691
95 141 7505
95 142 9835
95 143 34990
95 144 4643
95 145 13013
95 146 15524
95 147 3482
95 148 25599
95 149 17877
95 150 30415
95 151 -662
95 152 6162
95 153 18333
95 154 16876
95 155 23383
95 156 10260
95 157 31776
95 158 32309
95 159 24482
95 160 35604
95 161 36906
95 162 23463
95 163 32412
95 164 37375
95 165 33672
95 166 7361
95 167 17630
95 168 28888
95 169 36326
95 170 31884
95 171 12391
95 172 5953
95 173 10021
95 174 17391
95 175 34987
95 176 21603
95 177 27296
95 178 5597
95 179 22352
95 180 13055
95 181 33639
95 182 19237
95 183 1028
95 184 24242
95 185 35885
95 186 27358
95 187 30222
95 188 37316
95 189 31224
95 190 19518
95 191 8678
95 192 8375
95 193 4434
95 194 19482
95 195 19499
95 196 25813
95 197 20259
95 198 16210
95 199 15866
95 200 14877
96 1 25941
96 2 14124
96 3 33899
96 4 27504
96 5 -43
96 6 3834
96 7 21083
96 8 16453
96 9 37960
96 10 28837
96 11 31017
96 12 24534
96 13 3191
96 14 9337
96 15 13200
96 16 5042
96 17 11266
96 18 8535
96 19 25590
96 20 40111
96 21 20525
96 22 24194
96 23 23182
96 24 36996
96 25 37470
96 26 18944
96 27 15011
96 28 19874
96 29 38566
96 30 29967
96 31 19117
96 32 35089
96 33 35593
96 34 41433
96 35 48350
96 36 28447
96 37 4739
96 38 15576
96 39 26794
96 40 15536
96 41 21531
96 42 10585
96 43 13682
96 44 10198
96 45 11600
96 46 19292
96 47 22215
96 48 13421
96 49 31662
96 50 27808
96 51 35654
96 52 14747
96 53 13012
96 54 28101
96 55 38606
96 56 30825
96 57 12761
96 58 10360
96 59 -3808
96 60 7697
96 61 5447
96 62 24598
96 63 36921
96 64 28872
96 65 44179
96 66 35262
96 67 29216
96 68 26918
96 69 24037
96 70 30407
96 71 44114
96 72 19711
96 73 20589
96 74 24694
96 75 23705
96 76 26670
96 77 30576
96 78 42662
96 79 33209
96 80 33284
96 81 33044
96 82 15004
96 83 8386
96 84 7143
96 85 -3210
96 86 4341
96 87 3011
96 88 21946
96 89 5301
96 90 37321
96 91 9107
96 92 4610
96 93 -1357
96 94 -542
96 95 -924
96 97 3021
96 98 3212
96 99 93
96 100 4562
96 101 26144
96 102 25978
96 103 39578
96 104 118
96 105 13671
96 106 15989
96 107 28072
96 108 28268
96 109 27367
96 110 27543
96 111 20817
96 112 5118
96 113 6408
96 114 10892
96 115 14397
96 116 29502
96 117 5002
96 118 -2500
96 119 11999
96 120 36000
96 121 37161
96 122 32015
96 123 23621
96 124 22773
96 125 8987
96 126 36163
96 127 19444
96 128 36488
96 129 39488
96 130 29620
96 131 36312
96 132 21637
96 133 22773
96 134 30343
96 135 44869
96 136 54039
96 137 8667
96 138 21569
96 139 33977
96 140 14803
96 141 6572
96 142 12304
96 143 30988
96 144 8769
96 145 17256
96 146 14591
96 147 1313
96 148 22759
96 149 20551
96 150 32240
96 151 732
96 152 9018
96 153 14983
96 154 18403
96 155 26852
96 156 10492
96 157 31942
96 158 33279
96 159 21717
96 160 33959
96 161 36431
96 162 21966
96 163 34603
96 164 37797
96 165 36784
96 166 3767
96 167 16337
96 168 24891
96 169 37401
96 170 35562
96 171 16514
96 172 9468
96 173 6506
96 174 13150
96 175 31531
96 176 21270
96 177 29407
96 178 9820
96 179 25295
96 180 15968
96 181 31114
96 182 16082
96 183 401
96 184 25431
96 185 36410
96 186 31391
96 187 33933
96 188 36228
96 189 28834
96 190 17394
96 191 8055
96 192 8998
96 193 4138
96 194 16175
96 195 21949
96 196 26840
96 197 24151
96 198 19698
96 199 11627
96 200 15275
97 1 29121
97 2 8493
97 3 34728
97 4 23787
97 5 5795
97 6 8591
97 7 27424
97 8 23080
97 9 40495
97 10 34200
97 11 37247
97 12 24067
97 13 1348
97 14 5818
97 15 6554
97 16 6183
97 17 15935
97 18 15029
97 19 32118
97 20 44025
97 21 16508
97 22 18418
97 23 17521
97 24 35637
97 25 33916
97 26 17681
97 27 18097
97 28 21030
97 29 38262
97 30 34162
97 31 24121
97 32 40154
97 33 37541
97 34 42618
97 35 50586
97 36 35136
97 37 2558
97 38 13385
97 39 22080
97 40 12949
97 41 15270
97 42 4507
97 43 7772
97 44 8821
97 45 17679
97 46 25760
97 47 28923
97 48 20092
97 49 38346
97 50 29851
97 51 38646
97 52 20075
97 53 13108
97 54 26029
97 55 35464
97 56 25798
97 57 6135
97 58 8407
97 59 -1970
97 60 14359
97 61 8349
97 62 30548
97 63 42666
97 64 35270
97 65 47267
97 66 39194
97 67 24070
97 68 26709
97 69 27673
97 70 34757
97 71 47066
97 72 14959
97 73 15839
97 74 19381
97 75 18320
97 76 27673
97 77 31299
97 78 43845
97 79 34261
97 80 32730
97 81 35004
97 82 21671
97 83 14996
97 84 12643
97 85 -1965
97 86 5429
97 87 -3563
97 88 27644
97 89 10393
97 90 42711
97 91 8675
97 92 2772
97 93 1259
97 94 1541
97 95 -2167
97 96 4148
97 98 2504
97 99 4928
97 100 2329
97 101 30231
97 102 28028
97 103 42718
97 104 4953
97 105 12916
97 106 22270
97 107 34481
97 108 33566
97 109 26320
97 110 23929
97 111 22653
97 112 7352
97 113 9687
97 114 17562
97 115 8676
97 116 29997
97 117 1427
97 118 4112
97 119 9778
97 120 38163
97 121 36985
97 122 35771
97 123 30135
97 124 29475
97 125 15145
97 126 41902
97 127 24431
97 128 40707
97 129 40449
97 130 27161
97 131 41191
97 132 24976
97 133 17069
97 134 28831
97 135 47028
97 136 56566
97 137 4558
97 138 21630
97 139 29605
97 140 12784
97 141 6476
97 142 6980
97 143 37693
97 144 2157
97 145 11018
97 146 18284
97 147 6482
97 148 28599
97 149 18574
97 150 31686
97 151 -1106
97 152 7065
97 153 21286
97 154 18464
97 155 23135
97 156 12718
97 157 33995
97 158 34108
97 159 27481
97 160 38440
97 161 39356
97 162 26294
97 163 33371
97 164 39421
97 165 33793
97 166 10236
97 167 20441
97 168 31595
97 169 38028
97 170 31275
97 171 11053
97 172 2970
97 173 11113
97 174 19643
97 175 37933
97 176 24082
97 177 28369
97 178 3971
97 179 22737
97 180 13626
97 181 36620
97 182 22222
97 183 3991
97 184 25961
97 185 37911
97 186 26172
97 187 29594
97 188 39993
97 189 34197
97 190 22470
97 191 7514
97 192 6440
97 193 3358
97 194 22446
97 195 20360
97 196 27612
97 197 19398
97 198 16015
97 199 18162
97 200 17216
98 1 32481
98 2 14215
98 3 39576
98 4 29784
98 5 2190
98 6 10408
98 7 27013
98 8 20223
98 9 44366
98 10 35403
98 11 36975
98 12 29429
98 13 6650
98 14 2657
98 15 9207
98 16 205
98 17 10646
98 18 14408
98 19 31061
98 20 46801
98 21 22502
98 22 23824
98 23 22916
98 24 41341
98 25 39915
98 26 23263
98 27 21465
98 28 25606
98 29 43627
98 30 36671
98 31 25788
98 32 41719
98 33 41779
98 34 47321
98 35 54673
98 36 32403
98 37 -1127
98 38 9033
98 39 27917
98 40 18803
98 41 20173
98 42 5748
98 43 8100
98 44 3799
98 45 13585
98 46 22198
98 47 26701
98 48 18425
98 49 36416
98 50 34002
98 51 42178
98 52 21393
98 53 18079
98 54 31877
98 55 41456
98 56 31558
98 57 10544
98 58 14044
98 59 -3364
98 60 12248
98 61 2623
98 62 30870
98 63 43286
98 64 34527
98 65 50753
98 66 41956
98 67 29722
98 68 32008
98 69 30660
98 70 37114
98 71 50647
98 72 20841
98 73 21741
98 74 25069
98 75 23943
98 76 32403
98 77 36187
98 78 48539
98 79 39007
98 80 38155
98 81 39242
98 82 20120
98 83 12343
98 84 8244
98 85 -7858
98 86 -487
98 87 1681
98 88 28408
98 89 12009
98 90 43860
98 91 2949
98 92 2772
98 93 -3195
98 94 4678
98 95 1541
98 96 4148
98 97 2313
98 99 2956
98 100 -2125
98 101 32836
98 102 32187
98 103 46147
98 104 2981
98 105 18270
98 106 22041
98 107 33774
98 108 34849
98 109 31887
98 110 29929
98 111 26884
98 112 11101
98 113 3851
98 114 15000
98 115 14313
98 116 34984
98 117 6845
98 118 1856
98 119 5356
98 120 42283
98 121 42295
98 122 38679
98 123 29152
98 124 27014
98 125 11195
98 126 42535
98 127 26127
98 128 43195
98 129 45245
98 130 33079
98 131 42978
98 132 28199
98 133 22517
98 134 34565
98 135 51163
98 136 60460
98 137 10525
98 138 26747
98 139 35527
98 140 8302
98 141 801
98 142 6455
98 143 35491
98 144 6877
98 145 16039
98 146 21175
98 147 8012
98 148 29124
98 149 24365
98 150 37111
98 151 -1106
98 152 12702
98 153 21038
98 154 23581
98 155 29132
98 156 16559
98 157 38157
98 158 38956
98 159 28107
98 160 40665
98 161 42953
98 162 28671
98 163 39033
98 164 43877
98 165 39777
98 166 9845
98 167 23015
98 168 29512
98 169 42998
98 170 37200
98 171 16686
98 172 5538
98 173 6091
98 174 16278
98 175 37241
98 176 27702
98 177 33948
98 178 9554
98 179 28655
98 180 19459
98 181 37588
98 182 22222
98 183 6559
98 184 30919
98 185 42414
98 186 31844
98 187 35520
98 188 42903
98 189 35400
98 190 24058
98 191 1975
98 192 2295
98 193 -2256
98 194 22225
98 195 26069
98 196 32465
98 197 25263
98 198 22015
98 199 15146
98 200 21271
99 1 28017
99 2 15216
99 3 36134
99 4 29281
99 5 -1256
99 6 5994
99 7 21996
99 8 16176
99 9 40086
99 10 30321
99 11 31964
99 12 26735
99 13 4995
99 14 7715
99 15 13050
99 16 2812
99 17 9527
99 18 9382
99 19 26222
99 20 42018
99 21 22193
99 22 25275
99 23 24338
99 24 39149
99 25 39302
99 26 21067
99 27 17144
99 28 22110
99 29 40787
99 30 31823
99 31 20777
99 32 36664
99 33 37780
99 34 43655
99 35 50500
99 36 28330
99 37 3459
99 38 13580
99 39 28320
99 40 17450
99 41 22316
99 42 10012
99 43 12856
99 44 8169
99 45 10623
99 46 18717
99 47 22324
99 48 13776
99 49 31923
99 50 29997
99 51 37730
99 52 16369
99 53 15208
99 54 30165
99 55 40516
99 56 32234
99 57 13172
99 58 12324
99 59 -4734
99 60 7639
99 61 3253
99 62 25783
99 63 38190
99 64 29629
99 65 46216
99 66 37150
99 67 30604
99 68 29137
99 69 26056
99 70 32239
99 71 46180
99 72 21190
99 73 22055
99 74 25978
99 75 24970
99 76 28904
99 77 32811
99 78 44886
99 79 35438
99 80 35487
99 81 35228
99 82 15401
99 83 8110
99 84 5734
99 85 -5363
99 86 2105
99 87 3508
99 88 23311
99 89 7174
99 90 38771
99 91 7079
99 92 4082
99 93 -3529
99 94 1541
99 95 218
99 96 -324
99 97 3384
99 98 1603
99 100 2959
99 101 28053
99 102 28164
99 103 41623
99 104 -2118
99 105 15819
99 106 16988
99 107 28847
99 108 29772
99 109 29530
99 110 29330
99 111 23031
99 112 7352
99 113 4324
99 114 10753
99 115 15461
99 116 31737
99 117 6215
99 118 -2694
99 119 10121
99 120 38163
99 121 39385
99 122 33972
99 123 24284
99 124 22756
99 125 8078
99 126 37438
99 127 21138
99 128 38322
99 129 41720
99 130 31633
99 131 37953
99 132 23705
99 133 23891
99 134 32477
99 135 47028
99 136 56156
99 137 10136
99 138 23788
99 139 35602
99 140 12784
99 141 4406
99 142 11306
99 143 31122
99 144 9213
99 145 18053
99 146 16663
99 147 3292
99 148 24027
99 149 22603
99 150 34443
99 151 204
99 152 10982
99 153 15981
99 154 20622
99 155 28629
99 156 12718
99 157 34126
99 158 35514
99 159 23009
99 160 35727
99 161 38504
99 162 23826
99 163 36764
99 164 39999
99 165 38720
99 166 4762
99 167 18293
99 168 25064
99 169 39637
99 170 37221
99 171 17732
99 172 9226
99 173 4681
99 174 12619
99 175 32313
99 176 23400
99 177 31576
99 178 10819
99 179 27278
99 180 17944
99 181 32490
99 182 17156
99 183 2637
99 184 27666
99 185 38624
99 186 32733
99 187 35568
99 188 38163
99 189 30318
99 190 19042
99 191 5955
99 192 7233
99 193 2200
99 194 17174
99 195 24054
99 196 29076
99 197 25641
99 198 21458
99 199 11183
99 200 17504
100 1 35473
100 2 14752
100 3 42113
100 4 30824
100 5 4710
100 6 13483
100 7 30058
100 8 22702
100 9 47264
100 10 38562
100 11 40007
100 12 31649
100 13 8837
100 14 -504
100 15 7483
100 16 -604
100 17 11695
100 18 17473
100 19 33963
100 20 49896
100 21 23557
100 22 23753
100 23 22738
100 24 43238
100 25 40947
100 26 25296
100 27 24429
100 28 28236
100 29 45852
100 30 39790
100 31 28947
100 32 44882
100 33 44563
100 34 49936
100 35 57517
100 36 34803
100 37 287
100 38 6158
100 39 28367
100 40 20512
100 41 19648
100 42 3937
100 43 5472
100 44 1231
100 45 15508
100 46 24292
100 47 29307
100 48 21216
100 49 39071
100 50 36804
100 51 45150
100 52 24555
100 53 20510
100 54 33566
100 55 42688
100 56 31898
100 57 9965
100 58 16022
100 59 -262
100 60 15126
100 61 3492
100 62 33981
100 63 46412
100 64 37460
100 65 53748
100 66 45058
100 67 29821
100 68 34279
100 69 33707
100 70 40242
100 71 53618
100 72 21467
100 73 22442
100 74 25352
100 75 24100
100 76 34988
100 77 38702
100 78 51155
100 79 41596
100 80 40329
100 81 42030
100 82 22969
100 83 14996
100 84 10203
100 85 -6548
100 86 -1784
100 87 2194
100 88 31556
100 89 15145
100 90 47016
100 91 1639
100 92 5267
100 93 -357
100 94 7500
100 95 4053
100 96 7289
100 97 3929
100 98 -334
100 99 6103
100 101 35938
100 102 34991
100 103 49145
100 104 6128
100 105 20483
100 106 25119
100 107 36737
100 108 38009
100 109 33935
100 110 31065
100 111 29646
100 112 13927
100 113 4056
100 114 17603
100 115 14704
100 116 37445
100 117 8895
100 118 4723
100 119 2427
100 120 45111
100 121 44561
100 122 41752
100 123 32078
100 124 29560
100 125 13211
100 126 45663
100 127 29283
100 128 46320
100 129 47811
100 130 34620
100 131 46138
100 132 31207
100 133 22482
100 134 36425
100 135 53991
100 136 63360
100 137 12047
100 138 29123
100 139 36190
100 140 5476
100 141 -986
100 142 3819
100 143 38071
100 144 6716
100 145 15686
100 146 24210
100 147 11134
100 148 32255
100 149 26155
100 150 39285
100 151 1389
100 152 14680
100 153 24121
100 154 25957
100 155 30172
100 156 19386
100 157 40962
100 158 41493
100 159 31241
100 160 43808
100 161 45918
100 162 31792
100 163 40981
100 164 46593
100 165 41079
100 166 12960
100 167 26106
100 168 32162
100 169 45478
100 170 37848
100 171 16913
100 172 4342
100 173 7668
100 174 18531
100 175 40206
100 176 30635
100 177 35984
100 178 9908
100 179 30206
100 180 21193
100 181 40733
100 182 25310
100 183 9530
100 184 33393
100 185 45104
100 186 32034
100 187 36190
100 188 45983
100 189 38559
100 190 27218
100 191 -4
100 192 -767
100 193 -3626
100 194 25301
100 195 27965
100 196 34994
100 197 25828
100 198 23165
100 199 17642
100 200 24053
101 1 1872
101 2 32780
101 3 15622
101 4 30485
101 5 23454
101 6 24651
101 7 15113
101 8 24913
101 9 10989
101 10 5511
101 11 14365
101 12 16815
101 13 22838
101 14 38365
101 15 37309
101 16 33019
101 17 32836
101 18 16191
101 19 15265
101 20 10957
101 21 29468
101 22 38348
101 23 33850
101 24 26015
101 25 36425
101 26 19158
101 27 8792
101 28 13927
101 29 22760
101 30 921
101 31 -1454
101 32 8240
101 33 11768
101 34 18280
101 35 21517
101 36 25762
101 37 33694
101 38 44632
101 39 32082
101 40 24591
101 41 38524
101 42 37511
101 43 40622
101 44 39212
101 45 26199
101 46 25520
101 47 19288
101 48 10850
101 49 22537
101 50 6972
101 51 7960
101 52 11438
101 53 18488
101 54 23524
101 55 36360
101 56 39468
101 57 35044
101 58 22343
101 59 25279
101 60 26002
101 61 32544
101 62 7852
101 63 14347
101 64 11686
101 65 15503
101 66 6110
101 67 34884
101 68 13884
101 69 4037
101 70 1757
101 71 15819
101 72 29761
101 73 32116
101 74 36934
101 75 35040
101 76 11403
101 77 14048
101 78 20337
101 79 12788
101 80 22051
101 81 8517
101 82 16375
101 83 23039
101 84 28860
101 85 25600
101 86 31597
101 87 27365
101 88 7628
101 89 16605
101 90 12476
101 91 38138
101 92 33151
101 93 27481
101 94 22771
101 95 25296
101 96 26595
101 97 29555
101 98 32351
101 99 28921
101 100 33662
101 102 3519
101 103 11153
101 104 28946
101 105 17627
101 106 12727
101 107 14551
101 108 3791
101 109 20980
101 110 31944
101 111 8487
101 112 15703
101 113 31160
101 114 19790
101 115 32607
101 116 14997
101 117 29275
101 118 17276
101 119 41149
101 120 10126
101 121 21367
101 122 3030
101 123 14614
101 124 23120
101 125 23492
101 126 13727
101 127 5034
101 128 7466
101 129 19189
101 130 26270
101 131 8714
101 132 2881
101 133 36315
101 134 21494
101 135 18368
101 136 26409
101 137 27901
101 138 16005
101 139 38126
101 140 43820
101 141 35156
101 142 40219
101 143 24445
101 144 32003
101 145 35262
101 146 12899
101 147 18806
101 148 6968
101 149 20933
101 150 21007
101 151 29273
101 152 21001
101 153 14419
101 154 12839
101 155 29833
101 156 15893
101 157 8860
101 158 15002
101 159 2506
101 160 5324
101 161 8306
101 162 -3093
101 163 24043
101 164 13292
101 165 34209
101 166 17339
101 167 5033
101 168 21395
101 169 17542
101 170 37484
101 171 30060
101 172 35430
101 173 30845
101 174 22539
101 175 17519
101 176 1611
101 177 21129
101 178 28847
101 179 25295
101 180 21627
101 181 6033
101 182 5115
101 183 21424
101 184 12252
101 185 14297
101 186 40466
101 187 37649
101 188 7108
101 189 5508
101 190 322
101 191 36925
101 192 38142
101 193 33253
101 194 11643
101 195 19343
101 196 11395
101 197 32905
101 198 25909
101 199 25414
101 200 17128
102 1 4872
102 2 32651
102 3 3520
102 4 23384
102 5 31290
102 6 30201
102 7 27013
102 8 35912
102 9 3821
102 10 16835
102 11 26085
102 12 9450
102 13 25555
102 14 42692
102 15 37718
102 16 39750
102 17 41930
102 18 25746
102 19 27591
102 20 12185
102 21 25758
102 22 34798
102 23 27928
102 24 14518
102 25 27025
102 26 15165
102 27 13269
102 28 12825
102 29 10521
102 30 6590
102 31 10794
102 32 15536
102 33 768
102 34 7208
102 35 13708
102 36 38129
102 37 38471
102 38 49998
102 39 24542
102 40 23057
102 41 35826
102 42 40106
102 43 42500
102 44 44831
102 45 36569
102 46 37303
102 47 31606
102 48 22975
102 49 34662
102 50 -1380
102 51 3544
102 52 20788
102 53 19121
102 54 14585
102 55 26941
102 56 33603
102 57 35452
102 58 22744
102 59 30567
102 60 34436
102 61 39661
102 62 20105
102 63 24356
102 64 22429
102 65 11019
102 66 5923
102 67 26665
102 68 3069
102 69 11203
102 70 11649
102 71 10823
102 72 25459
102 73 28811
102 74 33034
102 75 30320
102 76 2783
102 77 2901
102 78 8706
102 79 454
102 80 11736
102 81 -1784
102 82 27873
102 83 32580
102 84 37486
102 85 31618
102 86 38860
102 87 29637
102 88 19823
102 89 23283
102 90 21777
102 91 43820
102 92 37794
102 93 33468
102 94 27286
102 95 29488
102 96 32268
102 97 33191
102 98 37541
102 99 34871
102 100 38554
102 101 9358
102 103 7241
102 104 34896
102 105 16447
102 106 24035
102 107 26654
102 108 14333
102 109 13052
102 110 26000
102 111 7034
102 112 19581
102 113 39411
102 114 30520
102 115 32061
102 116 4940
102 117 32658
102 118 25467
102 119 46268
102 120 1287
102 121 9206
102 122 6589
102 123 26983
102 124 35230
102 125 33803
102 126 23928
102 127 15998
102 128 10285
102 129 6866
102 130 17390
102 131 15038
102 132 8200
102 133 32477
102 134 10884
102 135 10160
102 136 19758
102 137 29393
102 138 11777
102 139 30520
102 140 49306
102 141 41400
102 142 43285
102 143 36756
102 144 33296
102 145 33476
102 146 18694
102 147 24893
102 148 19338
102 149 15556
102 150 10692
102 151 33916
102 152 21402
102 153 25239
102 154 8611
102 155 22732
102 156 19386
102 157 -2879
102 158 2900
102 159 14548
102 160 10241
102 161 3190
102 162 8813
102 163 12916
102 164 3061
102 165 24850
102 166 25583
102 167 12852
102 168 33719
102 169 5262
102 170 28592
102 171 26783
102 172 37628
102 173 38878
102 174 33644
102 175 29536
102 176 2944
102 177 11828
102 178 28638
102 179 18473
102 180 18714
102 181 13744
102 182 17377
102 183 26409
102 184 3615
102 185 2269
102 186 34475
102 187 29818
102 188 7020
102 189 16832
102 190 12068
102 191 42831
102 192 43028
102 193 38736
102 194 23169
102 195 12815
102 196 1470
102 197 27703
102 198 21033
102 199 35362
102 200 19810
103 1 15473
103 2 47703
103 3 15544
103 4 37872
103 5 42590
103 6 43008
103 7 32924
103 8 43410
103 9 -3709
103 10 17242
103 11 24980
103 12 24483
103 13 39722
103 14 56412
103 15 52759
103 16 51978
103 17 52012
103 18 35382
103 19 29072
103 20 2764
103 21 41036
103 22 50045
103 23 42597
103 24 25038
103 25 39784
103 26 30462
103 27 26037
103 28 27558
103 29 19028
103 30 5026
103 31 16733
103 32 8843
103 33 7810
103 34 5931
103 35 3493
103 36 40019
103 37 51865
103 38 63205
103 39 38553
103 40 38229
103 41 51118
103 42 54511
103 43 57204
103 44 57830
103 45 45023
103 46 42790
103 47 34734
103 48 27654
103 49 33825
103 50 13512
103 51 1252
103 52 30634
103 53 33737
103 54 28399
103 55 39861
103 56 48397
103 57 50447
103 58 37555
103 59 43636
103 60 45193
103 61 51576
103 62 22170
103 63 20119
103 64 17601
103 65 -3451
103 66 -8590
103 67 40003
103 68 16180
103 69 21709
103 70 14757
103 71 -3390
103 72 40658
103 73 44099
103 74 48261
103 75 45405
103 76 17987
103 77 16714
103 78 11337
103 79 9155
103 80 25139
103 81 846
103 82 34533
103 83 42195
103 84 48069
103 85 44297
103 86 50699
103 87 44078
103 88 25264
103 89 35306
103 90 17534
103 91 56735
103 92 51224
103 93 46141
103 94 40680
103 95 43093
103 96 45074
103 97 47087
103 98 50707
103 99 47536
103 100 51914
103 101 16198
103 102 6447
103 104 47561
103 105 31479
103 106 31319
103 107 26740
103 108 13224
103 109 27773
103 110 40941
103 111 21484
103 112 33097
103 113 50365
103 114 38515
103 115 47189
103 116 19396
103 117 46620
103 118 36445
103 119 59559
103 120 -2945
103 121 18607
103 122 8166
103 123 29701
103 124 39727
103 125 42357
103 126 20177
103 127 24175
103 128 798
103 129 14899
103 130 31103
103 131 7525
103 132 19602
103 133 47694
103 134 23164
103 135 1105
103 136 7428
103 137 44006
103 138 27050
103 139 44577
103 140 62437
103 141 53984
103 142 57541
103 143 37269
103 144 48059
103 145 48757
103 146 30987
103 147 37351
103 148 23059
103 149 30754
103 150 24095
103 151 47346
103 152 36213
103 153 33314
103 154 23884
103 155 37220
103 156 32965
103 157 9849
103 158 14924
103 159 15944
103 160 3172
103 161 -10736
103 162 16072
103 163 24487
103 164 4
103 165 37903
103 166 36485
103 167 23675
103 168 36849
103 169 11092
103 170 41605
103 171 42061
103 172 52153
103 173 50023
103 174 40877
103 175 29195
103 176 15495
103 177 25823
103 178 43713
103 179 33278
103 180 33995
103 181 5481
103 182 22035
103 183 39529
103 184 18643
103 185 10504
103 186 49193
103 187 43732
103 188 -4712
103 189 17239
103 190 19119
103 191 55630
103 192 56434
103 193 51766
103 194 30037
103 195 27848
103 196 16213
103 197 42729
103 198 36201
103 199 44468
103 200 33626
104 1 28017
104 2 15216
104 3 36134
104 4 29281
104 5 -1256
104 6 5994
104 7 21996
104 8 16176
104 9 40086
104 10 30321
104 11 31964
104 12 26735
104 13 4995
104 14 7715
104 15 13050
104 16 2812
104 17 9527
104 18 9382
104 19 26222
104 20 42018
104 21 22193
104 22 25275
104 23 24338
104 24 39149
104 25 39302
104 26 21067
104 27 17144
104 28 22110
104 29 40787
104 30 31823
104 31 20777
104 32 36664
104 33 37780
104 34 43655
104 35 50500
104 36 28330
104 37 3459
104 38 13580
104 39 28320
104 40 17450
104 41 22316
104 42 10012
104 43 12856
104 44 8169
104 45 10623
104 46 18717
104 47 22324
104 48 13776
104 49 31923
104 50 29997
104 51 37730
104 52 16369
104 53 15208
104 54 30165
104 55 40516
104 56 32234
104 57 13172
104 58 12324
104 59 -4734
104 60 7639
104 61 3253
104 62 25783
104 63 38190
104 64 29629
104 65 46216
104 66 37150
104 67 30604
104 68 29137
104 69 26056
104 70 32239
104 71 46180
104 72 21190
104 73 22055
104 74 25978
104 75 24970
104 76 28904
104 77 32811
104 78 44886
104 79 35438
104 80 35487
104 81 35228
104 82 15401
104 83 8110
104 84 5734
104 85 -5363
104 86 2105
104 87 3508
104 88 23311
104 89 7174
104 90 38771
104 91 7079
104 92 4082
104 93 -3529
104 94 1541
104 95 218
104 96 -324
104 97 3384
104 98 1603
104 99 -2143
104 100 2959
104 101 28053
104 102 28164
104 103 41623
104 105 15819
104 106 16988
104 107 28847
104 108 29772
104 109 29530
104 110 29330
104 111 23031
104 112 7352
104 113 4324
104 114 10753
104 115 15461
104 116 31737
104 117 6215
104 118 -2694
104 119 10121
104 120 38163
104 121 39385
104 122 33972
104 123 24284
104 124 22756
104 125 8078
104 126 37438
104 127 21138
104 128 38322
104 129 41720
104 130 31633
104 131 37953
104 132 23705
104 133 23891
104 134 32477
104 135 47028
104 136 56156
104 137 10136
104 138 23788
104 139 35602
104 140 12784
104 141 4406
104 142 11306
104 143 31122
104 144 9213
104 145 18053
104 146 16663
104 147 3292
104 148 24027
104 149 22603
104 150 34443
104 151 204
104 152 10982
104 153 15981
104 154 20622
104 155 28629
104 156 12718
104 157 34126
104 158 35514
104 159 23009
104 160 35727
104 161 38504
104 162 23826
104 163 36764
104 164 39999
104 165 38720
104 166 4762
104 167 18293
104 168 25064
104 169 39637
104 170 37221
104 171 17732
104 172 9226
104 173 4681
104 174 12619
104 175 32313
104 176 23400
104 177 31576
104 178 10819
104 179 27278
104 180 17944
104 181 32490
104 182 17156
104 183 2637
104 184 27666
104 185 38624
104 186 32733
104 187 35568
104 188 38163
104 189 30318
104 190 19042
104 191 5955
104 192 7233
104 193 2200
104 194 17174
104 195 24054
104 196 29076
104 197 25641
104 198 21458
104 199 11183
104 200 17504
105 1 15898
105 2 11651
105 3 17522
105 4 11798
105 5 17341
105 6 14591
105 7 26280
105 8 29149
105 9 24832
105 10 26504
105 11 33275
105 12 6594
105 13 6125
105 14 22968
105 15 16717
105 16 22773
105 17 29003
105 18 17743
105 19 30907
105 20 31048
105 21 7663
105 22 16209
105 23 12676
105 24 18753
105 25 20830
105 26 749
105 27 7806
105 28 5474
105 29 20801
105 30 22377
105 31 16316
105 32 30442
105 33 21322
105 34 25475
105 35 34329
105 36 38274
105 37 19820
105 38 30785
105 39 12848
105 40 2425
105 41 16334
105 42 19535
105 43 21567
105 44 26290
105 45 27112
105 46 32340
105 47 31244
105 48 21678
105 49 38641
105 50 14177
105 51 23955
105 52 16369
105 53 650
105 54 10073
105 55 21453
105 56 18591
105 57 14431
105 58 1981
105 59 12955
105 60 22440
105 61 23643
105 62 25783
105 63 35734
105 64 31619
105 65 32042
105 66 25855
105 67 15923
105 68 9220
105 69 16300
105 70 23930
105 71 31836
105 72 8050
105 73 10024
105 74 14937
105 75 13344
105 76 10783
105 77 14075
105 78 26751
105 79 17151
105 80 15308
105 81 18708
105 82 24046
105 83 22506
105 84 24455
105 85 14278
105 86 22163
105 87 9165
105 88 22705
105 89 11223
105 90 34400
105 91 25790
105 92 19308
105 93 16447
105 94 9776
105 95 10988
105 96 15688
105 97 13806
105 98 19351
105 99 18253
105 100 19773
105 101 19193
105 102 12174
105 103 28000
105 104 18278
105 106 21459
105 107 31950
105 108 25371
105 109 9142
105 110 12142
105 111 7584
105 112 4042
105 113 24646
105 114 23327
105 115 11153
105 116 12675
105 117 13364
105 118 12885
105 119 27262
105 120 22002
105 121 19501
105 122 23033
105 123 29152
105 124 32953
105 125 24342
105 126 35021
105 127 17563
105 128 28432
105 129 23267
105 130 11868
105 131 30829
105 132 12923
105 133 14243
105 134 12097
105 135 30716
105 136 40622
105 137 8801
105 138 4288
105 139 19287
105 140 30222
105 141 23648
105 142 22861
105 143 39064
105 144 12375
105 145 13239
105 146 11013
105 147 10615
105 148 23754
105 149 2778
105 150 14264
105 151 15430
105 152 639
105 153 21162
105 154 1122
105 155 11146
105 156 5516
105 157 18068
105 158 16902
105 159 21670
105 160 27006
105 161 24181
105 162 16258
105 163 16372
105 164 22625
105 165 19476
105 166 14637
105 167 11741
105 168 33571
105 169 20649
105 170 20211
105 171 7901
105 172 16931
105 173 24530
105 174 26686
105 175 35244
105 176 10431
105 177 11197
105 178 7657
105 179 7927
105 180 -56
105 181 28166
105 182 19288
105 183 9965
105 184 8702
105 185 21186
105 186 19569
105 187 19083
105 188 26577
105 189 26501
105 190 15403
105 191 24784
105 192 23915
105 193 20539
105 194 21324
105 195 3789
105 196 10469
105 197 11716
105 198 5057
105 199 25881
105 200 7082
106 1 16972
106 2 30829
106 3 30368
106 4 37187
106 5 10369
106 6 17055
106 7 1158
106 8 8158
106 9 27692
106 10 10692
106 11 10992
106 12 26799
106 13 18715
106 14 28435
106 15 32744
106 16 20305
106 17 17348
106 18 2453
106 19 6174
106 20 25693
106 21 32608
106 22 39695
106 23 37558
106 24 38865
106 25 45528
106 26 25160
106 27 12278
106 28 20764
106 29 37258
106 30 15399
106 31 3726
106 32 17200
106 33 28156
106 34 34841
106 35 38143
106 36 12881
106 37 24478
106 38 32717
106 39 38343
106 40 26494
106 41 38424
106 42 30580
106 43 33706
106 44 27651
106 45 9677
106 46 9318
106 47 5824
106 48 -3716
106 49 13458
106 50 21792
106 51 24627
106 52 5195
106 53 20115
106 54 33293
106 55 45785
106 56 43811
106 57 31421
106 58 22131
106 59 16030
106 60 12696
106 61 19705
106 62 4936
106 63 17428
106 64 8978
106 65 30952
106 66 20133
106 67 41416
106 68 26765
106 69 15037
106 70 16115
106 71 31884
106 72 32858
106 73 34225
106 74 39111
106 75 37927
106 76 24226
106 77 27939
106 78 36648
106 79 28406
106 80 34245
106 81 25119
106 82 -186
106 83 7787
106 84 14306
106 85 14475
106 86 17831
106 87 22027
106 88 3699
106 89 9357
106 90 18682
106 91 27113
106 92 24630
106 93 16838
106 94 16074
106 95 18178
106 96 17465
106 97 22619
106 98 22581
106 99 18881
106 100 23868
106 101 13752
106 102 19221
106 103 27299
106 104 18906
106 105 20918
106 107 8218
106 108 10157
106 109 30788
106 110 37628
106 111 18244
106 112 12850
106 113 16494
106 114 3160
106 115 31031
106 116 27971
106 117 23338
106 118 4250
106 119 30284
106 120 26888
106 121 35745
106 122 19218
106 123 4207
106 124 8048
106 125 7029
106 126 16699
106 127 6027
106 128 21043
106 129 34825
106 130 35679
106 131 18917
106 132 13827
106 133 38016
106 134 33263
106 135 35066
106 136 42758
106 137 24800
106 138 24050
106 139 44759
106 140 31795
106 141 22905
106 142 32275
106 143 13614
106 144 27589
106 145 34360
106 146 12572
106 147 11006
106 148 3543
106 149 27547
106 150 33201
106 151 20752
106 152 20789
106 153 -1045
106 154 20884
106 155 36535
106 156 15146
106 157 24862
106 158 29748
106 159 2468
106 160 17876
106 161 24573
106 162 9231
106 163 36531
106 164 29999
106 165 43683
106 166 5712
106 167 8458
106 168 8111
106 169 33236
106 170 45485
106 171 31486
106 172 29274
106 173 16932
106 174 5778
106 175 11659
106 176 14425
106 177 32074
106 178 26806
106 179 32721
106 180 25358
106 181 11970
106 182 -3835
106 183 14611
106 184 24393
106 185 30318
106 186 44734
106 187 44531
106 188 22105
106 189 10689
106 190 2529
106 191 25234
106 192 27774
106 193 22581
106 194 -3849
106 195 27404
106 196 24604
106 197 36874
106 198 30498
106 199 9489
106 200 18450
107 1 24657
107 2 47119
107 3 38357
107 4 51155
107 5 25402
107 6 33547
107 7 11338
107 8 17643
107 9 29409
107 10 8223
107 11 -3430
107 12 38692
107 13 35107
107 14 43990
107 15 49230
107 16 34716
107 17 29117
107 18 18577
107 19 -4538
107 20 23764
107 21 47796
107 22 55535
107 23 52861
107 24 48828
107 25 58348
107 26 39027
107 27 25832
107 28 33787
107 29 45446
107 30 15572
107 31 10350
107 32 10097
107 33 33411
107 34 38782
107 35 38491
107 36 5156
107 37 40564
107 38 47001
107 39 52649
107 40 41843
107 41 54574
107 42 46930
107 43 49960
107 44 42535
107 45 19497
107 46 11505
107 47 1415
107 48 -1445
107 49 -266
107 50 29792
107 51 26932
107 52 20345
107 53 35224
107 54 45542
107 55 58370
107 56 58813
107 57 47893
107 58 37917
107 59 32235
107 60 28095
107 61 34326
107 62 2136
107 63 6286
107 64 -7474
107 65 27275
107 66 15449
107 67 55703
107 68 36655
107 69 24649
107 70 18947
107 71 30518
107 72 48156
107 73 49762
107 74 54710
107 75 53377
107 76 34058
107 77 36873
107 78 41691
107 79 35112
107 80 44716
107 81 29457
107 82 9939
107 83 21753
107 84 27996
107 85 29992
107 86 31056
107 87 38519
107 88 10841
107 89 25768
107 90 10881
107 91 42522
107 92 40914
107 93 32656
107 94 32566
107 95 34645
107 96 33786
107 97 39068
107 98 38552
107 99 34978
107 100 39724
107 101 19814
107 102 26078
107 103 26958
107 104 35003
107 105 35647
107 106 12456
107 108 6165
107 109 42871
107 110 51966
107 111 29706
107 112 28837
107 113 29141
107 114 14451
107 115 47288
107 116 37736
107 117 39830
107 118 19690
107 119 45516
107 120 29556
107 121 44100
107 122 21669
107 123 -890
107 124 8333
107 125 17312
107 126 6039
107 127 16821
107 128 17617
107 129 41469
107 130 48182
107 131 12595
107 132 23817
107 133 53777
107 134 44138
107 135 36055
107 136 41735
107 137 41145
107 138 36815
107 139 58861
107 140 46033
107 141 37482
107 142 48426
107 143 2311
107 144 44076
107 145 50599
107 146 27273
107 147 27498
107 148 5913
107 149 41287
107 150 43672
107 151 37036
107 152 36575
107 153 15394
107 154 33649
107 155 50503
107 156 30575
107 157 31175
107 158 37737
107 159 -683
107 160 14201
107 161 24155
107 162 16304
107 163 46811
107 164 33195
107 165 56220
107 166 22007
107 167 20928
107 168 3741
107 169 39658
107 170 58978
107 171 47261
107 172 45712
107 173 30972
107 174 13579
107 175 -4805
107 176 23811
107 177 43475
107 178 43120
107 179 46209
107 180 40166
107 181 399
107 182 1262
107 183 31100
107 184 34784
107 185 36348
107 186 59793
107 187 58527
107 188 20053
107 189 8220
107 190 11427
107 191 40184
107 192 43274
107 193 38149
107 194 10675
107 195 40458
107 196 34152
107 197 51937
107 198 45217
107 199 22256
107 200 33298
108 1 13273
108 2 42900
108 3 25720
108 4 42144
108 5 28118
108 6 32149
108 7 14275
108 8 24773
108 9 15374
108 10 -2883
108 11 4366
108 12 28429
108 13 31959
108 14 45358
108 15 46800
108 16 38107
108 17 35234
108 18 19979
108 19 7981
108 20 10011
108 21 40755
108 22 49445
108 23 45368
108 24 36675
108 25 47941
108 26 30677
108 27 18987
108 28 25329
108 29 32556
108 30 1597
108 31 2546
108 32 -815
108 33 19934
108 34 24833
108 35 24588
108 36 18928
108 37 40876
108 38 50423
108 39 43742
108 40 35504
108 41 49336
108 42 45940
108 43 49201
108 44 45169
108 45 26839
108 46 22494
108 47 13783
108 48 7441
108 49 13361
108 50 17724
108 51 12983
108 52 17400
108 53 29063
108 54 35056
108 55 47859
108 56 51013
108 57 44743
108 58 32670
108 59 32324
108 60 30400
108 61 37492
108 62 1596
108 63 2686
108 64 316
108 65 14586
108 66 3018
108 67 46543
108 68 24833
108 69 15192
108 70 6242
108 71 16890
108 72 41101
108 73 43263
108 74 48154
108 75 46403
108 76 22690
108 77 24759
108 78 27960
108 79 21922
108 80 33199
108 81 15704
108 82 15746
108 83 25812
108 84 32330
108 85 31700
108 86 35840
108 87 36296
108 88 7808
108 89 23816
108 90 1321
108 91 44357
108 92 40610
108 93 33805
108 94 30813
108 95 33304
108 96 33579
108 97 37750
108 98 39224
108 99 35500
108 100 40593
108 101 8651
108 102 13354
108 103 13039
108 104 35525
108 105 28665
108 106 13992
108 107 5762
108 109 32578
108 110 43547
108 111 20111
108 112 24822
108 113 34513
108 114 20450
108 115 42864
108 116 26094
108 117 37804
108 118 21892
108 119 47558
108 120 15551
108 121 31333
108 122 8042
108 123 8838
108 124 19200
108 125 24327
108 126 2070
108 127 11008
108 128 4311
108 129 28225
108 130 37824
108 131 934
108 132 14262
108 133 47482
108 134 32609
108 135 22071
108 136 28102
108 137 37499
108 138 27631
108 139 49788
108 140 49525
108 141 40611
108 142 48228
108 143 16346
108 144 41358
108 145 45826
108 146 21993
108 147 26076
108 148 3819
108 149 32545
108 150 32155
108 151 36732
108 152 31328
108 153 16678
108 154 24465
108 155 41492
108 156 25525
108 157 18179
108 158 25100
108 159 -4701
108 160 855
108 161 10289
108 162 6376
108 163 34921
108 164 19198
108 165 45713
108 166 22569
108 167 14200
108 168 15915
108 169 26239
108 170 49087
108 171 41132
108 172 44162
108 173 34907
108 174 21828
108 175 8337
108 176 13268
108 177 32551
108 178 38965
108 179 36955
108 180 32891
108 181 -4706
108 182 2810
108 183 29306
108 184 23629
108 185 23019
108 186 52015
108 187 49310
108 188 6395
108 189 -2886
108 190 5084
108 191 42760
108 192 44829
108 193 39679
108 194 12356
108 195 31005
108 196 22474
108 197 44383
108 198 37400
108 199 27371
108 200 27306
109 1 16288
109 2 21068
109 3 8678
109 4 7112
109 5 29462
109 6 26757
109 7 34231
109 8 39627
109 9 18457
109 10 29709
109 11 38219
109 12 -1758
109 13 18354
109 14 34518
109 15 25400
109 16 35116
109 17 41099
109 18 28139
109 19 37660
109 20 28450
109 21 11248
109 22 19635
109 23 11681
109 24 6411
109 25 12289
109 26 3365
109 27 15011
109 28 10108
109 29 8968
109 30 21924
109 31 20866
109 32 30935
109 33 14794
109 34 15674
109 35 26286
109 36 46683
109 37 31999
109 38 42481
109 39 8413
109 40 11847
109 41 21104
109 42 30452
109 43 31386
109 44 38357
109 45 38455
109 46 42494
109 47 39662
109 48 30232
109 49 45452
109 50 10658
109 51 19723
109 52 24910
109 53 12621
109 54 -553
109 55 12277
109 56 17411
109 57 23733
109 58 13788
109 59 25310
109 60 34109
109 61 36007
109 62 31071
109 63 38453
109 64 35873
109 65 25270
109 66 22035
109 67 10891
109 68 -1927
109 69 19555
109 70 25216
109 71 25562
109 72 10118
109 73 14312
109 74 17790
109 75 14524
109 76 5270
109 77 5740
109 78 17361
109 79 8203
109 80 3501
109 81 11619
109 82 33374
109 83 33790
109 84 36487
109 85 26623
109 86 34505
109 87 20496
109 88 28830
109 89 22434
109 90 36283
109 91 38037
109 92 31563
109 93 28814
109 94 22141
109 95 23293
109 96 28034
109 97 25860
109 98 31618
109 99 30614
109 100 31875
109 101 21196
109 102 7429
109 103 22944
109 104 30639
109 105 7792
109 106 29979
109 107 37824
109 108 27934
109 110 9971
109 111 9210
109 112 15846
109 113 36967
109 114 33864
109 115 19938
109 116 4396
109 117 25525
109 118 24690
109 119 39185
109 120 14740
109 121 7895
109 122 21959
109 123 36294
109 124 42047
109 125 35663
109 126 37871
109 127 23599
109 128 26482
109 129 13966
109 130 2105
109 131 30714
109 132 15903
109 133 17132
109 134 -116
109 135 22678
109 136 32988
109 137 20312
109 138 4497
109 139 14393
109 140 41987
109 141 35896
109 142 33876
109 143 46572
109 144 22772
109 145 19634
109 146 19852
109 147 22501
109 148 29427
109 149 935
109 150 2457
109 151 27685
109 152 12446
109 153 30197
109 154 1331
109 155 6460
109 156 16480
109 157 12824
109 158 8058
109 159 26238
109 160 26120
109 161 18242
109 162 19430
109 163 4009
109 164 13797
109 165 10126
109 166 25857
109 167 18043
109 168 41876
109 169 10252
109 170 13283
109 171 11978
109 172 27710
109 173 36765
109 174 37316
109 175 40950
109 176 11429
109 177 -1165
109 178 16833
109 179 2278
109 180 6346
109 181 29148
109 182 26138
109 183 22235
109 184 1840
109 185 13449
109 186 18243
109 187 13781
109 188 23280
109 189 29706
109 190 20845
109 191 36994
109 192 35826
109 193 32764
109 194 29589
109 195 -2605
109 196 3245
109 197 11799
109 198 5664
109 199 37072
109 200 17128
110 1 26604
110 2 14215
110 3 20640
110 4 -2107
110 5 29449
110 6 27105
110 7 40446
110 8 42983
110 9 30496
110 10 39175
110 11 46788
110 12 9450
110 13 16323
110 14 28595
110 15 16192
110 16 32162
110 17 40875
110 18 31741
110 19 44931
110 20 40100
110 21 2566
110 22 8123
110 23 13
110 24 13057
110 25 7940
110 26 6566
110 27 21465
110 28 17271
110 29 18666
110 30 32899
110 31 29438
110 32 41719
110 33 26832
110 34 26890
110 35 38055
110 36 52485
110 37 28475
110 38 36476
110 39 -1331
110 40 9130
110 41 9890
110 42 23912
110 43 22948
110 44 33777
110 45 40288
110 46 46238
110 47 45457
110 48 35891
110 49 52720
110 50 22098
110 51 31598
110 52 30542
110 53 14693
110 54 3044
110 55 9577
110 56 5607
110 57 15757
110 58 12135
110 59 23180
110 60 35496
110 61 34122
110 62 39338
110 63 48290
110 64 44957
110 65 37218
110 66 33961
110 67 1753
110 68 9544
110 69 28567
110 70 35453
110 71 37588
110 72 -1199
110 73 4485
110 74 6343
110 75 2518
110 76 16878
110 77 17781
110 78 28910
110 79 20051
110 80 14607
110 81 23648
110 82 38221
110 83 35891
110 84 36669
110 85 23994
110 86 31312
110 87 15389
110 88 36453
110 89 25010
110 90 46481
110 91 34533
110 92 28627
110 93 26779
110 94 21168
110 95 21006
110 96 27054
110 97 22313
110 98 28504
110 99 29258
110 100 27849
110 101 31004
110 102 19221
110 103 34956
110 104 29283
110 105 9636
110 106 35663
110 107 45763
110 108 37747
110 109 8815
110 111 18336
110 112 17647
110 113 35465
110 114 37158
110 115 12404
110 116 16421
110 117 22682
110 118 25746
110 119 34189
110 120 26728
110 121 18148
110 122 33067
110 123 43237
110 124 47129
110 125 37556
110 126 47632
110 127 31177
110 128 38001
110 129 25704
110 130 2840
110 131 41714
110 132 24976
110 133 5445
110 134 6504
110 135 34472
110 136 44822
110 137 16513
110 138 12449
110 139 5080
110 140 36168
110 141 32147
110 142 27228
110 143 53237
110 144 16187
110 145 9493
110 146 25144
110 147 23713
110 148 37401
110 149 2148
110 150 13563
110 151 24749
110 152 10793
110 153 35374
110 154 9283
110 155 -2759
110 156 19658
110 157 24724
110 158 20020
110 159 34954
110 160 37331
110 161 30283
110 162 28671
110 163 11615
110 164 25440
110 165 8074
110 166 28253
110 167 25295
110 168 47783
110 169 21379
110 170 6235
110 171 1067
110 172 21157
110 173 36069
110 174 40411
110 175 49013
110 176 21326
110 177 9274
110 178 9554
110 179 377
110 180 4378
110 181 39817
110 182 33268
110 183 22178
110 184 13586
110 185 25461
110 186 6558
110 187 4900
110 188 35080
110 189 39172
110 190 28847
110 191 33118
110 192 30907
110 193 29195
110 194 35512
110 195 2844
110 196 15190
110 197 -229
110 198 -3985
110 199 39305
110 200 21271
111 1 4934
111 2 22723
111 3 9910
111 4 18468
111 5 21496
111 6 19839
111 7 21766
111 8 28515
111 9 14313
111 10 17353
111 11 25522
111 12 5414
111 13 14945
111 14 32062
111 15 27738
111 16 29425
111 17 32604
111 18 17405
111 19 24871
111 20 19880
111 21 17696
111 22 26738
111 23 21796
111 24 17028
111 25 25049
111 26 7151
111 27 3697
111 28 2526
111 29 15991
111 30 11482
111 31 8102
111 32 19985
111 33 11324
111 34 17046
111 35 24338
111 36 34142
111 37 27873
111 38 39397
111 39 20073
111 40 13550
111 41 27247
111 42 29584
111 43 32146
111 44 34279
111 45 28309
111 46 30900
111 47 27175
111 48 17866
111 49 32651
111 50 3602
111 51 12929
111 52 13117
111 53 8668
111 54 12253
111 55 25070
111 56 27403
111 57 25409
111 58 12479
111 59 20049
111 60 25057
111 61 29489
111 62 18293
111 63 26389
111 64 23384
111 65 21331
111 66 14680
111 67 22955
111 68 5004
111 69 6847
111 70 13568
111 71 21094
111 72 17893
111 73 20506
111 74 25193
111 75 23126
111 76 2854
111 77 6870
111 78 18291
111 79 8945
111 80 12404
111 81 8791
111 82 21473
111 83 23864
111 84 28011
111 85 21182
111 86 28634
111 87 19120
111 88 16044
111 89 13445
111 90 24552
111 91 33305
111 92 27196
111 93 23054
111 94 16718
111 95 18875
111 96 21853
111 97 22562
111 98 26984
111 99 24484
111 100 27955
111 101 9072
111 102 1780
111 103 17024
111 104 24509
111 105 6603
111 106 17804
111 107 25028
111 108 15836
111 109 9579
111 110 19861
111 112 9035
111 113 29602
111 114 22881
111 115 22303
111 116 6396
111 117 22030
111 118 15939
111 119 35667
111 120 11917
111 121 14466
111 122 11959
111 123 23556
111 124 29855
111 125 25514
111 126 25746
111 127 10864
111 128 17330
111 129 15275
111 130 14880
111 131 20157
111 132 3201
111 133 24619
111 134 11500
111 135 20787
111 136 30345
111 137 18958
111 138 3925
111 139 26144
111 140 38715
111 141 30952
111 142 32718
111 143 33835
111 144 22983
111 145 24359
111 146 9169
111 147 14717
111 148 16622
111 149 8850
111 150 11360
111 151 23318
111 152 11137
111 153 18333
111 154 759
111 155 17816
111 156 8856
111 157 7749
111 158 9290
111 159 13551
111 160 16086
111 161 13397
111 162 6878
111 163 14692
111 164 13409
111 165 22921
111 166 16299
111 167 5576
111 168 29360
111 169 13414
111 170 25807
111 171 18508
111 172 27157
111 173 29076
111 174 26275
111 175 28166
111 176 -501
111 177 10438
111 178 18753
111 179 13306
111 180 9977
111 181 17982
111 182 13406
111 183 15929
111 184 2622
111 185 11997
111 186 28398
111 187 25706
111 188 15398
111 189 17350
111 190 8042
111 191 32332
111 192 32417
111 193 28197
111 194 17287
111 195 7390
111 196 3245
111 197 20891
111 198 13896
111 199 26911
111 200 9231
112 1 16595
112 2 13247
112 3 23604
112 4 20603
112 5 8466
112 6 5916
112 7 19091
112 8 20160
112 9 28169
112 10 22899
112 11 27749
112 12 14649
112 13 2016
112 14 18155
112 15 16810
112 16 15337
112 17 20080
112 18 8983
112 19 24105
112 20 31540
112 21 14922
112 22 21670
112 23 19646
112 24 27390
112 25 29960
112 26 9891
112 27 5570
112 28 9583
112 29 28450
112 30 21788
112 31 12546
112 32 28339
112 33 25500
112 34 31169
112 35 38415
112 36 30170
112 37 13738
112 38 25256
112 39 21169
112 40 8827
112 41 20560
112 42 16642
112 43 19744
112 44 20076
112 45 17894
112 46 23413
112 47 23255
112 48 13757
112 49 31480
112 50 17724
112 51 26167
112 52 9689
112 53 3571
112 54 19217
112 55 30653
112 56 26119
112 57 14758
112 58 4134
112 59 5836
112 60 13237
112 61 15623
112 62 20460
112 63 31840
112 64 26144
112 65 34792
112 66 26700
112 67 24126
112 68 16824
112 69 15192
112 70 22496
112 71 34614
112 72 15025
112 73 16272
112 74 21116
112 75 19979
112 76 16374
112 77 20287
112 78 32393
112 79 22921
112 80 23339
112 81 22964
112 82 15746
112 83 13300
112 84 15463
112 85 7008
112 86 14630
112 87 6512
112 88 17244
112 89 2188
112 90 31321
112 91 19093
112 92 13064
112 93 8907
112 94 2529
112 95 4833
112 96 7736
112 97 8843
112 98 12783
112 99 10387
112 100 13818
112 101 17870
112 102 15909
112 103 30219
112 104 10412
112 105 4643
112 106 13992
112 107 25741
112 108 22129
112 109 17797
112 110 20754
112 111 10617
112 113 16217
112 114 14335
112 115 13356
112 116 19243
112 117 8448
112 118 3726
112 119 21529
112 120 26015
112 121 27014
112 122 23272
112 123 22182
112 124 24600
112 125 15125
112 126 31081
112 127 13003
112 128 28311
112 129 29196
112 130 21079
112 131 29197
112 132 12450
112 133 19989
112 134 20901
112 135 34896
112 136 44263
112 137 7537
112 138 11535
112 139 27837
112 140 24554
112 141 16759
112 142 19441
112 143 31500
112 144 11376
112 145 16623
112 146 6042
112 147 1482
112 148 18369
112 149 11996
112 150 22295
112 151 9186
112 152 2792
112 153 13356
112 154 8369
112 155 19951
112 156 282
112 157 21880
112 158 22984
112 159 16927
112 160 26177
112 161 26906
112 162 14087
112 163 24956
112 164 27622
112 165 28688
112 166 5482
112 167 8255
112 168 25669
112 169 27110
112 170 29039
112 171 13459
112 172 14555
112 173 15857
112 174 17619
112 175 29123
112 176 11605
112 177 19756
112 178 9283
112 179 17118
112 180 8360
112 181 25294
112 182 12929
112 183 1760
112 184 15176
112 185 26186
112 186 26984
112 187 27698
112 188 27480
112 189 22896
112 190 11070
112 191 18120
112 192 18316
112 193 13987
112 194 14019
112 195 12894
112 196 16551
112 197 19183
112 198 13263
112 199 16686
112 200 5011
113 1 40139
113 2 28771
113 3 50161
113 4 44019
113 5 3521
113 6 20207
113 7 27151
113 8 15135
113 9 52324
113 10 37893
113 11 35684
113 12 41512
113 13 19945
113 14 8980
113 15 21807
113 16 -1779
113 17 -997
113 18 16595
113 19 28257
113 20 52262
113 21 36794
113 22 38313
113 23 37373
113 24 54086
113 25 54112
113 26 36060
113 27 30167
113 28 36350
113 29 55368
113 30 41874
113 31 30029
113 32 44377
113 33 50841
113 34 57202
113 35 62904
113 36 24987
113 37 13270
113 38 7773
113 39 42456
113 40 32425
113 41 34393
113 42 18474
113 43 18086
113 44 5699
113 45 5222
113 46 13487
113 47 21158
113 48 15010
113 49 30663
113 50 43205
113 51 49544
113 52 26409
113 53 30046
113 54 45198
113 55 55445
113 56 46116
113 57 24700
113 58 27340
113 59 9061
113 60 14095
113 61 2078
113 62 31613
113 63 43817
113 64 31337
113 65 57304
113 66 47038
113 67 44272
113 68 43749
113 69 37870
113 70 42310
113 71 57683
113 72 35351
113 73 36235
113 74 39629
113 75 38494
113 76 42953
113 77 46954
113 78 58506
113 79 49251
113 80 50237
113 81 48207
113 82 17980
113 83 10580
113 84 3923
113 85 382
113 86 -8713
113 87 16236
113 88 30833
113 89 19616
113 90 45717
113 91 10139
113 92 16873
113 93 6681
113 94 16553
113 95 14858
113 96 14557
113 97 16709
113 98 11064
113 99 12890
113 100 9478
113 101 38858
113 102 41270
113 103 53018
113 104 12915
113 105 30778
113 106 23167
113 107 31576
113 108 37351
113 109 44449
113 110 44103
113 111 36715
113 112 21748
113 114 11249
113 115 28873
113 116 46045
113 117 20690
113 118 4112
113 119 9778
113 120 50832
113 121 53922
113 122 44877
113 123 26865
113 124 21286
113 125 3539
113 126 43160
113 127 30943
113 128 47950
113 129 55586
113 130 46658
113 131 46120
113 132 35913
113 133 37020
113 134 47453
113 135 59560
113 136 68146
113 137 24653
113 138 38448
113 139 49998
113 140 6784
113 141 386
113 142 17207
113 143 29269
113 144 21273
113 145 30376
113 146 29385
113 147 16672
113 148 30655
113 149 37637
113 150 49193
113 151 12995
113 152 25998
113 153 22567
113 154 35282
113 155 43367
113 156 26865
113 157 47185
113 158 49541
113 159 29430
113 160 44913
113 161 50133
113 162 34370
113 163 51682
113 164 53165
113 165 53681
113 166 14128
113 167 29927
113 168 24368
113 169 53689
113 170 51666
113 171 31241
113 172 19095
113 173 2169
113 174 9329
113 175 34999
113 176 36077
113 177 46477
113 178 24112
113 179 42289
113 180 32957
113 181 38539
113 182 22839
113 183 17307
113 184 41994
113 185 52088
113 186 46401
113 187 49985
113 188 48597
113 189 37890
113 190 28397
113 191 4543
113 192 9099
113 193 6668
113 194 23169
113 195 39066
113 196 43231
113 197 39786
113 198 36201
113 199 11526
113 200 31634
114 1 26705
114 2 31694
114 3 39414
114 4 42071
114 5 4710
114 6 17283
114 7 9310
114 8 -1311
114 9 37906
114 10 20337
114 11 17316
114 12 34053
114 13 19704
114 14 23092
114 15 30937
114 16 13241
114 17 7895
114 18 3628
114 19 10104
114 20 35917
114 21 36144
114 22 41560
114 23 40248
114 24 46718
114 25 51289
114 26 30863
114 27 19713
114 28 27831
114 29 45968
114 30 25664
114 31 14017
114 32 26591
114 33 37970
114 34 44691
114 35 48394
114 36 10450
114 37 20868
114 38 25429
114 39 42545
114 40 30182
114 41 39345
114 42 27763
114 43 30183
114 44 21187
114 45 -605
114 46 1954
114 47 4573
114 48 -3100
114 49 14334
114 50 31147
114 51 34855
114 52 13017
114 53 24801
114 54 39884
114 55 51835
114 56 47191
114 57 30789
114 58 25168
114 59 13155
114 60 8529
114 61 13007
114 62 13534
114 63 25511
114 64 13512
114 65 41181
114 66 30193
114 67 45413
114 68 34964
114 69 24532
114 70 26410
114 71 42178
114 72 35998
114 73 37031
114 74 41597
114 75 40590
114 76 32783
114 77 36702
114 78 46347
114 79 37790
114 80 42127
114 81 35049
114 82 -355
114 83 965
114 84 6483
114 85 9376
114 86 9514
114 87 21038
114 88 13833
114 89 12009
114 90 27722
114 91 21672
114 92 21971
114 93 12617
114 94 15976
114 95 17037
114 96 15468
114 97 21011
114 98 18640
114 99 15746
114 100 19452
114 101 23915
114 102 28806
114 103 37595
114 104 15771
114 105 25886
114 106 6260
114 107 13313
114 108 19715
114 109 37773
114 110 42223
114 111 26421
114 112 16293
114 113 7676
114 115 31977
114 116 36408
114 117 22806
114 118 -14
114 119 24373
114 120 37005
114 121 44441
114 122 29500
114 123 8551
114 124 4890
114 125 -3211
114 126 24876
114 127 15946
114 128 31136
114 129 44201
114 130 42004
114 131 28511
114 132 23104
114 133 40052
114 134 40704
114 135 45286
114 136 53051
114 137 25771
114 138 30951
114 139 49283
114 140 24458
114 141 16032
114 142 28517
114 143 13356
114 144 26797
114 145 35083
114 146 19195
114 147 11883
114 148 12984
114 149 33158
114 150 41083
114 151 18093
114 152 23826
114 153 6442
114 154 27785
114 155 41419
114 156 19926
114 157 34540
114 158 38794
114 159 11491
114 160 27884
114 161 34867
114 162 19369
114 163 44299
114 164 39999
114 165 49813
114 166 5529
114 167 17184
114 168 7429
114 169 42583
114 170 50510
114 171 33623
114 172 27110
114 173 9497
114 174 -3683
114 175 16756
114 176 23675
114 177 39411
114 178 27504
114 179 38359
114 180 29830
114 181 20243
114 182 4948
114 183 15034
114 184 32613
114 185 39924
114 186 47958
114 187 49156
114 188 32341
114 189 20334
114 190 12740
114 191 18913
114 192 22393
114 193 17483
114 194 5968
114 195 33639
114 196 33190
114 197 40303
114 198 34692
114 199 761
114 200 24053
115 1 30249
115 2 -863
115 3 30979
115 4 13186
115 5 17580
115 6 17395
115 7 35573
115 8 33936
115 9 39218
115 10 39288
115 11 44510
115 12 19015
115 13 5762
115 14 12792
115 15 2321
115 16 17456
115 17 28018
115 18 24226
115 19 40610
115 20 45513
115 21 6332
115 22 6410
115 23 5475
115 24 27928
115 25 23179
115 26 12392
115 27 20647
115 28 19990
115 29 32178
115 30 36558
115 31 28892
115 32 44132
115 33 35580
115 34 38720
115 35 48394
115 36 45465
115 37 13951
115 38 20667
115 39 10272
115 40 7274
115 41 4064
115 42 8101
115 43 8046
115 44 18249
115 45 29386
115 46 36982
115 47 38839
115 48 29570
115 49 47684
115 50 28686
115 51 38510
115 52 26444
115 53 12521
115 54 17742
115 55 25304
115 56 13851
115 57 390
115 58 6324
115 59 10030
115 60 25268
115 61 20305
115 62 37215
115 63 48383
115 64 42898
115 65 46458
115 66 40387
115 67 12020
115 68 21342
115 69 30053
115 70 37769
115 71 46287
115 72 3398
115 73 4485
115 74 7349
115 75 6248
115 76 24852
115 77 27596
115 78 40166
115 79 30667
115 80 26844
115 81 32891
115 82 31257
115 83 25994
115 84 24593
115 85 9861
115 86 16278
115 87 440
115 88 33991
115 89 17828
115 90 47566
115 91 19690
115 92 14842
115 93 13341
115 94 10324
115 95 8434
115 96 15244
115 97 8396
115 98 14224
115 99 16725
115 100 12824
115 101 33003
115 102 26618
115 103 42540
115 104 16750
115 105 9983
115 106 30402
115 107 42421
115 108 38400
115 109 20118
115 110 13740
115 111 22114
115 112 11585
115 113 21571
115 114 28248
115 116 26078
115 117 10001
115 118 15185
115 119 18551
115 120 36202
115 121 31211
115 122 37396
115 123 38645
115 124 39727
115 125 26787
115 126 47632
115 127 29530
115 128 42789
115 129 36644
115 130 18217
115 131 44723
115 132 26865
115 133 5024
115 134 21116
115 135 44767
115 136 54826
115 137 4698
115 138 18241
115 139 18102
115 140 20357
115 141 16971
115 142 11430
115 143 47409
115 144 430
115 145 -78
115 146 22316
115 147 14898
115 148 35121
115 149 11503
115 150 25800
115 151 10964
115 152 4982
115 153 29605
115 154 15075
115 155 12534
115 156 15702
115 157 32477
115 158 30359
115 159 33615
115 160 41166
115 161 38657
115 162 29685
115 163 26013
115 164 36346
115 165 23875
115 166 19712
115 167 24249
115 168 41371
115 169 33455
115 170 19749
115 171 -1019
115 172 5348
115 173 23192
115 174 30841
115 175 45819
115 176 24814
115 177 21846
115 178 -6209
115 179 14146
115 180 7151
115 181 41502
115 182 29642
115 183 12330
115 184 22345
115 185 35135
115 186 14130
115 187 18104
115 188 41099
115 189 39285
115 190 27567
115 191 17934
115 192 15328
115 193 14362
115 194 30492
115 195 13588
115 196 24207
115 197 7724
115 198 6015
115 199 29319
115 200 19037
116 1 10473
116 2 27134
116 3 1309
116 4 14983
116 5 30942
116 6 28746
116 7 31238
116 8 38501
116 9 10526
116 10 23950
116 11 32964
116 12 1739
116 13 22148
116 14 39222
116 15 31981
116 16 38107
116 17 42273
116 18 27398
116 19 33449
116 20 20693
116 21 18619
116 22 27373
116 23 19646
116 24 7576
116 25 18602
116 26 8787
116 27 13655
116 28 10108
116 29 6010
116 30 14849
116 31 16253
116 32 23880
116 33 6813
116 34 9225
116 35 18849
116 36 43347
116 37 35734
116 38 46976
116 39 16024
116 40 17425
116 41 28687
116 42 35763
116 43 37463
116 44 42261
116 45 38282
116 46 40780
116 47 36500
116 48 27372
116 49 40990
116 50 3602
116 51 11807
116 52 23064
116 53 15516
116 54 6044
116 55 18506
116 56 25404
116 57 29961
116 58 18256
116 59 28385
116 60 34788
116 61 38470
116 62 26291
116 63 32161
116 64 30008
116 65 17511
116 66 14063
116 67 18126
116 68 -4666
116 69 15192
116 70 18970
116 71 17666
116 72 17893
116 73 21721
116 74 25545
116 75 22470
116 76 -1055
116 77 -2074
116 78 10550
116 79 994
116 80 3501
116 81 3748
116 82 31297
116 83 33790
116 84 37640
116 85 29686
116 86 37442
116 87 25436
116 88 24859
116 89 23040
116 90 29743
116 91 41523
116 92 35121
116 93 31656
116 94 24988
116 95 26739
116 96 30546
116 97 29914
116 98 35092
116 99 33198
116 100 35762
116 101 15590
116 102 -306
116 103 14944
116 104 33223
116 105 11702
116 106 27539
116 107 33066
116 108 21827
116 109 4773
116 110 17954
116 111 6404
116 112 17669
116 113 38940
116 114 32876
116 115 26275
116 117 29405
116 118 25593
116 119 43366
116 120 6965
116 121 4491
116 122 14827
116 123 32422
116 124 39474
116 125 35486
116 126 31656
116 127 20059
116 128 18825
116 129 7031
116 130 8852
116 131 23479
116 132 11664
116 133 24937
116 134 2926
116 135 15221
116 136 25428
116 137 25073
116 138 6437
116 139 22006
116 140 46384
116 141 39326
116 142 39116
116 143 42595
116 144 28406
116 145 26829
116 146 19071
116 147 23942
116 148 25013
116 149 8133
116 150 2457
116 151 31243
116 152 16914
116 153 28212
116 154 3271
116 155 14331
116 156 17702
116 157 4927
116 158 689
116 159 21091
116 160 18737
116 161 10289
116 162 14394
116 163 5473
116 164 6665
116 165 16395
116 166 26113
116 167 15324
116 168 38652
116 169 4431
116 170 20096
116 171 19557
116 172 33118
116 173 38473
116 174 36262
116 175 36076
116 176 6483
116 177 3289
116 178 23023
116 179 10278
116 180 12437
116 181 22111
116 182 22393
116 183 24565
116 184 -3204
116 185 5673
116 186 26220
116 187 21286
116 188 15398
116 189 23947
116 190 16812
116 191 40561
116 192 40037
116 193 36328
116 194 26931
116 195 4969
116 196 -4396
116 197 19765
116 198 13411
116 199 36873
116 200 18039
117 1 26402
117 2 7723
117 3 31918
117 4 21930
117 5 6233
117 6 6871
117 7 25889
117 8 22702
117 9 37691
117 10 32002
117 11 35543
117 12 21356
117 13 -1449
117 14 8644
117 15 8039
117 16 8413
117 17 17090
117 18 13767
117 19 30753
117 20 41388
117 21 14731
117 22 17797
117 23 16808
117 24 33108
117 25 32022
117 26 15062
117 27 15414
117 28 18202
117 29 35561
117 30 31594
117 31 21821
117 32 37813
117 33 34717
117 34 39799
117 35 47765
117 36 34513
117 37 5075
117 38 16198
117 39 20726
117 40 10578
117 41 15179
117 42 6854
117 43 10057
117 44 11527
117 45 17991
117 46 25647
117 47 28092
117 48 19052
117 49 37310
117 50 27033
117 51 35884
117 52 17984
117 53 10294
117 54 23638
117 55 33411
117 56 24618
117 57 6816
117 58 5811
117 59 -887
117 60 13961
117 61 10040
117 62 28662
117 63 40624
117 64 33701
117 65 44499
117 66 36549
117 67 22989
117 68 23983
117 69 25037
117 70 32239
117 71 44290
117 72 13588
117 73 14451
117 74 18380
117 75 17380
117 76 24852
117 77 28492
117 78 41025
117 79 31443
117 80 30046
117 81 32179
117 82 20647
117 83 14685
117 84 13327
117 85 25
117 86 7753
117 87 -2707
117 88 25645
117 89 8399
117 90 40502
117 91 11126
117 92 4709
117 93 2698
117 94 -419
117 95 -2931
117 96 3843
117 97 -859
117 98 4750
117 99 5473
117 100 5009
117 101 27665
117 102 25209
117 103 39965
117 104 5498
117 105 10188
117 106 20703
117 107 32957
117 108 31334
117 109 23699
117 110 22012
117 111 19835
117 112 4671
117 113 11382
117 114 17071
117 115 7995
117 116 27202
117 118 3832
117 119 12561
117 120 35343
117 121 34266
117 122 33121
117 123 28762
117 124 28790
117 125 15386
117 126 39859
117 127 22151
117 128 38130
117 129 37636
117 130 24877
117 131 38788
117 132 22293
117 133 16384
117 134 26324
117 135 44206
117 136 53757
117 137 2586
117 138 18850
117 139 28065
117 140 15587
117 141 8980
117 142 9593
117 143 36799
117 144 2891
117 145 10906
117 146 15734
117 147 4702
117 148 26661
117 149 16119
117 150 29002
117 151 831
117 152 4469
117 153 19759
117 154 15684
117 155 21278
117 156 9984
117 157 31175
117 158 31298
117 159 25482
117 160 35928
117 161 36580
117 162 23791
117 163 30811
117 164 36592
117 165 31686
117 166 9030
117 167 17929
117 168 30701
117 169 35236
117 170 29707
117 171 10160
117 172 4958
117 173 12224
117 174 19502
117 175 36397
117 176 21326
117 177 25756
117 178 3421
117 179 20457
117 180 11223
117 181 34445
117 182 20496
117 183 2012
117 184 23161
117 185 35083
117 186 25123
117 187 28039
117 188 37327
117 189 31999
117 190 20208
117 191 10068
117 192 9233
117 193 5843
117 194 20861
117 195 17831
117 196 24800
117 197 18040
117 198 14110
117 199 17974
117 200 14433
118 1 25716
118 2 21806
118 3 36159
118 4 33932
118 5 -4053
118 6 8135
118 7 15259
118 8 8660
118 9 37906
118 10 24848
118 11 25104
118 12 28475
118 13 10209
118 14 14039
118 15 20662
118 16 5915
118 17 6372
118 18 2998
118 19 18930
118 20 38214
118 21 27354
118 22 31828
118 23 30723
118 24 41300
118 25 43633
118 26 23909
118 27 15939
118 28 22734
118 29 41822
118 30 27845
118 31 16147
118 32 31372
118 33 36474
118 34 42922
118 35 48484
118 36 20746
118 37 10801
118 38 18236
118 39 33795
118 40 21777
118 41 29316
118 42 17588
118 43 20255
118 44 13094
118 45 4267
118 46 11505
118 47 14711
118 48 6266
118 49 24339
118 50 28898
118 51 35152
118 52 12126
118 53 17588
118 54 33244
118 55 44485
118 56 38064
118 57 20540
118 58 16572
118 59 2879
118 60 95
118 61 5303
118 62 19496
118 63 31987
118 64 22429
118 65 43084
118 66 33148
118 67 36432
118 68 30321
118 69 23450
118 70 28237
118 71 43358
118 72 26880
118 73 27808
118 74 32137
118 75 31153
118 76 29025
118 77 33053
118 78 44264
118 79 35112
118 80 37049
118 81 33823
118 82 7956
118 83 580
118 84 1763
118 85 25
118 86 4065
118 87 10795
118 88 17652
118 89 5577
118 90 33091
118 91 12619
118 92 11693
118 93 2698
118 94 6275
118 95 6875
118 96 5250
118 97 10735
118 98 8670
118 99 5473
118 100 9746
118 101 24575
118 102 26927
118 103 38699
118 104 5498
118 105 18618
118 106 10524
118 107 21726
118 108 24331
118 109 31773
118 110 33985
118 111 22653
118 112 8858
118 113 3713
118 114 3160
118 115 22088
118 116 32299
118 117 12741
118 119 15752
118 120 36415
118 121 40332
118 122 30614
118 123 17048
118 124 15144
118 125 1566
118 126 31260
118 127 16821
118 128 34113
118 129 41469
118 130 35057
118 131 32897
118 132 21496
118 133 30376
118 134 34884
118 135 45138
118 136 53757
118 137 16088
118 138 25288
118 139 40775
118 140 17331
118 141 8416
118 142 18620
118 143 23511
118 144 16551
118 145 25042
118 146 15126
118 147 3544
118 148 18008
118 149 25933
118 150 36005
118 151 7815
118 152 15230
118 153 9604
118 154 22122
118 155 33280
118 156 13485
118 157 32828
118 158 35539
118 159 16982
118 160 31230
118 161 35781
118 162 20127
118 163 38855
118 164 38797
118 165 42563
118 166 -288
118 167 15505
118 168 17463
118 169 39658
118 170 42237
118 171 24038
118 172 16840
118 173 3271
118 174 5360
118 175 25195
118 176 21695
118 177 33686
118 178 17550
118 179 30971
118 180 21870
118 181 26516
118 182 10698
118 183 5778
118 184 28294
118 185 37815
118 186 38722
118 187 40698
118 188 34501
118 189 24845
118 190 14443
118 191 10676
118 192 13338
118 193 8174
118 194 10675
118 195 26925
118 196 29361
118 197 31278
118 198 26257
118 199 3832
118 200 18122
119 1 42479
119 2 20084
119 3 49111
119 4 36349
119 5 9458
119 6 20400
119 7 35652
119 8 26603
119 9 54323
119 10 44861
119 11 45433
119 12 38460
119 13 15754
119 14 -5442
119 15 8579
119 16 -1234
119 17 12791
119 18 23275
119 19 38899
119 20 56750
119 21 29240
119 22 27733
119 23 26276
119 24 49720
119 25 46373
119 26 31984
119 27 31454
119 28 35281
119 29 52637
119 30 46580
119 31 35499
119 32 51289
119 33 51634
119 34 56963
119 35 64587
119 36 38129
119 37 7358
119 38 -913
119 39 32952
119 40 26972
119 41 22861
119 42 6497
119 43 3803
119 44 -4595
119 45 18146
119 46 26980
119 47 33303
119 48 25850
119 49 43095
119 50 43875
119 51 52172
119 52 31090
119 53 27488
119 54 39863
119 55 48401
119 56 36399
119 57 13759
119 58 22744
119 59 6631
119 60 20473
119 61 6052
119 62 39859
119 63 52347
119 64 42415
119 65 60752
119 66 51894
119 67 33715
119 68 41111
119 69 40654
119 70 47001
119 71 60641
119 72 26530
119 73 27680
119 74 29909
119 75 28376
119 76 42011
119 77 45690
119 78 58184
119 79 48615
119 80 47088
119 81 49100
119 82 27873
119 83 19601
119 84 13549
119 85 -1533
119 86 -5488
119 87 8005
119 88 37738
119 89 21911
119 90 53242
119 91 4802
119 92 12338
119 93 5726
119 94 14563
119 95 11112
119 96 14083
119 97 10735
119 98 6504
119 99 12622
119 100 1784
119 101 42782
119 102 42062
119 103 56147
119 104 12647
119 105 27329
119 106 30892
119 107 41886
119 108 44331
119 109 40602
119 110 36762
119 111 36715
119 112 20995
119 113 3713
119 114 21881
119 115 19788
119 116 44406
119 117 15804
119 118 10086
119 120 52181
119 121 51380
119 122 48656
119 123 37129
119 124 33439
119 125 16096
119 126 51613
119 127 35882
119 128 53085
119 129 54820
119 130 40747
119 131 52640
119 132 38198
119 133 26498
119 134 42884
119 135 61062
119 136 70418
119 137 18511
119 138 36050
119 139 41123
119 140 -1586
119 141 -4048
119 142 3819
119 143 41893
119 144 11464
119 145 19387
119 146 31173
119 147 17954
119 148 38280
119 149 32611
119 150 46044
119 151 8460
119 152 21402
119 153 29940
119 154 32884
119 155 35697
119 156 26454
119 157 48033
119 158 48491
119 159 37270
119 160 50487
119 161 52945
119 162 38580
119 163 47523
119 164 53653
119 165 46892
119 166 19064
119 167 32981
119 168 36297
119 169 52440
119 170 42691
119 171 21437
119 172 7908
119 173 10594
119 174 21812
119 175 45352
119 176 37678
119 177 42630
119 178 14995
119 179 36388
119 180 27640
119 181 46815
119 182 31082
119 183 16545
119 184 40364
119 185 52159
119 186 36266
119 187 41126
119 188 52871
119 189 44858
119 190 33761
119 191 -1964
119 192 -3531
119 193 846
119 194 31054
119 195 34508
119 196 41992
119 197 30742
119 198 28918
119 199 21781
119 200 31124
120 1 15230
120 2 44253
120 3 9462
120 4 31823
120 5 42819
120 6 42112
120 7 35851
120 8 45789
120 9 -5881
120 10 21955
120 11 30620
120 12 19456
120 13 37583
120 14 54733
120 15 49272
120 16 51590
120 17 53062
120 18 36528
120 19 33904
120 20 9585
120 21 36333
120 22 45070
120 23 36559
120 24 17610
120 25 32737
120 26 26212
120 27 25051
120 28 24804
120 29 11432
120 30 9494
120 31 19229
120 32 15720
120 33 2979
120 34 -1336
120 35 1668
120 36 44895
120 37 50497
120 38 62023
120 39 32039
120 40 34546
120 41 46407
120 42 52065
120 43 54322
120 44 56824
120 45 46965
120 46 46194
120 47 39054
120 48 31257
120 49 39622
120 50 10658
120 51 2544
120 52 31525
120 53 31089
120 54 22044
120 55 32922
120 56 42561
120 57 47088
120 58 34599
120 59 42548
120 60 45743
120 61 51407
120 62 26534
120 63 26577
120 64 24482
120 65 -205
120 66 -1077
120 67 33061
120 68 9888
120 69 21862
120 70 17857
120 71 207
120 72 35572
120 73 39435
120 74 43234
120 75 39996
120 76 13672
120 77 11214
120 78 3548
120 79 2392
120 80 18868
120 81 -5122
120 82 37231
120 83 43434
120 84 48777
120 85 43542
120 86 50616
120 87 41600
120 88 28203
120 89 34958
120 90 23835
120 91 55792
120 92 49820
120 93 45383
120 94 39299
120 95 41523
120 96 44195
120 97 45231
120 98 49542
120 99 46775
120 100 50579
120 101 17870
120 102 3192
120 103 -246
120 104 46800
120 105 28180
120 106 33607
120 107 32037
120 108 18435
120 109 22268
120 110 35412
120 111 19076
120 112 31592
120 113 50878
120 114 40624
120 115 43550
120 116 14116
120 117 44697
120 118 36860
120 119 58292
120 121 11204
120 122 10992
120 123 34039
120 124 43486
120 125 44238
120 126 26482
120 127 25764
120 128 7954
120 129 7861
120 130 24636
120 131 14539
120 132 19270
120 133 42606
120 134 16202
120 135 -1874
120 136 7875
120 137 41316
120 138 23159
120 139 38126
120 140 61323
120 141 53322
120 142 55275
120 143 42614
120 144 45121
120 145 44478
120 146 30372
120 147 36713
120 148 26739
120 149 25853
120 150 17824
120 151 45942
120 152 33257
120 153 35230
120 154 19993
120 155 31171
120 156 31395
120 157 6337
120 158 8842
120 159 20484
120 160 9794
120 161 -6618
120 162 17758
120 163 17348
120 164 -7104
120 165 31038
120 166 36902
120 167 23874
120 168 41153
120 169 3404
120 170 34593
120 171 37277
120 172 49552
120 173 50379
120 174 43420
120 175 34642
120 176 14400
120 177 19756
120 178 40204
120 179 27666
120 180 29872
120 181 12917
120 182 25437
120 183 38379
120 184 13873
120 185 4432
120 186 43250
120 187 37188
120 188 2709
120 189 21952
120 190 21202
120 191 54790
120 192 55061
120 193 50724
120 194 32514
120 195 22651
120 196 11278
120 197 37254
120 198 31094
120 199 46005
120 200 31839
121 1 19008
121 2 34520
121 3 3925
121 4 16857
121 5 40849
121 6 38488
121 7 40751
121 8 48463
121 9 10604
121 10 31596
121 11 40849
121 12 9306
121 13 31180
121 14 47811
121 15 38709
121 16 47612
121 17 52252
121 18 37430
121 19 42185
121 20 24294
121 21 24286
121 22 31828
121 23 21177
121 24 874
121 25 16108
121 26 16558
121 27 23700
121 28 19990
121 29 -4032
121 30 20802
121 31 25119
121 32 29307
121 33 9222
121 34 3462
121 35 15470
121 36 52501
121 37 44872
121 38 55729
121 39 16008
121 40 25228
121 41 33558
121 42 43867
121 43 44815
121 44 51350
121 45 48327
121 46 50591
121 47 45798
121 48 36860
121 49 49392
121 50 11603
121 51 15160
121 52 32998
121 53 24801
121 54 6972
121 55 16437
121 56 27708
121 57 37159
121 58 26853
121 59 37807
121 60 44801
121 61 48148
121 62 34765
121 63 38828
121 64 36984
121 65 15148
121 66 15538
121 67 16462
121 68 -2430
121 69 24532
121 70 26410
121 71 16683
121 72 22415
121 73 27229
121 74 30030
121 75 25935
121 76 8783
121 77 4745
121 78 6387
121 79 202
121 80 5654
121 81 4298
121 82 41079
121 83 43840
121 84 47611
121 85 39140
121 86 46985
121 87 33811
121 88 33991
121 89 33031
121 90 36146
121 91 50803
121 92 44331
121 93 41182
121 94 34458
121 95 35979
121 96 40160
121 97 38857
121 98 44358
121 99 42801
121 100 44833
121 101 23915
121 102 5915
121 103 16110
121 104 42826
121 105 20483
121 106 37268
121 107 41385
121 108 29021
121 109 10227
121 110 21636
121 111 16429
121 112 27395
121 113 48772
121 114 42864
121 115 33363
121 116 6446
121 117 38424
121 118 35581
121 119 52295
121 120 6008
121 122 20959
121 123 41411
121 124 49038
121 125 45531
121 126 38459
121 127 29530
121 128 22712
121 129 5022
121 130 9144
121 131 28511
121 132 21129
121 133 29139
121 134 -61
121 135 12055
121 136 22364
121 137 33543
121 138 15602
121 139 22246
121 140 55201
121 141 48649
121 142 47285
121 143 51367
121 144 36216
121 145 32622
121 146 29121
121 147 33810
121 148 33816
121 149 14331
121 150 4610
121 151 40453
121 152 25511
121 153 38065
121 154 12436
121 155 16205
121 156 27537
121 157 10129
121 158 3305
121 159 29280
121 160 23564
121 161 10144
121 162 23131
121 163 811
121 164 2797
121 165 14672
121 166 36149
121 167 25158
121 168 47929
121 169 -1776
121 170 17966
121 171 24569
121 172 41136
121 173 48348
121 174 46227
121 175 44285
121 176 15778
121 177 6303
121 178 30274
121 179 14146
121 180 19783
121 181 27305
121 182 31567
121 183 34204
121 184 6726
121 185 6816
121 186 28141
121 187 21157
121 188 18205
121 189 31593
121 190 26027
121 191 49815
121 192 48941
121 193 45568
121 194 36588
121 195 10760
121 196 5190
121 197 23235
121 198 18254
121 199 46921
121 200 27904
122 1 4934
122 2 38331
122 3 14001
122 4 32987
122 5 30525
122 6 31497
122 7 21083
122 8 31381
122 9 4633
122 10 7250
122 11 16373
122 12 18823
122 13 29121
122 14 45155
122 15 43158
122 16 40068
122 17 39807
122 18 23185
122 19 19022
122 20 4237
122 21 33604
122 22 42689
122 23 37121
122 24 25086
122 25 37470
122 26 22915
122 27 15011
122 28 18428
122 29 20595
122 30 -4017
122 31 4629
122 32 5015
122 33 7851
122 34 13207
122 35 14920
122 36 29971
122 37 40505
122 38 51593
122 39 34407
122 40 29487
122 41 43247
122 42 43918
122 43 46906
122 44 46178
122 45 32890
122 46 31292
122 47 24028
122 48 16278
122 49 25294
122 50 6972
122 51 1615
122 52 18502
122 53 23964
122 54 24809
122 55 37373
122 56 42712
122 57 40831
122 58 27899
122 59 32145
122 60 33066
122 61 39605
122 62 11562
122 63 13833
122 64 11985
122 65 8432
122 66 -613
122 67 36823
122 68 13666
122 69 10217
122 70 2856
122 71 8808
122 72 33702
122 73 36473
122 74 41090
122 75 38850
122 76 12336
122 77 13494
122 78 15984
122 79 9885
122 80 22257
122 81 3748
122 82 22606
122 83 29989
122 84 35898
122 85 32580
122 86 38668
122 87 33631
122 88 13391
122 89 23560
122 90 11187
122 91 45092
122 92 39921
122 93 34447
122 94 29458
122 95 31954
122 96 33496
122 97 36125
122 98 39224
122 99 35870
122 100 40506
122 101 4060
122 102 1780
122 103 4151
122 104 35895
122 105 22497
122 106 19223
122 107 17436
122 108 4212
122 109 22773
122 110 35037
122 111 12404
122 112 22135
122 113 38209
122 114 26405
122 115 38030
122 116 15264
122 117 35761
122 118 24345
122 119 48053
122 120 4278
122 121 19441
122 123 19027
122 124 28486
122 125 30211
122 126 13460
122 127 11972
122 128 1361
122 129 16169
122 130 27620
122 131 4714
122 132 8503
122 133 40532
122 134 21494
122 135 11936
122 136 19532
122 137 33888
122 138 19421
122 139 40390
122 140 50792
122 141 42177
122 142 46753
122 143 27925
122 144 38028
122 145 40310
122 146 19562
122 147 25714
122 148 11716
122 149 24146
122 150 21213
122 151 36043
122 152 26557
122 153 21142
122 154 16255
122 155 32335
122 156 22152
122 157 6337
122 158 13381
122 159 5593
122 160 226
122 161 1366
122 162 3891
122 163 23543
122 164 7797
122 165 35260
122 166 24410
122 167 11900
122 168 26126
122 169 14156
122 170 38926
122 171 34482
122 172 41727
122 173 37911
122 174 28914
122 175 20157
122 176 5445
122 177 22093
122 178 34384
122 179 27851
122 180 25960
122 181 3248
122 182 10478
122 183 28178
122 184 13348
122 185 10951
122 186 43664
122 187 39778
122 188 199
122 189 7247
122 190 6934
122 191 43913
122 192 45007
122 193 40181
122 194 17998
122 195 21949
122 196 11683
122 197 36443
122 198 29512
122 199 32272
122 200 23098
123 1 23121
123 2 42006
123 3 37113
123 4 47529
123 5 19360
123 6 28051
123 7 6058
123 8 11685
123 9 30406
123 10 9199
123 11 1908
123 12 35911
123 13 29873
123 14 37963
123 15 43643
123 16 28633
123 17 23158
123 18 12846
123 19 -4982
123 20 25776
123 21 43494
123 22 50820
123 23 48521
123 24 46970
123 25 55304
123 26 35372
123 27 22121
123 28 30419
123 29 44257
123 30 16564
123 31 8357
123 32 13595
123 33 33104
123 34 39161
123 35 40124
123 36 4177
123 37 34675
123 38 40924
123 39 48877
123 40 37425
123 41 49603
123 42 41158
123 43 44113
123 44 36459
123 45 13655
123 46 6935
123 47 -1925
123 48 -7319
123 49 2517
123 50 28365
123 51 27559
123 52 15788
123 53 30910
123 54 42693
123 55 55420
123 56 54645
123 57 42493
123 58 33216
123 59 26407
123 60 22117
123 61 28249
123 62 1596
123 63 10903
123 64 -1591
123 65 30308
123 66 18597
123 67 51961
123 68 34725
123 69 22296
123 70 18781
123 71 32657
123 72 43798
123 73 45249
123 74 50163
123 75 48933
123 76 32032
123 77 35250
123 78 41614
123 79 34368
123 80 42565
123 81 29521
123 82 3864
123 83 15680
123 84 21914
123 85 23980
123 86 25020
123 87 32998
123 88 7808
123 89 20523
123 90 14349
123 91 36490
123 92 35121
123 93 26704
123 94 27081
123 95 29038
123 96 28034
123 97 33421
123 98 32629
123 99 29114
123 100 33764
123 101 18576
123 102 25106
123 103 28618
123 104 29139
123 105 31548
123 106 7144
123 107 -2191
123 108 7940
123 109 40040
123 110 48139
123 111 26933
123 112 23977
123 113 23129
123 114 8388
123 115 42211
123 116 35791
123 117 34334
123 118 13711
123 119 39458
123 120 30257
123 121 42825
123 122 21959
123 124 3554
123 125 11410
123 126 10415
123 127 13615
123 128 20103
123 129 40764
123 130 45234
123 131 15901
123 132 21395
123 133 49120
123 134 41884
123 135 37445
123 136 43853
123 137 35971
123 138 33618
123 139 55188
123 140 39957
123 141 31399
123 142 42540
123 143 3307
123 144 38619
123 145 45540
123 146 23054
123 147 22053
123 148 3819
123 149 37718
123 150 41521
123 151 31243
123 152 31874
123 153 9955
123 154 30452
123 155 46877
123 156 26055
123 157 30420
123 158 36493
123 159 -334
123 160 16638
123 161 25914
123 162 14596
123 163 44801
123 164 33797
123 165 53285
123 166 16299
123 167 17490
123 168 182
123 169 39096
123 170 55629
123 171 42591
123 172 40030
123 173 24889
123 174 7861
123 175 1266
123 176 21713
123 177 40950
123 178 37979
123 179 42786
123 180 36054
123 181 5501
123 182 -2707
123 183 25661
123 184 32573
123 185 35809
123 186 55596
123 187 54911
123 188 22183
123 189 9196
123 190 8694
123 191 34113
123 192 37245
123 193 32138
123 194 5447
123 195 37206
123 196 32269
123 197 47725
123 198 41181
123 199 16177
123 200 29080
124 1 30008
124 2 41927
124 3 43827
124 4 50629
124 5 15428
124 6 27394
124 7 10162
124 8 5673
124 9 38967
124 10 18290
124 11 10656
124 12 40724
124 13 29773
124 14 33531
124 15 41685
124 16 23212
124 17 16207
124 18 12353
124 19 2486
124 20 34910
124 21 45401
124 22 51566
124 23 49989
124 24 52739
124 25 59272
124 26 38795
124 27 26173
124 28 34652
124 29 50854
124 30 25362
124 31 15546
124 32 23029
124 33 40768
124 34 47199
124 35 48963
124 36 -141
124 37 31635
124 38 34869
124 39 51546
124 40 39294
124 41 49647
124 42 38533
124 43 40906
124 44 31287
124 45 6326
124 46 -2497
124 47 -5987
124 48 -8150
124 49 3776
124 50 35111
124 51 35981
124 52 19008
124 53 33293
124 54 47173
124 55 59588
124 56 56595
124 57 41381
124 58 34534
124 59 23901
124 60 19220
124 61 23291
124 62 10622
124 63 20119
124 64 4346
124 65 39654
124 66 27988
124 67 54558
124 68 40591
124 69 28465
124 70 27032
124 71 41753
124 72 45473
124 73 46633
124 74 51361
124 75 50303
124 76 37985
124 77 41581
124 78 49337
124 79 41555
124 80 48133
124 81 37449
124 82 2416
124 83 11735
124 84 16651
124 85 20028
124 86 18450
124 87 31640
124 88 14628
124 89 21116
124 90 23780
124 91 32211
124 92 32716
124 93 23375
124 94 26264
124 95 27590
124 96 26093
124 97 31668
124 98 29398
124 99 26493
124 100 30153
124 101 25989
124 102 32260
124 103 37551
124 104 26518
124 105 34256
124 106 9892
124 107 5939
124 108 17209
124 109 44700
124 110 50938
124 111 32139
124 112 25302
124 113 16457
124 114 3634
124 115 42200
124 116 41750
124 117 33269
124 118 10714
124 119 34675
124 120 38611
124 121 49359
124 122 30325
124 123 2461
124 125 4422
124 126 19698
124 127 19333
124 128 29390
124 129 47971
124 130 49522
124 131 25329
124 132 27392
124 133 50001
124 134 47187
124 135 46164
124 136 52912
124 137 35906
124 138 37936
124 139 58088
124 140 33882
124 141 26009
124 142 39241
124 143 2638
124 144 37393
124 145 45416
124 146 26266
124 147 21731
124 148 11862
124 149 41180
124 150 47089
124 151 28838
124 152 33192
124 153 11720
124 154 34770
124 155 49977
124 156 28260
124 157 37755
124 158 43207
124 159 8781
124 160 25934
124 161 34867
124 162 21690
124 163 50424
124 164 42028
124 165 57500
124 166 15328
124 167 22338
124 168 -2766
124 169 46372
124 170 59022
124 171 43512
124 172 37861
124 173 19648
124 174 273
124 175 9195
124 176 27941
124 177 46002
124 178 37791
124 179 46386
124 180 38544
124 181 14536
124 182 4118
124 183 25135
124 184 38241
124 185 43229
124 186 57446
124 187 57903
124 188 31340
124 189 18287
124 190 15133
124 191 29141
124 192 32872
124 193 28094
124 194 8752
124 195 41202
124 196 38337
124 197 49661
124 198 43621
124 199 11321
124 200 31917
125 1 32607
125 2 32723
125 3 44817
125 4 45034
125 5 3655
125 6 19289
125 7 15688
125 8 2284
125 9 44093
125 10 26709
125 11 22931
125 12 38519
125 13 21365
125 14 20072
125 15 30015
125 16 9398
125 17 2249
125 18 8535
125 19 15265
125 20 42308
125 21 38531
125 22 42795
125 23 41770
125 24 51336
125 25 54633
125 26 34582
125 27 24697
125 28 32418
125 29 51108
125 30 32038
125 31 20331
125 32 32896
125 33 43851
125 34 50560
125 35 54617
125 36 12420
125 37 19663
125 38 20834
125 39 44975
125 40 32893
125 41 40002
125 42 26516
125 43 28145
125 44 17500
125 45 -6816
125 46 1472
125 47 8041
125 48 2082
125 49 17668
125 50 36792
125 51 41063
125 52 18600
125 53 28294
125 54 43848
125 55 55385
125 56 49226
125 57 30802
125 58 27709
125 59 12829
125 60 9865
125 61 9873
125 62 19783
125 63 31516
125 64 18196
125 65 47572
125 66 36595
125 67 47602
125 68 39872
125 69 30358
125 70 32743
125 71 48517
125 72 38049
125 73 38967
125 74 43234
125 75 42250
125 76 37973
125 77 41961
125 78 52122
125 79 43382
125 80 46854
125 81 41002
125 82 5856
125 83 2651
125 84 3500
125 85 7338
125 86 4440
125 87 21194
125 88 20229
125 89 15592
125 90 33964
125 91 19093
125 92 21542
125 93 11447
125 94 17412
125 95 17637
125 96 16041
125 97 21072
125 98 17313
125 99 15549
125 100 17538
125 101 30095
125 102 34567
125 103 43915
125 104 15574
125 105 29379
125 106 12607
125 107 18652
125 108 26070
125 109 42050
125 110 45099
125 111 31532
125 112 19561
125 113 2444
125 114 -733
125 115 32994
125 116 41496
125 117 23599
125 118 870
125 119 21066
125 120 43097
125 121 49586
125 122 35784
125 123 14051
125 124 8156
125 126 30915
125 127 22052
125 128 37539
125 129 49782
125 130 45793
125 131 34853
125 132 28814
125 133 41372
125 134 45115
125 135 51470
125 136 59353
125 137 27169
125 138 35335
125 139 51939
125 140 19846
125 141 12165
125 142 26580
125 143 16346
125 144 26874
125 145 35735
125 146 23991
125 147 14456
125 148 19358
125 149 36734
125 150 45810
125 151 17664
125 152 26367
125 153 12607
125 154 32169
125 155 44382
125 156 23760
125 157 40350
125 158 44197
125 159 17788
125 160 34284
125 161 41175
125 162 25542
125 163 48893
125 164 45986
125 165 53426
125 166 8854
125 167 22772
125 168 11222
125 169 48126
125 170 53377
125 171 35091
125 172 26309
125 173 6231
125 174 -3782
125 175 22052
125 176 29328
125 177 43839
125 178 28400
125 179 41851
125 180 32891
125 181 26238
125 182 11295
125 183 16953
125 184 37606
125 185 45663
125 186 49864
125 187 51858
125 188 38729
125 189 26706
125 190 18984
125 191 15500
125 192 19531
125 193 15162
125 194 12356
125 195 37527
125 196 38371
125 197 42453
125 198 37400
125 199 1761
125 200 28171
126 1 20473
126 2 49347
126 3 32544
126 4 49340
126 5 32191
126 6 37644
126 7 17309
126 8 26685
126 9 20411
126 10 3425
126 11 580
126 12 35638
126 13 38050
126 14 50180
126 15 52862
126 16 42072
126 17 37912
126 18 24244
126 19 6278
126 20 13941
126 21 47747
126 22 56322
126 23 52463
126 24 43587
126 25 55125
126 26 37797
126 27 25746
126 28 32418
126 29 39190
126 30 7641
126 31 9038
126 32 -815
126 33 26297
126 34 30282
126 35 28573
126 36 16108
126 37 45967
126 38 54504
126 39 50941
126 40 42347
126 41 56064
126 42 51532
126 43 54784
126 44 49490
126 45 28804
126 46 22308
126 47 12485
126 48 8110
126 49 8651
126 50 24792
126 51 18710
126 52 22984
126 53 35816
126 54 42248
126 55 55039
126 56 58128
126 57 50956
126 58 39277
126 59 37437
126 60 34535
126 61 41494
126 62 3974
126 63 -4376
126 64 -6616
126 65 16287
126 66 4484
126 67 53752
126 68 31874
126 69 22296
126 70 13377
126 71 20207
126 72 48112
126 73 50182
126 74 55098
126 75 53418
126 76 29842
126 77 31759
126 78 33914
126 79 28448
126 80 40294
126 81 21711
126 82 18001
126 83 29195
126 84 35749
126 85 36277
126 86 39252
126 87 42204
126 88 12659
126 89 29372
126 90 444
126 91 48925
126 92 45881
126 93 38554
126 94 36470
126 95 38878
126 96 38744
126 97 43356
126 98 44180
126 99 40436
126 100 45517
126 101 15857
126 102 20219
126 103 17262
126 104 40461
126 105 35585
126 106 17804
126 107 2906
126 108 -660
126 109 39785
126 110 50702
126 111 27291
126 112 31044
126 113 37592
126 114 22881
126 115 49366
126 116 33193
126 117 43599
126 118 26091
126 119 52110
126 120 20868
126 121 38041
126 122 14560
126 123 8583
126 124 18959
126 125 26442
126 127 17196
126 128 7342
126 129 34703
126 130 45020
126 131 1764
126 132 21395
126 133 54395
126 134 39679
126 135 26410
126 136 31359
126 137 43758
126 138 34807
126 139 56991
126 140 53572
126 141 44711
126 142 53585
126 143 12630
126 144 47432
126 145 52442
126 146 28399
126 147 31538
126 148 7752
126 149 39709
126 150 39250
126 151 42003
126 152 37935
126 153 20725
126 154 31641
126 155 48688
126 156 31979
126 157 24913
126 158 31924
126 159 -1477
126 160 4159
126 161 14262
126 162 13459
126 163 41915
126 164 24485
126 165 52895
126 166 27270
126 167 20828
126 168 14744
126 169 32535
126 170 56293
126 171 48004
126 172 49917
126 173 38542
126 174 23234
126 175 4965
126 176 20477
126 177 39718
126 178 45403
126 179 44155
126 180 39888
126 181 -9762
126 182 5893
126 183 34942
126 184 30795
126 185 29473
126 186 59133
126 187 56517
126 188 10003
126 189 3422
126 190 11290
126 191 47073
126 192 49550
126 193 44358
126 194 16032
126 195 38207
126 196 29574
126 197 51463
126 198 44493
126 199 30302
126 200 33967
127 1 7917
127 2 29124
127 3 21488
127 4 31307
127 5 15772
127 6 18273
127 7 8194
127 8 17069
127 9 19022
127 10 6881
127 11 12687
127 12 19268
127 13 17945
127 14 31805
127 15 32791
127 16 25559
127 17 24809
127 18 8188
127 19 11065
127 20 18365
127 21 28248
127 22 36446
127 23 33260
127 24 30594
127 25 38726
127 26 19180
127 27 6060
127 28 13959
127 29 28493
127 30 7997
127 31 -3331
127 32 12710
127 33 19113
127 34 25813
127 35 29569
127 36 20322
127 37 27191
127 38 37512
127 39 32802
127 40 22505
127 41 35967
127 42 31949
127 43 35202
127 44 32118
127 45 18184
127 46 18292
127 47 13422
127 48 4314
127 49 18892
127 50 12821
127 51 16015
127 52 3815
127 53 15873
127 54 26059
127 55 38811
127 56 39107
127 57 30789
127 58 19128
127 59 18662
127 60 18200
127 61 25007
127 62 5196
127 63 15837
127 64 11034
127 65 23334
127 66 13324
127 67 35853
127 68 18376
127 69 6108
127 70 8387
127 71 23808
127 72 28633
127 73 30438
127 74 35393
127 75 33913
127 76 15708
127 77 19227
127 78 27594
127 79 19392
127 80 26075
127 81 16116
127 82 8847
127 83 14996
127 84 20933
127 85 18510
127 86 23915
127 87 22261
127 88 2285
127 89 9958
127 90 15347
127 91 31127
127 92 26813
127 93 20476
127 94 16836
127 95 19348
127 96 19912
127 97 23772
127 98 25659
127 99 22023
127 100 27024
127 101 5051
127 102 10176
127 103 19147
127 104 22048
127 105 16014
127 106 5019
127 107 11575
127 108 6165
127 109 23400
127 110 32134
127 111 10296
127 112 10853
127 113 23262
127 114 11838
127 115 29151
127 116 19483
127 117 23778
127 118 9539
127 119 34266
127 120 18037
127 121 26999
127 122 10959
127 123 9670
127 124 16481
127 125 15466
127 126 15083
127 128 14333
127 129 25811
127 130 28620
127 131 13850
127 132 5044
127 133 34593
127 134 25322
127 135 26396
127 136 34460
127 137 23564
127 138 17066
127 139 39012
127 140 36661
127 141 27844
127 142 34326
127 143 19951
127 144 27347
127 145 32265
127 146 8191
127 147 12245
127 148 3201
127 149 21439
127 150 25031
127 151 22935
127 152 17786
127 153 6442
127 154 13900
127 155 30655
127 156 11772
127 157 15807
127 158 20868
127 159 1173
127 160 11597
127 161 16334
127 162 502
127 163 28351
127 164 21039
127 165 36672
127 166 9712
127 167 1089
127 168 15583
127 169 24224
127 170 39200
127 171 28133
127 172 30136
127 173 23047
127 174 14755
127 175 14811
127 176 5580
127 177 24326
127 178 25179
127 179 26391
127 180 20498
127 181 9312
127 182 -484
127 183 15345
127 184 16101
127 185 21266
127 186 40100
127 187 38681
127 188 14662
127 189 6878
127 190 -4958
127 191 29760
127 192 31395
127 193 26340
127 194 4151
127 195 20696
127 196 16030
127 197 32276
127 198 25465
127 199 17352
127 200 13939
128 1 14983
128 2 48359
128 3 21369
128 4 42278
128 5 38741
128 6 40737
128 7 26597
128 8 37257
128 9 5183
128 10 9646
128 11 16051
128 12 28171
128 13 38911
128 14 54458
128 15 53139
128 16 48578
128 17 47041
128 18 30850
128 19 20718
128 20 -1479
128 21 43526
128 22 52628
128 23 46672
128 24 32091
128 25 45798
128 26 32803
128 27 24786
128 28 28470
128 29 26618
128 30 -7
128 31 11755
128 32 -631
128 33 13796
128 34 15180
128 35 12548
128 36 31452
128 37 49785
128 38 60492
128 39 43508
128 40 39532
128 41 53255
128 42 53641
128 43 56713
128 44 55080
128 45 39195
128 46 35480
128 47 26701
128 48 20391
128 49 24665
128 50 16188
128 51 5361
128 52 26828
128 53 33985
128 54 33541
128 55 45743
128 56 52289
128 57 50822
128 58 37917
128 59 41331
128 60 41107
128 61 48016
128 62 14558
128 63 10749
128 64 8116
128 65 1619
128 66 -9592
128 67 45609
128 68 21733
128 69 19918
128 70 10287
128 71 4243
128 72 43555
128 73 46433
128 74 50992
128 75 48641
128 76 21493
128 77 21690
128 78 19768
128 79 15993
128 80 30540
128 81 8098
128 82 28223
128 83 37305
128 84 43604
128 85 41459
128 86 46842
128 87 43439
128 88 19300
128 89 32592
128 90 8321
128 91 54047
128 92 49269
128 93 43382
128 94 38921
128 95 41448
128 96 42617
128 97 45709
128 98 48388
128 99 44868
128 100 49722
128 101 13144
128 102 10124
128 103 1431
128 104 44893
128 105 32544
128 106 25696
128 107 18032
128 108 5129
128 109 31944
128 110 44619
128 111 22423
128 112 31822
128 113 45930
128 114 32689
128 115 48071
128 116 23910
128 117 45418
128 118 32492
128 119 57130
128 120 5888
128 121 25842
128 122 6009
128 123 21819
128 124 32199
128 125 36614
128 126 10890
128 127 19994
128 129 22018
128 130 36340
128 131 -1961
128 132 18385
128 133 50441
128 134 29355
128 135 10471
128 136 15445
128 137 43812
128 138 29279
128 139 49486
128 140 59652
128 141 50860
128 142 56373
128 143 28387
128 144 47947
128 145 50354
128 146 29054
128 147 34839
128 148 16232
128 149 33851
128 150 29496
128 151 45391
128 152 36575
128 153 28068
128 154 26113
128 155 41626
128 156 31936
128 157 14092
128 158 20749
128 159 8256
128 160 -5832
128 161 -1732
128 162 12560
128 163 31027
128 164 9268
128 165 43683
128 166 32725
128 167 21169
128 168 28846
128 169 19094
128 170 47457
128 171 44446
128 172 51521
128 173 45909
128 174 34485
128 175 20368
128 176 15495
128 177 30787
128 178 44415
128 179 37254
128 180 35944
128 181 -3706
128 182 15321
128 183 37558
128 184 22453
128 185 16995
128 186 53208
128 187 48791
128 188 -5974
128 189 9643
128 190 14443
128 191 52743
128 192 54175
128 193 49211
128 194 24220
128 195 31445
128 196 20439
128 197 46157
128 198 39286
128 199 39211
128 200 32996
129 1 13901
129 2 36324
129 3 552
129 4 21930
129 5 38956
129 6 37181
129 7 36049
129 8 44713
129 9 3660
129 10 25344
129 11 34593
129 12 10678
129 13 31180
129 14 48337
129 15 41104
129 16 46720
129 17 49976
129 18 34215
129 19 36499
129 20 17094
129 21 27354
129 22 35755
129 23 26626
129 24 8023
129 25 22766
129 26 17953
129 27 20978
129 28 18651
129 29 2453
129 30 14010
129 31 19841
129 32 22268
129 33 2171
129 34 19
129 35 10168
129 36 47130
129 37 44661
129 38 56023
129 39 21997
129 40 26631
129 41 37258
129 42 44970
129 43 46670
129 44 51178
129 45 45137
129 46 46292
129 47 40649
129 48 32027
129 49 43365
129 50 6837
129 51 7998
129 52 29385
129 53 24507
129 54 12070
129 55 22906
129 56 32733
129 57 39140
129 58 27437
129 59 37132
129 60 42419
129 61 46891
129 62 28974
129 63 32067
129 64 30249
129 65 9423
129 66 8494
129 67 23058
129 68 82
129 69 20061
129 70 20229
129 71 10232
129 72 26236
129 73 30438
129 74 33909
129 75 30399
129 76 6600
129 77 2761
129 78 1337
129 79 -6608
129 80 9024
129 81 -2886
129 82 36826
129 83 40934
129 84 45418
129 85 38376
129 86 45990
129 87 34620
129 88 28877
129 89 30897
129 90 29336
129 91 50342
129 92 44017
129 93 40291
129 94 33733
129 95 35637
129 96 39117
129 97 38951
129 98 43938
129 99 41766
129 100 44713
129 101 18367
129 102 205
129 103 9032
129 104 41791
129 105 20879
129 106 32978
129 107 35384
129 108 22543
129 109 12928
129 110 25822
129 111 13868
129 112 26207
129 113 47066
129 114 39254
129 115 35426
129 116 5616
129 117 38424
129 118 33348
129 119 52365
129 120 -705
129 121 1652
129 122 14317
129 123 35980
129 124 44280
129 125 42357
129 126 31751
129 127 24972
129 128 15518
129 130 14620
129 131 21412
129 132 16898
129 133 33212
129 134 6181
129 135 6579
129 136 16932
129 137 34257
129 138 15602
129 139 28095
129 140 55408
129 141 48092
129 142 48313
129 143 45631
129 144 37625
129 145 35699
129 146 26485
129 147 32156
129 148 28333
129 149 16893
129 150 7980
129 151 40139
129 152 26095
129 153 34076
129 154 12436
129 155 21278
129 156 26107
129 157 3953
129 158 -68
129 159 23306
129 160 16462
129 161 3365
129 162 17866
129 163 7412
129 164 -2354
129 165 21003
129 166 33609
129 167 21407
129 168 42760
129 169 -3776
129 170 24610
129 171 28133
129 172 42332
129 173 46539
129 174 42463
129 175 38206
129 176 11517
129 177 9991
129 178 32199
129 179 18082
129 180 21571
129 181 20191
129 182 26428
129 183 33145
129 184 5874
129 185 -208
129 186 33366
129 187 27144
129 188 10998
129 189 25341
129 190 21113
129 191 49384
129 192 49051
129 193 45177
129 194 32151
129 195 13487
129 196 3410
129 197 27644
129 198 21807
129 199 43835
129 200 26431
130 1 24675
130 2 22803
130 3 14557
130 4 1386
130 5 35446
130 6 32727
130 7 42414
130 8 47049
130 9 24427
130 10 38159
130 11 46704
130 12 6728
130 13 23016
130 14 37191
130 15 25400
130 16 39658
130 17 47088
130 18 35544
130 19 46059
130 20 35855
130 21 11248
130 22 16994
130 23 5725
130 24 3888
130 25 3803
130 26 9091
130 27 23046
130 28 18126
130 29 10123
130 30 29967
130 31 29343
130 32 39008
130 33 21263
130 34 18982
130 35 30776
130 36 54859
130 37 36098
130 38 45158
130 39 1074
130 40 15536
130 41 18859
130 42 32614
130 43 32099
130 44 41934
130 45 45335
130 46 50100
130 47 47814
130 48 38328
130 49 53870
130 50 18617
130 51 26824
130 52 32870
130 53 18866
130 54 -4720
130 55 3814
130 56 12198
130 57 24750
130 58 18347
130 59 30151
130 60 40688
130 61 41105
130 62 39545
130 63 46826
130 64 44331
130 65 30308
130 66 28795
130 67 2896
130 68 3028
130 69 28037
130 70 33562
130 71 31219
130 72 7954
130 73 13628
130 74 15348
130 75 10678
130 76 13276
130 77 12453
130 78 21516
130 79 13416
130 80 8042
130 81 17572
130 82 41238
130 83 40702
130 84 42608
130 85 31277
130 86 38961
130 87 23515
130 88 37236
130 89 29342
130 90 44581
130 91 42215
130 92 35956
130 93 33755
130 94 27458
130 95 27969
130 96 33440
130 97 29854
130 98 35963
130 99 35870
130 100 35713
130 101 29639
130 102 14920
130 103 29427
130 104 35895
130 105 13671
130 106 38023
130 107 46288
130 108 36333
130 109 5258
130 110 7149
130 111 17664
130 112 22281
130 113 42329
130 114 41248
130 115 21190
130 116 11628
130 117 29856
130 118 31127
130 119 42483
130 120 20261
130 121 9965
130 122 29959
130 123 44641
130 124 50022
130 125 42559
130 126 46259
130 127 31972
130 128 34031
130 129 18811
130 131 38671
130 132 24384
130 133 14171
130 134 -2408
130 135 27277
130 136 37642
130 137 23963
130 138 12481
130 139 7122
130 140 44793
130 141 39983
130 142 35994
130 143 54906
130 144 24810
130 145 18709
130 146 27607
130 147 28859
130 148 37877
130 149 4582
130 150 6998
130 151 32078
130 152 17005
130 153 38101
130 154 9315
130 155 734
130 156 23416
130 157 20059
130 158 13937
130 159 34723
130 160 33959
130 161 24220
130 162 27913
130 163 2755
130 164 18062
130 165 1672
130 166 32791
130 167 26321
130 168 50050
130 169 13602
130 170 4946
130 171 10236
130 172 29836
130 173 42472
130 174 44669
130 175 49422
130 176 19895
130 177 3289
130 178 18286
130 179 1361
130 180 9977
130 181 37240
130 182 34489
130 183 27991
130 184 9824
130 185 19381
130 186 12620
130 187 6249
130 188 30425
130 189 38156
130 190 29277
130 191 40987
130 192 39155
130 193 36893
130 194 37695
130 195 2333
130 196 10743
130 197 8110
130 198 4677
130 199 44058
130 200 24363
131 1 17268
131 2 49761
131 3 26309
131 4 45972
131 5 37118
131 6 40395
131 7 23491
131 8 33936
131 9 11416
131 10 6283
131 11 10428
131 12 31815
131 13 39498
131 14 53920
131 15 54173
131 16 47096
131 17 44451
131 18 28997
131 19 15626
131 20 4637
131 21 46132
131 22 55133
131 23 50004
131 24 37303
131 25 50340
131 26 35561
131 27 25695
131 28 30652
131 29 32152
131 30 1864
131 31 10574
131 32 -6877
131 33 19113
131 34 21425
131 35 18754
131 36 25998
131 37 49324
131 38 59327
131 39 47406
131 40 41527
131 41 55448
131 42 53916
131 43 57130
131 44 54005
131 45 36025
131 46 31109
131 47 21793
131 48 16261
131 49 18667
131 50 19958
131 51 10823
131 52 25841
131 53 35488
131 54 37765
131 55 50250
131 56 55590
131 57 51952
131 58 39336
131 59 40790
131 60 39406
131 61 46485
131 62 10563
131 63 4624
131 64 1793
131 65 6397
131 66 -5428
131 67 49808
131 68 26373
131 69 21037
131 70 10757
131 71 10232
131 72 46333
131 73 48892
131 74 53628
131 75 51548
131 76 25330
131 77 26219
131 78 25748
131 79 21392
131 80 35060
131 81 13837
131 82 24927
131 83 34988
131 84 41481
131 85 40458
131 86 44961
131 87 43982
131 88 16876
131 89 32092
131 90 2646
131 91 53103
131 92 48946
131 93 42490
131 94 38875
131 95 41406
131 96 42038
131 97 45790
131 98 47768
131 99 44096
131 100 49137
131 101 13989
131 102 14474
131 103 7755
131 104 44121
131 105 34538
131 106 23167
131 107 12607
131 108 1349
131 109 35773
131 110 47929
131 111 24847
131 112 32305
131 113 43697
131 114 29661
131 115 49602
131 116 28161
131 117 45673
131 118 30873
131 119 56282
131 120 12070
131 121 31238
131 122 8959
131 123 17214
131 124 27735
131 125 33525
131 126 4909
131 127 19108
131 128 -2364
131 129 27509
131 130 40577
131 132 19820
131 133 53044
131 134 34151
131 135 16765
131 136 21345
131 137 44752
131 138 32145
131 139 53390
131 140 58445
131 141 49544
131 142 56406
131 143 22657
131 144 48799
131 145 52248
131 146 29385
131 147 34379
131 148 13038
131 149 36982
131 150 34016
131 151 45068
131 152 37994
131 153 25799
131 154 28979
131 155 45320
131 156 32682
131 157 18729
131 158 25689
131 159 4334
131 160 -4751
131 161 4541
131 162 12782
131 163 36013
131 164 15528
131 165 48150
131 166 31386
131 167 21407
131 168 23982
131 169 24874
131 170 51859
131 171 46873
131 172 51978
131 173 44010
131 174 30917
131 175 14811
131 176 17745
131 177 35030
131 178 45829
131 179 40819
131 180 38361
131 181 -9486
131 182 12014
131 183 37414
131 184 26340
131 185 22359
131 186 56556
131 187 52777
131 188 343
131 189 6280
131 190 13290
131 191 51610
131 192 53470
131 193 48369
131 194 21552
131 195 34899
131 196 24604
131 197 49231
131 198 42259
131 199 36586
131 200 34070
132 1 1115
132 2 26878
132 3 13338
132 4 24834
132 5 20359
132 6 20207
132 7 16435
132 8 24613
132 9 13314
132 10 11006
132 11 19137
132 12 11693
132 13 17417
132 14 33672
132 15 31564
132 16 29360
132 17 30677
132 18 14356
132 19 18782
132 20 15941
132 21 23409
132 22 32267
132 23 27906
132 24 22413
132 25 31387
132 26 13213
132 27 3334
132 28 7890
132 29 20274
132 30 6519
132 31 1766
132 32 14318
132 33 11923
132 34 18580
132 35 23849
132 36 28485
132 37 29082
132 38 40404
132 39 26438
132 40 18520
132 41 32452
132 42 32222
132 43 35202
132 44 35038
132 45 25169
132 46 26348
132 47 21636
132 48 12560
132 49 26484
132 50 4847
132 51 10823
132 52 9386
132 53 12521
132 54 18539
132 55 31382
132 56 33549
132 57 29258
132 58 16424
132 59 20833
132 60 23282
132 61 29066
132 62 11973
132 63 20119
132 64 16985
132 65 19353
132 66 11078
132 67 29346
132 68 10175
132 69 451
132 70 7807
132 71 19276
132 72 23719
132 73 26037
132 74 30865
132 75 29008
132 76 7488
132 77 10987
132 78 20107
132 79 11497
132 80 17969
132 81 9194
132 82 16836
132 83 21212
132 84 26325
132 85 21538
132 86 28261
132 87 21926
132 88 10044
132 89 12636
132 90 18457
132 91 33945
132 92 28454
132 93 23375
132 94 17930
132 95 20387
132 96 22279
132 97 24491
132 98 27905
132 99 24764
132 100 29122
132 101 3072
132 102 2552
132 103 14748
132 104 24789
132 105 11548
132 106 12993
132 107 18745
132 108 9593
132 109 15878
132 110 26107
132 111 2807
132 112 10474
132 113 28406
132 114 19170
132 115 26660
132 116 11262
132 117 24094
132 118 14388
132 119 36756
132 120 11717
132 121 18772
132 122 7664
132 123 17624
132 124 24714
132 125 22402
132 126 19456
132 127 5218
132 128 12898
132 129 17911
132 130 21206
132 131 14736
132 133 30240
132 134 17304
132 135 20466
132 136 29316
132 137 22226
132 138 10255
132 139 32523
132 140 39640
132 141 31263
132 142 35087
132 143 27859
132 144 26363
132 145 29228
132 146 8191
132 147 14587
132 148 10410
132 149 15123
132 150 16925
132 151 24576
132 152 15082
132 153 13984
132 154 7089
132 155 24182
132 156 10454
132 157 8356
132 158 12718
132 159 7160
132 160 11106
132 161 11597
132 162 502
132 163 20212
132 164 14198
132 165 29230
132 166 14435
132 167 1474
132 168 23787
132 169 16307
132 170 32203
132 171 23978
132 172 30022
132 173 27911
132 174 22363
132 175 21854
132 176 -2600
132 177 16482
132 178 22941
132 179 19691
132 180 15560
132 181 12100
132 182 7546
132 183 16738
132 184 7976
132 185 13650
132 186 34551
132 187 32096
132 188 11835
132 189 11003
132 190 1986
132 191 32862
132 192 33641
132 193 28966
132 194 12268
132 195 13789
132 196 7791
132 197 26930
132 198 19941
132 199 23964
132 200 11413
133 1 36191
133 2 10761
133 3 32448
133 4 7224
133 5 29233
133 6 28591
133 7 45703
133 8 45289
133 9 42095
133 10 47379
133 11 53800
133 12 20732
133 13 16877
133 14 21952
133 15 6554
133 16 28513
133 17 39621
133 18 35081
133 19 50686
133 20 50702
133 21 6533
133 22 -3407
133 23 -6183
133 24 24659
133 25 15375
133 26 15774
133 27 28579
133 28 25862
133 29 30683
133 30 42736
133 31 37144
133 32 51140
133 33 38347
133 34 38967
133 35 50015
133 36 56462
133 37 25316
133 38 29077
133 39 83
133 40 13580
133 41 -1753
133 42 17543
133 43 13703
133 44 28397
133 45 41010
133 46 48430
133 47 49679
133 48 40263
133 49 58107
133 50 32806
133 51 42638
133 52 36063
133 53 20335
133 54 14998
133 55 18812
133 56 3667
133 57 8875
133 58 15192
133 59 21683
133 60 36738
133 61 31777
133 62 46336
133 63 56608
133 64 52208
133 65 49032
133 66 44994
133 67 713
133 68 21538
133 69 37116
133 70 44629
133 71 49241
133 72 -1519
133 73 3703
133 74 -91
133 75 -4518
133 76 27923
133 77 29424
133 78 40935
133 79 31952
133 80 26636
133 81 35317
133 82 42084
133 83 37449
133 84 36255
133 85 21291
133 86 26971
133 87 11892
133 88 43147
133 89 28373
133 90 55262
133 91 30757
133 92 26443
133 93 24948
133 94 21707
133 95 20072
133 96 26851
133 97 20020
133 98 25659
133 99 28386
133 100 23833
133 101 39942
133 102 30265
133 103 46276
133 104 28411
133 105 16304
133 106 40618
133 107 52141
133 108 46249
133 109 20543
133 110 10012
133 111 27661
133 112 21449
133 113 32949
133 114 39554
133 115 8255
133 116 27971
133 117 21621
133 118 26704
133 119 28492
133 120 38489
133 121 30218
133 122 43129
133 123 48785
133 124 50759
133 125 38396
133 126 55892
133 127 38203
133 128 48390
133 129 37661
133 130 14429
133 131 51396
133 132 33676
133 134 18343
133 135 46417
133 136 56745
133 137 15926
133 138 22237
133 139 9008
133 140 28979
133 141 27626
133 142 20275
133 143 58070
133 144 11110
133 145 214
133 146 31173
133 147 25896
133 148 44258
133 149 12643
133 150 25592
133 151 22565
133 152 13850
133 153 39967
133 154 19071
133 155 6572
133 156 24749
133 157 35907
133 158 31828
133 159 42392
133 160 47327
133 161 41833
133 162 37121
133 163 23493
133 164 37446
133 165 17932
133 166 30781
133 167 32490
133 168 52145
133 169 33455
133 170 10078
133 171 -5957
133 172 15132
133 173 34818
133 174 42306
133 175 55489
133 176 30746
133 177 21305
133 178 5321
133 179 12366
133 180 11223
133 181 48977
133 182 39326
133 183 23515
133 184 24825
133 185 37186
133 186 3156
133 187 8949
133 188 45912
133 189 47376
133 190 36123
133 191 28626
133 192 25490
133 193 25459
133 194 40637
133 195 14185
133 196 26578
133 197 91
133 198 4195
133 199 40806
133 200 27324
134 1 22484
134 2 28252
134 3 9725
134 4 8088
134 5 38439
134 6 35716
134 7 42381
134 8 48424
134 9 18950
134 10 35991
134 11 44974
134 12 6594
134 13 26961
134 14 42382
134 15 31564
134 16 43781
134 17 50083
134 18 36975
134 19 45195
134 20 31470
134 21 17099
134 22 23611
134 23 12157
134 24 -2270
134 25 7505
134 26 12028
134 27 23552
134 28 18799
134 29 3455
134 30 26582
134 31 28057
134 32 35530
134 33 16384
134 34 12481
134 35 24510
134 36 54744
134 37 40471
134 38 50383
134 39 6965
134 40 19897
134 41 25449
134 42 37996
134 43 38076
134 44 46657
134 45 47411
134 46 51169
134 47 47788
134 48 38474
134 49 52843
134 50 15591
134 51 22275
134 52 33424
134 53 21571
134 54 -1299
134 55 7609
134 56 18859
134 57 30538
134 58 22286
134 59 34030
134 60 43106
134 61 44827
134 62 38188
134 63 44142
134 64 42039
134 65 24159
134 66 23684
134 67 7762
134 68 -1328
134 69 26822
134 70 30999
134 71 25435
134 72 14421
134 73 19768
134 74 21909
134 75 17380
134 76 10783
134 77 8496
134 78 15337
134 79 7916
134 80 4247
134 81 12246
134 82 41897
134 83 42750
134 84 45478
134 85 35305
134 86 43157
134 87 28443
134 88 36453
134 89 31414
134 90 41664
134 91 46560
134 92 40132
134 93 37575
134 94 30969
134 95 31941
134 96 36899
134 97 34260
134 98 40185
134 99 39450
134 100 40254
134 101 27599
134 102 11150
134 103 24224
134 104 39475
134 105 16636
134 106 38343
134 107 44980
134 108 33854
134 109 5773
134 110 13549
134 111 17020
134 112 24839
134 113 45860
134 114 42684
134 115 26825
134 116 8438
134 117 34039
134 118 33690
134 119 47356
134 120 14563
134 121 3496
134 122 26569
134 123 44027
134 124 50423
134 125 44617
134 126 43654
134 127 31410
134 128 29782
134 129 13108
134 130 328
134 131 34981
134 132 23218
134 133 20821
134 135 21072
134 136 31401
134 137 28503
134 138 13342
134 139 13191
134 140 49953
134 141 44403
134 142 41416
134 143 54277
134 144 30194
134 145 25042
134 146 28585
134 147 31496
134 148 36789
134 149 8460
134 150 3203
134 151 36254
134 152 20944
134 153 38716
134 154 10176
134 155 7436
134 156 25472
134 157 15955
134 158 9105
134 159 33068
134 160 30121
134 161 18660
134 162 26294
134 163 -3953
134 164 11818
134 165 5727
134 166 34824
134 167 26172
134 168 49970
134 169 7257
134 170 9329
134 171 16686
134 172 35219
134 173 45710
134 174 46136
134 175 48019
134 176 18254
134 177 1756
134 178 23855
134 179 6680
134 180 14257
134 181 33725
134 182 33911
134 183 31157
134 184 7598
134 185 14214
134 186 19198
134 187 12111
134 188 25750
134 189 35988
134 190 28397
134 191 45459
134 192 44002
134 193 41265
134 194 37871
134 195 5191
134 196 7644
134 197 14783
134 198 10707
134 199 46015
134 200 26088
135 1 22111
135 2 51062
135 3 15622
135 4 37336
135 5 49769
135 6 49169
135 7 41962
135 8 52167
135 9 -1093
135 10 27021
135 11 35012
135 12 25877
135 13 44624
135 14 61790
135 15 56033
135 16 58626
135 17 59866
135 18 43267
135 19 38952
135 20 12810
135 21 42722
135 22 51253
135 23 41942
135 24 21418
135 25 37009
135 26 32870
135 27 32094
135 28 31825
135 29 15063
135 30 14581
135 31 25440
135 32 18782
135 33 9981
135 34 -1336
135 35 -5316
135 36 49934
135 37 57567
135 38 69093
135 39 36980
135 40 41334
135 41 52711
135 42 59052
135 43 61222
135 44 63894
135 45 53511
135 46 52139
135 47 44465
135 48 37070
135 49 43874
135 50 17724
135 51 8472
135 52 38295
135 53 38096
135 54 27410
135 55 37423
135 56 48175
135 57 53902
135 58 41546
135 59 49616
135 60 52630
135 61 58418
135 62 31862
135 63 30135
135 64 27425
135 65 -5852
135 66 -1676
135 67 37341
135 68 15601
135 69 28719
135 70 23719
135 71 -2722
135 72 41734
135 73 45819
135 74 49407
135 75 45920
135 76 20481
135 77 17622
135 78 7382
135 79 8203
135 80 24527
135 81 1808
135 82 43463
135 83 50169
135 84 55646
135 85 50600
135 86 57626
135 87 48594
135 88 34271
135 89 41964
135 90 27578
135 91 62859
135 92 56890
135 93 52439
135 94 46370
135 95 48592
135 96 51254
135 97 52286
135 98 56612
135 99 53830
135 100 57649
135 101 24302
135 102 10255
135 103 1994
135 104 53855
135 105 35084
135 106 39975
135 107 36726
135 108 23145
135 109 28396
135 110 41346
135 111 26136
135 112 38663
135 113 57796
135 114 47095
135 115 50305
135 116 20562
135 117 51750
135 118 43773
135 119 65363
135 120 -3684
135 121 15441
135 122 16840
135 123 39417
135 124 49229
135 125 50801
135 126 30214
135 127 32313
135 128 10727
135 129 13335
135 130 29842
135 131 17424
135 132 26209
135 133 48724
135 134 20901
135 136 1428
135 137 48291
135 138 29974
135 139 43174
135 140 68394
135 141 60378
135 142 62282
135 143 47278
135 144 52036
135 145 50989
135 146 37390
135 147 43752
135 148 32454
135 149 32228
135 150 23483
135 151 53012
135 152 40204
135 153 41732
135 154 26808
135 155 36684
135 156 38466
135 157 13399
135 158 15002
135 159 25690
135 160 13210
135 161 -6618
135 162 24218
135 163 21811
135 164 -6203
135 165 35672
135 166 43804
135 167 30759
135 168 46571
135 169 7224
135 170 38845
135 171 43578
135 172 56520
135 173 57316
135 174 49741
135 175 39206
135 176 21419
135 177 25506
135 178 46994
135 179 33606
135 180 36537
135 181 14909
135 182 31313
135 183 45447
135 184 20502
135 185 10951
135 186 48756
135 187 42125
135 188 5200
135 189 27018
135 190 27582
135 191 61854
135 192 62130
135 193 57793
135 194 38809
135 195 28903
135 196 17897
135 197 43165
135 198 37287
135 199 52663
135 200 38908
136 1 26604
136 2 56782
136 3 21607
136 4 43419
136 5 54188
136 6 54043
136 7 45007
136 8 55487
136 9 3333
136 10 29086
136 11 36150
136 12 31815
136 13 49945
136 14 67011
136 15 61798
136 16 63330
136 17 63896
136 18 47247
136 19 40692
136 20 14132
136 21 48685
136 22 57278
136 23 48019
136 24 27317
136 25 42945
136 26 38702
136 27 36937
136 28 37236
136 29 20987
136 30 17075
136 31 28781
136 32 19123
136 33 15491
136 34 4262
136 35 -3552
136 36 51519
136 37 62651
136 38 74144
136 39 43020
136 40 47074
136 41 58707
136 42 64517
136 43 66836
136 44 68859
136 45 57069
136 46 54806
136 47 46528
136 48 39661
136 49 44660
136 50 22995
136 51 12348
136 52 42391
136 53 43531
136 54 33491
136 55 43411
136 56 54258
136 57 59618
136 58 47098
136 59 54585
136 60 56896
136 61 63022
136 62 34056
136 63 30624
136 64 27046
136 65 -11790
136 66 -3517
136 67 43251
136 68 21668
136 69 33096
136 70 26826
136 71 -3710
136 72 47760
136 73 51785
136 74 55432
136 75 51986
136 76 26197
136 77 23547
136 78 13454
136 79 14232
136 80 30601
136 81 7406
136 82 46616
136 83 54103
136 84 59843
136 85 55448
136 86 62203
136 87 54049
136 88 37347
136 89 46606
136 90 28383
136 91 67788
136 92 61980
136 93 57283
136 94 51431
136 95 53731
136 96 56134
136 97 57534
136 98 61619
136 99 58668
136 100 62728
136 101 28053
136 102 15563
136 103 4027
136 104 58693
136 105 40700
136 106 43377
136 107 38116
136 108 24886
136 109 34416
136 110 47406
136 111 31404
136 112 43740
136 113 62092
136 114 50570
136 115 56074
136 116 26479
136 117 57011
136 118 48102
136 119 70429
136 120 1775
136 121 21460
136 122 20146
136 123 41535
136 124 51687
136 125 54394
136 126 30873
136 127 36087
136 128 11411
136 129 19398
136 130 35917
136 131 17714
136 132 30769
136 133 54762
136 134 26940
136 135 -2862
136 137 53790
136 138 35688
136 139 49228
136 140 73417
136 141 65202
136 142 67697
136 143 48484
136 144 57632
136 145 56909
136 146 42110
136 147 48520
136 148 35096
136 149 38190
136 150 29557
136 151 58102
136 152 45756
136 153 45329
136 154 32522
136 155 42767
136 156 43552
136 157 18729
136 158 20987
136 159 27796
136 160 14201
136 161 -4954
136 162 27958
136 163 27826
136 164 -161
136 165 41683
136 166 48125
136 167 35140
136 168 48654
136 169 13248
136 170 44764
136 171 49572
136 172 62027
136 173 61680
136 174 52959
136 175 40466
136 176 26228
136 177 31576
136 178 52733
136 179 39663
136 180 42368
136 181 14051
136 182 34093
136 183 50418
136 184 26340
136 185 16802
136 186 54838
136 187 48166
136 188 6182
136 189 29083
136 190 31121
136 191 66748
136 192 67233
136 193 62760
136 194 42108
136 195 34899
136 196 23737
136 197 49231
136 198 43304
136 199 56443
136 200 44056
137 1 25332
137 2 3554
137 3 28836
137 4 16857
137 5 11129
137 6 10221
137 7 28459
137 8 26867
137 9 35709
137 10 32934
137 11 37607
137 12 17618
137 13 -1449
137 14 11761
137 15 6908
137 16 13241
137 17 22163
137 18 17015
137 19 33485
137 20 40615
137 21 9636
137 22 13285
137 23 12122
137 24 28726
137 25 26965
137 26 11013
137 27 14874
137 28 15896
137 29 31704
137 30 31210
137 31 22563
137 32 38219
137 33 32388
137 34 36789
137 35 45457
137 36 38274
137 37 9625
137 38 19679
137 39 15673
137 40 5969
137 41 11275
137 42 8258
137 43 10685
137 44 15641
137 45 22713
137 46 29991
137 47 31630
137 48 22361
137 49 40490
137 50 24947
137 51 34356
137 52 19571
137 53 7784
137 54 19006
137 55 28427
137 56 19646
137 57 4733
137 58 1981
137 59 4210
137 60 18304
137 61 15107
137 62 30412
137 63 41889
137 64 35951
137 65 42798
137 66 35682
137 67 18036
137 68 20273
137 69 24532
137 70 32123
137 71 42562
137 72 8553
137 73 9423
137 74 13552
137 75 12568
137 76 22032
137 77 25388
137 78 38062
137 79 28461
137 80 26146
137 81 29814
137 82 24046
137 83 19011
137 84 18285
137 85 4980
137 86 12500
137 87 -2149
137 88 27222
137 89 10675
137 90 41332
137 91 15740
137 92 9610
137 93 7785
137 94 3268
137 95 2113
137 96 8620
137 97 3384
137 98 9542
137 99 10506
137 100 9273
137 101 27403
137 102 23056
137 103 38463
137 104 10531
137 105 6737
137 106 23277
137 107 35384
137 108 32141
137 109 19598
137 110 16955
137 111 17875
137 112 4872
137 113 16457
137 114 21148
137 115 3804
137 116 23982
137 117 3698
137 118 8291
137 119 16380
137 120 33074
137 121 30497
137 122 32360
137 123 31511
137 124 32539
137 125 20068
137 126 41130
137 127 23049
137 128 37636
137 129 34581
137 130 20096
137 131 38979
137 132 21537
137 133 11801
137 134 21900
137 135 41859
137 136 51648
137 138 15602
137 139 22973
137 140 19169
137 141 13513
137 142 11554
137 143 40199
137 144 1627
137 145 7106
137 146 15971
137 147 7689
137 148 28333
137 149 11620
137 150 25102
137 151 5732
137 152 639
137 153 22450
137 154 12436
137 155 16205
137 156 9496
137 157 28994
137 158 28216
137 159 26951
137 160 35727
137 161 34867
137 162 23826
137 163 26507
137 164 33895
137 165 26739
137 166 12516
137 167 18112
137 168 34160
137 169 31923
137 170 24610
137 171 5437
137 172 5725
137 173 17301
137 174 23868
137 175 38793
137 176 20032
137 177 21615
137 178 -501
137 179 15674
137 180 6649
137 181 35303
137 182 22655
137 183 5149
137 184 20016
137 185 32421
137 186 20216
137 187 22945
137 188 36390
137 189 32931
137 190 21113
137 191 14529
137 192 13021
137 193 10417
137 194 23382
137 195 13487
137 196 21776
137 197 13001
137 198 9046
137 199 22373
137 200 13353
138 1 11432
138 2 18314
138 3 10451
138 4 11798
138 5 22755
138 6 20207
138 7 27151
138 8 32356
138 9 18217
138 10 24036
138 11 32015
138 12 414
138 13 12973
138 14 30003
138 15 23332
138 16 29229
138 17 34314
138 18 20877
138 19 30907
138 20 25693
138 21 11483
138 22 20593
138 23 15144
138 24 13258
138 25 18904
138 26 749
138 27 7806
138 28 2875
138 29 14216
138 30 17872
138 31 14569
138 32 26563
138 33 14556
138 34 18404
138 35 27434
138 36 39598
138 37 26614
138 38 37773
138 39 13400
138 40 8605
138 41 21407
138 42 26597
138 43 28494
138 44 33131
138 45 31299
138 46 35214
138 47 32557
138 48 23085
138 49 38739
138 50 7958
138 51 17889
138 52 17682
138 53 6432
138 54 6460
138 55 19044
138 56 20739
138 57 21153
138 58 9052
138 59 19431
138 60 27113
138 61 29792
138 62 24679
138 63 33095
138 64 29998
138 65 25458
138 66 20133
138 67 16328
138 68 2567
138 69 13459
138 70 20229
138 71 25321
138 72 11503
138 73 14451
138 74 18932
138 75 16651
138 76 3845
138 77 7004
138 78 19682
138 79 10084
138 80 9024
138 81 11877
138 82 26125
138 83 26644
138 84 29672
138 85 20760
138 86 28601
138 87 16236
138 88 22123
138 89 15357
138 90 31249
138 91 32477
138 92 26030
138 93 22798
138 94 16074
138 95 17658
138 96 21792
138 97 20726
138 98 26034
138 99 24428
138 100 26619
138 101 15777
138 102 5710
138 103 21777
138 104 24453
138 105 2494
138 106 22797
138 107 31324
138 108 22543
138 109 4053
138 110 13161
138 111 3112
138 112 9140
138 113 30522
138 114 26598
138 115 17617
138 116 5616
138 117 20232
138 118 17761
138 119 34189
138 120 15187
138 121 12826
138 122 18163
138 123 29428
138 124 34839
138 125 28504
138 126 32449
138 127 16821
138 128 23373
138 129 16196
138 130 8884
138 131 26642
138 132 9836
138 133 18382
138 134 7009
138 135 23812
138 136 33816
138 137 15872
138 139 19493
138 140 37190
138 141 30309
138 142 29930
138 143 39675
138 144 19347
138 145 18924
138 146 12572
138 147 15706
138 148 22883
138 149 2148
138 150 7980
138 151 22152
138 152 7710
138 153 22955
138 154 -5949
138 155 11146
138 156 9496
138 157 11518
138 158 9831
138 159 20078
138 160 22407
138 161 17725
138 162 13539
138 163 10811
138 164 15600
138 165 16920
138 166 18733
138 167 11089
138 168 34788
138 169 13625
138 170 19380
138 171 12460
138 172 23977
138 173 30174
138 174 30051
138 175 34506
138 176 6105
138 177 5723
138 178 14262
138 179 6680
138 180 4164
138 181 24618
138 182 19288
138 183 15854
138 184 1631
138 185 14214
138 186 21727
138 187 19083
138 188 20967
138 189 24033
138 190 14255
138 191 31503
138 192 30853
138 193 27259
138 194 22446
138 195 860
138 196 3410
138 197 14304
138 198 7333
138 199 29897
138 200 10011
139 1 35343
139 2 21806
139 3 26574
139 4 173
139 5 38828
139 6 36753
139 7 50398
139 8 52889
139 9 36468
139 10 48416
139 11 56375
139 12 17346
139 13 25621
139 14 35235
139 15 20467
139 16 40404
139 17 50048
139 18 41707
139 19 54792
139 20 47616
139 21 11349
139 22 10459
139 23 -5709
139 24 14139
139 25 1714
139 26 16267
139 27 31281
139 28 26828
139 29 21427
139 30 41224
139 31 38946
139 32 50216
139 33 33251
139 34 30567
139 35 42608
139 36 62481
139 37 36778
139 38 42691
139 39 -10897
139 40 18896
139 41 12035
139 42 30580
139 43 27608
139 44 41179
139 45 49959
139 46 56155
139 47 55450
139 48 45884
139 49 62604
139 50 29968
139 51 38691
139 52 40505
139 53 24691
139 54 7186
139 55 6355
139 56 3095
139 57 21899
139 58 21819
139 59 32081
139 60 45193
139 61 42861
139 62 48978
139 63 57393
139 64 54410
139 65 42221
139 66 40779
139 67 -8068
139 68 15049
139 69 37870
139 70 44287
139 71 43245
139 72 4440
139 73 11556
139 74 10062
139 75 3090
139 76 24575
139 77 24326
139 78 33391
139 79 25453
139 80 20048
139 81 29611
139 82 48220
139 83 45670
139 84 46034
139 85 32546
139 86 39298
139 87 23339
139 88 46206
139 89 34945
139 90 55380
139 91 42658
139 92 37266
139 93 35619
139 94 30572
139 95 30004
139 96 36337
139 97 30838
139 98 36951
139 99 38379
139 100 35823
139 101 40035
139 102 26590
139 103 41441
139 104 38404
139 105 19630
139 106 45643
139 107 55507
139 108 46837
139 109 16086
139 110 7929
139 111 27468
139 112 27579
139 113 44209
139 114 47067
139 115 19615
139 116 23322
139 117 31584
139 118 35385
139 119 41399
139 120 32291
139 121 21607
139 122 41269
139 123 53135
139 124 57128
139 125 47245
139 126 56770
139 127 40904
139 128 45717
139 129 30826
139 130 5662
139 131 50024
139 132 34241
139 133 7290
139 134 8995
139 135 39149
139 136 49493
139 137 25380
139 138 21630
139 140 42529
139 141 39993
139 142 33603
139 143 63187
139 144 23347
139 145 13830
139 146 35096
139 147 33495
139 148 47097
139 149 11561
139 150 19004
139 151 33388
139 152 20477
139 153 45370
139 154 18464
139 155 -479
139 156 29656
139 157 31846
139 158 25954
139 159 44468
139 160 45430
139 161 36262
139 162 37938
139 163 14035
139 164 29904
139 165 6159
139 166 38129
139 167 35038
139 168 57772
139 169 25360
139 170 -3247
139 171 5570
139 172 27969
139 173 45190
139 174 50277
139 175 58732
139 176 30247
139 177 15089
139 178 16812
139 179 8316
139 180 14360
139 181 48413
139 182 43120
139 183 31776
139 184 21131
139 185 31414
139 186 2227
139 187 -4917
139 188 42296
139 189 48413
139 190 38495
139 191 40956
139 192 38244
139 193 37324
139 194 45480
139 195 11282
139 196 22350
139 197 2688
139 198 5545
139 199 49087
139 200 31252
140 1 52952
140 2 29676
140 3 59720
140 4 45693
140 5 18341
140 6 30832
140 7 44483
140 8 33789
140 9 64884
140 10 54387
140 11 53841
140 12 48949
140 13 26346
140 14 1722
140 15 14811
140 16 6016
140 17 18003
140 18 32544
140 19 46774
140 20 66974
140 21 38862
140 22 35793
140 23 33531
140 24 59899
140 25 55516
140 26 42397
140 27 41969
140 28 45911
140 29 63084
140 30 56728
140 31 45385
140 32 60901
140 33 62251
140 34 67586
140 35 75183
140 36 43942
140 37 17977
140 38 -11227
140 39 41267
140 40 37250
140 41 30261
140 42 15377
140 43 7909
140 44 3169
140 45 24200
140 46 32399
140 47 40103
140 48 33540
140 49 49659
140 50 54486
140 51 62662
140 52 41030
140 53 38096
140 54 49903
140 55 57851
140 56 44761
140 57 22392
140 58 33216
140 59 17113
140 60 29558
140 61 14320
140 62 48896
140 63 61355
140 64 50085
140 65 71197
140 66 62079
140 67 41134
140 68 51607
140 69 51047
140 70 57120
140 71 71127
140 72 35572
140 73 36945
140 74 38502
140 75 36603
140 76 52634
140 77 56295
140 78 68808
140 79 59235
140 80 57526
140 81 59717
140 82 36016
140 83 27860
140 84 21148
140 85 8396
140 86 -3742
140 87 18136
140 88 47195
140 89 32162
140 90 62631
140 91 14878
140 92 22955
140 93 15847
140 94 25156
140 95 21740
140 96 24459
140 97 21313
140 98 17022
140 99 22857
140 100 12405
140 101 53025
140 102 52672
140 103 66597
140 104 22882
140 105 37861
140 106 39975
140 107 49975
140 108 53870
140 109 50976
140 110 46313
140 111 47335
140 112 31592
140 113 8291
140 114 29538
140 115 29166
140 116 54996
140 117 26402
140 118 19237
140 119 5986
140 120 62784
140 121 61858
140 122 58967
140 123 45200
140 124 40218
140 125 22448
140 126 60647
140 127 45849
140 128 63179
140 129 65435
140 130 50629
140 131 62375
140 132 48654
140 133 34557
140 134 53053
140 135 71665
140 136 80978
140 137 28872
140 138 46623
140 139 49825
140 141 3035
140 142 11767
140 143 48269
140 144 20918
140 145 27448
140 146 41609
140 147 28284
140 148 47523
140 149 42833
140 150 56482
140 151 19077
140 152 31874
140 153 39109
140 154 43457
140 155 45041
140 156 37052
140 157 58643
140 158 59100
140 159 46477
140 160 60468
140 161 63439
140 162 48754
140 163 57764
140 164 64282
140 165 56447
140 166 28712
140 167 43291
140 168 43271
140 169 63027
140 170 51204
140 171 30060
140 172 17044
140 173 18265
140 174 28272
140 175 53423
140 176 48214
140 177 52979
140 178 24414
140 179 46356
140 180 37886
140 181 55967
140 182 40062
140 183 27074
140 184 50960
140 185 62789
140 186 44319
140 187 49814
140 188 63142
140 189 54384
140 190 43648
140 191 6951
140 192 7039
140 193 11167
140 194 40095
140 195 44789
140 196 52602
140 197 39579
140 198 38556
140 199 29518
140 200 41736
141 1 41425
141 2 22723
141 3 49309
141 4 38870
141 5 6269
141 6 19440
141 7 32478
141 8 22453
141 9 53532
141 10 42305
141 11 41995
141 12 39277
141 13 16486
141 14 -446
141 15 13115
141 16 -5850
141 17 7931
141 18 20462
141 19 35146
141 20 55098
141 21 31611
141 22 31286
141 23 30094
141 24 51129
141 25 48986
141 26 33085
141 27 30597
141 28 35295
141 29 53474
141 30 44808
141 31 33363
141 32 48820
141 33 51212
141 34 56971
141 35 63953
141 36 33597
141 37 7899
141 38 773
141 39 36190
141 40 28473
141 41 26773
141 42 10318
141 43 8766
141 44 -3669
141 45 13562
141 46 22308
141 47 29064
141 48 21978
141 49 38808
141 50 43426
141 51 51130
141 52 29048
141 53 27902
141 54 41552
141 55 50750
141 56 39677
141 57 17294
141 58 23838
141 59 6068
141 60 17480
141 61 2287
141 62 36858
141 63 49332
141 64 38592
141 65 59546
141 66 50165
141 67 37375
141 68 41852
141 69 39398
141 70 45191
141 71 59561
141 72 29412
141 73 30423
141 74 33131
141 75 31779
141 76 42108
141 77 45939
141 78 58192
141 79 48695
141 80 48004
141 81 48664
141 82 24228
141 83 15976
141 84 9474
141 85 -3210
141 86 -9701
141 87 10222
141 88 35112
141 89 20440
141 90 50552
141 91 3862
141 92 12610
141 93 4273
141 94 14326
141 95 11386
141 96 13060
141 97 11837
141 98 6353
141 99 11311
141 100 2775
141 101 41193
141 102 41598
141 103 54976
141 104 11336
141 105 28119
141 106 27917
141 107 38256
141 108 41788
141 109 41717
141 110 39124
141 111 36404
141 112 20629
141 113 -1275
141 114 17944
141 115 22612
141 116 44770
141 117 16627
141 118 7154
141 119 356
141 120 51615
141 121 52138
141 122 47184
141 123 33474
141 124 29177
141 125 11599
141 126 48618
141 127 33864
141 128 51219
141 129 54951
141 130 42651
141 131 50306
141 132 37109
141 133 30036
141 134 44335
141 135 60481
141 136 69595
141 137 20048
141 138 36574
141 139 44121
141 140 -133
141 142 8313
141 143 37534
141 144 14447
141 145 23047
141 146 30084
141 147 16695
141 148 35452
141 149 34092
141 150 46960
141 151 8732
141 152 22496
141 153 27038
141 154 33408
141 155 38218
141 156 26055
141 157 47563
141 158 48689
141 159 34412
141 160 48460
141 161 51897
141 162 36873
141 163 48838
141 164 53402
141 165 49141
141 166 16666
141 167 31557
141 168 32124
141 169 52763
141 170 45762
141 171 24671
141 172 11400
141 173 6506
141 174 17391
141 175 41713
141 176 36850
141 177 43777
141 178 17811
141 179 38231
141 180 29149
141 181 43920
141 182 28029
141 183 15929
141 184 40701
141 185 51989
141 186 39709
141 187 44123
141 188 51303
141 189 42302
141 190 31630
141 191 -4087
141 192 64
141 193 463
141 194 28045
141 195 35848
141 196 42211
141 197 33738
141 198 31225
141 199 17856
141 200 30817
142 1 40701
142 2 13375
142 3 45104
142 4 29210
142 5 13222
142 6 19987
142 7 38008
142 8 31238
142 9 51756
142 10 45685
142 11 47973
142 12 33702
142 13 12438
142 14 -3048
142 15 87
142 16 6016
142 17 19615
142 18 25399
142 19 42215
142 20 55701
142 21 22483
142 22 19593
142 23 17887
142 24 43864
142 25 39026
142 26 26990
142 27 29732
142 28 32004
142 29 47568
142 30 45865
142 31 35720
142 32 51761
142 33 48570
142 34 53056
142 35 61651
142 36 43347
142 37 7509
142 38 4536
142 39 24992
142 40 21632
142 41 14460
142 42 -942
142 43 -3059
142 44 3939
142 45 23949
142 46 32777
142 47 37815
142 48 29605
142 49 47559
142 50 41014
142 51 50114
142 52 31525
142 53 23889
142 54 33750
142 55 41377
142 56 28449
142 57 5913
142 58 18256
142 59 7030
142 60 23426
142 61 11650
142 62 41628
142 63 53928
142 64 45652
142 65 58697
142 66 50865
142 67 25397
142 68 36315
142 69 39348
142 70 46460
142 71 58471
142 72 19081
142 73 20465
142 74 22088
142 75 20338
142 76 38304
142 77 41657
142 78 54337
142 79 44737
142 80 42048
142 81 46012
142 82 31297
142 83 23473
142 84 18697
142 85 1980
142 86 3004
142 87 2824
142 88 38925
142 89 21852
142 90 54192
142 91 9294
142 92 11652
142 93 7961
142 94 13178
142 95 9393
142 96 14469
142 97 8018
142 98 7684
142 99 13888
142 100 3257
142 101 41933
142 102 39160
142 103 54210
142 104 13913
142 105 23009
142 106 32964
142 107 44877
142 108 45082
142 109 35374
142 110 29882
142 111 33847
142 112 18988
142 113 11223
142 114 26106
142 115 12748
142 116 40237
142 117 12917
142 118 13035
142 119 3900
142 120 49245
142 121 46451
142 122 47437
142 123 40292
142 124 38086
142 125 21691
142 126 53169
142 127 36023
142 128 52409
142 129 50849
142 130 34339
142 131 52845
142 132 36610
142 133 18362
142 134 37025
142 135 58062
142 136 67767
142 137 13766
142 138 31872
142 139 33408
142 140 4276
142 141 3990
142 143 46590
142 144 4643
142 145 11214
142 146 29987
142 147 17843
142 148 39776
142 149 26982
142 150 41004
142 151 7774
142 152 16914
142 153 31955
142 154 28706
142 155 28558
142 156 24287
142 157 45113
142 158 44484
142 159 38722
142 160 50141
142 161 50763
142 162 37995
142 163 41832
142 164 50167
142 165 39996
142 166 20712
142 167 32145
142 168 40650
142 169 48126
142 170 34859
142 171 13632
142 172 739
142 173 16052
142 174 27065
142 175 48343
142 176 35583
142 177 37290
142 178 8023
142 179 30164
142 180 22147
142 181 48047
142 182 33094
142 183 15576
142 184 36285
142 185 48684
142 186 28156
142 187 33402
142 188 51644
142 189 45682
142 190 34042
142 191 5315
142 192 1444
142 193 4434
142 194 33151
142 195 29017
142 196 38053
142 197 23116
142 198 22170
142 199 26172
142 200 28664
143 1 35872
143 2 53481
143 3 49797
143 4 60373
143 5 27781
143 6 39037
143 7 18514
143 8 18040
143 9 41451
143 10 20199
143 11 7997
143 12 48949
143 13 41270
143 14 45870
143 15 53869
143 16 35433
143 17 28003
143 18 23684
143 19 2626
143 20 35705
143 21 55947
143 22 62794
143 23 60858
143 24 59899
143 25 68308
143 26 48247
143 27 35045
143 28 43403
143 29 56936
143 30 27605
143 31 21182
143 32 21537
143 33 45245
143 34 50791
143 35 50457
143 36 -5141
143 37 43946
143 38 46773
143 39 61631
143 40 49827
143 41 61203
143 42 50814
143 43 53261
143 44 43528
143 45 18203
143 46 6571
143 47 -1443
143 48 1272
143 49 -8226
143 50 41102
143 51 38951
143 52 28398
143 53 43455
143 54 55726
143 55 68439
143 56 67154
143 57 53325
143 58 45365
143 59 36111
143 60 31406
143 61 35615
143 62 13459
143 63 17185
143 64 -5215
143 65 38612
143 66 26834
143 67 64712
143 68 47660
143 69 35272
143 70 30742
143 71 42361
143 72 56179
143 73 57497
143 74 62346
143 75 61204
143 76 44976
143 77 48083
143 78 53608
143 79 46798
143 80 55550
143 81 41396
143 82 13537
143 83 24040
143 84 28979
143 85 32397
143 86 30227
143 87 43624
143 88 20815
143 89 32162
143 90 22494
143 91 44575
143 92 44920
143 93 35702
143 94 38002
143 95 39554
143 96 38159
143 97 43737
143 98 41726
143 99 38710
143 100 42515
143 101 31165
143 102 37637
143 103 38944
143 104 38735
143 105 44218
143 106 19309
143 107 3768
143 108 18206
143 109 53076
143 110 60897
143 111 39970
143 112 36053
143 113 28291
143 114 15951
143 115 53733
143 116 48722
143 117 45129
143 118 22932
143 119 46980
143 120 41590
143 121 55539
143 122 33615
143 123 6065
143 124 6489
143 125 16463
143 126 17220
143 127 26654
143 128 29429
143 129 53173
143 130 58257
143 131 24102
143 132 34388
143 133 61163
143 134 54892
143 135 48064
143 136 53560
143 137 47417
143 138 46623
143 139 67998
143 140 45784
143 141 38217
143 142 51596
143 144 49356
143 145 57026
143 146 35768
143 147 33218
143 148 16531
143 149 50612
143 150 54506
143 151 41042
143 152 44023
143 153 21794
143 154 43457
143 155 59721
143 156 38491
143 157 42834
143 158 49177
143 159 11055
143 160 26063
143 161 36112
143 162 27367
143 163 57764
143 164 45225
143 165 66307
143 166 26961
143 167 30498
143 168 2055
143 169 51427
143 170 68555
143 171 54640
143 172 50062
143 173 31958
143 174 12313
143 175 6195
143 176 34649
143 177 53983
143 178 49395
143 179 55718
143 180 48684
143 181 9930
143 182 10330
143 183 36746
143 184 45560
143 185 48109
143 186 68074
143 187 67744
143 188 31951
143 189 20196
143 190 21695
143 191 41431
143 192 45223
143 193 40463
143 194 17778
143 195 50189
143 196 45180
143 197 60216
143 198 53826
143 199 23687
143 200 41736
144 1 32607
144 2 3108
144 3 35360
144 4 19265
144 5 13554
144 6 15402
144 7 34397
144 8 30862
144 9 42769
144 10 39881
144 11 43954
144 12 23698
144 13 4945
144 14 6763
144 15 -209
144 16 11766
144 17 23158
144 18 22308
144 19 39290
144 20 47895
144 21 12294
144 22 11404
144 23 10447
144 24 33569
144 25 29259
144 26 16962
144 27 22121
144 28 23000
144 29 37385
144 30 38475
144 31 29560
144 32 45354
144 33 39334
144 34 43271
144 35 52356
144 36 42859
144 37 8639
144 38 14699
144 39 16091
144 40 11567
144 41 7669
144 42 2160
144 43 3553
144 44 12195
144 45 25426
144 46 33570
144 47 36543
144 48 27569
144 49 45832
144 50 32027
144 51 41555
144 52 26144
144 53 14952
144 54 23458
144 55 31367
144 56 19582
144 57 -1661
144 58 8854
144 59 5758
144 60 22117
144 61 15132
144 62 36951
144 63 48707
144 64 42173
144 65 49919
144 66 42956
144 67 17454
144 68 26246
144 69 31794
144 70 39350
144 71 49688
144 72 9427
144 73 10565
144 74 13034
144 75 11736
144 76 28798
144 77 31925
144 78 44607
144 79 35030
144 80 31903
144 81 36731
144 82 29155
144 83 22783
144 84 20277
144 85 4632
144 86 10389
144 87 -4200
144 88 33844
144 89 16753
144 90 48331
144 91 14001
144 92 10240
144 93 8643
144 94 8107
144 95 5129
144 96 11862
144 97 4123
144 98 9034
144 99 12723
144 100 7082
144 101 34645
144 102 30099
144 103 45656
144 104 12748
144 105 13451
144 106 29206
144 107 41455
144 108 39140
144 109 25198
144 110 19769
144 111 25040
144 112 11851
144 113 16217
144 114 25314
144 115 2676
144 116 30455
144 117 7143
144 118 11894
144 119 12473
144 120 40019
144 121 36310
144 122 39640
144 123 37299
144 124 37166
144 125 22913
144 126 47944
144 127 29972
144 128 44911
144 129 41089
144 130 24083
144 131 46166
144 132 28814
144 133 10125
144 134 26731
144 135 48744
144 136 58630
144 137 4767
144 138 22217
144 139 24080
144 140 14355
144 141 11052
144 142 5571
144 143 45278
144 145 3510
144 146 23054
144 147 13202
144 148 34910
144 149 16736
144 150 30859
144 151 6362
144 152 7512
144 153 28276
144 154 19051
144 155 18613
144 156 16689
144 157 36018
144 158 34740
144 159 33649
144 160 42977
144 161 42004
144 162 31017
144 163 31547
144 164 40599
144 165 29914
144 166 17559
144 167 25244
144 168 39176
144 169 38191
144 170 25696
144 171 4579
144 172 -620
144 173 18483
144 174 27453
144 175 44890
144 176 27294
144 177 27074
144 178 -2110
144 179 19875
144 180 11973
144 181 42302
144 182 28915
144 183 10489
144 184 26576
144 185 39198
144 186 19671
144 187 24083
144 188 43662
144 189 39878
144 190 28042
144 191 12024
144 192 9266
144 193 8698
144 194 29356
144 195 18789
144 196 28395
144 197 13688
144 198 11989
144 199 25967
144 200 20627
145 1 35923
145 2 5785
145 3 34793
145 4 12638
145 5 23582
145 6 24004
145 7 42279
145 8 40385
145 9 43789
145 10 45685
145 11 51153
145 12 22727
145 13 12438
145 14 14952
145 15 87
145 16 21826
145 17 33449
145 18 30893
145 19 47318
145 20 51019
145 21 8145
145 22 1593
145 23 284
145 24 29327
145 25 21761
145 26 16630
145 27 26891
145 28 25477
145 29 34576
145 30 42387
145 31 35301
145 32 50258
145 33 40040
145 34 42091
145 35 52456
145 36 52060
145 37 18930
145 38 22139
145 39 7036
145 40 12458
145 41 -2510
145 42 10585
145 43 7125
145 44 21453
145 45 35462
145 46 43330
145 47 45484
145 48 36246
145 49 54382
145 50 33647
145 51 43575
145 52 33098
145 53 18583
145 54 19217
145 55 24706
145 56 10529
145 57 2013
145 58 12603
145 59 15834
145 60 31653
145 61 25421
145 62 43823
145 63 54832
145 64 49553
145 65 50986
145 66 45712
145 67 7569
145 68 24477
145 69 36091
145 70 43800
145 71 50936
145 72 2398
145 73 5025
145 74 4525
145 75 2370
145 76 29309
145 77 31537
145 78 43750
145 79 34440
145 80 29750
145 81 37225
145 82 37916
145 83 32377
145 84 30438
145 85 14922
145 86 20119
145 87 5795
145 88 40594
145 89 24535
145 90 53880
145 91 24109
145 92 20419
145 93 18882
145 94 16859
145 95 14632
145 96 21482
145 97 14117
145 98 19329
145 99 22696
145 100 17185
145 101 39037
145 102 31412
145 103 47487
145 104 22721
145 105 15448
145 106 37110
145 107 49111
145 108 44741
145 109 23193
145 110 14208
145 111 27549
145 112 18231
145 113 26453
145 114 34733
145 115 3301
145 116 30011
145 117 16291
145 118 21518
145 119 21529
145 120 40509
145 121 33849
145 122 43055
145 123 45353
145 124 46322
145 125 32907
145 126 54087
145 127 36023
145 128 48451
145 129 40296
145 130 19115
145 131 50748
145 132 32812
145 133 362
145 134 22712
145 135 48830
145 136 59040
145 137 11379
145 138 22927
145 139 15696
145 140 22018
145 141 20785
145 142 13275
145 143 54081
145 144 4643
145 146 28804
145 147 21559
145 148 41726
145 149 14657
145 150 28706
145 151 16541
145 152 11261
145 153 36312
145 154 19761
145 155 11986
145 156 22193
145 157 37192
145 158 34173
145 159 40163
145 160 47015
145 161 43382
145 162 35866
145 163 27782
145 164 40123
145 165 23598
145 166 26335
145 167 30614
145 168 48029
145 169 36642
145 170 16977
145 171 -3732
145 172 8250
145 173 28748
145 174 37185
145 175 52505
145 176 30456
145 177 24517
145 178 2
145 179 15894
145 180 11436
145 181 47777
145 182 36321
145 183 18951
145 184 26513
145 185 39267
145 186 10156
145 187 15670
145 188 46472
145 189 45682
145 190 34042
145 191 21806
145 192 18564
145 193 18836
145 194 37199
145 195 16614
145 196 28366
145 197 5771
145 198 7228
145 199 35658
145 200 25329
146 1 10326
146 2 19927
146 3 20079
146 4 23603
146 5 11576
146 6 10993
146 7 14275
146 8 18814
146 9 22436
146 10 15976
146 11 21600
146 12 13853
146 13 9087
146 14 24567
146 15 23850
146 16 20219
146 17 22463
146 18 7424
146 19 18875
146 20 24762
146 21 19505
146 22 27373
146 23 24570
146 24 26500
146 25 31983
146 26 11560
146 27 -212
146 28 7623
146 29 26108
146 30 14849
146 31 5584
146 32 21273
146 33 20466
146 34 26794
146 35 32908
146 36 26479
146 37 19931
146 38 31190
146 39 24838
146 40 13550
146 41 26773
146 42 23612
146 43 26769
146 44 25819
146 45 18203
146 46 21613
146 47 19424
146 48 9872
146 49 26600
146 50 12792
146 51 20039
146 52 4387
146 53 6922
146 54 19970
146 55 32297
146 56 30592
146 57 21733
146 58 9925
146 59 11631
146 60 14906
146 61 20007
146 62 14150
146 63 25038
146 64 20013
146 65 28563
146 66 19936
146 67 27921
146 68 14862
146 69 8471
146 70 15477
146 71 28495
146 72 19857
146 73 21483
146 74 26439
146 75 25077
146 76 13046
146 77 17068
146 78 28117
146 79 18963
146 80 21927
146 81 17865
146 82 12602
146 83 13691
146 84 17910
146 85 12325
146 86 19216
146 87 13572
146 88 10946
146 89 3568
146 90 24339
146 91 24726
146 92 19333
146 93 14161
146 94 8874
146 95 11386
146 96 13060
146 97 15626
146 98 18708
146 99 15549
146 100 19952
146 101 10917
146 102 10873
146 103 23960
146 104 15574
146 105 7465
146 106 9565
146 107 20028
146 108 15151
146 109 17654
146 110 24102
146 111 6602
146 112 1893
146 113 19705
146 114 13088
146 115 19938
146 116 16496
146 117 15362
146 118 5845
146 119 27558
146 120 20646
146 121 24591
146 122 16550
146 123 17110
146 124 21415
146 125 15406
146 126 24287
146 127 6192
146 128 21394
146 129 25325
146 130 22256
146 131 22128
146 132 6018
146 133 25564
146 134 20498
146 135 29474
146 136 38484
146 137 14487
146 138 10818
146 139 31205
146 140 30422
146 141 22065
146 142 26291
146 143 27066
146 144 18430
146 145 23047
146 147 5381
146 148 12063
146 149 13948
146 150 20883
146 151 15455
146 152 8583
146 153 9485
146 154 7652
146 155 22951
146 156 2553
146 157 16802
146 158 19459
146 159 10349
146 160 19166
146 161 20815
146 162 7040
146 163 24076
146 164 22783
146 165 30213
146 166 6114
146 167 1188
146 168 21712
146 169 23545
146 170 31884
146 171 19073
146 172 21591
146 173 19168
146 174 16536
146 175 23350
146 176 5802
146 177 19210
146 178 15986
146 179 19132
146 180 11973
146 181 18308
146 182 7287
146 183 7591
146 184 12588
146 185 21681
146 186 31557
146 187 30961
146 188 20790
146 189 15973
146 190 4222
146 191 23645
146 192 24465
146 193 19750
146 194 9364
146 195 13914
146 196 13425
146 197 23688
146 198 17098
146 199 16786
146 200 5011
147 1 20217
147 2 15751
147 3 29005
147 4 26081
147 5 2539
147 6 1591
147 7 16678
147 8 15054
147 9 32328
147 10 23324
147 11 26341
147 12 20593
147 13 3547
147 14 15118
147 15 17250
147 16 10359
147 17 14103
147 18 4816
147 19 21588
147 20 34281
147 21 19807
147 22 25325
147 23 23882
147 24 33370
147 25 35665
147 26 15849
147 27 9432
147 28 15166
147 29 34230
147 30 24142
147 31 13427
147 32 29451
147 33 30177
147 34 36261
147 35 42777
147 36 26094
147 37 10459
147 38 21374
147 39 26252
147 40 13978
147 41 23479
147 42 15477
147 43 18730
147 44 15973
147 45 12109
147 46 18310
147 47 19424
147 48 10174
147 49 28357
147 50 22419
147 51 29928
147 52 9164
147 53 9530
147 54 25184
147 55 36462
147 56 30796
147 57 15923
147 58 8854
147 59 1974
147 60 7341
147 61 10271
147 62 19553
147 63 31678
147 64 24482
147 65 38406
147 66 29431
147 67 29056
147 68 22642
147 69 18246
147 70 24590
147 71 38373
147 72 19601
147 73 20630
147 74 25229
147 75 24210
147 76 21783
147 77 25773
147 78 37520
147 79 28169
147 80 29245
147 81 27608
147 82 11842
147 83 7663
147 84 9474
147 85 2434
147 86 9455
147 87 6512
147 88 16653
147 89 -481
147 90 31832
147 91 14878
147 92 10050
147 93 4273
147 94 557
147 95 2833
147 96 3271
147 97 7313
147 98 9034
147 99 5667
147 100 10365
147 101 20313
147 102 20561
147 103 33813
147 104 5692
147 105 10556
147 106 11488
147 107 23742
147 108 22723
147 109 23792
147 110 26160
147 111 15639
147 112 822
147 113 10481
147 114 9265
147 115 16009
147 116 24856
147 117 7819
147 118 -2248
147 119 17828
147 120 30476
147 121 32769
147 122 26191
147 123 19598
147 124 20369
147 125 9360
147 126 30915
147 127 13735
147 128 30668
147 129 34485
147 130 26997
147 131 30611
147 132 15903
147 133 23776
147 134 26898
147 135 39325
147 136 48383
147 137 9694
147 138 17441
147 139 33093
147 140 20586
147 141 12165
147 142 17636
147 143 28005
147 144 12067
147 145 19291
147 146 8870
147 148 17599
147 149 17877
147 150 28201
147 151 6172
147 152 7512
147 153 10556
147 154 14275
147 155 25429
147 156 5700
147 157 26513
147 158 28385
147 159 16487
147 160 28168
147 161 30700
147 162 16142
147 163 30932
147 164 32451
147 165 34527
147 166 369
147 167 10511
147 168 21955
147 169 32535
147 170 34459
147 171 17307
147 172 13934
147 173 10021
147 174 12313
147 175 27180
147 176 15660
147 177 25740
147 178 11659
147 179 22937
147 180 13918
147 181 25701
147 182 11295
147 183 -909
147 184 20809
147 185 31172
147 186 31557
147 187 32993
147 188 30400
147 189 23321
147 190 11724
147 191 13762
147 192 14824
147 193 9949
147 194 11643
147 195 18869
147 196 22047
147 197 23920
147 198 18510
147 199 11079
147 200 10451
148 1 13960
148 2 37017
148 3 27932
148 4 39868
148 5 19267
148 6 24591
148 7 5067
148 8 15662
148 9 21705
148 10 1952
148 11 4144
148 12 27430
148 13 25359
148 14 37050
148 15 40040
148 16 29229
148 17 26019
148 18 11193
148 19 3036
148 20 18054
148 21 36794
148 22 44837
148 23 41831
148 24 37979
148 25 47055
148 26 27765
148 27 14654
148 28 22486
148 29 35078
148 30 8188
148 31 -746
148 32 8328
148 33 23928
148 34 30120
148 35 31742
148 36 13396
148 37 32814
148 38 41625
148 39 41385
148 40 30966
148 41 44169
148 42 38464
148 43 41699
148 44 36493
148 45 17679
148 46 14334
148 47 7042
148 48 -781
148 49 10673
148 50 19201
148 51 18731
148 52 10150
148 53 24321
148 54 34275
148 55 47090
148 56 47700
148 57 38299
148 58 27340
148 59 24287
148 60 21567
148 61 28622
148 62 -3304
148 63 8766
148 64 2550
148 65 23194
148 66 11923
148 67 44425
148 68 25748
148 69 13459
148 70 9799
148 71 24747
148 72 37175
148 73 38908
148 74 43866
148 75 42440
148 76 23078
148 77 26153
148 78 32462
148 79 25149
148 80 33691
148 81 20423
148 82 6620
148 83 16675
148 84 23223
148 85 23185
148 86 26760
148 87 29315
148 88 -210
148 89 16382
148 90 9737
148 91 35840
148 92 32746
148 93 25423
148 94 23476
148 95 25833
148 96 25600
148 97 30313
148 98 31029
148 99 27285
148 100 32369
148 101 9358
148 102 15889
148 103 20404
148 104 27310
148 105 24578
148 106 4908
148 107 3040
148 108 1349
148 109 31601
148 110 40731
148 111 18427
148 112 18592
148 113 25347
148 114 11249
148 115 37115
148 116 26810
148 117 30661
148 118 13099
148 119 39037
148 120 21385
148 121 33658
148 122 13076
148 123 2247
148 124 11383
148 125 15145
148 126 8012
148 127 5574
148 128 12944
148 129 31545
148 130 36898
148 131 10153
148 132 12609
148 133 43021
148 134 33074
148 135 28910
148 136 35842
148 137 31221
148 138 25501
148 139 47578
148 140 40708
148 141 31805
148 142 40452
148 143 12201
148 144 34658
148 145 40341
148 146 16435
148 147 18482
148 149 30000
148 150 32647
148 151 28868
148 152 25998
148 153 7725
148 154 22335
148 155 39216
148 156 19926
148 157 21202
148 158 27312
148 159 -6409
148 160 9607
148 161 17725
148 162 5441
148 163 35870
148 164 24851
148 165 44942
148 166 14128
148 167 9690
148 168 9142
148 169 29880
148 170 47665
148 171 36535
148 172 36920
148 173 25875
148 174 12851
148 175 6237
148 176 12758
148 177 32293
148 178 33053
148 179 34901
148 180 29076
148 181 3134
148 182 -6312
148 183 21948
148 184 23715
148 185 26600
148 186 48691
148 187 47234
148 188 14500
148 189 1949
148 190 113
148 191 34075
148 192 36435
148 193 31246
148 194 3213
148 195 29144
148 196 23259
148 197 40858
148 198 34064
148 199 18162
148 200 22372
149 1 19008
149 2 14752
149 3 14694
149 4 4400
149 5 25402
149 6 22678
149 7 33605
149 8 37306
149 9 24048
149 10 31596
149 11 39364
149 12 2694
149 13 13193
149 14 28542
149 15 18997
149 16 29983
149 17 37049
149 18 25845
149 19 37823
149 20 32814
149 21 5027
149 22 13841
149 23 7563
149 24 11643
149 25 12692
149 26 -645
149 27 14318
149 28 9805
149 29 15228
149 30 25362
149 31 21957
149 32 34135
149 33 20283
149 34 22026
149 35 32373
149 36 45895
149 37 26579
149 38 36538
149 39 5941
149 40 5969
149 41 15087
149 42 24296
149 43 25016
149 44 32729
149 45 35358
149 46 40452
149 47 38839
149 48 29288
149 49 45651
149 50 14818
149 51 24561
149 52 23791
149 53 8890
149 54 2099
149 55 13222
149 56 13150
149 57 17360
149 58 8490
149 59 20325
149 60 30670
149 61 31229
149 62 31953
149 63 40689
149 64 37460
149 65 31109
149 66 26934
149 67 8959
149 68 4463
149 69 20991
149 70 27840
149 71 31207
149 72 4440
149 73 8128
149 74 12042
149 75 9349
149 76 9819
149 77 11501
149 78 23632
149 79 14324
149 80 9886
149 81 17332
149 82 31893
149 83 30751
149 84 32559
149 85 21538
149 86 29338
149 87 14555
149 88 29186
149 89 19444
149 90 38865
149 91 32682
149 92 26293
149 93 23908
149 94 17481
149 95 18178
149 96 23459
149 97 20355
149 98 26337
149 99 25928
149 100 26336
149 101 23390
149 102 12174
149 103 28166
149 104 25953
149 105 3669
149 106 28979
149 107 38481
149 108 30142
149 109 3176
149 110 5545
149 111 10722
149 112 12286
149 113 32396
149 114 31490
149 115 13564
149 116 9997
149 117 20186
149 118 21091
149 119 33435
149 120 20566
149 121 14240
149 122 25573
149 123 36213
149 124 40768
149 125 32588
149 126 40036
149 127 23879
149 128 30630
149 129 20172
149 130 3670
149 131 34164
149 132 17389
149 133 11473
149 134 4812
149 135 28751
149 136 39003
149 137 14575
149 138 4833
149 139 12109
149 140 36085
149 141 30512
149 142 27725
149 143 46349
149 144 16551
149 145 13339
149 146 18387
149 147 18827
149 148 30067
149 150 8842
149 151 22415
149 152 7148
149 153 28861
149 154 1667
149 155 3748
149 156 13609
149 157 17798
149 158 14074
149 159 27481
149 160 29839
149 161 23758
149 162 21091
149 163 9463
149 164 19999
149 165 11232
149 166 22872
149 167 18021
149 168 41121
149 169 16637
149 170 12486
149 171 5961
149 172 21535
149 173 32461
149 174 34876
149 175 41703
149 176 13713
149 177 4893
149 178 10483
149 179 -250
149 180 329
149 181 32216
149 182 26151
149 183 17952
149 184 6726
149 185 19273
149 186 14130
149 187 11775
149 188 27916
149 189 31593
149 190 21467
149 191 31556
149 192 30080
149 193 27380
149 194 28752
149 195 -3383
149 196 8508
149 197 6841
149 198 15
149 199 34124
149 200 14776
150 1 16081
150 2 26723
150 3 4371
150 4 10799
150 5 33934
150 6 31371
150 7 36271
150 8 42843
150 9 14313
150 10 29594
150 11 38571
150 12 1739
150 13 23581
150 14 40044
150 15 31022
150 16 40191
150 17 45481
150 18 31507
150 19 38867
150 20 25776
150 21 16731
150 22 24748
150 23 15537
150 24 2478
150 25 13139
150 26 8787
150 27 17839
150 28 13403
150 29 3402
150 30 20395
150 31 21701
150 32 29398
150 33 11065
150 34 10245
150 35 21310
150 36 48553
150 37 37271
150 38 47981
150 39 11259
150 40 17425
150 41 26353
150 42 36060
150 43 37042
150 44 43706
150 45 42194
150 46 45401
150 47 41637
150 48 32391
150 49 46481
150 50 9246
150 51 16680
150 52 27598
150 53 17413
150 54 1106
150 55 13063
150 56 21566
150 57 29388
150 58 19149
150 59 30366
150 60 38210
150 61 40887
150 62 31809
150 63 37810
150 64 35664
150 65 20595
150 66 18597
150 67 12964
150 68 -7138
150 69 20508
150 70 24627
150 71 21223
150 72 15245
150 73 19747
150 74 22909
150 75 19246
150 76 4385
150 77 2398
150 78 12148
150 79 3437
150 80 -2156
150 81 7435
150 82 36016
150 83 37580
150 84 40836
150 85 31700
150 86 39578
150 87 26032
150 88 30169
150 89 26424
150 90 35372
150 91 43254
150 92 36772
150 93 33805
150 94 27081
150 95 28448
150 96 32880
150 97 31199
150 98 36815
150 99 35500
150 100 37198
150 101 21196
150 102 5042
150 103 19239
150 104 35525
150 105 12887
150 106 32365
150 107 38598
150 108 27484
150 109 2430
150 110 14692
150 111 10964
150 112 20317
150 113 41684
150 114 37147
150 115 25593
150 116 2053
150 117 30801
150 118 28895
150 119 44600
150 120 10269
150 121 2251
150 122 20372
150 123 37748
150 124 44409
150 125 39396
150 126 37309
150 127 25203
150 128 24007
150 129 8991
150 130 3818
150 131 28930
150 132 16923
150 133 22154
150 134 -2713
150 135 17738
150 136 28102
150 137 25789
150 138 8397
150 139 17284
150 140 47466
150 141 41112
150 142 39479
150 143 47975
150 144 28406
150 145 25120
150 146 23054
150 147 26883
150 148 30446
150 149 6574
150 151 32894
150 152 17807
150 153 32858
150 154 5231
150 155 10147
150 156 20649
150 157 10025
150 158 3751
150 159 26670
150 160 24127
150 161 14120
150 162 19910
150 163 136
150 164 8678
150 165 10990
150 166 29726
150 167 20131
150 168 43806
150 169 4754
150 170 14762
150 171 17270
150 172 33327
150 173 41352
150 174 40584
150 175 41629
150 176 11893
150 177 -1165
150 178 22489
150 179 6983
150 180 11973
150 181 27619
150 182 27659
150 183 26977
150 184 1268
150 185 9224
150 186 22230
150 187 16444
150 188 20267
150 189 29591
150 190 22111
150 191 42245
150 192 41244
150 193 38001
150 194 31839
150 195 3009
150 196 1261
150 197 16492
150 198 10904
150 199 40772
150 200 21106
151 1 29887
151 2 11651
151 3 36533
151 4 26831
151 5 2971
151 6 8135
151 7 26067
151 8 20640
151 9 41620
151 10 33714
151 11 36010
151 12 26285
151 13 3489
151 14 4844
151 15 8579
151 16 3316
151 17 12791
151 18 13493
151 19 30495
151 20 44458
151 21 19570
151 22 21535
151 23 20642
151 24 38180
151 25 36950
151 26 20101
151 27 18830
151 28 22610
151 29 40487
151 30 34425
151 31 23867
151 32 39888
151 33 38907
151 34 44323
151 35 51862
151 36 32801
151 37 287
151 38 11815
151 39 25235
151 40 15673
151 41 18247
151 42 5650
151 43 8687
151 44 6770
151 45 14811
151 46 23094
151 47 26783
151 48 18171
151 49 36354
151 50 31147
151 51 39544
151 52 19571
151 53 14981
151 54 28737
151 55 38423
151 56 28960
151 57 8875
151 58 10884
151 59 -4734
151 60 12095
151 61 5205
151 62 29590
151 63 41889
151 64 33828
151 65 48155
151 66 39629
151 67 27230
151 68 28875
151 69 28192
151 70 34919
151 71 48008
151 72 18108
151 73 18984
151 74 22541
151 75 21475
151 76 29384
151 77 33133
151 78 45541
151 79 35992
151 80 35006
151 81 36373
151 82 19776
151 83 12580
151 84 9651
151 85 -5020
151 86 2655
151 87 -595
151 88 26893
151 89 9958
151 90 42212
151 91 6093
151 92 -390
151 93 -1885
151 94 1861
151 95 -1561
151 96 2440
151 97 -525
151 98 -334
151 99 2329
151 100 370
151 101 30530
151 102 29334
151 103 43558
151 104 2354
151 105 15121
151 106 20984
151 107 33030
151 108 33129
151 109 28726
151 110 26946
151 111 23990
151 112 8276
151 113 6554
151 114 15225
151 115 11825
151 116 31907
151 117 3698
151 118 1773
151 119 8084
151 120 39455
151 121 39162
151 122 36270
151 123 28538
151 124 27226
151 125 12318
151 126 41130
151 127 24175
151 128 40970
151 129 42218
151 130 29966
151 131 41050
151 132 25642
151 133 20195
151 134 31406
151 135 48335
151 136 57715
151 137 7487
151 138 23637
151 139 32736
151 140 11129
151 141 3952
151 142 7317
151 143 35579
151 144 4977
151 145 14023
151 146 18694
151 147 5922
151 148 27735
151 149 21215
151 150 33962
151 152 9542
151 153 19977
151 154 20471
151 155 26179
151 156 13733
151 157 35305
151 158 35913
151 159 26684
151 160 38545
151 161 40305
151 162 26451
151 163 35870
151 164 40948
151 165 36722
151 166 8748
151 167 20686
151 168 29512
151 169 39931
151 170 34403
151 171 14207
151 172 4757
151 173 7991
151 174 17025
151 175 36492
151 176 25010
151 177 30787
151 178 7109
151 179 25543
151 180 16322
151 181 36039
151 182 21082
151 183 3991
151 184 27847
151 185 39464
151 186 29332
151 187 32722
151 188 40509
151 189 33711
151 190 22162
151 191 5093
151 192 4863
151 193 846
151 194 21170
151 195 22909
151 196 29418
151 197 22550
151 198 19034
151 199 15629
151 200 18396
152 1 20409
152 2 6778
152 3 23179
152 4 13695
152 5 13719
152 6 11296
152 7 26840
152 8 27517
152 9 30240
152 10 29406
152 11 35118
152 12 12057
152 13 1028
152 14 17353
152 15 11631
152 16 17833
152 17 25260
152 18 16642
152 19 31818
152 20 35718
152 21 7300
152 22 13951
152 23 11841
152 24 23622
152 25 23518
152 26 5598
152 27 10662
152 28 10486
152 29 26217
152 30 26611
152 31 19022
152 32 34135
152 33 26832
152 34 31132
152 35 39882
152 36 37942
152 37 14547
152 38 25216
152 39 13726
152 40 1548
152 41 13172
152 42 13891
152 43 16081
152 44 20900
152 45 24495
152 46 30789
152 47 31050
152 48 21563
152 49 39265
152 50 19499
152 51 29084
152 52 17219
152 53 2587
152 54 14257
152 55 24577
152 56 18410
152 57 9293
152 58 -3676
152 59 8163
152 60 19711
152 61 19090
152 62 27710
152 63 38556
152 64 33538
152 65 37393
152 66 30688
152 67 16569
152 68 14716
152 69 20061
152 70 27774
152 71 37164
152 72 7264
152 73 8465
152 74 13310
152 75 12169
152 76 16399
152 77 19732
152 78 32406
152 79 22806
152 80 20669
152 81 24244
152 82 23512
152 83 20177
152 84 20933
152 85 9376
152 86 17201
152 87 3508
152 88 24485
152 89 9811
152 90 37625
152 91 20613
152 92 14170
152 93 11754
152 94 5508
152 95 6013
152 96 11476
152 97 8396
152 98 14224
152 99 13857
152 100 14411
152 101 23008
152 102 17570
152 103 33175
152 104 13882
152 105 1080
152 106 21771
152 107 33319
152 108 28475
152 109 14237
152 110 13740
152 111 12559
152 112 2632
152 113 20307
152 114 21708
152 115 6593
152 116 18328
152 117 8086
152 118 9938
152 119 21776
152 120 27520
152 121 24970
152 122 27534
152 123 29919
152 124 32330
152 125 21771
152 126 37812
152 127 19776
152 128 32904
152 129 28924
152 130 15643
152 131 34726
152 132 16898
152 133 12230
152 134 16846
152 135 36277
152 136 46119
152 137 3144
152 138 9945
152 139 20575
152 140 24676
152 141 18466
152 142 17207
152 143 39310
152 144 6877
152 145 9493
152 146 12572
152 147 8012
152 148 25615
152 149 6698
152 150 19625
152 151 10292
152 153 21162
152 154 6779
152 155 13043
152 156 5998
152 157 23492
152 158 22559
152 159 23950
152 160 31206
152 161 29484
152 162 19691
152 163 21325
152 164 28257
152 165 22749
152 166 12740
152 167 14337
152 168 33472
152 169 26283
152 170 21993
152 171 5701
152 172 11309
152 173 20541
152 174 24833
152 175 36680
152 176 15016
152 177 16289
152 178 2841
152 179 11278
152 180 1944
152 181 31543
152 182 20496
152 183 6369
152 184 14359
152 185 26796
152 186 19239
152 187 20484
152 188 31388
152 189 29403
152 190 17781
152 191 19545
152 192 18420
152 193 15328
152 194 21778
152 195 8349
152 196 16122
152 197 11492
152 198 6015
152 199 23594
152 200 9066
153 1 17268
153 2 29028
153 3 30309
153 4 35972
153 5 8496
153 6 15115
153 7 3095
153 8 7633
153 9 28453
153 10 12374
153 11 12989
153 12 26090
153 13 16877
153 14 26463
153 15 30791
153 16 18463
153 17 15935
153 18 481
153 19 8011
153 20 26934
153 21 31138
153 22 38031
153 23 36019
153 24 38380
153 25 44510
153 26 24051
153 27 11492
153 28 19944
153 29 37073
153 30 16584
153 31 4753
153 32 18908
153 33 28525
153 34 35242
153 35 38967
153 36 14066
153 37 22479
153 38 30854
153 39 37029
153 40 25011
153 41 36664
153 42 28588
153 43 31709
153 44 25742
153 45 8737
153 46 9527
153 47 7042
153 48 -2520
153 49 15110
153 50 21869
153 51 25415
153 52 4309
153 53 18748
153 54 32439
153 55 44824
153 56 42354
153 57 29518
153 58 20531
153 59 14030
153 60 10800
153 61 17854
153 62 6876
153 63 19363
153 64 10942
153 65 32158
153 66 21521
153 67 40085
153 68 26373
153 69 15162
153 70 17173
153 71 32927
153 72 31347
153 73 32658
153 74 37517
153 75 36365
153 76 23943
153 77 27752
153 78 36945
153 79 28517
153 80 33747
153 81 25577
153 82 139
153 83 6210
153 84 12643
153 85 12517
153 86 16122
153 87 20087
153 88 5230
153 89 7537
153 90 20487
153 91 25160
153 92 22632
153 93 14856
153 94 14140
153 95 16211
153 96 15468
153 97 20644
153 98 20587
153 99 16883
153 100 21879
153 101 14453
153 102 19434
153 103 28303
153 104 16908
153 105 19630
153 106 -2036
153 107 10165
153 108 11852
153 109 30015
153 110 36348
153 111 17782
153 112 11223
153 113 14903
153 114 2351
153 115 29243
153 116 27653
153 117 21403
153 118 2339
153 119 28341
153 120 27520
153 121 35551
153 122 20146
153 123 6027
153 124 8885
153 125 6038
153 126 18629
153 127 6459
153 128 22424
153 129 34932
153 130 34766
153 131 20558
153 132 13827
153 133 36374
153 134 32645
153 135 35832
153 136 43719
153 137 22982
153 138 23217
153 139 43495
153 140 29938
153 141 21035
153 142 30275
153 143 15108
153 144 25668
153 145 32571
153 146 11501
153 147 9083
153 148 5369
153 149 26438
153 150 32703
153 151 18754
153 152 19189
153 154 20051
153 155 35320
153 156 13733
153 157 25135
153 158 29689
153 159 4334
153 160 19326
153 161 25548
153 162 9903
153 163 36013
153 164 30517
153 165 42737
153 166 3712
153 167 8131
153 168 9390
153 169 33334
153 170 44326
153 171 29845
153 172 27296
153 173 15184
153 174 5360
153 175 13611
153 176 14425
153 177 31408
153 178 24993
153 179 31637
153 180 24013
153 181 13867
153 182 -1856
153 183 12692
153 184 23988
153 185 30552
153 186 43260
153 187 43287
153 188 23325
153 189 12371
153 190 3338
153 191 23324
153 192 25808
153 193 20614
153 194 -1849
153 195 26439
153 196 24340
153 197 35413
153 198 29140
153 199 8163
153 200 17216
154 1 11432
154 2 18314
154 3 10451
154 4 11798
154 5 22755
154 6 20207
154 7 27151
154 8 32356
154 9 18217
154 10 24036
154 11 32015
154 12 414
154 13 12973
154 14 30003
154 15 23332
154 16 29229
154 17 34314
154 18 20877
154 19 30907
154 20 25693
154 21 11483
154 22 20593
154 23 15144
154 24 13258
154 25 18904
154 26 749
154 27 7806
154 28 2875
154 29 14216
154 30 17872
154 31 14569
154 32 26563
154 33 14556
154 34 18404
154 35 27434
154 36 39598
154 37 26614
154 38 37773
154 39 13400
154 40 8605
154 41 21407
154 42 26597
154 43 28494
154 44 33131
154 45 31299
154 46 35214
154 47 32557
154 48 23085
154 49 38739
154 50 7958
154 51 17889
154 52 17682
154 53 6432
154 54 6460
154 55 19044
154 56 20739
154 57 21153
154 58 9052
154 59 19431
154 60 27113
154 61 29792
154 62 24679
154 63 33095
154 64 29998
154 65 25458
154 66 20133
154 67 16328
154 68 2567
154 69 13459
154 70 20229
154 71 25321
154 72 11503
154 73 14451
154 74 18932
154 75 16651
154 76 3845
154 77 7004
154 78 19682
154 79 10084
154 80 9024
154 81 11877
154 82 26125
154 83 26644
154 84 29672
154 85 20760
154 86 28601
154 87 16236
154 88 22123
154 89 15357
154 90 31249
154 91 32477
154 92 26030
154 93 22798
154 94 16074
154 95 17658
154 96 21792
154 97 20726
154 98 26034
154 99 24428
154 100 26619
154 101 15777
154 102 5710
154 103 21777
154 104 24453
154 105 2494
154 106 22797
154 107 31324
154 108 22543
154 109 4053
154 110 13161
154 111 3112
154 112 9140
154 113 30522
154 114 26598
154 115 17617
154 116 5616
154 117 20232
154 118 17761
154 119 34189
154 120 15187
154 121 12826
154 122 18163
154 123 29428
154 124 34839
154 125 28504
154 126 32449
154 127 16821
154 128 23373
154 129 16196
154 130 8884
154 131 26642
154 132 9836
154 133 18382
154 134 7009
154 135 23812
154 136 33816
154 137 15872
154 138 -2783
154 139 19493
154 140 37190
154 141 30309
154 142 29930
154 143 39675
154 144 19347
154 145 18924
154 146 12572
154 147 15706
154 148 22883
154 149 2148
154 150 7980
154 151 22152
154 152 7710
154 153 22955
154 155 11146
154 156 9496
154 157 11518
154 158 9831
154 159 20078
154 160 22407
154 161 17725
154 162 13539
154 163 10811
154 164 15600
154 165 16920
154 166 18733
154 167 11089
154 168 34788
154 169 13625
154 170 19380
154 171 12460
154 172 23977
154 173 30174
154 174 30051
154 175 34506
154 176 6105
154 177 5723
154 178 14262
154 179 6680
154 180 4164
154 181 24618
154 182 19288
154 183 15854
154 184 1631
154 185 14214
154 186 21727
154 187 19083
154 188 20967
154 189 24033
154 190 14255
154 191 31503
154 192 30853
154 193 27259
154 194 22446
154 195 860
154 196 3410
154 197 14304
154 198 7333
154 199 29897
154 200 10011
155 1 29074
155 2 17947
155 3 21309
155 4 -6230
155 5 33572
155 6 31214
155 7 44094
155 8 46990
155 9 31291
155 10 42051
155 11 49973
155 12 11225
155 13 20440
155 14 32183
155 15 18946
155 16 36150
155 17 44993
155 18 35693
155 19 48425
155 20 41791
155 21 6483
155 22 9735
155 23 -1479
155 24 11286
155 25 3904
155 26 9891
155 27 24910
155 28 20426
155 29 17738
155 30 35097
155 31 32546
155 32 44047
155 33 27830
155 34 26521
155 35 38154
155 36 56259
155 37 32459
155 38 39975
155 39 -4625
155 40 13236
155 41 11632
155 42 27468
155 43 25896
155 44 37576
155 45 44386
155 46 50234
155 47 49216
155 48 39652
155 49 56244
155 50 23952
155 51 33015
155 52 34219
155 53 18583
155 54 2264
155 55 5955
155 56 4633
155 57 19085
155 58 16249
155 59 27264
155 60 39592
155 61 38193
155 62 42575
155 63 51060
155 64 48019
155 65 37576
155 66 35262
155 67 -1665
155 68 9888
155 69 31487
155 70 38006
155 71 38249
155 72 1342
155 73 7825
155 74 8311
155 75 3137
155 76 18587
155 77 18777
155 78 28895
155 79 20463
155 80 14873
155 81 24406
155 82 42074
155 83 39965
155 84 40792
155 85 28031
155 86 35255
155 87 19268
155 88 39814
155 89 29007
155 90 49094
155 91 38489
155 92 32671
155 93 30859
155 94 25291
155 95 25098
155 96 31174
155 97 26330
155 98 32518
155 99 33368
155 100 31767
155 101 33704
155 102 20764
155 103 36046
155 104 33393
155 105 13451
155 106 39381
155 107 49111
155 108 40503
155 109 10115
155 110 2052
155 111 21102
155 112 21655
155 113 39540
155 114 41165
155 115 16009
155 116 17609
155 117 26759
155 118 29852
155 119 37935
155 120 27298
155 121 17528
155 122 35176
155 123 46786
155 124 50979
155 125 41650
155 126 50429
155 127 34509
155 128 39819
155 129 25971
155 130 1236
155 131 43916
155 132 27862
155 133 6816
155 134 5202
155 135 34621
155 136 44994
155 137 20574
155 138 15245
155 139 1483
155 140 39707
155 141 36052
155 142 30715
155 143 56872
155 144 19842
155 145 12082
155 146 28804
155 147 27793
155 148 40697
155 149 5162
155 150 13829
155 151 28793
155 152 14907
155 153 39157
155 154 12079
155 156 23531
155 157 26121
155 158 20689
155 159 38068
155 160 39390
155 161 31102
155 162 31563
155 163 10364
155 164 25453
155 165 4734
155 166 32289
155 167 28647
155 168 51523
155 169 21086
155 170 2212
155 171 3475
155 172 24741
155 173 40182
155 174 44444
155 175 52333
155 176 23930
155 177 9673
155 178 13187
155 179 1986
155 180 8360
155 181 42220
155 182 36751
155 183 26293
155 184 15176
155 185 26186
155 186 5206
155 187 1154
155 188 36593
155 189 42048
155 190 32093
155 191 37018
155 192 34680
155 193 33151
155 194 39196
155 195 4969
155 196 16551
155 197 759
155 198 86
155 199 43376
155 200 25011
156 1 13872
156 2 14840
156 3 20906
156 4 19847
156 5 10780
156 6 8535
156 7 18612
156 8 21151
156 9 25350
156 10 21054
156 11 26579
156 12 12443
156 13 4432
156 14 20952
156 15 18946
156 16 18076
156 17 22287
156 18 9700
156 19 23479
156 20 28935
156 21 14922
156 22 22426
156 23 19922
156 24 25274
156 25 28832
156 26 8398
156 27 2951
156 28 6947
156 29 25984
156 30 19303
156 31 10657
156 32 26180
156 33 22675
156 34 28395
156 35 35587
156 36 30319
156 37 16564
156 38 28084
156 39 20769
156 40 8827
156 41 21707
156 42 19222
156 43 22234
156 44 22901
156 45 19479
156 46 24307
156 47 23315
156 48 13757
156 49 31068
156 50 14897
156 51 23388
156 52 8801
156 53 2488
156 54 17559
156 55 29364
156 56 26119
156 57 16756
156 58 4868
156 59 8650
156 60 15095
156 61 18266
156 62 19166
156 63 30135
156 64 24999
156 65 32013
156 66 24077
156 67 23814
156 68 14399
156 69 12638
156 70 20118
156 71 31824
156 72 15202
156 73 16671
156 74 21607
156 75 20338
156 76 13672
156 77 17622
156 78 29624
156 79 20177
156 80 21039
156 81 20138
156 82 16018
156 83 14815
156 84 17642
156 85 9789
156 86 17337
156 87 8957
156 88 15941
156 89 3428
156 90 29382
156 91 21908
156 92 15889
156 93 11671
156 94 5357
156 95 7639
156 96 10478
156 97 11577
156 98 15609
156 99 13121
156 100 16645
156 101 15428
156 102 13082
156 103 27455
156 104 13146
156 105 3485
156 106 13656
156 107 24847
156 108 20200
156 109 15799
156 110 20133
156 111 7806
156 112 -2350
156 113 18702
156 114 15336
156 115 14841
156 116 16644
156 117 11129
156 118 5721
156 119 24356
156 120 23186
156 121 24524
156 122 20657
156 123 21628
156 124 24926
156 125 16692
156 126 29384
156 127 11290
156 128 25793
156 129 26464
156 130 19582
156 131 26942
156 132 9798
156 133 20657
156 134 18902
156 135 32067
156 136 41443
156 137 9529
156 138 9259
156 139 27282
156 140 27382
156 141 19553
156 142 22108
156 143 31306
156 144 13582
156 145 17953
156 146 4070
156 147 3728
156 148 17071
156 149 10687
156 150 19995
156 151 12011
156 152 3526
156 153 13234
156 154 6093
156 155 19195
156 157 19052
156 158 20286
156 159 15430
156 160 23763
156 161 24115
156 162 11788
156 163 22828
156 164 24811
156 165 27348
156 166 6878
156 167 6089
156 168 25669
156 169 24426
156 170 28270
156 171 14144
156 172 17044
156 173 18265
156 174 18732
156 175 28195
156 176 8822
156 177 17673
156 178 10902
156 179 15894
156 180 7750
156 181 23342
156 182 12036
156 183 4531
156 184 12588
156 185 23389
156 186 27046
156 187 27098
156 188 24831
156 189 21051
156 190 9321
156 191 20932
156 192 21140
156 193 16810
156 194 13590
156 195 11253
156 196 13888
156 197 19183
156 198 12864
156 199 18139
156 200 2247
157 1 5927
157 2 33972
157 3 3380
157 4 24184
157 5 32652
157 6 31607
157 7 27996
157 8 37061
157 9 2471
157 10 17242
157 11 26505
157 12 10414
157 13 26961
157 14 44103
157 15 39035
157 16 41150
157 17 43247
157 18 27005
157 19 28257
157 20 11504
157 21 26897
157 22 35904
157 23 28798
157 24 14471
157 25 27445
157 26 16365
157 27 14654
157 28 14214
157 29 10093
157 30 6519
157 31 11651
157 32 15330
157 33 -626
157 34 5931
157 35 12297
157 36 38890
157 37 39885
157 38 51413
157 39 25235
157 40 24351
157 41 36985
157 42 41495
157 43 43864
157 44 46244
157 45 37791
157 46 38334
157 47 32439
157 48 23904
157 49 35190
157 50 35
157 51 2606
157 52 22026
157 53 20510
157 54 15180
157 55 27378
157 56 34505
157 57 36781
157 58 24109
157 59 31979
157 60 35769
157 61 41050
157 62 20737
157 63 24457
157 64 22588
157 65 9695
157 66 4945
157 67 27230
157 68 3392
157 69 12379
157 70 12075
157 71 9520
157 72 26530
157 73 29964
157 74 34125
157 75 31333
157 76 3845
157 77 3306
157 78 7517
157 79 -328
157 80 12162
157 81 -3191
157 82 28942
157 83 33855
157 84 38820
157 85 33025
157 86 40252
157 87 31027
157 88 20711
157 89 24659
157 90 21816
157 91 45232
157 92 39208
157 93 34874
157 94 28700
157 95 30902
157 96 33675
157 97 34601
157 98 38954
157 99 36276
157 100 39968
157 101 10142
157 102 -7436
157 103 6086
157 104 36301
157 105 17784
157 106 25119
157 107 27194
157 108 14601
157 109 13890
157 110 26946
157 111 8446
157 112 20995
157 113 40769
157 114 31697
157 115 33363
157 116 5616
157 117 34067
157 118 26811
157 119 47682
157 120 -125
157 121 8863
157 122 6589
157 123 27740
157 124 36168
157 125 35029
157 126 24065
157 127 17072
157 128 9696
157 129 6057
157 130 17972
157 131 14736
157 132 9447
157 133 33562
157 134 11132
157 135 8747
157 136 18367
157 137 30774
157 138 13028
157 139 31219
157 140 50720
157 141 42808
157 142 44681
157 143 37396
157 144 34658
157 145 34699
157 146 20066
157 147 26288
157 148 20094
157 149 16623
157 150 11118
157 151 35330
157 152 22767
157 153 26383
157 154 9862
157 155 23532
157 156 20799
157 158 2760
157 159 15100
157 160 9874
157 161 1913
157 162 9704
157 163 13020
157 164 1689
157 165 25308
157 166 26914
157 167 14117
157 168 34548
157 169 4390
157 170 29077
157 171 27920
157 172 39010
157 173 40238
157 174 34784
157 175 30042
157 176 4249
157 177 12436
157 178 29953
157 179 19361
157 180 19944
157 181 13496
157 182 18242
157 183 27819
157 184 4560
157 185 1186
157 186 35356
157 187 30484
157 188 6182
157 189 17239
157 190 13042
157 191 44242
157 192 44443
157 193 40149
157 194 24220
157 195 13789
157 196 2252
157 197 28688
157 198 22084
157 199 36611
157 200 21224
158 1 11432
158 2 32132
158 3 -3691
158 4 18770
158 5 35061
158 6 33132
158 7 33351
158 8 41497
158 9 6291
158 10 24036
158 11 33275
158 12 6594
158 13 26961
158 14 44103
158 15 36961
158 16 42628
158 17 46205
158 18 30737
158 19 34576
158 20 18054
158 21 23409
158 22 31994
158 23 23521
158 24 7400
158 25 20830
158 26 13777
158 27 17242
158 28 14528
158 29 3455
158 30 13590
158 31 17546
158 32 22364
158 33 3048
158 34 4262
158 35 13989
158 36 44941
158 37 40471
158 38 51804
158 39 19318
158 40 22425
158 41 33409
158 42 40729
158 43 42463
158 44 46993
158 45 41681
158 46 43377
158 47 38283
158 48 29429
158 49 41780
158 50 4038
158 51 8862
158 52 26055
158 53 20292
158 54 9169
158 55 20820
158 56 29448
158 57 34957
158 58 23194
158 59 32992
158 60 38655
158 61 42861
158 62 27149
158 63 31502
158 64 29609
158 65 12905
158 66 10559
158 67 20887
158 68 -3055
158 69 17148
158 70 18852
158 71 13294
158 72 22481
158 73 26506
158 74 30151
158 75 26845
158 76 2491
158 77 -1482
158 78 5557
158 79 -4002
158 80 5906
158 81 -594
158 82 33864
158 83 37353
158 84 41612
158 85 34257
158 86 41922
158 87 30378
158 88 26461
158 89 27033
158 90 28879
158 91 46184
158 92 39834
158 93 36187
158 94 29590
158 95 31453
158 96 35030
158 97 34732
158 98 39771
158 99 37682
158 100 40517
158 101 16302
158 102 -1639
158 103 11179
158 104 37707
158 105 16636
158 106 30023
158 107 33774
158 108 21540
158 109 9142
158 110 22260
158 111 10005
158 112 22117
158 113 43143
158 114 35969
158 115 31263
158 116 1396
158 117 34208
158 118 29540
158 119 48158
158 120 2398
158 121 2057
158 122 13651
158 123 33831
158 124 41638
158 125 38894
158 126 31094
158 127 22151
158 128 16371
158 129 2054
158 130 11868
158 131 21714
158 132 13827
158 133 29501
158 134 4300
158 135 10368
158 136 20643
158 137 30014
158 138 11359
158 139 25345
158 140 51195
158 141 43952
158 142 44070
158 143 43757
158 144 33398
158 145 31698
158 146 22741
158 147 28178
158 148 26222
158 149 12917
158 150 4862
158 151 35956
158 152 21852
158 153 30955
158 154 8193
158 155 18118
158 156 22051
158 157 2778
158 159 21670
158 160 16813
158 161 6102
158 162 15552
158 163 6018
158 164 1689
158 165 18808
158 166 29883
158 167 18112
158 168 40408
158 169 -160
158 170 22576
158 171 24275
158 172 38094
158 173 42631
158 174 39260
158 175 36680
158 176 8436
158 177 6673
158 178 28019
158 179 14513
158 180 17416
158 181 20499
158 182 24038
158 183 29050
158 184 1631
158 185 1186
158 186 30170
158 187 24497
158 188 12375
158 189 24033
158 190 18537
158 191 45226
158 192 44839
158 193 41010
158 194 29283
158 195 9600
158 196 -810
158 197 24102
158 198 18015
158 199 40327
158 200 22372
159 1 14900
159 2 40676
159 3 28511
159 4 42370
159 5 23357
159 6 28608
159 7 8813
159 8 19080
159 9 20308
159 10 -996
159 11 1449
159 12 29355
159 13 29179
159 14 41172
159 15 43939
159 16 33304
159 17 29808
159 18 15307
159 19 2901
159 20 15618
159 21 39865
159 22 48148
159 23 44815
159 24 39051
159 25 49058
159 26 30419
159 27 17650
159 28 25030
159 29 35597
159 30 6413
159 31 1148
159 32 4577
159 33 23661
159 34 29325
159 35 29931
159 36 13880
159 37 36918
159 38 45713
159 39 43950
159 40 34195
159 41 47653
159 42 42495
159 43 45741
159 44 40603
159 45 21184
159 46 16693
159 47 8261
159 48 1615
159 49 9583
159 50 19979
159 51 17566
159 52 14015
159 53 27571
159 54 36183
159 55 49035
159 56 50590
159 57 42114
159 58 30806
159 59 28385
159 60 25666
159 61 32703
159 62 -4230
159 63 4674
159 64 -521
159 65 20397
159 66 8849
159 67 46927
159 68 26918
159 69 15316
159 70 9159
159 71 22487
159 72 40252
159 73 42118
159 74 47069
159 75 45546
159 76 24384
159 77 27075
159 78 32030
159 79 25286
159 80 35046
159 81 19834
159 82 10093
159 83 20640
159 84 27203
159 85 27308
159 86 30746
159 87 33243
159 88 3628
159 89 20357
159 90 5755
159 91 39962
159 92 36826
159 93 29546
159 94 27458
159 95 29847
159 96 29689
159 97 34326
159 98 35143
159 99 31398
159 100 36486
159 101 10027
159 102 16230
159 103 18420
159 104 31423
159 105 27625
159 106 8964
159 107 1575
159 108 -2040
159 109 33543
159 110 43415
159 111 20487
159 112 22281
159 113 29253
159 114 14887
159 115 40740
159 116 28019
159 117 34613
159 118 17204
159 119 43158
159 120 20261
159 121 34253
159 122 12084
159 123 3225
159 124 13433
159 125 18706
159 126 3914
159 127 8677
159 128 10099
159 129 31649
159 130 38875
159 131 6580
159 132 14490
159 133 46286
159 134 34484
159 135 27277
159 136 33673
159 137 34970
159 138 27827
159 139 50080
159 140 44793
159 141 35896
159 142 44529
159 143 11856
159 144 38528
159 145 43909
159 146 19852
159 147 22501
159 148 -1278
159 149 32545
159 150 34002
159 151 32948
159 152 29464
159 153 11821
159 154 24661
159 155 41718
159 156 23416
159 157 21339
159 158 27891
159 160 6658
159 161 15716
159 162 6713
159 163 37078
159 164 23853
159 165 46882
159 166 18249
159 167 12642
159 168 10374
159 169 29867
159 170 49890
159 171 39833
159 172 40908
159 173 29899
159 174 16057
159 175 4491
159 176 14249
159 177 33961
159 178 36723
159 179 37290
159 180 32065
159 181 -986
159 182 -2707
159 183 25929
159 184 25170
159 185 26550
159 186 51592
159 187 49689
159 188 12039
159 189 -999
159 190 2891
159 191 38185
159 192 40558
159 193 35369
159 194 7234
159 195 31432
159 196 24422
159 197 43808
159 198 36924
159 199 22000
159 200 25643
160 1 13901
160 2 46977
160 3 22116
160 4 42154
160 5 36170
160 6 38591
160 7 23608
160 8 34255
160 9 7446
160 10 6543
160 11 12989
160 12 27987
160 13 37147
160 14 52279
160 15 51605
160 16 46068
160 17 44213
160 18 28184
160 19 17566
160 20 792
160 21 42754
160 22 51816
160 23 46338
160 24 33083
160 25 46259
160 26 32095
160 27 23102
160 28 27420
160 29 27909
160 30 -1623
160 31 9189
160 32 -3046
160 33 14873
160 34 17433
160 35 15470
160 36 28330
160 37 47619
160 38 58101
160 39 43526
160 40 38425
160 41 52281
160 42 51773
160 43 54914
160 44 52709
160 45 36229
160 46 32340
160 47 23539
160 48 17264
160 49 21710
160 50 16040
160 51 6586
160 52 24404
160 53 32616
160 54 33763
160 55 46176
160 56 51930
160 57 49322
160 58 36524
160 59 39128
160 60 38503
160 61 45485
160 62 11423
160 63 7966
160 64 5697
160 65 4745
160 66 -6675
160 67 45834
160 68 22247
160 69 18272
160 70 8197
160 71 7324
160 72 42886
160 73 45586
160 74 50248
160 75 48051
160 76 21415
160 77 22110
160 78 21576
160 79 17151
160 80 30965
160 81 9615
160 82 25215
160 83 34529
160 84 40891
160 85 39100
160 86 44216
160 87 41671
160 88 16427
160 89 30372
160 90 5376
160 91 51712
160 92 47149
160 93 41056
160 94 36895
160 95 39431
160 96 40393
160 97 43747
160 98 46163
160 99 42578
160 100 47515
160 101 11307
160 102 10385
160 103 4110
160 104 42603
160 105 31423
160 106 22834
160 107 14921
160 108 1978
160 109 31887
160 110 44254
160 111 21484
160 112 29993
160 113 43198
160 114 29742
160 115 46753
160 116 24127
160 117 43521
160 118 29914
160 119 54837
160 120 8033
160 121 26999
160 122 5179
160 123 18659
160 124 29048
160 125 33664
160 126 8012
160 127 17563
160 128 -5527
160 129 23267
160 130 36573
160 131 -4043
160 132 16898
160 133 49683
160 134 29999
160 135 13259
160 136 18540
160 137 42208
160 138 28618
160 139 49504
160 140 57246
160 141 48406
160 142 54410
160 143 25326
160 144 46318
160 145 49223
160 146 27131
160 147 32644
160 148 13200
160 149 33365
160 150 29921
160 151 43271
160 152 35182
160 153 25275
160 154 25452
160 155 41502
160 156 30211
160 157 14575
160 158 21496
160 159 5120
160 161 1135
160 162 10482
160 163 31824
160 164 11567
160 165 44085
160 166 30223
160 167 19176
160 168 25684
160 169 20649
160 170 47820
160 171 43588
160 172 49726
160 173 43263
160 174 31442
160 175 17282
160 176 14425
160 177 31014
160 178 43040
160 179 37039
160 180 35056
160 181 -5252
160 182 12286
160 183 35489
160 184 22417
160 185 18118
160 186 52879
160 187 48864
160 188 -3097
160 189 6540
160 190 11910
160 191 50349
160 192 51930
160 193 46911
160 194 21324
160 195 31152
160 196 20591
160 197 45659
160 198 38721
160 199 36359
160 200 31412
161 1 18132
161 2 49723
161 3 16309
161 4 38770
161 5 45492
161 6 45689
161 7 36075
161 8 46543
161 9 -3709
161 10 20376
161 11 27964
161 12 25828
161 13 42115
161 14 58959
161 15 54791
161 16 54790
161 17 55036
161 18 38394
161 19 32167
161 20 5693
161 21 42581
161 22 51495
161 23 43521
161 24 24881
161 25 40002
161 26 32150
161 27 28642
161 28 29708
161 29 18666
161 30 8188
161 31 19841
161 32 11519
161 33 8921
161 34 4262
161 35 448
161 36 43094
161 37 54468
161 38 65875
161 39 39176
161 40 40145
161 41 52686
161 42 56852
161 43 59432
161 44 60526
161 45 48130
161 46 45952
161 47 37867
161 48 30816
161 49 36743
161 50 15490
161 51 3764
161 52 33593
161 53 35959
161 54 29100
161 55 40166
161 56 49425
161 57 52508
161 58 39706
161 59 46293
161 60 48136
161 61 54421
161 62 25314
161 63 22908
161 64 20145
161 65 -5960
161 66 -8077
161 67 40314
161 68 16881
161 69 24493
161 70 17882
161 71 -6187
161 72 42047
161 73 45667
161 74 49682
161 75 46652
161 76 19553
161 77 17781
161 78 10655
161 79 9509
161 80 25862
161 81 1406
161 82 37677
161 83 45229
161 84 51044
161 85 47032
161 86 53570
161 87 46397
161 88 28408
161 89 38082
161 90 20404
161 91 59436
161 92 53813
161 93 48870
161 94 43260
161 95 45637
161 96 47769
161 97 49567
161 98 53355
161 99 50259
161 100 54529
161 101 19193
161 102 8238
161 103 -4894
161 104 50284
161 105 33502
161 106 34435
161 107 29779
161 108 16316
161 109 28913
161 110 42110
161 111 23699
161 112 35626
161 113 53322
161 114 41629
161 115 49148
161 116 20583
161 117 49077
161 118 39369
161 119 62199
161 120 -3475
161 121 18483
161 122 11223
161 123 32839
161 124 42885
161 125 45459
161 126 23019
161 127 27204
161 128 3477
161 129 15074
161 130 31738
161 131 10153
161 132 22293
161 133 49093
161 134 23442
161 135 -1665
161 136 4289
161 137 46252
161 138 28840
161 139 45240
161 140 65121
161 141 56747
161 142 59936
161 143 40279
161 144 50249
161 145 50494
161 146 33684
161 147 40080
161 148 26222
161 149 32188
161 150 24818
161 151 49935
161 152 38364
161 153 36401
161 154 25674
161 155 38118
161 156 35467
161 157 11518
161 158 15689
161 159 19082
161 160 6039
161 162 19084
161 163 24617
161 164 -1573
161 165 38265
161 166 39400
161 167 26503
161 168 39983
161 169 10609
161 170 41855
161 171 43588
161 172 54448
161 173 52950
161 174 44020
161 175 32208
161 176 18001
161 177 26673
161 178 45715
161 179 34393
161 180 35748
161 181 7695
161 182 25196
161 183 42157
161 184 20055
161 185 11186
161 186 50165
161 187 44332
161 188 -2035
161 189 20373
161 190 22197
161 191 58357
161 192 59048
161 193 54446
161 194 33164
161 195 29144
161 196 17535
161 197 43937
161 198 37568
161 199 47535
161 200 36067
162 1 3197
162 2 31723
162 3 17190
162 4 30662
162 5 21341
162 6 22850
162 7 13029
162 8 22702
162 9 13223
162 10 5177
162 11 13482
162 12 17346
162 13 21421
162 14 36570
162 15 36062
162 16 30975
162 17 30623
162 18 13983
162 19 13788
162 20 12898
162 21 29056
162 22 37795
162 23 33681
162 24 27258
162 25 37043
162 26 19008
162 27 7626
162 28 13635
162 29 24332
162 30 2673
162 31 -3331
162 32 9123
162 33 13796
162 34 20385
162 35 23753
162 36 24064
162 37 31897
162 38 42691
162 39 32266
162 40 23901
162 41 37800
162 42 35974
162 43 39138
162 44 37271
162 45 23964
162 46 23428
162 47 17472
162 48 8873
162 49 21266
162 50 8441
162 51 10196
162 52 9298
162 53 17588
162 54 24157
162 55 37009
162 56 39340
162 57 33848
162 58 21344
162 59 23444
162 60 23854
162 61 30475
162 62 6572
162 63 14322
162 64 11186
162 65 17631
162 66 8000
162 67 35162
162 68 15049
162 69 3509
162 70 3142
162 71 18010
162 72 29398
162 73 31594
162 74 36469
162 75 34699
162 76 12426
162 77 15388
162 78 22356
162 79 14596
162 80 23083
162 81 10630
162 82 14210
162 83 20819
162 84 26679
162 85 23650
162 86 29493
162 87 25928
162 88 5683
162 89 14715
162 90 12813
162 91 36213
162 92 31390
162 93 25549
162 94 21090
162 95 23625
162 96 24735
162 97 27936
162 98 30504
162 99 27012
162 100 31834
162 101 -775
162 102 5292
162 103 13345
162 104 27037
162 105 17010
162 106 10524
162 107 13359
162 108 3834
162 109 21532
162 110 31929
162 111 8611
162 112 14238
162 113 28990
162 114 17562
162 115 31607
162 116 16119
162 117 27719
162 118 15146
162 119 39265
162 120 12332
162 121 22901
162 122 5179
162 123 12952
162 124 21139
162 125 21257
162 126 13647
162 127 2803
162 128 9200
162 129 21006
162 130 26862
162 131 9825
162 132 2629
162 133 35812
162 134 22507
162 135 20602
162 136 28632
162 137 26642
162 138 16085
162 139 38347
162 140 41867
162 141 33154
162 142 38599
162 143 22965
162 144 30693
162 145 34409
162 146 11340
162 147 16953
162 148 5369
162 149 20952
162 150 22039
162 151 27512
162 152 20002
162 153 12187
162 154 12919
162 155 30010
162 156 14571
162 157 10740
162 158 16570
162 159 1510
162 160 6817
162 161 10515
162 163 25196
162 164 15456
162 165 34856
162 166 15230
162 167 3369
162 168 19587
162 169 19390
162 170 37952
162 171 29488
162 172 33959
162 173 28703
162 174 20338
162 175 16399
162 176 2210
162 177 21922
162 178 27791
162 179 25510
162 180 21193
162 181 6612
162 182 3235
162 183 19699
162 184 13161
162 185 16211
162 186 40344
162 187 37912
162 188 9112
162 189 5174
162 190 -1859
162 191 34962
162 192 36292
162 193 31354
162 194 9469
162 195 19596
162 196 12548
162 197 32688
162 198 25711
162 199 23181
162 200 16011
163 1 22111
163 2 30173
163 3 8516
163 4 10323
163 5 39606
163 6 36927
163 7 42594
163 8 49065
163 9 17253
163 10 35489
163 11 44578
163 12 7414
163 13 28471
163 14 44187
163 15 33654
163 16 45270
163 17 51222
163 18 37679
163 19 45091
163 20 30175
163 21 19155
163 22 25825
163 23 14327
163 24 -3742
163 25 9201
163 26 13469
163 27 24085
163 28 19498
163 29 1248
163 30 25679
163 31 27901
163 32 34540
163 33 15003
163 34 10344
163 35 22465
163 36 54859
163 37 42057
163 38 52186
163 39 9028
163 40 21591
163 41 27656
163 42 39870
163 43 40109
163 44 48323
163 45 48264
163 46 51684
163 47 47953
163 48 38715
163 49 52651
163 50 15001
163 51 20964
163 52 33887
163 53 22806
163 54 854
163 55 9453
163 56 21085
163 57 32535
163 58 23838
163 59 35480
163 60 44106
163 61 46203
163 62 37952
163 63 43419
163 64 41416
163 65 22148
163 66 22085
163 67 9540
163 68 -1927
163 69 26768
163 70 30407
163 71 23584
163 72 16605
163 73 21879
163 74 24112
163 75 19615
163 76 10548
163 77 7732
163 78 13366
163 79 6320
163 80 4169
163 81 10654
163 82 42322
163 83 43622
163 84 46595
163 85 36782
163 86 44656
163 87 30207
163 88 36440
163 89 32357
163 90 40874
163 91 48126
163 92 41669
163 93 38997
163 94 32336
163 95 33434
163 96 38232
163 97 35873
163 98 41726
163 99 40810
163 100 41883
163 101 27221
163 102 10255
163 103 22620
163 104 40835
163 105 17984
163 106 38684
163 107 44726
163 108 33239
163 109 6971
163 110 15733
163 111 17285
163 112 25967
163 113 47162
163 114 43352
163 115 28795
163 116 8058
163 117 35599
163 118 34734
163 119 49068
163 120 12782
163 121 1441
163 122 25691
163 123 44017
163 124 50733
163 125 45468
163 126 42963
163 127 31512
163 128 28527
163 129 11412
163 130 2564
163 131 33916
163 132 23199
163 133 23044
163 134 -6880
163 135 19055
163 136 29360
163 137 30183
163 138 14217
163 139 15304
163 140 51737
163 141 45979
163 142 43296
163 143 54222
163 144 32083
163 145 27185
163 146 29236
163 147 32603
163 148 36658
163 149 10184
163 150 3125
163 151 37791
163 152 22496
163 153 39157
163 154 11051
163 155 9671
163 156 26471
163 157 14916
163 158 7896
163 159 32735
163 160 29019
163 161 16908
163 162 26056
163 164 9797
163 165 7672
163 166 35724
163 167 26453
163 168 50120
163 169 5224
163 170 11060
163 171 18862
163 172 37098
163 173 46939
163 174 46797
163 175 47730
163 176 18107
163 177 2744
163 178 25806
163 179 8732
163 180 15968
163 181 32694
163 182 33945
163 183 32426
163 184 7560
163 185 12739
163 186 21405
163 187 14183
163 188 24341
163 189 35486
163 190 28383
163 191 47054
163 192 45711
163 193 42841
163 194 38163
163 195 6789
163 196 7228
163 197 17012
163 198 12814
163 199 46851
163 200 27011
164 1 19344
164 2 45983
164 3 10201
164 4 31426
164 5 46544
164 6 45395
164 7 40575
164 8 50305
164 9 -1093
164 10 27021
164 11 35719
164 12 20474
164 13 40200
164 14 57420
164 15 50848
164 16 54970
164 17 57074
164 18 40692
164 19 38952
164 20 14481
164 21 37202
164 22 45573
164 23 35990
164 24 15462
164 25 31025
164 26 27655
164 27 28532
164 28 27403
164 29 9101
164 30 14581
164 31 23947
164 32 20670
164 33 6064
164 34 -6274
164 35 510
164 36 49934
164 37 53432
164 38 64929
164 39 30985
164 40 36258
164 41 47099
164 42 54350
164 43 56272
164 44 59877
164 45 51319
164 46 50963
164 47 44022
164 48 36104
164 49 44721
164 50 13820
164 51 7582
164 52 35680
164 53 33557
164 54 21487
164 55 31426
164 56 42278
164 57 48816
164 58 36784
164 59 45661
164 60 49632
164 61 54915
164 62 31547
164 63 31624
164 64 29462
164 65 148
164 66 2539
164 67 31366
164 68 9836
164 69 25963
164 70 22777
164 71 2290
164 72 36056
164 73 40286
164 74 43728
164 75 40122
164 76 15632
164 77 12333
164 78 1436
164 79 2688
164 80 18725
164 81 -1978
164 82 41866
164 83 47580
164 84 52683
164 85 46781
164 86 54109
164 87 43934
164 88 32974
164 89 38547
164 90 28894
164 91 58917
164 92 52761
164 93 48643
164 94 42319
164 95 44411
164 96 47440
164 97 47937
164 98 52584
164 99 50059
164 100 53509
164 101 22484
164 102 6414
164 103 4151
164 104 50084
164 105 30251
164 106 38166
164 107 37124
164 108 23530
164 109 22773
164 110 35572
164 111 22016
164 112 34647
164 113 54659
164 114 45066
164 115 45142
164 116 15264
164 117 47394
164 118 40690
164 119 61212
164 120 -5656
164 121 9441
164 122 15959
164 123 39027
164 124 48351
164 125 48575
164 126 31547
164 127 30214
164 128 12782
164 129 7660
164 130 23885
164 131 19445
164 132 23199
164 133 43011
164 134 14905
164 135 -2945
164 136 7387
164 137 43585
164 138 25020
164 139 37187
164 140 64269
164 141 56557
164 142 57645
164 143 47697
164 144 47149
164 145 45540
164 146 33957
164 147 40136
164 148 31653
164 149 26734
164 150 17681
164 151 48883
164 152 35442
164 153 39675
164 154 21854
164 155 30774
164 156 34468
164 157 9599
164 158 9581
164 159 25524
164 160 14776
164 161 -3268
164 162 22330
164 163 15811
164 165 29672
164 166 40777
164 167 27869
164 168 46120
164 169 1224
164 170 32868
164 171 37976
164 172 51759
164 173 54130
164 174 47972
164 175 39736
164 176 18107
164 177 19715
164 178 41883
164 179 27851
164 180 31303
164 181 17653
164 182 30282
164 183 41536
164 184 15369
164 185 6085
164 186 42832
164 187 36131
164 188 7396
164 189 27018
164 190 25799
164 191 57944
164 192 57935
164 193 53804
164 194 37127
164 195 23336
164 196 12791
164 197 37369
164 198 31641
164 199 50249
164 200 34839
165 1 29522
165 2 25616
165 3 18445
165 4 1832
165 5 39722
165 6 37074
165 7 47392
165 8 51815
165 9 27965
165 10 43047
165 11 51658
165 12 11693
165 13 26961
165 14 39993
165 15 27007
165 16 43304
165 17 51318
165 18 40326
165 19 51059
165 20 40078
165 21 13947
165 22 17616
165 23 3769
165 24 4660
165 25 -1096
165 26 13777
165 27 28011
165 28 23101
165 29 12079
165 30 34567
165 31 34319
165 32 43602
165 33 25179
165 34 21265
165 35 33460
165 36 59830
165 37 39649
165 38 47856
165 39 -1893
165 40 19448
165 41 19496
165 42 35302
165 43 33955
165 44 45140
165 45 49907
165 46 54914
165 47 52782
165 48 43286
165 49 58869
165 50 23251
165 51 30945
165 52 37809
165 53 23450
165 54 115
165 55 -1175
165 56 11387
165 57 27044
165 58 22401
165 59 34030
165 60 45193
165 61 45007
165 62 44524
165 63 51633
165 64 49222
165 65 33148
165 66 32618
165 67 -1227
165 68 7017
165 69 33008
165 70 38365
165 71 34490
165 72 9398
165 73 15736
165 74 16325
165 75 10705
165 76 17987
165 77 16714
165 78 24355
165 79 16907
165 80 12162
165 81 21212
165 82 46140
165 83 45309
165 84 46916
165 85 35023
165 86 42526
165 87 26719
165 88 42235
165 89 34000
165 90 49330
165 91 45742
165 92 39660
165 93 37643
165 94 31583
165 95 31833
165 96 37552
165 97 33434
165 98 39609
165 99 39905
165 100 39120
165 101 34526
165 102 19328
165 103 33175
165 104 39930
165 105 18227
165 106 42975
165 107 51274
165 108 41170
165 109 10227
165 110 9331
165 111 22653
165 112 26838
165 113 46300
165 114 46005
165 115 23796
165 116 16119
165 117 33613
165 118 35581
165 119 45576
165 120 23611
165 121 12441
165 122 34547
165 123 49640
165 124 54948
165 125 47140
165 126 51082
165 127 36972
165 128 38322
165 129 22142
165 130 -1380
165 131 43192
165 132 29356
165 133 14622
165 134 -61
165 135 30055
165 136 40356
165 137 27554
165 138 17465
165 139 4567
165 140 47559
165 141 43421
165 142 38599
165 143 59904
165 144 27589
165 145 20140
165 146 32512
165 147 33337
165 148 42869
165 149 9092
165 150 11118
165 151 35782
165 152 21059
165 153 43020
165 154 14299
165 155 1180
165 156 28130
165 157 24343
165 158 17825
165 159 39678
165 160 38419
165 161 27695
165 162 32855
165 163 4811
165 164 20797
165 166 37432
165 167 31317
165 168 55022
165 169 16224
165 170 452
165 171 11532
165 172 32551
165 173 46618
165 174 49407
165 175 54403
165 176 24814
165 177 7880
165 178 20951
165 179 5476
165 180 14049
165 181 41833
165 182 39488
165 183 32275
165 184 14560
165 185 23112
165 186 11281
165 187 3303
165 188 34501
165 189 43044
165 190 34273
165 191 44401
165 192 42285
165 193 40409
165 194 42659
165 195 7205
165 196 15285
165 197 8688
165 198 7333
165 199 48684
165 200 29166
166 1 20726
166 2 21324
166 3 31480
166 4 31347
166 5 826
166 6 6802
166 7 12032
166 8 9491
166 9 32908
166 10 20513
166 11 21981
166 12 24431
166 13 9158
166 14 17635
166 15 22071
166 16 10566
166 17 11091
166 18 -495
166 19 16595
166 20 33336
166 21 25327
166 22 30977
166 23 29532
166 24 37269
166 25 40723
166 26 20488
166 27 11186
166 28 18428
166 29 37385
166 30 22987
166 31 11414
166 32 26970
166 33 31545
166 34 38047
166 35 43487
166 36 20469
166 37 13490
166 38 22659
166 39 31734
166 40 19379
166 41 29052
166 42 19639
166 43 22722
166 44 17335
166 45 7317
166 46 12764
166 47 13867
166 48 4739
166 49 22992
166 50 24023
166 51 30153
166 52 7204
166 53 14251
166 54 29718
166 55 41377
166 56 36387
166 57 21134
166 58 14352
166 59 5030
166 60 3567
166 61 10007
166 62 15738
166 63 28165
166 64 19821
166 65 38131
166 66 28323
166 67 34597
166 68 25990
166 69 18453
166 70 23369
166 71 38373
166 72 25200
166 73 26256
166 74 30880
166 75 29857
166 76 24419
166 77 28447
166 78 39418
166 79 30339
166 80 32858
166 81 28877
166 82 6344
166 83 2651
166 84 6618
166 85 3846
166 86 8975
166 87 11507
166 88 13391
166 89 1456
166 90 28894
166 91 16505
166 92 13646
166 93 6012
166 94 5754
166 95 7482
166 96 6495
166 97 11837
166 98 11637
166 99 7907
166 100 12961
166 101 19616
166 102 22021
166 103 33717
166 104 7932
166 105 15348
166 106 6964
166 107 19021
166 108 19986
166 109 27918
166 110 31470
166 111 17991
166 112 5592
166 113 8707
166 114 3681
166 115 21593
166 116 27797
166 117 12917
166 118 -5310
166 119 19708
166 120 31435
166 121 35878
166 122 25657
166 123 14614
166 124 14736
166 125 4528
166 126 27417
166 127 11972
166 128 29324
166 129 36708
166 130 31699
166 131 28388
166 132 16521
166 133 29431
166 134 30996
166 135 40147
166 136 48758
166 137 15291
166 138 21238
166 139 38497
166 140 21784
166 141 12906
166 142 21275
166 143 22518
166 144 17194
166 145 24837
166 146 10373
166 147 1139
166 148 14015
166 149 22692
166 150 31814
166 151 9768
166 152 13010
166 153 5955
166 154 18072
166 155 30695
166 156 9620
166 157 27909
166 158 30860
166 159 13005
166 160 26517
166 161 30790
166 162 15189
166 163 34823
166 164 33862
166 165 39392
166 167 10511
166 168 16435
166 169 34944
166 170 39772
166 171 22964
166 172 18445
166 173 8267
166 174 6870
166 175 22479
166 176 16761
166 177 29732
166 178 17204
166 179 27851
166 180 19110
166 181 22525
166 182 7111
166 183 4531
166 184 23835
166 185 32956
166 186 37168
166 187 38377
166 188 29602
166 189 20510
166 190 9685
166 191 14937
166 192 17037
166 193 11858
166 194 7151
166 195 23403
166 196 24784
166 197 29493
166 198 23902
166 199 5981
166 200 14047
167 1 6306
167 2 24797
167 3 18332
167 4 26328
167 5 15145
167 6 15716
167 7 12314
167 8 19475
167 9 18494
167 10 11160
167 11 17662
167 12 14649
167 13 14180
167 14 29423
167 15 28906
167 16 24392
167 17 25308
167 18 8983
167 19 15939
167 20 19880
167 21 23316
167 22 31649
167 23 28298
167 24 26500
167 25 33904
167 26 14188
167 27 1098
167 28 9033
167 29 25032
167 30 9841
167 31 792
167 32 16203
167 33 17309
167 34 23958
167 35 29068
167 36 24745
167 37 24754
167 38 35783
167 39 27810
167 40 17673
167 41 31326
167 42 28694
167 43 31863
167 44 30371
167 45 19843
167 46 21549
167 47 17744
167 48 8391
167 49 23776
167 50 10110
167 51 15804
167 52 4067
167 53 11089
167 54 21346
167 55 34031
167 56 34123
167 57 26749
167 58 14572
167 59 16354
167 60 17963
167 61 24007
167 62 10177
167 63 20334
167 64 15974
167 65 24080
167 66 15044
167 67 30866
167 68 14399
167 69 4037
167 70 10406
167 71 24148
167 72 23703
167 73 25578
167 74 30524
167 75 28994
167 76 11908
167 77 15715
167 78 25457
167 79 16723
167 80 21886
167 81 14572
167 82 12062
167 83 15828
167 84 20992
167 85 16783
167 86 23165
167 87 18670
167 88 7258
167 89 7759
167 90 19408
167 91 29283
167 92 24207
167 93 18643
167 94 13843
167 95 16374
167 96 17688
167 97 20665
167 98 23430
167 99 20061
167 100 24730
167 101 5933
167 102 7913
167 103 19530
167 104 20086
167 105 11075
167 106 8333
167 107 16565
167 108 10240
167 109 18727
167 110 27135
167 111 5891
167 112 6988
167 113 23129
167 114 13959
167 115 24753
167 116 15631
167 117 20439
167 118 9106
167 119 32248
167 120 17030
167 121 23510
167 122 11770
167 123 14428
167 124 20369
167 125 17069
167 126 19598
167 127 1972
167 128 16391
167 129 23129
167 130 23852
167 131 17032
167 132 2183
167 133 29763
167 134 20967
167 135 25725
167 136 34396
167 137 19510
167 138 12217
167 139 34029
167 140 34986
167 141 26420
167 142 31331
167 143 24678
167 144 23502
167 145 27739
167 146 4070
167 147 9904
167 148 8200
167 149 16464
167 150 20842
167 151 20329
167 152 13230
167 153 8997
167 154 9051
167 155 25676
167 156 7454
167 157 13735
167 158 17712
167 159 6021
167 160 14093
167 161 16516
167 162 1951
167 163 24175
167 164 19577
167 165 31900
167 166 9134
167 168 19944
167 169 21499
167 170 34280
167 171 23331
167 172 26688
167 173 22664
167 174 17237
167 175 19807
167 176 2646
167 177 19839
167 178 20862
167 179 21451
167 180 15535
167 181 13356
167 182 4295
167 183 12482
167 184 12024
167 185 18990
167 186 35118
167 187 33706
167 188 15980
167 189 11157
167 190 -250
167 191 28118
167 192 29219
167 193 24370
167 194 7800
167 195 15812
167 196 12301
167 197 27303
167 198 20474
167 199 18601
167 200 9231
168 1 29629
168 2 44595
168 3 43606
168 4 52182
168 5 19024
168 6 30120
168 7 10526
168 8 9491
168 9 37465
168 10 16259
168 11 7177
168 12 41479
168 13 32388
168 14 37342
168 15 44945
168 16 27164
168 17 20309
168 18 14798
168 19 -933
168 20 32801
168 21 47395
168 22 54005
168 23 52201
168 24 53066
168 25 60477
168 26 40156
168 27 27155
168 28 35619
168 29 50722
168 30 23634
168 31 14907
168 32 20192
168 33 39949
168 34 46129
168 35 47193
168 36 -2079
168 37 35102
168 38 38930
168 39 53298
168 40 41266
168 41 52323
168 42 41939
168 43 44479
168 44 35217
168 45 10432
168 46 922
168 47 -8987
168 48 -7493
168 49 20
168 50 34843
168 51 34594
168 52 20188
168 53 35025
168 54 48117
168 55 60696
168 56 58612
168 57 44382
168 58 36685
168 59 27206
168 60 22504
168 61 27147
168 62 8667
168 63 16828
168 64 224
168 65 37157
168 66 25386
168 67 56359
168 68 40842
168 69 28448
168 70 25757
168 71 39684
168 72 47570
168 73 48825
168 74 53636
168 75 52528
168 76 38162
168 77 41570
168 78 48491
168 79 41054
168 80 48539
168 81 36449
168 82 4631
168 83 15227
168 84 20518
168 85 23693
168 86 22544
168 87 34679
168 88 14092
168 89 23376
168 90 20918
168 91 35960
168 92 36011
168 93 26885
168 94 29073
168 95 30610
168 96 29220
168 97 34797
168 98 32905
168 99 29810
168 100 33764
168 101 25273
168 102 31758
168 103 35682
168 104 29835
168 105 35883
168 106 10964
168 107 2356
168 108 14933
168 109 45538
168 110 52601
168 111 32653
168 112 27380
168 113 20548
168 114 7182
168 115 44853
168 116 41937
168 117 36189
168 118 14042
168 119 38542
168 120 37287
168 121 49259
168 122 28974
168 123 98
168 124 -1757
168 125 8497
168 126 16492
168 127 19444
168 128 27046
168 129 47460
168 130 50559
168 131 22585
168 132 27474
168 133 52396
168 134 47743
168 135 44515
168 136 50888
168 137 38536
168 138 38894
168 139 59741
168 140 37944
168 141 29965
168 142 42814
168 143 -787
168 144 40412
168 145 48132
168 146 27572
168 147 24326
168 148 10630
168 149 42542
168 150 47495
168 151 32133
168 152 35343
168 153 13234
168 154 35728
168 155 51530
168 156 30012
168 157 37144
168 158 42986
168 159 6731
168 160 23579
168 161 32974
168 162 21147
168 163 50820
168 164 40806
168 165 58583
168 166 18036
168 167 22922
168 169 45824
168 170 60485
168 171 45881
168 172 41147
168 173 23532
168 174 4371
168 175 5509
168 176 27926
168 177 46663
168 178 40498
168 179 47709
168 180 40287
168 181 11026
168 182 3424
168 183 27835
168 184 38571
168 185 42576
168 186 59507
168 187 59520
168 188 29197
168 189 16256
168 190 14882
168 191 33028
168 192 36659
168 193 31794
168 194 9573
168 195 42338
168 196 38462
168 197 51671
168 198 45417
168 199 15009
168 200 33433
169 1 17896
169 2 38833
169 3 3925
169 4 22632
169 5 42670
169 6 40737
169 7 40044
169 8 48693
169 9 5183
169 10 29057
169 11 38274
169 12 13106
169 13 34353
169 14 51392
169 15 43391
169 16 50209
169 17 53778
169 18 38137
169 19 40364
169 20 19735
169 21 29240
169 22 37222
169 23 27087
169 24 6600
169 25 22064
169 26 20508
169 27 24786
169 28 22110
169 29 293
169 30 17437
169 31 23803
169 32 25328
169 33 5617
169 34 -2264
169 35 9477
169 36 51047
169 37 47937
169 38 59173
169 39 21997
169 40 29253
169 41 38865
169 42 47797
169 43 49209
169 44 54463
169 45 49070
169 46 50292
169 47 44602
169 48 36013
169 49 47115
169 50 10825
169 51 10945
169 52 33339
169 53 27720
169 54 12691
169 55 22431
169 56 33495
169 57 41594
169 58 30383
169 59 40538
169 60 46222
169 61 50469
169 62 32828
169 63 35441
169 64 33611
169 65 9148
169 66 10101
169 67 22416
169 68 1679
169 69 24057
169 70 24006
169 71 10823
169 72 27739
169 73 32270
169 74 35393
169 75 31537
169 76 10101
169 77 5986
169 78 460
169 79 -2608
169 80 10374
169 81 -374
169 82 40825
169 83 44824
169 84 49197
169 85 41819
169 86 49515
169 87 37537
169 88 32850
169 89 34632
169 90 32680
169 91 53704
169 92 47317
169 93 43763
169 94 37135
169 95 38935
169 96 42617
169 97 42117
169 98 47278
169 99 45270
169 100 47967
169 101 22307
169 102 4188
169 103 10812
169 104 45295
169 105 23848
169 106 36976
169 107 39160
169 108 26144
169 109 14801
169 110 27084
169 111 17594
169 112 29708
169 113 50756
169 114 43223
169 115 37824
169 116 8603
169 117 41611
169 118 37124
169 119 55572
169 120 425
169 121 441
169 122 17891
169 123 39899
169 124 48268
169 125 46288
169 126 35170
169 127 28972
169 128 18181
169 129 1811
169 130 14998
169 131 24364
169 132 20881
169 133 34593
169 134 5917
169 135 6055
169 136 16369
169 137 37186
169 138 18618
169 139 28216
169 140 58587
169 141 51491
169 142 51177
169 143 49472
169 144 40314
169 145 37632
169 146 30292
169 147 35793
169 148 32255
169 149 18945
169 150 9330
169 151 43439
169 152 29041
169 153 38065
169 154 15452
169 155 21980
169 156 29656
169 157 7873
169 158 3305
169 159 27111
169 160 19431
169 161 4487
169 162 21837
169 163 6811
169 164 -3203
169 165 20672
169 166 37432
169 167 25364
169 168 46711
169 170 23916
169 171 29794
169 172 45118
169 173 50242
169 174 46445
169 175 41955
169 176 15495
169 177 11325
169 178 34660
169 179 19444
169 180 24013
169 181 23067
169 182 30393
169 183 36635
169 184 8982
169 185 3466
169 186 33989
169 187 27144
169 188 13334
169 189 29054
169 190 25104
169 191 52743
169 192 52242
169 193 48516
169 194 36151
169 195 15422
169 196 6720
169 197 28802
169 198 23429
169 199 47751
169 200 29978
170 1 39884
170 2 28868
170 3 29203
170 4 6300
170 5 45792
170 6 43602
170 7 56408
170 8 59516
170 9 38588
170 10 53293
170 11 61644
170 12 21815
170 13 32588
170 14 42109
170 15 26899
170 16 47471
170 17 57066
170 18 48221
170 19 60536
170 20 50847
170 21 18323
170 22 16971
170 23 -2266
170 24 14282
170 25 -13
170 26 22150
170 27 37086
170 28 32374
170 29 22039
170 30 45216
170 31 44208
170 32 54258
170 33 35930
170 34 31132
170 35 43536
170 36 68675
170 37 43849
170 38 49433
170 39 -7734
170 40 25656
170 41 18247
170 42 37500
170 43 34046
170 44 48169
170 45 56806
170 46 62763
170 47 61623
170 48 52065
170 49 68373
170 50 33871
170 51 41714
170 52 46584
170 53 31103
170 54 10537
170 55 6898
170 56 9540
170 57 28792
170 58 28635
170 59 39128
170 60 52019
170 61 49925
170 62 54362
170 63 62048
170 64 59440
170 65 43275
170 66 43323
170 67 -11819
170 68 17788
170 69 42969
170 70 48796
170 71 44952
170 72 11503
170 73 18627
170 74 16934
170 75 9583
170 76 28540
170 77 27470
170 78 34665
170 79 27563
170 80 22924
170 81 31891
170 82 54559
170 83 52439
170 84 53005
170 85 39616
170 86 46345
170 87 30404
170 88 51800
170 89 41534
170 90 59835
170 91 49722
170 92 44331
170 93 42674
170 94 37517
170 95 37035
170 96 43320
170 97 37906
170 98 44022
170 99 45396
170 100 42879
170 101 44791
170 102 30060
170 103 43867
170 104 45421
170 105 25952
170 106 51767
170 107 61022
170 108 51534
170 109 20374
170 110 14482
170 111 32529
170 112 34179
170 113 51275
170 114 53692
170 115 26660
170 116 26810
170 117 38624
170 118 42245
170 119 48365
170 120 34156
170 121 22725
170 122 45203
170 123 58974
170 124 63460
170 125 54081
170 126 61470
170 127 46490
170 128 49086
170 129 32739
170 130 8884
170 131 53891
170 132 39319
170 133 13758
170 134 10531
170 135 40218
170 136 50427
170 137 32415
170 138 26915
170 139 2151
170 140 49306
170 141 47032
170 142 40452
170 143 69142
170 144 30361
170 145 20509
170 146 41173
170 147 40259
170 148 52582
170 149 17336
170 150 21880
170 151 40453
170 152 27293
170 153 51599
170 154 23749
170 155 5648
170 156 36042
170 157 35102
170 158 28583
170 159 49676
170 160 49144
170 161 38275
170 162 42941
170 163 15189
170 164 30983
170 165 7442
170 166 44802
170 167 40687
170 168 63914
170 169 26458
170 171 12460
170 172 34920
170 173 52215
170 174 56960
170 175 64202
170 176 35008
170 177 18498
170 178 23855
170 179 13717
170 180 20886
170 181 52491
170 182 48878
170 183 38649
170 184 25089
170 185 33829
170 186 7805
170 187 166
170 188 45265
170 189 53290
170 190 43954
170 191 47996
170 192 45233
170 193 44387
170 194 51551
170 195 16416
170 196 25955
170 197 9719
170 198 12328
170 199 55854
170 200 37454
171 1 32997
171 2 7572
171 3 30147
171 4 6808
171 5 25956
171 6 25086
171 7 42098
171 8 41796
171 9 39561
171 10 43922
171 11 50235
171 12 18218
171 13 13384
171 14 20107
171 15 5916
171 16 25863
171 17 36547
171 18 31507
171 19 47083
171 20 47703
171 21 3554
171 22 -1245
171 23 -2878
171 24 23672
171 25 16040
171 26 12778
171 27 25086
171 28 22590
171 29 29196
171 30 39547
171 31 33656
171 32 47842
171 33 35793
171 34 37077
171 35 47810
171 36 52891
171 37 22459
171 38 27585
171 39 1972
171 40 10074
171 41 -428
171 42 15477
171 43 12920
171 44 26184
171 45 37670
171 46 44964
171 47 46093
171 48 36670
171 49 54502
171 50 29924
171 51 39821
171 52 32466
171 53 16801
171 54 13660
171 55 18882
171 56 5442
171 57 6775
171 58 11588
171 59 18525
171 60 33300
171 61 28845
171 62 42778
171 63 53147
171 64 48648
171 65 46631
171 66 42131
171 67 3478
171 68 19498
171 69 33750
171 70 41323
171 71 46722
171 72 -3359
171 73 423
171 74 -1091
171 75 -2295
171 76 25211
171 77 27011
171 78 38881
171 79 29728
171 80 24677
171 81 32856
171 82 38502
171 83 33999
171 84 33028
171 85 18391
171 86 24527
171 87 8957
171 88 39581
171 89 24782
171 90 51864
171 91 28091
171 92 23380
171 93 21874
171 94 18262
171 95 16787
171 96 23517
171 97 16929
171 98 22753
171 99 25152
171 100 21189
171 101 36612
171 102 27496
171 103 43568
171 104 25177
171 105 12887
171 106 37013
171 107 48550
171 108 42824
171 109 18314
171 110 8559
171 111 24475
171 112 17844
171 113 30095
171 114 36050
171 115 5137
171 116 25516
171 117 18322
171 118 23291
171 119 26356
171 120 36085
171 121 28573
171 122 40004
171 123 45181
171 124 47195
171 125 35040
171 126 52426
171 127 34668
171 128 45320
171 129 35507
171 130 13419
171 131 48150
171 132 30339
171 133 -3032
171 134 17133
171 135 44196
171 136 54480
171 137 12487
171 138 19240
171 139 10213
171 140 27407
171 141 25186
171 142 18470
171 143 54472
171 144 8489
171 145 -955
171 146 27607
171 147 22352
171 148 40697
171 149 10056
171 150 23633
171 151 19502
171 152 10246
171 153 36363
171 154 16074
171 155 6156
171 156 21161
171 157 33190
171 158 29527
171 159 38864
171 160 44157
171 161 39253
171 162 33722
171 163 22236
171 164 35336
171 165 17767
171 166 27239
171 167 28983
171 168 48555
171 169 31581
171 170 11705
171 172 12908
171 173 31710
171 174 38852
171 175 51901
171 176 27536
171 177 19380
171 178 2278
171 179 10542
171 180 7982
171 181 45621
171 182 35733
171 183 20012
171 184 22219
171 185 34787
171 186 5596
171 187 10208
171 188 42988
171 189 43919
171 190 32602
171 191 26162
171 192 23250
171 193 22774
171 194 37032
171 195 11817
171 196 24023
171 197 13
171 198 1959
171 199 37369
171 200 23781
172 1 35872
172 2 7572
172 3 39495
172 4 23603
172 5 12589
172 6 16620
172 7 35479
172 8 30453
172 9 46518
172 10 42051
172 11 45309
172 12 27972
172 13 7594
172 14 2354
172 15 -1265
172 16 8614
172 17 21022
172 18 23041
172 19 40126
172 20 51055
172 21 16731
172 22 14828
172 23 13604
172 24 38035
172 25 33527
172 26 21244
172 27 25086
172 28 26705
172 29 41770
172 30 41418
172 31 31865
172 32 47842
172 33 43202
172 34 47435
172 35 56268
172 36 42632
172 37 6679
172 38 10245
172 39 19956
172 40 15864
172 41 10335
172 42 -2312
172 43 101
172 44 8202
172 45 24200
172 46 32730
172 47 36628
172 48 27960
172 49 46174
172 50 35754
172 51 45081
172 52 28001
172 53 18583
172 54 27930
172 55 35739
172 56 23406
172 57 816
172 58 12725
172 59 5113
172 60 21942
172 61 12811
172 62 38578
172 63 50633
172 64 43322
172 65 53578
172 66 46180
172 67 20899
172 68 30561
172 69 34772
172 70 42142
172 71 53342
172 72 13611
172 73 14862
172 74 16909
172 75 15407
172 76 32797
172 77 36051
172 78 48739
172 79 39147
172 80 36263
172 81 40626
172 82 29549
172 83 22413
172 84 18869
172 85 2434
172 86 6777
172 87 -2421
172 88 35628
172 89 18357
172 90 50552
172 91 11007
172 92 9459
172 93 7244
172 94 9458
172 95 5878
172 96 12000
172 97 4375
172 98 7134
172 99 12175
172 100 4147
172 101 37511
172 102 33870
172 103 49189
172 104 12200
172 105 17446
172 106 30330
172 107 42530
172 108 41383
172 109 29575
172 110 24178
172 111 28653
172 112 14469
172 113 13478
172 114 25066
172 115 7033
172 116 34606
172 117 8649
172 118 11622
172 119 8356
172 120 43889
172 121 40669
172 122 42778
172 123 38149
172 124 37073
172 125 21787
172 126 49868
172 127 32200
172 128 47924
172 129 45235
172 130 28548
172 131 48784
172 132 31912
172 133 13586
172 134 31195
172 135 52667
172 136 62464
172 137 8304
172 138 26286
172 139 28141
172 140 9920
172 141 7444
172 142 1106
172 143 45423
172 144 -1181
172 145 6556
172 146 25654
172 147 14508
172 148 36611
172 149 21159
172 150 35219
172 151 5581
172 152 11383
172 153 29343
172 154 23120
172 155 22951
172 156 19590
172 157 39809
172 158 38875
172 159 35468
172 160 45824
172 161 45642
172 162 33722
172 163 36001
172 164 44648
172 165 34315
172 166 18249
172 167 27869
172 168 39350
172 169 42434
172 170 29694
172 171 8437
172 173 16674
172 174 26729
172 175 45983
172 176 30649
172 177 31478
172 178 2278
172 179 24347
172 180 16345
172 181 44492
172 182 30282
172 183 11929
172 184 30685
172 185 43197
172 186 23316
172 187 28142
172 188 46912
172 189 42048
172 190 30258
172 191 8473
172 192 5278
172 193 5800
172 194 30506
172 195 23200
172 196 32478
172 197 17771
172 198 16424
172 199 25414
172 200 23781
173 1 33492
173 2 24124
173 3 43479
173 4 38491
173 5 -3187
173 6 13733
173 7 21766
173 8 11486
173 9 45697
173 10 32097
173 11 31043
173 12 35037
173 13 14180
173 14 9391
173 15 19624
173 16 -788
173 17 328
173 18 10382
173 19 24105
173 20 45942
173 21 31411
173 22 34064
173 23 33170
173 24 47710
173 25 48493
173 26 29808
173 27 23459
173 28 29724
173 29 48786
173 30 35563
173 31 23787
173 32 38631
173 33 44142
173 34 50494
173 35 56268
173 36 23101
173 37 9501
173 38 11543
173 39 37487
173 40 26580
173 41 30690
173 42 16068
173 43 17392
173 44 7169
173 45 3364
173 46 12224
173 47 18173
173 48 10933
173 49 27962
173 50 36498
173 51 42959
173 52 19916
173 53 23661
173 54 39055
173 55 49651
173 56 41331
173 57 21134
173 58 21404
173 59 3800
173 60 7580
173 61 -870
173 62 26230
173 63 38635
173 64 27547
173 65 50873
173 66 40821
173 67 39665
173 68 37187
173 69 31239
173 70 35967
173 71 51166
173 72 30345
173 73 31208
173 74 34988
173 75 33949
173 76 36280
173 77 40288
173 78 51799
173 79 42552
173 80 43735
173 81 41514
173 82 13230
173 83 5067
173 84 -1562
173 85 -3210
173 86 -3577
173 87 11917
173 88 24930
173 89 12910
173 90 40150
173 91 8326
173 92 12140
173 93 1705
173 94 10491
173 95 9393
173 96 8485
173 97 11965
173 98 7134
173 99 7077
173 100 6920
173 101 32373
173 102 34567
173 103 46506
173 104 7102
173 105 24492
173 106 17435
173 107 27237
173 108 31575
173 109 38077
173 110 38537
173 111 30019
173 112 15218
173 113 -4001
173 114 6900
173 115 24324
173 116 39408
173 117 15362
173 118 -2500
173 119 10489
173 120 44163
173 121 47328
173 122 38409
173 123 22455
173 124 18307
173 125 1156
173 126 37940
173 127 24558
173 128 41759
173 129 48889
173 130 40631
173 131 40263
173 132 29248
173 133 32719
173 134 41133
173 135 52910
173 136 61564
173 137 19327
173 138 31930
173 139 44809
173 140 10588
173 141 1997
173 142 15866
173 143 26766
173 144 17369
173 145 26501
173 146 22678
173 147 10042
173 148 25013
173 149 31532
173 150 42691
173 151 8262
173 152 20062
173 153 16678
173 154 28764
173 155 37839
173 156 20258
173 157 40484
173 158 42859
173 159 23906
173 160 38808
173 161 43591
173 162 27913
173 163 45289
173 164 46466
173 165 47829
173 166 7518
173 167 23292
173 168 21182
173 169 47005
173 170 46436
173 171 26686
173 172 16121
173 174 6742
173 175 30692
173 176 29386
173 177 40080
173 178 19624
173 179 36327
173 180 27006
173 181 33294
173 182 17395
173 183 10962
173 184 35364
173 185 45379
173 186 41771
173 187 44778
173 188 42248
173 189 32094
173 190 22111
173 191 4958
173 192 8793
173 193 4434
173 194 17512
173 195 32840
173 196 36569
173 197 34798
173 198 30671
173 199 6811
173 200 25011
174 1 31397
174 2 35933
174 3 44351
174 4 46996
174 5 7605
174 6 21795
174 7 12761
174 8 -547
174 9 42213
174 10 23482
174 11 18518
174 12 39152
174 13 24151
174 14 24908
174 15 34209
174 16 14345
174 17 7156
174 18 8724
174 19 10644
174 20 39602
174 21 40901
174 22 45922
174 23 44742
174 24 51807
174 25 56298
174 26 35911
174 27 24786
174 28 32928
174 29 50977
174 30 29498
174 31 18178
174 32 29333
174 33 42640
174 34 49348
174 35 52614
174 36 7579
174 37 23879
174 38 25826
174 39 47341
174 40 35015
174 41 43457
174 42 30807
174 43 32742
174 44 22444
174 45 -2717
174 46 -2637
174 47 3051
174 48 -2333
174 49 12671
174 50 35992
174 51 39142
174 52 17984
174 53 29799
174 54 44967
174 55 56875
174 56 51858
174 57 34558
174 58 29939
174 59 16631
174 60 12549
174 61 14654
174 62 16206
174 63 27426
174 64 13312
174 65 44809
174 66 33537
174 67 50147
174 68 40025
174 69 29302
174 70 30453
174 71 46109
174 72 40658
174 73 41645
174 74 46113
174 75 45122
174 76 37795
174 77 41690
174 78 51082
174 79 42641
174 80 47210
174 81 39650
174 82 2758
174 83 4800
174 84 8087
174 85 11827
174 86 9395
174 87 24844
174 88 17652
174 89 16973
174 90 30262
174 91 23775
174 92 25417
174 93 15597
174 94 20297
174 95 21006
174 96 19372
174 97 24738
174 98 21564
174 99 19258
174 100 22026
174 101 28310
174 102 33576
174 103 41603
174 104 19283
174 105 30891
174 106 10524
174 107 14087
174 108 22739
174 109 42871
174 110 47122
174 111 31461
174 112 21223
174 113 7402
174 114 -2037
174 115 36216
174 116 41440
174 117 26883
174 118 3832
174 119 25950
174 120 41447
174 121 49450
174 122 33655
174 123 9670
174 124 3175
174 125 -4614
174 126 26875
174 127 20509
174 128 34578
174 129 49056
174 130 47071
174 131 31413
174 132 27943
174 133 44450
174 134 45802
174 135 49578
174 136 57086
174 137 30137
174 138 36050
174 139 54139
174 140 24838
174 141 17125
174 142 31122
174 143 11364
174 144 30582
174 145 39181
174 146 24289
174 147 16577
174 148 16232
174 149 38190
174 150 46166
174 151 21539
174 152 28597
174 153 11097
174 154 32884
174 155 46344
174 156 24968
174 157 39273
174 158 43731
174 159 14307
174 160 31230
174 161 38904
174 162 23791
174 163 49390
174 164 44551
174 165 54861
174 166 10364
174 167 22108
174 168 6264
174 169 47451
174 170 55424
174 171 38071
174 172 30419
174 173 10985
174 175 17454
174 176 28532
174 177 44509
174 178 31688
174 179 43382
174 180 34756
174 181 22098
174 182 8110
174 183 19530
174 184 37665
174 185 44694
174 186 52584
174 187 54025
174 188 36044
174 189 23479
174 190 17084
174 191 20389
174 192 24316
174 193 19770
174 194 10017
174 195 38711
174 196 38201
174 197 45001
174 198 39545
174 199 3832
174 200 29131
175 1 25174
175 2 48052
175 3 38794
175 4 51908
175 5 26400
175 6 34519
175 7 12314
175 8 18589
175 9 29501
175 10 8482
175 11 -3874
175 12 39346
175 13 36055
175 14 44989
175 15 50206
175 16 35703
175 17 30059
175 18 19569
175 19 -3672
175 20 23711
175 21 48637
175 22 56421
175 23 53699
175 24 49338
175 25 59019
175 26 39794
175 27 26626
175 28 34528
175 29 45862
175 30 15722
175 31 10985
175 32 9805
175 33 33715
175 34 38956
175 35 38459
175 36 5383
175 37 41561
175 38 47981
175 39 53417
175 40 42702
175 41 55488
175 42 47921
175 43 50955
175 44 43528
175 45 20415
175 46 12224
175 47 2055
175 48 -501
175 49 -644
175 50 30274
175 51 27102
175 52 21243
175 53 36076
175 54 46195
175 55 59031
175 56 59633
175 57 48853
175 58 38809
175 59 33230
175 60 29095
175 61 35318
175 62 2754
175 63 5804
175 64 -8463
175 65 26988
175 66 15165
175 67 56463
175 68 37187
175 69 25286
175 70 19298
175 71 30407
175 72 49002
175 73 50626
175 74 55578
175 75 54231
175 76 34616
175 77 37367
175 78 41944
175 79 35473
175 80 45278
175 81 29700
175 82 10931
175 83 22746
175 84 28979
175 85 30992
175 86 32018
175 87 39491
175 88 11628
175 89 26721
175 90 10639
175 91 43521
175 92 41907
175 93 33655
175 94 33537
175 95 35625
175 96 34776
175 97 40051
175 98 39550
175 99 35975
175 100 40724
175 101 20313
175 102 26491
175 103 26944
175 104 36000
175 105 36472
175 106 13428
175 107 -7274
175 108 6271
175 109 43528
175 110 52747
175 111 30375
175 112 29750
175 113 30095
175 114 15425
175 115 48217
175 116 38277
175 117 40801
175 118 20690
175 119 46513
175 120 29692
175 121 44531
175 122 21921
175 123 98
175 124 9120
175 125 18243
175 126 5629
175 127 17588
175 128 17484
175 129 41822
175 130 48847
175 131 12330
175 132 24457
175 133 54656
175 134 44708
175 135 36066
175 136 41616
175 137 42085
175 138 37528
175 139 59617
175 140 47012
175 141 38470
175 142 49423
175 143 2269
175 144 45042
175 145 51524
175 146 28126
175 147 28467
175 148 6641
175 149 42040
175 150 44234
175 151 38029
175 152 37467
175 153 16371
175 154 34362
175 155 51256
175 156 31454
175 157 31554
175 158 38174
175 159 -236
175 160 14093
175 161 24115
175 162 16875
175 163 47346
175 164 33338
175 165 56880
175 166 22996
175 167 21701
175 168 4425
175 169 39984
175 170 59689
175 171 48143
175 172 46696
175 173 31958
175 174 14477
175 176 24400
175 177 44088
175 178 44055
175 179 46940
175 180 40987
175 181 -267
175 182 2165
175 183 32068
175 184 35364
175 185 36683
175 186 60616
175 187 59275
175 188 19970
175 189 8479
175 190 12147
175 191 41178
175 192 44273
175 193 39149
175 194 11643
175 195 41170
175 196 34687
175 197 52764
175 198 46024
175 199 23237
175 200 34143
176 1 -128
176 2 27337
176 3 10345
176 4 23300
176 5 22870
176 6 22218
176 7 19374
176 8 27598
176 9 11090
176 10 12685
176 11 21284
176 12 9627
176 13 18652
176 14 35359
176 15 32241
176 16 31610
176 17 33398
176 18 17222
176 19 21386
176 20 15109
176 21 22789
176 22 31815
176 23 26845
176 24 19659
176 25 29288
176 26 12241
176 27 5111
176 28 7403
176 29 17313
176 30 6413
176 31 4208
176 32 14893
176 33 9184
176 34 15752
176 35 21517
176 36 31296
176 37 30881
176 38 42335
176 39 24890
176 40 18449
176 41 32260
176 42 33465
176 43 36276
176 44 37032
176 45 28087
176 46 29343
176 47 24495
176 48 15486
176 49 28991
176 50 1875
176 51 8966
176 52 12302
176 53 13012
176 54 16389
176 55 29239
176 56 32443
176 57 29904
176 58 16940
176 59 22762
176 60 25928
176 61 31408
176 62 14343
176 63 21550
176 64 18844
176 65 17591
176 66 10083
176 67 27675
176 68 7415
176 69 3160
176 70 8527
176 71 17410
176 72 22992
176 73 25578
176 74 30286
176 75 28223
176 76 4727
176 77 8059
176 78 17218
176 79 8517
176 80 15337
176 81 6531
176 82 19833
176 83 24040
176 84 28979
176 85 23635
176 86 30616
176 87 23065
176 88 12783
176 89 14958
176 90 19580
176 91 35960
176 92 30220
176 93 25471
176 94 19665
176 95 22036
176 96 24310
176 97 25995
176 98 29806
176 99 26857
176 100 30948
176 101 4200
176 102 -306
176 103 13039
176 104 26882
176 105 11454
176 106 15989
176 107 21137
176 108 10997
176 109 13802
176 110 24855
176 111 1503
176 112 12027
176 113 30968
176 114 22139
176 115 27007
176 116 8479
176 117 25525
176 118 16985
176 119 38634
176 120 9245
176 121 15819
176 122 7004
176 123 20340
176 124 27661
176 125 25314
176 126 20936
176 127 8152
176 128 12406
176 129 14928
176 130 19115
176 131 15059
176 132 -202
176 133 29708
176 134 14738
176 135 18074
176 136 27173
176 137 23119
176 138 8922
176 139 30927
176 140 41598
176 141 33402
176 142 36458
176 143 30518
176 144 27241
176 145 29270
176 146 10373
176 147 16742
176 148 12957
176 149 13845
176 150 14293
176 151 26342
176 152 15598
176 153 16980
176 154 5756
176 155 22648
176 156 11876
176 157 5556
176 158 9725
176 159 9317
176 160 11031
176 161 9703
176 162 2481
176 163 17518
176 164 11504
176 165 27086
176 166 17073
176 167 4335
176 168 26637
176 169 13319
176 170 30290
176 171 23573
176 172 31157
176 173 30447
176 174 25350
176 175 24195
176 177 14112
176 178 23385
176 179 18103
176 180 15044
176 181 12917
176 182 10330
176 183 18601
176 184 5377
176 185 10746
176 186 33431
176 187 30442
176 188 10784
176 189 12682
176 190 4747
176 191 34925
176 192 35464
176 193 30935
176 194 15251
176 195 12147
176 196 4960
176 197 25968
176 198 18977
176 199 26844
176 200 12541
177 1 17390
177 2 23972
177 3 7309
177 4 7770
177 5 32541
177 6 29856
177 7 36480
177 8 42344
177 9 17291
177 10 30950
177 11 39719
177 12 513
177 13 21516
177 14 37600
177 15 28079
177 16 38277
177 17 44163
177 18 30893
177 19 39563
177 20 28266
177 21 13688
177 22 21593
177 23 12521
177 24 3308
177 25 11109
177 26 6519
177 27 17507
177 28 12721
177 29 6010
177 30 22394
177 31 22546
177 32 31434
177 33 13879
177 34 13379
177 35 24464
177 36 48893
177 37 35155
177 38 45574
177 39 8502
177 40 14918
177 41 23214
177 42 33465
177 43 34214
177 44 41501
177 45 41347
177 46 45110
177 47 41907
177 48 32545
177 49 47292
177 50 11056
177 51 19283
177 52 27395
177 53 15736
177 54 -1571
177 55 11012
177 56 18478
177 57 26561
177 58 16940
177 59 28470
177 60 37095
177 61 39154
177 62 32739
177 63 39446
177 64 37112
177 65 23714
177 66 21382
177 67 10511
177 68 -4039
177 69 21241
177 70 26182
177 71 24266
177 72 12096
177 73 16671
177 74 19756
177 75 16090
177 76 5783
177 77 4910
177 78 15311
177 79 6534
177 80 1006
177 81 10406
177 82 35873
177 83 36690
177 84 39540
177 85 29784
177 86 37667
177 87 23579
177 88 30760
177 89 25374
177 90 37125
177 91 41197
177 92 34724
177 93 31971
177 94 25291
177 95 26456
177 96 31174
177 97 29009
177 98 34779
177 99 33760
177 100 35024
177 101 22445
177 102 7305
177 103 22094
177 104 33785
177 105 10947
177 106 32365
177 107 39528
177 108 29007
177 109 -65
177 110 11530
177 111 11169
177 112 18905
177 113 40095
177 114 36602
177 115 22766
177 116 4012
177 117 28682
177 118 27703
177 119 42313
177 120 13328
177 121 5071
177 122 22379
177 123 38304
177 124 44449
177 125 38552
177 126 38904
177 127 25625
177 128 26425
177 129 12129
177 130 1236
177 131 31071
177 132 17607
177 133 18994
177 134 -3033
177 135 20888
177 136 31248
177 137 23429
177 138 7267
177 139 14496
177 140 45090
177 141 39056
177 142 36892
177 143 48579
177 144 25748
177 145 22058
177 146 22508
177 147 25549
177 148 31219
177 149 3752
177 150 -38
177 151 30846
177 152 15598
177 153 32690
177 154 4101
177 155 7118
177 156 19454
177 157 12470
177 158 6689
177 159 27756
177 160 26347
177 161 17102
177 162 20920
177 163 882
177 164 11839
177 165 8879
177 166 28771
177 167 20255
177 168 44101
177 169 7876
177 170 12507
177 171 14144
177 172 30713
177 173 39868
177 174 40054
177 175 42610
177 176 12839
177 178 19698
177 179 3822
177 180 9366
177 181 29668
177 182 28161
177 183 25357
177 184 2370
177 185 12186
177 186 19177
177 187 13730
177 188 22888
177 189 30947
177 190 22724
177 191 40152
177 192 38954
177 193 35923
177 194 31921
177 195 192
177 196 3134
177 197 13335
177 198 7780
177 199 39947
177 200 20036
178 1 30413
178 2 -1277
178 3 31537
178 4 14166
178 5 16754
178 6 16796
178 7 35158
178 8 33250
178 9 39623
178 10 39164
178 11 44209
178 12 19621
178 13 5241
178 14 11833
178 15 1874
178 16 16468
178 17 27109
178 18 23684
178 19 40188
178 20 45703
178 21 7253
178 22 7255
178 23 6346
178 24 28769
178 25 24169
178 26 12954
178 27 20626
178 28 20243
178 29 32917
178 30 36660
178 31 28768
178 32 44123
178 33 36017
178 34 39324
178 35 48884
178 36 44859
178 37 12983
178 38 19726
178 39 11259
178 40 7721
178 41 4649
178 42 7157
178 43 7353
178 44 17252
178 45 28585
178 46 36259
178 47 38273
178 48 29040
178 49 47191
178 50 29034
178 51 38816
178 52 26144
178 53 12621
178 54 18598
178 55 26273
178 56 14826
178 57 -267
178 58 6374
178 59 9155
178 60 24551
178 61 19359
178 62 36951
178 63 48224
178 64 42579
178 65 46856
178 66 40617
178 67 12964
178 68 22007
178 69 30101
178 70 37807
178 71 46669
178 72 4398
178 73 5478
178 74 8311
178 75 7186
178 76 25313
178 77 28140
178 78 40744
178 79 31225
178 80 27542
178 81 33348
178 82 30706
178 83 25278
178 84 23740
178 85 8905
178 86 15280
178 87 -526
178 88 33736
178 89 17381
178 90 47478
178 91 18701
178 92 13928
178 93 12431
178 94 9671
178 95 7639
178 96 14469
178 97 7493
178 98 13267
178 99 15885
178 100 11830
178 101 33045
178 102 26997
178 103 42866
178 104 15910
178 105 10289
178 106 29979
178 107 42055
178 108 38303
178 109 20815
178 110 14692
178 111 22366
178 112 11314
178 113 20612
178 114 27577
178 115 -2407
178 116 26628
178 117 9229
178 118 14449
178 119 17560
178 120 36658
178 121 31924
178 122 37552
178 123 38215
178 124 39120
178 125 25995
178 126 47471
178 127 29360
178 128 42935
178 129 37219
178 130 19115
178 131 44752
178 132 26948
178 133 5892
178 134 21948
178 135 45258
178 136 55287
178 137 4195
178 138 18688
178 139 19101
178 140 19407
178 141 15972
178 142 10507
178 143 46873
178 144 -554
178 145 425
178 146 22166
178 147 14350
178 148 34861
178 149 12224
178 150 26498
178 151 10050
178 152 5032
178 153 29157
178 154 15522
178 155 13514
178 156 15565
178 157 32869
178 158 30917
178 159 33400
178 160 41255
178 161 39026
178 162 29671
178 163 26826
178 164 36889
178 165 24832
178 166 19125
178 167 24160
178 168 40818
178 169 34093
178 170 20746
178 171 -76
178 172 4395
178 173 22294
178 174 30115
178 175 45459
178 176 24994
178 177 22580
178 179 15001
178 180 7750
178 181 41427
178 182 29299
178 183 11740
178 184 22862
178 185 35632
178 186 15081
178 187 19103
178 188 41323
178 189 39161
178 190 27408
178 191 16935
178 192 14333
178 193 13373
178 194 30079
178 195 14307
178 196 24719
178 197 8721
178 198 6943
178 199 28589
178 200 19011
179 1 22367
179 2 16958
179 3 15544
179 4 478
179 5 29557
179 6 26886
179 7 37996
179 8 41763
179 9 25423
179 10 35378
179 11 43412
179 12 4634
179 13 16968
179 14 31263
179 15 20205
179 16 33576
179 17 41173
179 18 30310
179 19 42105
179 20 35316
179 21 5703
179 22 13057
179 23 4734
179 24 9069
179 25 8222
179 26 3811
179 27 18649
179 28 13959
179 29 13968
179 30 28433
179 31 25968
179 32 37362
179 33 21787
179 34 21900
179 35 32970
179 36 50324
179 37 30017
179 38 39251
179 39 2066
179 40 9467
179 41 14718
179 42 26757
179 43 26675
179 44 35889
179 45 39723
179 46 44918
179 47 43267
179 48 33722
179 49 49941
179 50 17379
179 51 26684
179 52 28216
179 53 13299
179 54 -1125
179 55 8813
179 56 10423
179 57 19146
179 58 12324
179 59 24094
179 60 34998
179 61 35057
179 62 36055
179 63 44363
179 64 41392
179 65 32119
179 66 29019
179 67 4933
179 68 4463
179 69 24844
179 70 31298
179 71 32504
179 72 3578
179 73 8465
179 74 11227
179 75 7617
179 76 12062
179 77 12719
179 78 23851
179 79 14953
179 80 9549
179 81 18566
179 82 36358
179 83 35140
179 84 36742
179 85 25202
179 86 32878
179 87 17492
179 88 33398
179 89 23871
179 90 42386
179 91 36133
179 92 29875
179 93 27702
179 94 21477
179 95 21907
179 96 27457
179 97 23772
179 98 29881
179 99 29857
179 100 29641
179 101 27006
179 102 14345
179 103 29944
179 104 29882
179 105 8072
179 106 33407
179 107 42657
179 108 33806
179 109 3773
179 110 3028
179 111 14432
179 112 16662
179 113 36302
179 114 35945
179 115 15461
179 116 11396
179 117 23778
179 118 25383
179 119 36466
179 120 21633
179 121 13309
179 122 28532
179 123 40535
179 124 45228
179 125 36959
179 126 43736
179 127 28085
179 128 33287
179 129 20615
179 130 -297
179 131 37255
179 132 21211
179 133 10450
179 134 2286
179 135 29383
179 136 39730
179 137 17883
179 138 8619
179 139 8118
179 140 38862
179 141 33905
179 142 30161
179 143 50709
179 144 18944
179 145 13830
179 146 22825
179 147 23141
179 148 34222
179 149 -996
179 150 8505
179 151 25997
179 152 10982
179 153 33314
179 154 5453
179 155 -174
179 156 18070
179 157 19790
179 158 14924
179 159 31480
179 160 32767
179 161 25217
179 162 24903
179 163 7265
179 164 20370
179 165 6870
179 166 27285
179 167 22262
179 168 45542
179 169 16390
179 170 8121
179 171 5701
179 172 23977
179 173 36510
179 174 39322
179 175 45857
179 176 17225
179 177 4217
179 178 12514
179 180 3944
179 181 35525
179 182 30443
179 183 22102
179 184 8702
179 185 20373
179 186 11281
179 187 7684
179 188 30214
179 189 35375
179 190 25600
179 191 34913
179 192 33130
179 193 30812
179 194 33164
179 195 -1739
179 196 10221
179 197 4868
179 198 -582
179 199 38522
179 200 19246
180 1 19959
180 2 9765
180 3 18781
180 4 7186
180 5 20625
180 6 18030
180 7 31238
180 8 33574
180 9 27347
180 10 31282
180 11 38241
180 12 6816
180 13 7983
180 14 23201
180 15 14489
180 16 24691
180 17 32213
180 18 22308
180 19 35901
180 20 34744
180 21 2808
180 22 11718
180 23 7708
180 24 17028
180 25 16708
180 26 221
180 27 12751
180 28 9583
180 29 20369
180 30 26509
180 31 21182
180 32 34861
180 33 23625
180 34 26521
180 35 36277
180 36 43122
180 37 21229
180 38 31190
180 39 7964
180 40 587
180 41 12273
180 42 19053
180 43 20141
180 44 27345
180 45 31081
180 46 36822
180 47 36111
180 48 26549
180 49 43624
180 50 17170
180 51 27102
180 52 21329
180 53 5298
180 54 7362
180 55 17635
180 56 13592
180 57 12537
180 58 3324
180 59 15121
180 60 26298
180 61 26071
180 62 30750
180 63 40504
180 64 36565
180 65 34572
180 66 29304
180 67 11016
180 68 9247
180 69 20877
180 70 28351
180 71 34479
180 72 3168
180 73 5478
180 74 10251
180 75 8475
180 76 12871
180 77 15413
180 78 27960
180 79 18469
180 80 14873
180 81 20869
180 82 28814
180 83 26596
180 84 27826
180 85 16275
180 86 24028
180 87 9194
180 88 27692
180 89 15592
180 90 39041
180 91 27339
180 92 20988
180 93 18723
180 94 12487
180 95 12944
180 96 18464
180 97 14995
180 98 21019
180 99 20857
180 100 20962
180 101 23672
180 102 14920
180 103 30995
180 104 20882
180 105 423
180 106 26378
180 107 36948
180 108 30076
180 109 8175
180 110 7363
180 111 11437
180 112 8238
180 113 27304
180 114 27750
180 115 8800
180 116 13889
180 117 14878
180 118 16616
180 119 28052
180 120 24173
180 121 19280
180 122 26975
180 123 34137
180 124 37720
180 125 28333
180 126 39803
180 127 22526
180 128 32311
180 129 24438
180 130 8653
180 131 35131
180 132 17414
180 133 9641
180 134 10197
180 135 32648
180 136 42769
180 137 9192
180 138 6437
180 139 14496
180 140 30726
180 141 25157
180 142 22478
180 143 44009
180 144 11376
180 145 9706
180 146 16000
180 147 14456
180 148 28731
180 149 -83
180 150 13829
180 151 17110
180 152 1982
180 153 26024
180 154 3271
180 155 6534
180 156 10260
180 157 20707
180 158 18161
180 159 26589
180 160 31118
180 161 26906
180 162 20920
180 163 14835
180 164 24156
180 165 15777
180 166 18878
180 167 16680
180 168 38454
180 169 21293
180 170 15624
180 171 3475
180 172 16309
180 173 27523
180 174 31030
180 175 40238
180 176 14500
180 177 10095
180 178 5597
180 179 4278
180 181 32714
180 182 24287
180 183 13192
180 184 10212
180 185 23019
180 186 14572
180 187 14331
180 188 30103
180 189 31279
180 190 20337
180 191 26193
180 192 24696
180 193 22031
180 194 26264
180 195 1851
180 196 12079
180 197 6726
180 198 86
180 199 30003
180 200 12053
181 1 25664
181 2 56858
181 3 35514
181 4 54696
181 5 41044
181 6 45981
181 7 26227
181 8 35568
181 9 20135
181 10 10912
181 11 8520
181 12 40602
181 13 45955
181 14 58864
181 15 60798
181 16 50958
181 17 46842
181 18 33025
181 19 14483
181 20 13497
181 21 54206
181 22 63062
181 23 58468
181 24 46521
181 25 59417
181 26 43832
181 27 32848
181 28 38665
181 29 41349
181 30 10735
181 31 16546
181 32 -815
181 33 28326
181 34 30082
181 35 26286
181 36 22980
181 37 54529
181 38 63384
181 39 56205
181 40 49213
181 41 63118
181 42 59834
181 43 63098
181 44 58315
181 45 37670
181 46 30603
181 47 20493
181 48 16850
181 49 13900
181 50 28913
181 51 20000
181 52 31226
181 53 42886
181 54 46756
181 55 59322
181 56 64063
181 57 58741
181 58 46573
181 59 45983
181 60 43367
181 61 50369
181 62 12847
181 63 2686
181 64 -5585
181 65 11164
181 66 171
181 67 58731
181 68 35516
181 69 28651
181 70 18638
181 71 17410
181 72 54495
181 73 56838
181 74 61670
181 75 59766
181 76 34254
181 77 35351
181 78 34756
181 79 30602
181 80 44169
181 81 22964
181 82 26935
181 83 38124
181 84 44682
181 85 45025
181 86 48193
181 87 50272
181 88 21143
181 89 37661
181 90 5321
181 91 57680
181 92 54355
181 93 47243
181 94 44712
181 95 47178
181 96 47260
181 97 51639
181 98 52798
181 99 49053
181 100 54152
181 101 21728
181 102 23600
181 103 16131
181 104 49078
181 105 42295
181 106 26640
181 107 10831
181 108 6129
181 109 44627
181 110 56452
181 111 33092
181 112 38822
181 113 46536
181 114 31813
181 115 56801
181 116 37213
181 117 51750
181 118 34912
181 119 60877
181 120 20868
181 121 40452
181 122 17913
181 123 17234
181 124 27362
181 125 35330
181 126 3803
181 127 24990
181 128 6311
181 129 36708
181 130 49566
181 131 934
181 132 27604
181 133 61045
181 134 43315
181 135 24670
181 136 28102
181 137 51496
181 138 40541
181 139 62199
181 140 62457
181 141 53578
181 142 62028
181 143 18905
181 144 55355
181 145 59697
181 146 35985
181 147 39889
181 148 16439
181 149 45454
181 150 43125
181 151 50477
181 152 45231
181 153 29528
181 154 37375
181 155 54044
181 156 39502
181 157 27909
181 158 34894
181 159 7188
181 160 4460
181 161 12503
181 162 19989
181 163 45211
181 164 24156
181 165 57211
181 166 35943
181 167 28151
181 168 22843
181 169 33997
181 170 60879
181 171 54764
181 172 58106
181 173 47461
181 174 32022
181 175 12634
181 176 26023
181 177 44047
181 178 52924
181 179 49509
181 180 46364
181 182 14780
181 183 43194
181 184 35266
181 185 31570
181 186 65049
181 187 61626
181 188 8771
181 189 10909
181 190 19061
181 191 55897
181 192 58264
181 193 53079
181 194 24883
181 195 43558
181 196 33636
181 197 57579
181 198 50582
181 199 39246
181 200 41206
182 1 16288
182 2 35998
182 3 30265
182 4 40439
182 5 16383
182 6 22786
182 7 1602
182 8 12073
182 9 25025
182 10 5511
182 11 5130
182 12 28701
182 13 24065
182 14 34518
182 15 38453
182 16 26264
182 17 22604
182 18 8535
182 19 1755
182 20 21635
182 21 36707
182 22 44358
182 23 41770
182 24 39873
182 25 48107
182 26 28276
182 27 15011
182 28 23242
182 29 37385
182 30 11690
182 31 1601
182 32 11739
182 33 26784
182 34 33166
182 35 35168
182 36 11049
182 37 30520
182 38 38695
182 39 41843
182 40 30712
182 41 43407
182 42 36501
182 43 39671
182 44 33691
182 45 14116
182 46 10908
182 47 4331
182 48 -4095
182 49 9583
182 50 21502
182 51 22003
182 52 9164
182 53 24115
182 54 35482
182 55 48215
182 56 47787
182 57 36935
182 58 26738
182 59 22047
182 60 18742
182 61 25683
182 62 -1081
182 63 11387
182 64 3384
182 65 26796
182 66 15524
182 67 44921
182 68 27632
182 69 15192
182 70 13054
182 71 28286
182 72 37052
182 73 38613
182 74 43557
182 75 42250
182 76 24938
182 77 28263
182 78 35350
182 79 27747
182 80 35421
182 81 23421
182 82 3034
182 83 13469
182 84 20035
182 85 20555
182 86 23573
182 87 27705
182 88 751
182 89 14796
182 90 12964
182 91 33190
182 92 30610
182 93 22918
182 94 21764
182 95 23988
182 96 23440
182 97 28453
182 98 28644
182 99 24931
182 100 29941
182 101 12022
182 102 18445
182 103 23897
182 104 24956
182 105 24629
182 106 2047
182 107 2906
182 108 4857
182 109 32829
182 110 41115
182 111 19728
182 112 17669
182 113 22048
182 114 7730
182 115 36153
182 116 28707
182 117 29013
182 118 10306
182 119 36356
182 120 24600
182 121 35926
182 122 16355
182 123 238
182 124 8156
182 125 11599
182 126 10670
182 127 6406
182 128 16550
182 129 34157
182 130 38027
182 131 13646
182 132 14262
182 133 42606
182 134 34713
182 135 32286
182 136 39356
182 137 30060
182 138 26423
182 139 48118
182 140 37764
182 141 28899
182 142 38287
182 143 10517
182 144 33180
182 145 39453
182 146 16176
182 147 16695
182 148 -1795
182 149 30601
182 150 34377
182 151 26732
182 152 25396
182 153 5017
182 154 23257
182 155 39787
182 156 19408
182 157 23867
182 158 29645
182 159 -3321
182 160 13210
182 161 21216
182 162 7824
182 163 37674
182 164 27997
182 165 46078
182 166 11741
182 167 10302
182 168 6453
182 169 32535
182 170 48478
182 171 36088
182 172 35108
182 173 22774
182 174 9246
182 175 6278
182 176 14648
182 177 33752
182 178 32008
182 179 35639
182 180 29149
182 181 5992
182 183 20260
182 184 25431
182 185 29322
182 186 48756
182 187 47823
182 188 18081
182 189 5508
182 190 1586
182 191 31276
182 192 33856
182 193 28663
182 194 250
182 195 30024
182 196 25206
182 197 40890
182 198 34246
182 199 14789
182 200 22215
183 1 21872
183 2 12723
183 3 29430
183 4 24134
183 5 3386
183 6 1005
183 7 19836
183 8 17713
183 9 33741
183 10 26138
183 11 29461
183 12 20153
183 13 602
183 14 12906
183 15 14122
183 16 9508
183 17 15027
183 18 7912
183 19 24750
183 20 36399
183 21 17507
183 22 22463
183 23 21164
183 24 32717
183 25 33929
183 26 14775
183 27 10839
183 28 15403
183 29 34130
183 30 26392
183 31 16083
183 32 32123
183 33 31236
183 34 36992
183 35 44072
183 36 29064
183 37 8276
183 38 19663
183 39 23954
183 40 11985
183 41 20450
183 42 12569
183 43 15834
183 44 14382
183 45 14116
183 46 20902
183 47 22463
183 48 13270
183 49 31480
183 50 23451
183 51 31558
183 52 12020
183 53 8668
183 54 24044
183 55 34894
183 56 28293
183 57 12761
183 58 6764
183 59 101
183 60 9391
183 61 9873
183 62 22603
183 63 34636
183 64 27628
183 65 40148
183 66 31572
183 67 26634
183 68 22485
183 69 20132
183 70 26912
183 71 40027
183 72 17096
183 73 18056
183 74 22521
183 75 21526
183 76 22203
183 77 26104
183 78 38218
183 79 28751
183 80 28892
183 81 28694
183 82 14909
183 83 10002
183 84 10571
183 85 1187
183 86 8813
183 87 3374
183 88 19628
183 89 2357
183 90 34649
183 91 13343
183 92 7672
183 93 3077
183 94 -2542
183 95 -68
183 96 1912
183 97 4375
183 98 7134
183 99 4565
183 100 8314
183 101 22484
183 102 21630
183 103 35544
183 104 4590
183 105 9459
183 106 14646
183 107 26897
183 108 25506
183 109 23079
183 110 24178
183 111 16404
183 112 653
183 113 10669
183 114 11969
183 115 12994
183 116 25032
183 117 4682
183 118 -461
183 119 15972
183 120 31695
183 121 32716
183 122 28208
183 123 22759
183 124 23326
183 125 11410
183 126 33872
183 127 16388
183 128 32940
183 129 35027
183 130 25682
183 131 33199
183 132 17607
183 133 20948
183 134 26112
183 135 40573
183 136 49834
183 137 6707
183 138 17142
183 139 30927
183 140 18929
183 141 10952
183 142 14922
183 143 31086
183 144 8907
183 145 16236
183 146 10633
183 147 -1356
183 148 20618
183 149 16555
183 150 27848
183 151 3794
183 152 5422
183 153 13718
183 154 13976
183 155 23482
183 156 6056
183 157 27597
183 158 28810
183 159 19468
183 160 30566
183 161 32330
183 162 18441
183 163 30308
183 164 33404
183 165 33018
183 166 3314
183 167 12642
183 168 25017
183 169 32930
183 170 32402
183 171 14520
183 172 10908
183 173 10494
183 174 14819
183 175 30334
183 176 17072
183 177 25101
183 178 8602
183 179 21451
183 180 12207
183 181 28559
183 182 14413
183 184 20961
183 185 31991
183 186 28994
183 187 30853
183 188 32447
183 189 26135
183 190 14420
183 191 12352
183 192 12834
183 193 8280
183 194 14798
183 195 17810
183 196 22368
183 197 21473
183 198 16424
183 199 13404
183 200 10828
184 1 9600
184 2 25182
184 3 3380
184 4 14386
184 5 28742
184 6 26517
184 7 29619
184 8 36565
184 9 11907
184 10 23165
184 11 32015
184 12 414
184 13 19945
184 14 37050
184 15 30102
184 16 35871
184 17 40101
184 18 25382
184 19 32167
184 20 21188
184 21 17099
184 22 26007
184 23 18876
184 24 9069
184 25 18904
184 26 6929
184 27 11626
184 28 7890
184 29 8110
184 30 14738
184 31 15018
184 32 23773
184 33 8137
184 34 11333
184 35 20626
184 36 41859
184 37 33515
184 38 44782
184 39 15673
184 40 15453
184 41 27203
184 42 33662
184 43 35465
184 44 40041
184 45 36229
184 46 38954
184 47 34957
184 48 25747
184 49 39805
184 50 3408
184 51 12572
184 52 21179
184 53 13299
184 54 6082
184 55 18812
184 56 24547
184 57 28020
184 58 16123
184 59 26151
184 60 32636
184 61 36238
184 62 25157
184 63 31638
184 64 29315
184 65 19045
184 66 14938
184 67 18036
184 68 -3055
184 69 13802
184 70 18373
184 71 19069
184 72 16585
184 73 20193
184 74 24204
184 75 21337
184 76 -1981
184 77 -67
184 78 12616
184 79 3022
184 80 4552
184 81 5272
184 82 29507
184 83 31705
184 84 35463
184 85 27451
184 86 35206
184 87 23307
184 88 23461
184 89 20872
184 90 29336
184 91 39294
184 92 32897
184 93 29420
184 94 22753
184 95 24515
184 96 28311
184 97 27714
184 98 32863
184 99 30963
184 100 33546
184 101 14681
184 102 205
184 103 16027
184 104 30988
184 105 9565
184 106 25797
184 107 31950
184 108 21198
184 109 4053
184 110 16955
184 111 4466
184 112 15438
184 113 36725
184 114 30917
184 115 24378
184 116 -1368
184 117 27200
184 118 23424
184 119 41160
184 120 8558
184 121 6607
184 122 14747
184 123 31040
184 124 37801
184 125 33432
184 126 31094
184 127 18513
184 128 19204
184 129 9125
184 130 8884
184 131 23494
184 132 10214
184 133 23627
184 134 3922
184 135 16997
184 136 27125
184 137 22943
184 138 4288
184 139 21651
184 140 44184
184 141 37093
184 142 37000
184 143 41269
184 144 26363
184 145 25167
184 146 16999
184 147 21731
184 148 23754
184 149 6698
184 150 3508
184 151 29019
184 152 14781
184 153 26383
184 154 1122
184 155 13734
184 156 15482
184 157 5707
184 158 2760
184 159 20078
184 160 18863
184 161 11597
184 162 13272
184 163 6811
184 164 8606
184 165 16672
184 166 23987
184 167 13553
184 168 37122
184 169 6646
184 170 20211
184 171 18096
184 172 31033
184 173 36265
184 174 34323
184 175 34999
184 176 5217
184 177 3483
184 178 21093
184 179 9420
184 180 10596
184 181 22000
184 182 20953
184 183 22330
184 185 7366
184 186 25421
184 187 21009
184 188 16076
184 189 23162
184 190 15403
184 191 38331
184 192 37833
184 193 34100
184 194 25234
184 195 3789
184 196 -3574
184 197 18688
184 198 12120
184 199 34814
184 200 15822
185 1 10908
185 2 36311
185 3 1309
185 4 23770
185 5 37062
185 6 35647
185 7 32996
185 8 41994
185 9 1291
185 10 21807
185 11 31043
185 12 11225
185 13 30300
185 14 47521
185 15 41269
185 16 45233
185 17 47855
185 18 31783
185 19 33087
185 20 13721
185 21 28106
185 22 36824
185 23 28521
185 24 11286
185 25 25527
185 26 18110
185 27 18987
185 28 17508
185 29 6010
185 30 10405
185 31 16629
185 32 18709
185 33 -1404
185 34 1300
185 35 9448
185 36 43794
185 37 43557
185 38 55041
185 39 24269
185 40 26580
185 41 38169
185 42 44493
185 43 46520
185 44 50020
185 45 42632
185 46 43330
185 47 37394
185 48 28898
185 49 39853
185 50 4336
185 51 4544
185 52 26846
185 53 23661
185 54 14139
185 55 25571
185 56 34440
185 57 39151
185 58 26934
185 59 35832
185 60 40326
185 61 45256
185 62 25550
185 63 28462
185 64 26644
185 65 8041
185 66 5693
185 67 25699
185 68 1907
185 69 17285
185 70 16731
185 71 8318
185 72 27326
185 73 31208
185 74 34988
185 75 31779
185 76 5783
185 77 2970
185 78 2662
185 79 -4780
185 80 10882
185 81 -5594
185 82 33926
185 83 38592
185 84 43365
185 85 36990
185 86 44424
185 87 34063
185 88 25697
185 89 29007
185 90 25732
185 91 49083
185 92 42888
185 93 38865
185 94 32472
185 95 34532
185 96 37664
185 97 38038
185 98 42732
185 99 40295
185 100 43631
185 101 15100
185 102 -2767
185 103 6262
185 104 40320
185 105 20423
185 106 30096
185 107 31888
185 108 18962
185 109 14036
185 110 27204
185 111 12215
185 112 24822
185 113 45193
185 114 36602
185 115 35542
185 116 5883
185 117 37496
185 118 31319
185 119 51329
185 120 -2509
185 121 5071
185 122 10724
185 123 32650
185 124 41163
185 125 39863
185 126 28146
185 127 22052
185 128 12120
185 129 1417
185 130 16815
185 131 17887
185 132 14262
185 133 34362
185 134 8912
185 135 5820
185 136 15961
185 137 33722
185 138 15245
185 139 30308
185 140 54387
185 141 46755
185 142 47773
185 143 42192
185 144 37359
185 145 36295
185 146 24466
185 147 30468
185 148 25013
185 149 17619
185 150 9838
185 151 39010
185 152 25592
185 153 31321
185 154 12079
185 155 23118
185 156 24657
185 157 707
185 158 689
185 159 19832
185 160 12938
185 161 1102
185 162 14696
185 163 10364
185 164 -2304
185 165 23598
185 166 31482
185 167 18893
185 168 39501
185 169 -496
185 170 27325
185 171 29038
185 172 41919
185 173 44654
185 174 39726
185 175 34692
185 176 8960
185 177 11673
185 178 32237
185 179 19465
185 180 21777
185 181 16678
185 182 23218
185 183 31734
185 184 5740
185 186 35168
185 187 29438
185 188 7792
185 189 21804
185 190 18042
185 191 48116
185 192 48047
185 193 43958
185 194 29210
185 195 14405
185 196 3134
185 197 29043
185 198 22848
185 199 41404
185 200 25011
186 1 37982
186 2 17971
186 3 31323
186 4 3820
186 5 36170
186 6 34819
186 7 50494
186 8 51453
186 9 41301
186 10 50343
186 11 57625
186 12 20732
186 13 23247
186 14 29952
186 15 14306
186 16 36272
186 17 46927
186 18 40725
186 19 55267
186 20 51424
186 21 9937
186 22 4593
186 23 -11380
186 24 20571
186 25 8770
186 26 17681
186 27 32137
186 28 28370
186 29 27494
186 30 44300
186 31 40431
186 32 53107
186 33 37780
186 34 36445
186 35 48179
186 36 61998
186 37 32899
186 38 37027
186 39 -7734
186 40 17943
186 41 5616
186 42 25519
186 43 21441
186 44 36355
186 45 47754
186 46 54697
186 47 55067
186 48 45544
186 49 62937
186 50 33448
186 51 42804
186 52 40622
186 53 24507
186 54 12279
186 55 13222
186 56 -1377
186 57 16824
186 58 20407
186 59 28877
186 60 43197
186 61 39279
186 62 50138
186 63 59509
186 64 55908
186 65 47624
186 66 45121
186 67 -6946
186 68 19931
186 69 39756
186 70 46798
186 71 48285
186 72 1618
186 73 8630
186 74 5453
186 75 -2581
186 76 28171
186 77 28705
186 78 38916
186 79 30510
186 80 24918
186 81 34417
186 82 47573
186 83 43840
186 84 43292
186 85 28830
186 86 34852
186 87 19397
186 88 47106
186 89 33894
186 90 57786
186 91 38502
186 92 33786
186 93 32269
186 94 28215
186 95 27035
186 96 33675
186 97 27329
186 98 33192
186 99 35434
186 100 31591
186 101 42299
186 102 30469
186 103 45981
186 104 35459
186 105 19836
186 106 45542
186 107 56363
186 108 48988
186 109 19860
186 110 9331
186 111 29646
186 112 26650
186 113 40536
186 114 45666
186 115 15567
186 116 27460
186 117 28566
186 118 33256
186 119 36466
186 120 37339
186 121 27426
186 122 44467
186 123 53467
186 124 56410
186 125 45094
186 126 58836
186 127 41916
186 128 49363
186 129 36021
186 130 11084
186 131 53114
186 132 36193
186 133 1362
186 134 14926
186 135 44655
186 136 55027
186 137 22547
186 138 23788
186 139 2151
186 140 36947
186 141 35505
186 142 28275
186 143 63187
186 144 18862
186 145 8214
186 146 35372
186 147 31883
186 148 48134
186 149 13506
186 150 23874
186 151 29908
186 152 19065
186 153 45059
186 154 20622
186 155 3168
186 156 29344
186 157 35907
186 158 30703
186 159 45904
186 160 48729
186 161 41111
186 162 39859
186 163 20060
186 164 35473
186 165 12797
186 166 36724
186 167 36051
186 168 57462
186 169 31057
186 170 2331
186 171 877
186 172 23068
186 173 42076
186 174 48646
186 175 59655
186 176 32675
186 177 19694
186 178 12716
186 179 11403
186 180 14360
186 181 51187
186 182 43682
186 183 29767
186 184 24825
186 185 36198
186 187 1893
186 188 46339
186 189 50340
186 190 39690
186 191 36492
186 192 33438
186 193 33189
186 194 45480
186 195 14185
186 196 26330
186 197 91
186 198 5545
186 199 47239
186 200 31412
187 1 35821
187 2 22803
187 3 26723
187 4 841
187 5 39775
187 6 37670
187 7 51147
187 8 53759
187 9 36568
187 10 48964
187 11 56995
187 12 17775
187 13 26568
187 14 36229
187 15 21414
187 16 41399
187 17 51012
187 18 42552
187 19 55496
187 20 47895
187 21 12294
187 22 11404
187 23 -5299
187 24 13874
187 25 975
187 26 16962
187 27 31981
187 28 27472
187 29 21263
187 30 41621
187 31 39557
187 32 50629
187 33 33424
187 34 30431
187 35 42538
187 36 63269
187 37 37770
187 38 43675
187 39 -11059
187 40 19786
187 41 12945
187 42 31577
187 43 28558
187 44 42179
187 45 50878
187 46 57023
187 47 56232
187 48 46666
187 49 63315
187 50 30332
187 51 38929
187 52 41262
187 53 25506
187 54 7362
187 55 5955
187 56 4003
187 57 22893
187 58 22725
187 59 33055
187 60 46106
187 61 43843
187 62 49614
187 63 57909
187 64 54993
187 65 42180
187 66 40957
187 67 -8667
187 68 15193
187 69 38445
187 70 44768
187 71 43292
187 72 5436
187 73 12548
187 74 11051
187 75 4025
187 76 24938
187 77 24552
187 78 33351
187 79 25528
187 80 20205
187 81 29725
187 82 49032
187 83 46570
187 84 46984
187 85 33533
187 86 40296
187 87 24334
187 88 46877
187 89 35803
187 90 55861
187 91 43654
187 92 38249
187 93 36596
187 94 31514
187 95 30972
187 96 37290
187 97 31824
187 98 37941
187 99 39342
187 100 36820
187 101 40555
187 102 26885
187 103 41593
187 104 39367
187 105 20423
187 106 46412
187 107 56170
187 108 47356
187 109 16471
187 110 8746
187 111 28027
187 112 28437
187 113 45193
187 114 47937
187 115 20614
187 116 23599
187 117 32555
187 118 36305
187 119 42399
187 120 32350
187 121 21515
187 122 41654
187 123 53855
187 124 57940
187 125 48161
187 126 57293
187 127 41570
187 128 46019
187 129 30872
187 130 5786
187 131 50408
187 132 34811
187 133 8228
187 134 8912
187 135 39097
187 136 49428
187 137 26349
187 138 22217
187 139 -3920
187 140 43515
187 141 40992
187 142 34594
187 143 63930
187 144 24347
187 145 14801
187 146 35849
187 147 34392
187 148 47750
187 149 12224
187 150 19161
187 151 34371
187 152 21383
187 153 46159
187 154 19051
187 155 189
187 156 30469
187 157 32108
187 158 26103
187 159 45074
187 160 45787
187 161 36351
187 162 38500
187 163 13911
187 164 29845
187 165 5892
187 166 39006
187 167 35712
187 168 58548
187 169 25285
187 170 -4235
187 171 6562
187 172 28967
187 173 46156
187 174 51160
187 175 59387
187 176 30759
187 177 15320
187 178 17811
187 179 8879
187 180 15192
187 181 48837
187 182 43822
187 183 32699
187 184 21486
187 185 31541
187 186 2966
187 188 42534
187 189 48961
187 190 39140
187 191 41955
187 192 39244
187 193 38319
187 194 46239
187 195 11817
187 196 22650
187 197 3688
187 198 6431
187 199 49987
187 200 32027
188 1 14900
188 2 48171
188 3 18781
188 4 40460
188 5 40507
188 6 41781
188 7 29381
188 8 40019
188 9 1291
188 10 12909
188 11 19983
188 12 26559
188 13 39330
188 14 55450
188 15 53116
188 16 50184
188 17 49320
188 18 32865
188 19 24414
188 20 -2071
188 21 42526
188 22 51629
188 23 45043
188 24 29105
188 25 43300
188 26 31805
188 27 25262
188 28 28017
188 29 23379
188 30 1597
188 31 13806
188 32 3492
188 33 11000
188 34 11215
188 35 8479
188 36 35257
188 37 50798
188 38 61834
188 39 41484
188 40 39018
188 41 52458
188 42 54146
188 43 57078
188 44 56415
188 45 41833
188 46 38758
188 47 30275
188 48 23620
188 49 28700
188 50 14792
188 51 2790
188 52 28464
188 53 33889
188 54 31372
188 55 43291
188 56 50719
188 57 50778
188 58 37809
188 59 42426
188 60 42958
188 61 49679
188 62 17886
188 63 14848
188 64 12222
188 65 -1251
188 66 -10797
188 67 43321
188 68 19322
188 69 20508
188 70 11899
188 71 405
188 72 42398
188 73 45515
188 74 49918
188 75 47356
188 76 19866
188 77 19460
188 78 16136
188 79 12983
188 80 28208
188 81 4828
188 82 31030
188 83 39512
188 84 45648
188 85 42804
188 86 48660
188 87 43818
188 88 21867
188 89 33800
188 90 12352
188 91 55336
188 92 50216
188 93 44682
188 94 39752
188 95 42246
188 96 43765
188 97 46403
188 98 49504
188 99 46117
188 100 50793
188 101 14194
188 102 8267
188 103 -2671
188 104 46142
188 105 32097
188 106 28166
188 107 21876
188 108 8621
188 109 30150
188 110 43106
188 111 21899
188 112 32399
188 113 47985
188 114 35302
188 115 47789
188 116 21891
188 117 46023
188 118 34288
188 119 58324
188 120 2051
188 121 22743
188 122 6255
188 123 25307
188 124 35557
188 125 39212
188 126 14959
188 127 21731
188 128 -4566
188 129 18906
188 130 34142
188 131 2154
188 132 18730
188 133 49371
188 134 26731
188 135 6352
188 136 11624
188 137 43974
188 138 28281
188 139 47473
188 140 61023
188 141 52352
188 142 57016
188 143 32317
188 144 48106
188 145 49783
188 146 29858
188 147 35979
188 148 19196
188 149 32545
188 150 27164
188 151 46338
188 152 36467
188 153 30377
188 154 25115
188 155 39808
188 156 32382
188 157 11986
188 158 18161
188 159 11604
188 160 -1994
188 161 -5836
188 162 13880
188 163 28249
188 164 5290
188 165 41270
188 166 34411
188 167 22166
188 168 32405
188 169 15655
188 170 45044
188 171 43522
188 172 51917
188 173 47806
188 174 37359
188 175 24262
188 176 15281
188 177 28658
188 178 44211
188 179 35589
188 180 35144
188 181 162
188 182 18260
188 183 38473
188 184 20733
188 185 14075
188 186 51592
188 187 46714
188 189 12906
188 190 16387
188 191 54129
188 192 55290
188 193 50441
188 194 26774
188 195 29914
188 196 18521
188 197 44776
188 198 38026
188 199 41583
188 200 33253
189 1 12428
189 2 41013
189 3 25464
189 4 40940
189 5 25882
189 6 30005
189 7 12138
189 8 22702
189 9 16291
189 10 -5119
189 11 4144
189 12 27430
189 13 29945
189 14 43154
189 15 44791
189 16 35871
189 17 33054
189 18 17743
189 19 6856
189 20 11504
189 21 39203
189 22 47795
189 23 43936
189 24 36270
189 25 47055
189 26 29290
189 27 17242
189 28 23898
189 29 32439
189 30 2377
189 31 608
189 32 1419
189 33 20120
189 34 25475
189 35 25825
189 36 17859
189 37 38690
189 38 48188
189 39 42545
189 40 33826
189 41 47589
189 42 43826
189 43 47089
189 44 42938
189 45 24742
189 46 20755
189 47 12374
189 48 5638
189 49 12949
189 50 17193
189 51 13649
189 52 15247
189 53 27321
189 54 34154
189 55 46989
189 56 49613
189 57 42775
189 58 30849
189 59 30138
189 60 28164
189 61 35256
189 62 -141
189 63 4111
189 64 1056
189 65 16383
189 66 4945
189 67 45413
189 68 24284
189 69 13802
189 70 5819
189 71 18367
189 72 39568
189 73 41645
189 74 46558
189 75 44875
189 76 21956
189 77 24291
189 78 28353
189 79 21939
189 80 32557
189 81 16116
189 82 13663
189 83 23598
189 84 30108
189 85 29477
189 86 33612
189 87 34242
189 88 5572
189 89 21675
189 90 3392
189 91 42135
189 92 38443
189 93 31590
189 94 28700
189 95 31179
189 96 31396
189 97 35632
189 98 37026
189 99 33297
189 100 38394
189 101 7619
189 102 13104
189 103 14305
189 104 33322
189 105 27046
189 106 11775
189 107 5068
189 108 -5635
189 109 31601
189 110 42223
189 111 18876
189 112 22840
189 113 32303
189 114 18320
189 115 41000
189 116 25465
189 117 35720
189 118 19657
189 119 45336
189 120 16319
189 121 31156
189 122 8328
189 123 7345
189 124 17529
189 125 22214
189 126 3403
189 127 8972
189 128 6076
189 129 28274
189 130 36898
189 131 3116
189 132 12923
189 133 45860
189 134 31994
189 135 23195
189 136 29550
189 137 35540
189 138 26372
189 139 48615
189 140 47290
189 141 38376
189 142 46079
189 143 15587
189 144 39347
189 145 44018
189 146 20066
189 147 23925
189 148 1670
189 149 31247
189 150 31513
189 151 34565
189 152 29507
189 153 14448
189 154 23206
189 155 40288
189 156 23627
189 157 18068
189 158 24844
189 159 -6409
189 160 2668
189 161 11597
189 162 4967
189 163 34419
189 164 19937
189 165 44838
189 166 20344
189 167 12368
189 168 14489
189 169 26400
189 170 48094
189 171 39478
189 172 42078
189 173 32677
189 174 19819
189 175 7796
189 176 12204
189 177 31742
189 178 37074
189 179 35775
189 180 31345
189 181 -2675
189 182 712
189 183 27186
189 184 22844
189 185 23112
189 186 50618
189 187 48166
189 188 7931
189 190 3042
189 191 40528
189 192 42617
189 193 37462
189 194 10151
189 195 29845
189 196 21849
189 197 42932
189 198 35968
189 199 25186
189 200 25506
190 1 7917
190 2 31100
190 3 21804
190 4 32821
190 5 17341
190 6 20207
190 7 7996
190 8 17643
190 9 18217
190 10 4881
190 11 10992
190 12 20414
190 13 19945
190 14 33672
190 15 34791
190 16 27206
190 17 26019
190 18 9524
190 19 9884
190 20 16906
190 21 30024
190 22 38313
190 23 34999
190 24 31337
190 25 40002
190 26 20749
190 27 7806
190 28 15432
190 29 28896
190 30 6519
190 31 -5218
190 32 10770
190 33 18855
190 34 25475
190 35 28697
190 36 19591
190 37 29082
190 38 39251
190 39 34356
190 40 24351
190 41 37890
190 42 33923
190 43 37179
190 44 33875
190 45 19017
190 46 18363
190 47 12817
190 48 3967
190 49 17651
190 50 13055
190 51 15160
190 52 5600
190 53 17736
190 54 27249
190 55 40049
190 56 40805
190 57 32786
190 58 21063
190 59 20544
190 60 19711
190 61 26630
190 62 3534
190 63 13859
190 64 9271
190 65 22017
190 66 11756
190 67 37384
190 68 19093
190 69 6653
190 70 6977
190 71 22657
190 72 30411
190 73 32270
190 74 37220
190 75 35702
190 76 16399
190 77 19732
190 78 27401
190 79 19466
190 80 26913
190 81 15724
190 82 9111
190 83 16196
190 84 22308
190 85 20285
190 86 25447
190 87 24256
190 88 1100
190 89 11881
190 90 13350
190 91 32915
190 92 28730
190 93 22279
190 94 18803
190 95 21309
190 96 21792
190 97 25741
190 98 27520
190 99 23857
190 100 28889
190 101 4269
190 102 10176
190 103 18021
190 104 23882
190 105 17784
190 106 5451
190 107 10111
190 108 4171
190 109 24576
190 110 33734
190 111 11404
190 112 12850
190 113 24646
190 114 12562
190 115 31118
190 116 20166
190 117 25765
190 118 11091
190 119 36075
190 120 17405
190 121 27426
190 122 9851
190 123 8679
190 124 16211
190 125 16328
190 126 13107
190 127 -1028
190 128 12712
190 129 25882
190 130 29855
190 131 11962
190 132 5742
190 133 36443
190 134 26239
190 135 25595
190 136 33424
190 137 25558
190 138 18430
190 139 40533
190 140 38390
190 141 29540
190 142 36275
190 143 18922
190 144 29347
190 145 34214
190 146 10151
190 147 14164
190 148 1670
190 149 22957
190 150 25869
190 151 24852
190 152 19721
190 153 7251
190 154 15264
190 155 32169
190 156 13733
190 157 15707
190 158 21184
190 159 -683
190 160 9874
190 161 15257
190 162 -230
190 163 29152
190 164 20554
190 165 37903
190 166 11355
190 167 2797
190 168 14951
190 169 24286
190 170 40594
190 171 29997
190 172 32124
190 173 24530
190 174 15260
190 175 13300
190 176 6105
190 177 25355
190 178 27157
190 179 27836
190 180 22239
190 181 7313
190 182 -1374
190 183 17307
190 184 16921
190 185 21186
190 186 41804
190 187 40181
190 188 13248
190 189 4878
190 191 31503
190 192 33233
190 193 28153
190 194 4371
190 195 22073
190 196 16662
190 197 33999
190 198 27147
190 199 18394
190 200 15822
191 1 40058
191 2 20723
191 3 47622
191 4 36875
191 5 5683
191 6 17976
191 7 31952
191 8 22530
191 9 52102
191 10 41496
191 11 41626
191 12 37462
191 13 14643
191 14 -1432
191 15 11424
191 16 -5244
191 17 8768
191 18 19734
191 19 34961
191 20 53942
191 21 29619
191 22 29327
191 23 28164
191 24 49231
191 25 46989
191 26 31217
191 27 29153
191 28 33631
191 29 51665
191 30 43690
191 31 32371
191 32 47982
191 33 49675
191 34 55335
191 35 62484
191 36 34006
191 37 6003
191 38 1665
191 39 34201
191 40 26545
191 41 24870
191 42 8452
191 43 7465
191 44 -3669
191 45 14024
191 46 22865
191 47 29218
191 48 21864
191 49 39003
191 50 41890
191 51 49771
191 52 28001
191 53 26141
191 54 39617
191 55 48763
191 56 37691
191 57 15349
191 58 21956
191 59 4432
191 60 16815
191 61 2007
191 62 36254
191 63 48744
191 64 38459
191 65 58250
191 66 49042
191 67 35420
191 68 40055
191 69 38088
191 70 44082
191 71 58222
191 72 27412
191 73 28423
191 74 31143
191 75 29803
191 76 40437
191 77 44239
191 78 56553
191 79 47036
191 80 46176
191 81 47133
191 82 23964
191 83 15680
191 84 9474
191 85 -4617
191 86 -7722
191 87 8225
191 88 34324
191 89 19161
191 90 49809
191 91 2083
191 92 10790
191 93 2863
191 94 12663
191 95 9598
191 96 11582
191 97 9914
191 98 4566
191 99 9899
191 100 796
191 101 40001
191 102 40068
191 103 53661
191 104 9924
191 105 26294
191 106 27285
191 107 37997
191 108 40976
191 109 39854
191 110 37134
191 111 34823
191 112 19029
191 113 -79
191 114 17864
191 115 20614
191 116 43044
191 117 14754
191 118 6453
191 119 -521
191 120 50122
191 121 50343
191 122 45959
191 123 33227
191 124 29348
191 125 11973
191 126 48019
191 127 32819
191 128 50141
191 129 53282
191 130 40694
191 131 49411
191 132 35747
191 133 28075
191 134 42430
191 135 58996
191 136 68180
191 137 18103
191 138 34807
191 139 42123
191 140 822
191 141 -7048
191 142 6677
191 143 37787
191 144 12458
191 145 21107
191 146 28703
191 147 15331
191 148 34761
191 149 32175
191 150 45132
191 151 6912
191 152 20614
191 153 26366
191 154 31641
191 155 36223
191 156 24473
191 157 46036
191 158 47002
191 159 33740
191 160 47442
191 161 50546
191 162 35720
191 163 46952
191 164 51828
191 165 47160
191 166 15736
191 167 30294
191 168 32226
191 169 51054
191 170 43765
191 171 22686
191 172 9468
191 173 6506
191 174 17694
191 175 41460
191 176 35412
191 177 41912
191 178 15813
191 179 36278
191 180 27224
191 181 43278
191 182 27445
191 183 14368
191 184 38978
191 185 50389
191 186 37735
191 187 42125
191 188 50119
191 189 41493
191 190 30632
191 192 -1524
191 193 -1390
191 194 27431
191 195 33951
191 196 40515
191 197 31741
191 198 29237
191 199 17761
191 200 29217
192 1 40472
192 2 17947
192 3 46915
192 4 34217
192 5 8341
192 6 18459
192 7 34342
192 8 25881
192 9 52250
192 10 43265
192 11 44209
192 12 36231
192 13 13546
192 14 -5048
192 15 7284
192 16 -1040
192 17 12871
192 18 21858
192 19 37856
192 20 54862
192 21 27077
192 22 25858
192 23 24521
192 24 47489
192 25 44263
192 26 29749
192 27 29428
192 28 33116
192 29 50404
192 30 44732
192 31 33777
192 32 49646
192 33 49508
192 34 54781
192 35 62484
192 36 37661
192 37 5269
192 38 1227
192 39 30985
192 40 24738
192 41 21140
192 42 4672
192 43 3262
192 44 -2831
192 45 17816
192 46 26693
192 47 32592
192 48 24903
192 49 42396
192 50 41759
192 51 50150
192 52 29369
192 53 25291
192 54 37642
192 55 46247
192 56 34440
192 57 11850
192 58 20511
192 59 4692
192 60 19195
192 61 5447
192 62 38445
192 63 50918
192 64 41384
192 65 58748
192 66 50019
192 67 31899
192 68 38883
192 69 38698
192 70 45170
192 71 58618
192 72 24460
192 73 25578
192 74 27925
192 75 26452
192 76 39828
192 77 43492
192 78 56003
192 79 46429
192 80 44855
192 81 46975
192 82 26814
192 83 18602
192 84 12902
192 85 -2958
192 86 -4079
192 87 5795
192 88 36188
192 89 20064
192 90 51683
192 91 3477
192 92 10240
192 93 4083
192 94 12487
192 95 8975
192 96 12205
192 97 8520
192 98 4566
192 99 10857
192 100 -287
192 101 40898
192 102 39945
192 103 54145
192 104 10882
192 105 25105
192 106 29505
192 107 40767
192 108 42725
192 109 38366
192 110 34603
192 111 34588
192 112 18905
192 113 4157
192 114 21024
192 115 17688
192 116 42200
192 117 13599
192 118 8795
192 119 -2408
192 120 50073
192 121 49149
192 122 46733
192 123 36039
192 124 32759
192 125 15684
192 126 50176
192 127 34134
192 128 51253
192 129 52629
192 130 38542
192 131 50951
192 132 36206
192 133 24619
192 134 40653
192 135 58952
192 136 68345
192 137 16275
192 138 33837
192 139 39091
192 140 590
192 141 -3217
192 142 2486
192 143 41259
192 144 9380
192 145 17545
192 146 29203
192 147 16073
192 148 36801
192 149 30379
192 150 43811
192 151 6362
192 152 19169
192 153 28530
192 154 30671
192 155 33565
192 156 24361
192 157 45917
192 158 46295
192 159 35793
192 160 48703
192 161 50917
192 162 36730
192 163 45289
192 164 51499
192 165 44724
192 166 17516
192 167 31075
192 168 35537
192 169 50233
192 170 40682
192 171 19454
192 172 5953
192 173 10021
192 174 21301
192 175 44235
192 176 35631
192 177 40394
192 178 12891
192 179 34175
192 180 25407
192 181 45325
192 182 29705
192 183 14530
192 184 38160
192 185 50000
192 186 34361
192 187 39094
192 188 50960
192 189 43262
192 190 32042
192 191 -1844
192 193 -763
192 194 29676
192 195 32273
192 196 39797
192 197 28702
192 198 26749
192 199 20948
192 200 29011
193 1 35923
193 2 16828
193 3 43181
193 4 32783
193 5 3386
193 6 13804
193 7 29253
193 8 21192
193 9 47877
193 10 38205
193 11 39138
193 12 32991
193 13 10177
193 14 7
193 15 9590
193 16 -2767
193 17 9559
193 18 16760
193 19 32868
193 20 50071
193 21 25500
193 22 25957
193 23 24958
193 24 44804
193 25 42914
193 26 26765
193 27 24946
193 28 29209
193 29 47194
193 30 39885
193 31 28795
193 32 44611
193 33 45346
193 34 50923
193 35 58213
193 36 33183
193 37 1582
193 38 5577
193 39 30494
193 40 22164
193 41 21883
193 42 6082
193 43 7125
193 44 240
193 45 13655
193 46 22494
193 47 27868
193 48 19986
193 49 37661
193 50 37565
193 51 45632
193 52 24385
193 53 21675
193 54 35246
193 55 44581
193 56 34043
193 57 12197
193 58 17514
193 59 101
193 60 14128
193 61 1410
193 62 33346
193 63 45820
193 64 36393
193 65 54175
193 66 45208
193 67 32013
193 68 35583
193 69 34037
193 70 40301
193 71 54098
193 72 23543
193 73 24494
193 74 27503
193 75 26276
193 76 36007
193 77 39792
193 78 52140
193 79 42612
193 80 41707
193 81 42808
193 82 21832
193 83 13691
193 84 8438
193 85 -8020
193 86 -3742
193 87 4236
193 88 31110
193 89 15225
193 90 46610
193 91 -523
193 92 6318
193 93 -972
193 94 8264
193 95 5129
193 96 7440
193 97 5533
193 98 110
193 99 5919
193 100 -3051
193 101 36104
193 102 35748
193 103 49572
193 104 5944
193 105 21824
193 106 24407
193 107 35737
193 108 37670
193 109 35399
193 110 32986
193 111 30463
193 112 14671
193 113 1821
193 114 16209
193 115 16817
193 116 38586
193 117 10304
193 118 3726
193 119 2064
193 120 45831
193 121 45871
193 122 42002
193 123 31027
193 124 28076
193 125 11410
193 126 45079
193 127 29174
193 128 46384
193 129 48850
193 130 36375
193 131 45945
193 132 31626
193 133 24683
193 134 38011
193 135 54710
193 136 63967
193 137 13766
193 138 30338
193 139 38266
193 140 4813
193 141 -2723
193 142 5571
193 143 36594
193 144 8907
193 145 17912
193 146 24583
193 147 11293
193 148 31707
193 149 27774
193 150 40663
193 151 2440
193 152 16172
193 153 23431
193 154 27172
193 155 32131
193 156 20126
193 157 41718
193 158 42561
193 159 30699
193 160 43779
193 161 46410
193 162 31887
193 163 42514
193 164 47463
193 165 42943
193 166 12432
193 167 26321
193 168 30767
193 169 46602
193 170 39931
193 171 19073
193 172 6570
193 173 5757
193 174 16850
193 175 39206
193 176 31197
193 177 37458
193 178 12026
193 179 31952
193 180 22837
193 181 40235
193 182 24607
193 183 10071
193 184 34522
193 185 46006
193 186 34207
193 187 38264
193 188 46206
193 189 38202
193 190 27057
193 191 -1615
193 192 -668
193 194 24579
193 195 29524
193 196 36071
193 197 27922
193 198 25077
193 199 16177
193 200 24850
194 1 16897
194 2 31738
194 3 30441
194 4 37815
194 5 11315
194 6 18030
194 7 232
194 8 8536
194 9 27347
194 10 9881
194 11 9993
194 12 27194
194 13 19643
194 14 29423
194 15 33723
194 16 21233
194 17 18086
194 18 3444
194 19 5272
194 20 25104
194 21 33361
194 22 40537
194 23 38339
194 24 39138
194 25 46058
194 26 25749
194 27 12751
194 28 21228
194 29 37385
194 30 14849
194 31 3316
194 32 16362
194 33 28017
194 34 34673
194 35 37758
194 36 12331
194 37 25477
194 38 33653
194 39 39016
194 40 27258
194 41 39312
194 42 31577
194 43 34705
194 44 28609
194 45 10212
194 46 9292
194 47 5277
194 48 -4206
194 49 12651
194 50 21811
194 51 24276
194 52 5794
194 53 20833
194 54 33750
194 55 46288
194 56 44553
194 57 32376
194 58 22951
194 59 17030
194 60 13655
194 61 20639
194 62 3974
194 63 16464
194 64 7998
194 65 30368
194 66 19460
194 67 42094
194 68 27001
194 69 15068
194 70 15646
194 71 31390
194 72 33629
194 73 35024
194 74 39921
194 75 38720
194 76 24419
194 77 28078
194 78 36537
194 79 28392
194 80 34532
194 81 24931
194 82 -103
194 83 8618
194 84 15161
194 85 15456
194 86 18698
194 87 23000
194 88 3031
194 89 10285
194 90 17792
194 91 28091
194 92 25629
194 93 17830
194 94 17045
194 95 19164
194 96 18464
194 97 23608
194 98 23578
194 99 19880
194 100 24863
194 101 13481
194 102 19168
194 103 26830
194 104 19905
194 105 21596
194 106 -3036
194 107 7250
194 108 9334
194 109 31211
194 110 38290
194 111 18540
194 112 13690
194 113 17309
194 114 3681
194 115 31934
194 116 28176
194 117 24309
194 118 5214
194 119 31259
194 120 26608
194 121 35878
194 122 18806
194 123 3323
194 124 7721
194 125 7591
194 126 15740
194 127 5972
194 128 20380
194 129 34811
194 130 36164
194 131 18115
194 132 13915
194 133 38848
194 134 33604
194 135 34713
194 136 42302
194 137 25718
194 138 24512
194 139 45409
194 140 32728
194 141 23846
194 142 33275
194 143 12896
194 144 28552
194 145 35262
194 146 13184
194 147 11974
194 148 2661
194 149 28133
194 150 33488
194 151 21751
194 152 21609
194 153 -45
194 154 21346
194 155 37163
194 156 15893
194 157 24776
194 158 29821
194 159 1551
194 160 17179
194 161 24115
194 162 8989
194 163 36823
194 164 29773
194 165 44180
194 166 6712
194 167 8738
194 168 7533
194 169 33224
194 170 46082
194 171 32318
194 172 30263
194 173 17822
194 174 6084
194 175 10687
194 176 14500
194 177 32443
194 178 27719
194 179 33291
194 180 26057
194 181 11026
194 182 -4819
194 183 15576
194 184 24643
194 185 30245
194 186 45485
194 187 45171
194 188 21526
194 189 9878
194 190 2262
194 191 26193
194 192 28758
194 193 23566
194 195 27921
194 196 24784
194 197 37620
194 198 31199
194 199 10215
194 200 19116
195 1 17896
195 2 17572
195 3 12120
195 4 4950
195 5 27341
195 6 24591
195 7 34052
195 8 38512
195 9 21705
195 10 30937
195 11 39062
195 12 414
195 13 15561
195 14 31263
195 15 21807
195 16 32381
195 17 39003
195 18 27005
195 19 37954
195 20 31048
195 21 7663
195 22 16209
195 23 9016
195 24 9069
195 25 11932
195 26 749
195 27 14654
195 28 9805
195 29 12407
195 30 24000
195 31 21615
195 32 32908
195 33 17972
195 34 19275
195 35 29784
195 36 46463
195 37 29082
195 38 39251
195 39 6532
195 40 8605
195 41 17599
195 42 27075
195 43 27845
195 44 35323
195 45 36905
195 46 41556
195 47 39409
195 48 29896
195 49 45789
195 50 13055
195 51 22562
195 52 24404
195 53 10526
195 54 115
195 55 12176
195 56 14635
195 57 20189
195 58 10884
195 59 22644
195 60 32337
195 61 33478
195 62 31744
195 63 39901
195 64 36984
195 65 28656
195 66 24935
195 67 9358
195 68 1679
195 69 20438
195 70 26826
195 71 28846
195 72 6716
195 73 10741
195 74 14373
195 75 11346
195 76 7825
195 77 9032
195 78 20934
195 79 11705
195 80 7064
195 81 14921
195 82 32724
195 83 32254
195 84 34451
195 85 23908
195 86 31755
195 87 17254
195 88 29186
195 89 20872
195 90 37914
195 91 35165
195 92 28730
195 93 26201
195 94 19645
195 95 20543
195 96 25600
195 97 22884
195 98 28784
195 99 28122
195 100 28889
195 101 22543
195 102 10176
195 103 26003
195 104 28147
195 105 5423
195 106 29579
195 107 38395
195 108 29345
195 109 379
195 110 6984
195 111 10005
195 112 13927
195 113 34568
195 114 32714
195 115 16392
195 116 7576
195 117 22641
195 118 22826
195 119 36075
195 120 18107
195 121 11412
195 122 24119
195 123 36444
195 124 41533
195 125 34124
195 126 39277
195 127 23879
195 128 28967
195 129 17509
195 130 2164
195 131 32824
195 132 16798
195 133 13758
195 134 2286
195 135 26169
195 136 36455
195 137 17185
195 138 4288
195 139 12573
195 140 38784
195 141 33011
195 142 30503
195 143 46669
195 144 19347
195 145 16039
195 146 19096
195 147 20562
195 148 29954
195 149 -2640
195 150 6020
195 151 24852
195 152 9542
195 153 29605
195 154 1122
195 155 4298
195 156 14918
195 157 15707
195 158 11500
195 159 27111
195 160 28369
195 161 21457
195 162 20478
195 163 6811
195 164 17344
195 165 10088
195 166 24326
195 167 18112
195 168 41660
195 169 13857
195 170 12309
195 171 8465
195 172 24319
195 173 34512
195 174 36140
195 175 41576
195 176 12758
195 177 2076
195 178 13309
195 179 -250
195 180 3006
195 181 31063
195 182 26317
195 183 19950
195 184 4560
195 185 16802
195 186 15552
195 187 12111
195 188 26028
195 189 30934
195 190 21326
195 191 34075
195 192 32717
195 193 29873
195 194 29283
195 196 6232
195 197 8688
195 198 2235
195 199 35594
195 200 15822
196 1 9079
196 2 27405
196 3 1309
196 4 16131
196 5 30288
196 6 28227
196 7 30012
196 8 37465
196 9 9730
196 10 22540
196 11 31565
196 12 2485
196 13 21964
196 14 39118
196 15 32335
196 16 37680
196 17 41542
196 18 26446
196 19 32105
196 20 19463
196 21 19287
196 22 28151
196 23 20737
196 24 8910
196 25 19981
196 26 9165
196 27 12751
196 28 9583
196 29 6968
196 30 13472
196 31 14907
196 32 22508
196 33 5966
196 34 9225
196 35 18390
196 36 42061
196 37 35472
196 38 46807
196 39 17262
196 40 17673
196 41 29386
196 42 35813
196 43 37671
196 44 41995
196 45 37361
196 46 39658
196 47 35235
196 48 26144
196 49 39622
196 50 2195
196 51 10669
196 52 22005
196 53 15292
196 54 7362
196 55 19883
196 56 26454
196 57 30244
196 58 18256
196 59 28016
196 60 34023
196 61 37960
196 62 24919
196 63 30749
196 64 28594
196 65 16836
196 66 12987
196 67 19437
196 68 -3307
196 69 13903
196 70 17556
196 71 16890
196 72 18704
196 73 22385
196 74 26337
196 75 23384
196 76 -2217
196 77 -2074
196 78 10479
196 79 877
196 80 4915
196 81 3055
196 82 30160
196 83 32916
196 84 36923
196 85 29291
196 86 36989
196 87 25436
196 88 23554
196 89 22319
196 90 28337
196 91 41197
196 92 34838
196 93 31233
196 94 24613
196 95 26456
196 96 30090
196 97 29735
196 98 34779
196 99 32743
196 100 35517
196 101 14194
196 102 -1570
196 103 13967
196 104 32768
196 105 11702
196 106 26378
196 107 31688
196 108 20413
196 109 5828
196 110 18929
196 111 5459
196 112 17183
196 113 38332
196 114 31864
196 115 26610
196 116 -2190
196 117 29209
196 118 24861
196 119 43158
196 120 6333
196 121 5441
196 122 13452
196 123 31106
196 124 38267
196 125 34567
196 126 30243
196 127 18812
196 128 17560
196 129 7031
196 130 10173
196 131 22128
196 132 10399
196 133 25750
196 134 4338
196 135 14762
196 136 24892
196 137 25073
196 138 6437
196 139 23240
196 140 46196
196 141 38973
196 142 39138
196 143 41259
196 144 28552
196 145 27390
196 146 18206
196 147 23339
196 148 23668
196 149 8850
196 150 3871
196 151 30960
196 152 16914
196 153 27105
196 154 3271
196 155 15479
196 156 17152
196 157 3769
196 158 689
196 159 19700
196 160 17407
196 161 9447
196 162 13029
196 163 6849
196 164 6398
196 165 17767
196 166 25306
196 167 14200
196 168 37383
196 169 4754
196 170 21447
196 171 20270
196 172 33196
196 173 37840
196 174 35229
196 175 34692
196 176 5170
196 177 4617
196 178 23320
196 179 11309
196 180 12833
196 181 20740
196 182 21098
196 183 24107
196 184 -3204
196 185 5130
196 186 27296
196 187 22543
196 188 14234
196 189 22537
196 190 15514
196 191 40238
196 192 39840
196 193 36019
196 194 25745
196 195 5831
196 197 20707
196 198 14228
196 199 35966
196 200 17475
197 1 32043
197 2 12856
197 3 26723
197 4 841
197 5 30420
197 6 28746
197 7 44094
197 8 45279
197 9 36568
197 10 44125
197 11 51274
197 12 15414
197 13 17306
197 14 26307
197 15 12152
197 16 31461
197 17 41437
197 18 34433
197 19 48865
197 20 45942
197 21 3554
197 22 2664
197 23 -5299
197 24 18258
197 25 9715
197 26 11560
197 27 25781
197 28 22173
197 29 24382
197 30 38475
197 31 34139
197 32 47168
197 33 32889
197 34 32840
197 35 44110
197 36 55654
197 37 27873
197 38 33871
197 39 -3619
197 40 11567
197 41 4561
197 42 21625
197 43 19208
197 44 32182
197 45 41833
197 46 48541
197 47 48707
197 48 39176
197 49 56535
197 50 27932
197 51 37556
197 52 34219
197 53 18104
197 54 8696
197 55 12675
197 56 630
197 57 12981
197 58 14128
197 59 23394
197 60 37174
197 61 34058
197 62 43783
197 63 53318
197 64 49581
197 65 43299
197 66 39932
197 67 -1151
197 68 15601
197 69 33577
197 70 40769
197 71 43667
197 72 -4440
197 73 2748
197 74 1381
197 75 -3557
197 76 22802
197 77 23850
197 78 34938
197 79 26126
197 80 20648
197 81 29725
197 82 41238
197 83 37770
197 84 37592
197 85 23693
197 86 30314
197 87 14398
197 88 40730
197 89 27598
197 90 51683
197 91 33705
197 92 28472
197 93 26885
197 94 22291
197 95 21404
197 96 27903
197 97 22023
197 98 28079
197 99 29810
197 100 26853
197 101 36206
197 102 25165
197 103 40985
197 104 29835
197 105 13451
197 106 39150
197 107 49975
197 108 42824
197 109 14884
197 110 4012
197 111 23607
197 112 20317
197 113 35389
197 114 39479
197 115 10629
197 116 22473
197 117 22951
197 118 27280
197 119 32410
197 120 32811
197 121 23988
197 122 38714
197 123 47064
197 124 50093
197 125 39151
197 126 52634
197 127 35560
197 128 43780
197 129 31767
197 130 8042
197 131 47257
197 132 30040
197 133 -235
197 134 11979
197 135 40532
197 136 50888
197 137 16800
197 138 17833
197 139 4080
197 140 33675
197 141 31002
197 142 24703
197 143 56797
197 144 14347
197 145 5297
197 146 28971
197 147 25714
197 148 41769
197 149 7685
197 150 19604
197 151 24594
197 152 12786
197 153 38680
197 154 14667
197 155 189
197 156 22949
197 157 30707
197 158 26103
197 159 39588
197 160 42977
197 161 36351
197 162 33671
197 163 17135
197 164 31478
197 165 11672
197 166 30517
197 167 29704
197 168 51094
197 169 27338
197 170 5713
197 171 -3238
197 172 18991
197 173 36571
197 174 42531
197 175 53271
197 176 26680
197 177 15320
197 178 7824
197 179 6458
197 180 7982
197 181 45185
197 182 37284
197 183 23714
197 184 19560
197 185 31541
197 186 1559
197 187 4083
197 188 40991
197 189 44122
197 190 33353
197 191 31966
197 192 29247
197 193 28372
197 194 39083
197 195 8789
197 196 21209
197 198 -660
197 199 41179
197 200 25011
198 1 25734
198 2 11324
198 3 21309
198 4 841
198 5 26546
198 6 24289
198 7 38307
198 8 40362
198 9 30914
198 10 37834
198 11 45118
198 12 9556
198 13 13384
198 14 25737
198 15 13874
198 16 29163
198 17 37935
198 18 29220
198 19 42944
198 20 39795
198 21 -355
198 22 6995
198 23 985
198 24 15281
198 25 10933
198 26 5236
198 27 19648
198 28 15867
198 29 20369
198 30 32189
198 31 27901
198 32 40852
198 33 27169
198 34 28133
198 35 38935
198 36 50167
198 37 25477
198 38 33653
198 39 941
198 40 6369
198 41 8479
198 42 21084
198 43 20467
198 44 30825
198 45 37494
198 46 43631
198 47 43164
198 48 33605
198 49 50683
198 50 21811
198 51 31558
198 52 28398
198 53 12354
198 54 5086
198 55 12544
198 56 6683
198 57 13091
198 58 9324
198 59 20196
198 60 32710
198 61 31132
198 62 37636
198 63 47017
198 64 43384
198 65 37871
198 66 33933
198 67 3965
198 68 10560
198 69 27268
198 70 34445
198 71 38061
198 72 -2503
198 73 2080
198 74 5155
198 75 2370
198 76 16807
198 77 18251
198 78 29952
198 79 20852
198 80 15733
198 81 24140
198 82 35826
198 83 33157
198 84 33766
198 85 20996
198 86 28318
198 87 12418
198 88 34641
198 89 22434
198 90 45362
198 91 31538
198 92 25629
198 93 23793
198 94 18262
198 95 18028
198 96 24123
198 97 19313
198 98 25504
198 99 26300
198 100 24863
198 101 29883
198 102 19168
198 103 35130
198 104 26325
198 105 7465
198 106 33447
198 107 43928
198 108 36514
198 109 9422
198 110 929
198 111 17285
198 112 15070
198 113 32477
198 114 34541
198 115 9593
198 116 16792
198 117 19694
198 118 22932
198 119 31259
198 120 27324
198 121 19680
198 122 32456
198 123 41193
198 124 44726
198 125 34771
198 126 46337
198 127 29422
198 128 37582
198 129 26603
198 130 5282
198 131 40958
198 132 23724
198 133 4542
198 134 8576
198 135 35327
198 136 45634
198 137 13518
198 138 11535
198 139 7610
198 140 33325
198 141 29162
198 142 24430
198 143 51080
198 144 13321
198 145 7427
198 146 23054
198 147 20977
198 148 35648
198 149 1532
198 150 14689
198 151 21751
198 152 7982
198 153 33080
198 154 8369
198 155 189
198 156 17303
198 157 24776
198 158 20689
198 159 33377
198 160 36712
198 161 30655
198 162 27367
198 163 13610
198 164 26423
198 165 10990
198 166 25599
198 167 23548
198 168 45513
198 169 22638
198 170 8995
198 171 -619
198 172 18317
198 173 33117
198 174 37748
198 175 47204
198 176 20362
198 177 10438
198 178 6719
198 179 1681
198 180 2015
198 181 38861
198 182 31313
198 183 19338
198 184 13665
198 185 26019
198 186 7686
198 187 7499
198 188 34914
198 189 37831
198 190 27174
198 191 30135
198 192 27967
198 193 26200
198 194 33335
198 195 3009
198 196 15403
198 197 13
198 199 36573
198 200 19116
199 1 27888
199 2 28868
199 3 39875
199 4 40385
199 5 885
199 6 14855
199 7 12418
199 8 1838
199 9 39592
199 10 23306
199 11 21124
199 12 33532
199 13 17149
199 14 19112
199 15 27381
199 16 9261
199 17 4633
199 18 3628
199 19 14060
199 20 38331
199 21 34073
199 22 38871
199 23 37724
199 24 46343
199 25 49877
199 26 29705
199 27 19713
199 28 27420
199 29 46122
199 30 27986
199 31 16147
199 32 29724
199 33 39092
199 34 45780
199 35 50154
199 36 14025
199 37 17157
199 38 21507
199 39 40530
199 40 28296
199 41 36386
199 42 24088
199 43 26349
199 44 17190
199 45 -1816
199 46 4434
199 47 8452
199 48 886
199 49 18245
199 50 31931
199 51 36603
199 52 13795
199 53 23450
199 54 38935
199 55 50571
199 56 44936
199 57 27535
199 58 23157
199 59 9673
199 60 5498
199 61 9007
199 62 16858
199 63 29062
199 64 17499
199 65 43559
199 66 32854
199 67 43266
199 68 34873
199 69 25608
199 70 28563
199 71 44290
199 72 33738
199 73 34698
199 74 39111
199 75 38124
199 76 32999
199 77 36994
199 78 47298
199 79 38490
199 80 41855
199 81 36286
199 82 3301
199 83 -2184
199 84 2509
199 85 5472
199 86 5757
199 87 17806
199 88 16427
199 89 10675
199 90 30991
199 91 17712
199 92 18478
199 93 8875
199 94 13262
199 95 13938
199 96 12306
199 97 17714
199 98 14889
199 99 12279
199 100 15594
199 101 25642
199 102 29751
199 103 39651
199 104 12304
199 105 24543
199 106 8692
199 107 17221
199 108 22739
199 109 37084
199 110 40473
199 111 26554
199 112 14747
199 113 4056
199 114 -3136
199 115 29151
199 116 36508
199 117 19812
199 118 -3239
199 119 20376
199 120 38489
199 121 44601
199 122 31470
199 123 12443
199 124 8680
199 125 -4614
199 126 28400
199 127 17563
199 128 33761
199 129 44885
199 130 40917
199 131 31539
199 132 24001
199 133 37407
199 134 40138
199 135 46957
199 136 55027
199 137 23099
199 138 30353
199 139 47406
199 140 20541
199 141 12047
199 142 24686
199 143 17195
199 144 23553
199 145 32111
199 146 18996
199 147 9800
199 148 16000
199 149 31895
199 150 40811
199 151 14600
199 152 21815
199 153 8357
199 154 27187
199 155 39733
199 156 18832
199 157 35557
199 158 39255
199 159 14707
199 160 30604
199 161 36876
199 162 21091
199 163 43901
199 164 41285
199 165 48595
199 166 3932
199 167 17929
199 168 11359
199 169 43214
199 170 48775
199 171 31045
199 172 23561
199 173 5511
199 174 -1711
199 175 20671
199 176 24483
199 177 38859
199 178 24619
199 179 37039
199 180 28186
199 181 23779
199 182 8110
199 183 12572
199 184 32613
199 185 40829
199 186 45634
199 187 47309
199 188 34725
199 189 23303
199 190 14675
199 191 14913
199 192 18420
199 193 13554
199 194 8605
199 195 32622
199 196 33395
199 197 38106
199 198 32827
199 200 23206
END
NODE_CONSUMPTION
0 1 10
0 2 7
0 3 13
0 4 19
0 5 26
0 6 3
0 7 5
0 8 9
0 9 16
0 10 16
0 11 12
0 12 19
0 13 23
0 14 20
0 15 8
0 16 19
0 17 2
0 18 12
0 19 17
0 20 9
0 21 11
0 22 18
0 23 29
0 24 3
0 25 6
0 26 17
0 27 16
0 28 16
0 29 9
0 30 21
0 31 27
0 32 23
0 33 11
0 34 14
0 35 8
0 36 5
0 37 8
0 38 16
0 39 31
0 40 9
0 41 5
0 42 5
0 43 7
0 44 18
0 45 16
0 46 1
0 47 27
0 48 36
0 49 30
0 50 13
0 51 10
0 52 9
0 53 14
0 54 18
0 55 2
0 56 6
0 57 7
0 58 18
0 59 28
0 60 3
0 61 13
0 62 19
0 63 10
0 64 9
0 65 20
0 66 25
0 67 25
0 68 36
0 69 6
0 70 5
0 71 15
0 72 25
0 73 9
0 74 8
0 75 18
0 76 13
0 77 14
0 78 3
0 79 23
0 80 6
0 81 26
0 82 16
0 83 11
0 84 7
0 85 41
0 86 35
0 87 26
0 88 9
0 89 15
0 90 3
0 91 1
0 92 2
0 93 22
0 94 27
0 95 20
0 96 11
0 97 12
0 98 10
0 99 9
0 100 17
0 101 7
0 102 30
0 103 16
0 104 9
0 105 21
0 106 15
0 107 19
0 108 23
0 109 11
0 110 5
0 111 19
0 112 29
0 113 23
0 114 21
0 115 10
0 116 15
0 117 3
0 118 41
0 119 9
0 120 28
0 121 8
0 122 8
0 123 16
0 124 10
0 125 28
0 126 7
0 127 15
0 128 14
0 129 6
0 130 19
0 131 11
0 132 12
0 133 23
0 134 26
0 135 17
0 136 6
0 137 9
0 138 15
0 139 14
0 140 7
0 141 27
0 142 13
0 143 11
0 144 16
0 145 10
0 146 5
0 147 25
0 148 17
0 149 18
0 150 10
0 151 18
0 152 26
0 153 11
0 154 30
0 155 21
0 156 19
0 157 15
0 158 16
0 159 29
0 160 26
0 161 37
0 162 16
0 163 12
0 164 31
0 165 8
0 166 19
0 167 20
0 168 13
0 169 15
0 170 22
0 171 28
0 172 12
0 173 6
0 174 27
0 175 14
0 176 18
0 177 17
0 178 29
0 179 13
0 180 22
0 181 25
0 182 28
0 183 27
0 184 19
0 185 10
0 186 12
0 187 14
0 188 24
0 189 16
0 190 33
0 191 15
0 192 11
0 193 18
0 194 17
0 195 21
0 196 27
0 197 19
0 198 20
0 199 5
END
