NAME : ./data/ESPPRC - Test Instances/M-n200-k17_a.simplified-vrp
SIZE : 201
DIRECTED : 1
CYCLIC : 1
ORIGIN : 0
DESTINATION : 200
RESOURCES : 1
RES_NAMES : 0
RES_TYPE
0 CAP
END
RES_BOUND
0 0 200
END
EDGE_COST
0 1 12122
0 2 16996
0 3 18975
0 4 19248
0 5 14417
0 6 11159
0 7 18735
0 8 22665
0 9 23118
0 10 21691
0 11 26013
0 12 10398
0 13 6196
0 14 23874
0 15 19963
0 16 20076
0 17 22898
0 18 11897
0 19 24261
0 20 27559
0 21 15294
0 22 22824
0 23 20482
0 24 24045
0 25 27880
0 26 7380
0 27 2744
0 28 4249
0 29 22562
0 30 18689
0 31 10892
0 32 23492
0 33 20966
0 34 26399
0 35 34116
0 36 32570
0 37 18256
0 38 30245
0 39 20077
0 40 8477
0 41 23116
0 42 21772
0 43 23636
0 44 25542
0 45 20606
0 46 25792
0 47 25195
0 48 16347
0 49 30955
0 50 13138
0 51 20327
0 52 9537
0 53 2776
0 54 15969
0 55 28167
0 56 24687
0 57 18242
0 58 5765
0 59 11749
0 60 15908
0 61 19522
0 62 19798
0 63 29842
0 64 23987
0 65 30915
0 66 22719
0 67 24079
0 68 12945
0 69 10016
0 70 18332
0 71 31964
0 72 15590
0 73 16928
0 74 21198
0 75 20084
0 76 11559
0 77 16250
0 78 26634
0 79 17940
0 80 19365
0 81 18843
0 82 16582
0 83 17596
0 84 19544
0 85 13055
0 86 21676
0 87 11037
0 88 16091
0 89 5666
0 90 29270
0 91 23949
0 92 17184
0 93 14735
0 94 7506
0 95 11048
0 96 12804
0 97 13406
0 98 18444
0 99 15831
0 100 18968
0 101 14883
0 102 12146
0 103 23066
0 104 15377
0 105 3513
0 106 13977
0 107 26596
0 108 19143
0 109 13986
0 110 18593
0 111 5909
0 112 1304
0 113 21502
0 114 17359
0 115 16036
0 116 15456
0 117 13020
0 118 9346
0 119 27495
0 120 24079
0 121 21391
0 122 19054
0 123 22122
0 124 26762
0 125 19491
0 126 28839
0 127 11519
0 128 24491
0 129 23935
0 130 17985
0 131 26876
0 132 8487
0 133 21585
0 134 19015
0 135 31312
0 136 40581
0 137 10197
0 138 7662
0 139 27542
0 140 29542
0 141 24645
0 142 23989
0 143 32465
0 144 15553
0 145 16678
0 146 3905
0 147 5926
0 148 17519
0 149 10501
0 150 18206
0 151 14710
0 152 4174
0 153 14267
0 154 5273
0 155 18690
0 156 -68
0 157 17221
0 158 18306
0 159 16194
0 160 23174
0 161 25790
0 162 11854
0 163 21817
0 164 22754
0 165 24802
0 166 10657
0 167 5356
0 168 27461
0 169 22740
0 170 27804
0 171 15142
0 172 18871
0 173 20020
0 174 20803
0 175 29237
0 176 7231
0 177 15095
0 178 13011
0 179 13770
0 180 7485
0 181 24168
0 182 13674
0 183 6966
0 184 11423
0 185 20940
0 186 27169
0 187 27203
0 188 24139
0 189 21210
0 190 9791
0 191 23657
0 192 24151
0 193 20327
0 194 14511
0 195 10552
0 196 12744
0 197 19399
0 198 12929
0 199 20645
1 2 31554
1 3 11174
1 4 26450
1 5 26003
1 6 24818
1 7 18546
1 8 27991
1 9 8906
1 10 11752
1 11 18873
1 12 12041
1 13 21417
1 14 38730
1 15 34903
1 16 33371
1 17 33190
1 18 18933
1 19 20476
1 20 12428
1 21 26541
1 22 35103
1 23 30600
1 24 21830
1 25 31982
1 26 15616
1 27 8561
1 28 9924
1 29 16771
1 30 4239
1 31 3868
1 32 10373
1 33 8576
1 34 15082
1 35 20282
1 36 31692
1 37 32848
1 38 44670
1 39 27699
1 40 21318
1 41 36266
1 42 36996
1 43 38856
1 44 39750
1 45 28139
1 46 29337
1 47 24724
1 48 16704
1 49 26848
1 50 2492
1 51 5443
1 52 13455
1 53 16743
1 54 18777
1 55 31763
1 56 34378
1 57 33126
1 58 20247
1 59 25961
1 60 26182
1 61 32315
1 62 13538
1 63 19327
1 64 15678
1 65 15985
1 66 7520
1 67 31324
1 68 9595
1 69 2322
1 70 5299
1 71 17142
1 72 26659
1 73 28943
1 74 32947
1 75 31132
1 76 6537
1 77 9968
1 78 15794
1 79 8417
1 80 17479
1 81 6123
1 82 19335
1 83 26048
1 84 30199
1 85 26830
1 86 34591
1 87 26267
1 88 12153
1 89 17184
1 90 17612
1 91 38036
1 92 31814
1 93 28458
1 94 22091
1 95 25864
1 96 26609
1 97 28450
1 98 32793
1 99 29483
1 100 33527
1 101 2766
1 102 347
1 103 8052
1 104 29029
1 105 15468
1 106 15638
1 107 21094
1 108 8249
1 109 16285
1 110 27065
1 111 4751
1 112 16027
1 113 33146
1 114 23150
1 115 30387
1 116 11029
1 117 28128
1 118 20079
1 119 41989
1 120 10609
1 121 15634
1 122 4029
1 123 19302
1 124 27992
1 125 27066
1 126 18484
1 127 8636
1 128 9617
1 129 14544
1 130 21436
1 131 13213
1 132 1328
1 133 33591
1 134 18550
1 135 17654
1 136 26268
1 137 25315
1 138 12222
1 139 34772
1 140 43897
1 141 38392
1 142 39165
1 143 29740
1 144 30672
1 145 30411
1 146 12359
1 147 18831
1 148 12246
1 149 17872
1 150 16320
1 151 29340
1 152 18656
1 153 17458
1 154 9833
1 155 25892
1 156 14696
1 157 5063
1 158 10505
1 159 8590
1 160 8802
1 161 10994
1 162 2179
1 163 20056
1 164 10398
1 165 28297
1 166 20475
1 167 5570
1 168 26796
1 169 13797
1 170 33373
1 171 27497
1 172 34101
1 173 31640
1 174 26208
1 175 23407
1 176 -2299
1 177 15588
1 178 27552
1 179 20030
1 180 18530
1 181 11765
1 182 10886
1 183 21149
1 184 8340
1 185 9976
1 186 36878
1 187 34136
1 188 8925
1 189 11271
1 190 5025
1 191 37637
1 192 38751
1 193 34539
1 194 15431
1 195 15765
1 196 7487
1 197 29570
1 198 22686
1 199 28466
1 200 8434
2 1 29448
2 3 31023
2 4 14472
2 5 17655
2 6 16380
2 7 33771
2 8 32485
2 9 38526
2 10 39486
2 11 42761
2 12 18829
2 13 4450
2 14 13048
2 15 2549
2 16 16100
2 17 25180
2 18 23545
2 19 39669
2 20 44967
2 21 7706
2 22 8105
2 23 7750
2 24 29031
2 25 24489
2 26 12601
2 27 20744
2 28 18805
2 29 31017
2 30 36484
2 31 28656
2 32 41492
2 33 35564
2 34 38758
2 35 48649
2 36 45373
2 37 12340
2 38 20130
2 39 11601
2 40 6731
2 41 6461
2 42 8360
2 43 7899
2 44 17839
2 45 27256
2 46 35601
2 47 38424
2 48 29884
2 49 45692
2 50 28478
2 51 36725
2 52 25426
2 53 12446
2 54 18225
2 55 26340
2 56 14163
2 57 878
2 58 5765
2 59 9597
2 60 22639
2 61 18069
2 62 36753
2 63 47526
2 64 40714
2 65 46780
2 66 39945
2 67 14392
2 68 21981
2 69 27917
2 70 36288
2 71 47846
2 72 5160
2 73 5803
2 74 8306
2 75 7531
2 76 24560
2 77 28175
2 78 39170
2 79 30399
2 80 27270
2 81 33316
2 82 29314
2 83 25501
2 84 22998
2 85 9680
2 86 17337
2 87 -277
2 88 32995
2 89 16791
2 90 47181
2 91 18437
2 92 12727
2 93 12872
2 94 8918
2 95 8389
2 96 13941
2 97 6971
2 98 13676
2 99 15831
2 100 11955
2 101 32823
2 102 27275
2 103 39431
2 104 15377
2 105 10370
2 106 28644
2 107 42705
2 108 37025
2 109 20214
2 110 13825
2 111 21689
2 112 11828
2 113 20927
2 114 27288
2 115 -1576
2 116 26839
2 117 8598
2 118 15318
2 119 18743
2 120 38781
2 121 30295
2 122 36575
2 123 37336
2 124 39060
2 125 26331
2 126 46507
2 127 28992
2 128 42142
2 129 36116
2 130 18713
2 131 44855
2 132 26240
2 133 7310
2 134 23467
2 135 45754
2 136 55595
2 137 2686
2 138 18253
2 139 20384
2 140 19770
2 141 18839
2 142 10988
2 143 46498
2 144 322
2 145 -578
2 146 21109
2 147 13514
2 148 34452
2 149 12765
2 150 26111
2 151 10253
2 152 4174
2 153 28367
2 154 15864
2 155 13914
2 156 14813
2 157 32257
2 158 30354
2 159 33515
2 160 41027
2 161 41734
2 162 29854
2 163 27267
2 164 36186
2 165 23540
2 166 20222
2 167 23210
2 168 40911
2 169 33883
2 170 21506
2 171 1221
2 172 4950
2 173 21421
2 174 29893
2 175 45434
2 176 24315
2 177 21319
2 178 -4989
2 179 13770
2 180 7485
2 181 42108
2 182 29745
2 183 11149
2 184 23071
2 185 34528
2 186 16016
2 187 20267
2 188 41345
2 189 39005
2 190 27357
2 191 17451
2 192 15375
2 193 14593
2 194 29421
2 195 14590
2 196 24962
2 197 9532
2 198 7425
2 199 28595
2 200 11202
3 1 11450
3 2 33405
3 4 19248
3 5 36521
3 6 33520
3 7 32877
3 8 41460
3 9 6102
3 10 25351
3 11 32783
3 12 6578
3 13 27032
3 14 45009
3 15 36719
3 16 42399
3 17 44686
3 18 31441
3 19 34965
3 20 18297
3 21 24192
3 22 32299
3 23 24426
3 24 8187
3 25 21265
3 26 14228
3 27 18360
3 28 14049
3 29 2216
3 30 14407
3 31 18428
3 32 20733
3 33 3487
3 34 4485
3 35 14620
3 36 46252
3 37 40055
3 38 51850
3 39 19483
3 40 22297
3 41 34416
3 42 41554
3 43 42262
3 44 47476
3 45 40948
3 46 43409
3 47 39260
3 48 31123
3 49 41152
3 50 4413
3 51 7719
3 52 26294
3 53 21108
3 54 9290
3 55 21113
3 56 28542
3 57 35271
3 58 23580
3 59 33907
3 60 37440
3 61 41881
3 62 27918
3 63 31792
3 64 28693
3 65 13742
3 66 10858
3 67 21977
3 68 -2350
3 69 15961
3 70 18332
3 71 15390
3 72 23201
3 73 26886
3 74 29843
3 75 26824
3 76 2615
3 77 -620
3 78 4790
3 79 -4008
3 80 6332
3 81 257
3 82 33308
3 83 38274
3 84 41387
3 85 35310
3 86 44027
3 87 30836
3 88 26689
3 89 27342
3 90 29579
3 91 46044
3 92 39023
3 93 37031
3 94 29596
3 95 32802
3 96 35130
3 97 34620
3 98 40451
3 99 38163
3 100 40730
3 101 17079
3 102 -442
3 103 8686
3 104 37709
3 105 17655
3 106 29597
3 107 35357
3 108 21259
3 109 9238
3 110 21664
3 111 10290
3 112 23599
3 113 43731
3 114 36422
3 115 31680
3 116 2428
3 117 34207
3 118 31085
3 119 49184
3 120 5404
3 121 1114
3 122 13659
3 123 33857
3 124 42374
3 125 39839
3 126 31118
3 127 22770
3 128 16566
3 129 1758
3 130 11881
3 131 22817
3 132 14114
3 133 30411
3 134 6354
3 135 11728
3 136 21834
3 137 29382
3 138 11804
3 139 26566
3 140 51228
3 141 46839
3 142 44131
3 143 44228
3 144 33988
3 145 29844
3 146 22675
3 147 28182
3 148 26781
3 149 14121
3 150 5173
3 151 36549
3 152 21989
3 153 31062
3 154 9415
3 155 18690
3 156 22293
3 157 3079
3 158 -4055
3 159 22764
3 160 17580
3 161 9734
3 162 16735
3 163 7024
3 164 1818
3 165 17783
3 166 31792
3 167 18159
3 168 41336
3 169 389
3 170 23255
3 171 25210
3 172 38287
3 173 42190
3 174 39725
3 175 37590
3 176 8737
3 177 6070
3 178 29239
3 179 13770
3 180 17915
3 181 22178
3 182 25426
3 183 29270
3 184 2683
3 185 940
3 186 30782
3 187 25601
3 188 13369
3 189 24870
3 190 19475
3 191 45764
3 192 45757
3 193 42360
3 194 29538
3 195 10552
3 196 280
3 197 24813
3 198 18824
3 199 41016
3 200 15563
4 1 29092
4 2 19220
4 3 21614
4 5 35032
4 6 31602
4 7 43620
4 8 46953
4 9 31102
4 10 43366
4 11 49481
4 12 11209
4 13 20511
4 14 33089
4 15 18704
4 16 35921
4 17 43474
4 18 36397
4 19 48814
4 20 42034
4 21 7266
4 22 10040
4 23 -574
4 24 12073
4 25 4339
4 26 10342
4 27 26028
4 28 19947
4 29 16499
4 30 35914
4 31 33428
4 32 42416
4 33 28269
4 34 26744
4 35 38785
4 36 57570
4 37 32043
4 38 40021
4 39 -4460
4 40 13108
4 41 12639
4 42 28293
4 43 25695
4 44 38059
4 45 43653
4 46 50266
4 47 50193
4 48 41346
4 49 55616
4 50 24327
4 51 31872
4 52 34458
4 53 19399
4 54 2385
4 55 6248
4 56 3727
4 57 19399
4 58 16635
4 59 28179
4 60 38377
4 61 37213
4 62 43344
4 63 51350
4 64 47103
4 65 38413
4 66 35561
4 67 -575
4 68 10593
4 69 30300
4 70 37486
4 71 40345
4 72 2062
4 73 8205
4 74 8003
4 75 3116
4 76 18711
4 77 19639
4 78 28128
4 79 20457
4 80 15299
4 81 25257
4 82 41518
4 83 40886
4 84 40567
4 85 29084
4 86 37360
4 87 19726
4 88 40042
4 89 29316
4 90 49794
4 91 38349
4 92 31860
4 93 31703
4 94 25297
4 95 26447
4 96 31274
4 97 26218
4 98 33198
4 99 33849
4 100 31980
4 101 34481
4 102 21961
4 103 33553
4 104 33395
4 105 14470
4 106 38955
4 107 50694
4 108 40222
4 109 10211
4 110 1456
4 111 21387
4 112 23137
4 113 40128
4 114 41618
4 115 16426
4 116 18641
4 117 26758
4 118 31397
4 119 38961
4 120 30304
4 121 16585
4 122 35184
4 123 46812
4 124 51715
4 125 42595
4 126 50453
4 127 35128
4 128 40014
4 129 25675
4 130 1249
4 131 45019
4 132 28149
4 133 7726
4 134 7256
4 135 35981
4 136 46185
4 137 19942
4 138 15690
4 139 2704
4 140 39740
4 141 38939
4 142 30776
4 143 57343
4 144 20432
4 145 10228
4 146 28738
4 147 27797
4 148 41256
4 149 6366
4 150 14140
4 151 29386
4 152 15044
4 153 39264
4 154 13301
4 155 -6310
4 156 23773
4 157 26422
4 158 20945
4 159 39162
4 160 40157
4 161 34734
4 162 32746
4 163 11370
4 164 25582
4 165 3709
4 166 34198
4 167 28694
4 168 52451
4 169 21635
4 170 2891
4 171 4410
4 172 24934
4 173 39741
4 174 44909
4 175 53243
4 176 24231
4 177 9070
4 178 14407
4 179 1243
4 180 8859
4 181 43899
4 182 38139
4 183 26513
4 184 16228
4 185 25940
4 186 5818
4 187 2258
4 188 37587
4 189 42885
4 190 33031
4 191 37556
4 192 35598
4 193 34501
4 194 39451
4 195 5921
4 196 17641
4 197 1470
4 198 895
4 199 44065
4 200 18202
5 1 29092
5 2 22850
5 3 39334
5 4 35479
5 6 9979
5 7 18138
5 8 10344
5 9 41102
5 10 29737
5 11 27827
5 12 30753
5 13 10827
5 14 11858
5 15 18704
5 16 2101
5 17 2484
5 18 7266
5 19 22245
5 20 42034
5 21 28889
5 22 31954
5 23 31596
5 24 44294
5 25 45329
5 26 26200
5 27 20105
5 28 24850
5 29 43177
5 30 32245
5 31 20631
5 32 33321
5 33 40116
5 34 46245
5 35 52484
5 36 23866
5 37 8223
5 38 14745
5 39 34572
5 40 22792
5 41 29722
5 42 16402
5 43 17620
5 44 10144
5 45 3493
5 46 12528
5 47 17916
5 48 10635
5 49 26074
5 50 32402
5 51 37446
5 52 15915
5 53 20327
5 54 35177
5 55 46212
5 56 37529
5 57 19806
5 58 18088
5 59 2430
5 60 2352
5 61 735
5 62 23714
5 63 35718
5 64 24468
5 65 47453
5 66 37040
5 67 37913
5 68 33543
5 69 25653
5 70 31296
5 71 48942
5 72 28046
5 73 28583
5 74 31956
5 75 31248
5 76 31963
5 77 36714
5 78 46560
5 79 38081
5 80 39863
5 81 37905
5 82 10258
5 83 3572
5 84 -664
5 85 -1905
5 86 2600
5 87 10344
5 88 21453
5 89 8749
5 90 37332
5 91 9337
5 92 9429
5 93 1195
5 94 6866
5 95 7844
5 96 5156
5 97 9655
5 98 7033
5 99 4741
5 100 7295
5 101 28879
5 102 31296
5 103 39700
5 104 4287
5 105 21442
5 106 13566
5 107 26370
5 108 27625
5 109 33990
5 110 34441
5 111 25844
5 112 12429
5 113 1059
5 114 5686
5 115 22249
5 116 36029
5 117 12490
5 118 -5159
5 119 13499
5 120 42729
5 121 42006
5 122 34151
5 123 20072
5 124 17943
5 125 2645
5 126 34733
5 127 21022
5 128 37906
5 129 44130
5 130 36738
5 131 37594
5 132 25103
5 133 31164
5 134 39036
5 135 49843
5 136 58383
5 137 15643
5 138 28076
5 139 42788
5 140 13817
5 141 7767
5 142 16217
5 143 26180
5 144 16150
5 145 22601
5 146 18140
5 147 5684
5 148 22084
5 149 28797
5 150 38704
5 151 6955
5 152 16497
5 153 13217
5 154 25687
5 155 34921
5 156 16135
5 157 36319
5 158 38665
5 159 21578
5 160 35602
5 161 42885
5 162 24854
5 163 42082
5 164 42129
5 165 43028
5 166 5106
5 167 18940
5 168 20722
5 169 43102
5 170 43812
5 171 24987
5 172 15349
5 173 -508
5 174 6947
5 175 29164
5 176 25230
5 177 35270
5 178 18424
5 179 31751
5 180 23727
5 181 31676
5 182 15512
5 183 7194
5 184 32013
5 185 40661
5 186 39597
5 187 42621
5 188 39063
5 189 29256
5 190 18980
5 191 7793
5 192 11151
5 193 6533
5 194 14380
5 195 29741
5 196 33227
5 197 32478
5 198 28029
5 199 5994
5 200 13818
6 1 21729
6 2 15397
6 3 30155
6 4 25871
6 5 3801
6 7 18138
6 8 16265
6 9 33528
6 10 26610
6 11 27827
6 12 20893
6 13 2087
6 14 14219
6 15 15044
6 16 8949
6 17 12484
6 18 7266
6 19 23868
6 20 36247
6 21 19627
6 22 24182
6 23 23477
6 24 34356
6 25 35570
6 26 16200
6 27 11886
6 28 15388
6 29 33533
6 30 26735
6 31 16232
6 32 29754
6 33 31816
6 34 37513
6 35 44741
6 36 28972
6 37 8223
6 38 19835
6 39 25463
6 40 13108
6 41 22855
6 42 14305
6 43 16534
6 44 14912
6 45 12067
6 46 19530
6 47 22054
6 48 13604
6 49 29508
6 50 23970
6 51 30279
6 52 11376
6 53 10346
6 54 25181
6 55 36343
6 56 28768
6 57 14360
6 58 8415
6 59 1156
6 60 6824
6 61 8345
6 62 22321
6 63 33965
6 64 25520
6 65 40801
6 66 31466
6 67 29093
6 68 23847
6 69 18659
6 70 25873
6 71 41982
6 72 19195
6 73 19825
6 74 23620
6 75 22909
6 76 22740
6 77 27423
6 78 37760
6 79 29101
6 80 30050
6 81 29676
6 82 12981
6 83 9539
6 84 9249
6 85 2075
6 86 10508
6 87 5021
6 88 18879
6 89 1765
6 90 34504
6 91 13203
6 92 7343
6 93 3707
6 94 -1374
6 95 2182
6 96 1783
6 97 5201
6 98 8001
6 99 4741
6 100 8818
6 101 22826
6 102 22957
6 103 32868
6 104 4287
6 105 11442
6 106 13002
6 107 27265
6 108 24406
6 109 24035
6 110 24847
6 111 16937
6 112 2629
6 113 10495
6 114 11009
6 115 14814
6 116 26583
6 117 5878
6 118 -221
6 119 17191
6 120 34772
6 121 32395
6 122 27873
6 123 21513
6 124 22659
6 125 11029
6 126 32936
6 127 16273
6 128 32652
6 129 35105
6 130 26769
6 131 33621
6 132 17701
6 133 23272
6 134 29063
6 135 41993
6 136 50988
6 137 7485
6 138 18278
6 139 33463
6 140 19058
6 141 13688
6 142 15732
6 143 30186
6 144 10748
6 145 15773
6 146 10307
6 147 -2514
6 148 20158
6 149 18823
6 150 28891
6 151 4869
6 152 6824
6 153 12586
6 154 15889
6 155 25313
6 156 6640
6 157 28024
6 158 29486
6 159 19579
6 160 30773
6 161 35832
6 162 19113
6 163 32153
6 164 33730
6 165 33130
6 166 3832
6 167 12261
6 168 24568
6 169 33919
6 170 34372
6 171 16867
6 172 12130
6 173 9162
6 174 13887
6 175 30033
6 176 17328
6 177 25335
6 178 11216
6 179 21830
6 180 13882
6 181 29363
6 182 14665
6 183 -2437
6 184 22538
6 185 31996
6 186 30996
6 187 33266
6 188 33087
6 189 26129
6 190 14596
6 191 12836
6 192 14019
6 193 9701
6 194 13845
6 195 19741
6 196 23916
6 197 23554
6 198 18522
6 199 12714
6 200 4382
7 1 17914
7 2 35245
7 3 31969
7 4 40346
7 5 14417
7 6 20595
7 8 8623
7 9 27503
7 10 10338
7 11 7472
7 12 28939
7 13 21942
7 14 32169
7 15 35647
7 16 22544
7 17 17484
7 18 6086
7 19 3425
7 20 25091
7 21 36317
7 22 43068
7 23 41435
7 24 41479
7 25 48422
7 26 28216
7 27 15772
7 28 22622
7 29 37450
7 30 15555
7 31 4608
7 32 13699
7 33 29268
7 34 35620
7 35 38620
7 36 11761
7 37 27043
7 38 35253
7 39 41278
7 40 29313
7 41 42555
7 42 34487
7 43 36556
7 44 30760
7 45 9890
7 46 8435
7 47 4406
7 48 -4176
7 49 9827
7 50 23333
7 51 23484
7 52 8122
7 53 23799
7 54 35709
7 55 48478
7 56 45810
7 57 34897
7 58 25554
7 59 19964
7 60 14159
7 61 21230
7 62 3247
7 63 15162
7 64 4927
7 65 30915
7 66 19236
7 67 45285
7 68 29210
7 69 15113
7 70 15265
7 71 33449
7 72 36535
7 73 37607
7 74 41823
7 75 40899
7 76 25990
7 77 30286
7 78 36619
7 79 29440
7 80 36545
7 81 26485
7 82 -911
7 83 10819
7 84 16237
7 85 18317
7 86 22098
7 87 25637
7 88 3181
7 89 12821
7 90 17269
7 91 29738
7 92 26870
7 93 20564
7 94 19234
7 95 22658
7 96 20627
7 97 25629
7 98 26201
7 99 22338
7 100 26988
7 101 14883
7 102 21364
7 103 24379
7 104 21884
7 105 24726
7 106 -1300
7 107 6651
7 108 8127
7 109 33104
7 110 39783
7 111 20459
7 112 17399
7 113 19034
7 114 4631
7 115 34587
7 116 30670
7 117 26491
7 118 8498
7 119 34038
7 120 30106
7 121 36253
7 122 19054
7 123 1115
7 124 7022
7 125 9023
7 126 14196
7 127 7789
7 128 20107
7 129 35568
7 130 38051
7 131 18312
7 132 15524
7 133 41979
7 134 37323
7 135 36381
7 136 43547
7 137 27318
7 138 26817
7 139 48703
7 140 34304
7 141 28321
7 142 35348
7 143 11258
7 144 31338
7 145 35643
7 146 15184
7 147 14168
7 148 2229
7 149 31345
7 150 35386
7 151 24396
7 152 23963
7 153 2161
7 154 24428
7 155 39788
7 156 18312
7 157 26008
7 158 31300
7 159 1379
7 160 17385
7 161 27813
7 162 10887
7 163 39415
7 164 30505
7 165 45043
7 166 10657
7 167 10454
7 168 6569
7 169 34821
7 170 48773
7 171 35474
7 172 32584
7 173 18790
7 174 6448
7 175 9423
7 176 16079
7 177 33554
7 178 31173
7 179 34535
7 180 28685
7 181 11204
7 182 -4924
7 183 17989
7 184 27235
7 185 30940
7 186 48266
7 187 48338
7 188 22282
7 189 9857
7 190 3980
7 191 28407
7 192 31497
7 193 26745
7 194 -2358
7 195 30797
7 196 27296
7 197 40497
7 198 34135
7 199 11872
7 200 14415
8 1 28465
8 2 35065
8 3 41658
8 4 44785
8 5 7729
8 6 19828
8 7 9729
8 9 39206
8 10 22445
8 11 16638
8 12 36190
8 13 21923
8 14 25235
8 15 32491
8 16 13921
8 17 6412
8 18 6526
8 19 9965
8 20 37276
8 21 39147
8 22 44002
8 23 43324
8 24 49624
8 25 53954
8 26 33536
8 27 22923
8 28 29499
8 29 46738
8 30 27676
8 31 16275
8 32 25561
8 33 40139
8 34 46637
8 35 50464
8 36 9958
8 37 22123
8 38 26147
8 39 44936
8 40 32283
8 41 42420
8 42 30292
8 43 31519
8 44 22669
8 45 -2146
8 46 -242
8 47 4143
8 48 -1969
8 49 12341
8 50 33383
8 51 35186
8 52 15223
8 53 27851
8 54 42206
8 55 54352
8 56 48490
8 57 33060
8 58 27774
8 59 15899
8 60 9282
8 61 13132
8 62 14821
8 63 25978
8 64 11834
8 65 43114
8 66 31426
8 67 48721
8 68 37741
8 69 25145
8 70 27204
8 71 45538
8 72 38922
8 73 39605
8 74 43462
8 75 42747
8 76 34920
8 77 39552
8 78 47358
8 79 39651
8 80 44660
8 81 37582
8 82 -339
8 83 3712
8 84 7255
8 85 11873
8 86 12031
8 87 23458
8 88 15214
8 89 14555
8 90 28911
8 91 22852
8 92 22986
8 93 15103
8 94 18091
8 95 20389
8 96 17540
8 97 22828
8 98 20954
8 99 18061
8 100 21175
8 101 26226
8 102 31806
8 103 36408
8 104 17607
8 105 29138
8 106 7243
8 107 14499
8 108 20168
8 109 40043
8 110 43863
8 111 28751
8 112 20011
8 113 8561
8 114 -4447
8 115 34493
8 116 39476
8 117 24847
8 118 3442
8 119 26532
8 120 41587
8 121 45508
8 122 30895
8 123 8285
8 124 4076
8 125 -2838
8 126 25115
8 127 18207
8 128 32310
8 129 45775
8 130 44229
8 131 30300
8 132 25245
8 133 43108
8 134 44909
8 135 48129
8 136 55570
8 137 27269
8 138 33565
8 139 52737
8 140 25153
8 141 19839
8 142 30121
8 143 12327
8 144 29346
8 145 35292
8 146 21266
8 147 14087
8 148 14367
8 149 36589
8 150 43501
8 151 20512
8 152 26183
8 153 8242
8 154 31176
8 155 44227
8 156 22394
8 157 36616
8 158 40989
8 159 13189
8 160 29575
8 161 39824
8 162 22103
8 163 47429
8 164 41778
8 165 51009
8 166 9659
8 167 19158
8 168 7077
8 169 45013
8 170 53424
8 171 36715
8 172 29101
8 173 10053
8 174 -5317
8 175 17241
8 176 25846
8 177 40961
8 178 30808
8 179 39845
8 180 32564
8 181 22088
8 182 7090
8 183 17409
8 184 35724
8 185 41481
8 186 50768
8 187 52493
8 188 34463
8 189 21964
8 190 15170
8 191 20528
8 192 24579
8 193 20227
8 194 7489
8 195 36800
8 196 36292
8 197 43225
8 198 37733
8 199 2835
8 200 19451
9 1 14694
9 2 46420
9 3 11614
9 4 34248
9 5 43801
9 6 42405
9 7 33923
9 8 44520
9 10 21196
9 11 27827
9 12 20893
9 13 38028
9 14 55889
9 15 49964
9 16 51129
9 17 50794
9 18 36397
9 19 32245
9 20 7116
9 21 38497
9 22 46888
9 23 39426
9 24 20971
9 25 35570
9 26 27823
9 27 26028
9 28 24850
9 29 12854
9 30 8194
9 31 18726
9 32 11424
9 33 4453
9 34 1523
9 35 2513
9 36 44170
9 37 50194
9 38 62149
9 39 34366
9 40 35376
9 41 48825
9 42 53417
9 43 54828
9 44 57307
9 45 45163
9 46 44666
9 47 38160
9 48 31299
9 49 36672
9 50 11431
9 51 -274
9 52 30980
9 53 32436
9 54 24229
9 55 35559
9 56 43523
9 57 48273
9 58 35659
9 59 43463
9 60 43923
9 61 50107
9 62 25367
9 63 24325
9 64 20931
9 65 -630
9 66 -3460
9 67 36510
9 68 12591
9 69 20054
9 70 15676
9 71 549
9 72 37839
9 73 41188
9 74 44455
9 75 41665
9 76 14881
9 77 13669
9 78 5570
9 79 4552
9 80 21292
9 81 -2743
9 82 35317
9 83 43512
9 84 47910
9 85 44485
9 86 52389
9 87 42582
9 88 26939
9 89 34954
9 90 22021
9 91 55617
9 92 49128
9 93 46111
9 94 39396
9 95 43043
9 96 44209
9 97 45405
9 98 50259
9 99 47133
9 100 50899
9 101 17464
9 102 4877
9 103 -5549
9 104 46679
9 105 29983
9 106 31939
9 107 31427
9 108 15931
9 109 24035
9 110 36538
9 111 19711
9 112 33182
9 113 50912
9 114 39932
9 115 44937
9 116 16663
9 117 44998
9 118 37850
9 119 59414
9 120 -4921
9 121 12811
9 122 9309
9 123 32168
9 124 42532
9 125 44133
9 126 24003
9 127 25322
9 128 5398
9 129 9884
9 130 26769
9 131 12942
9 132 19108
9 133 45076
9 134 20597
9 135 31
9 136 8578
9 137 41273
9 138 24588
9 139 41478
9 140 61410
9 141 56080
9 142 55801
9 143 40900
9 144 46415
9 145 43858
9 146 30050
9 147 36523
9 148 25572
9 149 28493
9 150 20133
9 151 46654
9 152 34068
9 153 34224
9 154 22199
9 155 33690
9 156 31755
9 157 7188
9 158 10945
9 159 19579
9 160 7928
9 161 -5266
9 162 17786
9 163 20779
9 164 -4458
9 165 32321
9 166 38238
9 167 23339
9 168 40213
9 169 6665
9 170 37658
9 171 39642
9 172 50328
9 173 49426
9 174 42605
9 175 33315
9 176 14500
9 177 21070
9 178 42343
9 179 28667
9 180 31499
9 181 11817
9 182 25204
9 183 38599
9 184 16228
9 185 5940
9 186 45778
9 187 40464
9 188 897
9 189 20715
9 190 20906
9 191 55262
9 192 56110
9 193 52074
9 194 31462
9 195 25155
9 196 13719
9 197 39676
9 198 33447
9 199 45751
9 200 25218
10 1 12446
10 2 42286
10 3 25769
10 4 41418
10 5 27342
10 6 30393
10 7 11664
10 8 22665
10 9 16102
10 11 3652
10 12 27414
10 13 30016
10 14 44060
10 15 44549
10 16 35642
10 17 31535
10 18 18447
10 19 7245
10 20 11747
10 21 39986
10 22 48100
10 23 44841
10 24 37057
10 25 47490
10 26 29741
10 27 18360
10 28 23419
10 29 31200
10 30 3194
10 31 1490
10 32 -212
10 33 20559
10 34 25698
10 35 26456
10 36 19170
10 37 38274
10 38 48234
10 39 42710
10 40 33698
10 41 48596
10 42 44651
10 43 46888
10 44 43421
10 45 24009
10 46 20787
10 47 13351
10 48 7332
10 49 12321
10 50 17568
10 51 12506
10 52 15486
10 53 28137
10 54 34275
10 55 47282
10 56 48707
10 57 43089
10 58 31235
10 59 31053
10 60 26949
10 61 34276
10 62 628
10 63 4401
10 64 140
10 65 17220
10 66 5244
10 67 46503
10 68 24989
10 69 12615
10 70 5299
10 71 20463
10 72 40288
10 73 42025
10 74 46250
10 75 44854
10 76 22080
10 77 25153
10 78 27586
10 79 21933
10 80 32983
10 81 16967
10 82 13107
10 83 24519
10 84 29883
10 85 30530
10 86 35717
10 87 34700
10 88 5800
10 89 21984
10 90 4092
10 91 41995
10 92 37632
10 93 32434
10 94 28706
10 95 32528
10 96 31496
10 97 35520
10 98 37706
10 99 33778
10 100 38607
10 101 8396
10 102 14301
10 103 11812
10 104 33324
10 105 28065
10 106 11349
10 107 6651
10 108 -5916
10 109 31697
10 110 41627
10 111 19161
10 112 24322
10 113 32891
10 114 18773
10 115 41417
10 116 26497
10 117 35719
10 118 21202
10 119 46362
10 120 19325
10 121 30213
10 122 8336
10 123 7371
10 124 18265
10 125 23159
10 126 3427
10 127 9591
10 128 6271
10 129 27978
10 130 36911
10 131 4219
10 132 13210
10 133 46770
10 134 34048
10 135 24555
10 136 30741
10 137 34908
10 138 26817
10 139 49836
10 140 47323
10 141 41263
10 142 46140
10 143 16058
10 144 39937
10 145 42164
10 146 20000
10 147 23929
10 148 2229
10 149 32451
10 150 31824
10 151 35158
10 152 29644
10 153 14555
10 154 24428
10 155 40860
10 156 23869
10 157 18369
10 158 25100
10 159 -5315
10 160 3435
10 161 15229
10 162 6150
10 163 35425
10 164 20066
10 165 43813
10 166 22253
10 167 12415
10 168 15417
10 169 26949
10 170 48773
10 171 40413
10 172 42271
10 173 32236
10 174 20284
10 175 8706
10 176 12505
10 177 31139
10 178 38294
10 179 35032
10 180 31844
10 181 -996
10 182 2100
10 183 27406
10 184 23896
10 185 22866
10 186 51230
10 187 49270
10 188 8925
10 189 -4285
10 190 3980
10 191 41066
10 192 43535
10 193 38812
10 194 10406
10 195 30797
10 196 22939
10 197 43643
10 198 36777
10 199 25875
10 200 18697
11 1 23291
11 2 49285
11 3 36925
11 4 51257
11 5 29156
11 6 35334
11 7 12522
11 8 20582
11 9 26457
11 10 7376
11 12 37824
11 13 36247
11 14 47085
11 15 50377
11 16 37019
11 17 30563
11 18 21086
11 19 -684
11 20 20936
11 21 48744
11 22 56313
11 23 53888
11 24 48128
11 25 57979
11 26 39212
11 27 26899
11 28 32924
11 29 42378
11 30 13810
11 31 10457
11 32 5016
11 33 31675
11 34 36441
11 35 36079
11 36 9852
11 37 42043
11 38 49666
11 39 52506
11 40 42018
11 41 56286
11 42 49428
11 43 51533
11 44 45440
11 45 21865
11 46 15083
11 47 5990
11 48 3309
11 49 1341
11 50 28617
11 51 23234
11 52 21310
11 53 36317
11 54 44789
11 55 57812
11 56 57915
11 57 49389
11 58 38864
11 59 34957
11 60 29025
11 61 35800
11 62 2365
11 63 2976
11 64 -9532
11 65 24666
11 66 12305
11 67 56433
11 68 35974
11 69 22609
11 70 16472
11 71 29424
11 72 49064
11 73 50469
11 74 54739
11 75 53593
11 76 32921
11 77 36213
11 78 38582
11 79 33105
11 80 43877
11 81 27945
11 82 11940
11 83 25137
11 84 30384
11 85 33219
11 86 35970
11 87 40328
11 88 11174
11 89 27260
11 90 8201
11 91 44608
11 92 41845
11 93 35536
11 94 33935
11 95 37486
11 96 35593
11 97 40484
11 98 41195
11 99 37338
11 100 41969
11 101 19167
11 102 25468
11 103 21467
11 104 36884
11 105 36753
11 106 13566
11 107 -3085
11 108 3250
11 109 42124
11 110 51157
11 111 29247
11 112 31089
11 113 32599
11 114 17669
11 115 48556
11 116 37428
11 117 41177
11 118 23375
11 119 48851
11 120 29907
11 121 41383
11 122 19376
11 123 1997
11 124 12548
11 125 21298
11 126 2499
11 127 17314
11 128 14593
11 129 39144
11 130 47373
11 131 10281
11 132 23258
11 133 55108
11 134 44948
11 135 34463
11 136 39722
11 137 41498
11 138 36713
11 139 59712
11 140 48694
11 141 42870
11 142 50345
11 143 5773
11 144 45927
11 145 49549
11 146 27541
11 147 28863
11 148 6338
11 149 42136
11 150 42718
11 151 39371
11 152 37273
11 153 17087
11 154 34324
11 155 50699
11 156 31311
11 157 29549
11 158 36256
11 159 -953
11 160 11798
11 161 24734
11 162 16372
11 163 46431
11 164 30681
11 165 54341
11 166 25638
11 167 20834
11 168 8252
11 169 38083
11 170 59041
11 171 48643
11 172 47446
11 173 33099
11 174 17237
11 175 -1733
11 176 23021
11 177 41825
11 178 45256
11 179 44983
11 180 40720
11 181 -1471
11 182 3636
11 183 32646
11 184 34663
11 185 34019
11 186 60429
11 187 59218
11 188 17916
11 189 6895
11 190 12008
11 191 43113
11 192 46396
11 193 41662
11 194 12435
11 195 40839
11 196 33881
11 197 52709
11 198 45978
11 199 25610
11 200 26743
12 1 13533
12 2 22427
12 3 7794
12 4 10059
12 5 29156
12 6 25474
12 7 31063
12 8 37208
12 9 16597
12 10 28212
12 11 34898
12 13 17377
12 14 34870
12 15 25605
12 16 33641
12 17 37761
12 18 26500
12 19 35257
12 20 26350
12 21 13077
12 22 21393
12 23 14840
12 24 9045
12 25 15552
12 26 3271
12 27 13555
12 28 7144
12 29 8381
12 30 20120
12 31 18923
12 32 26654
12 33 13470
12 34 15343
12 35 25775
12 36 45290
12 37 30584
12 38 41902
12 39 11186
12 40 11439
12 41 23374
12 42 30990
12 43 31329
12 44 37946
12 45 35553
12 46 40053
12 47 37947
12 48 29263
12 49 42023
12 50 8536
12 51 16423
12 52 22575
12 53 11905
12 54 2385
12 55 15396
12 56 18676
12 57 24253
12 58 13353
12 59 24961
12 60 30895
12 61 33587
12 62 29016
12 63 35963
12 64 32140
12 65 24666
12 66 20235
12 67 14698
12 68 -1222
12 69 15542
12 70 21935
12 71 26037
12 72 12353
12 73 15777
12 74 18962
12 75 16320
12 76 2978
12 77 5096
12 78 15818
12 79 7151
12 80 4595
12 81 10904
12 82 30258
12 83 32557
12 84 34418
12 85 26434
12 86 35362
12 87 20455
12 88 26267
12 89 20666
12 90 34237
12 91 36821
12 92 29670
12 93 28325
12 94 20762
12 95 23495
12 96 26660
12 97 24854
12 98 31199
12 99 29659
12 100 31161
12 101 19167
12 102 6383
12 103 18520
12 104 29205
12 105 7622
12 106 26923
12 107 36587
12 108 24863
12 109 -303
12 110 11369
12 111 6689
12 112 15539
12 113 35977
12 114 31956
12 115 20611
12 116 3753
12 117 24540
12 118 24296
12 119 39428
12 120 16293
12 121 7390
12 122 19376
12 123 33550
12 124 40166
12 125 34436
12 126 35107
12 127 21445
12 128 24263
12 129 12779
12 130 4947
12 131 29218
12 132 13364
12 133 19590
12 134 4118
12 135 22878
12 136 32937
12 137 19059
12 138 2662
12 139 18233
12 140 41352
12 141 37702
12 142 33624
12 143 44275
12 144 23221
12 145 18673
12 146 17344
12 147 20665
12 148 27174
12 149 3016
12 150 3436
12 151 27196
12 152 11762
12 153 27738
12 154 273
12 155 9501
12 156 14725
12 157 11008
12 158 7125
12 159 24503
12 160 24346
12 161 20148
12 162 17786
12 163 6817
12 164 12986
12 165 11926
12 166 25638
12 167 15371
12 168 40104
12 169 10465
12 170 16762
12 171 14176
12 172 27659
12 173 34643
12 174 35421
12 175 39037
12 176 8914
12 177 169
12 178 18218
12 179 3755
12 180 6845
12 181 28161
12 182 24757
12 183 20888
12 184 612
12 185 11751
12 186 21086
12 187 17548
12 188 22042
12 189 27731
12 190 18980
12 191 36499
12 192 35968
12 193 33065
12 194 27186
12 195 -259
12 196 2351
12 197 14399
12 198 7966
12 199 35568
12 200 8202
13 1 23291
13 2 8430
13 3 28630
13 4 19743
13 5 9612
13 6 7050
13 7 24448
13 8 23323
13 9 34114
13 10 31196
13 11 33703
13 12 17759
13 14 13071
13 15 9549
13 16 11537
13 17 17979
13 18 14114
13 19 30324
13 20 38656
13 21 13077
13 22 17111
13 23 16442
13 24 30446
13 25 29694
13 26 12011
13 27 13555
13 28 14203
13 29 30742
13 30 29595
13 31 20447
13 32 33775
13 33 31675
13 34 36441
13 35 44935
13 36 35992
13 37 8223
13 38 19835
13 39 18802
13 40 7297
13 41 15887
13 42 10595
13 43 12547
13 44 15606
13 45 18746
13 46 26559
13 47 29003
13 48 20450
13 49 36267
13 50 23970
13 51 31480
13 52 16471
13 53 7524
13 54 20460
13 55 30765
13 56 21901
13 57 8200
13 58 2793
13 59 3000
13 60 13691
13 61 12055
13 62 27844
13 63 39016
13 64 31588
13 65 42042
13 66 33846
13 67 22275
13 68 21097
13 69 20937
13 70 29017
13 71 43077
13 72 12353
13 73 12928
13 74 16601
13 75 15900
13 76 21402
13 77 25758
13 78 36680
13 79 27854
13 80 26906
13 81 29545
13 82 19885
13 83 16501
13 84 15138
13 85 4351
13 86 13247
13 87 -68
13 88 24151
13 89 7436
13 90 39033
13 91 14492
13 92 7343
13 93 6529
13 94 -64
13 95 1281
13 96 5786
13 97 2604
13 98 8889
13 99 8388
13 100 8818
13 101 25659
13 102 22957
13 103 34228
13 104 7934
13 105 7622
13 106 19308
13 107 33471
13 108 28862
13 109 20278
13 110 18711
13 111 16689
13 112 3375
13 113 14879
13 114 18076
13 115 7827
13 116 24631
13 117 2204
13 118 6499
13 119 17191
13 120 34889
13 121 29733
13 122 30143
13 123 27981
13 124 29684
13 125 17751
13 126 37988
13 127 20591
13 128 35472
13 129 33750
13 130 21704
13 131 37370
13 132 19557
13 133 16204
13 134 24954
13 135 42094
13 136 51536
13 137 461
13 138 15690
13 139 26977
13 140 19218
13 141 15380
13 142 12829
13 143 37065
13 144 4937
13 145 8853
13 146 13047
13 147 4088
13 148 25572
13 149 13984
13 150 25747
13 151 4869
13 152 1202
13 153 18994
13 154 13301
13 155 19185
13 156 7183
13 157 28024
13 158 27961
13 159 24796
13 160 33975
13 161 36904
13 162 22330
13 163 28343
13 164 33181
13 165 27663
13 166 10834
13 167 15371
13 168 31482
13 169 32181
13 170 28004
13 171 9811
13 172 7750
13 173 14255
13 174 20889
13 175 36215
13 176 18408
13 177 21641
13 178 4307
13 179 16558
13 180 8481
13 181 33983
13 182 20590
13 183 1806
13 184 20612
13 185 31295
13 186 24070
13 187 26810
13 188 35282
13 189 30715
13 190 18980
13 191 14149
13 192 13752
13 193 10720
13 194 20104
13 195 15357
13 196 22299
13 197 16760
13 198 12263
13 199 19654
13 200 4382
14 1 43762
14 2 20186
14 3 49765
14 4 35479
14 5 13801
14 6 22340
14 7 37833
14 8 29793
14 9 55133
14 10 48398
14 11 47699
14 12 38410
14 13 16229
14 15 5360
14 16 2101
14 17 14845
14 18 26500
14 19 42245
14 20 58586
14 21 28889
14 22 25898
14 23 24737
14 24 49947
14 25 45329
14 26 32256
14 27 33800
14 28 35407
14 29 51252
14 30 49096
14 31 38372
14 32 51790
14 33 52846
14 34 57611
14 35 66079
14 36 42832
14 37 8223
14 38 -1001
14 39 31150
14 40 26452
14 41 21420
14 42 5497
14 43 90
14 44 -691
14 45 20862
14 46 30486
14 47 37520
14 48 30592
14 49 45717
14 50 45085
14 51 52223
14 52 33337
14 53 28718
14 54 39263
14 55 47433
14 56 33534
14 57 12164
14 58 23111
14 59 9177
14 60 21963
14 61 8345
14 62 43139
14 63 55122
14 64 44468
14 65 62826
14 66 53811
14 67 32456
14 68 41787
14 69 40896
14 70 48227
14 71 63913
14 72 25676
14 73 26636
14 74 27746
14 75 26314
14 76 42597
14 77 46881
14 78 57860
14 79 49025
14 80 47362
14 81 50721
14 82 30258
14 83 23520
14 84 16591
14 85 2075
14 86 -78
14 87 7916
14 88 40273
14 89 23979
14 90 56224
14 91 7337
14 92 12691
14 93 8805
14 94 15712
14 95 13387
14 96 15925
14 97 11067
14 98 8889
14 99 15101
14 100 3470
14 101 45179
14 102 44087
14 103 54911
14 104 14647
14 105 28458
14 106 33021
14 107 46347
14 108 46254
14 109 40435
14 110 34976
14 111 37799
14 112 23507
14 113 7907
14 114 25457
14 115 18850
14 116 45698
14 117 16290
14 118 14322
14 119 -12
14 120 56032
14 121 50357
14 122 50170
14 123 40064
14 124 37435
14 125 20451
14 126 54111
14 127 38444
14 128 55012
14 129 54900
14 130 39872
14 131 55785
14 132 39805
14 133 25272
14 134 44368
14 135 63253
14 136 72595
14 137 17664
14 138 36713
14 139 40584
14 140 -1413
14 141 2441
14 142 1336
14 143 45658
14 144 10748
14 145 15360
14 146 32520
14 147 19652
14 148 41256
14 149 33326
14 150 46203
14 151 10217
14 152 21520
14 153 32573
14 154 34324
14 155 34921
14 156 27696
14 157 49159
14 158 49096
14 159 40782
14 160 53100
14 161 57741
14 162 41472
14 163 48052
14 164 54394
14 165 44688
14 166 23304
14 167 34607
14 168 40429
14 169 53213
14 170 41518
14 171 20527
14 172 6503
14 173 13459
14 174 25639
14 175 49142
14 176 39108
14 177 41718
14 178 14892
14 179 34846
14 180 27692
14 181 50885
14 182 35036
14 183 18103
14 184 41710
14 185 52509
14 186 34768
14 187 40464
14 188 55395
14 189 47917
14 190 36700
14 191 2067
14 192 -849
14 193 4543
14 194 33877
14 195 35052
14 196 43446
14 197 29754
14 198 28609
14 199 25610
14 200 25218
15 1 42244
15 2 11996
15 3 43784
15 4 23403
15 5 22956
15 6 25474
15 7 43620
15 8 39358
15 9 51517
15 10 51196
15 11 53300
15 12 31454
15 13 15016
15 14 7669
15 16 15921
15 17 27839
15 18 32487
15 19 49254
15 20 57783
15 21 18479
15 22 11709
15 23 9426
15 24 40143
15 25 32418
15 26 25355
15 27 33099
15 28 31762
15 29 42978
15 30 49096
15 31 40439
15 32 53687
15 33 48533
15 34 51376
15 35 61555
15 36 52887
15 37 15071
15 38 12819
15 39 16912
15 40 19658
15 41 6420
15 42 5497
15 43 -3260
15 44 14676
15 45 32255
15 46 41637
15 47 46533
15 48 38524
15 49 54440
15 50 41477
15 51 49704
15 52 36341
15 53 25230
15 54 29290
15 55 35294
15 56 19523
15 57 2327
15 58 18550
15 59 14969
15 60 29660
15 61 20200
15 62 47642
15 63 58984
15 64 51014
15 65 59776
15 66 52827
15 67 17216
15 68 34369
15 69 40429
15 70 48715
15 71 60845
15 72 13366
15 73 15242
15 74 14490
15 75 12224
15 76 37500
15 77 40970
15 78 51873
15 79 43160
15 80 39501
15 81 46266
15 82 37856
15 83 32278
15 84 27415
15 85 12056
15 86 15390
15 87 5805
15 88 44026
15 89 26931
15 90 59029
15 91 18855
15 92 17587
15 93 16959
15 94 17825
15 95 15829
15 96 20949
15 97 12964
15 98 16600
15 99 21597
15 100 12618
15 101 45284
15 102 40274
15 103 52419
15 104 21143
15 105 23368
15 106 38491
15 107 52748
15 108 48857
15 109 32478
15 110 23734
15 111 34636
15 112 23323
15 113 21895
15 114 34463
15 115 9540
15 116 39618
15 117 16846
15 118 22106
15 119 15170
15 120 51732
15 121 42416
15 122 49334
15 123 46905
15 124 46750
15 125 31555
15 126 57954
15 127 40591
15 128 54854
15 129 48828
15 130 29242
15 131 57199
15 132 38858
15 133 11035
15 134 34711
15 135 58657
15 136 68543
15 137 13972
15 138 31203
15 139 26977
15 140 12837
15 141 17163
15 142 5632
15 143 54818
15 144 4937
15 145 1656
15 146 32964
15 147 22945
15 148 45407
15 149 24942
15 150 38342
15 151 15113
15 152 16959
15 153 38062
15 154 28814
15 155 22845
15 156 26851
15 157 45252
15 158 43115
15 159 44710
15 160 53587
15 161 54734
15 162 42125
15 163 38680
15 164 48983
15 165 32863
15 166 28901
15 167 35251
15 168 49193
15 169 46373
15 170 27469
15 171 7497
15 172 4045
15 173 24853
15 174 36101
15 175 55520
15 176 37151
15 177 33358
15 178 6094
15 179 24949
15 180 20141
15 181 53980
15 182 40132
15 183 20480
15 184 35923
15 185 47418
15 186 20283
15 187 26810
15 188 54222
15 189 50715
15 190 38980
15 191 16084
15 192 12644
15 193 15287
15 194 39338
15 195 26757
15 196 37824
15 197 16760
15 198 17907
15 199 35040
15 200 23616
16 1 39340
16 2 24175
16 3 48092
16 4 39248
16 5 4981
16 6 18007
16 7 29145
16 8 19416
16 9 51310
16 10 40917
16 11 38570
16 12 38118
16 13 15632
16 14 3038
16 15 14549
16 17 3664
16 18 18447
16 19 32556
16 20 52945
16 21 32266
16 22 32299
16 23 31860
16 24 51054
16 25 49339
16 26 32601
16 27 29760
16 28 33279
16 29 51039
16 30 43194
16 31 31703
16 32 44501
16 33 49807
16 34 55535
16 35 62606
16 36 31962
16 37 7043
16 38 3630
16 39 36742
16 40 27711
16 41 28794
16 42 12402
16 43 10861
16 44 -265
16 45 9890
16 46 19444
16 47 27046
16 48 20684
16 49 35189
16 50 41971
16 51 47853
16 52 26824
16 53 27459
16 54 41019
16 55 50789
16 56 39219
16 57 18456
16 58 23393
16 59 5650
16 60 13532
16 61 -1501
16 62 34800
16 63 46779
16 64 34687
16 65 58141
16 66 48025
16 67 39157
16 68 41336
16 69 36034
16 70 42237
16 71 59482
16 72 30334
16 73 30935
16 74 33275
16 75 32324
16 76 40684
16 77 45317
16 78 55778
16 79 47094
16 80 47311
16 81 47657
16 82 20717
16 83 13965
16 84 6258
16 85 -3642
16 86 -7354
16 87 10763
16 88 32633
16 89 18598
16 90 48499
16 91 3436
16 92 10965
16 93 3431
16 94 12928
16 95 11706
16 96 11432
16 97 11234
16 98 6239
16 99 10000
16 100 3172
16 101 39635
16 102 40947
16 103 50279
16 104 9546
16 105 28065
16 106 24693
16 107 36875
16 108 38805
16 109 40835
16 110 38345
16 111 34964
16 112 20491
16 113 -3050
16 114 15408
16 115 23316
16 116 44385
16 117 15861
16 118 6000
16 119 3998
16 120 52691
16 121 49960
16 122 44885
16 123 30536
16 124 26918
16 125 9579
16 126 45805
16 127 32000
16 128 48934
16 129 53085
16 130 42141
16 131 48763
16 132 35295
16 133 31635
16 134 45569
16 135 59891
16 136 68716
16 137 18946
16 138 35741
16 139 45555
16 140 2683
16 141 -3161
16 142 10202
16 143 35023
16 144 15553
16 145 22036
16 146 27974
16 147 14695
16 148 33237
16 149 34569
16 150 46152
16 151 8491
16 152 21802
16 153 24375
16 154 33352
16 155 38690
16 156 24622
16 157 46008
16 158 47423
16 159 32716
16 160 46691
16 161 53374
16 162 35679
16 163 48937
16 164 51746
16 165 47801
16 166 16037
16 167 29378
16 168 30053
16 169 51832
16 170 46682
16 171 26085
16 172 12565
16 173 3082
16 174 14878
16 175 39658
16 176 35161
16 177 42197
16 178 19329
16 179 36961
16 180 28984
16 181 42781
16 182 26584
16 183 14507
16 184 40333
16 185 50023
16 186 40890
16 187 45436
16 188 49931
16 189 40436
16 190 30036
16 191 -1943
16 192 2961
16 193 1571
16 194 25489
16 195 35972
16 196 41810
16 197 34710
16 198 31837
16 199 15561
16 200 22357
17 1 37596
17 2 31692
17 3 48816
17 4 45238
17 5 3801
17 6 19979
17 7 22522
17 8 10344
17 9 49412
17 10 35247
17 11 30551
17 12 40675
17 13 20511
17 14 14219
17 15 24904
17 16 2101
17 18 14114
17 19 23868
17 20 49087
17 21 38497
17 22 40619
17 23 40328
17 24 54253
17 25 55167
17 26 36200
17 27 29367
17 28 34598
17 29 52937
17 30 39292
17 31 27487
17 32 38696
17 33 49009
17 34 55343
17 35 60821
17 36 21320
17 37 15071
17 38 12819
17 39 43977
17 40 32652
17 41 37820
17 42 22450
17 43 21910
17 44 10740
17 45 -487
17 46 8572
17 47 17163
17 48 11953
17 49 25036
17 50 41477
17 51 45555
17 52 23777
17 53 30320
17 54 45175
17 55 56125
17 56 46745
17 57 27497
17 58 27967
17 59 11033
17 60 10529
17 61 3247
17 62 28141
17 63 39691
17 64 25520
17 65 54863
17 66 43744
17 67 47067
17 68 43355
17 69 34085
17 70 38468
17 71 56708
17 72 37390
17 73 37913
17 74 40986
17 75 40226
17 76 41514
17 77 46281
17 78 55736
17 79 47413
17 80 49748
17 81 46719
17 82 12981
17 83 7903
17 84 1296
17 85 3634
17 86 -1637
17 87 18594
17 88 27270
17 89 18253
17 90 42243
17 91 13203
17 92 17587
17 93 8805
17 94 16677
17 95 17063
17 96 14803
17 97 18133
17 98 13827
17 99 13862
17 100 12618
17 101 36599
17 102 40274
17 103 47460
17 104 13408
17 105 31442
17 106 18883
17 107 28423
17 108 33079
17 109 43965
17 110 44205
17 111 35290
17 112 22381
17 113 -5121
17 114 7209
17 115 31025
17 116 45698
17 117 21685
17 118 3604
17 119 15170
17 120 51310
17 121 51747
17 122 41771
17 123 22208
17 124 17060
17 125 -423
17 126 38792
17 127 28397
17 128 44544
17 129 53488
17 130 46718
17 131 43265
17 132 33759
17 133 39890
17 134 49018
17 135 58278
17 136 66429
17 137 25015
17 138 37973
17 139 52346
17 140 11817
17 141 7767
17 142 20948
17 143 24740
17 144 24092
17 145 30806
17 146 27365
17 147 15586
17 148 27174
17 149 38782
17 150 48589
17 151 15113
17 152 26376
17 153 18994
17 154 35584
17 155 44680
17 156 25980
17 157 45252
17 158 48147
17 159 26367
17 160 41983
17 161 50767
17 162 32474
17 163 52036
17 164 50997
17 165 52962
17 166 13709
17 167 27441
17 168 20345
17 169 52548
17 170 53424
17 171 33916
17 172 22120
17 173 1345
17 174 4836
17 175 31161
17 176 34096
17 177 45230
17 178 27117
17 179 41705
17 180 33653
17 181 35812
17 182 20071
17 183 17173
17 184 41710
17 185 49792
17 186 48692
17 187 52196
17 188 46214
17 189 34766
17 190 25996
17 191 9216
17 192 14019
17 193 11044
17 194 19489
17 195 39741
17 196 42819
17 197 41833
17 198 37756
17 199 8080
17 200 23616
18 1 19737
18 2 26455
18 3 31969
18 4 34559
18 5 4981
18 6 11159
18 7 7522
18 8 6856
18 9 31413
18 10 18557
18 11 17472
18 12 25812
18 13 13044
18 14 22272
18 15 25950
18 16 13282
18 17 10512
18 19 12861
18 20 31291
18 21 29282
18 22 34949
18 23 33923
18 24 39322
18 25 43583
18 26 23126
18 27 12744
18 28 19137
18 29 36774
18 30 21478
18 31 9707
18 32 22142
18 33 31321
18 34 37777
18 35 42818
18 36 18077
18 37 17043
18 38 25898
18 39 34932
18 40 22297
18 41 33915
18 42 24561
18 43 26581
18 44 21166
18 45 5593
18 46 10022
18 47 10990
18 48 2436
18 49 18328
18 50 24060
18 51 27533
18 52 5839
18 53 17539
18 54 31766
18 55 43943
18 56 38759
18 57 25510
18 58 17970
18 59 9976
18 60 4588
18 61 11916
18 62 12742
18 63 24747
18 64 14804
18 65 36958
18 66 26154
18 67 38816
18 68 27581
18 69 16235
18 70 20582
18 71 38703
18 72 29243
18 73 30045
18 74 34084
18 75 33311
18 76 24976
18 77 29688
18 78 38290
18 79 30241
18 80 34395
18 81 28953
18 82 1860
18 83 3209
18 84 7941
18 85 8472
18 86 13524
18 87 16061
18 88 10272
18 89 4476
18 90 26176
18 91 19924
18 92 16910
18 93 10612
18 94 9782
18 95 12945
18 96 10693
18 97 15848
18 98 16210
18 99 12338
18 100 17017
18 101 18575
18 102 22711
18 103 29451
18 104 11884
18 105 18803
18 106 2609
18 107 16504
18 108 16445
18 109 29626
18 110 33692
18 111 18712
18 112 9905
18 113 11092
18 114 1563
18 115 25854
18 116 29444
18 117 16983
18 118 -1149
18 119 24275
18 120 33397
18 121 35546
18 122 23770
18 123 10517
18 124 11827
18 125 4484
18 126 23745
18 127 10397
18 128 26974
18 129 36348
18 130 33795
18 131 26432
18 132 16059
18 133 33971
18 134 34531
18 135 40300
18 136 48401
18 137 18488
18 138 23157
18 139 42626
18 140 24979
18 141 18919
18 142 25353
18 143 19042
18 144 21863
18 145 26871
18 146 10947
18 147 4920
18 148 10969
18 149 26199
18 150 33236
18 151 14436
18 152 16379
18 153 2161
18 154 20768
18 155 34001
18 156 12014
18 157 27631
18 158 31300
18 159 10487
18 160 24575
18 161 32746
18 162 14455
18 163 37114
18 164 33236
18 165 40591
18 166 744
18 167 9737
18 168 13455
18 169 35528
18 170 43200
18 171 27497
18 172 22760
18 173 10020
18 174 5025
18 175 19292
18 176 16541
18 177 30581
18 178 22313
18 179 29463
18 180 22369
18 181 20616
18 182 4623
18 183 8679
18 184 25612
18 185 32341
18 186 41111
18 187 42357
18 188 28380
18 189 18076
18 190 8122
18 191 18803
18 192 21627
18 193 16866
18 194 3468
18 195 26364
18 196 26344
18 197 33450
18 198 27662
18 199 5696
18 200 9013
19 1 25121
19 2 46420
19 3 39334
19 4 50817
19 5 23801
19 6 31602
19 7 8702
19 8 14136
19 9 31102
19 10 11196
19 11 -457
19 12 38410
19 13 33095
19 14 41858
19 15 46558
19 16 31232
19 17 24107
19 18 16702
19 20 26350
19 21 47266
19 22 54208
19 23 52433
19 24 49947
19 25 58370
19 26 38626
19 27 26028
19 28 32637
19 29 44931
19 30 18194
19 31 11317
19 32 11424
19 33 35040
19 34 40592
19 35 41339
19 36 4170
19 37 37354
19 38 43721
19 39 51901
19 40 40309
19 41 53735
19 42 45113
19 43 47019
19 44 39826
19 45 15221
19 46 8016
19 47 -948
19 48 -3210
19 49 -935
19 50 30707
19 51 27460
19 52 19032
19 53 34705
19 54 45367
19 55 58309
19 56 56702
19 57 45969
19 58 36672
19 59 30442
19 60 23957
19 61 30152
19 62 3523
19 63 9914
19 64 -5532
19 65 30965
19 66 18623
19 67 55906
19 68 37632
19 69 23404
19 70 19598
19 71 35058
19 72 47524
19 73 48668
19 74 52904
19 75 51940
19 76 34378
19 77 38181
19 78 42260
19 79 36067
19 80 45281
19 81 31704
19 82 6258
19 83 19523
19 84 24488
19 85 28046
19 86 29738
19 87 36618
19 88 10457
19 89 23979
19 90 14485
19 91 39337
19 92 37438
19 93 30612
19 94 30249
19 95 33545
19 96 31274
19 97 36463
19 98 36389
19 99 32704
19 100 37033
19 101 21175
19 102 28082
19 103 26667
19 104 32250
19 105 35493
19 106 9856
19 107 -3085
19 108 7973
19 109 42673
19 110 50408
19 111 29704
19 112 28553
19 113 26280
19 114 11565
19 115 45764
19 116 39021
19 117 37495
19 118 18309
19 119 43425
19 120 34299
19 121 43827
19 122 23133
19 123 -3785
19 124 5486
19 125 14740
19 126 9305
19 127 16800
19 128 20368
19 129 42158
19 130 47836
19 131 16587
19 132 24011
19 133 53102
19 134 46277
19 135 39511
19 136 45372
19 137 38484
19 138 36713
19 139 59237
19 140 42735
19 141 37129
19 142 45695
19 143 1510
19 144 42371
19 145 46822
19 146 25924
19 147 25218
19 148 6338
19 149 41703
19 150 44122
19 151 34964
19 152 35081
19 153 13217
19 154 34324
19 155 50259
19 156 29319
19 157 32409
19 158 38665
19 159 1607
19 160 17483
19 161 30045
19 162 17786
19 163 48052
19 164 35022
19 165 54850
19 166 21360
19 167 20219
19 168 1250
19 169 41281
19 170 59041
19 171 46599
19 172 43371
19 173 27269
19 174 10471
19 175 -423
19 176 24231
19 177 42777
19 178 42343
19 179 44784
19 180 39488
19 181 5600
19 182 1369
19 183 29043
19 184 35923
19 185 37171
19 186 59179
19 187 58827
19 188 23455
19 189 10715
19 190 12008
19 191 37556
19 192 41151
19 193 36500
19 194 8822
19 195 40839
19 196 35529
19 197 51408
19 198 44912
19 199 19654
19 200 25218
20 1 13382
20 2 48027
20 3 18975
20 4 40346
20 5 39899
20 6 40290
20 7 26677
20 8 37756
20 9 2282
20 10 12007
20 11 17472
20 12 25812
20 13 37736
20 14 54508
20 15 51396
20 16 47930
20 17 45635
20 18 31441
20 19 22659
20 21 42266
20 22 50898
20 23 45254
20 24 30101
20 25 43583
20 26 31200
20 27 24670
20 28 26208
20 29 22562
20 30 265
20 31 12533
20 32 262
20 33 11471
20 34 12704
20 35 11079
20 36 34460
20 37 48521
20 38 59930
20 39 41188
20 40 37608
20 41 52332
20 42 53286
20 43 55248
20 44 54946
20 45 38885
20 46 36563
20 47 29069
20 48 23084
20 49 26138
20 50 14278
20 51 1463
20 52 26648
20 53 33232
20 54 31112
20 55 43399
20 56 49081
20 57 49618
20 58 36735
20 59 41453
20 60 39653
20 61 46658
20 62 16439
20 63 13353
20 64 9779
20 65 1794
20 66 -8834
20 67 44122
20 68 19798
20 69 17548
20 70 9279
20 71 4672
20 72 42159
20 73 44813
20 74 48611
20 75 46447
20 76 19252
20 77 19961
20 78 16186
20 79 13195
20 80 28353
20 81 6123
20 82 28244
20 83 38274
20 84 43296
20 85 41898
20 86 48691
20 87 42632
20 88 19878
20 89 32177
20 90 11163
20 91 53255
20 92 47564
20 93 43579
20 94 37949
20 95 41800
20 96 41958
20 97 44533
20 98 48292
20 99 44663
20 100 49129
20 101 13030
20 102 8839
20 103 -3478
20 104 44209
20 105 31797
20 106 25538
20 107 21380
20 108 6166
20 109 29626
20 110 41740
20 111 20876
20 112 32151
20 113 46448
20 114 33541
20 115 46830
20 116 22428
20 117 44293
20 118 33756
20 119 57439
20 120 6143
20 121 22099
20 122 4511
20 123 23136
20 124 34073
20 125 37946
20 126 13131
20 127 20263
20 128 -5666
20 129 18916
20 130 33795
20 131 1761
20 132 17333
20 133 49281
20 134 28715
20 135 9532
20 136 14975
20 137 41777
20 138 27662
20 139 48224
20 140 59098
20 141 53244
20 142 55344
20 143 30752
20 144 47139
20 145 46686
20 146 27974
20 147 34074
20 148 17519
20 149 32857
20 150 27194
20 151 45090
20 152 35144
20 153 28303
20 154 25273
20 155 39788
20 156 30938
20 157 11819
20 158 18306
20 159 10487
20 160 -3128
20 161 -266
20 162 13059
20 163 29299
20 164 6714
20 165 40032
20 166 34264
20 167 20323
20 168 31147
20 169 16815
20 170 45515
20 171 43382
20 172 50463
20 173 45269
20 174 35592
20 175 23123
20 176 14117
20 177 27643
20 178 44021
20 179 34158
20 180 34494
20 181 777
20 182 17412
20 183 36855
20 184 21107
20 185 13968
20 186 51499
20 187 47389
20 188 -6867
20 189 11526
20 190 15193
20 191 52700
20 192 54320
20 193 49866
20 194 24817
20 195 30096
20 196 19050
20 197 44648
20 198 37926
20 199 40088
20 200 24825
21 1 26165
21 2 9436
21 3 23540
21 4 4248
21 5 25424
21 6 22340
21 7 36573
21 8 38297
21 9 32333
21 10 38916
21 11 43950
21 12 11209
21 13 10827
21 14 23481
21 15 10762
21 16 25921
21 17 33715
21 18 28102
21 19 42245
21 20 40936
21 22 5898
21 23 2454
21 24 19045
21 25 14339
21 26 6200
21 27 20105
21 28 15388
21 29 21798
21 30 33505
21 31 28356
21 32 39502
21 33 29192
21 34 30654
21 35 41545
21 36 49898
21 37 22043
21 38 30539
21 39 3106
21 40 4368
21 41 7596
21 42 18749
21 43 17263
21 44 28177
21 45 34404
21 46 41637
21 47 42614
21 48 33799
21 49 48870
21 50 23241
21 51 31611
21 52 27429
21 53 11905
21 54 8165
21 55 15952
21 56 6795
21 57 10311
21 58 7527
21 59 18276
21 60 29185
21 61 27269
21 62 37720
21 63 47116
21 64 41881
21 65 40466
21 66 35373
21 67 6843
21 68 13521
21 69 26010
21 70 34115
21 71 41780
21 72 -2410
21 73 -35
21 74 3672
21 75 2148
21 76 18268
21 77 20904
21 78 31347
21 79 22849
21 80 18518
21 81 26697
21 82 33619
21 83 31856
21 84 30948
21 85 19102
21 86 27370
21 87 9769
21 88 34072
21 89 20873
21 90 46062
21 91 28354
21 92 21886
21 93 21782
21 94 15712
21 95 16578
21 96 21582
21 97 16226
21 98 23203
21 99 24048
21 100 22000
21 101 30751
21 102 21622
21 103 34004
21 104 23594
21 105 7622
21 106 31663
21 107 44622
21 108 36120
21 109 11634
21 110 3416
21 111 17902
21 112 14743
21 113 30190
21 114 32978
21 115 6859
21 116 19564
21 117 16846
21 118 22106
21 119 29139
21 120 32101
21 121 21301
21 122 33088
21 123 40064
21 124 43774
21 125 33379
21 126 46147
21 127 29356
21 128 38549
21 129 28386
21 130 8398
21 131 42466
21 132 24011
21 133 4322
21 134 13554
21 135 38654
21 136 48738
21 137 10008
21 138 12662
21 139 11167
21 140 30196
21 141 28967
21 142 21336
21 143 50204
21 144 10748
21 145 3022
21 146 21927
21 147 18810
21 148 35469
21 149 4280
21 150 17359
21 151 19412
21 152 5936
21 153 31717
21 154 10273
21 155 3690
21 156 16135
21 157 26422
21 158 22871
21 159 33944
21 160 38044
21 161 35832
21 162 28427
21 163 17489
21 164 28645
21 165 13111
21 166 25465
21 167 22969
21 168 44951
21 169 25530
21 170 12201
21 171 -1557
21 172 15349
21 173 29948
21 174 36101
21 175 47259
21 176 21007
21 177 12275
21 178 4781
21 179 3755
21 180 1768
21 181 40696
21 182 31694
21 183 17173
21 184 16228
21 185 27563
21 186 9222
21 187 10998
21 188 36940
21 189 38435
21 190 27521
21 191 27587
21 192 25745
21 193 24505
21 194 32284
21 195 5921
21 196 18084
21 197 1470
21 198 -3014
21 199 35040
21 200 11230
22 1 36095
22 2 11203
22 3 33015
22 4 8390
22 5 29857
22 6 28263
22 7 44692
22 8 44520
22 9 42092
22 10 48398
22 11 52887
22 12 20893
22 13 16229
22 14 21858
22 15 5360
22 16 27322
22 17 37205
22 18 35137
22 19 50555
22 20 50936
22 21 7266
22 23 -4394
22 24 26061
22 25 16700
22 26 16200
22 27 29367
22 28 25219
22 29 29945
22 30 43443
22 31 37700
22 32 49333
22 33 38962
22 34 39587
22 35 50950
22 36 57117
22 37 23969
22 38 28130
22 39 1239
22 40 13108
22 41 -1503
22 42 17372
22 43 12547
22 44 27886
22 45 39461
22 46 47709
22 47 50024
22 48 41346
22 49 56916
22 50 33221
22 51 41567
22 52 35813
22 53 20776
22 54 15637
22 55 19908
22 56 3727
22 57 8200
22 58 15068
22 59 21730
22 60 34758
22 61 29874
22 62 46696
22 63 56599
22 64 50878
22 65 50108
22 66 45349
22 67 2777
22 68 22583
22 69 35705
22 70 43927
22 71 51531
22 72 -557
22 73 3874
22 74 -237
22 75 -3578
22 76 28156
22 77 30508
22 78 40514
22 79 32236
22 80 27425
22 81 36379
22 82 40892
22 83 37611
22 84 35175
22 85 21418
22 86 28094
22 87 11440
22 88 42954
22 89 28067
22 90 55715
22 91 29658
22 92 24741
22 93 24901
22 94 20959
22 95 20595
22 96 26141
22 97 19026
22 98 25415
22 99 28020
22 100 23086
22 101 40521
22 102 31552
22 103 43903
22 104 27566
22 105 17058
22 106 39640
22 107 53251
22 108 45700
22 109 20911
22 110 9863
22 111 27834
22 112 22381
22 113 32599
22 114 39284
22 115 7827
22 116 29208
22 117 20802
22 118 27470
22 119 28522
22 120 41728
22 121 29733
22 122 43063
22 123 48280
22 124 50829
22 125 38533
22 126 55612
22 127 38444
22 128 48541
22 129 37677
22 130 15034
22 131 52357
22 132 33759
22 133 -4728
22 134 20956
22 135 48075
22 136 58221
22 137 14547
22 138 22662
22 139 11167
22 140 28017
22 141 29532
22 142 19336
22 143 57941
22 144 10748
22 145 -2640
22 146 30685
22 147 25218
22 148 44402
22 149 13984
22 150 26266
22 151 22267
22 152 13477
22 153 39500
22 154 20273
22 155 7832
22 156 24529
22 157 36319
22 158 32346
22 159 43117
22 160 47996
22 161 45636
22 162 38056
22 163 25049
22 164 37906
22 165 17670
22 166 32005
22 167 32192
22 168 52451
22 169 34402
22 170 11739
22 171 -5466
22 172 14336
22 173 33491
22 174 42012
22 175 55933
22 176 30923
22 177 21070
22 178 5673
22 179 11999
22 180 11568
22 181 50442
22 182 40235
22 183 23019
22 184 26026
22 185 37171
22 186 4768
22 187 10998
22 188 46933
22 189 47917
22 190 36700
22 191 28185
22 192 25416
22 193 25852
22 194 40350
22 195 15357
22 196 27838
22 197 1470
22 198 5226
22 199 40728
22 200 20128
23 1 43064
23 2 22320
23 3 36614
23 4 9248
23 5 40971
23 6 39030
23 7 54531
23 8 55314
23 9 46102
23 10 56611
23 11 61934
23 12 25812
23 13 27032
23 14 32169
23 15 14549
23 16 38355
23 17 48386
23 18 45583
23 19 60252
23 20 56764
23 21 15294
23 22 7078
23 24 25668
23 25 12367
23 26 23126
23 27 38055
23 28 32852
23 29 30808
23 30 50203
23 31 46201
23 32 56544
23 33 43250
23 34 41333
23 35 53610
23 36 67551
23 37 35122
23 38 37819
23 39 -5292
23 40 22297
23 41 7407
23 42 28057
23 43 21522
23 44 38563
23 45 50527
23 46 58574
23 47 60344
23 48 51576
23 49 66835
23 50 38922
23 51 46740
23 52 45425
23 53 29927
23 54 17248
23 55 17402
23 56 2761
23 57 19089
23 58 25030
23 59 32894
23 60 45682
23 61 41038
23 62 55703
23 63 64771
23 64 59833
23 65 53324
23 66 50486
23 67 -7784
23 68 25582
23 69 43545
23 70 51320
23 71 55335
23 72 6719
23 73 13082
23 74 8643
23 75 784
23 76 33390
23 77 34605
23 78 42951
23 79 35432
23 80 30286
23 81 40257
23 82 51258
23 83 48511
23 84 46321
23 85 32577
23 86 38952
23 87 22619
23 88 52083
23 89 38391
23 90 63504
23 91 40716
23 92 35920
23 93 36080
23 94 31865
23 95 31693
23 96 37201
23 97 30201
23 98 36579
23 99 39155
23 100 34143
23 101 48095
23 102 36754
23 103 48527
23 104 38701
23 105 25597
23 106 49575
23 107 62649
23 108 53695
23 109 25029
23 110 13825
23 111 34964
23 112 32429
23 113 43731
23 114 50044
23 115 18964
23 116 33553
23 117 31885
23 118 38437
23 119 39137
23 120 45289
23 121 31154
23 122 49567
23 123 58053
23 124 61324
23 125 49580
23 126 63825
23 127 47330
23 128 54657
23 129 40620
23 130 15837
23 131 59300
23 132 41470
23 133 4568
23 134 21574
23 135 50836
23 136 61034
23 137 25456
23 138 29285
23 139 7071
23 140 37827
23 141 40412
23 142 29702
23 143 68077
23 144 21863
23 145 8123
23 146 39954
23 147 35847
23 148 53468
23 149 19778
23 150 29127
23 151 33446
23 152 23439
23 153 49560
23 154 26896
23 155 8690
23 156 34097
23 157 41285
23 158 35945
23 159 51856
23 160 54590
23 161 49734
23 162 46014
23 163 25623
23 164 40395
23 165 15895
23 166 42632
23 167 40913
23 168 62719
23 169 36339
23 170 4574
23 171 4973
23 172 25184
23 173 44669
23 174 52904
23 175 65283
23 176 38025
23 177 24070
23 178 16836
23 179 15748
23 180 19630
23 181 57920
23 182 49719
23 183 33792
23 184 30967
23 185 40940
23 186 867
23 187 6367
23 188 52419
23 189 56130
23 190 45458
23 191 39094
23 192 36151
23 193 36925
23 194 50224
23 195 20236
23 196 32496
23 197 5579
23 198 11288
23 199 51653
23 200 29258
24 1 24675
24 2 33982
24 3 10756
24 4 12276
24 5 44050
24 6 40290
24 7 44956
24 8 51995
24 9 18028
24 10 39208
24 11 46555
24 12 10398
24 13 31417
24 14 47760
24 15 35647
24 16 47930
24 17 52692
24 18 41363
24 19 48147
24 20 31992
24 21 22266
24 22 27914
24 23 16049
24 25 9339
24 26 16816
24 27 28158
24 28 22007
24 29 -200
24 30 28549
24 31 31441
24 32 34835
24 33 17016
24 34 10343
24 35 23146
24 36 58949
24 37 44477
24 38 54901
24 39 9643
24 40 24223
24 41 30489
24 42 43288
24 43 42262
24 44 51592
24 45 50527
24 46 54651
24 47 51735
24 48 43252
24 49 54625
24 50 17800
24 51 21419
24 52 37056
24 53 26588
24 54 3165
24 55 9870
24 56 21423
24 57 35271
24 58 27074
24 59 39299
24 60 45890
24 61 48156
24 62 41314
24 63 45904
24 64 42767
24 65 23092
24 66 23453
24 67 10283
24 68 1416
24 69 28313
24 70 32237
24 71 26259
24 72 19291
24 73 24462
24 74 25670
24 75 21143
24 76 13371
24 77 10974
24 78 13034
24 79 7650
24 80 7490
24 81 12728
24 82 44678
24 83 47540
24 84 49361
24 85 40728
24 86 49646
24 87 33371
24 88 39400
24 89 35666
24 90 43711
24 91 50835
24 92 43721
24 93 42757
24 94 35276
24 95 37667
24 96 41278
24 97 38580
24 98 45267
24 99 44229
24 100 44906
24 101 30523
24 102 13607
24 103 21231
24 104 43775
24 105 21937
24 106 41145
24 107 48879
24 108 35265
24 109 10022
24 110 17132
24 111 20459
24 112 30436
24 113 50707
24 114 46777
24 115 31680
24 116 11746
24 117 38448
24 118 39277
24 119 52844
24 120 16603
24 121 1114
24 122 27795
24 123 46765
24 124 54337
24 125 49409
24 126 45212
24 127 34927
24 128 30339
24 129 12280
24 130 4263
24 131 36862
24 132 26240
24 133 25673
24 134 -2590
24 135 20575
24 136 30595
24 137 32323
24 138 17662
24 139 17182
24 140 54458
24 141 51710
24 142 45942
24 143 57381
24 144 35248
24 145 27429
24 146 32147
24 147 35598
24 148 39879
24 149 14121
24 150 6331
24 151 41247
24 152 25483
24 153 42184
24 154 15273
24 155 11718
24 156 29712
24 157 17221
24 158 10087
24 159 36355
24 160 31598
24 161 21357
24 162 29854
24 163 -2183
24 164 10130
24 165 7049
24 166 40632
24 167 29378
24 168 53847
24 169 6115
24 170 11385
24 171 21786
24 172 39878
24 173 49472
24 174 50232
24 175 51185
24 176 21102
24 177 5120
24 178 29522
24 179 10346
24 180 19213
24 181 36236
24 182 38085
24 183 35608
24 184 11423
24 185 13968
24 186 23081
24 187 15803
24 188 26744
24 189 38727
24 190 32059
24 191 50424
24 192 49382
24 193 47034
24 194 41286
24 195 10552
24 196 10932
24 197 19399
24 198 15847
24 199 50535
24 200 23202
25 1 34533
25 2 29146
25 3 23540
25 4 4248
25 5 44791
25 6 41210
25 7 51605
25 8 56031
25 9 32333
25 10 49347
25 11 56112
25 12 16611
25 13 30371
25 14 42848
25 15 27628
25 16 45921
25 17 53312
25 18 45330
25 19 56276
25 20 45180
25 21 17266
25 22 18259
25 23 2454
25 24 9045
25 26 18561
25 27 33800
25 28 27335
25 29 14752
25 30 40364
25 31 40118
25 32 46946
25 33 30383
25 34 25343
25 35 38123
25 36 65796
25 37 42043
25 38 49666
25 39 -4460
25 40 22792
25 41 20674
25 42 38050
25 43 34770
25 44 47984
25 45 53136
25 46 59266
25 47 58407
25 48 49601
25 49 63082
25 50 28617
25 51 34632
25 52 42641
25 53 28387
25 54 5207
25 55 1310
25 56 9903
25 57 29003
25 58 26324
25 59 38126
25 60 47880
25 61 47178
25 62 50205
25 63 56922
25 64 53290
25 65 38064
25 66 37584
25 67 -4651
25 68 12591
25 69 36747
25 70 42844
25 71 40965
25 72 11557
25 73 18016
25 74 16849
25 75 10657
25 76 23110
25 77 22494
25 78 27819
25 79 21506
25 80 17505
25 81 26697
25 82 50082
25 83 50260
25 84 50322
25 85 39074
25 86 47354
25 87 29706
25 88 47304
25 89 38451
25 90 55030
25 91 48347
25 92 41845
25 93 41657
25 94 35087
25 95 36382
25 96 41106
25 97 36213
25 98 43195
25 99 43736
25 100 41969
25 101 40287
25 102 25468
25 103 35331
25 104 43282
25 105 23368
25 106 47162
25 107 57753
25 108 45885
25 109 15254
25 110 11369
25 111 27834
25 112 32360
25 113 50087
25 114 50702
25 115 26285
25 116 22126
25 117 36716
25 118 40964
25 119 48851
25 120 31084
25 121 15702
25 122 39533
25 123 54453
25 124 60224
25 125 52060
25 126 56104
25 127 42413
25 128 43400
25 129 26377
25 130 3532
25 131 49253
25 132 34568
25 133 15743
25 134 6539
25 135 35520
25 136 45577
25 137 29916
25 138 22662
25 139 4111
25 140 49429
25 141 48921
25 142 40458
25 143 65144
25 144 30292
25 145 19217
25 146 36984
25 147 37247
25 148 48309
25 149 14524
25 150 16346
25 151 39371
25 152 24733
25 153 47668
25 154 20273
25 155 3690
25 156 32624
25 157 29549
25 158 22871
25 159 45716
25 160 44128
25 161 35832
25 162 38993
25 163 10114
25 164 25047
25 165 647
25 166 43440
25 167 36136
25 168 60612
25 169 20933
25 170 -3556
25 171 13508
25 172 34724
25 173 49609
25 174 54077
25 175 60220
25 176 30085
25 177 12275
25 178 24276
25 179 8853
25 180 18247
25 181 48486
25 182 45673
25 183 36174
25 184 20612
25 185 27563
25 186 10634
25 187 2258
25 188 40293
25 189 48866
25 190 40078
25 191 47536
25 192 45510
25 193 44498
25 194 47560
25 195 12769
25 196 21357
25 197 10210
25 198 10853
25 199 53423
25 200 26743
26 1 16306
26 2 15397
26 3 14642
26 4 8390
26 5 23801
26 6 19979
26 7 29538
26 8 33752
26 9 22725
26 10 29737
26 11 35484
26 12 2469
26 13 10827
26 14 27914
26 15 18704
26 16 27322
26 17 32484
26 18 23012
26 19 34671
26 20 30936
26 21 7266
26 22 15898
26 23 11352
26 24 14661
26 25 16700
26 27 11886
26 28 5986
26 29 15201
26 30 23608
26 31 19505
26 32 29754
26 33 19616
26 34 22359
26 35 32436
26 36 43601
26 37 23969
26 38 34989
26 39 9537
26 40 4368
26 41 17449
26 42 23936
26 43 24288
26 44 31229
26 45 31263
26 46 36939
26 47 36212
26 48 27377
26 49 41475
26 50 13284
26 51 21685
26 52 20427
26 53 6366
26 54 5207
26 55 17017
26 56 15179
26 57 17251
26 58 6559
26 59 18684
26 60 26164
26 61 27568
26 62 29303
26 63 37867
26 64 33226
26 65 30965
26 66 25408
26 67 13518
26 68 5780
26 69 16638
26 70 24440
26 71 32153
26 72 7260
26 73 9841
26 74 13630
26 75 11715
26 76 8556
26 77 11816
26 78 22773
26 79 14019
26 80 11308
26 81 17257
26 82 27740
26 83 28281
26 84 29228
26 85 20116
26 86 29041
26 87 13461
26 88 25925
26 89 16313
26 90 36581
26 91 30290
26 92 23151
26 93 22146
26 94 14699
26 95 17063
26 96 20735
26 97 18133
26 98 24698
26 99 23656
26 100 24473
26 101 21175
26 102 11763
26 103 24164
26 104 23202
26 105 1442
26 106 24949
26 107 36587
26 108 26776
26 109 4485
26 110 8150
26 111 8091
26 112 10446
26 113 30190
26 114 28431
26 115 13653
26 116 10466
26 117 17911
26 118 19395
26 119 32617
26 120 22714
26 121 14307
26 122 23133
26 123 32676
26 124 37902
26 125 30164
26 126 36931
26 127 21022
26 128 28560
26 129 19719
26 130 6975
26 131 32629
26 132 14549
26 133 14297
26 134 9217
26 135 29536
26 136 39489
26 137 12119
26 138 2662
26 139 16819
26 140 34465
26 141 31175
26 142 26577
26 143 43238
26 144 16150
26 145 12241
26 146 14716
26 147 15586
26 148 27174
26 149 -658
26 150 10149
26 151 20677
26 152 4968
26 153 25364
26 154 273
26 155 7832
26 156 10345
26 157 16624
26 158 13973
26 159 25232
26 160 28119
26 161 26135
26 162 19113
26 163 12537
26 164 19832
26 165 13675
26 166 21360
26 167 14575
26 168 38446
26 169 17532
26 170 16762
26 171 8401
26 172 20596
26 173 29079
26 174 31845
26 175 39150
26 176 11193
26 177 5840
26 178 11216
26 179 2597
26 180 -85
26 181 31056
26 182 23997
26 183 15175
26 184 6792
26 185 18301
26 186 17700
26 187 16400
26 188 26953
26 189 29256
26 190 18980
26 191 29919
26 192 29151
26 193 26504
26 194 25406
26 195 -259
26 196 8696
26 197 10210
26 198 3311
26 199 31406
26 200 4382
27 1 7707
27 2 21996
27 3 17230
27 4 22532
27 5 16162
27 6 14121
27 7 15550
27 8 21595
27 9 19386
27 10 16812
27 11 21627
27 12 11209
27 13 10827
27 14 27914
27 15 24904
27 16 22937
27 17 24107
27 18 11086
27 19 20529
27 20 22862
27 21 19627
27 22 27521
27 23 24737
27 24 24459
27 25 30395
27 26 10342
27 28 4632
27 29 21798
27 30 13810
27 31 6077
27 32 18492
27 33 17840
27 34 23884
27 35 30616
27 36 29758
27 37 22043
27 38 33917
27 39 23643
27 40 13108
27 41 27988
27 42 26360
27 43 28357
27 44 29036
27 45 20520
27 46 24280
27 47 22375
27 48 13604
27 49 27334
27 50 10059
27 51 16205
27 52 6767
27 53 7524
27 54 17762
27 55 30461
27 56 28768
27 57 23207
27 58 10746
27 59 15205
27 60 16854
27 61 22045
27 62 15398
27 63 24997
27 64 19527
27 65 26789
27 66 18069
27 67 27640
27 68 12591
27 69 5130
27 70 13362
27 71 27912
27 72 19951
27 73 21501
27 74 25756
27 75 24501
27 76 10049
27 77 14800
27 78 24206
27 79 15795
27 80 19483
27 81 15670
27 82 14448
27 83 17714
27 84 20845
27 85 16206
27 86 24334
27 87 15739
27 88 11856
27 89 6962
27 90 24316
27 91 27337
27 92 21003
27 93 17832
27 94 11275
27 95 15050
27 96 15925
27 97 17672
27 98 22023
27 99 18856
27 100 22729
27 101 9932
27 102 8990
27 103 18862
27 104 18402
27 105 7622
27 106 11190
27 107 22515
27 108 14209
27 109 15254
27 110 22172
27 111 3760
27 112 5248
27 113 23420
27 114 16404
27 115 21031
27 116 14457
27 117 17386
27 118 10548
27 119 31210
27 120 20676
27 121 20572
27 122 14352
27 123 18548
27 124 24403
27 125 19402
27 126 24003
27 127 7025
27 128 19666
27 129 21867
27 130 20053
27 131 21886
27 132 3793
27 133 26225
27 134 19864
27 135 27883
27 136 36847
27 137 15103
27 138 8842
27 139 30956
27 140 33160
27 141 27810
27 142 28442
27 143 29159
27 144 20432
27 145 21625
27 146 2067
27 147 8292
27 148 13186
27 149 13428
27 150 18324
27 151 18529
27 152 9155
27 153 11928
27 154 6453
27 155 21974
27 156 4021
27 157 14036
27 158 16561
27 159 11586
27 160 18249
27 161 21750
27 162 6854
27 163 22276
27 164 19832
27 165 27032
27 166 11181
27 167 608
27 168 24568
27 169 20933
27 170 30821
27 171 19832
27 172 23561
27 173 21853
27 174 19843
27 175 25105
27 176 3186
27 177 15951
27 178 18011
27 179 16558
27 180 11568
27 181 19195
27 182 9855
27 183 10362
27 184 10612
27 185 18301
27 186 31279
27 187 30542
27 188 19533
27 189 16331
27 190 5160
27 191 26978
27 192 27953
27 193 23808
27 194 11531
27 195 12769
27 196 11405
27 197 23554
27 198 16846
27 199 20537
27 200 -1798
28 1 8890
28 2 19877
28 3 12739
28 4 16271
28 5 20727
28 6 17443
28 7 22220
28 8 27991
28 9 18028
28 10 21691
28 11 27472
28 12 4618
28 13 11295
28 14 29341
28 15 23387
28 16 26276
28 17 29158
28 18 17299
28 19 26958
28 20 24220
28 21 14730
28 22 23193
28 23 19354
28 24 18128
28 25 23750
28 26 4262
28 27 4452
28 29 16266
28 30 16216
28 31 11456
28 32 22050
28 33 15416
28 34 20343
28 35 28688
28 36 36447
28 37 24062
28 38 35985
28 39 17507
28 40 9339
28 41 24271
28 42 26509
28 43 27931
28 44 31454
28 45 26465
28 46 30846
28 47 29069
28 48 20309
28 49 33778
28 50 7829
28 51 15873
28 52 13455
28 53 5515
28 54 11054
28 55 23781
28 56 23212
28 57 21618
28 58 8793
28 59 17799
28 60 22067
28 61 25807
28 62 21322
28 63 29842
28 64 25175
28 65 26162
28 66 19100
28 67 21447
28 68 6700
28 69 8620
28 70 16653
28 71 27189
28 72 14958
28 73 17027
28 74 21116
28 75 19502
28 76 5341
28 77 9968
28 78 20570
28 79 11802
28 80 13270
28 81 13280
28 82 21115
28 83 23501
28 84 25807
28 85 19188
28 86 27914
28 87 15674
28 88 18069
28 89 11799
28 90 28644
28 91 29960
28 92 23006
28 93 20907
28 94 13492
28 95 16798
28 96 19011
28 97 18828
28 98 24387
28 99 22045
28 100 24759
28 101 13290
28 102 6769
28 103 18606
28 104 21591
28 105 3513
28 106 17899
28 107 28693
28 108 18774
28 109 8574
28 110 16201
28 111 812
28 112 7484
28 113 27826
28 114 22745
28 115 18597
28 116 9133
28 117 18397
28 118 15566
28 119 33260
28 120 18652
28 121 15085
28 122 15992
28 123 25069
28 124 31105
28 125 25346
28 126 28898
28 127 13147
28 128 21573
28 129 17763
28 130 13356
28 131 25066
28 132 6572
28 133 21731
28 134 13334
28 135 25837
28 136 35369
28 137 14348
28 138 2134
28 139 24726
28 140 35325
28 141 30731
28 142 28937
28 143 35740
28 144 19534
28 145 18434
28 146 8125
28 147 12249
28 148 19241
28 149 7138
28 150 12111
28 151 20532
28 152 7202
28 153 18603
28 154 -255
28 155 15713
28 156 6240
28 157 11819
28 158 12070
28 159 17189
28 160 20790
28 161 21039
28 162 11086
28 163 15912
28 164 16926
28 165 20345
28 166 16646
28 167 6766
28 168 31255
28 169 16480
28 170 24332
28 171 15559
28 172 23403
28 173 26341
28 174 26208
28 175 31230
28 176 3701
28 177 9388
28 178 15851
28 179 10091
28 180 6623
28 181 23235
28 182 16309
28 183 13149
28 184 5099
28 185 15045
28 186 25735
28 187 24256
28 188 20511
28 189 21210
28 190 11009
28 191 29679
28 192 29864
28 193 26294
28 194 18231
28 195 6143
28 196 6460
28 197 18169
28 198 11288
28 199 26467
28 200 -473
29 1 20932
29 2 37284
29 3 6101
29 4 18018
29 5 44249
29 6 40783
29 7 42243
29 8 50425
29 9 11227
29 10 34667
29 11 42121
29 12 11050
29 13 33029
29 14 50381
29 15 39798
29 16 49231
29 17 52692
29 18 40131
29 19 44447
29 20 25769
29 21 26335
29 22 33114
29 23 22505
29 24 1116
29 25 16362
29 26 18672
29 27 26813
29 28 21461
29 30 23194
29 31 27910
29 32 29115
29 33 11073
29 34 3381
29 35 16101
29 36 55730
29 37 46236
29 38 57461
29 39 16371
29 40 26708
29 41 35594
29 42 46277
29 43 46046
29 44 53594
29 45 49589
29 46 52614
29 47 48713
29 48 40515
29 49 50584
29 50 13887
29 51 15333
29 52 35237
29 53 27459
29 54 7930
29 55 16730
29 56 27434
29 57 38910
29 58 28959
29 59 40560
29 60 45556
29 61 49054
29 62 37384
29 63 40718
29 64 37684
29 65 16042
29 66 16660
29 67 17337
29 68 111
29 69 25309
29 70 27651
29 71 19229
29 72 24182
29 73 28819
29 74 30733
29 75 26737
29 76 10907
29 77 7597
29 78 6010
29 79 1606
29 80 7704
29 81 6257
29 82 42512
29 83 46750
29 84 49342
29 85 42033
29 86 50943
29 87 35919
29 88 36150
29 89 35305
29 90 38421
29 91 52466
29 92 45318
29 93 43883
29 94 36317
29 95 39135
29 96 42138
29 97 40495
29 98 46843
29 99 45157
29 100 46810
29 101 26558
29 102 8900
29 103 14511
29 104 44703
29 105 23275
29 106 38828
29 107 44787
29 108 30436
29 109 11869
29 110 22031
29 111 18712
29 112 30786
29 113 51279
29 114 45317
29 115 35220
29 116 9470
29 117 40191
29 118 39089
29 119 55051
29 120 9715
29 121 -4502
29 122 22594
29 123 43342
29 124 51742
29 125 48471
29 126 40105
29 127 32116
29 128 24156
29 129 6000
29 130 9788
29 131 31001
29 132 23391
29 133 30987
29 134 2425
29 135 13510
29 136 23555
29 137 34591
29 138 17910
29 139 23760
29 140 56933
29 141 53345
29 142 48936
29 143 53708
29 144 38354
29 145 31968
29 146 31045
29 147 35748
29 148 36268
29 149 16996
29 150 6545
29 151 42844
29 152 27368
29 153 40167
29 154 15521
29 155 17460
29 156 29712
29 157 12133
29 158 5432
29 159 32191
29 160 25714
29 161 14432
29 162 26218
29 163 2097
29 164 3059
29 165 13758
29 166 40038
29 167 27200
29 168 50793
29 169 -902
29 170 18432
29 171 26600
29 172 42903
29 173 49838
29 174 48692
29 175 46999
29 176 18046
29 177 7112
29 178 32960
29 179 14535
29 180 21844
29 181 30354
29 182 34887
29 183 36311
29 184 9754
29 185 7982
29 186 29294
29 187 22482
29 188 20308
29 189 34186
29 190 28908
29 191 52148
29 192 51587
29 193 48714
29 194 38823
29 195 13180
29 196 8280
29 197 24813
29 198 20225
29 199 49604
29 200 23035
30 1 7935
30 2 42286
30 3 17827
30 4 36968
30 5 32852
30 6 33520
30 7 19883
30 8 30898
30 9 6102
30 10 6196
30 11 13088
30 12 22324
30 13 31417
30 14 47760
30 15 45451
30 16 40921
30 17 38582
30 18 24370
30 19 17245
30 20 3007
30 21 37577
30 22 46147
30 23 41435
30 24 29400
30 25 41509
30 26 26614
30 27 18360
30 28 20946
30 29 22729
30 31 5470
30 32 -212
30 33 11471
30 34 15838
30 35 16616
30 36 29170
30 37 41764
30 38 53011
30 39 38106
30 40 32297
30 41 47292
30 42 46873
30 43 48941
30 44 48030
30 45 31948
30 46 30174
30 47 23239
30 48 16704
30 49 21951
30 50 10932
30 51 2621
30 52 19624
30 53 27459
30 54 28520
30 55 41270
30 56 45210
30 57 43709
30 58 30944
30 59 34651
30 60 32593
30 61 39634
30 62 10428
30 63 10725
30 64 7700
30 65 8788
30 66 -1967
30 67 41486
30 68 17968
30 69 11192
30 70 2237
30 71 11091
30 72 37671
30 73 39989
30 74 43982
30 75 42119
30 76 16032
30 77 17953
30 78 18042
30 79 13195
30 80 26288
30 81 7412
30 82 21436
30 83 31214
30 84 36225
30 85 34977
30 86 41638
30 87 36333
30 88 12981
30 89 25319
30 90 8423
30 91 46358
30 92 40847
30 93 36677
30 94 31311
30 95 35182
30 96 35130
30 97 37986
30 98 41478
30 99 37784
30 100 42339
30 101 6310
30 102 6560
30 103 2100
30 104 37330
30 105 26442
30 106 18560
30 107 16504
30 108 1068
30 109 26416
30 110 37855
30 111 15794
30 112 25715
30 113 39376
30 114 26604
30 115 41191
30 116 19900
30 117 37815
30 118 26703
30 119 50585
30 120 9368
30 121 21923
30 122 -427
30 123 17240
30 124 27841
30 125 30992
30 126 10147
30 127 13211
30 128 -878
30 129 19148
30 130 31223
30 131 2304
30 132 11227
30 133 44631
30 134 27143
30 135 14619
30 136 21234
30 137 35688
30 138 23157
30 139 45148
30 140 52168
30 141 46270
30 142 48824
30 143 25968
30 144 41035
30 145 41370
30 146 21377
30 147 27251
30 148 10969
30 149 28721
30 150 25129
30 151 38373
30 152 29353
30 153 21269
30 154 20768
30 155 36410
30 156 24622
30 157 10150
30 158 17158
30 159 4598
30 160 -2227
30 161 5545
30 162 6150
30 163 28119
30 164 10130
30 165 37837
30 166 27231
30 167 13600
30 168 25296
30 169 17833
30 170 43200
30 171 38542
30 172 44142
30 173 38206
30 174 28804
30 175 18450
30 176 8737
30 177 25087
30 178 38294
30 179 30591
30 180 29575
30 181 1331
30 182 10783
30 183 30164
30 184 17973
30 185 13968
30 186 47691
30 187 44431
30 188 117
30 189 5715
30 190 8122
30 191 45764
30 192 47506
30 193 42996
30 194 17878
30 195 26364
30 196 16375
30 197 40497
30 198 33636
30 199 33059
30 200 18697
31 1 7330
31 2 34224
31 3 21614
31 4 34248
31 5 21004
31 6 22783
31 7 8702
31 8 19263
31 9 16400
31 10 4258
31 11 9501
31 12 20893
31 13 22035
31 14 36802
31 15 36560
31 16 29196
31 17 26543
31 18 12365
31 19 10134
31 20 15041
31 21 32194
31 22 40170
31 23 37199
31 24 32058
31 25 41029
31 26 22277
31 27 10393
31 28 15952
31 29 27211
31 30 5236
31 32 6956
31 33 18207
31 34 24475
31 35 27619
31 36 21253
31 37 30881
31 38 41531
31 39 35512
31 40 25757
31 41 40579
31 42 36885
31 43 39109
31 44 36594
31 45 20104
31 46 19599
31 47 14335
31 48 6544
31 49 16705
31 50 12930
31 51 12375
31 52 8072
31 53 20144
31 54 27878
31 55 40890
31 56 41132
31 57 35059
31 58 23186
31 59 23677
31 60 20684
31 61 27865
31 62 3523
31 63 12378
31 64 7150
31 65 20810
31 66 9881
31 67 39419
31 68 19745
31 69 5660
31 70 4448
31 71 22832
31 72 32513
31 73 34139
31 74 38386
31 75 37076
31 76 16498
31 77 20322
31 78 25570
31 79 18692
31 80 27425
31 81 15340
31 82 10021
31 83 19173
31 84 24213
31 85 23574
31 86 29738
31 87 26784
31 88 1856
31 89 14386
31 90 12021
31 91 35011
31 92 30120
31 93 25358
31 94 20959
31 95 24818
31 96 24111
31 97 27776
31 98 30426
31 99 26569
31 100 31327
31 101 3766
31 102 10595
31 103 13638
31 104 26115
31 105 20212
31 106 6718
31 107 11113
31 108 1848
31 109 25189
31 110 34225
31 111 12245
31 112 16304
31 113 27362
31 114 14788
31 115 33356
31 116 21135
31 117 27873
31 118 14836
31 119 39335
31 120 18934
31 121 26071
31 122 8050
31 123 8864
31 124 17856
31 125 19116
31 126 11375
31 127 1714
31 128 10715
31 129 24810
31 130 30430
31 131 10845
31 132 6305
31 133 38870
31 134 28449
31 135 25309
31 136 32771
31 137 26872
31 138 19685
31 139 42701
31 140 40656
31 141 34656
31 142 38510
31 143 19376
31 144 31951
31 145 34115
31 146 11943
31 147 16367
31 148 1866
31 149 25147
31 150 26266
31 151 27646
31 152 21595
31 153 9269
31 154 17296
31 155 33690
31 156 15807
31 157 15113
31 158 20945
31 159 -836
31 160 8416
31 161 17029
31 162 -23
31 163 30172
31 164 19327
31 165 37420
31 166 15489
31 167 4382
31 168 16400
31 169 24030
31 170 42023
31 171 32482
31 172 34420
31 173 26261
31 174 17315
31 175 13544
31 176 6363
31 177 25070
31 178 30233
31 179 27957
31 180 24079
31 181 6973
31 182 525
31 183 19686
31 184 18084
31 185 20023
31 186 43653
31 187 42198
31 188 12157
31 189 3777
31 190 -3784
31 191 34276
31 192 36382
31 193 31737
31 194 6176
31 195 23810
31 196 17641
31 197 35992
31 198 29179
31 199 21051
31 200 10666
32 1 17771
32 2 50996
32 3 27855
32 4 47172
32 5 37630
32 6 40241
32 7 21729
32 8 32485
32 9 13034
32 10 6492
32 11 7996
32 12 32560
32 13 39299
32 14 54156
32 15 53744
32 16 45930
32 17 41688
32 18 28736
32 19 14177
32 20 6706
32 21 47276
32 22 55739
32 23 51478
32 24 39388
32 25 51793
32 26 36462
32 27 26744
32 28 30482
32 29 32352
32 30 3490
32 31 10892
32 33 20966
32 34 23449
32 35 21363
32 36 25375
32 37 48288
32 38 58501
32 39 48347
32 40 41580
32 41 56648
32 42 54329
32 43 56542
32 44 53660
32 45 33901
32 46 29439
32 47 20957
32 48 16347
32 49 16040
32 50 21227
32 51 11205
32 52 25426
32 53 36357
32 54 38816
32 55 51556
32 56 55256
32 57 52126
32 58 39722
32 59 41072
32 60 37237
32 61 44564
32 62 9859
32 63 2914
32 64 -991
32 65 9145
32 66 -3218
32 67 51770
32 68 28187
32 69 19941
32 70 10390
32 71 14326
32 72 47460
32 73 49576
32 74 53671
32 75 51965
32 76 26321
32 77 28175
32 78 26634
32 79 22800
32 80 36545
32 81 16257
32 82 22990
32 83 34776
32 84 40157
32 85 40728
32 86 46003
32 87 44130
32 88 16091
32 89 31837
32 90 1493
32 91 52189
32 92 47564
32 93 42591
32 94 38417
32 95 42280
32 96 41506
32 97 45232
32 98 47780
32 99 43879
32 100 48685
32 101 14883
32 102 16760
32 103 7171
32 104 43425
32 105 35761
32 106 21615
32 107 12283
32 108 -90
32 109 36681
32 110 47929
32 111 25551
32 112 33520
32 113 43133
32 114 28785
32 115 50019
32 116 30185
32 117 45288
32 118 31484
32 119 56548
32 120 16848
32 121 31682
32 122 9859
32 123 15525
32 124 26762
32 125 33104
32 126 2945
32 127 19178
32 128 -248
32 129 28660
32 130 41518
32 131 -5183
32 132 20280
32 133 54289
32 134 37345
32 135 20074
32 136 24536
32 137 43951
32 138 33102
32 139 55394
32 140 57595
32 141 51536
32 142 55974
32 143 21154
32 144 49168
32 145 50495
32 146 29055
32 147 33814
32 148 12363
32 149 38748
32 150 35386
32 151 45090
32 152 38131
32 153 24847
32 154 30713
32 155 46614
32 156 32753
32 157 20215
32 158 27186
32 159 4016
32 160 -2396
32 161 10130
32 162 13854
32 163 38234
32 164 17473
32 165 48126
32 166 32468
32 167 21216
32 168 23108
32 169 26978
32 170 53496
32 171 48091
32 172 51820
32 173 42528
32 174 29893
32 175 13787
32 176 18471
32 177 35381
32 178 47011
32 179 40774
32 180 39181
32 181 -8965
32 182 12086
32 183 37149
32 184 28262
32 185 23526
32 186 57752
32 187 54693
32 188 3266
32 189 6011
32 190 13627
32 191 51310
32 192 53674
32 193 48976
32 194 20645
32 195 36526
32 196 26665
32 197 50444
32 198 43553
32 199 36051
32 200 27202
33 1 9259
33 2 38353
33 3 3894
33 4 26310
33 5 37710
33 6 35588
33 7 30583
33 8 40348
33 9 -652
33 10 20548
33 11 27940
33 12 12661
33 13 30484
33 14 48497
33 15 41875
33 16 44521
33 17 45286
33 18 31200
33 19 31078
33 20 11200
33 21 30251
33 22 38653
33 23 31469
33 24 14854
33 25 28515
33 26 19609
33 27 19377
33 28 17133
33 29 7595
33 30 8458
33 31 15428
33 32 14251
33 34 2712
33 35 9480
33 36 42794
33 37 43010
33 38 54998
33 39 26714
33 40 27264
33 41 40579
33 42 45683
33 43 46914
33 44 50291
33 45 40492
33 46 41481
33 47 36167
33 48 28544
33 49 36672
33 50 3977
33 51 612
33 52 25737
33 53 24705
33 54 16510
33 55 28380
33 56 35481
33 57 40224
33 58 27774
33 59 36466
33 60 38129
33 61 43676
33 62 23917
33 63 25978
33 64 22954
33 65 7556
33 66 3600
33 67 29257
33 68 4909
33 69 14613
33 70 13729
33 71 8795
33 72 29615
33 73 32942
33 74 36224
33 75 33494
33 76 6677
33 77 5552
33 78 3570
33 79 -1957
33 80 13567
33 81 -5915
33 82 31586
33 83 38286
33 84 42170
33 85 37667
33 86 45962
33 87 34854
33 88 23856
33 89 28572
33 90 23648
33 91 48666
33 92 41938
33 93 39309
33 94 32261
33 95 35780
33 96 37365
33 97 37974
33 98 43195
33 99 40350
33 100 43721
33 101 13766
33 102 -2653
33 103 1493
33 104 39896
33 105 21996
33 106 27926
33 107 30952
33 108 16014
33 109 15895
33 110 28397
33 111 12245
33 112 26036
33 113 44952
33 114 35519
33 115 36822
33 116 8473
33 117 37547
33 118 31941
33 119 52248
33 120 -538
33 121 6952
33 122 8050
33 123 30389
33 124 39856
33 125 39414
33 126 25412
33 127 20936
33 128 9534
33 129 3918
33 130 19128
33 131 16162
33 132 13240
33 133 36851
33 134 13554
33 135 6628
33 136 16259
33 137 33475
33 138 16450
33 139 33784
33 140 54300
33 141 49283
33 142 48138
33 143 40217
33 144 38503
33 145 35632
33 146 23603
33 147 29895
33 148 23318
33 149 20251
33 150 12408
33 151 39464
33 152 26183
33 153 29819
33 154 14061
33 155 25752
33 156 24603
33 157 -386
33 158 3225
33 159 18455
33 160 10878
33 161 2887
33 162 13882
33 163 14052
33 164 -1778
33 165 25058
33 166 32398
33 167 17677
33 168 38220
33 169 2622
33 170 30523
33 171 31397
33 172 42535
33 173 43394
33 174 38555
33 175 33052
33 176 8117
33 177 13181
33 178 34260
33 179 20554
33 180 23300
33 181 15531
33 182 22486
33 183 31617
33 184 7981
33 185 -1232
33 186 37780
33 187 32843
33 188 6129
33 189 20067
33 190 17067
33 191 48358
33 192 48891
33 193 45066
33 194 27655
33 195 16945
33 196 5478
33 197 31520
33 198 25225
33 199 40774
33 200 17961
34 1 21629
34 2 47411
34 3 10756
34 4 30649
34 5 49703
34 6 47149
34 7 42799
34 8 52710
34 9 2282
34 10 31551
34 11 38570
34 12 20398
34 13 41114
34 14 59126
34 15 50582
34 16 56113
34 17 57484
34 18 43520
34 19 42494
34 20 18297
34 21 37577
34 22 45142
34 23 35416
34 24 14045
34 25 29339
34 26 28216
34 27 31285
34 28 27924
34 29 5767
34 30 18689
34 31 27560
34 32 22598
34 33 8576
34 35 3277
34 36 54368
34 37 54052
34 38 65921
34 39 29396
34 40 36348
34 41 47480
34 42 55691
34 43 56303
34 44 61453
34 45 52851
34 46 53712
34 47 47999
34 48 40630
34 49 47438
34 50 15865
34 51 9680
34 52 38073
34 53 35182
34 54 20368
34 55 29766
34 56 40124
34 57 49250
34 58 37722
34 59 47769
34 60 50273
34 61 55427
34 62 35413
34 63 35411
34 64 32094
34 65 3189
34 66 6305
34 67 30256
34 68 9925
34 69 26970
34 70 25255
34 71 7567
34 72 36071
34 73 40220
34 74 42699
34 75 39118
34 76 16523
34 77 13523
34 78 570
34 79 3016
34 80 18395
34 81 1307
34 82 43894
34 83 50584
34 84 54306
34 85 49109
34 86 57665
34 87 44978
34 88 35971
34 89 40495
34 90 33077
34 91 59949
34 92 53002
34 93 50790
34 94 43474
34 95 46788
34 96 48853
34 97 48699
34 98 54385
34 99 51873
34 100 54742
34 101 25926
34 102 9435
34 103 5262
34 104 51419
34 105 31797
34 106 40259
34 107 41971
34 108 26561
34 109 22423
34 110 34103
34 111 23615
34 112 37353
34 113 56961
34 114 47888
34 115 45610
34 116 16533
34 117 48277
34 118 44037
34 119 63225
34 120 795
34 121 6840
34 122 19054
34 123 42094
34 124 51935
34 125 51771
34 126 35045
34 127 33284
34 128 16566
34 129 7414
34 130 22495
34 131 24122
34 132 25545
34 133 43119
34 134 15299
34 135 959
34 136 10678
34 137 43524
34 138 25946
34 139 36748
34 140 65283
34 141 60690
34 142 58272
34 143 51411
34 144 48088
34 145 43331
34 146 35579
34 147 41627
34 148 35158
34 149 27642
34 150 17236
34 151 50528
34 152 36131
34 153 42184
34 154 23557
34 155 30091
34 156 35971
34 157 11819
34 158 10087
34 159 29767
34 160 19086
34 161 3876
34 162 26119
34 163 15041
34 164 -8468
34 165 26792
34 166 44548
34 167 29974
34 168 50048
34 169 389
34 170 31373
34 171 38329
34 172 52416
34 173 55394
34 174 50911
34 175 43941
34 176 20333
34 177 18329
34 178 43215
34 179 26315
34 180 31844
34 181 22935
34 182 34516
34 183 43021
34 184 16825
34 185 7120
34 186 42093
34 187 35498
34 188 11992
34 189 31070
34 190 29335
34 191 59666
34 192 59812
34 193 56291
34 194 39959
34 195 23896
34 196 14385
34 197 37119
34 198 31837
34 199 53110
34 200 29258
35 1 24093
35 2 54566
35 3 18155
35 4 39954
35 5 53206
35 6 51641
35 7 43063
35 8 53801
35 9 536
35 10 29573
35 11 35472
35 12 28094
35 13 46872
35 14 64858
35 15 58025
35 16 60448
35 17 60226
35 18 45825
35 19 40505
35 20 13936
35 21 45732
35 22 53769
35 23 44957
35 24 24112
35 25 39383
35 26 35557
35 27 35281
35 28 33533
35 29 15751
35 30 16731
35 31 27968
35 32 17776
35 33 12608
35 34 541
35 36 52375
35 37 59284
35 38 71270
35 39 39191
35 40 43438
35 41 55939
35 42 62080
35 43 63243
35 44 66487
35 45 54522
35 46 53649
35 47 46721
35 48 40206
35 49 44102
35 50 20250
35 51 9053
35 52 40413
35 53 41106
35 54 29662
35 55 39704
35 56 49416
35 57 56447
35 58 44144
35 59 52639
35 60 53351
35 61 59464
35 62 33926
35 63 31136
35 64 26945
35 65 -6973
35 66 -1653
35 67 40349
35 68 18493
35 69 29473
35 70 24751
35 71 -989
35 72 44664
35 73 48427
35 74 51309
35 75 48084
35 76 22833
35 77 20718
35 78 8723
35 79 10414
35 80 27132
35 81 4858
35 82 44522
35 83 52937
35 84 57342
35 85 53735
35 86 61753
35 87 51252
35 88 36073
35 89 44300
35 90 29083
35 91 64820
35 92 58213
35 93 55364
35 94 48502
35 95 52084
35 96 53442
35 97 54339
35 98 59409
35 99 56390
35 100 59995
35 101 26835
35 102 13607
35 103 496
35 104 55936
35 105 38323
35 106 41233
35 107 39352
35 108 23988
35 109 30707
35 110 42940
35 111 28579
35 112 42271
35 113 60335
35 114 49263
35 115 52956
35 116 23829
35 117 53915
35 118 47271
35 119 68521
35 120 1471
35 121 16520
35 122 18439
35 123 40729
35 124 51371
35 125 53500
35 126 31008
35 127 34712
35 128 11606
35 129 15235
35 130 31961
35 131 19123
35 132 28486
35 133 51839
35 134 25000
35 135 -5349
35 136 536
35 137 49864
35 138 32648
35 139 46461
35 140 70552
35 141 65344
35 142 64539
35 143 48749
35 144 54845
35 145 51368
35 146 39365
35 147 45815
35 148 34452
35 149 35661
35 150 25973
35 151 55739
35 152 42553
35 153 43581
35 154 30259
35 155 39396
35 156 40835
35 157 15857
35 158 17486
35 159 28045
35 160 14795
35 161 -2266
35 162 27159
35 163 24834
35 164 -4012
35 165 36659
35 166 47660
35 167 32756
35 168 48784
35 169 9802
35 170 41449
35 171 46734
35 172 58921
35 173 58840
35 174 51849
35 175 41116
35 176 23770
35 177 27086
35 178 50447
35 179 35057
35 180 39272
35 181 16811
35 182 34190
35 183 47773
35 184 23790
35 185 12940
35 186 51499
35 187 45277
35 188 6928
35 189 29092
35 190 30229
35 191 64487
35 192 65187
35 193 61253
35 194 40716
35 195 32077
35 196 21222
35 197 46061
35 198 40311
35 199 55156
35 200 34239
36 1 37412
36 2 53199
36 3 51696
36 4 60648
36 5 26497
36 6 37781
36 7 18113
36 8 15204
36 9 44102
36 10 24196
36 11 11154
36 12 49518
36 13 39838
36 14 43520
36 15 51266
36 16 31713
36 17 22634
36 18 22993
36 19 5245
36 20 39226
36 21 55994
36 22 61845
36 23 60807
36 24 61824
36 25 68965
36 26 48631
36 27 36332
36 28 43201
36 29 57289
36 30 31194
36 31 23511
36 32 23697
36 33 47831
36 34 53541
36 35 54284
36 37 40906
36 38 42901
36 39 61392
36 40 48959
36 41 60654
36 42 49079
36 43 50205
36 44 40524
36 45 13812
36 46 2324
36 47 -1799
36 48 2145
36 49 -4033
36 50 43007
36 51 40444
36 52 28455
36 53 43757
36 54 56300
36 55 69048
36 56 65517
36 57 51651
36 58 44793
36 59 34651
36 60 27897
36 61 31390
36 62 16394
36 63 21485
36 64 -1131
36 65 43347
36 66 30987
36 67 65363
36 68 49507
36 69 35186
36 70 32465
36 71 47882
36 72 56054
36 73 56911
36 74 60983
36 75 60196
36 76 46236
36 77 50311
36 78 55110
36 79 48680
36 80 56964
36 81 44596
36 82 11643
36 83 22443
36 84 25577
36 85 30530
36 86 28369
36 87 42048
36 88 22154
36 89 31321
36 90 26854
36 91 41349
36 92 41741
36 93 33882
36 94 36268
36 95 38902
36 96 36128
36 97 41478
36 98 39728
36 99 36809
36 100 39870
36 101 33669
36 102 40617
36 103 39611
36 104 36355
36 105 44857
36 106 18560
36 107 8606
36 108 20917
36 109 53693
36 110 59959
36 111 40972
36 112 36615
36 113 25007
36 114 13908
36 115 52616
36 116 50916
36 117 43252
36 118 22122
36 119 44652
36 120 47287
36 121 56140
36 122 36079
36 123 7371
36 124 4856
36 125 13892
36 126 21132
36 127 28054
36 128 33099
36 129 54786
36 130 58633
36 131 28956
36 132 35711
36 133 60875
36 134 57823
36 135 52490
36 136 58196
36 137 45270
36 138 47401
36 139 68923
36 140 41900
36 141 37577
36 142 48824
36 143 -4260
36 144 47937
36 145 53561
36 146 35525
36 147 31721
36 148 18695
36 149 51772
36 150 55805
36 151 39267
36 152 43202
36 153 21269
36 154 45012
36 155 60090
36 156 38156
36 157 45039
36 158 51027
36 159 14583
36 160 30244
36 161 42969
36 162 30059
36 163 59817
36 164 48001
36 165 65618
36 166 27231
36 167 31022
36 168 2101
36 169 53961
36 170 69177
36 171 54404
36 172 47874
36 173 28262
36 174 9403
36 175 10629
36 176 36138
36 177 54104
36 178 49011
36 179 55000
36 180 48706
36 181 16094
36 182 12660
36 183 35354
36 184 47612
36 185 49875
36 186 67907
36 187 68597
36 188 36295
36 189 23715
36 190 23712
36 191 38598
36 192 42953
36 193 38812
36 194 17878
36 195 51345
36 196 47482
36 197 60194
36 198 54132
36 199 21616
36 200 34602
37 1 32695
37 2 14293
37 3 39626
37 4 29248
37 5 4981
37 6 11159
37 7 27522
37 8 21496
37 9 44253
37 10 37427
37 11 37472
37 12 28939
37 13 6196
37 14 3038
37 15 7577
37 16 921
37 17 10512
37 18 16086
37 19 32556
37 20 47414
37 21 22266
37 22 22824
37 23 22505
37 24 41479
37 25 39339
37 26 23126
37 27 22744
37 28 24943
37 29 41922
37 30 37915
37 31 27266
37 32 40737
37 33 42174
37 34 47352
37 35 55320
37 36 35033
37 38 9032
37 39 26898
37 40 17913
37 41 19808
37 42 5221
37 43 6723
37 44 4469
37 45 14255
37 46 23611
37 47 28937
37 48 21301
37 49 37023
37 50 34351
37 51 41203
37 52 22265
37 53 18552
37 54 31244
37 55 40809
37 56 29437
37 57 9469
37 58 13798
37 59 -1932
37 60 12198
37 61 2971
37 62 32513
37 63 44411
37 64 34687
37 65 51788
37 66 42637
37 67 29552
37 68 32273
37 69 29756
37 70 37049
37 71 52908
37 72 20413
37 73 20990
37 74 23527
37 75 22663
37 76 32308
37 77 36776
37 78 47580
37 79 38786
37 80 38082
37 81 40052
37 82 20717
37 83 14529
37 84 9426
37 85 -5495
37 86 2446
37 87 898
37 88 29414
37 89 12821
37 90 45291
37 91 3436
37 92 1627
37 93 -1041
37 94 4684
37 95 2585
37 96 4820
37 97 1300
37 98 -1402
37 99 4338
37 100 -2246
37 101 34001
37 102 33359
37 103 43857
37 104 3884
37 105 18803
37 106 22557
37 107 36414
37 108 35265
37 109 31409
37 110 28349
37 111 27103
37 112 12583
37 113 5690
37 114 16726
37 115 13502
37 116 35703
37 117 6214
37 118 4577
37 119 6281
37 120 45289
37 121 40911
37 122 39013
37 123 30269
37 124 29032
37 125 13535
37 126 43391
37 127 27323
37 128 43832
37 129 44717
37 130 32272
37 131 44682
37 132 28708
37 133 22129
37 134 35950
37 135 52523
37 136 61728
37 137 9021
37 138 26817
37 139 35620
37 140 8335
37 141 4279
37 142 5386
37 143 37227
37 144 6117
37 145 12831
37 146 21377
37 147 8486
37 148 30513
37 149 24856
37 150 36923
37 151 -847
37 152 12207
37 153 22082
37 154 24428
37 155 28690
37 156 16801
37 157 38434
37 158 38957
37 159 30021
37 160 41933
37 161 46743
37 162 30292
37 163 39415
37 164 43899
37 165 37837
37 166 12652
37 167 23431
37 168 31682
37 169 43251
37 170 36751
37 171 16372
37 172 4321
37 173 7062
37 174 18103
37 175 39207
37 176 28123
37 177 32766
37 178 9535
37 179 27093
37 180 19213
37 181 40043
37 182 24531
37 183 6966
37 184 31668
37 185 42038
37 186 31208
37 187 35498
37 188 44236
37 189 36946
37 190 25603
37 191 2995
37 192 2961
37 193 -389
37 194 23424
37 195 26364
37 196 33293
37 197 24813
37 198 21842
37 199 17148
37 200 14415
38 1 53741
38 2 31307
38 3 60645
38 4 46450
38 5 20727
38 6 31995
38 7 44956
38 8 34744
38 9 65432
38 10 56611
38 11 54319
38 12 49481
38 13 27032
38 14 3038
38 15 14549
38 16 6732
38 17 17484
38 18 34165
38 19 48147
38 20 68047
38 21 39986
38 22 36209
38 23 34426
38 24 61127
38 25 56186
38 26 43370
38 27 43842
38 28 46090
38 29 62371
38 30 58386
38 31 47140
38 32 60174
38 33 63386
38 34 68445
38 35 76530
38 36 46252
38 37 18256
38 39 41550
38 40 37608
38 41 31308
38 42 16525
38 43 7571
38 44 4469
38 45 24466
38 46 33429
38 47 42078
38 48 36220
38 49 50031
38 50 55564
38 51 62285
38 52 42132
38 53 39535
38 54 50436
38 55 58433
38 56 43989
38 57 22940
38 58 34153
38 59 18784
38 60 29265
38 61 14275
38 62 50606
38 63 62590
38 64 50159
38 65 72816
38 66 63216
38 67 42216
38 68 52861
38 69 50652
38 70 57445
38 71 73991
38 72 36535
38 73 37607
38 74 38374
38 75 36706
38 76 53396
38 77 57773
38 78 68680
38 79 59862
38 80 58478
38 81 61264
38 82 36432
38 83 29743
38 84 21896
38 85 10281
38 86 -641
38 87 19072
38 88 48334
38 89 33286
38 90 64252
38 91 15542
38 92 22841
38 93 17509
38 94 25878
38 95 23768
38 96 25343
38 97 21813
38 98 18444
38 99 24145
38 100 13311
38 101 54625
38 102 54572
38 103 64883
38 104 23691
38 105 39454
38 106 40482
38 107 52537
38 108 54498
38 109 51577
38 110 46036
38 111 48313
38 112 33787
38 113 9879
38 114 30973
38 115 29904
38 116 56631
38 117 27023
38 118 21698
38 119 7696
38 120 66501
38 121 61454
38 122 59787
38 123 46204
38 124 41952
38 125 24392
38 126 61614
38 127 47330
38 128 64225
38 129 65765
38 130 51018
38 131 64371
38 132 49716
38 133 35576
38 134 55548
38 135 73735
38 136 82907
38 137 28761
38 138 47662
38 139 51219
38 140 -11183
38 141 6839
38 142 12099
38 143 49740
38 144 21863
38 145 25726
38 146 42322
38 147 29087
38 148 49010
38 149 44501
38 150 57319
38 151 20367
38 152 32562
38 153 40143
38 154 45273
38 155 45892
38 156 38007
38 157 59648
38 158 59976
38 159 48502
38 160 62101
38 161 67836
38 162 50772
38 163 59230
38 164 65082
38 165 55730
38 166 31507
38 167 44146
38 168 45196
38 169 64173
38 170 52021
38 171 31184
38 172 17573
38 173 18790
38 174 29736
38 175 55313
38 176 49263
38 177 52871
38 178 25964
38 179 46013
38 180 38860
38 181 58584
38 182 42392
38 183 28039
38 184 52621
38 185 63208
38 186 45022
38 187 51089
38 188 64958
38 189 56130
38 190 45458
38 191 8343
38 192 8605
38 193 13292
38 194 41286
38 195 46219
38 196 54314
38 197 40497
38 198 39704
38 199 31184
38 200 35628
39 1 38483
39 2 24491
39 3 29991
39 4 3682
39 5 42267
39 6 39336
39 7 52694
39 8 55246
39 9 39362
39 10 52800
39 11 58872
39 12 20478
39 13 27712
39 14 36902
39 15 20355
39 16 41557
39 17 50355
39 18 44912
39 19 58040
39 20 51018
39 21 14266
39 22 11031
39 23 -6972
39 24 17582
39 25 3773
39 26 19631
39 27 35281
39 28 29325
39 29 22994
39 30 45194
39 31 42834
39 32 51733
39 33 36815
39 34 33633
39 35 46164
39 36 66456
39 37 37835
39 38 43263
39 40 21151
39 41 12936
39 42 32277
39 43 27539
39 44 42693
39 45 51384
39 46 58588
39 47 59108
39 48 50261
39 49 64818
39 50 33503
39 51 40698
39 52 43500
39 53 28137
39 54 10428
39 55 9106
39 56 2481
39 57 23047
39 58 24495
39 59 34749
39 60 46181
39 61 43504
39 62 52715
39 63 60777
39 64 56525
39 65 46016
39 66 44206
39 67 -9885
39 68 18862
39 69 39731
39 70 46886
39 71 48383
39 72 6719
39 73 13566
39 74 10637
39 75 3344
39 76 27860
39 77 28332
39 78 35582
39 79 28511
39 80 23588
39 81 33554
39 82 50267
39 83 48856
39 84 47768
39 85 35155
39 86 42642
39 87 25210
39 88 49354
39 89 37715
39 90 59198
39 91 43878
39 92 38093
39 93 38168
39 94 32626
39 95 33182
39 96 38393
39 97 32340
39 98 39160
39 99 40717
39 100 37352
39 101 43907
39 102 30948
39 103 42063
39 104 40263
39 105 23349
39 106 47940
39 107 60017
39 108 49649
39 109 19341
39 110 10061
39 111 30821
39 112 31532
39 113 46394
39 114 49921
39 115 21341
39 116 27511
39 117 33383
39 118 39089
39 119 43393
39 120 38349
39 121 23565
39 122 44433
39 123 55989
39 124 60461
39 125 50365
39 126 59883
39 127 44452
39 128 49073
39 129 33571
39 130 8766
39 131 54282
39 132 37582
39 133 8414
39 134 13962
39 135 43454
39 136 53615
39 137 26587
39 138 25121
39 139 -537
39 140 43143
39 141 44088
39 142 34387
39 143 66430
39 144 25087
39 145 12455
39 146 37802
39 147 35797
39 148 50602
39 149 15736
39 150 22429
39 151 35619
39 152 22904
39 153 48150
39 154 22732
39 155 3124
39 156 32524
39 157 35302
39 158 29322
39 159 48571
39 160 49358
39 161 42969
39 162 42179
39 163 17904
39 164 32970
39 165 7813
39 166 42414
39 167 38005
39 168 61396
39 169 28829
39 170 -3314
39 171 7403
39 172 29116
39 173 46566
39 174 53083
39 175 62581
39 176 33650
39 177 17631
39 178 19329
39 179 10660
39 180 17466
39 181 53237
39 182 47372
39 183 34162
39 184 25344
39 185 34268
39 186 2093
39 187 -1813
39 188 46440
39 189 52319
39 190 42395
39 191 42711
39 192 40195
39 193 40041
39 194 48481
39 195 15332
39 196 26601
39 197 4839
39 198 8824
39 199 52039
39 200 27173
40 1 20911
40 2 8430
40 3 21614
40 4 10059
40 5 19296
40 6 15790
40 7 29538
40 8 31402
40 9 29181
40 10 32597
40 11 37193
40 12 9540
40 13 5016
40 14 21013
40 15 11910
40 16 21335
40 17 27839
40 18 21086
40 19 35257
40 20 36247
40 21 4337
40 22 11709
40 23 9426
40 24 20971
40 25 19834
40 26 3271
40 27 13555
40 28 9966
40 29 22140
40 30 28194
40 31 21888
40 32 33775
40 33 26174
40 34 29394
40 35 39220
40 36 42832
40 37 17659
40 38 28130
40 39 9960
40 41 12365
40 42 16893
40 43 17263
40 44 24668
40 45 27852
40 46 34742
40 47 35543
40 48 26728
40 49 41841
40 50 19254
40 51 27606
40 52 20427
40 53 5012
40 54 10629
40 55 20791
40 56 13866
40 57 10311
40 58 833
40 59 12971
40 60 22578
40 61 22045
40 62 30977
40 63 40794
40 64 35165
40 65 37447
40 66 31058
40 67 13817
40 68 12827
40 69 20054
40 70 28382
40 71 38542
40 72 4520
40 73 5747
40 74 10017
40 75 8942
40 76 15142
40 77 18756
40 78 29775
40 79 20987
40 80 18270
40 81 23907
40 82 26560
40 83 25137
40 84 24827
40 85 14220
40 86 22995
40 87 6544
40 88 27270
40 89 13871
40 90 39974
40 91 24047
40 92 17047
40 93 16510
40 94 9606
40 95 11215
40 96 15651
40 97 11725
40 98 18562
40 99 18363
40 100 18013
40 101 24932
40 102 17979
40 103 30255
40 104 17909
40 105 1442
40 106 24607
40 107 37727
40 108 29927
40 109 11291
40 110 9038
40 111 12814
40 112 7706
40 113 24879
40 114 26074
40 115 6859
40 116 17428
40 117 11751
40 118 15587
40 119 25929
40 120 29372
40 121 21301
40 122 28029
40 123 33053
40 124 36725
40 125 26799
40 126 39805
40 127 22671
40 128 33613
40 129 26721
40 130 11744
40 131 36919
40 132 18180
40 133 10427
40 134 15410
40 135 36324
40 136 46185
40 137 5399
40 138 8842
40 139 17772
40 140 27642
40 141 24887
40 142 19543
40 143 43142
40 144 9079
40 145 6393
40 146 15030
40 147 12039
40 148 28699
40 149 4280
40 150 17111
40 151 14573
40 152 -758
40 153 24648
40 154 6453
40 155 9501
40 156 9098
40 157 22934
40 158 20945
40 159 27332
40 160 32773
40 161 32454
40 162 22330
40 163 18983
40 164 26759
40 165 17670
40 166 18575
40 167 16384
40 168 37880
40 169 24601
40 170 18592
40 171 4021
40 172 13540
40 173 24175
40 174 29273
40 175 40382
40 176 15725
40 177 12563
40 178 4307
40 179 6577
40 180 -1395
40 181 34761
40 182 24757
40 183 10709
40 184 13640
40 185 25095
40 186 16286
40 187 17548
40 188 32490
40 189 32116
40 190 20906
40 191 23571
40 192 22464
40 193 20227
40 194 25239
40 195 5921
40 196 15528
40 197 8541
40 198 2768
40 199 28321
40 200 4382
41 1 38902
41 2 11203
41 3 36776
41 4 12633
41 5 29269
41 6 28580
41 7 45823
41 8 44582
41 9 45673
41 10 50538
41 11 54504
41 12 24518
41 13 16649
41 14 19024
41 15 1715
41 16 25461
41 17 36050
41 18 35747
41 19 51726
41 20 54014
41 21 10608
41 22 141
41 23 -2421
41 24 30280
41 25 20759
41 26 19395
41 27 31478
41 28 27941
41 29 34069
41 30 46232
41 31 39753
41 32 51886
41 33 42532
41 34 43569
41 35 54764
41 36 57570
41 37 22597
41 38 24873
41 39 4788
41 40 15408
41 42 14959
41 43 8876
41 44 25432
41 45 38959
41 46 47604
41 47 50631
41 48 42079
41 49 57854
41 50 36478
41 51 44879
41 52 37223
41 53 22819
41 54 19792
41 55 24105
41 56 7564
41 57 6227
41 58 16635
41 59 20964
41 60 34677
41 61 28509
41 62 48386
41 63 58703
41 64 52495
41 65 53786
41 66 48592
41 67 5296
41 68 26495
41 69 38161
41 70 46491
41 71 55120
41 72 3414
41 73 7001
41 74 3812
41 75 361
41 76 31600
41 77 34195
41 78 44417
41 79 36044
41 80 31376
41 81 40022
41 82 41518
41 83 37538
41 84 34418
41 85 20050
41 86 25881
41 87 10456
41 88 44616
41 89 28915
41 90 58021
41 91 27884
41 92 23799
41 93 23898
41 94 21076
41 95 20224
41 96 25824
41 97 18224
41 98 24110
41 99 27407
41 100 21327
41 101 43043
41 102 34926
41 103 47322
41 104 26953
41 105 19529
41 106 40715
41 107 54636
41 108 47937
41 109 24726
41 110 13976
41 111 30689
41 112 23617
41 113 31025
41 114 39415
41 115 7827
41 116 32868
41 117 20530
41 118 27304
41 119 25996
41 120 45411
41 121 33809
41 122 45967
41 123 49409
41 124 51256
41 125 38086
41 126 57700
41 127 40311
41 128 51514
41 129 41526
41 130 19245
41 131 55018
41 132 36290
41 133 -728
41 134 25140
41 135 51879
41 136 61996
41 137 14883
41 138 25822
41 139 15089
41 140 24831
41 141 27365
41 142 16549
41 143 58696
41 144 9359
41 145 -4397
41 146 32431
41 147 25718
41 148 46080
41 149 17576
41 150 30217
41 151 21325
41 152 15044
41 153 40479
41 154 23433
41 155 12075
41 156 26156
41 157 39746
41 158 36107
41 159 44968
41 160 50807
41 161 49173
41 162 40407
41 163 29226
41 164 41778
41 165 21896
41 166 32426
41 167 34215
41 168 53115
41 169 38391
41 170 15361
41 171 -2303
41 172 12189
41 173 32463
41 174 41893
41 175 57346
41 176 33714
41 177 25037
41 178 5413
41 179 16006
41 180 14469
41 181 52844
41 182 41630
41 183 23352
41 184 29568
41 185 40862
41 186 8137
41 187 14885
41 188 50108
41 189 50057
41 190 38623
41 191 26074
41 192 23044
41 193 24124
41 194 41471
41 195 19093
41 196 31419
41 197 5713
41 198 9056
41 199 40589
41 200 22064
42 1 37609
42 2 11079
42 3 41891
42 4 26264
42 5 13926
42 6 18007
42 7 35732
42 8 30431
42 9 48242
42 10 44570
42 11 45623
42 12 30111
42 13 9334
42 14 1078
42 15 -1231
42 16 7046
42 17 18657
42 18 24370
42 19 41081
42 20 52945
42 21 19738
42 22 16993
42 23 16206
42 24 41056
42 25 36112
42 26 23859
42 27 27827
42 28 28156
42 29 42729
42 30 43790
42 31 34036
42 32 47544
42 33 45613
42 34 49757
42 35 58882
42 36 43972
42 37 5987
42 38 8067
42 39 22106
42 40 17913
42 41 12936
42 43 -1485
42 44 6805
42 45 23074
42 46 32514
42 47 37809
42 48 30029
42 49 45845
42 50 38048
42 51 45756
42 52 29368
42 53 21326
42 54 30286
42 55 38226
42 56 24481
42 57 3047
42 58 15149
42 59 6314
42 60 20967
42 61 10998
42 62 40303
42 63 51993
42 64 43088
42 65 56278
42 66 48146
42 67 23782
42 68 33436
42 69 35186
42 70 43117
42 71 57303
42 72 16463
42 73 17419
42 74 18624
42 75 17319
42 76 34958
42 77 39002
42 78 50059
42 79 41222
42 80 38878
42 81 43459
42 82 29397
42 83 23427
42 84 18235
42 85 2839
42 86 7202
42 87 -137
42 88 36906
42 89 19753
42 90 52465
42 91 9739
42 92 8997
42 93 7903
42 94 10597
42 95 8224
42 96 12673
42 97 5256
42 98 7480
42 99 12898
42 100 3411
42 101 39825
42 102 37001
42 103 48510
42 104 12444
42 105 20525
42 106 30666
42 107 44787
42 108 42336
42 109 31869
42 110 25793
42 111 30821
42 112 17494
42 113 12901
42 114 25628
42 115 9659
42 116 37739
42 117 10000
42 118 13371
42 119 7427
42 120 48864
42 121 41913
42 122 44433
42 123 38759
42 124 37937
42 125 22395
42 126 50963
42 127 34088
42 128 49695
42 129 47033
42 130 30795
42 131 51281
42 132 33855
42 133 16363
42 134 35482
42 135 56015
42 136 65601
42 137 9661
42 138 28807
42 139 31429
42 140 7742
42 141 8705
42 142 -1058
42 143 46102
42 144 1645
42 145 6493
42 146 27065
42 147 15511
42 148 38170
42 149 24580
42 150 37719
42 151 6523
42 152 13558
42 153 30198
42 154 26418
42 155 25706
42 156 21466
42 157 42051
42 158 41222
42 159 37605
42 160 48094
42 161 51134
42 162 36376
42 163 39235
42 164 46824
42 165 35497
42 166 20808
42 167 29378
42 168 40526
42 169 45118
42 170 32409
42 171 11397
42 172 -2663
42 173 15636
42 174 27038
42 175 47574
42 176 32714
42 177 33083
42 178 5716
42 179 25840
42 180 19044
42 181 47355
42 182 32519
42 183 13266
42 184 33822
42 185 44981
42 186 25835
42 187 31312
42 188 49591
42 189 44089
42 190 32451
42 191 7451
42 192 4371
42 193 6118
42 194 31531
42 195 26364
42 196 35641
42 197 20572
42 198 19456
42 199 26086
42 200 18697
43 1 46286
43 2 17435
43 3 49416
43 4 30483
43 5 21961
43 6 27053
43 7 44618
43 8 38475
43 9 56470
43 10 53624
43 11 54545
43 12 37267
43 13 18103
43 14 2488
43 15 -3171
43 16 12322
43 17 24934
43 18 33207
43 19 49804
43 20 61724
43 21 25069
43 22 18985
43 23 16488
43 24 46847
43 25 39649
43 26 31028
43 27 36641
43 28 36395
43 29 49315
43 30 52675
43 31 43077
43 32 56574
43 33 53661
43 34 57186
43 35 66862
43 36 51915
43 37 14306
43 38 5930
43 39 24185
43 40 25100
43 41 13670
43 42 5332
43 44 9931
43 45 30361
43 46 39983
43 47 46072
43 48 38554
43 49 54209
43 50 46287
43 51 54237
43 52 38423
43 53 29609
43 54 35967
43 55 42425
43 56 26802
43 57 7775
43 58 23130
43 59 15040
43 60 29455
43 61 17734
43 62 49312
43 63 61035
43 64 51899
43 65 64633
43 66 56895
43 67 24261
43 68 40403
43 69 44024
43 70 52055
43 71 65658
43 72 20413
43 73 22042
43 74 21681
43 75 19502
43 76 42779
43 77 46552
43 78 57578
43 79 48786
43 80 45651
43 81 51465
43 82 37979
43 83 31672
43 84 25676
43 85 10281
43 86 10528
43 87 8463
43 88 45948
43 89 28806
43 90 61519
43 91 16226
43 92 17825
43 93 16074
43 94 19651
43 95 17277
43 96 21561
43 97 14312
43 98 15623
43 99 21533
43 100 10737
43 101 48727
43 102 45186
43 103 56994
43 104 21079
43 105 28348
43 106 39583
43 107 53608
43 108 51388
43 109 38594
43 110 30620
43 111 39174
43 112 26387
43 113 18304
43 114 33839
43 115 15395
43 116 45230
43 117 18994
43 118 21829
43 119 10524
43 120 56912
43 121 48652
43 122 53212
43 123 47505
43 124 46101
43 125 29815
43 126 60006
43 127 43132
43 128 58558
43 129 54524
43 130 36071
43 131 60286
43 132 42626
43 133 18314
43 134 41353
43 135 63976
43 136 73711
43 137 17879
43 138 36495
43 139 34248
43 140 6065
43 141 12944
43 142 2616
43 143 54340
43 144 8829
43 145 8824
43 146 36013
43 147 24555
43 148 47196
43 149 31091
43 150 44492
43 151 15351
43 152 21539
43 153 39110
43 154 34106
43 155 29925
43 156 30269
43 157 50211
43 158 48747
43 159 46642
43 160 57026
43 161 59505
43 162 45331
43 163 45265
43 164 54537
43 165 39941
43 166 29682
43 167 38338
43 168 48857
43 169 52321
43 170 34746
43 171 14631
43 172 5541
43 173 22751
43 174 34764
43 175 56399
43 176 41316
43 177 39623
43 178 11703
43 179 31549
43 180 25923
43 181 56410
43 182 41480
43 183 22322
43 184 41416
43 185 52799
43 186 27548
43 187 34084
43 188 58314
43 189 53143
43 190 41498
43 191 12255
43 192 8752
43 193 12952
43 194 40450
43 195 32925
43 196 43290
43 197 23946
43 198 24630
43 199 34138
43 200 27378
44 1 42988
44 2 23183
44 3 50438
44 4 38655
44 5 10293
44 6 21239
44 7 34630
44 8 25433
44 9 54757
44 10 45965
44 11 44260
44 12 39692
44 13 16970
44 14 -2485
44 15 10573
44 16 -2996
44 17 9572
44 18 23600
44 19 38419
44 20 57230
44 21 31791
44 22 30132
44 23 29337
44 24 51985
44 25 48671
44 26 33777
44 27 33128
44 28 35726
44 29 52671
44 30 47572
44 31 36370
44 32 49500
44 33 52846
44 34 58144
44 35 65914
44 36 38042
44 37 7860
44 38 -1364
44 39 35147
44 40 28313
44 41 26034
44 42 9430
44 43 5739
44 45 15966
44 46 25495
44 47 33097
44 48 26597
44 49 41254
44 50 45003
44 51 51539
44 52 31344
44 53 29368
44 54 41549
44 55 50477
44 56 37529
44 57 16142
44 58 24441
44 59 8087
44 60 18761
44 61 4077
44 62 40183
44 63 52194
44 64 40595
44 65 62041
44 66 52400
44 67 36935
44 68 43045
44 69 39862
44 70 46633
44 71 63240
44 72 29174
44 73 29939
44 74 31615
44 75 30417
44 76 43109
44 77 47591
44 78 58371
44 79 49587
44 80 48807
44 81 50721
44 82 26500
44 83 19696
44 84 12213
44 85 -533
44 86 -5617
44 87 10116
44 88 37709
44 89 22473
44 90 53669
44 91 4740
44 92 12400
44 93 6694
44 94 15313
44 95 13387
44 96 14569
44 97 11853
44 98 7814
44 99 13338
44 100 2988
44 101 43809
44 102 44009
44 103 54112
44 104 12884
44 105 29563
44 106 30020
44 107 42675
44 108 43848
44 109 42057
44 110 37941
44 111 37799
44 112 23211
44 113 2409
44 114 21335
44 115 22090
44 116 46520
44 117 16956
44 118 11160
44 119 -1382
44 120 55906
44 121 51679
44 122 48976
44 123 36343
44 124 32974
44 125 15662
44 126 51204
44 127 36540
44 128 53417
44 129 55524
44 130 42398
44 131 53653
44 132 38954
44 133 29500
44 134 46426
44 135 63140
44 136 72226
44 137 19327
44 138 37624
44 139 44311
44 140 -2183
44 141 -2999
44 142 6106
44 143 41099
44 144 13963
44 145 19644
44 146 31555
44 147 18290
44 148 38482
44 149 35296
44 150 47648
44 151 9926
44 152 22850
44 153 29635
44 154 35235
44 155 38097
44 156 27428
44 157 49083
44 158 49769
44 159 37996
44 160 51313
44 161 57091
44 162 39956
44 163 49971
44 164 54634
44 165 47618
44 166 20787
44 167 33338
44 168 36087
44 169 54067
44 170 45361
44 171 24387
44 172 10134
44 173 9020
44 174 20958
44 175 45464
44 176 38564
44 177 43402
44 178 18094
44 179 37255
44 180 29619
44 181 48119
44 182 31992
44 183 17362
44 184 42484
44 185 52791
44 186 38954
44 187 44197
44 188 54143
44 189 45484
44 190 34686
44 191 -2387
44 192 -849
44 193 2559
44 194 30846
44 195 36895
44 196 44106
44 197 33412
44 198 31480
44 199 21471
44 200 25092
45 1 33578
45 2 34801
45 3 46111
45 4 46450
45 5 5843
45 6 20595
45 7 15961
45 8 2819
45 9 44814
45 10 28754
45 11 22886
45 12 39500
45 13 22311
45 14 21269
45 15 30353
45 16 9360
45 17 546
45 18 10228
45 19 16015
45 20 43370
45 21 40219
45 22 43908
45 23 43502
45 24 53121
45 25 56024
45 26 36012
45 27 26813
45 28 32938
45 29 50867
45 30 33691
45 31 22081
45 32 31942
45 33 45248
45 34 51743
45 35 56150
45 36 13531
45 37 19847
45 38 20834
45 39 46039
45 40 33698
45 41 41762
45 42 27900
45 43 28370
45 44 18167
45 46 1094
45 47 9101
45 48 4196
45 49 17023
45 50 38143
45 51 40825
45 52 19810
45 53 30084
45 54 44953
45 55 56645
45 56 49193
45 57 31817
45 58 29021
45 59 14463
45 60 9585
45 61 9259
45 62 21210
45 63 32357
45 64 17493
45 65 49227
45 66 37666
45 67 49570
45 68 41577
45 69 30130
45 70 33084
45 71 51472
45 72 39648
45 73 40220
45 74 43771
45 75 43073
45 76 39093
45 77 43817
45 78 52324
45 79 44357
45 80 48280
45 81 42803
45 82 5986
45 83 4563
45 84 3815
45 85 8901
45 86 6421
45 87 22384
45 88 21269
45 89 16890
45 90 35309
45 91 19361
45 92 21426
45 93 12926
45 94 18289
45 95 19783
45 96 16956
45 97 21696
45 98 18585
45 99 16777
45 100 18250
45 101 31781
45 102 36732
45 103 42290
45 104 16323
45 105 31370
45 106 13031
45 107 20622
45 108 26503
45 109 43140
45 110 45437
45 111 32814
45 112 22014
45 113 2917
45 114 528
45 115 34212
45 116 43526
45 117 24405
45 118 3318
45 119 22344
45 120 47032
45 121 49641
45 122 36673
45 123 14524
45 124 8998
45 125 -7669
45 126 31503
45 127 23591
45 128 38517
45 129 50468
45 130 46784
45 131 36658
45 132 30070
45 133 43098
45 134 48165
45 135 53742
45 136 61421
45 137 27384
45 138 36777
45 139 54076
45 140 19833
45 141 15217
45 142 27101
45 143 16759
45 144 28179
45 145 34638
45 146 24924
45 147 15411
45 148 20653
45 149 38910
45 150 47121
45 151 18952
45 152 27430
45 153 13615
45 154 34388
45 155 45892
45 156 24991
45 157 41615
45 158 45442
45 159 19562
45 160 35818
45 161 45680
45 162 27634
45 163 50897
45 164 47061
45 165 53370
45 166 11754
45 167 23795
45 168 12287
45 169 49659
45 170 54983
45 171 36858
45 172 27117
45 173 6200
45 174 -3218
45 175 23336
45 176 30604
45 177 44233
45 178 30412
45 179 42074
45 180 34340
45 181 28459
45 182 13402
45 183 18081
45 184 39657
45 185 46388
45 186 51338
45 187 53881
45 188 40546
45 189 28273
45 190 20813
45 191 16291
45 192 20783
45 193 16959
45 194 13434
45 195 39462
45 196 40457
45 197 44048
45 198 39134
45 199 3450
45 200 22357
46 1 35903
46 2 44273
46 3 49699
46 4 54190
46 5 16005
46 6 29185
46 7 15633
46 8 5850
46 9 45444
46 10 26659
46 11 17231
46 12 45127
46 13 31251
46 14 32020
46 15 40862
46 16 20041
46 17 10732
46 18 15784
46 19 9937
46 20 42175
46 21 48579
46 22 53283
46 23 52676
46 24 58372
46 25 63281
46 26 42815
46 27 31700
46 28 38446
46 29 55019
46 30 33044
46 31 22703
46 32 28607
46 33 47364
46 34 53731
46 35 56404
46 36 3170
46 37 30330
46 38 30924
46 39 54370
46 40 41715
46 41 51534
46 42 38467
46 43 39119
46 44 28823
46 45 2221
46 47 990
46 48 249
46 49 7419
46 50 41178
46 51 41453
46 52 23718
46 53 37214
46 54 51354
46 55 63628
46 56 57907
46 57 41908
46 58 37207
46 59 24555
46 60 18398
46 61 20027
46 62 18469
46 63 27564
46 64 9248
46 65 47626
46 66 35457
46 67 58152
46 68 46312
46 69 32864
46 70 33140
46 71 50826
46 72 48336
46 73 49005
46 74 52824
46 75 52115
46 76 43288
46 77 47797
46 78 54705
46 79 47386
46 80 53379
46 81 44596
46 82 6296
46 83 12780
46 84 14448
46 85 19563
46 86 16388
46 87 32351
46 88 21187
46 89 23961
46 90 31691
46 91 30117
46 92 31601
46 93 23331
46 94 27354
46 95 29424
46 96 26540
46 97 31669
46 98 29090
46 99 26763
46 100 28926
46 101 32994
46 102 39358
46 103 41949
46 104 26309
46 105 38490
46 106 14564
46 107 14522
46 108 24050
46 109 49071
46 110 53279
46 111 37297
46 112 29425
46 113 13074
46 114 4979
46 115 43700
46 116 47916
46 117 33953
46 118 12448
46 119 33070
46 120 48153
46 121 53797
46 122 36967
46 123 9696
46 124 2067
46 125 2511
46 126 26899
46 127 25591
46 128 36694
46 129 53515
46 130 53441
46 131 33634
46 132 33141
46 133 52410
46 134 53815
46 135 54262
46 136 61050
46 137 36554
46 138 42584
46 139 62164
46 140 29924
46 141 25855
46 142 37821
46 143 7019
46 144 38215
46 145 44398
46 146 30226
46 147 23504
46 148 19200
46 149 45896
46 150 52220
46 151 29127
46 152 35616
46 153 16297
46 154 40195
46 155 53632
46 156 31711
46 157 44050
46 158 49030
46 159 16963
46 160 33821
46 161 45394
46 162 28990
46 163 56209
46 164 48597
46 165 60269
46 166 19093
46 167 27393
46 168 4669
46 169 52773
46 170 62832
46 171 46044
46 172 37539
46 173 16952
46 174 -1246
46 175 17037
46 176 33752
46 177 49888
46 178 39978
46 179 49161
46 180 41973
46 181 23284
46 182 12086
46 183 26759
46 184 44274
46 185 48978
46 186 60173
46 187 61918
46 188 39363
46 189 26178
46 190 22051
46 191 27024
46 192 31552
46 193 27690
46 194 14406
46 195 46005
46 196 44646
46 197 52648
46 198 47163
46 199 11592
46 200 28670
47 1 30624
47 2 46430
47 3 44884
47 4 53451
47 5 20727
47 6 31043
47 7 10938
47 8 9569
47 9 38272
47 10 18557
47 11 7472
47 12 42355
47 13 33029
47 14 38388
47 15 45092
47 16 26977
47 17 18657
47 18 16086
47 19 307
47 20 34015
47 21 48890
47 22 54932
47 23 53780
47 24 54790
47 25 61756
47 26 41422
47 27 29129
47 28 36003
47 29 50452
47 30 25443
47 31 16773
47 32 19459
47 33 41384
47 34 47352
47 35 48810
47 36 -1619
47 37 34990
47 38 38907
47 39 54224
47 40 41850
47 41 53895
47 42 43096
47 43 44542
47 44 35759
47 45 9562
47 46 324
47 48 -5053
47 49 -811
47 50 36192
47 51 34450
47 52 21245
47 53 36592
47 54 49111
47 55 61844
47 56 58417
47 57 45167
47 58 37747
47 59 28485
47 60 21650
47 61 26276
47 62 10428
47 63 17936
47 64 -396
47 65 38925
47 66 26607
47 67 58203
47 68 42489
47 69 28214
47 70 26237
47 71 42751
47 72 48984
47 73 49878
47 74 53986
47 75 53176
47 76 39231
47 77 43392
47 78 48721
47 79 42035
47 80 49894
47 81 38300
47 82 4660
47 83 16426
47 84 20392
47 85 24961
47 86 24531
47 87 35594
47 88 15295
47 89 24325
47 90 22516
47 91 35993
47 92 35569
47 93 28013
47 94 29596
47 95 32417
47 96 29742
47 97 35111
47 98 33872
47 99 30649
47 100 34220
47 101 27041
47 102 33940
47 103 34172
47 104 30195
47 105 37673
47 106 11349
47 107 4711
47 108 15618
47 109 46518
47 110 52777
47 111 33851
47 112 29546
47 113 21024
47 114 7877
47 115 45836
47 116 43915
47 117 36677
47 118 15933
47 119 39672
47 120 41292
47 121 49283
47 122 29982
47 123 1115
47 124 -1144
47 125 9359
47 126 17355
47 127 21000
47 128 28194
47 129 48151
47 130 51434
47 131 24597
47 132 28708
47 133 53938
47 134 50713
47 135 46867
47 136 53051
47 137 38472
47 138 40206
47 139 61738
47 140 37907
47 141 32890
47 142 43138
47 143 -716
47 144 41467
47 145 46831
47 146 28316
47 147 24897
47 148 12187
47 149 44562
47 150 48735
47 151 33095
47 152 36156
47 153 14091
47 154 37817
47 155 52893
47 156 30998
47 157 38434
47 158 44215
47 159 8810
47 160 25299
47 161 37588
47 162 23313
47 163 52757
47 164 41935
47 165 58416
47 166 20475
47 167 23867
47 168 -4961
47 169 47362
47 170 61971
47 171 47452
47 172 41716
47 173 23180
47 174 4721
47 175 7147
47 176 29183
47 177 46964
47 178 42271
47 179 47789
47 180 41541
47 181 13453
47 182 5788
47 183 28599
47 184 40556
47 185 43321
47 186 60822
47 187 61406
47 188 31159
47 189 18076
47 190 16784
47 191 33656
47 192 37730
47 193 33343
47 194 10670
47 195 44137
47 196 40502
47 197 53093
47 198 46975
47 199 15889
47 200 27407
48 1 25050
48 2 40336
48 3 39193
48 4 47050
48 5 15892
48 6 25039
48 7 4802
48 8 5903
48 9 33857
48 10 14984
48 11 7237
48 12 36117
48 13 26922
48 14 33906
48 15 39529
48 16 23061
48 17 15893
48 18 9978
48 19 491
48 20 30476
48 21 42521
48 22 48700
48 23 47458
48 24 48753
48 25 55396
48 26 35033
48 27 22804
48 28 29689
48 29 44700
48 30 21354
48 31 11428
48 32 17295
48 33 36207
48 34 42429
48 35 44741
48 36 4771
48 37 29800
48 38 35495
48 39 47823
48 40 35481
48 41 47789
48 42 37762
48 43 39470
48 44 31705
48 45 7103
48 46 2029
48 47 -2607
48 49 4487
48 50 30533
48 51 29898
48 52 14866
48 53 30194
48 54 42814
48 55 55505
48 56 52050
48 57 39330
48 58 31423
48 59 23065
48 60 16319
48 61 22045
48 62 6833
48 63 16937
48 64 2548
48 65 35994
48 66 23899
48 67 51805
48 68 36489
48 69 22365
48 70 21568
48 71 39122
48 72 42636
48 73 43558
48 74 47689
48 75 46861
48 76 33270
48 77 37552
48 78 43570
48 79 36567
48 80 43811
48 81 33305
48 82 -1357
48 83 11534
48 84 16308
48 85 20183
48 86 21492
48 87 29814
48 88 9856
48 89 18067
48 90 20452
48 91 31398
48 92 30120
48 93 22930
48 94 23642
48 95 26645
48 96 24111
48 97 29443
48 98 28759
48 99 25264
48 100 29292
48 101 21766
48 102 28472
48 103 30255
48 104 24810
48 105 31270
48 106 4972
48 107 5014
48 108 12439
48 109 40251
48 110 46374
48 111 27705
48 112 23211
48 113 18039
48 114 3367
48 115 39730
48 116 37950
48 117 30800
48 118 10651
48 119 35382
48 120 36658
48 121 43508
48 122 25395
48 123 -1116
48 124 -144
48 125 6563
48 126 16143
48 127 15055
48 128 25047
48 129 42692
48 130 45111
48 131 22228
48 132 22795
48 133 47685
48 134 44562
48 135 42635
48 136 49347
48 137 32366
48 138 33897
48 139 55335
48 140 34507
48 141 28967
48 142 38091
48 143 5162
48 144 35656
48 145 40756
48 146 21927
48 147 18810
48 148 7527
48 149 38174
48 150 42652
48 151 27646
48 152 29832
48 153 7692
48 154 31508
48 155 46492
48 156 24603
48 157 33062
48 158 38524
48 159 5327
48 160 22187
48 161 33700
48 162 17877
48 163 46682
48 164 37180
48 165 52083
48 166 14510
48 167 17677
48 168 -304
48 169 41936
48 170 55576
48 171 41192
48 172 36211
48 173 19103
48 174 2500
48 175 7754
48 176 23337
48 177 40765
48 178 36201
48 179 41407
48 180 35142
48 181 12973
48 182 525
48 183 22569
48 184 34509
48 185 37988
48 186 54462
48 187 55003
48 188 27667
48 189 14503
48 190 11097
48 191 29465
48 192 33204
48 193 28624
48 194 4350
48 195 37787
48 196 34574
48 197 46725
48 198 40579
48 199 11486
48 200 21005
49 1 36715
49 2 57665
49 3 50743
49 4 62841
49 5 32852
49 6 42464
49 7 20326
49 8 21734
49 9 40751
49 10 21494
49 11 6790
49 12 50398
49 13 44260
49 14 50552
49 15 56966
49 16 39087
49 17 30497
49 18 27391
49 19 4287
49 20 35051
49 21 59113
49 22 65791
49 23 64238
49 24 61647
49 25 70398
49 26 50652
49 27 38055
49 28 44679
49 29 56290
49 30 28122
49 31 23110
49 32 18509
49 33 45856
49 34 50758
49 35 50158
49 36 114
49 37 47043
49 38 50827
49 39 63901
49 40 52115
49 41 65085
49 42 55099
49 43 56646
49 44 47883
49 45 21451
49 46 10720
49 47 3156
49 48 6008
49 50 42232
49 51 37548
49 52 30873
49 53 46574
49 54 57368
49 55 70326
49 56 68591
49 57 56788
49 58 48324
49 59 40432
49 60 33615
49 61 38434
49 62 14894
49 63 15938
49 64 -9804
49 65 37704
49 66 25512
49 67 67909
49 68 49368
49 69 35293
49 70 30479
49 71 43303
49 72 59337
49 73 60403
49 74 64608
49 75 63699
49 76 46156
49 77 49787
49 78 52850
49 79 47167
49 80 57100
49 81 42218
49 82 16105
49 83 28517
49 84 32549
49 85 37107
49 86 36361
49 87 47278
49 88 22468
49 89 35254
49 90 22041
49 91 48157
49 92 47502
49 93 40094
49 94 41082
49 95 44109
49 96 41551
49 97 46896
49 98 45949
49 99 42610
49 100 46346
49 101 32652
49 102 39358
49 103 35625
49 104 42156
49 105 47432
49 106 21345
49 107 5392
49 108 17558
49 109 54670
49 110 62402
49 111 41689
49 112 40133
49 113 32891
49 114 20000
49 115 57043
49 116 50767
49 117 48257
49 118 27923
49 119 51826
49 120 44222
49 121 55239
49 122 33610
49 123 7919
49 124 10981
49 125 21348
49 126 15883
49 127 28832
49 128 28520
49 129 53229
49 130 59852
49 131 23833
49 132 35918
49 133 64728
49 134 58130
49 135 48638
49 136 53545
49 137 49694
49 138 48750
49 139 71254
49 140 49825
49 141 44996
49 142 55244
49 143 -5137
49 144 53118
49 145 58091
49 146 37854
49 147 36192
49 148 18180
49 149 53736
49 150 55941
49 151 45028
49 152 46733
49 153 24521
49 154 46361
49 155 62283
49 156 41113
49 157 43547
49 158 50074
49 159 12494
49 160 25832
49 161 38826
49 162 29469
49 163 59817
49 164 44996
49 165 66865
49 166 31962
49 167 32261
49 168 6408
49 169 52237
49 170 71083
49 171 58223
49 172 53624
49 173 35331
49 174 16703
49 175 6810
49 176 36041
49 177 54711
49 178 53551
49 179 56825
49 180 51416
49 181 9222
49 182 13402
49 183 39978
49 184 47766
49 185 48142
49 186 71054
49 187 70851
49 188 31946
49 189 21013
49 190 23980
49 191 45803
49 192 49896
49 193 45498
49 194 20406
49 195 52879
49 196 47251
49 197 63283
49 198 56856
49 199 28044
49 200 37134
50 1 3215
50 2 31307
50 3 4860
50 4 22408
50 5 30036
50 6 27782
50 7 24688
50 8 33632
50 9 6366
50 10 17597
50 11 24922
50 12 7767
50 13 22819
50 14 40776
50 15 34859
50 16 36725
50 17 37794
50 18 23979
50 19 26785
50 20 14047
50 21 24340
50 22 32952
50 23 27181
50 24 15678
50 25 26789
50 26 13317
50 27 11636
50 28 9586
50 29 10449
50 30 7959
50 31 10191
50 32 14552
50 33 4017
50 34 10041
50 35 17162
50 36 38010
50 37 35227
50 38 47216
50 39 23442
50 40 20384
50 41 34565
50 42 38158
50 43 39580
50 44 42488
50 45 33427
50 46 35335
50 47 31015
50 48 22910
50 49 33088
50 51 4581
50 52 18619
50 53 17172
50 54 13756
50 55 26548
50 56 30992
50 57 33126
50 58 20417
50 59 28658
50 60 30576
50 61 35908
50 62 19798
50 63 24646
50 64 21331
50 65 14526
50 66 8299
50 67 26735
50 68 3609
50 69 7850
50 70 10691
50 71 15562
50 72 24118
50 73 26953
50 74 30616
50 75 28355
50 76 1292
50 77 3763
50 78 10436
50 79 2436
50 80 11724
50 81 1887
50 82 25258
50 83 30983
50 84 34608
50 85 29858
50 86 38186
50 87 27322
50 88 18443
50 89 20853
50 90 22633
50 91 40858
50 92 34154
50 93 31501
50 94 24464
50 95 28010
50 96 29556
50 97 30260
50 98 35394
50 99 32543
50 100 35938
50 101 8946
50 102 -4825
50 103 7171
50 104 32089
50 105 14827
50 106 21538
50 107 27309
50 108 13780
50 109 11735
50 110 23639
50 111 4499
50 112 18236
50 113 37292
50 114 28672
50 115 29904
50 116 5238
50 117 29839
50 118 24341
50 119 44465
50 120 7117
50 121 9309
50 122 7147
50 123 25626
50 124 34175
50 125 32331
50 126 23883
50 127 14620
50 128 11902
50 129 8560
50 130 16458
50 131 16983
50 132 6140
50 133 31286
50 134 12737
50 135 14347
50 136 23739
50 137 26010
50 138 9828
50 139 30477
50 140 46511
50 141 41473
50 142 40558
50 143 36050
50 144 31172
50 145 29215
50 146 15905
50 147 22113
50 148 18567
50 149 14762
50 150 10565
50 151 31680
50 152 18826
50 153 23139
50 154 7439
50 155 21850
50 156 16801
50 157 251
50 158 4191
50 159 14749
50 160 12021
50 161 9432
50 162 8503
50 163 14026
50 164 5954
50 165 23106
50 166 24852
50 167 10454
50 168 33090
50 169 7806
50 170 28440
50 171 25504
50 172 35063
50 173 35726
50 174 31883
50 175 29587
50 176 784
50 177 10334
50 178 27253
50 179 16122
50 180 16821
50 181 16094
50 182 17180
50 183 23808
50 184 3228
50 185 4484
50 186 33424
50 187 29727
50 188 9897
50 189 17116
50 190 11243
50 191 40549
50 192 41118
50 193 37261
50 194 21425
50 195 12004
50 196 1683
50 197 26539
50 198 19843
50 199 33589
50 200 10173
51 1 8932
51 2 42320
51 3 10932
51 4 32719
51 5 37846
51 6 36857
51 7 27605
51 8 38201
51 9 -2573
51 10 15301
51 11 22305
51 12 18420
51 13 33095
51 14 50680
51 15 45852
51 16 45373
51 17 44638
51 18 30218
51 19 26304
51 20 3998
51 21 35476
51 22 44064
51 23 37765
51 24 22063
51 25 35570
51 26 24484
51 27 20548
51 28 20396
51 29 14661
51 30 2414
51 31 12402
51 32 7296
51 33 3418
51 34 6622
51 35 8731
51 36 38213
51 37 44845
51 38 56703
51 39 33403
51 40 31502
51 41 45732
51 42 48632
51 43 50296
51 44 51790
51 45 38875
51 46 38376
51 47 32039
51 48 25041
51 49 31170
51 50 7347
51 52 24850
51 53 27851
51 54 23248
51 55 35400
51 56 41655
51 57 44088
51 58 31250
51 59 37990
51 60 37880
51 61 44276
51 62 19303
51 63 19511
51 64 16417
51 65 4007
51 66 -2778
51 67 36189
51 68 11815
51 69 14129
51 70 9403
51 71 5109
51 72 35166
51 73 38107
51 74 41701
51 75 39299
51 76 11907
51 77 12076
51 78 8986
51 79 5192
51 80 20406
51 81 -1532
51 82 28993
51 83 37318
51 84 41828
51 85 38869
51 86 46529
51 87 37829
51 88 20626
51 89 29193
51 90 17146
51 91 50077
51 92 43799
51 93 40498
51 94 34065
51 95 37799
51 96 38650
51 97 40303
51 98 44818
51 99 41524
51 100 45532
51 101 11182
51 102 1347
51 103 -3841
51 104 41070
51 105 25853
51 106 25621
51 107 25697
51 108 10287
51 109 22048
51 110 34387
51 111 15074
51 112 27927
51 113 44879
51 114 33628
51 115 40976
51 116 14691
51 117 39938
51 118 31843
51 119 54010
51 120 251
51 121 14114
51 122 3038
51 123 26068
51 124 36293
51 125 37850
51 126 19049
51 127 19062
51 128 2323
51 129 10969
51 130 25913
51 131 9096
51 132 13364
51 133 42366
51 134 20669
51 135 6343
51 136 14340
51 137 36667
51 138 21007
51 139 40448
51 140 55935
51 141 50425
51 142 50906
51 143 35147
51 144 41948
51 145 40391
51 146 24400
51 147 30870
51 148 19345
51 149 25753
51 150 19247
51 151 41325
51 152 29659
51 153 27933
51 154 18618
51 155 32161
51 156 26540
51 157 4070
51 158 10263
51 159 13584
51 160 3815
51 161 -1046
51 162 11506
51 163 21237
51 164 964
51 165 32048
51 166 32230
51 167 17396
51 168 34089
51 169 9174
51 170 37531
51 171 36649
51 172 45638
51 173 43435
51 174 36281
51 175 27663
51 176 9123
51 177 19809
51 178 38283
51 179 26675
51 180 28001
51 181 8429
51 182 18929
51 183 33163
51 184 13640
51 185 5940
51 186 44028
51 187 39572
51 188 -857
51 189 14820
51 190 14596
51 191 49678
51 192 50757
51 193 46576
51 194 25138
51 195 22759
51 196 11405
51 197 37411
51 198 30838
51 199 39509
51 200 20128
52 1 12122
52 2 26199
52 3 24685
52 4 30483
52 5 11493
52 6 13132
52 7 7421
52 8 13416
52 9 23859
52 10 13459
52 11 15559
52 12 19750
52 13 13264
52 14 26972
52 15 27667
52 16 19522
52 17 18038
52 18 3702
52 19 13054
52 20 24361
52 21 26472
52 22 33488
52 23 31628
52 24 32878
52 25 38757
52 26 18404
52 27 6288
52 28 13156
52 29 29743
52 30 14595
52 31 3277
52 32 16695
52 33 23721
52 34 30193
52 35 35269
52 36 21402
52 37 21085
52 38 31728
52 39 31383
52 40 19501
52 41 33254
52 42 27422
52 43 29660
52 44 26773
52 45 13038
52 46 15819
52 47 14012
52 48 5187
52 49 19673
52 50 16563
52 51 20028
52 53 13924
52 54 26271
52 55 38887
52 56 35941
52 57 26448
52 58 15945
52 59 13870
52 60 11334
52 61 18234
52 62 9600
52 63 20914
52 64 13524
52 65 29780
52 66 19424
52 67 35388
52 68 20842
52 69 8620
52 70 13638
52 71 31354
52 72 26719
52 73 27867
52 74 32112
52 75 31132
52 76 17930
52 77 22552
52 78 30741
52 79 22800
52 80 27884
52 81 21340
52 82 5907
52 83 10819
52 84 15213
52 85 13740
52 86 20292
52 87 17672
52 88 5911
52 89 4728
52 90 21352
52 91 25170
52 92 20386
52 93 15511
52 94 11495
52 95 15287
52 96 14303
52 97 18292
52 98 20593
52 99 16723
52 100 21497
52 101 11220
52 102 15151
52 103 22101
52 104 16269
52 105 14827
52 106 2749
52 107 15670
52 108 11264
52 109 23795
52 110 29891
52 111 11822
52 112 8009
52 113 18304
52 114 8350
52 115 25470
52 116 22508
52 117 18598
52 118 5377
52 119 29488
52 120 25792
52 121 28512
52 122 16485
52 123 10857
52 124 15880
52 125 11947
52 126 19883
52 127 3422
52 128 20350
52 129 28916
52 130 28519
52 131 20674
52 132 8487
52 133 32351
52 134 28378
52 135 32726
52 136 40943
52 137 18442
52 138 17360
52 139 38822
52 140 30863
52 141 24903
52 142 28877
52 143 21154
52 144 23097
52 145 26474
52 146 5308
52 147 6666
52 148 7324
52 149 21543
52 150 26725
52 151 17912
52 152 14354
52 153 3387
52 154 14971
52 155 29925
52 156 8513
52 157 20050
52 158 24016
52 159 6593
52 160 18193
52 161 25343
52 162 7168
52 163 30720
52 164 25622
52 165 35472
52 166 5841
52 167 2219
52 168 16243
52 169 28128
52 170 38961
52 171 25854
52 172 25118
52 173 16952
52 174 11683
52 175 18364
52 176 9019
52 177 24481
52 178 22171
52 179 24767
52 180 18788
52 181 16215
52 182 2650
52 183 10185
52 184 18807
52 185 24802
52 186 38406
52 187 38465
52 188 21377
52 189 12978
52 190 1596
52 191 24468
52 192 26536
52 193 21889
52 194 3216
52 195 21161
52 196 19301
52 197 30634
52 198 24238
52 199 13261
52 200 4516
53 1 15329
53 2 13138
53 3 19418
53 4 15343
53 5 15824
53 6 12021
53 7 23017
53 8 25963
53 9 25234
53 10 26029
53 11 30485
53 12 8999
53 13 4236
53 14 22272
53 15 16475
53 16 20076
53 17 24500
53 18 15321
53 19 28646
53 20 30864
53 21 10867
53 22 18370
53 23 16049
53 24 22329
53 25 24422
53 26 4262
53 27 6964
53 28 5135
53 29 21884
53 30 22349
53 31 15268
53 32 27545
53 33 22608
53 34 27221
53 35 35881
53 36 36623
53 37 17291
53 38 29050
53 39 15939
53 40 4005
53 41 18769
53 42 19299
53 43 20765
53 44 24716
53 45 23231
53 46 29234
53 47 29278
53 48 20434
53 49 35293
53 50 15035
53 51 22948
53 52 13843
53 54 13265
53 55 24907
53 56 20320
53 57 14694
53 58 1809
53 59 11409
53 60 18104
53 61 19989
53 62 24270
53 63 34208
53 64 28458
53 65 33340
53 66 25903
53 67 19915
53 68 12183
53 69 13850
53 70 22237
53 71 34362
53 72 11146
53 73 12455
53 74 16726
53 75 15623
53 76 12186
53 77 16552
53 78 27460
53 79 18635
53 80 18195
53 81 20463
53 82 20461
53 83 20271
53 84 21213
53 85 12880
53 86 21789
53 87 8463
53 88 20563
53 89 8371
53 90 33518
53 91 23397
53 92 16292
53 93 14735
53 94 7169
53 95 10074
53 96 13064
53 97 11821
53 98 17775
53 99 16058
53 100 17948
53 101 18766
53 102 13980
53 103 25700
53 104 15604
53 105 -396
53 106 18165
53 107 31045
53 108 23423
53 109 12002
53 110 14538
53 111 7869
53 112 2387
53 113 22437
53 114 20630
53 115 12043
53 116 15456
53 117 11404
53 118 11335
53 119 26382
53 120 25852
53 121 20811
53 122 22443
53 123 26475
53 124 30661
53 125 22137
53 126 33211
53 127 15976
53 128 28003
53 129 24534
53 130 15011
53 131 30817
53 132 12118
53 133 17119
53 134 17021
53 135 33023
53 136 42579
53 137 7151
53 138 6606
53 139 23504
53 140 28425
53 141 24253
53 142 21737
53 143 36707
53 144 12401
53 145 12455
53 146 8339
53 147 7528
53 148 21991
53 149 7138
53 150 17036
53 151 13818
53 152 218
53 153 18322
53 154 4217
53 155 14785
53 156 2696
53 157 19030
53 158 18749
53 159 20645
53 160 26901
53 161 28205
53 162 15954
53 163 20135
53 164 23995
53 165 21609
53 166 13384
53 167 9737
53 168 31576
53 169 23005
53 170 23976
53 171 10685
53 172 16196
53 173 21193
53 174 23994
53 175 33693
53 176 10225
53 177 13318
53 178 9144
53 179 10346
53 180 3253
53 181 28371
53 182 18097
53 183 7329
53 184 11423
53 185 22113
53 186 22787
53 187 23205
53 188 27298
53 189 25548
53 190 14228
53 191 23104
53 192 22954
53 193 19675
53 194 18751
53 195 7779
53 196 13084
53 197 15015
53 198 8690
53 199 23412
53 200 -2326
54 1 22502
54 2 24056
54 3 12739
54 4 3468
54 5 35813
54 6 31995
54 7 40066
54 8 45457
54 9 22166
54 10 37306
54 11 44096
54 12 4618
54 13 22311
54 14 37956
54 15 25674
54 16 38775
54 17 44494
54 18 34687
54 19 44447
54 20 33883
54 21 12266
54 22 18370
54 23 8509
54 24 4045
54 25 6381
54 26 8242
54 27 22341
54 28 15813
54 29 7494
54 30 28549
54 31 28141
54 32 35143
54 33 19552
54 34 17546
54 35 29576
54 36 54305
54 37 35122
54 38 45090
54 39 3369
54 40 14761
54 41 20881
54 42 33398
54 43 32262
54 44 42036
54 45 43239
54 46 48513
54 47 46936
54 48 38193
54 49 51226
54 50 16758
54 51 23484
54 52 31329
54 53 18404
54 55 6189
54 56 12945
54 57 25279
54 58 17923
54 59 30291
54 60 38191
54 61 39304
54 62 38235
54 63 44914
54 64 41249
54 65 29245
54 66 26943
54 67 6216
54 68 1617
54 69 24757
54 70 30838
54 71 31303
54 72 9519
54 73 14495
54 74 16017
54 75 11997
54 76 11171
54 77 11112
54 78 18915
54 79 11386
54 80 6332
54 81 16337
54 82 38953
54 83 40239
54 84 41256
54 85 31626
54 86 40450
54 87 23668
54 88 35457
54 89 28241
54 90 43064
54 91 41511
54 92 34492
54 93 33806
54 94 26528
54 95 28570
54 96 32597
54 97 29186
54 98 36017
54 99 35459
54 100 35448
54 101 28246
54 102 13888
54 103 24806
54 104 35005
54 105 13471
54 106 35787
54 107 45807
54 108 33860
54 109 3272
54 110 7333
54 111 15898
54 112 22477
54 113 42033
54 114 40157
54 115 21708
54 116 10428
54 117 29192
54 118 31435
54 119 43201
54 120 21251
54 121 7426
54 122 27732
54 123 42702
54 124 48985
54 125 42135
54 126 44087
54 127 30606
54 128 32003
54 129 16541
54 130 -4131
54 131 37538
54 132 22580
54 133 16226
54 134 -1405
54 135 26781
54 136 36983
54 137 22817
54 138 11078
54 139 10443
54 140 44676
54 141 42347
54 142 36042
54 143 53422
54 144 25351
54 145 17533
54 146 25831
54 147 27626
54 148 36389
54 149 4791
54 150 5173
54 151 32018
54 152 16332
54 153 36457
54 154 8689
54 155 2910
54 156 22211
54 157 18144
54 158 12070
54 159 33701
54 160 32492
54 161 25790
54 162 26967
54 163 2627
54 164 16369
54 165 2718
54 166 33295
54 167 24438
54 168 49112
54 169 12420
54 170 7854
54 171 11988
54 172 29987
54 173 41031
54 174 43606
54 175 48256
54 176 18046
54 177 455
54 178 19565
54 179 366
54 180 9761
54 181 36685
54 182 33908
54 183 27149
54 184 8650
54 185 17035
54 186 15003
54 187 9505
54 188 29225
54 189 36825
54 190 28185
54 191 41024
54 192 39749
54 193 37690
54 194 36112
54 195 1812
54 196 9598
54 197 10051
54 198 5866
54 199 43341
54 200 16006
55 1 30949
55 2 27632
55 3 20023
55 4 2792
55 5 42309
55 6 38618
55 7 48296
55 8 53064
55 9 28957
55 10 45774
55 11 52580
55 12 13090
55 13 28077
55 14 41587
55 15 27139
55 16 44006
55 17 50905
55 18 42325
55 19 52850
55 20 41631
55 21 15514
55 22 18102
55 23 4124
55 24 6211
55 25 -2055
55 26 15513
55 27 30501
55 28 24001
55 29 11755
55 30 36760
55 31 36614
55 32 43344
55 33 26883
55 34 22405
55 35 35079
55 36 62514
55 37 40148
55 38 48548
55 39 -2492
55 40 20384
55 41 20655
55 42 36799
55 43 34181
55 44 46425
55 45 50392
55 46 56248
55 47 55130
55 48 46345
55 49 59645
55 50 25011
55 51 31097
55 52 39406
55 53 25507
55 54 1650
55 56 10347
55 57 27941
55 58 23876
55 59 35957
55 60 45177
55 61 45037
55 62 46705
55 63 53326
55 64 49718
55 65 34994
55 66 34145
55 67 -1345
55 68 9031
55 69 33234
55 70 39249
55 71 37701
55 72 10582
55 73 16728
55 74 16324
55 75 10738
55 76 19508
55 77 18913
55 78 24639
55 79 18096
55 80 13922
55 81 23273
55 82 46924
55 83 47462
55 84 47825
55 85 37044
55 86 45532
55 87 28007
55 88 43867
55 89 35563
55 90 51427
55 91 46503
55 92 39811
55 93 39498
55 94 32680
55 95 34195
55 96 38735
55 97 34254
55 98 41229
55 99 41443
55 100 40203
55 101 36715
55 102 21877
55 103 31901
55 104 40989
55 105 20484
55 106 43912
55 107 54268
55 108 42296
55 109 11735
55 110 9499
55 111 24348
55 112 29546
55 113 47913
55 114 47741
55 115 24903
55 116 18523
55 117 34598
55 118 38309
55 119 47372
55 120 27762
55 121 12524
55 122 35929
55 123 51062
55 124 57033
55 125 49305
55 126 52511
55 127 38991
55 128 39838
55 129 23010
55 130 36
55 131 45656
55 132 31056
55 133 15673
55 134 3136
55 135 32427
55 136 42536
55 137 27871
55 138 19295
55 139 5245
55 140 48257
55 141 47178
55 142 39302
55 143 61768
55 144 28893
55 145 18655
55 146 33791
55 147 34537
55 148 44837
55 149 11547
55 150 12763
55 151 37337
55 152 22285
55 153 44475
55 154 16906
55 155 2234
55 156 29649
55 157 25975
55 158 19354
55 159 42186
55 160 40538
55 161 32489
55 162 35452
55 163 6859
55 164 21941
55 165 -2939
55 166 40587
55 167 32756
55 168 57324
55 169 17793
55 170 -152
55 171 12843
55 172 33429
55 173 47260
55 174 51147
55 175 56725
55 176 26529
55 177 8671
55 178 22873
55 179 5937
55 180 15667
55 181 44884
55 182 42274
55 183 33632
55 184 17013
55 185 24100
55 186 11579
55 187 3731
55 188 36777
55 189 45293
55 190 36618
55 191 45803
55 192 43987
55 193 42658
55 194 44283
55 195 9506
55 196 17752
55 197 9663
55 198 8957
55 199 50610
55 200 23665
56 1 35787
56 2 17678
56 3 29675
56 4 2494
56 5 35849
56 6 33266
56 7 47851
56 8 49425
56 9 39144
56 10 49422
56 11 54906
56 12 18593
56 13 21436
56 14 29911
56 15 13591
56 16 34659
56 17 43748
56 18 39364
56 19 53466
56 20 49536
56 21 8580
56 22 4144
56 23 -8294
56 24 19987
56 25 8761
56 26 15898
56 27 31031
56 28 25655
56 29 24682
56 30 42923
56 31 39079
56 32 49267
56 33 36207
56 34 34986
56 35 47014
56 36 61206
56 37 30999
56 38 36327
56 39 -6894
56 40 15682
56 41 6337
56 42 25277
56 43 20781
56 44 35700
56 45 45163
56 46 52750
56 47 53926
56 48 45113
56 49 60133
56 50 31678
56 51 39575
56 52 38683
56 53 23143
56 54 10629
56 55 12570
56 57 16047
56 58 18733
56 59 28121
56 60 40070
56 61 36747
56 62 48681
56 63 57564
56 64 52761
56 65 46605
56 66 43353
56 67 -4132
56 68 18733
56 69 36334
56 70 44056
56 71 48446
56 72 329
56 73 7099
56 74 3672
56 75 -3578
56 76 26172
56 77 27552
56 78 36362
56 79 28608
56 80 23449
56 81 33305
56 82 44920
56 83 42826
56 84 41311
56 85 28361
56 86 35687
56 87 18362
56 88 45116
56 89 32134
56 90 56258
56 91 36976
56 92 31372
56 93 31487
56 94 26351
56 95 26645
56 96 31978
56 97 25612
56 98 32355
56 99 34185
56 100 30437
56 101 40847
56 102 29563
56 103 41461
56 104 33731
56 105 18646
56 106 42962
56 107 55735
56 108 46474
56 109 17893
56 110 6553
56 111 27705
56 112 26036
56 113 39608
56 114 44121
56 115 14474
56 116 26445
56 117 26829
56 118 32912
56 119 36394
56 120 38425
56 121 24819
56 122 42292
56 123 51311
56 124 55064
56 125 44170
56 126 56624
56 127 40311
56 128 47408
56 129 33861
56 130 9444
56 131 52020
56 132 34247
56 133 1552
56 134 15410
56 135 44203
56 136 54407
56 137 20114
56 138 22014
56 139 3009
56 140 36191
56 141 37129
56 142 27398
56 143 61507
56 144 18132
56 145 5502
56 146 33110
56 147 29895
56 148 46471
56 149 12499
56 150 22290
56 151 28898
56 152 17142
56 153 43029
56 154 19625
56 155 1936
56 156 27428
56 157 34126
56 158 29006
56 159 44765
56 160 47316
56 161 42772
56 162 38807
56 163 19515
56 164 33817
56 165 10647
56 166 36621
56 167 33872
56 168 56264
56 169 29881
56 170 3514
56 171 427
56 172 22120
56 173 39964
56 174 47154
56 175 58351
56 176 30757
56 177 17161
56 178 12450
56 179 8571
56 180 12648
56 181 50649
56 182 42870
56 183 28055
56 184 23772
56 185 33993
56 186 -1996
56 187 2803
56 188 45229
56 189 48941
56 190 38398
56 191 35755
56 192 33204
56 193 33144
56 194 43572
56 195 12989
56 196 25347
56 197 -1358
56 198 4120
56 199 45999
56 200 22408
57 1 34969
57 2 4827
57 3 36838
57 4 18600
57 5 18560
57 6 19292
57 7 37372
57 8 34429
57 9 44328
57 10 44238
57 11 46814
57 12 24604
57 13 8169
57 14 8975
57 15 -3171
57 16 14330
57 17 24934
57 18 26549
57 19 43167
57 20 50507
57 21 12530
57 22 9051
57 23 8468
57 24 34269
57 25 28295
57 26 18404
57 27 25904
57 28 24495
57 29 36592
57 30 41856
57 31 33440
57 32 46571
57 33 41384
57 34 44546
57 35 54479
57 36 47774
57 37 11465
57 38 15712
57 39 14106
57 40 12561
57 41 5434
57 42 4277
57 43 2188
57 44 14747
57 45 28221
57 46 37185
57 47 41110
57 48 32827
57 49 48764
57 50 34246
57 51 42442
57 52 29624
57 53 17951
57 54 23397
57 55 30598
57 56 16481
57 58 11270
57 59 10224
57 60 24507
57 61 17351
57 62 40993
57 63 52133
57 64 44654
57 65 52574
57 66 45547
57 67 15909
57 68 27692
57 69 33205
57 70 41520
57 71 53630
57 72 8642
57 73 9803
57 74 10637
57 75 9328
57 76 30389
57 77 33995
57 78 44976
57 79 36215
57 80 32925
57 81 39142
57 82 32168
57 83 27307
57 84 23533
57 85 8901
57 86 14957
57 87 -137
57 88 37303
57 89 20436
57 90 52030
57 91 16722
57 92 12941
57 93 12926
57 94 11619
57 95 10074
57 96 15568
57 97 7603
57 98 12995
57 99 16777
57 100 10158
57 101 38077
57 102 33066
57 103 45165
57 104 16323
57 105 16140
57 106 32226
57 107 46469
57 108 41858
57 109 25869
57 110 18357
57 111 27365
57 112 16329
57 113 19846
57 114 29373
57 115 2667
57 116 32656
57 117 10681
57 118 17042
57 119 15408
57 120 44606
57 121 35924
57 122 42065
57 123 40813
57 124 41504
57 125 27400
57 126 51106
57 127 33647
57 128 47595
57 129 41922
57 130 23650
57 131 50036
57 132 31610
57 133 8414
57 134 28743
57 135 51584
57 136 61421
57 137 6855
57 138 24082
57 139 23467
57 140 15476
57 141 16400
57 142 6516
57 143 49332
57 144 -1457
57 145 -1360
57 146 25905
57 147 16676
57 148 38724
57 149 18363
57 150 31766
57 151 10467
57 152 9679
57 153 31847
57 154 21693
57 155 18042
57 156 19719
57 157 38056
57 158 36169
57 159 37943
57 160 46362
57 161 47509
57 162 34969
57 163 32619
57 164 42009
57 165 27958
57 166 23022
57 167 28152
57 168 43688
57 169 39634
57 170 24420
57 171 3414
57 172 1184
57 173 21421
57 174 31508
57 175 49225
57 176 29872
57 177 26898
57 178 -989
57 179 18948
57 180 13247
57 181 46981
57 182 33672
57 183 14177
57 184 28899
57 185 40358
57 186 17859
57 187 23347
57 188 46942
57 189 43757
57 190 32033
57 191 15067
57 192 12268
57 193 12952
57 194 33049
57 195 20197
57 196 30791
57 197 12647
57 198 12182
57 199 30252
57 200 16397
58 1 20427
58 2 8051
58 3 23484
58 4 14173
58 5 15179
58 6 11684
58 7 26366
58 8 27480
58 9 30051
58 10 30721
58 11 34626
58 12 12041
58 13 1099
58 14 18259
58 15 11389
58 16 17604
58 17 23741
58 18 17346
58 19 32207
58 20 35961
58 21 8083
58 22 14256
58 23 12746
58 24 24409
58 25 23953
58 26 6049
58 27 11780
58 28 10007
58 29 24978
58 30 27428
58 31 19904
58 32 32504
58 33 27271
58 34 31355
58 35 40513
58 36 39253
58 37 14131
58 38 25262
58 39 13891
58 40 1420
58 41 14179
58 42 14716
58 43 15880
58 44 21383
58 45 23762
58 46 30821
58 47 32027
58 48 23257
58 49 38637
58 50 19874
58 51 27941
58 52 17458
58 53 3403
58 54 14378
58 55 24870
58 56 17504
58 57 9607
58 59 9078
58 60 18496
58 61 18110
58 62 28479
58 63 38846
58 64 32622
58 65 38230
58 66 30987
58 67 17659
58 68 15421
58 69 18874
58 70 27254
58 71 39260
58 72 7984
58 73 8845
58 74 13002
58 75 12148
58 76 16523
58 77 20594
58 78 31639
58 79 22800
58 80 21095
58 81 25095
58 82 22956
58 83 21098
58 84 20708
58 85 10429
58 86 19306
58 87 3966
58 88 24713
58 89 10120
58 90 38325
58 91 20473
58 92 13359
58 93 12598
58 94 5514
58 95 7362
58 96 11576
58 97 8284
58 98 14904
58 99 14338
58 100 14624
58 101 23785
58 102 18767
58 103 30682
58 104 13884
58 105 2099
58 106 21345
58 107 34902
58 108 28194
58 109 14333
58 110 13144
58 111 12844
58 112 4114
58 113 20895
58 114 22161
58 115 7010
58 116 19360
58 117 8085
58 118 11483
58 119 22802
58 120 30526
58 121 24027
58 122 27542
58 123 29945
58 124 33066
58 125 22716
58 126 37836
58 127 20395
58 128 33099
58 129 28628
58 130 15656
58 131 35829
58 132 17185
58 133 13140
58 134 18900
58 135 37637
58 136 47310
58 137 2512
58 138 10390
58 139 21796
58 140 24709
58 141 21353
58 142 17268
58 143 39781
58 144 7467
58 145 7639
58 146 12506
58 147 8016
58 148 26174
58 149 7902
58 150 19936
58 151 10885
58 152 -4881
58 153 21269
58 154 8001
58 155 13615
58 156 6240
58 157 23793
58 158 22815
58 159 25044
58 160 31973
58 161 33116
58 162 20874
58 163 22331
58 164 28386
58 165 21724
58 166 14649
58 167 14384
58 168 34400
58 169 26832
58 170 22672
58 171 6636
58 172 11502
58 173 20100
58 174 25298
58 175 37590
58 176 15317
58 177 15686
58 178 4061
58 179 10535
58 180 2443
58 181 33222
58 182 21884
58 183 6589
58 184 15411
58 185 26550
58 186 19851
58 187 21588
58 188 32382
58 189 30240
58 190 18719
58 191 20083
58 192 19338
58 193 16678
58 194 22033
58 195 9301
58 196 17212
58 197 12203
58 198 6824
58 199 24283
58 200 2257
59 1 28906
59 2 14648
59 3 36576
59 4 28482
59 5 2286
59 6 7190
59 7 23541
59 8 18370
59 9 40620
59 10 33304
59 11 33484
59 12 26414
59 13 4071
59 14 7090
59 15 10573
59 16 2626
59 17 9572
59 18 12117
59 19 28742
59 20 43444
59 21 21597
59 22 23683
59 23 23375
59 24 39399
59 25 38520
59 26 20939
59 27 19004
59 28 21778
59 29 39344
59 30 33900
59 31 23160
59 32 36619
59 33 38728
59 34 44167
59 35 51773
59 36 31876
59 37 1166
59 38 12658
59 39 26910
59 40 16323
59 41 21273
59 42 8646
59 43 10555
59 44 7794
59 45 11969
59 46 20934
59 47 25530
59 48 17664
59 49 33510
59 50 30880
59 51 37446
59 52 18148
59 53 15768
59 54 29511
59 55 39716
59 56 29657
59 57 11326
59 58 11843
59 60 8650
59 61 3027
59 62 28435
59 63 40312
59 64 30807
59 65 47992
59 66 38658
59 67 29985
59 68 29646
59 69 25868
59 70 33014
59 71 49154
59 72 20321
59 73 20845
59 74 23914
59 75 23170
59 76 29194
59 77 33768
59 78 44396
59 79 35653
59 80 35606
59 81 36600
59 82 17028
59 83 11266
59 84 7420
59 85 -4582
59 86 4349
59 87 1872
59 88 25299
59 89 8749
59 90 41168
59 91 6147
59 92 1035
59 93 -2513
59 94 1295
59 95 182
59 96 702
59 97 1201
59 98 790
59 99 574
59 100 1634
59 101 30015
59 102 29884
59 103 40057
59 104 120
59 105 16367
59 106 18538
59 107 32514
59 108 31142
59 109 29149
59 110 27483
59 111 23708
59 112 9110
59 113 5910
59 114 13442
59 115 14010
59 116 32783
59 117 4681
59 118 1084
59 119 9983
59 120 41769
59 121 38275
59 122 35082
59 123 26430
59 124 25727
59 125 11130
59 126 39290
59 127 23223
59 128 39807
59 129 41617
59 130 30754
59 131 40577
59 132 24888
59 133 22925
59 134 33938
59 135 49001
59 136 58091
59 137 8035
59 138 24063
59 139 35352
59 140 11900
59 141 6877
59 142 9336
59 143 33821
59 144 7665
59 145 14164
59 146 17506
59 147 4430
59 148 26415
59 149 23031
59 150 34447
59 151 -1439
59 152 10252
59 153 18062
59 154 21674
59 155 27924
59 156 13316
59 157 34957
59 158 35907
59 159 25917
59 160 37871
59 161 42997
59 162 26268
59 163 37267
59 164 40557
59 165 36647
59 166 8621
59 167 19460
59 168 28215
59 169 40281
59 170 36459
59 171 16867
59 172 7184
59 173 5790
59 174 15284
59 175 35305
59 176 24433
59 177 30510
59 178 10136
59 179 25599
59 180 17534
59 181 35926
59 182 20487
59 183 3220
59 184 28733
59 185 38742
59 186 31615
59 187 35212
59 188 40293
59 189 32823
59 190 21494
59 191 5853
59 192 6813
59 193 2559
59 194 19406
59 195 24355
59 196 30266
59 197 24763
59 198 20990
59 199 14093
59 200 11006
60 1 25192
60 2 23755
60 3 36174
60 4 34745
60 5 -1727
60 6 8923
60 7 13801
60 8 7818
60 9 37145
60 10 25265
60 11 23617
60 12 28413
60 13 10827
60 14 15941
60 15 21329
60 16 6573
60 17 5133
60 18 2794
60 19 18322
60 20 37709
60 21 28571
60 22 32776
60 23 32228
60 24 42055
60 25 44339
60 26 24484
60 27 16718
60 28 22111
60 29 40405
60 30 27907
60 31 16232
60 32 28849
60 33 36456
60 34 42736
60 35 48550
60 36 21187
60 37 11361
60 38 19204
60 39 34407
60 40 21995
60 41 31051
60 42 19364
60 43 21035
60 44 14533
60 45 3156
60 46 10842
60 47 14760
60 48 6983
60 49 22758
60 50 28863
60 51 33401
60 52 11677
60 53 18528
60 54 33476
60 55 45001
60 56 37671
60 57 21674
60 58 17326
60 59 4715
60 61 5207
60 62 19303
60 63 31315
60 64 20514
60 65 43226
60 66 32670
60 67 38017
60 68 30886
60 69 21704
60 70 26969
60 71 44801
60 72 28104
60 73 28709
60 74 32406
60 75 31707
60 76 28892
60 77 33660
60 78 43109
60 79 34765
60 80 37385
60 81 34199
60 82 6411
60 83 744
60 84 1921
60 85 2075
60 86 6937
60 87 12068
60 88 16981
60 89 5721
60 90 32868
60 91 13470
60 92 11799
60 93 4537
60 94 6866
60 95 8988
60 96 6142
60 97 11465
60 98 10337
60 99 6882
60 100 10957
60 101 24673
60 102 27688
60 103 35549
60 104 6428
60 105 19787
60 106 9139
60 107 22309
60 108 23153
60 109 31883
60 110 33734
60 111 22651
60 112 10446
60 113 4879
60 114 2751
60 115 23183
60 116 33121
60 117 13464
60 118 -7765
60 119 17760
60 120 38899
60 121 39204
60 122 29938
60 123 16075
60 124 14981
60 125 2101
60 126 30323
60 127 16696
60 128 33518
60 129 40839
60 130 35226
60 131 33128
60 132 21272
60 133 31915
60 134 36949
60 135 45950
60 136 54337
60 137 16064
60 138 25680
60 139 42399
60 140 18280
60 141 12224
60 142 19667
60 143 23051
60 144 17959
60 145 23918
60 146 14716
60 147 3732
60 148 17630
60 149 27311
60 150 36226
60 151 9325
60 152 15735
60 153 8767
60 154 23291
60 155 34187
60 156 13696
60 157 32682
60 158 35505
60 159 17133
60 160 31181
60 161 38775
60 162 20613
60 163 39828
60 164 38463
60 165 41745
60 166 1093
60 167 15004
60 168 17448
60 169 39900
60 170 43285
60 171 25577
60 172 17948
60 173 3505
60 174 5137
60 175 25105
60 176 21534
60 177 33070
60 178 19467
60 179 30438
60 180 22646
60 181 27245
60 182 11117
60 183 6445
60 184 29153
60 185 37171
60 186 39870
60 187 42198
60 188 34760
60 189 24784
60 190 14596
60 191 12171
60 192 15251
60 193 10521
60 194 9966
60 195 27983
60 196 30208
60 197 32478
60 198 27439
60 199 3853
60 200 11230
61 1 35178
61 2 23038
61 3 44468
61 4 37434
61 5 509
61 6 14297
61 7 24725
61 8 15521
61 9 47182
61 10 36445
61 11 34245
61 12 34958
61 13 13044
61 14 6176
61 15 15722
61 16 -4607
61 17 1704
61 18 13975
61 19 28370
61 20 48567
61 21 30508
61 22 31745
61 23 31437
61 24 48174
61 25 47490
61 26 29741
61 27 25762
61 28 29704
61 29 47756
61 30 38801
61 31 27266
61 32 40029
61 33 45856
61 34 51743
61 35 58516
61 36 28533
61 37 5987
61 38 8067
61 39 35583
61 40 25315
61 41 28736
61 42 13248
61 43 13167
61 44 3702
61 45 6683
61 46 16324
61 47 23239
61 48 16562
61 49 31430
61 50 38048
61 51 43650
61 52 22430
61 53 24266
61 54 38442
61 55 48714
61 56 38201
61 57 18371
61 58 20793
61 59 2945
61 60 9060
61 62 30359
61 63 42348
61 64 30553
61 65 53848
61 66 43622
61 67 38405
61 68 38054
61 69 31821
61 70 37845
61 71 55239
61 72 29021
61 73 29560
61 74 32336
61 75 31516
61 76 37053
61 77 41740
61 78 52006
61 79 43386
61 80 44150
61 81 43688
61 82 16453
61 83 9654
61 84 2284
61 85 -5495
61 86 -3679
61 87 9740
61 88 28161
61 89 14470
61 90 44032
61 91 4168
61 92 8997
61 93 487
61 94 9782
61 95 9182
61 96 7980
61 97 9543
61 98 4800
61 99 6584
61 100 3411
61 101 35303
61 102 37001
61 103 46020
61 104 6130
61 105 25078
61 106 20236
61 107 32628
61 108 34333
61 109 37869
61 110 36448
61 111 31171
61 112 16920
61 113 -3050
61 114 11317
61 115 22308
61 116 40891
61 117 13631
61 118 1531
61 119 7427
61 120 48651
61 121 46639
61 122 40565
61 123 26295
61 124 23140
61 125 6197
61 126 41370
61 127 27591
61 128 44515
61 129 49399
61 130 39731
61 131 44295
61 132 31144
61 133 31042
61 134 42758
61 135 55826
61 136 64551
61 137 16955
61 138 32447
61 139 44155
61 140 7130
61 141 1119
61 142 11979
61 143 31348
61 144 15062
61 145 21774
61 146 23905
61 147 10750
61 148 28773
61 149 31958
61 150 42991
61 151 6523
61 152 19202
61 153 19909
61 154 30058
61 155 36876
61 156 20955
61 157 42051
61 158 43799
61 159 28258
61 160 42251
61 161 49148
61 162 31322
61 163 46013
61 164 47834
61 165 45647
61 166 11621
61 167 25136
61 168 26179
61 169 48235
61 170 45279
61 171 25210
61 172 12905
61 173 -857
61 174 11330
61 175 35416
61 176 31102
61 177 39217
61 178 18363
61 179 34585
61 180 26507
61 181 38335
61 182 22146
61 183 11015
61 184 36843
61 185 46189
61 186 40040
61 187 44023
61 188 45569
61 189 35964
61 190 25603
61 191 1451
61 192 5591
61 193 1891
61 194 21038
61 195 33212
61 196 38233
61 197 33450
61 198 29949
61 199 11450
61 200 18697
62 1 16125
62 2 41446
62 3 30229
62 4 43289
62 5 23212
62 6 27997
62 7 6466
62 8 16934
62 9 22166
62 10 2521
62 11 534
62 12 30111
62 13 28557
62 14 40694
62 15 42888
62 16 31418
62 17 26322
62 18 14525
62 19 1465
62 20 18072
62 21 40683
62 22 48291
62 23 45826
62 24 41056
62 25 50241
62 26 31200
62 27 18839
62 28 24943
62 29 35810
62 30 9319
62 31 2648
62 32 5048
62 33 25821
62 34 31453
62 35 32702
62 36 13261
62 37 35253
62 38 44122
62 39 44518
62 40 33971
62 41 48337
62 42 42277
62 43 44469
62 44 39532
62 45 18358
62 46 14490
62 47 7115
62 48 1074
62 49 7614
62 50 21662
62 51 18401
62 52 13520
62 53 28271
62 54 37097
62 55 50106
62 56 49859
62 57 41737
62 58 30886
62 59 28077
62 60 22880
62 61 30083
62 63 6316
62 64 -1508
62 65 23470
62 66 11377
62 67 48466
62 68 28783
62 69 14879
62 70 10390
62 71 26785
62 72 41003
62 73 42421
62 74 46691
62 75 45534
62 76 25589
62 77 29202
62 78 33053
62 79 26868
62 80 36545
62 81 22514
62 82 7471
62 83 19760
62 84 25180
62 85 26911
62 86 31042
62 87 32852
62 88 3181
62 89 19753
62 90 8423
62 91 38362
62 92 34855
62 93 29012
62 94 26528
62 95 30197
62 96 28604
62 97 33215
62 98 34520
62 99 30587
62 100 35373
62 101 12084
62 102 18918
62 103 18087
62 104 30133
62 105 28691
62 106 6940
62 107 1911
62 108 -90
62 109 34406
62 110 43137
62 111 21448
62 112 23230
62 113 27958
62 114 13317
62 115 40691
62 116 30185
62 117 33726
62 118 17197
62 119 42707
62 120 25251
62 121 34729
62 122 13995
62 123 1115
62 124 11944
62 125 17580
62 126 5323
62 127 9253
62 128 12530
62 129 32955
62 130 39644
62 131 9846
62 132 15524
62 133 47074
62 134 37592
62 135 30743
62 136 37058
62 137 33733
62 138 28807
62 139 51745
62 140 43179
62 141 37163
62 142 43430
62 143 10665
62 144 38354
62 145 41649
62 146 19521
62 147 21505
62 148 -1680
62 149 34155
62 150 35386
62 151 32381
62 152 29295
62 153 10404
62 154 26418
62 155 42731
62 156 23328
62 157 23211
62 158 29560
62 159 -7202
62 160 9662
62 161 21514
62 162 8892
62 163 39235
62 164 25939
62 165 46637
62 166 18825
62 167 12779
62 168 9172
62 169 32067
62 170 51189
62 171 40616
62 172 40145
62 173 27716
62 174 14355
62 175 4325
62 176 15510
62 177 34275
62 178 37428
62 179 37056
62 180 32659
62 181 2286
62 182 -3145
62 183 25218
62 184 27235
62 185 27956
62 186 52372
62 187 51267
62 188 15249
62 189 2040
62 190 3980
62 191 37171
62 192 40062
62 193 35300
62 194 5846
62 195 32951
62 196 26665
62 197 44648
62 198 37926
62 199 20774
62 200 18697
63 1 21303
63 2 51608
63 3 33492
63 4 50684
63 5 34605
63 6 39030
63 7 17770
63 8 27480
63 9 20513
63 10 5683
63 11 534
63 12 36447
63 13 39118
63 14 52066
63 15 53619
63 16 42786
63 17 37261
63 18 25919
63 19 7245
63 20 14375
63 21 49468
63 22 57583
63 23 54283
63 24 45035
63 25 56347
63 26 39153
63 27 27827
63 28 32852
63 29 38533
63 30 9005
63 31 10892
63 32 -2508
63 33 27271
63 34 30840
63 35 29301
63 36 17741
63 37 46540
63 38 55495
63 39 51969
63 40 43177
63 41 58043
63 42 53356
63 43 55581
63 44 50932
63 45 28894
63 46 22974
63 47 14012
63 48 10567
63 49 8047
63 50 25899
63 51 17998
63 52 24223
63 53 37598
63 54 43165
63 55 56116
63 56 58131
63 57 52266
63 58 40642
63 59 39343
63 60 34281
63 61 41461
63 62 5705
63 64 -8110
63 65 16888
63 66 4583
63 67 55688
63 68 33292
63 69 22016
63 70 13638
63 71 22320
63 72 49766
63 73 51511
63 74 55736
63 75 54331
63 76 30735
63 77 33322
63 78 33583
63 79 29006
63 80 41456
63 81 23022
63 82 18318
63 83 31041
63 84 36444
63 85 38303
63 86 42267
63 87 43662
63 88 13885
63 89 30681
63 90 1493
63 91 49757
63 92 46064
63 93 40378
63 94 37476
63 95 41226
63 96 39837
63 97 44243
63 98 45846
63 99 41904
63 100 46714
63 101 17489
63 102 22079
63 103 14946
63 104 41450
63 105 37552
63 106 18342
63 107 4971
63 108 -90
63 109 40698
63 110 50999
63 111 28454
63 112 33520
63 113 39072
63 114 24204
63 115 50769
63 116 34965
63 117 44598
63 118 28598
63 119 54105
63 120 24204
63 121 37702
63 122 15176
63 123 9332
63 124 20351
63 125 28223
63 126 -4117
63 127 18804
63 128 7631
63 129 34958
63 130 45835
63 131 2817
63 132 22580
63 133 56256
63 134 42456
63 135 27926
63 136 32536
63 137 44120
63 138 36133
63 139 59070
63 140 54548
63 141 48547
63 142 54640
63 143 13301
63 144 49020
63 145 51568
63 146 29319
63 147 32540
63 148 9300
63 149 41801
63 150 40297
63 151 43590
63 152 39051
63 153 21801
63 154 33744
63 155 50126
63 156 33207
63 157 25841
63 158 32823
63 159 612
63 160 5115
63 161 18018
63 162 15552
63 163 43612
63 164 24926
63 165 52656
63 166 30162
63 167 21846
63 168 16243
63 169 33590
63 170 57785
63 171 49895
63 172 51110
63 173 39031
63 174 24485
63 175 6285
63 176 21627
63 177 39892
63 178 47611
63 179 44274
63 180 41323
63 181 -8965
63 182 8233
63 183 36161
63 184 32626
63 185 29778
63 186 60653
63 187 58472
63 188 11121
63 189 5202
63 190 13215
63 191 48571
63 192 51445
63 193 46684
63 194 17246
63 195 40018
63 196 31405
63 197 53093
63 198 46217
63 199 31888
63 200 28130
64 1 35100
64 2 62242
64 3 47839
64 4 63883
64 5 40801
64 6 48031
64 7 24981
64 8 30782
64 9 34565
64 10 18868
64 11 5472
64 12 50070
64 13 49136
64 14 58858
64 15 63095
64 16 48140
64 17 40536
64 18 33422
64 19 9245
64 20 28247
64 21 61679
64 22 69308
64 23 66791
64 24 59344
64 25 70161
64 26 51958
64 27 39803
64 28 45631
64 29 52945
64 30 23426
64 31 23110
64 32 11033
64 33 41693
64 34 44969
64 35 42556
64 36 12571
64 37 54262
64 38 60510
64 39 65163
64 40 54994
64 41 69281
64 42 61897
64 43 63891
64 44 56779
64 45 31476
64 46 22104
64 47 13126
64 48 13624
64 49 -249
64 50 40030
64 51 32350
64 52 34279
64 53 49294
64 54 56946
64 55 69954
64 56 70774
64 57 62233
64 58 51864
64 59 47284
64 60 40926
64 61 47112
64 62 15327
64 63 9336
64 65 27985
64 66 16456
64 67 69030
64 68 47469
64 69 35052
64 70 27651
64 71 35256
64 72 62002
64 73 63444
64 74 67714
64 75 66542
64 76 44702
64 77 47542
64 78 47925
64 79 43425
64 80 55550
64 81 37398
64 82 23258
64 83 36513
64 84 41387
64 85 45042
64 86 46338
64 87 53067
64 88 24169
64 89 40083
64 90 15889
64 91 56337
64 92 54243
64 93 47572
64 94 46660
64 95 50117
64 96 48028
64 97 53087
64 98 53327
64 99 49583
64 100 54002
64 101 31068
64 102 36392
64 103 28668
64 104 49129
64 105 49677
64 106 26132
64 107 7451
64 108 13780
64 109 54358
64 110 63906
64 111 41689
64 112 44064
64 113 42832
64 114 28445
64 115 61524
64 116 49052
64 117 53915
64 118 35280
64 119 60413
64 120 38349
64 121 52098
64 122 29568
64 123 13078
64 124 20818
64 125 31143
64 126 9883
64 127 30241
64 128 21238
64 129 49380
64 130 59580
64 131 16226
64 132 35686
64 133 68096
64 134 56593
64 135 41456
64 136 45198
64 137 54422
64 138 49276
64 139 72327
64 140 59518
64 141 54047
64 142 62604
64 143 7141
64 144 58726
64 145 62529
64 146 40534
64 147 41584
64 148 19324
64 149 54812
64 150 54391
64 151 51769
64 152 50273
64 153 29620
64 154 46887
64 155 63325
64 156 44311
64 157 40212
64 158 47170
64 159 11657
64 160 19086
64 161 31495
64 162 28656
64 163 57849
64 164 39004
64 165 66485
64 166 38058
64 167 33726
64 168 15879
64 169 48000
64 170 71417
64 171 61636
64 172 60039
64 173 44183
64 174 26611
64 175 8258
64 176 35161
64 177 53798
64 178 58206
64 179 57543
64 180 53624
64 181 -996
64 182 16470
64 183 45393
64 184 46543
64 185 44200
64 186 73292
64 187 71796
64 188 24735
64 189 18387
64 190 24867
64 191 54526
64 192 58151
64 193 53497
64 194 25020
64 195 53341
64 196 45490
64 197 65596
64 198 58824
64 199 36565
64 200 39721
65 1 31890
65 2 64791
65 3 29371
65 4 51676
65 5 60269
65 6 59795
65 7 47452
65 8 58545
65 9 9487
65 10 32431
65 11 36153
65 12 39079
65 13 56073
65 14 73699
65 15 68340
65 16 68077
65 17 66362
65 18 52059
65 19 42225
65 20 16745
65 21 56747
65 22 65021
65 23 56765
65 24 36152
65 25 51418
65 26 46180
65 27 43548
65 28 43101
65 29 27786
65 30 20997
65 31 33253
65 32 17652
65 33 22778
65 34 12547
65 35 5121
65 36 53532
65 37 67846
65 38 79650
65 39 51137
65 40 53759
65 41 67055
65 42 71570
65 43 73108
65 44 74708
65 45 59693
65 46 56965
65 47 48930
65 48 43553
65 49 43742
65 50 29708
65 51 16423
65 52 47018
65 53 50659
65 54 41425
65 55 51713
65 56 61101
65 57 66636
65 58 53955
65 59 60952
65 60 60121
65 61 66890
65 62 36788
65 63 30817
65 64 24468
65 66 -4177
65 67 52389
65 68 30038
65 69 36901
65 70 29887
65 71 2599
65 72 55935
65 73 59445
65 74 62571
65 75 59567
65 76 33243
65 77 31723
65 78 20590
65 79 21814
65 80 38717
65 81 15299
65 82 49016
65 83 58983
65 84 63893
65 85 61734
65 86 69056
65 87 60748
65 88 40685
65 89 51983
65 90 29594
65 91 72990
65 92 66806
65 93 63371
65 94 57076
65 95 60819
65 96 61571
65 97 63320
65 98 67789
65 99 64406
65 100 68526
65 101 33121
65 102 23218
65 103 5852
65 104 63952
65 105 48336
65 106 46342
65 107 40436
65 108 26286
65 109 41991
65 110 54403
65 111 37872
65 112 50948
65 113 67035
65 114 54350
65 115 63320
65 116 34791
65 117 62949
65 118 54171
65 119 76986
65 120 11898
65 121 28498
65 122 24251
65 123 43213
65 124 54362
65 125 58755
65 126 31022
65 127 40777
65 128 12977
65 129 26790
65 130 43793
65 131 19066
65 132 36290
65 133 63156
65 134 36949
65 135 6415
65 136 4598
65 137 59505
65 138 42972
65 139 58374
65 140 78866
65 141 73237
65 142 73885
65 143 49204
65 144 64708
65 145 62198
65 146 47320
65 147 53744
65 148 38204
65 149 46697
65 150 37558
65 151 64332
65 152 52364
65 153 49072
65 154 40583
65 155 51118
65 156 49561
65 157 25555
65 158 28702
65 159 30811
65 160 16370
65 161 3626
65 162 33337
65 163 36817
65 164 7926
65 165 48647
65 166 54604
65 167 40068
65 168 51048
65 169 21773
65 170 53488
65 171 57855
65 172 68531
65 173 65745
65 174 56344
65 175 41945
65 176 32144
65 177 38636
65 178 60719
65 179 46506
65 180 49867
65 181 13989
65 182 38118
65 183 56149
65 184 34509
65 185 23833
65 186 63244
65 187 57219
65 188 9498
65 189 31950
65 190 35849
65 191 72553
65 192 73751
65 193 69515
65 194 45626
65 195 43249
65 196 31968
65 197 57550
65 198 51547
65 199 60861
65 200 43132
66 1 22188
66 2 56719
66 3 25250
66 4 47587
66 5 48619
66 6 49223
66 7 34536
66 8 45620
66 9 5420
66 10 19218
66 11 22555
66 12 33411
66 13 46640
66 14 63447
66 15 60154
66 16 56724
66 17 54006
66 18 40018
66 19 28646
66 20 4880
66 21 50417
66 22 59025
66 23 52690
66 24 35276
66 25 49701
66 26 39386
66 27 33591
66 28 34802
66 29 27167
66 30 9005
66 31 21087
66 32 4052
66 33 17585
66 34 14426
66 35 9204
66 36 39935
66 37 57458
66 38 68813
66 39 48090
66 40 46133
66 41 60624
66 42 62201
66 43 64133
66 44 63830
66 45 46895
66 46 43559
66 47 35375
66 48 30221
66 49 30313
66 50 22244
66 51 8401
66 52 35425
66 53 41985
66 54 37886
66 55 49627
66 56 56612
66 57 58372
66 58 45475
66 59 50381
66 60 48328
66 61 55427
66 62 23458
66 63 17275
66 64 11702
66 65 -5414
66 67 50558
66 68 26280
66 69 26486
66 70 18046
66 71 1737
66 72 50153
66 73 53026
66 74 56676
66 75 54299
66 76 26907
66 77 26817
66 78 19757
66 79 18635
66 80 34944
66 81 11182
66 82 36060
66 83 46711
66 84 51852
66 85 50778
66 86 57384
66 87 51525
66 88 28001
66 89 41084
66 90 15995
66 91 62149
66 92 56505
66 93 52470
66 94 46894
66 95 50744
66 96 50879
66 97 53472
66 98 57217
66 99 53565
66 100 58061
66 101 21953
66 102 16347
66 103 -1062
66 104 53111
66 105 40374
66 106 33748
66 107 26835
66 108 12943
66 109 36981
66 110 49371
66 111 29446
66 112 41081
66 113 54994
66 114 41587
66 115 55474
66 116 29568
66 117 53224
66 118 42460
66 119 66353
66 120 9251
66 121 27113
66 122 13431
66 123 29727
66 124 40921
66 125 46003
66 126 17444
66 127 28992
66 128 -9
66 129 24086
66 130 40505
66 131 5466
66 132 26240
66 133 57343
66 134 34699
66 135 8816
66 136 11096
66 137 50614
66 138 35872
66 139 55157
66 140 67973
66 141 62081
66 142 64278
66 143 35651
66 144 55970
66 145 55149
66 146 36918
66 147 42994
66 148 25158
66 149 40747
66 150 33785
66 151 54031
66 152 43884
66 153 36660
66 154 33483
66 155 47029
66 156 39850
66 157 19030
66 158 24581
66 159 17488
66 160 3175
66 161 -266
66 162 21931
66 163 34979
66 164 8542
66 165 46342
66 166 43021
66 167 29257
66 168 37502
66 169 20951
66 170 51761
66 171 51580
66 172 59358
66 173 53918
66 174 43297
66 175 28347
66 176 22861
66 177 34529
66 178 52705
66 179 41631
66 180 42824
66 181 1221
66 182 25071
66 183 45798
66 184 28627
66 185 19710
66 186 58966
66 187 54221
66 188 -1823
66 189 18737
66 190 23813
66 191 61570
66 192 63247
66 193 58773
66 194 32943
66 195 37753
66 196 26344
66 197 52408
66 198 45834
66 199 48381
66 200 33699
67 1 47998
67 2 33172
67 3 38375
67 4 13457
67 5 51498
67 6 48856
67 7 62591
67 8 64921
67 9 47396
67 10 62483
67 11 68689
67 12 29880
67 13 37075
67 14 44098
67 15 26549
67 16 49862
67 17 59335
67 18 54686
67 19 67935
67 20 59842
67 21 23893
67 22 18459
67 23 -3574
67 24 24112
67 25 9472
67 26 29502
67 27 45168
67 28 39155
67 29 29850
67 30 54464
67 31 52631
67 32 61046
67 33 45248
67 34 40383
67 35 53212
67 36 76317
67 37 46379
67 38 49819
67 39 -3995
67 40 30898
67 41 19334
67 42 39843
67 43 33505
67 44 50371
67 45 60805
67 46 68260
67 47 68977
67 48 60133
67 49 74716
67 50 42686
67 51 49374
67 52 53395
67 53 38003
67 54 19165
67 55 16143
67 56 11133
67 57 30740
67 58 34153
67 59 43714
67 60 55681
67 61 52216
67 62 62553
67 63 70386
67 64 66282
67 65 53158
67 66 52564
67 68 27302
67 69 49464
67 70 56406
67 71 56092
67 72 15943
67 73 22745
67 74 19073
67 75 11273
67 76 37053
67 77 37049
67 78 42951
67 79 36533
67 80 32108
67 81 41705
67 82 60101
67 83 58412
67 84 56954
67 85 43792
67 86 50648
67 87 33762
67 88 59226
67 89 47470
67 90 68715
67 91 52189
67 92 46903
67 93 47042
67 94 41994
67 95 42280
67 96 47630
67 97 41145
67 98 47780
67 99 49816
67 100 45621
67 101 53524
67 102 39886
67 103 50328
67 104 49362
67 105 33239
67 106 57828
67 107 69886
67 108 59265
67 109 28634
67 110 19960
67 111 40518
67 112 41304
67 113 55025
67 114 59604
67 115 29904
67 116 36428
67 117 42461
67 118 48541
67 119 50971
67 120 46186
67 121 30834
67 122 53664
67 123 65888
67 124 70288
67 125 59807
67 126 69509
67 127 54318
67 128 57989
67 129 41447
67 130 17403
67 131 63499
67 132 47305
67 133 15859
67 134 21574
67 135 50630
67 136 60661
67 137 35765
67 138 34864
67 139 9107
67 140 49825
67 141 52088
67 142 41607
67 143 76326
67 144 33265
67 145 19803
67 146 47700
67 147 45416
67 148 60457
67 149 25569
67 150 30949
67 151 44429
67 152 32562
67 153 58021
67 154 32475
67 155 12899
67 156 42384
67 157 44112
67 158 37706
67 159 58363
67 160 58481
67 161 50922
67 162 51890
67 163 25231
67 164 40166
67 165 15294
67 166 52092
67 167 47876
67 168 71272
67 169 36063
67 170 -584
67 171 15724
67 172 36874
67 173 55559
67 174 62704
67 175 72442
67 176 43250
67 177 26455
67 178 27849
67 179 20342
67 180 27333
67 181 62578
67 182 57265
67 183 43657
67 184 34522
67 185 42513
67 186 9696
67 187 7394
67 188 55092
67 189 62002
67 190 52238
67 191 50745
67 192 47924
67 193 48375
67 194 58374
67 195 24973
67 196 35591
67 197 14122
67 198 18663
67 199 61590
67 200 37065
68 1 14918
68 2 29410
68 3 2697
68 4 13274
68 5 35777
68 6 32259
68 7 35165
68 8 42590
68 9 12126
68 10 29618
68 11 36879
68 12 2609
68 13 24546
68 14 42078
68 15 32351
68 16 40690
68 17 44272
68 18 32100
68 19 38310
68 20 24167
68 21 19220
68 22 26914
68 23 18441
68 24 3894
68 25 15363
68 26 10413
68 27 18768
68 28 13057
68 29 1273
68 30 19595
68 31 21606
68 32 26112
68 33 9549
68 34 8701
68 35 20005
68 36 49110
68 37 37749
68 38 49113
68 39 13401
68 40 18557
68 41 29182
68 42 38146
68 43 38296
68 44 45130
68 45 41461
68 46 45069
68 47 41912
68 48 33466
68 49 44824
68 50 8209
68 51 13649
68 52 27498
68 53 18920
68 54 3215
68 55 15168
68 56 22647
68 57 31172
68 58 20564
68 59 32024
68 60 37199
68 61 40514
68 62 31519
68 63 36639
68 64 33370
68 65 19456
68 66 16935
68 67 15951
68 69 18466
68 70 22732
68 71 21320
68 72 17816
68 73 21863
68 74 24458
68 75 21161
68 76 3523
68 77 1552
68 78 9498
68 79 1441
68 80 270
68 81 6290
68 82 35031
68 83 38549
68 84 40919
68 85 33496
68 86 42401
68 87 27652
68 88 29552
68 89 26931
68 90 34558
68 91 43955
68 92 36812
68 93 35340
68 94 27775
68 95 30620
68 96 33596
68 97 32048
68 98 38330
68 99 36613
68 100 38343
68 101 20788
68 102 4554
68 103 14769
68 104 36159
68 105 14800
68 106 31441
68 107 39102
68 108 25819
68 109 4080
68 110 16015
68 111 10831
68 112 22266
68 113 42766
68 114 37419
68 115 27490
68 116 1900
68 117 31719
68 118 30694
68 119 46631
68 120 11277
68 121 206
68 122 18771
68 123 36916
68 124 44585
68 125 40341
68 126 35895
68 127 25105
68 128 22377
68 129 6735
68 130 5799
68 131 28328
68 132 16398
68 133 24948
68 134 748
68 135 17154
68 136 27342
68 137 26266
68 138 9367
68 139 20488
68 140 48562
68 141 44829
68 142 40789
68 143 47538
68 144 30321
68 145 24975
68 146 22905
68 147 27266
68 148 30044
68 149 9337
68 150 -889
68 151 34338
68 152 18973
68 153 32573
68 154 6978
68 155 12716
68 156 21233
68 157 8538
68 158 2028
68 159 26618
68 160 23158
68 161 15753
68 162 20041
68 163 2028
68 164 6900
68 165 11802
68 166 31749
68 167 19673
68 168 44019
68 169 3590
68 170 17287
68 171 20008
68 172 34800
68 173 41345
68 174 40846
68 175 41430
68 176 11254
68 177 169
68 178 25156
68 179 8136
68 180 13828
68 181 27627
68 182 28240
68 183 27772
68 184 1695
68 185 6985
68 186 24837
68 187 19518
68 188 19357
68 189 29137
68 190 22211
68 191 43644
68 192 43172
68 193 40209
68 194 31545
68 195 5558
68 196 1111
68 197 19138
68 198 13522
68 199 41461
68 200 14580
69 1 1362
69 2 29063
69 3 14725
69 4 26698
69 5 21604
69 6 20788
69 7 14785
69 8 23711
69 9 13306
69 10 10961
69 11 17231
69 12 13090
69 13 18103
69 14 34904
69 15 32128
69 16 29105
69 17 28719
69 18 14471
69 19 17799
69 20 15634
69 21 25426
69 22 33753
69 23 30121
69 24 24508
69 25 33236
69 26 14988
69 27 5024
69 28 8694
69 29 20188
69 30 6536
69 31 1238
69 32 11583
69 33 12970
69 34 19463
69 35 24702
69 36 28506
69 37 28949
69 38 40621
69 39 27987
69 40 19501
69 41 34565
69 42 33613
69 43 35634
69 44 35664
69 45 23731
69 46 25338
69 47 21354
69 48 13059
69 49 24466
69 50 6167
69 51 9680
69 52 8993
69 53 14304
69 54 20072
69 55 33088
69 56 33965
69 57 30402
69 58 17734
69 59 21963
69 60 21734
69 61 27998
69 62 11332
69 63 19080
69 64 14670
69 65 20036
69 66 10858
69 67 31830
69 68 12183
69 70 6237
69 71 21303
69 72 25691
69 73 27609
69 74 31772
69 75 30246
69 76 8907
69 77 13044
69 78 20085
69 79 12411
69 80 19741
69 81 10570
69 82 15258
69 83 21581
69 84 25742
69 85 22683
69 86 30253
69 87 23016
69 88 8939
69 89 12945
69 90 17902
69 91 33946
69 92 27954
69 93 24320
69 94 18289
69 95 22124
69 96 22540
69 97 24837
69 98 28807
69 99 25357
69 100 29596
69 101 2766
69 102 4513
69 103 12123
69 104 24903
69 105 13705
69 106 11538
69 107 18921
69 108 8003
69 109 17387
69 110 26863
69 111 4499
69 112 12459
69 113 28712
69 114 18812
69 115 28026
69 116 13583
69 117 24598
69 118 15648
69 119 37999
69 120 15076
69 121 18993
69 122 7147
69 123 16312
69 124 24284
69 125 22652
69 126 18142
69 127 4662
69 128 12387
69 129 18539
69 130 22633
69 131 14817
69 132 -1501
69 133 32351
69 134 20723
69 135 22097
69 136 30595
69 137 22350
69 138 12084
69 139 35134
69 140 39827
69 141 34200
69 142 35647
69 143 26975
69 144 27694
69 145 28414
69 146 8339
69 147 14695
69 148 9580
69 149 17690
69 150 18582
69 151 25480
69 152 16143
69 153 13187
69 154 9695
69 155 26140
69 156 11297
69 157 9350
69 158 14056
69 159 6841
69 160 11008
69 161 15190
69 162 326
69 163 22548
69 164 14852
69 165 29618
69 166 16037
69 167 1136
69 168 23450
69 169 17793
69 170 34293
69 171 26085
69 172 30836
69 173 27222
69 174 21948
69 175 21354
69 176 -1176
69 177 17274
69 178 25075
69 179 20342
69 180 17283
69 181 12587
69 182 7625
69 183 17244
69 184 10377
69 185 14188
69 186 36487
69 187 34595
69 188 12368
69 189 10480
69 190 1596
69 191 33502
69 192 34812
69 193 30488
69 194 11437
69 195 16142
69 196 10146
69 197 28939
69 198 22055
69 199 24021
69 200 5368
70 1 4952
70 2 38047
70 3 17709
70 4 34497
70 5 27860
70 6 28615
70 7 15550
70 8 26383
70 9 9541
70 10 4258
70 11 11707
70 12 20096
70 13 26796
70 14 42848
70 15 41027
70 16 35921
70 17 33715
70 18 19431
70 19 14606
70 20 7978
70 21 34144
70 22 42588
70 23 38509
70 24 29045
70 25 39946
70 26 23403
70 27 13869
70 28 17340
70 29 23143
70 30 -1806
70 31 639
70 32 2645
70 33 12699
70 34 18361
70 35 20593
70 36 26398
70 37 36855
70 38 48027
70 39 35755
70 40 28442
70 41 43508
70 42 42157
70 43 44278
70 44 43048
70 45 27298
70 46 26227
70 47 19990
70 48 12875
70 49 20265
70 50 9621
70 51 5567
70 52 14624
70 53 23304
70 54 26766
70 55 39716
70 56 42300
70 57 39330
70 58 26727
70 59 29722
70 60 27612
70 61 34635
70 62 7456
70 63 11315
70 64 7882
70 65 13635
70 66 3031
70 67 39385
70 68 17062
70 69 6850
70 71 15627
70 72 34349
70 73 36426
70 74 40533
70 75 38872
70 76 14346
70 77 17168
70 78 19901
70 79 13927
70 80 25140
70 81 9368
70 82 17028
70 83 26334
70 84 31282
70 85 29995
70 86 36650
70 87 31703
70 88 8561
70 89 20373
70 90 9551
70 91 41383
70 92 35961
70 93 31703
70 94 26480
70 95 30358
70 96 30190
70 97 33201
70 98 36541
70 99 32820
70 100 37411
70 101 1766
70 102 6239
70 103 6451
70 104 32366
70 105 22615
70 106 13896
70 107 14499
70 108 333
70 109 24328
70 110 35029
70 111 12500
70 112 21043
70 113 34432
70 114 21970
70 115 37022
70 116 18641
70 117 33080
70 118 21715
70 119 45626
70 120 12351
70 121 22151
70 122 1066
70 123 14077
70 124 24131
70 125 26317
70 126 10503
70 127 8221
70 128 4036
70 129 19987
70 130 29438
70 131 5817
70 132 7135
70 133 41144
70 134 26180
70 135 18377
70 136 25605
70 137 31221
70 138 20134
70 139 42831
70 140 47180
70 141 41273
70 142 44039
70 143 23725
70 144 36530
70 145 37403
70 146 16625
70 147 22319
70 148 7200
70 149 25819
70 150 23981
70 151 33487
70 152 25136
70 153 16478
70 154 17745
70 155 33939
70 156 20057
70 157 10326
70 158 17040
70 159 1964
70 160 2213
70 161 9859
70 162 1239
70 163 27467
70 164 12946
70 165 36255
70 166 22233
70 167 8785
70 168 22039
70 169 19022
70 170 41400
70 171 34938
70 172 39486
70 173 33230
70 174 24379
70 175 16646
70 176 5471
70 177 23495
70 178 34061
70 179 28076
70 180 26037
70 181 3854
70 182 6767
70 183 25304
70 184 16228
70 185 14914
70 186 44809
70 187 42198
70 188 5039
70 189 3777
70 190 3200
70 191 40776
70 192 42564
70 193 38032
70 194 13295
70 195 23810
70 196 15079
70 197 37411
70 198 30512
70 199 28256
70 200 14297
71 1 21729
71 2 54539
71 3 19701
71 4 42290
71 5 50440
71 6 49658
71 7 38668
71 8 49651
71 9 -652
71 10 24356
71 11 29593
71 12 29132
71 13 45790
71 14 63468
71 15 58091
71 16 58100
71 17 56889
71 18 42486
71 19 35000
71 20 8305
71 21 46743
71 22 55126
71 23 47458
71 24 28001
71 25 43001
71 26 36050
71 27 33353
71 28 32810
71 29 19655
71 30 11982
71 31 23957
71 32 11515
71 33 12699
71 34 5607
71 35 -213
71 36 46749
71 37 57648
71 38 69507
71 39 42186
71 40 43536
71 41 57071
71 42 61277
71 43 62815
71 44 64589
71 45 50620
71 46 48847
71 47 41438
71 48 35363
71 49 38023
71 50 19426
71 51 6207
71 52 37274
71 53 40363
71 54 32165
71 55 43102
71 56 51624
71 57 56374
71 58 43667
71 59 50796
71 60 50378
71 61 56963
71 62 28785
71 63 24931
71 64 20421
71 65 -8719
71 66 -8344
71 67 44005
71 68 20584
71 69 26850
71 70 20561
71 72 46071
71 73 49434
71 74 52690
71 75 49858
71 76 23110
71 77 21870
71 78 12062
71 79 12386
71 80 29286
71 81 5399
71 82 40215
71 83 49510
71 84 54247
71 85 51653
71 86 59184
71 87 50453
71 88 31742
71 89 41943
71 90 23040
71 91 62874
71 92 56600
71 93 53283
71 94 46864
71 95 50588
71 96 51447
71 97 53060
71 98 57624
71 99 54311
71 100 58337
71 101 23378
71 102 12963
71 103 -4146
71 104 53857
71 105 38071
71 106 37215
71 107 33620
71 108 18531
71 109 32224
71 110 44714
71 111 27576
71 112 40711
71 113 57355
71 114 45288
71 115 53090
71 116 24887
71 117 52681
71 118 44386
71 119 66816
71 120 2251
71 121 19974
71 122 14568
71 123 35503
71 124 46402
71 125 49641
71 126 24883
71 127 31192
71 128 5542
71 129 17540
71 130 34645
71 131 12842
71 132 26154
71 133 53306
71 134 28166
71 135 -514
71 136 2619
71 137 49210
71 138 32776
71 139 49339
71 140 68737
71 141 63193
71 142 63600
71 143 42894
71 144 54418
71 145 52089
71 146 37193
71 147 43652
71 148 29698
71 149 36736
71 150 28127
71 151 54126
71 152 42076
71 153 39782
71 154 30387
71 155 41732
71 156 39313
71 157 15321
71 158 19032
71 159 22842
71 160 8890
71 161 -6660
71 162 23657
71 163 28194
71 164 9
71 165 39930
71 166 44787
71 167 30077
71 168 43516
71 169 13389
71 170 45106
71 171 47887
71 172 58236
71 173 55979
71 174 47585
71 175 35305
71 176 21904
71 177 29129
71 178 50473
71 179 36832
71 180 39715
71 181 10176
71 182 29549
71 183 45969
71 184 24474
71 185 14051
71 186 53846
71 187 48272
71 188 1095
71 189 23875
71 190 26430
71 191 62466
71 192 63562
71 193 59379
71 194 36589
71 195 33380
71 196 21963
71 197 47859
71 198 41678
71 199 51533
71 200 32863
72 1 30431
72 2 11038
72 3 26697
72 4 3192
72 5 28729
72 6 26056
72 7 40939
72 8 42220
72 9 35823
72 10 43366
72 11 48418
72 12 14633
72 13 14251
72 14 24416
72 15 9797
72 16 28137
72 17 36756
72 18 32211
72 19 46651
72 20 44977
72 21 1738
72 22 2223
72 23 -1973
72 24 20218
72 25 12778
72 26 10342
72 27 24577
72 28 19764
72 29 23793
72 30 37747
72 31 32823
72 32 43834
72 33 32704
72 34 33296
72 35 44625
72 36 54106
72 37 24338
72 38 31236
72 39 -293
72 40 8699
72 41 4550
72 42 19622
72 43 16755
72 44 29708
72 45 37981
72 46 45542
72 47 46856
72 48 38062
72 49 53242
72 50 27167
72 51 35449
72 52 31824
72 53 16332
72 54 9566
72 55 15168
72 56 2692
72 57 10571
72 58 11576
72 59 21148
72 60 32866
72 61 29930
72 62 42188
72 63 51562
72 64 46352
72 65 43802
72 66 39257
72 67 3041
72 68 16265
72 69 30423
72 70 38468
72 71 45256
72 73 -35
72 74 -237
72 75 -2316
72 76 21984
72 77 24211
72 78 34196
72 79 25912
72 80 21117
72 81 30090
72 82 37811
72 83 35616
72 84 34213
72 85 21608
72 86 29367
72 87 11757
72 88 38533
72 89 24986
72 90 50472
72 91 30477
72 92 24509
72 93 24570
72 94 19171
72 95 19591
72 96 24853
72 97 18762
72 98 25627
72 99 27130
72 100 23995
72 101 35129
72 102 25408
72 103 37711
72 104 26676
72 105 12094
72 106 35998
72 107 49067
72 108 40551
72 109 14589
72 110 3736
72 111 22184
72 112 18931
72 113 32832
72 114 36917
72 115 8010
72 116 22923
72 117 19788
72 118 25717
72 119 30514
72 120 35425
72 121 23515
72 122 37271
72 123 44453
72 124 47931
72 125 36982
72 126 50597
72 127 33826
72 128 42663
72 129 31353
72 130 9189
72 131 46752
72 132 28406
72 133 355
72 134 14961
72 135 41751
72 136 51898
72 137 13010
72 138 16767
72 139 8343
72 140 30991
72 141 30853
72 142 22019
72 143 54521
72 144 11966
72 145 1360
72 146 26364
72 147 22689
72 148 39935
72 149 7778
72 150 19958
72 151 22035
72 152 9985
72 153 36011
72 154 14378
72 155 2634
72 156 20500
72 157 30140
72 158 26028
72 159 38416
72 160 42261
72 161 39383
72 162 32854
72 163 19024
72 164 31584
72 165 12647
72 166 29423
72 167 27441
72 168 49211
72 169 28114
72 170 9466
72 171 -4385
72 172 16314
72 173 32967
72 174 39943
72 175 51709
72 176 25295
72 177 14768
72 178 6011
72 179 5715
72 180 6213
72 181 45070
72 182 36124
72 183 20847
72 184 19799
72 185 30868
72 186 4988
72 187 8225
72 188 40897
72 189 42885
72 190 31993
72 191 29465
72 192 27213
72 193 26633
72 194 36637
72 195 9059
72 196 21586
72 197 -2439
72 198 -1077
72 199 38790
72 200 15674
73 1 29030
73 2 7996
73 3 26697
73 4 5650
73 5 25581
73 6 23001
73 7 38326
73 8 39218
73 9 35487
73 10 41418
73 11 46138
73 12 14372
73 13 11141
73 14 21691
73 15 7988
73 16 25053
73 17 33594
73 18 29328
73 19 44110
73 20 43946
73 21 428
73 22 2969
73 23 705
73 24 21704
73 25 15552
73 26 9238
73 27 22442
73 28 18148
73 29 24745
73 30 36380
73 31 30764
73 32 42265
73 33 32346
73 34 33760
73 35 44703
73 36 51278
73 37 21230
73 38 28623
73 39 2869
73 40 6241
73 41 4452
73 42 16893
73 43 14699
73 44 26788
73 45 34868
73 46 42526
73 47 44065
73 48 35299
73 49 50623
73 50 26317
73 51 34705
73 52 29287
73 53 13956
73 54 10857
73 55 17629
73 56 5777
73 57 8047
73 58 8752
73 59 17987
73 60 29786
73 61 26784
73 62 39921
73 63 49622
73 64 44109
73 65 43627
73 66 38445
73 67 6158
73 68 16627
73 69 28656
73 70 36860
73 71 44934
73 72 -3720
73 74 1073
73 75 109
73 76 21402
73 77 24066
73 78 34480
73 79 26001
73 80 21594
73 81 29858
73 82 34983
73 83 32557
73 84 31060
73 85 18476
73 86 26333
73 87 8683
73 88 36213
73 89 22122
73 90 48683
73 91 27406
73 92 21360
73 93 21413
73 94 16055
73 95 16430
73 96 21706
73 97 15617
73 98 22502
73 99 23970
73 100 20945
73 101 33459
73 102 24735
73 103 37127
73 104 23516
73 105 10043
73 106 33340
73 107 46648
73 108 38688
73 109 14758
73 110 5395
73 111 20772
73 112 16153
73 113 29691
73 114 33925
73 115 5072
73 116 22726
73 117 16626
73 118 22620
73 119 27639
73 120 35263
73 121 24304
73 122 36017
73 123 41879
73 124 45066
73 125 33875
73 126 48642
73 127 31606
73 128 41516
73 129 31530
73 130 10838
73 131 45286
73 132 26699
73 133 1552
73 134 16283
73 135 41811
73 136 51898
73 137 9855
73 138 15690
73 139 11434
73 140 28339
73 141 27839
73 142 19378
73 143 51814
73 144 9079
73 145 -38
73 146 23965
73 147 19693
73 148 37643
73 149 7441
73 150 20435
73 151 18886
73 152 7161
73 153 33297
73 154 13301
73 155 5092
73 156 17944
73 157 29549
73 158 26028
73 159 36257
73 160 40936
73 161 38978
73 162 31025
73 163 20273
73 164 31789
73 165 14960
73 166 26454
73 167 25291
73 168 46441
73 169 28620
73 170 12565
73 171 -4628
73 172 13540
73 173 29805
73 174 36905
73 175 49308
73 176 23856
73 177 15318
73 178 3066
73 179 6577
73 180 4498
73 181 43388
73 182 33660
73 183 17782
73 184 19382
73 185 30725
73 186 7975
73 187 11312
73 188 39989
73 189 40937
73 190 29827
73 191 26451
73 192 24306
73 193 23559
73 194 34007
73 195 9059
73 196 21242
73 197 724
73 198 -519
73 199 35725
73 200 13327
74 1 33236
74 2 10701
74 3 29856
74 4 5650
74 5 29156
74 6 26998
74 7 42744
74 8 43277
74 9 38956
74 10 45845
74 11 50610
74 12 17759
74 13 15016
74 14 23003
74 15 7438
74 16 27595
74 17 36869
74 18 33569
74 19 48548
74 20 47946
74 21 4337
74 22 -940
74 23 -3532
74 24 23114
74 25 14587
74 26 13229
74 27 26899
74 28 22439
74 29 26861
74 30 40575
74 31 35213
74 32 46562
74 33 35830
74 34 36441
74 35 47787
74 36 55552
74 37 23969
74 38 29592
74 39 142
74 40 10713
74 41 1465
74 42 18300
74 43 14540
74 44 28666
74 45 38621
74 46 46547
74 47 48375
74 48 39632
74 49 55030
74 50 30182
74 51 38501
74 52 33734
74 53 18429
74 54 12581
74 55 17427
74 56 2552
74 57 9083
74 58 13111
74 59 21258
74 60 33685
74 61 29762
74 62 44393
74 63 54049
74 64 48581
74 65 46955
74 66 42297
74 67 2688
74 68 19424
74 69 33021
74 70 41169
74 71 48392
74 72 -3720
74 73 1275
74 75 -4095
74 76 25062
74 77 27358
74 78 37355
74 79 29074
74 80 24270
74 81 33233
74 82 39269
74 83 36501
74 84 34570
74 85 21354
74 86 28618
74 87 11334
74 88 40685
74 89 26398
74 90 53066
74 91 29912
74 92 24431
74 93 24570
74 94 19877
74 95 19889
74 96 25325
74 97 18673
74 98 25344
74 99 27407
74 100 23369
74 101 37791
74 102 28472
74 103 40803
74 104 26953
74 105 14470
74 106 37740
74 107 51110
74 108 43093
74 109 17750
74 110 6767
74 111 24973
74 112 20511
74 113 32599
74 114 38005
74 115 7450
74 116 26064
74 117 20069
74 118 26463
74 119 29382
74 120 38576
74 121 26619
74 122 40148
74 123 46307
74 124 49308
74 125 37656
74 126 53072
74 127 36075
74 128 45589
74 129 34515
74 130 12072
74 131 49536
74 132 31041
74 133 -2728
74 134 17938
74 135 44913
74 136 55059
74 137 13498
74 138 19685
74 139 9454
74 140 29410
74 141 30061
74 142 20515
74 143 56177
74 144 11062
74 145 -1024
74 146 28435
74 147 23806
74 148 42115
74 149 10869
74 150 23111
74 151 21957
74 152 11520
74 153 37670
74 154 17296
74 155 5092
74 156 22394
74 157 33224
74 158 29187
74 159 40722
74 160 45112
74 161 42507
74 162 35414
74 163 22020
74 164 34745
74 165 15063
74 166 30592
74 167 29751
74 168 50766
74 169 31257
74 170 10386
74 171 -6628
74 172 15101
74 173 33099
74 174 40887
74 175 53774
74 176 28078
74 177 17917
74 178 5413
74 179 8853
74 180 8785
74 181 47734
74 182 38118
74 183 21761
74 184 22907
74 185 34019
74 186 4312
74 187 9329
74 188 43906
74 189 45364
74 190 34291
74 191 28685
74 192 26167
74 193 26082
74 194 38418
74 195 12205
74 196 24708
74 197 -1129
74 198 2070
74 199 39652
74 200 17799
75 1 35723
75 2 14228
75 3 31139
75 4 5065
75 5 32750
75 6 30589
75 7 46122
75 8 46864
75 9 40468
75 10 48751
75 11 53766
75 12 19419
75 13 18617
75 14 25873
75 15 9474
75 16 30946
75 17 40411
75 18 37098
75 19 51886
75 20 50084
75 21 7115
75 22 21
75 23 -7089
75 24 22889
75 25 12697
75 26 15616
75 27 29946
75 28 25127
75 29 27167
75 30 43014
75 31 38205
75 32 49158
75 33 37402
75 34 37162
75 35 48864
75 36 59067
75 37 27407
75 38 32226
75 39 -2849
75 40 13940
75 41 2316
75 42 21297
75 43 16663
75 44 31770
75 45 42225
75 46 50140
75 47 51867
75 48 43106
75 49 58423
75 50 32223
75 51 40401
75 52 37056
75 53 21628
75 54 12863
75 55 16143
75 56 -396
75 57 12076
75 58 16559
75 59 24816
75 60 37288
75 61 33244
75 62 47538
75 63 56946
75 64 51711
75 65 48253
75 66 44222
75 67 -810
75 68 20429
75 69 35797
75 70 43810
75 71 49862
75 72 -1497
75 73 4613
75 74 207
75 76 26907
75 77 28801
75 78 38290
75 79 30241
75 80 25196
75 81 34674
75 82 42776
75 83 40101
75 84 38155
75 85 24818
75 86 31862
75 87 14788
75 88 43867
75 89 29908
75 90 55843
75 91 33265
75 92 27954
75 93 28102
75 94 23482
75 95 23477
75 96 28925
75 97 22201
75 98 28807
75 99 30988
75 100 26706
75 101 40486
75 102 30347
75 103 42536
75 104 30534
75 105 17466
75 106 41145
75 107 54366
75 108 45931
75 109 19073
75 110 7531
75 111 27495
75 112 23963
75 113 36053
75 114 41587
75 115 10938
75 116 27578
75 117 23658
75 118 30068
75 119 32438
75 120 39927
75 121 27113
75 122 42497
75 123 49666
75 124 52839
75 125 41261
75 126 55981
75 127 39184
75 128 47827
75 129 35594
75 130 11991
75 131 52045
75 132 33773
75 133 -2566
75 134 17998
75 135 46015
75 136 56202
75 137 17103
75 138 21993
75 139 7071
75 140 32100
75 141 33298
75 142 23354
75 143 59624
75 144 14353
75 145 1410
75 146 31662
75 147 27376
75 148 45278
75 149 12765
75 150 24037
75 151 25480
75 152 14968
75 153 41107
75 154 19604
75 155 4507
75 156 25714
75 157 35021
75 158 30470
75 159 43788
75 160 47504
75 161 44066
75 162 38233
75 163 22112
75 164 35728
75 165 14032
75 166 34158
75 167 32810
75 168 54247
75 169 31990
75 170 7624
75 171 -3243
75 172 18188
75 173 36649
75 174 44485
75 175 57016
75 176 30604
75 177 18840
75 178 8877
75 179 9832
75 180 11598
75 181 50419
75 182 41400
75 183 25355
75 184 24629
75 185 35399
75 186 867
75 187 6892
75 188 45933
75 189 48270
75 190 37362
75 191 31934
75 192 29283
75 193 29444
75 194 41806
75 195 13767
75 196 26344
75 197 -1478
75 198 3874
75 199 43254
75 200 20987
76 1 7520
76 2 27649
76 3 3322
76 4 17052
76 5 29857
76 6 26812
76 7 27605
76 8 35429
76 9 10076
76 10 22369
76 11 29486
76 12 2469
76 13 20511
76 14 38548
76 15 31142
76 16 35698
76 17 38091
76 18 25155
76 19 30716
76 20 19281
76 21 19627
76 22 28147
76 23 21909
76 24 11509
76 25 21542
76 26 8849
76 27 11886
76 28 7358
76 29 7729
76 30 13319
76 31 14019
76 32 19906
76 33 6977
76 34 10959
76 35 20005
76 36 41499
76 37 33444
76 38 45308
76 39 18059
76 40 16532
76 41 29947
76 42 35328
76 43 36332
76 44 40854
76 45 34637
76 46 37705
76 47 34314
76 48 25907
76 49 37272
76 50 1552
76 51 9401
76 52 20246
76 53 14583
76 54 8429
76 55 21305
76 56 25746
76 57 29529
76 58 17326
76 59 27232
76 60 30865
76 61 35173
76 62 23985
76 63 29742
76 64 26263
76 65 18321
76 66 13222
76 67 21362
76 68 -817
76 69 10850
76 70 15676
76 71 19506
76 72 19195
76 73 22298
76 74 25756
76 75 23299
76 77 675
76 78 11190
76 79 2386
76 80 6872
76 81 4673
76 82 27624
76 83 31856
76 84 34773
76 85 28621
76 86 37321
76 87 24542
76 88 21936
76 89 20708
76 90 27827
76 91 39386
76 92 32400
76 93 30334
76 94 22923
76 95 26182
76 96 28427
76 97 28091
76 98 33804
76 99 31459
76 100 34131
76 101 13386
76 102 -653
76 103 11655
76 104 31005
76 105 11442
76 106 23981
76 107 31584
76 108 18755
76 109 6356
76 110 18428
76 111 3760
76 112 16895
76 113 37049
76 114 30317
76 115 26079
76 116 590
76 117 27667
76 118 24477
76 119 42610
76 120 10140
76 121 6498
76 122 12520
76 123 29302
76 124 37058
76 125 33521
76 126 28942
76 127 17516
76 128 17216
76 129 8332
76 130 11126
76 131 22364
76 132 8790
76 133 26412
76 134 7938
76 135 17113
76 136 26950
76 137 23104
76 138 5724
76 139 25093
76 140 44668
76 141 40164
76 142 37857
76 143 39933
76 144 27952
76 145 24886
76 146 16168
76 147 21486
76 148 22453
76 149 9772
76 150 5713
76 151 29926
76 152 15735
76 153 25222
76 154 3335
76 155 16494
76 156 15585
76 157 4070
76 158 2653
76 159 19163
76 160 17405
76 161 13504
76 162 12497
76 163 9582
76 164 7775
76 165 17851
76 166 25257
76 167 12261
76 168 36418
76 169 7091
76 170 23118
76 171 20800
76 172 32115
76 173 35517
76 174 33695
76 175 33938
76 176 3645
76 177 5070
76 178 23541
76 179 10814
76 180 12531
76 181 21444
76 182 20625
76 183 22569
76 184 -2152
76 185 5940
76 186 28156
76 187 24342
76 188 14980
76 189 21888
76 190 14596
76 191 39105
76 192 39196
76 193 35712
76 194 24042
76 195 6783
76 196 -2720
76 197 21418
76 198 14848
76 199 34666
76 200 8854
77 1 10306
77 2 30619
77 3 -558
77 4 17335
77 5 33963
77 6 30850
77 7 31256
77 8 39416
77 9 8219
77 10 24797
77 11 32133
77 12 3942
77 13 24222
77 14 42187
77 15 33967
77 16 39686
77 17 42213
77 18 29222
77 19 33874
77 20 19345
77 21 21618
77 22 29854
77 23 22479
77 24 8467
77 25 20281
77 26 11464
77 27 15992
77 28 11340
77 29 3774
77 30 14595
77 31 17198
77 32 21115
77 33 5207
77 34 7314
77 35 17245
77 36 44929
77 37 37267
77 38 49040
77 39 17886
77 40 19501
77 41 31897
77 42 38727
77 43 39460
77 44 44691
77 45 38716
77 46 41569
77 47 37830
77 48 29544
77 49 40258
77 50 3378
77 51 8925
77 52 24223
77 53 18304
77 54 7725
77 55 20065
77 56 26481
77 57 32490
77 58 20752
77 59 31161
77 60 34988
77 61 39215
77 62 26953
77 63 31684
77 64 28458
77 65 16156
77 66 12487
77 67 20713
77 68 -3433
77 69 14342
77 70 17853
77 71 17621
77 72 20777
77 73 24317
77 74 27407
77 75 24548
77 76 30
77 78 7612
77 79 -1211
77 80 4978
77 81 2437
77 82 31468
77 83 35960
77 84 38894
77 85 32577
77 86 41330
77 87 28007
77 88 25316
77 89 24826
77 90 29579
77 91 43281
77 92 36242
77 93 34312
77 94 26849
77 95 30020
77 96 32426
77 97 31810
77 98 37681
77 99 35459
77 100 37938
77 101 16124
77 102 -442
77 103 10475
77 104 35005
77 105 14827
77 106 27787
77 107 34492
77 108 20917
77 109 6919
77 110 19424
77 111 7869
77 112 20901
77 113 41143
77 114 34329
77 115 28916
77 116 -336
77 117 31400
77 118 28598
77 119 46382
77 120 7775
77 121 2553
77 122 13771
77 123 32613
77 124 40747
77 125 37602
77 126 30952
77 127 21128
77 128 17506
77 129 4586
77 130 10396
77 131 23346
77 132 12382
77 133 28006
77 134 5744
77 135 14347
77 136 24393
77 137 26553
77 138 8976
77 139 24937
77 140 48422
77 141 44088
77 142 41303
77 143 43133
77 144 31172
77 145 27207
77 146 20283
77 147 25569
77 148 25621
77 149 11547
77 150 3819
77 151 33768
77 152 19161
77 153 29124
77 154 6587
77 155 16777
77 156 19628
77 157 3624
77 158 -1227
77 159 21947
77 160 18193
77 161 11825
77 162 15552
77 163 6859
77 164 4569
77 165 16671
77 166 29378
77 167 16161
77 168 39919
77 169 3069
77 170 22141
77 171 22693
77 172 35462
77 173 39618
77 174 37683
77 175 36782
77 176 7070
77 177 4290
77 178 26461
77 179 11564
77 180 15166
77 181 22634
77 182 24043
77 183 26563
77 184 -145
77 185 3220
77 186 28783
77 187 24049
77 188 14667
77 189 24316
77 190 18022
77 191 43000
77 192 42953
77 193 39590
77 194 27794
77 195 8083
77 196 -2484
77 197 22559
77 198 16385
77 199 38754
77 200 12900
78 1 17114
78 2 42596
78 3 5834
78 4 26806
78 5 44791
78 6 42169
78 7 38571
78 8 48204
78 9 1102
78 10 28212
78 11 35484
78 12 15646
78 13 36126
78 14 54148
78 15 45852
78 16 51129
78 17 52650
78 18 38806
78 19 38935
78 20 16552
78 21 33043
78 22 40842
78 23 31807
78 24 11509
78 25 26588
78 26 23403
78 27 26380
78 28 22924
78 29 3169
78 30 15666
78 31 23428
78 32 20556
78 33 4207
78 34 -4657
78 35 6232
78 36 50710
78 37 49053
78 38 60929
78 39 26118
78 40 31502
78 41 43101
78 42 50766
78 43 51468
78 44 56453
78 45 48205
78 46 49459
78 47 44141
78 48 36544
78 49 44303
78 50 11033
78 51 6817
78 52 33394
78 53 30194
78 54 16510
78 55 26773
78 56 36273
78 57 44453
78 58 32779
78 59 42771
78 60 45419
78 61 50463
78 62 31786
78 63 32927
78 64 29823
78 65 6005
78 66 6409
78 67 27597
78 68 5495
78 69 22365
78 70 21568
78 71 8795
78 72 31744
78 73 35713
78 74 38386
78 75 35019
78 76 11527
78 77 8594
78 79 -1957
78 80 14081
78 81 -2418
78 82 39529
78 83 45837
78 84 49444
78 85 44116
78 86 52691
78 87 40033
78 88 31856
78 89 35576
78 90 30562
78 91 54950
78 92 48003
78 93 45800
78 94 38476
78 95 41789
78 96 43865
78 97 43709
78 98 49386
78 99 46887
78 100 49744
78 101 21766
78 102 4716
78 103 4451
78 104 46433
78 105 26856
78 106 35849
78 107 38663
78 108 23471
78 109 17893
78 110 29906
78 111 18643
78 112 32360
78 113 52048
78 114 43327
78 115 40839
78 116 11641
78 117 43286
78 118 39162
78 119 58229
78 120 -538
78 121 3548
78 122 15614
78 123 38330
78 124 47856
78 125 47116
78 126 32460
78 127 28848
78 128 14937
78 129 2515
78 130 18812
78 131 22228
78 132 20855
78 133 38870
78 134 11938
78 135 3460
78 136 13653
78 137 38580
78 138 21007
78 139 33355
78 140 60288
78 141 55694
78 142 53336
78 143 48011
78 144 43207
78 145 38773
78 146 30685
78 147 36669
78 148 31283
78 149 23031
78 150 12922
78 151 45529
78 152 31188
78 153 37670
78 154 18618
78 155 26248
78 156 30983
78 157 7188
78 158 5165
78 159 26255
78 160 17012
78 161 4052
78 162 21873
78 163 11846
78 164 -6975
78 165 23665
78 166 39702
78 167 25256
78 168 46193
78 169 -3104
78 170 28689
78 171 33916
78 172 47503
78 173 50482
78 174 46428
78 175 40712
78 176 15582
78 177 14044
78 178 38418
78 179 22049
78 180 27066
78 181 21392
78 182 30483
78 183 38030
78 184 11891
78 185 2265
78 186 38347
78 187 32201
78 188 10696
78 189 27731
78 190 25044
78 191 54667
78 192 54817
78 193 51291
78 194 35606
78 195 19338
78 196 9422
78 197 33000
78 198 27439
78 199 48411
78 200 24266
79 1 12921
79 2 37009
79 3 220
79 4 22319
79 5 39496
79 6 36694
79 7 34576
79 8 43681
79 9 3268
79 10 25743
79 11 33191
79 12 10163
79 13 30484
79 14 48497
79 15 40323
79 16 45629
79 17 47511
79 18 33941
79 19 35926
79 20 16745
79 21 27729
79 22 35748
79 23 27472
79 24 9309
79 25 23459
79 26 17833
79 27 21153
79 28 17340
79 29 1949
79 30 14003
79 31 19734
79 32 19906
79 33 1864
79 34 973
79 35 11107
79 36 47464
79 37 43443
79 38 55295
79 39 22231
79 40 25898
79 41 37912
79 42 45113
79 43 45860
79 44 50853
79 45 43422
79 46 45324
79 47 40639
79 48 32725
79 49 41804
79 50 6217
79 51 6207
79 52 28637
79 53 24553
79 54 12165
79 55 23414
79 56 31703
79 57 38876
79 58 27124
79 59 37212
79 60 40259
79 61 45027
79 62 28785
79 63 31534
79 64 28507
79 65 10413
79 66 8471
79 67 24363
79 68 622
79 69 17875
79 70 18778
79 71 12303
79 72 26644
79 73 30418
79 74 33289
79 75 30154
79 76 5907
79 77 2955
79 78 1227
79 80 9315
79 81 -2418
79 82 35270
79 83 40886
79 84 44254
79 85 38582
79 86 47223
79 87 34377
79 88 28113
79 89 30281
79 90 29223
79 91 49376
79 92 42399
79 93 40280
79 94 32907
79 95 36182
79 96 38357
79 97 38070
79 98 43799
79 99 41384
79 100 44130
79 101 18162
79 102 409
79 103 6214
79 104 40930
79 105 21201
79 106 31552
79 107 36029
79 108 21378
79 109 12680
79 110 24992
79 111 13242
79 112 26833
79 113 46738
79 114 38715
79 115 35285
79 116 6030
79 117 37649
79 118 33955
79 119 52605
79 120 2251
79 121 1308
79 122 13460
79 123 35029
79 124 44019
79 125 42321
79 126 30939
79 127 24591
79 128 15107
79 129 -1485
79 130 14657
79 131 21817
79 132 16190
79 133 33832
79 134 8462
79 135 8226
79 136 18376
79 137 32924
79 138 15354
79 139 29362
79 140 54660
79 141 50142
79 142 47681
79 143 45146
79 144 37575
79 145 33408
79 146 25476
79 147 31263
79 148 27915
79 149 17668
79 150 8156
79 151 39925
79 152 25533
79 153 33187
79 154 12965
79 155 21761
79 156 25481
79 157 3288
79 158 -449
79 159 23456
79 160 16532
79 161 6851
79 162 18058
79 163 8745
79 164 -1778
79 165 20162
79 166 34568
79 167 20467
79 168 42701
79 169 -2227
79 170 25532
79 171 28708
79 172 41856
79 173 45180
79 174 41932
79 175 38186
79 176 10826
79 177 9212
79 178 32844
79 179 17096
79 180 21520
79 181 21183
79 182 26825
79 183 32508
79 184 6242
79 185 -1232
79 186 33886
79 187 28323
79 188 11488
79 189 25262
79 190 21054
79 191 49095
79 192 49188
79 193 45708
79 194 31406
79 195 14054
79 196 3765
79 197 28133
79 198 22284
79 199 43548
79 200 18756
80 1 16099
80 2 27996
80 3 4676
80 4 11277
80 5 35394
80 6 31759
80 7 35797
80 8 42806
80 9 14124
80 10 30909
80 11 38079
80 12 1723
80 13 23652
80 14 40950
80 15 30780
80 16 39962
80 17 43962
80 18 32211
80 19 39256
80 20 26019
80 21 17514
80 22 25053
80 23 16442
80 24 3265
80 25 13574
80 26 9238
80 27 18957
80 28 12924
80 29 2163
80 30 21212
80 31 22583
80 32 27767
80 33 11504
80 34 10468
80 35 21941
80 36 49864
80 37 36855
80 38 48027
80 39 11424
80 40 17297
80 41 27360
80 42 36885
80 43 36841
80 44 44189
80 45 41461
80 46 45433
80 47 42614
80 48 34085
80 49 45853
80 50 9621
80 51 15537
80 52 27837
80 53 18229
80 54 1227
80 55 13356
80 56 20660
80 57 29702
80 58 19535
80 59 31281
80 60 36995
80 61 39907
80 62 32578
80 63 38100
80 64 34748
80 65 21432
80 66 18896
80 67 14054
80 68 -6433
80 69 19321
80 70 24107
80 71 23319
80 72 15965
80 73 20127
80 74 22601
80 75 19225
80 76 4509
80 77 3260
80 78 11381
80 79 3431
80 81 8286
80 82 35460
80 83 38501
80 84 40611
80 85 32753
80 86 41683
80 87 26490
80 88 30397
80 89 26733
80 90 36072
80 91 43114
80 92 35961
80 93 34649
80 94 27087
80 95 29797
80 96 32980
80 97 31087
80 98 37495
80 99 35981
80 100 37411
80 101 21973
80 102 6239
80 103 16746
80 104 35527
80 105 13906
80 106 31939
80 107 40181
80 108 27203
80 109 2526
80 110 14096
80 111 11249
80 112 21799
80 113 42272
80 114 37600
80 115 26010
80 116 3085
80 117 30800
80 118 30440
80 119 45626
80 120 13275
80 121 1308
80 122 20380
80 123 37774
80 124 45145
80 125 40341
80 126 37333
80 127 25822
80 128 24202
80 129 8695
80 130 3831
80 131 30033
80 132 17210
80 133 23064
80 134 -659
80 135 19098
80 136 29293
80 137 25157
80 138 8842
80 139 18505
80 140 47499
80 141 43999
80 142 39540
80 143 48446
80 144 28996
80 145 23266
80 146 22988
80 147 26887
80 148 31005
80 149 7778
80 150 -2889
80 151 33487
80 152 17944
80 153 32965
80 154 6453
80 155 10719
80 156 20891
80 157 10326
80 158 4007
80 159 27764
80 160 24894
80 161 17752
80 162 21093
80 163 1142
80 164 8807
80 165 9965
80 166 31635
80 167 20178
80 168 44734
80 169 5303
80 170 15441
80 171 18205
80 172 33520
80 173 40911
80 174 41049
80 175 42539
80 176 12194
80 177 -1768
80 178 23709
80 179 6240
80 180 12472
80 181 29298
80 182 29047
80 183 27197
80 184 2320
80 185 8978
80 186 22842
80 187 17548
80 188 21261
80 189 30428
80 190 23049
80 191 42783
80 192 42162
80 193 39351
80 194 32094
80 195 3961
80 196 2351
80 197 17203
80 198 11713
80 199 41461
80 200 14297
81 1 11756
81 2 41055
81 3 5614
81 4 28248
81 5 40449
81 6 38398
81 7 32750
81 8 42741
81 9 -2898
81 10 21906
81 11 29160
81 12 15045
81 13 33304
81 14 51322
81 15 44558
81 16 47321
81 17 47946
81 18 33782
81 19 32692
81 20 10802
81 21 32706
81 22 41020
81 23 33426
81 24 15516
81 25 29779
81 26 22200
81 27 22157
81 28 19947
81 29 7729
81 30 9349
81 31 17511
81 32 14492
81 33 -965
81 34 393
81 35 6680
81 36 44509
81 37 45838
81 38 57826
81 39 28403
81 40 29947
81 41 43019
81 42 48479
81 43 49668
81 44 53116
81 45 42997
81 46 43663
81 47 38033
81 48 30592
81 49 37984
81 50 6797
81 51 612
81 52 28306
81 53 27510
81 54 18245
81 55 29720
81 56 37529
81 57 42932
81 58 30548
81 59 39288
81 60 40822
81 61 46458
81 62 25560
81 63 26679
81 64 23609
81 65 5027
81 66 2147
81 67 30664
81 68 6600
81 69 17163
81 70 15348
81 71 6445
81 72 31951
81 73 35404
81 74 38577
81 75 35716
81 76 9323
81 77 7732
81 78 1895
81 79 -1289
81 80 15299
81 82 33866
81 83 40886
81 84 44862
81 85 40481
81 86 48747
81 87 37652
81 88 25925
81 89 31336
81 90 24316
81 91 51488
81 92 44766
81 93 42121
81 94 35087
81 95 38608
81 96 40178
81 97 40799
81 98 46020
81 99 43160
81 100 46550
81 101 15877
81 102 157
81 103 -109
81 104 42706
81 105 24744
81 106 30251
81 107 32360
81 108 17146
81 109 18082
81 110 30575
81 111 15074
81 112 28862
81 113 47680
81 114 37960
81 115 39495
81 116 10770
81 117 40371
81 118 34652
81 119 55076
81 120 -3277
81 121 7390
81 122 9309
81 123 32168
81 124 41899
81 125 41927
81 126 26188
81 127 23301
81 128 9198
81 129 4223
81 130 20799
81 131 16248
81 132 15873
81 133 39183
81 134 14778
81 135 3817
81 136 13536
81 137 36263
81 138 19133
81 139 35506
81 140 57128
81 141 52097
81 142 50942
81 143 41730
81 144 41262
81 145 38179
81 146 26364
81 147 32688
81 148 25175
81 149 22662
81 150 14140
81 151 42292
81 152 28957
81 153 32233
81 154 16744
81 155 27690
81 156 27428
81 157 2411
81 158 4945
81 159 19990
81 160 10982
81 161 734
81 162 16078
81 163 15065
81 164 -4458
81 165 26453
81 166 35092
81 167 20302
81 168 40082
81 169 1993
81 170 31846
81 171 33822
81 172 45321
81 173 46128
81 174 40927
81 175 34399
81 176 10826
81 177 15070
81 178 36953
81 179 22695
81 180 25906
81 181 15531
81 182 24485
81 183 34437
81 184 10478
81 185 -60
81 186 39779
81 187 34506
81 188 5319
81 189 21425
81 190 19298
81 191 51178
81 192 51720
81 193 47890
81 194 29931
81 195 19256
81 196 7929
81 197 33718
81 198 27558
81 199 43330
81 200 20788
82 1 22967
82 2 35052
82 3 36664
82 4 42508
82 5 10801
82 6 19702
82 7 3353
82 8 2819
82 9 33161
82 10 16045
82 11 11154
82 12 32398
82 13 21643
82 14 28858
82 15 34147
82 16 18380
82 17 12207
82 18 4688
82 19 5245
82 20 30922
82 21 37627
82 22 43532
82 23 42426
82 24 45465
82 25 51163
82 26 30682
82 27 18934
82 28 25781
82 29 41983
82 30 21372
82 31 10191
82 32 19224
82 33 34535
82 34 40979
82 35 44343
82 36 9555
82 37 24502
82 38 30993
82 39 43115
82 40 30599
82 41 42514
82 42 32416
82 43 34181
82 44 26894
82 45 4179
82 46 3362
82 47 2392
82 48 -6071
82 49 9870
82 50 28167
82 51 29136
82 52 10872
82 53 25507
82 54 38860
82 55 51370
82 56 47143
82 57 33957
82 58 26408
82 59 17715
82 60 11033
82 61 17222
82 62 8516
82 63 19974
82 64 7468
82 65 36743
82 66 25024
82 67 47059
82 68 33340
82 69 19850
82 70 21007
82 71 39260
82 72 37671
82 73 38528
82 74 42612
82 75 41817
82 76 30273
82 77 34762
82 78 41841
82 79 34398
82 80 40472
82 81 31865
82 83 6551
82 84 11705
82 85 15053
82 86 17337
82 87 24432
82 88 8939
82 89 12945
82 90 22633
82 91 26337
82 92 24761
82 93 17682
82 94 18289
82 95 21262
82 96 18730
82 97 24058
82 98 23490
82 99 19925
82 100 24081
82 101 20327
82 102 26406
82 103 30170
82 104 19471
82 105 26674
82 106 1538
82 107 9434
82 108 13780
82 109 36429
82 110 41740
82 111 24348
82 112 18236
82 113 14045
82 114 -852
82 115 34453
82 116 34911
82 117 25431
82 118 5377
82 119 30441
82 120 35668
82 121 40763
82 122 24759
82 123 3103
82 124 3458
82 125 3373
82 126 19070
82 127 12624
82 128 25915
82 129 40527
82 130 41057
82 131 23930
82 132 20107
82 133 42542
82 134 41021
82 135 42064
82 136 49338
82 137 27087
82 138 29973
82 139 50707
82 140 30019
82 141 24253
82 142 32819
82 143 10463
82 144 30278
82 145 35462
82 146 17693
82 147 13514
82 148 7964
82 149 33815
82 150 39313
82 151 22287
82 152 24817
82 153 3387
82 154 27584
82 155 41950
82 156 19900
82 157 31136
82 158 35995
82 159 6841
82 160 23174
82 161 33597
82 162 16250
82 163 43325
82 164 35978
82 165 47973
82 166 9151
82 167 14384
82 168 4856
82 169 39784
82 170 51106
82 171 36060
82 172 30836
82 173 14436
82 174 627
82 175 12222
82 176 20720
82 177 37129
82 178 30903
82 179 37079
82 180 30443
82 181 16094
82 182 690
82 183 17244
82 184 31305
82 185 36052
82 186 49527
82 187 50405
82 188 28113
82 189 15564
82 190 9277
82 191 24601
82 192 28151
82 193 23506
82 194 1489
82 195 33651
82 196 31626
82 197 41823
82 198 35836
82 199 6937
82 200 16526
83 1 26437
83 2 27996
83 3 38387
83 4 38633
83 5 872
83 6 13017
83 7 11840
83 8 3627
83 9 38113
83 10 24214
83 11 21108
83 12 31454
83 13 15016
83 14 18877
83 15 25326
83 16 8385
83 17 3886
83 18 2794
83 19 15267
83 20 37709
83 21 32621
83 22 37008
83 23 36436
83 24 45084
83 25 48098
83 26 27980
83 27 18957
83 28 24924
83 29 42978
83 30 27907
83 31 16100
83 32 27767
83 33 37992
83 34 44426
83 35 49515
83 36 17112
83 37 15071
83 38 21061
83 39 38461
83 40 25933
83 41 35291
83 42 23203
83 43 24631
83 44 16847
83 45 -487
83 46 6603
83 47 10915
83 48 3577
83 49 19039
83 50 30649
83 51 34218
83 52 12541
83 53 22074
83 54 36903
83 55 48665
83 56 41806
83 57 25853
83 58 21307
83 59 8710
83 60 2123
83 61 7180
83 62 17562
83 63 29454
83 64 17480
83 65 43467
83 66 32432
83 67 42127
83 68 33615
83 69 22930
83 70 27070
83 71 45312
83 72 32233
83 73 32859
83 74 36601
83 75 35899
83 76 31262
83 77 36011
83 78 44906
83 79 36771
83 80 40270
83 81 35642
83 82 3308
83 84 1921
83 85 5166
83 86 7792
83 87 16253
83 88 16065
83 89 8832
83 90 31503
83 91 16365
83 92 15799
83 93 8088
83 94 11084
83 95 13211
83 96 10346
83 97 15617
83 98 13947
83 99 10868
83 100 14342
83 101 25225
83 102 29347
83 103 36066
83 104 10414
83 105 23368
83 106 7745
83 107 19482
83 108 22080
83 109 35079
83 110 37644
83 111 24973
83 112 14024
83 113 4879
83 114 -1298
83 115 27424
83 116 35638
83 117 17703
83 118 -3765
83 119 20403
83 120 40105
83 121 41758
83 122 30376
83 123 13153
83 124 11011
83 125 -1598
83 126 28498
83 127 17007
83 128 33231
83 129 42869
83 130 38755
83 131 32225
83 132 22717
83 133 36141
83 134 40108
83 135 47004
83 136 55059
83 137 20286
83 138 28726
83 139 46391
83 140 20097
83 141 14235
83 142 23229
83 143 19200
83 144 22140
83 145 28157
83 146 17016
83 147 7569
83 148 16253
83 149 30907
83 150 39111
83 151 13325
83 152 19716
83 153 7692
83 154 26337
83 155 38075
83 156 16931
83 157 34283
83 158 37718
83 159 15622
83 160 30722
83 161 39383
83 162 21093
83 163 42859
83 164 39926
83 165 45376
83 166 3692
83 167 16384
83 168 13686
83 169 42017
83 170 47220
83 171 29791
83 172 21934
83 173 4507
83 174 903
83 175 22271
83 176 23161
83 177 36180
83 178 23709
83 179 34095
83 180 26459
83 181 25517
83 182 9359
83 183 10571
83 184 31737
83 185 38952
83 186 44028
83 187 46177
83 188 34829
83 189 23733
83 190 14596
83 191 14551
83 192 18173
83 193 13599
83 194 8444
83 195 31415
83 196 32616
83 197 36589
83 198 31401
83 199 -314
83 200 14297
84 1 31876
84 2 26781
84 3 42788
84 4 39602
84 5 -2076
84 6 14015
84 7 18546
84 8 8458
84 9 43799
84 10 30866
84 11 27643
84 12 34603
84 13 14941
84 14 13236
84 15 21751
84 16 1966
84 17 -1433
84 18 8814
84 19 21520
84 20 44019
84 21 33001
84 22 35860
84 23 35534
84 24 48193
84 25 49448
84 26 30215
84 27 23376
84 28 28518
84 29 46858
84 30 34206
84 31 22428
84 32 34436
84 33 43164
84 34 49436
84 35 55208
84 36 21534
84 37 11256
84 38 14502
84 39 38661
84 40 26911
84 41 33459
84 42 19299
84 43 19923
84 44 10652
84 45 53
84 46 9559
84 47 16169
84 48 9639
84 49 24359
84 50 35562
84 51 40016
84 52 18223
84 53 24304
84 54 39208
84 55 50316
84 56 41579
84 57 23367
84 58 22205
84 59 6152
84 60 4588
84 61 1098
84 62 24270
84 63 36145
84 64 23642
84 65 49665
84 66 38861
84 67 41957
84 68 37273
84 69 28379
84 70 33306
84 71 51337
84 72 32118
84 73 32650
84 74 35958
84 75 35241
84 76 35467
84 77 40233
84 78 49801
84 79 41427
84 80 43668
84 81 40906
84 82 9750
84 83 3209
84 85 329
84 86 1086
84 87 14053
84 88 22663
84 89 12190
84 90 38204
84 91 10986
84 92 13012
84 93 4386
84 94 10988
84 95 11834
84 96 9245
84 97 13406
84 98 9990
84 99 8634
84 100 9691
84 101 31188
84 102 34395
84 103 42082
84 104 8180
84 105 25459
84 106 14406
84 107 25867
84 108 28740
84 109 37918
84 110 38564
84 111 29262
84 112 16329
84 113 -1636
84 114 4362
84 115 26165
84 116 39630
84 117 16487
84 118 -2440
84 119 14493
84 120 45590
84 121 45671
84 122 36427
84 123 19529
84 124 16069
84 125 -607
84 126 35194
84 127 23086
84 128 39672
84 129 47495
84 130 40803
84 131 38860
84 132 27972
84 133 35089
84 134 42978
84 135 52623
84 136 60941
84 137 19702
84 138 31896
84 139 46897
84 140 13527
84 141 7875
84 142 18595
84 143 24281
84 144 19776
84 145 26360
84 146 21377
84 147 9522
84 148 22943
84 149 32857
84 150 42509
84 151 10538
84 152 20614
84 153 14267
84 154 29507
84 155 39044
84 156 19900
84 157 39390
84 158 42119
84 159 22327
84 160 37226
84 161 45340
84 162 27095
84 163 45974
84 164 45171
84 165 47125
84 166 7801
84 167 21690
84 168 19119
84 169 46532
84 170 47928
84 171 28962
84 172 18532
84 173 -1980
84 174 4332
84 175 28646
84 176 28242
84 177 39172
84 178 22313
84 179 35839
84 180 27831
84 181 32217
84 182 16067
84 183 11282
84 184 35637
84 185 43867
84 186 43622
84 187 46733
84 188 41107
84 189 30385
84 190 20850
84 191 8487
84 192 12615
84 193 8488
84 194 15129
84 195 33754
84 196 36765
84 197 36553
84 198 32152
84 199 4521
84 200 17533
85 1 33687
85 2 18643
85 3 41891
85 4 33299
85 5 1863
85 6 12021
85 7 25806
85 8 18256
85 9 45554
85 10 36693
85 11 35658
85 12 31799
85 13 9334
85 14 3900
85 15 11572
85 16 -2754
85 17 6085
85 18 14525
85 19 30258
85 20 47801
85 21 26335
85 22 27283
85 23 26970
85 24 44740
85 25 43380
85 26 26283
85 27 23917
85 28 27079
85 29 44729
85 30 38138
85 31 26969
85 32 40187
85 33 43841
85 34 49419
85 35 56781
85 36 31667
85 37 1515
85 38 8067
85 39 31228
85 40 21484
85 41 24271
85 42 9083
85 43 9708
85 44 3086
85 45 10319
85 46 19854
85 47 25918
85 48 18694
85 49 34097
85 50 35992
85 51 42237
85 52 21930
85 53 21151
85 54 34758
85 55 44715
85 56 33809
85 57 13915
85 58 17106
85 59 -670
85 60 9922
85 61 -1501
85 62 31181
85 63 43184
85 64 32477
85 65 52686
85 66 42967
85 67 33975
85 68 35030
85 69 30500
85 70 37199
85 71 53923
85 72 24693
85 73 25246
85 74 27922
85 75 27084
85 76 34495
85 77 39096
85 78 49653
85 79 40935
85 80 40990
85 81 41705
85 82 18278
85 83 11634
85 84 5509
85 86 -1030
85 87 5301
85 88 28479
85 89 13067
85 90 44455
85 91 1499
85 92 4799
85 93 -2685
85 94 6644
85 95 5402
85 96 5350
85 97 5256
85 98 346
85 99 3995
85 100 -602
85 101 34386
85 102 34985
85 103 44768
85 104 3541
85 105 21740
85 106 21033
85 107 34321
85 108 34568
85 109 34512
85 110 32347
85 111 28891
85 112 14332
85 113 1281
85 114 13713
85 115 17891
85 116 38134
85 117 9643
85 118 2280
85 119 5869
85 120 46813
85 121 43658
85 122 39567
85 123 28053
85 124 25904
85 125 9689
85 126 42180
85 127 27121
85 128 43985
85 129 46911
85 130 35930
85 131 44295
85 132 29643
85 133 26583
85 134 39263
85 135 54035
85 136 63004
85 137 12855
85 138 29442
85 139 39867
85 140 7233
85 141 1649
85 142 8336
85 143 34157
85 144 10589
85 145 17302
85 146 22250
85 147 8940
85 148 29363
85 149 28294
85 150 39831
85 151 2325
85 152 15515
85 153 20599
85 154 27053
85 155 32741
85 156 18505
85 157 40053
85 158 41222
85 159 28890
85 160 41893
85 161 47786
85 162 30524
85 163 42619
85 164 45727
85 165 41690
85 166 11487
85 167 23939
85 168 28752
85 169 45612
85 170 40997
85 171 20783
85 172 8555
85 173 2830
85 174 14530
85 175 37117
85 176 29356
85 177 35874
85 178 13936
85 179 30757
85 180 22738
85 181 39018
85 182 23045
85 183 8356
85 184 34083
85 185 43950
85 186 35618
85 187 39740
85 188 44721
85 189 36212
85 190 25285
85 191 854
85 192 3213
85 193 -1512
85 194 21882
85 195 29669
85 196 35591
85 197 29112
85 198 25840
85 199 13942
85 200 16224
86 1 45160
86 2 30012
86 3 54320
86 4 45287
86 5 10080
86 6 24166
86 7 33299
86 8 22126
86 9 57170
86 10 45592
86 11 42121
86 12 44439
86 13 21942
86 14 5459
86 15 18618
86 16 -2754
86 17 4526
86 18 23289
86 19 35662
86 20 58306
86 21 38315
86 22 37671
86 23 37057
86 24 57370
86 25 55372
86 26 38920
86 27 35757
86 28 39517
86 29 57351
86 30 48511
86 31 36845
86 32 49174
86 33 55848
86 34 61687
86 35 68511
86 36 33218
86 37 13168
86 38 857
86 39 42427
86 40 33971
86 41 33814
86 42 17158
86 43 13667
86 44 1714
86 45 11551
86 46 20391
86 47 29200
86 48 23715
86 49 37063
86 50 48032
86 51 53609
86 52 32194
86 53 33772
86 54 47294
86 55 56915
86 56 44847
86 57 23683
86 58 29695
86 59 11973
86 60 18496
86 61 4027
86 62 39024
86 63 50860
86 64 37485
86 65 63720
86 66 53285
86 67 44543
86 68 47647
86 69 41782
86 70 47566
86 71 65166
86 72 36164
86 73 36815
86 74 38898
86 75 37840
86 76 46907
86 77 51561
86 78 61940
86 79 53288
86 80 53632
86 81 53683
86 82 24274
86 83 17972
86 84 9978
86 85 2682
86 87 16652
86 88 37353
86 89 24469
86 90 52967
86 91 9382
86 92 17238
86 93 9719
86 94 19234
86 95 18022
86 96 17665
86 97 17414
86 98 12481
86 99 16227
86 100 8926
86 101 45147
86 102 46991
86 103 55934
86 104 15773
86 105 34389
86 106 29153
86 107 40149
86 108 43472
86 109 47158
86 110 44429
86 111 41107
86 112 26718
86 113 -3050
86 114 18615
86 115 29072
86 116 50654
86 117 22135
86 118 11084
86 119 6678
86 120 58651
86 121 56267
86 122 50419
86 123 33857
86 124 29090
86 125 11555
86 126 49919
86 127 37290
86 128 54132
86 129 59289
86 130 48378
86 131 53562
86 132 41130
86 133 37027
86 134 51879
86 135 65825
86 136 74523
86 137 25139
86 138 42047
86 139 51383
86 140 -141
86 141 -78
86 142 14124
86 143 36751
86 144 21110
86 145 27263
86 146 33905
86 147 20725
86 148 37702
86 149 40858
86 150 52473
86 151 14764
86 152 28104
86 153 28968
86 154 39658
86 155 44729
86 156 30817
86 157 52044
86 158 53651
86 159 37092
86 160 51773
86 161 59088
86 162 41131
86 163 55257
86 164 57819
86 165 53957
86 166 21380
86 167 35085
86 168 32367
86 169 58072
86 170 52490
86 171 31683
86 172 17662
86 173 7227
86 174 16862
86 175 42907
86 176 41101
86 177 48521
86 178 25075
86 179 43197
86 180 35255
86 181 46950
86 182 30827
86 183 20746
86 184 46602
86 185 56148
86 186 46404
86 187 51267
86 188 55341
86 189 45111
86 190 35211
86 191 2513
86 192 6856
86 193 7530
86 194 29888
86 195 42280
86 196 48053
86 197 40497
86 198 37926
86 199 18991
86 200 28557
87 1 30505
87 2 6067
87 3 34798
87 4 21322
87 5 11493
87 6 12348
87 7 30507
87 8 27222
87 9 41032
87 10 38244
87 11 40148
87 12 23201
87 13 2296
87 14 7122
87 15 2702
87 16 9032
87 17 18426
87 18 19495
87 19 36211
87 20 45916
87 21 14383
87 22 14686
87 23 14393
87 24 34764
87 25 31393
87 26 17009
87 27 20831
87 28 20946
87 29 35996
87 30 36875
87 31 27560
87 32 40970
87 33 38409
87 34 42669
87 35 51679
87 36 40566
87 37 5289
87 38 14239
87 39 18664
87 40 11189
87 41 12058
87 42 3488
87 43 5271
87 44 11116
87 45 21183
87 46 30023
87 47 33932
87 48 25706
87 49 41649
87 50 30837
87 51 38578
87 52 23243
87 53 14115
87 54 24181
87 55 33059
87 56 21191
87 57 2258
87 58 8024
87 59 3165
87 60 17296
87 61 11115
87 62 34503
87 63 45924
87 64 37883
87 65 49081
87 66 41095
87 67 21326
87 68 26567
87 69 28214
87 70 36288
87 71 50104
87 72 12223
87 73 12834
87 74 15283
87 75 14435
87 76 27797
87 77 31907
87 78 42951
87 79 34111
87 80 32108
87 81 36257
87 82 25038
87 83 20102
87 84 16614
87 85 2682
87 86 10321
87 88 30915
87 89 13783
87 90 46113
87 91 11375
87 92 6010
87 93 6149
87 94 4684
87 95 2890
87 96 8357
87 97 444
87 98 6671
87 99 9652
87 100 4926
87 101 32937
87 102 29790
87 103 41335
87 104 9198
87 105 13413
87 106 25371
87 107 39634
87 108 35950
87 109 25171
87 110 20528
87 111 23615
87 112 10622
87 113 13921
87 114 22161
87 115 5256
87 116 30670
87 117 3697
87 118 9836
87 119 12193
87 120 41657
87 121 35115
87 122 37404
87 123 33857
87 124 34302
87 125 20331
87 126 44893
87 127 27658
87 128 42751
87 129 39941
87 130 24954
87 131 44605
87 132 26817
87 133 13970
87 134 29187
87 135 48815
87 136 58391
87 137 2512
87 138 21704
87 139 27446
87 140 13759
87 141 11867
87 142 5966
87 143 42170
87 144 -1457
87 145 4961
87 146 20283
87 147 9804
87 148 32279
87 149 18097
87 150 30949
87 151 3536
87 152 6433
87 153 24955
87 154 19315
87 155 20764
87 156 14459
87 157 34841
87 158 34129
87 159 31611
87 160 41250
87 161 43937
87 162 29588
87 163 32830
87 164 39666
87 165 30172
87 166 15934
87 167 22612
87 168 36524
87 169 38116
87 170 28571
87 171 8135
87 172 486
87 173 14743
87 174 24333
87 175 42402
87 176 25572
87 177 26455
87 178 1291
87 179 19833
87 180 12443
87 181 41051
87 182 26981
87 183 7329
87 184 26725
87 185 37809
87 186 22971
87 187 27327
87 188 42521
87 189 37763
87 190 26042
87 191 10482
87 192 8752
87 193 7530
87 194 26212
87 195 19801
87 196 28522
87 197 16603
87 198 14048
87 199 23062
87 200 11587
88 1 12187
88 2 35135
88 3 26447
88 4 37434
88 5 18398
88 6 22002
88 7 3847
88 8 14774
88 9 21185
88 10 5140
88 11 6790
88 12 24809
88 13 22311
88 14 35275
88 15 36719
88 16 26698
88 17 22898
88 18 9502
88 19 5846
88 20 18958
88 21 34482
88 22 41996
88 23 39653
88 24 36589
88 25 44787
88 26 25269
88 27 12744
88 28 19137
88 29 32023
88 30 9319
88 31 -1572
88 32 8727
88 33 23207
88 34 29458
88 35 32296
88 36 16468
88 37 29601
88 38 39297
88 39 38604
88 40 27711
88 41 42014
88 42 36327
88 43 38552
88 44 34505
88 45 15864
88 46 14655
88 47 9429
88 48 1544
88 49 12635
88 50 17754
88 51 17171
88 52 7278
88 53 22011
88 54 31766
88 55 44715
88 56 43741
88 57 35494
88 58 24567
88 59 22388
88 60 18005
88 61 25332
88 62 628
88 63 11943
88 64 4781
88 65 24814
88 66 13367
88 67 42586
88 68 24263
88 69 9933
88 70 8942
88 71 27189
88 72 34795
88 73 36160
88 74 40430
88 75 39310
88 76 20987
88 77 25012
88 78 30570
88 79 23643
88 80 31811
88 81 20326
88 82 5341
88 83 15710
88 84 21020
88 85 21656
88 86 26818
88 87 26711
88 89 13666
88 90 12832
88 91 33122
88 92 29064
88 93 23607
88 94 20464
88 95 24200
88 96 22858
88 97 27217
88 98 28964
88 99 25021
88 100 29854
88 101 8766
88 102 15542
88 103 18087
88 104 24567
88 105 22519
88 106 2609
88 107 7522
88 108 3028
88 109 29071
88 110 37158
88 111 16105
88 112 16920
88 113 24084
88 114 10522
88 115 34373
88 116 25659
88 117 27615
88 118 12259
88 119 37492
88 120 23826
88 121 30861
88 122 12730
88 123 4233
88 124 12856
88 125 14932
88 126 10914
88 127 3248
88 128 14178
88 129 29764
88 130 34241
88 131 13065
88 132 10501
88 133 40791
88 134 32763
88 135 30058
88 136 37255
88 137 27449
88 138 23157
88 139 45879
88 140 38384
88 141 32323
88 142 37633
88 143 14927
88 144 32153
88 145 35326
88 146 13223
88 147 15511
88 148 -1680
88 149 28294
88 150 30652
88 151 26590
88 152 22976
88 153 5664
88 154 20768
88 155 36876
88 156 17009
88 157 20091
88 158 25778
88 159 -2438
88 160 11572
88 161 21514
88 162 4909
88 163 34629
88 164 24272
88 165 41254
88 166 13384
88 167 6766
88 168 11503
88 169 28995
88 170 45533
88 171 34325
88 172 34101
88 173 23322
88 174 12707
88 175 10105
88 176 10856
88 177 29202
88 178 31119
88 179 31305
88 180 26507
88 181 7488
88 182 -4407
88 183 19149
88 184 22445
88 185 25009
88 186 46246
88 187 45436
88 188 16136
88 189 4659
88 190 -1548
88 191 32147
88 192 34711
88 193 29970
88 194 1809
88 195 27299
88 196 22206
88 197 38501
88 198 31837
88 199 17249
88 200 12437
89 1 17408
89 2 19121
89 3 27290
89 4 26898
89 5 5884
89 6 5078
89 7 13677
89 8 14305
89 9 29390
89 10 21514
89 11 23066
89 12 19398
89 13 5786
89 14 19171
89 15 19814
89 16 12853
89 17 14071
89 18 3896
89 19 19558
89 20 31447
89 21 21473
89 22 27299
89 23 26151
89 24 33045
89 25 36124
89 26 15847
89 27 8040
89 28 13057
89 29 31368
89 30 21847
89 31 11148
89 32 24663
89 33 28113
89 34 34172
89 35 40713
89 36 25825
89 37 13198
89 38 24439
89 39 27155
89 40 14502
89 41 26503
89 42 19364
89 43 21600
89 44 19459
89 45 11675
89 46 17619
89 47 18649
89 48 9945
89 49 25611
89 50 20354
89 51 25928
89 52 6285
89 53 10009
89 54 24740
89 55 36601
89 56 30949
89 57 18817
89 58 10164
89 59 6028
89 60 6935
89 61 11831
89 62 17390
89 63 28929
89 64 20885
89 65 36302
89 66 26640
89 67 31020
89 68 21832
89 69 14129
89 70 20944
89 71 37580
89 72 21438
89 73 22259
89 74 26333
89 75 25541
89 76 19949
89 77 24712
89 78 34480
89 79 26001
89 80 28337
89 81 25927
89 82 9537
89 83 8667
89 84 10737
89 85 6434
89 86 14124
89 87 9769
89 88 13856
89 90 29409
89 91 17753
89 92 12400
89 93 8088
89 94 3464
89 95 7227
89 96 6484
89 97 10237
89 98 12836
89 99 9155
89 100 13714
89 101 18014
89 102 19273
89 103 28400
89 104 8701
89 105 11308
89 106 8538
89 107 22720
89 108 19307
89 109 22946
89 110 25986
89 111 13777
89 112 2135
89 113 13138
89 114 8969
89 115 18481
89 116 24111
89 117 10640
89 118 455
89 119 21936
89 120 30852
89 121 30172
89 122 23170
89 123 17219
89 124 19615
89 125 10566
89 126 27898
89 127 11192
89 128 27741
89 129 32055
89 130 26618
89 131 28552
89 132 13364
89 133 26288
89 134 27995
89 135 38022
89 136 46785
89 137 11173
89 138 16662
89 139 34889
89 140 23622
89 141 17922
89 142 20831
89 143 26545
89 144 15333
89 145 19538
89 146 6116
89 147 -1352
89 148 15183
89 149 18823
89 150 27178
89 151 9926
89 152 8573
89 153 8242
89 154 14273
89 155 26340
89 156 4767
89 157 24310
89 158 26621
89 159 14562
89 160 25788
89 161 31459
89 162 14212
89 163 30817
89 164 30116
89 165 33290
89 166 1720
89 167 7538
89 168 21058
89 169 31048
89 170 35538
89 171 19797
89 172 17101
89 173 11573
89 174 12299
89 175 25469
89 176 13302
89 177 24087
89 178 15035
89 179 22049
89 180 14678
89 181 24277
89 182 9909
89 183 2149
89 184 20127
89 185 28590
89 186 33305
89 187 34633
89 188 28340
89 189 21033
89 190 9504
89 191 17255
89 192 18858
89 193 14356
89 194 9334
89 195 19256
89 196 21242
89 197 25640
89 198 19901
89 199 11768
89 200 2202
90 1 17481
90 2 49156
90 3 29172
90 4 47021
90 5 34112
90 6 37462
90 7 17770
90 8 28306
90 9 16102
90 10 3267
90 11 3652
90 12 32614
90 13 37028
90 14 51061
90 15 51557
90 16 42399
90 17 37706
90 18 25241
90 19 9709
90 20 10078
90 21 46307
90 22 54592
90 23 50909
90 24 40735
90 25 52348
90 26 35760
90 27 25039
90 28 29547
90 29 34129
90 30 4596
90 31 8428
90 32 -6036
90 33 22834
90 34 26399
90 35 25141
90 36 21003
90 37 45313
90 38 55050
90 39 48283
90 40 40250
90 41 55254
90 42 51721
90 43 53958
90 44 50300
90 45 29739
90 46 24994
90 47 16485
90 48 11975
90 49 12043
90 50 21779
90 51 13526
90 52 22554
90 53 34801
90 54 39208
90 55 52110
90 56 54718
90 57 50056
90 58 38014
90 59 38092
90 60 33727
90 61 41038
90 62 5705
90 63 -614
90 64 -3664
90 65 13558
90 66 1196
90 67 51910
90 68 29104
90 69 18731
90 70 9767
90 71 18322
90 72 46569
90 73 48465
90 74 52646
90 75 51121
90 76 26713
90 77 29110
90 78 29111
90 79 24588
90 80 37321
90 81 18552
90 82 18870
90 83 30983
90 84 36396
90 85 37467
90 86 42267
90 87 41744
90 88 12667
90 89 29054
90 91 48933
90 92 44690
90 93 39409
90 94 35775
90 95 39599
90 96 38540
90 97 42591
90 98 44723
90 99 40788
90 100 45621
90 101 13921
90 102 17803
90 103 10664
90 104 40334
90 105 34521
90 106 17899
90 107 7869
90 108 -3152
90 109 36831
90 110 47493
90 111 24920
90 112 31304
90 113 39275
90 114 24718
90 115 48255
90 116 30850
90 117 42779
90 118 28005
90 119 53303
90 120 19765
90 121 33323
90 122 10833
90 123 11081
90 124 22315
90 125 28974
90 126 -994
90 127 16617
90 128 3506
90 129 30530
90 130 41893
90 131 -858
90 132 19221
90 133 53213
90 134 38281
90 135 23672
90 136 28598
90 137 41866
90 138 32590
90 139 55360
90 140 54127
90 141 48070
90 142 53207
90 143 16913
90 144 46947
90 145 48919
90 146 26923
90 147 30997
90 148 8574
90 149 38280
90 150 36162
90 151 42216
90 152 36423
90 153 21228
90 154 30201
90 155 46463
90 156 30757
90 157 21503
90 158 28503
90 159 -4
90 160 828
90 161 13817
90 162 12346
90 163 39370
90 164 20499
90 165 48656
90 166 29194
90 167 19223
90 168 18636
90 169 29132
90 170 53875
90 171 46915
90 172 49332
90 173 38849
90 174 25624
90 175 9423
90 176 17960
90 177 35874
90 178 45168
90 179 40600
90 180 38163
90 181 -8027
90 182 8113
90 183 34477
90 184 28627
90 185 25351
90 186 57233
90 187 54727
90 188 6928
90 189 2786
90 190 11009
90 191 47939
90 192 50513
90 193 45777
90 194 16877
90 195 36334
90 196 27296
90 197 49761
90 198 42865
90 199 32120
90 200 25451
91 1 36589
91 2 19096
91 3 44321
91 4 34260
91 5 4801
91 6 14845
91 7 28923
91 8 20931
91 9 48382
91 10 39854
91 11 38743
91 12 33882
91 13 11171
91 14 858
91 15 10067
91 16 -3980
91 17 7350
91 18 17673
91 19 33245
91 20 50854
91 21 27283
91 22 27219
91 23 26805
91 24 46543
91 25 44349
91 26 28153
91 27 26744
91 28 29547
91 29 46858
91 30 41215
91 31 30102
91 32 43344
91 33 46536
91 34 51955
91 35 59562
91 36 34182
91 37 2142
91 38 5024
91 39 31647
91 40 23007
91 41 23801
91 42 7679
91 43 7349
91 44 55
91 45 12475
91 46 22104
91 47 28646
91 48 21605
91 49 36843
91 50 38688
91 51 45141
91 52 25056
91 53 23364
91 54 36339
91 55 45870
91 56 34120
91 57 13432
91 58 18846
91 59 1755
91 60 13013
91 61 -142
91 62 34328
91 63 46334
91 64 35468
91 65 55638
91 66 46034
91 67 34068
91 68 37185
91 69 33459
91 70 40283
91 71 56840
91 72 25258
91 73 25872
91 74 28176
91 75 27227
91 76 36956
91 77 41496
91 78 52183
91 79 43425
91 80 43047
91 81 44408
91 82 21258
91 83 14529
91 84 7862
91 85 -6805
91 86 -2634
91 87 5690
91 88 31641
91 89 16082
91 90 47617
91 92 6415
91 93 318
91 94 9065
91 95 7362
91 96 8170
91 97 6399
91 98 1656
91 99 6940
91 100 -1912
91 101 37427
91 102 37690
91 103 47709
91 104 6486
91 105 23755
91 106 24174
91 107 37354
91 108 37728
91 109 36429
91 110 33389
91 111 31517
91 112 16920
91 113 1541
91 114 16512
91 115 18223
91 116 40474
91 117 11247
91 118 5377
91 119 2707
91 120 49566
91 121 45824
91 122 42582
91 123 31066
91 124 28590
91 125 11947
91 126 45331
91 127 30241
91 128 47076
91 129 49380
91 130 37371
91 131 47443
91 132 32553
91 133 26552
91 134 41021
91 135 56797
91 136 65847
91 137 14118
91 138 31662
91 139 40482
91 140 4218
91 141 -776
91 142 6153
91 143 36838
91 144 10461
91 145 16992
91 146 25154
91 147 11887
91 148 32521
91 149 29941
91 150 41888
91 151 3941
91 152 17255
91 153 23745
91 154 29273
91 155 33702
91 156 21127
91 157 42763
91 158 43652
91 159 32047
91 160 45008
91 161 50693
91 162 33590
91 163 44466
91 164 48366
91 165 42912
91 166 14649
91 167 26942
91 168 31522
91 169 48000
91 170 41606
91 171 20986
91 172 7631
91 173 4869
91 174 16981
91 175 40149
91 176 32184
91 177 37790
91 178 14235
91 179 32191
91 180 24305
91 181 42176
91 182 26183
91 183 11015
91 184 36429
91 185 46546
91 186 35793
91 187 40364
91 188 47756
91 189 39373
91 190 28418
91 191 -1943
91 192 151
91 193 -3512
91 194 25020
91 195 31429
91 196 38000
91 197 29627
91 198 26885
91 199 16685
91 200 18814
92 1 29905
92 2 12924
92 3 36838
92 4 27309
92 5 4431
92 6 8523
92 7 25593
92 8 20603
92 9 41431
92 10 35029
92 11 35518
92 12 26269
92 13 3560
92 14 5750
92 15 8337
92 16 3087
92 17 11272
92 18 14197
92 19 30884
92 20 44701
92 21 20353
92 22 21840
92 23 21547
92 24 38967
92 25 37385
92 26 20552
92 27 19948
92 28 22131
92 29 39248
92 30 35242
92 31 24749
92 32 38257
92 33 39346
92 34 44546
92 35 52493
92 36 34112
92 37 -129
92 38 11861
92 39 25400
92 40 15545
92 41 19254
92 42 6475
92 43 8486
92 44 7253
92 45 14078
92 46 23126
92 47 27760
92 48 19865
92 49 35726
92 50 31522
92 51 38401
92 52 19810
92 53 15797
92 54 28858
92 55 38716
92 56 28054
92 57 9189
92 58 11270
92 59 -3819
92 60 10880
92 61 4225
92 62 30359
92 63 42179
92 64 32912
92 65 48992
92 66 39928
92 67 28320
92 68 29580
92 69 27005
92 70 34399
92 71 50104
92 72 18828
92 73 19364
92 74 22233
92 75 21454
92 76 29508
92 77 33995
92 78 44774
92 79 35986
92 80 35432
92 81 37224
92 82 19220
92 83 13501
92 84 9426
92 85 -3967
92 86 4760
92 87 -137
92 88 27121
92 89 10267
92 90 42912
92 91 5953
92 93 -1041
92 94 1867
92 95 -212
92 96 2540
92 97 -637
92 98 346
92 99 2810
92 100 583
92 101 31307
92 102 30531
92 103 41065
92 104 2356
92 105 16140
92 106 20558
92 107 34613
92 108 32848
92 109 28822
92 110 26350
92 111 24275
92 112 9758
92 113 7142
92 114 15678
92 115 12242
92 116 32939
92 117 3697
92 118 3318
92 119 9110
92 120 42461
92 121 38219
92 122 36278
92 123 28564
92 124 27962
92 125 13263
92 126 41154
92 127 24794
92 128 41165
92 129 41922
92 130 29979
92 131 42153
92 132 25929
92 133 21105
92 134 33460
92 135 49695
92 136 58906
92 137 6855
92 138 24082
92 139 33957
92 140 11162
92 141 6839
92 142 7378
92 143 36050
92 144 5567
92 145 12169
92 146 18628
92 147 5926
92 148 28294
92 149 22419
92 150 34273
92 151 -3675
92 152 9679
92 153 20084
92 154 21693
92 155 26751
92 156 13975
92 157 35606
92 158 36169
92 159 27778
92 160 39312
92 161 43937
92 162 27634
92 163 36876
92 164 41077
92 165 35697
92 166 10657
92 167 20733
92 168 30440
92 169 40480
92 170 35082
92 171 15142
92 172 4950
92 173 7550
92 174 17490
92 175 37402
92 176 25311
92 177 30184
92 178 8329
92 179 24800
92 180 16821
92 181 37718
92 182 22470
92 183 4211
92 184 28899
92 185 39218
92 186 29944
92 187 33826
92 188 41503
92 189 34548
92 190 23100
92 191 5631
92 192 5781
92 193 2196
92 194 21425
92 195 23861
92 196 30508
92 197 23261
92 198 19843
92 199 16318
92 200 11587
93 1 30861
93 2 17381
93 3 39158
93 4 31464
93 5 509
93 6 9199
93 7 23599
93 8 17032
93 9 42726
93 10 34143
93 11 33521
93 12 29236
93 13 7058
93 14 6176
93 15 12021
93 16 -135
93 17 6802
93 18 12211
93 19 28370
93 20 45028
93 21 24561
93 22 26312
93 23 26019
93 24 42315
93 25 41509
93 26 23859
93 27 21089
93 28 24344
93 29 42125
93 30 35384
93 31 24299
93 32 37596
93 33 41029
93 34 46646
93 35 53956
93 36 30565
93 37 1515
93 38 10841
93 39 29787
93 40 19320
93 41 23665
93 42 9693
93 43 11047
93 44 5859
93 45 9890
93 46 19168
93 47 24516
93 48 16987
93 49 32630
93 50 33181
93 51 39412
93 52 19247
93 53 18552
93 54 32484
93 55 42715
93 56 32481
93 57 13486
93 58 14821
93 59 -3055
93 60 7930
93 61 27
93 62 28828
93 63 40805
93 64 30553
93 65 49869
93 66 40205
93 67 32771
93 68 32420
93 69 27683
93 70 34453
93 71 51099
93 72 23201
93 73 23729
93 74 26684
93 75 25914
93 76 31754
93 77 36377
93 78 46883
93 79 38179
93 80 38432
93 81 38891
93 82 16453
93 83 10102
93 84 5112
93 85 -7139
93 86 1553
93 87 4314
93 88 25976
93 89 10267
93 90 41943
93 91 4168
93 92 3271
93 94 4008
93 95 3182
93 96 2540
93 97 3817
93 98 346
93 99 1166
93 100 926
93 101 31604
93 102 32172
93 103 41949
93 104 712
93 105 19246
93 106 18733
93 107 32322
93 108 32010
93 109 32040
93 110 30469
93 111 26100
93 112 11568
93 113 2917
93 114 12291
93 115 16708
93 116 35441
93 117 7653
93 118 290
93 119 8465
93 120 43991
93 121 41037
93 122 36771
93 123 26114
93 124 24588
93 125 9135
93 126 39794
93 127 24424
93 128 41245
93 129 44163
93 130 33745
93 131 41664
93 132 26817
93 133 25577
93 134 36870
93 135 51211
93 136 60176
93 137 10997
93 138 26817
93 139 38277
93 140 10021
93 141 4469
93 142 9654
93 143 32799
93 144 9937
93 145 16599
93 146 19423
93 147 6116
93 148 26938
93 149 26001
93 150 37273
93 151 797
93 152 13230
93 153 18275
93 154 24428
93 155 30906
93 156 15724
93 157 37239
93 158 38489
93 159 26465
93 160 39186
93 161 44961
93 162 27760
93 163 40171
93 164 42926
93 165 39647
93 166 8990
93 167 21136
93 168 27281
93 169 42893
93 170 39392
93 171 19603
93 172 8702
93 173 3082
93 174 13637
93 175 35117
93 176 26529
93 177 33398
93 178 12799
93 179 28594
93 180 20523
93 181 36573
93 182 20745
93 183 5583
93 184 31389
93 185 41162
93 186 34394
93 187 38140
93 188 41936
93 189 33662
93 190 22616
93 191 3671
93 192 5591
93 193 873
93 194 19593
93 195 27299
93 196 32870
93 197 27641
93 198 23974
93 199 12682
93 200 13450
94 1 23517
94 2 12450
94 3 30746
94 4 24081
94 5 5203
94 6 3141
94 7 21292
94 8 19043
94 9 35034
94 10 29438
94 11 30943
94 12 20696
94 13 -512
94 14 12106
94 15 11910
94 16 8385
94 17 13697
94 18 10404
94 19 27030
94 20 38421
94 21 17514
94 22 21393
94 23 20827
94 24 33857
94 25 33962
94 26 15435
94 27 13555
94 28 15952
94 29 33582
94 30 29041
94 31 18923
94 32 32445
94 33 33004
94 34 38353
94 35 46117
94 36 31974
94 37 6263
94 38 18233
94 39 23268
94 40 11439
94 41 19866
94 42 11410
94 43 13647
94 44 13501
94 45 14276
94 46 22214
94 47 25122
94 48 16722
94 49 32641
94 50 25167
94 51 32002
94 52 14254
94 53 10009
94 54 24229
94 55 34920
94 56 26368
94 57 11202
94 58 6760
94 59 -224
94 60 9282
94 61 8345
94 62 25367
94 63 36926
94 64 28664
94 65 42597
94 66 33652
94 67 26746
94 68 23878
94 69 20675
94 70 28253
94 71 43703
94 72 16825
94 73 17394
94 74 21014
94 75 20317
94 76 23366
94 77 27937
94 78 38582
94 79 29829
94 80 29893
94 81 30880
94 82 16083
94 83 12121
94 84 10737
94 85 1213
94 86 10091
94 87 1872
94 88 21856
94 89 4666
94 90 37332
94 91 11938
94 92 5202
94 93 3031
94 95 -656
94 96 1540
94 97 2284
94 98 6404
94 99 4421
94 100 6968
94 101 25079
94 102 24175
94 103 34673
94 104 3967
94 105 10760
94 106 16154
94 107 30417
94 108 27203
94 109 23552
94 110 23043
94 111 17949
94 112 3375
94 113 10974
94 114 13835
94 115 11876
94 116 26958
94 117 2721
94 118 2052
94 119 15487
94 120 36092
94 121 32498
94 122 29967
94 123 24676
94 124 25662
94 125 13285
94 126 35895
94 127 18969
94 128 34969
94 129 35790
94 130 25633
94 131 36234
94 132 19557
94 133 20521
94 134 28449
94 135 43327
94 136 52509
94 137 4665
94 138 18278
94 139 31415
94 140 17515
94 141 12707
94 142 13056
94 143 33284
94 144 7586
94 145 12761
94 146 12321
94 147 585
94 148 23176
94 149 17759
94 150 28734
94 151 2728
94 152 5169
94 153 15744
94 154 15889
94 155 23523
94 156 7595
94 157 29250
94 158 30077
94 159 22562
94 160 33210
94 161 37536
94 162 21486
94 163 31695
94 164 34787
94 165 31772
94 166 6917
94 167 14521
94 168 27654
94 169 34450
94 170 32420
94 171 14176
94 172 9101
94 173 10053
94 174 16522
94 175 33184
94 176 18908
94 177 24903
94 178 8224
94 179 20554
94 180 12472
94 181 32227
94 182 17776
94 183 -1851
94 184 22907
94 185 32954
94 186 28525
94 187 31243
94 188 35191
94 189 28957
94 190 17325
94 191 11656
94 192 12180
94 193 8294
94 194 16993
94 195 18928
94 196 24435
94 197 21232
94 198 16628
94 199 15254
94 200 5244
95 1 26572
95 2 11203
95 3 33234
95 4 24513
95 5 5463
95 6 5979
95 7 23998
95 8 20623
95 9 37963
95 10 32542
95 11 33776
95 12 22711
95 13 115
95 14 9063
95 15 9196
95 16 6445
95 17 13365
95 18 12849
95 19 29608
95 20 41554
95 21 17662
95 22 20311
95 23 19937
95 24 35530
95 25 34539
95 26 17081
95 27 16612
95 28 18540
95 29 35682
95 30 32194
95 31 22064
95 32 35590
95 33 35805
95 34 40949
95 35 48981
95 36 33890
95 37 3446
95 38 15405
95 39 23106
95 40 12330
95 41 18296
95 42 8319
95 43 10555
95 44 10857
95 45 15052
95 46 23566
95 47 27225
95 48 19007
95 49 34950
95 50 27995
95 51 35018
95 52 17328
95 53 12196
95 54 25553
95 55 35717
95 56 25944
95 57 8939
95 58 7890
95 59 -2055
95 60 10686
95 61 7027
95 62 28318
95 63 39958
95 64 31403
95 65 45622
95 66 36784
95 67 26314
95 68 26005
95 69 23792
95 70 31413
95 71 46709
95 72 16527
95 73 17051
95 74 20308
95 75 19594
95 76 25907
95 77 30390
95 78 41177
95 79 32386
95 80 31885
95 81 33683
95 82 18338
95 83 13530
95 84 10865
95 85 -747
95 86 8161
95 87 -640
95 88 24874
95 89 7711
95 90 40438
95 91 9517
95 92 2405
95 93 1487
95 94 -1374
95 96 1783
95 97 -799
95 98 3892
95 99 3723
95 100 4146
95 101 28229
95 102 27002
95 103 37711
95 104 3269
95 105 12597
95 106 18883
95 107 33121
95 108 30319
95 109 25329
95 110 23506
95 111 20731
95 112 6304
95 113 9904
95 114 15521
95 115 10611
95 116 29334
95 117 834
95 118 3277
95 119 12661
95 120 38941
95 121 34644
95 122 33088
95 123 27258
95 124 27613
95 125 14135
95 126 38928
95 127 22106
95 128 38121
95 129 38319
95 130 26769
95 131 39390
95 132 22639
95 133 19511
95 134 30046
95 135 46174
95 136 55434
95 137 4135
95 138 20487
95 139 31472
95 140 14724
95 141 10392
95 142 9896
95 143 35461
95 144 5233
95 145 11159
95 146 15458
95 147 3486
95 148 26158
95 149 19081
95 150 30726
95 151 -69
95 152 6299
95 153 18440
95 154 18098
95 155 23955
95 156 10502
95 157 32077
95 158 32565
95 159 25576
95 160 36371
95 161 40538
95 162 24646
95 163 33418
95 164 37504
95 165 32647
95 166 9270
95 167 17677
95 168 29816
95 169 36875
95 170 32563
95 171 13326
95 172 6146
95 173 9580
95 174 17856
95 175 35897
95 176 21904
95 177 26693
95 178 6817
95 179 21609
95 180 13554
95 181 35318
95 182 20625
95 183 1248
95 184 25294
95 185 35639
95 186 27970
95 187 31326
95 188 38310
95 189 32061
95 190 20456
95 191 9216
95 192 9293
95 193 5784
95 194 19737
95 195 20451
95 196 26903
95 197 20970
95 198 17019
95 199 16555
95 200 8068
96 1 25959
96 2 15397
96 3 34204
96 4 27982
96 5 1417
96 6 4222
96 7 20609
96 8 16416
96 9 37771
96 10 30152
96 11 30525
96 12 24518
96 13 3262
96 14 10243
96 15 12958
96 16 4813
96 17 9747
96 18 9239
96 19 25979
96 20 40354
96 21 21308
96 22 24499
96 23 24087
96 24 37783
96 25 37905
96 26 19395
96 27 16129
96 28 19395
96 29 37327
96 30 30784
96 31 19999
96 32 33458
96 33 36032
96 34 41656
96 35 48981
96 36 29758
96 37 4323
96 38 15622
96 39 26959
96 40 15408
96 41 22538
96 42 11410
96 43 13481
96 44 10681
96 45 10867
96 46 19324
96 47 23192
96 48 15115
96 49 31034
96 50 28183
96 51 34511
96 52 14986
96 53 13828
96 54 28222
96 55 38899
96 56 29919
96 57 13075
96 58 10746
96 59 -2893
96 60 6482
96 61 4467
96 62 25367
96 63 37211
96 64 27956
96 65 45016
96 66 35561
96 67 30306
96 68 27623
96 69 22850
96 70 29887
96 71 46210
96 72 20431
96 73 20969
96 74 24386
96 75 23684
96 76 26794
96 77 31438
96 78 41895
96 79 33203
96 80 33710
96 81 33895
96 82 14448
96 83 9307
96 84 6918
96 85 -2157
96 86 6446
96 87 3469
96 88 22174
96 89 5610
96 90 38021
96 91 8967
96 92 3799
96 93 -513
96 94 -536
96 95 425
96 97 2909
96 98 3892
96 99 574
96 100 4775
96 101 26921
96 102 27175
96 103 37085
96 104 120
96 105 14690
96 106 15563
96 107 29655
96 108 27987
96 109 27463
96 110 26947
96 111 21102
96 112 6600
96 113 6996
96 114 11345
96 115 14814
96 116 30534
96 117 5001
96 118 -955
96 119 13025
96 120 39006
96 121 36218
96 122 32023
96 123 23647
96 124 23509
96 125 9932
96 126 36187
96 127 20063
96 128 36683
96 129 39192
96 130 29633
96 131 37415
96 132 21924
96 133 23683
96 134 32397
96 135 46229
96 136 55230
96 137 8035
96 138 22014
96 139 35198
96 140 14836
96 141 9459
96 142 12365
96 143 31459
96 144 9359
96 145 15402
96 146 14525
96 147 1317
96 148 23318
96 149 21755
96 150 32551
96 151 1325
96 152 9155
96 153 15090
96 154 19625
96 155 27424
96 156 10734
96 157 32243
96 158 33535
96 159 22811
96 160 34726
96 161 40063
96 162 23149
96 163 35609
96 164 37926
96 165 35759
96 166 5676
96 167 16384
96 168 25819
96 169 37950
96 170 36241
96 171 17449
96 172 9661
96 173 6065
96 174 13615
96 175 32441
96 176 21571
96 177 28804
96 178 11040
96 179 24552
96 180 16467
96 181 32793
96 182 17470
96 183 621
96 184 26483
96 185 36164
96 186 32003
96 187 35037
96 188 37222
96 189 29671
96 190 18332
96 191 8593
96 192 9916
96 193 5488
96 194 16430
96 195 22901
96 196 27930
96 197 24862
96 198 20507
96 199 12316
96 200 8466
97 1 29139
97 2 9766
97 3 35033
97 4 24265
97 5 7255
97 6 8979
97 7 26950
97 8 23043
97 9 40306
97 10 35515
97 11 36755
97 12 24051
97 13 1419
97 14 6724
97 15 6312
97 16 5954
97 17 14416
97 18 15733
97 19 32507
97 20 44268
97 21 17291
97 22 18723
97 23 18426
97 24 36424
97 25 34351
97 26 18132
97 27 19215
97 28 20551
97 29 37023
97 30 34979
97 31 25003
97 32 38523
97 33 37980
97 34 42841
97 35 51217
97 36 36447
97 37 2142
97 38 13431
97 39 22245
97 40 12821
97 41 16277
97 42 5332
97 43 7571
97 44 9304
97 45 16946
97 46 25792
97 47 29900
97 48 21786
97 49 37718
97 50 30226
97 51 37503
97 52 20314
97 53 13924
97 54 26150
97 55 35757
97 56 24892
97 57 6449
97 58 8793
97 59 -1055
97 60 13144
97 61 7369
97 62 31317
97 63 42956
97 64 34354
97 65 48104
97 66 39493
97 67 25160
97 68 27414
97 69 26486
97 70 34237
97 71 49162
97 72 15679
97 73 16219
97 74 19073
97 75 18299
97 76 27797
97 77 32161
97 78 43078
97 79 34255
97 80 33156
97 81 35855
97 82 21115
97 83 15917
97 84 12418
97 85 -912
97 86 7534
97 87 -3105
97 88 27872
97 89 10702
97 90 43411
97 91 8535
97 92 1961
97 93 2103
97 94 1547
97 95 -818
97 96 4248
97 98 3184
97 99 5409
97 100 2542
97 101 31008
97 102 29225
97 103 40225
97 104 4955
97 105 13935
97 106 21844
97 107 36064
97 108 33285
97 109 26416
97 110 23333
97 111 22938
97 112 8834
97 113 10275
97 114 18015
97 115 9093
97 116 31029
97 117 1426
97 118 5657
97 119 10804
97 120 41169
97 121 36042
97 122 35779
97 123 30161
97 124 30211
97 125 16090
97 126 41926
97 127 25050
97 128 40902
97 129 40153
97 130 27174
97 131 42294
97 132 25263
97 133 17979
97 134 30885
97 135 48388
97 136 57757
97 137 3926
97 138 22075
97 139 30826
97 140 12817
97 141 9363
97 142 7041
97 143 38164
97 144 2747
97 145 9164
97 146 18218
97 147 6486
97 148 29158
97 149 19778
97 150 31997
97 151 -513
97 152 7202
97 153 21393
97 154 19686
97 155 23707
97 156 12960
97 157 34296
97 158 34364
97 159 28575
97 160 39207
97 161 42988
97 162 27477
97 163 34377
97 164 39550
97 165 32768
97 166 12145
97 167 20488
97 168 32523
97 169 38577
97 170 31954
97 171 11988
97 172 3163
97 173 10672
97 174 20108
97 175 38843
97 176 24383
97 177 27766
97 178 5191
97 179 21994
97 180 14125
97 181 38299
97 182 23610
97 183 4211
97 184 27013
97 185 37665
97 186 26784
97 187 30698
97 188 40987
97 189 35034
97 190 23408
97 191 8052
97 192 7358
97 193 4708
97 194 22701
97 195 21312
97 196 28702
97 197 20109
97 198 16824
97 199 18851
97 200 10407
98 1 32499
98 2 15488
98 3 39881
98 4 30262
98 5 3650
98 6 10796
98 7 26539
98 8 20186
98 9 44177
98 10 36718
98 11 36483
98 12 29413
98 13 6721
98 14 3563
98 15 8965
98 16 -24
98 17 9127
98 18 15112
98 19 31450
98 20 47044
98 21 23285
98 22 24129
98 23 23821
98 24 42128
98 25 40350
98 26 23714
98 27 22583
98 28 25127
98 29 42388
98 30 37488
98 31 26670
98 32 40088
98 33 42218
98 34 47544
98 35 55304
98 36 33714
98 37 -1543
98 38 9079
98 39 28082
98 40 18675
98 41 21180
98 42 6573
98 43 7899
98 44 4282
98 45 12852
98 46 22230
98 47 27678
98 48 20119
98 49 35788
98 50 34377
98 51 41035
98 52 21632
98 53 18895
98 54 31998
98 55 41749
98 56 30652
98 57 10858
98 58 14430
98 59 -2449
98 60 11033
98 61 1643
98 62 31639
98 63 43576
98 64 33611
98 65 51590
98 66 42255
98 67 30812
98 68 32713
98 69 29473
98 70 36594
98 71 52743
98 72 21561
98 73 22121
98 74 24761
98 75 23922
98 76 32527
98 77 37049
98 78 47772
98 79 39001
98 80 38581
98 81 40093
98 82 19564
98 83 13264
98 84 8019
98 85 -6805
98 86 1618
98 87 2139
98 88 28636
98 89 12318
98 90 44560
98 91 2809
98 92 1961
98 93 -2351
98 94 4684
98 95 2890
98 96 4248
98 97 2201
98 99 3437
98 100 -1912
98 101 33613
98 102 33384
98 103 43654
98 104 2983
98 105 19289
98 106 21615
98 107 35357
98 108 34568
98 109 31983
98 110 29333
98 111 27169
98 112 12583
98 113 4439
98 114 15453
98 115 14730
98 116 36016
98 117 6844
98 118 3401
98 119 6382
98 120 45289
98 121 41352
98 122 38687
98 123 29178
98 124 27750
98 125 12140
98 126 42559
98 127 26746
98 128 43390
98 129 44949
98 130 33092
98 131 44081
98 132 28486
98 133 23427
98 134 36619
98 135 52523
98 136 61651
98 137 9893
98 138 27192
98 139 36748
98 140 8335
98 141 3688
98 142 6516
98 143 35962
98 144 7467
98 145 14185
98 146 21109
98 147 8016
98 148 29683
98 149 25569
98 150 37422
98 151 -513
98 152 12839
98 153 21145
98 154 24803
98 155 29704
98 156 16801
98 157 38458
98 158 39212
98 159 29201
98 160 41432
98 161 46585
98 162 29854
98 163 40039
98 164 44006
98 165 38752
98 166 11754
98 167 23062
98 168 30440
98 169 43547
98 170 37879
98 171 17621
98 172 5731
98 173 5650
98 174 16743
98 175 38151
98 176 28003
98 177 33345
98 178 10774
98 179 27912
98 180 19958
98 181 39267
98 182 23610
98 183 6779
98 184 31971
98 185 42168
98 186 32456
98 187 36624
98 188 43897
98 189 36237
98 190 24996
98 191 2513
98 192 3213
98 193 -906
98 194 22480
98 195 27021
98 196 33555
98 197 25974
98 198 22824
98 199 15835
98 200 14462
99 1 28035
99 2 16489
99 3 36439
99 4 29759
99 5 204
99 6 6382
99 7 21522
99 8 16139
99 9 39897
99 10 31636
99 11 31472
99 12 26719
99 13 5066
99 14 8621
99 15 12808
99 16 2583
99 17 8008
99 18 10086
99 19 26611
99 20 42261
99 21 22976
99 22 25580
99 23 25243
99 24 39936
99 25 39737
99 26 21518
99 27 18262
99 28 21631
99 29 39548
99 30 32640
99 31 21659
99 32 35033
99 33 38219
99 34 43878
99 35 51131
99 36 29641
99 37 3043
99 38 13626
99 39 28485
99 40 17322
99 41 23323
99 42 10837
99 43 12655
99 44 8652
99 45 9890
99 46 18749
99 47 23301
99 48 15470
99 49 31295
99 50 30372
99 51 36587
99 52 16608
99 53 16024
99 54 30286
99 55 40809
99 56 31328
99 57 13486
99 58 12710
99 59 -3819
99 60 6424
99 61 2273
99 62 26552
99 63 38480
99 64 28713
99 65 47053
99 66 37449
99 67 31694
99 68 29842
99 69 24869
99 70 31719
99 71 48276
99 72 21910
99 73 22435
99 74 25670
99 75 24949
99 76 29028
99 77 33673
99 78 44119
99 79 35432
99 80 35913
99 81 36079
99 82 14845
99 83 9031
99 84 5509
99 85 -4310
99 86 4210
99 87 3966
99 88 23539
99 89 7483
99 90 39471
99 91 6939
99 92 3271
99 93 -2685
99 94 1547
99 95 1567
99 96 -224
99 97 3272
99 98 2283
99 100 3172
99 101 28830
99 102 29361
99 103 39130
99 104 -2116
99 105 16838
99 106 16562
99 107 30430
99 108 29491
99 109 29626
99 110 28734
99 111 23316
99 112 8834
99 113 4912
99 114 11206
99 115 15878
99 116 32769
99 117 6214
99 118 -1149
99 119 11147
99 120 41169
99 121 38442
99 122 33980
99 123 24310
99 124 23492
99 125 9023
99 126 37462
99 127 21757
99 128 38517
99 129 41424
99 130 31646
99 131 39056
99 132 23992
99 133 24801
99 134 34531
99 135 48388
99 136 57347
99 137 9504
99 138 24233
99 139 36823
99 140 12817
99 141 7293
99 142 11367
99 143 31593
99 144 9803
99 145 16199
99 146 16597
99 147 3296
99 148 24586
99 149 23807
99 150 34754
99 151 797
99 152 11119
99 153 16088
99 154 21844
99 155 29201
99 156 12960
99 157 34427
99 158 35770
99 159 24103
99 160 36494
99 161 42136
99 162 25009
99 163 37770
99 164 40128
99 165 37695
99 166 6671
99 167 18340
99 168 25992
99 169 40186
99 170 37900
99 171 18667
99 172 9419
99 173 4240
99 174 13084
99 175 33223
99 176 23701
99 177 30973
99 178 12039
99 179 26535
99 180 18443
99 181 34169
99 182 18544
99 183 2857
99 184 28718
99 185 38378
99 186 33345
99 187 36672
99 188 39157
99 189 31155
99 190 19980
99 191 6493
99 192 8151
99 193 3550
99 194 17429
99 195 25006
99 196 30166
99 197 26352
99 198 22267
99 199 11872
99 200 10695
100 1 35491
100 2 16025
100 3 42418
100 4 31302
100 5 6170
100 6 13871
100 7 29584
100 8 22665
100 9 47075
100 10 39877
100 11 39515
100 12 31633
100 13 8908
100 14 402
100 15 7241
100 16 -833
100 17 10176
100 18 18177
100 19 34352
100 20 50139
100 21 24340
100 22 24058
100 23 23643
100 24 44025
100 25 41382
100 26 25747
100 27 25547
100 28 27757
100 29 44613
100 30 40607
100 31 29829
100 32 43251
100 33 45002
100 34 50159
100 35 58148
100 36 36114
100 37 -129
100 38 6204
100 39 28532
100 40 20384
100 41 20655
100 42 4762
100 43 5271
100 44 1714
100 45 14775
100 46 24324
100 47 30284
100 48 22910
100 49 38443
100 50 37179
100 51 44007
100 52 24794
100 53 21326
100 54 33687
100 55 42981
100 56 30992
100 57 10279
100 58 16408
100 59 653
100 60 13911
100 61 2512
100 62 34750
100 63 46702
100 64 36544
100 65 54585
100 66 45357
100 67 30911
100 68 34984
100 69 32520
100 70 39722
100 71 55714
100 72 22187
100 73 22822
100 74 25044
100 75 24079
100 76 35112
100 77 39564
100 78 50388
100 79 41590
100 80 40755
100 81 42881
100 82 22413
100 83 15917
100 84 9978
100 85 -5495
100 86 321
100 87 2652
100 88 31784
100 89 15454
100 90 47716
100 91 1499
100 92 4456
100 93 487
100 94 7506
100 95 5402
100 96 7389
100 97 3817
100 98 346
100 99 6584
100 101 36715
100 102 36188
100 103 46652
100 104 6130
100 105 21502
100 106 24693
100 107 38320
100 108 37728
100 109 34031
100 110 30469
100 111 29931
100 112 15409
100 113 4644
100 114 18056
100 115 15121
100 116 38477
100 117 8894
100 118 6268
100 119 3453
100 120 48117
100 121 43618
100 122 41760
100 123 32104
100 124 30296
100 125 14156
100 126 45687
100 127 29902
100 128 46515
100 129 47515
100 130 34633
100 131 47241
100 132 31494
100 133 23392
100 134 38479
100 135 55351
100 136 64551
100 137 11415
100 138 29568
100 139 37411
100 140 5509
100 141 1901
100 142 3880
100 143 38542
100 144 7306
100 145 13832
100 146 24144
100 147 11138
100 148 32814
100 149 27359
100 150 39596
100 151 1982
100 152 14817
100 153 24228
100 154 27179
100 155 30744
100 156 19628
100 157 41263
100 158 41749
100 159 32335
100 160 44575
100 161 49550
100 162 32975
100 163 41987
100 164 46722
100 165 40054
100 166 14869
100 167 26153
100 168 33090
100 169 46027
100 170 38527
100 171 17848
100 172 4535
100 173 7227
100 174 18996
100 175 41116
100 176 30936
100 177 35381
100 178 11128
100 179 29463
100 180 21692
100 181 42412
100 182 26698
100 183 9750
100 184 34445
100 185 44858
100 186 32646
100 187 37294
100 188 46977
100 189 39396
100 190 28156
100 191 534
100 192 151
100 193 -2276
100 194 25556
100 195 28917
100 196 36084
100 197 26539
100 198 23974
100 199 18331
100 200 17244
101 1 1890
101 2 34053
101 3 15927
101 4 30963
101 5 24914
101 6 25039
101 7 14639
101 8 24876
101 9 10800
101 10 6826
101 11 13873
101 12 16799
101 13 22909
101 14 39271
101 15 37067
101 16 32790
101 17 31317
101 18 16895
101 19 15654
101 20 11200
101 21 30251
101 22 38653
101 23 34755
101 24 26802
101 25 36860
101 26 19609
101 27 9910
101 28 13448
101 29 21521
101 30 1738
101 31 -572
101 32 6609
101 33 12207
101 34 18503
101 35 22148
101 36 27073
101 37 33278
101 38 44678
101 39 32247
101 40 24463
101 41 39531
101 42 38336
101 43 40421
101 44 39695
101 45 25466
101 46 25552
101 47 20265
101 48 12544
101 49 21909
101 50 7347
101 51 6817
101 52 11677
101 53 19304
101 54 23645
101 55 36653
101 56 38562
101 57 35358
101 58 22729
101 59 26194
101 60 24787
101 61 31564
101 62 8621
101 63 14637
101 64 10770
101 65 16340
101 66 6409
101 67 35974
101 68 14589
101 69 2850
101 70 1237
101 71 17915
101 72 30481
101 73 32496
101 74 36626
101 75 35019
101 76 11527
101 77 14910
101 78 19570
101 79 12782
101 80 22477
101 81 9368
101 82 15819
101 83 23960
101 84 28635
101 85 26653
101 86 33702
101 87 27823
101 88 7856
101 89 16914
101 90 13176
101 91 37998
101 92 32340
101 93 28325
101 94 22777
101 95 26645
101 96 26695
101 97 29443
101 98 33031
101 99 29402
101 100 33875
101 102 4716
101 103 8660
101 104 28948
101 105 18646
101 106 12301
101 107 16134
101 108 3510
101 109 21076
101 110 31348
101 111 8772
101 112 17185
101 113 31748
101 114 20243
101 115 33024
101 116 16029
101 117 29274
101 118 18821
101 119 42175
101 120 13132
101 121 20424
101 122 3038
101 123 14640
101 124 23856
101 125 24437
101 126 13751
101 127 5653
101 128 7661
101 129 18893
101 130 26283
101 131 9817
101 132 3168
101 133 37225
101 134 23548
101 135 19728
101 136 27600
101 137 27269
101 138 16450
101 139 39347
101 140 43853
101 141 38043
101 142 40280
101 143 24916
101 144 32593
101 145 33408
101 146 12833
101 147 18810
101 148 7527
101 149 22137
101 150 21318
101 151 29866
101 152 21138
101 153 14526
101 154 14061
101 155 30405
101 156 16135
101 157 9161
101 158 15258
101 159 3600
101 160 6091
101 161 11938
101 162 -1910
101 163 25049
101 164 13421
101 165 33184
101 166 19248
101 167 5080
101 168 22323
101 169 18091
101 170 38163
101 171 30995
101 172 35623
101 173 30404
101 174 23004
101 175 18429
101 176 1912
101 177 20526
101 178 30067
101 179 24552
101 180 22126
101 181 7712
101 182 6503
101 183 21644
101 184 13304
101 185 14051
101 186 41078
101 187 38753
101 188 8102
101 189 6345
101 190 1260
101 191 37463
101 192 39060
101 193 34603
101 194 11898
101 195 20295
101 196 12485
101 197 33616
101 198 26718
101 199 26103
101 200 10319
102 1 4890
102 2 33924
102 3 3825
102 4 23862
102 5 32750
102 6 30589
102 7 26539
102 8 35875
102 9 3632
102 10 18150
102 11 25593
102 12 9434
102 13 25626
102 14 43598
102 15 37476
102 16 39521
102 17 40411
102 18 26450
102 19 27980
102 20 12428
102 21 26541
102 22 35103
102 23 28833
102 24 15305
102 25 27460
102 26 15616
102 27 14387
102 28 12346
102 29 9282
102 30 7407
102 31 11676
102 32 13905
102 33 1207
102 34 7431
102 35 14339
102 36 39440
102 37 38055
102 38 50044
102 39 24707
102 40 22929
102 41 36833
102 42 40931
102 43 42299
102 44 45314
102 45 35836
102 46 37335
102 47 32583
102 48 24669
102 49 34034
102 50 -1005
102 51 2401
102 52 21027
102 53 19937
102 54 14706
102 55 27234
102 56 32697
102 57 35766
102 58 23130
102 59 31482
102 60 33221
102 61 38681
102 62 20874
102 63 24646
102 64 21513
102 65 11856
102 66 6222
102 67 27755
102 68 3774
102 69 10016
102 70 11129
102 71 12919
102 72 26179
102 73 29191
102 74 32726
102 75 30299
102 76 2907
102 77 3763
102 78 7939
102 79 448
102 80 12162
102 81 -933
102 82 27317
102 83 33501
102 84 37261
102 85 32671
102 86 40965
102 87 30095
102 88 20051
102 89 23592
102 90 22477
102 91 43680
102 92 36983
102 93 34312
102 94 27292
102 95 30837
102 96 32368
102 97 33079
102 98 38221
102 99 35352
102 100 38767
102 101 10135
102 103 4748
102 104 34898
102 105 17466
102 106 23609
102 107 28237
102 108 14052
102 109 13148
102 110 25404
102 111 7319
102 112 21063
102 113 39999
102 114 30973
102 115 32478
102 116 5972
102 117 32657
102 118 27012
102 119 47294
102 120 4293
102 121 8263
102 122 6597
102 123 27009
102 124 35966
102 125 34748
102 126 23952
102 127 16617
102 128 10480
102 129 6570
102 130 17403
102 131 16141
102 132 8487
102 133 33387
102 134 12938
102 135 11520
102 136 20949
102 137 28761
102 138 12222
102 139 31741
102 140 49339
102 141 44287
102 142 43346
102 143 37227
102 144 33886
102 145 31622
102 146 18628
102 147 24897
102 148 19897
102 149 16760
102 150 11003
102 151 34509
102 152 21539
102 153 25346
102 154 9833
102 155 23304
102 156 19628
102 157 -2578
102 158 3156
102 159 15642
102 160 11008
102 161 6822
102 162 9996
102 163 13922
102 164 3190
102 165 23825
102 166 27492
102 167 12899
102 168 34647
102 169 5811
102 170 29271
102 171 27718
102 172 37821
102 173 38437
102 174 34109
102 175 30446
102 176 3245
102 177 11225
102 178 29858
102 179 17730
102 180 19213
102 181 15423
102 182 18765
102 183 26629
102 184 4667
102 185 2023
102 186 35087
102 187 30922
102 188 8014
102 189 17669
102 190 13006
102 191 43369
102 192 43946
102 193 40086
102 194 23424
102 195 13767
102 196 2560
102 197 28414
102 198 21842
102 199 36051
102 200 13001
103 1 15491
103 2 48976
103 3 15849
103 4 38350
103 5 44050
103 6 43396
103 7 32450
103 8 43373
103 9 -3898
103 10 18557
103 11 24488
103 12 24467
103 13 39793
103 14 57318
103 15 52517
103 16 51749
103 17 50493
103 18 36086
103 19 29461
103 20 3007
103 21 41819
103 22 50350
103 23 43502
103 24 25825
103 25 40219
103 26 30913
103 27 27155
103 28 27079
103 29 17789
103 30 5843
103 31 17615
103 32 7212
103 33 8249
103 34 6154
103 35 4124
103 36 41330
103 37 51449
103 38 63251
103 39 38718
103 40 38101
103 41 52125
103 42 55336
103 43 57003
103 44 58313
103 45 44290
103 46 42822
103 47 35711
103 48 29348
103 49 33197
103 50 13887
103 51 109
103 52 30873
103 53 34553
103 54 28520
103 55 40154
103 56 47491
103 57 50761
103 58 37941
103 59 44551
103 60 43978
103 61 50596
103 62 22939
103 63 20409
103 64 16685
103 65 -2614
103 66 -8291
103 67 41093
103 68 16885
103 69 20522
103 70 14237
103 71 -1294
103 72 41378
103 73 44479
103 74 47953
103 75 45384
103 76 18111
103 77 17576
103 78 10570
103 79 9149
103 80 25565
103 81 1697
103 82 33977
103 83 43116
103 84 47844
103 85 45350
103 86 52804
103 87 44536
103 88 25492
103 89 35615
103 90 18234
103 91 56595
103 92 50413
103 93 46985
103 94 40686
103 95 44442
103 96 45174
103 97 46975
103 98 51387
103 99 48017
103 100 52127
103 101 16975
103 102 7644
103 104 47563
103 105 32498
103 106 30893
103 107 28323
103 108 12943
103 109 27869
103 110 40345
103 111 21769
103 112 34579
103 113 50953
103 114 38968
103 115 47606
103 116 20428
103 117 46619
103 118 37990
103 119 60585
103 120 61
103 121 17664
103 122 8174
103 123 29727
103 124 40463
103 125 43302
103 126 20201
103 127 24794
103 128 993
103 129 14603
103 130 31116
103 131 8628
103 132 19889
103 133 48604
103 134 25218
103 135 2465
103 136 8619
103 137 43374
103 138 27495
103 139 45798
103 140 62470
103 141 56871
103 142 57602
103 143 37740
103 144 48649
103 145 46903
103 146 30921
103 147 37355
103 148 23618
103 149 31958
103 150 24406
103 151 47939
103 152 36350
103 153 33421
103 154 25106
103 155 37792
103 156 33207
103 157 10150
103 158 15180
103 159 17038
103 160 3939
103 161 -7104
103 162 17255
103 163 25493
103 164 133
103 165 36878
103 166 38394
103 167 23722
103 168 37777
103 169 11641
103 170 42284
103 171 42996
103 172 52346
103 173 49582
103 174 41342
103 175 30105
103 176 15796
103 177 25220
103 178 44933
103 179 32535
103 180 34494
103 181 7160
103 182 23423
103 183 39749
103 184 19695
103 185 10258
103 186 49805
103 187 44836
103 188 -3718
103 189 18076
103 190 20057
103 191 56168
103 192 57352
103 193 53116
103 194 30292
103 195 28800
103 196 17303
103 197 43440
103 198 37010
103 199 45157
103 200 26817
104 1 28035
104 2 16489
104 3 36439
104 4 29759
104 5 204
104 6 6382
104 7 21522
104 8 16139
104 9 39897
104 10 31636
104 11 31472
104 12 26719
104 13 5066
104 14 8621
104 15 12808
104 16 2583
104 17 8008
104 18 10086
104 19 26611
104 20 42261
104 21 22976
104 22 25580
104 23 25243
104 24 39936
104 25 39737
104 26 21518
104 27 18262
104 28 21631
104 29 39548
104 30 32640
104 31 21659
104 32 35033
104 33 38219
104 34 43878
104 35 51131
104 36 29641
104 37 3043
104 38 13626
104 39 28485
104 40 17322
104 41 23323
104 42 10837
104 43 12655
104 44 8652
104 45 9890
104 46 18749
104 47 23301
104 48 15470
104 49 31295
104 50 30372
104 51 36587
104 52 16608
104 53 16024
104 54 30286
104 55 40809
104 56 31328
104 57 13486
104 58 12710
104 59 -3819
104 60 6424
104 61 2273
104 62 26552
104 63 38480
104 64 28713
104 65 47053
104 66 37449
104 67 31694
104 68 29842
104 69 24869
104 70 31719
104 71 48276
104 72 21910
104 73 22435
104 74 25670
104 75 24949
104 76 29028
104 77 33673
104 78 44119
104 79 35432
104 80 35913
104 81 36079
104 82 14845
104 83 9031
104 84 5509
104 85 -4310
104 86 4210
104 87 3966
104 88 23539
104 89 7483
104 90 39471
104 91 6939
104 92 3271
104 93 -2685
104 94 1547
104 95 1567
104 96 -224
104 97 3272
104 98 2283
104 99 -1662
104 100 3172
104 101 28830
104 102 29361
104 103 39130
104 105 16838
104 106 16562
104 107 30430
104 108 29491
104 109 29626
104 110 28734
104 111 23316
104 112 8834
104 113 4912
104 114 11206
104 115 15878
104 116 32769
104 117 6214
104 118 -1149
104 119 11147
104 120 41169
104 121 38442
104 122 33980
104 123 24310
104 124 23492
104 125 9023
104 126 37462
104 127 21757
104 128 38517
104 129 41424
104 130 31646
104 131 39056
104 132 23992
104 133 24801
104 134 34531
104 135 48388
104 136 57347
104 137 9504
104 138 24233
104 139 36823
104 140 12817
104 141 7293
104 142 11367
104 143 31593
104 144 9803
104 145 16199
104 146 16597
104 147 3296
104 148 24586
104 149 23807
104 150 34754
104 151 797
104 152 11119
104 153 16088
104 154 21844
104 155 29201
104 156 12960
104 157 34427
104 158 35770
104 159 24103
104 160 36494
104 161 42136
104 162 25009
104 163 37770
104 164 40128
104 165 37695
104 166 6671
104 167 18340
104 168 25992
104 169 40186
104 170 37900
104 171 18667
104 172 9419
104 173 4240
104 174 13084
104 175 33223
104 176 23701
104 177 30973
104 178 12039
104 179 26535
104 180 18443
104 181 34169
104 182 18544
104 183 2857
104 184 28718
104 185 38378
104 186 33345
104 187 36672
104 188 39157
104 189 31155
104 190 19980
104 191 6493
104 192 8151
104 193 3550
104 194 17429
104 195 25006
104 196 30166
104 197 26352
104 198 22267
104 199 11872
104 200 10695
105 1 15916
105 2 12924
105 3 17827
105 4 12276
105 5 18801
105 6 14979
105 7 25806
105 8 29112
105 9 24643
105 10 27819
105 11 32783
105 12 6578
105 13 6196
105 14 23874
105 15 16475
105 16 22544
105 17 27484
105 18 18447
105 19 31296
105 20 31291
105 21 8446
105 22 16514
105 23 13581
105 24 19540
105 25 21265
105 26 1200
105 27 8924
105 28 4995
105 29 19562
105 30 23194
105 31 17198
105 32 28811
105 33 21761
105 34 25698
105 35 34960
105 36 39585
105 37 19404
105 38 30831
105 39 13013
105 40 2297
105 41 17341
105 42 20360
105 43 21366
105 44 26773
105 45 26379
105 46 32372
105 47 32221
105 48 23372
105 49 38013
105 50 14552
105 51 22812
105 52 16608
105 53 1466
105 54 10194
105 55 21746
105 56 17685
105 57 14745
105 58 2367
105 59 13870
105 60 21225
105 61 22663
105 62 26552
105 63 36024
105 64 30703
105 65 32879
105 66 26154
105 67 17013
105 68 9925
105 69 15113
105 70 23410
105 71 33932
105 72 8770
105 73 10404
105 74 14629
105 75 13323
105 76 10907
105 77 14937
105 78 25984
105 79 17145
105 80 15734
105 81 19559
105 82 23490
105 83 23427
105 84 24230
105 85 15331
105 86 24268
105 87 9623
105 88 22933
105 89 11532
105 90 35100
105 91 25650
105 92 18497
105 93 17291
105 94 9782
105 95 12337
105 96 15788
105 97 13694
105 98 20031
105 99 18734
105 100 19986
105 101 19970
105 102 13371
105 103 25507
105 104 18280
105 106 21033
105 107 33533
105 108 25090
105 109 9238
105 110 11546
105 111 7869
105 112 5524
105 113 25234
105 114 23780
105 115 11570
105 116 13707
105 117 13363
105 118 14430
105 119 28288
105 120 25008
105 121 18558
105 122 23041
105 123 29178
105 124 33689
105 125 25287
105 126 35045
105 127 18182
105 128 28627
105 129 22971
105 130 11881
105 131 31932
105 132 13210
105 133 15153
105 134 14151
105 135 32076
105 136 41813
105 137 8169
105 138 4733
105 139 20508
105 140 30255
105 141 26535
105 142 22922
105 143 39535
105 144 12965
105 145 11385
105 146 10947
105 147 10619
105 148 24313
105 149 3982
105 150 14575
105 151 16023
105 152 776
105 153 21269
105 154 2344
105 155 11718
105 156 5758
105 157 18369
105 158 17158
105 159 22764
105 160 27773
105 161 27813
105 162 17441
105 163 17378
105 164 22754
105 165 18451
105 166 16546
105 167 11788
105 168 34499
105 169 21198
105 170 20890
105 171 8836
105 172 17124
105 173 24089
105 174 27151
105 175 36154
105 176 10732
105 177 10594
105 178 8877
105 179 7184
105 180 443
105 181 29845
105 182 20676
105 183 10185
105 184 9754
105 185 20940
105 186 20181
105 187 20187
105 188 27571
105 189 27338
105 190 16341
105 191 25322
105 192 24833
105 193 21889
105 194 21579
105 195 4741
105 196 11559
105 197 12427
105 198 5866
105 199 26570
105 200 273
106 1 16990
106 2 32102
106 3 30673
106 4 37665
106 5 11829
106 6 17443
106 7 684
106 8 8121
106 9 27503
106 10 12007
106 11 10500
106 12 26783
106 13 18786
106 14 29341
106 15 32502
106 16 20076
106 17 15829
106 18 3157
106 19 6563
106 20 25936
106 21 33391
106 22 40000
106 23 38463
106 24 39652
106 25 45963
106 26 25611
106 27 13396
106 28 20285
106 29 36019
106 30 16216
106 31 4608
106 32 15569
106 33 28595
106 34 35064
106 35 38774
106 36 14192
106 37 24062
106 38 32763
106 39 38508
106 40 26366
106 41 39431
106 42 31405
106 43 33505
106 44 28134
106 45 8944
106 46 9350
106 47 6801
106 48 -2022
106 49 12830
106 50 22167
106 51 23484
106 52 5434
106 53 20931
106 54 33414
106 55 46078
106 56 42905
106 57 31735
106 58 22517
106 59 16945
106 60 11481
106 61 18725
106 62 5705
106 63 17718
106 64 8062
106 65 31789
106 66 20432
106 67 42506
106 68 27470
106 69 13850
106 70 15595
106 71 33980
106 72 33578
106 73 34605
106 74 38803
106 75 37906
106 76 24350
106 77 28801
106 78 35881
106 79 28400
106 80 34671
106 81 25970
106 82 -742
106 83 8708
106 84 14081
106 85 15528
106 86 19936
106 87 22485
106 88 3927
106 89 9666
106 90 19382
106 91 26973
106 92 23819
106 93 17682
106 94 16080
106 95 19527
106 96 17565
106 97 22507
106 98 23261
106 99 19362
106 100 24081
106 101 14529
106 102 20418
106 103 24806
106 104 18908
106 105 21937
106 107 9801
106 108 9876
106 109 30884
106 110 37032
106 111 18529
106 112 14332
106 113 17082
106 114 3613
106 115 31448
106 116 29003
106 117 23337
106 118 5795
106 119 31310
106 120 29894
106 121 34802
106 122 19226
106 123 4233
106 124 8784
106 125 7974
106 126 16723
106 127 6646
106 128 21238
106 129 34529
106 130 35692
106 131 20020
106 132 14114
106 133 38926
106 134 35317
106 135 36426
106 136 43949
106 137 24168
106 138 24495
106 139 45980
106 140 31828
106 141 25792
106 142 32336
106 143 14085
106 144 28179
106 145 32506
106 146 12506
106 147 11010
106 148 4102
106 149 28751
106 150 33512
106 151 21345
106 152 20926
106 153 -938
106 154 22106
106 155 37107
106 156 15388
106 157 25163
106 158 30004
106 159 3562
106 160 18643
106 161 28205
106 162 10414
106 163 37537
106 164 30128
106 165 42658
106 166 7621
106 167 8505
106 168 9039
106 169 33785
106 170 46164
106 171 32421
106 172 29467
106 173 16491
106 174 6243
106 175 12569
106 176 14726
106 177 31471
106 178 28026
106 179 31978
106 180 25857
106 181 13649
106 182 -2447
106 183 14831
106 184 25445
106 185 30072
106 186 45346
106 187 45635
106 188 23099
106 189 11526
106 190 3467
106 191 25772
106 192 28692
106 193 23931
106 194 -3594
106 195 28356
106 196 25694
106 197 37585
106 198 31307
106 199 10178
106 200 11641
107 1 24675
107 2 48392
107 3 38662
107 4 51633
107 5 26862
107 6 33935
107 7 10864
107 8 17606
107 9 29220
107 10 9538
107 11 -3922
107 12 38676
107 13 35178
107 14 44896
107 15 48988
107 16 34487
107 17 27598
107 18 19281
107 19 -4149
107 20 24007
107 21 48579
107 22 55840
107 23 53766
107 24 49615
107 25 58783
107 26 39478
107 27 26950
107 28 33308
107 29 44207
107 30 16389
107 31 11232
107 32 8466
107 33 33850
107 34 39005
107 35 39122
107 36 6467
107 37 40148
107 38 47047
107 39 52814
107 40 41715
107 41 55581
107 42 47755
107 43 49759
107 44 43018
107 45 18764
107 46 11537
107 47 2392
107 48 249
107 49 -894
107 50 30167
107 51 25789
107 52 20584
107 53 36040
107 54 45663
107 55 58663
107 56 57907
107 57 48207
107 58 38303
107 59 33150
107 60 26880
107 61 33346
107 62 2905
107 63 6576
107 64 -8390
107 65 28112
107 66 15748
107 67 56793
107 68 37360
107 69 23462
107 70 18427
107 71 32614
107 72 48876
107 73 50142
107 74 54402
107 75 53356
107 76 34182
107 77 37735
107 78 40924
107 79 35106
107 80 45142
107 81 30308
107 82 9383
107 83 22674
107 84 27771
107 85 31045
107 86 33161
107 87 38977
107 88 11069
107 89 26077
107 90 11581
107 91 42382
107 92 40103
107 93 33500
107 94 32572
107 95 35994
107 96 33886
107 97 38956
107 98 39232
107 99 35459
107 100 39937
107 101 20591
107 102 27275
107 103 24465
107 104 35005
107 105 36666
107 106 12030
107 108 5884
107 109 42967
107 110 51370
107 111 29991
107 112 30319
107 113 29729
107 114 14904
107 115 47705
107 116 38768
107 117 39829
107 118 21235
107 119 46542
107 120 32562
107 121 43157
107 122 21677
107 123 -864
107 124 9069
107 125 18257
107 126 6063
107 127 17440
107 128 17812
107 129 41173
107 130 48195
107 131 13698
107 132 24104
107 133 54687
107 134 46192
107 135 37415
107 136 42926
107 137 40513
107 138 37260
107 139 60082
107 140 46066
107 141 40369
107 142 48487
107 143 2782
107 144 44666
107 145 48745
107 146 27207
107 147 27502
107 148 6472
107 149 42491
107 150 43983
107 151 37629
107 152 36712
107 153 15501
107 154 34871
107 155 51075
107 156 30817
107 157 31476
107 158 37993
107 159 411
107 160 14968
107 161 27787
107 162 17487
107 163 47817
107 164 33324
107 165 55195
107 166 23916
107 167 20975
107 168 4669
107 169 40207
107 170 59657
107 171 48196
107 172 45905
107 173 30531
107 174 14044
107 175 -3895
107 176 24112
107 177 42872
107 178 44340
107 179 45466
107 180 40665
107 181 2078
107 182 2650
107 183 31320
107 184 35836
107 185 36102
107 186 60405
107 187 59631
107 188 21047
107 189 9057
107 190 12365
107 191 40722
107 192 44192
107 193 39499
107 194 10930
107 195 41410
107 196 35242
107 197 52648
107 198 46026
107 199 22945
107 200 26489
108 1 13291
108 2 44173
108 3 26025
108 4 42622
108 5 29578
108 6 32537
108 7 13801
108 8 24736
108 9 15185
108 10 -1568
108 11 3874
108 12 28413
108 13 32030
108 14 46264
108 15 46558
108 16 37878
108 17 33715
108 18 20683
108 19 8370
108 20 10254
108 21 41538
108 22 49750
108 23 46273
108 24 37462
108 25 48376
108 26 31128
108 27 20105
108 28 24850
108 29 31317
108 30 2414
108 31 3428
108 32 -2446
108 33 20373
108 34 25056
108 35 25219
108 36 20239
108 37 40460
108 38 50469
108 39 43907
108 40 35376
108 41 50343
108 42 46765
108 43 49000
108 44 45652
108 45 26106
108 46 22526
108 47 14760
108 48 9135
108 49 12733
108 50 18099
108 51 11840
108 52 17639
108 53 29879
108 54 35177
108 55 48152
108 56 50107
108 57 45057
108 58 33056
108 59 33239
108 60 29185
108 61 36512
108 62 2365
108 63 2976
108 64 -600
108 65 15423
108 66 3317
108 67 47633
108 68 25538
108 69 14005
108 70 5722
108 71 18986
108 72 41821
108 73 43643
108 74 47846
108 75 46382
108 76 22814
108 77 25621
108 78 27193
108 79 21916
108 80 33625
108 81 16555
108 82 15190
108 83 26733
108 84 32105
108 85 32753
108 86 37945
108 87 36754
108 88 8036
108 89 24125
108 90 2021
108 91 44217
108 92 39799
108 93 34649
108 94 30819
108 95 34653
108 96 33679
108 97 37638
108 98 39904
108 99 35981
108 100 40806
108 101 9428
108 102 14551
108 103 10546
108 104 35527
108 105 29684
108 106 13566
108 107 7345
108 109 32674
108 110 42951
108 111 20396
108 112 26304
108 113 35101
108 114 20903
108 115 43281
108 116 27126
108 117 37803
108 118 23437
108 119 48584
108 120 18557
108 121 30390
108 122 8050
108 123 8864
108 124 19936
108 125 25272
108 126 2094
108 127 11627
108 128 4506
108 129 27929
108 130 37837
108 131 2037
108 132 14549
108 133 48392
108 134 34663
108 135 23431
108 136 29293
108 137 36867
108 138 28076
108 139 51009
108 140 49558
108 141 43498
108 142 48289
108 143 16817
108 144 41948
108 145 43972
108 146 21927
108 147 26080
108 148 4378
108 149 33749
108 150 32466
108 151 37325
108 152 31465
108 153 16785
108 154 25687
108 155 42064
108 156 25767
108 157 18480
108 158 25356
108 159 -3607
108 160 1622
108 161 13921
108 162 7559
108 163 35927
108 164 19327
108 165 44688
108 166 24478
108 167 14247
108 168 16843
108 169 26788
108 170 49766
108 171 42067
108 172 44355
108 173 34466
108 174 22293
108 175 9247
108 176 13569
108 177 31948
108 178 40185
108 179 36212
108 180 33390
108 181 -3027
108 182 4198
108 183 29526
108 184 24681
108 185 22773
108 186 52627
108 187 50414
108 188 7389
108 189 -2049
108 190 6022
108 191 43298
108 192 45747
108 193 41029
108 194 12611
108 195 31957
108 196 23564
108 197 45094
108 198 38209
108 199 28060
108 200 20497
109 1 16306
109 2 22341
109 3 8983
109 4 7590
109 5 30922
109 6 27145
109 7 33757
109 8 39590
109 9 18268
109 10 31024
109 11 37727
109 12 -1774
109 13 18425
109 14 35424
109 15 25158
109 16 34887
109 17 39580
109 18 28843
109 19 38049
109 20 28693
109 21 12031
109 22 19940
109 23 12586
109 24 7198
109 25 12724
109 26 3816
109 27 16129
109 28 9629
109 29 7729
109 30 22741
109 31 21748
109 32 29304
109 33 15233
109 34 15897
109 35 26917
109 36 47994
109 37 31583
109 38 42527
109 39 8578
109 40 11719
109 41 22111
109 42 31277
109 43 31185
109 44 38840
109 45 37722
109 46 42526
109 47 40639
109 48 31926
109 49 44824
109 50 11033
109 51 18580
109 52 25149
109 53 13437
109 54 -432
109 55 12570
109 56 16505
109 57 24047
109 58 14174
109 59 26225
109 60 32894
109 61 35027
109 62 31840
109 63 38743
109 64 34957
109 65 26107
109 66 22334
109 67 11981
109 68 -1222
109 69 18368
109 70 24696
109 71 27658
109 72 10838
109 73 14692
109 74 17482
109 75 14503
109 76 5394
109 77 6602
109 78 16594
109 79 8197
109 80 3927
109 81 12470
109 82 32818
109 83 34711
109 84 36262
109 85 27676
109 86 36610
109 87 20954
109 88 29058
109 89 22743
109 90 36983
109 91 37897
109 92 30752
109 93 29658
109 94 22147
109 95 24642
109 96 28134
109 97 25748
109 98 32298
109 99 31095
109 100 32088
109 101 21973
109 102 8626
109 103 20451
109 104 30641
109 105 8811
109 106 29553
109 107 39407
109 108 27653
109 110 9375
109 111 9495
109 112 17328
109 113 37555
109 114 34317
109 115 20355
109 116 5428
109 117 25524
109 118 26235
109 119 40211
109 120 17746
109 121 6952
109 122 21967
109 123 36320
109 124 42783
109 125 36608
109 126 37895
109 127 24218
109 128 26677
109 129 13670
109 130 2118
109 131 31817
109 132 16190
109 133 18042
109 134 1938
109 135 24038
109 136 34179
109 137 19680
109 138 4942
109 139 15614
109 140 42020
109 141 38783
109 142 33937
109 143 47043
109 144 23362
109 145 17780
109 146 19786
109 147 22505
109 148 29986
109 149 2139
109 150 2768
109 151 28278
109 152 12583
109 153 30304
109 154 2553
109 155 7032
109 156 16722
109 157 13125
109 158 8314
109 159 27332
109 160 26887
109 161 21874
109 162 20613
109 163 5015
109 164 13926
109 165 9101
109 166 27766
109 167 18090
109 168 42804
109 169 10801
109 170 13962
109 171 12913
109 172 27903
109 173 36324
109 174 37781
109 175 41860
109 176 11730
109 177 -1768
109 178 18053
109 179 1535
109 180 6845
109 181 30827
109 182 27526
109 183 22455
109 184 2892
109 185 13203
109 186 18855
109 187 14885
109 188 24274
109 189 30543
109 190 21783
109 191 37532
109 192 36744
109 193 34114
109 194 29844
109 195 -1653
109 196 4335
109 197 12510
109 198 6473
109 199 37761
109 200 10319
110 1 26622
110 2 15488
110 3 20945
110 4 -1629
110 5 30909
110 6 27493
110 7 39972
110 8 42946
110 9 30307
110 10 40490
110 11 46296
110 12 9434
110 13 16394
110 14 29501
110 15 15950
110 16 31933
110 17 39356
110 18 32445
110 19 45320
110 20 40343
110 21 3349
110 22 8428
110 23 918
110 24 13844
110 25 8375
110 26 7017
110 27 22583
110 28 16792
110 29 17427
110 30 33716
110 31 30320
110 32 40088
110 33 27271
110 34 27113
110 35 38686
110 36 53796
110 37 28059
110 38 36522
110 39 -1166
110 40 9002
110 41 10897
110 42 24737
110 43 22747
110 44 34260
110 45 39555
110 46 46270
110 47 46434
110 48 37585
110 49 52092
110 50 22473
110 51 30455
110 52 30781
110 53 15509
110 54 3165
110 55 9870
110 56 4701
110 57 16071
110 58 12521
110 59 24095
110 60 34281
110 61 33142
110 62 40107
110 63 48580
110 64 44041
110 65 38055
110 66 34260
110 67 2843
110 68 10249
110 69 27380
110 70 34933
110 71 39684
110 72 -479
110 73 4865
110 74 6035
110 75 2497
110 76 17002
110 77 18643
110 78 28143
110 79 20045
110 80 15033
110 81 24499
110 82 37665
110 83 36812
110 84 36444
110 85 25047
110 86 33417
110 87 15847
110 88 36681
110 89 25319
110 90 47181
110 91 34393
110 92 27816
110 93 27623
110 94 21174
110 95 22355
110 96 27154
110 97 22201
110 98 29184
110 99 29739
110 100 28062
110 101 31781
110 102 20418
110 103 32463
110 104 29285
110 105 10655
110 106 35237
110 107 47346
110 108 37466
110 109 8911
110 111 18621
110 112 19129
110 113 36053
110 114 37611
110 115 12821
110 116 17453
110 117 22681
110 118 27291
110 119 35215
110 120 29734
110 121 17205
110 122 33075
110 123 43263
110 124 47865
110 125 38501
110 126 47656
110 127 31796
110 128 38196
110 129 25408
110 130 2853
110 131 42817
110 132 25263
110 133 6355
110 134 8558
110 135 35832
110 136 46013
110 137 15881
110 138 12894
110 139 6301
110 140 36201
110 141 35034
110 142 27289
110 143 53708
110 144 16777
110 145 7639
110 146 25078
110 147 23717
110 148 37960
110 149 3352
110 150 13874
110 151 25342
110 152 10930
110 153 35481
110 154 10505
110 155 -2187
110 156 19900
110 157 25025
110 158 20276
110 159 36048
110 160 38098
110 161 33915
110 162 29854
110 163 12621
110 164 25569
110 165 7049
110 166 30162
110 167 25342
110 168 48711
110 169 21928
110 170 6914
110 171 2002
110 172 21350
110 173 35628
110 174 40876
110 175 49923
110 176 21627
110 177 8671
110 178 10774
110 179 -366
110 180 4877
110 181 41496
110 182 34656
110 183 22398
110 184 14638
110 185 25215
110 186 7170
110 187 6004
110 188 36074
110 189 40009
110 190 29785
110 191 33656
110 192 31825
110 193 30545
110 194 35767
110 195 3796
110 196 16280
110 197 482
110 198 -3176
110 199 39994
110 200 14462
111 1 4952
111 2 23996
111 3 10215
111 4 18946
111 5 22956
111 6 20227
111 7 21292
111 8 28478
111 9 14124
111 10 18668
111 11 25030
111 12 5398
111 13 15016
111 14 32968
111 15 27496
111 16 29196
111 17 31085
111 18 18109
111 19 25260
111 20 20123
111 21 18479
111 22 27043
111 23 22701
111 24 17815
111 25 25484
111 26 7602
111 27 4815
111 28 2047
111 29 14752
111 30 12299
111 31 8984
111 32 18354
111 33 11763
111 34 17269
111 35 24969
111 36 35453
111 37 27457
111 38 39443
111 39 20238
111 40 13422
111 41 28254
111 42 30409
111 43 31945
111 44 34762
111 45 27576
111 46 30932
111 47 28152
111 48 19560
111 49 32023
111 50 3977
111 51 11786
111 52 13356
111 53 9484
111 54 12374
111 55 25363
111 56 26497
111 57 25723
111 58 12865
111 59 20964
111 60 23842
111 61 28509
111 62 19062
111 63 26679
111 64 22468
111 65 22168
111 66 14979
111 67 24045
111 68 5709
111 69 5660
111 70 13048
111 71 23190
111 72 18613
111 73 20886
111 74 24885
111 75 23105
111 76 2978
111 77 7732
111 78 17524
111 79 8939
111 80 12830
111 81 9642
111 82 20917
111 83 24785
111 84 27786
111 85 22235
111 86 30739
111 87 19578
111 88 16272
111 89 13754
111 90 25252
111 91 33165
111 92 26385
111 93 23898
111 94 16724
111 95 20224
111 96 21953
111 97 22450
111 98 27664
111 99 24965
111 100 28168
111 101 9849
111 102 2977
111 103 14531
111 104 24511
111 105 7622
111 106 17378
111 107 26611
111 108 15555
111 109 9675
111 110 19265
111 112 10517
111 113 30190
111 114 23334
111 115 22720
111 116 7428
111 117 22029
111 118 17484
111 119 36693
111 120 14923
111 121 13523
111 122 11967
111 123 23582
111 124 30591
111 125 26459
111 126 25770
111 127 11483
111 128 17525
111 129 14979
111 130 14893
111 131 21260
111 132 3488
111 133 25529
111 134 13554
111 135 22147
111 136 31536
111 137 18326
111 138 4370
111 139 27365
111 140 38748
111 141 33839
111 142 32779
111 143 34306
111 144 23573
111 145 22505
111 146 9103
111 147 14721
111 148 17181
111 149 10054
111 150 11671
111 151 23911
111 152 11274
111 153 18440
111 154 1981
111 155 18388
111 156 9098
111 157 8050
111 158 9546
111 159 14645
111 160 16853
111 161 17029
111 162 8061
111 163 15698
111 164 13538
111 165 21896
111 166 18208
111 167 5623
111 168 30288
111 169 13963
111 170 26486
111 171 19443
111 172 27350
111 173 28635
111 174 26740
111 175 29076
111 176 -200
111 177 9835
111 178 19973
111 179 12563
111 180 10476
111 181 19661
111 182 14794
111 183 16149
111 184 3674
111 185 11751
111 186 29010
111 187 26810
111 188 16392
111 189 18187
111 190 8980
111 191 32870
111 192 33335
111 193 29547
111 194 17542
111 195 8342
111 196 4335
111 197 21602
111 198 14705
111 199 27600
111 200 2422
112 1 16613
112 2 14520
112 3 23909
112 4 21081
112 5 9926
112 6 6304
112 7 18617
112 8 20123
112 9 27980
112 10 24214
112 11 27257
112 12 14633
112 13 2087
112 14 19061
112 15 16568
112 16 15108
112 17 18561
112 18 9687
112 19 24494
112 20 31783
112 21 15705
112 22 21975
112 23 20551
112 24 28177
112 25 30395
112 26 10342
112 27 6688
112 28 9104
112 29 27211
112 30 22605
112 31 13428
112 32 26708
112 33 25939
112 34 31392
112 35 39046
112 36 31481
112 37 13322
112 38 25302
112 39 21334
112 40 8699
112 41 21567
112 42 17467
112 43 19543
112 44 20559
112 45 17161
112 46 23445
112 47 24232
112 48 15451
112 49 30852
112 50 18099
112 51 25024
112 52 9928
112 53 4387
112 54 19338
112 55 30946
112 56 25213
112 57 15072
112 58 4520
112 59 6751
112 60 12022
112 61 14643
112 62 21229
112 63 32130
112 64 25228
112 65 35629
112 66 26999
112 67 25216
112 68 17529
112 69 14005
112 70 21976
112 71 36710
112 72 15745
112 73 16652
112 74 20808
112 75 19958
112 76 16498
112 77 21149
112 78 31626
112 79 22915
112 80 23765
112 81 23815
112 82 15190
112 83 14221
112 84 15238
112 85 8061
112 86 16735
112 87 6970
112 88 17472
112 89 2497
112 90 32021
112 91 18953
112 92 12253
112 93 9751
112 94 2535
112 95 6182
112 96 7836
112 97 8731
112 98 13463
112 99 10868
112 100 14031
112 101 18647
112 102 17106
112 103 27726
112 104 10414
112 105 5662
112 106 13566
112 107 27324
112 108 21848
112 109 17893
112 110 20158
112 111 10902
112 113 16805
112 114 14788
112 115 13773
112 116 20275
112 117 8447
112 118 5271
112 119 22555
112 120 29021
112 121 26071
112 122 23280
112 123 22208
112 124 25336
112 125 16070
112 126 31105
112 127 13622
112 128 28506
112 129 28900
112 130 21092
112 131 30300
112 132 12737
112 133 20899
112 134 22955
112 135 36256
112 136 45454
112 137 6905
112 138 11980
112 139 29058
112 140 24587
112 141 19646
112 142 19502
112 143 31971
112 144 11966
112 145 14769
112 146 5976
112 147 1486
112 148 18928
112 149 13200
112 150 22606
112 151 9779
112 152 2929
112 153 13463
112 154 9591
112 155 20523
112 156 524
112 157 22181
112 158 23240
112 159 18021
112 160 26944
112 161 30538
112 162 15270
112 163 25962
112 164 27751
112 165 27663
112 166 7391
112 167 8302
112 168 26597
112 169 27659
112 170 29718
112 171 14394
112 172 14748
112 173 15416
112 174 18084
112 175 30033
112 176 11906
112 177 19153
112 178 10503
112 179 16375
112 180 8859
112 181 26973
112 182 14317
112 183 1980
112 184 16228
112 185 25940
112 186 27596
112 187 28802
112 188 28474
112 189 23733
112 190 12008
112 191 18658
112 192 19234
112 193 15337
112 194 14274
112 195 13846
112 196 17641
112 197 19894
112 198 14072
112 199 17375
112 200 -1798
113 1 40157
113 2 30044
113 3 50466
113 4 44497
113 5 4981
113 6 20595
113 7 26677
113 8 15098
113 9 52135
113 10 39208
113 11 35192
113 12 41496
113 13 20016
113 14 9886
113 15 21565
113 16 -2008
113 17 -2516
113 18 17299
113 19 28646
113 20 52505
113 21 37577
113 22 38618
113 23 38278
113 24 54873
113 25 54547
113 26 36511
113 27 31285
113 28 35871
113 29 54129
113 30 42691
113 31 30911
113 32 42746
113 33 51280
113 34 57425
113 35 63535
113 36 26298
113 37 12854
113 38 7819
113 39 42621
113 40 32297
113 41 35400
113 42 19299
113 43 17885
113 44 6182
113 45 4489
113 46 13519
113 47 22135
113 48 16704
113 49 30035
113 50 43580
113 51 48401
113 52 26648
113 53 30862
113 54 45319
113 55 55738
113 56 45210
113 57 25014
113 58 27726
113 59 9976
113 60 12880
113 61 1098
113 62 32382
113 63 44107
113 64 30421
113 65 58141
113 66 47337
113 67 45362
113 68 44454
113 69 36683
113 70 41790
113 71 59779
113 72 36071
113 73 36615
113 74 39321
113 75 38473
113 76 43077
113 77 47816
113 78 57739
113 79 49245
113 80 50663
113 81 49058
113 82 17424
113 83 11501
113 84 3698
113 85 1435
113 86 -6608
113 87 16694
113 88 31061
113 89 19925
113 90 46417
113 91 9999
113 92 16062
113 93 7525
113 94 16559
113 95 16207
113 96 14657
113 97 16597
113 98 11744
113 99 13371
113 100 9691
113 101 39635
113 102 42467
113 103 50525
113 104 12917
113 105 31797
113 106 22741
113 107 33159
113 108 37070
113 109 44545
113 110 43507
113 111 37000
113 112 23230
113 114 11702
113 115 29290
113 116 47077
113 117 20689
113 118 5657
113 119 10804
113 120 53838
113 121 52979
113 122 44885
113 123 26891
113 124 22022
113 125 4484
113 126 43184
113 127 31562
113 128 48145
113 129 55290
113 130 46671
113 131 47223
113 132 36200
113 133 37930
113 134 49507
113 135 60920
113 136 69337
113 137 24021
113 138 38893
113 139 51219
113 140 6817
113 141 3273
113 142 17268
113 143 29740
113 144 21863
113 145 28522
113 146 29319
113 147 16676
113 148 31214
113 149 38841
113 150 49504
113 151 13588
113 152 26135
113 153 22674
113 154 36504
113 155 43939
113 156 27107
113 157 47486
113 158 49797
113 159 30524
113 160 45680
113 161 53765
113 162 35553
113 163 52688
113 164 53294
113 165 52656
113 166 16037
113 167 29974
113 168 25296
113 169 54238
113 170 52345
113 171 32176
113 172 19288
113 173 1728
113 174 9794
113 175 35909
113 176 36378
113 177 45874
113 178 25332
113 179 41546
113 180 33456
113 181 40218
113 182 24227
113 183 17527
113 184 43046
113 185 51842
113 186 47013
113 187 51089
113 188 49591
113 189 38727
113 190 29335
113 191 5081
113 192 10017
113 193 8018
113 194 23424
113 195 40018
113 196 44321
113 197 40497
113 198 37010
113 199 12215
113 200 24825
114 1 26723
114 2 32967
114 3 39719
114 4 42549
114 5 6170
114 6 17671
114 7 8836
114 8 -1348
114 9 37717
114 10 21652
114 11 16824
114 12 34037
114 13 19775
114 14 23998
114 15 30695
114 16 13012
114 17 6376
114 18 4332
114 19 10493
114 20 36160
114 21 36927
114 22 41865
114 23 41153
114 24 47505
114 25 51724
114 26 31314
114 27 20831
114 28 27352
114 29 44729
114 30 26481
114 31 14899
114 32 24960
114 33 38409
114 34 44914
114 35 49025
114 36 11761
114 37 20452
114 38 25475
114 39 42710
114 40 30054
114 41 40352
114 42 28588
114 43 29982
114 44 21670
114 45 -1338
114 46 1986
114 47 5550
114 48 -1406
114 49 13706
114 50 31522
114 51 33712
114 52 13256
114 53 25617
114 54 40005
114 55 52128
114 56 46285
114 57 31103
114 58 25554
114 59 14070
114 60 7314
114 61 12027
114 62 14303
114 63 25801
114 64 12596
114 65 42018
114 66 30492
114 67 46503
114 68 35669
114 69 23345
114 70 25890
114 71 44274
114 72 36718
114 73 37411
114 74 41289
114 75 40569
114 76 32907
114 77 37564
114 78 45580
114 79 37784
114 80 42553
114 81 35900
114 82 -911
114 83 1886
114 84 6258
114 85 10429
114 86 11619
114 87 21496
114 88 14061
114 89 12318
114 90 28422
114 91 21532
114 92 21160
114 93 13461
114 94 15982
114 95 18386
114 96 15568
114 97 20899
114 98 19320
114 99 16227
114 100 19665
114 101 24692
114 102 30003
114 103 35102
114 104 15773
114 105 26905
114 106 5834
114 107 14896
114 108 19434
114 109 37869
114 110 41627
114 111 26706
114 112 17775
114 113 8264
114 115 32394
114 116 37440
114 117 22805
114 118 1531
114 119 25399
114 120 40011
114 121 43498
114 122 29508
114 123 8577
114 124 5626
114 125 -2266
114 126 24900
114 127 16565
114 128 31331
114 129 43905
114 130 42017
114 131 29614
114 132 23391
114 133 40962
114 134 42758
114 135 46646
114 136 54242
114 137 25139
114 138 31396
114 139 50504
114 140 24491
114 141 18919
114 142 28578
114 143 13827
114 144 27387
114 145 33229
114 146 19129
114 147 11887
114 148 13543
114 149 34362
114 150 41394
114 151 18686
114 152 23963
114 153 6549
114 154 29007
114 155 41991
114 156 20168
114 157 34841
114 158 39050
114 159 12585
114 160 28651
114 161 38499
114 162 20552
114 163 45305
114 164 40128
114 165 48788
114 166 7438
114 167 17231
114 168 8357
114 169 43132
114 170 51189
114 171 34558
114 172 27303
114 173 9056
114 174 -3218
114 175 17666
114 176 23976
114 177 38808
114 178 28724
114 179 37616
114 180 30329
114 181 21922
114 182 6336
114 183 15254
114 184 33665
114 185 39678
114 186 48570
114 187 50260
114 188 33335
114 189 21171
114 190 13678
114 191 19451
114 192 23311
114 193 18833
114 194 6223
114 195 34591
114 196 34280
114 197 41014
114 198 35501
114 199 1450
114 200 17244
115 1 30267
115 2 410
115 3 31284
115 4 13664
115 5 19040
115 6 17783
115 7 35099
115 8 33899
115 9 39029
115 10 40603
115 11 44018
115 12 18999
115 13 5833
115 14 13698
115 15 2079
115 16 17227
115 17 26499
115 18 24930
115 19 40999
115 20 45756
115 21 7115
115 22 6715
115 23 6380
115 24 28715
115 25 23614
115 26 12843
115 27 21765
115 28 19511
115 29 30939
115 30 37375
115 31 29774
115 32 42501
115 33 36019
115 34 38943
115 35 49025
115 36 46776
115 37 13535
115 38 20713
115 39 10437
115 40 7146
115 41 5071
115 42 8926
115 43 7845
115 44 18732
115 45 28653
115 46 37014
115 47 39816
115 48 31264
115 49 47056
115 50 29061
115 51 37367
115 52 26683
115 53 13337
115 54 17863
115 55 25597
115 56 12945
115 57 704
115 58 6710
115 59 10945
115 60 24053
115 61 19325
115 62 37984
115 63 48673
115 64 41982
115 65 47295
115 66 40686
115 67 13110
115 68 22047
115 69 28866
115 70 37249
115 71 48383
115 72 4118
115 73 4865
115 74 7041
115 75 6227
115 76 24976
115 77 28458
115 78 39399
115 79 30661
115 80 27270
115 81 33742
115 82 30701
115 83 26915
115 84 24368
115 85 10914
115 86 18383
115 87 898
115 88 34219
115 89 18137
115 90 48266
115 91 19550
115 92 14031
115 93 14185
115 94 10330
115 95 9783
115 96 15344
115 97 8284
115 98 14904
115 99 17206
115 100 13037
115 101 33780
115 102 27815
115 103 40047
115 104 16752
115 105 11002
115 106 29976
115 107 44004
115 108 38119
115 109 20214
115 110 13144
115 111 22399
115 112 13067
115 113 22159
115 114 28701
115 116 27110
115 117 10000
115 118 16730
115 119 19577
115 120 39208
115 121 30268
115 122 37404
115 123 38671
115 124 40463
115 125 27732
115 126 47656
115 127 30149
115 128 42984
115 129 36348
115 130 18230
115 131 45826
115 132 27152
115 133 5934
115 134 23170
115 135 46127
115 136 56017
115 137 4066
115 138 18686
115 139 19323
115 140 20390
115 141 19858
115 142 11491
115 143 47880
115 144 1020
115 145 -1932
115 146 22250
115 147 14902
115 148 35680
115 149 12707
115 150 26111
115 151 11557
115 152 5119
115 153 29712
115 154 16297
115 155 13106
115 156 15944
115 157 32778
115 158 30615
115 159 34709
115 160 41933
115 161 42289
115 162 30868
115 163 27019
115 164 36475
115 165 22850
115 166 21621
115 167 24296
115 168 42299
115 169 34004
115 170 20428
115 171 -84
115 172 5541
115 173 22751
115 174 31306
115 175 46729
115 176 25115
115 177 21243
115 178 -4989
115 179 13403
115 180 7650
115 181 43181
115 182 31030
115 183 12550
115 184 23397
115 185 34889
115 186 14742
115 187 19208
115 188 42093
115 189 40122
115 190 28505
115 191 18472
115 192 16246
115 193 15712
115 194 30747
115 195 14540
115 196 25297
115 197 8435
115 198 6824
115 199 30008
115 200 12228
116 1 10491
116 2 28407
116 3 1614
116 4 15461
116 5 32402
116 6 29134
116 7 30764
116 8 38464
116 9 10337
116 10 25265
116 11 32472
116 12 1723
116 13 22219
116 14 40128
116 15 31739
116 16 37878
116 17 40754
116 18 28102
116 19 33838
116 20 20936
116 21 19402
116 22 27678
116 23 20551
116 24 8363
116 25 19037
116 26 9238
116 27 14773
116 28 9629
116 29 4771
116 30 15666
116 31 17135
116 32 22249
116 33 7252
116 34 9448
116 35 19480
116 36 44658
116 37 35318
116 38 47022
116 39 16189
116 40 17297
116 41 29694
116 42 36588
116 43 37262
116 44 42744
116 45 37549
116 46 40812
116 47 37477
116 48 29066
116 49 40362
116 50 3977
116 51 10664
116 52 23303
116 53 16332
116 54 6165
116 55 18799
116 56 24498
116 57 30275
116 58 18642
116 59 29300
116 60 33573
116 61 37490
116 62 27060
116 63 32451
116 64 29092
116 65 18348
116 66 14362
116 67 19216
116 68 -3961
116 69 14005
116 70 18450
116 71 19762
116 72 18613
116 73 22101
116 74 25237
116 75 22449
116 76 -931
116 77 -1212
116 78 9783
116 79 988
116 80 3927
116 81 4599
116 82 30741
116 83 34711
116 84 37415
116 85 30739
116 86 39547
116 87 25894
116 88 25087
116 89 23349
116 90 30443
116 91 41383
116 92 34310
116 93 32500
116 94 24994
116 95 28088
116 96 30646
116 97 29802
116 98 35772
116 99 33679
116 100 35975
116 101 16367
116 102 891
116 103 12451
116 104 33225
116 105 12721
116 106 27113
116 107 34649
116 108 21546
116 109 4869
116 110 17358
116 111 6689
116 112 19151
116 113 39528
116 114 33329
116 115 26692
116 117 29404
116 118 27138
116 119 44392
116 120 9971
116 121 3548
116 122 14835
116 123 32448
116 124 40210
116 125 36431
116 126 31680
116 127 20678
116 128 19020
116 129 6735
116 130 8865
116 131 24582
116 132 11951
116 133 25847
116 134 4980
116 135 16581
116 136 26619
116 137 24441
116 138 6882
116 139 23227
116 140 46417
116 141 42213
116 142 39177
116 143 43066
116 144 28996
116 145 24975
116 146 19005
116 147 23946
116 148 25572
116 149 9337
116 150 2768
116 151 31836
116 152 17051
116 153 28319
116 154 4493
116 155 14903
116 156 17944
116 157 5228
116 158 945
116 159 22185
116 160 19504
116 161 13921
116 162 15577
116 163 6479
116 164 6794
116 165 15370
116 166 28022
116 167 15371
116 168 39580
116 169 4980
116 170 20775
116 171 20492
116 172 33311
116 173 38032
116 174 36727
116 175 36986
116 176 6784
116 177 2686
116 178 24243
116 179 9535
116 180 12936
116 181 23790
116 182 23781
116 183 24785
116 184 -2152
116 185 5427
116 186 26832
116 187 22390
116 188 16392
116 189 24784
116 190 17750
116 191 41099
116 192 40955
116 193 37678
116 194 27186
116 195 5921
116 196 -3306
116 197 20476
116 198 14220
116 199 37562
116 200 11230
117 1 26420
117 2 8996
117 3 32223
117 4 22408
117 5 7693
117 6 7259
117 7 25415
117 8 22665
117 9 37502
117 10 33317
117 11 35051
117 12 21340
117 13 -1378
117 14 9550
117 15 7797
117 16 8184
117 17 15571
117 18 14471
117 19 31142
117 20 41631
117 21 15514
117 22 18102
117 23 17713
117 24 33895
117 25 32457
117 26 15513
117 27 16532
117 28 17723
117 29 34322
117 30 32411
117 31 22703
117 32 36182
117 33 35156
117 34 40022
117 35 48396
117 36 35824
117 37 4659
117 38 16244
117 39 20891
117 40 10450
117 41 16186
117 42 7679
117 43 9856
117 44 12010
117 45 17258
117 46 25679
117 47 29069
117 48 20746
117 49 36682
117 50 27408
117 51 34741
117 52 18223
117 53 11110
117 54 23759
117 55 33704
117 56 23712
117 57 7130
117 58 6197
117 59 28
117 60 12746
117 61 9060
117 62 29431
117 63 40914
117 64 32785
117 65 45336
117 66 36848
117 67 24079
117 68 24688
117 69 23850
117 70 31719
117 71 46386
117 72 14308
117 73 14831
117 74 18072
117 75 17359
117 76 24976
117 77 29354
117 78 40258
117 79 31437
117 80 30472
117 81 33030
117 82 20091
117 83 15606
117 84 13102
117 85 1078
117 86 9858
117 87 -2249
117 88 25873
117 89 8708
117 90 41202
117 91 10986
117 92 3898
117 93 3542
117 94 -413
117 95 -1582
117 96 3943
117 97 -971
117 98 5430
117 99 5954
117 100 5222
117 101 28442
117 102 26406
117 103 37472
117 104 5500
117 105 11207
117 106 20277
117 107 34540
117 108 31053
117 109 23795
117 110 21416
117 111 20120
117 112 6153
117 113 11970
117 114 17524
117 115 8412
117 116 28234
117 118 5377
117 119 13587
117 120 38349
117 121 33323
117 122 33129
117 123 28788
117 124 29526
117 125 16331
117 126 39883
117 127 22770
117 128 38325
117 129 37340
117 130 24890
117 131 39891
117 132 22580
117 133 17294
117 134 28378
117 135 45566
117 136 54948
117 137 1954
117 138 19295
117 139 29286
117 140 15620
117 141 11867
117 142 9654
117 143 37270
117 144 3481
117 145 9052
117 146 15668
117 147 4706
117 148 27220
117 149 17323
117 150 29313
117 151 1424
117 152 4606
117 153 19866
117 154 16906
117 155 21850
117 156 10226
117 157 31476
117 158 31554
117 159 26576
117 160 36695
117 161 40212
117 162 24974
117 163 31817
117 164 36721
117 165 30661
117 166 10939
117 167 17976
117 168 31629
117 169 35785
117 170 30386
117 171 11095
117 172 5151
117 173 11783
117 174 19967
117 175 37307
117 176 21627
117 177 25153
117 178 4641
117 179 19714
117 180 11722
117 181 36124
117 182 21884
117 183 2232
117 184 24213
117 185 34837
117 186 25735
117 187 29143
117 188 38321
117 189 32836
117 190 21146
117 191 10606
117 192 10151
117 193 7193
117 194 21116
117 195 18783
117 196 25890
117 197 18751
117 198 14919
117 199 18663
117 200 7624
118 1 25734
118 2 23079
118 3 36464
118 4 34410
118 5 -2593
118 6 8523
118 7 14785
118 8 8623
118 9 37717
118 10 26163
118 11 24612
118 12 28459
118 13 10280
118 14 14945
118 15 20420
118 16 5686
118 17 4853
118 18 3702
118 19 19319
118 20 38457
118 21 28137
118 22 32133
118 23 31628
118 24 42087
118 25 44068
118 26 24360
118 27 17057
118 28 22255
118 29 40583
118 30 28662
118 31 17029
118 32 29741
118 33 36913
118 34 43145
118 35 49115
118 36 22057
118 37 10385
118 38 18282
118 39 33960
118 40 21649
118 41 30323
118 42 18413
118 43 20054
118 44 13577
118 45 3534
118 46 11537
118 47 15688
118 48 7960
118 49 23711
118 50 29273
118 51 34009
118 52 12365
118 53 18404
118 54 33365
118 55 44778
118 56 37158
118 57 20854
118 58 16958
118 59 3794
118 60 -1120
118 61 4323
118 62 20265
118 63 32277
118 64 21513
118 65 43921
118 66 33447
118 67 37522
118 68 31026
118 69 22263
118 70 27717
118 71 45454
118 72 27600
118 73 28188
118 74 31829
118 75 31132
118 76 29149
118 77 33915
118 78 43497
118 79 35106
118 80 37475
118 81 34674
118 82 7400
118 83 1501
118 84 1538
118 85 1078
118 86 6170
118 87 11253
118 88 17880
118 89 5886
118 90 33791
118 91 12479
118 92 10882
118 93 3542
118 94 6281
118 95 8224
118 96 5350
118 97 10623
118 98 9350
118 99 5954
118 100 9959
118 101 25352
118 102 28124
118 103 36206
118 104 5500
118 105 19637
118 106 10098
118 107 23309
118 108 24050
118 109 31869
118 110 33389
118 111 22938
118 112 10340
118 113 4301
118 114 3613
118 115 22505
118 116 33331
118 117 12740
118 119 16778
118 120 39421
118 121 39389
118 122 30622
118 123 17074
118 124 15880
118 125 2511
118 126 31284
118 127 17440
118 128 34308
118 129 41173
118 130 35070
118 131 34000
118 132 21783
118 133 31286
118 134 36938
118 135 46498
118 136 54948
118 137 15456
118 138 25733
118 139 41996
118 140 17364
118 141 11303
118 142 18681
118 143 23982
118 144 17141
118 145 23188
118 146 15060
118 147 3548
118 148 18567
118 149 27137
118 150 36316
118 151 8408
118 152 15367
118 153 9711
118 154 23344
118 155 33852
118 156 13727
118 157 33129
118 158 35795
118 159 18076
118 160 31997
118 161 39413
118 162 21310
118 163 39861
118 164 38926
118 165 41538
118 166 1621
118 167 15552
118 168 18391
118 169 40207
118 170 42916
118 171 24973
118 172 17033
118 173 2830
118 174 5825
118 175 26105
118 176 21996
118 177 33083
118 178 18770
118 179 30228
118 180 22369
118 181 28195
118 182 12086
118 183 5998
118 184 29346
118 185 37569
118 186 39334
118 187 41802
118 188 35495
118 189 25682
118 190 15381
118 191 11214
118 192 14256
118 193 9524
118 194 10930
118 195 27877
118 196 30451
118 197 31989
118 198 27066
118 199 4521
118 200 11313
119 1 42497
119 2 21357
119 3 49416
119 4 36827
119 5 10918
119 6 20788
119 7 35178
119 8 26566
119 9 54134
119 10 46176
119 11 44941
119 12 38444
119 13 15825
119 14 -4536
119 15 8337
119 16 -1463
119 17 11272
119 18 23979
119 19 39288
119 20 56993
119 21 30023
119 22 28038
119 23 27181
119 24 50507
119 25 46808
119 26 32435
119 27 32572
119 28 34802
119 29 51398
119 30 47397
119 31 36381
119 32 49658
119 33 52073
119 34 57186
119 35 65218
119 36 39440
119 37 6942
119 38 -867
119 39 33117
119 40 26844
119 41 23868
119 42 7322
119 43 3602
119 44 -4112
119 45 17413
119 46 27012
119 47 34280
119 48 27544
119 49 42467
119 50 44250
119 51 51029
119 52 31329
119 53 28304
119 54 39984
119 55 48694
119 56 35493
119 57 14073
119 58 23130
119 59 7546
119 60 19258
119 61 5072
119 62 40628
119 63 52637
119 64 41499
119 65 61589
119 66 52193
119 67 34805
119 68 41816
119 69 39467
119 70 46481
119 71 62737
119 72 27250
119 73 28060
119 74 29601
119 75 28355
119 76 42135
119 77 46552
119 78 57417
119 79 48609
119 80 47514
119 81 49951
119 82 27317
119 83 20522
119 84 13324
119 85 -480
119 86 -3383
119 87 8463
119 88 37966
119 89 22220
119 90 53942
119 91 4662
119 92 11527
119 93 6570
119 94 14569
119 95 12461
119 96 14183
119 97 10623
119 98 7184
119 99 13103
119 100 1997
119 101 43559
119 102 43259
119 103 53654
119 104 12649
119 105 28348
119 106 30466
119 107 43469
119 108 44050
119 109 40698
119 110 36166
119 111 37000
119 112 22477
119 113 4301
119 114 22334
119 115 20205
119 116 45438
119 117 15803
119 118 11631
119 120 55187
119 121 50437
119 122 48664
119 123 37155
119 124 34175
119 125 17041
119 126 51637
119 127 36501
119 128 53280
119 129 54524
119 130 40760
119 131 53743
119 132 38485
119 133 27408
119 134 44938
119 135 62422
119 136 71609
119 137 17879
119 138 36495
119 139 42344
119 140 -1553
119 141 -1161
119 142 3880
119 143 42364
119 144 12054
119 145 17533
119 146 31107
119 147 17958
119 148 38839
119 149 33815
119 150 46355
119 151 9053
119 152 21539
119 153 30047
119 154 34106
119 155 36269
119 156 26696
119 157 48334
119 158 48747
119 159 38364
119 160 51254
119 161 56577
119 162 39763
119 163 48529
119 164 53782
119 165 45867
119 166 20973
119 167 33028
119 168 37225
119 169 52989
119 170 43370
119 171 22372
119 172 8101
119 173 10153
119 174 22277
119 175 46262
119 176 37979
119 177 42027
119 178 16215
119 179 35645
119 180 28139
119 181 48494
119 182 32470
119 183 16765
119 184 41416
119 185 51913
119 186 36878
119 187 42230
119 188 53865
119 189 45695
119 190 34699
119 191 -1426
119 192 -2613
119 193 2196
119 194 31309
119 195 35460
119 196 43082
119 197 31453
119 198 29727
119 199 22470
119 200 24315
120 1 15248
120 2 45526
120 3 9767
120 4 32301
120 5 44279
120 6 42500
120 7 35377
120 8 45752
120 9 -6070
120 10 23270
120 11 30128
120 12 19440
120 13 37654
120 14 55639
120 15 49030
120 16 51361
120 17 51543
120 18 37232
120 19 34293
120 20 9828
120 21 37116
120 22 45375
120 23 37464
120 24 18397
120 25 33172
120 26 26663
120 27 26169
120 28 24325
120 29 10193
120 30 10311
120 31 20111
120 32 14089
120 33 3418
120 34 -1113
120 35 2299
120 36 46206
120 37 50081
120 38 62069
120 39 32204
120 40 34418
120 41 47414
120 42 52890
120 43 54121
120 44 57307
120 45 46232
120 46 46226
120 47 40031
120 48 32951
120 49 38994
120 50 11033
120 51 1401
120 52 31764
120 53 31905
120 54 22165
120 55 33215
120 56 41655
120 57 47402
120 58 34985
120 59 43463
120 60 44528
120 61 50427
120 62 27303
120 63 26867
120 64 23566
120 65 632
120 66 -778
120 67 34151
120 68 10593
120 69 20675
120 70 17337
120 71 2303
120 72 36292
120 73 39815
120 74 42926
120 75 39975
120 76 13796
120 77 12076
120 78 2781
120 79 2386
120 80 19294
120 81 -4271
120 82 36675
120 83 44355
120 84 48552
120 85 44595
120 86 52721
120 87 42058
120 88 28431
120 89 35267
120 90 24535
120 91 55652
120 92 49009
120 93 46227
120 94 39305
120 95 42872
120 96 44295
120 97 45119
120 98 50222
120 99 47256
120 100 50792
120 101 18647
120 102 4389
120 103 -2739
120 104 46802
120 105 29199
120 106 33181
120 107 33620
120 108 18154
120 109 22364
120 110 34816
120 111 19361
120 112 33074
120 113 51466
120 114 41077
120 115 43967
120 116 15148
120 117 44696
120 118 38405
120 119 59318
120 121 10261
120 122 11000
120 123 34065
120 124 44222
120 125 45183
120 126 26506
120 127 26383
120 128 8149
120 129 7565
120 130 24649
120 131 15642
120 132 19557
120 133 43516
120 134 18256
120 135 -514
120 136 9066
120 137 40684
120 138 23604
120 139 39347
120 140 61356
120 141 56209
120 142 55336
120 143 43085
120 144 45711
120 145 42624
120 146 30306
120 147 36717
120 148 27298
120 149 27057
120 150 18135
120 151 46535
120 152 33394
120 153 35337
120 154 21215
120 155 31743
120 156 31637
120 157 6638
120 158 9098
120 159 21578
120 160 10561
120 161 -2986
120 162 18941
120 163 18354
120 164 -6975
120 165 30013
120 166 38811
120 167 23921
120 168 42081
120 169 3953
120 170 35272
120 171 38212
120 172 49745
120 173 49938
120 174 43885
120 175 35552
120 176 14701
120 177 19153
120 178 41424
120 179 26923
120 180 30371
120 181 14596
120 182 26825
120 183 38599
120 184 14925
120 185 4186
120 186 43862
120 187 38292
120 188 3703
120 189 22789
120 190 22140
120 191 55328
120 192 55979
120 193 52074
120 194 32769
120 195 23603
120 196 12368
120 197 37965
120 198 31903
120 199 46694
120 200 25030
121 1 19026
121 2 35793
121 3 4230
121 4 17335
121 5 42309
121 6 38876
121 7 40277
121 8 48426
121 9 10415
121 10 32911
121 11 40357
121 12 9290
121 13 31251
121 14 48717
121 15 38467
121 16 47383
121 17 50733
121 18 38134
121 19 42574
121 20 24537
121 21 25069
121 22 32133
121 23 22082
121 24 1661
121 25 16543
121 26 17009
121 27 24818
121 28 19511
121 29 -5271
121 30 21619
121 31 26001
121 32 27676
121 33 9661
121 34 3685
121 35 16101
121 36 53812
121 37 44456
121 38 55775
121 39 16173
121 40 25100
121 41 34565
121 42 44692
121 43 44614
121 44 51833
121 45 47594
121 46 50623
121 47 46775
121 48 38554
121 49 48764
121 50 11978
121 51 14017
121 52 33237
121 53 25617
121 54 7093
121 55 16730
121 56 26802
121 57 37473
121 58 27239
121 59 38722
121 60 43586
121 61 47168
121 62 35534
121 63 39118
121 64 36068
121 65 15985
121 66 15837
121 67 17552
121 68 -1725
121 69 23345
121 70 25890
121 71 18779
121 72 23135
121 73 27609
121 74 29722
121 75 25914
121 76 8907
121 77 5607
121 78 5620
121 79 196
121 80 6080
121 81 5149
121 82 40523
121 83 44761
121 84 47386
121 85 40193
121 86 49090
121 87 34269
121 88 34219
121 89 33340
121 90 36846
121 91 50663
121 92 43520
121 93 42026
121 94 34464
121 95 37328
121 96 40260
121 97 38745
121 98 45038
121 99 43282
121 100 45046
121 101 24692
121 102 7112
121 103 13617
121 104 42828
121 105 21502
121 106 36842
121 107 42968
121 108 28740
121 109 10323
121 110 21040
121 111 16714
121 112 28877
121 113 49360
121 114 43317
121 115 33780
121 116 7478
121 117 38423
121 118 37126
121 119 53321
121 120 9014
121 122 20967
121 123 41437
121 124 49774
121 125 46476
121 126 38483
121 127 30149
121 128 22907
121 129 4726
121 130 9157
121 131 29614
121 132 21416
121 133 30049
121 134 1993
121 135 13415
121 136 23555
121 137 32911
121 138 16047
121 139 23467
121 140 55234
121 141 51536
121 142 47346
121 143 51838
121 144 36806
121 145 30768
121 146 29055
121 147 33814
121 148 34375
121 149 15535
121 150 4921
121 151 41046
121 152 25648
121 153 38172
121 154 13658
121 155 16777
121 156 27779
121 157 10430
121 158 3561
121 159 30374
121 160 24331
121 161 13776
121 162 24314
121 163 1817
121 164 2926
121 165 13647
121 166 38058
121 167 25205
121 168 48857
121 169 -1227
121 170 18645
121 171 25504
121 172 41329
121 173 47907
121 174 46692
121 175 45195
121 176 16079
121 177 5700
121 178 31494
121 179 13403
121 180 20282
121 181 28984
121 182 32955
121 183 34424
121 184 7778
121 185 6570
121 186 28753
121 187 22261
121 188 19199
121 189 32430
121 190 26965
121 191 50353
121 192 49859
121 193 46918
121 194 36843
121 195 11712
121 196 6280
121 197 23946
121 198 19063
121 199 47610
121 200 21095
122 1 4952
122 2 39604
122 3 14306
122 4 33465
122 5 31985
122 6 31885
122 7 20609
122 8 31344
122 9 4444
122 10 8565
122 11 15881
122 12 18807
122 13 29192
122 14 46061
122 15 42916
122 16 39839
122 17 38288
122 18 23889
122 19 19411
122 20 4480
122 21 34387
122 22 42994
122 23 38026
122 24 25873
122 25 37905
122 26 23366
122 27 16129
122 28 17949
122 29 19356
122 30 -3200
122 31 5511
122 32 3384
122 33 8290
122 34 13430
122 35 15551
122 36 31282
122 37 40089
122 38 51639
122 39 34572
122 40 29359
122 41 44254
122 42 44743
122 43 46705
122 44 46661
122 45 32157
122 46 31324
122 47 25005
122 48 17972
122 49 24666
122 50 7347
122 51 472
122 52 18741
122 53 24780
122 54 24930
122 55 37666
122 56 41806
122 57 41145
122 58 28285
122 59 33060
122 60 31851
122 61 38625
122 62 12331
122 63 14123
122 64 11069
122 65 9269
122 66 -314
122 67 37913
122 68 14371
122 69 9030
122 70 2336
122 71 10904
122 72 34422
122 73 36853
122 74 40782
122 75 38829
122 76 12460
122 77 14356
122 78 15217
122 79 9879
122 80 22683
122 81 4599
122 82 22050
122 83 30910
122 84 35673
122 85 33633
122 86 40773
122 87 34089
122 88 13619
122 89 23869
122 90 11887
122 91 44952
122 92 39110
122 93 35291
122 94 29464
122 95 33303
122 96 33596
122 97 36013
122 98 39904
122 99 36351
122 100 40719
122 101 4837
122 102 2977
122 103 1658
122 104 35897
122 105 23516
122 106 18797
122 107 19019
122 108 3931
122 109 22869
122 110 34441
122 111 12689
122 112 23617
122 113 38797
122 114 26858
122 115 38447
122 116 16296
122 117 35760
122 118 25890
122 119 49079
122 120 7284
122 121 18498
122 123 19053
122 124 29222
122 125 31156
122 126 13484
122 127 12591
122 128 1556
122 129 15873
122 130 27633
122 131 5817
122 132 8790
122 133 41442
122 134 23548
122 135 13296
122 136 20723
122 137 33256
122 138 19866
122 139 41611
122 140 50825
122 141 45064
122 142 46814
122 143 28396
122 144 38618
122 145 38456
122 146 19496
122 147 25718
122 148 12275
122 149 25350
122 150 21524
122 151 36636
122 152 26694
122 153 21249
122 154 17477
122 155 32907
122 156 22394
122 157 6638
122 158 13637
122 159 6687
122 160 993
122 161 4998
122 162 5074
122 163 24549
122 164 7926
122 165 34235
122 166 26319
122 167 11947
122 168 27054
122 169 14705
122 170 39605
122 171 35417
122 172 41920
122 173 37470
122 174 29379
122 175 21067
122 176 5746
122 177 21490
122 178 35604
122 179 27108
122 180 26459
122 181 4927
122 182 11866
122 183 28398
122 184 14400
122 185 10705
122 186 44276
122 187 40882
122 188 1193
122 189 8084
122 190 7872
122 191 44451
122 192 45925
122 193 41531
122 194 18253
122 195 22901
122 196 12773
122 197 37154
122 198 30321
122 199 32961
122 200 16289
123 1 23139
123 2 43279
123 3 37418
123 4 48007
123 5 20820
123 6 28439
123 7 5584
123 8 11648
123 9 30217
123 10 10514
123 11 1416
123 12 35895
123 13 29944
123 14 38869
123 15 43401
123 16 28404
123 17 21639
123 18 13550
123 19 -4593
123 20 26019
123 21 44277
123 22 51125
123 23 49426
123 24 47757
123 25 55739
123 26 35823
123 27 23239
123 28 29940
123 29 43018
123 30 17381
123 31 9239
123 32 11964
123 33 33543
123 34 39384
123 35 40755
123 36 5488
123 37 34259
123 38 40970
123 39 49042
123 40 37297
123 41 50610
123 42 41983
123 43 43912
123 44 36942
123 45 12922
123 46 6967
123 47 -948
123 48 -5625
123 49 1889
123 50 28740
123 51 26416
123 52 16027
123 53 31726
123 54 42814
123 55 55713
123 56 53739
123 57 42807
123 58 33602
123 59 27322
123 60 20902
123 61 27269
123 62 2365
123 63 11193
123 64 -2507
123 65 31145
123 66 18896
123 67 53051
123 68 35430
123 69 21109
123 70 18261
123 71 34753
123 72 44518
123 73 45629
123 74 49855
123 75 48912
123 76 32156
123 77 36112
123 78 40847
123 79 34362
123 80 42991
123 81 30372
123 82 3308
123 83 16601
123 84 21689
123 85 25033
123 86 27125
123 87 33456
123 88 8036
123 89 20832
123 90 15049
123 91 36350
123 92 34310
123 93 27548
123 94 27087
123 95 30387
123 96 28134
123 97 33309
123 98 33309
123 99 29595
123 100 33977
123 101 19353
123 102 26303
123 103 26125
123 104 29141
123 105 32567
123 106 6718
123 107 -608
123 108 7659
123 109 40136
123 110 47543
123 111 27218
123 112 25459
123 113 23717
123 114 8841
123 115 42628
123 116 36823
123 117 34333
123 118 15256
123 119 40484
123 120 33263
123 121 41882
123 122 21967
123 124 4290
123 125 12355
123 126 10439
123 127 14234
123 128 20298
123 129 40468
123 130 45247
123 131 17004
123 132 21682
123 133 50030
123 134 43938
123 135 38805
123 136 45044
123 137 35339
123 138 34063
123 139 56409
123 140 39990
123 141 34286
123 142 42601
123 143 3778
123 144 39209
123 145 43686
123 146 22988
123 147 22057
123 148 4378
123 149 38922
123 150 41832
123 151 31836
123 152 32011
123 153 10062
123 154 31674
123 155 47449
123 156 26297
123 157 30721
123 158 36749
123 159 760
123 160 17405
123 161 29546
123 162 15779
123 163 45807
123 164 33926
123 165 52260
123 166 18208
123 167 17537
123 168 1110
123 169 39645
123 170 56308
123 171 43526
123 172 40223
123 173 24448
123 174 8326
123 175 2176
123 176 22014
123 177 40347
123 178 39199
123 179 42043
123 180 36553
123 181 7180
123 182 -1319
123 183 25881
123 184 33625
123 185 35563
123 186 56208
123 187 56015
123 188 23177
123 189 10033
123 190 9632
123 191 34651
123 192 38163
123 193 33488
123 194 5702
123 195 38158
123 196 33359
123 197 48436
123 198 41990
123 199 16866
123 200 22271
124 1 30026
124 2 43200
124 3 44132
124 4 51107
124 5 16888
124 6 27782
124 7 9688
124 8 5636
124 9 38778
124 10 19605
124 11 10164
124 12 40708
124 13 29844
124 14 34437
124 15 41443
124 16 22983
124 17 14688
124 18 13057
124 19 2875
124 20 35153
124 21 46184
124 22 51871
124 23 50894
124 24 53526
124 25 59707
124 26 39246
124 27 27291
124 28 34173
124 29 49615
124 30 26179
124 31 16428
124 32 21398
124 33 41207
124 34 47422
124 35 49594
124 36 1170
124 37 31219
124 38 34915
124 39 51711
124 40 39166
124 41 50654
124 42 39358
124 43 40705
124 44 31770
124 45 5593
124 46 -2465
124 47 -5010
124 48 -6456
124 49 3148
124 50 35486
124 51 34838
124 52 19247
124 53 34109
124 54 47294
124 55 59881
124 56 55689
124 57 41695
124 58 34920
124 59 24816
124 60 18005
124 61 22311
124 62 11391
124 63 20409
124 64 3430
124 65 40491
124 66 28287
124 67 55648
124 68 41296
124 69 27278
124 70 26512
124 71 43849
124 72 46193
124 73 47013
124 74 51053
124 75 50282
124 76 38109
124 77 42443
124 78 48570
124 79 41549
124 80 48559
124 81 38300
124 82 1860
124 83 12656
124 84 16426
124 85 21081
124 86 20555
124 87 32098
124 88 14856
124 89 21425
124 90 24480
124 91 32071
124 92 31905
124 93 24219
124 94 26270
124 95 28939
124 96 26193
124 97 31556
124 98 30078
124 99 26974
124 100 30366
124 101 26766
124 102 33457
124 103 35058
124 104 26520
124 105 35275
124 106 9466
124 107 7522
124 108 16928
124 109 44796
124 110 50342
124 111 32424
124 112 26784
124 113 17045
124 114 4087
124 115 42617
124 116 42782
124 117 33268
124 118 12259
124 119 35701
124 120 41617
124 121 48416
124 122 30333
124 123 2487
124 125 5367
124 126 19722
124 127 19952
124 128 29585
124 129 47675
124 130 49535
124 131 26432
124 132 27679
124 133 50911
124 134 49241
124 135 47524
124 136 54103
124 137 35274
124 138 38381
124 139 59309
124 140 33915
124 141 28896
124 142 39302
124 143 3109
124 144 37983
124 145 43562
124 146 26200
124 147 21735
124 148 12421
124 149 42384
124 150 47400
124 151 29431
124 152 33329
124 153 11827
124 154 35992
124 155 50549
124 156 28502
124 157 38056
124 158 43463
124 159 9875
124 160 26701
124 161 38499
124 162 22873
124 163 51430
124 164 42157
124 165 56475
124 166 17237
124 167 22385
124 168 -1838
124 169 46921
124 170 59701
124 171 44447
124 172 38054
124 173 19207
124 174 738
124 175 10105
124 176 28242
124 177 45399
124 178 39011
124 179 45643
124 180 39043
124 181 16215
124 182 5506
124 183 25355
124 184 39293
124 185 42983
124 186 58058
124 187 59007
124 188 32334
124 189 19124
124 190 16071
124 191 29679
124 192 33790
124 193 29444
124 194 9007
124 195 42154
124 196 39427
124 197 50372
124 198 44430
124 199 12010
124 200 25108
125 1 32625
125 2 33996
125 3 45122
125 4 45512
125 5 5115
125 6 19677
125 7 15214
125 8 2247
125 9 43904
125 10 28024
125 11 22439
125 12 38503
125 13 21436
125 14 20978
125 15 29773
125 16 9169
125 17 730
125 18 9239
125 19 15654
125 20 42551
125 21 39314
125 22 43100
125 23 42675
125 24 52123
125 25 55068
125 26 35033
125 27 25815
125 28 31939
125 29 49869
125 30 32855
125 31 21213
125 32 31265
125 33 44290
125 34 50783
125 35 55248
125 36 13731
125 37 19247
125 38 20880
125 39 45140
125 40 32765
125 41 41009
125 42 27341
125 43 27944
125 44 17983
125 45 -7549
125 46 1504
125 47 9018
125 48 3776
125 49 17040
125 50 37167
125 51 39920
125 52 18839
125 53 29110
125 54 43969
125 55 55678
125 56 48320
125 57 31116
125 58 28095
125 59 13744
125 60 8650
125 61 8893
125 62 20552
125 63 31806
125 64 17280
125 65 48409
125 66 36894
125 67 48692
125 68 40577
125 69 29171
125 70 32223
125 71 50613
125 72 38769
125 73 39347
125 74 42926
125 75 42229
125 76 38097
125 77 42823
125 78 51355
125 79 43376
125 80 47280
125 81 41853
125 82 5300
125 83 3572
125 84 3275
125 85 8391
125 86 6545
125 87 21652
125 88 20457
125 89 15901
125 90 34664
125 91 18953
125 92 20731
125 93 12291
125 94 17418
125 95 18986
125 96 16141
125 97 20960
125 98 17993
125 99 16030
125 100 17751
125 101 30872
125 102 35764
125 103 41422
125 104 15576
125 105 30398
125 106 12181
125 107 20235
125 108 25789
125 109 42146
125 110 44503
125 111 31817
125 112 21043
125 113 3032
125 114 -280
125 115 33411
125 116 42528
125 117 23598
125 118 2415
125 119 22092
125 120 46103
125 121 48643
125 122 35792
125 123 14077
125 124 8892
125 126 30939
125 127 22671
125 128 37734
125 129 49486
125 130 45806
125 131 35956
125 132 29101
125 133 42282
125 134 47169
125 135 52830
125 136 60544
125 137 26537
125 138 35780
125 139 53160
125 140 19879
125 141 15052
125 142 26641
125 143 16817
125 144 27464
125 145 33881
125 146 23925
125 147 14460
125 148 19917
125 149 37938
125 150 46121
125 151 18257
125 152 26504
125 153 12714
125 154 33391
125 155 44954
125 156 24002
125 157 40651
125 158 44453
125 159 18882
125 160 35051
125 161 44807
125 162 26725
125 163 49899
125 164 46115
125 165 52401
125 166 10763
125 167 22819
125 168 12150
125 169 48675
125 170 54056
125 171 36026
125 172 26502
125 173 5790
125 174 -3317
125 175 22962
125 176 29629
125 177 43236
125 178 29620
125 179 41108
125 180 33390
125 181 27917
125 182 12683
125 183 17173
125 184 38658
125 185 45417
125 186 50476
125 187 52962
125 188 39723
125 189 27543
125 190 19922
125 191 16038
125 192 20449
125 193 16512
125 194 12611
125 195 38479
125 196 39461
125 197 43164
125 198 38209
125 199 2450
125 200 21362
126 1 20491
126 2 50620
126 3 32849
126 4 49818
126 5 33651
126 6 38032
126 7 16835
126 8 26648
126 9 20222
126 10 4740
126 11 88
126 12 35622
126 13 38121
126 14 51086
126 15 52620
126 16 41843
126 17 36393
126 18 24948
126 19 6667
126 20 14184
126 21 48530
126 22 56627
126 23 53368
126 24 44374
126 25 55560
126 26 38248
126 27 26864
126 28 31939
126 29 37951
126 30 8458
126 31 9920
126 32 -2446
126 33 26736
126 34 30505
126 35 29204
126 36 17419
126 37 45551
126 38 54550
126 39 51106
126 40 42219
126 41 57071
126 42 52357
126 43 54583
126 44 49973
126 45 28071
126 46 22340
126 47 13462
126 48 9804
126 49 8023
126 50 25167
126 51 17567
126 52 23223
126 53 36632
126 54 42369
126 55 55332
126 56 57222
126 57 51270
126 58 39663
126 59 38352
126 60 33320
126 61 40514
126 62 4743
126 63 -4086
126 64 -7532
126 65 17124
126 66 4783
126 67 54842
126 68 32579
126 69 21109
126 70 12857
126 71 22303
126 72 48832
126 73 50562
126 74 54790
126 75 53397
126 76 29966
126 77 32621
126 78 33147
126 79 28442
126 80 40720
126 81 22562
126 82 17445
126 83 30116
126 84 35524
126 85 37330
126 86 41357
126 87 42662
126 88 12887
126 89 29681
126 90 1144
126 91 48785
126 92 45070
126 93 39398
126 94 36476
126 95 40227
126 96 38844
126 97 43244
126 98 44860
126 99 40917
126 100 45730
126 101 16634
126 102 21416
126 103 14769
126 104 40463
126 105 36604
126 106 17378
126 107 4489
126 108 -941
126 109 39881
126 110 50106
126 111 27576
126 112 32526
126 113 38180
126 114 23334
126 115 49783
126 116 34225
126 117 43598
126 118 27636
126 119 53136
126 120 23874
126 121 37098
126 122 14568
126 123 8609
126 124 19695
126 125 27387
126 127 17815
126 128 7537
126 129 34407
126 130 45033
126 131 2867
126 132 21682
126 133 55305
126 134 41733
126 135 27770
126 136 32550
126 137 43126
126 138 35252
126 139 58212
126 140 53605
126 141 47598
126 142 53646
126 143 13101
126 144 48022
126 145 50588
126 146 28333
126 147 31542
126 148 8311
126 149 40913
126 150 39561
126 151 42596
126 152 38072
126 153 20832
126 154 32863
126 155 49260
126 156 32221
126 157 25214
126 158 32180
126 159 -383
126 160 4926
126 161 17894
126 162 14642
126 163 42921
126 164 24614
126 165 51870
126 166 29179
126 167 20875
126 168 15672
126 169 33084
126 170 56972
126 171 48939
126 172 50110
126 173 38101
126 174 23699
126 175 5875
126 176 20778
126 177 39115
126 178 46623
126 179 43412
126 180 40387
126 181 -8083
126 182 7281
126 183 35162
126 184 31847
126 185 29227
126 186 59745
126 187 57621
126 188 10997
126 189 4259
126 190 12228
126 191 47611
126 192 50468
126 193 45708
126 194 16287
126 195 39159
126 196 30664
126 197 52174
126 198 45302
126 199 30991
126 200 27158
127 1 7935
127 2 30397
127 3 21793
127 4 31785
127 5 17232
127 6 18661
127 7 7720
127 8 17032
127 9 18833
127 10 8196
127 11 12195
127 12 19252
127 13 18016
127 14 32711
127 15 32549
127 16 25330
127 17 23290
127 18 8892
127 19 11454
127 20 18608
127 21 29031
127 22 36751
127 23 34165
127 24 31381
127 25 39161
127 26 19631
127 27 7178
127 28 13480
127 29 27254
127 30 8814
127 31 -2449
127 32 11079
127 33 19552
127 34 26036
127 35 30200
127 36 21633
127 37 26775
127 38 37558
127 39 32967
127 40 22377
127 41 36974
127 42 32774
127 43 35001
127 44 32601
127 45 17451
127 46 18324
127 47 14399
127 48 6008
127 49 18264
127 50 13196
127 51 14872
127 52 4054
127 53 16689
127 54 26180
127 55 39104
127 56 38201
127 57 31103
127 58 19514
127 59 19577
127 60 16985
127 61 24027
127 62 5965
127 63 16127
127 64 10118
127 65 24171
127 66 13623
127 67 36943
127 68 19081
127 69 4921
127 70 7867
127 71 25904
127 72 29353
127 73 30818
127 74 35085
127 75 33892
127 76 15832
127 77 20089
127 78 26827
127 79 19386
127 80 26501
127 81 16967
127 82 8291
127 83 15917
127 84 20708
127 85 19563
127 86 26020
127 87 22719
127 88 2513
127 89 10267
127 90 16047
127 91 30987
127 92 26002
127 93 21320
127 94 16842
127 95 20697
127 96 20012
127 97 23660
127 98 26339
127 99 22504
127 100 27237
127 101 5828
127 102 11373
127 103 16654
127 104 22050
127 105 17033
127 106 4593
127 107 13158
127 108 5884
127 109 23496
127 110 31538
127 111 10581
127 112 12335
127 113 23850
127 114 12291
127 115 29568
127 116 20515
127 117 23777
127 118 11084
127 119 35292
127 120 21043
127 121 26056
127 122 10967
127 123 9696
127 124 17217
127 125 16411
127 126 15107
127 128 14528
127 129 25515
127 130 28633
127 131 14953
127 132 5331
127 133 35503
127 134 27376
127 135 27756
127 136 35651
127 137 22932
127 138 17511
127 139 40233
127 140 36694
127 141 30731
127 142 34387
127 143 20422
127 144 27937
127 145 30411
127 146 8125
127 147 12249
127 148 3760
127 149 22643
127 150 25342
127 151 23528
127 152 17923
127 153 6549
127 154 15122
127 155 31227
127 156 12014
127 157 16108
127 158 21124
127 159 2267
127 160 12364
127 161 19966
127 162 1685
127 163 29357
127 164 21168
127 165 35647
127 166 11621
127 167 1136
127 168 16511
127 169 24773
127 170 39879
127 171 29068
127 172 30329
127 173 22606
127 174 15220
127 175 15721
127 176 5881
127 177 23723
127 178 26399
127 179 25648
127 180 20997
127 181 10991
127 182 904
127 183 15565
127 184 17153
127 185 21020
127 186 40712
127 187 39785
127 188 15656
127 189 7715
127 190 -4020
127 191 30298
127 192 32313
127 193 27690
127 194 4406
127 195 21648
127 196 17120
127 197 32987
127 198 26274
127 199 18041
127 200 7130
128 1 15001
128 2 49632
128 3 21674
128 4 42756
128 5 40201
128 6 41125
128 7 26123
128 8 37220
128 9 4994
128 10 10961
128 11 15559
128 12 28155
128 13 38982
128 14 55364
128 15 52897
128 16 48349
128 17 45522
128 18 31554
128 19 21107
128 20 -1236
128 21 44309
128 22 52933
128 23 47577
128 24 32878
128 25 46233
128 26 33254
128 27 25904
128 28 27991
128 29 25379
128 30 810
128 31 12637
128 32 -2262
128 33 14235
128 34 15403
128 35 13179
128 36 32763
128 37 49369
128 38 60538
128 39 43673
128 40 39404
128 41 54262
128 42 54466
128 43 56512
128 44 55563
128 45 38462
128 46 35512
128 47 27678
128 48 22085
128 49 24037
128 50 16563
128 51 4218
128 52 27067
128 53 34801
128 54 33662
128 55 46036
128 56 51383
128 57 51136
128 58 38303
128 59 42246
128 60 39892
128 61 47036
128 62 15327
128 63 11039
128 64 7200
128 65 2456
128 66 -9293
128 67 46699
128 68 22438
128 69 18731
128 70 9767
128 71 6339
128 72 44275
128 73 46813
128 74 50684
128 75 48620
128 76 21617
128 77 22552
128 78 19001
128 79 15987
128 80 30966
128 81 8949
128 82 27667
128 83 38226
128 84 43379
128 85 42512
128 86 48947
128 87 43897
128 88 19528
128 89 32901
128 90 9021
128 91 53907
128 92 48458
128 93 44226
128 94 38927
128 95 42797
128 96 42717
128 97 45597
128 98 49068
128 99 45349
128 100 49935
128 101 13921
128 102 11321
128 103 -1062
128 104 44895
128 105 33563
128 106 25270
128 107 19615
128 108 4848
128 109 32040
128 110 44023
128 111 22708
128 112 33304
128 113 46518
128 114 33142
128 115 48488
128 116 24942
128 117 45417
128 118 34037
128 119 58156
128 120 8894
128 121 24899
128 122 6017
128 123 21845
128 124 32935
128 125 37559
128 126 10914
128 127 20613
128 129 21722
128 130 36353
128 131 -858
128 132 18672
128 133 51351
128 134 31409
128 135 11831
128 136 16636
128 137 43180
128 138 29724
128 139 50707
128 140 59685
128 141 53747
128 142 56434
128 143 28858
128 144 48537
128 145 48500
128 146 28988
128 147 34843
128 148 16791
128 149 35055
128 150 29807
128 151 45984
128 152 36712
128 153 28175
128 154 27335
128 155 42198
128 156 32178
128 157 14393
128 158 21005
128 159 9350
128 160 -5065
128 161 1900
128 162 13743
128 163 32033
128 164 9397
128 165 42658
128 166 34634
128 167 21216
128 168 29774
128 169 19643
128 170 48136
128 171 45381
128 172 51714
128 173 45468
128 174 34950
128 175 21278
128 176 15796
128 177 30184
128 178 45635
128 179 36511
128 180 36443
128 181 -2027
128 182 16709
128 183 37778
128 184 23505
128 185 16749
128 186 53820
128 187 49895
128 188 -4980
128 189 10480
128 190 15381
128 191 53281
128 192 55093
128 193 50561
128 194 24475
128 195 32397
128 196 21529
128 197 46868
128 198 40095
128 199 39900
128 200 26187
129 1 13919
129 2 37597
129 3 857
129 4 22408
129 5 40416
129 6 37569
129 7 35575
129 8 44676
129 9 3471
129 10 26659
129 11 34101
129 12 10662
129 13 31251
129 14 49243
129 15 40862
129 16 46491
129 17 48457
129 18 34919
129 19 36888
129 20 17337
129 21 28137
129 22 36060
129 23 27531
129 24 8810
129 25 23201
129 26 18404
129 27 22096
129 28 18172
129 29 1214
129 30 14827
129 31 20723
129 32 20637
129 33 2610
129 34 242
129 35 10799
129 36 48441
129 37 44245
129 38 56069
129 39 22162
129 40 26503
129 41 38265
129 42 45795
129 43 46469
129 44 51661
129 45 44404
129 46 46324
129 47 41626
129 48 33721
129 49 42737
129 50 7212
129 51 6855
129 52 29624
129 53 25323
129 54 12191
129 55 23199
129 56 31827
129 57 39454
129 58 27823
129 59 38047
129 60 41204
129 61 45911
129 62 29743
129 63 32357
129 64 29333
129 65 10260
129 66 8793
129 67 24148
129 68 787
129 69 18874
129 70 19709
129 71 12328
129 72 26956
129 73 30818
129 74 33601
129 75 30378
129 76 6724
129 77 3623
129 78 570
129 79 -6614
129 80 9450
129 81 -2035
129 82 36270
129 83 41855
129 84 45193
129 85 39429
129 86 48095
129 87 35078
129 88 29105
129 89 31206
129 90 30036
129 91 50202
129 92 43206
129 93 41135
129 94 33739
129 95 36986
129 96 39217
129 97 38839
129 98 44618
129 99 42247
129 100 44926
129 101 19144
129 102 1402
129 103 6539
129 104 41793
129 105 21898
129 106 32552
129 107 36967
129 108 22262
129 109 13024
129 110 25226
129 111 14153
129 112 27689
129 113 47654
129 114 39707
129 115 35843
129 116 6648
129 117 38423
129 118 34893
129 119 53391
129 120 2301
129 121 709
129 122 14325
129 123 36006
129 124 45016
129 125 43302
129 126 31775
129 127 25591
129 128 15713
129 130 14633
129 131 22515
129 132 17185
129 133 34122
129 134 8235
129 135 7939
129 136 18123
129 137 33625
129 138 16047
129 139 29316
129 140 55441
129 141 50979
129 142 48374
129 143 46102
129 144 38215
129 145 33845
129 146 26419
129 147 32160
129 148 28892
129 149 18097
129 150 8291
129 151 40732
129 152 26232
129 153 34183
129 154 13658
129 155 21850
129 156 26349
129 157 4254
129 158 188
129 159 24400
129 160 17229
129 161 6997
129 162 19049
129 163 8418
129 164 -2225
129 165 19978
129 166 35518
129 167 21454
129 168 43688
129 169 -3227
129 170 25289
129 171 29068
129 172 42525
129 173 46098
129 174 42928
129 175 39116
129 176 11818
129 177 9388
129 178 33419
129 179 17339
129 180 22070
129 181 21870
129 182 27816
129 183 33365
129 184 6926
129 185 -454
129 186 33978
129 187 28248
129 188 11992
129 189 26178
129 190 22051
129 191 49922
129 192 49969
129 193 46527
129 194 32406
129 195 14439
129 196 4500
129 197 28355
129 198 22616
129 199 44524
129 200 19622
130 1 24693
130 2 24076
130 3 14862
130 4 1864
130 5 36906
130 6 33115
130 7 41940
130 8 47012
130 9 24238
130 10 39474
130 11 46212
130 12 6712
130 13 23087
130 14 38097
130 15 25158
130 16 39429
130 17 45569
130 18 36248
130 19 46448
130 20 36098
130 21 12031
130 22 17299
130 23 6630
130 24 4675
130 25 4238
130 26 9542
130 27 24164
130 28 17647
130 29 8884
130 30 30784
130 31 30225
130 32 37377
130 33 21702
130 34 19205
130 35 31407
130 36 56170
130 37 35682
130 38 45204
130 39 1239
130 40 15408
130 41 19866
130 42 33439
130 43 31898
130 44 42417
130 45 44602
130 46 50132
130 47 48791
130 48 40022
130 49 53242
130 50 18992
130 51 25681
130 52 33109
130 53 19682
130 54 -4599
130 55 4107
130 56 11292
130 57 25064
130 58 18733
130 59 31066
130 60 39473
130 61 40125
130 62 40314
130 63 47116
130 64 43415
130 65 31145
130 66 29094
130 67 3986
130 68 3733
130 69 26850
130 70 33042
130 71 33315
130 72 8674
130 73 14008
130 74 15040
130 75 10657
130 76 13400
130 77 13315
130 78 20749
130 79 13410
130 80 8468
130 81 18423
130 82 40682
130 83 41623
130 84 42383
130 85 32330
130 86 41066
130 87 23973
130 88 37464
130 89 29651
130 90 45281
130 91 42075
130 92 35145
130 93 34599
130 94 27464
130 95 29318
130 96 33540
130 97 29742
130 98 36643
130 99 36351
130 100 35926
130 101 30416
130 102 16117
130 103 26934
130 104 35897
130 105 14690
130 106 37597
130 107 47871
130 108 36052
130 109 5354
130 110 6553
130 111 17949
130 112 23763
130 113 42917
130 114 41701
130 115 21607
130 116 12660
130 117 29855
130 118 32672
130 119 43509
130 120 23267
130 121 9022
130 122 29967
130 123 44667
130 124 50758
130 125 43504
130 126 46283
130 127 32591
130 128 34226
130 129 18515
130 131 39774
130 132 24671
130 133 15081
130 134 -354
130 135 28637
130 136 38833
130 137 23331
130 138 12926
130 139 8343
130 140 44826
130 141 42870
130 142 36055
130 143 55377
130 144 25400
130 145 16855
130 146 27541
130 147 28863
130 148 38436
130 149 5786
130 150 7309
130 151 32671
130 152 17142
130 153 38208
130 154 10537
130 155 1306
130 156 23658
130 157 20360
130 158 14193
130 159 35817
130 160 34726
130 161 27852
130 162 29096
130 163 3761
130 164 18191
130 165 647
130 166 34700
130 167 26368
130 168 50978
130 169 14151
130 170 5625
130 171 11171
130 172 30029
130 173 42031
130 174 45134
130 175 50332
130 176 20196
130 177 2686
130 178 19506
130 179 618
130 180 10476
130 181 38919
130 182 35877
130 183 28211
130 184 10876
130 185 19135
130 186 13232
130 187 7353
130 188 31419
130 189 38993
130 190 30215
130 191 41525
130 192 40073
130 193 38243
130 194 37950
130 195 3285
130 196 11833
130 197 8821
130 198 5486
130 199 44747
130 200 17554
131 1 17286
131 2 51034
131 3 26614
131 4 46450
131 5 38578
131 6 40783
131 7 23017
131 8 33899
131 9 11227
131 10 7598
131 11 9936
131 12 31799
131 13 39569
131 14 54826
131 15 53931
131 16 46867
131 17 42932
131 18 29701
131 19 16015
131 20 4880
131 21 46915
131 22 55438
131 23 50909
131 24 38090
131 25 50775
131 26 36012
131 27 26813
131 28 30173
131 29 30913
131 30 2681
131 31 11456
131 32 -8508
131 33 19552
131 34 21648
131 35 19385
131 36 27309
131 37 48908
131 38 59373
131 39 47571
131 40 41399
131 41 56455
131 42 54741
131 43 56929
131 44 54488
131 45 35292
131 46 31141
131 47 22770
131 48 17955
131 49 18039
131 50 20333
131 51 9680
131 52 26080
131 53 36304
131 54 37886
131 55 50543
131 56 54684
131 57 52266
131 58 39722
131 59 41705
131 60 38191
131 61 45505
131 62 11332
131 63 4914
131 64 877
131 65 7234
131 66 -5129
131 67 50898
131 68 27078
131 69 19850
131 70 10237
131 71 12328
131 72 47053
131 73 49272
131 74 53320
131 75 51527
131 76 25454
131 77 27081
131 78 24981
131 79 21386
131 80 35486
131 81 14688
131 82 24371
131 83 35909
131 84 41256
131 85 41511
131 86 47066
131 87 44440
131 88 17104
131 89 32401
131 90 3346
131 91 52963
131 92 48135
131 93 43334
131 94 38881
131 95 42755
131 96 42138
131 97 45678
131 98 48448
131 99 44577
131 100 49350
131 101 14766
131 102 15671
131 103 5262
131 104 44123
131 105 35557
131 106 22741
131 107 14190
131 108 1068
131 109 35869
131 110 47333
131 111 25132
131 112 33787
131 113 44285
131 114 30114
131 115 50019
131 116 29193
131 117 45672
131 118 32418
131 119 57308
131 120 15076
131 121 30295
131 122 8967
131 123 17240
131 124 28471
131 125 34470
131 126 4933
131 127 19727
131 128 -2169
131 129 27213
131 130 40590
131 132 20107
131 133 53954
131 134 36205
131 135 18125
131 136 22536
131 137 44120
131 138 32590
131 139 54611
131 140 58478
131 141 52431
131 142 56467
131 143 23128
131 144 49389
131 145 50394
131 146 29319
131 147 34383
131 148 13597
131 149 38186
131 150 34327
131 151 45661
131 152 38131
131 153 25906
131 154 30201
131 155 45892
131 156 32924
131 157 19030
131 158 25945
131 159 5428
131 160 -3984
131 161 8173
131 162 13965
131 163 37019
131 164 15657
131 165 47125
131 166 33295
131 167 21454
131 168 24910
131 169 25423
131 170 52538
131 171 47808
131 172 52171
131 173 43569
131 174 31382
131 175 15721
131 176 18046
131 177 34427
131 178 47049
131 179 40076
131 180 38860
131 181 -7807
131 182 13402
131 183 37634
131 184 27392
131 185 22113
131 186 57168
131 187 53881
131 188 1337
131 189 7117
131 190 14228
131 191 52148
131 192 54388
131 193 49719
131 194 21807
131 195 35851
131 196 25694
131 197 49942
131 198 43068
131 199 37275
131 200 27261
132 1 1133
132 2 28151
132 3 13643
132 4 25312
132 5 21819
132 6 20595
132 7 15961
132 8 24576
132 9 13125
132 10 12321
132 11 18645
132 12 11677
132 13 17488
132 14 34578
132 15 31322
132 16 29131
132 17 29158
132 18 15060
132 19 19171
132 20 16184
132 21 24192
132 22 32572
132 23 28811
132 24 23200
132 25 31822
132 26 13664
132 27 4452
132 28 7411
132 29 19035
132 30 7336
132 31 2648
132 32 12687
132 33 12362
132 34 18803
132 35 24480
132 36 29796
132 37 28666
132 38 40450
132 39 26603
132 40 18392
132 41 33459
132 42 33047
132 43 35001
132 44 35521
132 45 24436
132 46 26380
132 47 22613
132 48 14254
132 49 25856
132 50 5222
132 51 9680
132 52 9625
132 53 13337
132 54 18660
132 55 31675
132 56 32643
132 57 29572
132 58 16810
132 59 21748
132 60 22067
132 61 28086
132 62 12742
132 63 20409
132 64 16069
132 65 20190
132 66 11377
132 67 30436
132 68 10880
132 69 -736
132 70 7287
132 71 21372
132 72 24439
132 73 26417
132 74 30557
132 75 28987
132 76 7612
132 77 11849
132 78 19340
132 79 11491
132 80 18395
132 81 10045
132 82 16280
132 83 22133
132 84 26100
132 85 22591
132 86 30366
132 87 22384
132 88 10272
132 89 12945
132 90 19157
132 91 33805
132 92 27643
132 93 24219
132 94 17936
132 95 21736
132 96 22379
132 97 24379
132 98 28585
132 99 25245
132 100 29335
132 101 3849
132 102 3749
132 103 12255
132 104 24791
132 105 12567
132 106 12567
132 107 20328
132 108 9312
132 109 15974
132 110 25511
132 111 3092
132 112 11956
132 113 28994
132 114 19623
132 115 27077
132 116 12294
132 117 24093
132 118 15933
132 119 37782
132 120 14723
132 121 17829
132 122 7672
132 123 17650
132 124 25450
132 125 23347
132 126 19480
132 127 5837
132 128 13093
132 129 17615
132 130 21219
132 131 15839
132 133 31150
132 134 19358
132 135 21826
132 136 30507
132 137 21594
132 138 10700
132 139 33744
132 140 39673
132 141 34150
132 142 35148
132 143 28330
132 144 26953
132 145 27374
132 146 8125
132 147 14591
132 148 10969
132 149 16327
132 150 17236
132 151 25169
132 152 15219
132 153 14091
132 154 8311
132 155 24754
132 156 10696
132 157 8657
132 158 12974
132 159 8254
132 160 11873
132 161 15229
132 162 1685
132 163 21218
132 164 14327
132 165 28205
132 166 16344
132 167 1521
132 168 24715
132 169 16856
132 170 32882
132 171 24913
132 172 30215
132 173 27470
132 174 22828
132 175 22764
132 176 -2299
132 177 15879
132 178 24161
132 179 18948
132 180 16059
132 181 13779
132 182 8934
132 183 16958
132 184 9028
132 185 13404
132 186 35163
132 187 33200
132 188 12829
132 189 11840
132 190 2924
132 191 33400
132 192 34559
132 193 30316
132 194 12523
132 195 14741
132 196 8881
132 197 27641
132 198 20750
132 199 24653
132 200 4604
133 1 36209
133 2 12034
133 3 32753
133 4 7702
133 5 30693
133 6 28979
133 7 45229
133 8 45252
133 9 41906
133 10 48694
133 11 53308
133 12 20716
133 13 16948
133 14 22858
133 15 6312
133 16 28284
133 17 38102
133 18 35785
133 19 51075
133 20 50945
133 21 7316
133 22 -3102
133 23 -5278
133 24 25446
133 25 15810
133 26 16225
133 27 29697
133 28 25383
133 29 29444
133 30 43553
133 31 38026
133 32 49509
133 33 38786
133 34 39190
133 35 50646
133 36 57773
133 37 24900
133 38 29123
133 39 248
133 40 13452
133 41 -746
133 42 18368
133 43 13502
133 44 28880
133 45 40277
133 46 48462
133 47 50656
133 48 41957
133 49 57479
133 50 33181
133 51 41495
133 52 36302
133 53 21151
133 54 15119
133 55 19105
133 56 2761
133 57 9189
133 58 15578
133 59 22598
133 60 35523
133 61 30797
133 62 47105
133 63 56898
133 64 51292
133 65 49869
133 66 45293
133 67 1803
133 68 22243
133 69 35929
133 70 44109
133 71 51337
133 72 -799
133 73 4083
133 74 -399
133 75 -4539
133 76 28047
133 77 30286
133 78 40168
133 79 31946
133 80 27062
133 81 36168
133 82 41528
133 83 38370
133 84 36030
133 85 22344
133 86 29076
133 87 12350
133 88 43375
133 89 28682
133 90 55962
133 91 30617
133 92 25632
133 93 25792
133 94 21713
133 95 21421
133 96 26951
133 97 19908
133 98 26339
133 99 28867
133 100 24046
133 101 40719
133 102 31462
133 103 43783
133 104 28413
133 105 17323
133 106 40192
133 107 53724
133 108 45968
133 109 20639
133 110 9416
133 111 27946
133 112 22931
133 113 33537
133 114 40007
133 115 8672
133 116 29003
133 117 21620
133 118 28249
133 119 29518
133 120 41495
133 121 29275
133 122 43137
133 123 48811
133 124 51495
133 125 39341
133 126 55916
133 127 38822
133 128 48585
133 129 37365
133 130 14442
133 131 52499
133 132 33963
133 134 20397
133 135 47777
133 136 57936
133 137 15294
133 138 22682
133 139 10229
133 140 29012
133 141 30513
133 142 20336
133 143 58541
133 144 11700
133 145 -1640
133 146 31107
133 147 25900
133 148 44817
133 149 13847
133 150 25903
133 151 23158
133 152 13987
133 153 40074
133 154 20293
133 155 7144
133 156 24991
133 157 36208
133 158 32084
133 159 43486
133 160 48094
133 161 45465
133 162 38304
133 163 24499
133 164 37575
133 165 16907
133 166 32690
133 167 32537
133 168 53073
133 169 34004
133 170 10757
133 171 -5022
133 172 15325
133 173 34377
133 174 42771
133 175 56399
133 176 31047
133 177 20702
133 178 6541
133 179 11623
133 180 11722
133 181 50656
133 182 40714
133 183 23735
133 184 25877
133 185 36940
133 186 3768
133 187 10053
133 188 46906
133 189 48213
133 190 37061
133 191 29164
133 192 26408
133 193 26809
133 194 40892
133 195 15137
133 196 27668
133 197 802
133 198 5004
133 199 41495
133 200 20515
134 1 22502
134 2 29525
134 3 10030
134 4 8566
134 5 39899
134 6 36104
134 7 41907
134 8 48387
134 9 18761
134 10 37306
134 11 44482
134 12 6578
134 13 27032
134 14 43288
134 15 31322
134 16 43552
134 17 48564
134 18 37679
134 19 45584
134 20 31713
134 21 17882
134 22 23916
134 23 13062
134 24 -1483
134 25 7940
134 26 12479
134 27 24670
134 28 18320
134 29 2216
134 30 27399
134 31 28939
134 32 33899
134 33 16823
134 34 12704
134 35 25141
134 36 56055
134 37 40055
134 38 50429
134 39 7130
134 40 19769
134 41 26456
134 42 38821
134 43 37875
134 44 47140
134 45 46678
134 46 51201
134 47 48765
134 48 40168
134 49 52215
134 50 15966
134 51 21132
134 52 33663
134 53 22387
134 54 -1178
134 55 7902
134 56 17953
134 57 30852
134 58 22672
134 59 34945
134 60 41891
134 61 43847
134 62 38957
134 63 44432
134 64 41123
134 65 24996
134 66 23983
134 67 8852
134 68 -623
134 69 25635
134 70 30479
134 71 27531
134 72 15141
134 73 20148
134 74 21601
134 75 17359
134 76 10907
134 77 9358
134 78 14570
134 79 7910
134 80 4673
134 81 13097
134 82 41341
134 83 43671
134 84 45253
134 85 36358
134 86 45262
134 87 28901
134 88 36681
134 89 31723
134 90 42364
134 91 46420
134 92 39321
134 93 38419
134 94 30975
134 95 33290
134 96 36999
134 97 34148
134 98 40865
134 99 39931
134 100 40467
134 101 28376
134 102 12347
134 103 21731
134 104 39477
134 105 17655
134 106 37917
134 107 46563
134 108 33573
134 109 5869
134 110 12953
134 111 17305
134 112 26321
134 113 46448
134 114 43137
134 115 27242
134 116 9470
134 117 34038
134 118 35235
134 119 48382
134 120 17569
134 121 2553
134 122 26577
134 123 44053
134 124 51159
134 125 45562
134 126 43678
134 127 32029
134 128 29977
134 129 12812
134 130 341
134 131 36084
134 132 23505
134 133 21731
134 135 22432
134 136 32592
134 137 27871
134 138 13787
134 139 14412
134 140 49986
134 141 47290
134 142 41477
134 143 54748
134 144 30784
134 145 23188
134 146 28519
134 147 31500
134 148 37348
134 149 9664
134 150 3514
134 151 36847
134 152 21081
134 153 38823
134 154 11398
134 155 8008
134 156 25714
134 157 16256
134 158 9361
134 159 34162
134 160 30888
134 161 22292
134 162 27477
134 163 -2947
134 164 11947
134 165 4702
134 166 36733
134 167 26219
134 168 50898
134 169 7806
134 170 10008
134 171 17621
134 172 35412
134 173 45269
134 174 46601
134 175 48929
134 176 18555
134 177 1153
134 178 25075
134 179 5937
134 180 14756
134 181 35404
134 182 35299
134 183 31377
134 184 8650
134 185 13968
134 186 19810
134 187 13215
134 188 26744
134 189 36825
134 190 29335
134 191 45997
134 192 44920
134 193 42615
134 194 38126
134 195 6143
134 196 8734
134 197 15494
134 198 11516
134 199 46704
134 200 19279
135 1 22129
135 2 52335
135 3 15927
135 4 37814
135 5 51229
135 6 49557
135 7 41488
135 8 52130
135 9 -1282
135 10 28336
135 11 34520
135 12 25861
135 13 44695
135 14 62696
135 15 55791
135 16 58397
135 17 58347
135 18 43971
135 19 39341
135 20 13053
135 21 43505
135 22 51558
135 23 42847
135 24 22205
135 25 37444
135 26 33321
135 27 33212
135 28 31346
135 29 13824
135 30 15398
135 31 26322
135 32 17151
135 33 10420
135 34 -1113
135 35 -4685
135 36 51245
135 37 57151
135 38 69139
135 39 37145
135 40 41206
135 41 53718
135 42 59877
135 43 61021
135 44 64377
135 45 52778
135 46 52171
135 47 45442
135 48 38764
135 49 43246
135 50 18099
135 51 7329
135 52 38534
135 53 38912
135 54 27531
135 55 37716
135 56 47269
135 57 54216
135 58 41932
135 59 50531
135 60 51415
135 61 57438
135 62 32631
135 63 30425
135 64 26509
135 65 -5015
135 66 -1377
135 67 38431
135 68 16306
135 69 27532
135 70 23199
135 71 -626
135 72 42454
135 73 46199
135 74 49099
135 75 45899
135 76 20605
135 77 18484
135 78 6615
135 79 8197
135 80 24953
135 81 2659
135 82 42907
135 83 51090
135 84 55421
135 85 51653
135 86 59731
135 87 49052
135 88 34499
135 89 42273
135 90 28278
135 91 62719
135 92 56079
135 93 53283
135 94 46376
135 95 49941
135 96 51354
135 97 52174
135 98 57292
135 99 54311
135 100 57862
135 101 25079
135 102 11452
135 103 -499
135 104 53857
135 105 36103
135 106 39549
135 107 38309
135 108 22864
135 109 28492
135 110 40750
135 111 26421
135 112 40145
135 113 58384
135 114 47548
135 115 50722
135 116 21594
135 117 51749
135 118 45318
135 119 66389
135 120 -678
135 121 14498
135 122 16848
135 123 39443
135 124 49965
135 125 51746
135 126 30238
135 127 32932
135 128 10922
135 129 13039
135 130 29855
135 131 18527
135 132 26496
135 133 49634
135 134 22955
135 136 2619
135 137 47659
135 138 30419
135 139 44395
135 140 68427
135 141 63265
135 142 62343
135 143 47749
135 144 52626
135 145 49135
135 146 37324
135 147 43756
135 148 33013
135 149 33432
135 150 23794
135 151 53605
135 152 40341
135 153 41839
135 154 28030
135 155 37256
135 156 38708
135 157 13700
135 158 15258
135 159 26784
135 160 13977
135 161 -2986
135 162 25401
135 163 22817
135 164 -6074
135 165 34647
135 166 45713
135 167 30806
135 168 47499
135 169 7773
135 170 39524
135 171 44513
135 172 56713
135 173 56875
135 174 50206
135 175 40116
135 176 21720
135 177 24903
135 178 48214
135 179 32863
135 180 37036
135 181 16588
135 182 32701
135 183 45667
135 184 21554
135 185 10705
135 186 49368
135 187 43229
135 188 6194
135 189 27855
135 190 28520
135 191 62392
135 192 63048
135 193 59143
135 194 39064
135 195 29855
135 196 18987
135 197 43876
135 198 38096
135 199 53352
135 200 32099
136 1 26622
136 2 58055
136 3 21912
136 4 43897
136 5 55648
136 6 54431
136 7 44533
136 8 55450
136 9 3144
136 10 30401
136 11 35658
136 12 31799
136 13 50016
136 14 67917
136 15 61556
136 16 63101
136 17 62377
136 18 47951
136 19 41081
136 20 14375
136 21 49468
136 22 57583
136 23 48924
136 24 28104
136 25 43380
136 26 39153
136 27 38055
136 28 36757
136 29 19748
136 30 17892
136 31 29663
136 32 17492
136 33 15930
136 34 4485
136 35 -2921
136 36 52830
136 37 62235
136 38 74190
136 39 43185
136 40 46946
136 41 59714
136 42 65342
136 43 66635
136 44 69342
136 45 56336
136 46 54838
136 47 47505
136 48 41355
136 49 44032
136 50 23370
136 51 11205
136 52 42630
136 53 44347
136 54 33612
136 55 43704
136 56 53352
136 57 59932
136 58 47484
136 59 55500
136 60 55681
136 61 62042
136 62 34825
136 63 30914
136 64 26130
136 65 -10953
136 66 -3218
136 67 44341
136 68 22373
136 69 31909
136 70 26306
136 71 -1614
136 72 48480
136 73 52165
136 74 55124
136 75 51965
136 76 26321
136 77 24409
136 78 12687
136 79 14226
136 80 31027
136 81 8257
136 82 46060
136 83 55024
136 84 59618
136 85 56501
136 86 64308
136 87 54507
136 88 37575
136 89 46915
136 90 29083
136 91 67648
136 92 61169
136 93 58127
136 94 51437
136 95 55080
136 96 56234
136 97 57422
136 98 62299
136 99 59149
136 100 62941
136 101 28830
136 102 16760
136 103 1534
136 104 58695
136 105 41719
136 106 42951
136 107 39699
136 108 24605
136 109 34512
136 110 46810
136 111 31689
136 112 45222
136 113 62680
136 114 51023
136 115 56491
136 116 27511
136 117 57010
136 118 49647
136 119 71455
136 120 4781
136 121 20517
136 122 20154
136 123 41561
136 124 52423
136 125 55339
136 126 30897
136 127 36706
136 128 11606
136 129 19102
136 130 35930
136 131 18817
136 132 31056
136 133 55672
136 134 28994
136 135 -1502
136 137 53158
136 138 36133
136 139 50449
136 140 73450
136 141 68089
136 142 67758
136 143 48955
136 144 58222
136 145 55055
136 146 42044
136 147 48524
136 148 35655
136 149 39394
136 150 29868
136 151 58695
136 152 45893
136 153 45436
136 154 33744
136 155 43339
136 156 43794
136 157 19030
136 158 21243
136 159 28890
136 160 14968
136 161 -1322
136 162 29141
136 163 28832
136 164 -32
136 165 40658
136 166 50034
136 167 35187
136 168 49582
136 169 13797
136 170 45443
136 171 50507
136 172 62220
136 173 61239
136 174 53424
136 175 41376
136 176 26529
136 177 30973
136 178 53953
136 179 38920
136 180 42867
136 181 15730
136 182 35481
136 183 50638
136 184 27392
136 185 16556
136 186 55450
136 187 49270
136 188 7176
136 189 29920
136 190 32059
136 191 67286
136 192 68151
136 193 64110
136 194 42363
136 195 35851
136 196 24827
136 197 49942
136 198 44113
136 199 57132
136 200 37247
137 1 25350
137 2 4827
137 3 29141
137 4 17335
137 5 12589
137 6 10609
137 7 27985
137 8 26830
137 9 35520
137 10 34249
137 11 37115
137 12 17602
137 13 -1378
137 14 12667
137 15 6666
137 16 13012
137 17 20644
137 18 17719
137 19 33874
137 20 40858
137 21 10419
137 22 13590
137 23 13027
137 24 29513
137 25 27400
137 26 11464
137 27 15992
137 28 15417
137 29 30465
137 30 32027
137 31 23445
137 32 36588
137 33 32827
137 34 37012
137 35 46088
137 36 39585
137 37 9209
137 38 19725
137 39 15838
137 40 5841
137 41 12282
137 42 9083
137 43 10484
137 44 16124
137 45 21980
137 46 30023
137 47 32607
137 48 24055
137 49 39862
137 50 25322
137 51 33213
137 52 19810
137 53 8600
137 54 19127
137 55 28720
137 56 18740
137 57 5047
137 58 2367
137 59 5125
137 60 17089
137 61 14127
137 62 31181
137 63 42179
137 64 35035
137 65 43635
137 66 35981
137 67 19126
137 68 20978
137 69 23345
137 70 31603
137 71 44658
137 72 9273
137 73 9803
137 74 13244
137 75 12547
137 76 22156
137 77 26250
137 78 37295
137 79 28455
137 80 26572
137 81 30665
137 82 23490
137 83 19932
137 84 18060
137 85 6033
137 86 14605
137 87 -1691
137 88 27450
137 89 10984
137 90 42032
137 91 15600
137 92 8799
137 93 8629
137 94 3274
137 95 3462
137 96 8720
137 97 3272
137 98 10222
137 99 10987
137 100 9486
137 101 28180
137 102 24253
137 103 35970
137 104 10533
137 105 7756
137 106 22851
137 107 36967
137 108 31860
137 109 19694
137 110 16359
137 111 18160
137 112 6354
137 113 17045
137 114 21601
137 115 4221
137 116 25014
137 117 3697
137 118 9836
137 119 17406
137 120 36080
137 121 29554
137 122 32368
137 123 31537
137 124 33275
137 125 21013
137 126 41154
137 127 23668
137 128 37831
137 129 34285
137 130 20109
137 131 40082
137 132 21824
137 133 12711
137 134 23954
137 135 43219
137 136 52839
137 138 16047
137 139 24194
137 140 19202
137 141 16400
137 142 11615
137 143 40670
137 144 2217
137 145 5252
137 146 15905
137 147 7693
137 148 28892
137 149 12824
137 150 25413
137 151 6325
137 152 776
137 153 22557
137 154 13658
137 155 16777
137 156 9738
137 157 29295
137 158 28472
137 159 28045
137 160 36494
137 161 38499
137 162 25009
137 163 27513
137 164 34024
137 165 25714
137 166 14425
137 167 18159
137 168 35088
137 169 32472
137 170 25289
137 171 6372
137 172 5918
137 173 16860
137 174 24333
137 175 39703
137 176 20333
137 177 21012
137 178 719
137 179 14931
137 180 7148
137 181 36982
137 182 24043
137 183 5369
137 184 21068
137 185 32175
137 186 20828
137 187 24049
137 188 37384
137 189 33768
137 190 22051
137 191 15067
137 192 13939
137 193 11767
137 194 23637
137 195 14439
137 196 22866
137 197 13712
137 198 9855
137 199 23062
137 200 6544
138 1 11450
138 2 19587
138 3 10756
138 4 12276
138 5 24215
138 6 20595
138 7 26677
138 8 32319
138 9 18028
138 10 25351
138 11 31523
138 12 398
138 13 13044
138 14 30909
138 15 23090
138 16 29000
138 17 32795
138 18 21581
138 19 31296
138 20 25936
138 21 12266
138 22 20898
138 23 16049
138 24 14045
138 25 19339
138 26 1200
138 27 8924
138 28 2396
138 29 12977
138 30 18689
138 31 15451
138 32 24932
138 33 14995
138 34 18627
138 35 28065
138 36 40909
138 37 26198
138 38 37819
138 39 13565
138 40 8477
138 41 22414
138 42 27422
138 43 28293
138 44 33614
138 45 30566
138 46 35246
138 47 33534
138 48 24779
138 49 38111
138 50 8333
138 51 16746
138 52 17921
138 53 7248
138 54 6581
138 55 19337
138 56 19833
138 57 21467
138 58 9438
138 59 20346
138 60 25898
138 61 28812
138 62 25448
138 63 33385
138 64 29082
138 65 26295
138 66 20432
138 67 17418
138 68 3272
138 69 12272
138 70 19709
138 71 27417
138 72 12223
138 73 14831
138 74 18624
138 75 16630
138 76 3969
138 77 7866
138 78 18915
138 79 10078
138 80 9450
138 81 12728
138 82 25569
138 83 27565
138 84 29447
138 85 21813
138 86 30706
138 87 16694
138 88 22351
138 89 15666
138 90 31949
138 91 32337
138 92 25219
138 93 23642
138 94 16080
138 95 19007
138 96 21892
138 97 20614
138 98 26714
138 99 24909
138 100 26832
138 101 16554
138 102 6907
138 103 19284
138 104 24455
138 105 3513
138 106 22371
138 107 32907
138 108 22262
138 109 4149
138 110 12565
138 111 3397
138 112 10622
138 113 31110
138 114 27051
138 115 18034
138 116 6648
138 117 20231
138 118 19306
138 119 35215
138 120 18193
138 121 11883
138 122 18171
138 123 29454
138 124 35575
138 125 29449
138 126 32473
138 127 17440
138 128 23568
138 129 15900
138 130 8897
138 131 27745
138 132 10123
138 133 19292
138 134 9063
138 135 25172
138 136 35007
138 137 15240
138 139 20714
138 140 37223
138 141 33196
138 142 29991
138 143 40146
138 144 19937
138 145 17070
138 146 12506
138 147 15710
138 148 23442
138 149 3352
138 150 8291
138 151 22745
138 152 7847
138 153 23062
138 154 -4727
138 155 11718
138 156 9738
138 157 11819
138 158 10087
138 159 21172
138 160 23174
138 161 21357
138 162 14722
138 163 11817
138 164 15729
138 165 15895
138 166 20642
138 167 11136
138 168 35716
138 169 14174
138 170 20059
138 171 13395
138 172 24170
138 173 29733
138 174 30516
138 175 35416
138 176 6406
138 177 5120
138 178 15482
138 179 5937
138 180 4663
138 181 26297
138 182 20676
138 183 16074
138 184 2683
138 185 13968
138 186 22339
138 187 20187
138 188 21961
138 189 24870
138 190 15193
138 191 32041
138 192 31771
138 193 28609
138 194 22701
138 195 1812
138 196 4500
138 197 15015
138 198 8142
138 199 30586
138 200 3202
139 1 35361
139 2 23079
139 3 26879
139 4 651
139 5 40288
139 6 37141
139 7 49924
139 8 52852
139 9 36279
139 10 49731
139 11 55883
139 12 17330
139 13 25692
139 14 36141
139 15 20225
139 16 40175
139 17 48529
139 18 42411
139 19 55181
139 20 47859
139 21 12132
139 22 10764
139 23 -4804
139 24 14926
139 25 2149
139 26 16718
139 27 32399
139 28 26349
139 29 20188
139 30 42041
139 31 39828
139 32 48585
139 33 33690
139 34 30790
139 35 43239
139 36 63792
139 37 36362
139 38 42737
139 39 -10732
139 40 18768
139 41 13042
139 42 31405
139 43 27407
139 44 41662
139 45 49226
139 46 56187
139 47 56427
139 48 47578
139 49 61976
139 50 30343
139 51 37548
139 52 40744
139 53 25507
139 54 7307
139 55 6648
139 56 2189
139 57 22213
139 58 22205
139 59 32996
139 60 43978
139 61 41881
139 62 49747
139 63 57683
139 64 53494
139 65 43058
139 66 41078
139 67 -6978
139 68 15754
139 69 36683
139 70 43767
139 71 45341
139 72 5160
139 73 11936
139 74 9754
139 75 3069
139 76 24699
139 77 25188
139 78 32624
139 79 25447
139 80 20474
139 81 30462
139 82 47664
139 83 46591
139 84 45809
139 85 33599
139 86 41403
139 87 23797
139 88 46434
139 89 35254
139 90 56080
139 91 42518
139 92 36455
139 93 36463
139 94 30578
139 95 31353
139 96 36437
139 97 30726
139 98 37631
139 99 38860
139 100 36036
139 101 40812
139 102 27787
139 103 38948
139 104 38406
139 105 20649
139 106 45217
139 107 57090
139 108 46556
139 109 16182
139 110 7333
139 111 27753
139 112 29061
139 113 44797
139 114 47520
139 115 20032
139 116 24354
139 117 31583
139 118 36930
139 119 42425
139 120 35297
139 121 20664
139 122 41277
139 123 53161
139 124 57864
139 125 48190
139 126 56794
139 127 41523
139 128 45912
139 129 30530
139 130 5675
139 131 51127
139 132 34528
139 133 8200
139 134 11049
139 135 40509
139 136 50684
139 137 24748
139 138 22075
139 140 42562
139 141 42880
139 142 33664
139 143 63658
139 144 23937
139 145 11976
139 146 35030
139 147 33499
139 148 47656
139 149 12765
139 150 19315
139 151 33981
139 152 20614
139 153 45477
139 154 19686
139 155 93
139 156 29898
139 157 32147
139 158 26210
139 159 45562
139 160 46197
139 161 39894
139 162 39121
139 163 15041
139 164 30033
139 165 5134
139 166 40038
139 167 35085
139 168 58700
139 169 25909
139 170 -2568
139 171 6505
139 172 28162
139 173 44749
139 174 50742
139 175 59642
139 176 30548
139 177 14486
139 178 18032
139 179 7573
139 180 14859
139 181 50092
139 182 44508
139 183 31996
139 184 22183
139 185 31168
139 186 2839
139 187 -3813
139 188 43290
139 189 49250
139 190 39433
139 191 41494
139 192 39162
139 193 38674
139 194 45735
139 195 12234
139 196 23440
139 197 3399
139 198 6354
139 199 49776
139 200 24443
140 1 52970
140 2 30949
140 3 60025
140 4 46171
140 5 19801
140 6 31220
140 7 44009
140 8 33752
140 9 64695
140 10 55702
140 11 53349
140 12 48933
140 13 26417
140 14 2628
140 15 14569
140 16 5787
140 17 16484
140 18 33248
140 19 47163
140 20 67217
140 21 39645
140 22 36098
140 23 34436
140 24 60686
140 25 55951
140 26 42848
140 27 43087
140 28 45432
140 29 61845
140 30 57545
140 31 46267
140 32 59270
140 33 62690
140 34 67809
140 35 75814
140 36 45253
140 37 17561
140 38 -11181
140 39 41432
140 40 37122
140 41 31268
140 42 16202
140 43 7708
140 44 3652
140 45 23467
140 46 32431
140 47 41080
140 48 35234
140 49 49031
140 50 54861
140 51 61519
140 52 41269
140 53 38912
140 54 50024
140 55 58144
140 56 43855
140 57 22706
140 58 33602
140 59 18028
140 60 28343
140 61 13340
140 62 49665
140 63 61645
140 64 49169
140 65 72034
140 66 62378
140 67 42224
140 68 52312
140 69 49860
140 70 56600
140 71 73223
140 72 36292
140 73 37325
140 74 38194
140 75 36582
140 76 52758
140 77 57157
140 78 68041
140 79 59229
140 80 57952
140 81 60568
140 82 35460
140 83 28781
140 84 20923
140 85 9449
140 86 -1637
140 87 18594
140 88 47423
140 89 32471
140 90 63331
140 91 14738
140 92 22144
140 93 16691
140 94 25162
140 95 23089
140 96 24559
140 97 21201
140 98 17702
140 99 23338
140 100 12618
140 101 53802
140 102 53869
140 103 64104
140 104 22884
140 105 38880
140 106 39549
140 107 51558
140 108 53589
140 109 51072
140 110 45717
140 111 47620
140 112 33074
140 113 8879
140 114 29991
140 115 29583
140 116 56028
140 117 26401
140 118 20782
140 119 7012
140 120 65790
140 121 60915
140 122 58975
140 123 45226
140 124 40954
140 125 23393
140 126 60671
140 127 46468
140 128 63374
140 129 65139
140 130 50642
140 131 63478
140 132 48941
140 133 35467
140 134 55107
140 135 73025
140 136 82169
140 137 28240
140 138 47068
140 139 51046
140 141 5922
140 142 11828
140 143 48740
140 144 21508
140 145 25594
140 146 41543
140 147 28288
140 148 48082
140 149 44037
140 150 56793
140 151 19670
140 152 32011
140 153 39216
140 154 44679
140 155 45613
140 156 37294
140 157 58944
140 158 59356
140 159 47571
140 160 61235
140 161 67071
140 162 49937
140 163 58770
140 164 64411
140 165 55422
140 166 30621
140 167 43338
140 168 44199
140 169 63576
140 170 51883
140 171 30995
140 172 17237
140 173 17824
140 174 28737
140 175 54333
140 176 48515
140 177 52376
140 178 25634
140 179 45613
140 180 38385
140 181 57646
140 182 41450
140 183 27294
140 184 52012
140 185 62543
140 186 44931
140 187 50918
140 188 64136
140 189 55221
140 190 44586
140 191 7489
140 192 7957
140 193 12517
140 194 40350
140 195 45741
140 196 53692
140 197 40290
140 198 39365
140 199 30207
140 200 34927
141 1 41443
141 2 23996
141 3 49614
141 4 39348
141 5 7729
141 6 19828
141 7 32004
141 8 22416
141 9 53343
141 10 43620
141 11 41503
141 12 39261
141 13 16557
141 14 460
141 15 12873
141 16 -6079
141 17 6412
141 18 21166
141 19 35535
141 20 55341
141 21 32394
141 22 31591
141 23 30999
141 24 51916
141 25 49421
141 26 33536
141 27 31715
141 28 34816
141 29 52235
141 30 45625
141 31 34245
141 32 47189
141 33 51651
141 34 57194
141 35 64584
141 36 34908
141 37 7483
141 38 819
141 39 36355
141 40 28345
141 41 27780
141 42 11143
141 43 8565
141 44 -3186
141 45 12829
141 46 22340
141 47 30041
141 48 23672
141 49 38180
141 50 43801
141 51 49987
141 52 29287
141 53 28718
141 54 41673
141 55 51043
141 56 38771
141 57 17608
141 58 24224
141 59 6983
141 60 16265
141 61 1307
141 62 37627
141 63 49622
141 64 37676
141 65 60383
141 66 50464
141 67 38465
141 68 42557
141 69 38211
141 70 44671
141 71 61657
141 72 30132
141 73 30803
141 74 32823
141 75 31758
141 76 42232
141 77 46801
141 78 57425
141 79 48689
141 80 48430
141 81 49515
141 82 23672
141 83 16897
141 84 9249
141 85 -2157
141 86 -7596
141 87 10680
141 88 35340
141 89 20749
141 90 51252
141 91 3722
141 92 11799
141 93 5117
141 94 14332
141 95 12735
141 96 13160
141 97 11725
141 98 7033
141 99 11792
141 100 2988
141 101 41970
141 102 42795
141 103 52483
141 104 11338
141 105 29138
141 106 27491
141 107 39839
141 108 41507
141 109 41813
141 110 38528
141 111 36689
141 112 22111
141 113 -687
141 114 18397
141 115 23029
141 116 45802
141 117 16626
141 118 8699
141 119 1382
141 120 54621
141 121 51195
141 122 47192
141 123 33500
141 124 29913
141 125 12544
141 126 48642
141 127 34483
141 128 51414
141 129 54655
141 130 42664
141 131 51409
141 132 37396
141 133 30946
141 134 46389
141 135 61841
141 136 70786
141 137 19416
141 138 37019
141 139 45342
141 140 -100
141 142 8374
141 143 38005
141 144 15037
141 145 21193
141 146 30018
141 147 16699
141 148 36011
141 149 35296
141 150 47271
141 151 9325
141 152 22633
141 153 27145
141 154 34630
141 155 38790
141 156 26297
141 157 47864
141 158 48945
141 159 35506
141 160 49227
141 161 55529
141 162 38056
141 163 49844
141 164 53531
141 165 48116
141 166 18575
141 167 31604
141 168 33052
141 169 53312
141 170 46441
141 171 25606
141 172 11593
141 173 6065
141 174 17856
141 175 42623
141 176 37151
141 177 43174
141 178 19031
141 179 37488
141 180 29648
141 181 45599
141 182 29417
141 183 16149
141 184 41753
141 185 51743
141 186 40321
141 187 45227
141 188 52297
141 189 43139
141 190 32568
141 191 -3549
141 192 982
141 193 1813
141 194 28300
141 195 36800
141 196 43301
141 197 34449
141 198 32034
141 199 18545
141 200 24008
142 1 40719
142 2 14648
142 3 45409
142 4 29688
142 5 14682
142 6 20375
142 7 37534
142 8 31201
142 9 51567
142 10 47000
142 11 47481
142 12 33686
142 13 12509
142 14 -2142
142 15 -155
142 16 5787
142 17 18096
142 18 26103
142 19 42604
142 20 55944
142 21 23266
142 22 19898
142 23 18792
142 24 44651
142 25 39461
142 26 27441
142 27 30850
142 28 31525
142 29 46329
142 30 46682
142 31 36602
142 32 50130
142 33 49009
142 34 53279
142 35 62282
142 36 44658
142 37 7093
142 38 4582
142 39 25157
142 40 21504
142 41 15467
142 42 -117
142 43 -3260
142 44 4422
142 45 23216
142 46 32809
142 47 38792
142 48 31299
142 49 46931
142 50 41389
142 51 48971
142 52 31764
142 53 24705
142 54 33871
142 55 41670
142 56 27543
142 57 6227
142 58 18642
142 59 7945
142 60 22211
142 61 10670
142 62 42397
142 63 54218
142 64 44736
142 65 59534
142 66 51164
142 67 26487
142 68 37020
142 69 38161
142 70 45940
142 71 60567
142 72 19801
142 73 20845
142 74 21780
142 75 20317
142 76 38428
142 77 42519
142 78 53570
142 79 44731
142 80 42474
142 81 46863
142 82 30741
142 83 24394
142 84 18472
142 85 3033
142 86 5109
142 87 3282
142 88 39153
142 89 22161
142 90 54892
142 91 9154
142 92 10841
142 93 8805
142 94 13184
142 95 10742
142 96 14569
142 97 7906
142 98 8364
142 99 14369
142 100 3470
142 101 42710
142 102 40357
142 103 51717
142 104 13915
142 105 24028
142 106 32538
142 107 46460
142 108 44801
142 109 35470
142 110 29286
142 111 34132
142 112 20470
142 113 11811
142 114 26559
142 115 13165
142 116 41269
142 117 12916
142 118 14580
142 119 4926
142 120 52251
142 121 45508
142 122 47445
142 123 40318
142 124 38822
142 125 22636
142 126 53193
142 127 36642
142 128 52604
142 129 50553
142 130 34352
142 131 53948
142 132 36897
142 133 19272
142 134 39079
142 135 59422
142 136 68958
142 137 13134
142 138 32317
142 139 34629
142 140 4309
142 141 6877
142 143 47061
142 144 5233
142 145 9360
142 146 29921
142 147 17847
142 148 40335
142 149 28186
142 150 41315
142 151 8367
142 152 17051
142 153 32062
142 154 29928
142 155 29130
142 156 24529
142 157 45414
142 158 44740
142 159 39816
142 160 50908
142 161 54395
142 162 39178
142 163 42838
142 164 50296
142 165 38971
142 166 22621
142 167 32192
142 168 41578
142 169 48675
142 170 35538
142 171 14567
142 172 932
142 173 15611
142 174 27530
142 175 49253
142 176 35884
142 177 36687
142 178 9243
142 179 29421
142 180 22646
142 181 49726
142 182 34482
142 183 15796
142 184 37337
142 185 48438
142 186 28768
142 187 34506
142 188 52638
142 189 46519
142 190 34980
142 191 5853
142 192 2362
142 193 5784
142 194 33406
142 195 29969
142 196 39143
142 197 23827
142 198 22979
142 199 26861
142 200 21855
143 1 35890
143 2 54754
143 3 50102
143 4 60851
143 5 29241
143 6 39425
143 7 18040
143 8 18003
143 9 41262
143 10 21514
143 11 7505
143 12 48933
143 13 41341
143 14 46776
143 15 53627
143 16 35204
143 17 26484
143 18 24388
143 19 3015
143 20 35948
143 21 56730
143 22 63099
143 23 61763
143 24 60686
143 25 68743
143 26 48698
143 27 36163
143 28 42924
143 29 55697
143 30 28422
143 31 22064
143 32 19906
143 33 45684
143 34 51014
143 35 51088
143 36 -3830
143 37 43530
143 38 46819
143 39 61796
143 40 49699
143 41 62210
143 42 51639
143 43 53060
143 44 44011
143 45 17470
143 46 6603
143 47 -466
143 48 2966
143 49 -8854
143 50 41477
143 51 37808
143 52 28637
143 53 44271
143 54 55847
143 55 68732
143 56 66248
143 57 53639
143 58 45751
143 59 37026
143 60 30191
143 61 34635
143 62 14228
143 63 17475
143 64 -6131
143 65 39449
143 66 27133
143 67 65802
143 68 48365
143 69 34085
143 70 30222
143 71 44457
143 72 56899
143 73 57877
143 74 62038
143 75 61183
143 76 45100
143 77 48945
143 78 52841
143 79 46792
143 80 55976
143 81 42247
143 82 12981
143 83 24961
143 84 28754
143 85 33450
143 86 32332
143 87 44082
143 88 21043
143 89 32471
143 90 23194
143 91 44435
143 92 44109
143 93 36546
143 94 38008
143 95 40903
143 96 38259
143 97 43625
143 98 42406
143 99 39191
143 100 42728
143 101 31942
143 102 38834
143 103 36451
143 104 38737
143 105 45237
143 106 18883
143 107 5351
143 108 17925
143 109 53172
143 110 60301
143 111 40255
143 112 37535
143 113 28879
143 114 16404
143 115 54150
143 116 49754
143 117 45128
143 118 24477
143 119 48006
143 120 44596
143 121 54596
143 122 33623
143 123 6091
143 124 7225
143 125 17408
143 126 17244
143 127 27273
143 128 29624
143 129 52877
143 130 58270
143 131 25205
143 132 34675
143 133 62073
143 134 56946
143 135 49424
143 136 54751
143 137 46785
143 138 47068
143 139 69219
143 140 45817
143 141 41104
143 142 51657
143 144 49946
143 145 55172
143 146 35702
143 147 33222
143 148 17090
143 149 51816
143 150 54817
143 151 41635
143 152 44160
143 153 21901
143 154 44679
143 155 60293
143 156 38733
143 157 43135
143 158 49433
143 159 12149
143 160 26830
143 161 39744
143 162 28550
143 163 58770
143 164 45354
143 165 65282
143 166 28870
143 167 30545
143 168 2983
143 169 51976
143 170 69234
143 171 55575
143 172 50255
143 173 31517
143 174 12778
143 175 7105
143 176 34950
143 177 53380
143 178 50615
143 179 54975
143 180 49183
143 181 11609
143 182 11718
143 183 36966
143 184 46612
143 185 47863
143 186 68686
143 187 68848
143 188 32945
143 189 21033
143 190 22633
143 191 41969
143 192 46141
143 193 41813
143 194 18033
143 195 51141
143 196 46270
143 197 60927
143 198 54635
143 199 24376
143 200 34927
144 1 32625
144 2 4381
144 3 35665
144 4 19743
144 5 15014
144 6 15790
144 7 33923
144 8 30825
144 9 42580
144 10 41196
144 11 43462
144 12 23682
144 13 5016
144 14 7669
144 15 -451
144 16 11537
144 17 21639
144 18 23012
144 19 39679
144 20 48138
144 21 13077
144 22 11709
144 23 11352
144 24 34356
144 25 29694
144 26 17413
144 27 23239
144 28 22521
144 29 36146
144 30 39292
144 31 30442
144 32 43723
144 33 39773
144 34 43494
144 35 52987
144 36 44170
144 37 8223
144 38 14745
144 39 16256
144 40 11439
144 41 8676
144 42 2985
144 43 3352
144 44 12678
144 45 24693
144 46 33602
144 47 37520
144 48 29263
144 49 45204
144 50 32402
144 51 40412
144 52 26383
144 53 15768
144 54 23579
144 55 31660
144 56 18676
144 57 -1347
144 58 9240
144 59 6673
144 60 20902
144 61 14152
144 62 37720
144 63 48997
144 64 41257
144 65 50756
144 66 43255
144 67 18544
144 68 26951
144 69 30607
144 70 38830
144 71 51784
144 72 10147
144 73 10945
144 74 12726
144 75 11715
144 76 28922
144 77 32787
144 78 43840
144 79 35024
144 80 32329
144 81 37582
144 82 28599
144 83 23704
144 84 20052
144 85 5685
144 86 12494
144 87 -3742
144 88 34072
144 89 17062
144 90 49031
144 91 13861
144 92 9429
144 93 9487
144 94 8113
144 95 6478
144 96 11962
144 97 4011
144 98 9714
144 99 13204
144 100 7295
144 101 35422
144 102 31296
144 103 43163
144 104 12750
144 105 14470
144 106 28780
144 107 43038
144 108 38859
144 109 25294
144 110 19173
144 111 25325
144 112 13333
144 113 16805
144 114 25767
144 115 3093
144 116 31487
144 117 7142
144 118 13439
144 119 13499
144 120 43025
144 121 35367
144 122 39648
144 123 37325
144 124 37902
144 125 23858
144 126 47968
144 127 30591
144 128 45106
144 129 40793
144 130 24096
144 131 47269
144 132 29101
144 133 11035
144 134 28785
144 135 50104
144 136 59821
144 137 4135
144 138 22662
144 139 25301
144 140 14388
144 141 13939
144 142 5632
144 143 45749
144 145 1656
144 146 22988
144 147 13206
144 148 35469
144 149 17940
144 150 31170
144 151 6955
144 152 7649
144 153 28383
144 154 20273
144 155 19185
144 156 16931
144 157 36319
144 158 34996
144 159 34743
144 160 43744
144 161 45636
144 162 32200
144 163 32553
144 164 40728
144 165 28889
144 166 19468
144 167 25291
144 168 40104
144 169 38740
144 170 26375
144 171 5514
144 172 -427
144 173 18042
144 174 27918
144 175 45800
144 176 27595
144 177 26471
144 178 -890
144 179 19132
144 180 12472
144 181 43981
144 182 30303
144 183 10709
144 184 27628
144 185 38952
144 186 20283
144 187 25187
144 188 44656
144 189 40715
144 190 28980
144 191 12562
144 192 10184
144 193 10048
144 194 29611
144 195 19741
144 196 29485
144 197 14399
144 198 12798
144 199 26656
144 200 13818
145 1 35941
145 2 7058
145 3 35098
145 4 13116
145 5 25042
145 6 24392
145 7 41805
145 8 40348
145 9 43600
145 10 47000
145 11 50661
145 12 22711
145 13 12509
145 14 15858
145 15 -155
145 16 21597
145 17 31930
145 18 31597
145 19 47707
145 20 51262
145 21 8928
145 22 1898
145 23 1189
145 24 30114
145 25 22196
145 26 17081
145 27 28009
145 28 24998
145 29 33337
145 30 43204
145 31 36183
145 32 48627
145 33 40479
145 34 42314
145 35 53087
145 36 53371
145 37 18514
145 38 22185
145 39 7201
145 40 12330
145 41 -1503
145 42 11410
145 43 6924
145 44 21936
145 45 34729
145 46 43362
145 47 46461
145 48 37940
145 49 53754
145 50 34022
145 51 42432
145 52 33337
145 53 19399
145 54 19338
145 55 24999
145 56 9623
145 57 2327
145 58 12989
145 59 16749
145 60 30438
145 61 24441
145 62 44592
145 63 55122
145 64 48637
145 65 51823
145 66 46011
145 67 8659
145 68 25182
145 69 34904
145 70 43280
145 71 53032
145 72 3118
145 73 5405
145 74 4217
145 75 2349
145 76 29433
145 77 32399
145 78 42983
145 79 34434
145 80 30176
145 81 38076
145 82 37360
145 83 33298
145 84 30213
145 85 15975
145 86 22224
145 87 6253
145 88 40822
145 89 24844
145 90 54580
145 91 23969
145 92 19608
145 93 19726
145 94 16865
145 95 15981
145 96 21582
145 97 14005
145 98 20009
145 99 23177
145 100 17398
145 101 39814
145 102 32609
145 103 44994
145 104 22723
145 105 16467
145 106 36684
145 107 50694
145 108 44460
145 109 23289
145 110 13612
145 111 27834
145 112 19713
145 113 27041
145 114 35186
145 115 3718
145 116 31043
145 117 16290
145 118 23063
145 119 22555
145 120 43515
145 121 32906
145 122 43063
145 123 45379
145 124 47058
145 125 33852
145 126 54111
145 127 36642
145 128 48646
145 129 40000
145 130 19128
145 131 51851
145 132 33099
145 133 1272
145 134 24766
145 135 50190
145 136 60231
145 137 10747
145 138 23372
145 139 16917
145 140 22051
145 141 23672
145 142 13336
145 143 54552
145 144 5233
145 146 28738
145 147 21563
145 148 42285
145 149 15861
145 150 29017
145 151 17134
145 152 11398
145 153 36419
145 154 20983
145 155 12558
145 156 22435
145 157 37493
145 158 34429
145 159 41257
145 160 47782
145 161 47014
145 162 37049
145 163 28788
145 164 40252
145 165 22573
145 166 28244
145 167 30661
145 168 48957
145 169 37191
145 170 17656
145 171 -2797
145 172 8443
145 173 28307
145 174 37650
145 175 53415
145 176 30757
145 177 23914
145 178 1222
145 179 15151
145 180 11935
145 181 49456
145 182 37709
145 183 19171
145 184 27565
145 185 39021
145 186 10768
145 187 16774
145 188 47466
145 189 46519
145 190 34980
145 191 22344
145 192 19482
145 193 20186
145 194 37454
145 195 17566
145 196 29456
145 197 6482
145 198 8037
145 199 36347
145 200 18520
146 1 10344
146 2 21200
146 3 20384
146 4 24081
146 5 13036
146 6 11381
146 7 13801
146 8 18777
146 9 22247
146 10 17291
146 11 21108
146 12 13837
146 13 9158
146 14 25473
146 15 23608
146 16 19990
146 17 20944
146 18 8128
146 19 19264
146 20 25005
146 21 20288
146 22 27678
146 23 25475
146 24 27287
146 25 32418
146 26 12011
146 27 906
146 28 7144
146 29 24869
146 30 15666
146 31 6466
146 32 19642
146 33 20905
146 34 27017
146 35 33539
146 36 27790
146 37 19515
146 38 31236
146 39 25003
146 40 13422
146 41 27780
146 42 24437
146 43 26568
146 44 26302
146 45 17470
146 46 21645
146 47 20401
146 48 11566
146 49 25972
146 50 13167
146 51 18896
146 52 4626
146 53 7738
146 54 20091
146 55 32590
146 56 29686
146 57 22047
146 58 10311
146 59 12546
146 60 13691
146 61 19027
146 62 14919
146 63 25328
146 64 19097
146 65 29400
146 66 20235
146 67 29011
146 68 15567
146 69 7284
146 70 14957
146 71 30591
146 72 20577
146 73 21863
146 74 26131
146 75 25056
146 76 13170
146 77 17930
146 78 27350
146 79 18957
146 80 22353
146 81 18716
146 82 12046
146 83 14612
146 84 17685
146 85 13378
146 86 21321
146 87 14030
146 88 11174
146 89 3877
146 90 25039
146 91 24586
146 92 18522
146 93 15005
146 94 8880
146 95 12735
146 96 13160
146 97 15514
146 98 19388
146 99 16030
146 100 20165
146 101 11694
146 102 12070
146 103 21467
146 104 15576
146 105 8484
146 106 9139
146 107 21611
146 108 14870
146 109 17750
146 110 23506
146 111 6887
146 112 3375
146 113 20293
146 114 13541
146 115 20355
146 116 17528
146 117 15361
146 118 7390
146 119 28584
146 120 23652
146 121 23648
146 122 16558
146 123 17136
146 124 22151
146 125 16351
146 126 24311
146 127 6811
146 128 21589
146 129 25029
146 130 22269
146 131 23231
146 132 6305
146 133 26474
146 134 22552
146 135 30834
146 136 39675
146 137 13855
146 138 11263
146 139 32426
146 140 30455
146 141 24952
146 142 26352
146 143 27537
146 144 19020
146 145 21193
146 147 5385
146 148 12622
146 149 15152
146 150 21194
146 151 16048
146 152 8720
146 153 9592
146 154 8874
146 155 23523
146 156 2795
146 157 17103
146 158 19715
146 159 11443
146 160 19933
146 161 24447
146 162 8223
146 163 25082
146 164 22912
146 165 29188
146 166 8023
146 167 1235
146 168 22640
146 169 24094
146 170 32563
146 171 20008
146 172 21784
146 173 18727
146 174 17001
146 175 24260
146 176 6103
146 177 18607
146 178 17206
146 179 18389
146 180 12472
146 181 19987
146 182 8675
146 183 7811
146 184 13640
146 185 21435
146 186 32169
146 187 32065
146 188 21784
146 189 16810
146 190 5160
146 191 24183
146 192 25383
146 193 21100
146 194 9619
146 195 14866
146 196 14515
146 197 24399
146 198 17907
146 199 17475
146 200 -1798
147 1 20235
147 2 17024
147 3 29310
147 4 26559
147 5 3999
147 6 1979
147 7 16204
147 8 15017
147 9 32139
147 10 24639
147 11 25849
147 12 20577
147 13 3618
147 14 16024
147 15 17008
147 16 10130
147 17 12584
147 18 5520
147 19 21977
147 20 34524
147 21 20590
147 22 25630
147 23 24787
147 24 34157
147 25 36100
147 26 16300
147 27 10550
147 28 14687
147 29 32991
147 30 24959
147 31 14309
147 32 27820
147 33 30616
147 34 36484
147 35 43408
147 36 27405
147 37 10043
147 38 21420
147 39 26417
147 40 13850
147 41 24486
147 42 16302
147 43 18529
147 44 16456
147 45 11376
147 46 18342
147 47 20401
147 48 11868
147 49 27729
147 50 22794
147 51 28785
147 52 9403
147 53 10346
147 54 25305
147 55 36755
147 56 29890
147 57 16237
147 58 9240
147 59 2889
147 60 6126
147 61 9291
147 62 20322
147 63 31968
147 64 23566
147 65 39243
147 66 29730
147 67 30146
147 68 23347
147 69 17059
147 70 24070
147 71 40469
147 72 20321
147 73 21010
147 74 24921
147 75 24189
147 76 21907
147 77 26635
147 78 36753
147 79 28163
147 80 29671
147 81 28459
147 82 11286
147 83 8584
147 84 9249
147 85 3487
147 86 11560
147 87 6970
147 88 16881
147 89 -172
147 90 32532
147 91 14738
147 92 9239
147 93 5117
147 94 563
147 95 4182
147 96 3371
147 97 7201
147 98 9714
147 99 6148
147 100 10578
147 101 21090
147 102 21758
147 103 31320
147 104 5694
147 105 11575
147 106 11062
147 107 25325
147 108 22442
147 109 23888
147 110 25564
147 111 15924
147 112 2304
147 113 11069
147 114 9718
147 115 16426
147 116 25888
147 117 7818
147 118 -703
147 119 18854
147 120 33482
147 121 31826
147 122 26199
147 123 19624
147 124 21105
147 125 10305
147 126 30939
147 127 14354
147 128 30863
147 129 34189
147 130 27010
147 131 31714
147 132 16190
147 133 24686
147 134 28952
147 135 40685
147 136 49574
147 137 9062
147 138 17886
147 139 34314
147 140 20619
147 141 15052
147 142 17697
147 143 28476
147 144 12657
147 145 17437
147 146 8804
147 148 18158
147 149 19081
147 150 28512
147 151 6765
147 152 7649
147 153 10663
147 154 15497
147 155 26001
147 156 5942
147 157 26814
147 158 28641
147 159 17581
147 160 28935
147 161 34332
147 162 17325
147 163 31938
147 164 32580
147 165 33502
147 166 2278
147 167 10558
147 168 22883
147 169 33084
147 170 35138
147 171 18242
147 172 14127
147 173 9580
147 174 12778
147 175 28090
147 176 15961
147 177 25137
147 178 12879
147 179 22194
147 180 14417
147 181 27380
147 182 12683
147 183 -689
147 184 21861
147 185 30926
147 186 32169
147 187 34097
147 188 31394
147 189 24158
147 190 12662
147 191 14300
147 192 15742
147 193 11299
147 194 11898
147 195 19821
147 196 23137
147 197 24631
147 198 19319
147 199 11768
147 200 3642
148 1 13978
148 2 38290
148 3 28237
148 4 40346
148 5 20727
148 6 24979
148 7 4593
148 8 15625
148 9 21516
148 10 3267
148 11 3652
148 12 27414
148 13 25430
148 14 37956
148 15 39798
148 16 29000
148 17 24500
148 18 11897
148 19 3425
148 20 18297
148 21 37577
148 22 45142
148 23 42736
148 24 38766
148 25 47490
148 26 28216
148 27 15772
148 28 22007
148 29 33839
148 30 9005
148 31 136
148 32 6697
148 33 24367
148 34 30343
148 35 32373
148 36 14707
148 37 32398
148 38 41671
148 39 41550
148 40 30838
148 41 45176
148 42 39289
148 43 41498
148 44 36976
148 45 16946
148 46 14366
148 47 8019
148 48 913
148 49 10045
148 50 19576
148 51 17588
148 52 10389
148 53 25137
148 54 34396
148 55 47383
148 56 46794
148 57 38613
148 58 27726
148 59 25202
148 60 20352
148 61 27642
148 62 -2535
148 63 9056
148 64 1634
148 65 24031
148 66 12222
148 67 45515
148 68 26453
148 69 12272
148 70 9279
148 71 26843
148 72 37895
148 73 39288
148 74 43558
148 75 42419
148 76 23202
148 77 27015
148 78 31695
148 79 25143
148 80 34117
148 81 21274
148 82 6064
148 83 17596
148 84 22998
148 85 24238
148 86 28865
148 87 29773
148 88 18
148 89 16691
148 90 10437
148 91 35700
148 92 31935
148 93 26267
148 94 23482
148 95 27182
148 96 25700
148 97 30201
148 98 31709
148 99 27766
148 100 32582
148 101 10135
148 102 17086
148 103 17911
148 104 27312
148 105 25597
148 106 4482
148 107 4623
148 108 1068
148 109 31697
148 110 40135
148 111 18712
148 112 20074
148 113 25935
148 114 11702
148 115 37532
148 116 27842
148 117 30660
148 118 14644
148 119 40063
148 120 24391
148 121 32715
148 122 13084
148 123 2273
148 124 12119
148 125 16090
148 126 8036
148 127 6193
148 128 13139
148 129 31249
148 130 36911
148 131 11256
148 132 12896
148 133 43931
148 134 35128
148 135 30270
148 136 37033
148 137 30589
148 138 25946
148 139 48799
148 140 40741
148 141 34692
148 142 40513
148 143 12672
148 144 35248
148 145 38487
148 146 16369
148 147 18486
148 149 31204
148 150 32958
148 151 29461
148 152 26135
148 153 7832
148 154 23557
148 155 39788
148 156 20168
148 157 21503
148 158 27568
148 159 -5315
148 160 10374
148 161 21357
148 162 6624
148 163 36876
148 164 24980
148 165 43917
148 166 16037
148 167 9737
148 168 10070
148 169 30429
148 170 48344
148 171 37470
148 172 37113
148 173 25434
148 174 13316
148 175 7147
148 176 13059
148 177 31690
148 178 34273
148 179 34158
148 180 29575
148 181 4813
148 182 -4924
148 183 22168
148 184 24767
148 185 26354
148 186 49303
148 187 48338
148 188 15494
148 189 2786
148 190 1051
148 191 34613
148 192 37353
148 193 32596
148 194 3468
148 195 30096
148 196 24349
148 197 41569
148 198 34873
148 199 18851
148 200 15563
149 1 19026
149 2 16025
149 3 14999
149 4 4878
149 5 26862
149 6 23066
149 7 33131
149 8 37269
149 9 23859
149 10 32911
149 11 38872
149 12 2678
149 13 13264
149 14 29448
149 15 18755
149 16 29754
149 17 35530
149 18 26549
149 19 38212
149 20 33057
149 21 5810
149 22 14146
149 23 8468
149 24 12430
149 25 13127
149 26 -194
149 27 15436
149 28 9326
149 29 13989
149 30 26179
149 31 22839
149 32 32504
149 33 20722
149 34 22249
149 35 33004
149 36 47206
149 37 26163
149 38 36584
149 39 6106
149 40 5841
149 41 16094
149 42 25121
149 43 24815
149 44 33212
149 45 34625
149 46 40484
149 47 39816
149 48 30982
149 49 45023
149 50 15193
149 51 23418
149 52 24030
149 53 9706
149 54 2220
149 55 13515
149 56 12244
149 57 17674
149 58 8876
149 59 21240
149 60 29455
149 61 30249
149 62 32722
149 63 40979
149 64 36544
149 65 31946
149 66 27233
149 67 10049
149 68 5168
149 69 19804
149 70 27320
149 71 33303
149 72 5160
149 73 8508
149 74 11734
149 75 9328
149 76 9943
149 77 12363
149 78 22865
149 79 14318
149 80 10312
149 81 18183
149 82 31337
149 83 31672
149 84 32334
149 85 22591
149 86 31443
149 87 15013
149 88 29414
149 89 19753
149 90 39565
149 91 32542
149 92 25482
149 93 24752
149 94 17487
149 95 19527
149 96 23559
149 97 20243
149 98 27017
149 99 26409
149 100 26549
149 101 24167
149 102 13371
149 103 25673
149 104 25955
149 105 4688
149 106 28553
149 107 40064
149 108 29861
149 109 3272
149 110 4949
149 111 11007
149 112 13768
149 113 32984
149 114 31943
149 115 13981
149 116 11029
149 117 20185
149 118 22636
149 119 34461
149 120 23572
149 121 13297
149 122 25581
149 123 36239
149 124 41504
149 125 33533
149 126 40060
149 127 24498
149 128 30825
149 129 19876
149 130 3683
149 131 35267
149 132 17676
149 133 12383
149 134 6866
149 135 30111
149 136 40194
149 137 13943
149 138 5278
149 139 13330
149 140 36118
149 141 33399
149 142 27786
149 143 46820
149 144 17141
149 145 11485
149 146 18321
149 147 18831
149 148 30626
149 150 9153
149 151 23008
149 152 7285
149 153 28968
149 154 2889
149 155 4320
149 156 13851
149 157 18099
149 158 14330
149 159 28575
149 160 30606
149 161 27390
149 162 22274
149 163 10469
149 164 20128
149 165 10207
149 166 24781
149 167 18068
149 168 42049
149 169 17186
149 170 13165
149 171 6896
149 172 21728
149 173 32020
149 174 35341
149 175 42613
149 176 14014
149 177 4290
149 178 11703
149 179 -993
149 180 828
149 181 33895
149 182 27539
149 183 18172
149 184 7778
149 185 19027
149 186 14742
149 187 12879
149 188 28910
149 189 32430
149 190 22405
149 191 32094
149 192 30998
149 193 28730
149 194 29007
149 195 -2431
149 196 9598
149 197 7552
149 198 824
149 199 34813
149 200 7967
150 1 16099
150 2 27996
150 3 4676
150 4 11277
150 5 35394
150 6 31759
150 7 35797
150 8 42806
150 9 14124
150 10 30909
150 11 38079
150 12 1723
150 13 23652
150 14 40950
150 15 30780
150 16 39962
150 17 43962
150 18 32211
150 19 39256
150 20 26019
150 21 17514
150 22 25053
150 23 16442
150 24 3265
150 25 13574
150 26 9238
150 27 18957
150 28 12924
150 29 2163
150 30 21212
150 31 22583
150 32 27767
150 33 11504
150 34 10468
150 35 21941
150 36 49864
150 37 36855
150 38 48027
150 39 11424
150 40 17297
150 41 27360
150 42 36885
150 43 36841
150 44 44189
150 45 41461
150 46 45433
150 47 42614
150 48 34085
150 49 45853
150 50 9621
150 51 15537
150 52 27837
150 53 18229
150 54 1227
150 55 13356
150 56 20660
150 57 29702
150 58 19535
150 59 31281
150 60 36995
150 61 39907
150 62 32578
150 63 38100
150 64 34748
150 65 21432
150 66 18896
150 67 14054
150 68 -6433
150 69 19321
150 70 24107
150 71 23319
150 72 15965
150 73 20127
150 74 22601
150 75 19225
150 76 4509
150 77 3260
150 78 11381
150 79 3431
150 80 -1730
150 81 8286
150 82 35460
150 83 38501
150 84 40611
150 85 32753
150 86 41683
150 87 26490
150 88 30397
150 89 26733
150 90 36072
150 91 43114
150 92 35961
150 93 34649
150 94 27087
150 95 29797
150 96 32980
150 97 31087
150 98 37495
150 99 35981
150 100 37411
150 101 21973
150 102 6239
150 103 16746
150 104 35527
150 105 13906
150 106 31939
150 107 40181
150 108 27203
150 109 2526
150 110 14096
150 111 11249
150 112 21799
150 113 42272
150 114 37600
150 115 26010
150 116 3085
150 117 30800
150 118 30440
150 119 45626
150 120 13275
150 121 1308
150 122 20380
150 123 37774
150 124 45145
150 125 40341
150 126 37333
150 127 25822
150 128 24202
150 129 8695
150 130 3831
150 131 30033
150 132 17210
150 133 23064
150 134 -659
150 135 19098
150 136 29293
150 137 25157
150 138 8842
150 139 18505
150 140 47499
150 141 43999
150 142 39540
150 143 48446
150 144 28996
150 145 23266
150 146 22988
150 147 26887
150 148 31005
150 149 7778
150 151 33487
150 152 17944
150 153 32965
150 154 6453
150 155 10719
150 156 20891
150 157 10326
150 158 4007
150 159 27764
150 160 24894
150 161 17752
150 162 21093
150 163 1142
150 164 8807
150 165 9965
150 166 31635
150 167 20178
150 168 44734
150 169 5303
150 170 15441
150 171 18205
150 172 33520
150 173 40911
150 174 41049
150 175 42539
150 176 12194
150 177 -1768
150 178 23709
150 179 6240
150 180 12472
150 181 29298
150 182 29047
150 183 27197
150 184 2320
150 185 8978
150 186 22842
150 187 17548
150 188 21261
150 189 30428
150 190 23049
150 191 42783
150 192 42162
150 193 39351
150 194 32094
150 195 3961
150 196 2351
150 197 17203
150 198 11713
150 199 41461
150 200 14297
151 1 29905
151 2 12924
151 3 36838
151 4 27309
151 5 4431
151 6 8523
151 7 25593
151 8 20603
151 9 41431
151 10 35029
151 11 35518
151 12 26269
151 13 3560
151 14 5750
151 15 8337
151 16 3087
151 17 11272
151 18 14197
151 19 30884
151 20 44701
151 21 20353
151 22 21840
151 23 21547
151 24 38967
151 25 37385
151 26 20552
151 27 19948
151 28 22131
151 29 39248
151 30 35242
151 31 24749
151 32 38257
151 33 39346
151 34 44546
151 35 52493
151 36 34112
151 37 -129
151 38 11861
151 39 25400
151 40 15545
151 41 19254
151 42 6475
151 43 8486
151 44 7253
151 45 14078
151 46 23126
151 47 27760
151 48 19865
151 49 35726
151 50 31522
151 51 38401
151 52 19810
151 53 15797
151 54 28858
151 55 38716
151 56 28054
151 57 9189
151 58 11270
151 59 -3819
151 60 10880
151 61 4225
151 62 30359
151 63 42179
151 64 32912
151 65 48992
151 66 39928
151 67 28320
151 68 29580
151 69 27005
151 70 34399
151 71 50104
151 72 18828
151 73 19364
151 74 22233
151 75 21454
151 76 29508
151 77 33995
151 78 44774
151 79 35986
151 80 35432
151 81 37224
151 82 19220
151 83 13501
151 84 9426
151 85 -3967
151 86 4760
151 87 -137
151 88 27121
151 89 10267
151 90 42912
151 91 5953
151 92 -1201
151 93 -1041
151 94 1867
151 95 -212
151 96 2540
151 97 -637
151 98 346
151 99 2810
151 100 583
151 101 31307
151 102 30531
151 103 41065
151 104 2356
151 105 16140
151 106 20558
151 107 34613
151 108 32848
151 109 28822
151 110 26350
151 111 24275
151 112 9758
151 113 7142
151 114 15678
151 115 12242
151 116 32939
151 117 3697
151 118 3318
151 119 9110
151 120 42461
151 121 38219
151 122 36278
151 123 28564
151 124 27962
151 125 13263
151 126 41154
151 127 24794
151 128 41165
151 129 41922
151 130 29979
151 131 42153
151 132 25929
151 133 21105
151 134 33460
151 135 49695
151 136 58906
151 137 6855
151 138 24082
151 139 33957
151 140 11162
151 141 6839
151 142 7378
151 143 36050
151 144 5567
151 145 12169
151 146 18628
151 147 5926
151 148 28294
151 149 22419
151 150 34273
151 152 9679
151 153 20084
151 154 21693
151 155 26751
151 156 13975
151 157 35606
151 158 36169
151 159 27778
151 160 39312
151 161 43937
151 162 27634
151 163 36876
151 164 41077
151 165 35697
151 166 10657
151 167 20733
151 168 30440
151 169 40480
151 170 35082
151 171 15142
151 172 4950
151 173 7550
151 174 17490
151 175 37402
151 176 25311
151 177 30184
151 178 8329
151 179 24800
151 180 16821
151 181 37718
151 182 22470
151 183 4211
151 184 28899
151 185 39218
151 186 29944
151 187 33826
151 188 41503
151 189 34548
151 190 23100
151 191 5631
151 192 5781
151 193 2196
151 194 21425
151 195 23861
151 196 30508
151 197 23261
151 198 19843
151 199 16318
151 200 11587
152 1 20427
152 2 8051
152 3 23484
152 4 14173
152 5 15179
152 6 11684
152 7 26366
152 8 27480
152 9 30051
152 10 30721
152 11 34626
152 12 12041
152 13 1099
152 14 18259
152 15 11389
152 16 17604
152 17 23741
152 18 17346
152 19 32207
152 20 35961
152 21 8083
152 22 14256
152 23 12746
152 24 24409
152 25 23953
152 26 6049
152 27 11780
152 28 10007
152 29 24978
152 30 27428
152 31 19904
152 32 32504
152 33 27271
152 34 31355
152 35 40513
152 36 39253
152 37 14131
152 38 25262
152 39 13891
152 40 1420
152 41 14179
152 42 14716
152 43 15880
152 44 21383
152 45 23762
152 46 30821
152 47 32027
152 48 23257
152 49 38637
152 50 19874
152 51 27941
152 52 17458
152 53 3403
152 54 14378
152 55 24870
152 56 17504
152 57 9607
152 58 -3290
152 59 9078
152 60 18496
152 61 18110
152 62 28479
152 63 38846
152 64 32622
152 65 38230
152 66 30987
152 67 17659
152 68 15421
152 69 18874
152 70 27254
152 71 39260
152 72 7984
152 73 8845
152 74 13002
152 75 12148
152 76 16523
152 77 20594
152 78 31639
152 79 22800
152 80 21095
152 81 25095
152 82 22956
152 83 21098
152 84 20708
152 85 10429
152 86 19306
152 87 3966
152 88 24713
152 89 10120
152 90 38325
152 91 20473
152 92 13359
152 93 12598
152 94 5514
152 95 7362
152 96 11576
152 97 8284
152 98 14904
152 99 14338
152 100 14624
152 101 23785
152 102 18767
152 103 30682
152 104 13884
152 105 2099
152 106 21345
152 107 34902
152 108 28194
152 109 14333
152 110 13144
152 111 12844
152 112 4114
152 113 20895
152 114 22161
152 115 7010
152 116 19360
152 117 8085
152 118 11483
152 119 22802
152 120 30526
152 121 24027
152 122 27542
152 123 29945
152 124 33066
152 125 22716
152 126 37836
152 127 20395
152 128 33099
152 129 28628
152 130 15656
152 131 35829
152 132 17185
152 133 13140
152 134 18900
152 135 37637
152 136 47310
152 137 2512
152 138 10390
152 139 21796
152 140 24709
152 141 21353
152 142 17268
152 143 39781
152 144 7467
152 145 7639
152 146 12506
152 147 8016
152 148 26174
152 149 7902
152 150 19936
152 151 10885
152 153 21269
152 154 8001
152 155 13615
152 156 6240
152 157 23793
152 158 22815
152 159 25044
152 160 31973
152 161 33116
152 162 20874
152 163 22331
152 164 28386
152 165 21724
152 166 14649
152 167 14384
152 168 34400
152 169 26832
152 170 22672
152 171 6636
152 172 11502
152 173 20100
152 174 25298
152 175 37590
152 176 15317
152 177 15686
152 178 4061
152 179 10535
152 180 2443
152 181 33222
152 182 21884
152 183 6589
152 184 15411
152 185 26550
152 186 19851
152 187 21588
152 188 32382
152 189 30240
152 190 18719
152 191 20083
152 192 19338
152 193 16678
152 194 22033
152 195 9301
152 196 17212
152 197 12203
152 198 6824
152 199 24283
152 200 2257
153 1 17286
153 2 30301
153 3 30614
153 4 36450
153 5 9956
153 6 15503
153 7 2621
153 8 7596
153 9 28264
153 10 13689
153 11 12497
153 12 26074
153 13 16948
153 14 27369
153 15 30549
153 16 18234
153 17 14416
153 18 1185
153 19 8400
153 20 27177
153 21 31921
153 22 38336
153 23 36924
153 24 39167
153 25 44945
153 26 24502
153 27 12610
153 28 19465
153 29 35834
153 30 17401
153 31 5635
153 32 17277
153 33 28964
153 34 35465
153 35 39598
153 36 15377
153 37 22063
153 38 30900
153 39 37194
153 40 24883
153 41 37671
153 42 29413
153 43 31508
153 44 26225
153 45 8004
153 46 9559
153 47 8019
153 48 -826
153 49 14482
153 50 22244
153 51 24272
153 52 4548
153 53 19564
153 54 32560
153 55 45117
153 56 41448
153 57 29832
153 58 20917
153 59 14945
153 60 9585
153 61 16874
153 62 7645
153 63 19653
153 64 10026
153 65 32995
153 66 21820
153 67 41175
153 68 27078
153 69 13975
153 70 16653
153 71 35023
153 72 32067
153 73 33038
153 74 37209
153 75 36344
153 76 24067
153 77 28614
153 78 36178
153 79 28511
153 80 34173
153 81 26428
153 82 -417
153 83 7131
153 84 12418
153 85 13570
153 86 18227
153 87 20545
153 88 5458
153 89 7846
153 90 21187
153 91 25020
153 92 21821
153 93 15700
153 94 14146
153 95 17560
153 96 15568
153 97 20532
153 98 21267
153 99 17364
153 100 22092
153 101 15230
153 102 20631
153 103 25810
153 104 16910
153 105 20649
153 106 -2462
153 107 11748
153 108 11571
153 109 30111
153 110 35752
153 111 18067
153 112 12705
153 113 15491
153 114 2804
153 115 29660
153 116 28685
153 117 21402
153 118 3884
153 119 29367
153 120 30526
153 121 34608
153 122 20154
153 123 6053
153 124 9621
153 125 6983
153 126 18653
153 127 7078
153 128 22619
153 129 34636
153 130 34779
153 131 21661
153 132 14114
153 133 37284
153 134 34699
153 135 37192
153 136 44910
153 137 22350
153 138 23662
153 139 44716
153 140 29971
153 141 23922
153 142 30336
153 143 15579
153 144 26258
153 145 30717
153 146 11435
153 147 9087
153 148 5928
153 149 27642
153 150 33014
153 151 19347
153 152 19326
153 154 21273
153 155 35892
153 156 13975
153 157 25436
153 158 29945
153 159 5428
153 160 20093
153 161 29180
153 162 11086
153 163 37019
153 164 30646
153 165 41712
153 166 5621
153 167 8178
153 168 10318
153 169 33883
153 170 45005
153 171 30780
153 172 27489
153 173 14743
153 174 5825
153 175 14521
153 176 14726
153 177 30805
153 178 26213
153 179 30894
153 180 24512
153 181 15546
153 182 -468
153 183 12912
153 184 25040
153 185 30306
153 186 43872
153 187 44391
153 188 24319
153 189 13208
153 190 4276
153 191 23862
153 192 26726
153 193 21964
153 194 -1594
153 195 27391
153 196 25430
153 197 36124
153 198 29949
153 199 8852
153 200 10407
154 1 11450
154 2 19587
154 3 10756
154 4 12276
154 5 24215
154 6 20595
154 7 26677
154 8 32319
154 9 18028
154 10 25351
154 11 31523
154 12 398
154 13 13044
154 14 30909
154 15 23090
154 16 29000
154 17 32795
154 18 21581
154 19 31296
154 20 25936
154 21 12266
154 22 20898
154 23 16049
154 24 14045
154 25 19339
154 26 1200
154 27 8924
154 28 2396
154 29 12977
154 30 18689
154 31 15451
154 32 24932
154 33 14995
154 34 18627
154 35 28065
154 36 40909
154 37 26198
154 38 37819
154 39 13565
154 40 8477
154 41 22414
154 42 27422
154 43 28293
154 44 33614
154 45 30566
154 46 35246
154 47 33534
154 48 24779
154 49 38111
154 50 8333
154 51 16746
154 52 17921
154 53 7248
154 54 6581
154 55 19337
154 56 19833
154 57 21467
154 58 9438
154 59 20346
154 60 25898
154 61 28812
154 62 25448
154 63 33385
154 64 29082
154 65 26295
154 66 20432
154 67 17418
154 68 3272
154 69 12272
154 70 19709
154 71 27417
154 72 12223
154 73 14831
154 74 18624
154 75 16630
154 76 3969
154 77 7866
154 78 18915
154 79 10078
154 80 9450
154 81 12728
154 82 25569
154 83 27565
154 84 29447
154 85 21813
154 86 30706
154 87 16694
154 88 22351
154 89 15666
154 90 31949
154 91 32337
154 92 25219
154 93 23642
154 94 16080
154 95 19007
154 96 21892
154 97 20614
154 98 26714
154 99 24909
154 100 26832
154 101 16554
154 102 6907
154 103 19284
154 104 24455
154 105 3513
154 106 22371
154 107 32907
154 108 22262
154 109 4149
154 110 12565
154 111 3397
154 112 10622
154 113 31110
154 114 27051
154 115 18034
154 116 6648
154 117 20231
154 118 19306
154 119 35215
154 120 18193
154 121 11883
154 122 18171
154 123 29454
154 124 35575
154 125 29449
154 126 32473
154 127 17440
154 128 23568
154 129 15900
154 130 8897
154 131 27745
154 132 10123
154 133 19292
154 134 9063
154 135 25172
154 136 35007
154 137 15240
154 138 -2338
154 139 20714
154 140 37223
154 141 33196
154 142 29991
154 143 40146
154 144 19937
154 145 17070
154 146 12506
154 147 15710
154 148 23442
154 149 3352
154 150 8291
154 151 22745
154 152 7847
154 153 23062
154 155 11718
154 156 9738
154 157 11819
154 158 10087
154 159 21172
154 160 23174
154 161 21357
154 162 14722
154 163 11817
154 164 15729
154 165 15895
154 166 20642
154 167 11136
154 168 35716
154 169 14174
154 170 20059
154 171 13395
154 172 24170
154 173 29733
154 174 30516
154 175 35416
154 176 6406
154 177 5120
154 178 15482
154 179 5937
154 180 4663
154 181 26297
154 182 20676
154 183 16074
154 184 2683
154 185 13968
154 186 22339
154 187 20187
154 188 21961
154 189 24870
154 190 15193
154 191 32041
154 192 31771
154 193 28609
154 194 22701
154 195 1812
154 196 4500
154 197 15015
154 198 8142
154 199 30586
154 200 3202
155 1 29092
155 2 19220
155 3 21614
155 4 -5752
155 5 35032
155 6 31602
155 7 43620
155 8 46953
155 9 31102
155 10 43366
155 11 49481
155 12 11209
155 13 20511
155 14 33089
155 15 18704
155 16 35921
155 17 43474
155 18 36397
155 19 48814
155 20 42034
155 21 7266
155 22 10040
155 23 -574
155 24 12073
155 25 4339
155 26 10342
155 27 26028
155 28 19947
155 29 16499
155 30 35914
155 31 33428
155 32 42416
155 33 28269
155 34 26744
155 35 38785
155 36 57570
155 37 32043
155 38 40021
155 39 -4460
155 40 13108
155 41 12639
155 42 28293
155 43 25695
155 44 38059
155 45 43653
155 46 50266
155 47 50193
155 48 41346
155 49 55616
155 50 24327
155 51 31872
155 52 34458
155 53 19399
155 54 2385
155 55 6248
155 56 3727
155 57 19399
155 58 16635
155 59 28179
155 60 38377
155 61 37213
155 62 43344
155 63 51350
155 64 47103
155 65 38413
155 66 35561
155 67 -575
155 68 10593
155 69 30300
155 70 37486
155 71 40345
155 72 2062
155 73 8205
155 74 8003
155 75 3116
155 76 18711
155 77 19639
155 78 28128
155 79 20457
155 80 15299
155 81 25257
155 82 41518
155 83 40886
155 84 40567
155 85 29084
155 86 37360
155 87 19726
155 88 40042
155 89 29316
155 90 49794
155 91 38349
155 92 31860
155 93 31703
155 94 25297
155 95 26447
155 96 31274
155 97 26218
155 98 33198
155 99 33849
155 100 31980
155 101 34481
155 102 21961
155 103 33553
155 104 33395
155 105 14470
155 106 38955
155 107 50694
155 108 40222
155 109 10211
155 110 1456
155 111 21387
155 112 23137
155 113 40128
155 114 41618
155 115 16426
155 116 18641
155 117 26758
155 118 31397
155 119 38961
155 120 30304
155 121 16585
155 122 35184
155 123 46812
155 124 51715
155 125 42595
155 126 50453
155 127 35128
155 128 40014
155 129 25675
155 130 1249
155 131 45019
155 132 28149
155 133 7726
155 134 7256
155 135 35981
155 136 46185
155 137 19942
155 138 15690
155 139 2704
155 140 39740
155 141 38939
155 142 30776
155 143 57343
155 144 20432
155 145 10228
155 146 28738
155 147 27797
155 148 41256
155 149 6366
155 150 14140
155 151 29386
155 152 15044
155 153 39264
155 154 13301
155 156 23773
155 157 26422
155 158 20945
155 159 39162
155 160 40157
155 161 34734
155 162 32746
155 163 11370
155 164 25582
155 165 3709
155 166 34198
155 167 28694
155 168 52451
155 169 21635
155 170 2891
155 171 4410
155 172 24934
155 173 39741
155 174 44909
155 175 53243
155 176 24231
155 177 9070
155 178 14407
155 179 1243
155 180 8859
155 181 43899
155 182 38139
155 183 26513
155 184 16228
155 185 25940
155 186 5818
155 187 2258
155 188 37587
155 189 42885
155 190 33031
155 191 37556
155 192 35598
155 193 34501
155 194 39451
155 195 5921
155 196 17641
155 197 1470
155 198 895
155 199 44065
155 200 18202
156 1 13890
156 2 16113
156 3 21211
156 4 20325
156 5 12240
156 6 8923
156 7 18138
156 8 21114
156 9 25161
156 10 22369
156 11 26087
156 12 12427
156 13 4503
156 14 21858
156 15 18704
156 16 17847
156 17 20768
156 18 10404
156 19 23868
156 20 29178
156 21 15705
156 22 22731
156 23 20827
156 24 26061
156 25 29267
156 26 8849
156 27 4069
156 28 6468
156 29 24745
156 30 20120
156 31 11539
156 32 24549
156 33 23114
156 34 28618
156 35 36218
156 36 31630
156 37 16148
156 38 28130
156 39 20934
156 40 8699
156 41 22714
156 42 20047
156 43 22033
156 44 23384
156 45 18746
156 46 24339
156 47 24292
156 48 15451
156 49 30440
156 50 15272
156 51 22245
156 52 9040
156 53 3304
156 54 17680
156 55 29657
156 56 25213
156 57 17070
156 58 5254
156 59 9565
156 60 13880
156 61 17286
156 62 19935
156 63 30425
156 64 24083
156 65 32850
156 66 24376
156 67 24904
156 68 15104
156 69 11451
156 70 19598
156 71 33920
156 72 15922
156 73 17051
156 74 21299
156 75 20317
156 76 13796
156 77 18484
156 78 28857
156 79 20171
156 80 21465
156 81 20989
156 82 15462
156 83 15736
156 84 17417
156 85 10842
156 86 19442
156 87 9415
156 88 16169
156 89 3737
156 90 30082
156 91 21768
156 92 15078
156 93 12515
156 94 5363
156 95 8988
156 96 10578
156 97 11465
156 98 16289
156 99 13602
156 100 16858
156 101 16205
156 102 14279
156 103 24962
156 104 13148
156 105 4504
156 106 13230
156 107 26430
156 108 19919
156 109 15895
156 110 19537
156 111 8091
156 112 -868
156 113 19290
156 114 15789
156 115 15258
156 116 17676
156 117 11128
156 118 7266
156 119 25382
156 120 26192
156 121 23581
156 122 20665
156 123 21654
156 124 25662
156 125 17637
156 126 29408
156 127 11909
156 128 25988
156 129 26168
156 130 19595
156 131 28045
156 132 10085
156 133 21567
156 134 20956
156 135 33427
156 136 42634
156 137 8897
156 138 9704
156 139 28503
156 140 27415
156 141 22440
156 142 22169
156 143 31777
156 144 14172
156 145 16099
156 146 4004
156 147 3732
156 148 17630
156 149 11891
156 150 20306
156 151 12604
156 152 3663
156 153 13341
156 154 7315
156 155 19767
156 157 19353
156 158 20542
156 159 16524
156 160 24530
156 161 27747
156 162 12971
156 163 23834
156 164 24940
156 165 26323
156 166 8787
156 167 6136
156 168 26597
156 169 24975
156 170 28949
156 171 15079
156 172 17237
156 173 17824
156 174 19197
156 175 29105
156 176 9123
156 177 17070
156 178 12122
156 179 15151
156 180 8249
156 181 25021
156 182 13424
156 183 4751
156 184 13640
156 185 23143
156 186 27658
156 187 28202
156 188 25825
156 189 21888
156 190 10259
156 191 21470
156 192 22058
156 193 18160
156 194 13845
156 195 12205
156 196 14978
156 197 19894
156 198 13673
156 199 18828
156 200 -4562
157 1 5945
157 2 35245
157 3 3685
157 4 24662
157 5 34112
157 6 31995
157 7 27522
157 8 37024
157 9 2282
157 10 18557
157 11 26013
157 12 10398
157 13 27032
157 14 45009
157 15 38793
157 16 40921
157 17 41728
157 18 27709
157 19 28646
157 20 11747
157 21 27680
157 22 36209
157 23 29703
157 24 15258
157 25 27880
157 26 16816
157 27 15772
157 28 13735
157 29 8854
157 30 7336
157 31 12533
157 32 13699
157 33 -187
157 34 6154
157 35 12928
157 36 40201
157 37 39469
157 38 51459
157 39 25400
157 40 24223
157 41 37992
157 42 42320
157 43 43663
157 44 46727
157 45 37058
157 46 38366
157 47 33416
157 48 25598
157 49 34562
157 50 410
157 51 1463
157 52 22265
157 53 21326
157 54 15301
157 55 27671
157 56 33599
157 57 37095
157 58 24495
157 59 32894
157 60 34554
157 61 40070
157 62 21506
157 63 24747
157 64 21672
157 65 10532
157 66 5244
157 67 28320
157 68 4097
157 69 11192
157 70 11555
157 71 11616
157 72 27250
157 73 30344
157 74 33817
157 75 31312
157 76 3969
157 77 4168
157 78 6750
157 79 -334
157 80 12588
157 81 -2340
157 82 28386
157 83 34776
157 84 38595
157 85 34078
157 86 42357
157 87 31485
157 88 20939
157 89 24968
157 90 22516
157 91 45092
157 92 38397
157 93 35718
157 94 28706
157 95 32251
157 96 33775
157 97 34489
157 98 39634
157 99 36757
157 100 40181
157 101 10919
157 102 -6239
157 103 3593
157 104 36303
157 105 18803
157 106 24693
157 107 28777
157 108 14320
157 109 13986
157 110 26350
157 111 8731
157 112 22477
157 113 41357
157 114 32150
157 115 33780
157 116 6648
157 117 34066
157 118 28356
157 119 48708
157 120 2881
157 121 7920
157 122 6597
157 123 27766
157 124 36904
157 125 35974
157 126 24089
157 127 17691
157 128 9891
157 129 5761
157 130 17985
157 131 15839
157 132 9734
157 133 34472
157 134 13186
157 135 10107
157 136 19558
157 137 30142
157 138 13473
157 139 32440
157 140 50753
157 141 45695
157 142 44742
157 143 37867
157 144 35248
157 145 32845
157 146 20000
157 147 26292
157 148 20653
157 149 17827
157 150 11429
157 151 35923
157 152 22904
157 153 26490
157 154 11084
157 155 24104
157 156 21041
157 158 3016
157 159 16194
157 160 10641
157 161 5545
157 162 10887
157 163 14026
157 164 1818
157 165 24283
157 166 28823
157 167 14164
157 168 35476
157 169 4939
157 170 29756
157 171 28855
157 172 39203
157 173 39797
157 174 35249
157 175 30952
157 176 4550
157 177 11833
157 178 31173
157 179 18618
157 180 20443
157 181 15175
157 182 19630
157 183 28039
157 184 5612
157 185 940
157 186 35968
157 187 31588
157 188 7176
157 189 18076
157 190 13980
157 191 44780
157 192 45361
157 193 41499
157 194 24475
157 195 14741
157 196 3342
157 197 29399
157 198 22893
157 199 37300
157 200 14415
158 1 11450
158 2 33405
158 3 -3386
158 4 19248
158 5 36521
158 6 33520
158 7 32877
158 8 41460
158 9 6102
158 10 25351
158 11 32783
158 12 6578
158 13 27032
158 14 45009
158 15 36719
158 16 42399
158 17 44686
158 18 31441
158 19 34965
158 20 18297
158 21 24192
158 22 32299
158 23 24426
158 24 8187
158 25 21265
158 26 14228
158 27 18360
158 28 14049
158 29 2216
158 30 14407
158 31 18428
158 32 20733
158 33 3487
158 34 4485
158 35 14620
158 36 46252
158 37 40055
158 38 51850
158 39 19483
158 40 22297
158 41 34416
158 42 41554
158 43 42262
158 44 47476
158 45 40948
158 46 43409
158 47 39260
158 48 31123
158 49 41152
158 50 4413
158 51 7719
158 52 26294
158 53 21108
158 54 9290
158 55 21113
158 56 28542
158 57 35271
158 58 23580
158 59 33907
158 60 37440
158 61 41881
158 62 27918
158 63 31792
158 64 28693
158 65 13742
158 66 10858
158 67 21977
158 68 -2350
158 69 15961
158 70 18332
158 71 15390
158 72 23201
158 73 26886
158 74 29843
158 75 26824
158 76 2615
158 77 -620
158 78 4790
158 79 -4008
158 80 6332
158 81 257
158 82 33308
158 83 38274
158 84 41387
158 85 35310
158 86 44027
158 87 30836
158 88 26689
158 89 27342
158 90 29579
158 91 46044
158 92 39023
158 93 37031
158 94 29596
158 95 32802
158 96 35130
158 97 34620
158 98 40451
158 99 38163
158 100 40730
158 101 17079
158 102 -442
158 103 8686
158 104 37709
158 105 17655
158 106 29597
158 107 35357
158 108 21259
158 109 9238
158 110 21664
158 111 10290
158 112 23599
158 113 43731
158 114 36422
158 115 31680
158 116 2428
158 117 34207
158 118 31085
158 119 49184
158 120 5404
158 121 1114
158 122 13659
158 123 33857
158 124 42374
158 125 39839
158 126 31118
158 127 22770
158 128 16566
158 129 1758
158 130 11881
158 131 22817
158 132 14114
158 133 30411
158 134 6354
158 135 11728
158 136 21834
158 137 29382
158 138 11804
158 139 26566
158 140 51228
158 141 46839
158 142 44131
158 143 44228
158 144 33988
158 145 29844
158 146 22675
158 147 28182
158 148 26781
158 149 14121
158 150 5173
158 151 36549
158 152 21989
158 153 31062
158 154 9415
158 155 18690
158 156 22293
158 157 3079
158 159 22764
158 160 17580
158 161 9734
158 162 16735
158 163 7024
158 164 1818
158 165 17783
158 166 31792
158 167 18159
158 168 41336
158 169 389
158 170 23255
158 171 25210
158 172 38287
158 173 42190
158 174 39725
158 175 37590
158 176 8737
158 177 6070
158 178 29239
158 179 13770
158 180 17915
158 181 22178
158 182 25426
158 183 29270
158 184 2683
158 185 940
158 186 30782
158 187 25601
158 188 13369
158 189 24870
158 190 19475
158 191 45764
158 192 45757
158 193 42360
158 194 29538
158 195 10552
158 196 280
158 197 24813
158 198 18824
158 199 41016
158 200 15563
159 1 14918
159 2 41949
159 3 28816
159 4 42848
159 5 24817
159 6 28996
159 7 8339
159 8 19043
159 9 20119
159 10 319
159 11 957
159 12 29339
159 13 29250
159 14 42078
159 15 43697
159 16 33075
159 17 28289
159 18 16011
159 19 3290
159 20 15861
159 21 40648
159 22 48453
159 23 45720
159 24 39838
159 25 49493
159 26 30870
159 27 18768
159 28 24551
159 29 34358
159 30 7230
159 31 2030
159 32 2946
159 33 24100
159 34 29548
159 35 30562
159 36 15191
159 37 36502
159 38 45759
159 39 44115
159 40 34067
159 41 48660
159 42 43320
159 43 45540
159 44 41086
159 45 20451
159 46 16725
159 47 9238
159 48 3309
159 49 8955
159 50 20354
159 51 16423
159 52 14254
159 53 28387
159 54 36304
159 55 49328
159 56 49684
159 57 42428
159 58 31192
159 59 29300
159 60 24451
159 61 31723
159 62 -3461
159 63 4964
159 64 -1437
159 65 21234
159 66 9148
159 67 48017
159 68 27623
159 69 14129
159 70 8639
159 71 24583
159 72 40972
159 73 42498
159 74 46761
159 75 45525
159 76 24508
159 77 27937
159 78 31263
159 79 25280
159 80 35472
159 81 20685
159 82 9537
159 83 21561
159 84 26978
159 85 28361
159 86 32851
159 87 33701
159 88 3856
159 89 20666
159 90 6455
159 91 39822
159 92 36015
159 93 30390
159 94 27464
159 95 31196
159 96 29789
159 97 34214
159 98 35823
159 99 31879
159 100 36699
159 101 10804
159 102 17427
159 103 15927
159 104 31425
159 105 28644
159 106 8538
159 107 3158
159 108 -2321
159 109 33639
159 110 42819
159 111 20772
159 112 23763
159 113 29841
159 114 15340
159 115 41157
159 116 29051
159 117 34612
159 118 18749
159 119 44184
159 120 23267
159 121 33310
159 122 12092
159 123 3251
159 124 14169
159 125 19651
159 126 3938
159 127 9296
159 128 10294
159 129 31353
159 130 38888
159 131 7683
159 132 14777
159 133 47196
159 134 36538
159 135 28637
159 136 34864
159 137 34338
159 138 28272
159 139 51301
159 140 44826
159 141 38783
159 142 44590
159 143 12327
159 144 39118
159 145 42055
159 146 19786
159 147 22505
159 148 -719
159 149 33749
159 150 34313
159 151 33541
159 152 29601
159 153 11928
159 154 25883
159 155 42290
159 156 23658
159 157 21640
159 158 28147
159 160 7425
159 161 19348
159 162 7896
159 163 38084
159 164 23982
159 165 45857
159 166 20158
159 167 12689
159 168 11302
159 169 30416
159 170 50569
159 171 40768
159 172 41101
159 173 29458
159 174 16522
159 175 5401
159 176 14550
159 177 33358
159 178 37943
159 179 36547
159 180 32564
159 181 693
159 182 -1319
159 183 26149
159 184 26222
159 185 26304
159 186 52204
159 187 50793
159 188 13033
159 189 -162
159 190 3829
159 191 38723
159 192 41476
159 193 36719
159 194 7489
159 195 32384
159 196 25512
159 197 44519
159 198 37733
159 199 22689
159 200 18834
160 1 13919
160 2 48250
160 3 22421
160 4 42632
160 5 37630
160 6 38979
160 7 23134
160 8 34218
160 9 7257
160 10 7858
160 11 12497
160 12 27971
160 13 37218
160 14 53185
160 15 51363
160 16 45839
160 17 42694
160 18 28888
160 19 17955
160 20 1035
160 21 43537
160 22 52121
160 23 47243
160 24 33870
160 25 46694
160 26 32546
160 27 24220
160 28 26941
160 29 26670
160 30 -806
160 31 10071
160 32 -4677
160 33 15312
160 34 17656
160 35 16101
160 36 29641
160 37 47203
160 38 58147
160 39 43691
160 40 38297
160 41 53288
160 42 52598
160 43 54713
160 44 53192
160 45 35496
160 46 32372
160 47 24516
160 48 18958
160 49 21082
160 50 16415
160 51 5443
160 52 24643
160 53 33432
160 54 33884
160 55 46469
160 56 51024
160 57 49636
160 58 36910
160 59 40043
160 60 37288
160 61 44505
160 62 12192
160 63 8256
160 64 4781
160 65 5582
160 66 -6376
160 67 46924
160 68 22952
160 69 17085
160 70 7677
160 71 9420
160 72 43606
160 73 45966
160 74 49940
160 75 48030
160 76 21539
160 77 22972
160 78 20809
160 79 17145
160 80 31391
160 81 10466
160 82 24659
160 83 35450
160 84 40666
160 85 40153
160 86 46321
160 87 42129
160 88 16655
160 89 30681
160 90 6076
160 91 51572
160 92 46338
160 93 41900
160 94 36901
160 95 40780
160 96 40493
160 97 43635
160 98 46843
160 99 43059
160 100 47728
160 101 12084
160 102 11582
160 103 1617
160 104 42605
160 105 32442
160 106 22408
160 107 16504
160 108 1697
160 109 31983
160 110 43658
160 111 21769
160 112 31475
160 113 43786
160 114 30195
160 115 47170
160 116 25159
160 117 43520
160 118 31459
160 119 55863
160 120 11039
160 121 26056
160 122 5187
160 123 18685
160 124 29784
160 125 34609
160 126 8036
160 127 18182
160 128 -5332
160 129 22971
160 130 36586
160 131 -2940
160 132 17185
160 133 50593
160 134 32053
160 135 14619
160 136 19731
160 137 41576
160 138 29063
160 139 50725
160 140 57279
160 141 51293
160 142 54471
160 143 25797
160 144 46908
160 145 47369
160 146 27065
160 147 32648
160 148 13759
160 149 34569
160 150 30232
160 151 43864
160 152 35319
160 153 25382
160 154 26674
160 155 42074
160 156 30453
160 157 14876
160 158 21752
160 159 6214
160 161 4767
160 162 11665
160 163 32830
160 164 11696
160 165 43060
160 166 32132
160 167 19223
160 168 26612
160 169 21198
160 170 48499
160 171 44523
160 172 49919
160 173 42822
160 174 31907
160 175 18192
160 176 14726
160 177 30411
160 178 44260
160 179 36296
160 180 35555
160 181 -3573
160 182 13674
160 183 35709
160 184 23469
160 185 17872
160 186 53491
160 187 49968
160 188 -2103
160 189 7377
160 190 12848
160 191 50887
160 192 52848
160 193 48261
160 194 21579
160 195 32104
160 196 21681
160 197 46370
160 198 39530
160 199 37048
160 200 24603
161 1 18150
161 2 50996
161 3 16614
161 4 39248
161 5 46952
161 6 46077
161 7 35601
161 8 46506
161 9 -3898
161 10 21691
161 11 27472
161 12 25812
161 13 42186
161 14 59865
161 15 54549
161 16 54561
161 17 53517
161 18 39098
161 19 32556
161 20 5936
161 21 43364
161 22 51800
161 23 44426
161 24 25668
161 25 40437
161 26 32601
161 27 29760
161 28 29229
161 29 17427
161 30 9005
161 31 20723
161 32 9888
161 33 9360
161 34 4485
161 35 1079
161 36 44405
161 37 54052
161 38 65921
161 39 39341
161 40 40017
161 41 53693
161 42 57677
161 43 59231
161 44 61009
161 45 47397
161 46 45984
161 47 38844
161 48 32510
161 49 36115
161 50 15865
161 51 2621
161 52 33832
161 53 36775
161 54 29221
161 55 40459
161 56 48519
161 57 52822
161 58 40092
161 59 47208
161 60 46921
161 61 53441
161 62 26083
161 63 23198
161 64 19229
161 65 -5123
161 66 -7778
161 67 41404
161 68 17586
161 69 23306
161 70 17362
161 71 -4091
161 72 42767
161 73 46047
161 74 49374
161 75 46631
161 76 19677
161 77 18643
161 78 9888
161 79 9503
161 80 26288
161 81 2257
161 82 37121
161 83 46150
161 84 50819
161 85 48085
161 86 55675
161 87 46855
161 88 28636
161 89 38391
161 90 21104
161 91 59296
161 92 53002
161 93 49714
161 94 43266
161 95 46986
161 96 47869
161 97 49455
161 98 54035
161 99 50740
161 100 54742
161 101 19970
161 102 9435
161 103 -7387
161 104 50286
161 105 34521
161 106 34009
161 107 31362
161 108 16035
161 109 29009
161 110 41514
161 111 23984
161 112 37108
161 113 53910
161 114 42082
161 115 49565
161 116 21615
161 117 49076
161 118 40914
161 119 63225
161 120 -469
161 121 17540
161 122 11231
161 123 32865
161 124 43621
161 125 46404
161 126 23043
161 127 27823
161 128 3672
161 129 14778
161 130 31751
161 131 11256
161 132 22580
161 133 50003
161 134 25496
161 135 -305
161 136 5480
161 137 45620
161 138 29285
161 139 46461
161 140 65154
161 141 59634
161 142 59997
161 143 40750
161 144 50839
161 145 48640
161 146 33618
161 147 40084
161 148 26781
161 149 33392
161 150 25129
161 151 50528
161 152 38501
161 153 36508
161 154 26896
161 155 38690
161 156 35709
161 157 11819
161 158 15945
161 159 20176
161 160 6806
161 162 20267
161 163 25623
161 164 -1444
161 165 37240
161 166 41309
161 167 26550
161 168 40911
161 169 11158
161 170 42534
161 171 44523
161 172 54641
161 173 52509
161 174 44485
161 175 33118
161 176 18302
161 177 26070
161 178 46935
161 179 33650
161 180 36247
161 181 9374
161 182 26584
161 183 42377
161 184 21107
161 185 10940
161 186 50777
161 187 45436
161 188 -1041
161 189 21210
161 190 23135
161 191 58895
161 192 59966
161 193 55796
161 194 33419
161 195 30096
161 196 18625
161 197 44648
161 198 38377
161 199 48224
161 200 29258
162 1 3215
162 2 32996
162 3 17495
162 4 31140
162 5 22801
162 6 23238
162 7 12555
162 8 22665
162 9 13034
162 10 6492
162 11 12990
162 12 17330
162 13 21492
162 14 37476
162 15 35820
162 16 30746
162 17 29104
162 18 14687
162 19 14177
162 20 13141
162 21 29839
162 22 38100
162 23 34586
162 24 28045
162 25 37478
162 26 19459
162 27 8744
162 28 13156
162 29 23093
162 30 3490
162 31 -2449
162 32 7492
162 33 14235
162 34 20608
162 35 24384
162 36 25375
162 37 31481
162 38 42737
162 39 32431
162 40 23773
162 41 38807
162 42 36799
162 43 38937
162 44 37754
162 45 23231
162 46 23460
162 47 18449
162 48 10567
162 49 20638
162 50 8816
162 51 9053
162 52 9537
162 53 18404
162 54 24278
162 55 37302
162 56 38434
162 57 34162
162 58 21730
162 59 24359
162 60 22639
162 61 29495
162 62 7341
162 63 14612
162 64 10270
162 65 18468
162 66 8299
162 67 36252
162 68 15754
162 69 2322
162 70 2622
162 71 20106
162 72 30118
162 73 31974
162 74 36161
162 75 34678
162 76 12550
162 77 16250
162 78 21589
162 79 14590
162 80 23509
162 81 11481
162 82 13654
162 83 21740
162 84 26454
162 85 24703
162 86 31598
162 87 26386
162 88 5911
162 89 15024
162 90 13513
162 91 36073
162 92 30579
162 93 26393
162 94 21096
162 95 24974
162 96 24835
162 97 27824
162 98 31184
162 99 27493
162 100 32047
162 101 2
162 102 6489
162 103 10852
162 104 27039
162 105 18029
162 106 10098
162 107 14942
162 108 3553
162 109 21628
162 110 31333
162 111 8896
162 112 15720
162 113 29578
162 114 18015
162 115 32024
162 116 17151
162 117 27718
162 118 16691
162 119 40291
162 120 15338
162 121 21958
162 122 5187
162 123 12978
162 124 21875
162 125 22202
162 126 13671
162 127 3422
162 128 9395
162 129 20710
162 130 26875
162 131 10928
162 132 2916
162 133 36722
162 134 24561
162 135 21962
162 136 29823
162 137 26010
162 138 16530
162 139 39568
162 140 41900
162 141 36041
162 142 38660
162 143 23436
162 144 31283
162 145 32555
162 146 11274
162 147 16957
162 148 5928
162 149 22156
162 150 22350
162 151 28105
162 152 20139
162 153 12294
162 154 14141
162 155 30582
162 156 14813
162 157 11041
162 158 16826
162 159 2604
162 160 7584
162 161 14147
162 163 26202
162 164 15585
162 165 33831
162 166 17139
162 167 3416
162 168 20515
162 169 19939
162 170 38631
162 171 30423
162 172 34152
162 173 28262
162 174 20803
162 175 17309
162 176 2511
162 177 21319
162 178 29011
162 179 24767
162 180 21692
162 181 8291
162 182 4623
162 183 19919
162 184 14213
162 185 15965
162 186 40956
162 187 39016
162 188 10106
162 189 6011
162 190 -921
162 191 35500
162 192 37210
162 193 32704
162 194 9724
162 195 20548
162 196 13638
162 197 33399
162 198 26520
162 199 23870
162 200 9202
163 1 22129
163 2 31446
163 3 8821
163 4 10801
163 5 41066
163 6 37315
163 7 42120
163 8 49028
163 9 17064
163 10 36804
163 11 44086
163 12 7398
163 13 28542
163 14 45093
163 15 33412
163 16 45041
163 17 49703
163 18 38383
163 19 45480
163 20 30418
163 21 19938
163 22 26130
163 23 15232
163 24 -2955
163 25 9636
163 26 13920
163 27 25203
163 28 19019
163 29 9
163 30 26496
163 31 28783
163 32 32909
163 33 15442
163 34 10567
163 35 23096
163 36 56170
163 37 41641
163 38 52232
163 39 9193
163 40 21463
163 41 28663
163 42 40695
163 43 39908
163 44 48806
163 45 47531
163 46 51716
163 47 48930
163 48 40409
163 49 52023
163 50 15376
163 51 19821
163 52 34126
163 53 23622
163 54 975
163 55 9746
163 56 20179
163 57 32849
163 58 24224
163 59 36395
163 60 42891
163 61 45223
163 62 38721
163 63 43709
163 64 40500
163 65 22985
163 66 22384
163 67 10630
163 68 -1222
163 69 25581
163 70 29887
163 71 25680
163 72 17325
163 73 22259
163 74 23804
163 75 19594
163 76 10672
163 77 8594
163 78 12599
163 79 6314
163 80 4595
163 81 11505
163 82 41766
163 83 44543
163 84 46370
163 85 37835
163 86 46761
163 87 30665
163 88 36668
163 89 32666
163 90 41574
163 91 47986
163 92 40858
163 93 39841
163 94 32342
163 95 34783
163 96 38332
163 97 35761
163 98 42406
163 99 41291
163 100 42096
163 101 27998
163 102 11452
163 103 20127
163 104 40837
163 105 19003
163 106 38258
163 107 46309
163 108 32958
163 109 7067
163 110 15137
163 111 17570
163 112 27449
163 113 47750
163 114 43805
163 115 29212
163 116 9090
163 117 35598
163 118 36279
163 119 50094
163 120 15788
163 121 498
163 122 25699
163 123 44043
163 124 51469
163 125 46413
163 126 42987
163 127 32131
163 128 28722
163 129 11116
163 130 2577
163 131 35019
163 132 23486
163 133 23954
163 134 -4826
163 135 20415
163 136 30551
163 137 29551
163 138 14662
163 139 16525
163 140 51770
163 141 48866
163 142 43357
163 143 54693
163 144 32673
163 145 25331
163 146 29170
163 147 32607
163 148 37217
163 149 11388
163 150 3436
163 151 38384
163 152 22633
163 153 39264
163 154 12273
163 155 10243
163 156 26713
163 157 15217
163 158 8152
163 159 33829
163 160 29786
163 161 20540
163 162 27239
163 164 9926
163 165 6647
163 166 37633
163 167 26500
163 168 51048
163 169 5773
163 170 11739
163 171 19797
163 172 37291
163 173 46498
163 174 47262
163 175 48640
163 176 18408
163 177 2141
163 178 27026
163 179 7989
163 180 16467
163 181 34373
163 182 35333
163 183 32646
163 184 8612
163 185 12493
163 186 22017
163 187 15287
163 188 25335
163 189 36323
163 190 29321
163 191 47592
163 192 46629
163 193 44191
163 194 38418
163 195 7741
163 196 8318
163 197 17723
163 198 13623
163 199 47540
163 200 20202
164 1 19362
164 2 47256
164 3 10506
164 4 31904
164 5 48004
164 6 45783
164 7 40101
164 8 50268
164 9 -1282
164 10 28336
164 11 35227
164 12 20458
164 13 40271
164 14 58326
164 15 50606
164 16 54741
164 17 55555
164 18 41396
164 19 39341
164 20 14724
164 21 37985
164 22 45878
164 23 36895
164 24 16249
164 25 31460
164 26 28106
164 27 29650
164 28 26924
164 29 7862
164 30 15398
164 31 24829
164 32 19039
164 33 6503
164 34 -6051
164 35 1141
164 36 51245
164 37 53016
164 38 64975
164 39 31150
164 40 36130
164 41 48106
164 42 55175
164 43 56071
164 44 60360
164 45 50586
164 46 50995
164 47 44999
164 48 37798
164 49 44093
164 50 14195
164 51 6439
164 52 35919
164 53 34373
164 54 21608
164 55 31719
164 56 41372
164 57 49130
164 58 37170
164 59 46576
164 60 48417
164 61 53935
164 62 32316
164 63 31914
164 64 28546
164 65 985
164 66 2838
164 67 32456
164 68 10541
164 69 24776
164 70 22257
164 71 4386
164 72 36776
164 73 40666
164 74 43420
164 75 40101
164 76 15756
164 77 13195
164 78 669
164 79 2682
164 80 19151
164 81 -1127
164 82 41310
164 83 48501
164 84 52458
164 85 47834
164 86 56214
164 87 44392
164 88 33202
164 89 38856
164 90 29594
164 91 58777
164 92 51950
164 93 49487
164 94 42325
164 95 45760
164 96 47540
164 97 47825
164 98 53264
164 99 50540
164 100 53722
164 101 23261
164 102 7611
164 103 1658
164 104 50086
164 105 31270
164 106 37740
164 107 38707
164 108 23249
164 109 22869
164 110 34976
164 111 22301
164 112 36129
164 113 55247
164 114 45519
164 115 45559
164 116 16296
164 117 47393
164 118 42235
164 119 62238
164 120 -2650
164 121 8498
164 122 15967
164 123 39053
164 124 49087
164 125 49520
164 126 31571
164 127 30833
164 128 12977
164 129 7364
164 130 23898
164 131 20548
164 132 23486
164 133 43921
164 134 16959
164 135 -1585
164 136 8578
164 137 42953
164 138 25465
164 139 38408
164 140 64302
164 141 59444
164 142 57706
164 143 48168
164 144 47739
164 145 43686
164 146 33891
164 147 40140
164 148 32212
164 149 27938
164 150 17992
164 151 49476
164 152 35579
164 153 39782
164 154 23076
164 155 31346
164 156 34710
164 157 9900
164 158 9837
164 159 26618
164 160 15543
164 161 364
164 162 23513
164 163 16817
164 165 28647
164 166 42686
164 167 27916
164 168 47048
164 169 1773
164 170 33547
164 171 38911
164 172 51952
164 173 53689
164 174 48437
164 175 40646
164 176 18408
164 177 19112
164 178 43103
164 179 27108
164 180 31802
164 181 19332
164 182 31670
164 183 41756
164 184 16421
164 185 5839
164 186 43444
164 187 37235
164 188 8390
164 189 27855
164 190 26737
164 191 58482
164 192 58853
164 193 55154
164 194 37382
164 195 24288
164 196 13881
164 197 38080
164 198 32450
164 199 50938
164 200 28030
165 1 29540
165 2 26889
165 3 18750
165 4 2310
165 5 41182
165 6 37462
165 7 46918
165 8 51778
165 9 27776
165 10 44362
165 11 51166
165 12 11677
165 13 27032
165 14 40899
165 15 26765
165 16 43075
165 17 49799
165 18 41030
165 19 51448
165 20 40321
165 21 14730
165 22 17921
165 23 4674
165 24 5447
165 25 -661
165 26 14228
165 27 29129
165 28 22622
165 29 10840
165 30 35384
165 31 35201
165 32 41971
165 33 25618
165 34 21488
165 35 34091
165 36 61141
165 37 39233
165 38 47902
165 39 -1728
165 40 19320
165 41 20503
165 42 36127
165 43 33754
165 44 45623
165 45 49174
165 46 54946
165 47 53759
165 48 44980
165 49 58241
165 50 23626
165 51 29802
165 52 38048
165 53 24266
165 54 236
165 55 -882
165 56 10481
165 57 27358
165 58 22787
165 59 34945
165 60 43978
165 61 44027
165 62 45293
165 63 51923
165 64 48306
165 65 33985
165 66 32917
165 67 -137
165 68 7722
165 69 31821
165 70 37845
165 71 36586
165 72 10118
165 73 16116
165 74 16017
165 75 10684
165 76 18111
165 77 17576
165 78 23588
165 79 16901
165 80 12588
165 81 22063
165 82 45584
165 83 46230
165 84 46691
165 85 36076
165 86 44631
165 87 27177
165 88 42463
165 89 34309
165 90 50030
165 91 45602
165 92 38849
165 93 38487
165 94 31589
165 95 33182
165 96 37652
165 97 33322
165 98 40289
165 99 40386
165 100 39333
165 101 35303
165 102 20525
165 103 30682
165 104 39932
165 105 19246
165 106 42549
165 107 52857
165 108 40889
165 109 10323
165 110 8735
165 111 22938
165 112 28320
165 113 46888
165 114 46458
165 115 24213
165 116 17151
165 117 33612
165 118 37126
165 119 46602
165 120 26617
165 121 11498
165 122 34555
165 123 49666
165 124 55684
165 125 48085
165 126 51106
165 127 37591
165 128 38517
165 129 21846
165 130 -1367
165 131 44295
165 132 29643
165 133 15532
165 134 1993
165 135 31415
165 136 41547
165 137 26922
165 138 17910
165 139 5788
165 140 47592
165 141 46308
165 142 38660
165 143 60375
165 144 28179
165 145 18286
165 146 32446
165 147 33341
165 148 43428
165 149 10296
165 150 11429
165 151 36375
165 152 21196
165 153 43127
165 154 15521
165 155 1752
165 156 28372
165 157 24644
165 158 18081
165 159 40772
165 160 39186
165 161 31327
165 162 34038
165 163 5817
165 164 20926
165 166 39341
165 167 31364
165 168 55950
165 169 16773
165 170 1131
165 171 12467
165 172 32744
165 173 46177
165 174 49872
165 175 55313
165 176 25115
165 177 7277
165 178 22171
165 179 4733
165 180 14548
165 181 43512
165 182 40876
165 183 32495
165 184 15612
165 185 22866
165 186 11893
165 187 4407
165 188 35495
165 189 43881
165 190 35211
165 191 44939
165 192 43203
165 193 41759
165 194 42914
165 195 8157
165 196 16375
165 197 9399
165 198 8142
165 199 49373
165 200 22357
166 1 20744
166 2 22597
166 3 31785
166 4 31825
166 5 2286
166 6 7190
166 7 11558
166 8 9454
166 9 32719
166 10 21828
166 11 21489
166 12 24415
166 13 9229
166 14 18541
166 15 21829
166 16 10337
166 17 9572
166 18 209
166 19 16984
166 20 33579
166 21 26110
166 22 31282
166 23 30437
166 24 38056
166 25 41158
166 26 20939
166 27 12304
166 28 17949
166 29 36146
166 30 23804
166 31 12296
166 32 25339
166 33 31984
166 34 38270
166 35 44118
166 36 21780
166 37 13074
166 38 22705
166 39 31899
166 40 19251
166 41 30059
166 42 20464
166 43 22521
166 44 17818
166 45 6584
166 46 12796
166 47 14844
166 48 6433
166 49 22364
166 50 24398
166 51 29010
166 52 7443
166 53 15067
166 54 29839
166 55 41670
166 56 35481
166 57 21448
166 58 14738
166 59 5945
166 60 2352
166 61 9027
166 62 16507
166 63 28455
166 64 18905
166 65 38968
166 66 28622
166 67 35687
166 68 26695
166 69 17266
166 70 22849
166 71 40469
166 72 25920
166 73 26636
166 74 30572
166 75 29836
166 76 24543
166 77 29309
166 78 38651
166 79 30333
166 80 33284
166 81 29728
166 82 5788
166 83 3572
166 84 6393
166 85 4899
166 86 11080
166 87 11965
166 88 13619
166 89 1765
166 90 29594
166 91 16365
166 92 12835
166 93 6856
166 94 5760
166 95 8831
166 96 6595
166 97 11725
166 98 12317
166 99 8388
166 100 13174
166 101 20393
166 102 23218
166 103 31224
166 104 7934
166 105 16367
166 106 6538
166 107 20604
166 108 19705
166 109 28014
166 110 30874
166 111 18276
166 112 7074
166 113 9295
166 114 4134
166 115 22010
166 116 28829
166 117 12916
166 118 -3765
166 119 20734
166 120 34441
166 121 34935
166 122 25665
166 123 14640
166 124 15472
166 125 5473
166 126 27441
166 127 12591
166 128 29519
166 129 36412
166 130 31712
166 131 29491
166 132 16808
166 133 30341
166 134 33050
166 135 41507
166 136 49949
166 137 14659
166 138 21683
166 139 39718
166 140 21817
166 141 15793
166 142 21336
166 143 22989
166 144 17784
166 145 22983
166 146 10307
166 147 1143
166 148 14574
166 149 23896
166 150 32125
166 151 10361
166 152 13147
166 153 6062
166 154 19294
166 155 31267
166 156 9862
166 157 28210
166 158 31116
166 159 14099
166 160 27284
166 161 34422
166 162 16372
166 163 35829
166 164 33991
166 165 38367
166 167 10558
166 168 17363
166 169 35493
166 170 40451
166 171 23899
166 172 18638
166 173 7826
166 174 7335
166 175 23389
166 176 17062
166 177 29129
166 178 18424
166 179 27108
166 180 19609
166 181 24204
166 182 8499
166 183 4751
166 184 24887
166 185 32710
166 186 37780
166 187 39481
166 188 30596
166 189 21347
166 190 10623
166 191 15475
166 192 17955
166 193 13208
166 194 7406
166 195 24355
166 196 25874
166 197 30204
166 198 24711
166 199 6670
166 200 7238
167 1 6324
167 2 26070
167 3 18637
167 4 26806
167 5 16605
167 6 16104
167 7 11840
167 8 19438
167 9 18305
167 10 12475
167 11 17170
167 12 14633
167 13 14251
167 14 30329
167 15 28664
167 16 24163
167 17 23789
167 18 9687
167 19 16328
167 20 20123
167 21 24099
167 22 31954
167 23 29203
167 24 27287
167 25 34339
167 26 14639
167 27 2216
167 28 8554
167 29 23793
167 30 10658
167 31 1674
167 32 14572
167 33 17748
167 34 24181
167 35 29699
167 36 26056
167 37 24338
167 38 35829
167 39 27975
167 40 17545
167 41 32333
167 42 29519
167 43 31662
167 44 30854
167 45 19110
167 46 21581
167 47 18721
167 48 10085
167 49 23148
167 50 10485
167 51 14661
167 52 4306
167 53 11905
167 54 21467
167 55 34324
167 56 33217
167 57 27063
167 58 14958
167 59 17269
167 60 16748
167 61 23027
167 62 10946
167 63 20624
167 64 15058
167 65 24917
167 66 15343
167 67 31956
167 68 15104
167 69 2850
167 70 9886
167 71 26244
167 72 24423
167 73 25958
167 74 30216
167 75 28973
167 76 12032
167 77 16577
167 78 24690
167 79 16717
167 80 22312
167 81 15423
167 82 11506
167 83 16749
167 84 20767
167 85 17836
167 86 25270
167 87 19128
167 88 7486
167 89 8068
167 90 20108
167 91 29143
167 92 23396
167 93 19487
167 94 13849
167 95 17723
167 96 17788
167 97 20553
167 98 24110
167 99 20542
167 100 24943
167 101 6710
167 102 9110
167 103 17037
167 104 20088
167 105 12094
167 106 7907
167 107 18148
167 108 9959
167 109 18823
167 110 26539
167 111 6176
167 112 8470
167 113 23717
167 114 14412
167 115 25170
167 116 16663
167 117 20438
167 118 10651
167 119 33274
167 120 20036
167 121 22567
167 122 11778
167 123 14454
167 124 21105
167 125 18014
167 126 19622
167 127 2591
167 128 16586
167 129 22833
167 130 23865
167 131 18135
167 132 2470
167 133 30673
167 134 23021
167 135 27085
167 136 35587
167 137 18878
167 138 12662
167 139 35250
167 140 35019
167 141 29307
167 142 31392
167 143 25149
167 144 24092
167 145 25885
167 146 4004
167 147 9908
167 148 8759
167 149 17668
167 150 21153
167 151 20922
167 152 13367
167 153 9104
167 154 10273
167 155 26248
167 156 7696
167 157 14036
167 158 17968
167 159 7115
167 160 14860
167 161 20148
167 162 3134
167 163 25181
167 164 19706
167 165 30875
167 166 11043
167 168 20872
167 169 22048
167 170 34959
167 171 24266
167 172 26881
167 173 22223
167 174 17702
167 175 20717
167 176 2947
167 177 19236
167 178 22082
167 179 20708
167 180 16034
167 181 15035
167 182 5683
167 183 12702
167 184 13076
167 185 18744
167 186 35730
167 187 34810
167 188 16974
167 189 11994
167 190 688
167 191 28656
167 192 30137
167 193 25720
167 194 8055
167 195 16764
167 196 13391
167 197 28014
167 198 21283
167 199 19290
167 200 2422
168 1 29647
168 2 45868
168 3 43911
168 4 52660
168 5 20484
168 6 30508
168 7 10052
168 8 9454
168 9 37276
168 10 17574
168 11 6685
168 12 41463
168 13 32459
168 14 38248
168 15 44703
168 16 26935
168 17 18790
168 18 15502
168 19 -544
168 20 33044
168 21 48178
168 22 54310
168 23 53106
168 24 53853
168 25 60912
168 26 40607
168 27 28273
168 28 35140
168 29 49483
168 30 24451
168 31 15789
168 32 18561
168 33 40388
168 34 46352
168 35 47824
168 36 -768
168 37 34686
168 38 38976
168 39 53463
168 40 41138
168 41 53330
168 42 42764
168 43 44278
168 44 35700
168 45 9699
168 46 954
168 47 -8010
168 48 -5799
168 49 -608
168 50 35218
168 51 33451
168 52 20427
168 53 35841
168 54 48238
168 55 60989
168 56 57706
168 57 44696
168 58 37071
168 59 28121
168 60 21289
168 61 26167
168 62 9436
168 63 17118
168 64 -692
168 65 37994
168 66 25685
168 67 57449
168 68 41547
168 69 27261
168 70 25237
168 71 41780
168 72 48290
168 73 49205
168 74 53328
168 75 52507
168 76 38286
168 77 42432
168 78 47724
168 79 41048
168 80 48965
168 81 37300
168 82 4075
168 83 16148
168 84 20293
168 85 24746
168 86 24649
168 87 35137
168 88 14320
168 89 23685
168 90 21618
168 91 35820
168 92 35200
168 93 27729
168 94 29079
168 95 31959
168 96 29320
168 97 34685
168 98 33585
168 99 30291
168 100 33977
168 101 26050
168 102 32955
168 103 33189
168 104 29837
168 105 36902
168 106 10538
168 107 3939
168 108 14652
168 109 45634
168 110 52005
168 111 32938
168 112 28862
168 113 21136
168 114 7635
168 115 45270
168 116 42969
168 117 36188
168 118 15587
168 119 39568
168 120 40293
168 121 48316
168 122 28982
168 123 124
168 124 -1021
168 125 9442
168 126 16516
168 127 20063
168 128 27241
168 129 47164
168 130 50572
168 131 23688
168 132 27761
168 133 53306
168 134 49797
168 135 45875
168 136 52079
168 137 37904
168 138 39339
168 139 60962
168 140 37977
168 141 32852
168 142 42875
168 143 -316
168 144 41002
168 145 46278
168 146 27506
168 147 24330
168 148 11189
168 149 43746
168 150 47806
168 151 32726
168 152 35480
168 153 13341
168 154 36950
168 155 52102
168 156 30254
168 157 37445
168 158 43242
168 159 7825
168 160 24346
168 161 36606
168 162 22330
168 163 51826
168 164 40935
168 165 57558
168 166 19945
168 167 22969
168 169 46373
168 170 61164
168 171 46816
168 172 41340
168 173 23091
168 174 4836
168 175 6419
168 176 28227
168 177 46060
168 178 41718
168 179 46966
168 180 40786
168 181 12705
168 182 4812
168 183 28055
168 184 39623
168 185 42330
168 186 60119
168 187 60624
168 188 30191
168 189 17093
168 190 15820
168 191 33566
168 192 37577
168 193 33144
168 194 9828
168 195 43290
168 196 39552
168 197 52382
168 198 46226
168 199 15698
168 200 26624
169 1 17914
169 2 40106
169 3 4230
169 4 23110
169 5 44130
169 6 41125
169 7 39570
169 8 48656
169 9 4994
169 10 30372
169 11 37782
169 12 13090
169 13 34424
169 14 52298
169 15 43149
169 16 49980
169 17 52259
169 18 38841
169 19 40753
169 20 19978
169 21 30023
169 22 37527
169 23 27992
169 24 7387
169 25 22499
169 26 20959
169 27 25904
169 28 21631
169 29 -946
169 30 18254
169 31 24685
169 32 23697
169 33 6056
169 34 -2041
169 35 10108
169 36 52358
169 37 47521
169 38 59219
169 39 22162
169 40 29125
169 41 39872
169 42 48622
169 43 49008
169 44 54946
169 45 48337
169 46 50324
169 47 45579
169 48 37707
169 49 46487
169 50 11200
169 51 9802
169 52 33578
169 53 28536
169 54 12812
169 55 22724
169 56 32589
169 57 41908
169 58 30769
169 59 41453
169 60 45007
169 61 49489
169 62 33597
169 63 35731
169 64 32695
169 65 9985
169 66 10400
169 67 23506
169 68 2384
169 69 22870
169 70 23486
169 71 12919
169 72 28459
169 73 32650
169 74 35085
169 75 31516
169 76 10225
169 77 6848
169 78 -307
169 79 -2614
169 80 10800
169 81 477
169 82 40269
169 83 45745
169 84 48972
169 85 42872
169 86 51620
169 87 37995
169 88 33078
169 89 34941
169 90 33380
169 91 53564
169 92 46506
169 93 44607
169 94 37141
169 95 40284
169 96 42717
169 97 42005
169 98 47958
169 99 45751
169 100 48180
169 101 23084
169 102 5385
169 103 8319
169 104 45297
169 105 24867
169 106 36550
169 107 40743
169 108 25863
169 109 14897
169 110 26488
169 111 17879
169 112 31190
169 113 51344
169 114 43676
169 115 38241
169 116 9635
169 117 41610
169 118 38669
169 119 56598
169 120 3431
169 121 -502
169 122 17899
169 123 39925
169 124 49004
169 125 47233
169 126 35194
169 127 29591
169 128 18376
169 129 1515
169 130 15011
169 131 25467
169 132 21168
169 133 35503
169 134 7971
169 135 7415
169 136 17560
169 137 36554
169 138 19063
169 139 29437
169 140 58620
169 141 54378
169 142 51238
169 143 49943
169 144 40904
169 145 35778
169 146 30226
169 147 35797
169 148 32814
169 149 20149
169 150 9641
169 151 44032
169 152 29178
169 153 38172
169 154 16674
169 155 22552
169 156 29898
169 157 8174
169 158 3561
169 159 28205
169 160 20198
169 161 8119
169 162 23020
169 163 7817
169 164 -3074
169 165 19647
169 166 39341
169 167 25411
169 168 47639
169 170 24595
169 171 30729
169 172 45311
169 173 49801
169 174 46910
169 175 42865
169 176 15796
169 177 10722
169 178 35880
169 179 18701
169 180 24512
169 181 24746
169 182 31781
169 183 36855
169 184 10034
169 185 3220
169 186 34601
169 187 28248
169 188 14328
169 189 29891
169 190 26042
169 191 53281
169 192 53160
169 193 49866
169 194 36406
169 195 16374
169 196 7810
169 197 29513
169 198 24238
169 199 48440
169 200 23169
170 1 39902
170 2 30141
170 3 29508
170 4 6778
170 5 47252
170 6 43990
170 7 55934
170 8 59479
170 9 38399
170 10 54608
170 11 61152
170 12 21799
170 13 32659
170 14 43015
170 15 26657
170 16 47242
170 17 55547
170 18 48925
170 19 60925
170 20 51090
170 21 19106
170 22 17276
170 23 -1361
170 24 15069
170 25 422
170 26 22601
170 27 38204
170 28 31895
170 29 20800
170 30 46033
170 31 45090
170 32 52627
170 33 36369
170 34 31355
170 35 44167
170 36 69986
170 37 43433
170 38 49479
170 39 -7569
170 40 25528
170 41 19254
170 42 38325
170 43 33845
170 44 48652
170 45 56073
170 46 62795
170 47 62600
170 48 53759
170 49 67745
170 50 34246
170 51 40571
170 52 46823
170 53 31919
170 54 10658
170 55 7191
170 56 8634
170 57 29106
170 58 29021
170 59 40043
170 60 50804
170 61 48945
170 62 55131
170 63 62338
170 64 58524
170 65 44112
170 66 43622
170 67 -10729
170 68 18493
170 69 41782
170 70 48276
170 71 47048
170 72 12223
170 73 19007
170 74 16626
170 75 9562
170 76 28664
170 77 28332
170 78 33898
170 79 27557
170 80 23350
170 81 32742
170 82 54003
170 83 53360
170 84 52780
170 85 40669
170 86 48450
170 87 30862
170 88 52028
170 89 41843
170 90 60535
170 91 49582
170 92 43520
170 93 43518
170 94 37523
170 95 38384
170 96 43420
170 97 37794
170 98 44702
170 99 45877
170 100 43092
170 101 45568
170 102 31257
170 103 41374
170 104 45423
170 105 26971
170 106 51341
170 107 62605
170 108 51253
170 109 20470
170 110 13886
170 111 32814
170 112 35661
170 113 51863
170 114 54145
170 115 27077
170 116 27842
170 117 38623
170 118 43790
170 119 49391
170 120 37162
170 121 21782
170 122 45211
170 123 59000
170 124 64196
170 125 55026
170 126 61494
170 127 47109
170 128 49281
170 129 32443
170 130 8897
170 131 54994
170 132 39606
170 133 14668
170 134 12585
170 135 41578
170 136 51618
170 137 31783
170 138 27360
170 139 3372
170 140 49339
170 141 49919
170 142 40513
170 143 69613
170 144 30951
170 145 18655
170 146 41107
170 147 40263
170 148 53141
170 149 18540
170 150 22191
170 151 41046
170 152 27430
170 153 51706
170 154 24971
170 155 6220
170 156 36284
170 157 35403
170 158 28839
170 159 50770
170 160 49911
170 161 41907
170 162 44124
170 163 16195
170 164 31112
170 165 6417
170 166 46711
170 167 40734
170 168 64842
170 169 27007
170 171 13395
170 172 35113
170 173 51774
170 174 57425
170 175 65112
170 176 35309
170 177 17895
170 178 25075
170 179 12974
170 180 21385
170 181 54170
170 182 50266
170 183 38869
170 184 26141
170 185 33583
170 186 8417
170 187 1270
170 188 46259
170 189 54127
170 190 44892
170 191 48534
170 192 46151
170 193 45737
170 194 51806
170 195 17368
170 196 27045
170 197 10430
170 198 13137
170 199 56543
170 200 30645
171 1 33015
171 2 8845
171 3 30452
171 4 7286
171 5 27416
171 6 25474
171 7 41624
171 8 41759
171 9 39372
171 10 45237
171 11 49743
171 12 18202
171 13 13455
171 14 21013
171 15 5674
171 16 25634
171 17 35028
171 18 32211
171 19 47472
171 20 47946
171 21 4337
171 22 -940
171 23 -1973
171 24 24459
171 25 16475
171 26 13229
171 27 26204
171 28 22111
171 29 27957
171 30 40364
171 31 34538
171 32 46211
171 33 36232
171 34 37300
171 35 48441
171 36 54202
171 37 22043
171 38 27631
171 39 2137
171 40 9946
171 41 579
171 42 16302
171 43 12719
171 44 26667
171 45 36937
171 46 44996
171 47 47070
171 48 38364
171 49 53874
171 50 30299
171 51 38678
171 52 32705
171 53 17617
171 54 13781
171 55 19175
171 56 4536
171 57 7089
171 58 11974
171 59 19440
171 60 32085
171 61 27865
171 62 43547
171 63 53437
171 64 47732
171 65 47468
171 66 42430
171 67 4568
171 68 20203
171 69 32563
171 70 40803
171 71 48818
171 72 -2639
171 73 803
171 74 -1399
171 75 -2316
171 76 25335
171 77 27873
171 78 38114
171 79 29722
171 80 25103
171 81 33707
171 82 37946
171 83 34920
171 84 32803
171 85 19444
171 86 26632
171 87 9415
171 88 39809
171 89 25091
171 90 52564
171 91 27951
171 92 22569
171 93 22718
171 94 18268
171 95 18136
171 96 23617
171 97 16817
171 98 23433
171 99 25633
171 100 21402
171 101 37389
171 102 28693
171 103 41075
171 104 25179
171 105 13906
171 106 36587
171 107 50133
171 108 42543
171 109 18410
171 110 7963
171 111 24760
171 112 19326
171 113 30683
171 114 36503
171 115 5554
171 116 26548
171 117 18321
171 118 24836
171 119 27382
171 120 39091
171 121 27630
171 122 40012
171 123 45207
171 124 47931
171 125 35985
171 126 52450
171 127 35287
171 128 45515
171 129 35211
171 130 13432
171 131 49253
171 132 30626
171 133 -2122
171 134 19187
171 135 45556
171 136 55671
171 137 11855
171 138 19685
171 139 11434
171 140 27440
171 141 28073
171 142 18531
171 143 54943
171 144 9079
171 145 -2809
171 146 27541
171 147 22356
171 148 41256
171 149 11260
171 150 23944
171 151 20095
171 152 10383
171 153 36470
171 154 17296
171 155 6728
171 156 21403
171 157 33491
171 158 29783
171 159 39958
171 160 44924
171 161 42885
171 162 34905
171 163 23242
171 164 35465
171 165 16742
171 166 29148
171 167 29030
171 168 49483
171 169 32130
171 170 12384
171 172 13101
171 173 31269
171 174 39317
171 175 52811
171 176 27837
171 177 18777
171 178 3498
171 179 9799
171 180 8481
171 181 47300
171 182 37121
171 183 20232
171 184 23271
171 185 34541
171 186 6208
171 187 11312
171 188 43982
171 189 44756
171 190 33540
171 191 26700
171 192 24168
171 193 24124
171 194 37287
171 195 12769
171 196 25113
171 197 724
171 198 2768
171 199 38058
171 200 16972
172 1 35890
172 2 8845
172 3 39800
172 4 24081
172 5 14049
172 6 17008
172 7 35005
172 8 30416
172 9 46329
172 10 43366
172 11 44817
172 12 27956
172 13 7665
172 14 3260
172 15 -1507
172 16 8385
172 17 19503
172 18 23745
172 19 40515
172 20 51298
172 21 17514
172 22 15133
172 23 14509
172 24 38822
172 25 33962
172 26 21695
172 27 26204
172 28 26226
172 29 40531
172 30 42235
172 31 32747
172 32 46211
172 33 43641
172 34 47658
172 35 56899
172 36 43943
172 37 6263
172 38 10291
172 39 20121
172 40 15736
172 41 11342
172 42 -1487
172 43 -100
172 44 8685
172 45 23467
172 46 32762
172 47 37605
172 48 29654
172 49 45546
172 50 36129
172 51 43938
172 52 28240
172 53 19399
172 54 28051
172 55 36032
172 56 22500
172 57 1130
172 58 13111
172 59 6028
172 60 20727
172 61 11831
172 62 39347
172 63 50923
172 64 42406
172 65 54415
172 66 46479
172 67 21989
172 68 31266
172 69 33585
172 70 41622
172 71 55438
172 72 14331
172 73 15242
172 74 16601
172 75 15386
172 76 32921
172 77 36913
172 78 47972
172 79 39141
172 80 36689
172 81 41477
172 82 28993
172 83 23334
172 84 18644
172 85 3487
172 86 8882
172 87 -1963
172 88 35856
172 89 18666
172 90 51252
172 91 10867
172 92 8648
172 93 8088
172 94 9464
172 95 7227
172 96 12100
172 97 4263
172 98 7814
172 99 12656
172 100 4360
172 101 38288
172 102 35067
172 103 46696
172 104 12202
172 105 18465
172 106 29904
172 107 44113
172 108 41102
172 109 29671
172 110 23582
172 111 28938
172 112 15951
172 113 14066
172 114 25519
172 115 7450
172 116 35638
172 117 8648
172 118 13167
172 119 9382
172 120 46895
172 121 39726
172 122 42786
172 123 38175
172 124 37809
172 125 22732
172 126 49892
172 127 32819
172 128 48119
172 129 44939
172 130 28561
172 131 49887
172 132 32199
172 133 14496
172 134 33249
172 135 54027
172 136 63655
172 137 7672
172 138 26731
172 139 29362
172 140 9953
172 141 10331
172 142 1167
172 143 45894
172 144 -591
172 145 4702
172 146 25588
172 147 14512
172 148 37170
172 149 22363
172 150 35530
172 151 6174
172 152 11520
172 153 29450
172 154 24342
172 155 23523
172 156 19832
172 157 40110
172 158 39131
172 159 36562
172 160 46591
172 161 49274
172 162 34905
172 163 37007
172 164 44777
172 165 33290
172 166 20158
172 167 27916
172 168 40278
172 169 42983
172 170 30373
172 171 9372
172 173 16233
172 174 27194
172 175 46893
172 176 30950
172 177 30875
172 178 3498
172 179 23604
172 180 16844
172 181 46171
172 182 31670
172 183 12149
172 184 31737
172 185 42951
172 186 23928
172 187 29246
172 188 47906
172 189 42885
172 190 31196
172 191 9011
172 192 6196
172 193 7150
172 194 30761
172 195 24152
172 196 33568
172 197 18482
172 198 17233
172 199 26103
172 200 16972
173 1 33510
173 2 25397
173 3 43784
173 4 38969
173 5 -1727
173 6 14121
173 7 21292
173 8 11449
173 9 45508
173 10 33412
173 11 30551
173 12 35021
173 13 14251
173 14 10297
173 15 19382
173 16 -1017
173 17 -1191
173 18 11086
173 19 24494
173 20 46185
173 21 32194
173 22 34369
173 23 34075
173 24 48497
173 25 48928
173 26 30259
173 27 24577
173 28 29245
173 29 47547
173 30 36380
173 31 24669
173 32 37000
173 33 44581
173 34 50717
173 35 56899
173 36 24412
173 37 9085
173 38 11589
173 39 37652
173 40 26452
173 41 31697
173 42 16893
173 43 17191
173 44 7652
173 45 2631
173 46 12256
173 47 19150
173 48 12627
173 49 27334
173 50 36873
173 51 41816
173 52 20155
173 53 24477
173 54 39176
173 55 49944
173 56 40425
173 57 21448
173 58 21790
173 59 4715
173 60 6365
173 61 -1850
173 62 26999
173 63 38925
173 64 26631
173 65 51710
173 66 41120
173 67 40755
173 68 37892
173 69 30052
173 70 35447
173 71 53262
173 72 31065
173 73 31588
173 74 34680
173 75 33928
173 76 36404
173 77 41150
173 78 51032
173 79 42546
173 80 44161
173 81 42365
173 82 12674
173 83 5988
173 84 -1787
173 85 -2157
173 86 -1472
173 87 12375
173 88 25158
173 89 13219
173 90 40850
173 91 8186
173 92 11329
173 93 2549
173 94 10497
173 95 10742
173 96 8585
173 97 11853
173 98 7814
173 99 7558
173 100 7133
173 101 33150
173 102 35764
173 103 44013
173 104 7104
173 105 25511
173 106 17009
173 107 28820
173 108 31294
173 109 38173
173 110 37941
173 111 30304
173 112 16700
173 113 -3413
173 114 7353
173 115 24741
173 116 40440
173 117 15361
173 118 -955
173 119 11515
173 120 47169
173 121 46385
173 122 38417
173 123 22481
173 124 19043
173 125 2101
173 126 37964
173 127 25177
173 128 41954
173 129 48593
173 130 40644
173 131 41366
173 132 29535
173 133 33629
173 134 43187
173 135 54270
173 136 62755
173 137 18695
173 138 32375
173 139 46030
173 140 10621
173 141 4884
173 142 15927
173 143 27237
173 144 17959
173 145 24647
173 146 22612
173 147 10046
173 148 25572
173 149 32736
173 150 43002
173 151 8855
173 152 20199
173 153 16785
173 154 29986
173 155 38411
173 156 20500
173 157 40785
173 158 43115
173 159 25000
173 160 39575
173 161 47223
173 162 29096
173 163 46295
173 164 46595
173 165 46804
173 166 9427
173 167 23339
173 168 22110
173 169 47554
173 170 47115
173 171 27621
173 172 16314
173 174 7207
173 175 31602
173 176 29687
173 177 39477
173 178 20844
173 179 35584
173 180 27505
173 181 34973
173 182 18783
173 183 11182
173 184 36416
173 185 45133
173 186 42383
173 187 45882
173 188 43242
173 189 32931
173 190 23049
173 191 5496
173 192 9711
173 193 5784
173 194 17767
173 195 33792
173 196 37659
173 197 35509
173 198 31480
173 199 7500
173 200 18202
174 1 31415
174 2 37206
174 3 44656
174 4 47474
174 5 9065
174 6 22183
174 7 12287
174 8 -584
174 9 42024
174 10 24797
174 11 18026
174 12 39136
174 13 24222
174 14 25814
174 15 33967
174 16 14116
174 17 5637
174 18 9428
174 19 11033
174 20 39845
174 21 41684
174 22 46227
174 23 45647
174 24 52594
174 25 56733
174 26 36362
174 27 25904
174 28 32449
174 29 49738
174 30 30315
174 31 19060
174 32 27702
174 33 43079
174 34 49571
174 35 53245
174 36 8890
174 37 23463
174 38 25872
174 39 47506
174 40 34887
174 41 44464
174 42 31632
174 43 32541
174 44 22927
174 45 -3450
174 46 -2605
174 47 4028
174 48 -639
174 49 12043
174 50 36367
174 51 37999
174 52 18223
174 53 30615
174 54 45088
174 55 57168
174 56 50952
174 57 34872
174 58 30325
174 59 17546
174 60 11334
174 61 13674
174 62 16975
174 63 27716
174 64 12396
174 65 45646
174 66 33836
174 67 51237
174 68 40730
174 69 28115
174 70 29933
174 71 48205
174 72 41378
174 73 42025
174 74 45805
174 75 45101
174 76 37919
174 77 42552
174 78 50315
174 79 42635
174 80 47636
174 81 40501
174 82 2202
174 83 5721
174 84 7862
174 85 12880
174 86 11500
174 87 25302
174 88 17880
174 89 17282
174 90 30962
174 91 23635
174 92 24606
174 93 16441
174 94 20303
174 95 22355
174 96 19472
174 97 24626
174 98 22244
174 99 19739
174 100 22239
174 101 29087
174 102 34773
174 103 39110
174 104 19285
174 105 31910
174 106 10098
174 107 15670
174 108 22458
174 109 42967
174 110 46526
174 111 31746
174 112 22705
174 113 7990
174 114 -1584
174 115 36633
174 116 42472
174 117 26882
174 118 5377
174 119 26976
174 120 44453
174 121 48507
174 122 33663
174 123 9696
174 124 3911
174 125 -3669
174 126 26899
174 127 21128
174 128 34773
174 129 48760
174 130 47084
174 131 32516
174 132 28230
174 133 45360
174 134 47856
174 135 50938
174 136 58277
174 137 29505
174 138 36495
174 139 55360
174 140 24871
174 141 20012
174 142 31183
174 143 11835
174 144 31172
174 145 37327
174 146 24223
174 147 16581
174 148 16791
174 149 39394
174 150 46477
174 151 22132
174 152 28734
174 153 11204
174 154 34106
174 155 46916
174 156 25210
174 157 39574
174 158 43987
174 159 15401
174 160 31997
174 161 42536
174 162 24974
174 163 50396
174 164 44680
174 165 53836
174 166 12273
174 167 22155
174 168 7192
174 169 48000
174 170 56103
174 171 39006
174 172 30612
174 173 10544
174 175 18364
174 176 28833
174 177 43906
174 178 32908
174 179 42639
174 180 35255
174 181 23777
174 182 9498
174 183 19750
174 184 38717
174 185 44448
174 186 53196
174 187 55129
174 188 37038
174 189 24316
174 190 18022
174 191 20927
174 192 25234
174 193 21120
174 194 10272
174 195 39663
174 196 39291
174 197 45712
174 198 40354
174 199 4521
174 200 22322
175 1 25192
175 2 49325
175 3 39099
175 4 52386
175 5 27860
175 6 34907
175 7 11840
175 8 18552
175 9 29312
175 10 9797
175 11 -4366
175 12 39330
175 13 36126
175 14 45895
175 15 49964
175 16 35474
175 17 28540
175 18 20273
175 19 -3283
175 20 23954
175 21 49420
175 22 56726
175 23 54604
175 24 50125
175 25 59454
175 26 40245
175 27 27744
175 28 34049
175 29 44623
175 30 16539
175 31 11867
175 32 8174
175 33 34154
175 34 39179
175 35 39090
175 36 6694
175 37 41145
175 38 48027
175 39 53582
175 40 42574
175 41 56495
175 42 48746
175 43 50754
175 44 44011
175 45 19682
175 46 12256
175 47 3032
175 48 1193
175 49 -1272
175 50 30649
175 51 25959
175 52 21482
175 53 36892
175 54 46316
175 55 59324
175 56 58727
175 57 49167
175 58 39195
175 59 34145
175 60 27880
175 61 34338
175 62 3523
175 63 6094
175 64 -9379
175 65 27825
175 66 15464
175 67 57553
175 68 37892
175 69 24099
175 70 18778
175 71 32503
175 72 49722
175 73 51006
175 74 55270
175 75 54210
175 76 34740
175 77 38229
175 78 41177
175 79 35467
175 80 45704
175 81 30551
175 82 10375
175 83 23667
175 84 28754
175 85 32045
175 86 34123
175 87 39949
175 88 11856
175 89 27030
175 90 11339
175 91 43381
175 92 41096
175 93 34499
175 94 33543
175 95 36974
175 96 34876
175 97 39939
175 98 40230
175 99 36456
175 100 40937
175 101 21090
175 102 27688
175 103 24451
175 104 36002
175 105 37491
175 106 13002
175 107 -5691
175 108 5990
175 109 43624
175 110 52151
175 111 30660
175 112 31232
175 113 30683
175 114 15878
175 115 48634
175 116 39309
175 117 40800
175 118 22235
175 119 47539
175 120 32698
175 121 43588
175 122 21929
175 123 124
175 124 9856
175 125 19188
175 126 5653
175 127 18207
175 128 17679
175 129 41526
175 130 48860
175 131 13433
175 132 24744
175 133 55566
175 134 46762
175 135 37426
175 136 42807
175 137 41453
175 138 37973
175 139 60838
175 140 47045
175 141 41357
175 142 49484
175 143 2740
175 144 45632
175 145 49670
175 146 28060
175 147 28471
175 148 7200
175 149 43244
175 150 44545
175 151 38622
175 152 37604
175 153 16478
175 154 35584
175 155 51828
175 156 31696
175 157 31855
175 158 38430
175 159 858
175 160 14860
175 161 27747
175 162 18058
175 163 48352
175 164 33467
175 165 55855
175 166 24905
175 167 21748
175 168 5353
175 169 40533
175 170 60368
175 171 49078
175 172 46889
175 173 31517
175 174 14942
175 176 24701
175 177 43485
175 178 45275
175 179 46197
175 180 41486
175 181 1412
175 182 3553
175 183 32288
175 184 36416
175 185 36437
175 186 61228
175 187 60379
175 188 20964
175 189 9316
175 190 13085
175 191 41716
175 192 45191
175 193 40499
175 194 11898
175 195 42122
175 196 35777
175 197 53475
175 198 46833
175 199 23926
175 200 27334
176 1 -110
176 2 28610
176 3 10650
176 4 23778
176 5 24330
176 6 22606
176 7 18900
176 8 27561
176 9 10901
176 10 14000
176 11 20792
176 12 9611
176 13 18723
176 14 36265
176 15 31999
176 16 31381
176 17 31879
176 18 17926
176 19 21775
176 20 15352
176 21 23572
176 22 32120
176 23 27750
176 24 20446
176 25 29723
176 26 12692
176 27 6229
176 28 6924
176 29 16074
176 30 7230
176 31 5090
176 32 13262
176 33 9623
176 34 15975
176 35 22148
176 36 32607
176 37 30465
176 38 42381
176 39 25055
176 40 18321
176 41 33267
176 42 34290
176 43 36075
176 44 37515
176 45 27354
176 46 29375
176 47 25472
176 48 17180
176 49 28363
176 50 2250
176 51 7823
176 52 12541
176 53 13828
176 54 16510
176 55 29532
176 56 31537
176 57 30218
176 58 17326
176 59 23677
176 60 24713
176 61 30428
176 62 15112
176 63 21840
176 64 17928
176 65 18428
176 66 10382
176 67 28765
176 68 8120
176 69 1973
176 70 8007
176 71 19506
176 72 23712
176 73 25958
176 74 29978
176 75 28202
176 76 4851
176 77 8921
176 78 16451
176 79 8511
176 80 15763
176 81 7382
176 82 19277
176 83 24961
176 84 28754
176 85 24688
176 86 32721
176 87 23523
176 88 13011
176 89 15267
176 90 20280
176 91 35820
176 92 29409
176 93 26315
176 94 19671
176 95 23385
176 96 24410
176 97 25883
176 98 30486
176 99 27338
176 100 31161
176 101 4977
176 102 891
176 103 10546
176 104 26884
176 105 12473
176 106 15563
176 107 22720
176 108 10716
176 109 13898
176 110 24259
176 111 1788
176 112 13509
176 113 31556
176 114 22592
176 115 27424
176 116 9511
176 117 25524
176 118 18530
176 119 39660
176 120 12251
176 121 14876
176 122 7012
176 123 20366
176 124 28397
176 125 26259
176 126 20960
176 127 8771
176 128 12601
176 129 14632
176 130 19128
176 131 16162
176 132 85
176 133 30618
176 134 16792
176 135 19434
176 136 28364
176 137 22487
176 138 9367
176 139 32148
176 140 41631
176 141 36289
176 142 36519
176 143 30989
176 144 27831
176 145 27416
176 146 10307
176 147 16746
176 148 13516
176 149 15049
176 150 14604
176 151 26935
176 152 15735
176 153 17087
176 154 6978
176 155 23220
176 156 12118
176 157 5857
176 158 9981
176 159 10411
176 160 11798
176 161 13335
176 162 3664
176 163 18524
176 164 11633
176 165 26061
176 166 18982
176 167 4382
176 168 27565
176 169 13868
176 170 30969
176 171 24508
176 172 31350
176 173 30006
176 174 25815
176 175 25105
176 177 13509
176 178 24605
176 179 17360
176 180 15543
176 181 14596
176 182 11718
176 183 18821
176 184 6429
176 185 10500
176 186 34043
176 187 31546
176 188 11778
176 189 13519
176 190 5685
176 191 35463
176 192 36382
176 193 32285
176 194 15506
176 195 13099
176 196 6050
176 197 26679
176 198 19786
176 199 27533
176 200 5732
177 1 17408
177 2 25245
177 3 7614
177 4 8248
177 5 34001
177 6 30244
177 7 36006
177 8 42307
177 9 17102
177 10 32265
177 11 39227
177 12 497
177 13 21587
177 14 38506
177 15 27837
177 16 38048
177 17 42644
177 18 31597
177 19 39952
177 20 28509
177 21 14471
177 22 21898
177 23 13426
177 24 4095
177 25 11544
177 26 6970
177 27 18625
177 28 12242
177 29 4771
177 30 23211
177 31 23428
177 32 29803
177 33 14318
177 34 13602
177 35 25095
177 36 50204
177 37 34739
177 38 45620
177 39 8667
177 40 14790
177 41 24221
177 42 34290
177 43 34013
177 44 41984
177 45 40614
177 46 45142
177 47 42884
177 48 34239
177 49 46664
177 50 11431
177 51 18140
177 52 27634
177 53 16552
177 54 -1450
177 55 11305
177 56 17572
177 57 26875
177 58 17326
177 59 29385
177 60 35880
177 61 38174
177 62 33508
177 63 39736
177 64 36196
177 65 24551
177 66 21681
177 67 11601
177 68 -3334
177 69 20054
177 70 25662
177 71 26362
177 72 12816
177 73 17051
177 74 19448
177 75 16069
177 76 5907
177 77 5772
177 78 14544
177 79 6528
177 80 1432
177 81 11257
177 82 35317
177 83 37611
177 84 39315
177 85 30837
177 86 39772
177 87 24037
177 88 30988
177 89 25683
177 90 37825
177 91 41057
177 92 33913
177 93 32815
177 94 25297
177 95 27805
177 96 31274
177 97 28897
177 98 35459
177 99 34241
177 100 35237
177 101 23222
177 102 8502
177 103 19601
177 104 33787
177 105 11966
177 106 31939
177 107 41111
177 108 28726
177 109 31
177 110 10934
177 111 11454
177 112 20387
177 113 40683
177 114 37055
177 115 23183
177 116 5044
177 117 28681
177 118 29248
177 119 43339
177 120 16334
177 121 4128
177 122 22387
177 123 38330
177 124 45185
177 125 39497
177 126 38928
177 127 26244
177 128 26620
177 129 11833
177 130 1249
177 131 32174
177 132 17894
177 133 19904
177 134 -979
177 135 22248
177 136 32439
177 137 22797
177 138 7712
177 139 15717
177 140 45123
177 141 41943
177 142 36953
177 143 49050
177 144 26338
177 145 20204
177 146 22442
177 147 25553
177 148 31778
177 149 4956
177 150 273
177 151 31439
177 152 15735
177 153 32797
177 154 5323
177 155 7690
177 156 19696
177 157 12771
177 158 6945
177 159 28850
177 160 27114
177 161 20734
177 162 22103
177 163 1888
177 164 11968
177 165 7854
177 166 30680
177 167 20302
177 168 45029
177 169 8425
177 170 13186
177 171 15079
177 172 30906
177 173 39427
177 174 40519
177 175 43520
177 176 13140
177 178 20918
177 179 3079
177 180 9865
177 181 31347
177 182 29549
177 183 25577
177 184 3422
177 185 11940
177 186 19789
177 187 14834
177 188 23882
177 189 31784
177 190 23662
177 191 40690
177 192 39872
177 193 37273
177 194 32176
177 195 1144
177 196 4224
177 197 14046
177 198 8589
177 199 40636
177 200 13227
178 1 30431
178 2 -4
178 3 31842
178 4 14644
178 5 18214
178 6 17184
178 7 34684
178 8 33213
178 9 39434
178 10 40479
178 11 43717
178 12 19605
178 13 5312
178 14 12739
178 15 1632
178 16 16239
178 17 25590
178 18 24388
178 19 40577
178 20 45946
178 21 8036
178 22 7560
178 23 7251
178 24 29556
178 25 24604
178 26 13405
178 27 21744
178 28 19764
178 29 31678
178 30 37477
178 31 29650
178 32 42492
178 33 36456
178 34 39547
178 35 49515
178 36 46170
178 37 12567
178 38 19772
178 39 11424
178 40 7593
178 41 5656
178 42 7982
178 43 7152
178 44 17735
178 45 27852
178 46 36291
178 47 39250
178 48 30734
178 49 46563
178 50 29409
178 51 37673
178 52 26383
178 53 13437
178 54 18719
178 55 26566
178 56 13920
178 57 47
178 58 6760
178 59 10070
178 60 23336
178 61 18379
178 62 37720
178 63 48514
178 64 41663
178 65 47693
178 66 40916
178 67 14054
178 68 22712
178 69 28914
178 70 37287
178 71 48765
178 72 5118
178 73 5858
178 74 8003
178 75 7165
178 76 25437
178 77 29002
178 78 39977
178 79 31219
178 80 27968
178 81 34199
178 82 30150
178 83 26199
178 84 23515
178 85 9958
178 86 17385
178 87 -68
178 88 33964
178 89 17690
178 90 48178
178 91 18561
178 92 13117
178 93 13275
178 94 9677
178 95 8988
178 96 14569
178 97 7381
178 98 13947
178 99 16366
178 100 12043
178 101 33822
178 102 28194
178 103 40373
178 104 15912
178 105 11308
178 106 29553
178 107 43638
178 108 38022
178 109 20911
178 110 14096
178 111 22651
178 112 12796
178 113 21200
178 114 28030
178 115 -1990
178 116 27660
178 117 9228
178 118 15994
178 119 18586
178 120 39664
178 121 30981
178 122 37560
178 123 38241
178 124 39856
178 125 26940
178 126 47495
178 127 29979
178 128 43130
178 129 36923
178 130 19128
178 131 45855
178 132 27235
178 133 6802
178 134 24002
178 135 46618
178 136 56478
178 137 3563
178 138 19133
178 139 20322
178 140 19440
178 141 18859
178 142 10568
178 143 47344
178 144 36
178 145 -1429
178 146 22100
178 147 14354
178 148 35420
178 149 13428
178 150 26809
178 151 10643
178 152 5169
178 153 29264
178 154 16744
178 155 14086
178 156 15807
178 157 33170
178 158 31173
178 159 34494
178 160 42022
178 161 42658
178 162 30854
178 163 27832
178 164 37018
178 165 23807
178 166 21034
178 167 24207
178 168 41746
178 169 34642
178 170 21425
178 171 859
178 172 4588
178 173 21853
178 174 30580
178 175 46369
178 176 25295
178 177 21977
178 179 14258
178 180 8249
178 181 43106
178 182 30687
178 183 11960
178 184 23914
178 185 35386
178 186 15693
178 187 20207
178 188 42317
178 189 39998
178 190 28346
178 191 17473
178 192 15251
178 193 14723
178 194 30334
178 195 15259
178 196 25809
178 197 9432
178 198 7752
178 199 29278
178 200 12202
179 1 22385
179 2 18231
179 3 15849
179 4 956
179 5 31017
179 6 27274
179 7 37522
179 8 41726
179 9 25234
179 10 36693
179 11 42920
179 12 4618
179 13 17039
179 14 32169
179 15 19963
179 16 33347
179 17 39654
179 18 31014
179 19 42494
179 20 35559
179 21 6486
179 22 13362
179 23 5639
179 24 9856
179 25 8657
179 26 4262
179 27 19767
179 28 13480
179 29 12729
179 30 29250
179 31 26850
179 32 35731
179 33 22226
179 34 22123
179 35 33601
179 36 51635
179 37 29601
179 38 39297
179 39 2231
179 40 9339
179 41 15725
179 42 27582
179 43 26474
179 44 36372
179 45 38990
179 46 44950
179 47 44244
179 48 35416
179 49 49313
179 50 17754
179 51 25541
179 52 28455
179 53 14115
179 54 -1004
179 55 9106
179 56 9517
179 57 19460
179 58 12710
179 59 25009
179 60 33783
179 61 34077
179 62 36824
179 63 44653
179 64 40476
179 65 32956
179 66 29318
179 67 6023
179 68 5168
179 69 23657
179 70 30778
179 71 34600
179 72 4298
179 73 8845
179 74 10919
179 75 7596
179 76 12186
179 77 13581
179 78 23084
179 79 14947
179 80 9975
179 81 19417
179 82 35802
179 83 36061
179 84 36517
179 85 26255
179 86 34983
179 87 17950
179 88 33626
179 89 24180
179 90 43086
179 91 35993
179 92 29064
179 93 28546
179 94 21483
179 95 23256
179 96 27557
179 97 23660
179 98 30561
179 99 30338
179 100 29854
179 101 27783
179 102 15542
179 103 27451
179 104 29884
179 105 9091
179 106 32981
179 107 44240
179 108 33525
179 109 3869
179 110 2432
179 111 14717
179 112 18144
179 113 36890
179 114 36398
179 115 15878
179 116 12428
179 117 23777
179 118 26928
179 119 37492
179 120 24639
179 121 12366
179 122 28540
179 123 40561
179 124 45964
179 125 37904
179 126 43760
179 127 28704
179 128 33482
179 129 20319
179 130 -284
179 131 38358
179 132 21498
179 133 11360
179 134 4340
179 135 30743
179 136 40921
179 137 17251
179 138 9064
179 139 9339
179 140 38895
179 141 36792
179 142 30222
179 143 51180
179 144 19534
179 145 11976
179 146 22759
179 147 23145
179 148 34781
179 149 208
179 150 8816
179 151 26590
179 152 11119
179 153 33421
179 154 6675
179 155 398
179 156 18312
179 157 20091
179 158 15180
179 159 32574
179 160 33534
179 161 28849
179 162 26086
179 163 8271
179 164 20499
179 165 5845
179 166 29194
179 167 22309
179 168 46470
179 169 16939
179 170 8800
179 171 6636
179 172 24170
179 173 36069
179 174 39787
179 175 46767
179 176 17526
179 177 3614
179 178 13734
179 180 4443
179 181 37204
179 182 31831
179 183 22322
179 184 9754
179 185 20127
179 186 11893
179 187 8788
179 188 31208
179 189 36212
179 190 26538
179 191 35451
179 192 34048
179 193 32162
179 194 33419
179 195 -787
179 196 11311
179 197 5579
179 198 227
179 199 39211
179 200 12437
180 1 19977
180 2 11038
180 3 19086
180 4 7664
180 5 22085
180 6 18418
180 7 30764
180 8 33537
180 9 27158
180 10 32597
180 11 37749
180 12 6800
180 13 8054
180 14 24107
180 15 14247
180 16 24462
180 17 30694
180 18 23012
180 19 36290
180 20 34987
180 21 3591
180 22 12023
180 23 8613
180 24 17815
180 25 17143
180 26 672
180 27 13869
180 28 9104
180 29 19130
180 30 27326
180 31 22064
180 32 33230
180 33 24064
180 34 26744
180 35 36908
180 36 44433
180 37 20813
180 38 31236
180 39 8129
180 40 459
180 41 13280
180 42 19878
180 43 19940
180 44 27828
180 45 30348
180 46 36854
180 47 37088
180 48 28243
180 49 42996
180 50 17545
180 51 25959
180 52 21568
180 53 6114
180 54 7483
180 55 17928
180 56 12686
180 57 12851
180 58 3710
180 59 16036
180 60 25083
180 61 25091
180 62 31519
180 63 40794
180 64 35649
180 65 35409
180 66 29603
180 67 12106
180 68 9952
180 69 19690
180 70 27831
180 71 36575
180 72 3888
180 73 5858
180 74 9943
180 75 8454
180 76 12995
180 77 16275
180 78 27193
180 79 18463
180 80 15299
180 81 21720
180 82 28258
180 83 27517
180 84 27601
180 85 17328
180 86 26133
180 87 9652
180 88 27920
180 89 15901
180 90 39741
180 91 27199
180 92 20177
180 93 19567
180 94 12493
180 95 14293
180 96 18564
180 97 14883
180 98 21699
180 99 21338
180 100 21175
180 101 24449
180 102 16117
180 103 28502
180 104 20884
180 105 1442
180 106 25952
180 107 38531
180 108 29795
180 109 8271
180 110 6767
180 111 11722
180 112 9720
180 113 27892
180 114 28203
180 115 9217
180 116 14921
180 117 14877
180 118 18161
180 119 29078
180 120 27179
180 121 18337
180 122 26983
180 123 34163
180 124 38456
180 125 29278
180 126 39827
180 127 23145
180 128 32506
180 129 24142
180 130 8666
180 131 36234
180 132 17701
180 133 10551
180 134 12251
180 135 34008
180 136 43960
180 137 8560
180 138 6882
180 139 15717
180 140 30759
180 141 28044
180 142 22539
180 143 44480
180 144 11966
180 145 7852
180 146 15934
180 147 14460
180 148 29290
180 149 1121
180 150 14140
180 151 17703
180 152 2119
180 153 26131
180 154 4493
180 155 7106
180 156 10502
180 157 21008
180 158 18417
180 159 27683
180 160 31885
180 161 30538
180 162 22103
180 163 15841
180 164 24285
180 165 14752
180 166 20787
180 167 16727
180 168 39382
180 169 21842
180 170 16303
180 171 4410
180 172 16502
180 173 27082
180 174 31495
180 175 41148
180 176 14801
180 177 9492
180 178 6817
180 179 3535
180 181 34393
180 182 25675
180 183 13412
180 184 11264
180 185 22773
180 186 15184
180 187 15435
180 188 31097
180 189 32116
180 190 21275
180 191 26731
180 192 25614
180 193 23381
180 194 26519
180 195 2803
180 196 13169
180 197 7437
180 198 895
180 199 30692
180 200 5244
181 1 25682
181 2 58131
181 3 35819
181 4 55174
181 5 42504
181 6 46369
181 7 25753
181 8 35531
181 9 19946
181 10 12227
181 11 8028
181 12 40586
181 13 46026
181 14 59770
181 15 60556
181 16 50729
181 17 45323
181 18 33729
181 19 14872
181 20 13740
181 21 54989
181 22 63367
181 23 59373
181 24 47308
181 25 59852
181 26 44283
181 27 33966
181 28 38186
181 29 40110
181 30 11552
181 31 17428
181 32 -2446
181 33 28765
181 34 30305
181 35 26917
181 36 24291
181 37 54113
181 38 63430
181 39 56370
181 40 49085
181 41 64125
181 42 60659
181 43 62897
181 44 58798
181 45 36937
181 46 30635
181 47 21470
181 48 18544
181 49 13272
181 50 29288
181 51 18857
181 52 31465
181 53 43702
181 54 46877
181 55 59615
181 56 63157
181 57 59055
181 58 46959
181 59 46898
181 60 42152
181 61 49389
181 62 13616
181 63 2976
181 64 -6501
181 65 12001
181 66 470
181 67 59821
181 68 36221
181 69 27464
181 70 18118
181 71 19506
181 72 55215
181 73 57218
181 74 61362
181 75 59745
181 76 34378
181 77 36213
181 78 33989
181 79 30596
181 80 44595
181 81 23815
181 82 26379
181 83 39045
181 84 44457
181 85 46078
181 86 50298
181 87 50730
181 88 21371
181 89 37970
181 90 6021
181 91 57540
181 92 53544
181 93 48087
181 94 44718
181 95 48527
181 96 47360
181 97 51527
181 98 53478
181 99 49534
181 100 54365
181 101 22505
181 102 24797
181 103 13638
181 104 49080
181 105 43314
181 106 26214
181 107 12414
181 108 5848
181 109 44723
181 110 55856
181 111 33377
181 112 40304
181 113 47124
181 114 32266
181 115 57218
181 116 38245
181 117 51749
181 118 36457
181 119 61903
181 120 23874
181 121 39509
181 122 17921
181 123 17260
181 124 28098
181 125 36275
181 126 3827
181 127 25609
181 128 6506
181 129 36412
181 130 49579
181 131 2037
181 132 27891
181 133 61955
181 134 45369
181 135 26030
181 136 29293
181 137 50864
181 138 40986
181 139 63420
181 140 62490
181 141 56465
181 142 62089
181 143 19376
181 144 55945
181 145 57843
181 146 35919
181 147 39893
181 148 16998
181 149 46658
181 150 43436
181 151 51070
181 152 45368
181 153 29635
181 154 38597
181 155 54616
181 156 39744
181 157 28210
181 158 35150
181 159 8282
181 160 5227
181 161 16135
181 162 21172
181 163 46217
181 164 24285
181 165 56186
181 166 37852
181 167 28198
181 168 23771
181 169 34546
181 170 61558
181 171 55699
181 172 58299
181 173 47020
181 174 32487
181 175 13544
181 176 26324
181 177 43444
181 178 54144
181 179 48766
181 180 46863
181 182 16168
181 183 43414
181 184 36318
181 185 31324
181 186 65661
181 187 62730
181 188 9765
181 189 11746
181 190 19999
181 191 56435
181 192 59182
181 193 54429
181 194 25138
181 195 44510
181 196 34726
181 197 58290
181 198 51391
181 199 39935
181 200 34397
182 1 16306
182 2 37271
182 3 30570
182 4 40917
182 5 17843
182 6 23174
182 7 1128
182 8 12036
182 9 24836
182 10 6826
182 11 4638
182 12 28685
182 13 24136
182 14 35424
182 15 38211
182 16 26035
182 17 21085
182 18 9239
182 19 2144
182 20 21878
182 21 37490
182 22 44663
182 23 42675
182 24 40660
182 25 48542
182 26 28727
182 27 16129
182 28 22763
182 29 36146
182 30 12507
182 31 2483
182 32 10108
182 33 27223
182 34 33389
182 35 35799
182 36 12360
182 37 30104
182 38 38741
182 39 42008
182 40 30584
182 41 44414
182 42 37326
182 43 39470
182 44 34174
182 45 13383
182 46 10940
182 47 5308
182 48 -2401
182 49 8955
182 50 21877
182 51 20860
182 52 9403
182 53 24931
182 54 35603
182 55 48508
182 56 46881
182 57 37249
182 58 27124
182 59 22962
182 60 17527
182 61 24703
182 62 -312
182 63 11677
182 64 2468
182 65 27633
182 66 15823
182 67 46011
182 68 28337
182 69 14005
182 70 12534
182 71 30382
182 72 37772
182 73 38993
182 74 43249
182 75 42229
182 76 25062
182 77 29125
182 78 34583
182 79 27741
182 80 35847
182 81 24272
182 82 2478
182 83 14390
182 84 19810
182 85 21608
182 86 25678
182 87 28163
182 88 979
182 89 15105
182 90 13664
182 91 33050
182 92 29799
182 93 23762
182 94 21770
182 95 25337
182 96 23540
182 97 28341
182 98 29324
182 99 25412
182 100 30154
182 101 12799
182 102 19642
182 103 21404
182 104 24958
182 105 25648
182 106 1621
182 107 4489
182 108 4576
182 109 32925
182 110 40519
182 111 20013
182 112 19151
182 113 22636
182 114 8183
182 115 36570
182 116 29739
182 117 29012
182 118 11851
182 119 37382
182 120 27606
182 121 34983
182 122 16363
182 123 264
182 124 8892
182 125 12544
182 126 10694
182 127 7025
182 128 16745
182 129 33861
182 130 38040
182 131 14749
182 132 14549
182 133 43516
182 134 36767
182 135 33646
182 136 40547
182 137 29428
182 138 26868
182 139 49339
182 140 37797
182 141 31786
182 142 38348
182 143 10988
182 144 33770
182 145 37599
182 146 16110
182 147 16699
182 148 -1236
182 149 31805
182 150 34688
182 151 27325
182 152 25533
182 153 5124
182 154 24479
182 155 40359
182 156 19650
182 157 24168
182 158 29901
182 159 -2227
182 160 13977
182 161 24848
182 162 9007
182 163 38680
182 164 28126
182 165 45053
182 166 13650
182 167 10349
182 168 7381
182 169 33084
182 170 49157
182 171 37023
182 172 35301
182 173 22333
182 174 9711
182 175 7188
182 176 14949
182 177 33149
182 178 33228
182 179 34896
182 180 29648
182 181 7671
182 183 20480
182 184 26483
182 185 29076
182 186 49368
182 187 48927
182 188 19075
182 189 6345
182 190 2524
182 191 31814
182 192 34774
182 193 30013
182 194 505
182 195 30976
182 196 26296
182 197 41601
182 198 35055
182 199 15478
182 200 15406
183 1 21890
183 2 13996
183 3 29735
183 4 24612
183 5 4846
183 6 1393
183 7 19362
183 8 17676
183 9 33552
183 10 27453
183 11 28969
183 12 20137
183 13 673
183 14 13812
183 15 13880
183 16 9279
183 17 13508
183 18 8616
183 19 25139
183 20 36642
183 21 18290
183 22 22768
183 23 22069
183 24 33504
183 25 34364
183 26 15226
183 27 11957
183 28 14924
183 29 32891
183 30 27209
183 31 16965
183 32 30492
183 33 31675
183 34 37215
183 35 44703
183 36 30375
183 37 7860
183 38 19709
183 39 24119
183 40 11857
183 41 21457
183 42 13394
183 43 15633
183 44 14865
183 45 13383
183 46 20934
183 47 23440
183 48 14964
183 49 30852
183 50 23826
183 51 30415
183 52 12259
183 53 9484
183 54 24165
183 55 35187
183 56 27387
183 57 13075
183 58 7150
183 59 1016
183 60 8176
183 61 8893
183 62 23372
183 63 34926
183 64 26712
183 65 40985
183 66 31871
183 67 27724
183 68 23190
183 69 18945
183 70 26392
183 71 42123
183 72 17816
183 73 18436
183 74 22213
183 75 21505
183 76 22327
183 77 26966
183 78 37451
183 79 28745
183 80 29318
183 81 29545
183 82 14353
183 83 10923
183 84 10346
183 85 2240
183 86 10918
183 87 3832
183 88 19856
183 89 2666
183 90 35349
183 91 13203
183 92 6861
183 93 3921
183 94 -2536
183 95 1281
183 96 2012
183 97 4263
183 98 7814
183 99 5046
183 100 8527
183 101 23261
183 102 22827
183 103 33051
183 104 4592
183 105 10478
183 106 14220
183 107 28480
183 108 25225
183 109 23175
183 110 23582
183 111 16689
183 112 2135
183 113 11257
183 114 12422
183 115 13411
183 116 26064
183 117 4681
183 118 1084
183 119 16998
183 120 34701
183 121 31773
183 122 28216
183 123 22785
183 124 24062
183 125 12355
183 126 33896
183 127 17007
183 128 33135
183 129 34731
183 130 25695
183 131 34302
183 132 17894
183 133 21858
183 134 28166
183 135 41933
183 136 51025
183 137 6075
183 138 17587
183 139 32148
183 140 18962
183 141 13839
183 142 14983
183 143 31557
183 144 9497
183 145 14382
183 146 10567
183 147 -1352
183 148 21177
183 149 17759
183 150 28159
183 151 4387
183 152 5559
183 153 13825
183 154 15198
183 155 24054
183 156 6298
183 157 27898
183 158 29066
183 159 20562
183 160 31333
183 161 35962
183 162 19624
183 163 31314
183 164 33533
183 165 31993
183 166 5223
183 167 12689
183 168 25945
183 169 33479
183 170 33081
183 171 15455
183 172 11101
183 173 10053
183 174 15284
183 175 31244
183 176 17373
183 177 24498
183 178 9822
183 179 20708
183 180 12706
183 181 30238
183 182 15801
183 184 22013
183 185 31745
183 186 29606
183 187 31957
183 188 33441
183 189 26972
183 190 15358
183 191 12890
183 192 13752
183 193 9630
183 194 15053
183 195 18762
183 196 23458
183 197 22184
183 198 17233
183 199 14093
183 200 4019
184 1 9618
184 2 26455
184 3 3685
184 4 14864
184 5 30202
184 6 26905
184 7 29145
184 8 36528
184 9 11718
184 10 24480
184 11 31523
184 12 398
184 13 20016
184 14 37956
184 15 29860
184 16 35642
184 17 38582
184 18 26086
184 19 32556
184 20 21431
184 21 17882
184 22 26312
184 23 19781
184 24 9856
184 25 19339
184 26 7380
184 27 12744
184 28 7411
184 29 6871
184 30 15555
184 31 15900
184 32 22142
184 33 8576
184 34 11556
184 35 21257
184 36 43170
184 37 33099
184 38 44828
184 39 15838
184 40 15325
184 41 28210
184 42 34487
184 43 35264
184 44 40524
184 45 35496
184 46 38986
184 47 35934
184 48 27441
184 49 39177
184 50 3783
184 51 11429
184 52 21418
184 53 14115
184 54 6203
184 55 19105
184 56 23641
184 57 28334
184 58 16509
184 59 27066
184 60 31421
184 61 35258
184 62 25926
184 63 31928
184 64 28399
184 65 19882
184 66 15237
184 67 19126
184 68 -2350
184 69 12615
184 70 17853
184 71 21165
184 72 17305
184 73 20573
184 74 23896
184 75 21316
184 76 -1857
184 77 795
184 78 11849
184 79 3016
184 80 4978
184 81 6123
184 82 28951
184 83 32626
184 84 35238
184 85 28504
184 86 37311
184 87 23765
184 88 23689
184 89 21181
184 90 30036
184 91 39154
184 92 32086
184 93 30264
184 94 22759
184 95 25864
184 96 28411
184 97 27602
184 98 33543
184 99 31444
184 100 33759
184 101 15458
184 102 1402
184 103 13534
184 104 30990
184 105 10584
184 106 25371
184 107 33533
184 108 20917
184 109 4149
184 110 16359
184 111 4751
184 112 16920
184 113 37313
184 114 31370
184 115 24795
184 116 -336
184 117 27199
184 118 24969
184 119 42186
184 120 11564
184 121 5664
184 122 14755
184 123 31066
184 124 38537
184 125 34377
184 126 31118
184 127 19132
184 128 19399
184 129 8829
184 130 8897
184 131 24597
184 132 10501
184 133 24537
184 134 5976
184 135 18357
184 136 28316
184 137 22311
184 138 4733
184 139 22872
184 140 44217
184 141 39980
184 142 37061
184 143 41740
184 144 26953
184 145 23313
184 146 16933
184 147 21735
184 148 24313
184 149 7902
184 150 3819
184 151 29612
184 152 14918
184 153 26490
184 154 2344
184 155 14306
184 156 15724
184 157 6008
184 158 3016
184 159 21172
184 160 19630
184 161 15229
184 162 14455
184 163 7817
184 164 8735
184 165 15647
184 166 25896
184 167 13600
184 168 38050
184 169 7195
184 170 20890
184 171 19031
184 172 31226
184 173 35824
184 174 34788
184 175 35909
184 176 5518
184 177 2880
184 178 22313
184 179 8677
184 180 11095
184 181 23679
184 182 22341
184 183 22550
184 185 7120
184 186 26033
184 187 22113
184 188 17070
184 189 23999
184 190 16341
184 191 38869
184 192 38751
184 193 35450
184 194 25489
184 195 4741
184 196 -2484
184 197 19399
184 198 12929
184 199 35503
184 200 9013
185 1 10926
185 2 37584
185 3 1614
185 4 24248
185 5 38522
185 6 36035
185 7 32522
185 8 41957
185 9 1102
185 10 23122
185 11 30551
185 12 11209
185 13 30371
185 14 48427
185 15 41027
185 16 45004
185 17 46336
185 18 32487
185 19 33476
185 20 13964
185 21 28889
185 22 37129
185 23 29426
185 24 12073
185 25 25962
185 26 18561
185 27 20105
185 28 17029
185 29 4771
185 30 11222
185 31 17511
185 32 17078
185 33 -965
185 34 1523
185 35 10079
185 36 45105
185 37 43141
185 38 55087
185 39 24434
185 40 26452
185 41 39176
185 42 45318
185 43 46319
185 44 50503
185 45 41899
185 46 43362
185 47 38371
185 48 30592
185 49 39225
185 50 4711
185 51 3401
185 52 27085
185 53 24477
185 54 14260
185 55 25864
185 56 33534
185 57 39465
185 58 27320
185 59 36747
185 60 39111
185 61 44276
185 62 26319
185 63 28752
185 64 25728
185 65 8878
185 66 5992
185 67 26789
185 68 2612
185 69 16098
185 70 16211
185 71 10414
185 72 28046
185 73 31588
185 74 34680
185 75 31758
185 76 5907
185 77 3832
185 78 1895
185 79 -4786
185 80 11308
185 81 -4743
185 82 33370
185 83 39513
185 84 43140
185 85 38043
185 86 46529
185 87 34521
185 88 25925
185 89 29316
185 90 26432
185 91 48943
185 92 42077
185 93 39709
185 94 32478
185 95 35881
185 96 37764
185 97 37926
185 98 43412
185 99 40776
185 100 43844
185 101 15877
185 102 -1570
185 103 3769
185 104 40322
185 105 21442
185 106 29670
185 107 33471
185 108 18681
185 109 14132
185 110 26608
185 111 12500
185 112 26304
185 113 45781
185 114 37055
185 115 35959
185 116 6915
185 117 37495
185 118 32864
185 119 52355
185 120 497
185 121 4128
185 122 10732
185 123 32676
185 124 41899
185 125 40808
185 126 28170
185 127 22671
185 128 12315
185 129 1121
185 130 16828
185 131 18990
185 132 14549
185 133 35272
185 134 10966
185 135 7180
185 136 17152
185 137 33090
185 138 15690
185 139 31529
185 140 54420
185 141 49642
185 142 47834
185 143 42663
185 144 37949
185 145 34441
185 146 24400
185 147 30472
185 148 25572
185 149 18823
185 150 10149
185 151 39603
185 152 25729
185 153 31428
185 154 13301
185 155 23690
185 156 24899
185 157 1008
185 158 945
185 159 20926
185 160 13705
185 161 4734
185 162 15879
185 163 11370
185 164 -2175
185 165 22573
185 166 33391
185 167 18940
185 168 40429
185 169 53
185 170 28004
185 171 29973
185 172 42112
185 173 44213
185 174 40191
185 175 35602
185 176 9261
185 177 11070
185 178 33457
185 179 18722
185 180 22276
185 181 18357
185 182 24606
185 183 31954
185 184 6792
185 186 35780
185 187 30542
185 188 8786
185 189 22641
185 190 18980
185 191 48654
185 192 48965
185 193 45308
185 194 29465
185 195 15357
185 196 4224
185 197 29754
185 198 23657
185 199 42093
185 200 18202
186 1 38000
186 2 19244
186 3 31628
186 4 4298
186 5 37630
186 6 35207
186 7 50020
186 8 51416
186 9 41112
186 10 51658
186 11 57133
186 12 20716
186 13 23318
186 14 30858
186 15 14064
186 16 36043
186 17 45408
186 18 41429
186 19 55656
186 20 51667
186 21 10720
186 22 4898
186 23 -10475
186 24 21358
186 25 9205
186 26 18132
186 27 33255
186 28 27891
186 29 26255
186 30 45117
186 31 41313
186 32 51476
186 33 38219
186 34 36668
186 35 48810
186 36 63309
186 37 32483
186 38 37073
186 39 -7569
186 40 17815
186 41 6623
186 42 26344
186 43 21240
186 44 36838
186 45 47021
186 46 54729
186 47 56044
186 48 47238
186 49 62309
186 50 33823
186 51 41661
186 52 40861
186 53 25323
186 54 12400
186 55 13515
186 56 -2283
186 57 17138
186 58 20793
186 59 29792
186 60 41982
186 61 38299
186 62 50907
186 63 59799
186 64 54992
186 65 48461
186 66 45420
186 67 -5856
186 68 20636
186 69 38569
186 70 46278
186 71 50381
186 72 2338
186 73 9010
186 74 5145
186 75 -2602
186 76 28295
186 77 29567
186 78 38149
186 79 30504
186 80 25344
186 81 35268
186 82 47017
186 83 44761
186 84 43067
186 85 29883
186 86 36957
186 87 19855
186 88 47334
186 89 34203
186 90 58486
186 91 38362
186 92 32975
186 93 33113
186 94 28221
186 95 28384
186 96 33775
186 97 27217
186 98 33872
186 99 35915
186 100 31804
186 101 43076
186 102 31666
186 103 43488
186 104 35461
186 105 20855
186 106 45116
186 107 57946
186 108 48707
186 109 19956
186 110 8735
186 111 29931
186 112 28132
186 113 41124
186 114 46119
186 115 15984
186 116 28492
186 117 28565
186 118 34801
186 119 37492
186 120 40345
186 121 26483
186 122 44475
186 123 53493
186 124 57146
186 125 46039
186 126 58860
186 127 42535
186 128 49558
186 129 35725
186 130 11097
186 131 54217
186 132 36480
186 133 2272
186 134 16980
186 135 46015
186 136 56218
186 137 21915
186 138 24233
186 139 3372
186 140 36980
186 141 38392
186 142 28336
186 143 63658
186 144 19452
186 145 6360
186 146 35306
186 147 31887
186 148 48693
186 149 14710
186 150 24185
186 151 30501
186 152 19202
186 153 45166
186 154 21844
186 155 3740
186 156 29586
186 157 36208
186 158 30959
186 159 46998
186 160 49496
186 161 44743
186 162 41042
186 163 21066
186 164 35602
186 165 11772
186 166 38633
186 167 36098
186 168 58390
186 169 31606
186 170 3010
186 171 1812
186 172 23261
186 173 41635
186 174 49111
186 175 60565
186 176 32976
186 177 19091
186 178 13936
186 179 10660
186 180 14859
186 181 52866
186 182 45070
186 183 29987
186 184 25877
186 185 35952
186 187 2997
186 188 47333
186 189 51177
186 190 40628
186 191 37030
186 192 34356
186 193 34539
186 194 45735
186 195 15137
186 196 27420
186 197 802
186 198 6354
186 199 47928
186 200 24603
187 1 35839
187 2 24076
187 3 27028
187 4 1319
187 5 41235
187 6 38058
187 7 50673
187 8 53722
187 9 36379
187 10 50279
187 11 56503
187 12 17759
187 13 26639
187 14 37135
187 15 21172
187 16 41170
187 17 49493
187 18 43256
187 19 55885
187 20 48138
187 21 13077
187 22 11709
187 23 -4394
187 24 14661
187 25 1410
187 26 17413
187 27 33099
187 28 26993
187 29 20024
187 30 42438
187 31 40439
187 32 48998
187 33 33863
187 34 30654
187 35 43169
187 36 64580
187 37 37354
187 38 43721
187 39 -10894
187 40 19658
187 41 13952
187 42 32402
187 43 28357
187 44 42662
187 45 50145
187 46 57055
187 47 57209
187 48 48360
187 49 62687
187 50 30707
187 51 37786
187 52 41501
187 53 26322
187 54 7483
187 55 6248
187 56 3097
187 57 23207
187 58 23111
187 59 33970
187 60 44891
187 61 42863
187 62 50383
187 63 58199
187 64 54077
187 65 43017
187 66 41256
187 67 -7577
187 68 15898
187 69 37258
187 70 44248
187 71 45388
187 72 6156
187 73 12928
187 74 10743
187 75 4004
187 76 25062
187 77 25414
187 78 32584
187 79 25522
187 80 20631
187 81 30576
187 82 48476
187 83 47491
187 84 46759
187 85 34586
187 86 42401
187 87 24792
187 88 47105
187 89 36112
187 90 56561
187 91 43514
187 92 37438
187 93 37440
187 94 31520
187 95 32321
187 96 37390
187 97 31712
187 98 38621
187 99 39823
187 100 37033
187 101 41332
187 102 28082
187 103 39100
187 104 39369
187 105 21442
187 106 45986
187 107 57753
187 108 47075
187 109 16567
187 110 8150
187 111 28312
187 112 29919
187 113 45781
187 114 48390
187 115 21031
187 116 24631
187 117 32554
187 118 37850
187 119 43425
187 120 35356
187 121 20572
187 122 41662
187 123 53881
187 124 58676
187 125 49106
187 126 57317
187 127 42189
187 128 46214
187 129 30576
187 130 5799
187 131 51511
187 132 35098
187 133 9138
187 134 10966
187 135 40457
187 136 50619
187 137 25717
187 138 22662
187 139 -2699
187 140 43548
187 141 43879
187 142 34655
187 143 64401
187 144 24937
187 145 12947
187 146 35783
187 147 34396
187 148 48309
187 149 13428
187 150 19472
187 151 34964
187 152 21520
187 153 46266
187 154 20273
187 155 761
187 156 30711
187 157 32409
187 158 26359
187 159 46168
187 160 46554
187 161 39983
187 162 39683
187 163 14917
187 164 29974
187 165 4867
187 166 40915
187 167 35759
187 168 59476
187 169 25834
187 170 -3556
187 171 7497
187 172 29160
187 173 45715
187 174 51625
187 175 60297
187 176 31060
187 177 14717
187 178 19031
187 179 8136
187 180 15691
187 181 50516
187 182 45210
187 183 32919
187 184 22538
187 185 31295
187 186 3578
187 188 43528
187 189 49798
187 190 40078
187 191 42493
187 192 40162
187 193 39669
187 194 46494
187 195 12769
187 196 23740
187 197 4399
187 198 7240
187 199 50676
187 200 25218
188 1 14918
188 2 49444
188 3 19086
188 4 40938
188 5 41967
188 6 42169
188 7 28907
188 8 39982
188 9 1102
188 10 14224
188 11 19491
188 12 26543
188 13 39401
188 14 56356
188 15 52874
188 16 49955
188 17 47801
188 18 33569
188 19 24803
188 20 -1828
188 21 43309
188 22 51934
188 23 45948
188 24 29892
188 25 43735
188 26 32256
188 27 26380
188 28 27538
188 29 22140
188 30 2414
188 31 14688
188 32 1861
188 33 11439
188 34 11438
188 35 9110
188 36 36568
188 37 50382
188 38 61880
188 39 41649
188 40 38890
188 41 53465
188 42 54971
188 43 56877
188 44 56898
188 45 41100
188 46 38790
188 47 31252
188 48 25314
188 49 28072
188 50 15167
188 51 1647
188 52 28703
188 53 34705
188 54 31493
188 55 43584
188 56 49813
188 57 51092
188 58 38195
188 59 43341
188 60 41743
188 61 48699
188 62 18655
188 63 15138
188 64 11306
188 65 -414
188 66 -10498
188 67 44411
188 68 20027
188 69 19321
188 70 11379
188 71 2501
188 72 43118
188 73 45895
188 74 49610
188 75 47335
188 76 19990
188 77 20322
188 78 15369
188 79 12977
188 80 28634
188 81 5679
188 82 30474
188 83 40433
188 84 45423
188 85 43857
188 86 50765
188 87 44276
188 88 22095
188 89 34109
188 90 13052
188 91 55196
188 92 49405
188 93 45526
188 94 39758
188 95 43595
188 96 43865
188 97 46291
188 98 50184
188 99 46598
188 100 51006
188 101 14971
188 102 9464
188 103 -5164
188 104 46144
188 105 33116
188 106 27740
188 107 23459
188 108 8340
188 109 30246
188 110 42510
188 111 22184
188 112 33881
188 113 48573
188 114 35755
188 115 48206
188 116 22923
188 117 46022
188 118 35833
188 119 59350
188 120 5057
188 121 21800
188 122 6263
188 123 25333
188 124 36293
188 125 40157
188 126 14983
188 127 22350
188 128 -4371
188 129 18610
188 130 34155
188 131 3257
188 132 19017
188 133 50281
188 134 28785
188 135 7712
188 136 12815
188 137 43342
188 138 28726
188 139 48694
188 140 61056
188 141 55239
188 142 57077
188 143 32788
188 144 48696
188 145 47929
188 146 29792
188 147 35983
188 148 19755
188 149 33749
188 150 27475
188 151 46931
188 152 36604
188 153 30484
188 154 26337
188 155 40380
188 156 32624
188 157 12287
188 158 18417
188 159 12698
188 160 -1227
188 161 -2204
188 162 15063
188 163 29255
188 164 5419
188 165 40245
188 166 36320
188 167 22213
188 168 33333
188 169 16204
188 170 45723
188 171 44457
188 172 52110
188 173 47365
188 174 37824
188 175 25172
188 176 15582
188 177 28055
188 178 45431
188 179 34846
188 180 35643
188 181 1841
188 182 19648
188 183 38693
188 184 21785
188 185 13829
188 186 52204
188 187 47818
188 189 13743
188 190 17325
188 191 54667
188 192 56208
188 193 51791
188 194 27029
188 195 30866
188 196 19611
188 197 45487
188 198 38835
188 199 42272
188 200 26444
189 1 12446
189 2 42286
189 3 25769
189 4 41418
189 5 27342
189 6 30393
189 7 11664
189 8 22665
189 9 16102
189 10 -3804
189 11 3652
189 12 27414
189 13 30016
189 14 44060
189 15 44549
189 16 35642
189 17 31535
189 18 18447
189 19 7245
189 20 11747
189 21 39986
189 22 48100
189 23 44841
189 24 37057
189 25 47490
189 26 29741
189 27 18360
189 28 23419
189 29 31200
189 30 3194
189 31 1490
189 32 -212
189 33 20559
189 34 25698
189 35 26456
189 36 19170
189 37 38274
189 38 48234
189 39 42710
189 40 33698
189 41 48596
189 42 44651
189 43 46888
189 44 43421
189 45 24009
189 46 20787
189 47 13351
189 48 7332
189 49 12321
189 50 17568
189 51 12506
189 52 15486
189 53 28137
189 54 34275
189 55 47282
189 56 48707
189 57 43089
189 58 31235
189 59 31053
189 60 26949
189 61 34276
189 62 628
189 63 4401
189 64 140
189 65 17220
189 66 5244
189 67 46503
189 68 24989
189 69 12615
189 70 5299
189 71 20463
189 72 40288
189 73 42025
189 74 46250
189 75 44854
189 76 22080
189 77 25153
189 78 27586
189 79 21933
189 80 32983
189 81 16967
189 82 13107
189 83 24519
189 84 29883
189 85 30530
189 86 35717
189 87 34700
189 88 5800
189 89 21984
189 90 4092
189 91 41995
189 92 37632
189 93 32434
189 94 28706
189 95 32528
189 96 31496
189 97 35520
189 98 37706
189 99 33778
189 100 38607
189 101 8396
189 102 14301
189 103 11812
189 104 33324
189 105 28065
189 106 11349
189 107 6651
189 108 -5916
189 109 31697
189 110 41627
189 111 19161
189 112 24322
189 113 32891
189 114 18773
189 115 41417
189 116 26497
189 117 35719
189 118 21202
189 119 46362
189 120 19325
189 121 30213
189 122 8336
189 123 7371
189 124 18265
189 125 23159
189 126 3427
189 127 9591
189 128 6271
189 129 27978
189 130 36911
189 131 4219
189 132 13210
189 133 46770
189 134 34048
189 135 24555
189 136 30741
189 137 34908
189 138 26817
189 139 49836
189 140 47323
189 141 41263
189 142 46140
189 143 16058
189 144 39937
189 145 42164
189 146 20000
189 147 23929
189 148 2229
189 149 32451
189 150 31824
189 151 35158
189 152 29644
189 153 14555
189 154 24428
189 155 40860
189 156 23869
189 157 18369
189 158 25100
189 159 -5315
189 160 3435
189 161 15229
189 162 6150
189 163 35425
189 164 20066
189 165 43813
189 166 22253
189 167 12415
189 168 15417
189 169 26949
189 170 48773
189 171 40413
189 172 42271
189 173 32236
189 174 20284
189 175 8706
189 176 12505
189 177 31139
189 178 38294
189 179 35032
189 180 31844
189 181 -996
189 182 2100
189 183 27406
189 184 23896
189 185 22866
189 186 51230
189 187 49270
189 188 8925
189 190 3980
189 191 41066
189 192 43535
189 193 38812
189 194 10406
189 195 30797
189 196 22939
189 197 43643
189 198 36777
189 199 25875
189 200 18697
190 1 7935
190 2 32373
190 3 22109
190 4 33299
190 5 18801
190 6 20595
190 7 7522
190 8 17606
190 9 18028
190 10 6196
190 11 10500
190 12 20398
190 13 20016
190 14 34578
190 15 34549
190 16 26977
190 17 24500
190 18 10228
190 19 10273
190 20 17149
190 21 30807
190 22 38618
190 23 35904
190 24 32124
190 25 40437
190 26 21200
190 27 8924
190 28 14953
190 29 27657
190 30 7336
190 31 -4336
190 32 9139
190 33 19294
190 34 25698
190 35 29328
190 36 20902
190 37 28666
190 38 39297
190 39 34521
190 40 24223
190 41 38897
190 42 34748
190 43 36978
190 44 34358
190 45 18284
190 46 18395
190 47 13794
190 48 5661
190 49 17023
190 50 13430
190 51 14017
190 52 5839
190 53 18552
190 54 27370
190 55 40342
190 56 39899
190 57 33100
190 58 21449
190 59 21459
190 60 18496
190 61 25650
190 62 4303
190 63 14149
190 64 8355
190 65 22854
190 66 12055
190 67 38474
190 68 19798
190 69 5466
190 70 6457
190 71 24753
190 72 31131
190 73 32650
190 74 36912
190 75 35681
190 76 16523
190 77 20594
190 78 26634
190 79 19460
190 80 27339
190 81 16575
190 82 8555
190 83 17117
190 84 22083
190 85 21338
190 86 27552
190 87 24714
190 88 1328
190 89 12190
190 90 14050
190 91 32775
190 92 27919
190 93 23123
190 94 18809
190 95 22658
190 96 21892
190 97 25629
190 98 28200
190 99 24338
190 100 29102
190 101 5046
190 102 11373
190 103 15528
190 104 23884
190 105 18803
190 106 5025
190 107 11694
190 108 3890
190 109 24672
190 110 33138
190 111 11689
190 112 14332
190 113 25234
190 114 13015
190 115 31535
190 116 21198
190 117 25764
190 118 12636
190 119 37101
190 120 20411
190 121 26483
190 122 9859
190 123 8705
190 124 16947
190 125 17273
190 126 13131
190 127 -409
190 128 12907
190 129 25586
190 130 29868
190 131 13065
190 132 6029
190 133 37353
190 134 28293
190 135 26955
190 136 34615
190 137 24926
190 138 18875
190 139 41754
190 140 38423
190 141 32427
190 142 36336
190 143 19393
190 144 29937
190 145 32360
190 146 10085
190 147 14168
190 148 2229
190 149 24161
190 150 26180
190 151 25445
190 152 19858
190 153 7358
190 154 16486
190 155 32741
190 156 13975
190 157 16008
190 158 21440
190 159 411
190 160 10641
190 161 18889
190 162 953
190 163 30158
190 164 20683
190 165 36878
190 166 13264
190 167 2844
190 168 15879
190 169 24835
190 170 41273
190 171 30932
190 172 32317
190 173 24089
190 174 15725
190 175 14210
190 176 6406
190 177 24752
190 178 28377
190 179 27093
190 180 22738
190 181 8992
190 182 14
190 183 17527
190 184 17973
190 185 20940
190 186 42416
190 187 41285
190 188 14242
190 189 5715
190 191 32041
190 192 34151
190 193 29503
190 194 4626
190 195 23025
190 196 17752
190 197 34710
190 198 27956
190 199 19083
190 200 9013
191 1 40076
191 2 21996
191 3 47927
191 4 37353
191 5 7143
191 6 18364
191 7 31478
191 8 22493
191 9 51913
191 10 42811
191 11 41134
191 12 37446
191 13 14714
191 14 -526
191 15 11182
191 16 -5473
191 17 7249
191 18 20438
191 19 35350
191 20 54185
191 21 30402
191 22 29632
191 23 29069
191 24 50018
191 25 47424
191 26 31668
191 27 30271
191 28 33152
191 29 50426
191 30 44507
191 31 33253
191 32 46351
191 33 50114
191 34 55558
191 35 63115
191 36 35317
191 37 5587
191 38 1711
191 39 34366
191 40 26417
191 41 25877
191 42 9277
191 43 7264
191 44 -3186
191 45 13291
191 46 22897
191 47 30195
191 48 23558
191 49 38375
191 50 42265
191 51 48628
191 52 28240
191 53 26957
191 54 39738
191 55 49056
191 56 36785
191 57 15663
191 58 22342
191 59 5347
191 60 15600
191 61 1027
191 62 37023
191 63 49034
191 64 37543
191 65 59087
191 66 49341
191 67 36510
191 68 40760
191 69 36901
191 70 43562
191 71 60318
191 72 28132
191 73 28803
191 74 30835
191 75 29782
191 76 40561
191 77 45101
191 78 55786
191 79 47030
191 80 46602
191 81 47984
191 82 23408
191 83 16601
191 84 9249
191 85 -3564
191 86 -5617
191 87 8683
191 88 34552
191 89 19470
191 90 50509
191 91 1943
191 92 9979
191 93 3707
191 94 12669
191 95 10947
191 96 11682
191 97 9802
191 98 5246
191 99 10380
191 100 1009
191 101 40778
191 102 41265
191 103 51168
191 104 9926
191 105 27313
191 106 26859
191 107 39580
191 108 40695
191 109 39950
191 110 36538
191 111 35108
191 112 20511
191 113 509
191 114 18317
191 115 21031
191 116 44076
191 117 14753
191 118 7998
191 119 505
191 120 53128
191 121 49400
191 122 45967
191 123 33253
191 124 30084
191 125 12918
191 126 48043
191 127 33438
191 128 50336
191 129 52986
191 130 40707
191 131 50514
191 132 36034
191 133 28985
191 134 44484
191 135 60356
191 136 69371
191 137 17471
191 138 35252
191 139 43344
191 140 855
191 141 -4161
191 142 6738
191 143 38258
191 144 13048
191 145 19253
191 146 28637
191 147 15335
191 148 35320
191 149 33379
191 150 45443
191 151 7505
191 152 20751
191 153 26473
191 154 32863
191 155 36795
191 156 24715
191 157 46337
191 158 47258
191 159 34834
191 160 48209
191 161 54178
191 162 36903
191 163 47958
191 164 51957
191 165 46135
191 166 17645
191 167 30341
191 168 33154
191 169 51603
191 170 44444
191 171 23621
191 172 9661
191 173 6065
191 174 18159
191 175 42370
191 176 35713
191 177 41309
191 178 17033
191 179 35535
191 180 27723
191 181 44957
191 182 28833
191 183 14588
191 184 40030
191 185 50143
191 186 38347
191 187 43229
191 188 51113
191 189 42330
191 190 31570
191 192 -606
191 193 -40
191 194 27686
191 195 34903
191 196 41605
191 197 32452
191 198 30046
191 199 18450
191 200 22408
192 1 40490
192 2 19220
192 3 47220
192 4 34695
192 5 9801
192 6 18847
192 7 33868
192 8 25844
192 9 52061
192 10 44580
192 11 43717
192 12 36215
192 13 13617
192 14 -4142
192 15 7042
192 16 -1269
192 17 11352
192 18 22562
192 19 38245
192 20 55105
192 21 27860
192 22 26163
192 23 25426
192 24 48276
192 25 44698
192 26 30200
192 27 30546
192 28 32637
192 29 49165
192 30 45549
192 31 34659
192 32 48015
192 33 49947
192 34 55004
192 35 63115
192 36 38972
192 37 4853
192 38 1273
192 39 31150
192 40 24610
192 41 22147
192 42 5497
192 43 3061
192 44 -2348
192 45 17083
192 46 26725
192 47 33569
192 48 26597
192 49 41768
192 50 42134
192 51 49007
192 52 29608
192 53 26107
192 54 37763
192 55 46540
192 56 33534
192 57 12164
192 58 20897
192 59 5607
192 60 17980
192 61 4467
192 62 39214
192 63 51208
192 64 40468
192 65 59585
192 66 50318
192 67 32989
192 68 39588
192 69 37511
192 70 44650
192 71 60714
192 72 25180
192 73 25958
192 74 27617
192 75 26431
192 76 39952
192 77 44354
192 78 55236
192 79 46423
192 80 45281
192 81 47826
192 82 26258
192 83 19523
192 84 12677
192 85 -1905
192 86 -1974
192 87 6253
192 88 36416
192 89 20373
192 90 52383
192 91 3337
192 92 9429
192 93 4927
192 94 12493
192 95 10324
192 96 12305
192 97 8408
192 98 5246
192 99 11338
192 100 -74
192 101 41675
192 102 41142
192 103 51652
192 104 10884
192 105 26124
192 106 29079
192 107 42350
192 108 42444
192 109 38462
192 110 34007
192 111 34873
192 112 20387
192 113 4745
192 114 21477
192 115 18105
192 116 43232
192 117 13598
192 118 10340
192 119 -1382
192 120 53079
192 121 48206
192 122 46741
192 123 36065
192 124 33495
192 125 16629
192 126 50200
192 127 34753
192 128 51448
192 129 52333
192 130 38555
192 131 52054
192 132 36493
192 133 25529
192 134 42707
192 135 60312
192 136 69536
192 137 15643
192 138 34282
192 139 40312
192 140 623
192 141 -330
192 142 2547
192 143 41730
192 144 9970
192 145 15691
192 146 29137
192 147 16077
192 148 37360
192 149 31583
192 150 44122
192 151 6955
192 152 19306
192 153 28637
192 154 31893
192 155 34137
192 156 24603
192 157 46218
192 158 46551
192 159 36887
192 160 49470
192 161 54549
192 162 37913
192 163 46295
192 164 51628
192 165 43699
192 166 19425
192 167 31122
192 168 36465
192 169 50782
192 170 41361
192 171 20389
192 172 6146
192 173 9580
192 174 21766
192 175 45145
192 176 35932
192 177 39791
192 178 14111
192 179 33432
192 180 25906
192 181 47004
192 182 31093
192 183 14750
192 184 39212
192 185 49754
192 186 34973
192 187 40198
192 188 51954
192 189 44099
192 190 32980
192 191 -1306
192 193 587
192 194 29931
192 195 33225
192 196 40887
192 197 29413
192 198 27558
192 199 21637
192 200 22202
193 1 35941
193 2 18101
193 3 43486
193 4 33261
193 5 4846
193 6 14192
193 7 28779
193 8 21155
193 9 47688
193 10 39520
193 11 38646
193 12 32975
193 13 10248
193 14 913
193 15 9348
193 16 -2996
193 17 8040
193 18 17464
193 19 33257
193 20 50314
193 21 26283
193 22 26262
193 23 25863
193 24 45591
193 25 43349
193 26 27216
193 27 26064
193 28 28730
193 29 45955
193 30 40702
193 31 29677
193 32 42980
193 33 45785
193 34 51146
193 35 58844
193 36 34494
193 37 1166
193 38 5623
193 39 30659
193 40 22036
193 41 22890
193 42 6907
193 43 6924
193 44 723
193 45 12922
193 46 22526
193 47 28845
193 48 21680
193 49 37033
193 50 37940
193 51 44489
193 52 24624
193 53 22491
193 54 35367
193 55 44874
193 56 33137
193 57 12511
193 58 17900
193 59 1016
193 60 12913
193 61 430
193 62 34115
193 63 46110
193 64 35477
193 65 55012
193 66 45507
193 67 33103
193 68 36288
193 69 32850
193 70 39781
193 71 56194
193 72 24263
193 73 24874
193 74 27195
193 75 26255
193 76 36131
193 77 40654
193 78 51373
193 79 42606
193 80 42133
193 81 43659
193 82 21276
193 83 14612
193 84 8213
193 85 -6967
193 86 -1637
193 87 4694
193 88 31338
193 89 15534
193 90 47310
193 91 -663
193 92 5507
193 93 -128
193 94 8270
193 95 6478
193 96 7540
193 97 5421
193 98 790
193 99 6400
193 100 -2838
193 101 36881
193 102 36945
193 103 47079
193 104 5946
193 105 22843
193 106 23981
193 107 37320
193 108 37389
193 109 35495
193 110 32390
193 111 30748
193 112 16153
193 113 2409
193 114 16662
193 115 17234
193 116 39618
193 117 10303
193 118 5271
193 119 3090
193 120 48837
193 121 44928
193 122 42010
193 123 31053
193 124 28812
193 125 12355
193 126 45103
193 127 29793
193 128 46579
193 129 48554
193 130 36388
193 131 47048
193 132 31913
193 133 25593
193 134 40065
193 135 56070
193 136 65158
193 137 13134
193 138 30783
193 139 39487
193 140 4846
193 141 164
193 142 5632
193 143 37065
193 144 9497
193 145 16058
193 146 24517
193 147 11297
193 148 32266
193 149 28978
193 150 40974
193 151 3033
193 152 16309
193 153 23538
193 154 28394
193 155 32703
193 156 20368
193 157 42019
193 158 42817
193 159 31793
193 160 44546
193 161 50042
193 162 33070
193 163 43520
193 164 47592
193 165 41918
193 166 14341
193 167 26368
193 168 31695
193 169 47151
193 170 40610
193 171 20008
193 172 6763
193 173 5316
193 174 17315
193 175 40116
193 176 31498
193 177 36855
193 178 13246
193 179 31209
193 180 23336
193 181 41914
193 182 25995
193 183 10291
193 184 35574
193 185 45760
193 186 34819
193 187 39368
193 188 47200
193 189 39039
193 190 27995
193 191 -1077
193 192 250
193 194 24834
193 195 30476
193 196 37161
193 197 28633
193 198 25886
193 199 16866
193 200 18041
194 1 16915
194 2 33011
194 3 30746
194 4 38293
194 5 12775
194 6 18418
194 7 -242
194 8 8499
194 9 27158
194 10 11196
194 11 9501
194 12 27178
194 13 19714
194 14 30329
194 15 33481
194 16 21004
194 17 16567
194 18 4148
194 19 5661
194 20 25347
194 21 34144
194 22 40842
194 23 39244
194 24 39925
194 25 46493
194 26 26200
194 27 13869
194 28 20749
194 29 36146
194 30 15666
194 31 4198
194 32 14731
194 33 28456
194 34 34896
194 35 38389
194 36 13642
194 37 25061
194 38 33699
194 39 39181
194 40 27130
194 41 40319
194 42 32402
194 43 34504
194 44 29092
194 45 9479
194 46 9324
194 47 6254
194 48 -2512
194 49 12023
194 50 22186
194 51 23133
194 52 6033
194 53 21649
194 54 33871
194 55 46581
194 56 43647
194 57 32690
194 58 23337
194 59 17945
194 60 12440
194 61 19659
194 62 4743
194 63 16754
194 64 7082
194 65 31205
194 66 19759
194 67 43184
194 68 27706
194 69 13881
194 70 15126
194 71 33486
194 72 34349
194 73 35404
194 74 39613
194 75 38699
194 76 24543
194 77 28940
194 78 35770
194 79 28386
194 80 34958
194 81 25782
194 82 -659
194 83 9539
194 84 14936
194 85 16509
194 86 20803
194 87 23458
194 88 3259
194 89 10594
194 90 18492
194 91 27951
194 92 24818
194 93 18674
194 94 17051
194 95 20513
194 96 18564
194 97 23496
194 98 24258
194 99 20361
194 100 25076
194 101 14258
194 102 20365
194 103 24337
194 104 19907
194 105 22615
194 106 -3462
194 107 8833
194 108 9053
194 109 31307
194 110 37694
194 111 18825
194 112 15172
194 113 17897
194 114 4134
194 115 32351
194 116 29208
194 117 24308
194 118 6759
194 119 32285
194 120 29614
194 121 34935
194 122 18814
194 123 3349
194 124 8457
194 125 8536
194 126 15764
194 127 6591
194 128 20575
194 129 34515
194 130 36177
194 131 19218
194 132 14202
194 133 39758
194 134 35658
194 135 36073
194 136 43493
194 137 25086
194 138 24957
194 139 46630
194 140 32761
194 141 26733
194 142 33336
194 143 13367
194 144 29142
194 145 33408
194 146 13118
194 147 11978
194 148 3220
194 149 29337
194 150 33799
194 151 22344
194 152 21746
194 153 62
194 154 22568
194 155 37735
194 156 16135
194 157 25077
194 158 30077
194 159 2645
194 160 17946
194 161 27747
194 162 10172
194 163 37829
194 164 29902
194 165 43155
194 166 8621
194 167 8785
194 168 8461
194 169 33773
194 170 46761
194 171 33253
194 172 30456
194 173 17381
194 174 6549
194 175 11597
194 176 14801
194 177 31840
194 178 28939
194 179 32548
194 180 26556
194 181 12705
194 182 -3431
194 183 15796
194 184 25695
194 185 29999
194 186 46097
194 187 46275
194 188 22520
194 189 10715
194 190 3200
194 191 26731
194 192 29676
194 193 24916
194 195 28873
194 196 25874
194 197 38331
194 198 32008
194 199 10904
194 200 12307
195 1 17914
195 2 18845
195 3 12425
195 4 5428
195 5 28801
195 6 24979
195 7 33578
195 8 38475
195 9 21516
195 10 32252
195 11 38570
195 12 398
195 13 15632
195 14 32169
195 15 21565
195 16 32152
195 17 37484
195 18 27709
195 19 38343
195 20 31291
195 21 8446
195 22 16514
195 23 9921
195 24 9856
195 25 12367
195 26 1200
195 27 15772
195 28 9326
195 29 11168
195 30 24817
195 31 22497
195 32 31277
195 33 18411
195 34 19498
195 35 30415
195 36 47774
195 37 28666
195 38 39297
195 39 6697
195 40 8477
195 41 18606
195 42 27900
195 43 27644
195 44 35806
195 45 36172
195 46 41588
195 47 40386
195 48 31590
195 49 45161
195 50 13430
195 51 21419
195 52 24643
195 53 11342
195 54 236
195 55 12469
195 56 13729
195 57 20503
195 58 11270
195 59 23559
195 60 31122
195 61 32498
195 62 32513
195 63 40191
195 64 36068
195 65 29493
195 66 25234
195 67 10448
195 68 2384
195 69 19251
195 70 26306
195 71 30942
195 72 7436
195 73 11121
195 74 14065
195 75 11325
195 76 7949
195 77 9894
195 78 20167
195 79 11699
195 80 7490
195 81 15772
195 82 32168
195 83 33175
195 84 34226
195 85 24961
195 86 33860
195 87 17712
195 88 29414
195 89 21181
195 90 38614
195 91 35025
195 92 27919
195 93 27045
195 94 19651
195 95 21892
195 96 25700
195 97 22772
195 98 29464
195 99 28603
195 100 29102
195 101 23320
195 102 11373
195 103 23510
195 104 28149
195 105 6442
195 106 29153
195 107 39978
195 108 29064
195 109 475
195 110 6388
195 111 10290
195 112 15409
195 113 35156
195 114 33167
195 115 16809
195 116 8608
195 117 22640
195 118 24371
195 119 37101
195 120 21113
195 121 10469
195 122 24127
195 123 36470
195 124 42269
195 125 35069
195 126 39301
195 127 24498
195 128 29162
195 129 17213
195 130 2177
195 131 33927
195 132 17085
195 133 14668
195 134 4340
195 135 27529
195 136 37646
195 137 16553
195 138 4733
195 139 13794
195 140 38817
195 141 35898
195 142 30564
195 143 47140
195 144 19937
195 145 14185
195 146 19030
195 147 20566
195 148 30513
195 149 -1436
195 150 6331
195 151 25445
195 152 9679
195 153 29712
195 154 2344
195 155 4870
195 156 15160
195 157 16008
195 158 11756
195 159 28205
195 160 29136
195 161 25089
195 162 21661
195 163 7817
195 164 17473
195 165 9063
195 166 26235
195 167 18159
195 168 42588
195 169 14406
195 170 12988
195 171 9400
195 172 24512
195 173 34071
195 174 36605
195 175 42486
195 176 13059
195 177 1473
195 178 14529
195 179 -993
195 180 3505
195 181 32742
195 182 27705
195 183 20170
195 184 5612
195 185 16556
195 186 16164
195 187 13215
195 188 27022
195 189 31771
195 190 22264
195 191 34613
195 192 33635
195 193 31223
195 194 29538
195 196 7322
195 197 9399
195 198 3044
195 199 36283
195 200 9013
196 1 9097
196 2 28678
196 3 1614
196 4 16609
196 5 31748
196 6 28615
196 7 29538
196 8 37428
196 9 9541
196 10 23855
196 11 31073
196 12 2469
196 13 22035
196 14 40024
196 15 32093
196 16 37451
196 17 40023
196 18 27150
196 19 32494
196 20 19706
196 21 20070
196 22 28456
196 23 21642
196 24 9697
196 25 20416
196 26 9616
196 27 13869
196 28 9104
196 29 5729
196 30 14289
196 31 15789
196 32 20877
196 33 6405
196 34 9448
196 35 19021
196 36 43372
196 37 35056
196 38 46853
196 39 17427
196 40 17545
196 41 30393
196 42 36638
196 43 37470
196 44 42478
196 45 36628
196 46 39690
196 47 36212
196 48 27838
196 49 38994
196 50 2570
196 51 9526
196 52 22244
196 53 16108
196 54 7483
196 55 20176
196 56 25548
196 57 30558
196 58 18642
196 59 28931
196 60 32808
196 61 36980
196 62 25688
196 63 31039
196 64 27678
196 65 17673
196 66 13286
196 67 20527
196 68 -2602
196 69 12716
196 70 17036
196 71 18986
196 72 19424
196 73 22765
196 74 26029
196 75 23363
196 76 -2093
196 77 -1212
196 78 9712
196 79 871
196 80 5341
196 81 3906
196 82 29604
196 83 33837
196 84 36698
196 85 30344
196 86 39094
196 87 25894
196 88 23782
196 89 22628
196 90 29037
196 91 41057
196 92 34027
196 93 32077
196 94 24619
196 95 27805
196 96 30190
196 97 29623
196 98 35459
196 99 33224
196 100 35730
196 101 14971
196 102 -373
196 103 11474
196 104 32770
196 105 12721
196 106 25952
196 107 33271
196 108 20132
196 109 5924
196 110 18333
196 111 5744
196 112 18665
196 113 38920
196 114 32317
196 115 27027
196 116 -1158
196 117 29208
196 118 26406
196 119 44184
196 120 9339
196 121 4498
196 122 13460
196 123 31132
196 124 39003
196 125 35512
196 126 30267
196 127 19431
196 128 17755
196 129 6735
196 130 10186
196 131 23231
196 132 10686
196 133 26660
196 134 6392
196 135 16122
196 136 26083
196 137 24441
196 138 6882
196 139 24461
196 140 46229
196 141 41860
196 142 39199
196 143 41730
196 144 29142
196 145 25536
196 146 18140
196 147 23343
196 148 24227
196 149 10054
196 150 4182
196 151 31553
196 152 17051
196 153 27212
196 154 4493
196 155 16051
196 156 17394
196 157 4070
196 158 945
196 159 20794
196 160 18174
196 161 13079
196 162 14212
196 163 7855
196 164 6527
196 165 16742
196 166 27215
196 167 14247
196 168 38311
196 169 5303
196 170 22126
196 171 21205
196 172 33389
196 173 37399
196 174 35694
196 175 35602
196 176 5471
196 177 4014
196 178 24540
196 179 10566
196 180 13332
196 181 22419
196 182 22486
196 183 24327
196 184 -2152
196 185 4884
196 186 27908
196 187 23647
196 188 15228
196 189 23374
196 190 16452
196 191 40776
196 192 40758
196 193 37369
196 194 26000
196 195 6783
196 197 21418
196 198 15037
196 199 36655
196 200 10666
197 1 32061
197 2 14129
197 3 27028
197 4 1319
197 5 31880
197 6 29134
197 7 43620
197 8 45242
197 9 36379
197 10 45440
197 11 50782
197 12 15398
197 13 17377
197 14 27213
197 15 11910
197 16 31232
197 17 39918
197 18 35137
197 19 49254
197 20 46185
197 21 4337
197 22 2969
197 23 -4394
197 24 19045
197 25 10150
197 26 12011
197 27 26899
197 28 21694
197 29 23143
197 30 39292
197 31 35021
197 32 45537
197 33 33328
197 34 33063
197 35 44741
197 36 56965
197 37 27457
197 38 33917
197 39 -3454
197 40 11439
197 41 5568
197 42 22450
197 43 19007
197 44 32665
197 45 41100
197 46 48573
197 47 49684
197 48 40870
197 49 55907
197 50 28307
197 51 36413
197 52 34458
197 53 18920
197 54 8817
197 55 12968
197 56 -276
197 57 13295
197 58 14514
197 59 24309
197 60 35959
197 61 33078
197 62 44552
197 63 53608
197 64 48665
197 65 44136
197 66 40231
197 67 -61
197 68 16306
197 69 32390
197 70 40249
197 71 45763
197 72 -3720
197 73 3128
197 74 1073
197 75 -3578
197 76 22926
197 77 24712
197 78 34171
197 79 26120
197 80 21074
197 81 30576
197 82 40682
197 83 38691
197 84 37367
197 85 24746
197 86 32419
197 87 14856
197 88 40958
197 89 27907
197 90 52383
197 91 33565
197 92 27661
197 93 27729
197 94 22297
197 95 22753
197 96 28003
197 97 21911
197 98 28759
197 99 30291
197 100 27066
197 101 36983
197 102 26362
197 103 38492
197 104 29837
197 105 14470
197 106 38724
197 107 51558
197 108 42543
197 109 14980
197 110 3416
197 111 23892
197 112 21799
197 113 35977
197 114 39932
197 115 11046
197 116 23505
197 117 22950
197 118 28825
197 119 33436
197 120 35817
197 121 23045
197 122 38722
197 123 47090
197 124 50829
197 125 40096
197 126 52658
197 127 36179
197 128 43975
197 129 31471
197 130 8055
197 131 48360
197 132 30327
197 133 675
197 134 14033
197 135 41892
197 136 52079
197 137 16168
197 138 18278
197 139 5301
197 140 33708
197 141 33889
197 142 24764
197 143 57268
197 144 14937
197 145 3443
197 146 28905
197 147 25718
197 148 42328
197 149 8889
197 150 19915
197 151 25187
197 152 12923
197 153 38787
197 154 15889
197 155 761
197 156 23191
197 157 31008
197 158 26359
197 159 40682
197 160 43744
197 161 39983
197 162 34854
197 163 18141
197 164 31607
197 165 10647
197 166 32426
197 167 29751
197 168 52022
197 169 27887
197 170 6392
197 171 -2303
197 172 19184
197 173 36130
197 174 42996
197 175 54181
197 176 26981
197 177 14717
197 178 9044
197 179 5715
197 180 8481
197 181 46864
197 182 38672
197 183 23934
197 184 20612
197 185 31295
197 186 2171
197 187 5187
197 188 41985
197 189 44959
197 190 34291
197 191 32504
197 192 30165
197 193 29722
197 194 39338
197 195 9741
197 196 22299
197 198 149
197 199 41868
197 200 18202
198 1 25752
198 2 12597
198 3 21614
198 4 1319
198 5 28006
198 6 24677
198 7 37833
198 8 40325
198 9 30725
198 10 39149
198 11 44626
198 12 9540
198 13 13455
198 14 26643
198 15 13632
198 16 28934
198 17 36416
198 18 29924
198 19 43333
198 20 40038
198 21 428
198 22 7300
198 23 1890
198 24 16068
198 25 11368
198 26 5687
198 27 20766
198 28 15388
198 29 19130
198 30 33006
198 31 28783
198 32 39221
198 33 27608
198 34 28356
198 35 39566
198 36 51478
198 37 25061
198 38 33699
198 39 1106
198 40 6241
198 41 9486
198 42 21909
198 43 20266
198 44 31308
198 45 36761
198 46 43663
198 47 44141
198 48 35299
198 49 50055
198 50 22186
198 51 30415
198 52 28637
198 53 13170
198 54 5207
198 55 12837
198 56 5777
198 57 13405
198 58 9710
198 59 21111
198 60 31495
198 61 30152
198 62 38405
198 63 47307
198 64 42468
198 65 38708
198 66 34232
198 67 5055
198 68 11265
198 69 26081
198 70 33925
198 71 40157
198 72 -1783
198 73 2460
198 74 4847
198 75 2349
198 76 16931
198 77 19113
198 78 29185
198 79 20846
198 80 16159
198 81 24991
198 82 35270
198 83 34078
198 84 33541
198 85 22049
198 86 30423
198 87 12876
198 88 34869
198 89 22743
198 90 46062
198 91 31398
198 92 24818
198 93 24637
198 94 18268
198 95 19377
198 96 24223
198 97 19201
198 98 26184
198 99 26781
198 100 25076
198 101 30660
198 102 20365
198 103 32637
198 104 26327
198 105 8484
198 106 33021
198 107 45511
198 108 36233
198 109 9518
198 110 333
198 111 17570
198 112 16552
198 113 33065
198 114 34994
198 115 10010
198 116 17824
198 117 19693
198 118 24477
198 119 32285
198 120 30330
198 121 18737
198 122 32464
198 123 41219
198 124 45462
198 125 35716
198 126 46361
198 127 30041
198 128 37777
198 129 26307
198 130 5295
198 131 42061
198 132 24011
198 133 5452
198 134 10630
198 135 36687
198 136 46825
198 137 12886
198 138 11980
198 139 8831
198 140 33358
198 141 32049
198 142 24491
198 143 51551
198 144 13911
198 145 5573
198 146 22988
198 147 20981
198 148 36207
198 149 2736
198 150 15000
198 151 22344
198 152 8119
198 153 33187
198 154 9591
198 155 761
198 156 17545
198 157 25077
198 158 20945
198 159 34471
198 160 37479
198 161 34287
198 162 28550
198 163 14616
198 164 26552
198 165 9965
198 166 27508
198 167 23595
198 168 46441
198 169 23187
198 170 9674
198 171 316
198 172 18510
198 173 32676
198 174 38213
198 175 48114
198 176 20663
198 177 9835
198 178 7939
198 179 938
198 180 2514
198 181 40540
198 182 32701
198 183 19558
198 184 14717
198 185 25773
198 186 8298
198 187 8603
198 188 35908
198 189 38668
198 190 28112
198 191 30673
198 192 28885
198 193 27550
198 194 33590
198 195 3961
198 196 16493
198 197 724
198 199 37262
198 200 12307
199 1 27906
199 2 30141
199 3 40180
199 4 40863
199 5 2345
199 6 15243
199 7 11944
199 8 1801
199 9 39403
199 10 24621
199 11 20632
199 12 33516
199 13 17220
199 14 20018
199 15 27139
199 16 9032
199 17 3114
199 18 4332
199 19 14449
199 20 38574
199 21 34856
199 22 39176
199 23 38629
199 24 47130
199 25 50312
199 26 30156
199 27 20831
199 28 26941
199 29 44883
199 30 28803
199 31 17029
199 32 28093
199 33 39531
199 34 46003
199 35 50785
199 36 15336
199 37 16741
199 38 21553
199 39 40695
199 40 28168
199 41 37393
199 42 24913
199 43 26148
199 44 17673
199 45 -2549
199 46 4466
199 47 9429
199 48 2580
199 49 17617
199 50 32306
199 51 35460
199 52 14034
199 53 24266
199 54 39056
199 55 50864
199 56 44030
199 57 27849
199 58 23543
199 59 10588
199 60 4283
199 61 8027
199 62 17627
199 63 29352
199 64 16583
199 65 44396
199 66 33153
199 67 44356
199 68 35578
199 69 24421
199 70 28043
199 71 46386
199 72 34458
199 73 35078
199 74 38803
199 75 38103
199 76 33123
199 77 37856
199 78 46531
199 79 38484
199 80 42281
199 81 37137
199 82 2745
199 83 -1263
199 84 2284
199 85 6525
199 86 7862
199 87 18264
199 88 16655
199 89 10984
199 90 31691
199 91 17572
199 92 17667
199 93 9719
199 94 13268
199 95 15287
199 96 12406
199 97 17602
199 98 15569
199 99 12760
199 100 15807
199 101 26419
199 102 30948
199 103 37158
199 104 12306
199 105 25562
199 106 8266
199 107 18804
199 108 22458
199 109 37180
199 110 39877
199 111 26839
199 112 16229
199 113 4644
199 114 -2683
199 115 29568
199 116 37540
199 117 19811
199 118 -1694
199 119 21402
199 120 41495
199 121 43658
199 122 31478
199 123 12469
199 124 9416
199 125 -3669
199 126 28424
199 127 18182
199 128 33956
199 129 44589
199 130 40930
199 131 32642
199 132 24288
199 133 38317
199 134 42192
199 135 48317
199 136 56218
199 137 22467
199 138 30798
199 139 48627
199 140 20574
199 141 14934
199 142 24747
199 143 17666
199 144 24143
199 145 30257
199 146 18930
199 147 9804
199 148 16559
199 149 33099
199 150 41122
199 151 15193
199 152 21952
199 153 8464
199 154 28409
199 155 40305
199 156 19074
199 157 35858
199 158 39511
199 159 15801
199 160 31371
199 161 40508
199 162 22274
199 163 44907
199 164 41414
199 165 47570
199 166 5841
199 167 17976
199 168 12287
199 169 43763
199 170 49454
199 171 31980
199 172 23754
199 173 5070
199 174 -1246
199 175 21581
199 176 24784
199 177 38256
199 178 25839
199 179 36296
199 180 28685
199 181 25458
199 182 9498
199 183 12792
199 184 33665
199 185 40583
199 186 46246
199 187 48413
199 188 35719
199 189 24140
199 190 15613
199 191 15451
199 192 19338
199 193 14904
199 194 8860
199 195 33574
199 196 34485
199 197 38817
199 198 33636
199 200 16397
END
NODE_CONSUMPTION
0 1 10
0 2 7
0 3 13
0 4 19
0 5 26
0 6 3
0 7 5
0 8 9
0 9 16
0 10 16
0 11 12
0 12 19
0 13 23
0 14 20
0 15 8
0 16 19
0 17 2
0 18 12
0 19 17
0 20 9
0 21 11
0 22 18
0 23 29
0 24 3
0 25 6
0 26 17
0 27 16
0 28 16
0 29 9
0 30 21
0 31 27
0 32 23
0 33 11
0 34 14
0 35 8
0 36 5
0 37 8
0 38 16
0 39 31
0 40 9
0 41 5
0 42 5
0 43 7
0 44 18
0 45 16
0 46 1
0 47 27
0 48 36
0 49 30
0 50 13
0 51 10
0 52 9
0 53 14
0 54 18
0 55 2
0 56 6
0 57 7
0 58 18
0 59 28
0 60 3
0 61 13
0 62 19
0 63 10
0 64 9
0 65 20
0 66 25
0 67 25
0 68 36
0 69 6
0 70 5
0 71 15
0 72 25
0 73 9
0 74 8
0 75 18
0 76 13
0 77 14
0 78 3
0 79 23
0 80 6
0 81 26
0 82 16
0 83 11
0 84 7
0 85 41
0 86 35
0 87 26
0 88 9
0 89 15
0 90 3
0 91 1
0 92 2
0 93 22
0 94 27
0 95 20
0 96 11
0 97 12
0 98 10
0 99 9
0 100 17
0 101 7
0 102 30
0 103 16
0 104 9
0 105 21
0 106 15
0 107 19
0 108 23
0 109 11
0 110 5
0 111 19
0 112 29
0 113 23
0 114 21
0 115 10
0 116 15
0 117 3
0 118 41
0 119 9
0 120 28
0 121 8
0 122 8
0 123 16
0 124 10
0 125 28
0 126 7
0 127 15
0 128 14
0 129 6
0 130 19
0 131 11
0 132 12
0 133 23
0 134 26
0 135 17
0 136 6
0 137 9
0 138 15
0 139 14
0 140 7
0 141 27
0 142 13
0 143 11
0 144 16
0 145 10
0 146 5
0 147 25
0 148 17
0 149 18
0 150 10
0 151 18
0 152 26
0 153 11
0 154 30
0 155 21
0 156 19
0 157 15
0 158 16
0 159 29
0 160 26
0 161 37
0 162 16
0 163 12
0 164 31
0 165 8
0 166 19
0 167 20
0 168 13
0 169 15
0 170 22
0 171 28
0 172 12
0 173 6
0 174 27
0 175 14
0 176 18
0 177 17
0 178 29
0 179 13
0 180 22
0 181 25
0 182 28
0 183 27
0 184 19
0 185 10
0 186 12
0 187 14
0 188 24
0 189 16
0 190 33
0 191 15
0 192 11
0 193 18
0 194 17
0 195 21
0 196 27
0 197 19
0 198 20
0 199 5
END
