NAME : ./data/ESPPRC - Test Instances/M-n200-k16_a.simplified-vrp
SIZE : 201
DIRECTED : 1
CYCLIC : 1
ORIGIN : 0
DESTINATION : 200
RESOURCES : 1
RES_NAMES : 0
RES_TYPE
0 CAP
END
RES_BOUND
0 0 200
END
EDGE_COST
0 1 11753
0 2 16656
0 3 18065
0 4 18458
0 5 12914
0 6 10545
0 7 18692
0 8 22438
0 9 23484
0 10 20918
0 11 24859
0 12 9773
0 13 5474
0 14 23037
0 15 19566
0 16 20599
0 17 23623
0 18 11502
0 19 23615
0 20 26593
0 21 14816
0 22 22259
0 23 18988
0 24 23910
0 25 27172
0 26 6827
0 27 2155
0 28 3720
0 29 22716
0 30 17911
0 31 10015
0 32 24613
0 33 20261
0 34 26130
0 35 33453
0 36 30908
0 37 17986
0 38 30331
0 39 19381
0 40 8624
0 41 21534
0 42 20473
0 43 23197
0 44 25078
0 45 20770
0 46 24995
0 47 24507
0 48 15008
0 49 32193
0 50 12995
0 51 21345
0 52 8862
0 53 2009
0 54 15384
0 55 27601
0 56 25229
0 57 17644
0 58 5505
0 59 10968
0 60 16159
0 61 19289
0 62 18944
0 63 29798
0 64 24297
0 65 29425
0 66 21986
0 67 23132
0 68 11297
0 69 10336
0 70 18799
0 71 29697
0 72 14416
0 73 16692
0 74 21198
0 75 19845
0 76 11721
0 77 15613
0 78 27238
0 79 17128
0 80 19170
0 81 18086
0 82 16382
0 83 16882
0 84 19904
0 85 11485
0 86 20369
0 87 10778
0 88 15647
0 89 5374
0 90 29156
0 91 23834
0 92 17545
0 93 13841
0 94 6915
0 95 9891
0 96 12534
0 97 13071
0 98 17359
0 99 15171
0 100 18398
0 101 13913
0 102 11197
0 103 24833
0 104 15373
0 105 3003
0 106 13452
0 107 26259
0 108 18821
0 109 13317
0 110 18647
0 111 5073
0 112 274
0 113 20119
0 114 16493
0 115 15672
0 116 14939
0 117 12534
0 118 7780
0 119 26223
0 120 20079
0 121 21446
0 122 18573
0 123 21901
0 124 26255
0 125 17961
0 126 29060
0 127 10907
0 128 24697
0 129 23536
0 130 17800
0 131 25326
0 132 8054
0 133 20655
0 134 17890
0 135 29920
0 136 39262
0 137 10609
0 138 6992
0 139 26374
0 140 29642
0 141 22138
0 142 23192
0 143 31643
0 144 14969
0 145 17957
0 146 3510
0 147 5571
0 148 16701
0 149 9548
0 150 18171
0 151 14113
0 152 3516
0 153 13625
0 154 3796
0 155 18312
0 156 -386
0 157 16970
0 158 17510
0 159 15292
0 160 22150
0 161 21528
0 162 10594
0 163 21458
0 164 22626
0 165 25383
0 166 9542
0 167 4566
0 168 26558
0 169 22151
0 170 26853
0 171 14365
0 172 18205
0 173 20427
0 174 19932
0 175 28954
0 176 6301
0 177 14832
0 178 11655
0 179 13606
0 180 6638
0 181 22964
0 182 12597
0 183 5937
0 184 11001
0 185 20136
0 186 26462
0 187 25923
0 188 23367
0 189 20918
0 190 8834
0 191 22923
0 192 22923
0 193 18867
0 194 13945
0 195 9546
0 196 11822
0 197 18247
0 198 12153
0 199 20498
1 2 31214
1 3 10264
1 4 25660
1 5 24500
1 6 24204
1 7 18503
1 8 27764
1 9 9272
1 10 10979
1 11 17719
1 12 11416
1 13 20695
1 14 37893
1 15 34506
1 16 33894
1 17 33915
1 18 18538
1 19 19830
1 20 11462
1 21 26063
1 22 34538
1 23 29106
1 24 21695
1 25 31274
1 26 15063
1 27 7972
1 28 9395
1 29 16925
1 30 3461
1 31 2991
1 32 11494
1 33 7871
1 34 14813
1 35 19619
1 36 30030
1 37 32578
1 38 44756
1 39 27003
1 40 21465
1 41 34684
1 42 35697
1 43 38417
1 44 39286
1 45 28303
1 46 28540
1 47 24036
1 48 15365
1 49 28086
1 50 2349
1 51 6461
1 52 12780
1 53 15976
1 54 18192
1 55 31197
1 56 34920
1 57 32528
1 58 19987
1 59 25180
1 60 26433
1 61 32082
1 62 12684
1 63 19283
1 64 15988
1 65 14495
1 66 6787
1 67 30377
1 68 7947
1 69 2642
1 70 5766
1 71 14875
1 72 25485
1 73 28707
1 74 32947
1 75 30893
1 76 6699
1 77 9331
1 78 16398
1 79 7605
1 80 17284
1 81 5366
1 82 19135
1 83 25334
1 84 30559
1 85 25260
1 86 33284
1 87 26008
1 88 11709
1 89 16892
1 90 17498
1 91 37921
1 92 32175
1 93 27564
1 94 21500
1 95 24707
1 96 26339
1 97 28115
1 98 31708
1 99 28823
1 100 32957
1 101 1796
1 102 -602
1 103 9819
1 104 29025
1 105 14958
1 106 15113
1 107 20757
1 108 7927
1 109 15616
1 110 27119
1 111 3915
1 112 14997
1 113 31763
1 114 22284
1 115 30023
1 116 10512
1 117 27642
1 118 18513
1 119 40717
1 120 6609
1 121 15689
1 122 3548
1 123 19081
1 124 27485
1 125 25536
1 126 18705
1 127 8024
1 128 9823
1 129 14145
1 130 21251
1 131 11663
1 132 895
1 133 32661
1 134 17425
1 135 16262
1 136 24949
1 137 25727
1 138 11552
1 139 33604
1 140 43997
1 141 35885
1 142 38368
1 143 28918
1 144 30088
1 145 31690
1 146 11964
1 147 18476
1 148 11428
1 149 16919
1 150 16285
1 151 28743
1 152 17998
1 153 16816
1 154 8356
1 155 25514
1 156 14378
1 157 4812
1 158 9709
1 159 7688
1 160 7778
1 161 6732
1 162 919
1 163 19697
1 164 10270
1 165 28878
1 166 19360
1 167 4780
1 168 25893
1 169 13208
1 170 32422
1 171 26720
1 172 33435
1 173 32047
1 174 25337
1 175 23124
1 176 -3229
1 177 15325
1 178 26196
1 179 19866
1 180 17683
1 181 10561
1 182 9809
1 183 20120
1 184 7918
1 185 9172
1 186 36171
1 187 32856
1 188 8153
1 189 10979
1 190 4068
1 191 36903
1 192 37523
1 193 33079
1 194 14865
1 195 14759
1 196 6565
1 197 28418
1 198 21910
1 199 28319
1 200 15382
2 1 29079
2 3 30113
2 4 13682
2 5 16152
2 6 15766
2 7 33728
2 8 32258
2 9 38892
2 10 38713
2 11 41607
2 12 18204
2 13 3728
2 14 12211
2 15 2152
2 16 16623
2 17 25905
2 18 23150
2 19 39023
2 20 44001
2 21 7228
2 22 7540
2 23 6256
2 24 28896
2 25 23781
2 26 12048
2 27 20155
2 28 18276
2 29 31171
2 30 35706
2 31 27779
2 32 42613
2 33 34859
2 34 38489
2 35 47986
2 36 43711
2 37 12070
2 38 20216
2 39 10905
2 40 6878
2 41 4879
2 42 7061
2 43 7460
2 44 17375
2 45 27420
2 46 34804
2 47 37736
2 48 28545
2 49 46930
2 50 28335
2 51 37743
2 52 24751
2 53 11679
2 54 17640
2 55 25774
2 56 14705
2 57 280
2 58 5505
2 59 8816
2 60 22890
2 61 17836
2 62 35899
2 63 47482
2 64 41024
2 65 45290
2 66 39212
2 67 13445
2 68 20333
2 69 28237
2 70 36755
2 71 45579
2 72 3986
2 73 5567
2 74 8306
2 75 7292
2 76 24722
2 77 27538
2 78 39774
2 79 29587
2 80 27075
2 81 32559
2 82 29114
2 83 24787
2 84 23358
2 85 8110
2 86 16030
2 87 -536
2 88 32551
2 89 16499
2 90 47067
2 91 18322
2 92 13088
2 93 11978
2 94 8327
2 95 7232
2 96 13671
2 97 6636
2 98 12591
2 99 15171
2 100 11385
2 101 31853
2 102 26326
2 103 41198
2 104 15373
2 105 9860
2 106 28119
2 107 42368
2 108 36703
2 109 19545
2 110 13879
2 111 20853
2 112 10798
2 113 19544
2 114 26422
2 115 -1940
2 116 26322
2 117 8112
2 118 13752
2 119 17471
2 120 34781
2 121 30350
2 122 36094
2 123 37115
2 124 38553
2 125 24801
2 126 46728
2 127 28380
2 128 42348
2 129 35717
2 130 18528
2 131 43305
2 132 25807
2 133 6380
2 134 22342
2 135 44362
2 136 54276
2 137 3098
2 138 17583
2 139 19216
2 140 19870
2 141 16332
2 142 10191
2 143 45676
2 144 -262
2 145 701
2 146 20714
2 147 13159
2 148 33634
2 149 11812
2 150 26076
2 151 9656
2 152 3516
2 153 27725
2 154 14387
2 155 13536
2 156 14495
2 157 32006
2 158 29558
2 159 32613
2 160 40003
2 161 37472
2 162 28594
2 163 26908
2 164 36058
2 165 24121
2 166 19107
2 167 22420
2 168 40008
2 169 33294
2 170 20555
2 171 444
2 172 4284
2 173 21828
2 174 29022
2 175 45151
2 176 23385
2 177 21056
2 178 -6345
2 179 13606
2 180 6638
2 181 40904
2 182 28668
2 183 10120
2 184 22649
2 185 33724
2 186 15309
2 187 18987
2 188 40573
2 189 38713
2 190 26400
2 191 16717
2 192 14147
2 193 13133
2 194 28855
2 195 13584
2 196 24040
2 197 8380
2 198 6649
2 199 28448
2 200 18150
3 1 11081
3 2 33065
3 4 18458
3 5 35018
3 6 32906
3 7 32834
3 8 41233
3 9 6468
3 10 24578
3 11 31629
3 12 5953
3 13 26310
3 14 44172
3 15 36322
3 16 42922
3 17 45411
3 18 31046
3 19 34319
3 20 17331
3 21 23714
3 22 31734
3 23 22932
3 24 8052
3 25 20557
3 26 13675
3 27 17771
3 28 13520
3 29 2370
3 30 13629
3 31 17551
3 32 21854
3 33 2782
3 34 4216
3 35 13957
3 36 44590
3 37 39785
3 38 51936
3 39 18787
3 40 22444
3 41 32834
3 42 40255
3 43 41823
3 44 47012
3 45 41112
3 46 42612
3 47 38572
3 48 29784
3 49 42390
3 50 4270
3 51 8737
3 52 25619
3 53 20341
3 54 8705
3 55 20547
3 56 29084
3 57 34673
3 58 23320
3 59 33126
3 60 37691
3 61 41648
3 62 27064
3 63 31748
3 64 29003
3 65 12252
3 66 10125
3 67 21030
3 68 -3998
3 69 16281
3 70 18799
3 71 13123
3 72 22027
3 73 26650
3 74 29843
3 75 26585
3 76 2777
3 77 -1257
3 78 5394
3 79 -4820
3 80 6137
3 81 -500
3 82 33108
3 83 37560
3 84 41747
3 85 33740
3 86 42720
3 87 30577
3 88 26245
3 89 27050
3 90 29465
3 91 45929
3 92 39384
3 93 36137
3 94 29005
3 95 31645
3 96 34860
3 97 34285
3 98 39366
3 99 37503
3 100 40160
3 101 16109
3 102 -1391
3 103 10453
3 104 37705
3 105 17145
3 106 29072
3 107 35020
3 108 20937
3 109 8569
3 110 21718
3 111 9454
3 112 22569
3 113 42348
3 114 35556
3 115 31316
3 116 1911
3 117 33721
3 118 29519
3 119 47912
3 120 1404
3 121 1169
3 122 13178
3 123 33636
3 124 41867
3 125 38309
3 126 31339
3 127 22158
3 128 16772
3 129 1359
3 130 11696
3 131 21267
3 132 13681
3 133 29481
3 134 5229
3 135 10336
3 136 20515
3 137 29794
3 138 11134
3 139 25398
3 140 51328
3 141 44332
3 142 43334
3 143 43406
3 144 33404
3 145 31123
3 146 22280
3 147 27827
3 148 25963
3 149 13168
3 150 5138
3 151 35952
3 152 21331
3 153 30420
3 154 7938
3 155 18312
3 156 21975
3 157 2828
3 158 -4851
3 159 21862
3 160 16556
3 161 5472
3 162 15475
3 163 6665
3 164 1690
3 165 18364
3 166 30677
3 167 17369
3 168 40433
3 169 -200
3 170 22304
3 171 24433
3 172 37621
3 173 42597
3 174 38854
3 175 37307
3 176 7807
3 177 5807
3 178 27883
3 179 13606
3 180 17068
3 181 20974
3 182 24349
3 183 28241
3 184 2261
3 185 136
3 186 30075
3 187 24321
3 188 12597
3 189 24578
3 190 18518
3 191 45030
3 192 44529
3 193 40900
3 194 28972
3 195 9546
3 196 -642
3 197 23661
3 198 18048
3 199 40869
3 200 22511
4 1 28723
4 2 18880
4 3 20704
4 5 33529
4 6 30988
4 7 43577
4 8 46726
4 9 31468
4 10 42593
4 11 48327
4 12 10584
4 13 19789
4 14 32252
4 15 18307
4 16 36444
4 17 44199
4 18 36002
4 19 48168
4 20 41068
4 21 6788
4 22 9475
4 23 -2068
4 24 11938
4 25 3631
4 26 9789
4 27 25439
4 28 19418
4 29 16653
4 30 35136
4 31 32551
4 32 43537
4 33 27564
4 34 26475
4 35 38122
4 36 55908
4 37 31773
4 38 40107
4 39 -5156
4 40 13255
4 41 11057
4 42 26994
4 43 25256
4 44 37595
4 45 43817
4 46 49469
4 47 49505
4 48 40007
4 49 56854
4 50 24184
4 51 32890
4 52 33783
4 53 18632
4 54 1800
4 55 5682
4 56 4269
4 57 18801
4 58 16375
4 59 27398
4 60 38628
4 61 36980
4 62 42490
4 63 51306
4 64 47413
4 65 36923
4 66 34828
4 67 -1522
4 68 8945
4 69 30620
4 70 37953
4 71 38078
4 72 888
4 73 7969
4 74 8003
4 75 2877
4 76 18873
4 77 19002
4 78 28732
4 79 19645
4 80 15104
4 81 24500
4 82 41318
4 83 40172
4 84 40927
4 85 27514
4 86 36053
4 87 19467
4 88 39598
4 89 29024
4 90 49680
4 91 38234
4 92 32221
4 93 30809
4 94 24706
4 95 25290
4 96 31004
4 97 25883
4 98 32113
4 99 33189
4 100 31410
4 101 33511
4 102 21012
4 103 35320
4 104 33391
4 105 13960
4 106 38430
4 107 50357
4 108 39900
4 109 9542
4 110 1510
4 111 20551
4 112 22107
4 113 38745
4 114 40752
4 115 16062
4 116 18124
4 117 26272
4 118 29831
4 119 37689
4 120 26304
4 121 16640
4 122 34703
4 123 46591
4 124 51208
4 125 41065
4 126 50674
4 127 34516
4 128 40220
4 129 25276
4 130 1064
4 131 43469
4 132 27716
4 133 6796
4 134 6131
4 135 34589
4 136 44866
4 137 20354
4 138 15020
4 139 1536
4 140 39840
4 141 36432
4 142 29979
4 143 56521
4 144 19848
4 145 11507
4 146 28343
4 147 27442
4 148 40438
4 149 5413
4 150 14105
4 151 28789
4 152 14386
4 153 38622
4 154 11824
4 155 -6688
4 156 23455
4 157 26171
4 158 20149
4 159 38260
4 160 39133
4 161 30472
4 162 31486
4 163 11011
4 164 25454
4 165 4290
4 166 33083
4 167 27904
4 168 51548
4 169 21046
4 170 1940
4 171 3633
4 172 24268
4 173 40148
4 174 44038
4 175 52960
4 176 23301
4 177 8807
4 178 13051
4 179 1079
4 180 8012
4 181 42695
4 182 37062
4 183 25484
4 184 15806
4 185 25136
4 186 5111
4 187 978
4 188 36815
4 189 42593
4 190 32074
4 191 36822
4 192 34370
4 193 33041
4 194 38885
4 195 4915
4 196 16719
4 197 318
4 198 119
4 199 43918
4 200 25150
5 1 28723
5 2 22510
5 3 38424
5 4 34689
5 6 9365
5 7 18095
5 8 10117
5 9 41468
5 10 28964
5 11 26673
5 12 30128
5 13 10105
5 14 11021
5 15 18307
5 16 2624
5 17 3209
5 18 6871
5 19 21599
5 20 41068
5 21 28411
5 22 31389
5 23 30102
5 24 44159
5 25 44621
5 26 25647
5 27 19516
5 28 24321
5 29 43331
5 30 31467
5 31 19754
5 32 34442
5 33 39411
5 34 45976
5 35 51821
5 36 22204
5 37 7953
5 38 14831
5 39 33876
5 40 22939
5 41 28140
5 42 15103
5 43 17181
5 44 9680
5 45 3657
5 46 11731
5 47 17228
5 48 9296
5 49 27312
5 50 32259
5 51 38464
5 52 15240
5 53 19560
5 54 34592
5 55 45646
5 56 38071
5 57 19208
5 58 17828
5 59 1649
5 60 2603
5 61 502
5 62 22860
5 63 35674
5 64 24778
5 65 45963
5 66 36307
5 67 36966
5 68 31895
5 69 25973
5 70 31763
5 71 46675
5 72 26872
5 73 28347
5 74 31956
5 75 31009
5 76 32125
5 77 36077
5 78 47164
5 79 37269
5 80 39668
5 81 37148
5 82 10058
5 83 2858
5 84 -304
5 85 -3475
5 86 1293
5 87 10085
5 88 21009
5 89 8457
5 90 37218
5 91 9222
5 92 9790
5 93 301
5 94 6275
5 95 6687
5 96 4886
5 97 9320
5 98 5948
5 99 4081
5 100 6725
5 101 27909
5 102 30347
5 103 41467
5 104 4283
5 105 20932
5 106 13041
5 107 26033
5 108 27303
5 109 33321
5 110 34495
5 111 25008
5 112 11399
5 113 -324
5 114 4820
5 115 21885
5 116 35512
5 117 12004
5 118 -6725
5 119 12227
5 120 38729
5 121 42061
5 122 33670
5 123 19851
5 124 17436
5 125 1115
5 126 34954
5 127 20410
5 128 38112
5 129 43731
5 130 36553
5 131 36044
5 132 24670
5 133 30234
5 134 37911
5 135 48451
5 136 57064
5 137 16055
5 138 27406
5 139 41620
5 140 13917
5 141 5260
5 142 15420
5 143 25358
5 144 15566
5 145 23880
5 146 17745
5 147 5329
5 148 21266
5 149 27844
5 150 38669
5 151 6358
5 152 15839
5 153 12575
5 154 24210
5 155 34543
5 156 15817
5 157 36068
5 158 37869
5 159 20676
5 160 34578
5 161 38623
5 162 23594
5 163 41723
5 164 42001
5 165 43609
5 166 3991
5 167 18150
5 168 19819
5 169 42513
5 170 42861
5 171 24210
5 172 14683
5 173 -101
5 174 6076
5 175 28881
5 176 24300
5 177 35007
5 178 17068
5 179 31587
5 180 22880
5 181 30472
5 182 14435
5 183 6165
5 184 31591
5 185 39857
5 186 38890
5 187 41341
5 188 38291
5 189 28964
5 190 18023
5 191 7059
5 192 9923
5 193 5073
5 194 13814
5 195 28735
5 196 32305
5 197 31326
5 198 27253
5 199 5847
5 200 20766
6 1 21360
6 2 15057
6 3 29245
6 4 25081
6 5 2298
6 7 18095
6 8 16038
6 9 33894
6 10 25837
6 11 26673
6 12 20268
6 13 1365
6 14 13382
6 15 14647
6 16 9472
6 17 13209
6 18 6871
6 19 23222
6 20 35281
6 21 19149
6 22 23617
6 23 21983
6 24 34221
6 25 34862
6 26 15647
6 27 11297
6 28 14859
6 29 33687
6 30 25957
6 31 15355
6 32 30875
6 33 31111
6 34 37244
6 35 44078
6 36 27310
6 37 7953
6 38 19921
6 39 24767
6 40 13255
6 41 21273
6 42 13006
6 43 16095
6 44 14448
6 45 12231
6 46 18733
6 47 21366
6 48 12265
6 49 30746
6 50 23827
6 51 31297
6 52 10701
6 53 9579
6 54 24596
6 55 35777
6 56 29310
6 57 13762
6 58 8155
6 59 375
6 60 7075
6 61 8112
6 62 21467
6 63 33921
6 64 25830
6 65 39311
6 66 30733
6 67 28146
6 68 22199
6 69 18979
6 70 26340
6 71 39715
6 72 18021
6 73 19589
6 74 23620
6 75 22670
6 76 22902
6 77 26786
6 78 38364
6 79 28289
6 80 29855
6 81 28919
6 82 12781
6 83 8825
6 84 9609
6 85 505
6 86 9201
6 87 4762
6 88 18435
6 89 1473
6 90 34390
6 91 13088
6 92 7704
6 93 2813
6 94 -1965
6 95 1025
6 96 1513
6 97 4866
6 98 6916
6 99 4081
6 100 8248
6 101 21856
6 102 22008
6 103 34635
6 104 4283
6 105 10932
6 106 12477
6 107 26928
6 108 24084
6 109 23366
6 110 24901
6 111 16101
6 112 1599
6 113 9112
6 114 10143
6 115 14450
6 116 26066
6 117 5392
6 118 -1787
6 119 15919
6 120 30772
6 121 32450
6 122 27392
6 123 21292
6 124 22152
6 125 9499
6 126 33157
6 127 15661
6 128 32858
6 129 34706
6 130 26584
6 131 32071
6 132 17268
6 133 22342
6 134 27938
6 135 40601
6 136 49669
6 137 7897
6 138 17608
6 139 32295
6 140 19158
6 141 11181
6 142 14935
6 143 29364
6 144 10164
6 145 17052
6 146 9912
6 147 -2869
6 148 19340
6 149 17870
6 150 28856
6 151 4272
6 152 6166
6 153 11944
6 154 14412
6 155 24935
6 156 6322
6 157 27773
6 158 28690
6 159 18677
6 160 29749
6 161 31570
6 162 17853
6 163 31794
6 164 33602
6 165 33711
6 166 2717
6 167 11471
6 168 23665
6 169 33330
6 170 33421
6 171 16090
6 172 11464
6 173 9569
6 174 13016
6 175 29750
6 176 16398
6 177 25072
6 178 9860
6 179 21666
6 180 13035
6 181 28159
6 182 13588
6 183 -3466
6 184 22116
6 185 31192
6 186 30289
6 187 31986
6 188 32315
6 189 25837
6 190 13639
6 191 12102
6 192 12791
6 193 8241
6 194 13279
6 195 18735
6 196 22994
6 197 22402
6 198 17746
6 199 12567
6 200 11330
7 1 17545
7 2 34905
7 3 31059
7 4 39556
7 5 12914
7 6 19981
7 8 8396
7 9 27869
7 10 9565
7 11 6318
7 12 28314
7 13 21220
7 14 31332
7 15 35250
7 16 23067
7 17 18209
7 18 5691
7 19 2779
7 20 24125
7 21 35839
7 22 42503
7 23 39941
7 24 41344
7 25 47714
7 26 27663
7 27 15183
7 28 22093
7 29 37604
7 30 14777
7 31 3731
7 32 14820
7 33 28563
7 34 35351
7 35 37957
7 36 10099
7 37 26773
7 38 35339
7 39 40582
7 40 29460
7 41 40973
7 42 33188
7 43 36117
7 44 30296
7 45 10054
7 46 7638
7 47 3718
7 48 -5515
7 49 11065
7 50 23190
7 51 24502
7 52 7447
7 53 23032
7 54 35124
7 55 47912
7 56 46352
7 57 34299
7 58 25294
7 59 19183
7 60 14410
7 61 20997
7 62 2393
7 63 15118
7 64 5237
7 65 29425
7 66 18503
7 67 44338
7 68 27562
7 69 15433
7 70 15732
7 71 31182
7 72 35361
7 73 37371
7 74 41823
7 75 40660
7 76 26152
7 77 29649
7 78 37223
7 79 28628
7 80 36350
7 81 25728
7 82 -1111
7 83 10105
7 84 16597
7 85 16747
7 86 20791
7 87 25378
7 88 2737
7 89 12529
7 90 17155
7 91 29623
7 92 27231
7 93 19670
7 94 18643
7 95 21501
7 96 20357
7 97 25294
7 98 25116
7 99 21678
7 100 26418
7 101 13913
7 102 20415
7 103 26146
7 104 21880
7 105 24216
7 106 -1825
7 107 6314
7 108 7805
7 109 32435
7 110 39837
7 111 19623
7 112 16369
7 113 17651
7 114 3765
7 115 34223
7 116 30153
7 117 26005
7 118 6932
7 119 32766
7 120 26106
7 121 36308
7 122 18573
7 123 894
7 124 6515
7 125 7493
7 126 14417
7 127 7177
7 128 20313
7 129 35169
7 130 37866
7 131 16762
7 132 15091
7 133 41049
7 134 36198
7 135 34989
7 136 42228
7 137 27730
7 138 26147
7 139 47535
7 140 34404
7 141 25814
7 142 34551
7 143 10436
7 144 30754
7 145 36922
7 146 14789
7 147 13813
7 148 1411
7 149 30392
7 150 35351
7 151 23799
7 152 23305
7 153 1519
7 154 22951
7 155 39410
7 156 17994
7 157 25757
7 158 30504
7 159 477
7 160 16361
7 161 23551
7 162 9627
7 163 39056
7 164 30377
7 165 45624
7 166 9542
7 167 9664
7 168 5666
7 169 34232
7 170 47822
7 171 34697
7 172 31918
7 173 19197
7 174 5577
7 175 9140
7 176 15149
7 177 33291
7 178 29817
7 179 34371
7 180 27838
7 181 10000
7 182 -6001
7 183 16960
7 184 26813
7 185 30136
7 186 47559
7 187 47058
7 188 21510
7 189 9565
7 190 3023
7 191 27673
7 192 30269
7 193 25285
7 194 -2924
7 195 29791
7 196 26374
7 197 39345
7 198 33359
7 199 11725
7 200 21363
8 1 28096
8 2 34725
8 3 40748
8 4 43995
8 5 6226
8 6 19214
8 7 9686
8 9 39572
8 10 21672
8 11 15484
8 12 35565
8 13 21201
8 14 24398
8 15 32094
8 16 14444
8 17 7137
8 18 6131
8 19 9319
8 20 36310
8 21 38669
8 22 43437
8 23 41830
8 24 49489
8 25 53246
8 26 32983
8 27 22334
8 28 28970
8 29 46892
8 30 26898
8 31 15398
8 32 26682
8 33 39434
8 34 46368
8 35 49801
8 36 8296
8 37 21853
8 38 26233
8 39 44240
8 40 32430
8 41 40838
8 42 28993
8 43 31080
8 44 22205
8 45 -1982
8 46 -1039
8 47 3455
8 48 -3308
8 49 13579
8 50 33240
8 51 36204
8 52 14548
8 53 27084
8 54 41621
8 55 53786
8 56 49032
8 57 32462
8 58 27514
8 59 15118
8 60 9533
8 61 12899
8 62 13967
8 63 25934
8 64 12144
8 65 41624
8 66 30693
8 67 47774
8 68 36093
8 69 25465
8 70 27671
8 71 43271
8 72 37748
8 73 39369
8 74 43462
8 75 42508
8 76 35082
8 77 38915
8 78 47962
8 79 38839
8 80 44465
8 81 36825
8 82 -539
8 83 2998
8 84 7615
8 85 10303
8 86 10724
8 87 23199
8 88 14770
8 89 14263
8 90 28797
8 91 22737
8 92 23347
8 93 14209
8 94 17500
8 95 19232
8 96 17270
8 97 22493
8 98 19869
8 99 17401
8 100 20605
8 101 25256
8 102 30857
8 103 38175
8 104 17603
8 105 28628
8 106 6718
8 107 14162
8 108 19846
8 109 39374
8 110 43917
8 111 27915
8 112 18981
8 113 7178
8 114 -5313
8 115 34129
8 116 38959
8 117 24361
8 118 1876
8 119 25260
8 120 37587
8 121 45563
8 122 30414
8 123 8064
8 124 3569
8 125 -4368
8 126 25336
8 127 17595
8 128 32516
8 129 45376
8 130 44044
8 131 28750
8 132 24812
8 133 42178
8 134 43784
8 135 46737
8 136 54251
8 137 27681
8 138 32895
8 139 51569
8 140 25253
8 141 17332
8 142 29324
8 143 11505
8 144 28762
8 145 36571
8 146 20871
8 147 13732
8 148 13549
8 149 35636
8 150 43466
8 151 19915
8 152 25525
8 153 7600
8 154 29699
8 155 43849
8 156 22076
8 157 36365
8 158 40193
8 159 12287
8 160 28551
8 161 35562
8 162 20843
8 163 47070
8 164 41650
8 165 51590
8 166 8544
8 167 18368
8 168 6174
8 169 44424
8 170 52473
8 171 35938
8 172 28435
8 173 10460
8 174 -6188
8 175 16958
8 176 24916
8 177 40698
8 178 29452
8 179 39681
8 180 31717
8 181 20884
8 182 6013
8 183 16380
8 184 35302
8 185 40677
8 186 50061
8 187 51213
8 188 33691
8 189 21672
8 190 14213
8 191 19794
8 192 23351
8 193 18767
8 194 6923
8 195 35794
8 196 35370
8 197 42073
8 198 36957
8 199 2688
8 200 26399
9 1 14325
9 2 46080
9 3 10704
9 4 33458
9 5 42298
9 6 41791
9 7 33880
9 8 44293
9 10 20423
9 11 26673
9 12 20268
9 13 37306
9 14 55052
9 15 49567
9 16 51652
9 17 51519
9 18 36002
9 19 31599
9 20 6150
9 21 38019
9 22 46323
9 23 37932
9 24 20836
9 25 34862
9 26 27270
9 27 25439
9 28 24321
9 29 13008
9 30 7416
9 31 17849
9 32 12545
9 33 3748
9 34 1254
9 35 1850
9 36 42508
9 37 49924
9 38 62235
9 39 33670
9 40 35523
9 41 47243
9 42 52118
9 43 54389
9 44 56843
9 45 45327
9 46 43869
9 47 37472
9 48 29960
9 49 37910
9 50 11288
9 51 744
9 52 30305
9 53 31669
9 54 23644
9 55 34993
9 56 44065
9 57 47675
9 58 35399
9 59 42682
9 60 44174
9 61 49874
9 62 24513
9 63 24281
9 64 21241
9 65 -2120
9 66 -4193
9 67 35563
9 68 10943
9 69 20374
9 70 16143
9 71 -1718
9 72 36665
9 73 40952
9 74 44455
9 75 41426
9 76 15043
9 77 13032
9 78 6174
9 79 3740
9 80 21097
9 81 -3500
9 82 35117
9 83 42798
9 84 48270
9 85 42915
9 86 51082
9 87 42323
9 88 26495
9 89 34662
9 90 21907
9 91 55502
9 92 49489
9 93 45217
9 94 38805
9 95 41886
9 96 43939
9 97 45070
9 98 49174
9 99 46473
9 100 50329
9 101 16494
9 102 3928
9 103 -3782
9 104 46675
9 105 29473
9 106 31414
9 107 31090
9 108 15609
9 109 23366
9 110 36592
9 111 18875
9 112 32152
9 113 49529
9 114 39066
9 115 44573
9 116 16146
9 117 44512
9 118 36284
9 119 58142
9 120 -8921
9 121 12866
9 122 8828
9 123 31947
9 124 42025
9 125 42603
9 126 24224
9 127 24710
9 128 5604
9 129 9485
9 130 26584
9 131 11392
9 132 18675
9 133 44146
9 134 19472
9 135 -1361
9 136 7259
9 137 41685
9 138 23918
9 139 40310
9 140 61510
9 141 53573
9 142 55004
9 143 40078
9 144 45831
9 145 45137
9 146 29655
9 147 36168
9 148 24754
9 149 27540
9 150 20098
9 151 46057
9 152 33410
9 153 33582
9 154 20722
9 155 33312
9 156 31437
9 157 6937
9 158 10149
9 159 18677
9 160 6904
9 161 -9528
9 162 16526
9 163 20420
9 164 -4586
9 165 32902
9 166 37123
9 167 22549
9 168 39310
9 169 6076
9 170 36707
9 171 38865
9 172 49662
9 173 49833
9 174 41734
9 175 33032
9 176 13570
9 177 20807
9 178 40987
9 179 28503
9 180 30652
9 181 10613
9 182 24127
9 183 37570
9 184 15806
9 185 5136
9 186 45071
9 187 39184
9 188 125
9 189 20423
9 190 19949
9 191 54528
9 192 54882
9 193 50614
9 194 30896
9 195 24149
9 196 12797
9 197 38524
9 198 32671
9 199 45604
9 200 32166
10 1 12077
10 2 41946
10 3 24859
10 4 40628
10 5 25839
10 6 29779
10 7 11621
10 8 22438
10 9 16468
10 11 2498
10 12 26789
10 13 29294
10 14 43223
10 15 44152
10 16 36165
10 17 32260
10 18 18052
10 19 6599
10 20 10781
10 21 39508
10 22 47535
10 23 43347
10 24 36922
10 25 46782
10 26 29188
10 27 17771
10 28 22890
10 29 31354
10 30 2416
10 31 613
10 32 909
10 33 19854
10 34 25429
10 35 25793
10 36 17508
10 37 38004
10 38 48320
10 39 42014
10 40 33845
10 41 47014
10 42 43352
10 43 46449
10 44 42957
10 45 24173
10 46 19990
10 47 12663
10 48 5993
10 49 13559
10 50 17425
10 51 13524
10 52 14811
10 53 27370
10 54 33690
10 55 46716
10 56 49249
10 57 42491
10 58 30975
10 59 30272
10 60 27200
10 61 34043
10 62 -226
10 63 4357
10 64 450
10 65 15730
10 66 4511
10 67 45556
10 68 23341
10 69 12935
10 70 5766
10 71 18196
10 72 39114
10 73 41789
10 74 46250
10 75 44615
10 76 22242
10 77 24516
10 78 28190
10 79 21121
10 80 32788
10 81 16210
10 82 12907
10 83 23805
10 84 30243
10 85 28960
10 86 34410
10 87 34441
10 88 5356
10 89 21692
10 90 3978
10 91 41880
10 92 37993
10 93 31540
10 94 28115
10 95 31371
10 96 31226
10 97 35185
10 98 36621
10 99 33118
10 100 38037
10 101 7426
10 102 13352
10 103 13579
10 104 33320
10 105 27555
10 106 10824
10 107 6314
10 108 -6238
10 109 31028
10 110 41681
10 111 18325
10 112 23292
10 113 31508
10 114 17907
10 115 41053
10 116 25980
10 117 35233
10 118 19636
10 119 45090
10 120 15325
10 121 30268
10 122 7855
10 123 7150
10 124 17758
10 125 21629
10 126 3648
10 127 8979
10 128 6477
10 129 27579
10 130 36726
10 131 2669
10 132 12777
10 133 45840
10 134 32923
10 135 23163
10 136 29422
10 137 35320
10 138 26147
10 139 48668
10 140 47423
10 141 38756
10 142 45343
10 143 15236
10 144 39353
10 145 43443
10 146 19605
10 147 23574
10 148 1411
10 149 31498
10 150 31789
10 151 34561
10 152 28986
10 153 13913
10 154 22951
10 155 40482
10 156 23551
10 157 18118
10 158 24304
10 159 -6217
10 160 2411
10 161 10967
10 162 4890
10 163 35066
10 164 19938
10 165 44394
10 166 21138
10 167 11625
10 168 14514
10 169 26360
10 170 47822
10 171 39636
10 172 41605
10 173 32643
10 174 19413
10 175 8423
10 176 11575
10 177 30876
10 178 36938
10 179 34868
10 180 30997
10 181 -2200
10 182 1023
10 183 26377
10 184 23474
10 185 22062
10 186 50523
10 187 47990
10 188 8153
10 189 -4577
10 190 3023
10 191 40332
10 192 42307
10 193 37352
10 194 9840
10 195 29791
10 196 22017
10 197 42491
10 198 36001
10 199 25728
10 200 25645
11 1 22922
11 2 48945
11 3 36015
11 4 50467
11 5 27653
11 6 34720
11 7 12479
11 8 20355
11 9 26823
11 10 6603
11 12 37199
11 13 35525
11 14 46248
11 15 49980
11 16 37542
11 17 31288
11 18 20691
11 19 -1330
11 20 19970
11 21 48266
11 22 55748
11 23 52394
11 24 47993
11 25 57271
11 26 38659
11 27 26310
11 28 32395
11 29 42532
11 30 13032
11 31 9580
11 32 6137
11 33 30970
11 34 36172
11 35 35416
11 36 8190
11 37 41773
11 38 49752
11 39 51810
11 40 42165
11 41 54704
11 42 48129
11 43 51094
11 44 44976
11 45 22029
11 46 14286
11 47 5302
11 48 1970
11 49 2579
11 50 28474
11 51 24252
11 52 20635
11 53 35550
11 54 44204
11 55 57246
11 56 58457
11 57 48791
11 58 38604
11 59 34176
11 60 29276
11 61 35567
11 62 1511
11 63 2932
11 64 -9222
11 65 23176
11 66 11572
11 67 55486
11 68 34326
11 69 22929
11 70 16939
11 71 27157
11 72 47890
11 73 50233
11 74 54739
11 75 53354
11 76 33083
11 77 35576
11 78 39186
11 79 32293
11 80 43682
11 81 27188
11 82 11740
11 83 24423
11 84 30744
11 85 31649
11 86 34663
11 87 40069
11 88 10730
11 89 26968
11 90 8087
11 91 44493
11 92 42206
11 93 34642
11 94 33344
11 95 36329
11 96 35323
11 97 40149
11 98 40110
11 99 36678
11 100 41399
11 101 18197
11 102 24519
11 103 23234
11 104 36880
11 105 36243
11 106 13041
11 107 -3422
11 108 2928
11 109 41455
11 110 51211
11 111 28411
11 112 30059
11 113 31216
11 114 16803
11 115 48192
11 116 36911
11 117 40691
11 118 21809
11 119 47579
11 120 25907
11 121 41438
11 122 18895
11 123 1776
11 124 12041
11 125 19768
11 126 2720
11 127 16702
11 128 14799
11 129 38745
11 130 47188
11 131 8731
11 132 22825
11 133 54178
11 134 43823
11 135 33071
11 136 38403
11 137 41910
11 138 36043
11 139 58544
11 140 48794
11 141 40363
11 142 49548
11 143 4951
11 144 45343
11 145 50828
11 146 27146
11 147 28508
11 148 5520
11 149 41183
11 150 42683
11 151 38774
11 152 36615
11 153 16445
11 154 32847
11 155 50321
11 156 30993
11 157 29298
11 158 35460
11 159 -1855
11 160 10774
11 161 20472
11 162 15112
11 163 46072
11 164 30553
11 165 54922
11 166 24523
11 167 20044
11 168 7349
11 169 37494
11 170 58090
11 171 47866
11 172 46780
11 173 33506
11 174 16366
11 175 -2016
11 176 22091
11 177 41562
11 178 43900
11 179 44819
11 180 39873
11 181 -2675
11 182 2559
11 183 31617
11 184 34241
11 185 33215
11 186 59722
11 187 57938
11 188 17144
11 189 6603
11 190 11051
11 191 42379
11 192 45168
11 193 40202
11 194 11869
11 195 39833
11 196 32959
11 197 51557
11 198 45202
11 199 25463
11 200 33691
12 1 13164
12 2 22087
12 3 6884
12 4 9269
12 5 27653
12 6 24860
12 7 31020
12 8 36981
12 9 16963
12 10 27439
12 11 33744
12 13 16655
12 14 34033
12 15 25208
12 16 34164
12 17 38486
12 18 26105
12 19 34611
12 20 25384
12 21 12599
12 22 20828
12 23 13346
12 24 8910
12 25 14844
12 26 2718
12 27 12966
12 28 6615
12 29 8535
12 30 19342
12 31 18046
12 32 27775
12 33 12765
12 34 15074
12 35 25112
12 36 43628
12 37 30314
12 38 41988
12 39 10490
12 40 11586
12 41 21792
12 42 29691
12 43 30890
12 44 37482
12 45 35717
12 46 39256
12 47 37259
12 48 27924
12 49 43261
12 50 8393
12 51 17441
12 52 21900
12 53 11138
12 54 1800
12 55 14830
12 56 19218
12 57 23655
12 58 13093
12 59 24180
12 60 31146
12 61 33354
12 62 28162
12 63 35919
12 64 32450
12 65 23176
12 66 19502
12 67 13751
12 68 -2870
12 69 15862
12 70 22402
12 71 23770
12 72 11179
12 73 15541
12 74 18962
12 75 16081
12 76 3140
12 77 4459
12 78 16422
12 79 6339
12 80 4400
12 81 10147
12 82 30058
12 83 31843
12 84 34778
12 85 24864
12 86 34055
12 87 20196
12 88 25823
12 89 20374
12 90 34123
12 91 36706
12 92 30031
12 93 27431
12 94 20171
12 95 22338
12 96 26390
12 97 24519
12 98 30114
12 99 28999
12 100 30591
12 101 18197
12 102 5434
12 103 20287
12 104 29201
12 105 7112
12 106 26398
12 107 36250
12 108 24541
12 109 -972
12 110 11423
12 111 5853
12 112 14509
12 113 34594
12 114 31090
12 115 20247
12 116 3236
12 117 24054
12 118 22730
12 119 38156
12 120 12293
12 121 7445
12 122 18895
12 123 33329
12 124 39659
12 125 32906
12 126 35328
12 127 20833
12 128 24469
12 129 12380
12 130 4762
12 131 27668
12 132 12931
12 133 18660
12 134 2993
12 135 21486
12 136 31618
12 137 19471
12 138 1992
12 139 17065
12 140 41452
12 141 35195
12 142 32827
12 143 43453
12 144 22637
12 145 19952
12 146 16949
12 147 20310
12 148 26356
12 149 2063
12 150 3401
12 151 26599
12 152 11104
12 153 27096
12 154 -1204
12 155 9123
12 156 14407
12 157 10757
12 158 6329
12 159 23601
12 160 23322
12 161 15886
12 162 16526
12 163 6458
12 164 12858
12 165 12507
12 166 24523
12 167 14581
12 168 39201
12 169 9876
12 170 15811
12 171 13399
12 172 26993
12 173 35050
12 174 34550
12 175 38754
12 176 7984
12 177 -94
12 178 16862
12 179 3591
12 180 5998
12 181 26957
12 182 23680
12 183 19859
12 184 190
12 185 10947
12 186 20379
12 187 16268
12 188 21270
12 189 27439
12 190 18023
12 191 35765
12 192 34740
12 193 31605
12 194 26620
12 195 -1265
12 196 1429
12 197 13247
12 198 7190
12 199 35421
12 200 15150
13 1 22922
13 2 8090
13 3 27720
13 4 18953
13 5 8109
13 6 6436
13 7 24405
13 8 23096
13 9 34480
13 10 30423
13 11 32549
13 12 17134
13 14 12234
13 15 9152
13 16 12060
13 17 18704
13 18 13719
13 19 29678
13 20 37690
13 21 12599
13 22 16546
13 23 14948
13 24 30311
13 25 28986
13 26 11458
13 27 12966
13 28 13674
13 29 30896
13 30 28817
13 31 19570
13 32 34896
13 33 30970
13 34 36172
13 35 44272
13 36 34330
13 37 7953
13 38 19921
13 39 18106
13 40 7444
13 41 14305
13 42 9296
13 43 12108
13 44 15142
13 45 18910
13 46 25762
13 47 28315
13 48 19111
13 49 37505
13 50 23827
13 51 32498
13 52 15796
13 53 6757
13 54 19875
13 55 30199
13 56 22443
13 57 7602
13 58 2533
13 59 2219
13 60 13942
13 61 11822
13 62 26990
13 63 38972
13 64 31898
13 65 40552
13 66 33113
13 67 21328
13 68 19449
13 69 21257
13 70 29484
13 71 40810
13 72 11179
13 73 12692
13 74 16601
13 75 15661
13 76 21564
13 77 25121
13 78 37284
13 79 27042
13 80 26711
13 81 28788
13 82 19685
13 83 15787
13 84 15498
13 85 2781
13 86 11940
13 87 -327
13 88 23707
13 89 7144
13 90 38919
13 91 14377
13 92 7704
13 93 5635
13 94 -655
13 95 124
13 96 5516
13 97 2269
13 98 7804
13 99 7728
13 100 8248
13 101 24689
13 102 22008
13 103 35995
13 104 7930
13 105 7112
13 106 18783
13 107 33134
13 108 28540
13 109 19609
13 110 18765
13 111 15853
13 112 2345
13 113 13496
13 114 17210
13 115 7463
13 116 24114
13 117 1718
13 118 4933
13 119 15919
13 120 30889
13 121 29788
13 122 29662
13 123 27760
13 124 29177
13 125 16221
13 126 38209
13 127 19979
13 128 35678
13 129 33351
13 130 21519
13 131 35820
13 132 19124
13 133 15274
13 134 23829
13 135 40702
13 136 50217
13 137 873
13 138 15020
13 139 25809
13 140 19318
13 141 12873
13 142 12032
13 143 36243
13 144 4353
13 145 10132
13 146 12652
13 147 3733
13 148 24754
13 149 13031
13 150 25712
13 151 4272
13 152 544
13 153 18352
13 154 11824
13 155 18807
13 156 6865
13 157 27773
13 158 27165
13 159 23894
13 160 32951
13 161 32642
13 162 21070
13 163 27984
13 164 33053
13 165 28244
13 166 9719
13 167 14581
13 168 30579
13 169 31592
13 170 27053
13 171 9034
13 172 7084
13 173 14662
13 174 20018
13 175 35932
13 176 17478
13 177 21378
13 178 2951
13 179 16394
13 180 7634
13 181 32779
13 182 19513
13 183 777
13 184 20190
13 185 30491
13 186 23363
13 187 25530
13 188 34510
13 189 30423
13 190 18023
13 191 13415
13 192 12524
13 193 9260
13 194 19538
13 195 14351
13 196 21377
13 197 15608
13 198 11487
13 199 19507
13 200 11330
14 1 43393
14 2 19846
14 3 48855
14 4 34689
14 5 12298
14 6 21726
14 7 37790
14 8 29566
14 9 55499
14 10 47625
14 11 46545
14 12 37785
14 13 15507
14 15 4963
14 16 2624
14 17 15570
14 18 26105
14 19 41599
14 20 57620
14 21 28411
14 22 25333
14 23 23243
14 24 49812
14 25 44621
14 26 31703
14 27 33211
14 28 34878
14 29 51406
14 30 48318
14 31 37495
14 32 52911
14 33 52141
14 34 57342
14 35 65416
14 36 41170
14 37 7953
14 38 -915
14 39 30454
14 40 26599
14 41 19838
14 42 4198
14 43 -349
14 44 -1155
14 45 21026
14 46 29689
14 47 36832
14 48 29253
14 49 46955
14 50 44942
14 51 53241
14 52 32662
14 53 27951
14 54 38678
14 55 46867
14 56 34076
14 57 11566
14 58 22851
14 59 8396
14 60 22214
14 61 8112
14 62 42285
14 63 55078
14 64 44778
14 65 61336
14 66 53078
14 67 31509
14 68 40139
14 69 41216
14 70 48694
14 71 61646
14 72 24502
14 73 26400
14 74 27746
14 75 26075
14 76 42759
14 77 46244
14 78 58464
14 79 48213
14 80 47167
14 81 49964
14 82 30058
14 83 22806
14 84 16951
14 85 505
14 86 -1385
14 87 7657
14 88 39829
14 89 23687
14 90 56110
14 91 7222
14 92 13052
14 93 7911
14 94 15121
14 95 12230
14 96 15655
14 97 10732
14 98 7804
14 99 14441
14 100 2900
14 101 44209
14 102 43138
14 103 56678
14 104 14643
14 105 27948
14 106 32496
14 107 46010
14 108 45932
14 109 39766
14 110 35030
14 111 36963
14 112 22477
14 113 6524
14 114 24591
14 115 18486
14 116 45181
14 117 15804
14 118 12756
14 119 -1284
14 120 52032
14 121 50412
14 122 49689
14 123 39843
14 124 36928
14 125 18921
14 126 54332
14 127 37832
14 128 55218
14 129 54501
14 130 39687
14 131 54235
14 132 39372
14 133 24342
14 134 43243
14 135 61861
14 136 71276
14 137 18076
14 138 36043
14 139 39416
14 140 -1313
14 141 -66
14 142 539
14 143 44836
14 144 10164
14 145 16639
14 146 32125
14 147 19297
14 148 40438
14 149 32373
14 150 46168
14 151 9620
14 152 20862
14 153 31931
14 154 32847
14 155 34543
14 156 27378
14 157 48908
14 158 48300
14 159 39880
14 160 52076
14 161 53479
14 162 40212
14 163 47693
14 164 54266
14 165 45269
14 166 22189
14 167 33817
14 168 39526
14 169 52624
14 170 40567
14 171 19750
14 172 5837
14 173 13866
14 174 24768
14 175 48859
14 176 38178
14 177 41455
14 178 13536
14 179 34682
14 180 26845
14 181 49681
14 182 33959
14 183 17074
14 184 41288
14 185 51705
14 186 34061
14 187 39184
14 188 54623
14 189 47625
14 190 35743
14 191 1333
14 192 -2077
14 193 3083
14 194 33311
14 195 34046
14 196 42524
14 197 28602
14 198 27833
14 199 25463
14 200 32166
15 1 41875
15 2 11656
15 3 42874
15 4 22613
15 5 21453
15 6 24860
15 7 43577
15 8 39131
15 9 51883
15 10 50423
15 11 52146
15 12 30829
15 13 14294
15 14 6832
15 16 16444
15 17 28564
15 18 32092
15 19 48608
15 20 56817
15 21 18001
15 22 11144
15 23 7932
15 24 40008
15 25 31710
15 26 24802
15 27 32510
15 28 31233
15 29 43132
15 30 48318
15 31 39562
15 32 54808
15 33 47828
15 34 51107
15 35 60892
15 36 51225
15 37 14801
15 38 12905
15 39 16216
15 40 19805
15 41 4838
15 42 4198
15 43 -3699
15 44 14212
15 45 32419
15 46 40840
15 47 45845
15 48 37185
15 49 55678
15 50 41334
15 51 50722
15 52 35666
15 53 24463
15 54 28705
15 55 34728
15 56 20065
15 57 1729
15 58 18290
15 59 14188
15 60 29911
15 61 19967
15 62 46788
15 63 58940
15 64 51324
15 65 58286
15 66 52094
15 67 16269
15 68 32721
15 69 40749
15 70 49182
15 71 58578
15 72 12192
15 73 15006
15 74 14490
15 75 11985
15 76 37662
15 77 40333
15 78 52477
15 79 42348
15 80 39306
15 81 45509
15 82 37656
15 83 31564
15 84 27775
15 85 10486
15 86 14083
15 87 5546
15 88 43582
15 89 26639
15 90 58915
15 91 18740
15 92 17948
15 93 16065
15 94 17234
15 95 14672
15 96 20679
15 97 12629
15 98 15515
15 99 20937
15 100 12048
15 101 44314
15 102 39325
15 103 54186
15 104 21139
15 105 22858
15 106 37966
15 107 52411
15 108 48535
15 109 31809
15 110 23788
15 111 33800
15 112 22293
15 113 20512
15 114 33597
15 115 9176
15 116 39101
15 117 16360
15 118 20540
15 119 13898
15 120 47732
15 121 42471
15 122 48853
15 123 46684
15 124 46243
15 125 30025
15 126 58175
15 127 39979
15 128 55060
15 129 48429
15 130 29057
15 131 55649
15 132 38425
15 133 10105
15 134 33586
15 135 57265
15 136 67224
15 137 14384
15 138 30533
15 139 25809
15 140 12937
15 141 14656
15 142 4835
15 143 53996
15 144 4353
15 145 2935
15 146 32569
15 147 22590
15 148 44589
15 149 23989
15 150 38307
15 151 14516
15 152 16301
15 153 37420
15 154 27337
15 155 22467
15 156 26533
15 157 45001
15 158 42319
15 159 43808
15 160 52563
15 161 50472
15 162 40865
15 163 38321
15 164 48855
15 165 33444
15 166 27786
15 167 34461
15 168 48290
15 169 45784
15 170 26518
15 171 6720
15 172 3379
15 173 25260
15 174 35230
15 175 55237
15 176 36221
15 177 33095
15 178 4738
15 179 24785
15 180 19294
15 181 52776
15 182 39055
15 183 19451
15 184 35501
15 185 46614
15 186 19576
15 187 25530
15 188 53450
15 189 50423
15 190 38023
15 191 15350
15 192 11416
15 193 13827
15 194 38772
15 195 25751
15 196 36902
15 197 15608
15 198 17131
15 199 34893
15 200 30564
16 1 38971
16 2 23835
16 3 47182
16 4 38458
16 5 3478
16 6 17393
16 7 29102
16 8 19189
16 9 51676
16 10 40144
16 11 37416
16 12 37493
16 13 14910
16 14 2201
16 15 14152
16 17 4389
16 18 18052
16 19 31910
16 20 51979
16 21 31788
16 22 31734
16 23 30366
16 24 50919
16 25 48631
16 26 32048
16 27 29171
16 28 32750
16 29 51193
16 30 42416
16 31 30826
16 32 45622
16 33 49102
16 34 55266
16 35 61943
16 36 30300
16 37 6773
16 38 3716
16 39 36046
16 40 27858
16 41 27212
16 42 11103
16 43 10422
16 44 -729
16 45 10054
16 46 18647
16 47 26358
16 48 19345
16 49 36427
16 50 41828
16 51 48871
16 52 26149
16 53 26692
16 54 40434
16 55 50223
16 56 39761
16 57 17858
16 58 23133
16 59 4869
16 60 13783
16 61 -1734
16 62 33946
16 63 46735
16 64 34997
16 65 56651
16 66 47292
16 67 38210
16 68 39688
16 69 36354
16 70 42704
16 71 57215
16 72 29160
16 73 30699
16 74 33275
16 75 32085
16 76 40846
16 77 44680
16 78 56382
16 79 46282
16 80 47116
16 81 46900
16 82 20517
16 83 13251
16 84 6618
16 85 -5212
16 86 -8661
16 87 10504
16 88 32189
16 89 18306
16 90 48385
16 91 3321
16 92 11326
16 93 2537
16 94 12337
16 95 10549
16 96 11162
16 97 10899
16 98 5154
16 99 9340
16 100 2602
16 101 38665
16 102 39998
16 103 52046
16 104 9542
16 105 27555
16 106 24168
16 107 36538
16 108 38483
16 109 40166
16 110 38399
16 111 34128
16 112 19461
16 113 -4433
16 114 14542
16 115 22952
16 116 43868
16 117 15375
16 118 4434
16 119 2726
16 120 48691
16 121 50015
16 122 44404
16 123 30315
16 124 26411
16 125 8049
16 126 46026
16 127 31388
16 128 49140
16 129 52686
16 130 41956
16 131 47213
16 132 34862
16 133 30705
16 134 44444
16 135 58499
16 136 67397
16 137 19358
16 138 35071
16 139 44387
16 140 2783
16 141 -5668
16 142 9405
16 143 34201
16 144 14969
16 145 23315
16 146 27579
16 147 14340
16 148 32419
16 149 33616
16 150 46117
16 151 7894
16 152 21144
16 153 23733
16 154 31875
16 155 38312
16 156 24304
16 157 45757
16 158 46627
16 159 31814
16 160 45667
16 161 49112
16 162 34419
16 163 48578
16 164 51618
16 165 48382
16 166 14922
16 167 28588
16 168 29150
16 169 51243
16 170 45731
16 171 25308
16 172 11899
16 173 3489
16 174 14007
16 175 39375
16 176 34231
16 177 41934
16 178 17973
16 179 36797
16 180 28137
16 181 41577
16 182 25507
16 183 13478
16 184 39911
16 185 49219
16 186 40183
16 187 44156
16 188 49159
16 189 40144
16 190 29079
16 191 -2677
16 192 1733
16 193 111
16 194 24923
16 195 34966
16 196 40888
16 197 33558
16 198 31061
16 199 15414
16 200 29305
17 1 37227
17 2 31352
17 3 47906
17 4 44448
17 5 2298
17 6 19365
17 7 22479
17 8 10117
17 9 49778
17 10 34474
17 11 29397
17 12 40050
17 13 19789
17 14 13382
17 15 24507
17 16 2624
17 18 13719
17 19 23222
17 20 48121
17 21 38019
17 22 40054
17 23 38834
17 24 54118
17 25 54459
17 26 35647
17 27 28778
17 28 34069
17 29 53091
17 30 38514
17 31 26610
17 32 39817
17 33 48304
17 34 55074
17 35 60158
17 36 19658
17 37 14801
17 38 12905
17 39 43281
17 40 32799
17 41 36238
17 42 21151
17 43 21471
17 44 10276
17 45 -323
17 46 7775
17 47 16475
17 48 10614
17 49 26274
17 50 41334
17 51 46573
17 52 23102
17 53 29553
17 54 44590
17 55 55559
17 56 47287
17 57 26899
17 58 27707
17 59 10252
17 60 10780
17 61 3014
17 62 27287
17 63 39647
17 64 25830
17 65 53373
17 66 43011
17 67 46120
17 68 41707
17 69 34405
17 70 38935
17 71 54441
17 72 36216
17 73 37677
17 74 40986
17 75 39987
17 76 41676
17 77 45644
17 78 56340
17 79 46601
17 80 49553
17 81 45962
17 82 12781
17 83 7189
17 84 1656
17 85 2064
17 86 -2944
17 87 18335
17 88 26826
17 89 17961
17 90 42129
17 91 13088
17 92 17948
17 93 7911
17 94 16086
17 95 15906
17 96 14533
17 97 17798
17 98 12742
17 99 13202
17 100 12048
17 101 35629
17 102 39325
17 103 49227
17 104 13404
17 105 30932
17 106 18358
17 107 28086
17 108 32757
17 109 43296
17 110 44259
17 111 34454
17 112 21351
17 113 -6504
17 114 6343
17 115 30661
17 116 45181
17 117 21199
17 118 2038
17 119 13898
17 120 47310
17 121 51802
17 122 41290
17 123 21987
17 124 16553
17 125 -1953
17 126 39013
17 127 27785
17 128 44750
17 129 53089
17 130 46533
17 131 41715
17 132 33326
17 133 38960
17 134 47893
17 135 56886
17 136 65110
17 137 25427
17 138 37303
17 139 51178
17 140 11917
17 141 5260
17 142 20151
17 143 23918
17 144 23508
17 145 32085
17 146 26970
17 147 15231
17 148 26356
17 149 37829
17 150 48554
17 151 14516
17 152 25718
17 153 18352
17 154 34107
17 155 44302
17 156 25662
17 157 45001
17 158 47351
17 159 25465
17 160 40959
17 161 46505
17 162 31214
17 163 51677
17 164 50869
17 165 53543
17 166 12594
17 167 26651
17 168 19442
17 169 51959
17 170 52473
17 171 33139
17 172 21454
17 173 1752
17 174 3965
17 175 30878
17 176 33166
17 177 44967
17 178 25761
17 179 41541
17 180 32806
17 181 34608
17 182 18994
17 183 16144
17 184 41288
17 185 48988
17 186 47985
17 187 50916
17 188 45442
17 189 34474
17 190 25039
17 191 8482
17 192 12791
17 193 9584
17 194 18923
17 195 38735
17 196 41897
17 197 40681
17 198 36980
17 199 7933
17 200 30564
18 1 19368
18 2 26115
18 3 31059
18 4 33769
18 5 3478
18 6 10545
18 7 7479
18 8 6629
18 9 31779
18 10 17784
18 11 16318
18 12 25187
18 13 12322
18 14 21435
18 15 25553
18 16 13805
18 17 11237
18 19 12215
18 20 30325
18 21 28804
18 22 34384
18 23 32429
18 24 39187
18 25 42875
18 26 22573
18 27 12155
18 28 18608
18 29 36928
18 30 20700
18 31 8830
18 32 23263
18 33 30616
18 34 37508
18 35 42155
18 36 16415
18 37 16773
18 38 25984
18 39 34236
18 40 22444
18 41 32333
18 42 23262
18 43 26142
18 44 20702
18 45 5757
18 46 9225
18 47 10302
18 48 1097
18 49 19566
18 50 23917
18 51 28551
18 52 5164
18 53 16772
18 54 31181
18 55 43377
18 56 39301
18 57 24912
18 58 17710
18 59 9195
18 60 4839
18 61 11683
18 62 11888
18 63 24703
18 64 15114
18 65 35468
18 66 25421
18 67 37869
18 68 25933
18 69 16555
18 70 21049
18 71 36436
18 72 28069
18 73 29809
18 74 34084
18 75 33072
18 76 25138
18 77 29051
18 78 38894
18 79 29429
18 80 34200
18 81 28196
18 82 1660
18 83 2495
18 84 8301
18 85 6902
18 86 12217
18 87 15802
18 88 9828
18 89 4184
18 90 26062
18 91 19809
18 92 17271
18 93 9718
18 94 9191
18 95 11788
18 96 10423
18 97 15513
18 98 15125
18 99 11678
18 100 16447
18 101 17605
18 102 21762
18 103 31218
18 104 11880
18 105 18293
18 106 2084
18 107 16167
18 108 16123
18 109 28957
18 110 33746
18 111 17876
18 112 8875
18 113 9709
18 114 697
18 115 25490
18 116 28927
18 117 16497
18 118 -2715
18 119 23003
18 120 29397
18 121 35601
18 122 23289
18 123 10296
18 124 11320
18 125 2954
18 126 23966
18 127 9785
18 128 27180
18 129 35949
18 130 33610
18 131 24882
18 132 15626
18 133 33041
18 134 33406
18 135 38908
18 136 47082
18 137 18900
18 138 22487
18 139 41458
18 140 25079
18 141 16412
18 142 24556
18 143 18220
18 144 21279
18 145 28150
18 146 10552
18 147 4565
18 148 10151
18 149 25246
18 150 33201
18 151 13839
18 152 15721
18 153 1519
18 154 19291
18 155 33623
18 156 11696
18 157 27380
18 158 30504
18 159 9585
18 160 23551
18 161 28484
18 162 13195
18 163 36755
18 164 33108
18 165 41172
18 166 -371
18 167 8947
18 168 12552
18 169 34939
18 170 42249
18 171 26720
18 172 22094
18 173 10427
18 174 4154
18 175 19009
18 176 15611
18 177 30318
18 178 20957
18 179 29299
18 180 21522
18 181 19412
18 182 3546
18 183 7650
18 184 25190
18 185 31537
18 186 40404
18 187 41077
18 188 27608
18 189 17784
18 190 7165
18 191 18069
18 192 20399
18 193 15406
18 194 2902
18 195 25358
18 196 25422
18 197 32298
18 198 26886
18 199 5549
18 200 15961
19 1 24752
19 2 46080
19 3 38424
19 4 50027
19 5 22298
19 6 30988
19 7 8659
19 8 13909
19 9 31468
19 10 10423
19 11 -1611
19 12 37785
19 13 32373
19 14 41021
19 15 46161
19 16 31755
19 17 24832
19 18 16307
19 20 25384
19 21 46788
19 22 53643
19 23 50939
19 24 49812
19 25 57662
19 26 38073
19 27 25439
19 28 32108
19 29 45085
19 30 17416
19 31 10440
19 32 12545
19 33 34335
19 34 40323
19 35 40676
19 36 2508
19 37 37084
19 38 43807
19 39 51205
19 40 40456
19 41 52153
19 42 43814
19 43 46580
19 44 39362
19 45 15385
19 46 7219
19 47 -1636
19 48 -4549
19 49 303
19 50 30564
19 51 28478
19 52 18357
19 53 33938
19 54 44782
19 55 57743
19 56 57244
19 57 45371
19 58 36412
19 59 29661
19 60 24208
19 61 29919
19 62 2669
19 63 9870
19 64 -5222
19 65 29475
19 66 17890
19 67 54959
19 68 35984
19 69 23724
19 70 20065
19 71 32791
19 72 46350
19 73 48432
19 74 52904
19 75 51701
19 76 34540
19 77 37544
19 78 42864
19 79 35255
19 80 45086
19 81 30947
19 82 6058
19 83 18809
19 84 24848
19 85 26476
19 86 28431
19 87 36359
19 88 10013
19 89 23687
19 90 14371
19 91 39222
19 92 37799
19 93 29718
19 94 29658
19 95 32388
19 96 31004
19 97 36128
19 98 35304
19 99 32044
19 100 36463
19 101 20205
19 102 27133
19 103 28434
19 104 32246
19 105 34983
19 106 9331
19 107 -3422
19 108 7651
19 109 42004
19 110 50462
19 111 28868
19 112 27523
19 113 24897
19 114 10699
19 115 45400
19 116 38504
19 117 37009
19 118 16743
19 119 42153
19 120 30299
19 121 43882
19 122 22652
19 123 -4006
19 124 4979
19 125 13210
19 126 9526
19 127 16188
19 128 20574
19 129 41759
19 130 47651
19 131 15037
19 132 23578
19 133 52172
19 134 45152
19 135 38119
19 136 44053
19 137 38896
19 138 36043
19 139 58069
19 140 42835
19 141 34622
19 142 44898
19 143 688
19 144 41787
19 145 48101
19 146 25529
19 147 24863
19 148 5520
19 149 40750
19 150 44087
19 151 34367
19 152 34423
19 153 12575
19 154 32847
19 155 49881
19 156 29001
19 157 32158
19 158 37869
19 159 705
19 160 16459
19 161 25783
19 162 16526
19 163 47693
19 164 34894
19 165 55431
19 166 20245
19 167 19429
19 168 347
19 169 40692
19 170 58090
19 171 45822
19 172 42705
19 173 27676
19 174 9600
19 175 -706
19 176 23301
19 177 42514
19 178 40987
19 179 44620
19 180 38641
19 181 4396
19 182 292
19 183 28014
19 184 35501
19 185 36367
19 186 58472
19 187 57547
19 188 22683
19 189 10423
19 190 11051
19 191 36822
19 192 39923
19 193 35040
19 194 8256
19 195 39833
19 196 34607
19 197 50256
19 198 44136
19 199 19507
19 200 32166
20 1 13013
20 2 47687
20 3 18065
20 4 39556
20 5 38396
20 6 39676
20 7 26634
20 8 37529
20 9 2648
20 10 11234
20 11 16318
20 12 25187
20 13 37014
20 14 53671
20 15 50999
20 16 48453
20 17 46360
20 18 31046
20 19 22013
20 21 41788
20 22 50333
20 23 43760
20 24 29966
20 25 42875
20 26 30647
20 27 24081
20 28 25679
20 29 22716
20 30 -513
20 31 11656
20 32 1383
20 33 10766
20 34 12435
20 35 10416
20 36 32798
20 37 48251
20 38 60016
20 39 40492
20 40 37755
20 41 50750
20 42 51987
20 43 54809
20 44 54482
20 45 39049
20 46 35766
20 47 28381
20 48 21745
20 49 27376
20 50 14135
20 51 2481
20 52 25973
20 53 32465
20 54 30527
20 55 42833
20 56 49623
20 57 49020
20 58 36475
20 59 40672
20 60 39904
20 61 46425
20 62 15585
20 63 13309
20 64 10089
20 65 304
20 66 -9567
20 67 43175
20 68 18150
20 69 17868
20 70 9746
20 71 2405
20 72 40985
20 73 44577
20 74 48611
20 75 46208
20 76 19414
20 77 19324
20 78 16790
20 79 12383
20 80 28158
20 81 5366
20 82 28044
20 83 37560
20 84 43656
20 85 40328
20 86 47384
20 87 42373
20 88 19434
20 89 31885
20 90 11049
20 91 53140
20 92 47925
20 93 42685
20 94 37358
20 95 40643
20 96 41688
20 97 44198
20 98 47207
20 99 44003
20 100 48559
20 101 12060
20 102 7890
20 103 -1711
20 104 44205
20 105 31287
20 106 25013
20 107 21043
20 108 5844
20 109 28957
20 110 41794
20 111 20040
20 112 31121
20 113 45065
20 114 32675
20 115 46466
20 116 21911
20 117 43807
20 118 32190
20 119 56167
20 120 2143
20 121 22154
20 122 4030
20 123 22915
20 124 33566
20 125 36416
20 126 13352
20 127 19651
20 128 -5460
20 129 18517
20 130 33610
20 131 211
20 132 16900
20 133 48351
20 134 27590
20 135 8140
20 136 13656
20 137 42189
20 138 26992
20 139 47056
20 140 59198
20 141 50737
20 142 54547
20 143 29930
20 144 46555
20 145 47965
20 146 27579
20 147 33719
20 148 16701
20 149 31904
20 150 27159
20 151 44493
20 152 34486
20 153 27661
20 154 23796
20 155 39410
20 156 30620
20 157 11568
20 158 17510
20 159 9585
20 160 -4152
20 161 -4528
20 162 11799
20 163 28940
20 164 6586
20 165 40613
20 166 33149
20 167 19533
20 168 30244
20 169 16226
20 170 44564
20 171 42605
20 172 49797
20 173 45676
20 174 34721
20 175 22840
20 176 13187
20 177 27380
20 178 42665
20 179 33994
20 180 33647
20 181 -427
20 182 16335
20 183 35826
20 184 20685
20 185 13164
20 186 50792
20 187 46109
20 188 -7639
20 189 11234
20 190 14236
20 191 51966
20 192 53092
20 193 48406
20 194 24251
20 195 29090
20 196 18128
20 197 43496
20 198 37150
20 199 39941
20 200 31773
21 1 25796
21 2 9096
21 3 22630
21 4 3458
21 5 23921
21 6 21726
21 7 36530
21 8 38070
21 9 32699
21 10 38143
21 11 42796
21 12 10584
21 13 10105
21 14 22644
21 15 10365
21 16 26444
21 17 34440
21 18 27707
21 19 41599
21 20 39970
21 22 5333
21 23 960
21 24 18910
21 25 13631
21 26 5647
21 27 19516
21 28 14859
21 29 21952
21 30 32727
21 31 27479
21 32 40623
21 33 28487
21 34 30385
21 35 40882
21 36 48236
21 37 21773
21 38 30625
21 39 2410
21 40 4515
21 41 6014
21 42 17450
21 43 16824
21 44 27713
21 45 34568
21 46 40840
21 47 41926
21 48 32460
21 49 50108
21 50 23098
21 51 32629
21 52 26754
21 53 11138
21 54 7580
21 55 15386
21 56 7337
21 57 9713
21 58 7267
21 59 17495
21 60 29436
21 61 27036
21 62 36866
21 63 47072
21 64 42191
21 65 38976
21 66 34640
21 67 5896
21 68 11873
21 69 26330
21 70 34582
21 71 39513
21 72 -3584
21 73 -271
21 74 3672
21 75 1909
21 76 18430
21 77 20267
21 78 31951
21 79 22037
21 80 18323
21 81 25940
21 82 33419
21 83 31142
21 84 31308
21 85 17532
21 86 26063
21 87 9510
21 88 33628
21 89 20581
21 90 45948
21 91 28239
21 92 22247
21 93 20888
21 94 15121
21 95 15421
21 96 21312
21 97 15891
21 98 22118
21 99 23388
21 100 21430
21 101 29781
21 102 20673
21 103 35771
21 104 23590
21 105 7112
21 106 31138
21 107 44285
21 108 35798
21 109 10965
21 110 3470
21 111 17066
21 112 13713
21 113 28807
21 114 32112
21 115 6495
21 116 19047
21 117 16360
21 118 20540
21 119 27867
21 120 28101
21 121 21356
21 122 32607
21 123 39843
21 124 43267
21 125 31849
21 126 46368
21 127 28744
21 128 38755
21 129 27987
21 130 8213
21 131 40916
21 132 23578
21 133 3392
21 134 12429
21 135 37262
21 136 47419
21 137 10420
21 138 11992
21 139 9999
21 140 30296
21 141 26460
21 142 20539
21 143 49382
21 144 10164
21 145 4301
21 146 21532
21 147 18455
21 148 34651
21 149 3327
21 150 17324
21 151 18815
21 152 5278
21 153 31075
21 154 8796
21 155 3312
21 156 15817
21 157 26171
21 158 22075
21 159 33042
21 160 37020
21 161 31570
21 162 27167
21 163 17130
21 164 28517
21 165 13692
21 166 24350
21 167 22179
21 168 44048
21 169 24941
21 170 11250
21 171 -2334
21 172 14683
21 173 30355
21 174 35230
21 175 46976
21 176 20077
21 177 12012
21 178 3425
21 179 3591
21 180 921
21 181 39492
21 182 30617
21 183 16144
21 184 15806
21 185 26759
21 186 8515
21 187 9718
21 188 36168
21 189 38143
21 190 26564
21 191 26853
21 192 24517
21 193 23045
21 194 31718
21 195 4915
21 196 17162
21 197 318
21 198 -3790
21 199 34893
21 200 18178
22 1 35726
22 2 10863
22 3 32105
22 4 7600
22 5 28354
22 6 27649
22 7 44649
22 8 44293
22 9 42458
22 10 47625
22 11 51733
22 12 20268
22 13 15507
22 14 21021
22 15 4963
22 16 27845
22 17 37930
22 18 34742
22 19 49909
22 20 49970
22 21 6788
22 23 -5888
22 24 25926
22 25 15992
22 26 15647
22 27 28778
22 28 24690
22 29 30099
22 30 42665
22 31 36823
22 32 50454
22 33 38257
22 34 39318
22 35 50287
22 36 55455
22 37 23699
22 38 28216
22 39 543
22 40 13255
22 41 -3085
22 42 16073
22 43 12108
22 44 27422
22 45 39625
22 46 46912
22 47 49336
22 48 40007
22 49 58154
22 50 33078
22 51 42585
22 52 35138
22 53 20009
22 54 15052
22 55 19342
22 56 4269
22 57 7602
22 58 14808
22 59 20949
22 60 35009
22 61 29641
22 62 45842
22 63 56555
22 64 51188
22 65 48618
22 66 44616
22 67 1830
22 68 20935
22 69 36025
22 70 44394
22 71 49264
22 72 -1731
22 73 3638
22 74 -237
22 75 -3817
22 76 28318
22 77 29871
22 78 41118
22 79 31424
22 80 27230
22 81 35622
22 82 40692
22 83 36897
22 84 35535
22 85 19848
22 86 26787
22 87 11181
22 88 42510
22 89 27775
22 90 55601
22 91 29543
22 92 25102
22 93 24007
22 94 20368
22 95 19438
22 96 25871
22 97 18691
22 98 24330
22 99 27360
22 100 22516
22 101 39551
22 102 30603
22 103 45670
22 104 27562
22 105 16548
22 106 39115
22 107 52914
22 108 45378
22 109 20242
22 110 9917
22 111 26998
22 112 21351
22 113 31216
22 114 38418
22 115 7463
22 116 28691
22 117 20316
22 118 25904
22 119 27250
22 120 37728
22 121 29788
22 122 42582
22 123 48059
22 124 50322
22 125 37003
22 126 55833
22 127 37832
22 128 48747
22 129 37278
22 130 14849
22 131 50807
22 132 33326
22 133 -5658
22 134 19831
22 135 46683
22 136 56902
22 137 14959
22 138 21992
22 139 9999
22 140 28117
22 141 27025
22 142 18539
22 143 57119
22 144 10164
22 145 -1361
22 146 30290
22 147 24863
22 148 43584
22 149 13031
22 150 26231
22 151 21670
22 152 12819
22 153 38858
22 154 18796
22 155 7454
22 156 24211
22 157 36068
22 158 31550
22 159 42215
22 160 46972
22 161 41374
22 162 36796
22 163 24690
22 164 37778
22 165 18251
22 166 30890
22 167 31402
22 168 51548
22 169 33813
22 170 10788
22 171 -6243
22 172 13670
22 173 33898
22 174 41141
22 175 55650
22 176 29993
22 177 20807
22 178 4317
22 179 11835
22 180 10721
22 181 49238
22 182 39158
22 183 21990
22 184 25604
22 185 36367
22 186 4061
22 187 9718
22 188 46161
22 189 47625
22 190 35743
22 191 27451
22 192 24188
22 193 24392
22 194 39784
22 195 14351
22 196 26916
22 197 318
22 198 4450
22 199 40581
22 200 27076
23 1 42695
23 2 21980
23 3 35704
23 4 8458
23 5 39468
23 6 38416
23 7 54488
23 8 55087
23 9 46468
23 10 55838
23 11 60780
23 12 25187
23 13 26310
23 14 31332
23 15 14152
23 16 38878
23 17 49111
23 18 45188
23 19 59606
23 20 55798
23 21 14816
23 22 6513
23 24 25533
23 25 11659
23 26 22573
23 27 37466
23 28 32323
23 29 30962
23 30 49425
23 31 45324
23 32 57665
23 33 42545
23 34 41064
23 35 52947
23 36 65889
23 37 34852
23 38 37905
23 39 -5988
23 40 22444
23 41 5825
23 42 26758
23 43 21083
23 44 38099
23 45 50691
23 46 57777
23 47 59656
23 48 50237
23 49 68073
23 50 38779
23 51 47758
23 52 44750
23 53 29160
23 54 16663
23 55 16836
23 56 3303
23 57 18491
23 58 24770
23 59 32113
23 60 45933
23 61 40805
23 62 54849
23 63 64727
23 64 60143
23 65 51834
23 66 49753
23 67 -8731
23 68 23934
23 69 43865
23 70 51787
23 71 53068
23 72 5545
23 73 12846
23 74 8643
23 75 545
23 76 33552
23 77 33968
23 78 43555
23 79 34620
23 80 30091
23 81 39500
23 82 51058
23 83 47797
23 84 46681
23 85 31007
23 86 37645
23 87 22360
23 88 51639
23 89 38099
23 90 63390
23 91 40601
23 92 36281
23 93 35186
23 94 31274
23 95 30536
23 96 36931
23 97 29866
23 98 35494
23 99 38495
23 100 33573
23 101 47125
23 102 35805
23 103 50294
23 104 38697
23 105 25087
23 106 49050
23 107 62312
23 108 53373
23 109 24360
23 110 13879
23 111 34128
23 112 31399
23 113 42348
23 114 49178
23 115 18600
23 116 33036
23 117 31399
23 118 36871
23 119 37865
23 120 41289
23 121 31209
23 122 49086
23 123 57832
23 124 60817
23 125 48050
23 126 64046
23 127 46718
23 128 54863
23 129 40221
23 130 15652
23 131 57750
23 132 41037
23 133 3638
23 134 20449
23 135 49444
23 136 59715
23 137 25868
23 138 28615
23 139 5903
23 140 37927
23 141 37905
23 142 28905
23 143 67255
23 144 21279
23 145 9402
23 146 39559
23 147 35492
23 148 52650
23 149 18825
23 150 29092
23 151 32849
23 152 22781
23 153 48918
23 154 25419
23 155 8312
23 156 33779
23 157 41034
23 158 35149
23 159 50954
23 160 53566
23 161 45472
23 162 44754
23 163 25264
23 164 40267
23 165 16476
23 166 41517
23 167 40123
23 168 61816
23 169 35750
23 170 3623
23 171 4196
23 172 24518
23 173 45076
23 174 52033
23 175 65000
23 176 37095
23 177 23807
23 178 15480
23 179 15584
23 180 18783
23 181 56716
23 182 48642
23 183 32763
23 184 30545
23 185 40136
23 186 160
23 187 5087
23 188 51647
23 189 55838
23 190 44501
23 191 38360
23 192 34923
23 193 35465
23 194 49658
23 195 19230
23 196 31574
23 197 4427
23 198 10512
23 199 51506
23 200 36206
24 1 24306
24 2 33642
24 3 9846
24 4 11486
24 5 42547
24 6 39676
24 7 44913
24 8 51768
24 9 18394
24 10 38435
24 11 45401
24 12 9773
24 13 30695
24 14 46923
24 15 35250
24 16 48453
24 17 53417
24 18 40968
24 19 47501
24 20 31026
24 21 21788
24 22 27349
24 23 14555
24 25 8631
24 26 16263
24 27 27569
24 28 21478
24 29 -46
24 30 27771
24 31 30564
24 32 35956
24 33 16311
24 34 10074
24 35 22483
24 36 57287
24 37 44207
24 38 54987
24 39 8947
24 40 24370
24 41 28907
24 42 41989
24 43 41823
24 44 51128
24 45 50691
24 46 53854
24 47 51047
24 48 41913
24 49 55863
24 50 17657
24 51 22437
24 52 36381
24 53 25821
24 54 2580
24 55 9304
24 56 21965
24 57 34673
24 58 26814
24 59 38518
24 60 46141
24 61 47923
24 62 40460
24 63 45860
24 64 43077
24 65 21602
24 66 22720
24 67 9336
24 68 -232
24 69 28633
24 70 32704
24 71 23992
24 72 18117
24 73 24226
24 74 25670
24 75 20904
24 76 13533
24 77 10337
24 78 13638
24 79 6838
24 80 7295
24 81 11971
24 82 44478
24 83 46826
24 84 49721
24 85 39158
24 86 48339
24 87 33112
24 88 38956
24 89 35374
24 90 43597
24 91 50720
24 92 44082
24 93 41863
24 94 34685
24 95 36510
24 96 41008
24 97 38245
24 98 44182
24 99 43569
24 100 44336
24 101 29553
24 102 12658
24 103 22998
24 104 43771
24 105 21427
24 106 40620
24 107 48542
24 108 34943
24 109 9353
24 110 17186
24 111 19623
24 112 29406
24 113 49324
24 114 45911
24 115 31316
24 116 11229
24 117 37962
24 118 37711
24 119 51572
24 120 12603
24 121 1169
24 122 27314
24 123 46544
24 124 53830
24 125 47879
24 126 45433
24 127 34315
24 128 30545
24 129 11881
24 130 4078
24 131 35312
24 132 25807
24 133 24743
24 134 -3715
24 135 19183
24 136 29276
24 137 32735
24 138 16992
24 139 16014
24 140 54558
24 141 49203
24 142 45145
24 143 56559
24 144 34664
24 145 28708
24 146 31752
24 147 35243
24 148 39061
24 149 13168
24 150 6296
24 151 40650
24 152 24825
24 153 41542
24 154 13796
24 155 11340
24 156 29394
24 157 16970
24 158 9291
24 159 35453
24 160 30574
24 161 17095
24 162 28594
24 163 -2542
24 164 10002
24 165 7630
24 166 39517
24 167 28588
24 168 52944
24 169 5526
24 170 10434
24 171 21009
24 172 39212
24 173 49879
24 174 49361
24 175 50902
24 176 20172
24 177 4857
24 178 28166
24 179 10182
24 180 18366
24 181 35032
24 182 37008
24 183 34579
24 184 11001
24 185 13164
24 186 22374
24 187 14523
24 188 25972
24 189 38435
24 190 31102
24 191 49690
24 192 48154
24 193 45574
24 194 40720
24 195 9546
24 196 10010
24 197 18247
24 198 15071
24 199 50388
24 200 30150
25 1 34164
25 2 28806
25 3 22630
25 4 3458
25 5 43288
25 6 40596
25 7 51562
25 8 55804
25 9 32699
25 10 48574
25 11 54958
25 12 15986
25 13 29649
25 14 42011
25 15 27231
25 16 46444
25 17 54037
25 18 44935
25 19 55630
25 20 44214
25 21 16788
25 22 17694
25 23 960
25 24 8910
25 26 18008
25 27 33211
25 28 26806
25 29 14906
25 30 39586
25 31 39241
25 32 48067
25 33 29678
25 34 25074
25 35 37460
25 36 64134
25 37 41773
25 38 49752
25 39 -5156
25 40 22939
25 41 19092
25 42 36751
25 43 34331
25 44 47520
25 45 53300
25 46 58469
25 47 57719
25 48 48262
25 49 64320
25 50 28474
25 51 35650
25 52 41966
25 53 27620
25 54 4622
25 55 744
25 56 10445
25 57 28405
25 58 26064
25 59 37345
25 60 48131
25 61 46945
25 62 49351
25 63 56878
25 64 53600
25 65 36574
25 66 36851
25 67 -5598
25 68 10943
25 69 37067
25 70 43311
25 71 38698
25 72 10383
25 73 17780
25 74 16849
25 75 10418
25 76 23272
25 77 21857
25 78 28423
25 79 20694
25 80 17310
25 81 25940
25 82 49882
25 83 49546
25 84 50682
25 85 37504
25 86 46047
25 87 29447
25 88 46860
25 89 38159
25 90 54916
25 91 48232
25 92 42206
25 93 40763
25 94 34496
25 95 35225
25 96 40836
25 97 35878
25 98 42110
25 99 43076
25 100 41399
25 101 39317
25 102 24519
25 103 37098
25 104 43278
25 105 22858
25 106 46637
25 107 57416
25 108 45563
25 109 14585
25 110 11423
25 111 26998
25 112 31330
25 113 48704
25 114 49836
25 115 25921
25 116 21609
25 117 36230
25 118 39398
25 119 47579
25 120 27084
25 121 15757
25 122 39052
25 123 54232
25 124 59717
25 125 50530
25 126 56325
25 127 41801
25 128 43606
25 129 25978
25 130 3347
25 131 47703
25 132 34135
25 133 14813
25 134 5414
25 135 34128
25 136 44258
25 137 30328
25 138 21992
25 139 2943
25 140 49529
25 141 46414
25 142 39661
25 143 64322
25 144 29708
25 145 20496
25 146 36589
25 147 36892
25 148 47491
25 149 13571
25 150 16311
25 151 38774
25 152 24075
25 153 47026
25 154 18796
25 155 3312
25 156 32306
25 157 29298
25 158 22075
25 159 44814
25 160 43104
25 161 31570
25 162 37733
25 163 9755
25 164 24919
25 165 1228
25 166 42325
25 167 35346
25 168 59709
25 169 20344
25 170 -4507
25 171 12731
25 172 34058
25 173 50016
25 174 53206
25 175 59937
25 176 29155
25 177 12012
25 178 22920
25 179 8689
25 180 17400
25 181 47282
25 182 44596
25 183 35145
25 184 20190
25 185 26759
25 186 9927
25 187 978
25 188 39521
25 189 48574
25 190 39121
25 191 46802
25 192 44282
25 193 43038
25 194 46994
25 195 11763
25 196 20435
25 197 9058
25 198 10077
25 199 53276
25 200 33691
26 1 15937
26 2 15057
26 3 13732
26 4 7600
26 5 22298
26 6 19365
26 7 29495
26 8 33525
26 9 23091
26 10 28964
26 11 34330
26 12 1844
26 13 10105
26 14 27077
26 15 18307
26 16 27845
26 17 33209
26 18 22617
26 19 34025
26 20 29970
26 21 6788
26 22 15333
26 23 9858
26 24 14526
26 25 15992
26 27 11297
26 28 5457
26 29 15355
26 30 22830
26 31 18628
26 32 30875
26 33 18911
26 34 22090
26 35 31773
26 36 41939
26 37 23699
26 38 35075
26 39 8841
26 40 4515
26 41 15867
26 42 22637
26 43 23849
26 44 30765
26 45 31427
26 46 36142
26 47 35524
26 48 26038
26 49 42713
26 50 13141
26 51 22703
26 52 19752
26 53 5599
26 54 4622
26 55 16451
26 56 15721
26 57 16653
26 58 6299
26 59 17903
26 60 26415
26 61 27335
26 62 28449
26 63 37823
26 64 33536
26 65 29475
26 66 24675
26 67 12571
26 68 4132
26 69 16958
26 70 24907
26 71 29886
26 72 6086
26 73 9605
26 74 13630
26 75 11476
26 76 8718
26 77 11179
26 78 23377
26 79 13207
26 80 11113
26 81 16500
26 82 27540
26 83 27567
26 84 29588
26 85 18546
26 86 27734
26 87 13202
26 88 25481
26 89 16021
26 90 36467
26 91 30175
26 92 23512
26 93 21252
26 94 14108
26 95 15906
26 96 20465
26 97 17798
26 98 23613
26 99 22996
26 100 23903
26 101 20205
26 102 10814
26 103 25931
26 104 23198
26 105 932
26 106 24424
26 107 36250
26 108 26454
26 109 3816
26 110 8204
26 111 7255
26 112 9416
26 113 28807
26 114 27565
26 115 13289
26 116 9949
26 117 17425
26 118 17829
26 119 31345
26 120 18714
26 121 14362
26 122 22652
26 123 32455
26 124 37395
26 125 28634
26 126 37152
26 127 20410
26 128 28766
26 129 19320
26 130 6790
26 131 31079
26 132 14116
26 133 13367
26 134 8092
26 135 28144
26 136 38170
26 137 12531
26 138 1992
26 139 15651
26 140 34565
26 141 28668
26 142 25780
26 143 42416
26 144 15566
26 145 13520
26 146 14321
26 147 15231
26 148 26356
26 149 -1611
26 150 10114
26 151 20080
26 152 4310
26 153 24722
26 154 -1204
26 155 7454
26 156 10027
26 157 16373
26 158 13177
26 159 24330
26 160 27095
26 161 21873
26 162 17853
26 163 12178
26 164 19704
26 165 14256
26 166 20245
26 167 13785
26 168 37543
26 169 16943
26 170 15811
26 171 7624
26 172 19930
26 173 29486
26 174 30974
26 175 38867
26 176 10263
26 177 5577
26 178 9860
26 179 2433
26 180 -932
26 181 29852
26 182 22920
26 183 14146
26 184 6370
26 185 17497
26 186 16993
26 187 15120
26 188 26181
26 189 28964
26 190 18023
26 191 29185
26 192 27923
26 193 25044
26 194 24840
26 195 -1265
26 196 7774
26 197 9058
26 198 2535
26 199 31259
26 200 11330
27 1 7338
27 2 21656
27 3 16320
27 4 21742
27 5 14659
27 6 13507
27 7 15507
27 8 21368
27 9 19752
27 10 16039
27 11 20473
27 12 10584
27 13 10105
27 14 27077
27 15 24507
27 16 23460
27 17 24832
27 18 10691
27 19 19883
27 20 21896
27 21 19149
27 22 26956
27 23 23243
27 24 24324
27 25 29687
27 26 9789
27 28 4103
27 29 21952
27 30 13032
27 31 5200
27 32 19613
27 33 17135
27 34 23615
27 35 29953
27 36 28096
27 37 21773
27 38 34003
27 39 22947
27 40 13255
27 41 26406
27 42 25061
27 43 27918
27 44 28572
27 45 20684
27 46 23483
27 47 21687
27 48 12265
27 49 28572
27 50 9916
27 51 17223
27 52 6092
27 53 6757
27 54 17177
27 55 29895
27 56 29310
27 57 22609
27 58 10486
27 59 14424
27 60 17105
27 61 21812
27 62 14544
27 63 24953
27 64 19837
27 65 25299
27 66 17336
27 67 26693
27 68 10943
27 69 5450
27 70 13829
27 71 25645
27 72 18777
27 73 21265
27 74 25756
27 75 24262
27 76 10211
27 77 14163
27 78 24810
27 79 14983
27 80 19288
27 81 14913
27 82 14248
27 83 17000
27 84 21205
27 85 14636
27 86 23027
27 87 15480
27 88 11412
27 89 6670
27 90 24202
27 91 27222
27 92 21364
27 93 16938
27 94 10684
27 95 13893
27 96 15655
27 97 17337
27 98 20938
27 99 18196
27 100 22159
27 101 8962
27 102 8041
27 103 20629
27 104 18398
27 105 7112
27 106 10665
27 107 22178
27 108 13887
27 109 14585
27 110 22226
27 111 2924
27 112 4218
27 113 22037
27 114 15538
27 115 20667
27 116 13940
27 117 16900
27 118 8982
27 119 29938
27 120 16676
27 121 20627
27 122 13871
27 123 18327
27 124 23896
27 125 17872
27 126 24224
27 127 6413
27 128 19872
27 129 21468
27 130 19868
27 131 20336
27 132 3360
27 133 25295
27 134 18739
27 135 26491
27 136 35528
27 137 15515
27 138 8172
27 139 29788
27 140 33260
27 141 25303
27 142 27645
27 143 28337
27 144 19848
27 145 22904
27 146 1672
27 147 7937
27 148 12368
27 149 12475
27 150 18289
27 151 17932
27 152 8497
27 153 11286
27 154 4976
27 155 21596
27 156 3703
27 157 13785
27 158 15765
27 159 10684
27 160 17225
27 161 17488
27 162 5594
27 163 21917
27 164 19704
27 165 27613
27 166 10066
27 167 -182
27 168 23665
27 169 20344
27 170 29870
27 171 19055
27 172 22895
27 173 22260
27 174 18972
27 175 24822
27 176 2256
27 177 15688
27 178 16655
27 179 16394
27 180 10721
27 181 17991
27 182 8778
27 183 9333
27 184 10190
27 185 17497
27 186 30572
27 187 29262
27 188 18761
27 189 16039
27 190 4203
27 191 26244
27 192 26725
27 193 22348
27 194 10965
27 195 11763
27 196 10483
27 197 22402
27 198 16070
27 199 20390
27 200 5150
28 1 8521
28 2 19537
28 3 11829
28 4 15481
28 5 19224
28 6 16829
28 7 22177
28 8 27764
28 9 18394
28 10 20918
28 11 26318
28 12 3993
28 13 10573
28 14 28504
28 15 22990
28 16 26799
28 17 29883
28 18 16904
28 19 26312
28 20 23254
28 21 14252
28 22 22628
28 23 17860
28 24 17993
28 25 23042
28 26 3709
28 27 3863
28 29 16420
28 30 15438
28 31 10579
28 32 23171
28 33 14711
28 34 20074
28 35 28025
28 36 34785
28 37 23792
28 38 36071
28 39 16811
28 40 9486
28 41 22689
28 42 25210
28 43 27492
28 44 30990
28 45 26629
28 46 30049
28 47 28381
28 48 18970
28 49 35016
28 50 7686
28 51 16891
28 52 12780
28 53 4748
28 54 10469
28 55 23215
28 56 23754
28 57 21020
28 58 8533
28 59 17018
28 60 22318
28 61 25574
28 62 20468
28 63 29798
28 64 25485
28 65 24672
28 66 18367
28 67 20500
28 68 5052
28 69 8940
28 70 17120
28 71 24922
28 72 13784
28 73 16791
28 74 21116
28 75 19263
28 76 5503
28 77 9331
28 78 21174
28 79 10990
28 80 13075
28 81 12523
28 82 20915
28 83 22787
28 84 26167
28 85 17618
28 86 26607
28 87 15415
28 88 17625
28 89 11507
28 90 28530
28 91 29845
28 92 23367
28 93 20013
28 94 12901
28 95 15641
28 96 18741
28 97 18493
28 98 23302
28 99 21385
28 100 24189
28 101 12320
28 102 5820
28 103 20373
28 104 21587
28 105 3003
28 106 17374
28 107 28356
28 108 18452
28 109 7905
28 110 16255
28 111 -24
28 112 6454
28 113 26443
28 114 21879
28 115 18233
28 116 8616
28 117 17911
28 118 14000
28 119 31988
28 120 14652
28 121 15140
28 122 15511
28 123 24848
28 124 30598
28 125 23816
28 126 29119
28 127 12535
28 128 21779
28 129 17364
28 130 13171
28 131 23516
28 132 6139
28 133 20801
28 134 12209
28 135 24445
28 136 34050
28 137 14760
28 138 1464
28 139 23558
28 140 35425
28 141 28224
28 142 28140
28 143 34918
28 144 18950
28 145 19713
28 146 7730
28 147 11894
28 148 18423
28 149 6185
28 150 12076
28 151 19935
28 152 6544
28 153 17961
28 154 -1732
28 155 15335
28 156 5922
28 157 11568
28 158 11274
28 159 16287
28 160 19766
28 161 16777
28 162 9826
28 163 15553
28 164 16798
28 165 20926
28 166 15531
28 167 5976
28 168 30352
28 169 15891
28 170 23381
28 171 14782
28 172 22737
28 173 26748
28 174 25337
28 175 30947
28 176 2771
28 177 9125
28 178 14495
28 179 9927
28 180 5776
28 181 22031
28 182 15232
28 183 12120
28 184 4677
28 185 14241
28 186 25028
28 187 22976
28 188 19739
28 189 20918
28 190 10052
28 191 28945
28 192 28636
28 193 24834
28 194 17665
28 195 5137
28 196 5538
28 197 17017
28 198 10512
28 199 26320
28 200 6475
29 1 20563
29 2 36944
29 3 5191
29 4 17228
29 5 42746
29 6 40169
29 7 42200
29 8 50198
29 9 11593
29 10 33894
29 11 40967
29 12 10425
29 13 32307
29 14 49544
29 15 39401
29 16 49754
29 17 53417
29 18 39736
29 19 43801
29 20 24803
29 21 25857
29 22 32549
29 23 21011
29 24 981
29 25 15654
29 26 18119
29 27 26224
29 28 20932
29 30 22416
29 31 27033
29 32 30236
29 33 10368
29 34 3112
29 35 15438
29 36 54068
29 37 45966
29 38 57547
29 39 15675
29 40 26855
29 41 34012
29 42 44978
29 43 45607
29 44 53130
29 45 49753
29 46 51817
29 47 48025
29 48 39176
29 49 51822
29 50 13744
29 51 16351
29 52 34562
29 53 26692
29 54 7345
29 55 16164
29 56 27976
29 57 38312
29 58 28699
29 59 39779
29 60 45807
29 61 48821
29 62 36530
29 63 40674
29 64 37994
29 65 14552
29 66 15927
29 67 16390
29 68 -1537
29 69 25629
29 70 28118
29 71 16962
29 72 23008
29 73 28583
29 74 30733
29 75 26498
29 76 11069
29 77 6960
29 78 6614
29 79 794
29 80 7509
29 81 5500
29 82 42312
29 83 46036
29 84 49702
29 85 40463
29 86 49636
29 87 35660
29 88 35706
29 89 35013
29 90 38307
29 91 52351
29 92 45679
29 93 42989
29 94 35726
29 95 37978
29 96 41868
29 97 40160
29 98 45758
29 99 44497
29 100 46240
29 101 25588
29 102 7951
29 103 16278
29 104 44699
29 105 22765
29 106 38303
29 107 44450
29 108 30114
29 109 11200
29 110 22085
29 111 17876
29 112 29756
29 113 49896
29 114 44451
29 115 34856
29 116 8953
29 117 39705
29 118 37523
29 119 53779
29 120 5715
29 121 -4447
29 122 22113
29 123 43121
29 124 51235
29 125 46941
29 126 40326
29 127 31504
29 128 24362
29 129 5601
29 130 9603
29 131 29451
29 132 22958
29 133 30057
29 134 1300
29 135 12118
29 136 22236
29 137 35003
29 138 17240
29 139 22592
29 140 57033
29 141 50838
29 142 48139
29 143 52886
29 144 37770
29 145 33247
29 146 30650
29 147 35393
29 148 35450
29 149 16043
29 150 6510
29 151 42247
29 152 26710
29 153 39525
29 154 14044
29 155 17082
29 156 29394
29 157 11882
29 158 4636
29 159 31289
29 160 24690
29 161 10170
29 162 24958
29 163 1738
29 164 2931
29 165 14339
29 166 38923
29 167 26410
29 168 49890
29 169 -1491
29 170 17481
29 171 25823
29 172 42237
29 173 50245
29 174 47821
29 175 46716
29 176 17116
29 177 6849
29 178 31604
29 179 14371
29 180 20997
29 181 29150
29 182 33810
29 183 35282
29 184 9332
29 185 7178
29 186 28587
29 187 21202
29 188 19536
29 189 33894
29 190 27951
29 191 51414
29 192 50359
29 193 47254
29 194 38257
29 195 12174
29 196 7358
29 197 23661
29 198 19449
29 199 49457
29 200 29983
30 1 7566
30 2 41946
30 3 16917
30 4 36178
30 5 31349
30 6 32906
30 7 19840
30 8 30671
30 9 6468
30 10 5423
30 11 11934
30 12 21699
30 13 30695
30 14 46923
30 15 45054
30 16 41444
30 17 39307
30 18 23975
30 19 16599
30 20 2041
30 21 37099
30 22 45582
30 23 39941
30 24 29265
30 25 40801
30 26 26061
30 27 17771
30 28 20417
30 29 22883
30 31 4593
30 32 909
30 33 10766
30 34 15569
30 35 15953
30 36 27508
30 37 41494
30 38 53097
30 39 37410
30 40 32444
30 41 45710
30 42 45574
30 43 48502
30 44 47566
30 45 32112
30 46 29377
30 47 22551
30 48 15365
30 49 23189
30 50 10789
30 51 3639
30 52 18949
30 53 26692
30 54 27935
30 55 40704
30 56 45752
30 57 43111
30 58 30684
30 59 33870
30 60 32844
30 61 39401
30 62 9574
30 63 10681
30 64 8010
30 65 7298
30 66 -2700
30 67 40539
30 68 16320
30 69 11512
30 70 2704
30 71 8824
30 72 36497
30 73 39753
30 74 43982
30 75 41880
30 76 16194
30 77 17316
30 78 18646
30 79 12383
30 80 26093
30 81 6655
30 82 21236
30 83 30500
30 84 36585
30 85 33407
30 86 40331
30 87 36074
30 88 12537
30 89 25027
30 90 8309
30 91 46243
30 92 41208
30 93 35783
30 94 30720
30 95 34025
30 96 34860
30 97 37651
30 98 40393
30 99 37124
30 100 41769
30 101 5340
30 102 5611
30 103 3867
30 104 37326
30 105 25932
30 106 18035
30 107 16167
30 108 746
30 109 25747
30 110 37909
30 111 14958
30 112 24685
30 113 37993
30 114 25738
30 115 40827
30 116 19383
30 117 37329
30 118 25137
30 119 49313
30 120 5368
30 121 21978
30 122 -908
30 123 17019
30 124 27334
30 125 29462
30 126 10368
30 127 12599
30 128 -672
30 129 18749
30 130 31038
30 131 754
30 132 10794
30 133 43701
30 134 26018
30 135 13227
30 136 19915
30 137 36100
30 138 22487
30 139 43980
30 140 52268
30 141 43763
30 142 48027
30 143 25146
30 144 40451
30 145 42649
30 146 20982
30 147 26896
30 148 10151
30 149 27768
30 150 25094
30 151 37776
30 152 28695
30 153 20627
30 154 19291
30 155 36032
30 156 24304
30 157 9899
30 158 16362
30 159 3696
30 160 -3251
30 161 1283
30 162 4890
30 163 27760
30 164 10002
30 165 38418
30 166 26116
30 167 12810
30 168 24393
30 169 17244
30 170 42249
30 171 37765
30 172 43476
30 173 38613
30 174 27933
30 175 18167
30 176 7807
30 177 24824
30 178 36938
30 179 30427
30 180 28728
30 181 127
30 182 9706
30 183 29135
30 184 17551
30 185 13164
30 186 46984
30 187 43151
30 188 -655
30 189 5423
30 190 7165
30 191 45030
30 192 46278
30 193 41536
30 194 17312
30 195 25358
30 196 15453
30 197 39345
30 198 32860
30 199 32912
30 200 25645
31 1 6961
31 2 33884
31 3 20704
31 4 33458
31 5 19501
31 6 22169
31 7 8659
31 8 19036
31 9 16766
31 10 3485
31 11 8347
31 12 20268
31 13 21313
31 14 35965
31 15 36163
31 16 29719
31 17 27268
31 18 11970
31 19 9488
31 20 14075
31 21 31716
31 22 39605
31 23 35705
31 24 31923
31 25 40321
31 26 21724
31 27 9804
31 28 15423
31 29 27365
31 30 4458
31 32 8077
31 33 17502
31 34 24206
31 35 26956
31 36 19591
31 37 30611
31 38 41617
31 39 34816
31 40 25904
31 41 38997
31 42 35586
31 43 38670
31 44 36130
31 45 20268
31 46 18802
31 47 13647
31 48 5205
31 49 17943
31 50 12787
31 51 13393
31 52 7397
31 53 19377
31 54 27293
31 55 40324
31 56 41674
31 57 34461
31 58 22926
31 59 22896
31 60 20935
31 61 27632
31 62 2669
31 63 12334
31 64 7460
31 65 19320
31 66 9148
31 67 38472
31 68 18097
31 69 5980
31 70 4915
31 71 20565
31 72 31339
31 73 33903
31 74 38386
31 75 36837
31 76 16660
31 77 19685
31 78 26174
31 79 17880
31 80 27230
31 81 14583
31 82 9821
31 83 18459
31 84 24573
31 85 22004
31 86 28431
31 87 26525
31 88 1412
31 89 14094
31 90 11907
31 91 34896
31 92 30481
31 93 24464
31 94 20368
31 95 23661
31 96 23841
31 97 27441
31 98 29341
31 99 25909
31 100 30757
31 101 2796
31 102 9646
31 103 15405
31 104 26111
31 105 19702
31 106 6193
31 107 10776
31 108 1526
31 109 24520
31 110 34279
31 111 11409
31 112 15274
31 113 25979
31 114 13922
31 115 32992
31 116 20618
31 117 27387
31 118 13270
31 119 38063
31 120 14934
31 121 26126
31 122 7569
31 123 8643
31 124 17349
31 125 17586
31 126 11596
31 127 1102
31 128 10921
31 129 24411
31 130 30245
31 131 9295
31 132 5872
31 133 37940
31 134 27324
31 135 23917
31 136 31452
31 137 27284
31 138 19015
31 139 41533
31 140 40756
31 141 32149
31 142 37713
31 143 18554
31 144 31367
31 145 35394
31 146 11548
31 147 16012
31 148 1048
31 149 24194
31 150 26231
31 151 27049
31 152 20937
31 153 8627
31 154 15819
31 155 33312
31 156 15489
31 157 14862
31 158 20149
31 159 -1738
31 160 7392
31 161 12767
31 162 -1283
31 163 29813
31 164 19199
31 165 38001
31 166 14374
31 167 3592
31 168 15497
31 169 23441
31 170 41072
31 171 31705
31 172 33754
31 173 26668
31 174 16444
31 175 13261
31 176 5433
31 177 24807
31 178 28877
31 179 27793
31 180 23232
31 181 5769
31 182 -552
31 183 18657
31 184 17662
31 185 19219
31 186 42946
31 187 40918
31 188 11385
31 189 3485
31 190 -4741
31 191 33542
31 192 35154
31 193 30277
31 194 5610
31 195 22804
31 196 16719
31 197 34840
31 198 28403
31 199 20904
31 200 17614
32 1 17402
32 2 50656
32 3 26945
32 4 46382
32 5 36127
32 6 39627
32 7 21686
32 8 32258
32 9 13400
32 10 5719
32 11 6842
32 12 31935
32 13 38577
32 14 53319
32 15 53347
32 16 46453
32 17 42413
32 18 28341
32 19 13531
32 20 5740
32 21 46798
32 22 55174
32 23 49984
32 24 39253
32 25 51085
32 26 35909
32 27 26155
32 28 29953
32 29 32506
32 30 2712
32 31 10015
32 33 20261
32 34 23180
32 35 20700
32 36 23713
32 37 48018
32 38 58587
32 39 47651
32 40 41727
32 41 55066
32 42 53030
32 43 56103
32 44 53196
32 45 34065
32 46 28642
32 47 20269
32 48 15008
32 49 17278
32 50 21084
32 51 12223
32 52 24751
32 53 35590
32 54 38231
32 55 50990
32 56 55798
32 57 51528
32 58 39462
32 59 40291
32 60 37488
32 61 44331
32 62 9005
32 63 2870
32 64 -681
32 65 7655
32 66 -3951
32 67 50823
32 68 26539
32 69 20261
32 70 10857
32 71 12059
32 72 46286
32 73 49340
32 74 53671
32 75 51726
32 76 26483
32 77 27538
32 78 27238
32 79 21988
32 80 36350
32 81 15500
32 82 22790
32 83 34062
32 84 40517
32 85 39158
32 86 44696
32 87 43871
32 88 15647
32 89 31545
32 90 1379
32 91 52074
32 92 47925
32 93 41697
32 94 37826
32 95 41123
32 96 41236
32 97 44897
32 98 46695
32 99 43219
32 100 48115
32 101 13913
32 102 15811
32 103 8938
32 104 43421
32 105 35251
32 106 21090
32 107 11946
32 108 -412
32 109 36012
32 110 47983
32 111 24715
32 112 32490
32 113 41750
32 114 27919
32 115 49655
32 116 29668
32 117 44802
32 118 29918
32 119 55276
32 120 12848
32 121 31737
32 122 9378
32 123 15304
32 124 26255
32 125 31574
32 126 3166
32 127 18566
32 128 -42
32 129 28261
32 130 41333
32 131 -6733
32 132 19847
32 133 53359
32 134 36220
32 135 18682
32 136 23217
32 137 44363
32 138 32432
32 139 54226
32 140 57695
32 141 49029
32 142 55177
32 143 20332
32 144 48584
32 145 51774
32 146 28660
32 147 33459
32 148 11545
32 149 37795
32 150 35351
32 151 44493
32 152 37473
32 153 24205
32 154 29236
32 155 46236
32 156 32435
32 157 19964
32 158 26390
32 159 3114
32 160 -3420
32 161 5868
32 162 12594
32 163 37875
32 164 17345
32 165 48707
32 166 31353
32 167 20426
32 168 22205
32 169 26389
32 170 52545
32 171 47314
32 172 51154
32 173 42935
32 174 29022
32 175 13504
32 176 17541
32 177 35118
32 178 45655
32 179 40610
32 180 38334
32 181 -10169
32 182 11009
32 183 36120
32 184 27840
32 185 22722
32 186 57045
32 187 53413
32 188 2494
32 189 5719
32 190 12670
32 191 50576
32 192 52446
32 193 47516
32 194 20079
32 195 35520
32 196 25743
32 197 49292
32 198 42777
32 199 35904
32 200 34150
33 1 8890
33 2 38013
33 3 2984
33 4 25520
33 5 36207
33 6 34974
33 7 30540
33 8 40121
33 9 -286
33 10 19775
33 11 26786
33 12 12036
33 13 29762
33 14 47660
33 15 41478
33 16 45044
33 17 46011
33 18 30805
33 19 30432
33 20 10234
33 21 29773
33 22 38088
33 23 29975
33 24 14719
33 25 27807
33 26 19056
33 27 18788
33 28 16604
33 29 7749
33 30 7680
33 31 14551
33 32 15372
33 34 2443
33 35 8817
33 36 41132
33 37 42740
33 38 55084
33 39 26018
33 40 27411
33 41 38997
33 42 44384
33 43 46475
33 44 49827
33 45 40656
33 46 40684
33 47 35479
33 48 27205
33 49 37910
33 50 3834
33 51 1630
33 52 25062
33 53 23938
33 54 15925
33 55 27814
33 56 36023
33 57 39626
33 58 27514
33 59 35685
33 60 38380
33 61 43443
33 62 23063
33 63 25934
33 64 23264
33 65 6066
33 66 2867
33 67 28310
33 68 3261
33 69 14933
33 70 14196
33 71 6528
33 72 28441
33 73 32706
33 74 36224
33 75 33255
33 76 6839
33 77 4915
33 78 4174
33 79 -2769
33 80 13372
33 81 -6672
33 82 31386
33 83 37572
33 84 42530
33 85 36097
33 86 44655
33 87 34595
33 88 23412
33 89 28280
33 90 23534
33 91 48551
33 92 42299
33 93 38415
33 94 31670
33 95 34623
33 96 37095
33 97 37639
33 98 42110
33 99 39690
33 100 43151
33 101 12796
33 102 -3602
33 103 3260
33 104 39892
33 105 21486
33 106 27401
33 107 30615
33 108 15692
33 109 15226
33 110 28451
33 111 11409
33 112 25006
33 113 43569
33 114 34653
33 115 36458
33 116 7956
33 117 37061
33 118 30375
33 119 50976
33 120 -4538
33 121 7007
33 122 7569
33 123 30168
33 124 39349
33 125 37884
33 126 25633
33 127 20324
33 128 9740
33 129 3519
33 130 18943
33 131 14612
33 132 12807
33 133 35921
33 134 12429
33 135 5236
33 136 14940
33 137 33887
33 138 15780
33 139 32616
33 140 54400
33 141 46776
33 142 47341
33 143 39395
33 144 37919
33 145 36911
33 146 23208
33 147 29540
33 148 22500
33 149 19298
33 150 12373
33 151 38867
33 152 25525
33 153 29177
33 154 12584
33 155 25374
33 156 24285
33 157 -637
33 158 2429
33 159 17553
33 160 9854
33 161 -1375
33 162 12622
33 163 13693
33 164 -1906
33 165 25639
33 166 31283
33 167 16887
33 168 37317
33 169 2033
33 170 29572
33 171 30620
33 172 41869
33 173 43801
33 174 37684
33 175 32769
33 176 7187
33 177 12918
33 178 32904
33 179 20390
33 180 22453
33 181 14327
33 182 21409
33 183 30588
33 184 7559
33 185 -2036
33 186 37073
33 187 31563
33 188 5357
33 189 19775
33 190 16110
33 191 47624
33 192 47663
33 193 43606
33 194 27089
33 195 15939
33 196 4556
33 197 30368
33 198 24449
33 199 40627
33 200 24909
34 1 21260
34 2 47071
34 3 9846
34 4 29859
34 5 48200
34 6 46535
34 7 42756
34 8 52483
34 9 2648
34 10 30778
34 11 37416
34 12 19773
34 13 40392
34 14 58289
34 15 50185
34 16 56636
34 17 58209
34 18 43125
34 19 41848
34 20 17331
34 21 37099
34 22 44577
34 23 33922
34 24 13910
34 25 28631
34 26 27663
34 27 30696
34 28 27395
34 29 5921
34 30 17911
34 31 26683
34 32 23719
34 33 7871
34 35 2614
34 36 52706
34 37 53782
34 38 66007
34 39 28700
34 40 36495
34 41 45898
34 42 54392
34 43 55864
34 44 60989
34 45 53015
34 46 52915
34 47 47311
34 48 39291
34 49 48676
34 50 15722
34 51 10698
34 52 37398
34 53 34415
34 54 19783
34 55 29200
34 56 40666
34 57 48652
34 58 37462
34 59 46988
34 60 50524
34 61 55194
34 62 34559
34 63 35367
34 64 32404
34 65 1699
34 66 5572
34 67 29309
34 68 8277
34 69 27290
34 70 25722
34 71 5300
34 72 34897
34 73 39984
34 74 42699
34 75 38879
34 76 16685
34 77 12886
34 78 1174
34 79 2204
34 80 18200
34 81 550
34 82 43694
34 83 49870
34 84 54666
34 85 47539
34 86 56358
34 87 44719
34 88 35527
34 89 40203
34 90 32963
34 91 59834
34 92 53363
34 93 49896
34 94 42883
34 95 45631
34 96 48583
34 97 48364
34 98 53300
34 99 51213
34 100 54172
34 101 24956
34 102 8486
34 103 7029
34 104 51415
34 105 31287
34 106 39734
34 107 41634
34 108 26239
34 109 21754
34 110 34157
34 111 22779
34 112 36323
34 113 55578
34 114 47022
34 115 45246
34 116 16016
34 117 47791
34 118 42471
34 119 61953
34 120 -3205
34 121 6895
34 122 18573
34 123 41873
34 124 51428
34 125 50241
34 126 35266
34 127 32672
34 128 16772
34 129 7015
34 130 22310
34 131 22572
34 132 25112
34 133 42189
34 134 14174
34 135 -433
34 136 9359
34 137 43936
34 138 25276
34 139 35580
34 140 65383
34 141 58183
34 142 57475
34 143 50589
34 144 47504
34 145 44610
34 146 35184
34 147 41272
34 148 34340
34 149 26689
34 150 17201
34 151 49931
34 152 35473
34 153 41542
34 154 22080
34 155 29713
34 156 35653
34 157 11568
34 158 9291
34 159 28865
34 160 18062
34 161 -386
34 162 24859
34 163 14682
34 164 -8596
34 165 27373
34 166 43433
34 167 29184
34 168 49145
34 169 -200
34 170 30422
34 171 37552
34 172 51750
34 173 55801
34 174 50040
34 175 43658
34 176 19403
34 177 18066
34 178 41859
34 179 26151
34 180 30997
34 181 21731
34 182 33439
34 183 41992
34 184 16403
34 185 6316
34 186 41386
34 187 34218
34 188 11220
34 189 30778
34 190 28378
34 191 58932
34 192 58584
34 193 54831
34 194 39393
34 195 22890
34 196 13463
34 197 35967
34 198 31061
34 199 52963
34 200 36206
35 1 23724
35 2 54226
35 3 17245
35 4 39164
35 5 51703
35 6 51027
35 7 43020
35 8 53574
35 9 902
35 10 28800
35 11 34318
35 12 27469
35 13 46150
35 14 64021
35 15 57628
35 16 60971
35 17 60951
35 18 45430
35 19 39859
35 20 12970
35 21 45254
35 22 53204
35 23 43463
35 24 23977
35 25 38675
35 26 35004
35 27 34692
35 28 33004
35 29 15905
35 30 15953
35 31 27091
35 32 18897
35 33 11903
35 34 272
35 36 50713
35 37 59014
35 38 71356
35 39 38495
35 40 43585
35 41 54357
35 42 60781
35 43 62804
35 44 66023
35 45 54686
35 46 52852
35 47 46033
35 48 38867
35 49 45340
35 50 20107
35 51 10071
35 52 39738
35 53 40339
35 54 29077
35 55 39138
35 56 49958
35 57 55849
35 58 43884
35 59 51858
35 60 53602
35 61 59231
35 62 33072
35 63 31092
35 64 27255
35 65 -8463
35 66 -2386
35 67 39402
35 68 16845
35 69 29793
35 70 25218
35 71 -3256
35 72 43490
35 73 48191
35 74 51309
35 75 47845
35 76 22995
35 77 20081
35 78 9327
35 79 9602
35 80 26937
35 81 4101
35 82 44322
35 83 52223
35 84 57702
35 85 52165
35 86 60446
35 87 50993
35 88 35629
35 89 44008
35 90 28969
35 91 64705
35 92 58574
35 93 54470
35 94 47911
35 95 50927
35 96 53172
35 97 54004
35 98 58324
35 99 55730
35 100 59425
35 101 25865
35 102 12658
35 103 2263
35 104 55932
35 105 37813
35 106 40708
35 107 39015
35 108 23666
35 109 30038
35 110 42994
35 111 27743
35 112 41241
35 113 58952
35 114 48397
35 115 52592
35 116 23312
35 117 53429
35 118 45705
35 119 67249
35 120 -2529
35 121 16575
35 122 17958
35 123 40508
35 124 50864
35 125 51970
35 126 31229
35 127 34100
35 128 11812
35 129 14836
35 130 31776
35 131 17573
35 132 28053
35 133 50909
35 134 23875
35 135 -6741
35 136 -783
35 137 50276
35 138 31978
35 139 45293
35 140 70652
35 141 62837
35 142 63742
35 143 47927
35 144 54261
35 145 52647
35 146 38970
35 147 45460
35 148 33634
35 149 34708
35 150 25938
35 151 55142
35 152 41895
35 153 42939
35 154 28782
35 155 39018
35 156 40517
35 157 15606
35 158 16690
35 159 27143
35 160 13771
35 161 -6528
35 162 25899
35 163 24475
35 164 -4140
35 165 37240
35 166 46545
35 167 31966
35 168 47881
35 169 9213
35 170 40498
35 171 45957
35 172 58255
35 173 59247
35 174 50978
35 175 40833
35 176 22840
35 177 26823
35 178 49091
35 179 34893
35 180 38425
35 181 15607
35 182 33113
35 183 46744
35 184 23368
35 185 12136
35 186 50792
35 187 43997
35 188 6156
35 189 28800
35 190 29272
35 191 63753
35 192 63959
35 193 59793
35 194 40150
35 195 31071
35 196 20300
35 197 44909
35 198 39535
35 199 55009
35 200 41187
36 1 37043
36 2 52859
36 3 50786
36 4 59858
36 5 24994
36 6 37167
36 7 18070
36 8 14977
36 9 44468
36 10 23423
36 11 10000
36 12 48893
36 13 39116
36 14 42683
36 15 50869
36 16 32236
36 17 23359
36 18 22598
36 19 4599
36 20 38260
36 21 55516
36 22 61280
36 23 59313
36 24 61689
36 25 68257
36 26 48078
36 27 35743
36 28 42672
36 29 57443
36 30 30416
36 31 22634
36 32 24818
36 33 47126
36 34 53272
36 35 53621
36 37 40636
36 38 42987
36 39 60696
36 40 49106
36 41 59072
36 42 47780
36 43 49766
36 44 40060
36 45 13976
36 46 1527
36 47 -2487
36 48 806
36 49 -2795
36 50 42864
36 51 41462
36 52 27780
36 53 42990
36 54 55715
36 55 68482
36 56 66059
36 57 51053
36 58 44533
36 59 33870
36 60 28148
36 61 31157
36 62 15540
36 63 21441
36 64 -821
36 65 41857
36 66 30254
36 67 64416
36 68 47859
36 69 35506
36 70 32932
36 71 45615
36 72 54880
36 73 56675
36 74 60983
36 75 59957
36 76 46398
36 77 49674
36 78 55714
36 79 47868
36 80 56769
36 81 43839
36 82 11443
36 83 21729
36 84 25937
36 85 28960
36 86 27062
36 87 41789
36 88 21710
36 89 31029
36 90 26740
36 91 41234
36 92 42102
36 93 32988
36 94 35677
36 95 37745
36 96 35858
36 97 41143
36 98 38643
36 99 36149
36 100 39300
36 101 32699
36 102 39668
36 103 41378
36 104 36351
36 105 44347
36 106 18035
36 107 8269
36 108 20595
36 109 53024
36 110 60013
36 111 40136
36 112 35585
36 113 23624
36 114 13042
36 115 52252
36 116 50399
36 117 42766
36 118 20556
36 119 43380
36 120 43287
36 121 56195
36 122 35598
36 123 7150
36 124 4349
36 125 12362
36 126 21353
36 127 27442
36 128 33305
36 129 54387
36 130 58448
36 131 27406
36 132 35278
36 133 59945
36 134 56698
36 135 51098
36 136 56877
36 137 45682
36 138 46731
36 139 67755
36 140 42000
36 141 35070
36 142 48027
36 143 -5082
36 144 47353
36 145 54840
36 146 35130
36 147 31366
36 148 17877
36 149 50819
36 150 55770
36 151 38670
36 152 42544
36 153 20627
36 154 43535
36 155 59712
36 156 37838
36 157 44788
36 158 50231
36 159 13681
36 160 29220
36 161 38707
36 162 28799
36 163 59458
36 164 47873
36 165 66199
36 166 26116
36 167 30232
36 168 1198
36 169 53372
36 170 68226
36 171 53627
36 172 47208
36 173 28669
36 174 8532
36 175 10346
36 176 35208
36 177 53841
36 178 47655
36 179 54836
36 180 47859
36 181 14890
36 182 11583
36 183 34325
36 184 47190
36 185 49071
36 186 67200
36 187 67317
36 188 35523
36 189 23423
36 190 22755
36 191 37864
36 192 41725
36 193 37352
36 194 17312
36 195 50339
36 196 46560
36 197 59042
36 198 53356
36 199 21469
36 200 41550
37 1 32326
37 2 13953
37 3 38716
37 4 28458
37 5 3478
37 6 10545
37 7 27479
37 8 21269
37 9 44619
37 10 36654
37 11 36318
37 12 28314
37 13 5474
37 14 2201
37 15 7180
37 16 1444
37 17 11237
37 18 15691
37 19 31910
37 20 46448
37 21 21788
37 22 22259
37 23 21011
37 24 41344
37 25 38631
37 26 22573
37 27 22155
37 28 24414
37 29 42076
37 30 37137
37 31 26389
37 32 41858
37 33 41469
37 34 47083
37 35 54657
37 36 33371
37 38 9118
37 39 26202
37 40 18060
37 41 18226
37 42 3922
37 43 6284
37 44 4005
37 45 14419
37 46 22814
37 47 28249
37 48 19962
37 49 38261
37 50 34208
37 51 42221
37 52 21590
37 53 17785
37 54 30659
37 55 40243
37 56 29979
37 57 8871
37 58 13538
37 59 -2713
37 60 12449
37 61 2738
37 62 31659
37 63 44367
37 64 34997
37 65 50298
37 66 41904
37 67 28605
37 68 30625
37 69 30076
37 70 37516
37 71 50641
37 72 19239
37 73 20754
37 74 23527
37 75 22424
37 76 32470
37 77 36139
37 78 48184
37 79 37974
37 80 37887
37 81 39295
37 82 20517
37 83 13815
37 84 9786
37 85 -7065
37 86 1139
37 87 639
37 88 28970
37 89 12529
37 90 45177
37 91 3321
37 92 1988
37 93 -1935
37 94 4093
37 95 1428
37 96 4550
37 97 965
37 98 -2487
37 99 3678
37 100 -2816
37 101 33031
37 102 32410
37 103 45624
37 104 3880
37 105 18293
37 106 22032
37 107 36077
37 108 34943
37 109 30740
37 110 28403
37 111 26267
37 112 11553
37 113 4307
37 114 15860
37 115 13138
37 116 35186
37 117 5728
37 118 3011
37 119 5009
37 120 41289
37 121 40966
37 122 38532
37 123 30048
37 124 28525
37 125 12005
37 126 43612
37 127 26711
37 128 44038
37 129 44318
37 130 32087
37 131 43132
37 132 28275
37 133 21199
37 134 34825
37 135 51131
37 136 60409
37 137 9433
37 138 26147
37 139 34452
37 140 8435
37 141 1772
37 142 4589
37 143 36405
37 144 5533
37 145 14110
37 146 20982
37 147 8131
37 148 29695
37 149 23903
37 150 36888
37 151 -1444
37 152 11549
37 153 21440
37 154 22951
37 155 28312
37 156 16483
37 157 38183
37 158 38161
37 159 29119
37 160 40909
37 161 42481
37 162 29032
37 163 39056
37 164 43771
37 165 38418
37 166 11537
37 167 22641
37 168 30779
37 169 42662
37 170 35800
37 171 15595
37 172 3655
37 173 7469
37 174 17232
37 175 38924
37 176 27193
37 177 32503
37 178 8179
37 179 26929
37 180 18366
37 181 38839
37 182 23454
37 183 5937
37 184 31246
37 185 41234
37 186 30501
37 187 34218
37 188 43464
37 189 36654
37 190 24646
37 191 2261
37 192 1733
37 193 -1849
37 194 22858
37 195 25358
37 196 32371
37 197 23661
37 198 21066
37 199 17001
37 200 21363
38 1 53372
38 2 30967
38 3 59735
38 4 45660
38 5 19224
38 6 31381
38 7 44913
38 8 34517
38 9 65798
38 10 55838
38 11 53165
38 12 48856
38 13 26310
38 14 2201
38 15 14152
38 16 7255
38 17 18209
38 18 33770
38 19 47501
38 20 67081
38 21 39508
38 22 35644
38 23 32932
38 24 60992
38 25 55478
38 26 42817
38 27 43253
38 28 45561
38 29 62525
38 30 57608
38 31 46263
38 32 61295
38 33 62681
38 34 68176
38 35 75867
38 36 44590
38 37 17986
38 39 40854
38 40 37755
38 41 29726
38 42 15226
38 43 7132
38 44 4005
38 45 24630
38 46 32632
38 47 41390
38 48 34881
38 49 51269
38 50 55421
38 51 63303
38 52 41457
38 53 38768
38 54 49851
38 55 57867
38 56 44531
38 57 22342
38 58 33893
38 59 18003
38 60 29516
38 61 14042
38 62 49752
38 63 62546
38 64 50469
38 65 71326
38 66 62483
38 67 41269
38 68 51213
38 69 50972
38 70 57912
38 71 71724
38 72 35361
38 73 37371
38 74 38374
38 75 36467
38 76 53558
38 77 57136
38 78 69284
38 79 59050
38 80 58283
38 81 60507
38 82 36232
38 83 29029
38 84 22256
38 85 8711
38 86 -1948
38 87 18813
38 88 47890
38 89 32994
38 90 64138
38 91 15427
38 92 23202
38 93 16615
38 94 25287
38 95 22611
38 96 25073
38 97 21478
38 98 17359
38 99 23485
38 100 12741
38 101 53655
38 102 53623
38 103 66650
38 104 23687
38 105 38944
38 106 39957
38 107 52200
38 108 54176
38 109 50908
38 110 46090
38 111 47477
38 112 32757
38 113 8496
38 114 30107
38 115 29540
38 116 56114
38 117 26537
38 118 20132
38 119 6424
38 120 62501
38 121 61509
38 122 59306
38 123 45983
38 124 41445
38 125 22862
38 126 61835
38 127 46718
38 128 64431
38 129 65366
38 130 50833
38 131 62821
38 132 49283
38 133 34646
38 134 54423
38 135 72343
38 136 81588
38 137 29173
38 138 46992
38 139 50051
38 140 -11083
38 141 4332
38 142 11302
38 143 48918
38 144 21279
38 145 27005
38 146 41927
38 147 28732
38 148 48192
38 149 43548
38 150 57284
38 151 19770
38 152 31904
38 153 39501
38 154 43796
38 155 45514
38 156 37689
38 157 59397
38 158 59180
38 159 47600
38 160 61077
38 161 63574
38 162 49512
38 163 58871
38 164 64954
38 165 56311
38 166 30392
38 167 43356
38 168 44293
38 169 63584
38 170 51070
38 171 30407
38 172 16907
38 173 19197
38 174 28865
38 175 55030
38 176 48333
38 177 52608
38 178 24608
38 179 45849
38 180 38013
38 181 57380
38 182 41315
38 183 27010
38 184 52199
38 185 62404
38 186 44315
38 187 49809
38 188 64186
38 189 55838
38 190 44501
38 191 7609
38 192 7377
38 193 11832
38 194 40720
38 195 45213
38 196 53392
38 197 39345
38 198 38928
38 199 31037
38 200 42576
39 1 38114
39 2 24151
39 3 29081
39 4 2892
39 5 40764
39 6 38722
39 7 52651
39 8 55019
39 9 39728
39 10 52027
39 11 57718
39 12 19853
39 13 26990
39 14 36065
39 15 19958
39 16 42080
39 17 51080
39 18 44517
39 19 57394
39 20 50052
39 21 13788
39 22 10466
39 23 -8466
39 24 17447
39 25 3065
39 26 19078
39 27 34692
39 28 28796
39 29 23148
39 30 44416
39 31 41957
39 32 52854
39 33 36110
39 34 33364
39 35 45501
39 36 64794
39 37 37565
39 38 43349
39 40 21298
39 41 11354
39 42 30978
39 43 27100
39 44 42229
39 45 51548
39 46 57791
39 47 58420
39 48 48922
39 49 66056
39 50 33360
39 51 41716
39 52 42825
39 53 27370
39 54 9843
39 55 8540
39 56 3023
39 57 22449
39 58 24235
39 59 33968
39 60 46432
39 61 43271
39 62 51861
39 63 60733
39 64 56835
39 65 44526
39 66 43473
39 67 -10832
39 68 17214
39 69 40051
39 70 47353
39 71 46116
39 72 5545
39 73 13330
39 74 10637
39 75 3105
39 76 28022
39 77 27695
39 78 36186
39 79 27699
39 80 23393
39 81 32797
39 82 50067
39 83 48142
39 84 48128
39 85 33585
39 86 41335
39 87 24951
39 88 48910
39 89 37423
39 90 59084
39 91 43763
39 92 38454
39 93 37274
39 94 32035
39 95 32025
39 96 38123
39 97 32005
39 98 38075
39 99 40057
39 100 36782
39 101 42937
39 102 29999
39 103 43830
39 104 40259
39 105 22839
39 106 47415
39 107 59680
39 108 49327
39 109 18672
39 110 10115
39 111 29985
39 112 30502
39 113 45011
39 114 49055
39 115 20977
39 116 26994
39 117 32897
39 118 37523
39 119 42121
39 120 34349
39 121 23620
39 122 43952
39 123 55768
39 124 59954
39 125 48835
39 126 60104
39 127 43840
39 128 49279
39 129 33172
39 130 8581
39 131 52732
39 132 37149
39 133 7484
39 134 12837
39 135 42062
39 136 52296
39 137 26999
39 138 24451
39 139 -1705
39 140 43243
39 141 41581
39 142 33590
39 143 65608
39 144 24503
39 145 13734
39 146 37407
39 147 35442
39 148 49784
39 149 14783
39 150 22394
39 151 35022
39 152 22246
39 153 47508
39 154 21255
39 155 2746
39 156 32206
39 157 35051
39 158 28526
39 159 47669
39 160 48334
39 161 38707
39 162 40919
39 163 17545
39 164 32842
39 165 8394
39 166 41299
39 167 37215
39 168 60493
39 169 28240
39 170 -4265
39 171 6626
39 172 28450
39 173 46973
39 174 52212
39 175 62298
39 176 32720
39 177 17368
39 178 17973
39 179 10496
39 180 16619
39 181 52033
39 182 46295
39 183 33133
39 184 24922
39 185 33464
39 186 1386
39 187 -3093
39 188 45668
39 189 52027
39 190 41438
39 191 41977
39 192 38967
39 193 38581
39 194 47915
39 195 14326
39 196 25679
39 197 3687
39 198 8048
39 199 51892
39 200 34121
40 1 20542
40 2 8090
40 3 20704
40 4 9269
40 5 17793
40 6 15176
40 7 29495
40 8 31175
40 9 29547
40 10 31824
40 11 36039
40 12 8915
40 13 4294
40 14 20176
40 15 11513
40 16 21858
40 17 28564
40 18 20691
40 19 34611
40 20 35281
40 21 3859
40 22 11144
40 23 7932
40 24 20836
40 25 19126
40 26 2718
40 27 12966
40 28 9437
40 29 22294
40 30 27416
40 31 21011
40 32 34896
40 33 25469
40 34 29125
40 35 38557
40 36 41170
40 37 17389
40 38 28216
40 39 9264
40 41 10783
40 42 15594
40 43 16824
40 44 24204
40 45 28016
40 46 33945
40 47 34855
40 48 25389
40 49 43079
40 50 19111
40 51 28624
40 52 19752
40 53 4245
40 54 10044
40 55 20225
40 56 14408
40 57 9713
40 58 573
40 59 12190
40 60 22829
40 61 21812
40 62 30123
40 63 40750
40 64 35475
40 65 35957
40 66 30325
40 67 12870
40 68 11179
40 69 20374
40 70 28849
40 71 36275
40 72 3346
40 73 5511
40 74 10017
40 75 8703
40 76 15304
40 77 18119
40 78 30379
40 79 20175
40 80 18075
40 81 23150
40 82 26360
40 83 24423
40 84 25187
40 85 12650
40 86 21688
40 87 6285
40 88 26826
40 89 13579
40 90 39860
40 91 23932
40 92 17408
40 93 15616
40 94 9015
40 95 10058
40 96 15381
40 97 11390
40 98 17477
40 99 17703
40 100 17443
40 101 23962
40 102 17030
40 103 32022
40 104 17905
40 105 932
40 106 24082
40 107 37390
40 108 29605
40 109 10622
40 110 9092
40 111 11978
40 112 6676
40 113 23496
40 114 25208
40 115 6495
40 116 16911
40 117 11265
40 118 14021
40 119 24657
40 120 25372
40 121 21356
40 122 27548
40 123 32832
40 124 36218
40 125 25269
40 126 40026
40 127 22059
40 128 33819
40 129 26322
40 130 11559
40 131 35369
40 132 17747
40 133 9497
40 134 14285
40 135 34932
40 136 44866
40 137 5811
40 138 8172
40 139 16604
40 140 27742
40 141 22380
40 142 18746
40 143 42320
40 144 8495
40 145 7672
40 146 14635
40 147 11684
40 148 27881
40 149 3327
40 150 17076
40 151 13976
40 152 -1416
40 153 24006
40 154 4976
40 155 9123
40 156 8780
40 157 22683
40 158 20149
40 159 26430
40 160 31749
40 161 28192
40 162 21070
40 163 18624
40 164 26631
40 165 18251
40 166 17460
40 167 15594
40 168 36977
40 169 24012
40 170 17641
40 171 3244
40 172 12874
40 173 24582
40 174 28402
40 175 40099
40 176 14795
40 177 12300
40 178 2951
40 179 6413
40 180 -2242
40 181 33557
40 182 23680
40 183 9680
40 184 13218
40 185 24291
40 186 15579
40 187 16268
40 188 31718
40 189 31824
40 190 19949
40 191 22837
40 192 21236
40 193 18767
40 194 24673
40 195 4915
40 196 14606
40 197 7389
40 198 1992
40 199 28174
40 200 11330
41 1 38533
41 2 10863
41 3 35866
41 4 11843
41 5 27766
41 6 27966
41 7 45780
41 8 44355
41 9 46039
41 10 49765
41 11 53350
41 12 23893
41 13 15927
41 14 18187
41 15 1318
41 16 25984
41 17 36775
41 18 35352
41 19 51080
41 20 53048
41 21 10130
41 22 -424
41 23 -3915
41 24 30145
41 25 20051
41 26 18842
41 27 30889
41 28 27412
41 29 34223
41 30 45454
41 31 38876
41 32 53007
41 33 41827
41 34 43300
41 35 54101
41 36 55908
41 37 22327
41 38 24959
41 39 4092
41 40 15555
41 42 13660
41 43 8437
41 44 24968
41 45 39123
41 46 46807
41 47 49943
41 48 40740
41 49 59092
41 50 36335
41 51 45897
41 52 36548
41 53 22052
41 54 19207
41 55 23539
41 56 8106
41 57 5629
41 58 16375
41 59 20183
41 60 34928
41 61 28276
41 62 47532
41 63 58659
41 64 52805
41 65 52296
41 66 47859
41 67 4349
41 68 24847
41 69 38481
41 70 46958
41 71 52853
41 72 2240
41 73 6765
41 74 3812
41 75 122
41 76 31762
41 77 33558
41 78 45021
41 79 35232
41 80 31181
41 81 39265
41 82 41318
41 83 36824
41 84 34778
41 85 18480
41 86 24574
41 87 10197
41 88 44172
41 89 28623
41 90 57907
41 91 27769
41 92 24160
41 93 23004
41 94 20485
41 95 19067
41 96 25554
41 97 17889
41 98 23025
41 99 26747
41 100 20757
41 101 42073
41 102 33977
41 103 49089
41 104 26949
41 105 19019
41 106 40190
41 107 54299
41 108 47615
41 109 24057
41 110 14030
41 111 29853
41 112 22587
41 113 29642
41 114 38549
41 115 7463
41 116 32351
41 117 20044
41 118 25738
41 119 24724
41 120 41411
41 121 33864
41 122 45486
41 123 49188
41 124 50749
41 125 36556
41 126 57921
41 127 39699
41 128 51720
41 129 41127
41 130 19060
41 131 53468
41 132 35857
41 133 -1658
41 134 24015
41 135 50487
41 136 60677
41 137 15295
41 138 25152
41 139 13921
41 140 24931
41 141 24858
41 142 15752
41 143 57874
41 144 8775
41 145 -3118
41 146 32036
41 147 25363
41 148 45262
41 149 16623
41 150 30182
41 151 20728
41 152 14386
41 153 39837
41 154 21956
41 155 11697
41 156 25838
41 157 39495
41 158 35311
41 159 44066
41 160 49783
41 161 44911
41 162 39147
41 163 28867
41 164 41650
41 165 22477
41 166 31311
41 167 33425
41 168 52212
41 169 37802
41 170 14410
41 171 -3080
41 172 11523
41 173 32870
41 174 41022
41 175 57063
41 176 32784
41 177 24774
41 178 4057
41 179 15842
41 180 13622
41 181 51640
41 182 40553
41 183 22323
41 184 29146
41 185 40058
41 186 7430
41 187 13605
41 188 49336
41 189 49765
41 190 37666
41 191 25340
41 192 21816
41 193 22664
41 194 40905
41 195 18087
41 196 30497
41 197 4561
41 198 8280
41 199 40442
41 200 29012
42 1 37240
42 2 10739
42 3 40981
42 4 25474
42 5 12423
42 6 17393
42 7 35689
42 8 30204
42 9 48608
42 10 43797
42 11 44469
42 12 29486
42 13 8612
42 14 241
42 15 -1628
42 16 7569
42 17 19382
42 18 23975
42 19 40435
42 20 51979
42 21 19260
42 22 16428
42 23 14712
42 24 40921
42 25 35404
42 26 23306
42 27 27238
42 28 27627
42 29 42883
42 30 43012
42 31 33159
42 32 48665
42 33 44908
42 34 49488
42 35 58219
42 36 42310
42 37 5717
42 38 8153
42 39 21410
42 40 18060
42 41 11354
42 43 -1924
42 44 6341
42 45 23238
42 46 31717
42 47 37121
42 48 28690
42 49 47083
42 50 37905
42 51 46774
42 52 28693
42 53 20559
42 54 29701
42 55 37660
42 56 25023
42 57 2449
42 58 14889
42 59 5533
42 60 21218
42 61 10765
42 62 39449
42 63 51949
42 64 43398
42 65 54788
42 66 47413
42 67 22835
42 68 31788
42 69 35506
42 70 43584
42 71 55036
42 72 15289
42 73 17183
42 74 18624
42 75 17080
42 76 35120
42 77 38365
42 78 50663
42 79 40410
42 80 38683
42 81 42702
42 82 29197
42 83 22713
42 84 18595
42 85 1269
42 86 5895
42 87 -396
42 88 36462
42 89 19461
42 90 52351
42 91 9624
42 92 9358
42 93 7009
42 94 10006
42 95 7067
42 96 12403
42 97 4921
42 98 6395
42 99 12238
42 100 2841
42 101 38855
42 102 36052
42 103 50277
42 104 12440
42 105 20015
42 106 30141
42 107 44450
42 108 42014
42 109 31200
42 110 25847
42 111 29985
42 112 16464
42 113 11518
42 114 24762
42 115 9295
42 116 37222
42 117 9514
42 118 11805
42 119 6155
42 120 44864
42 121 41968
42 122 43952
42 123 38538
42 124 37430
42 125 20865
42 126 51184
42 127 33476
42 128 49901
42 129 46634
42 130 30610
42 131 49731
42 132 33422
42 133 15433
42 134 34357
42 135 54623
42 136 64282
42 137 10073
42 138 28137
42 139 30261
42 140 7842
42 141 6198
42 142 -1855
42 143 45280
42 144 1061
42 145 7772
42 146 26670
42 147 15156
42 148 37352
42 149 23627
42 150 37684
42 151 5926
42 152 12900
42 153 29556
42 154 24941
42 155 25328
42 156 21148
42 157 41800
42 158 40426
42 159 36703
42 160 47070
42 161 46872
42 162 35116
42 163 38876
42 164 46696
42 165 36078
42 166 19693
42 167 28588
42 168 39623
42 169 44529
42 170 31458
42 171 10620
42 172 -3329
42 173 16043
42 174 26167
42 175 47291
42 176 31784
42 177 32820
42 178 4360
42 179 25676
42 180 18197
42 181 46151
42 182 31442
42 183 12237
42 184 33400
42 185 44177
42 186 25128
42 187 30032
42 188 48819
42 189 43797
42 190 31494
42 191 6717
42 192 3143
42 193 4658
42 194 30965
42 195 25358
42 196 34719
42 197 19420
42 198 18680
42 199 25939
42 200 25645
43 1 45917
43 2 17095
43 3 48506
43 4 29693
43 5 20458
43 6 26439
43 7 44575
43 8 38248
43 9 56836
43 10 52851
43 11 53391
43 12 36642
43 13 17381
43 14 1651
43 15 -3568
43 16 12845
43 17 25659
43 18 32812
43 19 49158
43 20 60758
43 21 24591
43 22 18420
43 23 14994
43 24 46712
43 25 38941
43 26 30475
43 27 36052
43 28 35866
43 29 49469
43 30 51897
43 31 42200
43 32 57695
43 33 52956
43 34 56917
43 35 66199
43 36 50253
43 37 14036
43 38 6016
43 39 23489
43 40 25247
43 41 12088
43 42 4033
43 44 9467
43 45 30525
43 46 39186
43 47 45384
43 48 37215
43 49 55447
43 50 46144
43 51 55255
43 52 37748
43 53 28842
43 54 35382
43 55 41859
43 56 27344
43 57 7177
43 58 22870
43 59 14259
43 60 29706
43 61 17501
43 62 48458
43 63 60991
43 64 52209
43 65 63143
43 66 56162
43 67 23314
43 68 38755
43 69 44344
43 70 52522
43 71 63391
43 72 19239
43 73 21806
43 74 21681
43 75 19263
43 76 42941
43 77 45915
43 78 58182
43 79 47974
43 80 45456
43 81 50708
43 82 37779
43 83 30958
43 84 26036
43 85 8711
43 86 9221
43 87 8204
43 88 45504
43 89 28514
43 90 61405
43 91 16111
43 92 18186
43 93 15180
43 94 19060
43 95 16120
43 96 21291
43 97 13977
43 98 14538
43 99 20873
43 100 10167
43 101 47757
43 102 44237
43 103 58761
43 104 21075
43 105 27838
43 106 39058
43 107 53271
43 108 51066
43 109 37925
43 110 30674
43 111 38338
43 112 25357
43 113 16921
43 114 32973
43 115 15031
43 116 44713
43 117 18508
43 118 20263
43 119 9252
43 120 52912
43 121 48707
43 122 52731
43 123 47284
43 124 45594
43 125 28285
43 126 60227
43 127 42520
43 128 58764
43 129 54125
43 130 35886
43 131 58736
43 132 42193
43 133 17384
43 134 40228
43 135 62584
43 136 72392
43 137 18291
43 138 35825
43 139 33080
43 140 6165
43 141 10437
43 142 1819
43 143 53518
43 144 8245
43 145 10103
43 146 35618
43 147 24200
43 148 46378
43 149 30138
43 150 44457
43 151 14754
43 152 20881
43 153 38468
43 154 32629
43 155 29547
43 156 29951
43 157 49960
43 158 47951
43 159 45740
43 160 56002
43 161 55243
43 162 44071
43 163 44906
43 164 54409
43 165 40522
43 166 28567
43 167 37548
43 168 47954
43 169 51732
43 170 33795
43 171 13854
43 172 4875
43 173 23158
43 174 33893
43 175 56116
43 176 40386
43 177 39360
43 178 10347
43 179 31385
43 180 25076
43 181 55206
43 182 40403
43 183 21293
43 184 40994
43 185 51995
43 186 26841
43 187 32804
43 188 57542
43 189 52851
43 190 40541
43 191 11521
43 192 7524
43 193 11492
43 194 39884
43 195 31919
43 196 42368
43 197 22794
43 198 23854
43 199 33991
43 200 34326
44 1 42619
44 2 22843
44 3 49528
44 4 37865
44 5 8790
44 6 20625
44 7 34587
44 8 25206
44 9 55123
44 10 45192
44 11 43106
44 12 39067
44 13 16248
44 14 -3322
44 15 10176
44 16 -2473
44 17 10297
44 18 23205
44 19 37773
44 20 56264
44 21 31313
44 22 29567
44 23 27843
44 24 51850
44 25 47963
44 26 33224
44 27 32539
44 28 35197
44 29 52825
44 30 46794
44 31 35493
44 32 50621
44 33 52141
44 34 57875
44 35 65251
44 36 36380
44 37 7590
44 38 -1278
44 39 34451
44 40 28460
44 41 24452
44 42 8131
44 43 5300
44 45 16130
44 46 24698
44 47 32409
44 48 25258
44 49 42492
44 50 44860
44 51 52557
44 52 30669
44 53 28601
44 54 40964
44 55 49911
44 56 38071
44 57 15544
44 58 24181
44 59 7306
44 60 19012
44 61 3844
44 62 39329
44 63 52150
44 64 40905
44 65 60551
44 66 51667
44 67 35988
44 68 41397
44 69 40182
44 70 47100
44 71 60973
44 72 28000
44 73 29703
44 74 31615
44 75 30178
44 76 43271
44 77 46954
44 78 58975
44 79 48775
44 80 48612
44 81 49964
44 82 26300
44 83 18982
44 84 12573
44 85 -2103
44 86 -6924
44 87 9857
44 88 37265
44 89 22181
44 90 53555
44 91 4625
44 92 12761
44 93 5800
44 94 14722
44 95 12230
44 96 14299
44 97 11518
44 98 6729
44 99 12678
44 100 2418
44 101 42839
44 102 43060
44 103 55879
44 104 12880
44 105 29053
44 106 29495
44 107 42338
44 108 43526
44 109 41388
44 110 37995
44 111 36963
44 112 22181
44 113 1026
44 114 20469
44 115 21726
44 116 46003
44 117 16470
44 118 9594
44 119 -2654
44 120 51906
44 121 51734
44 122 48495
44 123 36122
44 124 32467
44 125 14132
44 126 51425
44 127 35928
44 128 53623
44 129 55125
44 130 42213
44 131 52103
44 132 38521
44 133 28570
44 134 45301
44 135 61748
44 136 70907
44 137 19739
44 138 36954
44 139 43143
44 140 -2083
44 141 -5506
44 142 5309
44 143 40277
44 144 13379
44 145 20923
44 146 31160
44 147 17935
44 148 37664
44 149 34343
44 150 47613
44 151 9329
44 152 22192
44 153 28993
44 154 33758
44 155 37719
44 156 27110
44 157 48832
44 158 48973
44 159 37094
44 160 50289
44 161 52829
44 162 38696
44 163 49612
44 164 54506
44 165 48199
44 166 19672
44 167 32548
44 168 35184
44 169 53478
44 170 44410
44 171 23610
44 172 9468
44 173 9427
44 174 20087
44 175 45181
44 176 37634
44 177 43139
44 178 16738
44 179 37091
44 180 28772
44 181 46915
44 182 30915
44 183 16333
44 184 42062
44 185 51987
44 186 38247
44 187 42917
44 188 53371
44 189 45192
44 190 33729
44 191 -3121
44 192 -2077
44 193 1099
44 194 30280
44 195 35889
44 196 43184
44 197 32260
44 198 30704
44 199 21324
44 200 32040
45 1 33209
45 2 34461
45 3 45201
45 4 45660
45 5 4340
45 6 19981
45 7 15918
45 8 2592
45 9 45180
45 10 27981
45 11 21732
45 12 38875
45 13 21589
45 14 20432
45 15 29956
45 16 9883
45 17 1271
45 18 9833
45 19 15369
45 20 42404
45 21 39741
45 22 43343
45 23 42008
45 24 52986
45 25 55316
45 26 35459
45 27 26224
45 28 32409
45 29 51021
45 30 32913
45 31 21204
45 32 33063
45 33 44543
45 34 51474
45 35 55487
45 36 11869
45 37 19577
45 38 20920
45 39 45343
45 40 33845
45 41 40180
45 42 26601
45 43 27931
45 44 17703
45 46 297
45 47 8413
45 48 2857
45 49 18261
45 50 38000
45 51 41843
45 52 19135
45 53 29317
45 54 44368
45 55 56079
45 56 49735
45 57 31219
45 58 28761
45 59 13682
45 60 9836
45 61 9026
45 62 20356
45 63 32313
45 64 17803
45 65 47737
45 66 36933
45 67 48623
45 68 39929
45 69 30450
45 70 33551
45 71 49205
45 72 38474
45 73 39984
45 74 43771
45 75 42834
45 76 39255
45 77 43180
45 78 52928
45 79 43545
45 80 48085
45 81 42046
45 82 5786
45 83 3849
45 84 4175
45 85 7331
45 86 5114
45 87 22125
45 88 20825
45 89 16598
45 90 35195
45 91 19246
45 92 21787
45 93 12032
45 94 17698
45 95 18626
45 96 16686
45 97 21361
45 98 17500
45 99 16117
45 100 17680
45 101 30811
45 102 35783
45 103 44057
45 104 16319
45 105 30860
45 106 12506
45 107 20285
45 108 26181
45 109 42471
45 110 45491
45 111 31978
45 112 20984
45 113 1534
45 114 -338
45 115 33848
45 116 43009
45 117 23919
45 118 1752
45 119 21072
45 120 43032
45 121 49696
45 122 36192
45 123 14303
45 124 8491
45 125 -9199
45 126 31724
45 127 22979
45 128 38723
45 129 50069
45 130 46599
45 131 35108
45 132 29637
45 133 42168
45 134 47040
45 135 52350
45 136 60102
45 137 27796
45 138 36107
45 139 52908
45 140 19933
45 141 12710
45 142 26304
45 143 15937
45 144 27595
45 145 35917
45 146 24529
45 147 15056
45 148 19835
45 149 37957
45 150 47086
45 151 18355
45 152 26772
45 153 12973
45 154 32911
45 155 45514
45 156 24673
45 157 41364
45 158 44646
45 159 18660
45 160 34794
45 161 41418
45 162 26374
45 163 50538
45 164 46933
45 165 53951
45 166 10639
45 167 23005
45 168 11384
45 169 49070
45 170 54032
45 171 36081
45 172 26451
45 173 6607
45 174 -4089
45 175 23053
45 176 29674
45 177 43970
45 178 29056
45 179 41910
45 180 33493
45 181 27255
45 182 12325
45 183 17052
45 184 39235
45 185 45584
45 186 50631
45 187 52601
45 188 39774
45 189 27981
45 190 19856
45 191 15557
45 192 19555
45 193 15499
45 194 12868
45 195 38456
45 196 39535
45 197 42896
45 198 38358
45 199 3303
45 200 29305
46 1 35534
46 2 43933
46 3 48789
46 4 53400
46 5 14502
46 6 28571
46 7 15590
46 8 5623
46 9 45810
46 10 25886
46 11 16077
46 12 44502
46 13 30529
46 14 31183
46 15 40465
46 16 20564
46 17 11457
46 18 15389
46 19 9291
46 20 41209
46 21 48101
46 22 52718
46 23 51182
46 24 58237
46 25 62573
46 26 42262
46 27 31111
46 28 37917
46 29 55173
46 30 32266
46 31 21826
46 32 29728
46 33 46659
46 34 53462
46 35 55741
46 36 1508
46 37 30060
46 38 31010
46 39 53674
46 40 41862
46 41 49952
46 42 37168
46 43 38680
46 44 28359
46 45 2385
46 47 302
46 48 -1090
46 49 8657
46 50 41035
46 51 42471
46 52 23043
46 53 36447
46 54 50769
46 55 63062
46 56 58449
46 57 41310
46 58 36947
46 59 23774
46 60 18649
46 61 19794
46 62 17615
46 63 27520
46 64 9558
46 65 46136
46 66 34724
46 67 57205
46 68 44664
46 69 33184
46 70 33607
46 71 48559
46 72 47162
46 73 48769
46 74 52824
46 75 51876
46 76 43450
46 77 47160
46 78 55309
46 79 46574
46 80 53184
46 81 43839
46 82 6096
46 83 12066
46 84 14808
46 85 17993
46 86 15081
46 87 32092
46 88 20743
46 89 23669
46 90 31577
46 91 30002
46 92 31962
46 93 22437
46 94 26763
46 95 28267
46 96 26270
46 97 31334
46 98 28005
46 99 26103
46 100 28356
46 101 32024
46 102 38409
46 103 43716
46 104 26305
46 105 37980
46 106 14039
46 107 14185
46 108 23728
46 109 48402
46 110 53333
46 111 36461
46 112 28395
46 113 11691
46 114 4113
46 115 43336
46 116 47399
46 117 33467
46 118 10882
46 119 31798
46 120 44153
46 121 53852
46 122 36486
46 123 9475
46 124 1560
46 125 981
46 126 27120
46 127 24979
46 128 36900
46 129 53116
46 130 53256
46 131 32084
46 132 32708
46 133 51480
46 134 52690
46 135 52870
46 136 59731
46 137 36966
46 138 41914
46 139 60996
46 140 30024
46 141 23348
46 142 37024
46 143 6197
46 144 37631
46 145 45677
46 146 29831
46 147 23149
46 148 18382
46 149 44943
46 150 52185
46 151 28530
46 152 34958
46 153 15655
46 154 38718
46 155 53254
46 156 31393
46 157 43799
46 158 48234
46 159 16061
46 160 32797
46 161 41132
46 162 27730
46 163 55850
46 164 48469
46 165 60850
46 166 17978
46 167 26603
46 168 3766
46 169 52184
46 170 61881
46 171 45267
46 172 36873
46 173 17359
46 174 -2117
46 175 16754
46 176 32822
46 177 49625
46 178 38622
46 179 48997
46 180 41126
46 181 22080
46 182 11009
46 183 25730
46 184 43852
46 185 48174
46 186 59466
46 187 60638
46 188 38591
46 189 25886
46 190 21094
46 191 26290
46 192 30324
46 193 26230
46 194 13840
46 195 44999
46 196 43724
46 197 51496
46 198 46387
46 199 11445
46 200 35618
47 1 30255
47 2 46090
47 3 43974
47 4 52661
47 5 19224
47 6 30429
47 7 10895
47 8 9342
47 9 38638
47 10 17784
47 11 6318
47 12 41730
47 13 32307
47 14 37551
47 15 44695
47 16 27500
47 17 19382
47 18 15691
47 19 -339
47 20 33049
47 21 48412
47 22 54367
47 23 52286
47 24 54655
47 25 61048
47 26 40869
47 27 28540
47 28 35474
47 29 50606
47 30 24665
47 31 15896
47 32 20580
47 33 40679
47 34 47083
47 35 48147
47 36 -3281
47 37 34720
47 38 38993
47 39 53528
47 40 41997
47 41 52313
47 42 41797
47 43 44103
47 44 35295
47 45 9726
47 46 -473
47 48 -6392
47 49 427
47 50 36049
47 51 35468
47 52 20570
47 53 35825
47 54 48526
47 55 61278
47 56 58959
47 57 44569
47 58 37487
47 59 27704
47 60 21901
47 61 26043
47 62 9574
47 63 17892
47 64 -86
47 65 37435
47 66 25874
47 67 57256
47 68 40841
47 69 28534
47 70 26704
47 71 40484
47 72 47810
47 73 49642
47 74 53986
47 75 52937
47 76 39393
47 77 42755
47 78 49325
47 79 41223
47 80 49699
47 81 37543
47 82 4460
47 83 15712
47 84 20752
47 85 23391
47 86 23224
47 87 35335
47 88 14851
47 89 24033
47 90 22402
47 91 35878
47 92 35930
47 93 27119
47 94 29005
47 95 31260
47 96 29472
47 97 34776
47 98 32787
47 99 29989
47 100 33650
47 101 26071
47 102 32991
47 103 35939
47 104 30191
47 105 37163
47 106 10824
47 107 4374
47 108 15296
47 109 45849
47 110 52831
47 111 33015
47 112 28516
47 113 19641
47 114 7011
47 115 45472
47 116 43398
47 117 36191
47 118 14367
47 119 38400
47 120 37292
47 121 49338
47 122 29501
47 123 894
47 124 -1651
47 125 7829
47 126 17576
47 127 20388
47 128 28400
47 129 47752
47 130 51249
47 131 23047
47 132 28275
47 133 53008
47 134 49588
47 135 45475
47 136 51732
47 137 38884
47 138 39536
47 139 60570
47 140 38007
47 141 30383
47 142 42341
47 143 -1538
47 144 40883
47 145 48110
47 146 27921
47 147 24542
47 148 11369
47 149 43609
47 150 48700
47 151 32498
47 152 35498
47 153 13449
47 154 36340
47 155 52515
47 156 30680
47 157 38183
47 158 43419
47 159 7908
47 160 24275
47 161 33326
47 162 22053
47 163 52398
47 164 41807
47 165 58997
47 166 19360
47 167 23077
47 168 -5864
47 169 46773
47 170 61020
47 171 46675
47 172 41050
47 173 23587
47 174 3850
47 175 6864
47 176 28253
47 177 46701
47 178 40915
47 179 47625
47 180 40694
47 181 12249
47 182 4711
47 183 27570
47 184 40134
47 185 42517
47 186 60115
47 187 60126
47 188 30387
47 189 17784
47 190 15827
47 191 32922
47 192 36502
47 193 31883
47 194 10104
47 195 43131
47 196 39580
47 197 51941
47 198 46199
47 199 15742
47 200 34355
48 1 24681
48 2 39996
48 3 38283
48 4 46260
48 5 14389
48 6 24425
48 7 4759
48 8 5676
48 9 34223
48 10 14211
48 11 6083
48 12 35492
48 13 26200
48 14 33069
48 15 39132
48 16 23584
48 17 16618
48 18 9583
48 19 -155
48 20 29510
48 21 42043
48 22 48135
48 23 45964
48 24 48618
48 25 54688
48 26 34480
48 27 22215
48 28 29160
48 29 44854
48 30 20576
48 31 10551
48 32 18416
48 33 35502
48 34 42160
48 35 44078
48 36 3109
48 37 29530
48 38 35581
48 39 47127
48 40 35628
48 41 46207
48 42 36463
48 43 39031
48 44 31241
48 45 7267
48 46 1232
48 47 -3295
48 49 5725
48 50 30390
48 51 30916
48 52 14191
48 53 29427
48 54 42229
48 55 54939
48 56 52592
48 57 38732
48 58 31163
48 59 22284
48 60 16570
48 61 21812
48 62 5979
48 63 16893
48 64 2858
48 65 34504
48 66 23166
48 67 50858
48 68 34841
48 69 22685
48 70 22035
48 71 36855
48 72 41462
48 73 43322
48 74 47689
48 75 46622
48 76 33432
48 77 36915
48 78 44174
48 79 35755
48 80 43616
48 81 32548
48 82 -1557
48 83 10820
48 84 16668
48 85 18613
48 86 20185
48 87 29555
48 88 9412
48 89 17775
48 90 20338
48 91 31283
48 92 30481
48 93 22036
48 94 23051
48 95 25488
48 96 23841
48 97 29108
48 98 27674
48 99 24604
48 100 28722
48 101 20796
48 102 27523
48 103 32022
48 104 24806
48 105 30760
48 106 4447
48 107 4677
48 108 12117
48 109 39582
48 110 46428
48 111 26869
48 112 22181
48 113 16656
48 114 2501
48 115 39366
48 116 37433
48 117 30314
48 118 9085
48 119 34110
48 120 32658
48 121 43563
48 122 24914
48 123 -1337
48 124 -651
48 125 5033
48 126 16364
48 127 14443
48 128 25253
48 129 42293
48 130 44926
48 131 20678
48 132 22362
48 133 46755
48 134 43437
48 135 41243
48 136 48028
48 137 32778
48 138 33227
48 139 54167
48 140 34607
48 141 26460
48 142 37294
48 143 4340
48 144 35072
48 145 42035
48 146 21532
48 147 18455
48 148 6709
48 149 37221
48 150 42617
48 151 27049
48 152 29174
48 153 7050
48 154 30031
48 155 46114
48 156 24285
48 157 32811
48 158 37728
48 159 4425
48 160 21163
48 161 29438
48 162 16617
48 163 46323
48 164 37052
48 165 52664
48 166 13395
48 167 16887
48 168 -1207
48 169 41347
48 170 54625
48 171 40415
48 172 35545
48 173 19510
48 174 1629
48 175 7471
48 176 22407
48 177 40502
48 178 34845
48 179 41243
48 180 34295
48 181 11769
48 182 -552
48 183 21540
48 184 34087
48 185 37184
48 186 53755
48 187 53723
48 188 26895
48 189 14211
48 190 10140
48 191 28731
48 192 31976
48 193 27164
48 194 3784
48 195 36781
48 196 33652
48 197 45573
48 198 39803
48 199 11339
48 200 27953
49 1 36346
49 2 57325
49 3 49833
49 4 62051
49 5 31349
49 6 41850
49 7 20283
49 8 21507
49 9 41117
49 10 20721
49 11 5636
49 12 49773
49 13 43538
49 14 49715
49 15 56569
49 16 39610
49 17 31222
49 18 26996
49 19 3641
49 20 34085
49 21 58635
49 22 65226
49 23 62744
49 24 61512
49 25 69690
49 26 50099
49 27 37466
49 28 44150
49 29 56444
49 30 27344
49 31 22233
49 32 19630
49 33 45151
49 34 50489
49 35 49495
49 36 -1548
49 37 46773
49 38 50913
49 39 63205
49 40 52262
49 41 63503
49 42 53800
49 43 56207
49 44 47419
49 45 21615
49 46 9923
49 47 2468
49 48 4669
49 50 42089
49 51 38566
49 52 30198
49 53 45807
49 54 56783
49 55 69760
49 56 69133
49 57 56190
49 58 48064
49 59 39651
49 60 33866
49 61 38201
49 62 14040
49 63 15894
49 64 -9494
49 65 36214
49 66 24779
49 67 66962
49 68 47720
49 69 35613
49 70 30946
49 71 41036
49 72 58163
49 73 60167
49 74 64608
49 75 63460
49 76 46318
49 77 49150
49 78 53454
49 79 46355
49 80 56905
49 81 41461
49 82 15905
49 83 27803
49 84 32909
49 85 35537
49 86 35054
49 87 47019
49 88 22024
49 89 34962
49 90 21927
49 91 48042
49 92 47863
49 93 39200
49 94 40491
49 95 42952
49 96 41281
49 97 46561
49 98 44864
49 99 41950
49 100 45776
49 101 31682
49 102 38409
49 103 37392
49 104 42152
49 105 46922
49 106 20820
49 107 5055
49 108 17236
49 109 54001
49 110 62456
49 111 40853
49 112 39103
49 113 31508
49 114 19134
49 115 56679
49 116 50250
49 117 47771
49 118 26357
49 119 50554
49 120 40222
49 121 55294
49 122 33129
49 123 7698
49 124 10474
49 125 19818
49 126 16104
49 127 28220
49 128 28726
49 129 52830
49 130 59667
49 131 22283
49 132 35485
49 133 63798
49 134 57005
49 135 47246
49 136 52226
49 137 50106
49 138 48080
49 139 70086
49 140 49925
49 141 42489
49 142 54447
49 143 -5959
49 144 52534
49 145 59370
49 146 37459
49 147 35837
49 148 17362
49 149 52783
49 150 55906
49 151 44431
49 152 46075
49 153 23879
49 154 44884
49 155 61905
49 156 40795
49 157 43296
49 158 49278
49 159 11592
49 160 24808
49 161 34564
49 162 28209
49 163 59458
49 164 44868
49 165 67446
49 166 30847
49 167 31471
49 168 5505
49 169 51648
49 170 70132
49 171 57446
49 172 52958
49 173 35738
49 174 15832
49 175 6527
49 176 35111
49 177 54448
49 178 52195
49 179 56661
49 180 50569
49 181 8018
49 182 12325
49 183 38949
49 184 47344
49 185 47338
49 186 70347
49 187 69571
49 188 31174
49 189 20721
49 190 23023
49 191 45069
49 192 48668
49 193 44038
49 194 19840
49 195 51873
49 196 46329
49 197 62131
49 198 56080
49 199 27897
49 200 44082
50 1 2846
50 2 30967
50 3 3950
50 4 21618
50 5 28533
50 6 27168
50 7 24645
50 8 33405
50 9 6732
50 10 16824
50 11 23768
50 12 7142
50 13 22097
50 14 39939
50 15 34462
50 16 37248
50 17 38519
50 18 23584
50 19 26139
50 20 13081
50 21 23862
50 22 32387
50 23 25687
50 24 15543
50 25 26081
50 26 12764
50 27 11047
50 28 9057
50 29 10603
50 30 7181
50 31 9314
50 32 15673
50 33 3312
50 34 9772
50 35 16499
50 36 36348
50 37 34957
50 38 47302
50 39 22746
50 40 20531
50 41 32983
50 42 36859
50 43 39141
50 44 42024
50 45 33591
50 46 34538
50 47 30327
50 48 21571
50 49 34326
50 51 5599
50 52 17944
50 53 16405
50 54 13171
50 55 25982
50 56 31534
50 57 32528
50 58 20157
50 59 27877
50 60 30827
50 61 35675
50 62 18944
50 63 24602
50 64 21641
50 65 13036
50 66 7566
50 67 25788
50 68 1961
50 69 8170
50 70 11158
50 71 13295
50 72 22944
50 73 26717
50 74 30616
50 75 28116
50 76 1454
50 77 3126
50 78 11040
50 79 1624
50 80 11529
50 81 1130
50 82 25058
50 83 30269
50 84 34968
50 85 28288
50 86 36879
50 87 27063
50 88 17999
50 89 20561
50 90 22519
50 91 40743
50 92 34515
50 93 30607
50 94 23873
50 95 26853
50 96 29286
50 97 29925
50 98 34309
50 99 31883
50 100 35368
50 101 7976
50 102 -5774
50 103 8938
50 104 32085
50 105 14317
50 106 21013
50 107 26972
50 108 13458
50 109 11066
50 110 23693
50 111 3663
50 112 17206
50 113 35909
50 114 27806
50 115 29540
50 116 4721
50 117 29353
50 118 22775
50 119 43193
50 120 3117
50 121 9364
50 122 6666
50 123 25405
50 124 33668
50 125 30801
50 126 24104
50 127 14008
50 128 12108
50 129 8161
50 130 16273
50 131 15433
50 132 5707
50 133 30356
50 134 11612
50 135 12955
50 136 22420
50 137 26422
50 138 9158
50 139 29309
50 140 46611
50 141 38966
50 142 39761
50 143 35228
50 144 30588
50 145 30494
50 146 15510
50 147 21758
50 148 17749
50 149 13809
50 150 10530
50 151 31083
50 152 18168
50 153 22497
50 154 5962
50 155 21472
50 156 16483
50 157 0
50 158 3395
50 159 13847
50 160 10997
50 161 5170
50 162 7243
50 163 13667
50 164 5826
50 165 23687
50 166 23737
50 167 9664
50 168 32187
50 169 7217
50 170 27489
50 171 24727
50 172 34397
50 173 36133
50 174 31012
50 175 29304
50 176 -146
50 177 10071
50 178 25897
50 179 15958
50 180 15974
50 181 14890
50 182 16103
50 183 22779
50 184 2806
50 185 3680
50 186 32717
50 187 28447
50 188 9125
50 189 16824
50 190 10286
50 191 39815
50 192 39890
50 193 35801
50 194 20859
50 195 10998
50 196 761
50 197 25387
50 198 19067
50 199 33442
50 200 17121
51 1 8563
51 2 41980
51 3 10022
51 4 31929
51 5 36343
51 6 36243
51 7 27562
51 8 37974
51 9 -2207
51 10 14528
51 11 21151
51 12 17795
51 13 32373
51 14 49843
51 15 45455
51 16 45896
51 17 45363
51 18 29823
51 19 25658
51 20 3032
51 21 34998
51 22 43499
51 23 36271
51 24 21928
51 25 34862
51 26 23931
51 27 19959
51 28 19867
51 29 14815
51 30 1636
51 31 11525
51 32 8417
51 33 2713
51 34 6353
51 35 8068
51 36 36551
51 37 44575
51 38 56789
51 39 32707
51 40 31649
51 41 44150
51 42 47333
51 43 49857
51 44 51326
51 45 39039
51 46 37579
51 47 31351
51 48 23702
51 49 32408
51 50 7204
51 52 24175
51 53 27084
51 54 22663
51 55 34834
51 56 42197
51 57 43490
51 58 30990
51 59 37209
51 60 38131
51 61 44043
51 62 18449
51 63 19467
51 64 16727
51 65 2517
51 66 -3511
51 67 35242
51 68 10167
51 69 14449
51 70 9870
51 71 2842
51 72 33992
51 73 37871
51 74 41701
51 75 39060
51 76 12069
51 77 11439
51 78 9590
51 79 4380
51 80 20211
51 81 -2289
51 82 28793
51 83 36604
51 84 42188
51 85 37299
51 86 45222
51 87 37570
51 88 20182
51 89 28901
51 90 17032
51 91 49962
51 92 44160
51 93 39604
51 94 33474
51 95 36642
51 96 38380
51 97 39968
51 98 43733
51 99 40864
51 100 44962
51 101 10212
51 102 398
51 103 -2074
51 104 41066
51 105 25343
51 106 25096
51 107 25360
51 108 9965
51 109 21379
51 110 34441
51 111 14238
51 112 26897
51 113 43496
51 114 32762
51 115 40612
51 116 14174
51 117 39452
51 118 30277
51 119 52738
51 120 -3749
51 121 14169
51 122 2557
51 123 25847
51 124 35786
51 125 36320
51 126 19270
51 127 18450
51 128 2529
51 129 10570
51 130 25728
51 131 7546
51 132 12931
51 133 41436
51 134 19544
51 135 4951
51 136 13021
51 137 37079
51 138 20337
51 139 39280
51 140 56035
51 141 47918
51 142 50109
51 143 34325
51 144 41364
51 145 41670
51 146 24005
51 147 30515
51 148 18527
51 149 24800
51 150 19212
51 151 40728
51 152 29001
51 153 27291
51 154 17141
51 155 31783
51 156 26222
51 157 3819
51 158 9467
51 159 12682
51 160 2791
51 161 -5308
51 162 10246
51 163 20878
51 164 836
51 165 32629
51 166 31115
51 167 16606
51 168 33186
51 169 8585
51 170 36580
51 171 35872
51 172 44972
51 173 43842
51 174 35410
51 175 27380
51 176 8193
51 177 19546
51 178 36927
51 179 26511
51 180 27154
51 181 7225
51 182 17852
51 183 32134
51 184 13218
51 185 5136
51 186 43321
51 187 38292
51 188 -1629
51 189 14528
51 190 13639
51 191 48944
51 192 49529
51 193 45116
51 194 24572
51 195 21753
51 196 10483
51 197 36259
51 198 30062
51 199 39362
51 200 27076
52 1 11753
52 2 25859
52 3 23775
52 4 29693
52 5 9990
52 6 12518
52 7 7378
52 8 13189
52 9 24225
52 10 12686
52 11 14405
52 12 19125
52 13 12542
52 14 26135
52 15 27270
52 16 20045
52 17 18763
52 18 3307
52 19 12408
52 20 23395
52 21 25994
52 22 32923
52 23 30134
52 24 32743
52 25 38049
52 26 17851
52 27 5699
52 28 12627
52 29 29897
52 30 13817
52 31 2400
52 32 17816
52 33 23016
52 34 29924
52 35 34606
52 36 19740
52 37 20815
52 38 31814
52 39 30687
52 40 19648
52 41 31672
52 42 26123
52 43 29221
52 44 26309
52 45 13202
52 46 15022
52 47 13324
52 48 3848
52 49 20911
52 50 16420
52 51 21046
52 53 13157
52 54 25686
52 55 38321
52 56 36483
52 57 25850
52 58 15685
52 59 13089
52 60 11585
52 61 18001
52 62 8746
52 63 20870
52 64 13834
52 65 28290
52 66 18691
52 67 34441
52 68 19194
52 69 8940
52 70 14105
52 71 29087
52 72 25545
52 73 27631
52 74 32112
52 75 30893
52 76 18092
52 77 21915
52 78 31345
52 79 21988
52 80 27689
52 81 20583
52 82 5707
52 83 10105
52 84 15573
52 85 12170
52 86 18985
52 87 17413
52 88 5467
52 89 4436
52 90 21238
52 91 25055
52 92 20747
52 93 14617
52 94 10904
52 95 14130
52 96 14033
52 97 17957
52 98 19508
52 99 16063
52 100 20927
52 101 10250
52 102 14202
52 103 23868
52 104 16265
52 105 14317
52 106 2224
52 107 15333
52 108 10942
52 109 23126
52 110 29945
52 111 10986
52 112 6979
52 113 16921
52 114 7484
52 115 25106
52 116 21991
52 117 18112
52 118 3811
52 119 28216
52 120 21792
52 121 28567
52 122 16004
52 123 10636
52 124 15373
52 125 10417
52 126 20104
52 127 2810
52 128 20556
52 129 28517
52 130 28334
52 131 19124
52 132 8054
52 133 31421
52 134 27253
52 135 31334
52 136 39624
52 137 18854
52 138 16690
52 139 37654
52 140 30963
52 141 22396
52 142 28080
52 143 20332
52 144 22513
52 145 27753
52 146 4913
52 147 6311
52 148 6506
52 149 20590
52 150 26690
52 151 17315
52 152 13696
52 153 2745
52 154 13494
52 155 29547
52 156 8195
52 157 19799
52 158 23220
52 159 5691
52 160 17169
52 161 21081
52 162 5908
52 163 30361
52 164 25494
52 165 36053
52 166 4726
52 167 1429
52 168 15340
52 169 27539
52 170 38010
52 171 25077
52 172 24452
52 173 17359
52 174 10812
52 175 18081
52 176 8089
52 177 24218
52 178 20815
52 179 24603
52 180 17941
52 181 15011
52 182 1573
52 183 9156
52 184 18385
52 185 23998
52 186 37699
52 187 37185
52 188 20605
52 189 12686
52 190 639
52 191 23734
52 192 25308
52 193 20429
52 194 2650
52 195 20155
52 196 18379
52 197 29482
52 198 23462
52 199 13114
52 200 11464
53 1 14960
53 2 12798
53 3 18508
53 4 14553
53 5 14321
53 6 11407
53 7 22974
53 8 25736
53 9 25600
53 10 25256
53 11 29331
53 12 8374
53 13 3514
53 14 21435
53 15 16078
53 16 20599
53 17 25225
53 18 14926
53 19 28000
53 20 29898
53 21 10389
53 22 17805
53 23 14555
53 24 22194
53 25 23714
53 26 3709
53 27 6375
53 28 4606
53 29 22038
53 30 21571
53 31 14391
53 32 28666
53 33 21903
53 34 26952
53 35 35218
53 36 34961
53 37 17021
53 38 29136
53 39 15243
53 40 4152
53 41 17187
53 42 18000
53 43 20326
53 44 24252
53 45 23395
53 46 28437
53 47 28590
53 48 19095
53 49 36531
53 50 14892
53 51 23966
53 52 13168
53 54 12680
53 55 24341
53 56 20862
53 57 14096
53 58 1549
53 59 10628
53 60 18355
53 61 19756
53 62 23416
53 63 34164
53 64 28768
53 65 31850
53 66 25170
53 67 18968
53 68 10535
53 69 14170
53 70 22704
53 71 32095
53 72 9972
53 73 12219
53 74 16726
53 75 15384
53 76 12348
53 77 15915
53 78 28064
53 79 17823
53 80 18000
53 81 19706
53 82 20261
53 83 19557
53 84 21573
53 85 11310
53 86 20482
53 87 8204
53 88 20119
53 89 8079
53 90 33404
53 91 23282
53 92 16653
53 93 13841
53 94 6578
53 95 8917
53 96 12794
53 97 11486
53 98 16690
53 99 15398
53 100 17378
53 101 17796
53 102 13031
53 103 27467
53 104 15600
53 105 -906
53 106 17640
53 107 30708
53 108 23101
53 109 11333
53 110 14592
53 111 7033
53 112 1357
53 113 21054
53 114 19764
53 115 11679
53 116 14939
53 117 10918
53 118 9769
53 119 25110
53 120 21852
53 121 20866
53 122 21962
53 123 26254
53 124 30154
53 125 20607
53 126 33432
53 127 15364
53 128 28209
53 129 24135
53 130 14826
53 131 29267
53 132 11685
53 133 16189
53 134 15896
53 135 31631
53 136 41260
53 137 7563
53 138 5936
53 139 22336
53 140 28525
53 141 21746
53 142 20940
53 143 35885
53 144 11817
53 145 13734
53 146 7944
53 147 7173
53 148 21173
53 149 6185
53 150 17001
53 151 13221
53 152 -440
53 153 17680
53 154 2740
53 155 14407
53 156 2378
53 157 18779
53 158 17953
53 159 19743
53 160 25877
53 161 23943
53 162 14694
53 163 19776
53 164 23867
53 165 22190
53 166 12269
53 167 8947
53 168 30673
53 169 22416
53 170 23025
53 171 9908
53 172 15530
53 173 21600
53 174 23123
53 175 33410
53 176 9295
53 177 13055
53 178 7788
53 179 10182
53 180 2406
53 181 27167
53 182 17020
53 183 6300
53 184 11001
53 185 21309
53 186 22080
53 187 21925
53 188 26526
53 189 25256
53 190 13271
53 191 22370
53 192 21726
53 193 18215
53 194 18185
53 195 6773
53 196 12162
53 197 13863
53 198 7914
53 199 23265
53 200 4622
54 1 22133
54 2 23716
54 3 11829
54 4 2678
54 5 34310
54 6 31381
54 7 40023
54 8 45230
54 9 22532
54 10 36533
54 11 42942
54 12 3993
54 13 21589
54 14 37119
54 15 25277
54 16 39298
54 17 45219
54 18 34292
54 19 43801
54 20 32917
54 21 11788
54 22 17805
54 23 7015
54 24 3910
54 25 5673
54 26 7689
54 27 21752
54 28 15284
54 29 7648
54 30 27771
54 31 27264
54 32 36264
54 33 18847
54 34 17277
54 35 28913
54 36 52643
54 37 34852
54 38 45176
54 39 2673
54 40 14908
54 41 19299
54 42 32099
54 43 31823
54 44 41572
54 45 43403
54 46 47716
54 47 46248
54 48 36854
54 49 52464
54 50 16615
54 51 24502
54 52 30654
54 53 17637
54 55 5623
54 56 13487
54 57 24681
54 58 17663
54 59 29510
54 60 38442
54 61 39071
54 62 37381
54 63 44870
54 64 41559
54 65 27755
54 66 26210
54 67 5269
54 68 -31
54 69 25077
54 70 31305
54 71 29036
54 72 8345
54 73 14259
54 74 16017
54 75 11758
54 76 11333
54 77 10475
54 78 19519
54 79 10574
54 80 6137
54 81 15580
54 82 38753
54 83 39525
54 84 41616
54 85 30056
54 86 39143
54 87 23409
54 88 35013
54 89 27949
54 90 42950
54 91 41396
54 92 34853
54 93 32912
54 94 25937
54 95 27413
54 96 32327
54 97 28851
54 98 34932
54 99 34799
54 100 34878
54 101 27276
54 102 12939
54 103 26573
54 104 35001
54 105 12961
54 106 35262
54 107 45470
54 108 33538
54 109 2603
54 110 7387
54 111 15062
54 112 21447
54 113 40650
54 114 39291
54 115 21344
54 116 9911
54 117 28706
54 118 29869
54 119 41929
54 120 17251
54 121 7481
54 122 27251
54 123 42481
54 124 48478
54 125 40605
54 126 44308
54 127 29994
54 128 32209
54 129 16142
54 130 -4316
54 131 35988
54 132 22147
54 133 15296
54 134 -2530
54 135 25389
54 136 35664
54 137 23229
54 138 10408
54 139 9275
54 140 44776
54 141 39840
54 142 35245
54 143 52600
54 144 24767
54 145 18812
54 146 25436
54 147 27271
54 148 35571
54 149 3838
54 150 5138
54 151 31421
54 152 15674
54 153 35815
54 154 7212
54 155 2532
54 156 21893
54 157 17893
54 158 11274
54 159 32799
54 160 31468
54 161 21528
54 162 25707
54 163 2268
54 164 16241
54 165 3299
54 166 32180
54 167 23648
54 168 48209
54 169 11831
54 170 6903
54 171 11211
54 172 29321
54 173 41438
54 174 42735
54 175 47973
54 176 17116
54 177 192
54 178 18209
54 179 202
54 180 8914
54 181 35481
54 182 32831
54 183 26120
54 184 8228
54 185 16231
54 186 14296
54 187 8225
54 188 28453
54 189 36533
54 190 27228
54 191 40290
54 192 38521
54 193 36230
54 194 35546
54 195 806
54 196 8676
54 197 8899
54 198 5090
54 199 43194
54 200 22954
55 1 30580
55 2 27292
55 3 19113
55 4 2002
55 5 40806
55 6 38004
55 7 48253
55 8 52837
55 9 29323
55 10 45001
55 11 51426
55 12 12465
55 13 27355
55 14 40750
55 15 26742
55 16 44529
55 17 51630
55 18 41930
55 19 52204
55 20 40665
55 21 15036
55 22 17537
55 23 2630
55 24 6076
55 25 -2763
55 26 14960
55 27 29912
55 28 23472
55 29 11909
55 30 35982
55 31 35737
55 32 44465
55 33 26178
55 34 22136
55 35 34416
55 36 60852
55 37 39878
55 38 48634
55 39 -3188
55 40 20531
55 41 19073
55 42 35500
55 43 33742
55 44 45961
55 45 50556
55 46 55451
55 47 54442
55 48 45006
55 49 60883
55 50 24868
55 51 32115
55 52 38731
55 53 24740
55 54 1065
55 56 10889
55 57 27343
55 58 23616
55 59 35176
55 60 45428
55 61 44804
55 62 45851
55 63 53282
55 64 50028
55 65 33504
55 66 33412
55 67 -2292
55 68 7383
55 69 33554
55 70 39716
55 71 35434
55 72 9408
55 73 16492
55 74 16324
55 75 10499
55 76 19670
55 77 18276
55 78 25243
55 79 17284
55 80 13727
55 81 22516
55 82 46724
55 83 46748
55 84 48185
55 85 35474
55 86 44225
55 87 27748
55 88 43423
55 89 35271
55 90 51313
55 91 46388
55 92 40172
55 93 38604
55 94 32089
55 95 33038
55 96 38465
55 97 33919
55 98 40144
55 99 40783
55 100 39633
55 101 35745
55 102 20928
55 103 33668
55 104 40985
55 105 19974
55 106 43387
55 107 53931
55 108 41974
55 109 11066
55 110 9553
55 111 23512
55 112 28516
55 113 46530
55 114 46875
55 115 24539
55 116 18006
55 117 34112
55 118 36743
55 119 46100
55 120 23762
55 121 12579
55 122 35448
55 123 50841
55 124 56526
55 125 47775
55 126 52732
55 127 38379
55 128 40044
55 129 22611
55 130 -149
55 131 44106
55 132 30623
55 133 14743
55 134 2011
55 135 31035
55 136 41217
55 137 28283
55 138 18625
55 139 4077
55 140 48357
55 141 44671
55 142 38505
55 143 60946
55 144 28309
55 145 19934
55 146 33396
55 147 34182
55 148 44019
55 149 10594
55 150 12728
55 151 36740
55 152 21627
55 153 43833
55 154 15429
55 155 1856
55 156 29331
55 157 25724
55 158 18558
55 159 41284
55 160 39514
55 161 28227
55 162 34192
55 163 6500
55 164 21813
55 165 -2358
55 166 39472
55 167 31966
55 168 56421
55 169 17204
55 170 -1103
55 171 12066
55 172 32763
55 173 47667
55 174 50276
55 175 56442
55 176 25599
55 177 8408
55 178 21517
55 179 5773
55 180 14820
55 181 43680
55 182 41197
55 183 32603
55 184 16591
55 185 23296
55 186 10872
55 187 2451
55 188 36005
55 189 45001
55 190 35661
55 191 45069
55 192 42759
55 193 41198
55 194 43717
55 195 8500
55 196 16830
55 197 8511
55 198 8181
55 199 50463
55 200 30613
56 1 35418
56 2 17338
56 3 28765
56 4 1704
56 5 34346
56 6 32652
56 7 47808
56 8 49198
56 9 39510
56 10 48649
56 11 53752
56 12 17968
56 13 20714
56 14 29074
56 15 13194
56 16 35182
56 17 44473
56 18 38969
56 19 52820
56 20 48570
56 21 8102
56 22 3579
56 23 -9788
56 24 19852
56 25 8053
56 26 15345
56 27 30442
56 28 25126
56 29 24836
56 30 42145
56 31 38202
56 32 50388
56 33 35502
56 34 34717
56 35 46351
56 36 59544
56 37 30729
56 38 36413
56 39 -7590
56 40 15829
56 41 4755
56 42 23978
56 43 20342
56 44 35236
56 45 45327
56 46 51953
56 47 53238
56 48 43774
56 49 61371
56 50 31535
56 51 40593
56 52 38008
56 53 22376
56 54 10044
56 55 12004
56 57 15449
56 58 18473
56 59 27340
56 60 40321
56 61 36514
56 62 47827
56 63 57520
56 64 53071
56 65 45115
56 66 42620
56 67 -5079
56 68 17085
56 69 36654
56 70 44523
56 71 46179
56 72 -845
56 73 6863
56 74 3672
56 75 -3817
56 76 26334
56 77 26915
56 78 36966
56 79 27796
56 80 23254
56 81 32548
56 82 44720
56 83 42112
56 84 41671
56 85 26791
56 86 34380
56 87 18103
56 88 44672
56 89 31842
56 90 56144
56 91 36861
56 92 31733
56 93 30593
56 94 25760
56 95 25488
56 96 31708
56 97 25277
56 98 31270
56 99 33525
56 100 29867
56 101 39877
56 102 28614
56 103 43228
56 104 33727
56 105 18136
56 106 42437
56 107 55398
56 108 46152
56 109 17224
56 110 6607
56 111 26869
56 112 25006
56 113 38225
56 114 43255
56 115 14110
56 116 25928
56 117 26343
56 118 31346
56 119 35122
56 120 34425
56 121 24874
56 122 41811
56 123 51090
56 124 54557
56 125 42640
56 126 56845
56 127 39699
56 128 47614
56 129 33462
56 130 9259
56 131 50470
56 132 33814
56 133 622
56 134 14285
56 135 42811
56 136 53088
56 137 20526
56 138 21344
56 139 1841
56 140 36291
56 141 34622
56 142 26601
56 143 60685
56 144 17548
56 145 6781
56 146 32715
56 147 29540
56 148 45653
56 149 11546
56 150 22255
56 151 28301
56 152 16484
56 153 42387
56 154 18148
56 155 1558
56 156 27110
56 157 33875
56 158 28210
56 159 43863
56 160 46292
56 161 38510
56 162 37547
56 163 19156
56 164 33689
56 165 11228
56 166 35506
56 167 33082
56 168 55361
56 169 29292
56 170 2563
56 171 -350
56 172 21454
56 173 40371
56 174 46283
56 175 58068
56 176 29827
56 177 16898
56 178 11094
56 179 8407
56 180 11801
56 181 49445
56 182 41793
56 183 27026
56 184 23350
56 185 33189
56 186 -2703
56 187 1523
56 188 44457
56 189 48649
56 190 37441
56 191 35021
56 192 31976
56 193 31684
56 194 43006
56 195 11983
56 196 24425
56 197 -2510
56 198 3344
56 199 45852
56 200 29356
57 1 34600
57 2 4487
57 3 35928
57 4 17810
57 5 17057
57 6 18678
57 7 37329
57 8 34202
57 9 44694
57 10 43465
57 11 45660
57 12 23979
57 13 7447
57 14 8138
57 15 -3568
57 16 14853
57 17 25659
57 18 26154
57 19 42521
57 20 49541
57 21 12052
57 22 8486
57 23 6974
57 24 34134
57 25 27587
57 26 17851
57 27 25315
57 28 23966
57 29 36746
57 30 41078
57 31 32563
57 32 47692
57 33 40679
57 34 44277
57 35 53816
57 36 46112
57 37 11195
57 38 15798
57 39 13410
57 40 12708
57 41 3852
57 42 2978
57 43 1749
57 44 14283
57 45 28385
57 46 36388
57 47 40422
57 48 31488
57 49 50002
57 50 34103
57 51 43460
57 52 28949
57 53 17184
57 54 22812
57 55 30032
57 56 17023
57 58 11010
57 59 9443
57 60 24758
57 61 17118
57 62 40139
57 63 52089
57 64 44964
57 65 51084
57 66 44814
57 67 14962
57 68 26044
57 69 33525
57 70 41987
57 71 51363
57 72 7468
57 73 9567
57 74 10637
57 75 9089
57 76 30551
57 77 33358
57 78 45580
57 79 35403
57 80 32730
57 81 38385
57 82 31968
57 83 26593
57 84 23893
57 85 7331
57 86 13650
57 87 -396
57 88 36859
57 89 20144
57 90 51916
57 91 16607
57 92 13302
57 93 12032
57 94 11028
57 95 8917
57 96 15298
57 97 7268
57 98 11910
57 99 16117
57 100 9588
57 101 37107
57 102 32117
57 103 46932
57 104 16319
57 105 15630
57 106 31701
57 107 46132
57 108 41536
57 109 25200
57 110 18411
57 111 26529
57 112 15299
57 113 18463
57 114 28507
57 115 2303
57 116 32139
57 117 10195
57 118 15476
57 119 14136
57 120 40606
57 121 35979
57 122 41584
57 123 40592
57 124 40997
57 125 25870
57 126 51327
57 127 33035
57 128 47801
57 129 41523
57 130 23465
57 131 48486
57 132 31177
57 133 7484
57 134 27618
57 135 50192
57 136 60102
57 137 7267
57 138 23412
57 139 22299
57 140 15576
57 141 13893
57 142 5719
57 143 48510
57 144 -2041
57 145 -81
57 146 25510
57 147 16321
57 148 37906
57 149 17410
57 150 31731
57 151 9870
57 152 9021
57 153 31205
57 154 20216
57 155 17664
57 156 19401
57 157 37805
57 158 35373
57 159 37041
57 160 45338
57 161 43247
57 162 33709
57 163 32260
57 164 41881
57 165 28539
57 166 21907
57 167 27362
57 168 42785
57 169 39045
57 170 23469
57 171 2637
57 172 518
57 173 21828
57 174 30637
57 175 48942
57 176 28942
57 177 26635
57 178 -2345
57 179 18784
57 180 12400
57 181 45777
57 182 32595
57 183 13148
57 184 28477
57 185 39554
57 186 17152
57 187 22067
57 188 46170
57 189 43465
57 190 31076
57 191 14333
57 192 11040
57 193 11492
57 194 32483
57 195 19191
57 196 29869
57 197 11495
57 198 11406
57 199 30105
57 200 23345
58 1 20058
58 2 7711
58 3 22574
58 4 13383
58 5 13676
58 6 11070
58 7 26323
58 8 27253
58 9 30417
58 10 29948
58 11 33472
58 12 11416
58 13 377
58 14 17422
58 15 10992
58 16 18127
58 17 24466
58 18 16951
58 19 31561
58 20 34995
58 21 7605
58 22 13691
58 23 11252
58 24 24274
58 25 23245
58 26 5496
58 27 11191
58 28 9478
58 29 25132
58 30 26650
58 31 19027
58 32 33625
58 33 26566
58 34 31086
58 35 39850
58 36 37591
58 37 13861
58 38 25348
58 39 13195
58 40 1567
58 41 12597
58 42 13417
58 43 15441
58 44 20919
58 45 23926
58 46 30024
58 47 31339
58 48 21918
58 49 39875
58 50 19731
58 51 28959
58 52 16783
58 53 2636
58 54 13793
58 55 24304
58 56 18046
58 57 9009
58 59 8297
58 60 18747
58 61 17877
58 62 27625
58 63 38802
58 64 32932
58 65 36740
58 66 30254
58 67 16712
58 68 13773
58 69 19194
58 70 27721
58 71 36993
58 72 6810
58 73 8609
58 74 13002
58 75 11909
58 76 16685
58 77 19957
58 78 32243
58 79 21988
58 80 20900
58 81 24338
58 82 22756
58 83 20384
58 84 21068
58 85 8859
58 86 17999
58 87 3707
58 88 24269
58 89 9828
58 90 38211
58 91 20358
58 92 13720
58 93 11704
58 94 4923
58 95 6205
58 96 11306
58 97 7949
58 98 13819
58 99 13678
58 100 14054
58 101 22815
58 102 17818
58 103 32449
58 104 13880
58 105 1589
58 106 20820
58 107 34565
58 108 27872
58 109 13664
58 110 13198
58 111 12008
58 112 3084
58 113 19512
58 114 21295
58 115 6646
58 116 18843
58 117 7599
58 118 9917
58 119 21530
58 120 26526
58 121 24082
58 122 27061
58 123 29724
58 124 32559
58 125 21186
58 126 38057
58 127 19783
58 128 33305
58 129 28229
58 130 15471
58 131 34279
58 132 16752
58 133 12210
58 134 17775
58 135 36245
58 136 45991
58 137 2924
58 138 9720
58 139 20628
58 140 24809
58 141 18846
58 142 16471
58 143 38959
58 144 6883
58 145 8918
58 146 12111
58 147 7661
58 148 25356
58 149 6949
58 150 19901
58 151 10288
58 152 -5539
58 153 20627
58 154 6524
58 155 13237
58 156 5922
58 157 23542
58 158 22019
58 159 24142
58 160 30949
58 161 28854
58 162 19614
58 163 21972
58 164 28258
58 165 22305
58 166 13534
58 167 13594
58 168 33497
58 169 26243
58 170 21721
58 171 5859
58 172 10836
58 173 20507
58 174 24427
58 175 37307
58 176 14387
58 177 15423
58 178 2705
58 179 10371
58 180 1596
58 181 32018
58 182 20807
58 183 5560
58 184 14989
58 185 25746
58 186 19144
58 187 20308
58 188 31610
58 189 29948
58 190 17762
58 191 19349
58 192 18110
58 193 15218
58 194 21467
58 195 8295
58 196 16290
58 197 11051
58 198 6048
58 199 24136
58 200 9205
59 1 28537
59 2 14308
59 3 35666
59 4 27692
59 5 783
59 6 6576
59 7 23498
59 8 18143
59 9 40986
59 10 32531
59 11 32330
59 12 25789
59 13 3349
59 14 6253
59 15 10176
59 16 3149
59 17 10297
59 18 11722
59 19 28096
59 20 42478
59 21 21119
59 22 23118
59 23 21881
59 24 39264
59 25 37812
59 26 20386
59 27 18415
59 28 21249
59 29 39498
59 30 33122
59 31 22283
59 32 37740
59 33 38023
59 34 43898
59 35 51110
59 36 30214
59 37 896
59 38 12744
59 39 26214
59 40 16470
59 41 19691
59 42 7347
59 43 10116
59 44 7330
59 45 12133
59 46 20137
59 47 24842
59 48 16325
59 49 34748
59 50 30737
59 51 38464
59 52 17473
59 53 15001
59 54 28926
59 55 39150
59 56 30199
59 57 10728
59 58 11583
59 60 8901
59 61 2794
59 62 27581
59 63 40268
59 64 31117
59 65 46502
59 66 37925
59 67 29038
59 68 27998
59 69 26188
59 70 33481
59 71 46887
59 72 19147
59 73 20609
59 74 23914
59 75 22931
59 76 29356
59 77 33131
59 78 45000
59 79 34841
59 80 35411
59 81 35843
59 82 16828
59 83 10552
59 84 7780
59 85 -6152
59 86 3042
59 87 1613
59 88 24855
59 89 8457
59 90 41054
59 91 6032
59 92 1396
59 93 -3407
59 94 704
59 95 -975
59 96 432
59 97 866
59 98 -295
59 99 -86
59 100 1064
59 101 29045
59 102 28935
59 103 41824
59 104 116
59 105 15857
59 106 18013
59 107 32177
59 108 30820
59 109 28480
59 110 27537
59 111 22872
59 112 8080
59 113 4527
59 114 12576
59 115 13646
59 116 32266
59 117 4195
59 118 -482
59 119 8711
59 120 37769
59 121 38330
59 122 34601
59 123 26209
59 124 25220
59 125 9600
59 126 39511
59 127 22611
59 128 40013
59 129 41218
59 130 30569
59 131 39027
59 132 24455
59 133 21995
59 134 32813
59 135 47609
59 136 56772
59 137 8447
59 138 23393
59 139 34184
59 140 12000
59 141 4370
59 142 8539
59 143 32999
59 144 7081
59 145 15443
59 146 17111
59 147 4075
59 148 25597
59 149 22078
59 150 34412
59 151 -2036
59 152 9594
59 153 17420
59 154 20197
59 155 27546
59 156 12998
59 157 34706
59 158 35111
59 159 25015
59 160 36847
59 161 38735
59 162 25008
59 163 36908
59 164 40429
59 165 37228
59 166 7506
59 167 18670
59 168 27312
59 169 39692
59 170 35508
59 171 16090
59 172 6518
59 173 6197
59 174 14413
59 175 35022
59 176 23503
59 177 30247
59 178 8780
59 179 25435
59 180 16687
59 181 34722
59 182 19410
59 183 2191
59 184 28311
59 185 37938
59 186 30908
59 187 33932
59 188 39521
59 189 32531
59 190 20537
59 191 5119
59 192 5585
59 193 1099
59 194 18840
59 195 23349
59 196 29344
59 197 23611
59 198 20214
59 199 13946
59 200 17954
60 1 24823
60 2 23415
60 3 35264
60 4 33955
60 5 -3230
60 6 8309
60 7 13758
60 8 7591
60 9 37511
60 10 24492
60 11 22463
60 12 27788
60 13 10105
60 14 15104
60 15 20932
60 16 7096
60 17 5858
60 18 2399
60 19 17676
60 20 36743
60 21 28093
60 22 32211
60 23 30734
60 24 41920
60 25 43631
60 26 23931
60 27 16129
60 28 21582
60 29 40559
60 30 27129
60 31 15355
60 32 29970
60 33 35751
60 34 42467
60 35 47887
60 36 19525
60 37 11091
60 38 19290
60 39 33711
60 40 22142
60 41 29469
60 42 18065
60 43 20596
60 44 14069
60 45 3320
60 46 10045
60 47 14072
60 48 5644
60 49 23996
60 50 28720
60 51 34419
60 52 11002
60 53 17761
60 54 32891
60 55 44435
60 56 38213
60 57 21076
60 58 17066
60 59 3934
60 61 4974
60 62 18449
60 63 31271
60 64 20824
60 65 41736
60 66 31937
60 67 37070
60 68 29238
60 69 22024
60 70 27436
60 71 42534
60 72 26930
60 73 28473
60 74 32406
60 75 31468
60 76 29054
60 77 33023
60 78 43713
60 79 33953
60 80 37190
60 81 33442
60 82 6211
60 83 30
60 84 2281
60 85 505
60 86 5630
60 87 11809
60 88 16537
60 89 5429
60 90 32754
60 91 13355
60 92 12160
60 93 3643
60 94 6275
60 95 7831
60 96 5872
60 97 11130
60 98 9252
60 99 6222
60 100 10387
60 101 23703
60 102 26739
60 103 37316
60 104 6424
60 105 19277
60 106 8614
60 107 21972
60 108 22831
60 109 31214
60 110 33788
60 111 21815
60 112 9416
60 113 3496
60 114 1885
60 115 22819
60 116 32604
60 117 12978
60 118 -9331
60 119 16488
60 120 34899
60 121 39259
60 122 29457
60 123 15854
60 124 14474
60 125 571
60 126 30544
60 127 16084
60 128 33724
60 129 40440
60 130 35041
60 131 31578
60 132 20839
60 133 30985
60 134 35824
60 135 44558
60 136 53018
60 137 16476
60 138 25010
60 139 41231
60 140 18380
60 141 9717
60 142 18870
60 143 22229
60 144 17375
60 145 25197
60 146 14321
60 147 3377
60 148 16812
60 149 26358
60 150 36191
60 151 8728
60 152 15077
60 153 8125
60 154 21814
60 155 33809
60 156 13378
60 157 32431
60 158 34709
60 159 16231
60 160 30157
60 161 34513
60 162 19353
60 163 39469
60 164 38335
60 165 42326
60 166 -22
60 167 14214
60 168 16545
60 169 39311
60 170 42334
60 171 24800
60 172 17282
60 173 3912
60 174 4266
60 175 24822
60 176 20604
60 177 32807
60 178 18111
60 179 30274
60 180 21799
60 181 26041
60 182 10040
60 183 5416
60 184 28731
60 185 36367
60 186 39163
60 187 40918
60 188 33988
60 189 24492
60 190 13639
60 191 11437
60 192 14023
60 193 9061
60 194 9400
60 195 26977
60 196 29286
60 197 31326
60 198 26663
60 199 3706
60 200 18178
61 1 34809
61 2 22698
61 3 43558
61 4 36644
61 5 -994
61 6 13683
61 7 24682
61 8 15294
61 9 47548
61 10 35672
61 11 33091
61 12 34333
61 13 12322
61 14 5339
61 15 15325
61 16 -4084
61 17 2429
61 18 13580
61 19 27724
61 20 47601
61 21 30030
61 22 31180
61 23 29943
61 24 48039
61 25 46782
61 26 29188
61 27 25173
61 28 29175
61 29 47910
61 30 38023
61 31 26389
61 32 41150
61 33 45151
61 34 51474
61 35 57853
61 36 26871
61 37 5717
61 38 8153
61 39 34887
61 40 25462
61 41 27154
61 42 11949
61 43 12728
61 44 3238
61 45 6847
61 46 15527
61 47 22551
61 48 15223
61 49 32668
61 50 37905
61 51 44668
61 52 21755
61 53 23499
61 54 37857
61 55 48148
61 56 38743
61 57 17773
61 58 20533
61 59 2164
61 60 9311
61 62 29505
61 63 42304
61 64 30863
61 65 52358
61 66 42889
61 67 37458
61 68 36406
61 69 32141
61 70 38312
61 71 52972
61 72 27847
61 73 29324
61 74 32336
61 75 31277
61 76 37215
61 77 41103
61 78 52610
61 79 42574
61 80 43955
61 81 42931
61 82 16253
61 83 8940
61 84 2644
61 85 -7065
61 86 -4986
61 87 9481
61 88 27717
61 89 14178
61 90 43918
61 91 4053
61 92 9358
61 93 -407
61 94 9191
61 95 8025
61 96 7710
61 97 9208
61 98 3715
61 99 5924
61 100 2841
61 101 34333
61 102 36052
61 103 47787
61 104 6126
61 105 24568
61 106 19711
61 107 32291
61 108 34011
61 109 37200
61 110 36502
61 111 30335
61 112 15890
61 113 -4433
61 114 10451
61 115 21944
61 116 40374
61 117 13145
61 118 -35
61 119 6155
61 120 44651
61 121 46694
61 122 40084
61 123 26074
61 124 22633
61 125 4667
61 126 41591
61 127 26979
61 128 44721
61 129 49000
61 130 39546
61 131 42745
61 132 30711
61 133 30112
61 134 41633
61 135 54434
61 136 63232
61 137 17367
61 138 31777
61 139 42987
61 140 7230
61 141 -1388
61 142 11182
61 143 30526
61 144 14478
61 145 23053
61 146 23510
61 147 10395
61 148 27955
61 149 31005
61 150 42956
61 151 5926
61 152 18544
61 153 19267
61 154 28581
61 155 36498
61 156 20637
61 157 41800
61 158 43003
61 159 27356
61 160 41227
61 161 44886
61 162 30062
61 163 45654
61 164 47706
61 165 46228
61 166 10506
61 167 24346
61 168 25276
61 169 47646
61 170 44328
61 171 24433
61 172 12239
61 173 -450
61 174 10459
61 175 35133
61 176 30172
61 177 38954
61 178 17007
61 179 34421
61 180 25660
61 181 37131
61 182 21069
61 183 9986
61 184 36421
61 185 45385
61 186 39333
61 187 42743
61 188 44797
61 189 35672
61 190 24646
61 191 717
61 192 4363
61 193 431
61 194 20472
61 195 32206
61 196 37311
61 197 32298
61 198 29173
61 199 11303
61 200 25645
62 1 15756
62 2 41106
62 3 29319
62 4 42499
62 5 21709
62 6 27383
62 7 6423
62 8 16707
62 9 22532
62 10 1748
62 11 -620
62 12 29486
62 13 27835
62 14 39857
62 15 42491
62 16 31941
62 17 27047
62 18 14130
62 19 819
62 20 17106
62 21 40205
62 22 47726
62 23 44332
62 24 40921
62 25 49533
62 26 30647
62 27 18250
62 28 24414
62 29 35964
62 30 8541
62 31 1771
62 32 6169
62 33 25116
62 34 31184
62 35 32039
62 36 11599
62 37 34983
62 38 44208
62 39 43822
62 40 34118
62 41 46755
62 42 40978
62 43 44030
62 44 39068
62 45 18522
62 46 13693
62 47 6427
62 48 -265
62 49 8852
62 50 21519
62 51 19419
62 52 12845
62 53 27504
62 54 36512
62 55 49540
62 56 50401
62 57 41139
62 58 30626
62 59 27296
62 60 23131
62 61 29850
62 63 6272
62 64 -1198
62 65 21980
62 66 10644
62 67 47519
62 68 27135
62 69 15199
62 70 10857
62 71 24518
62 72 39829
62 73 42185
62 74 46691
62 75 45295
62 76 25751
62 77 28565
62 78 33657
62 79 26056
62 80 36350
62 81 21757
62 82 7271
62 83 19046
62 84 25540
62 85 25341
62 86 29735
62 87 32593
62 88 2737
62 89 19461
62 90 8309
62 91 38247
62 92 35216
62 93 28118
62 94 25937
62 95 29040
62 96 28334
62 97 32880
62 98 33435
62 99 29927
62 100 34803
62 101 11114
62 102 17969
62 103 19854
62 104 30129
62 105 28181
62 106 6415
62 107 1574
62 108 -412
62 109 33737
62 110 43191
62 111 20612
62 112 22200
62 113 26575
62 114 12451
62 115 40327
62 116 29668
62 117 33240
62 118 15631
62 119 41435
62 120 21251
62 121 34784
62 122 13514
62 123 894
62 124 11437
62 125 16050
62 126 5544
62 127 8641
62 128 12736
62 129 32556
62 130 39459
62 131 8296
62 132 15091
62 133 46144
62 134 36467
62 135 29351
62 136 35739
62 137 34145
62 138 28137
62 139 50577
62 140 43279
62 141 34656
62 142 42633
62 143 9843
62 144 37770
62 145 42928
62 146 19126
62 147 21150
62 148 -2498
62 149 33202
62 150 35351
62 151 31784
62 152 28637
62 153 9762
62 154 24941
62 155 42353
62 156 23010
62 157 22960
62 158 28764
62 159 -8104
62 160 8638
62 161 17252
62 162 7632
62 163 38876
62 164 25811
62 165 47218
62 166 17710
62 167 11989
62 168 8269
62 169 31478
62 170 50238
62 171 39839
62 172 39479
62 173 28123
62 174 13484
62 175 4042
62 176 14580
62 177 34012
62 178 36072
62 179 36892
62 180 31812
62 181 1082
62 182 -4222
62 183 24189
62 184 26813
62 185 27152
62 186 51665
62 187 49987
62 188 14477
62 189 1748
62 190 3023
62 191 36437
62 192 38834
62 193 33840
62 194 5280
62 195 31945
62 196 25743
62 197 43496
62 198 37150
62 199 20627
62 200 25645
63 1 20934
63 2 51268
63 3 32582
63 4 49894
63 5 33102
63 6 38416
63 7 17727
63 8 27253
63 9 20879
63 10 4910
63 11 -620
63 12 35822
63 13 38396
63 14 51229
63 15 53222
63 16 43309
63 17 37986
63 18 25524
63 19 6599
63 20 13409
63 21 48990
63 22 57018
63 23 52789
63 24 44900
63 25 55639
63 26 38600
63 27 27238
63 28 32323
63 29 38687
63 30 8227
63 31 10015
63 32 -1387
63 33 26566
63 34 30571
63 35 28638
63 36 16079
63 37 46270
63 38 55581
63 39 51273
63 40 43324
63 41 56461
63 42 52057
63 43 55142
63 44 50468
63 45 29058
63 46 22177
63 47 13324
63 48 9228
63 49 9285
63 50 25756
63 51 19016
63 52 23548
63 53 36831
63 54 42580
63 55 55550
63 56 58673
63 57 51668
63 58 40382
63 59 38562
63 60 34532
63 61 41228
63 62 4851
63 64 -7800
63 65 15398
63 66 3850
63 67 54741
63 68 31644
63 69 22336
63 70 14105
63 71 20053
63 72 48592
63 73 51275
63 74 55736
63 75 54092
63 76 30897
63 77 32685
63 78 34187
63 79 28194
63 80 41261
63 81 22265
63 82 18118
63 83 30327
63 84 36804
63 85 36733
63 86 40960
63 87 43403
63 88 13441
63 89 30389
63 90 1379
63 91 49642
63 92 46425
63 93 39484
63 94 36885
63 95 40069
63 96 39567
63 97 43908
63 98 44761
63 99 41244
63 100 46144
63 101 16519
63 102 21130
63 103 16713
63 104 41446
63 105 37042
63 106 17817
63 107 4634
63 108 -412
63 109 40029
63 110 51053
63 111 27618
63 112 32490
63 113 37689
63 114 23338
63 115 50405
63 116 34448
63 117 44112
63 118 27032
63 119 52833
63 120 20204
63 121 37757
63 122 14695
63 123 9111
63 124 19844
63 125 26693
63 126 -3896
63 127 18192
63 128 7837
63 129 34559
63 130 45650
63 131 1267
63 132 22147
63 133 55326
63 134 41331
63 135 26534
63 136 31217
63 137 44532
63 138 35463
63 139 57902
63 140 54648
63 141 46040
63 142 53843
63 143 12479
63 144 48436
63 145 52847
63 146 28924
63 147 32185
63 148 8482
63 149 40848
63 150 40262
63 151 42993
63 152 38393
63 153 21159
63 154 32267
63 155 49748
63 156 32889
63 157 25590
63 158 32027
63 159 -290
63 160 4091
63 161 13756
63 162 14292
63 163 43253
63 164 24798
63 165 53237
63 166 29047
63 167 21056
63 168 15340
63 169 33001
63 170 56834
63 171 49118
63 172 50444
63 173 39438
63 174 23614
63 175 6002
63 176 20697
63 177 39629
63 178 46255
63 179 44110
63 180 40476
63 181 -10169
63 182 7156
63 183 35132
63 184 32204
63 185 28974
63 186 59946
63 187 57192
63 188 10349
63 189 4910
63 190 12258
63 191 47837
63 192 50217
63 193 45224
63 194 16680
63 195 39012
63 196 30483
63 197 51941
63 198 45441
63 199 31741
63 200 35078
64 1 34731
64 2 61902
64 3 46929
64 4 63093
64 5 39298
64 6 47417
64 7 24938
64 8 30555
64 9 34931
64 10 18095
64 11 4318
64 12 49445
64 13 48414
64 14 58021
64 15 62698
64 16 48663
64 17 41261
64 18 33027
64 19 8599
64 20 27281
64 21 61201
64 22 68743
64 23 65297
64 24 59209
64 25 69453
64 26 51405
64 27 39214
64 28 45102
64 29 53099
64 30 22648
64 31 22233
64 32 12154
64 33 40988
64 34 44700
64 35 41893
64 36 10909
64 37 53992
64 38 60596
64 39 64467
64 40 55141
64 41 67699
64 42 60598
64 43 63452
64 44 56315
64 45 31640
64 46 21307
64 47 12438
64 48 12285
64 49 989
64 50 39887
64 51 33368
64 52 33604
64 53 48527
64 54 56361
64 55 69388
64 56 71316
64 57 61635
64 58 51604
64 59 46503
64 60 41177
64 61 46879
64 62 14473
64 63 9292
64 65 26495
64 66 15723
64 67 68083
64 68 45821
64 69 35372
64 70 28118
64 71 32989
64 72 60828
64 73 63208
64 74 67714
64 75 66303
64 76 44864
64 77 46905
64 78 48529
64 79 42613
64 80 55355
64 81 36641
64 82 23058
64 83 35799
64 84 41747
64 85 43472
64 86 45031
64 87 52808
64 88 23725
64 89 39791
64 90 15775
64 91 56222
64 92 54604
64 93 46678
64 94 46069
64 95 48960
64 96 47758
64 97 52752
64 98 52242
64 99 48923
64 100 53432
64 101 30098
64 102 35443
64 103 30435
64 104 49125
64 105 49167
64 106 25607
64 107 7114
64 108 13458
64 109 53689
64 110 63960
64 111 40853
64 112 43034
64 113 41449
64 114 27579
64 115 61160
64 116 48535
64 117 53429
64 118 33714
64 119 59141
64 120 34349
64 121 52153
64 122 29087
64 123 12857
64 124 20311
64 125 29613
64 126 10104
64 127 29629
64 128 21444
64 129 48981
64 130 59395
64 131 14676
64 132 35253
64 133 67166
64 134 55468
64 135 40064
64 136 43879
64 137 54834
64 138 48606
64 139 71159
64 140 59618
64 141 51540
64 142 61807
64 143 6319
64 144 58142
64 145 63808
64 146 40139
64 147 41229
64 148 18506
64 149 53859
64 150 54356
64 151 51172
64 152 49615
64 153 28978
64 154 45410
64 155 62947
64 156 43993
64 157 39961
64 158 46374
64 159 10755
64 160 18062
64 161 27233
64 162 27396
64 163 57490
64 164 38876
64 165 67066
64 166 36943
64 167 32936
64 168 14976
64 169 47411
64 170 70466
64 171 60859
64 172 59373
64 173 44590
64 174 25740
64 175 7975
64 176 34231
64 177 53535
64 178 56850
64 179 57379
64 180 52777
64 181 -2200
64 182 15393
64 183 44364
64 184 46121
64 185 43396
64 186 72585
64 187 70516
64 188 23963
64 189 18095
64 190 23910
64 191 53792
64 192 56923
64 193 52037
64 194 24454
64 195 52335
64 196 44568
64 197 64444
64 198 58048
64 199 36418
64 200 46669
65 1 31521
65 2 64451
65 3 28461
65 4 50886
65 5 58766
65 6 59181
65 7 47409
65 8 58318
65 9 9853
65 10 31658
65 11 34999
65 12 38454
65 13 55351
65 14 72862
65 15 67943
65 16 68600
65 17 67087
65 18 51664
65 19 41579
65 20 15779
65 21 56269
65 22 64456
65 23 55271
65 24 36017
65 25 50710
65 26 45627
65 27 42959
65 28 42572
65 29 27940
65 30 20219
65 31 32376
65 32 18773
65 33 22073
65 34 12278
65 35 4458
65 36 51870
65 37 67576
65 38 79736
65 39 50441
65 40 53906
65 41 65473
65 42 70271
65 43 72669
65 44 74244
65 45 59857
65 46 56168
65 47 48242
65 48 42214
65 49 44980
65 50 29565
65 51 17441
65 52 46343
65 53 49892
65 54 40840
65 55 51147
65 56 61643
65 57 66038
65 58 53695
65 59 60171
65 60 60372
65 61 66657
65 62 35934
65 63 30773
65 64 24778
65 66 -4910
65 67 51442
65 68 28390
65 69 37221
65 70 30354
65 71 332
65 72 54761
65 73 59209
65 74 62571
65 75 59328
65 76 33405
65 77 31086
65 78 21194
65 79 21002
65 80 38522
65 81 14542
65 82 48816
65 83 58269
65 84 64253
65 85 60164
65 86 67749
65 87 60489
65 88 40241
65 89 51691
65 90 29480
65 91 72875
65 92 67167
65 93 62477
65 94 56485
65 95 59662
65 96 61301
65 97 62985
65 98 66704
65 99 63746
65 100 67956
65 101 32151
65 102 22269
65 103 7619
65 104 63948
65 105 47826
65 106 45817
65 107 40099
65 108 25964
65 109 41322
65 110 54457
65 111 37036
65 112 49918
65 113 65652
65 114 53484
65 115 62956
65 116 34274
65 117 62463
65 118 52605
65 119 75714
65 120 7898
65 121 28553
65 122 23770
65 123 42992
65 124 53855
65 125 57225
65 126 31243
65 127 40165
65 128 13183
65 129 26391
65 130 43608
65 131 17516
65 132 35857
65 133 62226
65 134 35824
65 135 5023
65 136 3279
65 137 59917
65 138 42302
65 139 57206
65 140 78966
65 141 70730
65 142 73088
65 143 48382
65 144 64124
65 145 63477
65 146 46925
65 147 53389
65 148 37386
65 149 45744
65 150 37523
65 151 63735
65 152 51706
65 153 48430
65 154 39106
65 155 50740
65 156 49243
65 157 25304
65 158 27906
65 159 29909
65 160 15346
65 161 -636
65 162 32077
65 163 36458
65 164 7798
65 165 49228
65 166 53489
65 167 39278
65 168 50145
65 169 21184
65 170 52537
65 171 57078
65 172 67865
65 173 66152
65 174 55473
65 175 41662
65 176 31214
65 177 38373
65 178 59363
65 179 46342
65 180 49020
65 181 12785
65 182 37041
65 183 55120
65 184 34087
65 185 23029
65 186 62537
65 187 55939
65 188 8726
65 189 31658
65 190 34892
65 191 71819
65 192 72523
65 193 68055
65 194 45060
65 195 42243
65 196 31046
65 197 56398
65 198 50771
65 199 60714
65 200 50080
66 1 21819
66 2 56379
66 3 24340
66 4 46797
66 5 47116
66 6 48609
66 7 34493
66 8 45393
66 9 5786
66 10 18445
66 11 21401
66 12 32786
66 13 45918
66 14 62610
66 15 59757
66 16 57247
66 17 54731
66 18 39623
66 19 28000
66 20 3914
66 21 49939
66 22 58460
66 23 51196
66 24 35141
66 25 48993
66 26 38833
66 27 33002
66 28 34273
66 29 27321
66 30 8227
66 31 20210
66 32 5173
66 33 16880
66 34 14157
66 35 8541
66 36 38273
66 37 57188
66 38 68899
66 39 47394
66 40 46280
66 41 59042
66 42 60902
66 43 63694
66 44 63366
66 45 47059
66 46 42762
66 47 34687
66 48 28882
66 49 31551
66 50 22101
66 51 9419
66 52 34750
66 53 41218
66 54 37301
66 55 49061
66 56 57154
66 57 57774
66 58 45215
66 59 49600
66 60 48579
66 61 55194
66 62 22604
66 63 17231
66 64 12012
66 65 -6904
66 67 49611
66 68 24632
66 69 26806
66 70 18513
66 71 -530
66 72 48979
66 73 52790
66 74 56676
66 75 54060
66 76 27069
66 77 26180
66 78 20361
66 79 17823
66 80 34749
66 81 10425
66 82 35860
66 83 45997
66 84 52212
66 85 49208
66 86 56077
66 87 51266
66 88 27557
66 89 40792
66 90 15881
66 91 62034
66 92 56866
66 93 51576
66 94 46303
66 95 49587
66 96 50609
66 97 53137
66 98 56132
66 99 52905
66 100 57491
66 101 20983
66 102 15398
66 103 705
66 104 53107
66 105 39864
66 106 33223
66 107 26498
66 108 12621
66 109 36312
66 110 49425
66 111 28610
66 112 40051
66 113 53611
66 114 40721
66 115 55110
66 116 29051
66 117 52738
66 118 40894
66 119 65081
66 120 5251
66 121 27168
66 122 12950
66 123 29506
66 124 40414
66 125 44473
66 126 17665
66 127 28380
66 128 197
66 129 23687
66 130 40320
66 131 3916
66 132 25807
66 133 56413
66 134 33574
66 135 7424
66 136 9777
66 137 51026
66 138 35202
66 139 53989
66 140 68073
66 141 59574
66 142 63481
66 143 34829
66 144 55386
66 145 56428
66 146 36523
66 147 42639
66 148 24340
66 149 39794
66 150 33750
66 151 53434
66 152 43226
66 153 36018
66 154 32006
66 155 46651
66 156 39532
66 157 18779
66 158 23785
66 159 16586
66 160 2151
66 161 -4528
66 162 20671
66 163 34620
66 164 8414
66 165 46923
66 166 41906
66 167 28467
66 168 36599
66 169 20362
66 170 50810
66 171 50803
66 172 58692
66 173 54325
66 174 42426
66 175 28064
66 176 21931
66 177 34266
66 178 51349
66 179 41467
66 180 41977
66 181 17
66 182 23994
66 183 44769
66 184 28205
66 185 18906
66 186 58259
66 187 52941
66 188 -2595
66 189 18445
66 190 22856
66 191 60836
66 192 62019
66 193 57313
66 194 32377
66 195 36747
66 196 25422
66 197 51256
66 198 45058
66 199 48234
66 200 40647
67 1 47629
67 2 32832
67 3 37465
67 4 12667
67 5 49995
67 6 48242
67 7 62548
67 8 64694
67 9 47762
67 10 61710
67 11 67535
67 12 29255
67 13 36353
67 14 43261
67 15 26152
67 16 50385
67 17 60060
67 18 54291
67 19 67289
67 20 58876
67 21 23415
67 22 17894
67 23 -5068
67 24 23977
67 25 8764
67 26 28949
67 27 44579
67 28 38626
67 29 30004
67 30 53686
67 31 51754
67 32 62167
67 33 44543
67 34 40114
67 35 52549
67 36 74655
67 37 46109
67 38 49905
67 39 -4691
67 40 31045
67 41 17752
67 42 38544
67 43 33066
67 44 49907
67 45 60969
67 46 67463
67 47 68289
67 48 58794
67 49 75954
67 50 42543
67 51 50392
67 52 52720
67 53 37236
67 54 18580
67 55 15577
67 56 11675
67 57 30142
67 58 33893
67 59 42933
67 60 55932
67 61 51983
67 62 61699
67 63 70342
67 64 66592
67 65 51668
67 66 51831
67 68 25654
67 69 49784
67 70 56873
67 71 53825
67 72 14769
67 73 22509
67 74 19073
67 75 11034
67 76 37215
67 77 36412
67 78 43555
67 79 35721
67 80 31913
67 81 40948
67 82 59901
67 83 57698
67 84 57314
67 85 42222
67 86 49341
67 87 33503
67 88 58782
67 89 47178
67 90 68601
67 91 52074
67 92 47264
67 93 46148
67 94 41403
67 95 41123
67 96 47360
67 97 40810
67 98 46695
67 99 49156
67 100 45051
67 101 52554
67 102 38937
67 103 52095
67 104 49358
67 105 32729
67 106 57303
67 107 69549
67 108 58943
67 109 27965
67 110 20014
67 111 39682
67 112 40274
67 113 53642
67 114 58738
67 115 29540
67 116 35911
67 117 41975
67 118 46975
67 119 49699
67 120 42186
67 121 30889
67 122 53183
67 123 65667
67 124 69781
67 125 58277
67 126 69730
67 127 53706
67 128 58195
67 129 41048
67 130 17218
67 131 61949
67 132 46872
67 133 14929
67 134 20449
67 135 49238
67 136 59342
67 137 36177
67 138 34194
67 139 7939
67 140 49925
67 141 49581
67 142 40810
67 143 75504
67 144 32681
67 145 21082
67 146 47305
67 147 45061
67 148 59639
67 149 24616
67 150 30914
67 151 43832
67 152 31904
67 153 57379
67 154 30998
67 155 12521
67 156 42066
67 157 43861
67 158 36910
67 159 57461
67 160 57457
67 161 46660
67 162 50630
67 163 24872
67 164 40038
67 165 15875
67 166 50977
67 167 47086
67 168 70369
67 169 35474
67 170 -1535
67 171 14947
67 172 36208
67 173 55966
67 174 61833
67 175 72159
67 176 42320
67 177 26192
67 178 26493
67 179 20178
67 180 26486
67 181 61374
67 182 56188
67 183 42628
67 184 34100
67 185 41709
67 186 8989
67 187 6114
67 188 54320
67 189 61710
67 190 51281
67 191 50011
67 192 46696
67 193 46915
67 194 57808
67 195 23967
67 196 34669
67 197 12970
67 198 17887
67 199 61443
67 200 44013
68 1 14549
68 2 29070
68 3 1787
68 4 12484
68 5 34274
68 6 31645
68 7 35122
68 8 42363
68 9 12492
68 10 28845
68 11 35725
68 12 1984
68 13 23824
68 14 41241
68 15 31954
68 16 41213
68 17 44997
68 18 31705
68 19 37664
68 20 23201
68 21 18742
68 22 26349
68 23 16947
68 24 3759
68 25 14655
68 26 9860
68 27 18179
68 28 12528
68 29 1427
68 30 18817
68 31 20729
68 32 27233
68 33 8844
68 34 8432
68 35 19342
68 36 47448
68 37 37479
68 38 49199
68 39 12705
68 40 18704
68 41 27600
68 42 36847
68 43 37857
68 44 44666
68 45 41625
68 46 44272
68 47 41224
68 48 32127
68 49 46062
68 50 8066
68 51 14667
68 52 26823
68 53 18153
68 54 2630
68 55 14602
68 56 23189
68 57 30574
68 58 20304
68 59 31243
68 60 37450
68 61 40281
68 62 30665
68 63 36595
68 64 33680
68 65 17966
68 66 16202
68 67 15004
68 69 18786
68 70 23199
68 71 19053
68 72 16642
68 73 21627
68 74 24458
68 75 20922
68 76 3685
68 77 915
68 78 10102
68 79 629
68 80 75
68 81 5533
68 82 34831
68 83 37835
68 84 41279
68 85 31926
68 86 41094
68 87 27393
68 88 29108
68 89 26639
68 90 34444
68 91 43840
68 92 37173
68 93 34446
68 94 27184
68 95 29463
68 96 33326
68 97 31713
68 98 37245
68 99 35953
68 100 37773
68 101 19818
68 102 3605
68 103 16536
68 104 36155
68 105 14290
68 106 30916
68 107 38765
68 108 25497
68 109 3411
68 110 16069
68 111 9995
68 112 21236
68 113 41383
68 114 36553
68 115 27126
68 116 1383
68 117 31233
68 118 29128
68 119 45359
68 120 7277
68 121 261
68 122 18290
68 123 36695
68 124 44078
68 125 38811
68 126 36116
68 127 24493
68 128 22583
68 129 6336
68 130 5614
68 131 26778
68 132 15965
68 133 24018
68 134 -377
68 135 15762
68 136 26023
68 137 26678
68 138 8697
68 139 19320
68 140 48662
68 141 42322
68 142 39992
68 143 46716
68 144 29737
68 145 26254
68 146 22510
68 147 26911
68 148 29226
68 149 8384
68 150 -924
68 151 33741
68 152 18315
68 153 31931
68 154 5501
68 155 12338
68 156 20915
68 157 8287
68 158 1232
68 159 25716
68 160 22134
68 161 11491
68 162 18781
68 163 1669
68 164 6772
68 165 12383
68 166 30634
68 167 18883
68 168 43116
68 169 3001
68 170 16336
68 171 19231
68 172 34134
68 173 41752
68 174 39975
68 175 41147
68 176 10324
68 177 -94
68 178 23800
68 179 7972
68 180 12981
68 181 26423
68 182 27163
68 183 26743
68 184 1273
68 185 6181
68 186 24130
68 187 18238
68 188 18585
68 189 28845
68 190 21254
68 191 42910
68 192 41944
68 193 38749
68 194 30979
68 195 4552
68 196 189
68 197 17986
68 198 12746
68 199 41314
68 200 21528
69 1 993
69 2 28723
69 3 13815
69 4 25908
69 5 20101
69 6 20174
69 7 14742
69 8 23484
69 9 13672
69 10 10188
69 11 16077
69 12 12465
69 13 17381
69 14 34067
69 15 31731
69 16 29628
69 17 29444
69 18 14076
69 19 17153
69 20 14668
69 21 24948
69 22 33188
69 23 28627
69 24 24373
69 25 32528
69 26 14435
69 27 4435
69 28 8165
69 29 20342
69 30 5758
69 31 361
69 32 12704
69 33 12265
69 34 19194
69 35 24039
69 36 26844
69 37 28679
69 38 40707
69 39 27291
69 40 19648
69 41 32983
69 42 32314
69 43 35195
69 44 35200
69 45 23895
69 46 24541
69 47 20666
69 48 11720
69 49 25704
69 50 6024
69 51 10698
69 52 8318
69 53 13537
69 54 19487
69 55 32522
69 56 34507
69 57 29804
69 58 17474
69 59 21182
69 60 21985
69 61 27765
69 62 10478
69 63 19036
69 64 14980
69 65 18546
69 66 10125
69 67 30883
69 68 10535
69 70 6704
69 71 19036
69 72 24517
69 73 27373
69 74 31772
69 75 30007
69 76 9069
69 77 12407
69 78 20689
69 79 11599
69 80 19546
69 81 9813
69 82 15058
69 83 20867
69 84 26102
69 85 21113
69 86 28946
69 87 22757
69 88 8495
69 89 12653
69 90 17788
69 91 33831
69 92 28315
69 93 23426
69 94 17698
69 95 20967
69 96 22270
69 97 24502
69 98 27722
69 99 24697
69 100 29026
69 101 1796
69 102 3564
69 103 13890
69 104 24899
69 105 13195
69 106 11013
69 107 18584
69 108 7681
69 109 16718
69 110 26917
69 111 3663
69 112 11429
69 113 27329
69 114 17946
69 115 27662
69 116 13066
69 117 24112
69 118 14082
69 119 36727
69 120 11076
69 121 19048
69 122 6666
69 123 16091
69 124 23777
69 125 21122
69 126 18363
69 127 4050
69 128 12593
69 129 18140
69 130 22448
69 131 13267
69 132 -1934
69 133 31421
69 134 19598
69 135 20705
69 136 29276
69 137 22762
69 138 11414
69 139 33966
69 140 39927
69 141 31693
69 142 34850
69 143 26153
69 144 27110
69 145 29693
69 146 7944
69 147 14340
69 148 8762
69 149 16737
69 150 18547
69 151 24883
69 152 15485
69 153 12545
69 154 8218
69 155 25762
69 156 10979
69 157 9099
69 158 13260
69 159 5939
69 160 9984
69 161 10928
69 162 -934
69 163 22189
69 164 14724
69 165 30199
69 166 14922
69 167 346
69 168 22547
69 169 17204
69 170 33342
69 171 25308
69 172 30170
69 173 27629
69 174 21077
69 175 21071
69 176 -2106
69 177 17011
69 178 23719
69 179 20178
69 180 16436
69 181 11383
69 182 6548
69 183 16215
69 184 9955
69 185 13384
69 186 35780
69 187 33315
69 188 11596
69 189 10188
69 190 639
69 191 32768
69 192 33584
69 193 29028
69 194 10871
69 195 15136
69 196 9224
69 197 27787
69 198 21279
69 199 23874
69 200 12316
70 1 4583
70 2 37707
70 3 16799
70 4 33707
70 5 26357
70 6 28001
70 7 15507
70 8 26156
70 9 9907
70 10 3485
70 11 10553
70 12 19471
70 13 26074
70 14 42011
70 15 40630
70 16 36444
70 17 34440
70 18 19036
70 19 13960
70 20 7012
70 21 33666
70 22 42023
70 23 37015
70 24 28910
70 25 39238
70 26 22850
70 27 13280
70 28 16811
70 29 23297
70 30 -2584
70 31 -238
70 32 3766
70 33 11994
70 34 18092
70 35 19930
70 36 24736
70 37 36585
70 38 48113
70 39 35059
70 40 28589
70 41 41926
70 42 40858
70 43 43839
70 44 42584
70 45 27462
70 46 25430
70 47 19302
70 48 11536
70 49 21503
70 50 9478
70 51 6585
70 52 13949
70 53 22537
70 54 26181
70 55 39150
70 56 42842
70 57 38732
70 58 26467
70 59 28941
70 60 27863
70 61 34402
70 62 6602
70 63 11271
70 64 8192
70 65 12145
70 66 2298
70 67 38438
70 68 15414
70 69 7170
70 71 13360
70 72 33175
70 73 36190
70 74 40533
70 75 38633
70 76 14508
70 77 16531
70 78 20505
70 79 13115
70 80 24945
70 81 8611
70 82 16828
70 83 25620
70 84 31642
70 85 28425
70 86 35343
70 87 31444
70 88 8117
70 89 20081
70 90 9437
70 91 41268
70 92 36322
70 93 30809
70 94 25889
70 95 29201
70 96 29920
70 97 32866
70 98 35456
70 99 32160
70 100 36841
70 101 796
70 102 5290
70 103 8218
70 104 32362
70 105 22105
70 106 13371
70 107 14162
70 108 11
70 109 23659
70 110 35083
70 111 11664
70 112 20013
70 113 33049
70 114 21104
70 115 36658
70 116 18124
70 117 32594
70 118 20149
70 119 44354
70 120 8351
70 121 22206
70 122 585
70 123 13856
70 124 23624
70 125 24787
70 126 10724
70 127 7609
70 128 4242
70 129 19588
70 130 29253
70 131 4267
70 132 6702
70 133 40214
70 134 25055
70 135 16985
70 136 24286
70 137 31633
70 138 19464
70 139 41663
70 140 47280
70 141 38766
70 142 43242
70 143 22903
70 144 35946
70 145 38682
70 146 16230
70 147 21964
70 148 6382
70 149 24866
70 150 23946
70 151 32890
70 152 24478
70 153 15836
70 154 16268
70 155 33561
70 156 19739
70 157 10075
70 158 16244
70 159 1062
70 160 1189
70 161 5597
70 162 -21
70 163 27108
70 164 12818
70 165 36836
70 166 21118
70 167 7995
70 168 21136
70 169 18433
70 170 40449
70 171 34161
70 172 38820
70 173 33637
70 174 23508
70 175 16363
70 176 4541
70 177 23232
70 178 32705
70 179 27912
70 180 25190
70 181 2650
70 182 5690
70 183 24275
70 184 15806
70 185 14110
70 186 44102
70 187 40918
70 188 4267
70 189 3485
70 190 2243
70 191 40042
70 192 41336
70 193 36572
70 194 12729
70 195 22804
70 196 14157
70 197 36259
70 198 29736
70 199 28109
70 200 21245
71 1 21360
71 2 54199
71 3 18791
71 4 41500
71 5 48937
71 6 49044
71 7 38625
71 8 49424
71 9 -286
71 10 23583
71 11 28439
71 12 28507
71 13 45068
71 14 62631
71 15 57694
71 16 58623
71 17 57614
71 18 42091
71 19 34354
71 20 7339
71 21 46265
71 22 54561
71 23 45964
71 24 27866
71 25 42293
71 26 35497
71 27 32764
71 28 32281
71 29 19809
71 30 11204
71 31 23080
71 32 12636
71 33 11994
71 34 5338
71 35 -876
71 36 45087
71 37 57378
71 38 69593
71 39 41490
71 40 43683
71 41 55489
71 42 59978
71 43 62376
71 44 64125
71 45 50784
71 46 48050
71 47 40750
71 48 34024
71 49 39261
71 50 19283
71 51 7225
71 52 36599
71 53 39596
71 54 31580
71 55 42536
71 56 52166
71 57 55776
71 58 43407
71 59 50015
71 60 50629
71 61 56730
71 62 27931
71 63 24887
71 64 20731
71 65 -10209
71 66 -9077
71 67 43058
71 68 18936
71 69 27170
71 70 21028
71 72 44897
71 73 49198
71 74 52690
71 75 49619
71 76 23272
71 77 21233
71 78 12666
71 79 11574
71 80 29091
71 81 4642
71 82 40015
71 83 48796
71 84 54607
71 85 50083
71 86 57877
71 87 50194
71 88 31298
71 89 41651
71 90 22926
71 91 62759
71 92 56961
71 93 52389
71 94 46273
71 95 49431
71 96 51177
71 97 52725
71 98 56539
71 99 53651
71 100 57767
71 101 22408
71 102 12014
71 103 -2379
71 104 53853
71 105 37561
71 106 36690
71 107 33283
71 108 18209
71 109 31555
71 110 44768
71 111 26740
71 112 39681
71 113 55972
71 114 44422
71 115 52726
71 116 24370
71 117 52195
71 118 42820
71 119 65544
71 120 -1749
71 121 20029
71 122 14087
71 123 35282
71 124 45895
71 125 48111
71 126 25104
71 127 30580
71 128 5748
71 129 17141
71 130 34460
71 131 11292
71 132 25721
71 133 52376
71 134 27041
71 135 -1906
71 136 1300
71 137 49622
71 138 32106
71 139 48171
71 140 68837
71 141 60686
71 142 62803
71 143 42072
71 144 53834
71 145 53368
71 146 36798
71 147 43297
71 148 28880
71 149 35783
71 150 28092
71 151 53529
71 152 41418
71 153 39140
71 154 28910
71 155 41354
71 156 38995
71 157 15070
71 158 18236
71 159 21940
71 160 7866
71 161 -10922
71 162 22397
71 163 27835
71 164 -119
71 165 40511
71 166 43672
71 167 29287
71 168 42613
71 169 12800
71 170 44155
71 171 47110
71 172 57570
71 173 56386
71 174 46714
71 175 35022
71 176 20974
71 177 28866
71 178 49117
71 179 36668
71 180 38868
71 181 8972
71 182 28472
71 183 44940
71 184 24052
71 185 13247
71 186 53139
71 187 46992
71 188 323
71 189 23583
71 190 25473
71 191 61732
71 192 62334
71 193 57919
71 194 36023
71 195 32374
71 196 21041
71 197 46707
71 198 40902
71 199 51386
71 200 39811
72 1 30062
72 2 10698
72 3 25787
72 4 2402
72 5 27226
72 6 25442
72 7 40896
72 8 41993
72 9 36189
72 10 42593
72 11 47264
72 12 14008
72 13 13529
72 14 23579
72 15 9400
72 16 28660
72 17 37481
72 18 31816
72 19 46005
72 20 44011
72 21 1260
72 22 1658
72 23 -3467
72 24 20083
72 25 12070
72 26 9789
72 27 23988
72 28 19235
72 29 23947
72 30 36969
72 31 31946
72 32 44955
72 33 31999
72 34 33027
72 35 43962
72 36 52444
72 37 24068
72 38 31322
72 39 -989
72 40 8846
72 41 2968
72 42 18323
72 43 16316
72 44 29244
72 45 38145
72 46 44745
72 47 46168
72 48 36723
72 49 54480
72 50 27024
72 51 36467
72 52 31149
72 53 15565
72 54 8981
72 55 14602
72 56 3234
72 57 9973
72 58 11316
72 59 20367
72 60 33117
72 61 29697
72 62 41334
72 63 51518
72 64 46662
72 65 42312
72 66 38524
72 67 2094
72 68 14617
72 69 30743
72 70 38935
72 71 42989
72 73 -271
72 74 -237
72 75 -2555
72 76 22146
72 77 23574
72 78 34800
72 79 25100
72 80 20922
72 81 29333
72 82 37611
72 83 34902
72 84 34573
72 85 20038
72 86 28060
72 87 11498
72 88 38089
72 89 24694
72 90 50358
72 91 30362
72 92 24870
72 93 23676
72 94 18580
72 95 18434
72 96 24583
72 97 18427
72 98 24542
72 99 26470
72 100 23425
72 101 34159
72 102 24459
72 103 39478
72 104 26672
72 105 11584
72 106 35473
72 107 48730
72 108 40229
72 109 13920
72 110 3790
72 111 21348
72 112 17901
72 113 31449
72 114 36051
72 115 7646
72 116 22406
72 117 19302
72 118 24151
72 119 29242
72 120 31425
72 121 23570
72 122 36790
72 123 44232
72 124 47424
72 125 35452
72 126 50818
72 127 33214
72 128 42869
72 129 30954
72 130 9004
72 131 45202
72 132 27973
72 133 -575
72 134 13836
72 135 40359
72 136 50579
72 137 13422
72 138 16097
72 139 7175
72 140 31091
72 141 28346
72 142 21222
72 143 53699
72 144 11382
72 145 2639
72 146 25969
72 147 22334
72 148 39117
72 149 6825
72 150 19923
72 151 21438
72 152 9327
72 153 35369
72 154 12901
72 155 2256
72 156 20182
72 157 29889
72 158 25232
72 159 37514
72 160 41237
72 161 35121
72 162 31594
72 163 18665
72 164 31456
72 165 13228
72 166 28308
72 167 26651
72 168 48308
72 169 27525
72 170 8515
72 171 -5162
72 172 15648
72 173 33374
72 174 39072
72 175 51426
72 176 24365
72 177 14505
72 178 4655
72 179 5551
72 180 5366
72 181 43866
72 182 35047
72 183 19818
72 184 19377
72 185 30064
72 186 4281
72 187 6945
72 188 40125
72 189 42593
72 190 31036
72 191 28731
72 192 25985
72 193 25173
72 194 36071
72 195 8053
72 196 20664
72 197 -3591
72 198 -1853
72 199 38643
72 200 22622
73 1 28661
73 2 7656
73 3 25787
73 4 4860
73 5 24078
73 6 22387
73 7 38283
73 8 38991
73 9 35853
73 10 40645
73 11 44984
73 12 13747
73 13 10419
73 14 20854
73 15 7591
73 16 25576
73 17 34319
73 18 28933
73 19 43464
73 20 42980
73 21 -50
73 22 2404
73 23 -789
73 24 21569
73 25 14844
73 26 8685
73 27 21853
73 28 17619
73 29 24899
73 30 35602
73 31 29887
73 32 43386
73 33 31641
73 34 33491
73 35 44040
73 36 49616
73 37 20960
73 38 28709
73 39 2173
73 40 6388
73 41 2870
73 42 15594
73 43 14260
73 44 26324
73 45 35032
73 46 41729
73 47 43377
73 48 33960
73 49 51861
73 50 26174
73 51 35723
73 52 28612
73 53 13189
73 54 10272
73 55 17063
73 56 6319
73 57 7449
73 58 8492
73 59 17206
73 60 30037
73 61 26551
73 62 39067
73 63 49578
73 64 44419
73 65 42137
73 66 37712
73 67 5211
73 68 14979
73 69 28976
73 70 37327
73 71 42667
73 72 -4894
73 74 1073
73 75 -130
73 76 21564
73 77 23429
73 78 35084
73 79 25189
73 80 21399
73 81 29101
73 82 34783
73 83 31843
73 84 31420
73 85 16906
73 86 25026
73 87 8424
73 88 35769
73 89 21830
73 90 48569
73 91 27291
73 92 21721
73 93 20519
73 94 15464
73 95 15273
73 96 21436
73 97 15282
73 98 21417
73 99 23310
73 100 20375
73 101 32489
73 102 23786
73 103 38894
73 104 23512
73 105 9533
73 106 32815
73 107 46311
73 108 38366
73 109 14089
73 110 5449
73 111 19936
73 112 15123
73 113 28308
73 114 33059
73 115 4708
73 116 22209
73 117 16140
73 118 21054
73 119 26367
73 120 31263
73 121 24359
73 122 35536
73 123 41658
73 124 44559
73 125 32345
73 126 48863
73 127 30994
73 128 41722
73 129 31131
73 130 10653
73 131 43736
73 132 26266
73 133 622
73 134 15158
73 135 40419
73 136 50579
73 137 10267
73 138 15020
73 139 10266
73 140 28439
73 141 25332
73 142 18581
73 143 50992
73 144 8495
73 145 1241
73 146 23570
73 147 19338
73 148 36825
73 149 6488
73 150 20400
73 151 18289
73 152 6503
73 153 32655
73 154 11824
73 155 4714
73 156 17626
73 157 29298
73 158 25232
73 159 35355
73 160 39912
73 161 34716
73 162 29765
73 163 19914
73 164 31661
73 165 15541
73 166 25339
73 167 24501
73 168 45538
73 169 28031
73 170 11614
73 171 -5405
73 172 12874
73 173 30212
73 174 36034
73 175 49025
73 176 22926
73 177 15055
73 178 1710
73 179 6413
73 180 3651
73 181 42184
73 182 32583
73 183 16753
73 184 18960
73 185 29921
73 186 7268
73 187 10032
73 188 39217
73 189 40645
73 190 28870
73 191 25717
73 192 23078
73 193 22099
73 194 33441
73 195 8053
73 196 20320
73 197 -428
73 198 -1295
73 199 35578
73 200 20275
74 1 32867
74 2 10361
74 3 28946
74 4 4860
74 5 27653
74 6 26384
74 7 42701
74 8 43050
74 9 39322
74 10 45072
74 11 49456
74 12 17134
74 13 14294
74 14 22166
74 15 7041
74 16 28118
74 17 37594
74 18 33174
74 19 47902
74 20 46980
74 21 3859
74 22 -1505
74 23 -5026
74 24 22979
74 25 13879
74 26 12676
74 27 26310
74 28 21910
74 29 27015
74 30 39797
74 31 34336
74 32 47683
74 33 35125
74 34 36172
74 35 47124
74 36 53890
74 37 23699
74 38 29678
74 39 -554
74 40 10860
74 41 -117
74 42 17001
74 43 14101
74 44 28202
74 45 38785
74 46 45750
74 47 47687
74 48 38293
74 49 56268
74 50 30039
74 51 39519
74 52 33059
74 53 17662
74 54 11996
74 55 16861
74 56 3094
74 57 8485
74 58 12851
74 59 20477
74 60 33936
74 61 29529
74 62 43539
74 63 54005
74 64 48891
74 65 45465
74 66 41564
74 67 1741
74 68 17776
74 69 33341
74 70 41636
74 71 46125
74 72 -4894
74 73 1039
74 75 -4334
74 76 25224
74 77 26721
74 78 37959
74 79 28262
74 80 24075
74 81 32476
74 82 39069
74 83 35787
74 84 34930
74 85 19784
74 86 27311
74 87 11075
74 88 40241
74 89 26106
74 90 52952
74 91 29797
74 92 24792
74 93 23676
74 94 19286
74 95 18732
74 96 25055
74 97 18338
74 98 24259
74 99 26747
74 100 22799
74 101 36821
74 102 27523
74 103 42570
74 104 26949
74 105 13960
74 106 37215
74 107 50773
74 108 42771
74 109 17081
74 110 6821
74 111 24137
74 112 19481
74 113 31216
74 114 37139
74 115 7086
74 116 25547
74 117 19583
74 118 24897
74 119 28110
74 120 34576
74 121 26674
74 122 39667
74 123 46086
74 124 48801
74 125 36126
74 126 53293
74 127 35463
74 128 45795
74 129 34116
74 130 11887
74 131 47986
74 132 30608
74 133 -3658
74 134 16813
74 135 43521
74 136 53740
74 137 13910
74 138 19015
74 139 8286
74 140 29510
74 141 27554
74 142 19718
74 143 55355
74 144 10478
74 145 255
74 146 28040
74 147 23451
74 148 41297
74 149 9916
74 150 23076
74 151 21360
74 152 10862
74 153 37028
74 154 15819
74 155 4714
74 156 22076
74 157 32973
74 158 28391
74 159 39820
74 160 44088
74 161 38245
74 162 34154
74 163 21661
74 164 34617
74 165 15644
74 166 29477
74 167 28961
74 168 49863
74 169 30668
74 170 9435
74 171 -7405
74 172 14435
74 173 33506
74 174 40016
74 175 53491
74 176 27148
74 177 17654
74 178 4057
74 179 8689
74 180 7938
74 181 46530
74 182 37041
74 183 20732
74 184 22485
74 185 33215
74 186 3605
74 187 8049
74 188 43134
74 189 45072
74 190 33334
74 191 27951
74 192 24939
74 193 24622
74 194 37852
74 195 11199
74 196 23786
74 197 -2281
74 198 1294
74 199 39505
74 200 24747
75 1 35354
75 2 13888
75 3 30229
75 4 4275
75 5 31247
75 6 29975
75 7 46079
75 8 46637
75 9 40834
75 10 47978
75 11 52612
75 12 18794
75 13 17895
75 14 25036
75 15 9077
75 16 31469
75 17 41136
75 18 36703
75 19 51240
75 20 49118
75 21 6637
75 22 -544
75 23 -8583
75 24 22754
75 25 11989
75 26 15063
75 27 29357
75 28 24598
75 29 27321
75 30 42236
75 31 37328
75 32 50279
75 33 36697
75 34 36893
75 35 48201
75 36 57405
75 37 27137
75 38 32312
75 39 -3545
75 40 14087
75 41 734
75 42 19998
75 43 16224
75 44 31306
75 45 42389
75 46 49343
75 47 51179
75 48 41767
75 49 59661
75 50 32080
75 51 41419
75 52 36381
75 53 20861
75 54 12278
75 55 15577
75 56 146
75 57 11478
75 58 16299
75 59 24035
75 60 37539
75 61 33011
75 62 46684
75 63 56902
75 64 52021
75 65 46763
75 66 43489
75 67 -1757
75 68 18781
75 69 36117
75 70 44277
75 71 47595
75 72 -2671
75 73 4377
75 74 207
75 76 27069
75 77 28164
75 78 38894
75 79 29429
75 80 25001
75 81 33917
75 82 42576
75 83 39387
75 84 38515
75 85 23248
75 86 30555
75 87 14529
75 88 43423
75 89 29616
75 90 55729
75 91 33150
75 92 28315
75 93 27208
75 94 22891
75 95 22320
75 96 28655
75 97 21866
75 98 27722
75 99 30328
75 100 26136
75 101 39516
75 102 29398
75 103 44303
75 104 30530
75 105 16956
75 106 40620
75 107 54029
75 108 45609
75 109 18404
75 110 7585
75 111 26659
75 112 22933
75 113 34670
75 114 40721
75 115 10574
75 116 27061
75 117 23172
75 118 28502
75 119 31166
75 120 35927
75 121 27168
75 122 42016
75 123 49445
75 124 52332
75 125 39731
75 126 56202
75 127 38572
75 128 48033
75 129 35195
75 130 11806
75 131 50495
75 132 33340
75 133 -3496
75 134 16873
75 135 44623
75 136 54883
75 137 17515
75 138 21323
75 139 5903
75 140 32200
75 141 30791
75 142 22557
75 143 58802
75 144 13769
75 145 2689
75 146 31267
75 147 27021
75 148 44460
75 149 11812
75 150 24002
75 151 24883
75 152 14310
75 153 40465
75 154 18127
75 155 4129
75 156 25396
75 157 34770
75 158 29674
75 159 42886
75 160 46480
75 161 39804
75 162 36973
75 163 21753
75 164 35600
75 165 14613
75 166 33043
75 167 32020
75 168 53344
75 169 31401
75 170 6673
75 171 -4020
75 172 17522
75 173 37056
75 174 43614
75 175 56733
75 176 29674
75 177 18577
75 178 7521
75 179 9668
75 180 10751
75 181 49215
75 182 40323
75 183 24326
75 184 24207
75 185 34595
75 186 160
75 187 5612
75 188 45161
75 189 47978
75 190 36405
75 191 31200
75 192 28055
75 193 27984
75 194 41240
75 195 12761
75 196 25422
75 197 -2630
75 198 3098
75 199 43107
75 200 27935
76 1 7151
76 2 27309
76 3 2412
76 4 16262
76 5 28354
76 6 26198
76 7 27562
76 8 35202
76 9 10442
76 10 21596
76 11 28332
76 12 1844
76 13 19789
76 14 37711
76 15 30745
76 16 36221
76 17 38816
76 18 24760
76 19 30070
76 20 18315
76 21 19149
76 22 27582
76 23 20415
76 24 11374
76 25 20834
76 26 8296
76 27 11297
76 28 6829
76 29 7883
76 30 12541
76 31 13142
76 32 21027
76 33 6272
76 34 10690
76 35 19342
76 36 39837
76 37 33174
76 38 45394
76 39 17363
76 40 16679
76 41 28365
76 42 34029
76 43 35893
76 44 40390
76 45 34801
76 46 36908
76 47 33626
76 48 24568
76 49 38510
76 50 1409
76 51 10419
76 52 19571
76 53 13816
76 54 7844
76 55 20739
76 56 26288
76 57 28931
76 58 17066
76 59 26451
76 60 31116
76 61 34940
76 62 23131
76 63 29698
76 64 26573
76 65 16831
76 66 12489
76 67 20415
76 68 -2465
76 69 11170
76 70 16143
76 71 17239
76 72 18021
76 73 22062
76 74 25756
76 75 23060
76 77 38
76 78 11794
76 79 1574
76 80 6677
76 81 3916
76 82 27424
76 83 31142
76 84 35133
76 85 27051
76 86 36014
76 87 24283
76 88 21492
76 89 20416
76 90 27713
76 91 39271
76 92 32761
76 93 29440
76 94 22332
76 95 25025
76 96 28157
76 97 27756
76 98 32719
76 99 30799
76 100 33561
76 101 12416
76 102 -1602
76 103 13422
76 104 31001
76 105 10932
76 106 23456
76 107 31247
76 108 18433
76 109 5687
76 110 18482
76 111 2924
76 112 15865
76 113 35666
76 114 29451
76 115 25715
76 116 73
76 117 27181
76 118 22911
76 119 41338
76 120 6140
76 121 6553
76 122 12039
76 123 29081
76 124 36551
76 125 31991
76 126 29163
76 127 16904
76 128 17422
76 129 7933
76 130 10941
76 131 20814
76 132 8357
76 133 25482
76 134 6813
76 135 15721
76 136 25631
76 137 23516
76 138 5054
76 139 23925
76 140 44768
76 141 37657
76 142 37060
76 143 39111
76 144 27368
76 145 26165
76 146 15773
76 147 21131
76 148 21635
76 149 8819
76 150 5678
76 151 29329
76 152 15077
76 153 24580
76 154 1858
76 155 16116
76 156 15267
76 157 3819
76 158 1857
76 159 18261
76 160 16381
76 161 9242
76 162 11237
76 163 9223
76 164 7647
76 165 18432
76 166 24142
76 167 11471
76 168 35515
76 169 6502
76 170 22167
76 171 20023
76 172 31449
76 173 35924
76 174 32824
76 175 33655
76 176 2715
76 177 4807
76 178 22185
76 179 10650
76 180 11684
76 181 20240
76 182 19548
76 183 21540
76 184 -2574
76 185 5136
76 186 27449
76 187 23062
76 188 14208
76 189 21596
76 190 13639
76 191 38371
76 192 37968
76 193 34252
76 194 23476
76 195 5777
76 196 -3642
76 197 20266
76 198 14072
76 199 34519
76 200 15802
77 1 9937
77 2 30279
77 3 -1468
77 4 16545
77 5 32460
77 6 30236
77 7 31213
77 8 39189
77 9 8585
77 10 24024
77 11 30979
77 12 3317
77 13 23500
77 14 41350
77 15 33570
77 16 40209
77 17 42938
77 18 28827
77 19 33228
77 20 18379
77 21 21140
77 22 29289
77 23 20985
77 24 8332
77 25 19573
77 26 10911
77 27 15403
77 28 10811
77 29 3928
77 30 13817
77 31 16321
77 32 22236
77 33 4502
77 34 7045
77 35 16582
77 36 43267
77 37 36997
77 38 49126
77 39 17190
77 40 19648
77 41 30315
77 42 37428
77 43 39021
77 44 44227
77 45 38880
77 46 40772
77 47 37142
77 48 28205
77 49 41496
77 50 3235
77 51 9943
77 52 23548
77 53 17537
77 54 7140
77 55 19499
77 56 27023
77 57 31892
77 58 20492
77 59 30380
77 60 35239
77 61 38982
77 62 26099
77 63 31640
77 64 28768
77 65 14666
77 66 11754
77 67 19766
77 68 -5081
77 69 14662
77 70 18320
77 71 15354
77 72 19603
77 73 24081
77 74 27407
77 75 24309
77 76 192
77 78 8216
77 79 -2023
77 80 4783
77 81 1680
77 82 31268
77 83 35246
77 84 39254
77 85 31007
77 86 40023
77 87 27748
77 88 24872
77 89 24534
77 90 29465
77 91 43166
77 92 36603
77 93 33418
77 94 26258
77 95 28863
77 96 32156
77 97 31475
77 98 36596
77 99 34799
77 100 37368
77 101 15154
77 102 -1391
77 103 12242
77 104 35001
77 105 14317
77 106 27262
77 107 34155
77 108 20595
77 109 6250
77 110 19478
77 111 7033
77 112 19871
77 113 39760
77 114 33463
77 115 28552
77 116 -853
77 117 30914
77 118 27032
77 119 45110
77 120 3775
77 121 2608
77 122 13290
77 123 32392
77 124 40240
77 125 36072
77 126 31173
77 127 20516
77 128 17712
77 129 4187
77 130 10211
77 131 21796
77 132 11949
77 133 27076
77 134 4619
77 135 12955
77 136 23074
77 137 26965
77 138 8306
77 139 23769
77 140 48522
77 141 41581
77 142 40506
77 143 42311
77 144 30588
77 145 28486
77 146 19888
77 147 25214
77 148 24803
77 149 10594
77 150 3784
77 151 33171
77 152 18503
77 153 28482
77 154 5110
77 155 16399
77 156 19310
77 157 3373
77 158 -2023
77 159 21045
77 160 17169
77 161 7563
77 162 14292
77 163 6500
77 164 4441
77 165 17252
77 166 28263
77 167 15371
77 168 39016
77 169 2480
77 170 21190
77 171 21916
77 172 34796
77 173 40025
77 174 36812
77 175 36499
77 176 6140
77 177 4027
77 178 25105
77 179 11400
77 180 14319
77 181 21430
77 182 22966
77 183 25534
77 184 -567
77 185 2416
77 186 28076
77 187 22769
77 188 13895
77 189 24024
77 190 17065
77 191 42266
77 192 41725
77 193 38130
77 194 27228
77 195 7077
77 196 -3406
77 197 21407
77 198 15609
77 199 38607
77 200 19848
78 1 16745
78 2 42256
78 3 4924
78 4 26016
78 5 43288
78 6 41555
78 7 38528
78 8 47977
78 9 1468
78 10 27439
78 11 34330
78 12 15021
78 13 35404
78 14 53311
78 15 45455
78 16 51652
78 17 53375
78 18 38411
78 19 38289
78 20 15586
78 21 32565
78 22 40277
78 23 30313
78 24 11374
78 25 25880
78 26 22850
78 27 25791
78 28 22395
78 29 3323
78 30 14888
78 31 22551
78 32 21677
78 33 3502
78 34 -4926
78 35 5569
78 36 49048
78 37 48783
78 38 61015
78 39 25422
78 40 31649
78 41 41519
78 42 49467
78 43 51029
78 44 55989
78 45 48369
78 46 48662
78 47 43453
78 48 35205
78 49 45541
78 50 10890
78 51 7835
78 52 32719
78 53 29427
78 54 15925
78 55 26207
78 56 36815
78 57 43855
78 58 32519
78 59 41990
78 60 45670
78 61 50230
78 62 30932
78 63 32883
78 64 30133
78 65 4515
78 66 5676
78 67 26650
78 68 3847
78 69 22685
78 70 22035
78 71 6528
78 72 30570
78 73 35477
78 74 38386
78 75 34780
78 76 11689
78 77 7957
78 79 -2769
78 80 13886
78 81 -3175
78 82 39329
78 83 45123
78 84 49804
78 85 42546
78 86 51384
78 87 39774
78 88 31412
78 89 35284
78 90 30448
78 91 54835
78 92 48364
78 93 44906
78 94 37885
78 95 40632
78 96 43595
78 97 43374
78 98 48301
78 99 46227
78 100 49174
78 101 20796
78 102 3767
78 103 6218
78 104 46429
78 105 26346
78 106 35324
78 107 38326
78 108 23149
78 109 17224
78 110 29960
78 111 17807
78 112 31330
78 113 50665
78 114 42461
78 115 40475
78 116 11124
78 117 42800
78 118 37596
78 119 56957
78 120 -4538
78 121 3603
78 122 15133
78 123 38109
78 124 47349
78 125 45586
78 126 32681
78 127 28236
78 128 15143
78 129 2116
78 130 18627
78 131 20678
78 132 20422
78 133 37940
78 134 10813
78 135 2068
78 136 12334
78 137 38992
78 138 20337
78 139 32187
78 140 60388
78 141 53187
78 142 52539
78 143 47189
78 144 42623
78 145 40052
78 146 30290
78 147 36314
78 148 30465
78 149 22078
78 150 12887
78 151 44932
78 152 30530
78 153 37028
78 154 17141
78 155 25870
78 156 30665
78 157 6937
78 158 4369
78 159 25353
78 160 15988
78 161 -210
78 162 20613
78 163 11487
78 164 -7103
78 165 24246
78 166 38587
78 167 24466
78 168 45290
78 169 -3693
78 170 27738
78 171 33139
78 172 46837
78 173 50889
78 174 45557
78 175 40429
78 176 14652
78 177 13781
78 178 37062
78 179 21885
78 180 26219
78 181 20188
78 182 29406
78 183 37001
78 184 11469
78 185 1461
78 186 37640
78 187 30921
78 188 9924
78 189 27439
78 190 24087
78 191 53933
78 192 53589
78 193 49831
78 194 35040
78 195 18332
78 196 8500
78 197 31848
78 198 26663
78 199 48264
78 200 31214
79 1 12552
79 2 36669
79 3 -690
79 4 21529
79 5 37993
79 6 36080
79 7 34533
79 8 43454
79 9 3634
79 10 24970
79 11 32037
79 12 9538
79 13 29762
79 14 47660
79 15 39926
79 16 46152
79 17 48236
79 18 33546
79 19 35280
79 20 15779
79 21 27251
79 22 35183
79 23 25978
79 24 9174
79 25 22751
79 26 17280
79 27 20564
79 28 16811
79 29 2103
79 30 13225
79 31 18857
79 32 21027
79 33 1159
79 34 704
79 35 10444
79 36 45802
79 37 43173
79 38 55381
79 39 21535
79 40 26045
79 41 36330
79 42 43814
79 43 45421
79 44 50389
79 45 43586
79 46 44527
79 47 39951
79 48 31386
79 49 43042
79 50 6074
79 51 7225
79 52 27962
79 53 23786
79 54 11580
79 55 22848
79 56 32245
79 57 38278
79 58 26864
79 59 36431
79 60 40510
79 61 44794
79 62 27931
79 63 31490
79 64 28817
79 65 8923
79 66 7738
79 67 23416
79 68 -1026
79 69 18195
79 70 19245
79 71 10036
79 72 25470
79 73 30182
79 74 33289
79 75 29915
79 76 6069
79 77 2318
79 78 1831
79 80 9120
79 81 -3175
79 82 35070
79 83 40172
79 84 44614
79 85 37012
79 86 45916
79 87 34118
79 88 27669
79 89 29989
79 90 29109
79 91 49261
79 92 42760
79 93 39386
79 94 32316
79 95 35025
79 96 38087
79 97 37735
79 98 42714
79 99 40724
79 100 43560
79 101 17192
79 102 -540
79 103 7981
79 104 40926
79 105 20691
79 106 31027
79 107 35692
79 108 21056
79 109 12011
79 110 25046
79 111 12406
79 112 25803
79 113 45355
79 114 37849
79 115 34921
79 116 5513
79 117 37163
79 118 32389
79 119 51333
79 120 -1749
79 121 1363
79 122 12979
79 123 34808
79 124 43512
79 125 40791
79 126 31160
79 127 23979
79 128 15313
79 129 -1884
79 130 14472
79 131 20267
79 132 15757
79 133 32902
79 134 7337
79 135 6834
79 136 17057
79 137 33336
79 138 14684
79 139 28194
79 140 54760
79 141 47635
79 142 46884
79 143 44324
79 144 36991
79 145 34687
79 146 25081
79 147 30908
79 148 27097
79 149 16715
79 150 8121
79 151 39328
79 152 24875
79 153 32545
79 154 11488
79 155 21383
79 156 25163
79 157 3037
79 158 -1245
79 159 22554
79 160 15508
79 161 2589
79 162 16798
79 163 8386
79 164 -1906
79 165 20743
79 166 33453
79 167 19677
79 168 41798
79 169 -2816
79 170 24581
79 171 27931
79 172 41190
79 173 45587
79 174 41061
79 175 37903
79 176 9896
79 177 8949
79 178 31488
79 179 16932
79 180 20673
79 181 19979
79 182 25748
79 183 31479
79 184 5820
79 185 -2036
79 186 33179
79 187 27043
79 188 10716
79 189 24970
79 190 20097
79 191 48361
79 192 47960
79 193 44248
79 194 30840
79 195 13048
79 196 2843
79 197 26981
79 198 21508
79 199 43401
79 200 25704
80 1 15730
80 2 27656
80 3 3766
80 4 10487
80 5 33891
80 6 31145
80 7 35754
80 8 42579
80 9 14490
80 10 30136
80 11 36925
80 12 1098
80 13 22930
80 14 40113
80 15 30383
80 16 40485
80 17 44687
80 18 31816
80 19 38610
80 20 25053
80 21 17036
80 22 24488
80 23 14948
80 24 3130
80 25 12866
80 26 8685
80 27 18368
80 28 12395
80 29 2317
80 30 20434
80 31 21706
80 32 28888
80 33 10799
80 34 10199
80 35 21278
80 36 48202
80 37 36585
80 38 48113
80 39 10728
80 40 17444
80 41 25778
80 42 35586
80 43 36402
80 44 43725
80 45 41625
80 46 44636
80 47 41926
80 48 32746
80 49 47091
80 50 9478
80 51 16555
80 52 27162
80 53 17462
80 54 642
80 55 12790
80 56 21202
80 57 29104
80 58 19275
80 59 30500
80 60 37246
80 61 39674
80 62 31724
80 63 38056
80 64 35058
80 65 19942
80 66 18163
80 67 13107
80 68 -8081
80 69 19641
80 70 24574
80 71 21052
80 72 14791
80 73 19891
80 74 22601
80 75 18986
80 76 4671
80 77 2623
80 78 11985
80 79 2619
80 81 7529
80 82 35260
80 83 37787
80 84 40971
80 85 31183
80 86 40376
80 87 26231
80 88 29953
80 89 26441
80 90 35958
80 91 42999
80 92 36322
80 93 33755
80 94 26496
80 95 28640
80 96 32710
80 97 30752
80 98 36410
80 99 35321
80 100 36841
80 101 21003
80 102 5290
80 103 18513
80 104 35523
80 105 13396
80 106 31414
80 107 39844
80 108 26881
80 109 1857
80 110 14150
80 111 10413
80 112 20769
80 113 40889
80 114 36734
80 115 25646
80 116 2568
80 117 30314
80 118 28874
80 119 44354
80 120 9275
80 121 1363
80 122 19899
80 123 37553
80 124 44638
80 125 38811
80 126 37554
80 127 25210
80 128 24408
80 129 8296
80 130 3646
80 131 28483
80 132 16777
80 133 22134
80 134 -1784
80 135 17706
80 136 27974
80 137 25569
80 138 8172
80 139 17337
80 140 47599
80 141 41492
80 142 38743
80 143 47624
80 144 28412
80 145 24545
80 146 22593
80 147 26532
80 148 30187
80 149 6825
80 150 -2924
80 151 32890
80 152 17286
80 153 32323
80 154 4976
80 155 10341
80 156 20573
80 157 10075
80 158 3211
80 159 26862
80 160 23870
80 161 13490
80 162 19833
80 163 783
80 164 8679
80 165 10546
80 166 30520
80 167 19388
80 168 43831
80 169 4714
80 170 14490
80 171 17428
80 172 32854
80 173 41318
80 174 40178
80 175 42256
80 176 11264
80 177 -2031
80 178 22353
80 179 6076
80 180 11625
80 181 28094
80 182 27970
80 183 26168
80 184 1898
80 185 8174
80 186 22135
80 187 16268
80 188 20489
80 189 30136
80 190 22092
80 191 42049
80 192 40934
80 193 37891
80 194 31528
80 195 2955
80 196 1429
80 197 16051
80 198 10937
80 199 41314
80 200 21245
81 1 11387
81 2 40715
81 3 4704
81 4 27458
81 5 38946
81 6 37784
81 7 32707
81 8 42514
81 9 -2532
81 10 21133
81 11 28006
81 12 14420
81 13 32582
81 14 50485
81 15 44161
81 16 47844
81 17 48671
81 18 33387
81 19 32046
81 20 9836
81 21 32228
81 22 40455
81 23 31932
81 24 15381
81 25 29071
81 26 21647
81 27 21568
81 28 19418
81 29 7883
81 30 8571
81 31 16634
81 32 15613
81 33 -1670
81 34 124
81 35 6017
81 36 42847
81 37 45568
81 38 57912
81 39 27707
81 40 30094
81 41 41437
81 42 47180
81 43 49229
81 44 52652
81 45 43161
81 46 42866
81 47 37345
81 48 29253
81 49 39222
81 50 6654
81 51 1630
81 52 27631
81 53 26743
81 54 17660
81 55 29154
81 56 38071
81 57 42334
81 58 30288
81 59 38507
81 60 41073
81 61 46225
81 62 24706
81 63 26635
81 64 23919
81 65 3537
81 66 1414
81 67 29717
81 68 4952
81 69 17483
81 70 15815
81 71 4178
81 72 30777
81 73 35168
81 74 38577
81 75 35477
81 76 9485
81 77 7095
81 78 2499
81 79 -2101
81 80 15104
81 82 33666
81 83 40172
81 84 45222
81 85 38911
81 86 47440
81 87 37393
81 88 25481
81 89 31044
81 90 24202
81 91 51373
81 92 45127
81 93 41227
81 94 34496
81 95 37451
81 96 39908
81 97 40464
81 98 44935
81 99 42500
81 100 45980
81 101 14907
81 102 -792
81 103 1658
81 104 42702
81 105 24234
81 106 29726
81 107 32023
81 108 16824
81 109 17413
81 110 30629
81 111 14238
81 112 27832
81 113 46297
81 114 37094
81 115 39131
81 116 10253
81 117 39885
81 118 33086
81 119 53804
81 120 -7277
81 121 7445
81 122 8828
81 123 31947
81 124 41392
81 125 40397
81 126 26409
81 127 22689
81 128 9404
81 129 3824
81 130 20614
81 131 14698
81 132 15440
81 133 38253
81 134 13653
81 135 2425
81 136 12217
81 137 36675
81 138 18463
81 139 34338
81 140 57228
81 141 49590
81 142 50145
81 143 40908
81 144 40678
81 145 39458
81 146 25969
81 147 32333
81 148 24357
81 149 21709
81 150 14105
81 151 41695
81 152 28299
81 153 31591
81 154 15267
81 155 27312
81 156 27110
81 157 2160
81 158 4149
81 159 19088
81 160 9958
81 161 -3528
81 162 14818
81 163 14706
81 164 -4586
81 165 27034
81 166 33977
81 167 19512
81 168 39179
81 169 1404
81 170 30895
81 171 33045
81 172 44655
81 173 46535
81 174 40056
81 175 34116
81 176 9896
81 177 14807
81 178 35597
81 179 22531
81 180 25059
81 181 14327
81 182 23408
81 183 33408
81 184 10056
81 185 -864
81 186 39072
81 187 33226
81 188 4547
81 189 21133
81 190 18341
81 191 50444
81 192 50492
81 193 46430
81 194 29365
81 195 18250
81 196 7007
81 197 32566
81 198 26782
81 199 43183
81 200 27736
82 1 22598
82 2 34712
82 3 35754
82 4 41718
82 5 9298
82 6 19088
82 7 3310
82 8 2592
82 9 33527
82 10 15272
82 11 10000
82 12 31773
82 13 20921
82 14 28021
82 15 33750
82 16 18903
82 17 12932
82 18 4293
82 19 4599
82 20 29956
82 21 37149
82 22 42967
82 23 40932
82 24 45330
82 25 50455
82 26 30129
82 27 18345
82 28 25252
82 29 42137
82 30 20594
82 31 9314
82 32 20345
82 33 33830
82 34 40710
82 35 43680
82 36 7893
82 37 24232
82 38 31079
82 39 42419
82 40 30746
82 41 40932
82 42 31117
82 43 33742
82 44 26430
82 45 4343
82 46 2565
82 47 1704
82 48 -7410
82 49 11108
82 50 28024
82 51 30154
82 52 10197
82 53 24740
82 54 38275
82 55 50804
82 56 47685
82 57 33359
82 58 26148
82 59 16934
82 60 11284
82 61 16989
82 62 7662
82 63 19930
82 64 7778
82 65 35253
82 66 24291
82 67 46112
82 68 31692
82 69 20170
82 70 21474
82 71 36993
82 72 36497
82 73 38292
82 74 42612
82 75 41578
82 76 30435
82 77 34125
82 78 42445
82 79 33586
82 80 40277
82 81 31108
82 83 5837
82 84 12065
82 85 13483
82 86 16030
82 87 24173
82 88 8495
82 89 12653
82 90 22519
82 91 26222
82 92 25122
82 93 16788
82 94 17698
82 95 20105
82 96 18460
82 97 23723
82 98 22405
82 99 19265
82 100 23511
82 101 19357
82 102 25457
82 103 31937
82 104 19467
82 105 26164
82 106 1013
82 107 9097
82 108 13458
82 109 35760
82 110 41794
82 111 23512
82 112 17206
82 113 12662
82 114 -1718
82 115 34089
82 116 34394
82 117 24945
82 118 3811
82 119 29169
82 120 31668
82 121 40818
82 122 24278
82 123 2882
82 124 2951
82 125 1843
82 126 19291
82 127 12012
82 128 26121
82 129 40128
82 130 40872
82 131 22380
82 132 19674
82 133 41612
82 134 39896
82 135 40672
82 136 48019
82 137 27499
82 138 29303
82 139 49539
82 140 30119
82 141 21746
82 142 32022
82 143 9641
82 144 29694
82 145 36741
82 146 17298
82 147 13159
82 148 7146
82 149 32862
82 150 39278
82 151 21690
82 152 24159
82 153 2745
82 154 26107
82 155 41572
82 156 19582
82 157 30885
82 158 35199
82 159 5939
82 160 22150
82 161 29335
82 162 14990
82 163 42966
82 164 35850
82 165 48554
82 166 8036
82 167 13594
82 168 3953
82 169 39195
82 170 50155
82 171 35283
82 172 30170
82 173 14843
82 174 -244
82 175 11939
82 176 19790
82 177 36866
82 178 29547
82 179 36915
82 180 29596
82 181 14890
82 182 -387
82 183 16215
82 184 30883
82 185 35248
82 186 48820
82 187 49125
82 188 27341
82 189 15272
82 190 8320
82 191 23867
82 192 26923
82 193 22046
82 194 923
82 195 32645
82 196 30704
82 197 40671
82 198 35060
82 199 6790
82 200 23474
83 1 26068
83 2 27656
83 3 37477
83 4 37843
83 5 -631
83 6 12403
83 7 11797
83 8 3400
83 9 38479
83 10 23441
83 11 19954
83 12 30829
83 13 14294
83 14 18040
83 15 24929
83 16 8908
83 17 4611
83 18 2399
83 19 14621
83 20 36743
83 21 32143
83 22 36443
83 23 34942
83 24 44949
83 25 47390
83 26 27427
83 27 18368
83 28 24395
83 29 43132
83 30 27129
83 31 15223
83 32 28888
83 33 37287
83 34 44157
83 35 48852
83 36 15450
83 37 14801
83 38 21147
83 39 37765
83 40 26080
83 41 33709
83 42 21904
83 43 24192
83 44 16383
83 45 -323
83 46 5806
83 47 10227
83 48 2238
83 49 20277
83 50 30506
83 51 35236
83 52 11866
83 53 21307
83 54 36318
83 55 48099
83 56 42348
83 57 25255
83 58 21047
83 59 7929
83 60 2374
83 61 6947
83 62 16708
83 63 29410
83 64 17790
83 65 41977
83 66 31699
83 67 41180
83 68 31967
83 69 23250
83 70 27537
83 71 43045
83 72 31059
83 73 32623
83 74 36601
83 75 35660
83 76 31424
83 77 35374
83 78 45510
83 79 35959
83 80 40075
83 81 34885
83 82 3108
83 84 2281
83 85 3596
83 86 6485
83 87 15994
83 88 15621
83 89 8540
83 90 31389
83 91 16250
83 92 16160
83 93 7194
83 94 10493
83 95 12054
83 96 10076
83 97 15282
83 98 12862
83 99 10208
83 100 13772
83 101 24255
83 102 28398
83 103 37833
83 104 10410
83 105 22858
83 106 7220
83 107 19145
83 108 21758
83 109 34410
83 110 37698
83 111 24137
83 112 12994
83 113 3496
83 114 -2164
83 115 27060
83 116 35121
83 117 17217
83 118 -5331
83 119 19131
83 120 36105
83 121 41813
83 122 29895
83 123 12932
83 124 10504
83 125 -3128
83 126 28719
83 127 16395
83 128 33437
83 129 42470
83 130 38570
83 131 30675
83 132 22284
83 133 35211
83 134 38983
83 135 45612
83 136 53740
83 137 20698
83 138 28056
83 139 45223
83 140 20197
83 141 11728
83 142 22432
83 143 18378
83 144 21556
83 145 29436
83 146 16621
83 147 7214
83 148 15435
83 149 29954
83 150 39076
83 151 12728
83 152 19058
83 153 7050
83 154 24860
83 155 37697
83 156 16613
83 157 34032
83 158 36922
83 159 14720
83 160 29698
83 161 35121
83 162 19833
83 163 42500
83 164 39798
83 165 45957
83 166 2577
83 167 15594
83 168 12783
83 169 41428
83 170 46269
83 171 29014
83 172 21268
83 173 4914
83 174 32
83 175 21988
83 176 22231
83 177 35917
83 178 22353
83 179 33931
83 180 25612
83 181 24313
83 182 8282
83 183 9542
83 184 31315
83 185 38148
83 186 43321
83 187 44897
83 188 34057
83 189 23441
83 190 13639
83 191 13817
83 192 16945
83 193 12139
83 194 7878
83 195 30409
83 196 31694
83 197 35437
83 198 30625
83 199 -461
83 200 21245
84 1 31507
84 2 26441
84 3 41878
84 4 38812
84 5 -3579
84 6 13401
84 7 18503
84 8 8231
84 9 44165
84 10 30093
84 11 26489
84 12 33978
84 13 14219
84 14 12399
84 15 21354
84 16 2489
84 17 -708
84 18 8419
84 19 20874
84 20 43053
84 21 32523
84 22 35295
84 23 34040
84 24 48058
84 25 48740
84 26 29662
84 27 22787
84 28 27989
84 29 47012
84 30 33428
84 31 21551
84 32 35557
84 33 42459
84 34 49167
84 35 54545
84 36 19872
84 37 10986
84 38 14588
84 39 37965
84 40 27058
84 41 31877
84 42 18000
84 43 19484
84 44 10188
84 45 217
84 46 8762
84 47 15481
84 48 8300
84 49 25597
84 50 35419
84 51 41034
84 52 17548
84 53 23537
84 54 38623
84 55 49750
84 56 42121
84 57 22769
84 58 21945
84 59 5371
84 60 4839
84 61 865
84 62 23416
84 63 36101
84 64 23952
84 65 48175
84 66 38128
84 67 41010
84 68 35625
84 69 28699
84 70 33773
84 71 49070
84 72 30944
84 73 32414
84 74 35958
84 75 35002
84 76 35629
84 77 39596
84 78 50405
84 79 40615
84 80 43473
84 81 40149
84 82 9550
84 83 2495
84 85 -1241
84 86 -221
84 87 13794
84 88 22219
84 89 11898
84 90 38090
84 91 10871
84 92 13373
84 93 3492
84 94 10397
84 95 10677
84 96 8975
84 97 13071
84 98 8905
84 99 7974
84 100 9121
84 101 30218
84 102 33446
84 103 43849
84 104 8176
84 105 24949
84 106 13881
84 107 25530
84 108 28418
84 109 37249
84 110 38618
84 111 28426
84 112 15299
84 113 -3019
84 114 3496
84 115 25801
84 116 39113
84 117 16001
84 118 -4006
84 119 13221
84 120 41590
84 121 45726
84 122 35946
84 123 19308
84 124 15562
84 125 -2137
84 126 35415
84 127 22474
84 128 39878
84 129 47096
84 130 40618
84 131 37310
84 132 27539
84 133 34159
84 134 41853
84 135 51231
84 136 59622
84 137 20114
84 138 31226
84 139 45729
84 140 13627
84 141 5368
84 142 17798
84 143 23459
84 144 19192
84 145 27639
84 146 20982
84 147 9167
84 148 22125
84 149 31904
84 150 42474
84 151 9941
84 152 19956
84 153 13625
84 154 28030
84 155 38666
84 156 19582
84 157 39139
84 158 41323
84 159 21425
84 160 36202
84 161 41078
84 162 25835
84 163 45615
84 164 45043
84 165 47706
84 166 6686
84 167 20900
84 168 18216
84 169 45943
84 170 46977
84 171 28185
84 172 17866
84 173 -1573
84 174 3461
84 175 28363
84 176 27312
84 177 38909
84 178 20957
84 179 35675
84 180 26984
84 181 31013
84 182 14990
84 183 10253
84 184 35215
84 185 43063
84 186 42915
84 187 45453
84 188 40335
84 189 30093
84 190 19893
84 191 7753
84 192 11387
84 193 7028
84 194 14563
84 195 32748
84 196 35843
84 197 35401
84 198 31376
84 199 4374
84 200 24481
85 1 33318
85 2 18303
85 3 40981
85 4 32509
85 5 360
85 6 11407
85 7 25763
85 8 18029
85 9 45920
85 10 35920
85 11 34504
85 12 31174
85 13 8612
85 14 3063
85 15 11175
85 16 -2231
85 17 6810
85 18 14130
85 19 29612
85 20 46835
85 21 25857
85 22 26718
85 23 25476
85 24 44605
85 25 42672
85 26 25730
85 27 23328
85 28 26550
85 29 44883
85 30 37360
85 31 26092
85 32 41308
85 33 43136
85 34 49150
85 35 56118
85 36 30005
85 37 1245
85 38 8153
85 39 30532
85 40 21631
85 41 22689
85 42 7784
85 43 9269
85 44 2622
85 45 10483
85 46 19057
85 47 25230
85 48 17355
85 49 35335
85 50 35849
85 51 43255
85 52 21255
85 53 20384
85 54 34173
85 55 44149
85 56 34351
85 57 13317
85 58 16846
85 59 -1451
85 60 10173
85 61 -1734
85 62 30327
85 63 43140
85 64 32787
85 65 51196
85 66 42234
85 67 33028
85 68 33382
85 69 30820
85 70 37666
85 71 51656
85 72 23519
85 73 25010
85 74 27922
85 75 26845
85 76 34657
85 77 38459
85 78 50257
85 79 40123
85 80 40795
85 81 40948
85 82 18078
85 83 10920
85 84 5869
85 86 -2337
85 87 5042
85 88 28035
85 89 12775
85 90 44341
85 91 1384
85 92 5160
85 93 -3579
85 94 6053
85 95 4245
85 96 5080
85 97 4921
85 98 -739
85 99 3335
85 100 -1172
85 101 33416
85 102 34036
85 103 46535
85 104 3537
85 105 21230
85 106 20508
85 107 33984
85 108 34246
85 109 33843
85 110 32401
85 111 28055
85 112 13302
85 113 -102
85 114 12847
85 115 17527
85 116 37617
85 117 9157
85 118 714
85 119 4597
85 120 42813
85 121 43713
85 122 39086
85 123 27832
85 124 25397
85 125 8159
85 126 42401
85 127 26509
85 128 44191
85 129 46512
85 130 35745
85 131 42745
85 132 29210
85 133 25653
85 134 38138
85 135 52643
85 136 61685
85 137 13267
85 138 28772
85 139 38699
85 140 7333
85 141 -858
85 142 7539
85 143 33335
85 144 10005
85 145 18581
85 146 21855
85 147 8585
85 148 28545
85 149 27341
85 150 39796
85 151 1728
85 152 14857
85 153 19957
85 154 25576
85 155 32363
85 156 18187
85 157 39802
85 158 40426
85 159 27988
85 160 40869
85 161 43524
85 162 29264
85 163 42260
85 164 45599
85 165 42271
85 166 10372
85 167 23149
85 168 27849
85 169 45023
85 170 40046
85 171 20006
85 172 7889
85 173 3237
85 174 13659
85 175 36834
85 176 28426
85 177 35611
85 178 12580
85 179 30593
85 180 21891
85 181 37814
85 182 21968
85 183 7327
85 184 33661
85 185 43146
85 186 34911
85 187 38460
85 188 43949
85 189 35920
85 190 24328
85 191 120
85 192 1985
85 193 -2972
85 194 21316
85 195 28663
85 196 34669
85 197 27960
85 198 25064
85 199 13795
85 200 23172
86 1 44791
86 2 29672
86 3 53410
86 4 44497
86 5 8577
86 6 23552
86 7 33256
86 8 21899
86 9 57536
86 10 44819
86 11 40967
86 12 43814
86 13 21220
86 14 4622
86 15 18221
86 16 -2231
86 17 5251
86 18 22894
86 19 35016
86 20 57340
86 21 37837
86 22 37106
86 23 35563
86 24 57235
86 25 54664
86 26 38367
86 27 35168
86 28 38988
86 29 57505
86 30 47733
86 31 35968
86 32 50295
86 33 55143
86 34 61418
86 35 67848
86 36 31556
86 37 12898
86 38 943
86 39 41731
86 40 34118
86 41 32232
86 42 15859
86 43 13228
86 44 1250
86 45 11715
86 46 19594
86 47 28512
86 48 22376
86 49 38301
86 50 47889
86 51 54627
86 52 31519
86 53 33005
86 54 46709
86 55 56349
86 56 45389
86 57 23085
86 58 29435
86 59 11192
86 60 18747
86 61 3794
86 62 38170
86 63 50816
86 64 37795
86 65 62230
86 66 52552
86 67 43596
86 68 45999
86 69 42102
86 70 48033
86 71 62899
86 72 34990
86 73 36579
86 74 38898
86 75 37601
86 76 47069
86 77 50924
86 78 62544
86 79 52476
86 80 53437
86 81 52926
86 82 24074
86 83 17258
86 84 10338
86 85 1112
86 87 16393
86 88 36909
86 89 24177
86 90 52853
86 91 9267
86 92 17599
86 93 8825
86 94 18643
86 95 16865
86 96 17395
86 97 17079
86 98 11396
86 99 15567
86 100 8356
86 101 44177
86 102 46042
86 103 57701
86 104 15769
86 105 33879
86 106 28628
86 107 39812
86 108 43150
86 109 46489
86 110 44483
86 111 40271
86 112 25688
86 113 -4433
86 114 17749
86 115 28708
86 116 50137
86 117 21649
86 118 9518
86 119 5406
86 120 54651
86 121 56322
86 122 49938
86 123 33636
86 124 28583
86 125 10025
86 126 50140
86 127 36678
86 128 54338
86 129 58890
86 130 48193
86 131 52012
86 132 40697
86 133 36097
86 134 50754
86 135 64433
86 136 73204
86 137 25551
86 138 41377
86 139 50215
86 140 -41
86 141 -2585
86 142 13327
86 143 35929
86 144 20526
86 145 28542
86 146 33510
86 147 20370
86 148 36884
86 149 39905
86 150 52438
86 151 14167
86 152 27446
86 153 28326
86 154 38181
86 155 44351
86 156 30499
86 157 51793
86 158 52855
86 159 36190
86 160 50749
86 161 54826
86 162 39871
86 163 54898
86 164 57691
86 165 54538
86 166 20265
86 167 34295
86 168 31464
86 169 57483
86 170 51539
86 171 30906
86 172 16996
86 173 7634
86 174 15991
86 175 42624
86 176 40171
86 177 48258
86 178 23719
86 179 43033
86 180 34408
86 181 45746
86 182 29750
86 183 19717
86 184 46180
86 185 55344
86 186 45697
86 187 49987
86 188 54569
86 189 44819
86 190 34254
86 191 1779
86 192 5628
86 193 6070
86 194 29322
86 195 41274
86 196 47131
86 197 39345
86 198 37150
86 199 18844
86 200 35505
87 1 30136
87 2 5727
87 3 33888
87 4 20532
87 5 9990
87 6 11734
87 7 30464
87 8 26995
87 9 41398
87 10 37471
87 11 38994
87 12 22576
87 13 1574
87 14 6285
87 15 2305
87 16 9555
87 17 19151
87 18 19100
87 19 35565
87 20 44950
87 21 13905
87 22 14121
87 23 12899
87 24 34629
87 25 30685
87 26 16456
87 27 20242
87 28 20417
87 29 36150
87 30 36097
87 31 26683
87 32 42091
87 33 37704
87 34 42400
87 35 51016
87 36 38904
87 37 5019
87 38 14325
87 39 17968
87 40 11336
87 41 10476
87 42 2189
87 43 4832
87 44 10652
87 45 21347
87 46 29226
87 47 33244
87 48 24367
87 49 42887
87 50 30694
87 51 39596
87 52 22568
87 53 13348
87 54 23596
87 55 32493
87 56 21733
87 57 1660
87 58 7764
87 59 2384
87 60 17547
87 61 10882
87 62 33649
87 63 45880
87 64 38193
87 65 47591
87 66 40362
87 67 20379
87 68 24919
87 69 28534
87 70 36755
87 71 47837
87 72 11049
87 73 12598
87 74 15283
87 75 14196
87 76 27959
87 77 31270
87 78 43555
87 79 33299
87 80 31913
87 81 35500
87 82 24838
87 83 19388
87 84 16974
87 85 1112
87 86 9014
87 88 30471
87 89 13491
87 90 45999
87 91 11260
87 92 6371
87 93 5255
87 94 4093
87 95 1733
87 96 8087
87 97 109
87 98 5586
87 99 8992
87 100 4356
87 101 31967
87 102 28841
87 103 43102
87 104 9194
87 105 12903
87 106 24846
87 107 39297
87 108 35628
87 109 24502
87 110 20582
87 111 22779
87 112 9592
87 113 12538
87 114 21295
87 115 4892
87 116 30153
87 117 3211
87 118 8270
87 119 10921
87 120 37657
87 121 35170
87 122 36923
87 123 33636
87 124 33795
87 125 18801
87 126 45114
87 127 27046
87 128 42957
87 129 39542
87 130 24769
87 131 43055
87 132 26384
87 133 13040
87 134 28062
87 135 47423
87 136 57072
87 137 2924
87 138 21034
87 139 26278
87 140 13859
87 141 9360
87 142 5169
87 143 41348
87 144 -2041
87 145 6240
87 146 19888
87 147 9449
87 148 31461
87 149 17144
87 150 30914
87 151 2939
87 152 5775
87 153 24313
87 154 17838
87 155 20386
87 156 14141
87 157 34590
87 158 33333
87 159 30709
87 160 40226
87 161 39675
87 162 28328
87 163 32471
87 164 39538
87 165 30753
87 166 14819
87 167 21822
87 168 35621
87 169 37527
87 170 27620
87 171 7358
87 172 -180
87 173 15150
87 174 23462
87 175 42119
87 176 24642
87 177 26192
87 178 -65
87 179 19669
87 180 11596
87 181 39847
87 182 25904
87 183 6300
87 184 26303
87 185 37005
87 186 22264
87 187 26047
87 188 41749
87 189 37471
87 190 25085
87 191 9748
87 192 7524
87 193 6070
87 194 25646
87 195 18795
87 196 27600
87 197 15451
87 198 13272
87 199 22915
87 200 18535
88 1 11818
88 2 34795
88 3 25537
88 4 36644
88 5 16895
88 6 21388
88 7 3804
88 8 14547
88 9 21551
88 10 4367
88 11 5636
88 12 24184
88 13 21589
88 14 34438
88 15 36322
88 16 27221
88 17 23623
88 18 9107
88 19 5200
88 20 17992
88 21 34004
88 22 41431
88 23 38159
88 24 36454
88 25 44079
88 26 24716
88 27 12155
88 28 18608
88 29 32177
88 30 8541
88 31 -2449
88 32 9848
88 33 22502
88 34 29189
88 35 31633
88 36 14806
88 37 29331
88 38 39383
88 39 37908
88 40 27858
88 41 40432
88 42 35028
88 43 38113
88 44 34041
88 45 16028
88 46 13858
88 47 8741
88 48 205
88 49 13873
88 50 17611
88 51 18189
88 52 6603
88 53 21244
88 54 31181
88 55 44149
88 56 44283
88 57 34896
88 58 24307
88 59 21607
88 60 18256
88 61 25099
88 62 -226
88 63 11899
88 64 5091
88 65 23324
88 66 12634
88 67 41639
88 68 22615
88 69 10253
88 70 9409
88 71 24922
88 72 33621
88 73 35924
88 74 40430
88 75 39071
88 76 21149
88 77 24375
88 78 31174
88 79 22831
88 80 31616
88 81 19569
88 82 5141
88 83 14996
88 84 21380
88 85 20086
88 86 25511
88 87 26452
88 89 13374
88 90 12718
88 91 33007
88 92 29425
88 93 22713
88 94 19873
88 95 23043
88 96 22588
88 97 26882
88 98 27879
88 99 24361
88 100 29284
88 101 7796
88 102 14593
88 103 19854
88 104 24563
88 105 22009
88 106 2084
88 107 7185
88 108 2706
88 109 28402
88 110 37212
88 111 15269
88 112 15890
88 113 22701
88 114 9656
88 115 34009
88 116 25142
88 117 27129
88 118 10693
88 119 36220
88 120 19826
88 121 30916
88 122 12249
88 123 4012
88 124 12349
88 125 13402
88 126 11135
88 127 2636
88 128 14384
88 129 29365
88 130 34056
88 131 11515
88 132 10068
88 133 39861
88 134 31638
88 135 28666
88 136 35936
88 137 27861
88 138 22487
88 139 44711
88 140 38484
88 141 29816
88 142 36836
88 143 14105
88 144 31569
88 145 36605
88 146 12828
88 147 15156
88 148 -2498
88 149 27341
88 150 30617
88 151 25993
88 152 22318
88 153 5022
88 154 19291
88 155 36498
88 156 16691
88 157 19840
88 158 24982
88 159 -3340
88 160 10548
88 161 17252
88 162 3649
88 163 34270
88 164 24144
88 165 41835
88 166 12269
88 167 5976
88 168 10600
88 169 28406
88 170 44582
88 171 33548
88 172 33435
88 173 23729
88 174 11836
88 175 9822
88 176 9926
88 177 28939
88 178 29763
88 179 31141
88 180 25660
88 181 6284
88 182 -5484
88 183 18120
88 184 22023
88 185 24205
88 186 45539
88 187 44156
88 188 15364
88 189 4367
88 190 -2505
88 191 31413
88 192 33483
88 193 28510
88 194 1243
88 195 26293
88 196 21284
88 197 37349
88 198 31061
88 199 17102
88 200 19385
89 1 17039
89 2 18781
89 3 26380
89 4 26108
89 5 4381
89 6 4464
89 7 13634
89 8 14078
89 9 29756
89 10 20741
89 11 21912
89 12 18773
89 13 5064
89 14 18334
89 15 19417
89 16 13376
89 17 14796
89 18 3501
89 19 18912
89 20 30481
89 21 20995
89 22 26734
89 23 24657
89 24 32910
89 25 35416
89 26 15294
89 27 7451
89 28 12528
89 29 31522
89 30 21069
89 31 10271
89 32 25784
89 33 27408
89 34 33903
89 35 40050
89 36 24163
89 37 12928
89 38 24525
89 39 26459
89 40 14649
89 41 24921
89 42 18065
89 43 21161
89 44 18995
89 45 11839
89 46 16822
89 47 17961
89 48 8606
89 49 26849
89 50 20211
89 51 26946
89 52 5610
89 53 9242
89 54 24155
89 55 36035
89 56 31491
89 57 18219
89 58 9904
89 59 5247
89 60 7186
89 61 11598
89 62 16536
89 63 28885
89 64 21195
89 65 34812
89 66 25907
89 67 30073
89 68 20184
89 69 14449
89 70 21411
89 71 35313
89 72 20264
89 73 22023
89 74 26333
89 75 25302
89 76 20111
89 77 24075
89 78 35084
89 79 25189
89 80 28142
89 81 25170
89 82 9337
89 83 7953
89 84 11097
89 85 4864
89 86 12817
89 87 9510
89 88 13412
89 90 29295
89 91 17638
89 92 12761
89 93 7194
89 94 2873
89 95 6070
89 96 6214
89 97 9902
89 98 11751
89 99 8495
89 100 13144
89 101 17044
89 102 18324
89 103 30167
89 104 8697
89 105 10798
89 106 8013
89 107 22383
89 108 18985
89 109 22277
89 110 26040
89 111 12941
89 112 1105
89 113 11755
89 114 8103
89 115 18117
89 116 23594
89 117 10154
89 118 -1111
89 119 20664
89 120 26852
89 121 30227
89 122 22689
89 123 16998
89 124 19108
89 125 9036
89 126 28119
89 127 10580
89 128 27947
89 129 31656
89 130 26433
89 131 27002
89 132 12931
89 133 25358
89 134 26870
89 135 36630
89 136 45466
89 137 11585
89 138 15992
89 139 33721
89 140 23722
89 141 15415
89 142 20034
89 143 25723
89 144 14749
89 145 20817
89 146 5721
89 147 -1707
89 148 14365
89 149 17870
89 150 27143
89 151 9329
89 152 7915
89 153 7600
89 154 12796
89 155 25962
89 156 4449
89 157 24059
89 158 25825
89 159 13660
89 160 24764
89 161 27197
89 162 12952
89 163 30458
89 164 29988
89 165 33871
89 166 605
89 167 6748
89 168 20155
89 169 30459
89 170 34587
89 171 19020
89 172 16435
89 173 11980
89 174 11428
89 175 25186
89 176 12372
89 177 23824
89 178 13679
89 179 21885
89 180 13831
89 181 23073
89 182 8832
89 183 1120
89 184 19705
89 185 27786
89 186 32598
89 187 33353
89 188 27568
89 189 20741
89 190 8547
89 191 16521
89 192 17630
89 193 12896
89 194 8768
89 195 18250
89 196 20320
89 197 24488
89 198 19125
89 199 11621
89 200 9150
90 1 17112
90 2 48816
90 3 28262
90 4 46231
90 5 32609
90 6 36848
90 7 17727
90 8 28079
90 9 16468
90 10 2494
90 11 2498
90 12 31989
90 13 36306
90 14 50224
90 15 51160
90 16 42922
90 17 38431
90 18 24846
90 19 9063
90 20 9112
90 21 45829
90 22 54027
90 23 49415
90 24 40600
90 25 51640
90 26 35207
90 27 24450
90 28 29018
90 29 34283
90 30 3818
90 31 7551
90 32 -4915
90 33 22129
90 34 26130
90 35 24478
90 36 19341
90 37 45043
90 38 55136
90 39 47587
90 40 40397
90 41 53672
90 42 50422
90 43 53519
90 44 49836
90 45 29903
90 46 24197
90 47 15797
90 48 10636
90 49 13281
90 50 21636
90 51 14544
90 52 21879
90 53 34034
90 54 38623
90 55 51544
90 56 55260
90 57 49458
90 58 37754
90 59 37311
90 60 33978
90 61 40805
90 62 4851
90 63 -658
90 64 -3354
90 65 12068
90 66 463
90 67 50963
90 68 27456
90 69 19051
90 70 10234
90 71 16055
90 72 45395
90 73 48229
90 74 52646
90 75 50882
90 76 26875
90 77 28473
90 78 29715
90 79 23776
90 80 37126
90 81 17795
90 82 18670
90 83 30269
90 84 36756
90 85 35897
90 86 40960
90 87 41485
90 88 12223
90 89 28762
90 91 48818
90 92 45051
90 93 38515
90 94 35184
90 95 38442
90 96 38270
90 97 42256
90 98 43638
90 99 40128
90 100 45051
90 101 12951
90 102 16854
90 103 12431
90 104 40330
90 105 34011
90 106 17374
90 107 7532
90 108 -3474
90 109 36162
90 110 47547
90 111 24084
90 112 30274
90 113 37892
90 114 23852
90 115 47891
90 116 30333
90 117 42293
90 118 26439
90 119 52031
90 120 15765
90 121 33378
90 122 10352
90 123 10860
90 124 21808
90 125 27444
90 126 -773
90 127 16005
90 128 3712
90 129 30131
90 130 41708
90 131 -2408
90 132 18788
90 133 52283
90 134 37156
90 135 22280
90 136 27279
90 137 42278
90 138 31920
90 139 54192
90 140 54227
90 141 45563
90 142 52410
90 143 16091
90 144 46363
90 145 50198
90 146 26528
90 147 30642
90 148 7756
90 149 37327
90 150 36127
90 151 41619
90 152 35765
90 153 20586
90 154 28724
90 155 46085
90 156 30439
90 157 21252
90 158 27707
90 159 -906
90 160 -196
90 161 9555
90 162 11086
90 163 39011
90 164 20371
90 165 49237
90 166 28079
90 167 18433
90 168 17733
90 169 28543
90 170 52924
90 171 46138
90 172 48666
90 173 39256
90 174 24753
90 175 9140
90 176 17030
90 177 35611
90 178 43812
90 179 40436
90 180 37316
90 181 -9231
90 182 7036
90 183 33448
90 184 28205
90 185 24547
90 186 56526
90 187 53447
90 188 6156
90 189 2494
90 190 10052
90 191 47205
90 192 49285
90 193 44317
90 194 16311
90 195 35328
90 196 26374
90 197 48609
90 198 42089
90 199 31973
90 200 32399
91 1 36220
91 2 18756
91 3 43411
91 4 33470
91 5 3298
91 6 14231
91 7 28880
91 8 20704
91 9 48748
91 10 39081
91 11 37589
91 12 33257
91 13 10449
91 14 21
91 15 9670
91 16 -3457
91 17 8075
91 18 17278
91 19 32599
91 20 49888
91 21 26805
91 22 26654
91 23 25311
91 24 46408
91 25 43641
91 26 27600
91 27 26155
91 28 29018
91 29 47012
91 30 40437
91 31 29225
91 32 44465
91 33 45831
91 34 51686
91 35 58899
91 36 32520
91 37 1872
91 38 5110
91 39 30951
91 40 23154
91 41 22219
91 42 6380
91 43 6910
91 44 -409
91 45 12639
91 46 21307
91 47 27958
91 48 20266
91 49 38081
91 50 38545
91 51 46159
91 52 24381
91 53 22597
91 54 35754
91 55 45304
91 56 34662
91 57 12834
91 58 18586
91 59 974
91 60 13264
91 61 -375
91 62 33474
91 63 46290
91 64 35778
91 65 54148
91 66 45301
91 67 33121
91 68 35537
91 69 33779
91 70 40750
91 71 54573
91 72 24084
91 73 25636
91 74 28176
91 75 26988
91 76 37118
91 77 40859
91 78 52787
91 79 42613
91 80 42852
91 81 43651
91 82 21058
91 83 13815
91 84 8222
91 85 -8375
91 86 -3941
91 87 5431
91 88 31197
91 89 15790
91 90 47503
91 92 6776
91 93 -576
91 94 8474
91 95 6205
91 96 7900
91 97 6064
91 98 571
91 99 6280
91 100 -2482
91 101 36457
91 102 36741
91 103 49476
91 104 6482
91 105 23245
91 106 23649
91 107 37017
91 108 37406
91 109 35760
91 110 33443
91 111 30681
91 112 15890
91 113 158
91 114 15646
91 115 17859
91 116 39957
91 117 10761
91 118 3811
91 119 1435
91 120 45566
91 121 45879
91 122 42101
91 123 30845
91 124 28083
91 125 10417
91 126 45552
91 127 29629
91 128 47282
91 129 48981
91 130 37186
91 131 45893
91 132 32120
91 133 25622
91 134 39896
91 135 55405
91 136 64528
91 137 14530
91 138 30992
91 139 39314
91 140 4318
91 141 -3283
91 142 5356
91 143 36016
91 144 9877
91 145 18271
91 146 24759
91 147 11532
91 148 31703
91 149 28988
91 150 41853
91 151 3344
91 152 16597
91 153 23103
91 154 27796
91 155 33324
91 156 20809
91 157 42512
91 158 42856
91 159 31145
91 160 43984
91 161 46431
91 162 32330
91 163 44107
91 164 48238
91 165 43493
91 166 13534
91 167 26152
91 168 30619
91 169 47411
91 170 40655
91 171 20209
91 172 6965
91 173 5276
91 174 16110
91 175 39866
91 176 31254
91 177 37527
91 178 12879
91 179 32027
91 180 23458
91 181 40972
91 182 25106
91 183 9986
91 184 36007
91 185 45742
91 186 35086
91 187 39084
91 188 46984
91 189 39081
91 190 27461
91 191 -2677
91 192 -1077
91 193 -4972
91 194 24454
91 195 30423
91 196 37078
91 197 28475
91 198 26109
91 199 16538
91 200 25762
92 1 29536
92 2 12584
92 3 35928
92 4 26519
92 5 2928
92 6 7909
92 7 25550
92 8 20376
92 9 41797
92 10 34256
92 11 34364
92 12 25644
92 13 2838
92 14 4913
92 15 7940
92 16 3610
92 17 11997
92 18 13802
92 19 30238
92 20 43735
92 21 19875
92 22 21275
92 23 20053
92 24 38832
92 25 36677
92 26 19999
92 27 19359
92 28 21602
92 29 39402
92 30 34464
92 31 23872
92 32 39378
92 33 38641
92 34 44277
92 35 51830
92 36 32450
92 37 -399
92 38 11947
92 39 24704
92 40 15692
92 41 17672
92 42 5176
92 43 8047
92 44 6789
92 45 14242
92 46 22329
92 47 27072
92 48 18526
92 49 36964
92 50 31379
92 51 39419
92 52 19135
92 53 15030
92 54 28273
92 55 38150
92 56 28596
92 57 8591
92 58 11010
92 59 -4600
92 60 11131
92 61 3992
92 62 29505
92 63 42135
92 64 33222
92 65 47502
92 66 39195
92 67 27373
92 68 27932
92 69 27325
92 70 34866
92 71 47837
92 72 17654
92 73 19128
92 74 22233
92 75 21215
92 76 29670
92 77 33358
92 78 45378
92 79 35174
92 80 35237
92 81 36467
92 82 19020
92 83 12787
92 84 9786
92 85 -5537
92 86 3453
92 87 -396
92 88 26677
92 89 9975
92 90 42798
92 91 5838
92 93 -1935
92 94 1276
92 95 -1369
92 96 2270
92 97 -972
92 98 -739
92 99 2150
92 100 13
92 101 30337
92 102 29582
92 103 42832
92 104 2352
92 105 15630
92 106 20033
92 107 34276
92 108 32526
92 109 28153
92 110 26404
92 111 23439
92 112 8728
92 113 5759
92 114 14812
92 115 11878
92 116 32422
92 117 3211
92 118 1752
92 119 7838
92 120 38461
92 121 38274
92 122 35797
92 123 28343
92 124 27455
92 125 11733
92 126 41375
92 127 24182
92 128 41371
92 129 41523
92 130 29794
92 131 40603
92 132 25496
92 133 20175
92 134 32335
92 135 48303
92 136 57587
92 137 7267
92 138 23412
92 139 32789
92 140 11262
92 141 4332
92 142 6581
92 143 35228
92 144 4983
92 145 13448
92 146 18233
92 147 5571
92 148 27476
92 149 21466
92 150 34238
92 151 -4272
92 152 9021
92 153 19442
92 154 20216
92 155 26373
92 156 13657
92 157 35355
92 158 35373
92 159 26876
92 160 38288
92 161 39675
92 162 26374
92 163 36517
92 164 40949
92 165 36278
92 166 9542
92 167 19943
92 168 29537
92 169 39891
92 170 34131
92 171 14365
92 172 4284
92 173 7957
92 174 16619
92 175 37119
92 176 24381
92 177 29921
92 178 6973
92 179 24636
92 180 15974
92 181 36514
92 182 21393
92 183 3182
92 184 28477
92 185 38414
92 186 29237
92 187 32546
92 188 40731
92 189 34256
92 190 22143
92 191 4897
92 192 4553
92 193 736
92 194 20859
92 195 22855
92 196 29586
92 197 22109
92 198 19067
92 199 16171
92 200 18535
93 1 30492
93 2 17041
93 3 38248
93 4 30674
93 5 -994
93 6 8585
93 7 23556
93 8 16805
93 9 43092
93 10 33370
93 11 32367
93 12 28611
93 13 6336
93 14 5339
93 15 11624
93 16 388
93 17 7527
93 18 11816
93 19 27724
93 20 44062
93 21 24083
93 22 25747
93 23 24525
93 24 42180
93 25 40801
93 26 23306
93 27 20500
93 28 23815
93 29 42279
93 30 34606
93 31 23422
93 32 38717
93 33 40324
93 34 46377
93 35 53293
93 36 28903
93 37 1245
93 38 10927
93 39 29091
93 40 19467
93 41 22083
93 42 8394
93 43 10608
93 44 5395
93 45 10054
93 46 18371
93 47 23828
93 48 15648
93 49 33868
93 50 33038
93 51 40430
93 52 18572
93 53 17785
93 54 31899
93 55 42149
93 56 33023
93 57 12888
93 58 14561
93 59 -3836
93 60 8181
93 61 -206
93 62 27974
93 63 40761
93 64 30863
93 65 48379
93 66 39472
93 67 31824
93 68 30772
93 69 28003
93 70 34920
93 71 48832
93 72 22027
93 73 23493
93 74 26684
93 75 25675
93 76 31916
93 77 35740
93 78 47487
93 79 37367
93 80 38237
93 81 38134
93 82 16253
93 83 9388
93 84 5472
93 85 -8709
93 86 246
93 87 4055
93 88 25532
93 89 9975
93 90 41829
93 91 4053
93 92 3632
93 94 3417
93 95 2025
93 96 2270
93 97 3482
93 98 -739
93 99 506
93 100 356
93 101 30634
93 102 31223
93 103 43716
93 104 708
93 105 18736
93 106 18208
93 107 31985
93 108 31688
93 109 31371
93 110 30523
93 111 25264
93 112 10538
93 113 1534
93 114 11425
93 115 16344
93 116 34924
93 117 7167
93 118 -1276
93 119 7193
93 120 39991
93 121 41092
93 122 36290
93 123 25893
93 124 24081
93 125 7605
93 126 40015
93 127 23812
93 128 41451
93 129 43764
93 130 33560
93 131 40114
93 132 26384
93 133 24647
93 134 35745
93 135 49819
93 136 58857
93 137 11409
93 138 26147
93 139 37109
93 140 10121
93 141 1962
93 142 8857
93 143 31977
93 144 9353
93 145 17878
93 146 19028
93 147 5761
93 148 26120
93 149 25048
93 150 37238
93 151 200
93 152 12572
93 153 17633
93 154 22951
93 155 30528
93 156 15406
93 157 36988
93 158 37693
93 159 25563
93 160 38162
93 161 40699
93 162 26500
93 163 39812
93 164 42798
93 165 40228
93 166 7875
93 167 20346
93 168 26378
93 169 42304
93 170 38441
93 171 18826
93 172 8036
93 173 3489
93 174 12766
93 175 34834
93 176 25599
93 177 33135
93 178 11443
93 179 28430
93 180 19676
93 181 35369
93 182 19668
93 183 4554
93 184 30967
93 185 40358
93 186 33687
93 187 36860
93 188 41164
93 189 33370
93 190 21659
93 191 2937
93 192 4363
93 193 -587
93 194 19027
93 195 26293
93 196 31948
93 197 26489
93 198 23198
93 199 12535
93 200 20398
94 1 23148
94 2 12110
94 3 29836
94 4 23291
94 5 3700
94 6 2527
94 7 21249
94 8 18816
94 9 35400
94 10 28665
94 11 29789
94 12 20071
94 13 -1234
94 14 11269
94 15 11513
94 16 8908
94 17 14422
94 18 10009
94 19 26384
94 20 37455
94 21 17036
94 22 20828
94 23 19333
94 24 33722
94 25 33254
94 26 14882
94 27 12966
94 28 15423
94 29 33736
94 30 28263
94 31 18046
94 32 33566
94 33 32299
94 34 38084
94 35 45454
94 36 30312
94 37 5993
94 38 18319
94 39 22572
94 40 11586
94 41 18284
94 42 10111
94 43 13208
94 44 13037
94 45 14440
94 46 21417
94 47 24434
94 48 15383
94 49 33879
94 50 25024
94 51 33020
94 52 13579
94 53 9242
94 54 23644
94 55 34354
94 56 26910
94 57 10604
94 58 6500
94 59 -1005
94 60 9533
94 61 8112
94 62 24513
94 63 36882
94 64 28974
94 65 41107
94 66 32919
94 67 25799
94 68 22230
94 69 20995
94 70 28720
94 71 41436
94 72 15651
94 73 17158
94 74 21014
94 75 20078
94 76 23528
94 77 27300
94 78 39186
94 79 29017
94 80 29698
94 81 30123
94 82 15883
94 83 11407
94 84 11097
94 85 -357
94 86 8784
94 87 1613
94 88 21412
94 89 4374
94 90 37218
94 91 11823
94 92 5563
94 93 2137
94 95 -1813
94 96 1270
94 97 1949
94 98 5319
94 99 3761
94 100 6398
94 101 24109
94 102 23226
94 103 36440
94 104 3963
94 105 10250
94 106 15629
94 107 30080
94 108 26881
94 109 22883
94 110 23097
94 111 17113
94 112 2345
94 113 9591
94 114 12969
94 115 11512
94 116 26441
94 117 2235
94 118 486
94 119 14215
94 120 32092
94 121 32553
94 122 29486
94 123 24455
94 124 25155
94 125 11755
94 126 36116
94 127 18357
94 128 35175
94 129 35391
94 130 25448
94 131 34684
94 132 19124
94 133 19591
94 134 27324
94 135 41935
94 136 51190
94 137 5077
94 138 17608
94 139 30247
94 140 17615
94 141 10200
94 142 12259
94 143 32462
94 144 7002
94 145 14040
94 146 11926
94 147 230
94 148 22358
94 149 16806
94 150 28699
94 151 2131
94 152 4511
94 153 15102
94 154 14412
94 155 23145
94 156 7277
94 157 28999
94 158 29281
94 159 21660
94 160 32186
94 161 33274
94 162 20226
94 163 31336
94 164 34659
94 165 32353
94 166 5802
94 167 13731
94 168 26751
94 169 33861
94 170 31469
94 171 13399
94 172 8435
94 173 10460
94 174 15651
94 175 32901
94 176 17978
94 177 24640
94 178 6868
94 179 20390
94 180 11625
94 181 31023
94 182 16699
94 183 -2880
94 184 22485
94 185 32150
94 186 27818
94 187 29963
94 188 34419
94 189 28665
94 190 16368
94 191 10922
94 192 10952
94 193 6834
94 194 16427
94 195 17922
94 196 23513
94 197 20080
94 198 15852
94 199 15107
94 200 12192
95 1 26203
95 2 10863
95 3 32324
95 4 23723
95 5 3960
95 6 5365
95 7 23955
95 8 20396
95 9 38329
95 10 31769
95 11 32622
95 12 22086
95 13 -607
95 14 8226
95 15 8799
95 16 6968
95 17 14090
95 18 12454
95 19 28962
95 20 40588
95 21 17184
95 22 19746
95 23 18443
95 24 35395
95 25 33831
95 26 16528
95 27 16023
95 28 18011
95 29 35836
95 30 31416
95 31 21187
95 32 36711
95 33 35100
95 34 40680
95 35 48318
95 36 32228
95 37 3176
95 38 15491
95 39 22410
95 40 12477
95 41 16714
95 42 7020
95 43 10116
95 44 10393
95 45 15216
95 46 22769
95 47 26537
95 48 17668
95 49 36188
95 50 27852
95 51 36036
95 52 16653
95 53 11429
95 54 24968
95 55 35151
95 56 26486
95 57 8341
95 58 7630
95 59 -2836
95 60 10937
95 61 6794
95 62 27464
95 63 39914
95 64 31713
95 65 44132
95 66 36051
95 67 25367
95 68 24357
95 69 24112
95 70 31880
95 71 44442
95 72 15353
95 73 16815
95 74 20308
95 75 19355
95 76 26069
95 77 29753
95 78 41781
95 79 31574
95 80 31690
95 81 32926
95 82 18138
95 83 12816
95 84 11225
95 85 -2317
95 86 6854
95 87 -899
95 88 24430
95 89 7419
95 90 40324
95 91 9402
95 92 2766
95 93 593
95 94 -1965
95 96 1513
95 97 -1134
95 98 2807
95 99 3063
95 100 3576
95 101 27259
95 102 26053
95 103 39478
95 104 3265
95 105 12087
95 106 18358
95 107 32784
95 108 29997
95 109 24660
95 110 23560
95 111 19895
95 112 5274
95 113 8521
95 114 14655
95 115 10247
95 116 28817
95 117 348
95 118 1711
95 119 11389
95 120 34941
95 121 34699
95 122 32607
95 123 27037
95 124 27106
95 125 12605
95 126 39149
95 127 21494
95 128 38327
95 129 37920
95 130 26584
95 131 37840
95 132 22206
95 133 18581
95 134 28921
95 135 44782
95 136 54115
95 137 4547
95 138 19817
95 139 30304
95 140 14824
95 141 7885
95 142 9099
95 143 34639
95 144 4649
95 145 12438
95 146 15063
95 147 3131
95 148 25340
95 149 18128
95 150 30691
95 151 -666
95 152 5641
95 153 17798
95 154 16621
95 155 23577
95 156 10184
95 157 31826
95 158 31769
95 159 24674
95 160 35347
95 161 36276
95 162 23386
95 163 33059
95 164 37376
95 165 33228
95 166 8155
95 167 16887
95 168 28913
95 169 36286
95 170 31612
95 171 12549
95 172 5480
95 173 9987
95 174 16985
95 175 35614
95 176 20974
95 177 26430
95 178 5461
95 179 21445
95 180 12707
95 181 34114
95 182 19548
95 183 219
95 184 24872
95 185 34835
95 186 27263
95 187 30046
95 188 37538
95 189 31769
95 190 19499
95 191 8482
95 192 8065
95 193 4324
95 194 19171
95 195 19445
95 196 25981
95 197 19818
95 198 16243
95 199 16408
95 200 15016
96 1 25590
96 2 15057
96 3 33294
96 4 27192
96 5 -86
96 6 3608
96 7 20566
96 8 16189
96 9 38137
96 10 29379
96 11 29371
96 12 23893
96 13 2540
96 14 9406
96 15 12561
96 16 5336
96 17 10472
96 18 8844
96 19 25333
96 20 39388
96 21 20830
96 22 23934
96 23 22593
96 24 37648
96 25 37197
96 26 18842
96 27 15540
96 28 18866
96 29 37481
96 30 30006
96 31 19122
96 32 34579
96 33 35327
96 34 41387
96 35 48318
96 36 28096
96 37 4053
96 38 15708
96 39 26263
96 40 15555
96 41 20956
96 42 10111
96 43 13042
96 44 10217
96 45 11031
96 46 18527
96 47 22504
96 48 13776
96 49 32272
96 50 28040
96 51 35529
96 52 14311
96 53 13061
96 54 27637
96 55 38333
96 56 30461
96 57 12477
96 58 10486
96 59 -3674
96 60 6733
96 61 4234
96 62 24513
96 63 37167
96 64 28266
96 65 43526
96 66 34828
96 67 29359
96 68 25975
96 69 23170
96 70 30354
96 71 43943
96 72 19257
96 73 20733
96 74 24386
96 75 23445
96 76 26956
96 77 30801
96 78 42499
96 79 32391
96 80 33515
96 81 33138
96 82 14248
96 83 8593
96 84 7278
96 85 -3727
96 86 5139
96 87 3210
96 88 21730
96 89 5318
96 90 37907
96 91 8852
96 92 4160
96 93 -1407
96 94 -1127
96 95 -732
96 97 2574
96 98 2807
96 99 -86
96 100 4205
96 101 25951
96 102 26226
96 103 38852
96 104 116
96 105 14180
96 106 15038
96 107 29318
96 108 27665
96 109 26794
96 110 27001
96 111 20266
96 112 5570
96 113 5613
96 114 10479
96 115 14450
96 116 30017
96 117 4515
96 118 -2521
96 119 11753
96 120 35006
96 121 36273
96 122 31542
96 123 23426
96 124 23002
96 125 8402
96 126 36408
96 127 19451
96 128 36889
96 129 38793
96 130 29448
96 131 35865
96 132 21491
96 133 22753
96 134 31272
96 135 44837
96 136 53911
96 137 8447
96 138 21344
96 139 34030
96 140 14936
96 141 6952
96 142 11568
96 143 30637
96 144 8775
96 145 16681
96 146 14130
96 147 962
96 148 22500
96 149 20802
96 150 32516
96 151 728
96 152 8497
96 153 14448
96 154 18148
96 155 27046
96 156 10416
96 157 31992
96 158 32739
96 159 21909
96 160 33702
96 161 35801
96 162 21889
96 163 35250
96 164 37798
96 165 36340
96 166 4561
96 167 15594
96 168 24916
96 169 37361
96 170 35290
96 171 16672
96 172 8995
96 173 6472
96 174 12744
96 175 32158
96 176 20641
96 177 28541
96 178 9684
96 179 24388
96 180 15620
96 181 31589
96 182 16393
96 183 -408
96 184 26061
96 185 35360
96 186 31296
96 187 33757
96 188 36450
96 189 29379
96 190 17375
96 191 7859
96 192 8688
96 193 4028
96 194 15864
96 195 21895
96 196 27008
96 197 23710
96 198 19731
96 199 12169
96 200 15414
97 1 28770
97 2 9426
97 3 34123
97 4 23475
97 5 5752
97 6 8365
97 7 26907
97 8 22816
97 9 40672
97 10 34742
97 11 35601
97 12 23426
97 13 697
97 14 5887
97 15 5915
97 16 6477
97 17 15141
97 18 15338
97 19 31861
97 20 43302
97 21 16813
97 22 18158
97 23 16932
97 24 36289
97 25 33643
97 26 17579
97 27 18626
97 28 20022
97 29 37177
97 30 34201
97 31 24126
97 32 39644
97 33 37275
97 34 42572
97 35 50554
97 36 34785
97 37 1872
97 38 13517
97 39 21549
97 40 12968
97 41 14695
97 42 4033
97 43 7132
97 44 8840
97 45 17110
97 46 24995
97 47 29212
97 48 20447
97 49 38956
97 50 30083
97 51 38521
97 52 19639
97 53 13157
97 54 25565
97 55 35191
97 56 25434
97 57 5851
97 58 8533
97 59 -1836
97 60 13395
97 61 7136
97 62 30463
97 63 42912
97 64 34664
97 65 46614
97 66 38760
97 67 24213
97 68 25766
97 69 26806
97 70 34704
97 71 46895
97 72 14505
97 73 15983
97 74 19073
97 75 18060
97 76 27959
97 77 31524
97 78 43682
97 79 33443
97 80 32961
97 81 35098
97 82 20915
97 83 15203
97 84 12778
97 85 -2482
97 86 6227
97 87 -3364
97 88 27428
97 89 10410
97 90 43297
97 91 8420
97 92 2322
97 93 1209
97 94 956
97 95 -1975
97 96 3978
97 98 2099
97 99 4749
97 100 1972
97 101 30038
97 102 28276
97 103 41992
97 104 4951
97 105 13425
97 106 21319
97 107 35727
97 108 32963
97 109 25747
97 110 23387
97 111 22102
97 112 7804
97 113 8892
97 114 17149
97 115 8729
97 116 30512
97 117 940
97 118 4091
97 119 9532
97 120 37169
97 121 36097
97 122 35298
97 123 29940
97 124 29704
97 125 14560
97 126 42147
97 127 24438
97 128 41108
97 129 39754
97 130 26989
97 131 40744
97 132 24830
97 133 17049
97 134 29760
97 135 46996
97 136 56438
97 137 4338
97 138 21405
97 139 29658
97 140 12917
97 141 6856
97 142 6244
97 143 37342
97 144 2163
97 145 10443
97 146 17823
97 147 6131
97 148 28340
97 149 18825
97 150 31962
97 151 -1110
97 152 6544
97 153 20751
97 154 18209
97 155 23329
97 156 12642
97 157 34045
97 158 33568
97 159 27673
97 160 38183
97 161 38726
97 162 26217
97 163 34018
97 164 39422
97 165 33349
97 166 11030
97 167 19698
97 168 31620
97 169 37988
97 170 31003
97 171 11211
97 172 2497
97 173 11079
97 174 19237
97 175 38560
97 176 23453
97 177 27503
97 178 3835
97 179 21830
97 180 13278
97 181 37095
97 182 22533
97 183 3182
97 184 26591
97 185 36861
97 186 26077
97 187 29418
97 188 40215
97 189 34742
97 190 22451
97 191 7318
97 192 6130
97 193 3248
97 194 22135
97 195 20306
97 196 27780
97 197 18957
97 198 16048
97 199 18704
97 200 17355
98 1 32130
98 2 15148
98 3 38971
98 4 29472
98 5 2147
98 6 10182
98 7 26496
98 8 19959
98 9 44543
98 10 35945
98 11 35329
98 12 28788
98 13 5999
98 14 2726
98 15 8568
98 16 499
98 17 9852
98 18 14717
98 19 30804
98 20 46078
98 21 22807
98 22 23564
98 23 22327
98 24 41993
98 25 39642
98 26 23161
98 27 21994
98 28 24598
98 29 42542
98 30 36710
98 31 25793
98 32 41209
98 33 41513
98 34 47275
98 35 54641
98 36 32052
98 37 -1813
98 38 9165
98 39 27386
98 40 18822
98 41 19598
98 42 5274
98 43 7460
98 44 3818
98 45 13016
98 46 21433
98 47 26990
98 48 18780
98 49 37026
98 50 34234
98 51 42053
98 52 20957
98 53 18128
98 54 31413
98 55 41183
98 56 31194
98 57 10260
98 58 14170
98 59 -3230
98 60 11284
98 61 1410
98 62 30785
98 63 43532
98 64 33921
98 65 50100
98 66 41522
98 67 29865
98 68 31065
98 69 29793
98 70 37061
98 71 50476
98 72 20387
98 73 21885
98 74 24761
98 75 23683
98 76 32689
98 77 36412
98 78 48376
98 79 38189
98 80 38386
98 81 39336
98 82 19364
98 83 12550
98 84 8379
98 85 -8375
98 86 311
98 87 1880
98 88 28192
98 89 12026
98 90 44446
98 91 2694
98 92 2322
98 93 -3245
98 94 4093
98 95 1733
98 96 3978
98 97 1866
98 99 2777
98 100 -2482
98 101 32643
98 102 32435
98 103 45421
98 104 2979
98 105 18779
98 106 21090
98 107 35020
98 108 34246
98 109 31314
98 110 29387
98 111 26333
98 112 11553
98 113 3056
98 114 14587
98 115 14366
98 116 35499
98 117 6358
98 118 1835
98 119 5110
98 120 41289
98 121 41407
98 122 38206
98 123 28957
98 124 27243
98 125 10610
98 126 42780
98 127 26134
98 128 43596
98 129 44550
98 130 32907
98 131 42531
98 132 28053
98 133 22497
98 134 35494
98 135 51131
98 136 60332
98 137 10305
98 138 26522
98 139 35580
98 140 8435
98 141 1181
98 142 5719
98 143 35140
98 144 6883
98 145 15464
98 146 20714
98 147 7661
98 148 28865
98 149 24616
98 150 37387
98 151 -1110
98 152 12181
98 153 20503
98 154 23326
98 155 29326
98 156 16483
98 157 38207
98 158 38416
98 159 28299
98 160 40408
98 161 42323
98 162 28594
98 163 39680
98 164 43878
98 165 39333
98 166 10639
98 167 22272
98 168 29537
98 169 42958
98 170 36928
98 171 16844
98 172 5065
98 173 6057
98 174 15872
98 175 37868
98 176 27073
98 177 33082
98 178 9418
98 179 27748
98 180 19111
98 181 38063
98 182 22533
98 183 5750
98 184 31549
98 185 41364
98 186 31749
98 187 35344
98 188 43125
98 189 35945
98 190 24039
98 191 1779
98 192 1985
98 193 -2366
98 194 21914
98 195 26015
98 196 32633
98 197 24822
98 198 22048
98 199 15688
98 200 21410
99 1 27666
99 2 16149
99 3 35529
99 4 28969
99 5 -1299
99 6 5768
99 7 21479
99 8 15912
99 9 40263
99 10 30863
99 11 30318
99 12 26094
99 13 4344
99 14 7784
99 15 12411
99 16 3106
99 17 8733
99 18 9691
99 19 25965
99 20 41295
99 21 22498
99 22 25015
99 23 23749
99 24 39801
99 25 39029
99 26 20965
99 27 17673
99 28 21102
99 29 39702
99 30 31862
99 31 20782
99 32 36154
99 33 37514
99 34 43609
99 35 50468
99 36 27979
99 37 2773
99 38 13712
99 39 27789
99 40 17469
99 41 21741
99 42 9538
99 43 12216
99 44 8188
99 45 10054
99 46 17952
99 47 22613
99 48 14131
99 49 32533
99 50 30229
99 51 37605
99 52 15933
99 53 15257
99 54 29701
99 55 40243
99 56 31870
99 57 12888
99 58 12450
99 59 -4600
99 60 6675
99 61 2040
99 62 25698
99 63 38436
99 64 29023
99 65 45563
99 66 36716
99 67 30747
99 68 28194
99 69 25189
99 70 32186
99 71 46009
99 72 20736
99 73 22199
99 74 25670
99 75 24710
99 76 29190
99 77 33036
99 78 44723
99 79 34620
99 80 35718
99 81 35322
99 82 14645
99 83 8317
99 84 5869
99 85 -5880
99 86 2903
99 87 3707
99 88 23095
99 89 7191
99 90 39357
99 91 6824
99 92 3632
99 93 -3579
99 94 956
99 95 410
99 96 -494
99 97 2937
99 98 1198
99 100 2602
99 101 27860
99 102 28412
99 103 40897
99 104 -2120
99 105 16328
99 106 16037
99 107 30093
99 108 29169
99 109 28957
99 110 28788
99 111 22480
99 112 7804
99 113 3529
99 114 10340
99 115 15514
99 116 32252
99 117 5728
99 118 -2715
99 119 9875
99 120 37169
99 121 38497
99 122 33499
99 123 24089
99 124 22985
99 125 7493
99 126 37683
99 127 21145
99 128 38723
99 129 41025
99 130 31461
99 131 37506
99 132 23559
99 133 23871
99 134 33406
99 135 46996
99 136 56028
99 137 9916
99 138 23563
99 139 35655
99 140 12917
99 141 4786
99 142 10570
99 143 30771
99 144 9219
99 145 17478
99 146 16202
99 147 2941
99 148 23768
99 149 22854
99 150 34719
99 151 200
99 152 10461
99 153 15446
99 154 20367
99 155 28823
99 156 12642
99 157 34176
99 158 34974
99 159 23201
99 160 35470
99 161 37874
99 162 23749
99 163 37411
99 164 40000
99 165 38276
99 166 5556
99 167 17550
99 168 25089
99 169 39597
99 170 36949
99 171 17890
99 172 8753
99 173 4647
99 174 12213
99 175 32940
99 176 22771
99 177 30710
99 178 10683
99 179 26371
99 180 17596
99 181 32965
99 182 17467
99 183 1828
99 184 28296
99 185 37574
99 186 32638
99 187 35392
99 188 38385
99 189 30863
99 190 19023
99 191 5759
99 192 6923
99 193 2090
99 194 16863
99 195 24000
99 196 29244
99 197 25200
99 198 21491
99 199 11725
99 200 17643
100 1 35122
100 2 15685
100 3 41508
100 4 30512
100 5 4667
100 6 13257
100 7 29541
100 8 22438
100 9 47441
100 10 39104
100 11 38361
100 12 31008
100 13 8186
100 14 -435
100 15 6844
100 16 -310
100 17 10901
100 18 17782
100 19 33706
100 20 49173
100 21 23862
100 22 23493
100 23 22149
100 24 43890
100 25 40674
100 26 25194
100 27 24958
100 28 27228
100 29 44767
100 30 39829
100 31 28952
100 32 44372
100 33 44297
100 34 49890
100 35 57485
100 36 34452
100 37 -399
100 38 6290
100 39 27836
100 40 20531
100 41 19073
100 42 3463
100 43 4832
100 44 1250
100 45 14939
100 46 23527
100 47 29596
100 48 21571
100 49 39681
100 50 37036
100 51 45025
100 52 24119
100 53 20559
100 54 33102
100 55 42415
100 56 31534
100 57 9681
100 58 16148
100 59 -128
100 60 14162
100 61 2279
100 62 33896
100 63 46658
100 64 36854
100 65 53095
100 66 44624
100 67 29964
100 68 33336
100 69 32840
100 70 40189
100 71 53447
100 72 21013
100 73 22586
100 74 25044
100 75 23840
100 76 35274
100 77 38927
100 78 50992
100 79 40778
100 80 40560
100 81 42124
100 82 22213
100 83 15203
100 84 10338
100 85 -7065
100 86 -986
100 87 2393
100 88 31340
100 89 15162
100 90 47602
100 91 1384
100 92 4817
100 93 -407
100 94 6915
100 95 4245
100 96 7119
100 97 3482
100 98 -739
100 99 5924
100 101 35745
100 102 35239
100 103 48419
100 104 6126
100 105 20992
100 106 24168
100 107 37983
100 108 37406
100 109 33362
100 110 30523
100 111 29095
100 112 14379
100 113 3261
100 114 17190
100 115 14757
100 116 37960
100 117 8408
100 118 4702
100 119 2181
100 120 44117
100 121 43673
100 122 41279
100 123 31883
100 124 29789
100 125 12626
100 126 45908
100 127 29290
100 128 46721
100 129 47116
100 130 34448
100 131 45691
100 132 31061
100 133 22462
100 134 37354
100 135 53959
100 136 63232
100 137 11827
100 138 28898
100 139 36243
100 140 5609
100 141 -606
100 142 3083
100 143 37720
100 144 6722
100 145 15111
100 146 23749
100 147 10783
100 148 31996
100 149 26406
100 150 39561
100 151 1385
100 152 14159
100 153 23586
100 154 25702
100 155 30366
100 156 19310
100 157 41012
100 158 40953
100 159 31433
100 160 43551
100 161 45288
100 162 31715
100 163 41628
100 164 46594
100 165 40635
100 166 13754
100 167 25363
100 168 32187
100 169 45438
100 170 37576
100 171 17071
100 172 3869
100 173 7634
100 174 18125
100 175 40833
100 176 30006
100 177 35118
100 178 9772
100 179 29299
100 180 20845
100 181 41208
100 182 25621
100 183 8721
100 184 34023
100 185 44054
100 186 31939
100 187 36014
100 188 46205
100 189 39104
100 190 27199
100 191 -200
100 192 -1077
100 193 -3736
100 194 24990
100 195 27911
100 196 35162
100 197 25387
100 198 23198
100 199 18184
100 200 24192
101 1 1521
101 2 33713
101 3 15017
101 4 30173
101 5 23411
101 6 24425
101 7 14596
101 8 24649
101 9 11166
101 10 6053
101 11 12719
101 12 16174
101 13 22187
101 14 38434
101 15 36670
101 16 33313
101 17 32042
101 18 16500
101 19 15008
101 20 10234
101 21 29773
101 22 38088
101 23 33261
101 24 26667
101 25 36152
101 26 19056
101 27 9321
101 28 12919
101 29 21675
101 30 960
101 31 -1449
101 32 7730
101 33 11502
101 34 18234
101 35 21485
101 36 25411
101 37 33008
101 38 44764
101 39 31551
101 40 24610
101 41 37949
101 42 37037
101 43 39982
101 44 39231
101 45 25630
101 46 24755
101 47 19577
101 48 11205
101 49 23147
101 50 7204
101 51 7835
101 52 11002
101 53 18537
101 54 23060
101 55 36087
101 56 39104
101 57 34760
101 58 22469
101 59 25413
101 60 25038
101 61 31331
101 62 7767
101 63 14593
101 64 11080
101 65 14850
101 66 5676
101 67 35027
101 68 12941
101 69 3170
101 70 1704
101 71 15648
101 72 29307
101 73 32260
101 74 36626
101 75 34780
101 76 11689
101 77 14273
101 78 20174
101 79 11970
101 80 22282
101 81 8611
101 82 15619
101 83 23246
101 84 28995
101 85 25083
101 86 32395
101 87 27564
101 88 7412
101 89 16622
101 90 13062
101 91 37883
101 92 32701
101 93 27431
101 94 22186
101 95 25488
101 96 26425
101 97 29108
101 98 31946
101 99 28742
101 100 33305
101 102 3767
101 103 10427
101 104 28944
101 105 18136
101 106 11776
101 107 15797
101 108 3188
101 109 20407
101 110 31402
101 111 7936
101 112 16155
101 113 30365
101 114 19377
101 115 32660
101 116 15512
101 117 28788
101 118 17255
101 119 40903
101 120 9132
101 121 20479
101 122 2557
101 123 14419
101 124 23349
101 125 22907
101 126 13972
101 127 5041
101 128 7867
101 129 18494
101 130 26098
101 131 8267
101 132 2735
101 133 36295
101 134 22423
101 135 18336
101 136 26281
101 137 27681
101 138 15780
101 139 38179
101 140 43953
101 141 35536
101 142 39483
101 143 24094
101 144 32009
101 145 34687
101 146 12438
101 147 18455
101 148 6709
101 149 21184
101 150 21283
101 151 29269
101 152 20480
101 153 13884
101 154 12584
101 155 30027
101 156 15817
101 157 8910
101 158 14462
101 159 2698
101 160 5067
101 161 7676
101 162 -3170
101 163 24690
101 164 13293
101 165 33765
101 166 18133
101 167 4290
101 168 21420
101 169 17502
101 170 37212
101 171 30218
101 172 34957
101 173 30811
101 174 22133
101 175 18146
101 176 982
101 177 20263
101 178 28711
101 179 24388
101 180 21279
101 181 6508
101 182 5426
101 183 20615
101 184 12882
101 185 13247
101 186 40371
101 187 37473
101 188 7330
101 189 6053
101 190 303
101 191 36729
101 192 37832
101 193 33143
101 194 11332
101 195 19289
101 196 11563
101 197 32464
101 198 25942
101 199 25956
101 200 17267
102 1 4521
102 2 33584
102 3 2915
102 4 23072
102 5 31247
102 6 29975
102 7 26496
102 8 35648
102 9 3998
102 10 17377
102 11 24439
102 12 8809
102 13 24904
102 14 42761
102 15 37079
102 16 40044
102 17 41136
102 18 26055
102 19 27334
102 20 11462
102 21 26063
102 22 34538
102 23 27339
102 24 15170
102 25 26752
102 26 15063
102 27 13798
102 28 11817
102 29 9436
102 30 6629
102 31 10799
102 32 15026
102 33 502
102 34 7162
102 35 13676
102 36 37778
102 37 37785
102 38 50130
102 39 24011
102 40 23076
102 41 35251
102 42 39632
102 43 41860
102 44 44850
102 45 36000
102 46 36538
102 47 31895
102 48 23330
102 49 35272
102 50 -1148
102 51 3419
102 52 20352
102 53 19170
102 54 14121
102 55 26668
102 56 33239
102 57 35168
102 58 22870
102 59 30701
102 60 33472
102 61 38448
102 62 20020
102 63 24602
102 64 21823
102 65 10366
102 66 5489
102 67 26808
102 68 2126
102 69 10336
102 70 11596
102 71 10652
102 72 25005
102 73 28955
102 74 32726
102 75 30060
102 76 3069
102 77 3126
102 78 8543
102 79 -364
102 80 11967
102 81 -1690
102 82 27117
102 83 32787
102 84 37621
102 85 31101
102 86 39658
102 87 29836
102 88 19607
102 89 23300
102 90 22363
102 91 43565
102 92 37344
102 93 33418
102 94 26701
102 95 29680
102 96 32098
102 97 32744
102 98 37136
102 99 34692
102 100 38197
102 101 9165
102 103 6515
102 104 34894
102 105 16956
102 106 23084
102 107 27900
102 108 13730
102 109 12479
102 110 25458
102 111 6483
102 112 20033
102 113 38616
102 114 30107
102 115 32114
102 116 5455
102 117 32171
102 118 25446
102 119 46022
102 120 293
102 121 8318
102 122 6116
102 123 26788
102 124 35459
102 125 33218
102 126 24173
102 127 16005
102 128 10686
102 129 6171
102 130 17218
102 131 14591
102 132 8054
102 133 32457
102 134 11813
102 135 10128
102 136 19630
102 137 29173
102 138 11552
102 139 30573
102 140 49439
102 141 41780
102 142 42549
102 143 36405
102 144 33302
102 145 32901
102 146 18233
102 147 24542
102 148 19079
102 149 15807
102 150 10968
102 151 33912
102 152 20881
102 153 24704
102 154 8356
102 155 22926
102 156 19310
102 157 -2829
102 158 2360
102 159 14740
102 160 9984
102 161 2560
102 162 8736
102 163 13563
102 164 3062
102 165 24406
102 166 26377
102 167 12109
102 168 33744
102 169 5222
102 170 28320
102 171 26941
102 172 37155
102 173 38844
102 174 33238
102 175 30163
102 176 2315
102 177 10962
102 178 28502
102 179 17566
102 180 18366
102 181 14219
102 182 17688
102 183 25600
102 184 4245
102 185 1219
102 186 34380
102 187 29642
102 188 7242
102 189 17377
102 190 12049
102 191 42635
102 192 42718
102 193 38626
102 194 22858
102 195 12761
102 196 1638
102 197 27262
102 198 21066
102 199 35904
102 200 19949
103 1 15122
103 2 48636
103 3 14939
103 4 37560
103 5 42547
103 6 42782
103 7 32407
103 8 43146
103 9 -3532
103 10 17784
103 11 23334
103 12 23842
103 13 39071
103 14 56481
103 15 52120
103 16 52272
103 17 51218
103 18 35691
103 19 28815
103 20 2041
103 21 41341
103 22 49785
103 23 42008
103 24 25690
103 25 39511
103 26 30360
103 27 26566
103 28 26550
103 29 17943
103 30 5065
103 31 16738
103 32 8333
103 33 7544
103 34 5885
103 35 3461
103 36 39668
103 37 51179
103 38 63337
103 39 38022
103 40 38248
103 41 50543
103 42 54037
103 43 56564
103 44 57849
103 45 44454
103 46 42025
103 47 35023
103 48 28009
103 49 34435
103 50 13744
103 51 1127
103 52 30198
103 53 33786
103 54 27935
103 55 39588
103 56 48033
103 57 50163
103 58 37681
103 59 43770
103 60 44229
103 61 50363
103 62 22085
103 63 20365
103 64 16995
103 65 -4104
103 66 -9024
103 67 40146
103 68 15237
103 69 20842
103 70 14704
103 71 -3561
103 72 40204
103 73 44243
103 74 47953
103 75 45145
103 76 18273
103 77 16939
103 78 11174
103 79 8337
103 80 25370
103 81 940
103 82 33777
103 83 42402
103 84 48204
103 85 43780
103 86 51497
103 87 44277
103 88 25048
103 89 35323
103 90 18120
103 91 56480
103 92 50774
103 93 46091
103 94 40095
103 95 43285
103 96 44904
103 97 46640
103 98 50302
103 99 47357
103 100 51557
103 101 16005
103 102 6695
103 104 47559
103 105 31988
103 106 30368
103 107 27986
103 108 12621
103 109 27200
103 110 40399
103 111 20933
103 112 33549
103 113 49570
103 114 38102
103 115 47242
103 116 19911
103 117 46133
103 118 36424
103 119 59313
103 120 -3939
103 121 17719
103 122 7693
103 123 29506
103 124 39956
103 125 41772
103 126 20422
103 127 24182
103 128 1199
103 129 14204
103 130 30931
103 131 7078
103 132 19456
103 133 47674
103 134 24093
103 135 1073
103 136 7300
103 137 43786
103 138 26825
103 139 44630
103 140 62570
103 141 54364
103 142 56805
103 143 36918
103 144 48065
103 145 48182
103 146 30526
103 147 37000
103 148 22800
103 149 31005
103 150 24371
103 151 47342
103 152 35692
103 153 32779
103 154 23629
103 155 37414
103 156 32889
103 157 9899
103 158 14384
103 159 16136
103 160 2915
103 161 -11366
103 162 15995
103 163 25134
103 164 5
103 165 37459
103 166 37279
103 167 22932
103 168 36874
103 169 11052
103 170 41333
103 171 42219
103 172 51680
103 173 49989
103 174 40471
103 175 29822
103 176 14866
103 177 24957
103 178 43577
103 179 32371
103 180 33647
103 181 5956
103 182 22346
103 183 38720
103 184 19273
103 185 9454
103 186 49098
103 187 43556
103 188 -4490
103 189 17784
103 190 19100
103 191 55434
103 192 56124
103 193 51656
103 194 29726
103 195 27794
103 196 16381
103 197 42288
103 198 36234
103 199 45010
103 200 33765
104 1 27666
104 2 16149
104 3 35529
104 4 28969
104 5 -1299
104 6 5768
104 7 21479
104 8 15912
104 9 40263
104 10 30863
104 11 30318
104 12 26094
104 13 4344
104 14 7784
104 15 12411
104 16 3106
104 17 8733
104 18 9691
104 19 25965
104 20 41295
104 21 22498
104 22 25015
104 23 23749
104 24 39801
104 25 39029
104 26 20965
104 27 17673
104 28 21102
104 29 39702
104 30 31862
104 31 20782
104 32 36154
104 33 37514
104 34 43609
104 35 50468
104 36 27979
104 37 2773
104 38 13712
104 39 27789
104 40 17469
104 41 21741
104 42 9538
104 43 12216
104 44 8188
104 45 10054
104 46 17952
104 47 22613
104 48 14131
104 49 32533
104 50 30229
104 51 37605
104 52 15933
104 53 15257
104 54 29701
104 55 40243
104 56 31870
104 57 12888
104 58 12450
104 59 -4600
104 60 6675
104 61 2040
104 62 25698
104 63 38436
104 64 29023
104 65 45563
104 66 36716
104 67 30747
104 68 28194
104 69 25189
104 70 32186
104 71 46009
104 72 20736
104 73 22199
104 74 25670
104 75 24710
104 76 29190
104 77 33036
104 78 44723
104 79 34620
104 80 35718
104 81 35322
104 82 14645
104 83 8317
104 84 5869
104 85 -5880
104 86 2903
104 87 3707
104 88 23095
104 89 7191
104 90 39357
104 91 6824
104 92 3632
104 93 -3579
104 94 956
104 95 410
104 96 -494
104 97 2937
104 98 1198
104 99 -2322
104 100 2602
104 101 27860
104 102 28412
104 103 40897
104 105 16328
104 106 16037
104 107 30093
104 108 29169
104 109 28957
104 110 28788
104 111 22480
104 112 7804
104 113 3529
104 114 10340
104 115 15514
104 116 32252
104 117 5728
104 118 -2715
104 119 9875
104 120 37169
104 121 38497
104 122 33499
104 123 24089
104 124 22985
104 125 7493
104 126 37683
104 127 21145
104 128 38723
104 129 41025
104 130 31461
104 131 37506
104 132 23559
104 133 23871
104 134 33406
104 135 46996
104 136 56028
104 137 9916
104 138 23563
104 139 35655
104 140 12917
104 141 4786
104 142 10570
104 143 30771
104 144 9219
104 145 17478
104 146 16202
104 147 2941
104 148 23768
104 149 22854
104 150 34719
104 151 200
104 152 10461
104 153 15446
104 154 20367
104 155 28823
104 156 12642
104 157 34176
104 158 34974
104 159 23201
104 160 35470
104 161 37874
104 162 23749
104 163 37411
104 164 40000
104 165 38276
104 166 5556
104 167 17550
104 168 25089
104 169 39597
104 170 36949
104 171 17890
104 172 8753
104 173 4647
104 174 12213
104 175 32940
104 176 22771
104 177 30710
104 178 10683
104 179 26371
104 180 17596
104 181 32965
104 182 17467
104 183 1828
104 184 28296
104 185 37574
104 186 32638
104 187 35392
104 188 38385
104 189 30863
104 190 19023
104 191 5759
104 192 6923
104 193 2090
104 194 16863
104 195 24000
104 196 29244
104 197 25200
104 198 21491
104 199 11725
104 200 17643
105 1 15547
105 2 12584
105 3 16917
105 4 11486
105 5 17298
105 6 14365
105 7 25763
105 8 28885
105 9 25009
105 10 27046
105 11 31629
105 12 5953
105 13 5474
105 14 23037
105 15 16078
105 16 23067
105 17 28209
105 18 18052
105 19 30650
105 20 30325
105 21 7968
105 22 15949
105 23 12087
105 24 19405
105 25 20557
105 26 647
105 27 8335
105 28 4466
105 29 19716
105 30 22416
105 31 16321
105 32 29932
105 33 21056
105 34 25429
105 35 34297
105 36 37923
105 37 19134
105 38 30917
105 39 12317
105 40 2444
105 41 15759
105 42 19061
105 43 20927
105 44 26309
105 45 26543
105 46 31575
105 47 31533
105 48 22033
105 49 39251
105 50 14409
105 51 23830
105 52 15933
105 53 699
105 54 9609
105 55 21180
105 56 18227
105 57 14147
105 58 2107
105 59 13089
105 60 21476
105 61 22430
105 62 25698
105 63 35980
105 64 31013
105 65 31389
105 66 25421
105 67 16066
105 68 8277
105 69 15433
105 70 23877
105 71 31665
105 72 7596
105 73 10168
105 74 14629
105 75 13084
105 76 11069
105 77 14300
105 78 26588
105 79 16333
105 80 15539
105 81 18802
105 82 23290
105 83 22713
105 84 24590
105 85 13761
105 86 22961
105 87 9364
105 88 22489
105 89 11240
105 90 34986
105 91 25535
105 92 18858
105 93 16397
105 94 9191
105 95 11180
105 96 15518
105 97 13359
105 98 18946
105 99 18074
105 100 19416
105 101 19000
105 102 12422
105 103 27274
105 104 18276
105 106 20508
105 107 33196
105 108 24768
105 109 8569
105 110 11600
105 111 7033
105 112 4494
105 113 23851
105 114 22914
105 115 11206
105 116 13190
105 117 12877
105 118 12864
105 119 27016
105 120 21008
105 121 18613
105 122 22560
105 123 28957
105 124 33182
105 125 23757
105 126 35266
105 127 17570
105 128 28833
105 129 22572
105 130 11696
105 131 30382
105 132 12777
105 133 14223
105 134 13026
105 135 30684
105 136 40494
105 137 8581
105 138 4063
105 139 19340
105 140 30355
105 141 24028
105 142 22125
105 143 38713
105 144 12381
105 145 12664
105 146 10552
105 147 10264
105 148 23495
105 149 3029
105 150 14540
105 151 15426
105 152 118
105 153 20627
105 154 867
105 155 11340
105 156 5440
105 157 18118
105 158 16362
105 159 21862
105 160 26749
105 161 23551
105 162 16181
105 163 17019
105 164 22626
105 165 19032
105 166 15431
105 167 10998
105 168 33596
105 169 20609
105 170 19939
105 171 8059
105 172 16458
105 173 24496
105 174 26280
105 175 35871
105 176 9802
105 177 10331
105 178 7521
105 179 7020
105 180 -404
105 181 28641
105 182 19599
105 183 9156
105 184 9332
105 185 20136
105 186 19474
105 187 18907
105 188 26799
105 189 27046
105 190 15384
105 191 24588
105 192 23605
105 193 20429
105 194 21013
105 195 3735
105 196 10637
105 197 11275
105 198 5090
105 199 26423
105 200 7221
106 1 16621
106 2 31762
106 3 29763
106 4 36875
106 5 10326
106 6 16829
106 7 641
106 8 7894
106 9 27869
106 10 11234
106 11 9346
106 12 26158
106 13 18064
106 14 28504
106 15 32105
106 16 20599
106 17 16554
106 18 2762
106 19 5917
106 20 24970
106 21 32913
106 22 39435
106 23 36969
106 24 39517
106 25 45255
106 26 25058
106 27 12807
106 28 19756
106 29 36173
106 30 15438
106 31 3731
106 32 16690
106 33 27890
106 34 34795
106 35 38111
106 36 12530
106 37 23792
106 38 32849
106 39 37812
106 40 26513
106 41 37849
106 42 30106
106 43 33066
106 44 27670
106 45 9108
106 46 8553
106 47 6113
106 48 -3361
106 49 14068
106 50 22024
106 51 24502
106 52 4759
106 53 20164
106 54 32829
106 55 45512
106 56 43447
106 57 31137
106 58 22257
106 59 16164
106 60 11732
106 61 18492
106 62 4851
106 63 17674
106 64 8372
106 65 30299
106 66 19699
106 67 41559
106 68 25822
106 69 14170
106 70 16062
106 71 31713
106 72 32404
106 73 34369
106 74 38803
106 75 37667
106 76 24512
106 77 28164
106 78 36485
106 79 27588
106 80 34476
106 81 25213
106 82 -942
106 83 7994
106 84 14441
106 85 13958
106 86 18629
106 87 22226
106 88 3483
106 89 9374
106 90 19268
106 91 26858
106 92 24180
106 93 16788
106 94 15489
106 95 18370
106 96 17295
106 97 22172
106 98 22176
106 99 18702
106 100 23511
106 101 13559
106 102 19469
106 103 26573
106 104 18904
106 105 21427
106 107 9464
106 108 9554
106 109 30215
106 110 37086
106 111 17693
106 112 13302
106 113 15699
106 114 2747
106 115 31084
106 116 28486
106 117 22851
106 118 4229
106 119 30038
106 120 25894
106 121 34857
106 122 18745
106 123 4012
106 124 8277
106 125 6444
106 126 16944
106 127 6034
106 128 21444
106 129 34130
106 130 35507
106 131 18470
106 132 13681
106 133 37996
106 134 34192
106 135 35034
106 136 42630
106 137 24580
106 138 23825
106 139 44812
106 140 31928
106 141 23285
106 142 31539
106 143 13263
106 144 27595
106 145 33785
106 146 12111
106 147 10655
106 148 3284
106 149 27798
106 150 33477
106 151 20748
106 152 20268
106 153 -1580
106 154 20629
106 155 36729
106 156 15070
106 157 24912
106 158 29208
106 159 2660
106 160 17619
106 161 23943
106 162 9154
106 163 37178
106 164 30000
106 165 43239
106 166 6506
106 167 7715
106 168 8136
106 169 33196
106 170 45213
106 171 31644
106 172 28801
106 173 16898
106 174 5372
106 175 12286
106 176 13796
106 177 31208
106 178 26670
106 179 31814
106 180 25010
106 181 12445
106 182 -3524
106 183 13802
106 184 25023
106 185 29268
106 186 44639
106 187 44355
106 188 22327
106 189 11234
106 190 2510
106 191 25038
106 192 27464
106 193 22471
106 194 -4160
106 195 27350
106 196 24772
106 197 36433
106 198 30531
106 199 10031
106 200 18589
107 1 24306
107 2 48052
107 3 37752
107 4 50843
107 5 25359
107 6 33321
107 7 10821
107 8 17379
107 9 29586
107 10 8765
107 11 -5076
107 12 38051
107 13 34456
107 14 44059
107 15 48591
107 16 35010
107 17 28323
107 18 18886
107 19 -4795
107 20 23041
107 21 48101
107 22 55275
107 23 52272
107 24 49480
107 25 58075
107 26 38925
107 27 26361
107 28 32779
107 29 44361
107 30 15611
107 31 10355
107 32 9587
107 33 33145
107 34 38736
107 35 38459
107 36 4805
107 37 39878
107 38 47133
107 39 52118
107 40 41862
107 41 53999
107 42 46456
107 43 49320
107 44 42554
107 45 18928
107 46 10740
107 47 1704
107 48 -1090
107 49 344
107 50 30024
107 51 26807
107 52 19909
107 53 35273
107 54 45078
107 55 58097
107 56 58449
107 57 47609
107 58 38043
107 59 32369
107 60 27131
107 61 33113
107 62 2051
107 63 6532
107 64 -8080
107 65 26622
107 66 15015
107 67 55846
107 68 35712
107 69 23782
107 70 18894
107 71 30347
107 72 47702
107 73 49906
107 74 54402
107 75 53117
107 76 34344
107 77 37098
107 78 41528
107 79 34294
107 80 44947
107 81 29551
107 82 9183
107 83 21960
107 84 28131
107 85 29475
107 86 31854
107 87 38718
107 88 10625
107 89 25785
107 90 11467
107 91 42267
107 92 40464
107 93 32606
107 94 31981
107 95 34837
107 96 33616
107 97 38621
107 98 38147
107 99 34799
107 100 39367
107 101 19621
107 102 26326
107 103 26232
107 104 35001
107 105 36156
107 106 11505
107 108 5562
107 109 42298
107 110 51424
107 111 29155
107 112 29289
107 113 28346
107 114 14038
107 115 47341
107 116 38251
107 117 39343
107 118 19669
107 119 45270
107 120 28562
107 121 43212
107 122 21196
107 123 -1085
107 124 8562
107 125 16727
107 126 6284
107 127 16828
107 128 18018
107 129 40774
107 130 48010
107 131 12148
107 132 23671
107 133 53757
107 134 45067
107 135 36023
107 136 41607
107 137 40925
107 138 36590
107 139 58914
107 140 46166
107 141 37862
107 142 47690
107 143 1960
107 144 44082
107 145 50024
107 146 26812
107 147 27147
107 148 5654
107 149 41538
107 150 43948
107 151 37032
107 152 36054
107 153 14859
107 154 33394
107 155 50697
107 156 30499
107 157 31225
107 158 37197
107 159 -491
107 160 13944
107 161 23525
107 162 16227
107 163 47458
107 164 33196
107 165 55776
107 166 22801
107 167 20185
107 168 3766
107 169 39618
107 170 58706
107 171 47419
107 172 45239
107 173 30938
107 174 13173
107 175 -4178
107 176 23182
107 177 42609
107 178 42984
107 179 45302
107 180 39818
107 181 874
107 182 1573
107 183 30291
107 184 35414
107 185 35298
107 186 59698
107 187 58351
107 188 20275
107 189 8765
107 190 11408
107 191 39988
107 192 42964
107 193 38039
107 194 10364
107 195 40404
107 196 34320
107 197 51496
107 198 45250
107 199 22798
107 200 33437
108 1 12922
108 2 43833
108 3 25115
108 4 41832
108 5 28075
108 6 31923
108 7 13758
108 8 24509
108 9 15551
108 10 -2341
108 11 2720
108 12 27788
108 13 31308
108 14 45427
108 15 46161
108 16 38401
108 17 34440
108 18 20288
108 19 7724
108 20 9288
108 21 41060
108 22 49185
108 23 44779
108 24 37327
108 25 47668
108 26 30575
108 27 19516
108 28 24321
108 29 31471
108 30 1636
108 31 2551
108 32 -1325
108 33 19668
108 34 24787
108 35 24556
108 36 18577
108 37 40190
108 38 50555
108 39 43211
108 40 35523
108 41 48761
108 42 45466
108 43 48561
108 44 45188
108 45 26270
108 46 21729
108 47 14072
108 48 7796
108 49 13971
108 50 17956
108 51 12858
108 52 16964
108 53 29112
108 54 34592
108 55 47586
108 56 50649
108 57 44459
108 58 32796
108 59 32458
108 60 29436
108 61 36279
108 62 1511
108 63 2932
108 64 -290
108 65 13933
108 66 2584
108 67 46686
108 68 23890
108 69 14325
108 70 6189
108 71 16719
108 72 40647
108 73 43407
108 74 47846
108 75 46143
108 76 22976
108 77 24984
108 78 27797
108 79 21104
108 80 33430
108 81 15798
108 82 14990
108 83 26019
108 84 32465
108 85 31183
108 86 36638
108 87 36495
108 88 7592
108 89 23833
108 90 1907
108 91 44102
108 92 40160
108 93 33755
108 94 30228
108 95 33496
108 96 33409
108 97 37303
108 98 38819
108 99 35321
108 100 40236
108 101 8458
108 102 13602
108 103 12313
108 104 35523
108 105 29174
108 106 13041
108 107 7008
108 109 32005
108 110 43005
108 111 19560
108 112 25274
108 113 33718
108 114 20037
108 115 42917
108 116 26609
108 117 37317
108 118 21871
108 119 47312
108 120 14557
108 121 30445
108 122 7569
108 123 8643
108 124 19429
108 125 23742
108 126 2315
108 127 11015
108 128 4712
108 129 27530
108 130 37652
108 131 487
108 132 14116
108 133 47462
108 134 33538
108 135 22039
108 136 27974
108 137 37279
108 138 27406
108 139 49841
108 140 49658
108 141 40991
108 142 47492
108 143 15995
108 144 41364
108 145 45251
108 146 21532
108 147 25725
108 148 3560
108 149 32796
108 150 32431
108 151 36728
108 152 30807
108 153 16143
108 154 24210
108 155 41686
108 156 25449
108 157 18229
108 158 24560
108 159 -4509
108 160 598
108 161 9659
108 162 6299
108 163 35568
108 164 19199
108 165 45269
108 166 23363
108 167 13457
108 168 15940
108 169 26199
108 170 48815
108 171 41290
108 172 43689
108 173 34873
108 174 21422
108 175 8964
108 176 12639
108 177 31685
108 178 38829
108 179 36048
108 180 32543
108 181 -4231
108 182 3121
108 183 28497
108 184 24259
108 185 21969
108 186 51920
108 187 49134
108 188 6617
108 189 -2341
108 190 5065
108 191 42564
108 192 44519
108 193 39569
108 194 12045
108 195 30951
108 196 22642
108 197 43942
108 198 37433
108 199 27913
108 200 27445
109 1 15937
109 2 22001
109 3 8073
109 4 6800
109 5 29419
109 6 26531
109 7 33714
109 8 39363
109 9 18634
109 10 30251
109 11 36573
109 12 -2399
109 13 17703
109 14 34587
109 15 24761
109 16 35410
109 17 40305
109 18 28448
109 19 37403
109 20 27727
109 21 11553
109 22 19375
109 23 11092
109 24 7063
109 25 12016
109 26 3263
109 27 15540
109 28 9100
109 29 7883
109 30 21963
109 31 20871
109 32 30425
109 33 14528
109 34 15628
109 35 26254
109 36 46332
109 37 31313
109 38 42613
109 39 7882
109 40 11866
109 41 20529
109 42 29978
109 43 30746
109 44 38376
109 45 37886
109 46 41729
109 47 39951
109 48 30587
109 49 46062
109 50 10890
109 51 19598
109 52 24474
109 53 12670
109 54 -1017
109 55 12004
109 56 17047
109 57 23449
109 58 13914
109 59 25444
109 60 33145
109 61 34794
109 62 30986
109 63 38699
109 64 35267
109 65 24617
109 66 21601
109 67 11034
109 68 -2870
109 69 18688
109 70 25163
109 71 25391
109 72 9664
109 73 14456
109 74 17482
109 75 14264
109 76 5556
109 77 5965
109 78 17198
109 79 7385
109 80 3732
109 81 11713
109 82 32618
109 83 33997
109 84 36622
109 85 26106
109 86 35303
109 87 20695
109 88 28614
109 89 22451
109 90 36869
109 91 37782
109 92 31113
109 93 28764
109 94 21556
109 95 23485
109 96 27864
109 97 25413
109 98 31213
109 99 30435
109 100 31518
109 101 21003
109 102 7677
109 103 22218
109 104 30637
109 105 8301
109 106 29028
109 107 39070
109 108 27331
109 110 9429
109 111 8659
109 112 16298
109 113 36172
109 114 33451
109 115 19991
109 116 4911
109 117 25038
109 118 24669
109 119 38939
109 120 13746
109 121 7007
109 122 21486
109 123 36099
109 124 42276
109 125 35078
109 126 38116
109 127 23606
109 128 26883
109 129 13271
109 130 1933
109 131 30267
109 132 15757
109 133 17112
109 134 813
109 135 22646
109 136 32860
109 137 20092
109 138 4272
109 139 14446
109 140 42120
109 141 36276
109 142 33140
109 143 46221
109 144 22778
109 145 19059
109 146 19391
109 147 22150
109 148 29168
109 149 1186
109 150 2733
109 151 27681
109 152 11925
109 153 29662
109 154 1076
109 155 6654
109 156 16404
109 157 12874
109 158 7518
109 159 26430
109 160 25863
109 161 17612
109 162 19353
109 163 4656
109 164 13798
109 165 9682
109 166 26651
109 167 17300
109 168 41901
109 169 10212
109 170 13011
109 171 12136
109 172 27237
109 173 36731
109 174 36910
109 175 41577
109 176 10800
109 177 -2031
109 178 16697
109 179 1371
109 180 5998
109 181 29623
109 182 26449
109 183 21426
109 184 2470
109 185 12399
109 186 18148
109 187 13605
109 188 23502
109 189 30251
109 190 20826
109 191 36798
109 192 35516
109 193 32654
109 194 29278
109 195 -2659
109 196 3413
109 197 11358
109 198 5697
109 199 37614
109 200 17267
110 1 26253
110 2 15148
110 3 20035
110 4 -2419
110 5 29406
110 6 26879
110 7 39929
110 8 42719
110 9 30673
110 10 39717
110 11 45142
110 12 8809
110 13 15672
110 14 28664
110 15 15553
110 16 32456
110 17 40081
110 18 32050
110 19 44674
110 20 39377
110 21 2871
110 22 7863
110 23 -576
110 24 13709
110 25 7667
110 26 6464
110 27 21994
110 28 16263
110 29 17581
110 30 32938
110 31 29443
110 32 41209
110 33 26566
110 34 26844
110 35 38023
110 36 52134
110 37 27789
110 38 36608
110 39 -1862
110 40 9149
110 41 9315
110 42 23438
110 43 22308
110 44 33796
110 45 39719
110 46 45473
110 47 45746
110 48 36246
110 49 53330
110 50 22330
110 51 31473
110 52 30106
110 53 14742
110 54 2580
110 55 9304
110 56 5243
110 57 15473
110 58 12261
110 59 23314
110 60 34532
110 61 32909
110 62 39253
110 63 48536
110 64 44351
110 65 36565
110 66 33527
110 67 1896
110 68 8601
110 69 27700
110 70 35400
110 71 37417
110 72 -1653
110 73 4629
110 74 6035
110 75 2258
110 76 17164
110 77 18006
110 78 28747
110 79 19233
110 80 14838
110 81 23742
110 82 37465
110 83 36098
110 84 36804
110 85 23477
110 86 32110
110 87 15588
110 88 36237
110 89 25027
110 90 47067
110 91 34278
110 92 28177
110 93 26729
110 94 20583
110 95 21198
110 96 26884
110 97 21866
110 98 28099
110 99 29079
110 100 27492
110 101 30811
110 102 19469
110 103 34230
110 104 29281
110 105 10145
110 106 34712
110 107 47009
110 108 37144
110 109 8242
110 111 17785
110 112 18099
110 113 34670
110 114 36745
110 115 12457
110 116 16936
110 117 22195
110 118 25725
110 119 33943
110 120 25734
110 121 17260
110 122 32594
110 123 43042
110 124 47358
110 125 36971
110 126 47877
110 127 31184
110 128 38402
110 129 25009
110 130 2668
110 131 41267
110 132 24830
110 133 5425
110 134 7433
110 135 34440
110 136 44694
110 137 16293
110 138 12224
110 139 5133
110 140 36301
110 141 32527
110 142 26492
110 143 52886
110 144 16193
110 145 8918
110 146 24683
110 147 23362
110 148 37142
110 149 2399
110 150 13839
110 151 24745
110 152 10272
110 153 34839
110 154 9028
110 155 -2565
110 156 19582
110 157 24774
110 158 19480
110 159 35146
110 160 37074
110 161 29653
110 162 28594
110 163 12262
110 164 25441
110 165 7630
110 166 29047
110 167 24552
110 168 47808
110 169 21339
110 170 5963
110 171 1225
110 172 20684
110 173 36035
110 174 40005
110 175 49640
110 176 20697
110 177 8408
110 178 9418
110 179 -530
110 180 4030
110 181 40292
110 182 33579
110 183 21369
110 184 14216
110 185 24411
110 186 6463
110 187 4724
110 188 35302
110 189 39717
110 190 28828
110 191 32922
110 192 30597
110 193 29085
110 194 35201
110 195 2790
110 196 15358
110 197 -670
110 198 -3952
110 199 39847
110 200 21410
111 1 4583
111 2 23656
111 3 9305
111 4 18156
111 5 21453
111 6 19613
111 7 21249
111 8 28251
111 9 14490
111 10 17895
111 11 23876
111 12 4773
111 13 14294
111 14 32131
111 15 27099
111 16 29719
111 17 31810
111 18 17714
111 19 24614
111 20 19157
111 21 18001
111 22 26478
111 23 21207
111 24 17680
111 25 24776
111 26 7049
111 27 4226
111 28 1518
111 29 14906
111 30 11521
111 31 8107
111 32 19475
111 33 11058
111 34 17000
111 35 24306
111 36 33791
111 37 27187
111 38 39529
111 39 19542
111 40 13569
111 41 26672
111 42 29110
111 43 31506
111 44 34298
111 45 27740
111 46 30135
111 47 27464
111 48 18221
111 49 33261
111 50 3834
111 51 12804
111 52 12681
111 53 8717
111 54 11789
111 55 24797
111 56 27039
111 57 25125
111 58 12605
111 59 20183
111 60 24093
111 61 28276
111 62 18208
111 63 26635
111 64 22778
111 65 20678
111 66 14246
111 67 23098
111 68 4061
111 69 5980
111 70 13515
111 71 20923
111 72 17439
111 73 20650
111 74 24885
111 75 22866
111 76 3140
111 77 7095
111 78 18128
111 79 8127
111 80 12635
111 81 8885
111 82 20717
111 83 24071
111 84 28146
111 85 20665
111 86 29432
111 87 19319
111 88 15828
111 89 13462
111 90 25138
111 91 33050
111 92 26746
111 93 23004
111 94 16133
111 95 19067
111 96 21683
111 97 22115
111 98 26579
111 99 24305
111 100 27598
111 101 8879
111 102 2028
111 103 16298
111 104 24507
111 105 7112
111 106 16853
111 107 26274
111 108 15233
111 109 9006
111 110 19319
111 112 9487
111 113 28807
111 114 22468
111 115 22356
111 116 6911
111 117 21543
111 118 15918
111 119 35421
111 120 10923
111 121 13578
111 122 11486
111 123 23361
111 124 30084
111 125 24929
111 126 25991
111 127 10871
111 128 17731
111 129 14580
111 130 14708
111 131 19710
111 132 3055
111 133 24599
111 134 12429
111 135 20755
111 136 30217
111 137 18738
111 138 3700
111 139 26197
111 140 38848
111 141 31332
111 142 31982
111 143 33484
111 144 22989
111 145 23784
111 146 8708
111 147 14366
111 148 16363
111 149 9101
111 150 11636
111 151 23314
111 152 10616
111 153 17798
111 154 504
111 155 18010
111 156 8780
111 157 7799
111 158 8750
111 159 13743
111 160 15829
111 161 12767
111 162 6801
111 163 15339
111 164 13410
111 165 22477
111 166 17093
111 167 4833
111 168 29385
111 169 13374
111 170 25535
111 171 18666
111 172 26684
111 173 29042
111 174 25869
111 175 28793
111 176 -1130
111 177 9572
111 178 18617
111 179 12399
111 180 9629
111 181 18457
111 182 13717
111 183 15120
111 184 3252
111 185 10947
111 186 28303
111 187 25530
111 188 15620
111 189 17895
111 190 8023
111 191 32136
111 192 32107
111 193 28087
111 194 16976
111 195 7336
111 196 3413
111 197 20450
111 198 13929
111 199 27453
111 200 9370
112 1 16244
112 2 14180
112 3 22999
112 4 20291
112 5 8423
112 6 5690
112 7 18574
112 8 19896
112 9 28346
112 10 23441
112 11 26103
112 12 14008
112 13 1365
112 14 18224
112 15 16171
112 16 15631
112 17 19286
112 18 9292
112 19 23848
112 20 30817
112 21 15227
112 22 21410
112 23 19057
112 24 28042
112 25 29687
112 26 9789
112 27 6099
112 28 8575
112 29 27365
112 30 21827
112 31 12551
112 32 27829
112 33 25234
112 34 31123
112 35 38383
112 36 29819
112 37 13052
112 38 25388
112 39 20638
112 40 8846
112 41 19985
112 42 16168
112 43 19104
112 44 20095
112 45 17325
112 46 22648
112 47 23544
112 48 14112
112 49 32090
112 50 17956
112 51 26042
112 52 9253
112 53 3620
112 54 18753
112 55 30380
112 56 25755
112 57 14474
112 58 4260
112 59 5970
112 60 12273
112 61 14410
112 62 20375
112 63 32086
112 64 25538
112 65 34139
112 66 26266
112 67 24269
112 68 15881
112 69 14325
112 70 22443
112 71 34443
112 72 14571
112 73 16416
112 74 20808
112 75 19719
112 76 16660
112 77 20512
112 78 32230
112 79 22103
112 80 23570
112 81 23058
112 82 14990
112 83 13507
112 84 15598
112 85 6491
112 86 15428
112 87 6711
112 88 17028
112 89 2205
112 90 31907
112 91 18838
112 92 12614
112 93 8857
112 94 1944
112 95 5025
112 96 7566
112 97 8396
112 98 12378
112 99 10208
112 100 13461
112 101 17677
112 102 16157
112 103 29493
112 104 10410
112 105 5152
112 106 13041
112 107 26987
112 108 21526
112 109 17224
112 110 20212
112 111 10066
112 113 15422
112 114 13922
112 115 13409
112 116 19758
112 117 7961
112 118 3705
112 119 21283
112 120 25021
112 121 26126
112 122 22799
112 123 21987
112 124 24829
112 125 14540
112 126 31326
112 127 13010
112 128 28712
112 129 28501
112 130 20907
112 131 28750
112 132 12304
112 133 19969
112 134 21830
112 135 34864
112 136 44135
112 137 7317
112 138 11310
112 139 27890
112 140 24687
112 141 17139
112 142 18705
112 143 31149
112 144 11382
112 145 16048
112 146 5581
112 147 1131
112 148 18110
112 149 12247
112 150 22571
112 151 9182
112 152 2271
112 153 12821
112 154 8114
112 155 20145
112 156 206
112 157 21930
112 158 22444
112 159 17119
112 160 25920
112 161 26276
112 162 14010
112 163 25603
112 164 27623
112 165 28244
112 166 6276
112 167 7512
112 168 25694
112 169 27070
112 170 28767
112 171 13617
112 172 14082
112 173 15823
112 174 17213
112 175 29750
112 176 10976
112 177 18890
112 178 9147
112 179 16211
112 180 8012
112 181 25769
112 182 13240
112 183 951
112 184 15806
112 185 25136
112 186 26889
112 187 27522
112 188 27702
112 189 23441
112 190 11051
112 191 17924
112 192 18006
112 193 13877
112 194 13708
112 195 12840
112 196 16719
112 197 18742
112 198 13296
112 199 17228
112 200 5150
113 1 39788
113 2 29704
113 3 49556
113 4 43707
113 5 3478
113 6 19981
113 7 26634
113 8 14871
113 9 52501
113 10 38435
113 11 34038
113 12 40871
113 13 19294
113 14 9049
113 15 21168
113 16 -1485
113 17 -1791
113 18 16904
113 19 28000
113 20 51539
113 21 37099
113 22 38053
113 23 36784
113 24 54738
113 25 53839
113 26 35958
113 27 30696
113 28 35342
113 29 54283
113 30 41913
113 31 30034
113 32 43867
113 33 50575
113 34 57156
113 35 62872
113 36 24636
113 37 12584
113 38 7905
113 39 41925
113 40 32444
113 41 33818
113 42 18000
113 43 17446
113 44 5718
113 45 4653
113 46 12722
113 47 21447
113 48 15365
113 49 31273
113 50 43437
113 51 49419
113 52 25973
113 53 30095
113 54 44734
113 55 55172
113 56 45752
113 57 24416
113 58 27466
113 59 9195
113 60 13131
113 61 865
113 62 31528
113 63 44063
113 64 30731
113 65 56651
113 66 46604
113 67 44415
113 68 42806
113 69 37003
113 70 42257
113 71 57512
113 72 34897
113 73 36379
113 74 39321
113 75 38234
113 76 43239
113 77 47179
113 78 58343
113 79 48433
113 80 50468
113 81 48301
113 82 17224
113 83 10787
113 84 4058
113 85 -135
113 86 -7915
113 87 16435
113 88 30617
113 89 19633
113 90 46303
113 91 9884
113 92 16423
113 93 6631
113 94 15968
113 95 15050
113 96 14387
113 97 16262
113 98 10659
113 99 12711
113 100 9121
113 101 38665
113 102 41518
113 103 52292
113 104 12913
113 105 31287
113 106 22216
113 107 32822
113 108 36748
113 109 43876
113 110 43561
113 111 36164
113 112 22200
113 114 10836
113 115 28926
113 116 46560
113 117 20203
113 118 4091
113 119 9532
113 120 49838
113 121 53034
113 122 44404
113 123 26670
113 124 21515
113 125 2954
113 126 43405
113 127 30950
113 128 48351
113 129 54891
113 130 46486
113 131 45673
113 132 35767
113 133 37000
113 134 48382
113 135 59528
113 136 68018
113 137 24433
113 138 38223
113 139 50051
113 140 6917
113 141 766
113 142 16471
113 143 28918
113 144 21279
113 145 29801
113 146 28924
113 147 16321
113 148 30396
113 149 37888
113 150 49469
113 151 12991
113 152 25477
113 153 22032
113 154 35027
113 155 43561
113 156 26789
113 157 47235
113 158 49001
113 159 29622
113 160 44656
113 161 49503
113 162 34293
113 163 52329
113 164 53166
113 165 53237
113 166 14922
113 167 29184
113 168 24393
113 169 53649
113 170 51394
113 171 31399
113 172 18622
113 173 2135
113 174 8923
113 175 35626
113 176 35448
113 177 45611
113 178 23976
113 179 41382
113 180 32609
113 181 39014
113 182 23150
113 183 16498
113 184 42624
113 185 51038
113 186 46306
113 187 49809
113 188 48819
113 189 38435
113 190 28378
113 191 4347
113 192 8789
113 193 6558
113 194 22858
113 195 39012
113 196 43399
113 197 39345
113 198 36234
113 199 12068
113 200 31773
114 1 26354
114 2 32627
114 3 38809
114 4 41759
114 5 4667
114 6 17057
114 7 8793
114 8 -1575
114 9 38083
114 10 20879
114 11 15670
114 12 33412
114 13 19053
114 14 23161
114 15 30298
114 16 13535
114 17 7101
114 18 3937
114 19 9847
114 20 35194
114 21 36449
114 22 41300
114 23 39659
114 24 47370
114 25 51016
114 26 30761
114 27 20242
114 28 26823
114 29 44883
114 30 25703
114 31 14022
114 32 26081
114 33 37704
114 34 44645
114 35 48362
114 36 10099
114 37 20182
114 38 25561
114 39 42014
114 40 30201
114 41 38770
114 42 27289
114 43 29543
114 44 21206
114 45 -1174
114 46 1189
114 47 4862
114 48 -2745
114 49 14944
114 50 31379
114 51 34730
114 52 12581
114 53 24850
114 54 39420
114 55 51562
114 56 46827
114 57 30505
114 58 25294
114 59 13289
114 60 7565
114 61 11794
114 62 13449
114 63 25757
114 64 12906
114 65 40528
114 66 29759
114 67 45556
114 68 34021
114 69 23665
114 70 26357
114 71 42007
114 72 35544
114 73 37175
114 74 41289
114 75 40330
114 76 33069
114 77 36927
114 78 46184
114 79 36972
114 80 42358
114 81 35143
114 82 -1111
114 83 1172
114 84 6618
114 85 8859
114 86 10312
114 87 21237
114 88 13617
114 89 12026
114 90 28308
114 91 21417
114 92 21521
114 93 12567
114 94 15391
114 95 17229
114 96 15298
114 97 20564
114 98 18235
114 99 15567
114 100 19095
114 101 23722
114 102 29054
114 103 36869
114 104 15769
114 105 26395
114 106 5309
114 107 14559
114 108 19112
114 109 37200
114 110 41681
114 111 25870
114 112 16745
114 113 6881
114 115 32030
114 116 36923
114 117 22319
114 118 -35
114 119 24127
114 120 36011
114 121 43553
114 122 29027
114 123 8356
114 124 5119
114 125 -3796
114 126 25121
114 127 15953
114 128 31537
114 129 43506
114 130 41832
114 131 28064
114 132 22958
114 133 40032
114 134 41633
114 135 45254
114 136 52923
114 137 25551
114 138 30726
114 139 49336
114 140 24591
114 141 16412
114 142 27781
114 143 13005
114 144 26803
114 145 34508
114 146 18734
114 147 11532
114 148 12725
114 149 33409
114 150 41359
114 151 18089
114 152 23305
114 153 5907
114 154 27530
114 155 41613
114 156 19850
114 157 34590
114 158 38254
114 159 11683
114 160 27627
114 161 34237
114 162 19292
114 163 44946
114 164 40000
114 165 49369
114 166 6323
114 167 16441
114 168 7454
114 169 42543
114 170 50238
114 171 33781
114 172 26637
114 173 9463
114 174 -4089
114 175 17383
114 176 23046
114 177 38545
114 178 27368
114 179 37452
114 180 29482
114 181 20718
114 182 5259
114 183 14225
114 184 33243
114 185 38874
114 186 47863
114 187 48980
114 188 32563
114 189 20879
114 190 12721
114 191 18717
114 192 22083
114 193 17373
114 194 5657
114 195 33585
114 196 33358
114 197 39862
114 198 34725
114 199 1303
114 200 24192
115 1 29898
115 2 70
115 3 30374
115 4 12874
115 5 17537
115 6 17169
115 7 35056
115 8 33672
115 9 39395
115 10 39830
115 11 42864
115 12 18374
115 13 5111
115 14 12861
115 15 1682
115 16 17750
115 17 27224
115 18 24535
115 19 40353
115 20 44790
115 21 6637
115 22 6150
115 23 4886
115 24 28580
115 25 22906
115 26 12290
115 27 21176
115 28 18982
115 29 31093
115 30 36597
115 31 28897
115 32 43622
115 33 35314
115 34 38674
115 35 48362
115 36 45114
115 37 13265
115 38 20799
115 39 9741
115 40 7293
115 41 3489
115 42 7627
115 43 7406
115 44 18268
115 45 28817
115 46 36217
115 47 39128
115 48 29925
115 49 48294
115 50 28918
115 51 38385
115 52 26008
115 53 12570
115 54 17278
115 55 25031
115 56 13487
115 57 106
115 58 6450
115 59 10164
115 60 24304
115 61 19092
115 62 37130
115 63 48629
115 64 42292
115 65 45805
115 66 39953
115 67 12163
115 68 20399
115 69 29186
115 70 37716
115 71 46116
115 72 2944
115 73 4629
115 74 7041
115 75 5988
115 76 25138
115 77 27821
115 78 40003
115 79 29849
115 80 27075
115 81 32985
115 82 30501
115 83 26201
115 84 24728
115 85 9344
115 86 17076
115 87 639
115 88 33775
115 89 17845
115 90 48152
115 91 19435
115 92 14392
115 93 13291
115 94 9739
115 95 8626
115 96 15074
115 97 7949
115 98 13819
115 99 16546
115 100 12467
115 101 32810
115 102 26866
115 103 41814
115 104 16748
115 105 10492
115 106 29451
115 107 43667
115 108 37797
115 109 19545
115 110 13198
115 111 21563
115 112 12037
115 113 20776
115 114 27835
115 116 26593
115 117 9514
115 118 15164
115 119 18305
115 120 35208
115 121 30323
115 122 36923
115 123 38450
115 124 39956
115 125 26202
115 126 47877
115 127 29537
115 128 43190
115 129 35949
115 130 18045
115 131 44276
115 132 26719
115 133 5004
115 134 22045
115 135 44735
115 136 54698
115 137 4478
115 138 18016
115 139 18155
115 140 20490
115 141 17351
115 142 10694
115 143 47058
115 144 436
115 145 -653
115 146 21855
115 147 14547
115 148 34862
115 149 11754
115 150 26076
115 151 10960
115 152 4461
115 153 29070
115 154 14820
115 155 12728
115 156 15626
115 157 32527
115 158 29819
115 159 33807
115 160 40909
115 161 38027
115 162 29608
115 163 26660
115 164 36347
115 165 23431
115 166 20506
115 167 23506
115 168 41396
115 169 33415
115 170 19477
115 171 -861
115 172 4875
115 173 23158
115 174 30435
115 175 46446
115 176 24185
115 177 20980
115 178 -6345
115 179 13239
115 180 6803
115 181 41977
115 182 29953
115 183 11521
115 184 22975
115 185 34085
115 186 14035
115 187 17928
115 188 41321
115 189 39830
115 190 27548
115 191 17738
115 192 15018
115 193 14252
115 194 30181
115 195 13534
115 196 24375
115 197 7283
115 198 6048
115 199 29861
115 200 19176
116 1 10122
116 2 28067
116 3 704
116 4 14671
116 5 30899
116 6 28520
116 7 30721
116 8 38237
116 9 10703
116 10 24492
116 11 31318
116 12 1098
116 13 21497
116 14 39291
116 15 31342
116 16 38401
116 17 41479
116 18 27707
116 19 33192
116 20 19970
116 21 18924
116 22 27113
116 23 19057
116 24 8228
116 25 18329
116 26 8685
116 27 14184
116 28 9100
116 29 4925
116 30 14888
116 31 16258
116 32 23370
116 33 6547
116 34 9179
116 35 18817
116 36 42996
116 37 35048
116 38 47108
116 39 15493
116 40 17444
116 41 28112
116 42 35289
116 43 36823
116 44 42280
116 45 37713
116 46 40015
116 47 36789
116 48 27727
116 49 41600
116 50 3834
116 51 11682
116 52 22628
116 53 15565
116 54 5580
116 55 18233
116 56 25040
116 57 29677
116 58 18382
116 59 28519
116 60 33824
116 61 37257
116 62 26206
116 63 32407
116 64 29402
116 65 16858
116 66 13629
116 67 18269
116 68 -5609
116 69 14325
116 70 18917
116 71 17495
116 72 17439
116 73 21865
116 74 25237
116 75 22210
116 76 -769
116 77 -1849
116 78 10387
116 79 176
116 80 3732
116 81 3842
116 82 30541
116 83 33997
116 84 37775
116 85 29169
116 86 38240
116 87 25635
116 88 24643
116 89 23057
116 90 30329
116 91 41268
116 92 34671
116 93 31606
116 94 24403
116 95 26931
116 96 30376
116 97 29467
116 98 34687
116 99 33019
116 100 35405
116 101 15397
116 102 -58
116 103 14218
116 104 33221
116 105 12211
116 106 26588
116 107 34312
116 108 21224
116 109 4200
116 110 17412
116 111 5853
116 112 18121
116 113 38145
116 114 32463
116 115 26328
116 117 28918
116 118 25572
116 119 43120
116 120 5971
116 121 3603
116 122 14354
116 123 32227
116 124 39703
116 125 34901
116 126 31901
116 127 20066
116 128 19226
116 129 6336
116 130 8680
116 131 23032
116 132 11518
116 133 24917
116 134 3855
116 135 15189
116 136 25300
116 137 24853
116 138 6212
116 139 22059
116 140 46517
116 141 39706
116 142 38380
116 143 42244
116 144 28412
116 145 26254
116 146 18610
116 147 23591
116 148 24754
116 149 8384
116 150 2733
116 151 31239
116 152 16393
116 153 27677
116 154 3016
116 155 14525
116 156 17626
116 157 4977
116 158 149
116 159 21283
116 160 18480
116 161 9659
116 162 14317
116 163 6120
116 164 6666
116 165 15951
116 166 26907
116 167 14581
116 168 38677
116 169 4391
116 170 19824
116 171 19715
116 172 32645
116 173 38439
116 174 35856
116 175 36703
116 176 5854
116 177 2423
116 178 22887
116 179 9371
116 180 12089
116 181 22586
116 182 22704
116 183 23756
116 184 -2574
116 185 4623
116 186 26125
116 187 21110
116 188 15620
116 189 24492
116 190 16793
116 191 40365
116 192 39727
116 193 36218
116 194 26620
116 195 4915
116 196 -4228
116 197 19324
116 198 13444
116 199 37415
116 200 18178
117 1 26051
117 2 8656
117 3 31313
117 4 21618
117 5 6190
117 6 6645
117 7 25372
117 8 22438
117 9 37868
117 10 32544
117 11 33897
117 12 20715
117 13 -2100
117 14 8713
117 15 7400
117 16 8707
117 17 16296
117 18 14076
117 19 30496
117 20 40665
117 21 15036
117 22 17537
117 23 16219
117 24 33760
117 25 31749
117 26 14960
117 27 15943
117 28 17194
117 29 34476
117 30 31633
117 31 21826
117 32 37303
117 33 34451
117 34 39753
117 35 47733
117 36 34162
117 37 4389
117 38 16330
117 39 20195
117 40 10597
117 41 14604
117 42 6380
117 43 9417
117 44 11546
117 45 17422
117 46 24882
117 47 28381
117 48 19407
117 49 37920
117 50 27265
117 51 35759
117 52 17548
117 53 10343
117 54 23174
117 55 33138
117 56 24254
117 57 6532
117 58 5937
117 59 -753
117 60 12997
117 61 8827
117 62 28577
117 63 40870
117 64 33095
117 65 43846
117 66 36115
117 67 23132
117 68 23040
117 69 24170
117 70 32186
117 71 44119
117 72 13134
117 73 14595
117 74 18072
117 75 17120
117 76 25138
117 77 28717
117 78 40862
117 79 30625
117 80 30277
117 81 32273
117 82 19891
117 83 14892
117 84 13462
117 85 -492
117 86 8551
117 87 -2508
117 88 25429
117 89 8416
117 90 41088
117 91 10871
117 92 4259
117 93 2648
117 94 -1004
117 95 -2739
117 96 3673
117 97 -1306
117 98 4345
117 99 5294
117 100 4652
117 101 27472
117 102 25457
117 103 39239
117 104 5496
117 105 10697
117 106 19752
117 107 34203
117 108 30731
117 109 23126
117 110 21470
117 111 19284
117 112 5123
117 113 10587
117 114 16658
117 115 8048
117 116 27717
117 118 3811
117 119 12315
117 120 34349
117 121 33378
117 122 32648
117 123 28567
117 124 29019
117 125 14801
117 126 40104
117 127 22158
117 128 38531
117 129 36941
117 130 24705
117 131 38341
117 132 22147
117 133 16364
117 134 27253
117 135 44174
117 136 53629
117 137 2366
117 138 18625
117 139 28118
117 140 15720
117 141 9360
117 142 8857
117 143 36448
117 144 2897
117 145 10331
117 146 15273
117 147 4351
117 148 26402
117 149 16370
117 150 29278
117 151 827
117 152 3948
117 153 19224
117 154 15429
117 155 21472
117 156 9908
117 157 31225
117 158 30758
117 159 25674
117 160 35671
117 161 35950
117 162 23714
117 163 31458
117 164 36593
117 165 31242
117 166 9824
117 167 17186
117 168 30726
117 169 35196
117 170 29435
117 171 10318
117 172 4485
117 173 12190
117 174 19096
117 175 37024
117 176 20697
117 177 24890
117 178 3285
117 179 19550
117 180 10875
117 181 34920
117 182 20807
117 183 1203
117 184 23791
117 185 34033
117 186 25028
117 187 27863
117 188 37549
117 189 32544
117 190 20189
117 191 9872
117 192 8923
117 193 5733
117 194 20550
117 195 17777
117 196 24968
117 197 17599
117 198 14143
117 199 18516
117 200 14572
118 1 25365
118 2 22739
118 3 35554
118 4 33620
118 5 -4096
118 6 7909
118 7 14742
118 8 8396
118 9 38083
118 10 25390
118 11 23458
118 12 27834
118 13 9558
118 14 14108
118 15 20023
118 16 6209
118 17 5578
118 18 3307
118 19 18673
118 20 37491
118 21 27659
118 22 31568
118 23 30134
118 24 41952
118 25 43360
118 26 23807
118 27 16468
118 28 21726
118 29 40737
118 30 27884
118 31 16152
118 32 30862
118 33 36208
118 34 42876
118 35 48452
118 36 20395
118 37 10115
118 38 18368
118 39 33264
118 40 21796
118 41 28741
118 42 17114
118 43 19615
118 44 13113
118 45 3698
118 46 10740
118 47 15000
118 48 6621
118 49 24949
118 50 29130
118 51 35027
118 52 11690
118 53 17637
118 54 32780
118 55 44212
118 56 37700
118 57 20256
118 58 16698
118 59 3013
118 60 -869
118 61 4090
118 62 19411
118 63 32233
118 64 21823
118 65 42431
118 66 32714
118 67 36575
118 68 29378
118 69 22583
118 70 28184
118 71 43187
118 72 26426
118 73 27952
118 74 31829
118 75 30893
118 76 29311
118 77 33278
118 78 44101
118 79 34294
118 80 37280
118 81 33917
118 82 7200
118 83 787
118 84 1898
118 85 -492
118 86 4863
118 87 10994
118 88 17436
118 89 5594
118 90 33677
118 91 12364
118 92 11243
118 93 2648
118 94 5690
118 95 7067
118 96 5080
118 97 10288
118 98 8265
118 99 5294
118 100 9389
118 101 24382
118 102 27175
118 103 37973
118 104 5496
118 105 19127
118 106 9573
118 107 22972
118 108 23728
118 109 31200
118 110 33443
118 111 22102
118 112 9310
118 113 2918
118 114 2747
118 115 22141
118 116 32814
118 117 12254
118 119 15506
118 120 35421
118 121 39444
118 122 30141
118 123 16853
118 124 15373
118 125 981
118 126 31505
118 127 16828
118 128 34514
118 129 40774
118 130 34885
118 131 32450
118 132 21350
118 133 30356
118 134 35813
118 135 45106
118 136 53629
118 137 15868
118 138 25063
118 139 40828
118 140 17464
118 141 8796
118 142 17884
118 143 23160
118 144 16557
118 145 24467
118 146 14665
118 147 3193
118 148 17749
118 149 26184
118 150 36281
118 151 7811
118 152 14709
118 153 9069
118 154 21867
118 155 33474
118 156 13409
118 157 32878
118 158 34999
118 159 17174
118 160 30973
118 161 35151
118 162 20050
118 163 39502
118 164 38798
118 165 42119
118 166 506
118 167 14762
118 168 17488
118 169 39618
118 170 41965
118 171 24196
118 172 16367
118 173 3237
118 174 4954
118 175 25822
118 176 21066
118 177 32820
118 178 17414
118 179 30064
118 180 21522
118 181 26991
118 182 11009
118 183 4969
118 184 28924
118 185 36765
118 186 38627
118 187 40522
118 188 34723
118 189 25390
118 190 14424
118 191 10480
118 192 13028
118 193 8064
118 194 10364
118 195 26871
118 196 29529
118 197 30837
118 198 26290
118 199 4374
118 200 18261
119 1 42128
119 2 21017
119 3 48506
119 4 36037
119 5 9415
119 6 20174
119 7 35135
119 8 26339
119 9 54500
119 10 45403
119 11 43787
119 12 37819
119 13 15103
119 14 -5373
119 15 7940
119 16 -940
119 17 11997
119 18 23584
119 19 38642
119 20 56027
119 21 29545
119 22 27473
119 23 25687
119 24 50372
119 25 46100
119 26 31882
119 27 31983
119 28 34273
119 29 51552
119 30 46619
119 31 35504
119 32 50779
119 33 51368
119 34 56917
119 35 64555
119 36 37778
119 37 6672
119 38 -781
119 39 32421
119 40 26991
119 41 22286
119 42 6023
119 43 3163
119 44 -4576
119 45 17577
119 46 26215
119 47 33592
119 48 26205
119 49 43705
119 50 44107
119 51 52047
119 52 30654
119 53 27537
119 54 39399
119 55 48128
119 56 36035
119 57 13475
119 58 22870
119 59 6765
119 60 19509
119 61 4839
119 62 39774
119 63 52593
119 64 41809
119 65 60099
119 66 51460
119 67 33858
119 68 40168
119 69 39787
119 70 46948
119 71 60470
119 72 26076
119 73 27824
119 74 29601
119 75 28116
119 76 42297
119 77 45915
119 78 58021
119 79 47797
119 80 47319
119 81 49194
119 82 27117
119 83 19808
119 84 13684
119 85 -2050
119 86 -4690
119 87 8204
119 88 37522
119 89 21928
119 90 53828
119 91 4547
119 92 11888
119 93 5676
119 94 13978
119 95 11304
119 96 13913
119 97 10288
119 98 6099
119 99 12443
119 100 1427
119 101 42589
119 102 42310
119 103 55421
119 104 12645
119 105 27838
119 106 29941
119 107 43132
119 108 43728
119 109 40029
119 110 36220
119 111 36164
119 112 21447
119 113 2918
119 114 21468
119 115 19841
119 116 44921
119 117 15317
119 118 10065
119 120 51187
119 121 50492
119 122 48183
119 123 36934
119 124 33668
119 125 15511
119 126 51858
119 127 35889
119 128 53486
119 129 54125
119 130 40575
119 131 52193
119 132 38052
119 133 26478
119 134 43813
119 135 61030
119 136 70290
119 137 18291
119 138 35825
119 139 41176
119 140 -1453
119 141 -3668
119 142 3083
119 143 41542
119 144 11470
119 145 18812
119 146 30712
119 147 17603
119 148 38021
119 149 32862
119 150 46320
119 151 8456
119 152 20881
119 153 29405
119 154 32629
119 155 35891
119 156 26378
119 157 48083
119 158 47951
119 159 37462
119 160 50230
119 161 52315
119 162 38503
119 163 48170
119 164 53654
119 165 46448
119 166 19858
119 167 32238
119 168 36322
119 169 52400
119 170 42419
119 171 21595
119 172 7435
119 173 10560
119 174 21406
119 175 45979
119 176 37049
119 177 41764
119 178 14859
119 179 35481
119 180 27292
119 181 47290
119 182 31393
119 183 15736
119 184 40994
119 185 51109
119 186 36171
119 187 40950
119 188 53093
119 189 45403
119 190 33742
119 191 -2160
119 192 -3841
119 193 736
119 194 30743
119 195 34454
119 196 42160
119 197 30301
119 198 28951
119 199 22323
119 200 31263
120 1 14879
120 2 45186
120 3 8857
120 4 31511
120 5 42776
120 6 41886
120 7 35334
120 8 45525
120 9 -5704
120 10 22497
120 11 28974
120 12 18815
120 13 36932
120 14 54802
120 15 48633
120 16 51884
120 17 52268
120 18 36837
120 19 33647
120 20 8862
120 21 36638
120 22 44810
120 23 35970
120 24 18262
120 25 32464
120 26 26110
120 27 25580
120 28 23796
120 29 10347
120 30 9533
120 31 19234
120 32 15210
120 33 2713
120 34 -1382
120 35 1636
120 36 44544
120 37 49811
120 38 62155
120 39 31508
120 40 34565
120 41 45832
120 42 51591
120 43 53682
120 44 56843
120 45 46396
120 46 45429
120 47 39343
120 48 31612
120 49 40232
120 50 10890
120 51 2419
120 52 31089
120 53 31138
120 54 21580
120 55 32649
120 56 42197
120 57 46804
120 58 34725
120 59 42682
120 60 44779
120 61 50194
120 62 26449
120 63 26823
120 64 23876
120 65 -858
120 66 -1511
120 67 33204
120 68 8945
120 69 20995
120 70 17804
120 71 36
120 72 35118
120 73 39579
120 74 42926
120 75 39736
120 76 13958
120 77 11439
120 78 3385
120 79 1574
120 80 19099
120 81 -5028
120 82 36475
120 83 43641
120 84 48912
120 85 43025
120 86 51414
120 87 41799
120 88 27987
120 89 34975
120 90 24421
120 91 55537
120 92 49370
120 93 45333
120 94 38714
120 95 41715
120 96 44025
120 97 44784
120 98 49137
120 99 46596
120 100 50222
120 101 17677
120 102 3440
120 103 -972
120 104 46798
120 105 28689
120 106 32656
120 107 33283
120 108 17832
120 109 21695
120 110 34870
120 111 18525
120 112 32044
120 113 50083
120 114 40211
120 115 43603
120 116 14631
120 117 44210
120 118 36839
120 119 58046
120 121 10316
120 122 10519
120 123 33844
120 124 43715
120 125 43653
120 126 26727
120 127 25771
120 128 8355
120 129 7166
120 130 24464
120 131 14092
120 132 19124
120 133 42586
120 134 17131
120 135 -1906
120 136 7747
120 137 41096
120 138 22934
120 139 38179
120 140 61456
120 141 53702
120 142 54539
120 143 42263
120 144 45127
120 145 43903
120 146 29911
120 147 36362
120 148 26480
120 149 26104
120 150 18100
120 151 45938
120 152 32736
120 153 34695
120 154 19738
120 155 31365
120 156 31319
120 157 6387
120 158 8302
120 159 20676
120 160 9537
120 161 -7248
120 162 17681
120 163 17995
120 164 -7103
120 165 30594
120 166 37696
120 167 23131
120 168 41178
120 169 3364
120 170 34321
120 171 37435
120 172 49079
120 173 50345
120 174 43014
120 175 35269
120 176 13771
120 177 18890
120 178 40068
120 179 26759
120 180 29524
120 181 13392
120 182 25748
120 183 37570
120 184 14503
120 185 3382
120 186 43155
120 187 37012
120 188 2931
120 189 22497
120 190 21183
120 191 54594
120 192 54751
120 193 50614
120 194 32203
120 195 22597
120 196 11446
120 197 36813
120 198 31127
120 199 46547
120 200 31978
121 1 18657
121 2 35453
121 3 3320
121 4 16545
121 5 40806
121 6 38262
121 7 40234
121 8 48199
121 9 10781
121 10 32138
121 11 39203
121 12 8665
121 13 30529
121 14 47880
121 15 38070
121 16 47906
121 17 51458
121 18 37739
121 19 41928
121 20 23571
121 21 24591
121 22 31568
121 23 20588
121 24 1526
121 25 15835
121 26 16456
121 27 24229
121 28 18982
121 29 -5117
121 30 20841
121 31 25124
121 32 28797
121 33 8956
121 34 3416
121 35 15438
121 36 52150
121 37 44186
121 38 55861
121 39 15477
121 40 25247
121 41 32983
121 42 43393
121 43 44175
121 44 51369
121 45 47758
121 46 49826
121 47 46087
121 48 37215
121 49 50002
121 50 11835
121 51 15035
121 52 32562
121 53 24850
121 54 6508
121 55 16164
121 56 27344
121 57 36875
121 58 26979
121 59 37941
121 60 43837
121 61 46935
121 62 34680
121 63 39074
121 64 36378
121 65 14495
121 66 15104
121 67 16605
121 68 -3373
121 69 23665
121 70 26357
121 71 16512
121 72 21961
121 73 27373
121 74 29722
121 75 25675
121 76 9069
121 77 4970
121 78 6224
121 79 -616
121 80 5885
121 81 4392
121 82 40323
121 83 44047
121 84 47746
121 85 38623
121 86 47783
121 87 34010
121 88 33775
121 89 33048
121 90 36732
121 91 50548
121 92 43881
121 93 41132
121 94 33873
121 95 36171
121 96 39990
121 97 38410
121 98 43953
121 99 42622
121 100 44476
121 101 23722
121 102 6163
121 103 15384
121 104 42824
121 105 20992
121 106 36317
121 107 42631
121 108 28418
121 109 9654
121 110 21094
121 111 15878
121 112 27847
121 113 47977
121 114 42451
121 115 33416
121 116 6961
121 117 37937
121 118 35560
121 119 52049
121 120 5014
121 122 20486
121 123 41216
121 124 49267
121 125 44946
121 126 38704
121 127 29537
121 128 23113
121 129 4327
121 130 8972
121 131 28064
121 132 20983
121 133 29119
121 134 868
121 135 12023
121 136 22236
121 137 33323
121 138 15377
121 139 22299
121 140 55334
121 141 49029
121 142 46549
121 143 51016
121 144 36222
121 145 32047
121 146 28660
121 147 33459
121 148 33557
121 149 14582
121 150 4886
121 151 40449
121 152 24990
121 153 37530
121 154 12181
121 155 16399
121 156 27461
121 157 10179
121 158 2765
121 159 29472
121 160 23307
121 161 9514
121 162 23054
121 163 1458
121 164 2798
121 165 14228
121 166 36943
121 167 24415
121 168 47954
121 169 -1816
121 170 17694
121 171 24727
121 172 40663
121 173 48314
121 174 45821
121 175 44912
121 176 15149
121 177 5437
121 178 30138
121 179 13239
121 180 19435
121 181 27780
121 182 31878
121 183 33395
121 184 7356
121 185 5766
121 186 28046
121 187 20981
121 188 18427
121 189 32138
121 190 26008
121 191 49619
121 192 48631
121 193 45458
121 194 36277
121 195 10706
121 196 5358
121 197 22794
121 198 18287
121 199 47463
121 200 28043
122 1 4583
122 2 39264
122 3 13396
122 4 32675
122 5 30482
122 6 31271
122 7 20566
122 8 31117
122 9 4810
122 10 7792
122 11 14727
122 12 18182
122 13 28470
122 14 45224
122 15 42519
122 16 40362
122 17 39013
122 18 23494
122 19 18765
122 20 3514
122 21 33909
122 22 42429
122 23 36532
122 24 25738
122 25 37197
122 26 22813
122 27 15540
122 28 17420
122 29 19510
122 30 -3978
122 31 4634
122 32 4505
122 33 7585
122 34 13161
122 35 14888
122 36 29620
122 37 39819
122 38 51725
122 39 33876
122 40 29506
122 41 42672
122 42 43444
122 43 46266
122 44 46197
122 45 32321
122 46 30527
122 47 24317
122 48 16633
122 49 25904
122 50 7204
122 51 1490
122 52 18066
122 53 24013
122 54 24345
122 55 37100
122 56 42348
122 57 40547
122 58 28025
122 59 32279
122 60 32102
122 61 38392
122 62 11477
122 63 14079
122 64 11379
122 65 7779
122 66 -1047
122 67 36966
122 68 12723
122 69 9350
122 70 2803
122 71 8637
122 72 33248
122 73 36617
122 74 40782
122 75 38590
122 76 12622
122 77 13719
122 78 15821
122 79 9067
122 80 22488
122 81 3842
122 82 21850
122 83 30196
122 84 36033
122 85 32063
122 86 39466
122 87 33830
122 88 13175
122 89 23577
122 90 11773
122 91 44837
122 92 39471
122 93 34397
122 94 28873
122 95 32146
122 96 33326
122 97 35678
122 98 38819
122 99 35691
122 100 40149
122 101 3867
122 102 2028
122 103 3425
122 104 35893
122 105 23006
122 106 18272
122 107 18682
122 108 3609
122 109 22200
122 110 34495
122 111 11853
122 112 22587
122 113 37414
122 114 25992
122 115 38083
122 116 15779
122 117 35274
122 118 24324
122 119 47807
122 120 3284
122 121 18553
122 123 18832
122 124 28715
122 125 29626
122 126 13705
122 127 11979
122 128 1762
122 129 15474
122 130 27448
122 131 4267
122 132 8357
122 133 40512
122 134 22423
122 135 11904
122 136 19404
122 137 33668
122 138 19196
122 139 40443
122 140 50925
122 141 42557
122 142 46017
122 143 27574
122 144 38034
122 145 39735
122 146 19101
122 147 25363
122 148 11457
122 149 24397
122 150 21489
122 151 36039
122 152 26036
122 153 20607
122 154 16000
122 155 32529
122 156 22076
122 157 6387
122 158 12841
122 159 5785
122 160 -31
122 161 736
122 162 3814
122 163 24190
122 164 7798
122 165 34816
122 166 25204
122 167 11157
122 168 26151
122 169 14116
122 170 38654
122 171 34640
122 172 41254
122 173 37877
122 174 28508
122 175 20784
122 176 4816
122 177 21227
122 178 34248
122 179 26944
122 180 25612
122 181 3723
122 182 10789
122 183 27369
122 184 13978
122 185 9901
122 186 43569
122 187 39602
122 188 421
122 189 7792
122 190 6915
122 191 43717
122 192 44697
122 193 40071
122 194 17687
122 195 21895
122 196 11851
122 197 36002
122 198 29545
122 199 32814
122 200 23237
123 1 22770
123 2 42939
123 3 36508
123 4 47217
123 5 19317
123 6 27825
123 7 5541
123 8 11421
123 9 30583
123 10 9741
123 11 262
123 12 35270
123 13 29222
123 14 38032
123 15 43004
123 16 28927
123 17 22364
123 18 13155
123 19 -5239
123 20 25053
123 21 43799
123 22 50560
123 23 47932
123 24 47622
123 25 55031
123 26 35270
123 27 22650
123 28 29411
123 29 43172
123 30 16603
123 31 8362
123 32 13085
123 33 32838
123 34 39115
123 35 40092
123 36 3826
123 37 33989
123 38 41056
123 39 48346
123 40 37444
123 41 49028
123 42 40684
123 43 43473
123 44 36478
123 45 13086
123 46 6170
123 47 -1636
123 48 -6964
123 49 3127
123 50 28597
123 51 27434
123 52 15352
123 53 30959
123 54 42229
123 55 55147
123 56 54281
123 57 42209
123 58 33342
123 59 26541
123 60 21153
123 61 27036
123 62 1511
123 63 11149
123 64 -2197
123 65 29655
123 66 18163
123 67 52104
123 68 33782
123 69 21429
123 70 18728
123 71 32486
123 72 43344
123 73 45393
123 74 49855
123 75 48673
123 76 32318
123 77 35475
123 78 41451
123 79 33550
123 80 42796
123 81 29615
123 82 3108
123 83 15887
123 84 22049
123 85 23463
123 86 25818
123 87 33197
123 88 7592
123 89 20540
123 90 14935
123 91 36235
123 92 34671
123 93 26654
123 94 26496
123 95 29230
123 96 27864
123 97 32974
123 98 32224
123 99 28935
123 100 33407
123 101 18383
123 102 25354
123 103 27892
123 104 29137
123 105 32057
123 106 6193
123 107 -945
123 108 7337
123 109 39467
123 110 47597
123 111 26382
123 112 24429
123 113 22334
123 114 7975
123 115 42264
123 116 36306
123 117 33847
123 118 13690
123 119 39212
123 120 29263
123 121 41937
123 122 21486
123 124 3783
123 125 10825
123 126 10660
123 127 13622
123 128 20504
123 129 40069
123 130 45062
123 131 15454
123 132 21249
123 133 49100
123 134 42813
123 135 37413
123 136 43725
123 137 35751
123 138 33393
123 139 55241
123 140 40090
123 141 31779
123 142 41804
123 143 2956
123 144 38625
123 145 44965
123 146 22593
123 147 21702
123 148 3560
123 149 37969
123 150 41797
123 151 31239
123 152 31353
123 153 9420
123 154 30197
123 155 47071
123 156 25979
123 157 30470
123 158 35953
123 159 -142
123 160 16381
123 161 25284
123 162 14519
123 163 45448
123 164 33798
123 165 52841
123 166 17093
123 167 16747
123 168 207
123 169 39056
123 170 55357
123 171 42749
123 172 39557
123 173 24855
123 174 7455
123 175 1893
123 176 21084
123 177 40084
123 178 37843
123 179 41879
123 180 35706
123 181 5976
123 182 -2396
123 183 24852
123 184 33203
123 185 34759
123 186 55501
123 187 54735
123 188 22405
123 189 9741
123 190 8675
123 191 33917
123 192 36935
123 193 32028
123 194 5136
123 195 37152
123 196 32437
123 197 47284
123 198 41214
123 199 16719
123 200 29219
124 1 29657
124 2 42860
124 3 43222
124 4 50317
124 5 15385
124 6 27168
124 7 9645
124 8 5409
124 9 39144
124 10 18832
124 11 9010
124 12 40083
124 13 29122
124 14 33600
124 15 41046
124 16 23506
124 17 15413
124 18 12662
124 19 2229
124 20 34187
124 21 45706
124 22 51306
124 23 49400
124 24 53391
124 25 58999
124 26 38693
124 27 26702
124 28 33644
124 29 49769
124 30 25401
124 31 15551
124 32 22519
124 33 40502
124 34 47153
124 35 48931
124 36 -492
124 37 30949
124 38 35001
124 39 51015
124 40 39313
124 41 49072
124 42 38059
124 43 40266
124 44 31306
124 45 5757
124 46 -3262
124 47 -5698
124 48 -7795
124 49 4386
124 50 35343
124 51 35856
124 52 18572
124 53 33342
124 54 46709
124 55 59315
124 56 56231
124 57 41097
124 58 34660
124 59 24035
124 60 18256
124 61 22078
124 62 10537
124 63 20365
124 64 3740
124 65 39001
124 66 27554
124 67 54701
124 68 39648
124 69 27598
124 70 26979
124 71 41582
124 72 45019
124 73 46777
124 74 51053
124 75 50043
124 76 38271
124 77 41806
124 78 49174
124 79 40737
124 80 48364
124 81 37543
124 82 1660
124 83 11942
124 84 16786
124 85 19511
124 86 19248
124 87 31839
124 88 14412
124 89 21133
124 90 24366
124 91 31956
124 92 32266
124 93 23325
124 94 25679
124 95 27782
124 96 25923
124 97 31221
124 98 28993
124 99 26314
124 100 29796
124 101 25796
124 102 32508
124 103 36825
124 104 26516
124 105 34765
124 106 8941
124 107 7185
124 108 16606
124 109 44127
124 110 50396
124 111 31588
124 112 25754
124 113 15662
124 114 3221
124 115 42253
124 116 42265
124 117 32782
124 118 10693
124 119 34429
124 120 37617
124 121 48471
124 122 29852
124 123 2266
124 125 3837
124 126 19943
124 127 19340
124 128 29791
124 129 47276
124 130 49350
124 131 24882
124 132 27246
124 133 49981
124 134 48116
124 135 46132
124 136 52784
124 137 35686
124 138 37711
124 139 58141
124 140 34015
124 141 26389
124 142 38505
124 143 2287
124 144 37399
124 145 44841
124 146 25805
124 147 21380
124 148 11603
124 149 41431
124 150 47365
124 151 28834
124 152 32671
124 153 11185
124 154 34515
124 155 50171
124 156 28184
124 157 37805
124 158 42667
124 159 8973
124 160 25677
124 161 34237
124 162 21613
124 163 51071
124 164 42029
124 165 57056
124 166 16122
124 167 21595
124 168 -2741
124 169 46332
124 170 58750
124 171 43670
124 172 37388
124 173 19614
124 174 -133
124 175 9822
124 176 27312
124 177 45136
124 178 37655
124 179 45479
124 180 38196
124 181 15011
124 182 4429
124 183 24326
124 184 38871
124 185 42179
124 186 57351
124 187 57727
124 188 31562
124 189 18832
124 190 15114
124 191 28945
124 192 32562
124 193 27984
124 194 8441
124 195 41148
124 196 38505
124 197 49220
124 198 43654
124 199 11863
124 200 32056
125 1 32256
125 2 33656
125 3 44212
125 4 44722
125 5 3612
125 6 19063
125 7 15171
125 8 2020
125 9 44270
125 10 27251
125 11 21285
125 12 37878
125 13 20714
125 14 20141
125 15 29376
125 16 9692
125 17 1455
125 18 8844
125 19 15008
125 20 41585
125 21 38836
125 22 42535
125 23 41181
125 24 51988
125 25 54360
125 26 34480
125 27 25226
125 28 31410
125 29 50023
125 30 32077
125 31 20336
125 32 32386
125 33 43585
125 34 50514
125 35 54585
125 36 12069
125 37 18977
125 38 20966
125 39 44444
125 40 32912
125 41 39427
125 42 26042
125 43 27505
125 44 17519
125 45 -7385
125 46 707
125 47 8330
125 48 2437
125 49 18278
125 50 37024
125 51 40938
125 52 18164
125 53 28343
125 54 43384
125 55 55112
125 56 48862
125 57 30518
125 58 27835
125 59 12963
125 60 8901
125 61 8660
125 62 19698
125 63 31762
125 64 17590
125 65 46919
125 66 36161
125 67 47745
125 68 38929
125 69 29491
125 70 32690
125 71 48346
125 72 37595
125 73 39111
125 74 42926
125 75 41990
125 76 38259
125 77 42186
125 78 51959
125 79 42564
125 80 47085
125 81 41096
125 82 5100
125 83 2858
125 84 3635
125 85 6821
125 86 5238
125 87 21393
125 88 20013
125 89 15609
125 90 34550
125 91 18838
125 92 21092
125 93 11397
125 94 16827
125 95 17829
125 96 15871
125 97 20625
125 98 16908
125 99 15370
125 100 17181
125 101 29902
125 102 34815
125 103 43189
125 104 15572
125 105 29888
125 106 11656
125 107 19898
125 108 25467
125 109 41477
125 110 44557
125 111 30981
125 112 20013
125 113 1649
125 114 -1146
125 115 33047
125 116 42011
125 117 23112
125 118 849
125 119 20820
125 120 42103
125 121 48698
125 122 35311
125 123 13856
125 124 8385
125 126 31160
125 127 22059
125 128 37940
125 129 49087
125 130 45621
125 131 34406
125 132 28668
125 133 41352
125 134 46044
125 135 51438
125 136 59225
125 137 26949
125 138 35110
125 139 51992
125 140 19979
125 141 12545
125 142 25844
125 143 15995
125 144 26880
125 145 35160
125 146 23530
125 147 14105
125 148 19099
125 149 36985
125 150 46086
125 151 17660
125 152 25846
125 153 12072
125 154 31914
125 155 44576
125 156 23684
125 157 40400
125 158 43657
125 159 17980
125 160 34027
125 161 40545
125 162 25465
125 163 49540
125 164 45987
125 165 52982
125 166 9648
125 167 22029
125 168 11247
125 169 48086
125 170 53105
125 171 35249
125 172 25836
125 173 6197
125 174 -4188
125 175 22679
125 176 28699
125 177 42973
125 178 28264
125 179 40944
125 180 32543
125 181 26713
125 182 11606
125 183 16144
125 184 38236
125 185 44613
125 186 49769
125 187 51682
125 188 38951
125 189 27251
125 190 18965
125 191 15304
125 192 19221
125 193 15052
125 194 12045
125 195 37473
125 196 38539
125 197 42012
125 198 37433
125 199 2303
125 200 28310
126 1 20122
126 2 50280
126 3 31939
126 4 49028
126 5 32148
126 6 37418
126 7 16792
126 8 26421
126 9 20588
126 10 3967
126 11 -1066
126 12 34997
126 13 37399
126 14 50249
126 15 52223
126 16 42366
126 17 37118
126 18 24553
126 19 6021
126 20 13218
126 21 48052
126 22 56062
126 23 51874
126 24 44239
126 25 54852
126 26 37695
126 27 26275
126 28 31410
126 29 38105
126 30 7680
126 31 9043
126 32 -1325
126 33 26031
126 34 30236
126 35 28541
126 36 15757
126 37 45281
126 38 54636
126 39 50410
126 40 42366
126 41 55489
126 42 51058
126 43 54144
126 44 49509
126 45 28235
126 46 21543
126 47 12774
126 48 8465
126 49 9261
126 50 25024
126 51 18585
126 52 22548
126 53 35865
126 54 41784
126 55 54766
126 56 57764
126 57 50672
126 58 39403
126 59 37571
126 60 33571
126 61 40281
126 62 3889
126 63 -4130
126 64 -7222
126 65 15634
126 66 4050
126 67 53895
126 68 30931
126 69 21429
126 70 13324
126 71 20036
126 72 47658
126 73 50326
126 74 54790
126 75 53158
126 76 30128
126 77 31984
126 78 33751
126 79 27630
126 80 40525
126 81 21805
126 82 17245
126 83 29402
126 84 35884
126 85 35760
126 86 40050
126 87 42403
126 88 12443
126 89 29389
126 90 1030
126 91 48670
126 92 45431
126 93 38504
126 94 35885
126 95 39070
126 96 38574
126 97 42909
126 98 43775
126 99 40257
126 100 45160
126 101 15664
126 102 20467
126 103 16536
126 104 40459
126 105 36094
126 106 16853
126 107 4152
126 108 -1263
126 109 39212
126 110 50160
126 111 26740
126 112 31496
126 113 36797
126 114 22468
126 115 49419
126 116 33708
126 117 43112
126 118 26070
126 119 51864
126 120 19874
126 121 37153
126 122 14087
126 123 8388
126 124 19188
126 125 25857
126 127 17203
126 128 7743
126 129 34008
126 130 44848
126 131 1317
126 132 21249
126 133 54375
126 134 40608
126 135 26378
126 136 31231
126 137 43538
126 138 34582
126 139 57044
126 140 53705
126 141 45091
126 142 52849
126 143 12279
126 144 47438
126 145 51867
126 146 27938
126 147 31187
126 148 7493
126 149 39960
126 150 39526
126 151 41999
126 152 37414
126 153 20190
126 154 31386
126 155 48882
126 156 31903
126 157 24963
126 158 31384
126 159 -1285
126 160 3902
126 161 13632
126 162 13382
126 163 42562
126 164 24486
126 165 52451
126 166 28064
126 167 20085
126 168 14769
126 169 32495
126 170 56021
126 171 48162
126 172 49444
126 173 38508
126 174 22828
126 175 5592
126 176 19848
126 177 38852
126 178 45267
126 179 43248
126 180 39540
126 181 -9287
126 182 6204
126 183 34133
126 184 31425
126 185 28423
126 186 59038
126 187 56341
126 188 10225
126 189 3967
126 190 11271
126 191 46877
126 192 49240
126 193 44248
126 194 15721
126 195 38153
126 196 29742
126 197 51022
126 198 44526
126 199 30844
126 200 34106
127 1 7566
127 2 30057
127 3 20883
127 4 30995
127 5 15729
127 6 18047
127 7 7677
127 8 16805
127 9 19199
127 10 7423
127 11 11041
127 12 18627
127 13 17294
127 14 31874
127 15 32152
127 16 25853
127 17 24015
127 18 8497
127 19 10808
127 20 17642
127 21 28553
127 22 36186
127 23 32671
127 24 31246
127 25 38453
127 26 19078
127 27 6589
127 28 12951
127 29 27408
127 30 8036
127 31 -3326
127 32 12200
127 33 18847
127 34 25767
127 35 29537
127 36 19971
127 37 26505
127 38 37644
127 39 32271
127 40 22524
127 41 35392
127 42 31475
127 43 34562
127 44 32137
127 45 17615
127 46 17527
127 47 13711
127 48 4669
127 49 19502
127 50 13053
127 51 15890
127 52 3379
127 53 15922
127 54 25595
127 55 38538
127 56 38743
127 57 30505
127 58 19254
127 59 18796
127 60 17236
127 61 23794
127 62 5111
127 63 16083
127 64 10428
127 65 22681
127 66 12890
127 67 35996
127 68 17433
127 69 5241
127 70 8334
127 71 23637
127 72 28179
127 73 30582
127 74 35085
127 75 33653
127 76 15994
127 77 19452
127 78 27431
127 79 18574
127 80 26306
127 81 16210
127 82 8091
127 83 15203
127 84 21068
127 85 17993
127 86 24713
127 87 22460
127 88 2069
127 89 9975
127 90 15933
127 91 30872
127 92 26363
127 93 20426
127 94 16251
127 95 19540
127 96 19742
127 97 23325
127 98 25254
127 99 21844
127 100 26667
127 101 4858
127 102 10424
127 103 18421
127 104 22046
127 105 16523
127 106 4068
127 107 12821
127 108 5562
127 109 22827
127 110 31592
127 111 9745
127 112 11305
127 113 22467
127 114 11425
127 115 29204
127 116 19998
127 117 23291
127 118 9518
127 119 34020
127 120 17043
127 121 26111
127 122 10486
127 123 9475
127 124 16710
127 125 14881
127 126 15328
127 128 14734
127 129 25116
127 130 28448
127 131 13403
127 132 4898
127 133 34573
127 134 26251
127 135 26364
127 136 34332
127 137 23344
127 138 16841
127 139 39065
127 140 36794
127 141 28224
127 142 33590
127 143 19600
127 144 27353
127 145 31690
127 146 7730
127 147 11894
127 148 2942
127 149 21690
127 150 25307
127 151 22931
127 152 17265
127 153 5907
127 154 13645
127 155 30849
127 156 11696
127 157 15857
127 158 20328
127 159 1365
127 160 11340
127 161 15704
127 162 425
127 163 28998
127 164 21040
127 165 36228
127 166 10506
127 167 346
127 168 15608
127 169 24184
127 170 38928
127 171 28291
127 172 29663
127 173 23013
127 174 14349
127 175 15438
127 176 4951
127 177 23460
127 178 25043
127 179 25484
127 180 20150
127 181 9787
127 182 -173
127 183 14536
127 184 16731
127 185 20216
127 186 40005
127 187 38505
127 188 14884
127 189 7423
127 190 -4977
127 191 29564
127 192 31085
127 193 26230
127 194 3840
127 195 20642
127 196 16198
127 197 31835
127 198 25498
127 199 17894
127 200 14078
128 1 14632
128 2 49292
128 3 20764
128 4 41966
128 5 38698
128 6 40511
128 7 26080
128 8 36993
128 9 5360
128 10 10188
128 11 14405
128 12 27530
128 13 38260
128 14 54527
128 15 52500
128 16 48872
128 17 46247
128 18 31159
128 19 20461
128 20 -2202
128 21 43831
128 22 52368
128 23 46083
128 24 32743
128 25 45525
128 26 32701
128 27 25315
128 28 27462
128 29 25533
128 30 32
128 31 11760
128 32 -1141
128 33 13530
128 34 15134
128 35 12516
128 36 31101
128 37 49099
128 38 60624
128 39 42977
128 40 39551
128 41 52680
128 42 53167
128 43 56073
128 44 55099
128 45 38626
128 46 34715
128 47 26990
128 48 20746
128 49 25275
128 50 16420
128 51 5236
128 52 26392
128 53 34034
128 54 33077
128 55 45470
128 56 51925
128 57 50538
128 58 38043
128 59 41465
128 60 40143
128 61 46803
128 62 14473
128 63 10995
128 64 7510
128 65 966
128 66 -10026
128 67 45752
128 68 20790
128 69 19051
128 70 10234
128 71 4072
128 72 43101
128 73 46577
128 74 50684
128 75 48381
128 76 21779
128 77 21915
128 78 19605
128 79 15175
128 80 30771
128 81 8192
128 82 27467
128 83 37512
128 84 43739
128 85 40942
128 86 47640
128 87 43638
128 88 19084
128 89 32609
128 90 8907
128 91 53792
128 92 48819
128 93 43332
128 94 38336
128 95 41640
128 96 42447
128 97 45262
128 98 47983
128 99 44689
128 100 49365
128 101 12951
128 102 10372
128 103 705
128 104 44891
128 105 33053
128 106 24745
128 107 19278
128 108 4526
128 109 31371
128 110 44077
128 111 21872
128 112 32274
128 113 45135
128 114 32276
128 115 48124
128 116 24425
128 117 44931
128 118 32471
128 119 56884
128 120 4894
128 121 24954
128 122 5536
128 123 21624
128 124 32428
128 125 36029
128 126 11135
128 127 20001
128 129 21323
128 130 36168
128 131 -2408
128 132 18239
128 133 50421
128 134 30284
128 135 10439
128 136 15317
128 137 43592
128 138 29054
128 139 49539
128 140 59785
128 141 51240
128 142 55637
128 143 28036
128 144 47953
128 145 49779
128 146 28593
128 147 34488
128 148 15973
128 149 34102
128 150 29772
128 151 45387
128 152 36054
128 153 27533
128 154 25858
128 155 41820
128 156 31860
128 157 14142
128 158 20209
128 159 8448
128 160 -6089
128 161 -2362
128 162 12483
128 163 31674
128 164 9269
128 165 43239
128 166 33519
128 167 20426
128 168 28871
128 169 19054
128 170 47185
128 171 44604
128 172 51048
128 173 45875
128 174 34079
128 175 20995
128 176 14866
128 177 29921
128 178 44279
128 179 36347
128 180 35596
128 181 -3231
128 182 15632
128 183 36749
128 184 23083
128 185 15945
128 186 53113
128 187 48615
128 188 -5752
128 189 10188
128 190 14424
128 191 52547
128 192 53865
128 193 49101
128 194 23909
128 195 31391
128 196 20607
128 197 45716
128 198 39319
128 199 39753
128 200 33135
129 1 13550
129 2 37257
129 3 -53
129 4 21618
129 5 38913
129 6 36955
129 7 35532
129 8 44449
129 9 3837
129 10 25886
129 11 32947
129 12 10037
129 13 30529
129 14 48406
129 15 40465
129 16 47014
129 17 49182
129 18 34524
129 19 36242
129 20 16371
129 21 27659
129 22 35495
129 23 26037
129 24 8675
129 25 22493
129 26 17851
129 27 21507
129 28 17643
129 29 1368
129 30 14049
129 31 19846
129 32 21758
129 33 1905
129 34 -27
129 35 10136
129 36 46779
129 37 43975
129 38 56155
129 39 21466
129 40 26650
129 41 36683
129 42 44496
129 43 46030
129 44 51197
129 45 44568
129 46 45527
129 47 40938
129 48 32382
129 49 43975
129 50 7069
129 51 7873
129 52 28949
129 53 24556
129 54 11606
129 55 22633
129 56 32369
129 57 38856
129 58 27563
129 59 37266
129 60 41455
129 61 45678
129 62 28889
129 63 32313
129 64 29643
129 65 8770
129 66 8060
129 67 23201
129 68 -861
129 69 19194
129 70 20176
129 71 10061
129 72 25782
129 73 30582
129 74 33601
129 75 30139
129 76 6886
129 77 2986
129 78 1174
129 79 -7426
129 80 9255
129 81 -2792
129 82 36070
129 83 41141
129 84 45553
129 85 37859
129 86 46788
129 87 34819
129 88 28661
129 89 30914
129 90 29922
129 91 50087
129 92 43567
129 93 40241
129 94 33148
129 95 35829
129 96 38947
129 97 38504
129 98 43533
129 99 41587
129 100 44356
129 101 18174
129 102 453
129 103 8306
129 104 41789
129 105 21388
129 106 32027
129 107 36630
129 108 21940
129 109 12355
129 110 25280
129 111 13317
129 112 26659
129 113 46271
129 114 38841
129 115 35479
129 116 6131
129 117 37937
129 118 33327
129 119 52119
129 120 -1699
129 121 764
129 122 13844
129 123 35785
129 124 44509
129 125 41772
129 126 31996
129 127 24979
129 128 15919
129 130 14448
129 131 20965
129 132 16752
129 133 33192
129 134 7110
129 135 6547
129 136 16804
129 137 34037
129 138 15377
129 139 28148
129 140 55541
129 141 48472
129 142 47577
129 143 45280
129 144 37631
129 145 35124
129 146 26024
129 147 31805
129 148 28074
129 149 17144
129 150 8256
129 151 40135
129 152 25574
129 153 33541
129 154 12181
129 155 21472
129 156 26031
129 157 4003
129 158 -608
129 159 23498
129 160 16205
129 161 2735
129 162 17789
129 163 8059
129 164 -2353
129 165 20559
129 166 34403
129 167 20664
129 168 42785
129 169 -3816
129 170 24338
129 171 28291
129 172 41859
129 173 46505
129 174 42057
129 175 38833
129 176 10888
129 177 9125
129 178 32063
129 179 17175
129 180 21223
129 181 20666
129 182 26739
129 183 32336
129 184 6504
129 185 -1258
129 186 33271
129 187 26968
129 188 11220
129 189 25886
129 190 21094
129 191 49188
129 192 48741
129 193 45067
129 194 31840
129 195 13433
129 196 3578
129 197 27203
129 198 21840
129 199 44377
129 200 26570
130 1 24324
130 2 23736
130 3 13952
130 4 1074
130 5 35403
130 6 32501
130 7 41897
130 8 46785
130 9 24604
130 10 38701
130 11 45058
130 12 6087
130 13 22365
130 14 37260
130 15 24761
130 16 39952
130 17 46294
130 18 35853
130 19 45802
130 20 35132
130 21 11553
130 22 16734
130 23 5136
130 24 4540
130 25 3530
130 26 8989
130 27 23575
130 28 17118
130 29 9038
130 30 30006
130 31 29348
130 32 38498
130 33 20997
130 34 18936
130 35 30744
130 36 54508
130 37 35412
130 38 45290
130 39 543
130 40 15555
130 41 18284
130 42 32140
130 43 31459
130 44 41953
130 45 44766
130 46 49335
130 47 48103
130 48 38683
130 49 54480
130 50 18849
130 51 26699
130 52 32434
130 53 18915
130 54 -5184
130 55 3541
130 56 11834
130 57 24466
130 58 18473
130 59 30285
130 60 39724
130 61 39892
130 62 39460
130 63 47072
130 64 43725
130 65 29655
130 66 28361
130 67 3039
130 68 2085
130 69 27170
130 70 33509
130 71 31048
130 72 7500
130 73 13772
130 74 15040
130 75 10418
130 76 13562
130 77 12678
130 78 21353
130 79 12598
130 80 8273
130 81 17666
130 82 40482
130 83 40909
130 84 42743
130 85 30760
130 86 39759
130 87 23714
130 88 37020
130 89 29359
130 90 45167
130 91 41960
130 92 35506
130 93 33705
130 94 26873
130 95 28161
130 96 33270
130 97 29407
130 98 35558
130 99 35691
130 100 35356
130 101 29446
130 102 15168
130 103 28701
130 104 35893
130 105 14180
130 106 37072
130 107 47534
130 108 35730
130 109 4685
130 110 6607
130 111 17113
130 112 22733
130 113 41534
130 114 40835
130 115 21243
130 116 12143
130 117 29369
130 118 31106
130 119 42237
130 120 19267
130 121 9077
130 122 29486
130 123 44446
130 124 50251
130 125 41974
130 126 46504
130 127 31979
130 128 34432
130 129 18116
130 131 38224
130 132 24238
130 133 14151
130 134 -1479
130 135 27245
130 136 37514
130 137 23743
130 138 12256
130 139 7175
130 140 44926
130 141 40363
130 142 35258
130 143 54555
130 144 24816
130 145 18134
130 146 27146
130 147 28508
130 148 37618
130 149 4833
130 150 7274
130 151 32074
130 152 16484
130 153 37566
130 154 9060
130 155 928
130 156 23340
130 157 20109
130 158 13397
130 159 34915
130 160 33702
130 161 23590
130 162 27836
130 163 3402
130 164 18063
130 165 1228
130 166 33585
130 167 25578
130 168 50075
130 169 13562
130 170 4674
130 171 10394
130 172 29363
130 173 42438
130 174 44263
130 175 50049
130 176 19266
130 177 2423
130 178 18150
130 179 454
130 180 9629
130 181 37715
130 182 34800
130 183 27182
130 184 10454
130 185 18331
130 186 12525
130 187 6073
130 188 30647
130 189 38701
130 190 29258
130 191 40791
130 192 38845
130 193 36783
130 194 37384
130 195 2279
130 196 10911
130 197 7669
130 198 4710
130 199 44600
130 200 24502
131 1 16917
131 2 50694
131 3 25704
131 4 45660
131 5 37075
131 6 40169
131 7 22974
131 8 33672
131 9 11593
131 10 6825
131 11 8782
131 12 31174
131 13 38847
131 14 53989
131 15 53534
131 16 47390
131 17 43657
131 18 29306
131 19 15369
131 20 3914
131 21 46437
131 22 54873
131 23 49415
131 24 37955
131 25 50067
131 26 35459
131 27 26224
131 28 29644
131 29 31067
131 30 1903
131 31 10579
131 32 -7387
131 33 18847
131 34 21379
131 35 18722
131 36 25647
131 37 48638
131 38 59459
131 39 46875
131 40 41546
131 41 54873
131 42 53442
131 43 56490
131 44 54024
131 45 35456
131 46 30344
131 47 22082
131 48 16616
131 49 19277
131 50 20190
131 51 10698
131 52 25405
131 53 35537
131 54 37301
131 55 49977
131 56 55226
131 57 51668
131 58 39462
131 59 40924
131 60 38442
131 61 45272
131 62 10478
131 63 4870
131 64 1187
131 65 5744
131 66 -5862
131 67 49951
131 68 25430
131 69 20170
131 70 10704
131 71 10061
131 72 45879
131 73 49036
131 74 53320
131 75 51288
131 76 25616
131 77 26444
131 78 25585
131 79 20574
131 80 35291
131 81 13931
131 82 24171
131 83 35195
131 84 41616
131 85 39941
131 86 45759
131 87 44181
131 88 16660
131 89 32109
131 90 3232
131 91 52848
131 92 48496
131 93 42440
131 94 38290
131 95 41598
131 96 41868
131 97 45343
131 98 47363
131 99 43917
131 100 48780
131 101 13796
131 102 14722
131 103 7029
131 104 44119
131 105 35047
131 106 22216
131 107 13853
131 108 746
131 109 35200
131 110 47387
131 111 24296
131 112 32757
131 113 42902
131 114 29248
131 115 49655
131 116 28676
131 117 45186
131 118 30852
131 119 56036
131 120 11076
131 121 30350
131 122 8486
131 123 17019
131 124 27964
131 125 32940
131 126 5154
131 127 19115
131 128 -1963
131 129 26814
131 130 40405
131 132 19674
131 133 53024
131 134 35080
131 135 16733
131 136 21217
131 137 44532
131 138 31920
131 139 53443
131 140 58578
131 141 49924
131 142 55670
131 143 22306
131 144 48805
131 145 51673
131 146 28924
131 147 34028
131 148 12779
131 149 37233
131 150 34292
131 151 45064
131 152 37473
131 153 25264
131 154 28724
131 155 45514
131 156 32606
131 157 18779
131 158 25149
131 159 4526
131 160 -5008
131 161 3911
131 162 12705
131 163 36660
131 164 15529
131 165 47706
131 166 32180
131 167 20664
131 168 24007
131 169 24834
131 170 51587
131 171 47031
131 172 51505
131 173 43976
131 174 30511
131 175 15438
131 176 17116
131 177 34164
131 178 45693
131 179 39912
131 180 38013
131 181 -9011
131 182 12325
131 183 36605
131 184 26970
131 185 21309
131 186 56461
131 187 52601
131 188 565
131 189 6825
131 190 13271
131 191 51414
131 192 53160
131 193 48259
131 194 21241
131 195 34845
131 196 24772
131 197 48790
131 198 42292
131 199 37128
131 200 34209
132 1 764
132 2 27811
132 3 12733
132 4 24522
132 5 20316
132 6 19981
132 7 15918
132 8 24349
132 9 13491
132 10 11548
132 11 17491
132 12 11052
132 13 16766
132 14 33741
132 15 30925
132 16 29654
132 17 29883
132 18 14665
132 19 18525
132 20 15218
132 21 23714
132 22 32007
132 23 27317
132 24 23065
132 25 31114
132 26 13111
132 27 3863
132 28 6882
132 29 19189
132 30 6558
132 31 1771
132 32 13808
132 33 11657
132 34 18534
132 35 23817
132 36 28134
132 37 28396
132 38 40536
132 39 25907
132 40 18539
132 41 31877
132 42 31748
132 43 34562
132 44 35057
132 45 24600
132 46 25583
132 47 21925
132 48 12915
132 49 27094
132 50 5079
132 51 10698
132 52 8950
132 53 12570
132 54 18075
132 55 31109
132 56 33185
132 57 28974
132 58 16550
132 59 20967
132 60 22318
132 61 27853
132 62 11888
132 63 20365
132 64 16379
132 65 18700
132 66 10644
132 67 29489
132 68 9232
132 69 -416
132 70 7754
132 71 19105
132 72 23265
132 73 26181
132 74 30557
132 75 28748
132 76 7774
132 77 11212
132 78 19944
132 79 10679
132 80 18200
132 81 9288
132 82 16080
132 83 21419
132 84 26460
132 85 21021
132 86 29059
132 87 22125
132 88 9828
132 89 12653
132 90 19043
132 91 33690
132 92 28004
132 93 23325
132 94 17345
132 95 20579
132 96 22109
132 97 24044
132 98 27500
132 99 24585
132 100 28765
132 101 2879
132 102 2800
132 103 14022
132 104 24787
132 105 12057
132 106 12042
132 107 19991
132 108 8990
132 109 15305
132 110 25565
132 111 2256
132 112 10926
132 113 27611
132 114 18757
132 115 26713
132 116 11777
132 117 23607
132 118 14367
132 119 36510
132 120 10723
132 121 17884
132 122 7191
132 123 17429
132 124 24943
132 125 21817
132 126 19701
132 127 5225
132 128 13299
132 129 17216
132 130 21034
132 131 14289
132 133 30220
132 134 18233
132 135 20434
132 136 29188
132 137 22006
132 138 10030
132 139 32576
132 140 39773
132 141 31643
132 142 34351
132 143 27508
132 144 26369
132 145 28653
132 146 7730
132 147 14236
132 148 10151
132 149 15374
132 150 17201
132 151 24572
132 152 14561
132 153 13449
132 154 6834
132 155 24376
132 156 10378
132 157 8406
132 158 12178
132 159 7352
132 160 10849
132 161 10967
132 162 425
132 163 20859
132 164 14199
132 165 28786
132 166 15229
132 167 731
132 168 23812
132 169 16267
132 170 31931
132 171 24136
132 172 29549
132 173 27877
132 174 21957
132 175 22481
132 176 -3229
132 177 15616
132 178 22805
132 179 18784
132 180 15212
132 181 12575
132 182 7857
132 183 15929
132 184 8606
132 185 12600
132 186 34456
132 187 31920
132 188 12057
132 189 11548
132 190 1967
132 191 32666
132 192 33331
132 193 28856
132 194 11957
132 195 13735
132 196 7959
132 197 26489
132 198 19974
132 199 24506
132 200 11552
133 1 35840
133 2 11694
133 3 31843
133 4 6912
133 5 29190
133 6 28365
133 7 45186
133 8 45025
133 9 42272
133 10 47921
133 11 52154
133 12 20091
133 13 16226
133 14 22021
133 15 5915
133 16 28807
133 17 38827
133 18 35390
133 19 50429
133 20 49979
133 21 6838
133 22 -3667
133 23 -6772
133 24 25311
133 25 15102
133 26 15672
133 27 29108
133 28 24854
133 29 29598
133 30 42775
133 31 37149
133 32 50630
133 33 38081
133 34 38921
133 35 49983
133 36 56111
133 37 24630
133 38 29209
133 39 -448
133 40 13599
133 41 -2328
133 42 17069
133 43 13063
133 44 28416
133 45 40441
133 46 47665
133 47 49968
133 48 40618
133 49 58717
133 50 33038
133 51 42513
133 52 35627
133 53 20384
133 54 14534
133 55 18539
133 56 3303
133 57 8591
133 58 15318
133 59 21817
133 60 35774
133 61 30564
133 62 46251
133 63 56854
133 64 51602
133 65 48379
133 66 44560
133 67 856
133 68 20595
133 69 36249
133 70 44576
133 71 49070
133 72 -1973
133 73 3847
133 74 -399
133 75 -4778
133 76 28209
133 77 29649
133 78 40772
133 79 31134
133 80 26867
133 81 35411
133 82 41328
133 83 37656
133 84 36390
133 85 20774
133 86 27769
133 87 12091
133 88 42931
133 89 28390
133 90 55848
133 91 30502
133 92 25993
133 93 24898
133 94 21122
133 95 20264
133 96 26681
133 97 19573
133 98 25254
133 99 28207
133 100 23476
133 101 39749
133 102 30513
133 103 45550
133 104 28409
133 105 16813
133 106 39667
133 107 53387
133 108 45646
133 109 19970
133 110 9470
133 111 27110
133 112 21901
133 113 32154
133 114 39141
133 115 8308
133 116 28486
133 117 21134
133 118 26683
133 119 28246
133 120 37495
133 121 29330
133 122 42656
133 123 48590
133 124 50988
133 125 37811
133 126 56137
133 127 38210
133 128 48791
133 129 36966
133 130 14257
133 131 50949
133 132 33530
133 134 19272
133 135 46385
133 136 56617
133 137 15706
133 138 22012
133 139 9061
133 140 29112
133 141 28006
133 142 19539
133 143 57719
133 144 11116
133 145 -361
133 146 30712
133 147 25545
133 148 43999
133 149 12894
133 150 25868
133 151 22561
133 152 13329
133 153 39432
133 154 18816
133 155 6766
133 156 24673
133 157 35957
133 158 31288
133 159 42584
133 160 47070
133 161 41203
133 162 37044
133 163 24140
133 164 37447
133 165 17488
133 166 31575
133 167 31747
133 168 52170
133 169 33415
133 170 9806
133 171 -5799
133 172 14659
133 173 34784
133 174 41900
133 175 56116
133 176 30117
133 177 20439
133 178 5185
133 179 11459
133 180 10875
133 181 49452
133 182 39637
133 183 22706
133 184 25455
133 185 36136
133 186 3061
133 187 8773
133 188 46134
133 189 47921
133 190 36104
133 191 28430
133 192 25180
133 193 25349
133 194 40326
133 195 14131
133 196 26746
133 197 -350
133 198 4228
133 199 41348
133 200 27463
134 1 22133
134 2 29185
134 3 9120
134 4 7776
134 5 38396
134 6 35490
134 7 41864
134 8 48160
134 9 19127
134 10 36533
134 11 43328
134 12 5953
134 13 26310
134 14 42451
134 15 30925
134 16 44075
134 17 49289
134 18 37284
134 19 44938
134 20 30747
134 21 17404
134 22 23351
134 23 11568
134 24 -1618
134 25 7232
134 26 11926
134 27 24081
134 28 17791
134 29 2370
134 30 26621
134 31 28062
134 32 35020
134 33 16118
134 34 12435
134 35 24478
134 36 54393
134 37 39785
134 38 50515
134 39 6434
134 40 19916
134 41 24874
134 42 37522
134 43 37436
134 44 46676
134 45 46842
134 46 50404
134 47 48077
134 48 38829
134 49 53453
134 50 15823
134 51 22150
134 52 32988
134 53 21620
134 54 -1763
134 55 7336
134 56 18495
134 57 30254
134 58 22412
134 59 34164
134 60 42142
134 61 43614
134 62 38103
134 63 44388
134 64 41433
134 65 23506
134 66 23250
134 67 7905
134 68 -2271
134 69 25955
134 70 30946
134 71 25264
134 72 13967
134 73 19912
134 74 21601
134 75 17120
134 76 11069
134 77 8721
134 78 15174
134 79 7098
134 80 4478
134 81 12340
134 82 41141
134 83 42957
134 84 45613
134 85 34788
134 86 43955
134 87 28642
134 88 36237
134 89 31431
134 90 42250
134 91 46305
134 92 39682
134 93 37525
134 94 30384
134 95 32133
134 96 36729
134 97 33813
134 98 39780
134 99 39271
134 100 39897
134 101 27406
134 102 11398
134 103 23498
134 104 39473
134 105 17145
134 106 37392
134 107 46226
134 108 33251
134 109 5200
134 110 13007
134 111 16469
134 112 25291
134 113 45065
134 114 42271
134 115 26878
134 116 8953
134 117 33552
134 118 33669
134 119 47110
134 120 13569
134 121 2608
134 122 26096
134 123 43832
134 124 50652
134 125 44032
134 126 43899
134 127 31417
134 128 30183
134 129 12413
134 130 156
134 131 34534
134 132 23072
134 133 20801
134 135 21040
134 136 31273
134 137 28283
134 138 13117
134 139 13244
134 140 50086
134 141 44783
134 142 40680
134 143 53926
134 144 30200
134 145 24467
134 146 28124
134 147 31145
134 148 36530
134 149 8711
134 150 3479
134 151 36250
134 152 20423
134 153 38181
134 154 9921
134 155 7630
134 156 25396
134 157 16005
134 158 8565
134 159 33260
134 160 29864
134 161 18030
134 162 26217
134 163 -3306
134 164 11819
134 165 5283
134 166 35618
134 167 25429
134 168 49995
134 169 7217
134 170 9057
134 171 16844
134 172 34746
134 173 45676
134 174 45730
134 175 48646
134 176 17625
134 177 890
134 178 23719
134 179 5773
134 180 13909
134 181 34200
134 182 34222
134 183 30348
134 184 8228
134 185 13164
134 186 19103
134 187 11935
134 188 25972
134 189 36533
134 190 28378
134 191 45263
134 192 43692
134 193 41155
134 194 37560
134 195 5137
134 196 7812
134 197 14342
134 198 10740
134 199 46557
134 200 26227
135 1 21760
135 2 51995
135 3 15017
135 4 37024
135 5 49726
135 6 48943
135 7 41445
135 8 51903
135 9 -916
135 10 27563
135 11 33366
135 12 25236
135 13 43973
135 14 61859
135 15 55394
135 16 58920
135 17 59072
135 18 43576
135 19 38695
135 20 12087
135 21 43027
135 22 50993
135 23 41353
135 24 22070
135 25 36736
135 26 32768
135 27 32623
135 28 30817
135 29 13978
135 30 14620
135 31 25445
135 32 18272
135 33 9715
135 34 -1382
135 35 -5348
135 36 49583
135 37 56881
135 38 69225
135 39 36449
135 40 41353
135 41 52136
135 42 58578
135 43 60582
135 44 63913
135 45 52942
135 46 51374
135 47 44754
135 48 37425
135 49 44484
135 50 17956
135 51 8347
135 52 37859
135 53 38145
135 54 26946
135 55 37150
135 56 47811
135 57 53618
135 58 41672
135 59 49750
135 60 51666
135 61 57205
135 62 31777
135 63 30381
135 64 26819
135 65 -6505
135 66 -2110
135 67 37484
135 68 14658
135 69 27852
135 70 23666
135 71 -2893
135 72 41280
135 73 45963
135 74 49099
135 75 45660
135 76 20767
135 77 17847
135 78 7219
135 79 7385
135 80 24758
135 81 1902
135 82 42707
135 83 50376
135 84 55781
135 85 50083
135 86 58424
135 87 48793
135 88 34055
135 89 41981
135 90 28164
135 91 62604
135 92 56440
135 93 52389
135 94 45785
135 95 48784
135 96 51084
135 97 51839
135 98 56207
135 99 53651
135 100 57292
135 101 24109
135 102 10503
135 103 1268
135 104 53853
135 105 35593
135 106 39024
135 107 37972
135 108 22542
135 109 27823
135 110 40804
135 111 25585
135 112 39115
135 113 57001
135 114 46682
135 115 50358
135 116 21077
135 117 51263
135 118 43752
135 119 65117
135 120 -4678
135 121 14553
135 122 16367
135 123 39222
135 124 49458
135 125 50216
135 126 30459
135 127 32320
135 128 11128
135 129 12640
135 130 29670
135 131 16977
135 132 26063
135 133 48704
135 134 21830
135 136 1300
135 137 48071
135 138 29749
135 139 43227
135 140 68527
135 141 60758
135 142 61546
135 143 46927
135 144 52042
135 145 50414
135 146 36929
135 147 43401
135 148 32195
135 149 32479
135 150 23759
135 151 53008
135 152 39683
135 153 41197
135 154 26553
135 155 36878
135 156 38390
135 157 13449
135 158 14462
135 159 25882
135 160 12953
135 161 -7248
135 162 24141
135 163 22458
135 164 -6202
135 165 35228
135 166 44598
135 167 30016
135 168 46596
135 169 7184
135 170 38573
135 171 43736
135 172 56047
135 173 57282
135 174 49335
135 175 39833
135 176 20790
135 177 24640
135 178 46858
135 179 32699
135 180 36189
135 181 15384
135 182 31624
135 183 44638
135 184 21132
135 185 9901
135 186 48661
135 187 41949
135 188 5422
135 189 27563
135 190 27563
135 191 61658
135 192 61820
135 193 57683
135 194 38498
135 195 28849
135 196 18065
135 197 42724
135 198 37320
135 199 53205
135 200 39047
136 1 26253
136 2 57715
136 3 21002
136 4 43107
136 5 54145
136 6 53817
136 7 44490
136 8 55223
136 9 3510
136 10 29628
136 11 34504
136 12 31174
136 13 49294
136 14 67080
136 15 61159
136 16 63624
136 17 63102
136 18 47556
136 19 40435
136 20 13409
136 21 48990
136 22 57018
136 23 47430
136 24 27969
136 25 42672
136 26 38600
136 27 37466
136 28 36228
136 29 19902
136 30 17114
136 31 28786
136 32 18613
136 33 15225
136 34 4216
136 35 -3584
136 36 51168
136 37 61965
136 38 74276
136 39 42489
136 40 47093
136 41 58132
136 42 64043
136 43 66196
136 44 68878
136 45 56500
136 46 54041
136 47 46817
136 48 40016
136 49 45270
136 50 23227
136 51 12223
136 52 41955
136 53 43580
136 54 33027
136 55 43138
136 56 53894
136 57 59334
136 58 47224
136 59 54719
136 60 55932
136 61 61809
136 62 33971
136 63 30870
136 64 26440
136 65 -12443
136 66 -3951
136 67 43394
136 68 20725
136 69 32229
136 70 26773
136 71 -3881
136 72 47306
136 73 51929
136 74 55124
136 75 51726
136 76 26483
136 77 23772
136 78 13291
136 79 13414
136 80 30832
136 81 7500
136 82 45860
136 83 54310
136 84 59978
136 85 54931
136 86 63001
136 87 54248
136 88 37131
136 89 46623
136 90 28969
136 91 67533
136 92 61530
136 93 57233
136 94 50846
136 95 53923
136 96 55964
136 97 57087
136 98 61214
136 99 58489
136 100 62371
136 101 27860
136 102 15811
136 103 3301
136 104 58691
136 105 41209
136 106 42426
136 107 39362
136 108 24283
136 109 33843
136 110 46864
136 111 30853
136 112 44192
136 113 61297
136 114 50157
136 115 56127
136 116 26994
136 117 56524
136 118 48081
136 119 70183
136 120 781
136 121 20572
136 122 19673
136 123 41340
136 124 51916
136 125 53809
136 126 31118
136 127 36094
136 128 11812
136 129 18703
136 130 35745
136 131 17267
136 132 30623
136 133 54742
136 134 27869
136 135 -2894
136 137 53570
136 138 35463
136 139 49281
136 140 73550
136 141 65582
136 142 66961
136 143 48133
136 144 57638
136 145 56334
136 146 41649
136 147 48169
136 148 34837
136 149 38441
136 150 29833
136 151 58098
136 152 45235
136 153 44794
136 154 32267
136 155 42961
136 156 43476
136 157 18779
136 158 20447
136 159 27988
136 160 13944
136 161 -5584
136 162 27881
136 163 28473
136 164 -160
136 165 41239
136 166 48919
136 167 34397
136 168 48679
136 169 13208
136 170 44492
136 171 49730
136 172 61554
136 173 61646
136 174 52553
136 175 41093
136 176 25599
136 177 30710
136 178 52597
136 179 38756
136 180 42020
136 181 14526
136 182 34404
136 183 49609
136 184 26970
136 185 15752
136 186 54743
136 187 47990
136 188 6404
136 189 29628
136 190 31102
136 191 66552
136 192 66923
136 193 62650
136 194 41797
136 195 34845
136 196 23905
136 197 48790
136 198 43337
136 199 56985
136 200 44195
137 1 24981
137 2 4487
137 3 28231
137 4 16545
137 5 11086
137 6 9995
137 7 27942
137 8 26603
137 9 35886
137 10 33476
137 11 35961
137 12 16977
137 13 -2100
137 14 11830
137 15 6269
137 16 13535
137 17 21369
137 18 17324
137 19 33228
137 20 39892
137 21 9941
137 22 13025
137 23 11533
137 24 29378
137 25 26692
137 26 10911
137 27 15403
137 28 14888
137 29 30619
137 30 31249
137 31 22568
137 32 37709
137 33 32122
137 34 36743
137 35 45425
137 36 37923
137 37 8939
137 38 19811
137 39 15142
137 40 5988
137 41 10700
137 42 7784
137 43 10045
137 44 15660
137 45 22144
137 46 29226
137 47 31919
137 48 22716
137 49 41100
137 50 25179
137 51 34231
137 52 19135
137 53 7833
137 54 18542
137 55 28154
137 56 19282
137 57 4449
137 58 2107
137 59 4344
137 60 17340
137 61 13894
137 62 30327
137 63 42135
137 64 35345
137 65 42145
137 66 35248
137 67 18179
137 68 19330
137 69 23665
137 70 32070
137 71 42391
137 72 8099
137 73 9567
137 74 13244
137 75 12308
137 76 22318
137 77 25613
137 78 37899
137 79 27643
137 80 26377
137 81 29908
137 82 23290
137 83 19218
137 84 18420
137 85 4463
137 86 13298
137 87 -1950
137 88 27006
137 89 10692
137 90 41918
137 91 15485
137 92 9160
137 93 7735
137 94 2683
137 95 2305
137 96 8450
137 97 2937
137 98 9137
137 99 10327
137 100 8916
137 101 27210
137 102 23304
137 103 37737
137 104 10529
137 105 7246
137 106 22326
137 107 36630
137 108 31538
137 109 19025
137 110 16413
137 111 17324
137 112 5324
137 113 15662
137 114 20735
137 115 3857
137 116 24497
137 117 3211
137 118 8270
137 119 16134
137 120 32080
137 121 29609
137 122 31887
137 123 31316
137 124 32768
137 125 19483
137 126 41375
137 127 23056
137 128 38037
137 129 33886
137 130 19924
137 131 38532
137 132 21391
137 133 11781
137 134 22829
137 135 41827
137 136 51520
137 138 15377
137 139 23026
137 140 19302
137 141 13893
137 142 10818
137 143 39848
137 144 1633
137 145 6531
137 146 15510
137 147 7338
137 148 28074
137 149 11871
137 150 25378
137 151 5728
137 152 118
137 153 21915
137 154 12181
137 155 16399
137 156 9420
137 157 29044
137 158 27676
137 159 27143
137 160 35470
137 161 34237
137 162 23749
137 163 27154
137 164 33896
137 165 26295
137 166 13310
137 167 17369
137 168 34185
137 169 31883
137 170 24338
137 171 5595
137 172 5252
137 173 17267
137 174 23462
137 175 39420
137 176 19403
137 177 20749
137 178 -637
137 179 14767
137 180 6301
137 181 35778
137 182 22966
137 183 4340
137 184 20646
137 185 31371
137 186 20121
137 187 22769
137 188 36612
137 189 33476
137 190 21094
137 191 14333
137 192 12711
137 193 10307
137 194 23071
137 195 13433
137 196 21944
137 197 12560
137 198 9079
137 199 22915
137 200 13492
138 1 11081
138 2 19247
138 3 9846
138 4 11486
138 5 22712
138 6 19981
138 7 26634
138 8 32092
138 9 18394
138 10 24578
138 11 30369
138 12 -227
138 13 12322
138 14 30072
138 15 22693
138 16 29523
138 17 33520
138 18 21186
138 19 30650
138 20 24970
138 21 11788
138 22 20333
138 23 14555
138 24 13910
138 25 18631
138 26 647
138 27 8335
138 28 1867
138 29 13131
138 30 17911
138 31 14574
138 32 26053
138 33 14290
138 34 18358
138 35 27402
138 36 39247
138 37 25928
138 38 37905
138 39 12869
138 40 8624
138 41 20832
138 42 26123
138 43 27854
138 44 33150
138 45 30730
138 46 34449
138 47 32846
138 48 23440
138 49 39349
138 50 8190
138 51 17764
138 52 17246
138 53 6481
138 54 5996
138 55 18771
138 56 20375
138 57 20869
138 58 9178
138 59 19565
138 60 26149
138 61 28579
138 62 24594
138 63 33341
138 64 29392
138 65 24805
138 66 19699
138 67 16471
138 68 1624
138 69 12592
138 70 20176
138 71 25150
138 72 11049
138 73 14595
138 74 18624
138 75 16391
138 76 4131
138 77 7229
138 78 19519
138 79 9266
138 80 9255
138 81 11971
138 82 25369
138 83 26851
138 84 29807
138 85 20243
138 86 29399
138 87 16435
138 88 21907
138 89 15374
138 90 31835
138 91 32222
138 92 25580
138 93 22748
138 94 15489
138 95 17850
138 96 21622
138 97 20279
138 98 25629
138 99 24249
138 100 26262
138 101 15584
138 102 5958
138 103 21051
138 104 24451
138 105 3003
138 106 21846
138 107 32570
138 108 21940
138 109 3480
138 110 12619
138 111 2561
138 112 9592
138 113 29727
138 114 26185
138 115 17670
138 116 6131
138 117 19745
138 118 17740
138 119 33943
138 120 14193
138 121 11938
138 122 17690
138 123 29233
138 124 35068
138 125 27919
138 126 32694
138 127 16828
138 128 23774
138 129 15501
138 130 8712
138 131 26195
138 132 9690
138 133 18362
138 134 7938
138 135 23780
138 136 33688
138 137 15652
138 139 19546
138 140 37323
138 141 30689
138 142 29194
138 143 39324
138 144 19353
138 145 18349
138 146 12111
138 147 15355
138 148 22624
138 149 2399
138 150 8256
138 151 22148
138 152 7189
138 153 22420
138 154 -6204
138 155 11340
138 156 9420
138 157 11568
138 158 9291
138 159 20270
138 160 22150
138 161 17095
138 162 13462
138 163 11458
138 164 15601
138 165 16476
138 166 19527
138 167 10346
138 168 34813
138 169 13585
138 170 19108
138 171 12618
138 172 23504
138 173 30140
138 174 29645
138 175 35133
138 176 5476
138 177 4857
138 178 14126
138 179 5773
138 180 3816
138 181 25093
138 182 19599
138 183 15045
138 184 2261
138 185 13164
138 186 21632
138 187 18907
138 188 21189
138 189 24578
138 190 14236
138 191 31307
138 192 30543
138 193 27149
138 194 22135
138 195 806
138 196 3578
138 197 13863
138 198 7366
138 199 30439
138 200 10150
139 1 34992
139 2 22739
139 3 25969
139 4 -139
139 5 38785
139 6 36527
139 7 49881
139 8 52625
139 9 36645
139 10 48958
139 11 54729
139 12 16705
139 13 24970
139 14 35304
139 15 19828
139 16 40698
139 17 49254
139 18 42016
139 19 54535
139 20 46893
139 21 11654
139 22 10199
139 23 -6298
139 24 14791
139 25 1441
139 26 16165
139 27 31810
139 28 25820
139 29 20342
139 30 41263
139 31 38951
139 32 49706
139 33 32985
139 34 30521
139 35 42576
139 36 62130
139 37 36092
139 38 42823
139 39 -11428
139 40 18915
139 41 11460
139 42 30106
139 43 26968
139 44 41198
139 45 49390
139 46 55390
139 47 55739
139 48 46239
139 49 63214
139 50 30200
139 51 38566
139 52 40069
139 53 24740
139 54 6722
139 55 6082
139 56 2731
139 57 21615
139 58 21945
139 59 32215
139 60 44229
139 61 41648
139 62 48893
139 63 57639
139 64 53804
139 65 41568
139 66 40345
139 67 -7925
139 68 14106
139 69 37003
139 70 44234
139 71 43074
139 72 3986
139 73 11700
139 74 9754
139 75 2830
139 76 24861
139 77 24551
139 78 33228
139 79 24635
139 80 20279
139 81 29705
139 82 47464
139 83 45877
139 84 46169
139 85 32029
139 86 40096
139 87 23538
139 88 45990
139 89 34962
139 90 55966
139 91 42403
139 92 36816
139 93 35569
139 94 29987
139 95 30196
139 96 36167
139 97 30391
139 98 36546
139 99 38200
139 100 35466
139 101 39842
139 102 26838
139 103 40715
139 104 38402
139 105 20139
139 106 44692
139 107 56753
139 108 46234
139 109 15513
139 110 7387
139 111 26917
139 112 28031
139 113 43414
139 114 46654
139 115 19668
139 116 23837
139 117 31097
139 118 35364
139 119 41153
139 120 31297
139 121 20719
139 122 40796
139 123 52940
139 124 57357
139 125 46660
139 126 57015
139 127 40911
139 128 46118
139 129 30131
139 130 5490
139 131 49577
139 132 34095
139 133 7270
139 134 9924
139 135 39117
139 136 49365
139 137 25160
139 138 21405
139 140 42662
139 141 40373
139 142 32867
139 143 62836
139 144 23353
139 145 13255
139 146 34635
139 147 33144
139 148 46838
139 149 11812
139 150 19280
139 151 33384
139 152 19956
139 153 44835
139 154 18209
139 155 -285
139 156 29580
139 157 31896
139 158 25414
139 159 44660
139 160 45173
139 161 35632
139 162 37861
139 163 14682
139 164 29905
139 165 5715
139 166 38923
139 167 34295
139 168 57797
139 169 25320
139 170 -3519
139 171 5728
139 172 27496
139 173 45156
139 174 49871
139 175 59359
139 176 29618
139 177 14223
139 178 16676
139 179 7409
139 180 14012
139 181 48888
139 182 43431
139 183 30967
139 184 21761
139 185 30364
139 186 2132
139 187 -5093
139 188 42518
139 189 48958
139 190 38476
139 191 40760
139 192 37934
139 193 37214
139 194 45169
139 195 11228
139 196 22518
139 197 2247
139 198 5578
139 199 49629
139 200 31391
140 1 52601
140 2 30609
140 3 59115
140 4 45381
140 5 18298
140 6 30606
140 7 43966
140 8 33525
140 9 65061
140 10 54929
140 11 52195
140 12 48308
140 13 25695
140 14 1791
140 15 14172
140 16 6310
140 17 17209
140 18 32853
140 19 46517
140 20 66251
140 21 39167
140 22 35533
140 23 32942
140 24 60551
140 25 55243
140 26 42295
140 27 42498
140 28 44903
140 29 61999
140 30 56767
140 31 45390
140 32 60391
140 33 61985
140 34 67540
140 35 75151
140 36 43591
140 37 17291
140 38 -11095
140 39 40736
140 40 37269
140 41 29686
140 42 14903
140 43 7269
140 44 3188
140 45 23631
140 46 31634
140 47 40392
140 48 33895
140 49 50269
140 50 54718
140 51 62537
140 52 40594
140 53 38145
140 54 49439
140 55 57578
140 56 44397
140 57 22108
140 58 33342
140 59 17247
140 60 28594
140 61 13107
140 62 48811
140 63 61601
140 64 49479
140 65 70544
140 66 61645
140 67 41277
140 68 50664
140 69 50180
140 70 57067
140 71 70956
140 72 35118
140 73 37089
140 74 38194
140 75 36343
140 76 52920
140 77 56520
140 78 68645
140 79 58417
140 80 57757
140 81 59811
140 82 35260
140 83 28067
140 84 21283
140 85 7879
140 86 -2944
140 87 18335
140 88 46979
140 89 32179
140 90 63217
140 91 14623
140 92 22505
140 93 15797
140 94 24571
140 95 21932
140 96 24289
140 97 20866
140 98 16617
140 99 22678
140 100 12048
140 101 52832
140 102 52920
140 103 65871
140 104 22880
140 105 38370
140 106 39024
140 107 51221
140 108 53267
140 109 50403
140 110 45771
140 111 46784
140 112 32044
140 113 7496
140 114 29125
140 115 29219
140 116 55511
140 117 25915
140 118 19216
140 119 5740
140 120 61790
140 121 60970
140 122 58494
140 123 45005
140 124 40447
140 125 21863
140 126 60892
140 127 45856
140 128 63580
140 129 64740
140 130 50457
140 131 61928
140 132 48508
140 133 34537
140 134 53982
140 135 71633
140 136 80850
140 137 28652
140 138 46398
140 139 49878
140 141 3415
140 142 11031
140 143 47918
140 144 20924
140 145 26873
140 146 41148
140 147 27933
140 148 47264
140 149 43084
140 150 56758
140 151 19073
140 152 31353
140 153 38574
140 154 43202
140 155 45235
140 156 36976
140 157 58693
140 158 58560
140 159 46669
140 160 60211
140 161 62809
140 162 48677
140 163 58411
140 164 64283
140 165 56003
140 166 29506
140 167 42548
140 168 43296
140 169 62987
140 170 50932
140 171 30218
140 172 16571
140 173 18231
140 174 27866
140 175 54050
140 176 47585
140 177 52113
140 178 24278
140 179 45449
140 180 37538
140 181 56442
140 182 40373
140 183 26265
140 184 51590
140 185 61739
140 186 44224
140 187 49638
140 188 63364
140 189 54929
140 190 43629
140 191 6755
140 192 6729
140 193 11057
140 194 39784
140 195 44735
140 196 52770
140 197 39138
140 198 38589
140 199 30060
140 200 41875
141 1 41074
141 2 23656
141 3 48704
141 4 38558
141 5 6226
141 6 19214
141 7 31961
141 8 22189
141 9 53709
141 10 42847
141 11 40349
141 12 38636
141 13 15835
141 14 -377
141 15 12476
141 16 -5556
141 17 7137
141 18 20771
141 19 34889
141 20 54375
141 21 31916
141 22 31026
141 23 29505
141 24 51781
141 25 48713
141 26 32983
141 27 31126
141 28 34287
141 29 52389
141 30 44847
141 31 33368
141 32 48310
141 33 50946
141 34 56925
141 35 63921
141 36 33246
141 37 7213
141 38 905
141 39 35659
141 40 28492
141 41 26198
141 42 9844
141 43 8126
141 44 -3650
141 45 12993
141 46 21543
141 47 29353
141 48 22333
141 49 39418
141 50 43658
141 51 51005
141 52 28612
141 53 27951
141 54 41088
141 55 50477
141 56 39313
141 57 17010
141 58 23964
141 59 6202
141 60 16516
141 61 1074
141 62 36773
141 63 49578
141 64 37986
141 65 58893
141 66 49731
141 67 37518
141 68 40909
141 69 38531
141 70 45138
141 71 59390
141 72 28958
141 73 30567
141 74 32823
141 75 31519
141 76 42394
141 77 46164
141 78 58029
141 79 47877
141 80 48235
141 81 48758
141 82 23472
141 83 16183
141 84 9609
141 85 -3727
141 86 -8903
141 87 10421
141 88 34896
141 89 20457
141 90 51138
141 91 3607
141 92 12160
141 93 4223
141 94 13741
141 95 11578
141 96 12890
141 97 11390
141 98 5948
141 99 11132
141 100 2418
141 101 41000
141 102 41846
141 103 54250
141 104 11334
141 105 28628
141 106 26966
141 107 39502
141 108 41185
141 109 41144
141 110 38582
141 111 35853
141 112 21081
141 113 -2070
141 114 17531
141 115 22665
141 116 45285
141 117 16140
141 118 7133
141 119 110
141 120 50621
141 121 51250
141 122 46711
141 123 33279
141 124 29406
141 125 11014
141 126 48863
141 127 33871
141 128 51620
141 129 54256
141 130 42479
141 131 49859
141 132 36963
141 133 30016
141 134 45264
141 135 60449
141 136 69467
141 137 19828
141 138 36349
141 139 44174
141 140 0
141 142 7577
141 143 37183
141 144 14453
141 145 22472
141 146 29623
141 147 16344
141 148 35193
141 149 34343
141 150 47236
141 151 8728
141 152 21975
141 153 26503
141 154 33153
141 155 38412
141 156 25979
141 157 47613
141 158 48149
141 159 34604
141 160 48203
141 161 51267
141 162 36796
141 163 49485
141 164 53403
141 165 48697
141 166 17460
141 167 30814
141 168 32149
141 169 52723
141 170 45490
141 171 24829
141 172 10927
141 173 6472
141 174 16985
141 175 42340
141 176 36221
141 177 42911
141 178 17675
141 179 37324
141 180 28801
141 181 44395
141 182 28340
141 183 15120
141 184 41331
141 185 50939
141 186 39614
141 187 43947
141 188 51525
141 189 42847
141 190 31611
141 191 -4283
141 192 -246
141 193 353
141 194 27734
141 195 35794
141 196 42379
141 197 33297
141 198 31258
141 199 18398
141 200 30956
142 1 40350
142 2 14308
142 3 44499
142 4 28898
142 5 13179
142 6 19761
142 7 37491
142 8 30974
142 9 51933
142 10 46227
142 11 46327
142 12 33061
142 13 11787
142 14 -2979
142 15 -552
142 16 6310
142 17 18821
142 18 25708
142 19 41958
142 20 54978
142 21 22788
142 22 19333
142 23 17298
142 24 44516
142 25 38753
142 26 26888
142 27 30261
142 28 30996
142 29 46483
142 30 45904
142 31 35725
142 32 51251
142 33 48304
142 34 53010
142 35 61619
142 36 42996
142 37 6823
142 38 4668
142 39 24461
142 40 21651
142 41 13885
142 42 -1416
142 43 -3699
142 44 3958
142 45 23380
142 46 32012
142 47 38104
142 48 29960
142 49 48169
142 50 41246
142 51 49989
142 52 31089
142 53 23938
142 54 33286
142 55 41104
142 56 28085
142 57 5629
142 58 18382
142 59 7164
142 60 22462
142 61 10437
142 62 41543
142 63 54174
142 64 45046
142 65 58044
142 66 50431
142 67 25540
142 68 35372
142 69 38481
142 70 46407
142 71 58300
142 72 18627
142 73 20609
142 74 21780
142 75 20078
142 76 38590
142 77 41882
142 78 54174
142 79 43919
142 80 42279
142 81 46106
142 82 30541
142 83 23680
142 84 18832
142 85 1463
142 86 3802
142 87 3023
142 88 38709
142 89 21869
142 90 54778
142 91 9039
142 92 11202
142 93 7911
142 94 12593
142 95 9585
142 96 14299
142 97 7571
142 98 7279
142 99 13709
142 100 2900
142 101 41740
142 102 39408
142 103 53484
142 104 13911
142 105 23518
142 106 32013
142 107 46123
142 108 44479
142 109 34801
142 110 29340
142 111 33296
142 112 19440
142 113 10428
142 114 25693
142 115 12801
142 116 40752
142 117 12430
142 118 13014
142 119 3654
142 120 48251
142 121 45563
142 122 46964
142 123 40097
142 124 38315
142 125 21106
142 126 53414
142 127 36030
142 128 52810
142 129 50154
142 130 34167
142 131 52398
142 132 36464
142 133 18342
142 134 37954
142 135 58030
142 136 67639
142 137 13546
142 138 31647
142 139 33461
142 140 4409
142 141 4370
142 143 46239
142 144 4649
142 145 10639
142 146 29526
142 147 17492
142 148 39517
142 149 27233
142 150 41280
142 151 7770
142 152 16393
142 153 31420
142 154 28451
142 155 28752
142 156 24211
142 157 45163
142 158 43944
142 159 38914
142 160 49884
142 161 50133
142 162 37918
142 163 42479
142 164 50168
142 165 39552
142 166 21506
142 167 31402
142 168 40675
142 169 48086
142 170 34587
142 171 13790
142 172 266
142 173 16018
142 174 26659
142 175 48970
142 176 34954
142 177 36424
142 178 7887
142 179 29257
142 180 21799
142 181 48522
142 182 33405
142 183 14767
142 184 36915
142 185 47634
142 186 28061
142 187 33226
142 188 51866
142 189 46227
142 190 34023
142 191 5119
142 192 1134
142 193 4324
142 194 32840
142 195 28963
142 196 38221
142 197 22675
142 198 22203
142 199 26714
142 200 28803
143 1 35521
143 2 54414
143 3 49192
143 4 60061
143 5 27738
143 6 38811
143 7 17997
143 8 17776
143 9 41628
143 10 20741
143 11 6351
143 12 48308
143 13 40619
143 14 45939
143 15 53230
143 16 35727
143 17 27209
143 18 23993
143 19 2369
143 20 34982
143 21 56252
143 22 62534
143 23 60269
143 24 60551
143 25 68035
143 26 48145
143 27 35574
143 28 42395
143 29 55851
143 30 27644
143 31 21187
143 32 21027
143 33 44979
143 34 50745
143 35 50425
143 36 -5492
143 37 43260
143 38 46905
143 39 61100
143 40 49846
143 41 60628
143 42 50340
143 43 52621
143 44 43547
143 45 17634
143 46 5806
143 47 -1154
143 48 1627
143 49 -7616
143 50 41334
143 51 38826
143 52 27962
143 53 43504
143 54 55262
143 55 68166
143 56 66790
143 57 53041
143 58 45491
143 59 36245
143 60 30442
143 61 34402
143 62 13374
143 63 17431
143 64 -5821
143 65 37959
143 66 26400
143 67 64855
143 68 46717
143 69 34405
143 70 30689
143 71 42190
143 72 55725
143 73 57641
143 74 62038
143 75 60944
143 76 45262
143 77 48308
143 78 53445
143 79 45980
143 80 55781
143 81 41490
143 82 12781
143 83 24247
143 84 29114
143 85 31880
143 86 31025
143 87 43823
143 88 20599
143 89 32179
143 90 23080
143 91 44320
143 92 44470
143 93 35652
143 94 37417
143 95 39746
143 96 37989
143 97 43290
143 98 41321
143 99 38531
143 100 42158
143 101 30972
143 102 37885
143 103 38218
143 104 38733
143 105 44727
143 106 18358
143 107 5014
143 108 17603
143 109 52503
143 110 60355
143 111 39419
143 112 36505
143 113 27496
143 114 15538
143 115 53786
143 116 49237
143 117 44642
143 118 22911
143 119 46734
143 120 40596
143 121 54651
143 122 33142
143 123 5870
143 124 6718
143 125 15878
143 126 17465
143 127 26661
143 128 29830
143 129 52478
143 130 58085
143 131 23655
143 132 34242
143 133 61143
143 134 55821
143 135 48032
143 136 53432
143 137 47197
143 138 46398
143 139 68051
143 140 45917
143 141 38597
143 142 50860
143 144 49362
143 145 56451
143 146 35307
143 147 32867
143 148 16272
143 149 50863
143 150 54782
143 151 41038
143 152 43502
143 153 21259
143 154 43202
143 155 59915
143 156 38415
143 157 42884
143 158 48637
143 159 11247
143 160 25806
143 161 35482
143 162 27290
143 163 58411
143 164 45226
143 165 65863
143 166 27755
143 167 29755
143 168 2080
143 169 51387
143 170 68283
143 171 54798
143 172 49589
143 173 31924
143 174 11907
143 175 6822
143 176 34020
143 177 53117
143 178 49259
143 179 54811
143 180 48336
143 181 10405
143 182 10641
143 183 35937
143 184 46190
143 185 47059
143 186 67979
143 187 67568
143 188 32173
143 189 20741
143 190 21676
143 191 41235
143 192 44913
143 193 40353
143 194 17467
143 195 50135
143 196 45348
143 197 59775
143 198 53859
143 199 24229
143 200 41875
144 1 32256
144 2 4041
144 3 34755
144 4 18953
144 5 13511
144 6 15176
144 7 33880
144 8 30598
144 9 42946
144 10 40423
144 11 42308
144 12 23057
144 13 4294
144 14 6832
144 15 -848
144 16 12060
144 17 22364
144 18 22617
144 19 39033
144 20 47172
144 21 12599
144 22 11144
144 23 9858
144 24 34221
144 25 28986
144 26 16860
144 27 22650
144 28 21992
144 29 36300
144 30 38514
144 31 29565
144 32 44844
144 33 39068
144 34 43225
144 35 52324
144 36 42508
144 37 7953
144 38 14831
144 39 15560
144 40 11586
144 41 7094
144 42 1686
144 43 2913
144 44 12214
144 45 24857
144 46 32805
144 47 36832
144 48 27924
144 49 46442
144 50 32259
144 51 41430
144 52 25708
144 53 15001
144 54 22994
144 55 31094
144 56 19218
144 57 -1945
144 58 8980
144 59 5892
144 60 21153
144 61 13919
144 62 36866
144 63 48953
144 64 41567
144 65 49266
144 66 42522
144 67 17597
144 68 25303
144 69 30927
144 70 39297
144 71 49517
144 72 8973
144 73 10709
144 74 12726
144 75 11476
144 76 29084
144 77 32150
144 78 44444
144 79 34212
144 80 32134
144 81 36825
144 82 28399
144 83 22990
144 84 20412
144 85 4115
144 86 11187
144 87 -4001
144 88 33628
144 89 16770
144 90 48917
144 91 13746
144 92 9790
144 93 8593
144 94 7522
144 95 5321
144 96 11692
144 97 3676
144 98 8629
144 99 12544
144 100 6725
144 101 34452
144 102 30347
144 103 44930
144 104 12746
144 105 13960
144 106 28255
144 107 42701
144 108 38537
144 109 24625
144 110 19227
144 111 24489
144 112 12303
144 113 15422
144 114 24901
144 115 2729
144 116 30970
144 117 6656
144 118 11873
144 119 12227
144 120 39025
144 121 35422
144 122 39167
144 123 37104
144 124 37395
144 125 22328
144 126 48189
144 127 29979
144 128 45312
144 129 40394
144 130 23911
144 131 45719
144 132 28668
144 133 10105
144 134 27660
144 135 48712
144 136 58502
144 137 4547
144 138 21992
144 139 24133
144 140 14488
144 141 11432
144 142 4835
144 143 44927
144 145 2935
144 146 22593
144 147 12851
144 148 34651
144 149 16987
144 150 31135
144 151 6358
144 152 6991
144 153 27741
144 154 18796
144 155 18807
144 156 16613
144 157 36068
144 158 34200
144 159 33841
144 160 42720
144 161 41374
144 162 30940
144 163 32194
144 164 40600
144 165 29470
144 166 18353
144 167 24501
144 168 39201
144 169 38151
144 170 25424
144 171 4737
144 172 -1093
144 173 18449
144 174 27047
144 175 45517
144 176 26665
144 177 26208
144 178 -2246
144 179 18968
144 180 11625
144 181 42777
144 182 29226
144 183 9680
144 184 27206
144 185 38148
144 186 19576
144 187 23907
144 188 43884
144 189 40423
144 190 28023
144 191 11828
144 192 8956
144 193 8588
144 194 29045
144 195 18735
144 196 28563
144 197 13247
144 198 12022
144 199 26509
144 200 20766
145 1 35572
145 2 6718
145 3 34188
145 4 12326
145 5 23539
145 6 23778
145 7 41762
145 8 40121
145 9 43966
145 10 46227
145 11 49507
145 12 22086
145 13 11787
145 14 15021
145 15 -552
145 16 22120
145 17 32655
145 18 31202
145 19 47061
145 20 50296
145 21 8450
145 22 1333
145 23 -305
145 24 29979
145 25 21488
145 26 16528
145 27 27420
145 28 24469
145 29 33491
145 30 42426
145 31 35306
145 32 49748
145 33 39774
145 34 42045
145 35 52424
145 36 51709
145 37 18244
145 38 22271
145 39 6505
145 40 12477
145 41 -3085
145 42 10111
145 43 6485
145 44 21472
145 45 34893
145 46 42565
145 47 45773
145 48 36601
145 49 54992
145 50 33879
145 51 43450
145 52 32662
145 53 18632
145 54 18753
145 55 24433
145 56 10165
145 57 1729
145 58 12729
145 59 15968
145 60 30689
145 61 24208
145 62 43738
145 63 55078
145 64 48947
145 65 50333
145 66 45278
145 67 7712
145 68 23534
145 69 35224
145 70 43747
145 71 50765
145 72 1944
145 73 5169
145 74 4217
145 75 2110
145 76 29595
145 77 31762
145 78 43587
145 79 33622
145 80 29981
145 81 37319
145 82 37160
145 83 32584
145 84 30573
145 85 14405
145 86 20917
145 87 5994
145 88 40378
145 89 24552
145 90 54466
145 91 23854
145 92 19969
145 93 18832
145 94 16274
145 95 14824
145 96 21312
145 97 13670
145 98 18924
145 99 22517
145 100 16828
145 101 38844
145 102 31660
145 103 46761
145 104 22719
145 105 15957
145 106 36159
145 107 50357
145 108 44138
145 109 22620
145 110 13666
145 111 26998
145 112 18683
145 113 25658
145 114 34320
145 115 3354
145 116 30526
145 117 15804
145 118 21497
145 119 21283
145 120 39515
145 121 32961
145 122 42582
145 123 45158
145 124 46551
145 125 32322
145 126 54332
145 127 36030
145 128 48852
145 129 39601
145 130 18943
145 131 50301
145 132 32666
145 133 342
145 134 23641
145 135 48798
145 136 58912
145 137 11159
145 138 22702
145 139 15749
145 140 22151
145 141 21165
145 142 12539
145 143 53730
145 144 4649
145 146 28343
145 147 21208
145 148 41467
145 149 14908
145 150 28982
145 151 16537
145 152 10740
145 153 35777
145 154 19506
145 155 12180
145 156 22117
145 157 37242
145 158 33633
145 159 40355
145 160 46758
145 161 42752
145 162 35789
145 163 28429
145 164 40124
145 165 23154
145 166 27129
145 167 29871
145 168 48054
145 169 36602
145 170 16705
145 171 -3574
145 172 7777
145 173 28714
145 174 36779
145 175 53132
145 176 29827
145 177 23651
145 178 -134
145 179 14987
145 180 11088
145 181 48252
145 182 36632
145 183 18142
145 184 27143
145 185 38217
145 186 10061
145 187 15494
145 188 46694
145 189 46227
145 190 34023
145 191 21610
145 192 18254
145 193 18726
145 194 36888
145 195 16560
145 196 28534
145 197 5330
145 198 7261
145 199 36200
145 200 25468
146 1 9975
146 2 20860
146 3 19474
146 4 23291
146 5 11533
146 6 10767
146 7 13758
146 8 18550
146 9 22613
146 10 16518
146 11 19954
146 12 13212
146 13 8436
146 14 24636
146 15 23211
146 16 20513
146 17 21669
146 18 7733
146 19 18618
146 20 24039
146 21 19810
146 22 27113
146 23 23981
146 24 27152
146 25 31710
146 26 11458
146 27 317
146 28 6615
146 29 25023
146 30 14888
146 31 5589
146 32 20763
146 33 20200
146 34 26748
146 35 32876
146 36 26128
146 37 19245
146 38 31322
146 39 24307
146 40 13569
146 41 26198
146 42 23138
146 43 26129
146 44 25838
146 45 17634
146 46 20848
146 47 19713
146 48 10227
146 49 27210
146 50 13024
146 51 19914
146 52 3951
146 53 6971
146 54 19506
146 55 32024
146 56 30228
146 57 21449
146 58 10051
146 59 11765
146 60 13942
146 61 18794
146 62 14065
146 63 25284
146 64 19407
146 65 27910
146 66 19502
146 67 28064
146 68 13919
146 69 7604
146 70 15424
146 71 28324
146 72 19403
146 73 21627
146 74 26131
146 75 24817
146 76 13332
146 77 17293
146 78 27954
146 79 18145
146 80 22158
146 81 17959
146 82 11846
146 83 13898
146 84 18045
146 85 11808
146 86 20014
146 87 13771
146 88 10730
146 89 3585
146 90 24925
146 91 24471
146 92 18883
146 93 14111
146 94 8289
146 95 11578
146 96 12890
146 97 15179
146 98 18303
146 99 15370
146 100 19595
146 101 10724
146 102 11121
146 103 23234
146 104 15572
146 105 7974
146 106 8614
146 107 21274
146 108 14548
146 109 17081
146 110 23560
146 111 6051
146 112 2345
146 113 18910
146 114 12675
146 115 19991
146 116 17011
146 117 14875
146 118 5824
146 119 27312
146 120 19652
146 121 23703
146 122 16077
146 123 16915
146 124 21644
146 125 14821
146 126 24532
146 127 6199
146 128 21795
146 129 24630
146 130 22084
146 131 21681
146 132 5872
146 133 25544
146 134 21427
146 135 29442
146 136 38356
146 137 14267
146 138 10593
146 139 31258
146 140 30555
146 141 22445
146 142 25555
146 143 26715
146 144 18436
146 145 22472
146 147 5030
146 148 11804
146 149 14199
146 150 21159
146 151 15451
146 152 8062
146 153 8950
146 154 7397
146 155 23145
146 156 2477
146 157 16852
146 158 18919
146 159 10541
146 160 18909
146 161 20185
146 162 6963
146 163 24723
146 164 22784
146 165 29769
146 166 6908
146 167 445
146 168 21737
146 169 23505
146 170 31612
146 171 19231
146 172 21118
146 173 19134
146 174 16130
146 175 23977
146 176 5173
146 177 18344
146 178 15850
146 179 18225
146 180 11625
146 181 18783
146 182 7598
146 183 6782
146 184 13218
146 185 20631
146 186 31462
146 187 30785
146 188 21012
146 189 16518
146 190 4203
146 191 23449
146 192 24155
146 193 19640
146 194 9053
146 195 13860
146 196 13593
146 197 23247
146 198 17131
146 199 17328
146 200 5150
147 1 19866
147 2 16684
147 3 28400
147 4 25769
147 5 2496
147 6 1365
147 7 16161
147 8 14790
147 9 32505
147 10 23866
147 11 24695
147 12 19952
147 13 2896
147 14 15187
147 15 16611
147 16 10653
147 17 13309
147 18 5125
147 19 21331
147 20 33558
147 21 20112
147 22 25065
147 23 23293
147 24 34022
147 25 35392
147 26 15747
147 27 9961
147 28 14158
147 29 33145
147 30 24181
147 31 13432
147 32 28941
147 33 29911
147 34 36215
147 35 42745
147 36 25743
147 37 9773
147 38 21506
147 39 25721
147 40 13997
147 41 22904
147 42 15003
147 43 18090
147 44 15992
147 45 11540
147 46 17545
147 47 19713
147 48 10529
147 49 28967
147 50 22651
147 51 29803
147 52 8728
147 53 9579
147 54 24720
147 55 36189
147 56 30432
147 57 15639
147 58 8980
147 59 2108
147 60 6377
147 61 9058
147 62 19468
147 63 31924
147 64 23876
147 65 37753
147 66 28997
147 67 29199
147 68 21699
147 69 17379
147 70 24537
147 71 38202
147 72 19147
147 73 20774
147 74 24921
147 75 23950
147 76 22069
147 77 25998
147 78 37357
147 79 27351
147 80 29476
147 81 27702
147 82 11086
147 83 7870
147 84 9609
147 85 1917
147 86 10253
147 87 6711
147 88 16437
147 89 -464
147 90 32418
147 91 14623
147 92 9600
147 93 4223
147 94 -28
147 95 3025
147 96 3101
147 97 6866
147 98 8629
147 99 5488
147 100 10008
147 101 20120
147 102 20809
147 103 33087
147 104 5690
147 105 11065
147 106 10537
147 107 24988
147 108 22120
147 109 23219
147 110 25618
147 111 15088
147 112 1274
147 113 9686
147 114 8852
147 115 16062
147 116 25371
147 117 7332
147 118 -2269
147 119 17582
147 120 29482
147 121 31881
147 122 25718
147 123 19403
147 124 20598
147 125 8775
147 126 31160
147 127 13742
147 128 31069
147 129 33790
147 130 26825
147 131 30164
147 132 15757
147 133 23756
147 134 27827
147 135 39293
147 136 48255
147 137 9474
147 138 17216
147 139 33146
147 140 20719
147 141 12545
147 142 16900
147 143 27654
147 144 12073
147 145 18716
147 146 8409
147 148 17340
147 149 18128
147 150 28477
147 151 6168
147 152 6991
147 153 10021
147 154 14020
147 155 25623
147 156 5624
147 157 26563
147 158 27845
147 159 16679
147 160 27911
147 161 30070
147 162 16065
147 163 31579
147 164 32452
147 165 34083
147 166 1163
147 167 9768
147 168 21980
147 169 32495
147 170 34187
147 171 17465
147 172 13461
147 173 9987
147 174 11907
147 175 27807
147 176 15031
147 177 24874
147 178 11523
147 179 22030
147 180 13570
147 181 26176
147 182 11606
147 183 -1718
147 184 21439
147 185 30122
147 186 31462
147 187 32817
147 188 30622
147 189 23866
147 190 11705
147 191 13566
147 192 14514
147 193 9839
147 194 11332
147 195 18815
147 196 22215
147 197 23479
147 198 18543
147 199 11621
147 200 10590
148 1 13609
148 2 37950
148 3 27327
148 4 39556
148 5 19224
148 6 24365
148 7 4550
148 8 15398
148 9 21882
148 10 2494
148 11 2498
148 12 26789
148 13 24708
148 14 37119
148 15 39401
148 16 29523
148 17 25225
148 18 11502
148 19 2779
148 20 17331
148 21 37099
148 22 44577
148 23 41242
148 24 38631
148 25 46782
148 26 27663
148 27 15183
148 28 21478
148 29 33993
148 30 8227
148 31 -741
148 32 7818
148 33 23662
148 34 30074
148 35 31710
148 36 13045
148 37 32128
148 38 41757
148 39 40854
148 40 30985
148 41 43594
148 42 37990
148 43 41059
148 44 36512
148 45 17110
148 46 13569
148 47 7331
148 48 -426
148 49 11283
148 50 19433
148 51 18606
148 52 9714
148 53 24370
148 54 33811
148 55 46817
148 56 47336
148 57 38015
148 58 27466
148 59 24421
148 60 20603
148 61 27409
148 62 -3389
148 63 9012
148 64 1944
148 65 22541
148 66 11489
148 67 44568
148 68 24805
148 69 12592
148 70 9746
148 71 24576
148 72 36721
148 73 39052
148 74 43558
148 75 42180
148 76 23364
148 77 26378
148 78 32299
148 79 24331
148 80 33922
148 81 20517
148 82 5864
148 83 16882
148 84 23358
148 85 22668
148 86 27558
148 87 29514
148 88 -426
148 89 16399
148 90 10323
148 91 35585
148 92 32296
148 93 25373
148 94 22891
148 95 26025
148 96 25430
148 97 29866
148 98 30624
148 99 27106
148 100 32012
148 101 9165
148 102 16137
148 103 19678
148 104 27308
148 105 25087
148 106 3957
148 107 4286
148 108 746
148 109 31028
148 110 40189
148 111 17876
148 112 19044
148 113 24552
148 114 10836
148 115 37168
148 116 27325
148 117 30174
148 118 13078
148 119 38791
148 120 20391
148 121 32770
148 122 12603
148 123 2052
148 124 11612
148 125 14560
148 126 8257
148 127 5581
148 128 13345
148 129 30850
148 130 36726
148 131 9706
148 132 12463
148 133 43001
148 134 34003
148 135 28878
148 136 35714
148 137 31001
148 138 25276
148 139 47631
148 140 40841
148 141 32185
148 142 39716
148 143 11850
148 144 34664
148 145 39766
148 146 15974
148 147 18131
148 149 30251
148 150 32923
148 151 28864
148 152 25477
148 153 7190
148 154 22080
148 155 39410
148 156 19850
148 157 21252
148 158 26772
148 159 -6217
148 160 9350
148 161 17095
148 162 5364
148 163 36517
148 164 24852
148 165 44498
148 166 14922
148 167 8947
148 168 9167
148 169 29840
148 170 47393
148 171 36693
148 172 36447
148 173 25841
148 174 12445
148 175 6864
148 176 12129
148 177 31427
148 178 32917
148 179 33994
148 180 28728
148 181 3609
148 182 -6001
148 183 21139
148 184 24345
148 185 25550
148 186 48596
148 187 47058
148 188 14722
148 189 2494
148 190 94
148 191 33879
148 192 36125
148 193 31136
148 194 2902
148 195 29090
148 196 23427
148 197 40417
148 198 34097
148 199 18704
148 200 22511
149 1 18657
149 2 15685
149 3 14089
149 4 4088
149 5 25359
149 6 22452
149 7 33088
149 8 37042
149 9 24225
149 10 32138
149 11 37718
149 12 2053
149 13 12542
149 14 28611
149 15 18358
149 16 30277
149 17 36255
149 18 26154
149 19 37566
149 20 32091
149 21 5332
149 22 13581
149 23 6974
149 24 12295
149 25 12419
149 26 -747
149 27 14847
149 28 8797
149 29 14143
149 30 25401
149 31 21962
149 32 33625
149 33 20017
149 34 21980
149 35 32341
149 36 45544
149 37 25893
149 38 36670
149 39 5410
149 40 5988
149 41 14512
149 42 23822
149 43 24376
149 44 32748
149 45 34789
149 46 39687
149 47 39128
149 48 29643
149 49 46261
149 50 15050
149 51 24436
149 52 23355
149 53 8939
149 54 1635
149 55 12949
149 56 12786
149 57 17076
149 58 8616
149 59 20459
149 60 29706
149 61 30016
149 62 31868
149 63 40935
149 64 36854
149 65 30456
149 66 26500
149 67 9102
149 68 3520
149 69 20124
149 70 27787
149 71 31036
149 72 3986
149 73 8272
149 74 11734
149 75 9089
149 76 10105
149 77 11726
149 78 23469
149 79 13506
149 80 10117
149 81 17426
149 82 31137
149 83 30958
149 84 32694
149 85 21021
149 86 30136
149 87 14754
149 88 28970
149 89 19461
149 90 39451
149 91 32427
149 92 25843
149 93 23858
149 94 16896
149 95 18370
149 96 23289
149 97 19908
149 98 25932
149 99 25749
149 100 25979
149 101 23197
149 102 12422
149 103 27440
149 104 25951
149 105 4178
149 106 28028
149 107 39727
149 108 29539
149 109 2603
149 110 5003
149 111 10171
149 112 12738
149 113 31601
149 114 31077
149 115 13617
149 116 10512
149 117 19699
149 118 21070
149 119 33189
149 120 19572
149 121 13352
149 122 25100
149 123 36018
149 124 40997
149 125 32003
149 126 40281
149 127 23886
149 128 31031
149 129 19477
149 130 3498
149 131 33717
149 132 17243
149 133 11453
149 134 5741
149 135 28719
149 136 38875
149 137 14355
149 138 4608
149 139 12162
149 140 36218
149 141 30892
149 142 26989
149 143 45998
149 144 16557
149 145 12764
149 146 17926
149 147 18476
149 148 29808
149 150 9118
149 151 22411
149 152 6627
149 153 28326
149 154 1412
149 155 3942
149 156 13533
149 157 17848
149 158 13534
149 159 27673
149 160 29582
149 161 23128
149 162 21014
149 163 10110
149 164 20000
149 165 10788
149 166 23666
149 167 17278
149 168 41146
149 169 16597
149 170 12214
149 171 6119
149 172 21062
149 173 32427
149 174 34470
149 175 42330
149 176 13084
149 177 4027
149 178 10347
149 179 -1157
149 180 -19
149 181 32691
149 182 26462
149 183 17143
149 184 7356
149 185 18223
149 186 14035
149 187 11599
149 188 28138
149 189 32138
149 190 21448
149 191 31360
149 192 29770
149 193 27270
149 194 28441
149 195 -3437
149 196 8676
149 197 6400
149 198 48
149 199 34666
149 200 14915
150 1 15730
150 2 27656
150 3 3766
150 4 10487
150 5 33891
150 6 31145
150 7 35754
150 8 42579
150 9 14490
150 10 30136
150 11 36925
150 12 1098
150 13 22930
150 14 40113
150 15 30383
150 16 40485
150 17 44687
150 18 31816
150 19 38610
150 20 25053
150 21 17036
150 22 24488
150 23 14948
150 24 3130
150 25 12866
150 26 8685
150 27 18368
150 28 12395
150 29 2317
150 30 20434
150 31 21706
150 32 28888
150 33 10799
150 34 10199
150 35 21278
150 36 48202
150 37 36585
150 38 48113
150 39 10728
150 40 17444
150 41 25778
150 42 35586
150 43 36402
150 44 43725
150 45 41625
150 46 44636
150 47 41926
150 48 32746
150 49 47091
150 50 9478
150 51 16555
150 52 27162
150 53 17462
150 54 642
150 55 12790
150 56 21202
150 57 29104
150 58 19275
150 59 30500
150 60 37246
150 61 39674
150 62 31724
150 63 38056
150 64 35058
150 65 19942
150 66 18163
150 67 13107
150 68 -8081
150 69 19641
150 70 24574
150 71 21052
150 72 14791
150 73 19891
150 74 22601
150 75 18986
150 76 4671
150 77 2623
150 78 11985
150 79 2619
150 80 -1925
150 81 7529
150 82 35260
150 83 37787
150 84 40971
150 85 31183
150 86 40376
150 87 26231
150 88 29953
150 89 26441
150 90 35958
150 91 42999
150 92 36322
150 93 33755
150 94 26496
150 95 28640
150 96 32710
150 97 30752
150 98 36410
150 99 35321
150 100 36841
150 101 21003
150 102 5290
150 103 18513
150 104 35523
150 105 13396
150 106 31414
150 107 39844
150 108 26881
150 109 1857
150 110 14150
150 111 10413
150 112 20769
150 113 40889
150 114 36734
150 115 25646
150 116 2568
150 117 30314
150 118 28874
150 119 44354
150 120 9275
150 121 1363
150 122 19899
150 123 37553
150 124 44638
150 125 38811
150 126 37554
150 127 25210
150 128 24408
150 129 8296
150 130 3646
150 131 28483
150 132 16777
150 133 22134
150 134 -1784
150 135 17706
150 136 27974
150 137 25569
150 138 8172
150 139 17337
150 140 47599
150 141 41492
150 142 38743
150 143 47624
150 144 28412
150 145 24545
150 146 22593
150 147 26532
150 148 30187
150 149 6825
150 151 32890
150 152 17286
150 153 32323
150 154 4976
150 155 10341
150 156 20573
150 157 10075
150 158 3211
150 159 26862
150 160 23870
150 161 13490
150 162 19833
150 163 783
150 164 8679
150 165 10546
150 166 30520
150 167 19388
150 168 43831
150 169 4714
150 170 14490
150 171 17428
150 172 32854
150 173 41318
150 174 40178
150 175 42256
150 176 11264
150 177 -2031
150 178 22353
150 179 6076
150 180 11625
150 181 28094
150 182 27970
150 183 26168
150 184 1898
150 185 8174
150 186 22135
150 187 16268
150 188 20489
150 189 30136
150 190 22092
150 191 42049
150 192 40934
150 193 37891
150 194 31528
150 195 2955
150 196 1429
150 197 16051
150 198 10937
150 199 41314
150 200 21245
151 1 29536
151 2 12584
151 3 35928
151 4 26519
151 5 2928
151 6 7909
151 7 25550
151 8 20376
151 9 41797
151 10 34256
151 11 34364
151 12 25644
151 13 2838
151 14 4913
151 15 7940
151 16 3610
151 17 11997
151 18 13802
151 19 30238
151 20 43735
151 21 19875
151 22 21275
151 23 20053
151 24 38832
151 25 36677
151 26 19999
151 27 19359
151 28 21602
151 29 39402
151 30 34464
151 31 23872
151 32 39378
151 33 38641
151 34 44277
151 35 51830
151 36 32450
151 37 -399
151 38 11947
151 39 24704
151 40 15692
151 41 17672
151 42 5176
151 43 8047
151 44 6789
151 45 14242
151 46 22329
151 47 27072
151 48 18526
151 49 36964
151 50 31379
151 51 39419
151 52 19135
151 53 15030
151 54 28273
151 55 38150
151 56 28596
151 57 8591
151 58 11010
151 59 -4600
151 60 11131
151 61 3992
151 62 29505
151 63 42135
151 64 33222
151 65 47502
151 66 39195
151 67 27373
151 68 27932
151 69 27325
151 70 34866
151 71 47837
151 72 17654
151 73 19128
151 74 22233
151 75 21215
151 76 29670
151 77 33358
151 78 45378
151 79 35174
151 80 35237
151 81 36467
151 82 19020
151 83 12787
151 84 9786
151 85 -5537
151 86 3453
151 87 -396
151 88 26677
151 89 9975
151 90 42798
151 91 5838
151 92 -840
151 93 -1935
151 94 1276
151 95 -1369
151 96 2270
151 97 -972
151 98 -739
151 99 2150
151 100 13
151 101 30337
151 102 29582
151 103 42832
151 104 2352
151 105 15630
151 106 20033
151 107 34276
151 108 32526
151 109 28153
151 110 26404
151 111 23439
151 112 8728
151 113 5759
151 114 14812
151 115 11878
151 116 32422
151 117 3211
151 118 1752
151 119 7838
151 120 38461
151 121 38274
151 122 35797
151 123 28343
151 124 27455
151 125 11733
151 126 41375
151 127 24182
151 128 41371
151 129 41523
151 130 29794
151 131 40603
151 132 25496
151 133 20175
151 134 32335
151 135 48303
151 136 57587
151 137 7267
151 138 23412
151 139 32789
151 140 11262
151 141 4332
151 142 6581
151 143 35228
151 144 4983
151 145 13448
151 146 18233
151 147 5571
151 148 27476
151 149 21466
151 150 34238
151 152 9021
151 153 19442
151 154 20216
151 155 26373
151 156 13657
151 157 35355
151 158 35373
151 159 26876
151 160 38288
151 161 39675
151 162 26374
151 163 36517
151 164 40949
151 165 36278
151 166 9542
151 167 19943
151 168 29537
151 169 39891
151 170 34131
151 171 14365
151 172 4284
151 173 7957
151 174 16619
151 175 37119
151 176 24381
151 177 29921
151 178 6973
151 179 24636
151 180 15974
151 181 36514
151 182 21393
151 183 3182
151 184 28477
151 185 38414
151 186 29237
151 187 32546
151 188 40731
151 189 34256
151 190 22143
151 191 4897
151 192 4553
151 193 736
151 194 20859
151 195 22855
151 196 29586
151 197 22109
151 198 19067
151 199 16171
151 200 18535
152 1 20058
152 2 7711
152 3 22574
152 4 13383
152 5 13676
152 6 11070
152 7 26323
152 8 27253
152 9 30417
152 10 29948
152 11 33472
152 12 11416
152 13 377
152 14 17422
152 15 10992
152 16 18127
152 17 24466
152 18 16951
152 19 31561
152 20 34995
152 21 7605
152 22 13691
152 23 11252
152 24 24274
152 25 23245
152 26 5496
152 27 11191
152 28 9478
152 29 25132
152 30 26650
152 31 19027
152 32 33625
152 33 26566
152 34 31086
152 35 39850
152 36 37591
152 37 13861
152 38 25348
152 39 13195
152 40 1567
152 41 12597
152 42 13417
152 43 15441
152 44 20919
152 45 23926
152 46 30024
152 47 31339
152 48 21918
152 49 39875
152 50 19731
152 51 28959
152 52 16783
152 53 2636
152 54 13793
152 55 24304
152 56 18046
152 57 9009
152 58 -3550
152 59 8297
152 60 18747
152 61 17877
152 62 27625
152 63 38802
152 64 32932
152 65 36740
152 66 30254
152 67 16712
152 68 13773
152 69 19194
152 70 27721
152 71 36993
152 72 6810
152 73 8609
152 74 13002
152 75 11909
152 76 16685
152 77 19957
152 78 32243
152 79 21988
152 80 20900
152 81 24338
152 82 22756
152 83 20384
152 84 21068
152 85 8859
152 86 17999
152 87 3707
152 88 24269
152 89 9828
152 90 38211
152 91 20358
152 92 13720
152 93 11704
152 94 4923
152 95 6205
152 96 11306
152 97 7949
152 98 13819
152 99 13678
152 100 14054
152 101 22815
152 102 17818
152 103 32449
152 104 13880
152 105 1589
152 106 20820
152 107 34565
152 108 27872
152 109 13664
152 110 13198
152 111 12008
152 112 3084
152 113 19512
152 114 21295
152 115 6646
152 116 18843
152 117 7599
152 118 9917
152 119 21530
152 120 26526
152 121 24082
152 122 27061
152 123 29724
152 124 32559
152 125 21186
152 126 38057
152 127 19783
152 128 33305
152 129 28229
152 130 15471
152 131 34279
152 132 16752
152 133 12210
152 134 17775
152 135 36245
152 136 45991
152 137 2924
152 138 9720
152 139 20628
152 140 24809
152 141 18846
152 142 16471
152 143 38959
152 144 6883
152 145 8918
152 146 12111
152 147 7661
152 148 25356
152 149 6949
152 150 19901
152 151 10288
152 153 20627
152 154 6524
152 155 13237
152 156 5922
152 157 23542
152 158 22019
152 159 24142
152 160 30949
152 161 28854
152 162 19614
152 163 21972
152 164 28258
152 165 22305
152 166 13534
152 167 13594
152 168 33497
152 169 26243
152 170 21721
152 171 5859
152 172 10836
152 173 20507
152 174 24427
152 175 37307
152 176 14387
152 177 15423
152 178 2705
152 179 10371
152 180 1596
152 181 32018
152 182 20807
152 183 5560
152 184 14989
152 185 25746
152 186 19144
152 187 20308
152 188 31610
152 189 29948
152 190 17762
152 191 19349
152 192 18110
152 193 15218
152 194 21467
152 195 8295
152 196 16290
152 197 11051
152 198 6048
152 199 24136
152 200 9205
153 1 16917
153 2 29961
153 3 29704
153 4 35660
153 5 8453
153 6 14889
153 7 2578
153 8 7369
153 9 28630
153 10 12916
153 11 11343
153 12 25449
153 13 16226
153 14 26532
153 15 30152
153 16 18757
153 17 15141
153 18 790
153 19 7754
153 20 26211
153 21 31443
153 22 37771
153 23 35430
153 24 39032
153 25 44237
153 26 23949
153 27 12021
153 28 18936
153 29 35988
153 30 16623
153 31 4758
153 32 18398
153 33 28259
153 34 35196
153 35 38935
153 36 13715
153 37 21793
153 38 30986
153 39 36498
153 40 25030
153 41 36089
153 42 28114
153 43 31069
153 44 25761
153 45 8168
153 46 8762
153 47 7331
153 48 -2165
153 49 15720
153 50 22101
153 51 25290
153 52 3873
153 53 18797
153 54 31975
153 55 44551
153 56 41990
153 57 29234
153 58 20657
153 59 14164
153 60 9836
153 61 16641
153 62 6791
153 63 19609
153 64 10336
153 65 31505
153 66 21087
153 67 40228
153 68 25430
153 69 14295
153 70 17120
153 71 32756
153 72 30893
153 73 32802
153 74 37209
153 75 36105
153 76 24229
153 77 27977
153 78 36782
153 79 27699
153 80 33978
153 81 25671
153 82 -617
153 83 6417
153 84 12778
153 85 12000
153 86 16920
153 87 20286
153 88 5014
153 89 7554
153 90 21073
153 91 24905
153 92 22182
153 93 14806
153 94 13555
153 95 16403
153 96 15298
153 97 20197
153 98 20182
153 99 16704
153 100 21522
153 101 14260
153 102 19682
153 103 27577
153 104 16906
153 105 20139
153 106 -2987
153 107 11411
153 108 11249
153 109 29442
153 110 35806
153 111 17231
153 112 11675
153 113 14108
153 114 1938
153 115 29296
153 116 28168
153 117 20916
153 118 2318
153 119 28095
153 120 26526
153 121 34663
153 122 19673
153 123 5832
153 124 9114
153 125 5453
153 126 18874
153 127 6466
153 128 22825
153 129 34237
153 130 34594
153 131 20111
153 132 13681
153 133 36354
153 134 33574
153 135 35800
153 136 43591
153 137 22762
153 138 22992
153 139 43548
153 140 30071
153 141 21415
153 142 29539
153 143 14757
153 144 25674
153 145 31996
153 146 11040
153 147 8732
153 148 5110
153 149 26689
153 150 32979
153 151 18750
153 152 18668
153 154 19796
153 155 35514
153 156 13657
153 157 25185
153 158 29149
153 159 4526
153 160 19069
153 161 24918
153 162 9826
153 163 36660
153 164 30518
153 165 42293
153 166 4506
153 167 7388
153 168 9415
153 169 33294
153 170 44054
153 171 30003
153 172 26823
153 173 15150
153 174 4954
153 175 14238
153 176 13796
153 177 30542
153 178 24857
153 179 30730
153 180 23665
153 181 14342
153 182 -1545
153 183 11883
153 184 24618
153 185 29502
153 186 43165
153 187 43111
153 188 23547
153 189 12916
153 190 3319
153 191 23128
153 192 25498
153 193 20504
153 194 -2160
153 195 26385
153 196 24508
153 197 34972
153 198 29173
153 199 8705
153 200 17355
154 1 11081
154 2 19247
154 3 9846
154 4 11486
154 5 22712
154 6 19981
154 7 26634
154 8 32092
154 9 18394
154 10 24578
154 11 30369
154 12 -227
154 13 12322
154 14 30072
154 15 22693
154 16 29523
154 17 33520
154 18 21186
154 19 30650
154 20 24970
154 21 11788
154 22 20333
154 23 14555
154 24 13910
154 25 18631
154 26 647
154 27 8335
154 28 1867
154 29 13131
154 30 17911
154 31 14574
154 32 26053
154 33 14290
154 34 18358
154 35 27402
154 36 39247
154 37 25928
154 38 37905
154 39 12869
154 40 8624
154 41 20832
154 42 26123
154 43 27854
154 44 33150
154 45 30730
154 46 34449
154 47 32846
154 48 23440
154 49 39349
154 50 8190
154 51 17764
154 52 17246
154 53 6481
154 54 5996
154 55 18771
154 56 20375
154 57 20869
154 58 9178
154 59 19565
154 60 26149
154 61 28579
154 62 24594
154 63 33341
154 64 29392
154 65 24805
154 66 19699
154 67 16471
154 68 1624
154 69 12592
154 70 20176
154 71 25150
154 72 11049
154 73 14595
154 74 18624
154 75 16391
154 76 4131
154 77 7229
154 78 19519
154 79 9266
154 80 9255
154 81 11971
154 82 25369
154 83 26851
154 84 29807
154 85 20243
154 86 29399
154 87 16435
154 88 21907
154 89 15374
154 90 31835
154 91 32222
154 92 25580
154 93 22748
154 94 15489
154 95 17850
154 96 21622
154 97 20279
154 98 25629
154 99 24249
154 100 26262
154 101 15584
154 102 5958
154 103 21051
154 104 24451
154 105 3003
154 106 21846
154 107 32570
154 108 21940
154 109 3480
154 110 12619
154 111 2561
154 112 9592
154 113 29727
154 114 26185
154 115 17670
154 116 6131
154 117 19745
154 118 17740
154 119 33943
154 120 14193
154 121 11938
154 122 17690
154 123 29233
154 124 35068
154 125 27919
154 126 32694
154 127 16828
154 128 23774
154 129 15501
154 130 8712
154 131 26195
154 132 9690
154 133 18362
154 134 7938
154 135 23780
154 136 33688
154 137 15652
154 138 -3008
154 139 19546
154 140 37323
154 141 30689
154 142 29194
154 143 39324
154 144 19353
154 145 18349
154 146 12111
154 147 15355
154 148 22624
154 149 2399
154 150 8256
154 151 22148
154 152 7189
154 153 22420
154 155 11340
154 156 9420
154 157 11568
154 158 9291
154 159 20270
154 160 22150
154 161 17095
154 162 13462
154 163 11458
154 164 15601
154 165 16476
154 166 19527
154 167 10346
154 168 34813
154 169 13585
154 170 19108
154 171 12618
154 172 23504
154 173 30140
154 174 29645
154 175 35133
154 176 5476
154 177 4857
154 178 14126
154 179 5773
154 180 3816
154 181 25093
154 182 19599
154 183 15045
154 184 2261
154 185 13164
154 186 21632
154 187 18907
154 188 21189
154 189 24578
154 190 14236
154 191 31307
154 192 30543
154 193 27149
154 194 22135
154 195 806
154 196 3578
154 197 13863
154 198 7366
154 199 30439
154 200 10150
155 1 28723
155 2 18880
155 3 20704
155 4 -6542
155 5 33529
155 6 30988
155 7 43577
155 8 46726
155 9 31468
155 10 42593
155 11 48327
155 12 10584
155 13 19789
155 14 32252
155 15 18307
155 16 36444
155 17 44199
155 18 36002
155 19 48168
155 20 41068
155 21 6788
155 22 9475
155 23 -2068
155 24 11938
155 25 3631
155 26 9789
155 27 25439
155 28 19418
155 29 16653
155 30 35136
155 31 32551
155 32 43537
155 33 27564
155 34 26475
155 35 38122
155 36 55908
155 37 31773
155 38 40107
155 39 -5156
155 40 13255
155 41 11057
155 42 26994
155 43 25256
155 44 37595
155 45 43817
155 46 49469
155 47 49505
155 48 40007
155 49 56854
155 50 24184
155 51 32890
155 52 33783
155 53 18632
155 54 1800
155 55 5682
155 56 4269
155 57 18801
155 58 16375
155 59 27398
155 60 38628
155 61 36980
155 62 42490
155 63 51306
155 64 47413
155 65 36923
155 66 34828
155 67 -1522
155 68 8945
155 69 30620
155 70 37953
155 71 38078
155 72 888
155 73 7969
155 74 8003
155 75 2877
155 76 18873
155 77 19002
155 78 28732
155 79 19645
155 80 15104
155 81 24500
155 82 41318
155 83 40172
155 84 40927
155 85 27514
155 86 36053
155 87 19467
155 88 39598
155 89 29024
155 90 49680
155 91 38234
155 92 32221
155 93 30809
155 94 24706
155 95 25290
155 96 31004
155 97 25883
155 98 32113
155 99 33189
155 100 31410
155 101 33511
155 102 21012
155 103 35320
155 104 33391
155 105 13960
155 106 38430
155 107 50357
155 108 39900
155 109 9542
155 110 1510
155 111 20551
155 112 22107
155 113 38745
155 114 40752
155 115 16062
155 116 18124
155 117 26272
155 118 29831
155 119 37689
155 120 26304
155 121 16640
155 122 34703
155 123 46591
155 124 51208
155 125 41065
155 126 50674
155 127 34516
155 128 40220
155 129 25276
155 130 1064
155 131 43469
155 132 27716
155 133 6796
155 134 6131
155 135 34589
155 136 44866
155 137 20354
155 138 15020
155 139 1536
155 140 39840
155 141 36432
155 142 29979
155 143 56521
155 144 19848
155 145 11507
155 146 28343
155 147 27442
155 148 40438
155 149 5413
155 150 14105
155 151 28789
155 152 14386
155 153 38622
155 154 11824
155 156 23455
155 157 26171
155 158 20149
155 159 38260
155 160 39133
155 161 30472
155 162 31486
155 163 11011
155 164 25454
155 165 4290
155 166 33083
155 167 27904
155 168 51548
155 169 21046
155 170 1940
155 171 3633
155 172 24268
155 173 40148
155 174 44038
155 175 52960
155 176 23301
155 177 8807
155 178 13051
155 179 1079
155 180 8012
155 181 42695
155 182 37062
155 183 25484
155 184 15806
155 185 25136
155 186 5111
155 187 978
155 188 36815
155 189 42593
155 190 32074
155 191 36822
155 192 34370
155 193 33041
155 194 38885
155 195 4915
155 196 16719
155 197 318
155 198 119
155 199 43918
155 200 25150
156 1 13521
156 2 15773
156 3 20301
156 4 19535
156 5 10737
156 6 8309
156 7 18095
156 8 20887
156 9 25527
156 10 21596
156 11 24933
156 12 11802
156 13 3781
156 14 21021
156 15 18307
156 16 18370
156 17 21493
156 18 10009
156 19 23222
156 20 28212
156 21 15227
156 22 22166
156 23 19333
156 24 25926
156 25 28559
156 26 8296
156 27 3480
156 28 5939
156 29 24899
156 30 19342
156 31 10662
156 32 25670
156 33 22409
156 34 28349
156 35 35555
156 36 29968
156 37 15878
156 38 28216
156 39 20238
156 40 8846
156 41 21132
156 42 18748
156 43 21594
156 44 22920
156 45 18910
156 46 23542
156 47 23604
156 48 14112
156 49 31678
156 50 15129
156 51 23263
156 52 8365
156 53 2537
156 54 17095
156 55 29091
156 56 25755
156 57 16472
156 58 4994
156 59 8784
156 60 14131
156 61 17053
156 62 19081
156 63 30381
156 64 24393
156 65 31360
156 66 23643
156 67 23957
156 68 13456
156 69 11771
156 70 20065
156 71 31653
156 72 14748
156 73 16815
156 74 21299
156 75 20078
156 76 13958
156 77 17847
156 78 29461
156 79 19359
156 80 21270
156 81 20232
156 82 15262
156 83 15022
156 84 17777
156 85 9272
156 86 18135
156 87 9156
156 88 15725
156 89 3445
156 90 29968
156 91 21653
156 92 15439
156 93 11621
156 94 4772
156 95 7831
156 96 10308
156 97 11130
156 98 15204
156 99 12942
156 100 16288
156 101 15235
156 102 13330
156 103 26729
156 104 13144
156 105 3994
156 106 12705
156 107 26093
156 108 19597
156 109 15226
156 110 19591
156 111 7255
156 112 -1898
156 113 17907
156 114 14923
156 115 14894
156 116 17159
156 117 10642
156 118 5700
156 119 24110
156 120 22192
156 121 23636
156 122 20184
156 123 21433
156 124 25155
156 125 16107
156 126 29629
156 127 11297
156 128 26194
156 129 25769
156 130 19410
156 131 26495
156 132 9652
156 133 20637
156 134 19831
156 135 32035
156 136 41315
156 137 9309
156 138 9034
156 139 27335
156 140 27515
156 141 19933
156 142 21372
156 143 30955
156 144 13588
156 145 17378
156 146 3609
156 147 3377
156 148 16812
156 149 10938
156 150 20271
156 151 12007
156 152 3005
156 153 12699
156 154 5838
156 155 19389
156 157 19102
156 158 19746
156 159 15622
156 160 23506
156 161 23485
156 162 11711
156 163 23475
156 164 24812
156 165 26904
156 166 7672
156 167 5346
156 168 25694
156 169 24386
156 170 27998
156 171 14302
156 172 16571
156 173 18231
156 174 18326
156 175 28822
156 176 8193
156 177 16807
156 178 10766
156 179 14987
156 180 7402
156 181 23817
156 182 12347
156 183 3722
156 184 13218
156 185 22339
156 186 26951
156 187 26922
156 188 25053
156 189 21596
156 190 9302
156 191 20736
156 192 20830
156 193 16700
156 194 13279
156 195 11199
156 196 14056
156 197 18742
156 198 12897
156 199 18681
156 200 2386
157 1 5576
157 2 34905
157 3 2775
157 4 23872
157 5 32609
157 6 31381
157 7 27479
157 8 36797
157 9 2648
157 10 17784
157 11 24859
157 12 9773
157 13 26310
157 14 44172
157 15 38396
157 16 41444
157 17 42453
157 18 27314
157 19 28000
157 20 10781
157 21 27202
157 22 35644
157 23 28209
157 24 15123
157 25 27172
157 26 16263
157 27 15183
157 28 13206
157 29 9008
157 30 6558
157 31 11656
157 32 14820
157 33 -892
157 34 5885
157 35 12265
157 36 38539
157 37 39199
157 38 51545
157 39 24704
157 40 24370
157 41 36410
157 42 41021
157 43 43224
157 44 46263
157 45 37222
157 46 37569
157 47 32728
157 48 24259
157 49 35800
157 50 267
157 51 2481
157 52 21590
157 53 20559
157 54 14716
157 55 27105
157 56 34141
157 57 36497
157 58 24235
157 59 32113
157 60 34805
157 61 39837
157 62 20652
157 63 24703
157 64 21982
157 65 9042
157 66 4511
157 67 27373
157 68 2449
157 69 11512
157 70 12022
157 71 9349
157 72 26076
157 73 30108
157 74 33817
157 75 31073
157 76 4131
157 77 3531
157 78 7354
157 79 -1146
157 80 12393
157 81 -3097
157 82 28186
157 83 34062
157 84 38955
157 85 32508
157 86 41050
157 87 31226
157 88 20495
157 89 24676
157 90 22402
157 91 44977
157 92 38758
157 93 34824
157 94 28115
157 95 31094
157 96 33505
157 97 34154
157 98 38549
157 99 36097
157 100 39611
157 101 9949
157 102 -7188
157 103 5360
157 104 36299
157 105 18293
157 106 24168
157 107 28440
157 108 13998
157 109 13317
157 110 26404
157 111 7895
157 112 21447
157 113 39974
157 114 31284
157 115 33416
157 116 6131
157 117 33580
157 118 26790
157 119 47436
157 120 -1119
157 121 7975
157 122 6116
157 123 27545
157 124 36397
157 125 34444
157 126 24310
157 127 17079
157 128 10097
157 129 5362
157 130 17800
157 131 14289
157 132 9301
157 133 33542
157 134 12061
157 135 8715
157 136 18239
157 137 30554
157 138 12803
157 139 31272
157 140 50853
157 141 43188
157 142 43945
157 143 37045
157 144 34664
157 145 34124
157 146 19605
157 147 25937
157 148 19835
157 149 16874
157 150 11394
157 151 35326
157 152 22246
157 153 25848
157 154 9607
157 155 23726
157 156 20723
157 158 2220
157 159 15292
157 160 9617
157 161 1283
157 162 9627
157 163 13667
157 164 1690
157 165 24864
157 166 27708
157 167 13374
157 168 34573
157 169 4350
157 170 28805
157 171 28078
157 172 38537
157 173 40204
157 174 34378
157 175 30669
157 176 3620
157 177 11570
157 178 29817
157 179 18454
157 180 19596
157 181 13971
157 182 18553
157 183 27010
157 184 5190
157 185 136
157 186 35261
157 187 30308
157 188 6404
157 189 17784
157 190 13023
157 191 44046
157 192 44133
157 193 40039
157 194 23909
157 195 13735
157 196 2420
157 197 28247
157 198 22117
157 199 37153
157 200 21363
158 1 11081
158 2 33065
158 3 -4296
158 4 18458
158 5 35018
158 6 32906
158 7 32834
158 8 41233
158 9 6468
158 10 24578
158 11 31629
158 12 5953
158 13 26310
158 14 44172
158 15 36322
158 16 42922
158 17 45411
158 18 31046
158 19 34319
158 20 17331
158 21 23714
158 22 31734
158 23 22932
158 24 8052
158 25 20557
158 26 13675
158 27 17771
158 28 13520
158 29 2370
158 30 13629
158 31 17551
158 32 21854
158 33 2782
158 34 4216
158 35 13957
158 36 44590
158 37 39785
158 38 51936
158 39 18787
158 40 22444
158 41 32834
158 42 40255
158 43 41823
158 44 47012
158 45 41112
158 46 42612
158 47 38572
158 48 29784
158 49 42390
158 50 4270
158 51 8737
158 52 25619
158 53 20341
158 54 8705
158 55 20547
158 56 29084
158 57 34673
158 58 23320
158 59 33126
158 60 37691
158 61 41648
158 62 27064
158 63 31748
158 64 29003
158 65 12252
158 66 10125
158 67 21030
158 68 -3998
158 69 16281
158 70 18799
158 71 13123
158 72 22027
158 73 26650
158 74 29843
158 75 26585
158 76 2777
158 77 -1257
158 78 5394
158 79 -4820
158 80 6137
158 81 -500
158 82 33108
158 83 37560
158 84 41747
158 85 33740
158 86 42720
158 87 30577
158 88 26245
158 89 27050
158 90 29465
158 91 45929
158 92 39384
158 93 36137
158 94 29005
158 95 31645
158 96 34860
158 97 34285
158 98 39366
158 99 37503
158 100 40160
158 101 16109
158 102 -1391
158 103 10453
158 104 37705
158 105 17145
158 106 29072
158 107 35020
158 108 20937
158 109 8569
158 110 21718
158 111 9454
158 112 22569
158 113 42348
158 114 35556
158 115 31316
158 116 1911
158 117 33721
158 118 29519
158 119 47912
158 120 1404
158 121 1169
158 122 13178
158 123 33636
158 124 41867
158 125 38309
158 126 31339
158 127 22158
158 128 16772
158 129 1359
158 130 11696
158 131 21267
158 132 13681
158 133 29481
158 134 5229
158 135 10336
158 136 20515
158 137 29794
158 138 11134
158 139 25398
158 140 51328
158 141 44332
158 142 43334
158 143 43406
158 144 33404
158 145 31123
158 146 22280
158 147 27827
158 148 25963
158 149 13168
158 150 5138
158 151 35952
158 152 21331
158 153 30420
158 154 7938
158 155 18312
158 156 21975
158 157 2828
158 159 21862
158 160 16556
158 161 5472
158 162 15475
158 163 6665
158 164 1690
158 165 18364
158 166 30677
158 167 17369
158 168 40433
158 169 -200
158 170 22304
158 171 24433
158 172 37621
158 173 42597
158 174 38854
158 175 37307
158 176 7807
158 177 5807
158 178 27883
158 179 13606
158 180 17068
158 181 20974
158 182 24349
158 183 28241
158 184 2261
158 185 136
158 186 30075
158 187 24321
158 188 12597
158 189 24578
158 190 18518
158 191 45030
158 192 44529
158 193 40900
158 194 28972
158 195 9546
158 196 -642
158 197 23661
158 198 18048
158 199 40869
158 200 22511
159 1 14549
159 2 41609
159 3 27906
159 4 42058
159 5 23314
159 6 28382
159 7 8296
159 8 18816
159 9 20485
159 10 -454
159 11 -197
159 12 28714
159 13 28528
159 14 41241
159 15 43300
159 16 33598
159 17 29014
159 18 15616
159 19 2644
159 20 14895
159 21 40170
159 22 47888
159 23 44226
159 24 39703
159 25 48785
159 26 30317
159 27 18179
159 28 24022
159 29 34512
159 30 6452
159 31 1153
159 32 4067
159 33 23395
159 34 29279
159 35 29899
159 36 13529
159 37 36232
159 38 45845
159 39 43419
159 40 34214
159 41 47078
159 42 42021
159 43 45101
159 44 40622
159 45 20615
159 46 15928
159 47 8550
159 48 1970
159 49 10193
159 50 20211
159 51 17441
159 52 13579
159 53 27620
159 54 35719
159 55 48762
159 56 50226
159 57 41830
159 58 30932
159 59 28519
159 60 24702
159 61 31490
159 62 -4315
159 63 4920
159 64 -1127
159 65 19744
159 66 8415
159 67 47070
159 68 25975
159 69 14449
159 70 9106
159 71 22316
159 72 39798
159 73 42262
159 74 46761
159 75 45286
159 76 24670
159 77 27300
159 78 31867
159 79 24468
159 80 35277
159 81 19928
159 82 9337
159 83 20847
159 84 27338
159 85 26791
159 86 31544
159 87 33442
159 88 3412
159 89 20374
159 90 6341
159 91 39707
159 92 36376
159 93 29496
159 94 26873
159 95 30039
159 96 29519
159 97 33879
159 98 34738
159 99 31219
159 100 36129
159 101 9834
159 102 16478
159 103 17694
159 104 31421
159 105 28134
159 106 8013
159 107 2821
159 108 -2643
159 109 32970
159 110 42873
159 111 19936
159 112 22733
159 113 28458
159 114 14474
159 115 40793
159 116 28534
159 117 34126
159 118 17183
159 119 42912
159 120 19267
159 121 33365
159 122 11611
159 123 3030
159 124 13662
159 125 18121
159 126 4159
159 127 8684
159 128 10500
159 129 30954
159 130 38703
159 131 6133
159 132 14344
159 133 46266
159 134 35413
159 135 27245
159 136 33545
159 137 34750
159 138 27602
159 139 50133
159 140 44926
159 141 36276
159 142 43793
159 143 11505
159 144 38534
159 145 43334
159 146 19391
159 147 22150
159 148 -1537
159 149 32796
159 150 34278
159 151 32944
159 152 28943
159 153 11286
159 154 24406
159 155 41912
159 156 23340
159 157 21389
159 158 27351
159 160 6401
159 161 15086
159 162 6636
159 163 37725
159 164 23854
159 165 46438
159 166 19043
159 167 11899
159 168 10399
159 169 29827
159 170 49618
159 171 39991
159 172 40435
159 173 29865
159 174 15651
159 175 5118
159 176 13620
159 177 33095
159 178 36587
159 179 36383
159 180 31717
159 181 -511
159 182 -2396
159 183 25120
159 184 25800
159 185 25500
159 186 51497
159 187 49513
159 188 12261
159 189 -454
159 190 2872
159 191 37989
159 192 40248
159 193 35259
159 194 6923
159 195 31378
159 196 24590
159 197 43367
159 198 36957
159 199 22542
159 200 25782
160 1 13550
160 2 47910
160 3 21511
160 4 41842
160 5 36127
160 6 38365
160 7 23091
160 8 33991
160 9 7623
160 10 7085
160 11 11343
160 12 27346
160 13 36496
160 14 52348
160 15 50966
160 16 46362
160 17 43419
160 18 28493
160 19 17309
160 20 69
160 21 43059
160 22 51556
160 23 45749
160 24 33735
160 25 45986
160 26 31993
160 27 23631
160 28 26412
160 29 26824
160 30 -1584
160 31 9194
160 32 -3556
160 33 14607
160 34 17387
160 35 15438
160 36 27979
160 37 46933
160 38 58233
160 39 42995
160 40 38444
160 41 51706
160 42 51299
160 43 54274
160 44 52728
160 45 35660
160 46 31575
160 47 23828
160 48 17619
160 49 22320
160 50 16272
160 51 6461
160 52 23968
160 53 32665
160 54 33299
160 55 45903
160 56 51566
160 57 49038
160 58 36650
160 59 39262
160 60 37539
160 61 44272
160 62 11338
160 63 8212
160 64 5091
160 65 4092
160 66 -7109
160 67 45977
160 68 21304
160 69 17405
160 70 8144
160 71 7153
160 72 42432
160 73 45730
160 74 49940
160 75 47791
160 76 21701
160 77 22335
160 78 21413
160 79 16333
160 80 31196
160 81 9709
160 82 24459
160 83 34736
160 84 41026
160 85 38583
160 86 45014
160 87 41870
160 88 16211
160 89 30389
160 90 5962
160 91 51457
160 92 46699
160 93 41006
160 94 36310
160 95 39623
160 96 40223
160 97 43300
160 98 45758
160 99 42399
160 100 47158
160 101 11114
160 102 10633
160 103 3384
160 104 42601
160 105 31932
160 106 21883
160 107 16167
160 108 1375
160 109 31314
160 110 43712
160 111 20933
160 112 30445
160 113 42403
160 114 29329
160 115 46806
160 116 24642
160 117 43034
160 118 29893
160 119 54591
160 120 7039
160 121 26111
160 122 4706
160 123 18464
160 124 29277
160 125 33079
160 126 8257
160 127 17570
160 128 -5126
160 129 22572
160 130 36401
160 131 -4490
160 132 16752
160 133 49663
160 134 30928
160 135 13227
160 136 18412
160 137 41988
160 138 28393
160 139 49557
160 140 57379
160 141 48786
160 142 53674
160 143 24975
160 144 46324
160 145 48648
160 146 26670
160 147 32293
160 148 12941
160 149 33616
160 150 30197
160 151 43267
160 152 34661
160 153 24740
160 154 25197
160 155 41696
160 156 30135
160 157 14625
160 158 20956
160 159 5312
160 161 505
160 162 10405
160 163 32471
160 164 11568
160 165 43641
160 166 31017
160 167 18433
160 168 25709
160 169 20609
160 170 47548
160 171 43746
160 172 49253
160 173 43229
160 174 31036
160 175 17909
160 176 13796
160 177 30148
160 178 42904
160 179 36132
160 180 34708
160 181 -4777
160 182 12597
160 183 34680
160 184 23047
160 185 17068
160 186 52784
160 187 48688
160 188 -2875
160 189 7085
160 190 11891
160 191 50153
160 192 51620
160 193 46801
160 194 21013
160 195 31098
160 196 20759
160 197 45218
160 198 38754
160 199 36901
160 200 31551
161 1 17781
161 2 50656
161 3 15704
161 4 38458
161 5 45449
161 6 45463
161 7 35558
161 8 46279
161 9 -3532
161 10 20918
161 11 26318
161 12 25187
161 13 41464
161 14 59028
161 15 54152
161 16 55084
161 17 54242
161 18 38703
161 19 31910
161 20 4970
161 21 42886
161 22 51235
161 23 42932
161 24 25533
161 25 39729
161 26 32048
161 27 29171
161 28 28700
161 29 17581
161 30 8227
161 31 19846
161 32 11009
161 33 8655
161 34 4216
161 35 416
161 36 42743
161 37 53782
161 38 66007
161 39 38645
161 40 40164
161 41 52111
161 42 56378
161 43 58792
161 44 60545
161 45 47561
161 46 45187
161 47 38156
161 48 31171
161 49 37353
161 50 15722
161 51 3639
161 52 33157
161 53 36008
161 54 28636
161 55 39893
161 56 49061
161 57 52224
161 58 39832
161 59 46427
161 60 47172
161 61 53208
161 62 25229
161 63 23154
161 64 19539
161 65 -6613
161 66 -8511
161 67 40457
161 68 15938
161 69 23626
161 70 17829
161 71 -6358
161 72 41593
161 73 45811
161 74 49374
161 75 46392
161 76 19839
161 77 18006
161 78 10492
161 79 8691
161 80 26093
161 81 1500
161 82 36921
161 83 45436
161 84 51179
161 85 46515
161 86 54368
161 87 46596
161 88 28192
161 89 38099
161 90 20990
161 91 59181
161 92 53363
161 93 48820
161 94 42675
161 95 45829
161 96 47599
161 97 49120
161 98 52950
161 99 50080
161 100 54172
161 101 19000
161 102 8486
161 103 -5620
161 104 50282
161 105 34011
161 106 33484
161 107 31025
161 108 15713
161 109 28340
161 110 41568
161 111 23148
161 112 36078
161 113 52527
161 114 41216
161 115 49201
161 116 21098
161 117 48590
161 118 39348
161 119 61953
161 120 -4469
161 121 17595
161 122 10750
161 123 32644
161 124 43114
161 125 44874
161 126 23264
161 127 27211
161 128 3878
161 129 14379
161 130 31566
161 131 9706
161 132 22147
161 133 49073
161 134 24371
161 135 -1697
161 136 4161
161 137 46032
161 138 28615
161 139 45293
161 140 65254
161 141 57127
161 142 59200
161 143 39928
161 144 50255
161 145 49919
161 146 33223
161 147 39729
161 148 25963
161 149 32439
161 150 25094
161 151 49931
161 152 37843
161 153 35866
161 154 25419
161 155 38312
161 156 35391
161 157 11568
161 158 15149
161 159 19274
161 160 5782
161 162 19007
161 163 25264
161 164 -1572
161 165 37821
161 166 40194
161 167 25760
161 168 40008
161 169 10569
161 170 41583
161 171 43746
161 172 53975
161 173 52916
161 174 43614
161 175 32835
161 176 17372
161 177 25807
161 178 45579
161 179 33486
161 180 35400
161 181 8170
161 182 25507
161 183 41348
161 184 20685
161 185 10136
161 186 50070
161 187 44156
161 188 -1813
161 189 20918
161 190 22178
161 191 58161
161 192 58738
161 193 54336
161 194 32853
161 195 29090
161 196 17703
161 197 43496
161 198 37601
161 199 48077
161 200 36206
162 1 2846
162 2 32656
162 3 16585
162 4 30350
162 5 21298
162 6 22624
162 7 12512
162 8 22438
162 9 13400
162 10 5719
162 11 11836
162 12 16705
162 13 20770
162 14 36639
162 15 35423
162 16 31269
162 17 29829
162 18 14292
162 19 13531
162 20 12175
162 21 29361
162 22 37535
162 23 33092
162 24 27910
162 25 36770
162 26 18906
162 27 8155
162 28 12627
162 29 23247
162 30 2712
162 31 -3326
162 32 8613
162 33 13530
162 34 20339
162 35 23721
162 36 23713
162 37 31211
162 38 42823
162 39 31735
162 40 23920
162 41 37225
162 42 35500
162 43 38498
162 44 37290
162 45 23395
162 46 22663
162 47 17761
162 48 9228
162 49 21876
162 50 8673
162 51 10071
162 52 8862
162 53 17637
162 54 23693
162 55 36736
162 56 38976
162 57 33564
162 58 21470
162 59 23578
162 60 22890
162 61 29262
162 62 6487
162 63 14568
162 64 10580
162 65 16978
162 66 7566
162 67 35305
162 68 14106
162 69 2642
162 70 3089
162 71 17839
162 72 28944
162 73 31738
162 74 36161
162 75 34439
162 76 12712
162 77 15613
162 78 22193
162 79 13778
162 80 23314
162 81 10724
162 82 13454
162 83 21026
162 84 26814
162 85 23133
162 86 30291
162 87 26127
162 88 5467
162 89 14732
162 90 13399
162 91 35958
162 92 30940
162 93 25499
162 94 20505
162 95 23817
162 96 24565
162 97 27489
162 98 30099
162 99 26833
162 100 31477
162 101 -968
162 102 5540
162 103 12619
162 104 27035
162 105 17519
162 106 9573
162 107 14605
162 108 3231
162 109 20959
162 110 31387
162 111 8060
162 112 14690
162 113 28195
162 114 17149
162 115 31660
162 116 16634
162 117 27232
162 118 15125
162 119 39019
162 120 11338
162 121 22013
162 122 4706
162 123 12757
162 124 21368
162 125 20672
162 126 13892
162 127 2810
162 128 9601
162 129 20311
162 130 26690
162 131 9378
162 132 2483
162 133 35792
162 134 23436
162 135 20570
162 136 28504
162 137 26422
162 138 15860
162 139 38400
162 140 42000
162 141 33534
162 142 37863
162 143 22614
162 144 30699
162 145 33834
162 146 10879
162 147 16602
162 148 5110
162 149 21203
162 150 22315
162 151 27508
162 152 19481
162 153 11652
162 154 12664
162 155 30204
162 156 14495
162 157 10790
162 158 16030
162 159 1702
162 160 6560
162 161 9885
162 163 25843
162 164 15457
162 165 34412
162 166 16024
162 167 2626
162 168 19612
162 169 19350
162 170 37680
162 171 29646
162 172 33486
162 173 28669
162 174 19932
162 175 17026
162 176 1581
162 177 21056
162 178 27655
162 179 24603
162 180 20845
162 181 7087
162 182 3546
162 183 18890
162 184 13791
162 185 15161
162 186 40249
162 187 37736
162 188 9334
162 189 5719
162 190 -1878
162 191 34766
162 192 35982
162 193 31244
162 194 9158
162 195 19542
162 196 12716
162 197 32247
162 198 25744
162 199 23723
162 200 16150
163 1 21760
163 2 31106
163 3 7911
163 4 10011
163 5 39563
163 6 36701
163 7 42077
163 8 48801
163 9 17430
163 10 36031
163 11 42932
163 12 6773
163 13 27820
163 14 44256
163 15 33015
163 16 45564
163 17 50428
163 18 37988
163 19 44834
163 20 29452
163 21 19460
163 22 25565
163 23 13738
163 24 -3090
163 25 8928
163 26 13367
163 27 24614
163 28 18490
163 29 163
163 30 25718
163 31 27906
163 32 34030
163 33 14737
163 34 10298
163 35 22433
163 36 54508
163 37 41371
163 38 52318
163 39 8497
163 40 21610
163 41 27081
163 42 39396
163 43 39469
163 44 48342
163 45 47695
163 46 50919
163 47 48242
163 48 39070
163 49 53261
163 50 15233
163 51 20839
163 52 33451
163 53 22855
163 54 390
163 55 9180
163 56 20721
163 57 32251
163 58 23964
163 59 35614
163 60 43142
163 61 44990
163 62 37867
163 63 43665
163 64 40810
163 65 21495
163 66 21651
163 67 9683
163 68 -2870
163 69 25901
163 70 30354
163 71 23413
163 72 16151
163 73 22023
163 74 23804
163 75 19355
163 76 10834
163 77 7957
163 78 13203
163 79 5502
163 80 4400
163 81 10748
163 82 41566
163 83 43829
163 84 46730
163 85 36265
163 86 45454
163 87 30406
163 88 36224
163 89 32374
163 90 41460
163 91 47871
163 92 41219
163 93 38947
163 94 31751
163 95 33626
163 96 38062
163 97 35426
163 98 41321
163 99 40631
163 100 41526
163 101 27028
163 102 10503
163 103 21894
163 104 40833
163 105 18493
163 106 37733
163 107 45972
163 108 32636
163 109 6398
163 110 15191
163 111 16734
163 112 26419
163 113 46367
163 114 42939
163 115 28848
163 116 8573
163 117 35112
163 118 34713
163 119 48822
163 120 11788
163 121 553
163 122 25218
163 123 43822
163 124 50962
163 125 44883
163 126 43208
163 127 31519
163 128 28928
163 129 10717
163 130 2392
163 131 33469
163 132 23053
163 133 23024
163 134 -5951
163 135 19023
163 136 29232
163 137 29963
163 138 13992
163 139 15357
163 140 51870
163 141 46359
163 142 42560
163 143 53871
163 144 32089
163 145 26610
163 146 28775
163 147 32252
163 148 36399
163 149 10435
163 150 3401
163 151 37787
163 152 21975
163 153 38622
163 154 10796
163 155 9865
163 156 26395
163 157 14966
163 158 7356
163 159 32927
163 160 28762
163 161 16278
163 162 25979
163 164 9798
163 165 7228
163 166 36518
163 167 25710
163 168 50145
163 169 5184
163 170 10788
163 171 19020
163 172 36625
163 173 46905
163 174 46391
163 175 48357
163 176 17478
163 177 1878
163 178 25670
163 179 7825
163 180 15620
163 181 33169
163 182 34256
163 183 31617
163 184 8190
163 185 11689
163 186 21310
163 187 14007
163 188 24563
163 189 36031
163 190 28364
163 191 46858
163 192 45401
163 193 42731
163 194 37852
163 195 6735
163 196 7396
163 197 16571
163 198 12847
163 199 47393
163 200 27150
164 1 18993
164 2 46916
164 3 9596
164 4 31114
164 5 46501
164 6 45169
164 7 40058
164 8 50041
164 9 -916
164 10 27563
164 11 34073
164 12 19833
164 13 39549
164 14 57489
164 15 50209
164 16 55264
164 17 56280
164 18 41001
164 19 38695
164 20 13758
164 21 37507
164 22 45313
164 23 35401
164 24 16114
164 25 30752
164 26 27553
164 27 29061
164 28 26395
164 29 8016
164 30 14620
164 31 23952
164 32 20160
164 33 5798
164 34 -6320
164 35 478
164 36 49583
164 37 52746
164 38 65061
164 39 30454
164 40 36277
164 41 46524
164 42 53876
164 43 55632
164 44 59896
164 45 50750
164 46 50198
164 47 44311
164 48 36459
164 49 45331
164 50 14052
164 51 7457
164 52 35244
164 53 33606
164 54 21023
164 55 31153
164 56 41914
164 57 48532
164 58 36910
164 59 45795
164 60 48668
164 61 53702
164 62 31462
164 63 31870
164 64 28856
164 65 -505
164 66 2105
164 67 31509
164 68 8893
164 69 25096
164 70 22724
164 71 2119
164 72 35602
164 73 40430
164 74 43420
164 75 39862
164 76 15918
164 77 12558
164 78 1273
164 79 1870
164 80 18956
164 81 -1884
164 82 41110
164 83 47787
164 84 52818
164 85 46264
164 86 54907
164 87 44133
164 88 32758
164 89 38564
164 90 29480
164 91 58662
164 92 52311
164 93 48593
164 94 41734
164 95 44603
164 96 47270
164 97 47490
164 98 52179
164 99 49880
164 100 53152
164 101 22291
164 102 6662
164 103 3425
164 104 50082
164 105 30760
164 106 37215
164 107 38370
164 108 22927
164 109 22200
164 110 35030
164 111 21465
164 112 35099
164 113 53864
164 114 44653
164 115 45195
164 116 15779
164 117 46907
164 118 40669
164 119 60966
164 120 -6650
164 121 8553
164 122 15486
164 123 38832
164 124 48580
164 125 47990
164 126 31792
164 127 30221
164 128 13183
164 129 6965
164 130 23713
164 131 18998
164 132 23053
164 133 42991
164 134 15834
164 135 -2977
164 136 7259
164 137 43365
164 138 24795
164 139 37240
164 140 64402
164 141 56937
164 142 56909
164 143 47346
164 144 47155
164 145 44965
164 146 33496
164 147 39785
164 148 31394
164 149 26985
164 150 17957
164 151 48879
164 152 34921
164 153 39140
164 154 21599
164 155 30968
164 156 34392
164 157 9649
164 158 9041
164 159 25716
164 160 14519
164 161 -3898
164 162 22253
164 163 16458
164 165 29228
164 166 41571
164 167 27126
164 168 46145
164 169 1184
164 170 32596
164 171 38134
164 172 51286
164 173 54096
164 174 47566
164 175 40363
164 176 17478
164 177 18849
164 178 41747
164 179 26944
164 180 30955
164 181 18128
164 182 30593
164 183 40727
164 184 15999
164 185 5035
164 186 42737
164 187 35955
164 188 7618
164 189 27563
164 190 25780
164 191 57748
164 192 57625
164 193 53694
164 194 36816
164 195 23282
164 196 12959
164 197 36928
164 198 31674
164 199 50791
164 200 34978
165 1 29171
165 2 26549
165 3 17840
165 4 1520
165 5 39679
165 6 36848
165 7 46875
165 8 51551
165 9 28142
165 10 43589
165 11 50012
165 12 11052
165 13 26310
165 14 40062
165 15 26368
165 16 43598
165 17 50524
165 18 40635
165 19 50802
165 20 39355
165 21 14252
165 22 17356
165 23 3180
165 24 5312
165 25 -1369
165 26 13675
165 27 28540
165 28 22093
165 29 10994
165 30 34606
165 31 34324
165 32 43092
165 33 24913
165 34 21219
165 35 33428
165 36 59479
165 37 38963
165 38 47988
165 39 -2424
165 40 19467
165 41 18921
165 42 34828
165 43 33315
165 44 45159
165 45 49338
165 46 54149
165 47 53071
165 48 43641
165 49 59479
165 50 23483
165 51 30820
165 52 37373
165 53 23499
165 54 -349
165 55 -1448
165 56 11023
165 57 26760
165 58 22527
165 59 34164
165 60 44229
165 61 43794
165 62 44439
165 63 51879
165 64 48616
165 65 32495
165 66 32184
165 67 -1084
165 68 6074
165 69 32141
165 70 38312
165 71 34319
165 72 8944
165 73 15880
165 74 16017
165 75 10445
165 76 18273
165 77 16939
165 78 24192
165 79 16089
165 80 12393
165 81 21306
165 82 45384
165 83 45516
165 84 47051
165 85 34506
165 86 43324
165 87 26918
165 88 42019
165 89 34017
165 90 49916
165 91 45487
165 92 39210
165 93 37593
165 94 30998
165 95 32025
165 96 37382
165 97 32987
165 98 39204
165 99 39726
165 100 38763
165 101 34333
165 102 19576
165 103 32449
165 104 39928
165 105 18736
165 106 42024
165 107 52520
165 108 40567
165 109 9654
165 110 8789
165 111 22102
165 112 27290
165 113 45505
165 114 45592
165 115 23849
165 116 16634
165 117 33126
165 118 35560
165 119 45330
165 120 22617
165 121 11553
165 122 34074
165 123 49445
165 124 55177
165 125 46555
165 126 51327
165 127 36979
165 128 38723
165 129 21447
165 130 -1552
165 131 42745
165 132 29210
165 133 14602
165 134 868
165 135 30023
165 136 40228
165 137 27334
165 138 17240
165 139 4620
165 140 47692
165 141 43801
165 142 37863
165 143 59553
165 144 27595
165 145 19565
165 146 32051
165 147 32986
165 148 42610
165 149 9343
165 150 11394
165 151 35778
165 152 20538
165 153 42485
165 154 14044
165 155 1374
165 156 28054
165 157 24393
165 158 17285
165 159 39870
165 160 38162
165 161 27065
165 162 32778
165 163 5458
165 164 20798
165 166 38226
165 167 30574
165 168 55047
165 169 16184
165 170 180
165 171 11690
165 172 32078
165 173 46584
165 174 49001
165 175 55030
165 176 24185
165 177 7014
165 178 20815
165 179 4569
165 180 13701
165 181 42308
165 182 39799
165 183 31466
165 184 15190
165 185 22062
165 186 11186
165 187 3127
165 188 34723
165 189 43589
165 190 34254
165 191 44205
165 192 41975
165 193 40299
165 194 42348
165 195 7151
165 196 15453
165 197 8247
165 198 7366
165 199 49226
165 200 29305
166 1 20375
166 2 22257
166 3 30875
166 4 31035
166 5 783
166 6 6576
166 7 11515
166 8 9227
166 9 33085
166 10 21055
166 11 20335
166 12 23790
166 13 8507
166 14 17704
166 15 21432
166 16 10860
166 17 10297
166 18 -186
166 19 16338
166 20 32613
166 21 25632
166 22 30717
166 23 28943
166 24 37921
166 25 40450
166 26 20386
166 27 11715
166 28 17420
166 29 36300
166 30 23026
166 31 11419
166 32 26460
166 33 31279
166 34 38001
166 35 43455
166 36 20118
166 37 12804
166 38 22791
166 39 31203
166 40 19398
166 41 28477
166 42 19165
166 43 22082
166 44 17354
166 45 6748
166 46 11999
166 47 14156
166 48 5094
166 49 23602
166 50 24255
166 51 30028
166 52 6768
166 53 14300
166 54 29254
166 55 41104
166 56 36023
166 57 20850
166 58 14478
166 59 5164
166 60 2603
166 61 8794
166 62 15653
166 63 28411
166 64 19215
166 65 37478
166 66 27889
166 67 34740
166 68 25047
166 69 17586
166 70 23316
166 71 38202
166 72 24746
166 73 26400
166 74 30572
166 75 29597
166 76 24705
166 77 28672
166 78 39255
166 79 29521
166 80 33089
166 81 28971
166 82 5588
166 83 2858
166 84 6753
166 85 3329
166 86 9773
166 87 11706
166 88 13175
166 89 1473
166 90 29480
166 91 16250
166 92 13196
166 93 5962
166 94 5169
166 95 7674
166 96 6325
166 97 11390
166 98 11232
166 99 7728
166 100 12604
166 101 19423
166 102 22269
166 103 32991
166 104 7930
166 105 15857
166 106 6013
166 107 20267
166 108 19383
166 109 27345
166 110 30928
166 111 17440
166 112 6044
166 113 7912
166 114 3268
166 115 21646
166 116 28312
166 117 12430
166 118 -5331
166 119 19462
166 120 30441
166 121 34990
166 122 25184
166 123 14419
166 124 14965
166 125 3943
166 126 27662
166 127 11979
166 128 29725
166 129 36013
166 130 31527
166 131 27941
166 132 16375
166 133 29411
166 134 31925
166 135 40115
166 136 48630
166 137 15071
166 138 21013
166 139 38550
166 140 21917
166 141 13286
166 142 20539
166 143 22167
166 144 17200
166 145 24262
166 146 9912
166 147 788
166 148 13756
166 149 22943
166 150 32090
166 151 9764
166 152 12489
166 153 5420
166 154 17817
166 155 30889
166 156 9544
166 157 27959
166 158 30320
166 159 13197
166 160 26260
166 161 30160
166 162 15112
166 163 35470
166 164 33863
166 165 38948
166 167 9768
166 168 16460
166 169 34904
166 170 39500
166 171 23122
166 172 17972
166 173 8233
166 174 6464
166 175 23106
166 176 16132
166 177 28866
166 178 17068
166 179 26944
166 180 18762
166 181 23000
166 182 7422
166 183 3722
166 184 24465
166 185 31906
166 186 37073
166 187 38201
166 188 29824
166 189 21055
166 190 9666
166 191 14741
166 192 16727
166 193 11748
166 194 6840
166 195 23349
166 196 24952
166 197 29052
166 198 23935
166 199 6523
166 200 14186
167 1 5955
167 2 25730
167 3 17727
167 4 26016
167 5 15102
167 6 15490
167 7 11797
167 8 19211
167 9 18671
167 10 11702
167 11 16016
167 12 14008
167 13 13529
167 14 29492
167 15 28267
167 16 24686
167 17 24514
167 18 9292
167 19 15682
167 20 19157
167 21 23621
167 22 31389
167 23 27709
167 24 27152
167 25 33631
167 26 14086
167 27 1627
167 28 8025
167 29 23947
167 30 9880
167 31 797
167 32 15693
167 33 17043
167 34 23912
167 35 29036
167 36 24394
167 37 24068
167 38 35915
167 39 27279
167 40 17692
167 41 30751
167 42 28220
167 43 31223
167 44 30390
167 45 19274
167 46 20784
167 47 18033
167 48 8746
167 49 24386
167 50 10342
167 51 15679
167 52 3631
167 53 11138
167 54 20882
167 55 33758
167 56 33759
167 57 26465
167 58 14698
167 59 16488
167 60 16999
167 61 22794
167 62 10092
167 63 20580
167 64 15368
167 65 23427
167 66 14610
167 67 31009
167 68 13456
167 69 3170
167 70 10353
167 71 23977
167 72 23249
167 73 25722
167 74 30216
167 75 28734
167 76 12194
167 77 15940
167 78 25294
167 79 15905
167 80 22117
167 81 14666
167 82 11306
167 83 16035
167 84 21127
167 85 16266
167 86 23963
167 87 18869
167 88 7042
167 89 7776
167 90 19994
167 91 29028
167 92 23757
167 93 18593
167 94 13258
167 95 16566
167 96 17518
167 97 20218
167 98 23025
167 99 19882
167 100 24373
167 101 5740
167 102 8161
167 103 18804
167 104 20084
167 105 11584
167 106 7382
167 107 17811
167 108 9637
167 109 18154
167 110 26593
167 111 5340
167 112 7440
167 113 22334
167 114 13546
167 115 24806
167 116 16146
167 117 19952
167 118 9085
167 119 32002
167 120 16036
167 121 22622
167 122 11297
167 123 14233
167 124 20598
167 125 16484
167 126 19843
167 127 1979
167 128 16792
167 129 22434
167 130 23680
167 131 16585
167 132 2037
167 133 29743
167 134 21896
167 135 25693
167 136 34268
167 137 19290
167 138 11992
167 139 34082
167 140 35119
167 141 26800
167 142 30595
167 143 24327
167 144 23508
167 145 27164
167 146 3609
167 147 9553
167 148 7941
167 149 16715
167 150 21118
167 151 20325
167 152 12709
167 153 8462
167 154 8796
167 155 25870
167 156 7378
167 157 13785
167 158 17172
167 159 6213
167 160 13836
167 161 15886
167 162 1874
167 163 24822
167 164 19578
167 165 31456
167 166 9928
167 168 19969
167 169 21459
167 170 34008
167 171 23489
167 172 26215
167 173 22630
167 174 16831
167 175 20434
167 176 2017
167 177 18973
167 178 20726
167 179 20544
167 180 15187
167 181 13831
167 182 4606
167 183 11673
167 184 12654
167 185 17940
167 186 35023
167 187 33530
167 188 16202
167 189 11702
167 190 -269
167 191 27922
167 192 28909
167 193 24260
167 194 7489
167 195 15758
167 196 12469
167 197 26862
167 198 20507
167 199 19143
167 200 9370
168 1 29278
168 2 45528
168 3 43001
168 4 51870
168 5 18981
168 6 29894
168 7 10009
168 8 9227
168 9 37642
168 10 16801
168 11 5531
168 12 40838
168 13 31737
168 14 37411
168 15 44306
168 16 27458
168 17 19515
168 18 15107
168 19 -1190
168 20 32078
168 21 47700
168 22 53745
168 23 51612
168 24 53718
168 25 60204
168 26 40054
168 27 27684
168 28 34611
168 29 49637
168 30 23673
168 31 14912
168 32 19682
168 33 39683
168 34 46083
168 35 47161
168 36 -2430
168 37 34416
168 38 39062
168 39 52767
168 40 41285
168 41 51748
168 42 41465
168 43 43839
168 44 35236
168 45 9863
168 46 157
168 47 -8698
168 48 -7138
168 49 630
168 50 35075
168 51 34469
168 52 19752
168 53 35074
168 54 47653
168 55 60423
168 56 58248
168 57 44098
168 58 36811
168 59 27340
168 60 21540
168 61 25934
168 62 8582
168 63 17074
168 64 -382
168 65 36504
168 66 24952
168 67 56502
168 68 39899
168 69 27581
168 70 25704
168 71 39513
168 72 47116
168 73 48969
168 74 53328
168 75 52268
168 76 38448
168 77 41795
168 78 48328
168 79 40236
168 80 48770
168 81 36543
168 82 3875
168 83 15434
168 84 20653
168 85 23176
168 86 23342
168 87 34878
168 88 13876
168 89 23393
168 90 21504
168 91 35705
168 92 35561
168 93 26835
168 94 28488
168 95 30802
168 96 29050
168 97 34350
168 98 32500
168 99 29631
168 100 33407
168 101 25080
168 102 32006
168 103 34956
168 104 29833
168 105 36392
168 106 10013
168 107 3602
168 108 14330
168 109 44965
168 110 52059
168 111 32102
168 112 27832
168 113 19753
168 114 6769
168 115 44906
168 116 42452
168 117 35702
168 118 14021
168 119 38296
168 120 36293
168 121 48371
168 122 28501
168 123 -97
168 124 -1528
168 125 7912
168 126 16737
168 127 19451
168 128 27447
168 129 46765
168 130 50387
168 131 22138
168 132 27328
168 133 52376
168 134 48672
168 135 44483
168 136 50760
168 137 38316
168 138 38669
168 139 59794
168 140 38077
168 141 30345
168 142 42078
168 143 -1138
168 144 40418
168 145 47557
168 146 27111
168 147 23975
168 148 10371
168 149 42793
168 150 47771
168 151 32129
168 152 34822
168 153 12699
168 154 35473
168 155 51724
168 156 29936
168 157 37194
168 158 42446
168 159 6923
168 160 23322
168 161 32344
168 162 21070
168 163 51467
168 164 40807
168 165 58139
168 166 18830
168 167 22179
168 169 45784
168 170 60213
168 171 46039
168 172 40674
168 173 23498
168 174 3965
168 175 6136
168 176 27297
168 177 45797
168 178 40362
168 179 46802
168 180 39939
168 181 11501
168 182 3735
168 183 27026
168 184 39201
168 185 41526
168 186 59412
168 187 59344
168 188 29419
168 189 16801
168 190 14863
168 191 32832
168 192 36349
168 193 31684
168 194 9262
168 195 42284
168 196 38630
168 197 51230
168 198 45450
168 199 15551
168 200 33572
169 1 17545
169 2 39766
169 3 3320
169 4 22320
169 5 42627
169 6 40511
169 7 39527
169 8 48429
169 9 5360
169 10 29599
169 11 36628
169 12 12465
169 13 33702
169 14 51461
169 15 42752
169 16 50503
169 17 52984
169 18 38446
169 19 40107
169 20 19012
169 21 29545
169 22 36962
169 23 26498
169 24 7252
169 25 21791
169 26 20406
169 27 25315
169 28 21102
169 29 -792
169 30 17476
169 31 23808
169 32 24818
169 33 5351
169 34 -2310
169 35 9445
169 36 50696
169 37 47251
169 38 59305
169 39 21466
169 40 29272
169 41 38290
169 42 47323
169 43 48569
169 44 54482
169 45 48501
169 46 49527
169 47 44891
169 48 36368
169 49 47725
169 50 11057
169 51 10820
169 52 32903
169 53 27769
169 54 12227
169 55 22158
169 56 33131
169 57 41310
169 58 30509
169 59 40672
169 60 45258
169 61 49256
169 62 32743
169 63 35687
169 64 33005
169 65 8495
169 66 9667
169 67 22559
169 68 736
169 69 23190
169 70 23953
169 71 10652
169 72 27285
169 73 32414
169 74 35085
169 75 31277
169 76 10387
169 77 6211
169 78 297
169 79 -3426
169 80 10605
169 81 -280
169 82 40069
169 83 45031
169 84 49332
169 85 41302
169 86 50313
169 87 37736
169 88 32634
169 89 34649
169 90 33266
169 91 53449
169 92 46867
169 93 43713
169 94 36550
169 95 39127
169 96 42447
169 97 41670
169 98 46873
169 99 45091
169 100 47610
169 101 22114
169 102 4436
169 103 10086
169 104 45293
169 105 24357
169 106 36025
169 107 40406
169 108 25541
169 109 14228
169 110 26542
169 111 17043
169 112 30160
169 113 49961
169 114 42810
169 115 37877
169 116 9118
169 117 41124
169 118 37103
169 119 55326
169 120 -569
169 121 -447
169 122 17418
169 123 39704
169 124 48497
169 125 45703
169 126 35415
169 127 28979
169 128 18582
169 129 1116
169 130 14826
169 131 23917
169 132 20735
169 133 34573
169 134 6846
169 135 6023
169 136 16241
169 137 36966
169 138 18393
169 139 28269
169 140 58720
169 141 51871
169 142 50441
169 143 49121
169 144 40320
169 145 37057
169 146 29831
169 147 35442
169 148 31996
169 149 19196
169 150 9606
169 151 43435
169 152 28520
169 153 37530
169 154 15197
169 155 22174
169 156 29580
169 157 7923
169 158 2765
169 159 27303
169 160 19174
169 161 3857
169 162 21760
169 163 7458
169 164 -3202
169 165 20228
169 166 38226
169 167 24621
169 168 46736
169 170 23644
169 171 29952
169 172 44645
169 173 50208
169 174 46039
169 175 42582
169 176 14866
169 177 10459
169 178 34524
169 179 18537
169 180 23665
169 181 23542
169 182 30704
169 183 35826
169 184 9612
169 185 2416
169 186 33894
169 187 26968
169 188 13556
169 189 29599
169 190 25085
169 191 52547
169 192 51932
169 193 48406
169 194 35840
169 195 15368
169 196 6888
169 197 28361
169 198 23462
169 199 48293
169 200 30117
170 1 39533
170 2 29801
170 3 28598
170 4 5988
170 5 45749
170 6 43376
170 7 55891
170 8 59252
170 9 38765
170 10 53835
170 11 59998
170 12 21174
170 13 31937
170 14 42178
170 15 26260
170 16 47765
170 17 56272
170 18 48530
170 19 60279
170 20 50124
170 21 18628
170 22 16711
170 23 -2855
170 24 14934
170 25 -286
170 26 22048
170 27 37615
170 28 31366
170 29 20954
170 30 45255
170 31 44213
170 32 53748
170 33 35664
170 34 31086
170 35 43504
170 36 68324
170 37 43163
170 38 49565
170 39 -8265
170 40 25675
170 41 17672
170 42 37026
170 43 33406
170 44 48188
170 45 56237
170 46 61998
170 47 61912
170 48 52420
170 49 68983
170 50 34103
170 51 41589
170 52 46148
170 53 31152
170 54 10073
170 55 6625
170 56 9176
170 57 28508
170 58 28761
170 59 39262
170 60 51055
170 61 48712
170 62 54277
170 63 62294
170 64 58834
170 65 42622
170 66 42889
170 67 -11676
170 68 16845
170 69 42102
170 70 48743
170 71 44781
170 72 11049
170 73 18771
170 74 16626
170 75 9323
170 76 28826
170 77 27695
170 78 34502
170 79 26745
170 80 23155
170 81 31985
170 82 53803
170 83 52646
170 84 53140
170 85 39099
170 86 47143
170 87 30603
170 88 51584
170 89 41551
170 90 60421
170 91 49467
170 92 43881
170 93 42624
170 94 36932
170 95 37227
170 96 43150
170 97 37459
170 98 43617
170 99 45217
170 100 42522
170 101 44598
170 102 30308
170 103 43141
170 104 45419
170 105 26461
170 106 50816
170 107 62268
170 108 50931
170 109 19801
170 110 13940
170 111 31978
170 112 34631
170 113 50480
170 114 53279
170 115 26713
170 116 27325
170 117 38137
170 118 42224
170 119 48119
170 120 33162
170 121 21837
170 122 44730
170 123 58779
170 124 63689
170 125 53496
170 126 61715
170 127 46497
170 128 49487
170 129 32044
170 130 8712
170 131 53444
170 132 39173
170 133 13738
170 134 11460
170 135 40186
170 136 50299
170 137 32195
170 138 26690
170 139 2204
170 140 49439
170 141 47412
170 142 39716
170 143 68791
170 144 30367
170 145 19934
170 146 40712
170 147 39908
170 148 52323
170 149 17587
170 150 22156
170 151 40449
170 152 26772
170 153 51064
170 154 23494
170 155 5842
170 156 35966
170 157 35152
170 158 28043
170 159 49868
170 160 48887
170 161 37645
170 162 42864
170 163 15836
170 164 30984
170 165 6998
170 166 45596
170 167 39944
170 168 63939
170 169 26418
170 171 12618
170 172 34447
170 173 52181
170 174 56554
170 175 64829
170 176 34379
170 177 17632
170 178 23719
170 179 12810
170 180 20538
170 181 52966
170 182 49189
170 183 37840
170 184 25719
170 185 32779
170 186 7710
170 187 -10
170 188 45487
170 189 53835
170 190 43935
170 191 47800
170 192 44923
170 193 44277
170 194 51240
170 195 16362
170 196 26123
170 197 9278
170 198 12361
170 199 56396
170 200 37593
171 1 32646
171 2 8505
171 3 29542
171 4 6496
171 5 25913
171 6 24860
171 7 41581
171 8 41532
171 9 39738
171 10 44464
171 11 48589
171 12 17577
171 13 12733
171 14 20176
171 15 5277
171 16 26157
171 17 35753
171 18 31816
171 19 46826
171 20 46980
171 21 3859
171 22 -1505
171 23 -3467
171 24 24324
171 25 15767
171 26 12676
171 27 25615
171 28 21582
171 29 28111
171 30 39586
171 31 33661
171 32 47332
171 33 35527
171 34 37031
171 35 47778
171 36 52540
171 37 21773
171 38 27717
171 39 1441
171 40 10093
171 41 -1003
171 42 15003
171 43 12280
171 44 26203
171 45 37101
171 46 44199
171 47 46382
171 48 37025
171 49 55112
171 50 30156
171 51 39696
171 52 32030
171 53 16850
171 54 13196
171 55 18609
171 56 5078
171 57 6491
171 58 11714
171 59 18659
171 60 32336
171 61 27632
171 62 42693
171 63 53393
171 64 48042
171 65 45978
171 66 41697
171 67 3621
171 68 18555
171 69 32883
171 70 41270
171 71 46551
171 72 -3813
171 73 567
171 74 -1399
171 75 -2555
171 76 25497
171 77 27236
171 78 38718
171 79 28910
171 80 24908
171 81 32950
171 82 37746
171 83 34206
171 84 33163
171 85 17874
171 86 25325
171 87 9156
171 88 39365
171 89 24799
171 90 52450
171 91 27836
171 92 22930
171 93 21824
171 94 17677
171 95 16979
171 96 23347
171 97 16482
171 98 22348
171 99 24973
171 100 20832
171 101 36419
171 102 27744
171 103 42842
171 104 25175
171 105 13396
171 106 36062
171 107 49796
171 108 42221
171 109 17741
171 110 8017
171 111 23924
171 112 18296
171 113 29300
171 114 35637
171 115 5190
171 116 26031
171 117 17835
171 118 23270
171 119 26110
171 120 35091
171 121 27685
171 122 39531
171 123 44986
171 124 47424
171 125 34455
171 126 52671
171 127 34675
171 128 45721
171 129 34812
171 130 13247
171 131 47703
171 132 30193
171 133 -3052
171 134 18062
171 135 44164
171 136 54352
171 137 12267
171 138 19015
171 139 10266
171 140 27540
171 141 25566
171 142 17734
171 143 54121
171 144 8495
171 145 -1530
171 146 27146
171 147 22001
171 148 40438
171 149 10307
171 150 23909
171 151 19498
171 152 9725
171 153 35828
171 154 15819
171 155 6350
171 156 21085
171 157 33240
171 158 28987
171 159 39056
171 160 43900
171 161 38623
171 162 33645
171 163 22883
171 164 35337
171 165 17323
171 166 28033
171 167 28240
171 168 48580
171 169 31541
171 170 11433
171 172 12435
171 173 31676
171 174 38446
171 175 52528
171 176 26907
171 177 18514
171 178 2142
171 179 9635
171 180 7634
171 181 46096
171 182 36044
171 183 19203
171 184 22849
171 185 33737
171 186 5501
171 187 10032
171 188 43210
171 189 44464
171 190 32583
171 191 25966
171 192 22940
171 193 22664
171 194 36721
171 195 11763
171 196 24191
171 197 -428
171 198 1992
171 199 37911
171 200 23920
172 1 35521
172 2 8505
172 3 38890
172 4 23291
172 5 12546
172 6 16394
172 7 34962
172 8 30189
172 9 46695
172 10 42593
172 11 43663
172 12 27331
172 13 6943
172 14 2423
172 15 -1904
172 16 8908
172 17 20228
172 18 23350
172 19 39869
172 20 50332
172 21 17036
172 22 14568
172 23 13015
172 24 38687
172 25 33254
172 26 21142
172 27 25615
172 28 25697
172 29 40685
172 30 41457
172 31 31870
172 32 47332
172 33 42936
172 34 47389
172 35 56236
172 36 42281
172 37 5993
172 38 10377
172 39 19425
172 40 15883
172 41 9760
172 42 -2786
172 43 -539
172 44 8221
172 45 23631
172 46 31965
172 47 36917
172 48 28315
172 49 46784
172 50 35986
172 51 44956
172 52 27565
172 53 18632
172 54 27466
172 55 35466
172 56 23042
172 57 532
172 58 12851
172 59 5247
172 60 20978
172 61 11598
172 62 38493
172 63 50879
172 64 42716
172 65 52925
172 66 45746
172 67 21042
172 68 29618
172 69 33905
172 70 42089
172 71 53171
172 72 13157
172 73 15006
172 74 16601
172 75 15147
172 76 33083
172 77 36276
172 78 48576
172 79 38329
172 80 36494
172 81 40720
172 82 28793
172 83 22620
172 84 19004
172 85 1917
172 86 7575
172 87 -2222
172 88 35412
172 89 18374
172 90 51138
172 91 10752
172 92 9009
172 93 7194
172 94 8873
172 95 6070
172 96 11830
172 97 3928
172 98 6729
172 99 11996
172 100 3790
172 101 37318
172 102 34118
172 103 48463
172 104 12198
172 105 17955
172 106 29379
172 107 43776
172 108 40780
172 109 29002
172 110 23636
172 111 28102
172 112 14921
172 113 12683
172 114 24653
172 115 7086
172 116 35121
172 117 8162
172 118 11601
172 119 8110
172 120 42895
172 121 39781
172 122 42305
172 123 37954
172 124 37302
172 125 21202
172 126 50113
172 127 32207
172 128 48325
172 129 44540
172 130 28376
172 131 48337
172 132 31766
172 133 13566
172 134 32124
172 135 52635
172 136 62336
172 137 8084
172 138 26061
172 139 28194
172 140 10053
172 141 7824
172 142 370
172 143 45072
172 144 -1175
172 145 5981
172 146 25193
172 147 14157
172 148 36352
172 149 21410
172 150 35495
172 151 5577
172 152 10862
172 153 28808
172 154 22865
172 155 23145
172 156 19514
172 157 39859
172 158 38335
172 159 35660
172 160 45567
172 161 45012
172 162 33645
172 163 36648
172 164 44649
172 165 33871
172 166 19043
172 167 27126
172 168 39375
172 169 42394
172 170 29422
172 171 8595
172 173 16640
172 174 26323
172 175 46610
172 176 30020
172 177 30612
172 178 2142
172 179 23440
172 180 15997
172 181 44967
172 182 30593
172 183 11120
172 184 31315
172 185 42147
172 186 23221
172 187 27966
172 188 47134
172 189 42593
172 190 30239
172 191 8277
172 192 4968
172 193 5690
172 194 30195
172 195 23146
172 196 32646
172 197 17330
172 198 16457
172 199 25956
172 200 23920
173 1 33141
173 2 25057
173 3 42874
173 4 38179
173 5 -3230
173 6 13507
173 7 21249
173 8 11222
173 9 45874
173 10 32639
173 11 29397
173 12 34396
173 13 13529
173 14 9460
173 15 18985
173 16 -494
173 17 -466
173 18 10691
173 19 23848
173 20 45219
173 21 31716
173 22 33804
173 23 32581
173 24 48362
173 25 48220
173 26 29706
173 27 23988
173 28 28716
173 29 47701
173 30 35602
173 31 23792
173 32 38121
173 33 43876
173 34 50448
173 35 56236
173 36 22750
173 37 8815
173 38 11675
173 39 36956
173 40 26599
173 41 30115
173 42 15594
173 43 16752
173 44 7188
173 45 2795
173 46 11459
173 47 18462
173 48 11288
173 49 28572
173 50 36730
173 51 42834
173 52 19480
173 53 23710
173 54 38591
173 55 49378
173 56 40967
173 57 20850
173 58 21530
173 59 3934
173 60 6616
173 61 -2083
173 62 26145
173 63 38881
173 64 26941
173 65 50220
173 66 40387
173 67 39808
173 68 36244
173 69 30372
173 70 35914
173 71 50995
173 72 29891
173 73 31352
173 74 34680
173 75 33689
173 76 36566
173 77 40513
173 78 51636
173 79 41734
173 80 43966
173 81 41608
173 82 12474
173 83 5274
173 84 -1427
173 85 -3727
173 86 -2779
173 87 12116
173 88 24714
173 89 12927
173 90 40736
173 91 8071
173 92 11690
173 93 1655
173 94 9906
173 95 9585
173 96 8315
173 97 11518
173 98 6729
173 99 6898
173 100 6563
173 101 32180
173 102 34815
173 103 45780
173 104 7100
173 105 25001
173 106 16484
173 107 28483
173 108 30972
173 109 37504
173 110 37995
173 111 29468
173 112 15670
173 113 -4796
173 114 6487
173 115 24377
173 116 39923
173 117 14875
173 118 -2521
173 119 10243
173 120 43169
173 121 46440
173 122 37936
173 123 22260
173 124 18536
173 125 571
173 126 38185
173 127 24565
173 128 42160
173 129 48194
173 130 40459
173 131 39816
173 132 29102
173 133 32699
173 134 42062
173 135 52878
173 136 61436
173 137 19107
173 138 31705
173 139 44862
173 140 10721
173 141 2377
173 142 15130
173 143 26415
173 144 17375
173 145 25926
173 146 22217
173 147 9691
173 148 24754
173 149 31783
173 150 42967
173 151 8258
173 152 19541
173 153 16143
173 154 28509
173 155 38033
173 156 20182
173 157 40534
173 158 42319
173 159 24098
173 160 38551
173 161 42961
173 162 27836
173 163 45936
173 164 46467
173 165 47385
173 166 8312
173 167 22549
173 168 21207
173 169 46965
173 170 46164
173 171 26844
173 172 15648
173 174 6336
173 175 31319
173 176 28757
173 177 39214
173 178 19488
173 179 35420
173 180 26658
173 181 33769
173 182 17706
173 183 10153
173 184 35994
173 185 44329
173 186 41676
173 187 44602
173 188 42470
173 189 32639
173 190 22092
173 191 4762
173 192 8483
173 193 4324
173 194 17201
173 195 32786
173 196 36737
173 197 34357
173 198 30704
173 199 7353
173 200 25150
174 1 31046
174 2 36866
174 3 43746
174 4 46684
174 5 7562
174 6 21569
174 7 12244
174 8 -811
174 9 42390
174 10 24024
174 11 16872
174 12 38511
174 13 23500
174 14 24977
174 15 33570
174 16 14639
174 17 6362
174 18 9033
174 19 10387
174 20 38879
174 21 41206
174 22 45662
174 23 44153
174 24 52459
174 25 56025
174 26 35809
174 27 25315
174 28 31920
174 29 49892
174 30 29537
174 31 18183
174 32 28823
174 33 42374
174 34 49302
174 35 52582
174 36 7228
174 37 23193
174 38 25958
174 39 46810
174 40 35034
174 41 42882
174 42 30333
174 43 32102
174 44 22463
174 45 -3286
174 46 -3402
174 47 3340
174 48 -1978
174 49 13281
174 50 36224
174 51 39017
174 52 17548
174 53 29848
174 54 44503
174 55 56602
174 56 51494
174 57 34274
174 58 30065
174 59 16765
174 60 11585
174 61 13441
174 62 16121
174 63 27672
174 64 12706
174 65 44156
174 66 33103
174 67 50290
174 68 39082
174 69 28435
174 70 30400
174 71 45938
174 72 40204
174 73 41789
174 74 45805
174 75 44862
174 76 38081
174 77 41915
174 78 50919
174 79 41823
174 80 47441
174 81 39744
174 82 2002
174 83 5007
174 84 8222
174 85 11310
174 86 10193
174 87 25043
174 88 17436
174 89 16990
174 90 30848
174 91 23520
174 92 24967
174 93 15547
174 94 19712
174 95 21198
174 96 19202
174 97 24291
174 98 21159
174 99 19079
174 100 21669
174 101 28117
174 102 33824
174 103 40877
174 104 19281
174 105 31400
174 106 9573
174 107 15333
174 108 22136
174 109 42298
174 110 46580
174 111 30910
174 112 21675
174 113 6607
174 114 -2450
174 115 36269
174 116 41955
174 117 26396
174 118 3811
174 119 25704
174 120 40453
174 121 48562
174 122 33182
174 123 9475
174 124 3404
174 125 -5199
174 126 27120
174 127 20516
174 128 34979
174 129 48361
174 130 46899
174 131 30966
174 132 27797
174 133 44430
174 134 46731
174 135 49546
174 136 56958
174 137 29917
174 138 35825
174 139 54192
174 140 24971
174 141 17505
174 142 30386
174 143 11013
174 144 30588
174 145 38606
174 146 23828
174 147 16226
174 148 15973
174 149 38441
174 150 46442
174 151 21535
174 152 28076
174 153 10562
174 154 32629
174 155 46538
174 156 24892
174 157 39323
174 158 43191
174 159 14499
174 160 30973
174 161 38274
174 162 23714
174 163 50037
174 164 44552
174 165 54417
174 166 11158
174 167 21365
174 168 6289
174 169 47411
174 170 55152
174 171 38229
174 172 29946
174 173 10951
174 175 18081
174 176 27903
174 177 43643
174 178 31552
174 179 42475
174 180 34408
174 181 22573
174 182 8421
174 183 18721
174 184 38295
174 185 43644
174 186 52489
174 187 53849
174 188 36266
174 189 24024
174 190 17065
174 191 20193
174 192 24006
174 193 19660
174 194 9706
174 195 38657
174 196 38369
174 197 44560
174 198 39578
174 199 4374
174 200 29270
175 1 24823
175 2 48985
175 3 38189
175 4 51596
175 5 26357
175 6 34293
175 7 11797
175 8 18325
175 9 29678
175 10 9024
175 11 -5520
175 12 38705
175 13 35404
175 14 45058
175 15 49567
175 16 35997
175 17 29265
175 18 19878
175 19 -3929
175 20 22988
175 21 48942
175 22 56161
175 23 53110
175 24 49990
175 25 58746
175 26 39692
175 27 27155
175 28 33520
175 29 44777
175 30 15761
175 31 10990
175 32 9295
175 33 33449
175 34 38910
175 35 38427
175 36 5032
175 37 40875
175 38 48113
175 39 52886
175 40 42721
175 41 54913
175 42 47447
175 43 50315
175 44 43547
175 45 19846
175 46 11459
175 47 2344
175 48 -146
175 49 -34
175 50 30506
175 51 26977
175 52 20807
175 53 36125
175 54 45731
175 55 58758
175 56 59269
175 57 48569
175 58 38935
175 59 33364
175 60 28131
175 61 34105
175 62 2669
175 63 6050
175 64 -9069
175 65 26335
175 66 14731
175 67 56606
175 68 36244
175 69 24419
175 70 19245
175 71 30236
175 72 48548
175 73 50770
175 74 55270
175 75 53971
175 76 34902
175 77 37592
175 78 41781
175 79 34655
175 80 45509
175 81 29794
175 82 10175
175 83 22953
175 84 29114
175 85 30475
175 86 32816
175 87 39690
175 88 11412
175 89 26738
175 90 11225
175 91 43266
175 92 41457
175 93 33605
175 94 32952
175 95 35817
175 96 34606
175 97 39604
175 98 39145
175 99 35796
175 100 40367
175 101 20120
175 102 26739
175 103 26218
175 104 35998
175 105 36981
175 106 12477
175 107 -6028
175 108 5668
175 109 42955
175 110 52205
175 111 29824
175 112 30202
175 113 29300
175 114 15012
175 115 48270
175 116 38792
175 117 40314
175 118 20669
175 119 46267
175 120 28698
175 121 43643
175 122 21448
175 123 -97
175 124 9349
175 125 17658
175 126 5874
175 127 17595
175 128 17885
175 129 41127
175 130 48675
175 131 11883
175 132 24311
175 133 54636
175 134 45637
175 135 36034
175 136 41488
175 137 41865
175 138 37303
175 139 59670
175 140 47145
175 141 38850
175 142 48687
175 143 1918
175 144 45048
175 145 50949
175 146 27665
175 147 28116
175 148 6382
175 149 42291
175 150 44510
175 151 38025
175 152 36946
175 153 15836
175 154 34107
175 155 51450
175 156 31378
175 157 31604
175 158 37634
175 159 -44
175 160 13836
175 161 23485
175 162 16798
175 163 47993
175 164 33339
175 165 56436
175 166 23790
175 167 20958
175 168 4450
175 169 39944
175 170 59417
175 171 48301
175 172 46223
175 173 31924
175 174 14071
175 176 23771
175 177 43222
175 178 43919
175 179 46033
175 180 40639
175 181 208
175 182 2476
175 183 31259
175 184 35994
175 185 35633
175 186 60521
175 187 59099
175 188 20192
175 189 9024
175 190 12128
175 191 40982
175 192 43963
175 193 39039
175 194 11332
175 195 41116
175 196 34855
175 197 52323
175 198 46057
175 199 23779
175 200 34282
176 1 -479
176 2 28270
176 3 9740
176 4 22988
176 5 22827
176 6 21992
176 7 18857
176 8 27334
176 9 11267
176 10 13227
176 11 19638
176 12 8986
176 13 18001
176 14 35428
176 15 31602
176 16 31904
176 17 32604
176 18 17531
176 19 21129
176 20 14386
176 21 23094
176 22 31555
176 23 26256
176 24 20311
176 25 29015
176 26 12139
176 27 5640
176 28 6395
176 29 16228
176 30 6452
176 31 4213
176 32 14383
176 33 8918
176 34 15706
176 35 21485
176 36 30945
176 37 30195
176 38 42467
176 39 24359
176 40 18468
176 41 31685
176 42 32991
176 43 35636
176 44 37051
176 45 27518
176 46 28578
176 47 24784
176 48 15841
176 49 29601
176 50 2107
176 51 8841
176 52 11866
176 53 13061
176 54 15925
176 55 28966
176 56 32079
176 57 29620
176 58 17066
176 59 22896
176 60 24964
176 61 30195
176 62 14258
176 63 21796
176 64 18238
176 65 16938
176 66 9649
176 67 27818
176 68 6472
176 69 2293
176 70 8474
176 71 17239
176 72 22538
176 73 25722
176 74 29978
176 75 27963
176 76 5013
176 77 8284
176 78 17055
176 79 7699
176 80 15568
176 81 6625
176 82 19077
176 83 24247
176 84 29114
176 85 23118
176 86 31414
176 87 23264
176 88 12567
176 89 14975
176 90 20166
176 91 35705
176 92 29770
176 93 25421
176 94 19080
176 95 22228
176 96 24140
176 97 25548
176 98 29401
176 99 26678
176 100 30591
176 101 4007
176 102 -58
176 103 12313
176 104 26880
176 105 11963
176 106 15038
176 107 22383
176 108 10394
176 109 13229
176 110 24313
176 111 952
176 112 12479
176 113 30173
176 114 21726
176 115 27060
176 116 8994
176 117 25038
176 118 16964
176 119 38388
176 120 8251
176 121 14931
176 122 6531
176 123 20145
176 124 27890
176 125 24729
176 126 21181
176 127 8159
176 128 12807
176 129 14233
176 130 18943
176 131 14612
176 132 -348
176 133 29688
176 134 15667
176 135 18042
176 136 27045
176 137 22899
176 138 8697
176 139 30980
176 140 41731
176 141 33782
176 142 35722
176 143 30167
176 144 27247
176 145 28695
176 146 9912
176 147 16391
176 148 12698
176 149 14096
176 150 14569
176 151 26338
176 152 15077
176 153 16445
176 154 5501
176 155 22842
176 156 11800
176 157 5606
176 158 9185
176 159 9509
176 160 10774
176 161 9073
176 162 2404
176 163 18165
176 164 11505
176 165 26642
176 166 17867
176 167 3592
176 168 26662
176 169 13279
176 170 30018
176 171 23731
176 172 30684
176 173 30413
176 174 24944
176 175 24822
176 177 13246
176 178 23249
176 179 17196
176 180 14696
176 181 13392
176 182 10641
176 183 17792
176 184 6007
176 185 9696
176 186 33336
176 187 30266
176 188 11006
176 189 13227
176 190 4728
176 191 34729
176 192 35154
176 193 30825
176 194 14940
176 195 12093
176 196 5128
176 197 25527
176 198 19010
176 199 27386
176 200 12680
177 1 17039
177 2 24905
177 3 6704
177 4 7458
177 5 32498
177 6 29630
177 7 35963
177 8 42080
177 9 17468
177 10 31492
177 11 38073
177 12 -128
177 13 20865
177 14 37669
177 15 27440
177 16 38571
177 17 43369
177 18 31202
177 19 39306
177 20 27543
177 21 13993
177 22 21333
177 23 11932
177 24 3960
177 25 10836
177 26 6417
177 27 18036
177 28 11713
177 29 4925
177 30 22433
177 31 22551
177 32 30924
177 33 13613
177 34 13333
177 35 24432
177 36 48542
177 37 34469
177 38 45706
177 39 7971
177 40 14937
177 41 22639
177 42 32991
177 43 33574
177 44 41520
177 45 40778
177 46 44345
177 47 42196
177 48 32900
177 49 47902
177 50 11288
177 51 19158
177 52 26959
177 53 15785
177 54 -2035
177 55 10739
177 56 18114
177 57 26277
177 58 17066
177 59 28604
177 60 36131
177 61 37941
177 62 32654
177 63 39692
177 64 36506
177 65 23061
177 66 20948
177 67 10654
177 68 -4982
177 69 20374
177 70 26129
177 71 24095
177 72 11642
177 73 16815
177 74 19448
177 75 15830
177 76 6069
177 77 5135
177 78 15148
177 79 5716
177 80 1237
177 81 10500
177 82 35117
177 83 36897
177 84 39675
177 85 29267
177 86 38465
177 87 23778
177 88 30544
177 89 25391
177 90 37711
177 91 40942
177 92 34274
177 93 31921
177 94 24706
177 95 26648
177 96 31004
177 97 28562
177 98 34374
177 99 33581
177 100 34667
177 101 22252
177 102 7553
177 103 21368
177 104 33783
177 105 11456
177 106 31414
177 107 40774
177 108 28404
177 109 -638
177 110 10988
177 111 10618
177 112 19357
177 113 39300
177 114 36189
177 115 22819
177 116 4527
177 117 28195
177 118 27682
177 119 42067
177 120 12334
177 121 4183
177 122 21906
177 123 38109
177 124 44678
177 125 37967
177 126 39149
177 127 25632
177 128 26826
177 129 11434
177 130 1064
177 131 30624
177 132 17461
177 133 18974
177 134 -2104
177 135 20856
177 136 31120
177 137 23209
177 138 7042
177 139 14549
177 140 45223
177 141 39436
177 142 36156
177 143 48228
177 144 25754
177 145 21483
177 146 22047
177 147 25198
177 148 30960
177 149 4003
177 150 238
177 151 30842
177 152 15077
177 153 32155
177 154 3846
177 155 7312
177 156 19378
177 157 12520
177 158 6149
177 159 27948
177 160 26090
177 161 16472
177 162 20843
177 163 1529
177 164 11840
177 165 8435
177 166 29565
177 167 19512
177 168 44126
177 169 7836
177 170 12235
177 171 14302
177 172 30240
177 173 39834
177 174 39648
177 175 43237
177 176 12210
177 178 19562
177 179 2915
177 180 9018
177 181 30143
177 182 28472
177 183 24548
177 184 3000
177 185 11136
177 186 19082
177 187 13554
177 188 23110
177 189 31492
177 190 22705
177 191 39956
177 192 38644
177 193 35813
177 194 31610
177 195 138
177 196 3302
177 197 12894
177 198 7813
177 199 40489
177 200 20175
178 1 30062
178 2 -344
178 3 30932
178 4 13854
178 5 16711
178 6 16570
178 7 34641
178 8 32986
178 9 39800
178 10 39706
178 11 42563
178 12 18980
178 13 4590
178 14 11902
178 15 1235
178 16 16762
178 17 26315
178 18 23993
178 19 39931
178 20 44980
178 21 7558
178 22 6995
178 23 5757
178 24 29421
178 25 23896
178 26 12852
178 27 21155
178 28 19235
178 29 31832
178 30 36699
178 31 28773
178 32 43613
178 33 35751
178 34 39278
178 35 48852
178 36 44508
178 37 12297
178 38 19858
178 39 10728
178 40 7740
178 41 4074
178 42 6683
178 43 6713
178 44 17271
178 45 28016
178 46 35494
178 47 38562
178 48 29395
178 49 47801
178 50 29266
178 51 38691
178 52 25708
178 53 12670
178 54 18134
178 55 26000
178 56 14462
178 57 -551
178 58 6500
178 59 9289
178 60 23587
178 61 18146
178 62 36866
178 63 48470
178 64 41973
178 65 46203
178 66 40183
178 67 13107
178 68 21064
178 69 29234
178 70 37754
178 71 46498
178 72 3944
178 73 5622
178 74 8003
178 75 6926
178 76 25599
178 77 28365
178 78 40581
178 79 30407
178 80 27773
178 81 33442
178 82 29950
178 83 25485
178 84 23875
178 85 8388
178 86 16078
178 87 -327
178 88 33520
178 89 17398
178 90 48064
178 91 18446
178 92 13478
178 93 12381
178 94 9086
178 95 7831
178 96 14299
178 97 7046
178 98 12862
178 99 15706
178 100 11473
178 101 32852
178 102 27245
178 103 42140
178 104 15908
178 105 10798
178 106 29028
178 107 43301
178 108 37700
178 109 20242
178 110 14150
178 111 21815
178 112 11766
178 113 19817
178 114 27164
178 115 -2354
178 116 27143
178 117 8742
178 118 14428
178 119 17314
178 120 35664
178 121 31036
178 122 37079
178 123 38020
178 124 39349
178 125 25410
178 126 47716
178 127 29367
178 128 43336
178 129 36524
178 130 18943
178 131 44305
178 132 26802
178 133 5872
178 134 22877
178 135 45226
178 136 55159
178 137 3975
178 138 18463
178 139 19154
178 140 19540
178 141 16352
178 142 9771
178 143 46522
178 144 -548
178 145 -150
178 146 21705
178 147 13999
178 148 34602
178 149 12475
178 150 26774
178 151 10046
178 152 4511
178 153 28622
178 154 15267
178 155 13708
178 156 15489
178 157 32919
178 158 30377
178 159 33592
178 160 40998
178 161 38396
178 162 29594
178 163 27473
178 164 36890
178 165 24388
178 166 19919
178 167 23417
178 168 40843
178 169 34053
178 170 20474
178 171 82
178 172 3922
178 173 22260
178 174 29709
178 175 46086
178 176 24365
178 177 21714
178 179 14094
178 180 7402
178 181 41902
178 182 29610
178 183 10931
178 184 23492
178 185 34582
178 186 14986
178 187 18927
178 188 41545
178 189 39706
178 190 27389
178 191 16739
178 192 14023
178 193 13263
178 194 29768
178 195 14253
178 196 24887
178 197 8280
178 198 6976
178 199 29131
178 200 19150
179 1 22016
179 2 17891
179 3 14939
179 4 166
179 5 29514
179 6 26660
179 7 37479
179 8 41499
179 9 25600
179 10 35920
179 11 41766
179 12 3993
179 13 16317
179 14 31332
179 15 19566
179 16 33870
179 17 40379
179 18 30619
179 19 41848
179 20 34593
179 21 6008
179 22 12797
179 23 4145
179 24 9721
179 25 7949
179 26 3709
179 27 19178
179 28 12951
179 29 12883
179 30 28472
179 31 25973
179 32 36852
179 33 21521
179 34 21854
179 35 32938
179 36 49973
179 37 29331
179 38 39383
179 39 1535
179 40 9486
179 41 14143
179 42 26283
179 43 26035
179 44 35908
179 45 39154
179 46 44153
179 47 43556
179 48 34077
179 49 50551
179 50 17611
179 51 26559
179 52 27780
179 53 13348
179 54 -1589
179 55 8540
179 56 10059
179 57 18862
179 58 12450
179 59 24228
179 60 34034
179 61 33844
179 62 35970
179 63 44609
179 64 40786
179 65 31466
179 66 28585
179 67 5076
179 68 3520
179 69 23977
179 70 31245
179 71 32333
179 72 3124
179 73 8609
179 74 10919
179 75 7357
179 76 12348
179 77 12944
179 78 23688
179 79 14135
179 80 9780
179 81 18660
179 82 35602
179 83 35347
179 84 36877
179 85 24685
179 86 33676
179 87 17691
179 88 33182
179 89 23888
179 90 42972
179 91 35878
179 92 29425
179 93 27652
179 94 20892
179 95 22099
179 96 27287
179 97 23325
179 98 29476
179 99 29678
179 100 29284
179 101 26813
179 102 14593
179 103 29218
179 104 29880
179 105 8581
179 106 32456
179 107 43903
179 108 33203
179 109 3200
179 110 2486
179 111 13881
179 112 17114
179 113 35507
179 114 35532
179 115 15514
179 116 11911
179 117 23291
179 118 25362
179 119 36220
179 120 20639
179 121 12421
179 122 28059
179 123 40340
179 124 45457
179 125 36374
179 126 43981
179 127 28092
179 128 33688
179 129 19920
179 130 -469
179 131 36808
179 132 21065
179 133 10430
179 134 3215
179 135 29351
179 136 39602
179 137 17663
179 138 8394
179 139 8171
179 140 38995
179 141 34285
179 142 29425
179 143 50358
179 144 18950
179 145 13255
179 146 22364
179 147 22790
179 148 33963
179 149 -745
179 150 8781
179 151 25993
179 152 10461
179 153 32779
179 154 5198
179 155 20
179 156 17994
179 157 19840
179 158 14384
179 159 31672
179 160 32510
179 161 24587
179 162 24826
179 163 7912
179 164 20371
179 165 6426
179 166 28079
179 167 21519
179 168 45567
179 169 16350
179 170 7849
179 171 5859
179 172 23504
179 173 36476
179 174 38916
179 175 46484
179 176 16596
179 177 3351
179 178 12378
179 180 3596
179 181 36000
179 182 30754
179 183 21293
179 184 9332
179 185 19323
179 186 11186
179 187 7508
179 188 30436
179 189 35920
179 190 25581
179 191 34717
179 192 32820
179 193 30702
179 194 32853
179 195 -1793
179 196 10389
179 197 4427
179 198 -549
179 199 39064
179 200 19385
180 1 19608
180 2 10698
180 3 18176
180 4 6874
180 5 20582
180 6 17804
180 7 30721
180 8 33310
180 9 27524
180 10 31824
180 11 36595
180 12 6175
180 13 7332
180 14 23270
180 15 13850
180 16 24985
180 17 31419
180 18 22617
180 19 35644
180 20 34021
180 21 3113
180 22 11458
180 23 7119
180 24 17680
180 25 16435
180 26 119
180 27 13280
180 28 8575
180 29 19284
180 30 26548
180 31 21187
180 32 34351
180 33 23359
180 34 26475
180 35 36245
180 36 42771
180 37 20543
180 38 31322
180 39 7433
180 40 606
180 41 11698
180 42 18579
180 43 19501
180 44 27364
180 45 30512
180 46 36057
180 47 36400
180 48 26904
180 49 44234
180 50 17402
180 51 26977
180 52 20893
180 53 5347
180 54 6898
180 55 17362
180 56 13228
180 57 12253
180 58 3450
180 59 15255
180 60 25334
180 61 24858
180 62 30665
180 63 40750
180 64 35959
180 65 33919
180 66 28870
180 67 11159
180 68 8304
180 69 20010
180 70 28298
180 71 34308
180 72 2714
180 73 5622
180 74 9943
180 75 8215
180 76 13157
180 77 15638
180 78 27797
180 79 17651
180 80 15104
180 81 20963
180 82 28058
180 83 26803
180 84 27961
180 85 15758
180 86 24826
180 87 9393
180 88 27476
180 89 15609
180 90 39627
180 91 27084
180 92 20538
180 93 18673
180 94 11902
180 95 13136
180 96 18294
180 97 14548
180 98 20614
180 99 20678
180 100 20605
180 101 23479
180 102 15168
180 103 30269
180 104 20880
180 105 932
180 106 25427
180 107 38194
180 108 29473
180 109 7602
180 110 6821
180 111 10886
180 112 8690
180 113 26509
180 114 27337
180 115 8853
180 116 14404
180 117 14391
180 118 16595
180 119 27806
180 120 23179
180 121 18392
180 122 26502
180 123 33942
180 124 37949
180 125 27748
180 126 40048
180 127 22533
180 128 32712
180 129 23743
180 130 8481
180 131 34684
180 132 17268
180 133 9621
180 134 11126
180 135 32616
180 136 42641
180 137 8972
180 138 6212
180 139 14549
180 140 30859
180 141 25537
180 142 21742
180 143 43658
180 144 11382
180 145 9131
180 146 15539
180 147 14105
180 148 28472
180 149 168
180 150 14105
180 151 17106
180 152 1461
180 153 25489
180 154 3016
180 155 6728
180 156 10184
180 157 20757
180 158 17621
180 159 26781
180 160 30861
180 161 26276
180 162 20843
180 163 15482
180 164 24157
180 165 15333
180 166 19672
180 167 15937
180 168 38479
180 169 21253
180 170 15352
180 171 3633
180 172 15836
180 173 27489
180 174 30624
180 175 40865
180 176 13871
180 177 9229
180 178 5461
180 179 3371
180 181 33189
180 182 24598
180 183 12383
180 184 10842
180 185 21969
180 186 14477
180 187 14155
180 188 30325
180 189 31824
180 190 20318
180 191 25997
180 192 24386
180 193 21921
180 194 25953
180 195 1797
180 196 12247
180 197 6285
180 198 119
180 199 30545
180 200 12192
181 1 25313
181 2 57791
181 3 34909
181 4 54384
181 5 41001
181 6 45755
181 7 25710
181 8 35304
181 9 20312
181 10 11454
181 11 6874
181 12 39961
181 13 45304
181 14 58933
181 15 60159
181 16 51252
181 17 46048
181 18 33334
181 19 14226
181 20 12774
181 21 54511
181 22 62802
181 23 57879
181 24 47173
181 25 59144
181 26 43730
181 27 33377
181 28 37657
181 29 40264
181 30 10774
181 31 16551
181 32 -1325
181 33 28060
181 34 30036
181 35 26254
181 36 22629
181 37 53843
181 38 63516
181 39 55674
181 40 49232
181 41 62543
181 42 59360
181 43 62458
181 44 58334
181 45 37101
181 46 29838
181 47 20782
181 48 17205
181 49 14510
181 50 29145
181 51 19875
181 52 30790
181 53 42935
181 54 46292
181 55 59049
181 56 63699
181 57 58457
181 58 46699
181 59 46117
181 60 42403
181 61 49156
181 62 12762
181 63 2932
181 64 -6191
181 65 10511
181 66 -263
181 67 58874
181 68 34573
181 69 27784
181 70 18585
181 71 17239
181 72 54041
181 73 56982
181 74 61362
181 75 59506
181 76 34540
181 77 35576
181 78 34593
181 79 29784
181 80 44400
181 81 23058
181 82 26179
181 83 38331
181 84 44817
181 85 44508
181 86 48991
181 87 50471
181 88 20927
181 89 37678
181 90 5907
181 91 57425
181 92 53905
181 93 47193
181 94 44127
181 95 47370
181 96 47090
181 97 51192
181 98 52393
181 99 48874
181 100 53795
181 101 21535
181 102 23848
181 103 15405
181 104 49076
181 105 42804
181 106 25689
181 107 12077
181 108 5526
181 109 44054
181 110 55910
181 111 32541
181 112 39274
181 113 45741
181 114 31400
181 115 56854
181 116 37728
181 117 51263
181 118 34891
181 119 60631
181 120 19874
181 121 39564
181 122 17440
181 123 17039
181 124 27591
181 125 34745
181 126 4048
181 127 24997
181 128 6712
181 129 36013
181 130 49394
181 131 487
181 132 27458
181 133 61025
181 134 44244
181 135 24638
181 136 27974
181 137 51276
181 138 40316
181 139 62252
181 140 62590
181 141 53958
181 142 61292
181 143 18554
181 144 55361
181 145 59122
181 146 35524
181 147 39538
181 148 16180
181 149 45705
181 150 43401
181 151 50473
181 152 44710
181 153 28993
181 154 37120
181 155 54238
181 156 39426
181 157 27959
181 158 34354
181 159 7380
181 160 4203
181 161 11873
181 162 19912
181 163 45858
181 164 24157
181 165 56767
181 166 36737
181 167 27408
181 168 22868
181 169 33957
181 170 60607
181 171 54922
181 172 57633
181 173 47427
181 174 31616
181 175 13261
181 176 25394
181 177 43181
181 178 52788
181 179 48602
181 180 46016
181 182 15091
181 183 42385
181 184 35896
181 185 30520
181 186 64954
181 187 61450
181 188 8993
181 189 11454
181 190 19042
181 191 55701
181 192 57954
181 193 52969
181 194 24572
181 195 43504
181 196 33804
181 197 57138
181 198 50615
181 199 39788
181 200 41345
182 1 15937
182 2 36931
182 3 29660
182 4 40127
182 5 16340
182 6 22560
182 7 1085
182 8 11809
182 9 25202
182 10 6053
182 11 3484
182 12 28060
182 13 23414
182 14 34587
182 15 37814
182 16 26558
182 17 21810
182 18 8844
182 19 1498
182 20 20912
182 21 37012
182 22 44098
182 23 41181
182 24 40525
182 25 47834
182 26 28174
182 27 15540
182 28 22234
182 29 36300
182 30 11729
182 31 1606
182 32 11229
182 33 26518
182 34 33120
182 35 35136
182 36 10698
182 37 29834
182 38 38827
182 39 41312
182 40 30731
182 41 42832
182 42 36027
182 43 39031
182 44 33710
182 45 13547
182 46 10143
182 47 4620
182 48 -3740
182 49 10193
182 50 21734
182 51 21878
182 52 8728
182 53 24164
182 54 35018
182 55 47942
182 56 47423
182 57 36651
182 58 26864
182 59 22181
182 60 17778
182 61 24470
182 62 -1166
182 63 11633
182 64 2778
182 65 26143
182 66 15090
182 67 45064
182 68 26689
182 69 14325
182 70 13001
182 71 28115
182 72 36598
182 73 38757
182 74 43249
182 75 41990
182 76 25224
182 77 28488
182 78 35187
182 79 26929
182 80 35652
182 81 23515
182 82 2278
182 83 13676
182 84 20170
182 85 20038
182 86 24371
182 87 27904
182 88 535
182 89 14813
182 90 13550
182 91 32935
182 92 30160
182 93 22868
182 94 21179
182 95 24180
182 96 23270
182 97 28006
182 98 28239
182 99 24752
182 100 29584
182 101 11829
182 102 18693
182 103 23171
182 104 24954
182 105 25138
182 106 1096
182 107 4152
182 108 4254
182 109 32256
182 110 40573
182 111 19177
182 112 18121
182 113 21253
182 114 7317
182 115 36206
182 116 29222
182 117 28526
182 118 10285
182 119 36110
182 120 23606
182 121 35038
182 122 15882
182 123 43
182 124 8385
182 125 11014
182 126 10915
182 127 6413
182 128 16951
182 129 33462
182 130 37855
182 131 13199
182 132 14116
182 133 42586
182 134 35642
182 135 32254
182 136 39228
182 137 29840
182 138 26198
182 139 48171
182 140 37897
182 141 29279
182 142 37551
182 143 10166
182 144 33186
182 145 38878
182 146 15715
182 147 16344
182 148 -2054
182 149 30852
182 150 34653
182 151 26728
182 152 24875
182 153 4482
182 154 23002
182 155 39981
182 156 19332
182 157 23917
182 158 29105
182 159 -3129
182 160 12953
182 161 20586
182 162 7747
182 163 38321
182 164 27998
182 165 45634
182 166 12535
182 167 9559
182 168 6478
182 169 32495
182 170 48206
182 171 36246
182 172 34635
182 173 22740
182 174 8840
182 175 6905
182 176 14019
182 177 32886
182 178 31872
182 179 34732
182 180 28801
182 181 6467
182 183 19451
182 184 26061
182 185 28272
182 186 48661
182 187 47647
182 188 18303
182 189 6053
182 190 1567
182 191 31080
182 192 33546
182 193 28553
182 194 -61
182 195 29970
182 196 25374
182 197 40449
182 198 34279
182 199 15331
182 200 22354
183 1 21521
183 2 13656
183 3 28825
183 4 23822
183 5 3343
183 6 779
183 7 19319
183 8 17449
183 9 33918
183 10 26680
183 11 27815
183 12 19512
183 13 -49
183 14 12975
183 15 13483
183 16 9802
183 17 14233
183 18 8221
183 19 24493
183 20 35676
183 21 17812
183 22 22203
183 23 20575
183 24 33369
183 25 33656
183 26 14673
183 27 11368
183 28 14395
183 29 33045
183 30 26431
183 31 16088
183 32 31613
183 33 30970
183 34 36946
183 35 44040
183 36 28713
183 37 7590
183 38 19795
183 39 23423
183 40 12004
183 41 19875
183 42 12095
183 43 15194
183 44 14401
183 45 13547
183 46 20137
183 47 22752
183 48 13625
183 49 32090
183 50 23683
183 51 31433
183 52 11584
183 53 8717
183 54 23580
183 55 34621
183 56 27929
183 57 12477
183 58 6890
183 59 235
183 60 8427
183 61 8660
183 62 22518
183 63 34882
183 64 27022
183 65 39495
183 66 31138
183 67 26777
183 68 21542
183 69 19265
183 70 26859
183 71 39856
183 72 16642
183 73 18200
183 74 22213
183 75 21266
183 76 22489
183 77 26329
183 78 38055
183 79 27933
183 80 29123
183 81 28788
183 82 14153
183 83 10209
183 84 10706
183 85 670
183 86 9611
183 87 3573
183 88 19412
183 89 2374
183 90 35235
183 91 13088
183 92 7222
183 93 3027
183 94 -3127
183 95 124
183 96 1742
183 97 3928
183 98 6729
183 99 4386
183 100 7957
183 101 22291
183 102 21878
183 103 34818
183 104 4588
183 105 9968
183 106 13695
183 107 28143
183 108 24903
183 109 22506
183 110 23636
183 111 15853
183 112 1105
183 113 9874
183 114 11556
183 115 13047
183 116 25547
183 117 4195
183 118 -482
183 119 15726
183 120 30701
183 121 31828
183 122 27735
183 123 22564
183 124 23555
183 125 10825
183 126 34117
183 127 16395
183 128 33341
183 129 34332
183 130 25510
183 131 32752
183 132 17461
183 133 20928
183 134 27041
183 135 40541
183 136 49706
183 137 6487
183 138 16917
183 139 30980
183 140 19062
183 141 11332
183 142 14186
183 143 30735
183 144 8913
183 145 15661
183 146 10172
183 147 -1707
183 148 20359
183 149 16806
183 150 28124
183 151 3790
183 152 4901
183 153 13183
183 154 13721
183 155 23676
183 156 5980
183 157 27647
183 158 28270
183 159 19660
183 160 30309
183 161 31700
183 162 18364
183 163 30955
183 164 33405
183 165 32574
183 166 4108
183 167 11899
183 168 25042
183 169 32890
183 170 32130
183 171 14678
183 172 10435
183 173 10460
183 174 14413
183 175 30961
183 176 16443
183 177 24235
183 178 8466
183 179 20544
183 180 11859
183 181 29034
183 182 14724
183 184 21591
183 185 30941
183 186 28899
183 187 30677
183 188 32669
183 189 26680
183 190 14401
183 191 12156
183 192 12524
183 193 8170
183 194 14487
183 195 17756
183 196 22536
183 197 21032
183 198 16457
183 199 13946
183 200 10967
184 1 9249
184 2 26115
184 3 2775
184 4 14074
184 5 28699
184 6 26291
184 7 29102
184 8 36301
184 9 12084
184 10 23707
184 11 30369
184 12 -227
184 13 19294
184 14 37119
184 15 29463
184 16 36165
184 17 39307
184 18 25691
184 19 31910
184 20 20465
184 21 17404
184 22 25747
184 23 18287
184 24 9721
184 25 18631
184 26 6827
184 27 12155
184 28 6882
184 29 7025
184 30 14777
184 31 15023
184 32 23263
184 33 7871
184 34 11287
184 35 20594
184 36 41508
184 37 32829
184 38 44914
184 39 15142
184 40 15472
184 41 26628
184 42 33188
184 43 34825
184 44 40060
184 45 35660
184 46 38189
184 47 35246
184 48 26102
184 49 40415
184 50 3640
184 51 12447
184 52 20743
184 53 13348
184 54 5618
184 55 18539
184 56 24183
184 57 27736
184 58 16249
184 59 26285
184 60 31672
184 61 35025
184 62 25072
184 63 31884
184 64 28709
184 65 18392
184 66 14504
184 67 18179
184 68 -3998
184 69 12935
184 70 18320
184 71 18898
184 72 16131
184 73 20337
184 74 23896
184 75 21077
184 76 -1695
184 77 158
184 78 12453
184 79 2204
184 80 4783
184 81 5366
184 82 28751
184 83 31912
184 84 35598
184 85 26934
184 86 36004
184 87 23506
184 88 23245
184 89 20889
184 90 29922
184 91 39039
184 92 32447
184 93 29370
184 94 22168
184 95 24707
184 96 28141
184 97 27267
184 98 32458
184 99 30784
184 100 33189
184 101 14488
184 102 453
184 103 15301
184 104 30986
184 105 10074
184 106 24846
184 107 33196
184 108 20595
184 109 3480
184 110 16413
184 111 3915
184 112 15890
184 113 35930
184 114 30504
184 115 24431
184 116 -853
184 117 26713
184 118 23403
184 119 40914
184 120 7564
184 121 5719
184 122 14274
184 123 30845
184 124 38030
184 125 32847
184 126 31339
184 127 18520
184 128 19605
184 129 8430
184 130 8712
184 131 23047
184 132 10068
184 133 23607
184 134 4851
184 135 16965
184 136 26997
184 137 22723
184 138 4063
184 139 21704
184 140 44317
184 141 37473
184 142 36264
184 143 40918
184 144 26369
184 145 24592
184 146 16538
184 147 21380
184 148 23495
184 149 6949
184 150 3784
184 151 29015
184 152 14260
184 153 25848
184 154 867
184 155 13928
184 156 15406
184 157 5757
184 158 2220
184 159 20270
184 160 18606
184 161 10967
184 162 13195
184 163 7458
184 164 8607
184 165 16228
184 166 24781
184 167 12810
184 168 37147
184 169 6606
184 170 19939
184 171 18254
184 172 30560
184 173 36231
184 174 33917
184 175 35626
184 176 4588
184 177 2617
184 178 20957
184 179 8513
184 180 10248
184 181 22475
184 182 21264
184 183 21521
184 185 6316
184 186 25326
184 187 20833
184 188 16298
184 189 23707
184 190 15384
184 191 38135
184 192 37523
184 193 33990
184 194 24923
184 195 3735
184 196 -3406
184 197 18247
184 198 12153
184 199 35356
184 200 15961
185 1 10557
185 2 37244
185 3 704
185 4 23458
185 5 37019
185 6 35421
185 7 32479
185 8 41730
185 9 1468
185 10 22349
185 11 29397
185 12 10584
185 13 29649
185 14 47590
185 15 40630
185 16 45527
185 17 47061
185 18 32092
185 19 32830
185 20 12998
185 21 28411
185 22 36564
185 23 27932
185 24 11938
185 25 25254
185 26 18008
185 27 19516
185 28 16500
185 29 4925
185 30 10444
185 31 16634
185 32 18199
185 33 -1670
185 34 1254
185 35 9416
185 36 43443
185 37 42871
185 38 55173
185 39 23738
185 40 26599
185 41 37594
185 42 44019
185 43 45880
185 44 50039
185 45 42063
185 46 42565
185 47 37683
185 48 29253
185 49 40463
185 50 4568
185 51 4419
185 52 26410
185 53 23710
185 54 13675
185 55 25298
185 56 34076
185 57 38867
185 58 27060
185 59 35966
185 60 39362
185 61 44043
185 62 25465
185 63 28708
185 64 26038
185 65 7388
185 66 5259
185 67 25842
185 68 964
185 69 16418
185 70 16678
185 71 8147
185 72 26872
185 73 31352
185 74 34680
185 75 31519
185 76 6069
185 77 3195
185 78 2499
185 79 -5598
185 80 11113
185 81 -5500
185 82 33170
185 83 38799
185 84 43500
185 85 36473
185 86 45222
185 87 34262
185 88 25481
185 89 29024
185 90 26318
185 91 48828
185 92 42438
185 93 38815
185 94 31887
185 95 34724
185 96 37494
185 97 37591
185 98 42327
185 99 40116
185 100 43274
185 101 14907
185 102 -2519
185 103 5536
185 104 40318
185 105 20932
185 106 29145
185 107 33134
185 108 18359
185 109 13463
185 110 26662
185 111 11664
185 112 25274
185 113 44398
185 114 36189
185 115 35595
185 116 6398
185 117 37009
185 118 31298
185 119 51083
185 120 -3503
185 121 4183
185 122 10251
185 123 32455
185 124 41392
185 125 39278
185 126 28391
185 127 22059
185 128 12521
185 129 722
185 130 16643
185 131 17440
185 132 14116
185 133 34342
185 134 9841
185 135 5788
185 136 15833
185 137 33502
185 138 15020
185 139 30361
185 140 54520
185 141 47135
185 142 47037
185 143 41841
185 144 37365
185 145 35720
185 146 24005
185 147 30117
185 148 24754
185 149 17870
185 150 10114
185 151 39006
185 152 25071
185 153 30786
185 154 11824
185 155 23312
185 156 24581
185 157 757
185 158 149
185 159 20024
185 160 12681
185 161 472
185 162 14619
185 163 11011
185 164 -2303
185 165 23154
185 166 32276
185 167 18150
185 168 39526
185 169 -536
185 170 27053
185 171 29196
185 172 41446
185 173 44620
185 174 39320
185 175 35319
185 176 8331
185 177 10807
185 178 32101
185 179 18558
185 180 21429
185 181 17153
185 182 23529
185 183 30925
185 184 6370
185 186 35073
185 187 29262
185 188 8014
185 189 22349
185 190 18023
185 191 47920
185 192 47737
185 193 43848
185 194 28899
185 195 14351
185 196 3302
185 197 28602
185 198 22881
185 199 41946
185 200 25150
186 1 37631
186 2 18904
186 3 30718
186 4 3508
186 5 36127
186 6 34593
186 7 49977
186 8 51189
186 9 41478
186 10 50885
186 11 55979
186 12 20091
186 13 22596
186 14 30021
186 15 13667
186 16 36566
186 17 46133
186 18 41034
186 19 55010
186 20 50701
186 21 10242
186 22 4333
186 23 -11969
186 24 21223
186 25 8497
186 26 17579
186 27 32666
186 28 27362
186 29 26409
186 30 44339
186 31 40436
186 32 52597
186 33 37514
186 34 36399
186 35 48147
186 36 61647
186 37 32213
186 38 37159
186 39 -8265
186 40 17962
186 41 5041
186 42 25045
186 43 20801
186 44 36374
186 45 47185
186 46 53932
186 47 55356
186 48 45899
186 49 63547
186 50 33680
186 51 42679
186 52 40186
186 53 24556
186 54 11815
186 55 12949
186 56 -1741
186 57 16540
186 58 20533
186 59 29011
186 60 42233
186 61 38066
186 62 50053
186 63 59755
186 64 55302
186 65 46971
186 66 44687
186 67 -6803
186 68 18988
186 69 38889
186 70 46745
186 71 48114
186 72 1164
186 73 8774
186 74 5145
186 75 -2841
186 76 28457
186 77 28930
186 78 38753
186 79 29692
186 80 25149
186 81 34511
186 82 46817
186 83 44047
186 84 43427
186 85 28313
186 86 35650
186 87 19596
186 88 46890
186 89 33911
186 90 58372
186 91 38247
186 92 33336
186 93 32219
186 94 27630
186 95 27227
186 96 33505
186 97 26882
186 98 32787
186 99 35255
186 100 31234
186 101 42106
186 102 30717
186 103 45255
186 104 35457
186 105 20345
186 106 44591
186 107 57609
186 108 48385
186 109 19287
186 110 8789
186 111 29095
186 112 27102
186 113 39741
186 114 45253
186 115 15620
186 116 27975
186 117 28079
186 118 33235
186 119 36220
186 120 36345
186 121 26538
186 122 43994
186 123 53272
186 124 56639
186 125 44509
186 126 59081
186 127 41923
186 128 49764
186 129 35326
186 130 10912
186 131 52667
186 132 36047
186 133 1342
186 134 15855
186 135 44623
186 136 54899
186 137 22327
186 138 23563
186 139 2204
186 140 37080
186 141 35885
186 142 27539
186 143 62836
186 144 18868
186 145 7639
186 146 34911
186 147 31532
186 148 47875
186 149 13757
186 150 24150
186 151 29904
186 152 18544
186 153 44524
186 154 20367
186 155 3362
186 156 29268
186 157 35957
186 158 30163
186 159 46096
186 160 48472
186 161 40481
186 162 39782
186 163 20707
186 164 35474
186 165 12353
186 166 37518
186 167 35308
186 168 57487
186 169 31017
186 170 2059
186 171 1035
186 172 22595
186 173 42042
186 174 48240
186 175 60282
186 176 32046
186 177 18828
186 178 12580
186 179 10496
186 180 14012
186 181 51662
186 182 43993
186 183 28958
186 184 25455
186 185 35148
186 187 1717
186 188 46561
186 189 50885
186 190 39671
186 191 36296
186 192 33128
186 193 33079
186 194 45169
186 195 14131
186 196 26498
186 197 -350
186 198 5578
186 199 47781
186 200 31551
187 1 35470
187 2 23736
187 3 26118
187 4 529
187 5 39732
187 6 37444
187 7 50630
187 8 53495
187 9 36745
187 10 49506
187 11 55349
187 12 17134
187 13 25917
187 14 36298
187 15 20775
187 16 41693
187 17 50218
187 18 42861
187 19 55239
187 20 47172
187 21 12599
187 22 11144
187 23 -5888
187 24 14526
187 25 702
187 26 16860
187 27 32510
187 28 26464
187 29 20178
187 30 41660
187 31 39562
187 32 50119
187 33 33158
187 34 30385
187 35 42506
187 36 62918
187 37 37084
187 38 43807
187 39 -11590
187 40 19805
187 41 12370
187 42 31103
187 43 27918
187 44 42198
187 45 50309
187 46 56258
187 47 56521
187 48 47021
187 49 63925
187 50 30564
187 51 38804
187 52 40826
187 53 25555
187 54 6898
187 55 5682
187 56 3639
187 57 22609
187 58 22851
187 59 33189
187 60 45142
187 61 42630
187 62 49529
187 63 58155
187 64 54387
187 65 41527
187 66 40523
187 67 -8524
187 68 14250
187 69 37578
187 70 44715
187 71 43121
187 72 4982
187 73 12692
187 74 10743
187 75 3765
187 76 25224
187 77 24777
187 78 33188
187 79 24710
187 80 20436
187 81 29819
187 82 48276
187 83 46777
187 84 47119
187 85 33016
187 86 41094
187 87 24533
187 88 46661
187 89 35820
187 90 56447
187 91 43399
187 92 37799
187 93 36546
187 94 30929
187 95 31164
187 96 37120
187 97 31377
187 98 37536
187 99 39163
187 100 36463
187 101 40362
187 102 27133
187 103 40867
187 104 39365
187 105 20932
187 106 45461
187 107 57416
187 108 46753
187 109 15898
187 110 8204
187 111 27476
187 112 28889
187 113 44398
187 114 47524
187 115 20667
187 116 24114
187 117 32068
187 118 36284
187 119 42153
187 120 31356
187 121 20627
187 122 41181
187 123 53660
187 124 58169
187 125 47576
187 126 57538
187 127 41577
187 128 46420
187 129 30177
187 130 5614
187 131 49961
187 132 34665
187 133 8208
187 134 9841
187 135 39065
187 136 49300
187 137 26129
187 138 21992
187 139 -3867
187 140 43648
187 141 41372
187 142 33858
187 143 63579
187 144 24353
187 145 14226
187 146 35388
187 147 34041
187 148 47491
187 149 12475
187 150 19437
187 151 34367
187 152 20862
187 153 45624
187 154 18796
187 155 383
187 156 30393
187 157 32158
187 158 25563
187 159 45266
187 160 45530
187 161 35721
187 162 38423
187 163 14558
187 164 29846
187 165 5448
187 166 39800
187 167 34969
187 168 58573
187 169 25245
187 170 -4507
187 171 6720
187 172 28494
187 173 46122
187 174 50754
187 175 60014
187 176 30130
187 177 14454
187 178 17675
187 179 7972
187 180 14844
187 181 49312
187 182 44133
187 183 31890
187 184 22116
187 185 30491
187 186 2871
187 188 42756
187 189 49506
187 190 39121
187 191 41759
187 192 38934
187 193 38209
187 194 45928
187 195 11763
187 196 22818
187 197 3247
187 198 6464
187 199 50529
187 200 32166
188 1 14549
188 2 49104
188 3 18176
188 4 40148
188 5 40464
188 6 41555
188 7 28864
188 8 39755
188 9 1468
188 10 13451
188 11 18337
188 12 25918
188 13 38679
188 14 55519
188 15 52477
188 16 50478
188 17 48526
188 18 33174
188 19 24157
188 20 -2794
188 21 42831
188 22 51369
188 23 44454
188 24 29757
188 25 43027
188 26 31703
188 27 25791
188 28 27009
188 29 22294
188 30 1636
188 31 13811
188 32 2982
188 33 10734
188 34 11169
188 35 8447
188 36 34906
188 37 50112
188 38 61966
188 39 40953
188 40 39037
188 41 51883
188 42 53672
188 43 56438
188 44 56434
188 45 41264
188 46 37993
188 47 30564
188 48 23975
188 49 29310
188 50 15024
188 51 2665
188 52 28028
188 53 33938
188 54 30908
188 55 43018
188 56 50355
188 57 50494
188 58 37935
188 59 42560
188 60 41994
188 61 48466
188 62 17801
188 63 15094
188 64 11616
188 65 -1904
188 66 -11231
188 67 43464
188 68 18379
188 69 19641
188 70 11846
188 71 234
188 72 41944
188 73 45659
188 74 49610
188 75 47096
188 76 20152
188 77 19685
188 78 15973
188 79 12165
188 80 28439
188 81 4922
188 82 30274
188 83 39719
188 84 45783
188 85 42287
188 86 49458
188 87 44017
188 88 21651
188 89 33817
188 90 12938
188 91 55081
188 92 49766
188 93 44632
188 94 39167
188 95 42438
188 96 43595
188 97 45956
188 98 49099
188 99 45938
188 100 50436
188 101 14001
188 102 8515
188 103 -3397
188 104 46140
188 105 32606
188 106 27215
188 107 23122
188 108 8018
188 109 29577
188 110 42564
188 111 21348
188 112 32851
188 113 47190
188 114 34889
188 115 47842
188 116 22406
188 117 45536
188 118 34267
188 119 58078
188 120 1057
188 121 21855
188 122 5782
188 123 25112
188 124 35786
188 125 38627
188 126 15204
188 127 21738
188 128 -4165
188 129 18211
188 130 33970
188 131 1707
188 132 18584
188 133 49351
188 134 27660
188 135 6320
188 136 11496
188 137 43754
188 138 28056
188 139 47526
188 140 61156
188 141 52732
188 142 56280
188 143 31966
188 144 48112
188 145 49208
188 146 29397
188 147 35628
188 148 18937
188 149 32796
188 150 27440
188 151 46334
188 152 35946
188 153 29842
188 154 24860
188 155 40002
188 156 32306
188 157 12036
188 158 17621
188 159 11796
188 160 -2251
188 161 -6466
188 162 13803
188 163 28896
188 164 5291
188 165 40826
188 166 35205
188 167 21423
188 168 32430
188 169 15615
188 170 44772
188 171 43680
188 172 51444
188 173 47772
188 174 36953
188 175 24889
188 176 14652
188 177 27792
188 178 44075
188 179 34682
188 180 34796
188 181 637
188 182 18571
188 183 37664
188 184 21363
188 185 13025
188 186 51497
188 187 46538
188 189 13451
188 190 16368
188 191 53933
188 192 54980
188 193 50331
188 194 26463
188 195 29860
188 196 18689
188 197 44335
188 198 38059
188 199 42125
188 200 33392
189 1 12077
189 2 41946
189 3 24859
189 4 40628
189 5 25839
189 6 29779
189 7 11621
189 8 22438
189 9 16468
189 10 -4577
189 11 2498
189 12 26789
189 13 29294
189 14 43223
189 15 44152
189 16 36165
189 17 32260
189 18 18052
189 19 6599
189 20 10781
189 21 39508
189 22 47535
189 23 43347
189 24 36922
189 25 46782
189 26 29188
189 27 17771
189 28 22890
189 29 31354
189 30 2416
189 31 613
189 32 909
189 33 19854
189 34 25429
189 35 25793
189 36 17508
189 37 38004
189 38 48320
189 39 42014
189 40 33845
189 41 47014
189 42 43352
189 43 46449
189 44 42957
189 45 24173
189 46 19990
189 47 12663
189 48 5993
189 49 13559
189 50 17425
189 51 13524
189 52 14811
189 53 27370
189 54 33690
189 55 46716
189 56 49249
189 57 42491
189 58 30975
189 59 30272
189 60 27200
189 61 34043
189 62 -226
189 63 4357
189 64 450
189 65 15730
189 66 4511
189 67 45556
189 68 23341
189 69 12935
189 70 5766
189 71 18196
189 72 39114
189 73 41789
189 74 46250
189 75 44615
189 76 22242
189 77 24516
189 78 28190
189 79 21121
189 80 32788
189 81 16210
189 82 12907
189 83 23805
189 84 30243
189 85 28960
189 86 34410
189 87 34441
189 88 5356
189 89 21692
189 90 3978
189 91 41880
189 92 37993
189 93 31540
189 94 28115
189 95 31371
189 96 31226
189 97 35185
189 98 36621
189 99 33118
189 100 38037
189 101 7426
189 102 13352
189 103 13579
189 104 33320
189 105 27555
189 106 10824
189 107 6314
189 108 -6238
189 109 31028
189 110 41681
189 111 18325
189 112 23292
189 113 31508
189 114 17907
189 115 41053
189 116 25980
189 117 35233
189 118 19636
189 119 45090
189 120 15325
189 121 30268
189 122 7855
189 123 7150
189 124 17758
189 125 21629
189 126 3648
189 127 8979
189 128 6477
189 129 27579
189 130 36726
189 131 2669
189 132 12777
189 133 45840
189 134 32923
189 135 23163
189 136 29422
189 137 35320
189 138 26147
189 139 48668
189 140 47423
189 141 38756
189 142 45343
189 143 15236
189 144 39353
189 145 43443
189 146 19605
189 147 23574
189 148 1411
189 149 31498
189 150 31789
189 151 34561
189 152 28986
189 153 13913
189 154 22951
189 155 40482
189 156 23551
189 157 18118
189 158 24304
189 159 -6217
189 160 2411
189 161 10967
189 162 4890
189 163 35066
189 164 19938
189 165 44394
189 166 21138
189 167 11625
189 168 14514
189 169 26360
189 170 47822
189 171 39636
189 172 41605
189 173 32643
189 174 19413
189 175 8423
189 176 11575
189 177 30876
189 178 36938
189 179 34868
189 180 30997
189 181 -2200
189 182 1023
189 183 26377
189 184 23474
189 185 22062
189 186 50523
189 187 47990
189 188 8153
189 190 3023
189 191 40332
189 192 42307
189 193 37352
189 194 9840
189 195 29791
189 196 22017
189 197 42491
189 198 36001
189 199 25728
189 200 25645
190 1 7566
190 2 32033
190 3 21199
190 4 32509
190 5 17298
190 6 19981
190 7 7479
190 8 17379
190 9 18394
190 10 5423
190 11 9346
190 12 19773
190 13 19294
190 14 33741
190 15 34152
190 16 27500
190 17 25225
190 18 9833
190 19 9627
190 20 16183
190 21 30329
190 22 38053
190 23 34410
190 24 31989
190 25 39729
190 26 20647
190 27 8335
190 28 14424
190 29 27811
190 30 6558
190 31 -5213
190 32 10260
190 33 18589
190 34 25429
190 35 28665
190 36 19240
190 37 28396
190 38 39383
190 39 33825
190 40 24370
190 41 37315
190 42 33449
190 43 36539
190 44 33894
190 45 18448
190 46 17598
190 47 13106
190 48 4322
190 49 18261
190 50 13287
190 51 15035
190 52 5164
190 53 17785
190 54 26785
190 55 39776
190 56 40441
190 57 32502
190 58 21189
190 59 20678
190 60 18747
190 61 25417
190 62 3449
190 63 14105
190 64 8665
190 65 21364
190 66 11322
190 67 37527
190 68 18150
190 69 5786
190 70 6924
190 71 22486
190 72 29957
190 73 32414
190 74 36912
190 75 35442
190 76 16685
190 77 19957
190 78 27238
190 79 18648
190 80 27144
190 81 15818
190 82 8355
190 83 16403
190 84 22443
190 85 19768
190 86 26245
190 87 24455
190 88 884
190 89 11898
190 90 13936
190 91 32660
190 92 28280
190 93 22229
190 94 18218
190 95 21501
190 96 21622
190 97 25294
190 98 27115
190 99 23678
190 100 28532
190 101 4076
190 102 10424
190 103 17295
190 104 23880
190 105 18293
190 106 4500
190 107 11357
190 108 3568
190 109 24003
190 110 33192
190 111 10853
190 112 13302
190 113 23851
190 114 12149
190 115 31171
190 116 20681
190 117 25278
190 118 11070
190 119 35829
190 120 16411
190 121 26538
190 122 9378
190 123 8484
190 124 16440
190 125 15743
190 126 13352
190 127 -1021
190 128 13113
190 129 25187
190 130 29683
190 131 11515
190 132 5596
190 133 36423
190 134 27168
190 135 25563
190 136 33296
190 137 25338
190 138 18205
190 139 40586
190 140 38523
190 141 29920
190 142 35539
190 143 18571
190 144 29353
190 145 33639
190 146 9690
190 147 13813
190 148 1411
190 149 23208
190 150 26145
190 151 24848
190 152 19200
190 153 6716
190 154 15009
190 155 32363
190 156 13657
190 157 15757
190 158 20644
190 159 -491
190 160 9617
190 161 14627
190 162 -307
190 163 29799
190 164 20555
190 165 37459
190 166 12149
190 167 2054
190 168 14976
190 169 24246
190 170 40322
190 171 30155
190 172 31651
190 173 24496
190 174 14854
190 175 13927
190 176 5476
190 177 24489
190 178 27021
190 179 26929
190 180 21891
190 181 7788
190 182 -1063
190 183 16498
190 184 17551
190 185 20136
190 186 41709
190 187 40005
190 188 13470
190 189 5423
190 191 31307
190 192 32923
190 193 28043
190 194 4060
190 195 22019
190 196 16830
190 197 33558
190 198 27180
190 199 18936
190 200 15961
191 1 39707
191 2 21656
191 3 47017
191 4 36563
191 5 5640
191 6 17750
191 7 31435
191 8 22266
191 9 52279
191 10 42038
191 11 39980
191 12 36821
191 13 13992
191 14 -1363
191 15 10785
191 16 -4950
191 17 7974
191 18 20043
191 19 34704
191 20 53219
191 21 29924
191 22 29067
191 23 27575
191 24 49883
191 25 46716
191 26 31115
191 27 29682
191 28 32623
191 29 50580
191 30 43729
191 31 32376
191 32 47472
191 33 49409
191 34 55289
191 35 62452
191 36 33655
191 37 5317
191 38 1797
191 39 33670
191 40 26564
191 41 24295
191 42 7978
191 43 6825
191 44 -3650
191 45 13455
191 46 22100
191 47 29507
191 48 22219
191 49 39613
191 50 42122
191 51 49646
191 52 27565
191 53 26190
191 54 39153
191 55 48490
191 56 37327
191 57 15065
191 58 22082
191 59 4566
191 60 15851
191 61 794
191 62 36169
191 63 48990
191 64 37853
191 65 57597
191 66 48608
191 67 35563
191 68 39112
191 69 37221
191 70 44029
191 71 58051
191 72 26958
191 73 28567
191 74 30835
191 75 29543
191 76 40723
191 77 44464
191 78 56390
191 79 46218
191 80 46407
191 81 47227
191 82 23208
191 83 15887
191 84 9609
191 85 -5134
191 86 -6924
191 87 8424
191 88 34108
191 89 19178
191 90 50395
191 91 1828
191 92 10340
191 93 2813
191 94 12078
191 95 9790
191 96 11412
191 97 9467
191 98 4161
191 99 9720
191 100 439
191 101 39808
191 102 40316
191 103 52935
191 104 9922
191 105 26803
191 106 26334
191 107 39243
191 108 40373
191 109 39281
191 110 36592
191 111 34272
191 112 19481
191 113 -874
191 114 17451
191 115 20667
191 116 43559
191 117 14267
191 118 6432
191 119 -767
191 120 49128
191 121 49455
191 122 45486
191 123 33032
191 124 29577
191 125 11388
191 126 48264
191 127 32826
191 128 50542
191 129 52587
191 130 40522
191 131 48964
191 132 35601
191 133 28055
191 134 43359
191 135 58964
191 136 68052
191 137 17883
191 138 34582
191 139 42176
191 140 955
191 141 -6668
191 142 5941
191 143 37436
191 144 12464
191 145 20532
191 146 28242
191 147 14980
191 148 34502
191 149 32426
191 150 45408
191 151 6908
191 152 20093
191 153 25831
191 154 31386
191 155 36417
191 156 24397
191 157 46086
191 158 46462
191 159 33932
191 160 47185
191 161 49916
191 162 35643
191 163 47599
191 164 51829
191 165 46716
191 166 16530
191 167 29551
191 168 32251
191 169 51014
191 170 43493
191 171 22844
191 172 8995
191 173 6472
191 174 17288
191 175 42087
191 176 34783
191 177 41046
191 178 15677
191 179 35371
191 180 26876
191 181 43753
191 182 27756
191 183 13559
191 184 39608
191 185 49339
191 186 37640
191 187 41949
191 188 50341
191 189 42038
191 190 30613
191 192 -1834
191 193 -1500
191 194 27120
191 195 33897
191 196 40683
191 197 31300
191 198 29270
191 199 18303
191 200 29356
192 1 40121
192 2 18880
192 3 46310
192 4 33905
192 5 8298
192 6 18233
192 7 33825
192 8 25617
192 9 52427
192 10 43807
192 11 42563
192 12 35590
192 13 12895
192 14 -4979
192 15 6645
192 16 -746
192 17 12077
192 18 22167
192 19 37599
192 20 54139
192 21 27382
192 22 25598
192 23 23932
192 24 48141
192 25 43990
192 26 29647
192 27 29957
192 28 32108
192 29 49319
192 30 44771
192 31 33782
192 32 49136
192 33 49242
192 34 54735
192 35 62452
192 36 37310
192 37 4583
192 38 1359
192 39 30454
192 40 24757
192 41 20565
192 42 4198
192 43 2622
192 44 -2812
192 45 17247
192 46 25928
192 47 32881
192 48 25258
192 49 43006
192 50 41991
192 51 50025
192 52 28933
192 53 25340
192 54 37178
192 55 45974
192 56 34076
192 57 11566
192 58 20637
192 59 4826
192 60 18231
192 61 4234
192 62 38360
192 63 51164
192 64 40778
192 65 58095
192 66 49585
192 67 32042
192 68 37940
192 69 37831
192 70 45117
192 71 58447
192 72 24006
192 73 25722
192 74 27617
192 75 26192
192 76 40114
192 77 43717
192 78 55840
192 79 45611
192 80 45086
192 81 47069
192 82 26058
192 83 18809
192 84 13037
192 85 -3475
192 86 -3281
192 87 5994
192 88 35972
192 89 20081
192 90 52269
192 91 3222
192 92 9790
192 93 4033
192 94 11902
192 95 9167
192 96 12035
192 97 8073
192 98 4161
192 99 10678
192 100 -644
192 101 40705
192 102 40193
192 103 53419
192 104 10880
192 105 25614
192 106 28554
192 107 42013
192 108 42122
192 109 37793
192 110 34061
192 111 34037
192 112 19357
192 113 3362
192 114 20611
192 115 17741
192 116 42715
192 117 13112
192 118 8774
192 119 -2654
192 120 49079
192 121 48261
192 122 46260
192 123 35844
192 124 32988
192 125 15099
192 126 50421
192 127 34141
192 128 51654
192 129 51934
192 130 38370
192 131 50504
192 132 36060
192 133 24599
192 134 41582
192 135 58920
192 136 68217
192 137 16055
192 138 33612
192 139 39144
192 140 723
192 141 -2837
192 142 1750
192 143 40908
192 144 9386
192 145 16970
192 146 28742
192 147 15722
192 148 36542
192 149 30630
192 150 44087
192 151 6358
192 152 18648
192 153 27995
192 154 30416
192 155 33759
192 156 24285
192 157 45967
192 158 45755
192 159 35985
192 160 48446
192 161 50287
192 162 36653
192 163 45936
192 164 51500
192 165 44280
192 166 18310
192 167 30332
192 168 35562
192 169 50193
192 170 40410
192 171 19612
192 172 5480
192 173 9987
192 174 20895
192 175 44862
192 176 35002
192 177 39528
192 178 12755
192 179 33268
192 180 25059
192 181 45800
192 182 30016
192 183 13721
192 184 38790
192 185 48950
192 186 34266
192 187 38918
192 188 51182
192 189 43807
192 190 32023
192 191 -2040
192 193 -873
192 194 29365
192 195 32219
192 196 39965
192 197 28261
192 198 26782
192 199 21490
192 200 29150
193 1 35572
193 2 17761
193 3 42576
193 4 32471
193 5 3343
193 6 13578
193 7 28736
193 8 20928
193 9 48054
193 10 38747
193 11 37492
193 12 32350
193 13 9526
193 14 76
193 15 8951
193 16 -2473
193 17 8765
193 18 17069
193 19 32611
193 20 49348
193 21 25805
193 22 25697
193 23 24369
193 24 45456
193 25 42641
193 26 26663
193 27 25475
193 28 28201
193 29 46109
193 30 39924
193 31 28800
193 32 44101
193 33 45080
193 34 50877
193 35 58181
193 36 32832
193 37 896
193 38 5709
193 39 29963
193 40 22183
193 41 21308
193 42 5608
193 43 6485
193 44 259
193 45 13086
193 46 21729
193 47 28157
193 48 20341
193 49 38271
193 50 37797
193 51 45507
193 52 23949
193 53 21724
193 54 34782
193 55 44308
193 56 33679
193 57 11913
193 58 17640
193 59 235
193 60 13164
193 61 197
193 62 33261
193 63 46066
193 64 35787
193 65 53522
193 66 44774
193 67 32156
193 68 34640
193 69 33170
193 70 40248
193 71 53927
193 72 23089
193 73 24638
193 74 27195
193 75 26016
193 76 36293
193 77 40017
193 78 51977
193 79 41794
193 80 41938
193 81 42902
193 82 21076
193 83 13898
193 84 8573
193 85 -8537
193 86 -2944
193 87 4435
193 88 30894
193 89 15242
193 90 47196
193 91 -778
193 92 5868
193 93 -1022
193 94 7679
193 95 5321
193 96 7270
193 97 5086
193 98 -295
193 99 5740
193 100 -3408
193 101 35911
193 102 35996
193 103 48846
193 104 5942
193 105 22333
193 106 23456
193 107 36983
193 108 37067
193 109 34826
193 110 32444
193 111 29912
193 112 15123
193 113 1026
193 114 15796
193 115 16870
193 116 39101
193 117 9817
193 118 3705
193 119 1818
193 120 44837
193 121 44983
193 122 41529
193 123 30832
193 124 28305
193 125 10825
193 126 45324
193 127 29181
193 128 46785
193 129 48155
193 130 36203
193 131 45498
193 132 31480
193 133 24663
193 134 38940
193 135 54678
193 136 63839
193 137 13546
193 138 30113
193 139 38319
193 140 4946
193 141 -2343
193 142 4835
193 143 36243
193 144 8913
193 145 17337
193 146 24122
193 147 10942
193 148 31448
193 149 28025
193 150 40939
193 151 2436
193 152 15651
193 153 22896
193 154 26917
193 155 32325
193 156 20050
193 157 41768
193 158 42021
193 159 30891
193 160 43522
193 161 45780
193 162 31810
193 163 43161
193 164 47464
193 165 42499
193 166 13226
193 167 25578
193 168 30792
193 169 46562
193 170 39659
193 171 19231
193 172 6097
193 173 5723
193 174 16444
193 175 39833
193 176 30568
193 177 36592
193 178 11890
193 179 31045
193 180 22489
193 181 40710
193 182 24918
193 183 9262
193 184 35152
193 185 44956
193 186 34112
193 187 38088
193 188 46428
193 189 38747
193 190 27038
193 191 -1811
193 192 -978
193 194 24268
193 195 29470
193 196 36239
193 197 27481
193 198 25110
193 199 16719
193 200 24989
194 1 16546
194 2 32671
194 3 29836
194 4 37503
194 5 11272
194 6 17804
194 7 -285
194 8 8272
194 9 27524
194 10 10423
194 11 8347
194 12 26553
194 13 18992
194 14 29492
194 15 33084
194 16 21527
194 17 17292
194 18 3753
194 19 5015
194 20 24381
194 21 33666
194 22 40277
194 23 37750
194 24 39790
194 25 45785
194 26 25647
194 27 13280
194 28 20220
194 29 36300
194 30 14888
194 31 3321
194 32 15852
194 33 27751
194 34 34627
194 35 37726
194 36 11980
194 37 24791
194 38 33785
194 39 38485
194 40 27277
194 41 38737
194 42 31103
194 43 34065
194 44 28628
194 45 9643
194 46 8527
194 47 5566
194 48 -3851
194 49 13261
194 50 22043
194 51 24151
194 52 5358
194 53 20882
194 54 33286
194 55 46015
194 56 44189
194 57 32092
194 58 23077
194 59 17164
194 60 12691
194 61 19426
194 62 3889
194 63 16710
194 64 7392
194 65 29715
194 66 19026
194 67 42237
194 68 26058
194 69 14201
194 70 15593
194 71 31219
194 72 33175
194 73 35168
194 74 39613
194 75 38460
194 76 24705
194 77 28303
194 78 36374
194 79 27574
194 80 34763
194 81 25025
194 82 -859
194 83 8825
194 84 15296
194 85 14939
194 86 19496
194 87 23199
194 88 2815
194 89 10302
194 90 18378
194 91 27836
194 92 25179
194 93 17780
194 94 16460
194 95 19356
194 96 18294
194 97 23161
194 98 23173
194 99 19701
194 100 24506
194 101 13288
194 102 19416
194 103 26104
194 104 19903
194 105 22105
194 106 -3987
194 107 8496
194 108 8731
194 109 30638
194 110 37748
194 111 17989
194 112 14142
194 113 16514
194 114 3268
194 115 31987
194 116 28691
194 117 23822
194 118 5193
194 119 31013
194 120 25614
194 121 34990
194 122 18333
194 123 3128
194 124 7950
194 125 7006
194 126 15985
194 127 5979
194 128 20781
194 129 34116
194 130 35992
194 131 17668
194 132 13769
194 133 38828
194 134 34533
194 135 34681
194 136 42174
194 137 25498
194 138 24287
194 139 45462
194 140 32861
194 141 24226
194 142 32539
194 143 12545
194 144 28558
194 145 34687
194 146 12723
194 147 11623
194 148 2402
194 149 28384
194 150 33764
194 151 21747
194 152 21088
194 153 -580
194 154 21091
194 155 37357
194 156 15817
194 157 24826
194 158 29281
194 159 1743
194 160 16922
194 161 23485
194 162 8912
194 163 37470
194 164 29774
194 165 43736
194 166 7506
194 167 7995
194 168 7558
194 169 33184
194 170 45810
194 171 32476
194 172 29790
194 173 17788
194 174 5678
194 175 11314
194 176 13871
194 177 31577
194 178 27583
194 179 32384
194 180 25709
194 181 11501
194 182 -4508
194 183 14767
194 184 25273
194 185 29195
194 186 45390
194 187 44995
194 188 21748
194 189 10423
194 190 2243
194 191 25997
194 192 28448
194 193 23456
194 195 27867
194 196 24952
194 197 37179
194 198 31232
194 199 10757
194 200 19255
195 1 17545
195 2 18505
195 3 11515
195 4 4638
195 5 27298
195 6 24365
195 7 33535
195 8 38248
195 9 21882
195 10 31479
195 11 37416
195 12 -227
195 13 14910
195 14 31332
195 15 21168
195 16 32675
195 17 38209
195 18 27314
195 19 37697
195 20 30325
195 21 7968
195 22 15949
195 23 8427
195 24 9721
195 25 11659
195 26 647
195 27 15183
195 28 8797
195 29 11322
195 30 24039
195 31 21620
195 32 32398
195 33 17706
195 34 19229
195 35 29752
195 36 46112
195 37 28396
195 38 39383
195 39 6001
195 40 8624
195 41 17024
195 42 26601
195 43 27205
195 44 35342
195 45 36336
195 46 40791
195 47 39698
195 48 30251
195 49 46399
195 50 13287
195 51 22437
195 52 23968
195 53 10575
195 54 -349
195 55 11903
195 56 14271
195 57 19905
195 58 11010
195 59 22778
195 60 31373
195 61 32265
195 62 31659
195 63 40147
195 64 36378
195 65 28003
195 66 24501
195 67 9501
195 68 736
195 69 19571
195 70 26773
195 71 28675
195 72 6262
195 73 10885
195 74 14065
195 75 11086
195 76 8111
195 77 9257
195 78 20771
195 79 10887
195 80 7295
195 81 15015
195 82 31968
195 83 32461
195 84 34586
195 85 23391
195 86 32553
195 87 17453
195 88 28970
195 89 20889
195 90 38500
195 91 34910
195 92 28280
195 93 26151
195 94 19060
195 95 20735
195 96 25430
195 97 22437
195 98 28379
195 99 27943
195 100 28532
195 101 22350
195 102 10424
195 103 25277
195 104 28145
195 105 5932
195 106 28628
195 107 39641
195 108 28742
195 109 -194
195 110 6442
195 111 9454
195 112 14379
195 113 33773
195 114 32301
195 115 16445
195 116 8091
195 117 22154
195 118 22805
195 119 35829
195 120 17113
195 121 10524
195 122 23646
195 123 36249
195 124 41762
195 125 33539
195 126 39522
195 127 23886
195 128 29368
195 129 16814
195 130 1992
195 131 32377
195 132 16652
195 133 13738
195 134 3215
195 135 26137
195 136 36327
195 137 16965
195 138 4063
195 139 12626
195 140 38917
195 141 33391
195 142 29767
195 143 46318
195 144 19353
195 145 15464
195 146 18635
195 147 20211
195 148 29695
195 149 -2389
195 150 6296
195 151 24848
195 152 9021
195 153 29070
195 154 867
195 155 4492
195 156 14842
195 157 15757
195 158 10960
195 159 27303
195 160 28112
195 161 20827
195 162 20401
195 163 7458
195 164 17345
195 165 9644
195 166 25120
195 167 17369
195 168 41685
195 169 13817
195 170 12037
195 171 8623
195 172 23846
195 173 34478
195 174 35734
195 175 42203
195 176 12129
195 177 1210
195 178 13173
195 179 -1157
195 180 2658
195 181 31538
195 182 26628
195 183 19141
195 184 5190
195 185 15752
195 186 15457
195 187 11935
195 188 26250
195 189 31479
195 190 21307
195 191 33879
195 192 32407
195 193 29763
195 194 28972
195 196 6400
195 197 8247
195 198 2268
195 199 36136
195 200 15961
196 1 8728
196 2 28338
196 3 704
196 4 15819
196 5 30245
196 6 28001
196 7 29495
196 8 37201
196 9 9907
196 10 23082
196 11 29919
196 12 1844
196 13 21313
196 14 39187
196 15 31696
196 16 37974
196 17 40748
196 18 26755
196 19 31848
196 20 18740
196 21 19592
196 22 27891
196 23 20148
196 24 9562
196 25 19708
196 26 9063
196 27 13280
196 28 8575
196 29 5883
196 30 13511
196 31 14912
196 32 21998
196 33 5700
196 34 9179
196 35 18358
196 36 41710
196 37 34786
196 38 46939
196 39 16731
196 40 17692
196 41 28811
196 42 35339
196 43 37031
196 44 42014
196 45 36792
196 46 38893
196 47 35524
196 48 26499
196 49 40232
196 50 2427
196 51 10544
196 52 21569
196 53 15341
196 54 6898
196 55 19610
196 56 26090
196 57 29960
196 58 18382
196 59 28150
196 60 33059
196 61 36747
196 62 24834
196 63 30995
196 64 27988
196 65 16183
196 66 12553
196 67 19580
196 68 -4250
196 69 13036
196 70 17503
196 71 16719
196 72 18250
196 73 22529
196 74 26029
196 75 23124
196 76 -1931
196 77 -1849
196 78 10316
196 79 59
196 80 5146
196 81 3149
196 82 29404
196 83 33123
196 84 37058
196 85 28774
196 86 37787
196 87 25635
196 88 23338
196 89 22336
196 90 28923
196 91 40942
196 92 34388
196 93 31183
196 94 24028
196 95 26648
196 96 29920
196 97 29288
196 98 34374
196 99 32564
196 100 35160
196 101 14001
196 102 -1322
196 103 13241
196 104 32766
196 105 12211
196 106 25427
196 107 32934
196 108 19810
196 109 5255
196 110 18387
196 111 4908
196 112 17635
196 113 37537
196 114 31451
196 115 26663
196 116 -1675
196 117 28722
196 118 24840
196 119 42912
196 120 5339
196 121 4553
196 122 12979
196 123 30911
196 124 38496
196 125 33982
196 126 30488
196 127 18819
196 128 17961
196 129 6336
196 130 10001
196 131 21681
196 132 10253
196 133 25730
196 134 5267
196 135 14730
196 136 24764
196 137 24853
196 138 6212
196 139 23293
196 140 46329
196 141 39353
196 142 38402
196 143 40908
196 144 28558
196 145 26815
196 146 17745
196 147 22988
196 148 23409
196 149 9101
196 150 4147
196 151 30956
196 152 16393
196 153 26570
196 154 3016
196 155 15673
196 156 17076
196 157 3819
196 158 149
196 159 19892
196 160 17150
196 161 8817
196 162 12952
196 163 7496
196 164 6399
196 165 17323
196 166 26100
196 167 13457
196 168 37408
196 169 4714
196 170 21175
196 171 20428
196 172 32723
196 173 37806
196 174 34823
196 175 35319
196 176 4541
196 177 3751
196 178 23184
196 179 10402
196 180 12485
196 181 21215
196 182 21409
196 183 23298
196 184 -2574
196 185 4080
196 186 27201
196 187 22367
196 188 14456
196 189 23082
196 190 15495
196 191 40042
196 192 39530
196 193 35909
196 194 25434
196 195 5777
196 197 20266
196 198 14261
196 199 36508
196 200 17614
197 1 31692
197 2 13789
197 3 26118
197 4 529
197 5 30377
197 6 28520
197 7 43577
197 8 45015
197 9 36745
197 10 44667
197 11 49628
197 12 14773
197 13 16655
197 14 26376
197 15 11513
197 16 31755
197 17 40643
197 18 34742
197 19 48608
197 20 45219
197 21 3859
197 22 2404
197 23 -5888
197 24 18910
197 25 9442
197 26 11458
197 27 26310
197 28 21165
197 29 23297
197 30 38514
197 31 34144
197 32 46658
197 33 32623
197 34 32794
197 35 44078
197 36 55303
197 37 27187
197 38 34003
197 39 -4150
197 40 11586
197 41 3986
197 42 21151
197 43 18568
197 44 32201
197 45 41264
197 46 47776
197 47 48996
197 48 39531
197 49 57145
197 50 28164
197 51 37431
197 52 33783
197 53 18153
197 54 8232
197 55 12402
197 56 266
197 57 12697
197 58 14254
197 59 23528
197 60 36210
197 61 32845
197 62 43698
197 63 53564
197 64 48975
197 65 42646
197 66 39498
197 67 -1008
197 68 14658
197 69 32710
197 70 40716
197 71 43496
197 72 -4894
197 73 2892
197 74 1073
197 75 -3817
197 76 23088
197 77 24075
197 78 34775
197 79 25308
197 80 20879
197 81 29819
197 82 40482
197 83 37977
197 84 37727
197 85 23176
197 86 31112
197 87 14597
197 88 40514
197 89 27615
197 90 52269
197 91 33450
197 92 28022
197 93 26835
197 94 21706
197 95 21596
197 96 27733
197 97 21576
197 98 27674
197 99 29631
197 100 26496
197 101 36013
197 102 25413
197 103 40259
197 104 29833
197 105 13960
197 106 38199
197 107 51221
197 108 42221
197 109 14311
197 110 3470
197 111 23056
197 112 20769
197 113 34594
197 114 39066
197 115 10682
197 116 22988
197 117 22464
197 118 27259
197 119 32164
197 120 31817
197 121 23100
197 122 38241
197 123 46869
197 124 50322
197 125 38566
197 126 52879
197 127 35567
197 128 44181
197 129 31072
197 130 7870
197 131 46810
197 132 29894
197 133 -255
197 134 12908
197 135 40500
197 136 50760
197 137 16580
197 138 17608
197 139 4133
197 140 33808
197 141 31382
197 142 23967
197 143 56446
197 144 14353
197 145 4722
197 146 28510
197 147 25363
197 148 41510
197 149 7936
197 150 19880
197 151 24590
197 152 12265
197 153 38145
197 154 14412
197 155 383
197 156 22873
197 157 30757
197 158 25563
197 159 39780
197 160 42720
197 161 35721
197 162 33594
197 163 17782
197 164 31479
197 165 11228
197 166 31311
197 167 28961
197 168 51119
197 169 27298
197 170 5441
197 171 -3080
197 172 18518
197 173 36537
197 174 42125
197 175 53898
197 176 26051
197 177 14454
197 178 7688
197 179 5551
197 180 7634
197 181 45660
197 182 37595
197 183 22905
197 184 20190
197 185 30491
197 186 1464
197 187 3907
197 188 41213
197 189 44667
197 190 33334
197 191 31770
197 192 28937
197 193 28262
197 194 38772
197 195 8735
197 196 21377
197 198 -627
197 199 41721
197 200 25150
198 1 25383
198 2 12257
198 3 20704
198 4 529
198 5 26503
198 6 24063
198 7 37790
198 8 40098
198 9 31091
198 10 38376
198 11 43472
198 12 8915
198 13 12733
198 14 25806
198 15 13235
198 16 29457
198 17 37141
198 18 29529
198 19 42687
198 20 39072
198 21 -50
198 22 6735
198 23 396
198 24 15933
198 25 10660
198 26 5134
198 27 20177
198 28 14859
198 29 19284
198 30 32228
198 31 27906
198 32 40342
198 33 26903
198 34 28087
198 35 38903
198 36 49816
198 37 24791
198 38 33785
198 39 410
198 40 6388
198 41 7904
198 42 20610
198 43 19827
198 44 30844
198 45 36925
198 46 42866
198 47 43453
198 48 33960
198 49 51293
198 50 22043
198 51 31433
198 52 27962
198 53 12403
198 54 4622
198 55 12271
198 56 6319
198 57 12807
198 58 9450
198 59 20330
198 60 31746
198 61 29919
198 62 37551
198 63 47263
198 64 42778
198 65 37218
198 66 33499
198 67 4108
198 68 9617
198 69 26401
198 70 34392
198 71 37890
198 72 -2957
198 73 2224
198 74 4847
198 75 2110
198 76 17093
198 77 18476
198 78 29789
198 79 20034
198 80 15964
198 81 24234
198 82 35070
198 83 33364
198 84 33901
198 85 20479
198 86 29116
198 87 12617
198 88 34425
198 89 22451
198 90 45948
198 91 31283
198 92 25179
198 93 23743
198 94 17677
198 95 18220
198 96 23953
198 97 18866
198 98 25099
198 99 26121
198 100 24506
198 101 29690
198 102 19416
198 103 34404
198 104 26323
198 105 7974
198 106 32496
198 107 45174
198 108 35911
198 109 8849
198 110 387
198 111 16734
198 112 15522
198 113 31682
198 114 34128
198 115 9646
198 116 17307
198 117 19207
198 118 22911
198 119 31013
198 120 26330
198 121 18792
198 122 31983
198 123 40998
198 124 44955
198 125 34186
198 126 46582
198 127 29429
198 128 37983
198 129 25908
198 130 5110
198 131 40511
198 132 23578
198 133 4522
198 134 9505
198 135 35295
198 136 45506
198 137 13298
198 138 11310
198 139 7663
198 140 33458
198 141 29542
198 142 23694
198 143 50729
198 144 13327
198 145 6852
198 146 22593
198 147 20626
198 148 35389
198 149 1783
198 150 14965
198 151 21747
198 152 7461
198 153 32545
198 154 8114
198 155 383
198 156 17227
198 157 24826
198 158 20149
198 159 33569
198 160 36455
198 161 30025
198 162 27290
198 163 14257
198 164 26424
198 165 10546
198 166 26393
198 167 22805
198 168 45538
198 169 22598
198 170 8723
198 171 -461
198 172 17844
198 173 33083
198 174 37342
198 175 47831
198 176 19733
198 177 9572
198 178 6583
198 179 774
198 180 1667
198 181 39336
198 182 31624
198 183 18529
198 184 14295
198 185 24969
198 186 7591
198 187 7323
198 188 35136
198 189 38376
198 190 27155
198 191 29939
198 192 27657
198 193 26090
198 194 33024
198 195 2955
198 196 15571
198 197 -428
198 199 37115
198 200 19255
199 1 27537
199 2 29801
199 3 39270
199 4 40073
199 5 842
199 6 14629
199 7 11901
199 8 1574
199 9 39769
199 10 23848
199 11 19478
199 12 32891
199 13 16498
199 14 19181
199 15 26742
199 16 9555
199 17 3839
199 18 3937
199 19 13803
199 20 37608
199 21 34378
199 22 38611
199 23 37135
199 24 46995
199 25 49604
199 26 29603
199 27 20242
199 28 26412
199 29 45037
199 30 28025
199 31 16152
199 32 29214
199 33 38826
199 34 45734
199 35 50122
199 36 13674
199 37 16471
199 38 21639
199 39 39999
199 40 28315
199 41 35811
199 42 23614
199 43 25709
199 44 17209
199 45 -2385
199 46 3669
199 47 8741
199 48 1241
199 49 18855
199 50 32163
199 51 36478
199 52 13359
199 53 23499
199 54 38471
199 55 50298
199 56 44572
199 57 27251
199 58 23283
199 59 9807
199 60 4534
199 61 7794
199 62 16773
199 63 29308
199 64 16893
199 65 42906
199 66 32420
199 67 43409
199 68 33930
199 69 24741
199 70 28510
199 71 44119
199 72 33284
199 73 34842
199 74 38803
199 75 37864
199 76 33285
199 77 37219
199 78 47135
199 79 37672
199 80 42086
199 81 36380
199 82 2545
199 83 -1977
199 84 2644
199 85 4955
199 86 6555
199 87 18005
199 88 16211
199 89 10692
199 90 31577
199 91 17457
199 92 18028
199 93 8825
199 94 12677
199 95 14130
199 96 12136
199 97 17267
199 98 14484
199 99 12100
199 100 15237
199 101 25449
199 102 29999
199 103 38925
199 104 12302
199 105 25052
199 106 7741
199 107 18467
199 108 22136
199 109 36511
199 110 39931
199 111 26003
199 112 15199
199 113 3261
199 114 -3549
199 115 29204
199 116 37023
199 117 19325
199 118 -3260
199 119 20130
199 120 37495
199 121 43713
199 122 30997
199 123 12248
199 124 8909
199 125 -5199
199 126 28645
199 127 17570
199 128 34162
199 129 44190
199 130 40745
199 131 31092
199 132 23855
199 133 37387
199 134 41067
199 135 46925
199 136 54899
199 137 22879
199 138 30128
199 139 47459
199 140 20674
199 141 12427
199 142 23950
199 143 16844
199 144 23559
199 145 31536
199 146 18535
199 147 9449
199 148 15741
199 149 32146
199 150 41087
199 151 14596
199 152 21294
199 153 7822
199 154 26932
199 155 39927
199 156 18756
199 157 35607
199 158 38715
199 159 14899
199 160 30347
199 161 36246
199 162 21014
199 163 44548
199 164 41286
199 165 48151
199 166 4726
199 167 17186
199 168 11384
199 169 43174
199 170 48503
199 171 31203
199 172 23088
199 173 5477
199 174 -2117
199 175 21298
199 176 23854
199 177 37993
199 178 24483
199 179 36132
199 180 27838
199 181 24254
199 182 8421
199 183 11763
199 184 33243
199 185 39779
199 186 45539
199 187 47133
199 188 34947
199 189 23848
199 190 14656
199 191 14717
199 192 18110
199 193 13444
199 194 8294
199 195 32568
199 196 33563
199 197 37665
199 198 32860
199 200 23345
END
NODE_CONSUMPTION
0 1 10
0 2 7
0 3 13
0 4 19
0 5 26
0 6 3
0 7 5
0 8 9
0 9 16
0 10 16
0 11 12
0 12 19
0 13 23
0 14 20
0 15 8
0 16 19
0 17 2
0 18 12
0 19 17
0 20 9
0 21 11
0 22 18
0 23 29
0 24 3
0 25 6
0 26 17
0 27 16
0 28 16
0 29 9
0 30 21
0 31 27
0 32 23
0 33 11
0 34 14
0 35 8
0 36 5
0 37 8
0 38 16
0 39 31
0 40 9
0 41 5
0 42 5
0 43 7
0 44 18
0 45 16
0 46 1
0 47 27
0 48 36
0 49 30
0 50 13
0 51 10
0 52 9
0 53 14
0 54 18
0 55 2
0 56 6
0 57 7
0 58 18
0 59 28
0 60 3
0 61 13
0 62 19
0 63 10
0 64 9
0 65 20
0 66 25
0 67 25
0 68 36
0 69 6
0 70 5
0 71 15
0 72 25
0 73 9
0 74 8
0 75 18
0 76 13
0 77 14
0 78 3
0 79 23
0 80 6
0 81 26
0 82 16
0 83 11
0 84 7
0 85 41
0 86 35
0 87 26
0 88 9
0 89 15
0 90 3
0 91 1
0 92 2
0 93 22
0 94 27
0 95 20
0 96 11
0 97 12
0 98 10
0 99 9
0 100 17
0 101 7
0 102 30
0 103 16
0 104 9
0 105 21
0 106 15
0 107 19
0 108 23
0 109 11
0 110 5
0 111 19
0 112 29
0 113 23
0 114 21
0 115 10
0 116 15
0 117 3
0 118 41
0 119 9
0 120 28
0 121 8
0 122 8
0 123 16
0 124 10
0 125 28
0 126 7
0 127 15
0 128 14
0 129 6
0 130 19
0 131 11
0 132 12
0 133 23
0 134 26
0 135 17
0 136 6
0 137 9
0 138 15
0 139 14
0 140 7
0 141 27
0 142 13
0 143 11
0 144 16
0 145 10
0 146 5
0 147 25
0 148 17
0 149 18
0 150 10
0 151 18
0 152 26
0 153 11
0 154 30
0 155 21
0 156 19
0 157 15
0 158 16
0 159 29
0 160 26
0 161 37
0 162 16
0 163 12
0 164 31
0 165 8
0 166 19
0 167 20
0 168 13
0 169 15
0 170 22
0 171 28
0 172 12
0 173 6
0 174 27
0 175 14
0 176 18
0 177 17
0 178 29
0 179 13
0 180 22
0 181 25
0 182 28
0 183 27
0 184 19
0 185 10
0 186 12
0 187 14
0 188 24
0 189 16
0 190 33
0 191 15
0 192 11
0 193 18
0 194 17
0 195 21
0 196 27
0 197 19
0 198 20
0 199 5
END
