NAME : ./data/ESPPRC - Test Instances/P-n101-k4_b.simplified-vrp
SIZE : 102
DIRECTED : 1
CYCLIC : 1
ORIGIN : 0
DESTINATION : 101
RESOURCES : 1
RES_NAMES : 0
RES_TYPE
0 CAP
END
RES_BOUND
0 0 400
END
EDGE_COST
0 1 9907
0 2 10715
0 3 19161
0 4 14499
0 5 16682
0 6 9206
0 7 14388
0 8 21460
0 9 25488
0 10 18668
0 11 26889
0 12 10564
0 13 7534
0 14 26105
0 15 22447
0 16 26569
0 17 21966
0 18 8583
0 19 23056
0 20 26213
0 21 15857
0 22 23263
0 23 27028
0 24 20495
0 25 26988
0 26 4974
0 27 3340
0 28 3390
0 29 20398
0 30 19454
0 31 10381
0 32 23610
0 33 20733
0 34 27447
0 35 33047
0 36 33630
0 37 19753
0 38 25779
0 39 28556
0 40 7323
0 41 20067
0 42 18268
0 43 25098
0 44 25239
0 45 21618
0 46 21456
0 47 28596
0 48 21381
0 49 32031
0 50 10605
0 51 18954
0 52 6369
0 53 4419
0 54 15805
0 55 23820
0 56 24125
0 57 17173
0 58 7048
0 59 15761
0 60 14522
0 61 20264
0 62 18346
0 63 27516
0 64 29977
0 65 33371
0 66 27858
0 67 26427
0 68 15879
0 69 10578
0 70 14753
0 71 33105
0 72 17515
0 73 15944
0 74 22901
0 75 24993
0 76 12190
0 77 17132
0 78 25599
0 79 20613
0 80 19121
0 81 22500
0 82 17757
0 83 15946
0 84 20595
0 85 20975
0 86 25570
0 87 12190
0 88 15309
0 89 6007
0 90 30689
0 91 21433
0 92 14770
0 93 15600
0 94 9385
0 95 11899
0 96 12567
0 97 15180
0 98 19782
0 99 15515
0 100 20512
1 2 25273
1 3 11360
1 4 21701
1 5 28268
1 6 22865
1 7 14199
1 8 26786
1 9 11276
1 10 8729
1 11 19749
1 12 12207
1 13 22755
1 14 40961
1 15 37387
1 16 39864
1 17 32258
1 18 15619
1 19 19271
1 20 11082
1 21 27104
1 22 35542
1 23 37146
1 24 18280
1 25 31090
1 26 13210
1 27 9157
1 28 9065
1 29 14607
1 30 5004
1 31 3357
1 32 10491
1 33 8343
1 34 16130
1 35 19213
1 36 32752
1 37 34345
1 38 40204
1 39 36178
1 40 20164
1 41 33217
1 42 33492
1 43 40318
1 44 39447
1 45 29151
1 46 25001
1 47 28125
1 48 21738
1 49 27924
1 50 -41
1 51 4070
1 52 10287
1 53 18386
1 54 18613
1 55 27416
1 56 33816
1 57 32057
1 58 21530
1 59 29973
1 60 24796
1 61 33057
1 62 12086
1 63 17001
1 64 21668
1 65 18441
1 66 12659
1 67 33672
1 68 12529
1 69 2884
1 70 1720
1 71 18283
1 72 28584
1 73 27959
1 74 34650
1 75 36041
1 76 7168
1 77 10850
1 78 14759
1 79 11090
1 80 17235
1 81 9780
1 82 20510
1 83 24398
1 84 31250
1 85 34750
1 86 38485
1 87 27420
1 88 11371
1 89 17525
1 90 19031
1 91 35520
1 92 29400
1 93 29323
1 94 23970
1 95 26715
1 96 26372
1 97 30224
1 98 34131
1 99 29167
1 100 35071
1 101 -5885
2 1 27233
2 3 31209
2 4 9723
2 5 19920
2 6 14427
2 7 29424
2 8 31280
2 9 40896
2 10 36463
2 11 43637
2 12 18995
2 13 5788
2 14 15279
2 15 5033
2 16 22593
2 17 24248
2 18 20231
2 19 38464
2 20 43621
2 21 8269
2 22 8544
2 23 14296
2 24 25481
2 25 23597
2 26 10195
2 27 21340
2 28 17946
2 29 28853
2 30 37249
2 31 28145
2 32 41610
2 33 35331
2 34 39806
2 35 47580
2 36 46433
2 37 13837
2 38 15664
2 39 20080
2 40 5577
2 41 3412
2 42 4856
2 43 9361
2 44 17536
2 45 28268
2 46 31265
2 47 41825
2 48 34918
2 49 46768
2 50 25945
2 51 35352
2 52 22258
2 53 14089
2 54 18061
2 55 21993
2 56 13601
2 57 -191
2 58 7048
2 59 13609
2 60 21253
2 61 18811
2 62 35301
2 63 45200
2 64 46704
2 65 49236
2 66 45084
2 67 16740
2 68 24915
2 69 28479
2 70 32709
2 71 48987
2 72 7085
2 73 4819
2 74 10009
2 75 12440
2 76 25191
2 77 29057
2 78 38135
2 79 33072
2 80 27026
2 81 36973
2 82 30489
2 83 23851
2 84 24049
2 85 17600
2 86 21231
2 87 876
2 88 32213
2 89 17132
2 90 48600
2 91 15921
2 92 10313
2 93 13737
2 94 10797
2 95 9240
2 96 13704
2 97 8745
2 98 15014
2 99 15515
2 100 13499
2 101 -3117
3 1 9235
3 2 27124
3 4 14499
3 5 38786
3 6 31567
3 7 28530
3 8 40255
3 9 8472
3 10 22328
3 11 33659
3 12 6744
3 13 28370
3 14 47240
3 15 39203
3 16 48892
3 17 43754
3 18 28127
3 19 33760
3 20 16951
3 21 24755
3 22 32738
3 23 30972
3 24 4637
3 25 20373
3 26 11822
3 27 18956
3 28 13190
3 29 52
3 30 15172
3 31 17917
3 32 20851
3 33 3254
3 34 5533
3 35 13551
3 36 47312
3 37 41552
3 38 47384
3 39 27962
3 40 21143
3 41 31367
3 42 38050
3 43 43724
3 44 47173
3 45 41960
3 46 39073
3 47 42661
3 48 36157
3 49 42228
3 50 1880
3 51 6346
3 52 23126
3 53 22751
3 54 9126
3 55 16766
3 56 27980
3 57 34202
3 58 24863
3 59 37919
3 60 36054
3 61 42623
3 62 26466
3 63 29466
3 64 34683
3 65 16198
3 66 15997
3 67 24325
3 68 584
3 69 16523
3 70 14753
3 71 16531
3 72 25126
3 73 25902
3 74 31546
3 75 31733
3 76 3246
3 77 262
3 78 3755
3 79 -1335
3 80 6088
3 81 3914
3 82 34483
3 83 36624
3 84 42438
3 85 43230
3 86 47921
3 87 31989
3 88 25907
3 89 27683
3 90 30998
3 91 43528
3 92 36609
3 93 37896
3 94 31475
3 95 33653
3 96 34893
3 97 36394
3 98 41789
3 99 37847
3 100 42274
3 101 1244
4 1 26877
4 2 12939
4 3 21800
4 5 37297
4 6 29649
4 7 39273
4 8 45748
4 9 33472
4 10 40343
4 11 50357
4 12 11375
4 13 21849
4 14 35320
4 15 21188
4 16 42414
4 17 42542
4 18 33083
4 19 47609
4 20 40688
4 21 7829
4 22 10479
4 23 5972
4 24 8523
4 25 3447
4 26 7936
4 27 26624
4 28 19088
4 29 14335
4 30 36679
4 31 32917
4 32 42534
4 33 28036
4 34 27792
4 35 37716
4 36 58630
4 37 33540
4 38 35555
4 39 4019
4 40 11954
4 41 9590
4 42 24789
4 43 27157
4 44 37756
4 45 44665
4 46 45930
4 47 53594
4 48 46380
4 49 56692
4 50 21794
4 51 30499
4 52 31290
4 53 21042
4 54 2221
4 55 1901
4 56 3165
4 57 18330
4 58 17918
4 59 32191
4 60 36991
4 61 37955
4 62 41892
4 63 49024
4 64 53093
4 65 40869
4 66 40700
4 67 1773
4 68 13527
4 69 30862
4 70 33907
4 71 41486
4 72 3987
4 73 7221
4 74 9706
4 75 8025
4 76 19342
4 77 20521
4 78 27093
4 79 23130
4 80 15055
4 81 28914
4 82 42693
4 83 39236
4 84 41618
4 85 37004
4 86 41254
4 87 20879
4 88 39260
4 89 29657
4 90 51213
4 91 35833
4 92 29446
4 93 32568
4 94 27176
4 95 27298
4 96 31037
4 97 27992
4 98 34536
4 99 33533
4 100 33524
4 101 3883
5 1 26877
5 2 16569
5 3 39520
5 4 30730
5 6 8026
5 7 13791
5 8 9139
5 9 43472
5 10 26714
5 11 28703
5 12 30919
5 13 12165
5 14 14089
5 15 21188
5 16 8594
5 17 1552
5 18 3952
5 19 21040
5 20 40688
5 21 29452
5 22 32393
5 23 38142
5 24 40744
5 25 44437
5 26 23794
5 27 20701
5 28 23991
5 29 41013
5 30 33010
5 31 20120
5 32 33439
5 33 39883
5 34 47293
5 35 51415
5 36 24926
5 37 9720
5 38 10279
5 39 43051
5 40 21638
5 41 26673
5 42 12898
5 43 19082
5 44 9841
5 45 4505
5 46 8192
5 47 21317
5 48 15669
5 49 27150
5 50 29869
5 51 36073
5 52 12747
5 53 21970
5 54 35013
5 55 41865
5 56 36967
5 57 18737
5 58 19371
5 59 6442
5 60 966
5 61 1477
5 62 22262
5 63 33392
5 64 30458
5 65 49909
5 66 42179
5 67 40261
5 68 36477
5 69 26215
5 70 27717
5 71 50083
5 72 29971
5 73 27599
5 74 33659
5 75 36157
5 76 32594
5 77 37596
5 78 45525
5 79 40754
5 80 39619
5 81 41562
5 82 11433
5 83 1922
5 84 387
5 85 6015
5 86 6494
5 87 11497
5 88 20671
5 89 9090
5 90 38751
5 91 6821
5 92 7015
5 93 2060
5 94 8745
5 95 8695
5 96 4919
5 97 11429
5 98 8371
5 99 4425
5 100 8839
5 101 -501
6 1 19514
6 2 9116
6 3 30341
6 4 21122
6 5 6066
6 7 13791
6 8 15060
6 9 35898
6 10 23587
6 11 28703
6 12 21059
6 13 3425
6 14 16450
6 15 17528
6 16 15442
6 17 11552
6 18 3952
6 19 22663
6 20 34901
6 21 20190
6 22 24621
6 23 30023
6 24 30806
6 25 34678
6 26 13794
6 27 12482
6 28 14529
6 29 31369
6 30 27500
6 31 15721
6 32 29872
6 33 31583
6 34 38561
6 35 43672
6 36 30032
6 37 9720
6 38 15369
6 39 33942
6 40 11954
6 41 19806
6 42 10801
6 43 17996
6 44 14609
6 45 13079
6 46 15194
6 47 25455
6 48 18638
6 49 30584
6 50 21437
6 51 28906
6 52 8208
6 53 11989
6 54 25017
6 55 31996
6 56 28206
6 57 13291
6 58 9698
6 59 5168
6 60 5438
6 61 9087
6 62 20869
6 63 31639
6 64 31510
6 65 43257
6 66 36605
6 67 31441
6 68 26781
6 69 19221
6 70 22294
6 71 43123
6 72 21120
6 73 18841
6 74 25323
6 75 27818
6 76 23371
6 77 28305
6 78 36725
6 79 31774
6 80 29806
6 81 33333
6 82 14156
6 83 7889
6 84 10300
6 85 9995
6 86 14402
6 87 6174
6 88 18097
6 89 2106
6 90 35923
6 91 10687
6 92 4929
6 93 4572
6 94 505
6 95 3033
6 96 1546
6 97 6975
6 98 9339
6 99 4425
6 100 10362
6 101 -9937
7 1 15699
7 2 28964
7 3 32155
7 4 35597
7 5 16682
7 6 18642
7 8 7418
7 9 29873
7 10 7315
7 11 8348
7 12 29105
7 13 23280
7 14 34400
7 15 38131
7 16 29037
7 17 16552
7 18 2772
7 19 2220
7 20 23745
7 21 36880
7 22 43507
7 23 47981
7 24 37929
7 25 47530
7 26 25810
7 27 16368
7 28 21763
7 29 35286
7 30 16320
7 31 4097
7 32 13817
7 33 29035
7 34 36668
7 35 37551
7 36 12821
7 37 28540
7 38 30787
7 39 49757
7 40 28159
7 41 39506
7 42 30983
7 43 38018
7 44 30457
7 45 10902
7 46 4099
7 47 7807
7 48 858
7 49 10903
7 50 20800
7 51 22111
7 52 4954
7 53 25442
7 54 35545
7 55 44131
7 56 45248
7 57 33828
7 58 26837
7 59 23976
7 60 12773
7 61 21972
7 62 1795
7 63 12836
7 64 10917
7 65 33371
7 66 24375
7 67 47633
7 68 32144
7 69 15675
7 70 11686
7 71 34590
7 72 38460
7 73 36623
7 74 43526
7 75 45808
7 76 26621
7 77 31168
7 78 35584
7 79 32113
7 80 36301
7 81 30142
7 82 264
7 83 9169
7 84 17288
7 85 26237
7 86 25992
7 87 26790
7 88 2399
7 89 13162
7 90 18688
7 91 27222
7 92 24456
7 93 21429
7 94 21113
7 95 23509
7 96 20390
7 97 27403
7 98 27539
7 99 22022
7 100 28532
7 101 96
8 1 26250
8 2 28784
8 3 41844
8 4 40036
8 5 9994
8 6 17875
8 7 5382
8 9 41576
8 10 19422
8 11 17514
8 12 36356
8 13 23261
8 14 27466
8 15 34975
8 16 20414
8 17 5480
8 18 3212
8 19 8760
8 20 35930
8 21 39710
8 22 44441
8 23 49870
8 24 46074
8 25 53062
8 26 31130
8 27 23519
8 28 28640
8 29 44574
8 30 28441
8 31 15764
8 32 25679
8 33 39906
8 34 47685
8 35 49395
8 36 11018
8 37 23620
8 38 21681
8 39 53415
8 40 31129
8 41 39371
8 42 26788
8 43 32981
8 44 22366
8 45 -1134
8 46 -4578
8 47 7544
8 48 3065
8 49 13417
8 50 30850
8 51 33813
8 52 12055
8 53 29494
8 54 42042
8 55 50005
8 56 47928
8 57 31991
8 58 29057
8 59 19911
8 60 7896
8 61 13874
8 62 13369
8 63 23652
8 64 17824
8 65 45570
8 66 36565
8 67 51069
8 68 40675
8 69 25707
8 70 23625
8 71 46679
8 72 40847
8 73 38621
8 74 45165
8 75 47656
8 76 35551
8 77 40434
8 78 46323
8 79 42324
8 80 44416
8 81 41239
8 82 836
8 83 2062
8 84 8306
8 85 19793
8 86 15925
8 87 24611
8 88 14432
8 89 14896
8 90 30330
8 91 20336
8 92 20572
8 93 15968
8 94 19970
8 95 21240
8 96 17303
8 97 24602
8 98 22292
8 99 17745
8 100 22719
8 101 5132
9 1 12479
9 2 40139
9 3 11800
9 4 29499
9 5 46066
9 6 40452
9 7 29576
9 8 43315
9 10 18173
9 11 28703
9 12 21059
9 13 39366
9 14 58120
9 15 52448
9 16 57622
9 17 49862
9 18 33083
9 19 31040
9 20 5770
9 21 39060
9 22 47327
9 23 45972
9 24 17421
9 25 34678
9 26 25417
9 27 26624
9 28 23991
9 29 10690
9 30 8959
9 31 18215
9 32 11542
9 33 4220
9 34 2571
9 35 1444
9 36 45230
9 37 51691
9 38 57683
9 39 42845
9 40 34222
9 41 45776
9 42 49913
9 43 56290
9 44 57004
9 45 46175
9 46 40330
9 47 41561
9 48 36333
9 49 37748
9 50 8898
9 51 -1647
9 52 27812
9 53 34079
9 54 24065
9 55 31212
9 56 42961
9 57 47204
9 58 36942
9 59 47475
9 60 42537
9 61 50849
9 62 23915
9 63 21999
9 64 26921
9 65 1826
9 66 1679
9 67 38858
9 68 15525
9 69 20616
9 70 12097
9 71 1690
9 72 39764
9 73 40204
9 74 46158
9 75 46574
9 76 15512
9 77 14551
9 78 4535
9 79 7225
9 80 21048
9 81 914
9 82 36492
9 83 41862
9 84 48961
9 85 52405
9 86 56283
9 87 43735
9 88 26157
9 89 35295
9 90 23440
9 91 53101
9 92 46714
9 93 46976
9 94 41275
9 95 43894
9 96 43972
9 97 47179
9 98 51597
9 99 46817
9 100 52443
9 101 10899
10 1 10231
10 2 36005
10 3 25955
10 4 36669
10 5 29607
10 6 28440
10 7 7317
10 8 21460
10 9 18472
10 11 4528
10 12 27580
10 13 31354
10 14 46291
10 15 47033
10 16 42135
10 17 30603
10 18 15133
10 19 6040
10 20 10401
10 21 40549
10 22 48539
10 23 51387
10 24 33507
10 25 46598
10 26 27335
10 27 18956
10 28 22560
10 29 29036
10 30 3959
10 31 979
10 32 -94
10 33 20326
10 34 26746
10 35 25387
10 36 20230
10 37 39771
10 38 43768
10 39 51189
10 40 32544
10 41 45547
10 42 41147
10 43 48350
10 44 43118
10 45 25021
10 46 16451
10 47 16752
10 48 12366
10 49 13397
10 50 15035
10 51 11133
10 52 12318
10 53 29780
10 54 34111
10 55 42935
10 56 48145
10 57 42020
10 58 32518
10 59 35065
10 60 25563
10 61 35018
10 62 -824
10 63 2075
10 64 6130
10 65 19676
10 66 10383
10 67 48851
10 68 27923
10 69 13177
10 70 1720
10 71 21604
10 72 42213
10 73 41041
10 74 47953
10 75 49763
10 76 22711
10 77 26035
10 78 26551
10 79 24606
10 80 32739
10 81 20624
10 82 14282
10 83 22869
10 84 30934
10 85 38450
10 86 39611
10 87 35853
10 88 5018
10 89 22325
10 90 5511
10 91 39479
10 92 35218
10 93 33299
10 94 30585
10 95 33379
10 96 31259
10 97 37294
10 98 39044
10 99 33462
10 100 40151
10 101 4378
11 1 21076
11 2 43004
11 3 37111
11 4 46508
11 5 31421
11 6 33381
11 7 8175
11 8 19377
11 9 28827
11 10 4353
11 12 37990
11 13 37585
11 14 49316
11 15 52861
11 16 43512
11 17 29631
11 18 17772
11 19 -1889
11 20 19590
11 21 49307
11 22 56752
11 23 60434
11 24 44578
11 25 57087
11 26 36806
11 27 27495
11 28 32065
11 29 40214
11 30 14575
11 31 9946
11 32 5134
11 33 31442
11 34 37489
11 35 35010
11 36 10912
11 37 43540
11 38 45200
11 39 60985
11 40 40864
11 41 53237
11 42 45924
11 43 52995
11 44 45137
11 45 22877
11 46 10747
11 47 9391
11 48 8343
11 49 2417
11 50 26084
11 51 21861
11 52 18142
11 53 37960
11 54 44625
11 55 53465
11 56 57353
11 57 48320
11 58 40147
11 59 38969
11 60 27639
11 61 36542
11 62 913
11 63 650
11 64 -3542
11 65 27122
11 66 17444
11 67 58781
11 68 38908
11 69 23171
11 70 12893
11 71 30565
11 72 50989
11 73 49485
11 74 56442
11 75 58502
11 76 33552
11 77 37095
11 78 37547
11 79 35778
11 80 43633
11 81 31602
11 82 13115
11 83 23487
11 84 31435
11 85 41139
11 86 39864
11 87 41481
11 88 10392
11 89 27601
11 90 9620
11 91 42092
11 92 39431
11 93 36401
11 94 35814
11 95 38337
11 96 35356
11 97 42258
11 98 42533
11 99 37022
11 100 43513
11 101 12424
12 1 11318
12 2 16146
12 3 7980
12 4 5310
12 5 31421
12 6 23521
12 7 26716
12 8 36003
12 9 18967
12 10 25189
12 11 35774
12 13 18715
12 14 37101
12 15 28089
12 16 40134
12 17 36829
12 18 23186
12 19 34052
12 20 25004
12 21 13640
12 22 21832
12 23 21386
12 24 5495
12 25 14660
12 26 865
12 27 14151
12 28 6285
12 29 6217
12 30 20885
12 31 18412
12 32 26772
12 33 13237
12 34 16391
12 35 24706
12 36 46350
12 37 32081
12 38 37436
12 39 19665
12 40 10285
12 41 20325
12 42 27486
12 43 32791
12 44 37643
12 45 36565
12 46 35717
12 47 41348
12 48 34297
12 49 43099
12 50 6003
12 51 15050
12 52 19407
12 53 13548
12 54 2221
12 55 11049
12 56 18114
12 57 23184
12 58 14636
12 59 28973
12 60 29509
12 61 34329
12 62 27564
12 63 33637
12 64 38130
12 65 27122
12 66 25374
12 67 17046
12 68 1712
12 69 16104
12 70 18356
12 71 27178
12 72 14278
12 73 14793
12 74 20665
12 75 21229
12 76 3609
12 77 5978
12 78 14783
12 79 9824
12 80 4351
12 81 14561
12 82 31433
12 83 30907
12 84 35469
12 85 34354
12 86 39256
12 87 21608
12 88 25485
12 89 21007
12 90 35656
12 91 34305
12 92 27256
12 93 29190
12 94 22641
12 95 24346
12 96 26423
12 97 26628
12 98 32537
12 99 29343
12 100 32705
12 101 -6117
13 1 21076
13 2 2149
13 3 28816
13 4 14994
13 5 11877
13 6 5097
13 7 20101
13 8 22118
13 9 36484
13 10 28173
13 11 34579
13 12 17925
13 14 15302
13 15 12033
13 16 18030
13 17 17047
13 18 10800
13 19 29119
13 20 37310
13 21 13640
13 22 17550
13 23 22988
13 24 26896
13 25 28802
13 26 9605
13 27 14151
13 28 13344
13 29 28578
13 30 30360
13 31 19936
13 32 33893
13 33 31442
13 34 37489
13 35 43866
13 36 37052
13 37 9720
13 38 15369
13 39 27281
13 40 6143
13 41 12838
13 42 7091
13 43 14009
13 44 15303
13 45 19758
13 46 22223
13 47 32404
13 48 25484
13 49 37343
13 50 21437
13 51 30107
13 52 13303
13 53 9167
13 54 20296
13 55 26418
13 56 21339
13 57 7131
13 58 4076
13 59 7012
13 60 12305
13 61 12797
13 62 26392
13 63 36690
13 64 37578
13 65 44498
13 66 38985
13 67 24623
13 68 24031
13 69 21499
13 70 25438
13 71 44218
13 72 14278
13 73 11944
13 74 18304
13 75 20809
13 76 22033
13 77 26640
13 78 35645
13 79 30527
13 80 26662
13 81 33202
13 82 21060
13 83 14851
13 84 16189
13 85 12271
13 86 17141
13 87 1085
13 88 23369
13 89 7777
13 90 40452
13 91 11976
13 92 4929
13 93 7394
13 94 1815
13 95 2132
13 96 5549
13 97 4378
13 98 10227
13 99 8072
13 100 10362
13 101 -9937
14 1 41547
14 2 13905
14 3 49951
14 4 30730
14 5 16066
14 6 20387
14 7 33486
14 8 28588
14 9 57503
14 10 45375
14 11 48575
14 12 38576
14 13 17567
14 15 7844
14 16 8594
14 17 13913
14 18 23186
14 19 41040
14 20 57240
14 21 29452
14 22 26337
14 23 31283
14 24 46397
14 25 44437
14 26 29850
14 27 34396
14 28 34548
14 29 49088
14 30 49861
14 31 37861
14 32 51908
14 33 52613
14 34 58659
14 35 65010
14 36 43892
14 37 9720
14 38 -5467
14 39 39629
14 40 25298
14 41 18371
14 42 1993
14 43 1552
14 44 -994
14 45 21874
14 46 26150
14 47 40921
14 48 35626
14 49 46793
14 50 42552
14 51 50850
14 52 30169
14 53 30361
14 54 39099
14 55 43086
14 56 32972
14 57 11095
14 58 24394
14 59 13189
14 60 20577
14 61 9087
14 62 41687
14 63 52796
14 64 50458
14 65 65282
14 66 58950
14 67 34804
14 68 44721
14 69 41458
14 70 44648
14 71 65054
14 72 27601
14 73 25652
14 74 29449
14 75 31223
14 76 43228
14 77 47763
14 78 56825
14 79 51698
14 80 47118
14 81 54378
14 82 31433
14 83 21870
14 84 17642
14 85 9995
14 86 3816
14 87 9069
14 88 39491
14 89 24320
14 90 57643
14 91 4821
14 92 10277
14 93 9670
14 94 17591
14 95 14238
14 96 15688
14 97 12841
14 98 10227
14 99 14785
14 100 5014
14 101 10899
15 1 40029
15 2 5715
15 3 43970
15 4 18654
15 5 25221
15 6 23521
15 7 39273
15 8 38153
15 9 53887
15 10 48173
15 11 54176
15 12 31620
15 13 16354
15 14 9900
15 16 22414
15 17 26907
15 18 29173
15 19 48049
15 20 56437
15 21 19042
15 22 12148
15 23 15972
15 24 36593
15 25 31526
15 26 22949
15 27 33695
15 28 30903
15 29 40814
15 30 49861
15 31 39928
15 32 53805
15 33 48300
15 34 52424
15 35 60486
15 36 53947
15 37 16568
15 38 8353
15 39 25391
15 40 18504
15 41 3371
15 42 1993
15 43 -1798
15 44 14373
15 45 33267
15 46 37301
15 47 49934
15 48 43558
15 49 55516
15 50 38944
15 51 48331
15 52 33173
15 53 26873
15 54 29126
15 55 30947
15 56 18961
15 57 1258
15 58 19833
15 59 18981
15 60 28274
15 61 20942
15 62 46190
15 63 56658
15 64 57004
15 65 62232
15 66 57966
15 67 19564
15 68 37303
15 69 40991
15 70 45136
15 71 61986
15 72 15291
15 73 14258
15 74 16193
15 75 17133
15 76 38131
15 77 41852
15 78 50838
15 79 45833
15 80 39257
15 81 49923
15 82 39031
15 83 30628
15 84 28466
15 85 19976
15 86 19284
15 87 6958
15 88 43244
15 89 27272
15 90 60448
15 91 16339
15 92 15173
15 93 17824
15 94 19704
15 95 16680
15 96 20712
15 97 14738
15 98 17938
15 99 21281
15 100 14162
15 101 9297
16 1 37125
16 2 17894
16 3 48278
16 4 34499
16 5 7246
16 6 16054
16 7 24798
16 8 18211
16 9 53680
16 10 37894
16 11 39446
16 12 38284
16 13 16970
16 14 5269
16 15 17033
16 17 2732
16 18 15133
16 19 31351
16 20 51599
16 21 32829
16 22 32738
16 23 38406
16 24 47504
16 25 48447
16 26 30195
16 27 30356
16 28 32420
16 29 48875
16 30 43959
16 31 31192
16 32 44619
16 33 49574
16 34 56583
16 35 61537
16 36 33022
16 37 8540
16 38 -836
16 39 45221
16 40 26557
16 41 25745
16 42 8898
16 43 12323
16 44 -568
16 45 10902
16 46 15108
16 47 30447
16 48 25718
16 49 36265
16 50 39438
16 51 46480
16 52 23656
16 53 29102
16 54 40855
16 55 46442
16 56 38657
16 57 17387
16 58 24676
16 59 9662
16 60 12146
16 61 -759
16 62 33348
16 63 44453
16 64 40677
16 65 60597
16 66 53164
16 67 41505
16 68 44270
16 69 36596
16 70 38658
16 71 60623
16 72 32259
16 73 29951
16 74 34978
16 75 37233
16 76 41315
16 77 46199
16 78 54743
16 79 49767
16 80 47067
16 81 51314
16 82 21892
16 83 12315
16 84 7309
16 85 4278
16 86 -3460
16 87 11916
16 88 31851
16 89 18939
16 90 49918
16 91 920
16 92 8551
16 93 4296
16 94 14807
16 95 12557
16 96 11195
16 97 13008
16 98 7577
16 99 9684
16 100 4716
16 101 8038
17 1 35381
17 2 25411
17 3 49002
17 4 40489
17 5 6066
17 6 18026
17 7 18175
17 8 9139
17 9 51782
17 10 32224
17 11 31427
17 12 40841
17 13 21849
17 14 16450
17 15 27388
17 16 8594
17 18 10800
17 19 22663
17 20 47741
17 21 39060
17 22 41058
17 23 46874
17 24 50703
17 25 54275
17 26 33794
17 27 29963
17 28 33739
17 29 50773
17 30 40057
17 31 26976
17 32 38814
17 33 48776
17 34 56391
17 35 59752
17 36 22380
17 37 16568
17 38 8353
17 39 52456
17 40 31498
17 41 34771
17 42 18946
17 43 23372
17 44 10437
17 45 525
17 46 4236
17 47 20564
17 48 16987
17 49 26112
17 50 38944
17 51 44182
17 52 20609
17 53 31963
17 54 45011
17 55 51778
17 56 46183
17 57 26428
17 58 29250
17 59 15045
17 60 9143
17 61 3989
17 62 26689
17 63 37365
17 64 31510
17 65 57319
17 66 48883
17 67 49415
17 68 46289
17 69 34647
17 70 34889
17 71 57849
17 72 39315
17 73 36929
17 74 42689
17 75 45135
17 76 42145
17 77 47163
17 78 54701
17 79 50086
17 80 49504
17 81 50376
17 82 14156
17 83 6253
17 84 2347
17 85 11554
17 86 2257
17 87 19747
17 88 26488
17 89 18594
17 90 43662
17 91 10687
17 92 15173
17 93 9670
17 94 18556
17 95 17914
17 96 14566
17 97 19907
17 98 15165
17 99 13546
17 100 14162
17 101 9297
18 1 17522
18 2 20174
18 3 32155
18 4 29810
18 5 7246
18 6 9206
18 7 3175
18 8 5651
18 9 33783
18 10 15534
18 11 18348
18 12 25978
18 13 14382
18 14 24503
18 15 28434
18 16 19775
18 17 9580
18 19 11656
18 20 29945
18 21 29845
18 22 35388
18 23 40469
18 24 35772
18 25 42691
18 26 20720
18 27 13340
18 28 18278
18 29 34610
18 30 22243
18 31 9196
18 32 22260
18 33 31088
18 34 38825
18 35 41749
18 36 19137
18 37 18540
18 38 21432
18 39 43411
18 40 21143
18 41 30866
18 42 21057
18 43 28043
18 44 20863
18 45 6605
18 46 5686
18 47 14391
18 48 7470
18 49 19404
18 50 21527
18 51 26160
18 52 2671
18 53 19182
18 54 31602
18 55 39596
18 56 38197
18 57 24441
18 58 19253
18 59 13988
18 60 3202
18 61 12658
18 62 11290
18 63 22421
18 64 20794
18 65 39414
18 66 31293
18 67 41164
18 68 30515
18 69 16797
18 70 17003
18 71 39844
18 72 31168
18 73 29061
18 74 35787
18 75 38220
18 76 25607
18 77 30570
18 78 37255
18 79 32914
18 80 34151
18 81 32610
18 82 3035
18 83 1559
18 84 8992
18 85 16392
18 86 17418
18 87 17214
18 88 9490
18 89 4817
18 90 27595
18 91 17408
18 92 14496
18 93 11477
18 94 11661
18 95 13796
18 96 10456
18 97 17622
18 98 17548
18 99 12022
18 100 18561
18 101 -5306
19 1 22906
19 2 40139
19 3 39520
19 4 46068
19 5 26066
19 6 29649
19 7 4355
19 8 12931
19 9 33472
19 10 8173
19 11 419
19 12 38576
19 13 34433
19 14 44089
19 15 49042
19 16 37725
19 17 23175
19 18 13388
19 20 25004
19 21 47829
19 22 54647
19 23 58979
19 24 46397
19 25 57478
19 26 36220
19 27 26624
19 28 31778
19 29 42767
19 30 18959
19 31 10806
19 32 11542
19 33 34807
19 34 41640
19 35 40270
19 36 5230
19 37 38851
19 38 39255
19 39 60380
19 40 39155
19 41 50686
19 42 41609
19 43 48481
19 44 39523
19 45 16233
19 46 3680
19 47 2453
19 48 1824
19 49 141
19 50 28174
19 51 26087
19 52 15864
19 53 36348
19 54 45203
19 55 53962
19 56 56140
19 57 44900
19 58 37955
19 59 34454
19 60 22571
19 61 30894
19 62 2071
19 63 7588
19 64 458
19 65 33421
19 66 23762
19 67 58254
19 68 40566
19 69 23966
19 70 16019
19 71 36199
19 72 49449
19 73 47684
19 74 54607
19 75 56849
19 76 35009
19 77 39063
19 78 41225
19 79 38740
19 80 45037
19 81 35361
19 82 7433
19 83 17873
19 84 25539
19 85 35966
19 86 33632
19 87 37771
19 88 9675
19 89 24320
19 90 15904
19 91 36821
19 92 35024
19 93 31477
19 94 32128
19 95 34396
19 96 31037
19 97 38237
19 98 37727
19 99 32388
19 100 38577
19 101 10899
20 1 11167
20 2 41746
20 3 19161
20 4 35597
20 5 42164
20 6 38337
20 7 22330
20 8 36551
20 9 4652
20 10 8984
20 11 18348
20 12 25978
20 13 39074
20 14 56739
20 15 53880
20 16 54423
20 17 44703
20 18 28127
20 19 21454
20 21 42829
20 22 51337
20 23 51800
20 24 26551
20 25 42691
20 26 28794
20 27 25266
20 28 25349
20 29 20398
20 30 1030
20 31 12022
20 32 380
20 33 11238
20 34 13752
20 35 10010
20 36 35520
20 37 50018
20 38 55464
20 39 49667
20 40 36454
20 41 49283
20 42 49782
20 43 56710
20 44 54643
20 45 39897
20 46 32227
20 47 32470
20 48 28118
20 49 27214
20 50 11745
20 51 90
20 52 23480
20 53 34875
20 54 30948
20 55 39052
20 56 48519
20 57 48549
20 58 38018
20 59 45465
20 60 38267
20 61 47400
20 62 14987
20 63 11027
20 64 15769
20 65 4250
20 66 -3695
20 67 46470
20 68 22732
20 69 18110
20 70 5700
20 71 5813
20 72 44084
20 73 43829
20 74 50314
20 75 51356
20 76 19883
20 77 20843
20 78 15151
20 79 15868
20 80 28109
20 81 9780
20 82 29419
20 83 36624
20 84 44347
20 85 49818
20 86 52585
20 87 43785
20 88 19096
20 89 32518
20 90 12582
20 91 50739
20 92 45150
20 93 44444
20 94 39828
20 95 42651
20 96 41721
20 97 46307
20 98 49630
20 99 44347
20 100 50673
20 101 10506
21 1 23950
21 2 3155
21 3 23726
21 4 -501
21 5 27689
21 6 20387
21 7 32226
21 8 37092
21 9 34703
21 10 35893
21 11 44826
21 12 11375
21 13 12165
21 14 25712
21 15 13246
21 16 32414
21 17 32783
21 18 24788
21 19 41040
21 20 39590
21 22 6337
21 23 9000
21 24 15495
21 25 13447
21 26 3794
21 27 20701
21 28 14529
21 29 19634
21 30 34270
21 31 27845
21 32 39620
21 33 28959
21 34 31702
21 35 40476
21 36 50958
21 37 23540
21 38 26073
21 39 11585
21 40 3214
21 41 4547
21 42 15245
21 43 18725
21 44 27874
21 45 35416
21 46 37301
21 47 46015
21 48 38833
21 49 49946
21 50 20708
21 51 30238
21 52 24261
21 53 13548
21 54 8001
21 55 11605
21 56 6233
21 57 9242
21 58 8810
21 59 22288
21 60 27799
21 61 28011
21 62 36268
21 63 44790
21 64 47871
21 65 42922
21 66 40512
21 67 9191
21 68 16455
21 69 26572
21 70 30536
21 71 42921
21 72 -485
21 73 -1019
21 74 5375
21 75 7057
21 76 18899
21 77 21786
21 78 30312
21 79 25522
21 80 18274
21 81 30354
21 82 34794
21 83 30206
21 84 31999
21 85 27022
21 86 31264
21 87 10922
21 88 33290
21 89 21214
21 90 47481
21 91 25838
21 92 19472
21 93 22647
21 94 17591
21 95 17429
21 96 21345
21 97 18000
21 98 24541
21 99 23732
21 100 23544
21 101 -3089
22 1 33880
22 2 4922
22 3 33201
22 4 3641
22 5 32122
22 6 26310
22 7 40345
22 8 43315
22 9 44462
22 10 45375
22 11 53763
22 12 21059
22 13 17567
22 14 24089
22 15 7844
22 16 33815
22 17 36273
22 18 31823
22 19 49350
22 20 49590
22 21 7829
22 23 2152
22 24 22511
22 25 15808
22 26 13794
22 27 29963
22 28 24360
22 29 27781
22 30 44208
22 31 37189
22 32 49451
22 33 38729
22 34 40635
22 35 49881
22 36 58177
22 37 25466
22 38 23664
22 39 9718
22 40 11954
22 41 -4552
22 42 13868
22 43 14009
22 44 27583
22 45 40473
22 46 43373
22 47 53425
22 48 46380
22 49 57992
22 50 30688
22 51 40194
22 52 32645
22 53 22419
22 54 15473
22 55 15561
22 56 3165
22 57 7131
22 58 16351
22 59 25742
22 60 33372
22 61 30616
22 62 45244
22 63 54273
22 64 56868
22 65 52564
22 66 50488
22 67 5125
22 68 25517
22 69 36267
22 70 40348
22 71 52672
22 72 1368
22 73 2890
22 74 1466
22 75 1331
22 76 28787
22 77 31390
22 78 39479
22 79 34909
22 80 27181
22 81 40036
22 82 42067
22 83 35961
22 84 36226
22 85 29338
22 86 31988
22 87 12593
22 88 42172
22 89 28408
22 90 57134
22 91 27142
22 92 22327
22 93 25766
22 94 22838
22 95 21446
22 96 25904
22 97 20800
22 98 26753
22 99 27704
22 100 24630
22 101 5809
23 1 40849
23 2 16039
23 3 36800
23 4 4499
23 5 43236
23 6 37077
23 7 50184
23 8 54109
23 9 48472
23 10 53588
23 11 62810
23 12 25978
23 13 28370
23 14 34400
23 15 17033
23 16 44848
23 17 47454
23 18 42269
23 19 59047
23 20 55418
23 21 15857
23 22 7517
23 24 22118
23 25 11475
23 26 20720
23 27 38651
23 28 31993
23 29 28644
23 30 50968
23 31 45690
23 32 56662
23 33 43017
23 34 42381
23 35 52541
23 36 68611
23 37 36619
23 38 33353
23 39 3187
23 40 21143
23 41 4358
23 42 24553
23 43 22984
23 44 38260
23 45 51539
23 46 54238
23 47 63745
23 48 56610
23 49 67911
23 50 36389
23 51 45367
23 52 42257
23 53 31570
23 54 17084
23 55 13055
23 56 2199
23 57 18020
23 58 26313
23 59 36906
23 60 44296
23 61 41780
23 62 54251
23 63 62445
23 64 65823
23 65 55780
23 66 55625
23 67 -5436
23 68 28516
23 69 44107
23 70 47741
23 71 56476
23 72 8644
23 73 12098
23 74 10346
23 75 5693
23 76 34021
23 77 35487
23 78 41916
23 79 38105
23 80 30042
23 81 43914
23 82 52433
23 83 46861
23 84 47372
23 85 40497
23 86 42846
23 87 23772
23 88 51301
23 89 38732
23 90 64923
23 91 38200
23 92 33506
23 93 36945
23 94 33744
23 95 32544
23 96 36964
23 97 31975
23 98 37917
23 99 38839
23 100 35687
23 101 14939
24 1 22460
24 2 27701
24 3 10942
24 4 7527
24 5 46315
24 6 38337
24 7 40609
24 8 50790
24 9 20398
24 10 36185
24 11 47431
24 12 10564
24 13 32755
24 14 49991
24 15 38131
24 16 54423
24 17 51760
24 18 38049
24 19 46942
24 20 30646
24 21 22829
24 22 28353
24 23 22595
24 25 8447
24 26 14410
24 27 28754
24 28 21148
24 29 -2364
24 30 29314
24 31 30930
24 32 34953
24 33 16783
24 34 11391
24 35 22077
24 36 60009
24 37 45974
24 38 50435
24 39 18122
24 40 23069
24 41 27440
24 42 39784
24 43 43724
24 44 51289
24 45 51539
24 46 50315
24 47 55136
24 48 48286
24 49 55701
24 50 15267
24 51 20046
24 52 33888
24 53 28231
24 54 3001
24 55 5523
24 56 20861
24 57 34202
24 58 28357
24 59 43311
24 60 44504
24 61 48898
24 62 39862
24 63 43578
24 64 48757
24 65 25548
24 66 28592
24 67 12631
24 68 4350
24 69 28875
24 70 28658
24 71 27400
24 72 21216
24 73 23478
24 74 27373
24 75 26052
24 76 14002
24 77 11856
24 78 11999
24 79 10323
24 80 7246
24 81 16385
24 82 45853
24 83 45890
24 84 50412
24 85 48648
24 86 53540
24 87 34524
24 88 38618
24 89 36007
24 90 45130
24 91 48319
24 92 41307
24 93 43622
24 94 37155
24 95 38518
24 96 41041
24 97 40354
24 98 46605
24 99 43913
24 100 46450
24 101 8883
25 1 32318
25 2 22865
25 3 23726
25 4 -501
25 5 47056
25 6 39257
25 7 47258
25 8 54826
25 9 34703
25 10 46324
25 11 56988
25 12 16777
25 13 31709
25 14 45079
25 15 30112
25 16 52414
25 17 52380
25 18 42016
25 19 55071
25 20 43834
25 21 17829
25 22 18698
25 23 9000
25 24 5495
25 26 16155
25 27 34396
25 28 26476
25 29 12588
25 30 41129
25 31 39607
25 32 47064
25 33 30150
25 34 26391
25 35 37054
25 36 66856
25 37 43540
25 38 45200
25 39 4019
25 40 21638
25 41 17625
25 42 34546
25 43 36232
25 44 47681
25 45 54148
25 46 54930
25 47 61808
25 48 54635
25 49 64158
25 50 26084
25 51 33259
25 52 39473
25 53 30030
25 54 5043
25 55 -3037
25 56 9341
25 57 27934
25 58 27607
25 59 42138
25 60 46494
25 61 47920
25 62 48753
25 63 54596
25 64 59280
25 65 40520
25 66 42723
25 67 -2303
25 68 15525
25 69 37309
25 70 39265
25 71 42106
25 72 13482
25 73 17032
25 74 18552
25 75 15566
25 76 23741
25 77 23376
25 78 26784
25 79 24179
25 80 17261
25 81 30354
25 82 51257
25 83 48610
25 84 51373
25 85 46994
25 86 51248
25 87 30859
25 88 46522
25 89 38792
25 90 56449
25 91 45831
25 92 39431
25 93 42522
25 94 36966
25 95 37233
25 96 40869
25 97 37987
25 98 44533
25 99 43420
25 100 43513
25 101 12424
26 1 14091
26 2 9116
26 3 14828
26 4 3641
26 5 26066
26 6 18026
26 7 25191
26 8 32547
26 9 25095
26 10 26714
26 11 36360
26 12 2635
26 13 12165
26 14 30145
26 15 21188
26 16 33815
26 17 31552
26 18 19698
26 19 33466
26 20 29590
26 21 7829
26 22 16337
26 23 17898
26 24 11111
26 25 15808
26 27 12482
26 28 5127
26 29 13037
26 30 24373
26 31 18994
26 32 29872
26 33 19383
26 34 23407
26 35 31367
26 36 44661
26 37 25466
26 38 30523
26 39 18016
26 40 3214
26 41 14400
26 42 20432
26 43 25750
26 44 30926
26 45 32275
26 46 32603
26 47 39613
26 48 32411
26 49 42551
26 50 10751
26 51 20312
26 52 17259
26 53 8009
26 54 5043
26 55 12670
26 56 14617
26 57 16182
26 58 7842
26 59 22696
26 60 24778
26 61 28310
26 62 27851
26 63 35541
26 64 39216
26 65 33421
26 66 30547
26 67 15866
26 68 8714
26 69 17200
26 70 20861
26 71 33294
26 72 9185
26 73 8857
26 74 15333
26 75 16624
26 76 9187
26 77 12698
26 78 21738
26 79 16692
26 80 11064
26 81 20914
26 82 28915
26 83 26631
26 84 30279
26 85 28036
26 86 32935
26 87 14614
26 88 25143
26 89 16654
26 90 38000
26 91 27774
26 92 20737
26 93 23011
26 94 16578
26 95 17914
26 96 20498
26 97 19907
26 98 26036
26 99 23340
26 100 26017
26 101 -9937
27 1 5492
27 2 15715
27 3 17416
27 4 17783
27 5 18427
27 6 12168
27 7 11203
27 8 20390
27 9 21756
27 10 13789
27 11 22503
27 12 11375
27 13 12165
27 14 30145
27 15 27388
27 16 29430
27 17 23175
27 18 7772
27 19 19324
27 20 21516
27 21 20190
27 22 27960
27 23 31283
27 24 20909
27 25 29503
27 26 7936
27 28 3773
27 29 19634
27 30 14575
27 31 5566
27 32 18610
27 33 17607
27 34 24932
27 35 29547
27 36 30818
27 37 23540
27 38 29451
27 39 32122
27 40 11954
27 41 24939
27 42 22856
27 43 29819
27 44 28733
27 45 21532
27 46 19944
27 47 25776
27 48 18638
27 49 28410
27 50 7526
27 51 14832
27 52 3599
27 53 9167
27 54 17598
27 55 26114
27 56 28206
27 57 22138
27 58 12029
27 59 19217
27 60 15468
27 61 22787
27 62 13946
27 63 22671
27 64 25517
27 65 29245
27 66 23208
27 67 29988
27 68 15525
27 69 5692
27 70 9783
27 71 29053
27 72 21876
27 73 20517
27 74 27459
27 75 29410
27 76 10680
27 77 15682
27 78 23171
27 79 18468
27 80 19239
27 81 19327
27 82 15623
27 83 16064
27 84 21896
27 85 24126
27 86 28228
27 87 16892
27 88 11074
27 89 7303
27 90 25735
27 91 24821
27 92 18589
27 93 18697
27 94 13154
27 95 15901
27 96 15688
27 97 19446
27 98 23361
27 99 18540
27 100 24273
27 101 -16117
28 1 6675
28 2 13596
28 3 12925
28 4 11522
28 5 22992
28 6 15490
28 7 17873
28 8 26786
28 9 20398
28 10 18668
28 11 28348
28 12 4784
28 13 12633
28 14 31572
28 15 25871
28 16 32769
28 17 28226
28 18 13985
28 19 25753
28 20 22874
28 21 15293
28 22 23632
28 23 25900
28 24 14578
28 25 22858
28 26 1856
28 27 5048
28 29 14102
28 30 16981
28 31 10945
28 32 22168
28 33 15183
28 34 21391
28 35 27619
28 36 37507
28 37 25559
28 38 31519
28 39 25986
28 40 8185
28 41 21222
28 42 23005
28 43 29393
28 44 31151
28 45 27477
28 46 26510
28 47 32470
28 48 25343
28 49 34854
28 50 5296
28 51 14500
28 52 10287
28 53 7158
28 54 10890
28 55 19434
28 56 22650
28 57 20549
28 58 10076
28 59 21811
28 60 20681
28 61 26549
28 62 19870
28 63 27516
28 64 31165
28 65 28618
28 66 24239
28 67 23795
28 68 9634
28 69 9182
28 70 13074
28 71 28330
28 72 16883
28 73 16043
28 74 22819
28 75 24411
28 76 5972
28 77 10850
28 78 19535
28 79 14475
28 80 13026
28 81 16937
28 82 22290
28 83 21851
28 84 26858
28 85 27108
28 86 31808
28 87 16827
28 88 17287
28 89 12140
28 90 30063
28 91 27444
28 92 20592
28 93 21772
28 94 15371
28 95 17649
28 96 18774
28 97 20602
28 98 25725
28 99 21729
28 100 26303
28 101 -14792
29 1 18717
29 2 31003
29 3 6287
29 4 13269
29 5 46514
29 6 38830
29 7 37896
29 8 49220
29 9 13597
29 10 31644
29 11 42997
29 12 11216
29 13 34367
29 14 52612
29 15 42282
29 16 55724
29 17 51760
29 18 36817
29 19 43242
29 20 24423
29 21 26898
29 22 33553
29 23 29051
29 24 -2434
29 25 15470
29 26 16266
29 27 27409
29 28 20602
29 30 23959
29 31 27399
29 32 29233
29 33 10840
29 34 4429
29 35 15032
29 36 56790
29 37 47733
29 38 52995
29 39 24850
29 40 25554
29 41 32545
29 42 42773
29 43 47508
29 44 53291
29 45 50601
29 46 48278
29 47 52114
29 48 45549
29 49 51660
29 50 11354
29 51 13960
29 52 32069
29 53 29102
29 54 7766
29 55 12383
29 56 26872
29 57 37841
29 58 30242
29 59 44572
29 60 44170
29 61 49796
29 62 35932
29 63 38392
29 64 43674
29 65 18498
29 66 21799
29 67 19685
29 68 3045
29 69 25871
29 70 24072
29 71 20370
29 72 26107
29 73 27835
29 74 32436
29 75 31646
29 76 11538
29 77 8479
29 78 4975
29 79 4279
29 80 7460
29 81 9914
29 82 43687
29 83 45100
29 84 50393
29 85 49953
29 86 54837
29 87 37072
29 88 35368
29 89 35646
29 90 39840
29 91 49950
29 92 42904
29 93 44748
29 94 38196
29 95 39986
29 96 41901
29 97 42269
29 98 48181
29 99 44841
29 100 48354
29 101 8716
30 1 5720
30 2 36005
30 3 18013
30 4 32219
30 5 35117
30 6 31567
30 7 15536
30 8 29693
30 9 8472
30 10 3173
30 11 13964
30 12 22490
30 13 32755
30 14 49991
30 15 47935
30 16 47414
30 17 37650
30 18 21056
30 19 16040
30 20 1661
30 21 38140
30 22 46586
30 23 47981
30 24 25850
30 25 40617
30 26 24208
30 27 18956
30 28 20087
30 29 20565
30 31 4959
30 32 -94
30 33 11238
30 34 16886
30 35 15547
30 36 30230
30 37 43261
30 38 48545
30 39 46585
30 40 31143
30 41 44243
30 42 43369
30 43 50403
30 44 47727
30 45 32960
30 46 25838
30 47 26640
30 48 21738
30 49 23027
30 50 8399
30 51 1248
30 52 16456
30 53 29102
30 54 28356
30 55 36923
30 56 44648
30 57 42640
30 58 32227
30 59 38663
30 60 31207
30 61 40376
30 62 8976
30 63 8399
30 64 13690
30 65 11244
30 66 3172
30 67 43834
30 68 20902
30 69 11754
30 70 -1342
30 71 12232
30 72 39596
30 73 39005
30 74 45685
30 75 47028
30 76 16663
30 77 18835
30 78 17007
30 79 15868
30 80 26044
30 81 11069
30 82 22611
30 83 29564
30 84 37276
30 85 42897
30 86 45532
30 87 37486
30 88 12199
30 89 25660
30 90 9842
30 91 43842
30 92 38433
30 93 37542
30 94 33190
30 95 36033
30 96 34893
30 97 39760
30 98 42816
30 99 37468
30 100 43883
30 101 4378
31 1 5115
31 2 27943
31 3 21800
31 4 29499
31 5 23269
31 6 20830
31 7 4355
31 8 18058
31 9 18770
31 10 1235
31 11 10377
31 12 21059
31 13 23373
31 14 39033
31 15 39044
31 16 35689
31 17 25611
31 18 9051
31 19 8929
31 20 13695
31 21 32757
31 22 40609
31 23 43745
31 24 28508
31 25 40137
31 26 19871
31 27 10989
31 28 15093
31 29 25047
31 30 6001
31 32 7074
31 33 17974
31 34 25523
31 35 26550
31 36 22313
31 37 32378
31 38 37065
31 39 43991
31 40 24603
31 41 37530
31 42 33381
31 43 40571
31 44 36291
31 45 21116
31 46 15263
31 47 17736
31 48 11578
31 49 17781
31 50 10397
31 51 11002
31 52 4904
31 53 21787
31 54 27714
31 55 36543
31 56 40570
31 57 33990
31 58 24469
31 59 27689
31 60 19298
31 61 28607
31 62 2071
31 63 10052
31 64 13140
31 65 23266
31 66 15020
31 67 41767
31 68 22679
31 69 6222
31 70 869
31 71 23973
31 72 34438
31 73 33155
31 74 40089
31 75 41985
31 76 17129
31 77 21204
31 78 24535
31 79 21365
31 80 27181
31 81 18997
31 82 11196
31 83 17523
31 84 25264
31 85 31494
31 86 33632
31 87 27937
31 88 1074
31 89 14727
31 90 13440
31 91 32495
31 92 27706
31 93 26223
31 94 22838
31 95 25669
31 96 23874
31 97 29550
31 98 31764
31 99 26253
31 100 32871
31 101 -3653
32 1 15556
32 2 44715
32 3 28041
32 4 42423
32 5 39895
32 6 38288
32 7 17382
32 8 31280
32 9 15404
32 10 3469
32 11 8872
32 12 32726
32 13 40637
32 14 56387
32 15 56228
32 16 52423
32 17 40756
32 18 25422
32 19 12972
32 20 5360
32 21 47839
32 22 56178
32 23 58024
32 24 35838
32 25 50901
32 26 34056
32 27 27340
32 28 29623
32 29 30188
32 30 4255
32 31 10381
32 33 20733
32 34 24497
32 35 20294
32 36 26435
32 37 49785
32 38 54035
32 39 56826
32 40 40426
32 41 53599
32 42 50825
32 43 58004
32 44 53357
32 45 34913
32 46 25103
32 47 24358
32 48 21381
32 49 17116
32 50 18694
32 51 9832
32 52 22258
32 53 38000
32 54 38652
32 55 47209
32 56 54694
32 57 51057
32 58 41005
32 59 45084
32 60 35851
32 61 45306
32 62 8407
32 63 588
32 64 4999
32 65 11601
32 66 1921
32 67 54118
32 68 31121
32 69 20503
32 70 6811
32 71 15467
32 72 49385
32 73 48592
32 74 55374
32 75 56874
32 76 26952
32 77 29057
32 78 25599
32 79 25473
32 80 36301
32 81 19914
32 82 24165
32 83 33126
32 84 41208
32 85 48648
32 86 49897
32 87 45283
32 88 15309
32 89 32178
32 90 2912
32 91 49673
32 92 45150
32 93 43456
32 94 40296
32 95 43131
32 96 41269
32 97 47006
32 98 49118
32 99 43563
32 100 50229
32 101 12883
33 1 7044
33 2 32072
33 3 4080
33 4 21561
33 5 39975
33 6 33635
33 7 26236
33 8 39143
33 9 1718
33 10 17525
33 11 28816
33 12 12827
33 13 31822
33 14 50728
33 15 44359
33 16 51014
33 17 44354
33 18 27886
33 19 29873
33 20 9854
33 21 30814
33 22 39092
33 23 38015
33 24 11304
33 25 27623
33 26 17203
33 27 19973
33 28 16274
33 29 5431
33 30 9223
33 31 14917
33 32 14369
33 34 3760
33 35 8411
33 36 43854
33 37 44507
33 38 50532
33 39 35193
33 40 26110
33 41 37530
33 42 42179
33 43 48376
33 44 49988
33 45 41504
33 46 37145
33 47 39568
33 48 33578
33 49 37748
33 50 1444
33 51 -761
33 52 22569
33 53 26348
33 54 16346
33 55 24033
33 56 34919
33 57 39155
33 58 29057
33 59 40478
33 60 36743
33 61 44418
33 62 22465
33 63 23652
33 64 28944
33 65 10012
33 66 8739
33 67 31605
33 68 7843
33 69 15175
33 70 10150
33 71 9936
33 72 31540
33 73 31958
33 74 37927
33 75 38403
33 76 7308
33 77 6434
33 78 2535
33 79 716
33 80 13323
33 81 -2258
33 82 32761
33 83 36636
33 84 43221
33 85 45587
33 86 49856
33 87 36007
33 88 23074
33 89 28913
33 90 25067
33 91 46150
33 92 39524
33 93 40174
33 94 34140
33 95 36631
33 96 37128
33 97 39748
33 98 44533
33 99 40034
33 100 45265
33 101 3642
34 1 19414
34 2 41130
34 3 10942
34 4 25900
34 5 51968
34 6 45196
34 7 38452
34 8 51505
34 9 4652
34 10 28528
34 11 39446
34 12 20564
34 13 42452
34 14 61357
34 15 53066
34 16 62606
34 17 56552
34 18 40206
34 19 41289
34 20 16951
34 21 38140
34 22 45581
34 23 41962
34 24 10495
34 25 28447
34 26 25810
34 27 31881
34 28 27065
34 29 3603
34 30 19454
34 31 27049
34 32 22716
34 33 8343
34 35 2208
34 36 55428
34 37 55549
34 38 61455
34 39 37875
34 40 35194
34 41 44431
34 42 52187
34 43 57765
34 44 61150
34 45 53863
34 46 49376
34 47 51400
34 48 45664
34 49 48514
34 50 13332
34 51 8307
34 52 34905
34 53 36825
34 54 20204
34 55 25419
34 56 39562
34 57 48181
34 58 39005
34 59 51781
34 60 48887
34 61 56169
34 62 33961
34 63 33085
34 64 38084
34 65 5645
34 66 11444
34 67 32604
34 68 12859
34 69 27532
34 70 21676
34 71 8708
34 72 37996
34 73 39236
34 74 44402
34 75 44027
34 76 17154
34 77 14405
34 78 -465
34 79 5689
34 80 18151
34 81 4964
34 82 45069
34 83 48934
34 84 55357
34 85 57029
34 86 61559
34 87 46131
34 88 35189
34 89 40836
34 90 34496
34 91 57433
34 92 50588
34 93 51655
34 94 45353
34 95 47639
34 96 48616
34 97 50473
34 98 55723
34 99 51557
34 100 56286
34 101 14939
35 1 21878
35 2 48285
35 3 18341
35 4 35205
35 5 55471
35 6 49688
35 7 38716
35 8 52596
35 9 2906
35 10 26550
35 11 36348
35 12 28260
35 13 48210
35 14 67089
35 15 60509
35 16 66941
35 17 59294
35 18 42511
35 19 39300
35 20 12590
35 21 46295
35 22 54208
35 23 51503
35 24 20562
35 25 38491
35 26 33151
35 27 35877
35 28 32674
35 29 13587
35 30 17496
35 31 27457
35 32 17894
35 33 12375
35 34 1589
35 36 53435
35 37 60781
35 38 66804
35 39 47670
35 40 42284
35 41 52890
35 42 58576
35 43 64705
35 44 66184
35 45 55534
35 46 49313
35 47 50122
35 48 45240
35 49 45178
35 50 17717
35 51 7680
35 52 37245
35 53 42749
35 54 29498
35 55 35357
35 56 48854
35 57 55378
35 58 45427
35 59 56651
35 60 51965
35 61 60206
35 62 32474
35 63 28810
35 64 32935
35 65 -4517
35 66 3486
35 67 42697
35 68 21427
35 69 30035
35 70 21172
35 71 152
35 72 46589
35 73 47443
35 74 53012
35 75 52993
35 76 23464
35 77 21600
35 78 7688
35 79 13087
35 80 26888
35 81 8515
35 82 45697
35 83 51287
35 84 58393
35 85 61655
35 86 65647
35 87 52405
35 88 35291
35 89 44641
35 90 30502
35 91 62304
35 92 55799
35 93 56229
35 94 50381
35 95 52935
35 96 53205
35 97 56113
35 98 60747
35 99 56074
35 100 61539
35 101 19920
36 1 35197
36 2 46918
36 3 51882
36 4 55899
36 5 28762
36 6 35828
36 7 13766
36 8 13999
36 9 46472
36 10 21173
36 11 12030
36 12 49684
36 13 41176
36 14 45751
36 15 53750
36 16 38206
36 17 21702
36 18 19679
36 19 4040
36 20 37880
36 21 56557
36 22 62284
36 23 67353
36 24 58274
36 25 68073
36 26 46225
36 27 36928
36 28 42342
36 29 55125
36 30 31959
36 31 23000
36 32 23815
36 33 47598
36 34 54589
36 35 53215
36 37 42403
36 38 38435
36 39 69871
36 40 47805
36 41 57605
36 42 45575
36 43 51667
36 44 40221
36 45 14824
36 46 -2012
36 47 1602
36 48 7179
36 49 -2957
36 50 40474
36 51 39071
36 52 25287
36 53 45400
36 54 56136
36 55 64701
36 56 64955
36 57 50582
36 58 46076
36 59 38663
36 60 26511
36 61 32132
36 62 14942
36 63 19159
36 64 4859
36 65 45803
36 66 36126
36 67 67711
36 68 52441
36 69 35748
36 70 28886
36 71 49023
36 72 57979
36 73 55927
36 74 62686
36 75 65105
36 76 46867
36 77 51193
36 78 54075
36 79 51353
36 80 56720
36 81 48253
36 82 12818
36 83 20793
36 84 26628
36 85 38450
36 86 32263
36 87 43201
36 88 21372
36 89 31662
36 90 28273
36 91 38833
36 92 39327
36 93 34747
36 94 38147
36 95 39753
36 96 35891
36 97 43252
36 98 41066
36 99 36493
36 100 41414
36 101 20283
37 1 30480
37 2 8012
37 3 39812
37 4 24499
37 5 7246
37 6 9206
37 7 23175
37 8 20291
37 9 46623
37 10 34404
37 11 38348
37 12 29105
37 13 7534
37 14 5269
37 15 10061
37 16 7414
37 17 9580
37 18 12772
37 19 31351
37 20 46068
37 21 22829
37 22 23263
37 23 29051
37 24 37929
37 25 38447
37 26 20720
37 27 23340
37 28 24084
37 29 39758
37 30 38680
37 31 26755
37 32 40855
37 33 41941
37 34 48400
37 35 54251
37 36 36093
37 38 4566
37 39 35377
37 40 16759
37 41 16759
37 42 1717
37 43 8185
37 44 4166
37 45 15267
37 46 19275
37 47 32338
37 48 26335
37 49 38099
37 50 31818
37 51 39830
37 52 19097
37 53 20195
37 54 31080
37 55 36462
37 56 28875
37 57 8400
37 58 15081
37 59 2080
37 60 10812
37 61 3713
37 62 31061
37 63 42085
37 64 40677
37 65 54244
37 66 47776
37 67 31900
37 68 35207
37 69 30318
37 70 33470
37 71 54049
37 72 22338
37 73 20006
37 74 25230
37 75 27572
37 76 32939
37 77 37658
37 78 46545
37 79 41459
37 80 37838
37 81 43709
37 82 21892
37 83 12879
37 84 10477
37 85 2425
37 86 6340
37 87 2051
37 88 28632
37 89 13162
37 90 46710
37 91 920
37 92 -787
37 93 -176
37 94 6563
37 95 3436
37 96 4583
37 97 3074
37 98 -64
37 99 4022
37 100 -702
37 101 96
38 1 51526
38 2 25026
38 3 60831
38 4 41701
38 5 22992
38 6 30042
38 7 40609
38 8 33539
38 9 67802
38 10 53588
38 11 55195
38 12 49647
38 13 28370
38 14 5269
38 15 17033
38 16 13225
38 17 16552
38 18 30851
38 19 46942
38 20 66701
38 21 40549
38 22 36648
38 23 40972
38 24 57577
38 25 55294
38 26 40964
38 27 44438
38 28 45231
38 29 60207
38 30 59151
38 31 46629
38 32 60292
38 33 63153
38 34 69493
38 35 75461
38 36 47312
38 37 19753
38 39 50029
38 40 36454
38 41 28259
38 42 13021
38 43 9033
38 44 4166
38 45 25478
38 46 29093
38 47 45479
38 48 41254
38 49 51107
38 50 53031
38 51 60912
38 52 38964
38 53 41178
38 54 50272
38 55 54086
38 56 43427
38 57 21871
38 58 35436
38 59 22796
38 60 27879
38 61 15017
38 62 49154
38 63 60264
38 64 56149
38 65 75272
38 66 68355
38 67 44564
38 68 55795
38 69 51214
38 70 53866
38 71 75132
38 72 38460
38 73 36623
38 74 40077
38 75 41615
38 76 54027
38 77 58655
38 78 67645
38 79 62535
38 80 58234
38 81 64921
38 82 37607
38 83 28093
38 84 22947
38 85 18201
38 86 3253
38 87 20225
38 88 47552
38 89 33627
38 90 65671
38 91 13026
38 92 20427
38 93 18374
38 94 27757
38 95 24619
38 96 25106
38 97 23587
38 98 19782
38 99 23829
38 100 14855
38 101 21309
39 1 36268
39 2 18210
39 3 30177
39 4 -1067
39 5 44532
39 6 37383
39 7 48347
39 8 54041
39 9 41732
39 10 49777
39 11 59748
39 12 20644
39 13 29050
39 14 39133
39 15 22839
39 16 48050
39 17 49423
39 18 41598
39 19 56835
39 20 49672
39 21 14829
39 22 11470
39 23 -426
39 24 14032
39 25 2881
39 26 17225
39 27 35877
39 28 28466
39 29 20830
39 30 45959
39 31 42323
39 32 51851
39 33 36582
39 34 34681
39 35 45095
39 36 67516
39 37 39332
39 38 38797
39 40 19997
39 41 9887
39 42 28773
39 43 29001
39 44 42390
39 45 52396
39 46 54252
39 47 62509
39 48 55295
39 49 65894
39 50 30970
39 51 39325
39 52 40332
39 53 29780
39 54 10264
39 55 4759
39 56 1919
39 57 21978
39 58 25778
39 59 38761
39 60 44795
39 61 44246
39 62 51263
39 63 58451
39 64 62515
39 65 48472
39 66 49345
39 67 -7537
39 68 21796
39 69 40293
39 70 43307
39 71 49524
39 72 8644
39 73 12582
39 74 12340
39 75 8253
39 76 28491
39 77 29214
39 78 34547
39 79 31184
39 80 23344
39 81 37211
39 82 51442
39 83 47206
39 84 48819
39 85 43075
39 86 46536
39 87 26363
39 88 48572
39 89 38056
39 90 60617
39 91 41362
39 92 35679
39 93 39033
39 94 34505
39 95 34033
39 96 38156
39 97 34114
39 98 40498
39 99 40401
39 100 38896
39 101 12854
40 1 18696
40 2 2149
40 3 21800
40 4 5310
40 5 21561
40 6 13837
40 7 25191
40 8 30197
40 9 31551
40 10 29574
40 11 38069
40 12 9706
40 13 6354
40 14 23244
40 15 14394
40 16 27828
40 17 26907
40 18 17772
40 19 34052
40 20 34901
40 21 4900
40 22 12148
40 23 15972
40 24 17421
40 25 18942
40 26 865
40 27 14151
40 28 9107
40 29 19976
40 30 28959
40 31 21377
40 32 33893
40 33 25941
40 34 30442
40 35 38151
40 36 43892
40 37 19156
40 38 23664
40 39 18439
40 41 9316
40 42 13389
40 43 18725
40 44 24365
40 45 28864
40 46 30406
40 47 38944
40 48 31762
40 49 42917
40 50 16721
40 51 26233
40 52 17259
40 53 6655
40 54 10465
40 55 16444
40 56 13304
40 57 9242
40 58 2116
40 59 16983
40 60 21192
40 61 22787
40 62 29525
40 63 38468
40 64 41155
40 65 39903
40 66 36197
40 67 16165
40 68 15761
40 69 20616
40 70 24803
40 71 39683
40 72 6445
40 73 4763
40 74 11720
40 75 13851
40 76 15773
40 77 19638
40 78 28740
40 79 23660
40 80 18026
40 81 27564
40 82 27735
40 83 23487
40 84 25878
40 85 22140
40 86 26889
40 87 7697
40 88 26488
40 89 14212
40 90 41393
40 91 21531
40 92 14633
40 93 17375
40 94 11485
40 95 12066
40 96 15414
40 97 13499
40 98 19900
40 99 18047
40 100 19557
40 101 -9937
41 1 36687
41 2 4922
41 3 36962
41 4 7884
41 5 31534
41 6 26627
41 7 41476
41 8 43377
41 9 48043
41 10 47515
41 11 55380
41 12 24684
41 13 17987
41 14 21255
41 15 4199
41 16 31954
41 17 35118
41 18 32433
41 19 50521
41 20 52668
41 21 11171
41 22 580
41 23 4125
41 24 26730
41 25 19867
41 26 16989
41 27 32074
41 28 27082
41 29 31905
41 30 46997
41 31 39242
41 32 52004
41 33 42299
41 34 44617
41 35 53695
41 36 58630
41 37 24094
41 38 20407
41 39 13267
41 40 14254
41 42 11455
41 43 10338
41 44 25129
41 45 39971
41 46 43268
41 47 54032
41 48 47113
41 49 58930
41 50 33945
41 51 43506
41 52 34055
41 53 24462
41 54 19628
41 55 19758
41 56 7002
41 57 5158
41 58 17918
41 59 24976
41 60 33291
41 61 29251
41 62 46934
41 63 56377
41 64 58485
41 65 56242
41 66 53731
41 67 7644
41 68 29429
41 69 38723
41 70 42912
41 71 56261
41 72 5339
41 73 6017
41 74 5515
41 75 5270
41 76 32231
41 77 35077
41 78 43382
41 79 38717
41 80 31132
41 81 43679
41 82 42693
41 83 35888
41 84 35469
41 85 27970
41 86 29775
41 87 11609
41 88 43834
41 89 29256
41 90 59440
41 91 25368
41 92 21385
41 93 24763
41 94 22955
41 95 21075
41 96 25587
41 97 19998
41 98 25448
41 99 27091
41 100 22871
41 101 7745
42 1 35394
42 2 4798
42 3 42077
42 4 21515
42 5 16191
42 6 16054
42 7 31385
42 8 29226
42 9 50612
42 10 41547
42 11 46499
42 12 30277
42 13 10672
42 14 3309
42 15 1253
42 16 13539
42 17 17725
42 18 21056
42 19 39876
42 20 51599
42 21 20301
42 22 17432
42 23 22752
42 24 37506
42 25 35220
42 26 21453
42 27 28423
42 28 27297
42 29 40565
42 30 44555
42 31 33525
42 32 47662
42 33 45380
42 34 50805
42 35 57813
42 36 45032
42 37 7484
42 38 3601
42 39 30585
42 40 16759
42 41 9887
42 43 -23
42 44 6502
42 45 24086
42 46 28178
42 47 41210
42 48 35063
42 49 46921
42 50 35515
42 51 44383
42 52 26200
42 53 22969
42 54 30122
42 55 33879
42 56 23919
42 57 1978
42 58 16432
42 59 10326
42 60 19581
42 61 11740
42 62 38851
42 63 49667
42 64 49078
42 65 58734
42 66 53285
42 67 26130
42 68 36370
42 69 35748
42 70 39538
42 71 58444
42 72 18388
42 73 16435
42 74 20327
42 75 22228
42 76 35589
42 77 39884
42 78 49024
42 79 43895
42 80 38634
42 81 47116
42 82 30572
42 83 21777
42 84 19286
42 85 10759
42 86 11096
42 87 1016
42 88 36124
42 89 20094
42 90 53884
42 91 7223
42 92 6583
42 93 8768
42 94 12476
42 95 9075
42 96 12436
42 97 7030
42 98 8818
42 99 12582
42 100 4955
42 101 4378
43 1 44071
43 2 11154
43 3 49602
43 4 25734
43 5 24226
43 6 25100
43 7 40271
43 8 37270
43 9 58840
43 10 50601
43 11 55421
43 12 37433
43 13 19441
43 14 4719
43 15 -687
43 16 18815
43 17 24002
43 18 29893
43 19 48599
43 20 60378
43 21 25632
43 22 19424
43 23 23034
43 24 43297
43 25 38757
43 26 28622
43 27 37237
43 28 35536
43 29 47151
43 30 53440
43 31 42566
43 32 56692
43 33 53428
43 34 58234
43 35 65793
43 36 52975
43 37 15803
43 38 1464
43 39 32664
43 40 23946
43 41 10621
43 42 1828
43 44 9628
43 45 31373
43 46 35647
43 47 49473
43 48 43588
43 49 55285
43 50 43754
43 51 52864
43 52 35255
43 53 31252
43 54 35803
43 55 38078
43 56 26240
43 57 6706
43 58 24413
43 59 19052
43 60 28069
43 61 18476
43 62 47860
43 63 58709
43 64 57889
43 65 67089
43 66 62034
43 67 26609
43 68 43337
43 69 44586
43 70 48476
43 71 66799
43 72 22338
43 73 21058
43 74 23384
43 75 24411
43 76 43410
43 77 47434
43 78 56543
43 79 51459
43 80 45407
43 81 55122
43 82 39154
43 83 30022
43 84 26727
43 85 18201
43 86 14422
43 87 9616
43 88 45166
43 89 29147
43 90 62938
43 91 13710
43 92 15411
43 93 16939
43 94 21530
43 95 18128
43 96 21324
43 97 16086
43 98 16961
43 99 21217
43 100 12281
43 101 13059
44 1 40773
44 2 16902
44 3 50624
44 4 33906
44 5 12558
44 6 19286
44 7 30283
44 8 24228
44 9 57127
44 10 42942
44 11 45136
44 12 39858
44 13 18308
44 14 -254
44 15 13057
44 16 3497
44 17 8640
44 18 20286
44 19 37214
44 20 55884
44 21 32354
44 22 30571
44 23 35883
44 24 48435
44 25 47779
44 26 31371
44 27 33724
44 28 34867
44 29 50507
44 30 48337
44 31 35859
44 32 49618
44 33 52613
44 34 59192
44 35 64845
44 36 39102
44 37 9357
44 38 -5830
44 39 43626
44 40 27159
44 41 22985
44 42 5926
44 43 7201
44 45 16978
44 46 21159
44 47 36498
44 48 31631
44 49 42330
44 50 42470
44 51 50166
44 52 28176
44 53 31011
44 54 41385
44 55 46130
44 56 36967
44 57 15073
44 58 25724
44 59 12099
44 60 17375
44 61 4819
44 62 38731
44 63 49868
44 64 46585
44 65 64497
44 66 57539
44 67 39283
44 68 45979
44 69 40424
44 70 43054
44 71 64381
44 72 31099
44 73 28955
44 74 33318
44 75 35326
44 76 43740
44 77 48473
44 78 57336
44 79 52260
44 80 48563
44 81 54378
44 82 27675
44 83 18046
44 84 13264
44 85 7387
44 86 -1723
44 87 11269
44 88 36927
44 89 22814
44 90 55088
44 91 2224
44 92 9986
44 93 7559
44 94 17192
44 95 14238
44 96 14332
44 97 13627
44 98 9152
44 99 13022
44 100 4532
44 101 10773
45 1 31363
45 2 28520
45 3 46297
45 4 41701
45 5 8108
45 6 18642
45 7 11614
45 8 1614
45 9 47184
45 10 25731
45 11 23762
45 12 39666
45 13 23649
45 14 23500
45 15 32837
45 16 15853
45 17 -386
45 18 6914
45 19 14810
45 20 42024
45 21 40782
45 22 44347
45 23 50048
45 24 49571
45 25 55132
45 26 33606
45 27 27409
45 28 32079
45 29 48703
45 30 34456
45 31 21570
45 32 32060
45 33 45015
45 34 52791
45 35 55081
45 36 14591
45 37 21344
45 38 16368
45 39 54518
45 40 32544
45 41 38713
45 42 24396
45 43 29832
45 44 17864
45 46 -3242
45 47 12502
45 48 9230
45 49 18099
45 50 35610
45 51 39452
45 52 16642
45 53 31727
45 54 44789
45 55 52298
45 56 48631
45 57 30748
45 58 30304
45 59 18475
45 60 8199
45 61 10001
45 62 19758
45 63 30031
45 64 23483
45 65 51683
45 66 42805
45 67 51918
45 68 44511
45 69 30692
45 70 29505
45 71 52613
45 72 41573
45 73 39236
45 74 45474
45 75 47982
45 76 39724
45 77 44699
45 78 51289
45 79 47030
45 80 48036
45 81 46460
45 82 7161
45 83 2913
45 84 4866
45 85 16821
45 86 10315
45 87 23537
45 88 20487
45 89 17231
45 90 36728
45 91 16845
45 92 19012
45 93 13791
45 94 20168
45 95 20634
45 96 16719
45 97 23470
45 98 19923
45 99 16461
45 100 19794
45 101 8038
46 1 33688
46 2 37992
46 3 49885
46 4 49441
46 5 18270
46 6 27232
46 7 11286
46 8 4645
46 9 47814
46 10 23636
46 11 18107
46 12 45293
46 13 32589
46 14 34251
46 15 43346
46 16 26534
46 17 9800
46 18 12470
46 19 8732
46 20 40829
46 21 49142
46 22 53722
46 23 59222
46 24 54822
46 25 62389
46 26 40409
46 27 32296
46 28 37587
46 29 52855
46 30 33809
46 31 22192
46 32 28725
46 33 47131
46 34 54779
46 35 55335
46 36 4230
46 37 31827
46 38 26458
46 39 62849
46 40 40561
46 41 48485
46 42 34963
46 43 40581
46 44 28520
46 45 3233
46 47 4391
46 48 5283
46 49 8495
46 50 38645
46 51 40080
46 52 20550
46 53 38857
46 54 51190
46 55 59281
46 56 57345
46 57 40839
46 58 38490
46 59 28567
46 60 17012
46 61 20769
46 62 17017
46 63 25238
46 64 15238
46 65 50082
46 66 40596
46 67 60500
46 68 49246
46 69 33426
46 70 29561
46 71 51967
46 72 50261
46 73 48021
46 74 54527
46 75 57024
46 76 43919
46 77 48679
46 78 53670
46 79 50059
46 80 53135
46 81 48253
46 82 7471
46 83 11130
46 84 15499
46 85 27483
46 86 20282
46 87 33504
46 88 20405
46 89 24302
46 90 33110
46 91 27601
46 92 29187
46 93 24196
46 94 29233
46 95 30275
46 96 26303
46 97 33443
46 98 30428
46 99 26447
46 100 30470
46 101 14351
47 1 28409
47 2 40149
47 3 45070
47 4 48702
47 5 22992
47 6 29090
47 7 6591
47 8 8364
47 9 40642
47 10 15534
47 11 8348
47 12 42521
47 13 34367
47 14 40619
47 15 47576
47 16 33470
47 17 17725
47 18 12772
47 19 -898
47 20 32669
47 21 49453
47 22 55371
47 23 60326
47 24 51240
47 25 60864
47 26 39016
47 27 29725
47 28 35144
47 29 48288
47 30 26208
47 31 16262
47 32 19577
47 33 41151
47 34 48400
47 35 47741
47 36 -559
47 37 36487
47 38 34441
47 39 62703
47 40 40696
47 41 50846
47 42 39592
47 43 46004
47 44 35456
47 45 10574
47 46 -4012
47 48 -19
47 49 265
47 50 33659
47 51 33077
47 52 18077
47 53 38235
47 54 48947
47 55 57497
47 56 57855
47 57 44098
47 58 39030
47 59 32497
47 60 20264
47 61 27018
47 62 8976
47 63 15610
47 64 5594
47 65 41381
47 66 31746
47 67 60551
47 68 45423
47 69 28776
47 70 22658
47 71 43892
47 72 50909
47 73 48894
47 74 55689
47 75 58085
47 76 39862
47 77 44274
47 78 47686
47 79 44708
47 80 49650
47 81 41957
47 82 5835
47 83 14776
47 84 21443
47 85 32881
47 86 28425
47 87 36747
47 88 14513
47 89 24666
47 90 23935
47 91 33477
47 92 33155
47 93 28878
47 94 31475
47 95 33268
47 96 29505
47 97 36885
47 98 35210
47 99 30333
47 100 35764
47 101 13088
48 1 22835
48 2 34055
48 3 39379
48 4 42301
48 5 18157
48 6 23086
48 7 455
48 8 4698
48 9 36227
48 10 11961
48 11 8113
48 12 36283
48 13 28260
48 14 36137
48 15 42013
48 16 29554
48 17 14961
48 18 6664
48 19 -714
48 20 29130
48 21 43084
48 22 49139
48 23 54004
48 24 45203
48 25 54504
48 26 32627
48 27 23400
48 28 28830
48 29 42536
48 30 22119
48 31 10917
48 32 17413
48 33 35974
48 34 43477
48 35 43672
48 36 5831
48 37 31297
48 38 31029
48 39 56302
48 40 34327
48 41 44740
48 42 34258
48 43 40932
48 44 31402
48 45 8115
48 46 -2307
48 47 794
48 49 5563
48 50 28000
48 51 28525
48 52 11698
48 53 31837
48 54 42650
48 55 51158
48 56 51488
48 57 38261
48 58 32706
48 59 27077
48 60 14933
48 61 22787
48 62 5381
48 63 14611
48 64 8538
48 65 38450
48 66 29038
48 67 54153
48 68 39423
48 69 22927
48 70 17989
48 71 40263
48 72 44561
48 73 42574
48 74 49392
48 75 51770
48 76 33901
48 77 38434
48 78 42535
48 79 39240
48 80 43567
48 81 36962
48 82 -182
48 83 9884
48 84 17359
48 85 28103
48 86 25386
48 87 30967
48 88 9074
48 89 18408
48 90 21871
48 91 28882
48 92 27706
48 93 23795
48 94 25521
48 95 27496
48 96 23874
48 97 31217
48 98 30097
48 99 24948
48 100 30836
48 101 6686
49 1 34500
49 2 51384
49 3 50929
49 4 58092
49 5 35117
49 6 40511
49 7 15979
49 8 20529
49 9 43121
49 10 18471
49 11 7666
49 12 50564
49 13 45598
49 14 52783
49 15 59450
49 16 45580
49 17 29565
49 18 24077
49 19 3082
49 20 33705
49 21 59676
49 22 66230
49 23 70784
49 24 58097
49 25 69506
49 26 48246
49 27 38651
49 28 43820
49 29 54126
49 30 28887
49 31 22599
49 32 18627
49 33 45623
49 34 51806
49 35 49089
49 36 1174
49 37 48540
49 38 46361
49 39 72380
49 40 50961
49 41 62036
49 42 51595
49 43 58108
49 44 47580
49 45 22463
49 46 6384
49 47 6557
49 48 11042
49 50 39699
49 51 36175
49 52 27705
49 53 48217
49 54 57204
49 55 65979
49 56 68029
49 57 55719
49 58 49607
49 59 44444
49 60 32229
49 61 39176
49 62 13442
49 63 13612
49 64 -3814
49 65 40160
49 66 30651
49 67 70257
49 68 52302
49 69 35855
49 70 26900
49 71 44444
49 72 61262
49 73 59419
49 74 66311
49 75 68608
49 76 46787
49 77 50669
49 78 51815
49 79 49840
49 80 56856
49 81 45875
49 82 17280
49 83 26867
49 84 33600
49 85 45027
49 86 40255
49 87 48431
49 88 21686
49 89 35595
49 90 23460
49 91 45641
49 92 45088
49 93 40959
49 94 42961
49 95 44960
49 96 41314
49 97 48670
49 98 47287
49 99 42294
49 100 47890
49 101 22815
50 1 1000
50 2 25026
50 3 5046
50 4 17659
50 5 32301
50 6 25829
50 7 20341
50 8 32427
50 9 8736
50 10 14574
50 11 25798
50 12 7933
50 13 24157
50 14 43007
50 15 37343
50 16 43218
50 17 36862
50 18 20665
50 19 25580
50 20 12701
50 21 24903
50 22 33391
50 23 33727
50 24 12128
50 25 25897
50 26 10911
50 27 12232
50 28 8727
50 29 8285
50 30 8724
50 31 9680
50 32 14670
50 33 3784
50 34 11089
50 35 16093
50 36 39070
50 37 36724
50 38 42750
50 39 31921
50 40 19230
50 41 31516
50 42 34654
50 43 41042
50 44 42185
50 45 34439
50 46 30999
50 47 34416
50 48 27944
50 49 34164
50 51 3208
50 52 15451
50 53 18815
50 54 13592
50 55 22201
50 56 30430
50 57 32057
50 58 21700
50 59 32670
50 60 29190
50 61 36650
50 62 18346
50 63 22320
50 64 27321
50 65 16982
50 66 13438
50 67 29083
50 68 6543
50 69 8412
50 70 7112
50 71 16703
50 72 26043
50 73 25969
50 74 32319
50 75 33264
50 76 1923
50 77 4645
50 78 9401
50 79 5109
50 80 11480
50 81 5544
50 82 26433
50 83 29333
50 84 35659
50 85 37778
50 86 42080
50 87 28475
50 88 17661
50 89 21194
50 90 24052
50 91 38342
50 92 31740
50 93 32366
50 94 26343
50 95 28861
50 96 29319
50 97 32034
50 98 36732
50 99 32227
50 100 37482
50 101 -4146
51 1 6717
51 2 36039
51 3 11118
51 4 27970
51 5 40111
51 6 34904
51 7 23258
51 8 36996
51 9 -203
51 10 12278
51 11 23181
51 12 18586
51 13 34433
51 14 52911
51 15 48336
51 16 51866
51 17 43706
51 18 26904
51 19 25099
51 20 2652
51 21 36039
51 22 44503
51 23 44311
51 24 18513
51 25 34678
51 26 22078
51 27 21144
51 28 19537
51 29 12497
51 30 3179
51 31 11891
51 32 7414
51 33 3185
51 34 7670
51 35 7662
51 36 39273
51 37 46342
51 38 52237
51 39 41882
51 40 30348
51 41 42683
51 42 45128
51 43 51758
51 44 51487
51 45 39887
51 46 34040
51 47 35440
51 48 30075
51 49 32246
51 50 4814
51 52 21682
51 53 29494
51 54 23084
51 55 31053
51 56 41093
51 57 43019
51 58 32533
51 59 42002
51 60 36494
51 61 45018
51 62 17851
51 63 17185
51 64 22407
51 65 6463
51 66 2361
51 67 38537
51 68 14749
51 69 14691
51 70 5824
51 71 6250
51 72 37091
51 73 37123
51 74 43404
51 75 44208
51 76 12538
51 77 12958
51 78 7951
51 79 7865
51 80 20162
51 81 2125
51 82 30168
51 83 35668
51 84 42879
51 85 46789
51 86 50423
51 87 38982
51 88 19844
51 89 29534
51 90 18565
51 91 47561
51 92 41385
51 93 41363
51 94 35944
51 95 38650
51 96 38413
51 97 42077
51 98 46156
51 99 41208
51 100 47076
51 101 5809
52 1 9907
52 2 19918
52 3 24871
52 4 25734
52 5 13758
52 6 11179
52 7 3074
52 8 12211
52 9 26229
52 10 10436
52 11 16435
52 12 19916
52 13 14602
52 14 29203
52 15 30151
52 16 26015
52 17 17106
52 18 388
52 19 11849
52 20 23015
52 21 27035
52 22 33927
52 23 38174
52 24 29328
52 25 37865
52 26 15998
52 27 6884
52 28 12297
52 29 27579
52 30 15360
52 31 2766
52 32 16813
52 33 23488
52 34 31241
52 35 34200
52 36 22462
52 37 22582
52 38 27262
52 39 39862
52 40 18347
52 41 30205
52 42 23918
52 43 31122
52 44 26470
52 45 14050
52 46 11483
52 47 17413
52 48 10221
52 49 20749
52 50 14030
52 51 18655
52 53 15567
52 54 26107
52 55 34540
52 56 35379
52 57 25379
52 58 17228
52 59 17882
52 60 9948
52 61 18976
52 62 8148
52 63 18588
52 64 19514
52 65 32236
52 66 24563
52 67 37736
52 68 23776
52 69 9182
52 70 10059
52 71 32495
52 72 28644
52 73 26883
52 74 33815
52 75 36041
52 76 18561
52 77 23434
52 78 29706
52 79 25473
52 80 27640
52 81 24997
52 82 7082
52 83 9169
52 84 16264
52 85 21660
52 86 24186
52 87 18825
52 88 5129
52 89 5069
52 90 22771
52 91 22654
52 92 17972
52 93 16376
52 94 13374
52 95 16138
52 96 14066
52 97 20066
52 98 21931
52 99 16407
52 100 23041
52 101 -9803
53 1 13114
53 2 6857
53 3 19604
53 4 10594
53 5 18089
53 6 10068
53 7 18670
53 8 24758
53 9 27604
53 10 23006
53 11 31361
53 12 9165
53 13 5574
53 14 24503
53 15 18959
53 16 26569
53 17 23568
53 18 12007
53 19 27441
53 20 29518
53 21 11430
53 22 18809
53 23 22595
53 24 18779
53 25 23530
53 26 1856
53 27 7560
53 28 4276
53 29 19720
53 30 23114
53 31 14757
53 32 27663
53 33 22375
53 34 28269
53 35 34812
53 36 37683
53 37 18788
53 38 24584
53 39 24418
53 40 2851
53 41 15720
53 42 15795
53 43 22227
53 44 24413
53 45 24243
53 46 24898
53 47 32679
53 48 25468
53 49 36369
53 50 12502
53 51 21575
53 52 10675
53 54 13101
53 55 20560
53 56 19758
53 57 13625
53 58 3092
53 59 15421
53 60 16718
53 61 20731
53 62 22818
53 63 31882
53 64 34448
53 65 35796
53 66 31042
53 67 22263
53 68 15117
53 69 14412
53 70 18658
53 71 35503
53 72 13071
53 73 11471
53 74 18429
53 75 20532
53 76 12817
53 77 17434
53 78 26425
53 79 21308
53 80 17951
53 81 24120
53 82 21636
53 83 18621
53 84 22264
53 85 20800
53 86 25683
53 87 9616
53 88 19781
53 89 8712
53 90 34937
53 91 20881
53 92 13878
53 93 15600
53 94 9048
53 95 10925
53 96 12827
53 97 13595
53 98 19113
53 99 15742
53 100 19492
53 101 -16645
54 1 20287
54 2 17775
54 3 12925
54 4 -1281
54 5 38078
54 6 30042
54 7 35719
54 8 44252
54 9 24536
54 10 34283
54 11 44972
54 12 4784
54 13 23649
54 14 40187
54 15 28158
54 16 45268
54 17 43562
54 18 31373
54 19 43242
54 20 32537
54 21 12829
54 22 18809
54 23 15055
54 24 495
54 25 5489
54 26 5836
54 27 22937
54 28 14954
54 29 5330
54 30 29314
54 31 27630
54 32 35261
54 33 19319
54 34 18594
54 35 28507
54 36 55365
54 37 36619
54 38 40624
54 39 11848
54 40 13607
54 41 17832
54 42 29894
54 43 33724
54 44 41733
54 45 44251
54 46 44177
54 47 50337
54 48 43227
54 49 52302
54 50 14225
54 51 22111
54 52 28161
54 53 20047
54 55 1842
54 56 12383
54 57 24210
54 58 19206
54 59 34303
54 60 36805
54 61 40046
54 62 36783
54 63 42588
54 64 47239
54 65 31701
54 66 32082
54 67 8564
54 68 4551
54 69 25319
54 70 27259
54 71 32444
54 72 11444
54 73 13511
54 74 17720
54 75 16906
54 76 11802
54 77 11994
54 78 17880
54 79 14059
54 80 6088
54 81 19994
54 82 40128
54 83 38589
54 84 42307
54 85 39546
54 86 44344
54 87 24821
54 88 34675
54 89 28582
54 90 44483
54 91 38995
54 92 32078
54 93 34671
54 94 28407
54 95 29421
54 96 32360
54 97 30960
54 98 37355
54 99 35143
54 100 36992
54 101 1687
55 1 28734
55 2 21351
55 3 20209
55 4 -1957
55 5 44574
55 6 36665
55 7 43949
55 8 51859
55 9 31327
55 10 42751
55 11 53456
55 12 13256
55 13 29415
55 14 43818
55 15 29623
55 16 50499
55 17 49973
55 18 39011
55 19 51645
55 20 40285
55 21 16077
55 22 18541
55 23 10670
55 24 2661
55 25 -2947
55 26 13107
55 27 31097
55 28 23142
55 29 9591
55 30 37525
55 31 36103
55 32 43462
55 33 26650
55 34 23453
55 35 34010
55 36 63574
55 37 41645
55 38 44082
55 39 5987
55 40 19230
55 41 17606
55 42 33295
55 43 35643
55 44 46122
55 45 51404
55 46 51912
55 47 58531
55 48 51379
55 49 60721
55 50 22478
55 51 29724
55 52 36238
55 53 27150
55 54 1486
55 56 9785
55 57 26872
55 58 25159
55 59 39969
55 60 43791
55 61 45779
55 62 45253
55 63 51000
55 64 55708
55 65 37450
55 66 39284
55 67 1003
55 68 11965
55 69 33796
55 70 35670
55 71 38842
55 72 12507
55 73 15744
55 74 18027
55 75 15647
55 76 20139
55 77 19795
55 78 23604
55 79 20769
55 80 13678
55 81 26930
55 82 48099
55 83 45812
55 84 48876
55 85 44964
55 86 49426
55 87 29160
55 88 43085
55 89 35904
55 90 52846
55 91 43987
55 92 37397
55 93 40363
55 94 34559
55 95 35046
55 96 38498
55 97 36028
55 98 42567
55 99 41127
55 100 41747
55 101 9346
56 1 33572
56 2 11397
56 3 29861
56 4 -2255
56 5 38114
56 6 31313
56 7 43504
56 8 48220
56 9 41514
56 10 46399
56 11 55782
56 12 18759
56 13 22774
56 14 32142
56 15 16075
56 16 41152
56 17 42816
56 18 36050
56 19 52261
56 20 48190
56 21 9143
56 22 4583
56 23 -1748
56 24 16437
56 25 7869
56 26 13492
56 27 31627
56 28 24796
56 29 22518
56 30 43688
56 31 38568
56 32 49385
56 33 35974
56 34 36034
56 35 45945
56 36 62266
56 37 32496
56 38 31861
56 39 1585
56 40 14528
56 41 3288
56 42 21773
56 43 22243
56 44 35397
56 45 46175
56 46 48414
56 47 57327
56 48 50147
56 49 61209
56 50 29145
56 51 38202
56 52 35515
56 53 24786
56 54 10465
56 55 8223
56 57 14978
56 58 20016
56 59 32133
56 60 38684
56 61 37489
56 62 47229
56 63 55238
56 64 58751
56 65 49061
56 66 48492
56 67 -1784
56 68 21667
56 69 36896
56 70 40477
56 71 49587
56 72 2254
56 73 6115
56 74 5375
56 75 1331
56 76 26803
56 77 28434
56 78 35327
56 79 31281
56 80 23205
56 81 36962
56 82 46095
56 83 41176
56 84 42362
56 85 36281
56 86 39581
56 87 19515
56 88 44334
56 89 32475
56 90 57677
56 91 34460
56 92 28958
56 93 32352
56 94 28230
56 95 27496
56 96 31741
56 97 27386
56 98 33693
56 99 33869
56 100 31981
56 101 8089
57 1 32754
57 2 -1454
57 3 37024
57 4 13851
57 5 20825
57 6 17339
57 7 33025
57 8 33224
57 9 46698
57 10 41215
57 11 47690
57 12 24770
57 13 9507
57 14 11206
57 15 -687
57 16 20823
57 17 24002
57 18 23235
57 19 41962
57 20 49161
57 21 13093
57 22 9490
57 23 15014
57 24 30719
57 25 27403
57 26 15998
57 27 26500
57 28 23636
57 29 34428
57 30 42621
57 31 32929
57 32 46689
57 33 41151
57 34 45594
57 35 53410
57 36 48834
57 37 12962
57 38 11246
57 39 22585
57 40 11407
57 41 2385
57 42 773
57 43 3650
57 44 14444
57 45 29233
57 46 32849
57 47 44511
57 48 37861
57 49 49840
57 50 31713
57 51 41069
57 52 26456
57 53 19594
57 54 23233
57 55 26251
57 56 15919
57 58 12553
57 59 14236
57 60 23121
57 61 18093
57 62 39541
57 63 49807
57 64 50644
57 65 55030
57 66 50686
57 67 18257
57 68 30626
57 69 33767
57 70 37941
57 71 54771
57 72 10567
57 73 8819
57 74 12340
57 75 14237
57 76 31020
57 77 34877
57 78 43941
57 79 38888
57 80 32681
57 81 42799
57 82 33343
57 83 25657
57 84 24584
57 85 16821
57 86 18851
57 87 1016
57 88 36521
57 89 20777
57 90 53449
57 91 14206
57 92 10527
57 93 13791
57 94 13498
57 95 10925
57 96 15331
57 97 9377
57 98 14333
57 99 16461
57 100 11702
57 101 2078
58 1 18212
58 2 1770
58 3 23670
58 4 9424
58 5 17444
58 6 9731
58 7 22019
58 8 26275
58 9 32421
58 10 27698
58 11 35502
58 12 12207
58 13 2437
58 14 20490
58 15 13873
58 16 24097
58 17 22809
58 18 14032
58 19 31002
58 20 34615
58 21 8646
58 22 14695
58 23 19292
58 24 20859
58 25 23061
58 26 3643
58 27 12376
58 28 9148
58 29 22814
58 30 28193
58 31 19393
58 32 32622
58 33 27038
58 34 32403
58 35 39444
58 36 40313
58 37 15628
58 38 20796
58 39 22370
58 40 266
58 41 11130
58 42 11212
58 43 17342
58 44 21080
58 45 24774
58 46 26485
58 47 35428
58 48 28291
58 49 39713
58 50 17341
58 51 26568
58 52 14290
58 53 5046
58 54 14214
58 55 20523
58 56 16942
58 57 8538
58 59 13090
58 60 17110
58 61 18852
58 62 27027
58 63 36520
58 64 38612
58 65 40686
58 66 36126
58 67 20007
58 68 18355
58 69 19436
58 70 23675
58 71 40401
58 72 9909
58 73 7861
58 74 14705
58 75 17057
58 76 17154
58 77 21476
58 78 30604
58 79 25473
58 80 20851
58 81 28752
58 82 24131
58 83 19448
58 84 21759
58 85 18349
58 86 23200
58 87 5119
58 88 23931
58 89 10461
58 90 39744
58 91 17957
58 92 10945
58 93 13463
58 94 7393
58 95 8213
58 96 11339
58 97 10058
58 98 16242
58 99 14022
58 100 16168
58 101 -12062
59 1 26691
59 2 8367
59 3 36762
59 4 23733
59 5 4551
59 6 5237
59 7 19194
59 8 17165
59 9 42990
59 10 30281
59 11 34360
59 12 26580
59 13 5409
59 14 9321
59 15 13057
59 16 9119
59 17 8640
59 18 8803
59 19 27537
59 20 42098
59 21 22160
59 22 24122
59 23 29921
59 24 35849
59 25 37628
59 26 18533
59 27 19600
59 28 20919
59 29 37180
59 30 34665
59 31 22649
59 32 36737
59 33 38495
59 34 45215
59 35 50704
59 36 32936
59 37 2663
59 38 8192
59 39 35389
59 40 15169
59 41 18224
59 42 5142
59 43 12017
59 44 7491
59 45 12981
59 46 16598
59 47 28931
59 48 22698
59 49 34586
59 50 28347
59 51 36073
59 52 14980
59 53 17411
59 54 29347
59 55 35369
59 56 29095
59 57 10257
59 58 13126
59 60 7264
59 61 3769
59 62 26983
59 63 37986
59 64 36797
59 65 50448
59 66 43797
59 67 32333
59 68 32580
59 69 26430
59 70 29435
59 71 50295
59 72 22246
59 73 19861
59 74 25617
59 75 28079
59 76 29825
59 77 34650
59 78 43361
59 79 38326
59 80 35362
59 81 40257
59 82 18203
59 83 9616
59 84 8471
59 85 3338
59 86 8243
59 87 3025
59 88 24517
59 89 9090
59 90 42587
59 91 3631
59 92 -1379
59 93 -1648
59 94 3174
59 95 1033
59 96 465
59 97 2975
59 98 2128
59 99 258
59 100 3178
59 101 -3313
60 1 22977
60 2 17474
60 3 36360
60 4 29996
60 5 538
60 6 6970
60 7 9454
60 8 6613
60 9 39515
60 10 22242
60 11 24493
60 12 28579
60 13 12165
60 14 18172
60 15 23813
60 16 13066
60 17 4201
60 18 -520
60 19 17117
60 20 36363
60 21 29134
60 22 33215
60 23 38774
60 24 38505
60 25 43447
60 26 22078
60 27 17314
60 28 21252
60 29 38241
60 30 28672
60 31 15721
60 32 28967
60 33 36223
60 34 43784
60 35 47481
60 36 22247
60 37 12858
60 38 14738
60 39 42886
60 40 20841
60 41 28002
60 42 15860
60 43 22497
60 44 14230
60 45 4168
60 46 6506
60 47 18161
60 48 12017
60 49 23834
60 50 26330
60 51 32028
60 52 8509
60 53 20171
60 54 33312
60 55 40654
60 56 37109
60 57 20605
60 58 18609
60 59 8727
60 61 5949
60 62 17851
60 63 28989
60 64 26504
60 65 45682
60 66 37809
60 67 40365
60 68 33820
60 69 22266
60 70 23390
60 71 45942
60 72 30029
60 73 27725
60 74 34109
60 75 36616
60 76 29523
60 77 34542
60 78 42074
60 79 37438
60 80 37141
60 81 37856
60 82 7586
60 83 -906
60 84 2972
60 85 9995
60 86 10831
60 87 13221
60 88 16199
60 89 6062
60 90 34287
60 91 10954
60 92 9385
60 93 5402
60 94 8745
60 95 9839
60 96 5905
60 97 13239
60 98 11675
60 99 6566
60 100 12501
60 101 -3089
61 1 32963
61 2 16757
61 3 44654
61 4 32685
61 5 2774
61 6 12344
61 7 20378
61 8 14316
61 9 49552
61 10 33422
61 11 35121
61 12 35124
61 13 14382
61 14 8407
61 15 18206
61 16 1886
61 17 772
61 18 10661
61 19 27165
61 20 47221
61 21 31071
61 22 32184
61 23 37983
61 24 44624
61 25 46598
61 26 27335
61 27 26358
61 28 28845
61 29 45592
61 30 39566
61 31 26755
61 32 40147
61 33 45623
61 34 52791
61 35 57447
61 36 29593
61 37 7484
61 38 3601
61 39 44062
61 40 24161
61 41 25687
61 42 9744
61 43 14629
61 44 3399
61 45 7695
61 46 11988
61 47 26640
61 48 21596
61 49 32506
61 50 35515
61 51 42277
61 52 19262
61 53 25909
61 54 38278
61 55 44367
61 56 37639
61 57 17302
61 58 22076
61 59 6957
61 60 7674
61 62 28907
61 63 40022
61 64 36543
61 65 56304
61 66 48761
61 67 40753
61 68 40988
61 69 32383
61 70 34266
61 71 56380
61 72 30946
61 73 28576
61 74 34039
61 75 36425
61 76 37684
61 77 42622
61 78 50971
61 79 46059
61 80 43906
61 81 47345
61 82 17628
61 83 8004
61 84 3335
61 85 2425
61 86 215
61 87 10893
61 88 27379
61 89 14811
61 90 45451
61 91 1652
61 92 6583
61 93 1352
61 94 11661
61 95 10033
61 96 7743
61 97 11317
61 98 6138
61 99 6268
61 100 4955
61 101 4378
62 1 13910
62 2 35165
62 3 30415
62 4 38540
62 5 25477
62 6 26044
62 7 2119
62 8 15729
62 9 24536
62 10 -502
62 11 1410
62 12 30277
62 13 29895
62 14 42925
62 15 45372
62 16 37911
62 17 25390
62 18 11211
62 19 260
62 20 16726
62 21 41246
62 22 48730
62 23 52372
62 24 37506
62 25 49349
62 26 28794
62 27 19435
62 28 24084
62 29 33646
62 30 10084
62 31 2137
62 32 5166
62 33 25588
62 34 32501
62 35 31633
62 36 14321
62 37 36750
62 38 39656
62 39 52997
62 40 32817
62 41 45288
62 42 38773
62 43 45931
62 44 39229
62 45 19370
62 46 10154
62 47 10516
62 48 6108
62 49 8690
62 50 19129
62 51 17028
62 52 10352
62 53 29914
62 54 36933
62 55 45759
62 56 49297
62 57 40668
62 58 32169
62 59 32089
62 60 21494
62 61 30825
62 63 3990
62 64 4482
62 65 25926
62 66 16516
62 67 50814
62 68 31717
62 69 15441
62 70 6811
62 71 27926
62 72 42928
62 73 41437
62 74 48394
62 75 50443
62 76 26220
62 77 30084
62 78 32018
62 79 29541
62 80 36301
62 81 26171
62 82 8646
62 83 18110
62 84 26231
62 85 34831
62 86 34936
62 87 34005
62 88 2399
62 89 20094
62 90 9842
62 91 35846
62 92 32441
62 93 29877
62 94 28407
62 95 31048
62 96 28367
62 97 34989
62 98 35858
62 99 30271
62 100 36917
62 101 4378
63 1 19088
63 2 45327
63 3 33678
63 4 45935
63 5 36870
63 6 37077
63 7 13423
63 8 26275
63 9 22883
63 10 2660
63 11 1410
63 12 36613
63 13 40456
63 14 54297
63 15 56103
63 16 49279
63 17 36329
63 18 22605
63 19 6040
63 20 13029
63 21 50031
63 22 58022
63 23 60829
63 24 41485
63 25 55455
63 26 36747
63 27 28423
63 28 31993
63 29 36369
63 30 9770
63 31 10381
63 32 -2390
63 33 27038
63 34 31888
63 35 28232
63 36 18801
63 37 48037
63 38 51029
63 39 60448
63 40 42023
63 41 54994
63 42 49852
63 43 57043
63 44 50629
63 45 29906
63 46 18638
63 47 17413
63 48 15601
63 49 9123
63 50 23366
63 51 16625
63 52 21055
63 53 39241
63 54 43001
63 55 51769
63 56 57569
63 57 51197
63 58 41925
63 59 43355
63 60 32895
63 61 42203
63 62 4253
63 64 -2120
63 65 19344
63 66 9722
63 67 58036
63 68 36226
63 69 22578
63 70 10059
63 71 23461
63 72 51691
63 73 50527
63 74 57439
63 75 59240
63 76 31366
63 77 34204
63 78 32548
63 79 31679
63 80 41212
63 81 26679
63 82 19493
63 83 29391
63 84 37495
63 85 46223
63 86 46161
63 87 44815
63 88 13103
63 89 31022
63 90 2912
63 91 47241
63 92 43650
63 93 41243
63 94 39355
63 95 42077
63 96 39600
63 97 46017
63 98 47184
63 99 41588
63 100 48258
63 101 13811
64 1 32885
64 2 55961
64 3 48025
64 4 59134
64 5 43066
64 6 46078
64 7 20634
64 8 29577
64 9 36935
64 10 15845
64 11 6348
64 12 50236
64 13 50474
64 14 61089
64 15 65579
64 16 54633
64 17 39604
64 18 30108
64 19 8040
64 20 26901
64 21 62242
64 22 69747
64 23 73337
64 24 55794
64 25 69269
64 26 49552
64 27 40399
64 28 44772
64 29 50781
64 30 24191
64 31 22599
64 32 11151
64 33 41460
64 34 46017
64 35 41487
64 36 13631
64 37 55759
64 38 56044
64 39 73642
64 40 53840
64 41 66232
64 42 58393
64 43 65353
64 44 56476
64 45 32488
64 46 17768
64 47 16527
64 48 18658
64 49 827
64 50 37497
64 51 30977
64 52 31111
64 53 50937
64 54 56782
64 55 65607
64 56 70212
64 57 61164
64 58 53147
64 59 51296
64 60 39540
64 61 47854
64 62 13875
64 63 7010
64 65 30441
64 66 21595
64 67 71378
64 68 50403
64 69 35614
64 70 24072
64 71 36397
64 72 63927
64 73 62460
64 74 69417
64 75 71451
64 76 45333
64 77 48424
64 78 46890
64 79 46098
64 80 55306
64 81 41055
64 82 24433
64 83 34863
64 84 42438
64 85 52962
64 86 50232
64 87 54220
64 88 23387
64 89 40424
64 90 17308
64 91 53821
64 92 51829
64 93 48437
64 94 48539
64 95 50968
64 96 47791
64 97 54861
64 98 54665
64 99 49267
64 100 55546
64 101 25402
65 1 29675
65 2 58510
65 3 29557
65 4 46927
65 5 62534
65 6 57842
65 7 43105
65 8 57340
65 9 11857
65 10 29408
65 11 37029
65 12 39245
65 13 57411
65 14 75930
65 15 70824
65 16 74570
65 17 65430
65 18 48745
65 19 41020
65 20 15399
65 21 57310
65 22 65460
65 23 63311
65 24 32602
65 25 50526
65 26 43774
65 27 44144
65 28 42242
65 29 25622
65 30 21762
65 31 32742
65 32 17770
65 33 22545
65 34 13595
65 35 4052
65 36 54592
65 37 69343
65 38 75184
65 39 59616
65 40 52605
65 41 64006
65 42 68066
65 43 74570
65 44 74405
65 45 60705
65 46 52629
65 47 52331
65 48 48587
65 49 44818
65 50 27175
65 51 15050
65 52 43850
65 53 52302
65 54 41261
65 55 47366
65 56 60539
65 57 65567
65 58 55238
65 59 64964
65 60 58735
65 61 67632
65 62 35336
65 63 28491
65 64 30458
65 66 962
65 67 54737
65 68 32972
65 69 37463
65 70 26308
65 71 3740
65 72 57860
65 73 58461
65 74 64274
65 75 64476
65 76 33874
65 77 32605
65 78 19555
65 79 24487
65 80 38473
65 81 18956
65 82 50191
65 83 57333
65 84 64944
65 85 69654
65 86 72950
65 87 61901
65 88 39903
65 89 52324
65 90 31013
65 91 70474
65 92 64392
65 93 64236
65 94 58955
65 95 61670
65 96 61334
65 97 65094
65 98 69127
65 99 64090
65 100 70070
65 101 28813
66 1 19973
66 2 50438
66 3 25436
66 4 42838
66 5 50884
66 6 47270
66 7 30189
66 8 44415
66 9 7790
66 10 16195
66 11 23431
66 12 33577
66 13 47978
66 14 65678
66 15 62638
66 16 63217
66 17 53074
66 18 36704
66 19 27441
66 20 3534
66 21 50980
66 22 59464
66 23 59236
66 24 31726
66 25 48809
66 26 36980
66 27 34187
66 28 33943
66 29 25003
66 30 9770
66 31 20576
66 32 4170
66 33 17352
66 34 15474
66 35 8135
66 36 40995
66 37 58955
66 38 64347
66 39 56569
66 40 44979
66 41 57575
66 42 58697
66 43 65595
66 44 63527
66 45 47907
66 46 39223
66 47 38776
66 48 35255
66 49 31389
66 50 19711
66 51 7028
66 52 32257
66 53 43628
66 54 37722
66 55 45280
66 56 56050
66 57 57303
66 58 46758
66 59 54393
66 60 46942
66 61 56169
66 62 22006
66 63 14949
66 64 17692
66 65 -2958
66 67 52906
66 68 29214
66 69 27048
66 70 14467
66 71 2878
66 72 52078
66 73 52042
66 74 58379
66 75 59208
66 76 27538
66 77 27699
66 78 18722
66 79 21308
66 80 34700
66 81 14839
66 82 37235
66 83 45061
66 84 52903
66 85 58698
66 86 61278
66 87 52678
66 88 27219
66 89 41425
66 90 17414
66 91 59633
66 92 54091
66 93 53335
66 94 48773
66 95 51595
66 96 50642
66 97 55246
66 98 58555
66 99 53249
66 100 59605
66 101 19380
67 1 45783
67 2 26891
67 3 38561
67 4 8708
67 5 53763
67 6 46903
67 7 58244
67 8 63716
67 9 49766
67 10 59460
67 11 69565
67 12 30046
67 13 38413
67 14 46329
67 15 29033
67 16 56355
67 17 58403
67 18 51372
67 19 66730
67 20 58496
67 21 24456
67 22 18898
67 23 2972
67 24 20562
67 25 8580
67 26 27096
67 27 45764
67 28 38296
67 29 27686
67 30 55229
67 31 52120
67 32 61164
67 33 45015
67 34 41431
67 35 52143
67 36 77377
67 37 47876
67 38 45353
67 39 4484
67 40 29744
67 41 16285
67 42 36339
67 43 34967
67 44 50068
67 45 61817
67 46 63924
67 47 72378
67 48 65167
67 49 75792
67 50 40153
67 51 48001
67 52 50227
67 53 39646
67 54 19001
67 55 11796
67 56 10571
67 57 29671
67 58 35436
67 59 47726
67 60 54295
67 61 52958
67 62 61101
67 63 68060
67 64 72272
67 65 55614
67 66 57703
67 68 30236
67 69 50026
67 70 52827
67 71 57233
67 72 17868
67 73 21761
67 74 20776
67 75 16182
67 76 37684
67 77 37931
67 78 41916
67 79 39206
67 80 31864
67 81 45362
67 82 61276
67 83 56762
67 84 58005
67 85 51712
67 86 54542
67 87 34915
67 88 58444
67 89 47811
67 90 70134
67 91 49673
67 92 44489
67 93 47907
67 94 43873
67 95 43131
67 96 47393
67 97 42919
67 98 49118
67 99 49500
67 100 47165
67 101 22746
68 1 12703
68 2 23129
68 3 2883
68 4 8525
68 5 38042
68 6 30306
68 7 30818
68 8 41385
68 9 14496
68 10 26595
68 11 37755
68 12 2775
68 13 25884
68 14 44309
68 15 34835
68 16 47183
68 17 43340
68 18 28786
68 19 37105
68 20 22821
68 21 19783
68 22 27353
68 23 24987
68 24 344
68 25 14471
68 26 8007
68 27 19364
68 28 12198
68 29 -891
68 30 20360
68 31 21095
68 32 26230
68 33 9316
68 34 9749
68 35 18936
68 36 50170
68 37 39246
68 38 44647
68 39 21880
68 40 17403
68 41 26133
68 42 34642
68 43 39758
68 44 44827
68 45 42473
68 46 40733
68 47 45313
68 48 38500
68 49 45900
68 50 5676
68 51 12276
68 52 24330
68 53 20563
68 54 3051
68 55 10821
68 56 22085
68 57 30103
68 58 21847
68 59 36036
68 60 35813
68 61 41256
68 62 30067
68 63 34313
68 64 39360
68 65 21912
68 66 22074
68 67 18299
68 69 19028
68 70 19153
68 71 22461
68 72 19741
68 73 20879
68 74 26161
68 75 26070
68 76 4154
68 77 2434
68 78 8463
68 79 4114
68 80 26
68 81 9947
68 82 36206
68 83 36899
68 84 41970
68 85 41416
68 86 46295
68 87 28805
68 88 28770
68 89 27272
68 90 35977
68 91 41439
68 92 34398
68 93 36205
68 94 29654
68 95 31471
68 96 33359
68 97 33822
68 98 39668
68 99 36297
68 100 39887
68 101 261
69 1 -853
69 2 22782
69 3 14911
69 4 21949
69 5 23869
69 6 18835
69 7 10438
69 8 22506
69 9 15676
69 10 7938
69 11 18107
69 12 13256
69 13 19441
69 14 37135
69 15 34612
69 16 35598
69 17 27787
69 18 11157
69 19 16594
69 20 14288
69 21 25989
69 22 34192
69 23 36667
69 24 20958
69 25 32344
69 26 12582
69 27 5620
69 28 7835
69 29 18024
69 30 7301
69 31 727
69 32 11701
69 33 12737
69 34 20511
69 35 23633
69 36 29566
69 37 30446
69 38 36155
69 39 36466
69 40 18347
69 41 31516
69 42 30109
69 43 37096
69 44 35361
69 45 24743
69 46 21002
69 47 24755
69 48 18093
69 49 25542
69 50 3634
69 51 8307
69 52 5825
69 53 15947
69 54 19908
69 55 28741
69 56 33403
69 57 29333
69 58 19017
69 59 25975
69 60 20348
69 61 28740
69 62 9880
69 63 16754
69 64 20660
69 65 22492
69 66 15997
69 67 34178
69 68 15117
69 70 2658
69 71 22444
69 72 27616
69 73 26625
69 74 33475
69 75 35155
69 76 9538
69 77 13926
69 78 19050
69 79 15084
69 80 19497
69 81 14227
69 82 16433
69 83 19931
69 84 26793
69 85 30603
69 86 34147
69 87 24169
69 88 8157
69 89 13286
69 90 19321
69 91 31430
69 92 25540
69 93 25185
69 94 20168
69 95 22975
69 96 22303
69 97 26611
69 98 30145
69 99 25041
69 100 31140
69 101 -8951
70 1 2737
70 2 31766
70 3 17895
70 4 29748
70 5 30125
70 6 26662
70 7 11203
70 8 25178
70 9 11911
70 10 1235
70 11 12583
70 12 20262
70 13 28134
70 14 45079
70 15 43511
70 16 42414
70 17 32783
70 18 16117
70 19 13401
70 20 6632
70 21 34707
70 22 43027
70 23 45055
70 24 25495
70 25 39054
70 26 20997
70 27 14465
70 28 16481
70 29 20979
70 30 -1041
70 31 128
70 32 2763
70 33 12466
70 34 19409
70 35 19524
70 36 27458
70 37 38352
70 38 43561
70 39 44234
70 40 27288
70 41 40459
70 42 38653
70 43 45740
70 44 42745
70 45 28310
70 46 21891
70 47 23391
70 48 17909
70 49 21341
70 50 7088
70 51 4194
70 52 11456
70 53 24947
70 54 26602
70 55 35369
70 56 41738
70 57 38261
70 58 28010
70 59 33734
70 60 26226
70 61 35377
70 62 6004
70 63 8989
70 64 13872
70 65 16091
70 66 8170
70 67 41733
70 68 19996
70 69 7412
70 71 16768
70 72 36274
70 73 35442
70 74 42236
70 75 43781
70 76 14977
70 77 18050
70 78 18866
70 79 16600
70 80 24896
70 81 13025
70 82 18203
70 83 24684
70 84 32333
70 85 37915
70 86 40544
70 87 32856
70 88 7779
70 89 20714
70 90 10970
70 91 38867
70 92 33547
70 93 32568
70 94 28359
70 95 31209
70 96 29953
70 97 34975
70 98 37879
70 99 32504
70 100 38955
70 101 -22
71 1 19514
71 2 48258
71 3 19887
71 4 37541
71 5 52705
71 6 47705
71 7 34321
71 8 48446
71 9 1718
71 10 21333
71 11 30469
71 12 29298
71 13 47128
71 14 65699
71 15 60575
71 16 64593
71 17 55957
71 18 39172
71 19 33795
71 20 6959
71 21 47306
71 22 55565
71 23 54004
71 24 24451
71 25 42109
71 26 33644
71 27 33949
71 28 31951
71 29 17491
71 30 12747
71 31 23446
71 32 11633
71 33 12466
71 34 6655
71 35 -1282
71 36 47809
71 37 59145
71 38 65041
71 39 50665
71 40 42382
71 41 54022
71 42 57773
71 43 64277
71 44 64286
71 45 51632
71 46 44511
71 47 44839
71 48 40397
71 49 39099
71 50 16893
71 51 4834
71 52 34106
71 53 42006
71 54 32001
71 55 38755
71 56 51062
71 57 55305
71 58 44950
71 59 54808
71 60 48992
71 61 57705
71 62 27333
71 63 22605
71 64 26411
71 65 -6263
71 66 -3205
71 67 46353
71 68 23518
71 69 27412
71 70 16982
71 72 47996
71 73 48450
71 74 54393
71 75 54767
71 76 23741
71 77 22752
71 78 11027
71 79 15059
71 80 29042
71 81 9056
71 82 41390
71 83 47860
71 84 55298
71 85 59573
71 86 63078
71 87 51606
71 88 30960
71 89 42284
71 90 24459
71 91 60358
71 92 54186
71 93 54148
71 94 48743
71 95 51439
71 96 51210
71 97 54834
71 98 58962
71 99 53995
71 100 59881
71 101 18544
72 1 28216
72 2 4757
72 3 26883
72 4 -1557
72 5 30994
72 6 24103
72 7 36592
72 8 41015
72 9 38193
72 10 40343
72 11 49294
72 12 14799
72 13 15589
72 14 26647
72 15 12281
72 16 34630
72 17 35824
72 18 28897
72 19 45446
72 20 43631
72 21 2301
72 22 2662
72 23 4573
72 24 16668
72 25 11886
72 26 7936
72 27 25173
72 28 18905
72 29 21629
72 30 38512
72 31 32312
72 32 43952
72 33 32471
72 34 34344
72 35 43556
72 36 55166
72 37 25835
72 38 26770
72 39 8186
72 40 7545
72 41 1501
72 42 16118
72 43 18217
72 44 29405
72 45 38993
72 46 41206
72 47 50257
72 48 43096
72 49 54318
72 50 24634
72 51 34076
72 52 28656
72 53 17975
72 54 9402
72 55 10821
72 56 2130
72 57 9502
72 58 12859
72 59 25160
72 60 31480
72 61 30672
72 62 40736
72 63 49236
72 64 52342
72 65 46258
72 66 44396
72 67 5389
72 68 19199
72 69 30985
72 70 34889
72 71 46397
72 73 -1019
72 74 1466
72 75 2593
72 76 22615
72 77 25093
72 78 33161
72 79 28585
72 80 20873
72 81 33747
72 82 38986
72 83 33966
72 84 35264
72 85 29528
72 86 33261
72 87 12910
72 88 37751
72 89 25327
72 90 51891
72 91 27961
72 92 22095
72 93 25435
72 94 21050
72 95 20442
72 96 24616
72 97 20536
72 98 26965
72 99 26814
72 100 25539
72 101 1355
73 1 26815
73 2 1715
73 3 26883
73 4 901
73 5 27846
73 6 21048
73 7 33979
73 8 38013
73 9 37857
73 10 38395
73 11 47014
73 12 14538
73 13 12479
73 14 23922
73 15 10472
73 16 31546
73 17 32662
73 18 26014
73 19 42905
73 20 42600
73 21 991
73 22 3408
73 23 7251
73 24 18154
73 25 14660
73 26 6832
73 27 23038
73 28 17289
73 29 22581
73 30 37145
73 31 30253
73 32 42383
73 33 32113
73 34 34808
73 35 43634
73 36 52338
73 37 22727
73 38 24157
73 39 11348
73 40 5087
73 41 1403
73 42 13389
73 43 16161
73 44 26485
73 45 35880
73 46 38190
73 47 47466
73 48 40333
73 49 51699
73 50 23784
73 51 33332
73 52 26119
73 53 15599
73 54 10693
73 55 13282
73 56 5215
73 57 6978
73 58 10035
73 59 21999
73 60 28400
73 61 27526
73 62 38469
73 63 47296
73 64 50099
73 65 46083
73 66 43584
73 67 8506
73 68 19561
73 69 29218
73 70 33281
73 71 46075
73 72 -1795
73 74 2776
73 75 5018
73 76 22033
73 77 24948
73 78 33445
73 79 28674
73 80 21350
73 81 33515
73 82 36158
73 83 30907
73 84 32111
73 85 26396
73 86 30227
73 87 9836
73 88 35431
73 89 22463
73 90 50102
73 91 24890
73 92 18946
73 93 22278
73 94 17934
73 95 17281
73 96 21469
73 97 17391
73 98 23840
73 99 23654
73 100 22489
73 101 -992
74 1 31021
74 2 4420
74 3 30042
74 4 901
74 5 31421
74 6 25045
74 7 38397
74 8 42072
74 9 41326
74 10 42822
74 11 51486
74 12 17925
74 13 16354
74 14 25234
74 15 9922
74 16 34088
74 17 35937
74 18 30255
74 19 47343
74 20 46600
74 21 4900
74 22 -501
74 23 3014
74 24 19564
74 25 13695
74 26 10823
74 27 27495
74 28 21580
74 29 24697
74 30 41340
74 31 34702
74 32 46680
74 33 35597
74 34 37489
74 35 46718
74 36 56612
74 37 25466
74 38 25126
74 39 8621
74 40 9559
74 41 -1584
74 42 14796
74 43 16002
74 44 28363
74 45 39633
74 46 42211
74 47 51776
74 48 44666
74 49 56106
74 50 27649
74 51 37128
74 52 30566
74 53 20072
74 54 12417
74 55 13080
74 56 1990
74 57 8014
74 58 14394
74 59 25270
74 60 32299
74 61 30504
74 62 42941
74 63 51723
74 64 54571
74 65 49411
74 66 47436
74 67 5036
74 68 22358
74 69 33583
74 70 37590
74 71 49533
74 72 -1795
74 73 291
74 75 814
74 76 25693
74 77 28240
74 78 36320
74 79 31747
74 80 24026
74 81 36890
74 82 40444
74 83 34851
74 84 35621
74 85 29274
74 86 32512
74 87 12487
74 88 39903
74 89 26739
74 90 54485
74 91 27396
74 92 22017
74 93 25435
74 94 21756
74 95 20740
74 96 25088
74 97 20447
74 98 26682
74 99 27091
74 100 24913
74 101 3480
75 1 33508
75 2 7947
75 3 31325
75 4 316
75 5 35015
75 6 28636
75 7 41775
75 8 45659
75 9 42838
75 10 45728
75 11 54642
75 12 19585
75 13 19955
75 14 28104
75 15 11958
75 16 37439
75 17 39479
75 18 33784
75 19 50681
75 20 48738
75 21 7678
75 22 460
75 23 -543
75 24 19339
75 25 11805
75 26 13210
75 27 30542
75 28 24268
75 29 25003
75 30 43779
75 31 37694
75 32 49276
75 33 37169
75 34 38210
75 35 47795
75 36 60127
75 37 28904
75 38 27760
75 39 5630
75 40 12786
75 41 -733
75 42 17793
75 43 18125
75 44 31467
75 45 43237
75 46 45804
75 47 55268
75 48 48140
75 49 59499
75 50 29690
75 51 39028
75 52 33888
75 53 23271
75 54 12699
75 55 11796
75 56 -958
75 57 11007
75 58 17842
75 59 28828
75 60 35902
75 61 33986
75 62 46086
75 63 54620
75 64 57701
75 65 50709
75 66 49361
75 67 1538
75 68 23363
75 69 36359
75 70 40231
75 71 51003
75 72 428
75 73 3629
75 74 1910
75 76 27538
75 77 29683
75 78 37255
75 79 32914
75 80 24952
75 81 38331
75 82 43951
75 83 38451
75 84 39206
75 85 32738
75 86 35756
75 87 15941
75 88 43085
75 89 30249
75 90 57262
75 91 30749
75 92 25540
75 93 28967
75 94 25361
75 95 24328
75 96 28688
75 97 23975
75 98 30145
75 99 30672
75 100 28250
75 101 6668
76 1 5305
76 2 21368
76 3 3508
76 4 12303
76 5 32122
76 6 24859
76 7 23258
76 8 34224
76 9 12446
76 10 19346
76 11 30362
76 12 2635
76 13 21849
76 14 40779
76 15 33626
76 16 42191
76 17 37159
76 18 21841
76 19 29511
76 20 17935
76 21 20190
76 22 28586
76 23 28455
76 24 7959
76 25 20650
76 26 6443
76 27 12482
76 28 6499
76 29 5565
76 30 14084
76 31 13508
76 32 20024
76 33 6744
76 34 12007
76 35 18936
76 36 42559
76 37 34941
76 38 40842
76 39 26538
76 40 15378
76 41 26898
76 42 31824
76 43 37794
76 44 40551
76 45 35649
76 46 33369
76 47 37715
76 48 30941
76 49 38348
76 50 -981
76 51 8028
76 52 17078
76 53 16226
76 54 8265
76 55 16958
76 56 25184
76 57 28460
76 58 18609
76 59 31244
76 60 29479
76 61 35915
76 62 22533
76 63 27416
76 64 32253
76 65 20777
76 66 18361
76 67 23710
76 68 2117
76 69 11412
76 70 12097
76 71 20647
76 72 21120
76 73 21314
76 74 27459
76 75 28208
76 77 1557
76 78 10155
76 79 5059
76 80 6628
76 81 8330
76 82 28799
76 83 30206
76 84 35824
76 85 36541
76 86 41215
76 87 25695
76 88 21154
76 89 21049
76 90 29246
76 91 36870
76 92 29986
76 93 31199
76 94 24802
76 95 27033
76 96 28190
76 97 29865
76 98 35142
76 99 31143
76 100 35675
76 101 -5465
77 1 8091
77 2 24338
77 3 -372
77 4 12586
77 5 36228
77 6 28897
77 7 26909
77 8 38211
77 9 10589
77 10 21774
77 11 33009
77 12 4108
77 13 25560
77 14 44418
77 15 36451
77 16 46179
77 17 41281
77 18 25908
77 19 32669
77 20 17999
77 21 22181
77 22 30293
77 23 29025
77 24 4917
77 25 19389
77 26 9058
77 27 16588
77 28 10481
77 29 1610
77 30 15360
77 31 16687
77 32 21233
77 33 4974
77 34 8362
77 35 16176
77 36 45989
77 37 38764
77 38 44574
77 39 26365
77 40 18347
77 41 28848
77 42 35223
77 43 40922
77 44 44388
77 45 39728
77 46 37233
77 47 41231
77 48 34578
77 49 41334
77 50 845
77 51 7552
77 52 21055
77 53 19947
77 54 7561
77 55 15718
77 56 25919
77 57 31421
77 58 22035
77 59 35173
77 60 33602
77 61 39957
77 62 25501
77 63 29358
77 64 34448
77 65 18612
77 66 17626
77 67 23061
77 68 -499
77 69 14904
77 70 14274
77 71 18762
77 72 22702
77 73 23333
77 74 29110
77 75 29457
77 76 661
77 78 6577
77 79 1462
77 80 4734
77 81 6094
77 82 32643
77 83 34310
77 84 39945
77 85 40497
77 86 45224
77 87 29160
77 88 24534
77 89 25167
77 90 30998
77 91 40765
77 92 33828
77 93 35177
77 94 28728
77 95 30871
77 96 32189
77 97 33584
77 98 39019
77 99 35143
77 100 39482
77 101 -1419
78 1 14899
78 2 36315
78 3 6020
78 4 22057
78 5 47056
78 6 40216
78 7 34224
78 8 46999
78 9 3472
78 10 25189
78 11 36360
78 12 15812
78 13 37464
78 14 56379
78 15 48336
78 16 57622
78 17 51718
78 18 35492
78 19 37730
78 20 15206
78 21 33606
78 22 41281
78 23 38353
78 24 7959
78 25 25696
78 26 20997
78 27 26976
78 28 22065
78 29 1005
78 30 16431
78 31 22917
78 32 20674
78 33 3974
78 34 -3609
78 35 5163
78 36 51770
78 37 50550
78 38 56463
78 39 34597
78 40 30348
78 41 40052
78 42 47262
78 43 52930
78 44 56150
78 45 49217
78 46 45123
78 47 47542
78 48 41578
78 49 45379
78 50 8500
78 51 5444
78 52 30226
78 53 31837
78 54 16346
78 55 22426
78 56 35711
78 57 43384
78 58 34062
78 59 46783
78 60 44033
78 61 51205
78 62 30334
78 63 30601
78 64 35813
78 65 8461
78 66 11548
78 67 29945
78 68 8429
78 69 22927
78 70 17989
78 71 9936
78 72 33669
78 73 34729
78 74 40089
78 75 39928
78 76 12158
78 77 9476
78 79 716
78 80 13837
78 81 1239
78 82 40704
78 83 44187
78 84 50495
78 85 52036
78 86 56585
78 87 41186
78 88 31074
78 89 35917
78 90 31981
78 91 52434
78 92 45589
78 93 46665
78 94 40355
78 95 42640
78 96 43628
78 97 45483
78 98 50724
78 99 46571
78 100 51288
78 101 9947
79 1 10706
79 2 30728
79 3 406
79 4 17570
79 5 41761
79 6 34741
79 7 30229
79 8 42476
79 9 5638
79 10 22720
79 11 34067
79 12 10329
79 13 31822
79 14 50728
79 15 42807
79 16 52122
79 17 46579
79 18 30627
79 19 34721
79 20 15399
79 21 28292
79 22 36187
79 23 34018
79 24 5759
79 25 22567
79 26 15427
79 27 21749
79 28 16481
79 29 -215
79 30 14768
79 31 19223
79 32 20024
79 33 1631
79 34 2021
79 35 10038
79 36 48524
79 37 44940
79 38 50829
79 39 30710
79 40 24744
79 41 34863
79 42 41609
79 43 47322
79 44 50550
79 45 44434
79 46 40988
79 47 44040
79 48 37759
79 49 42880
79 50 3684
79 51 4834
79 52 25469
79 53 26196
79 54 12001
79 55 19067
79 56 31141
79 57 37807
79 58 28407
79 59 41224
79 60 38873
79 61 45769
79 62 27333
79 63 29208
79 64 34497
79 65 12869
79 66 13610
79 67 26711
79 68 3556
79 69 18437
79 70 15199
79 71 13444
79 72 28569
79 73 29434
79 74 34992
79 75 35063
79 76 6538
79 77 3837
79 78 192
79 80 9071
79 81 1239
79 82 36445
79 83 39236
79 84 45305
79 85 46502
79 86 51117
79 87 35530
79 88 27331
79 89 30622
79 90 30642
79 91 46860
79 92 39985
79 93 41145
79 94 34786
79 95 37033
79 96 38120
79 97 39844
79 98 45137
79 99 41068
79 100 45674
79 101 4437
80 1 13884
80 2 21715
80 3 4862
80 4 6528
80 5 37659
80 6 29806
80 7 31450
80 8 41601
80 9 16494
80 10 27886
80 11 38955
80 12 1889
80 13 24990
80 14 43181
80 15 33264
80 16 46455
80 17 43030
80 18 28897
80 19 38051
80 20 24673
80 21 18077
80 22 25492
80 23 22988
80 24 -285
80 25 12682
80 26 6832
80 27 19553
80 28 12065
80 29 -1
80 30 21977
80 31 22072
80 32 27885
80 33 11271
80 34 11516
80 35 20872
80 36 50924
80 37 38352
80 38 43561
80 39 19903
80 40 16143
80 41 24311
80 42 33381
80 43 38303
80 44 43886
80 45 42473
80 46 41097
80 47 46015
80 48 39119
80 49 46929
80 50 7088
80 51 14164
80 52 24669
80 53 19872
80 54 1063
80 55 9009
80 56 20098
80 57 28633
80 58 20818
80 59 35293
80 60 35609
80 61 40649
80 62 31126
80 63 35774
80 64 40738
80 65 23888
80 66 24035
80 67 16402
80 68 -3499
80 69 19883
80 70 20528
80 71 24460
80 72 17890
80 73 19143
80 74 24304
80 75 24134
80 76 5140
80 77 4142
80 78 10346
80 79 6104
80 81 11943
80 82 36635
80 83 36851
80 84 41662
80 85 40673
80 86 45577
80 87 27643
80 88 29615
80 89 27074
80 90 37491
80 91 40598
80 92 33547
80 93 35514
80 94 28966
80 95 30648
80 96 32743
80 97 32861
80 98 38833
80 99 35665
80 100 38955
80 101 -22
81 1 9541
81 2 34774
81 3 5800
81 4 23499
81 5 42714
81 6 36445
81 7 28403
81 8 41536
81 9 -528
81 10 18883
81 11 30036
81 12 15211
81 13 34642
81 14 53553
81 15 47042
81 16 53814
81 17 47014
81 18 30468
81 19 31487
81 20 9456
81 21 33269
81 22 41459
81 23 39972
81 24 11966
81 25 28887
81 26 19794
81 27 22753
81 28 19088
81 29 5565
81 30 10114
81 31 17000
81 32 14610
81 33 -1198
81 34 1441
81 35 5611
81 36 45569
81 37 47335
81 38 53360
81 39 36882
81 40 28793
81 41 39970
81 42 44975
81 43 51130
81 44 52813
81 45 44009
81 46 39327
81 47 41434
81 48 35626
81 49 39060
81 50 4264
81 51 -761
81 52 25138
81 53 29153
81 54 18081
81 55 25373
81 56 36967
81 57 41863
81 58 31831
81 59 43300
81 60 39436
81 61 47200
81 62 24108
81 63 24353
81 64 29599
81 65 7483
81 66 7286
81 67 33012
81 68 9534
81 69 17725
81 70 11769
81 71 7586
81 72 33876
81 73 34420
81 74 40280
81 75 40625
81 76 9954
81 77 8614
81 78 860
81 79 1384
81 80 15055
81 82 35041
81 83 39236
81 84 45913
81 85 48401
81 86 52641
81 87 38805
81 88 25143
81 89 31677
81 90 25735
81 91 48972
81 92 42352
81 93 42986
81 94 36966
81 95 39459
81 96 39941
81 97 42573
81 98 47358
81 99 42844
81 100 48094
81 101 6469
82 1 20752
82 2 28771
82 3 36850
82 4 37759
82 5 13066
82 6 17749
82 7 -994
82 8 1614
82 9 35531
82 10 13022
82 11 12030
82 12 32564
82 13 22981
82 14 31089
82 15 36631
82 16 24873
82 17 11275
82 18 1374
82 19 4040
82 20 29576
82 21 38190
82 22 43971
82 23 48972
82 24 41915
82 25 50271
82 26 28276
82 27 19530
82 28 24922
82 29 39819
82 30 22137
82 31 9680
82 32 19342
82 33 34302
82 34 42027
82 35 43274
82 36 10615
82 37 25999
82 38 26527
82 39 51594
82 40 29445
82 41 39465
82 42 28912
82 43 35643
82 44 26591
82 45 5191
82 46 -974
82 47 5793
82 48 -1037
82 49 10946
82 50 25634
82 51 27763
82 52 7704
82 53 27150
82 54 38696
82 55 47023
82 56 46581
82 57 32888
82 58 27691
82 59 21727
82 60 9647
82 61 17964
82 62 7064
82 63 17648
82 64 13458
82 65 39199
82 66 30163
82 67 49407
82 68 36274
82 69 20412
82 70 17428
82 71 40401
82 72 39596
82 73 37544
82 74 44315
82 75 46726
82 76 30904
82 77 35644
82 78 40806
82 79 37071
82 80 40228
82 81 35522
82 83 4901
82 84 12756
82 85 22973
82 86 21231
82 87 25585
82 88 8157
82 89 13286
82 90 24052
82 91 23821
82 92 22347
82 93 18547
82 94 20168
82 95 22113
82 96 18493
82 97 25832
82 98 24828
82 99 19609
82 100 25625
82 101 2207
83 1 24222
83 2 21715
83 3 38573
83 4 33884
83 5 3137
83 6 11064
83 7 7493
83 8 2422
83 9 40483
83 10 21191
83 11 21984
83 12 31620
83 13 16354
83 14 21108
83 15 27810
83 16 14878
83 17 2954
83 18 -520
83 19 14062
83 20 36363
83 21 33184
83 22 37447
83 23 42982
83 24 41534
83 25 47206
83 26 25574
83 27 19553
83 28 24065
83 29 40814
83 30 28672
83 31 15589
83 32 27885
83 33 37759
83 34 45474
83 35 48446
83 36 18172
83 37 16568
83 38 16595
83 39 46940
83 40 24779
83 41 32242
83 42 19699
83 43 26093
83 44 16544
83 45 525
83 46 2267
83 47 14316
83 48 8611
83 49 20115
83 50 28116
83 51 32845
83 52 9373
83 53 23717
83 54 36739
83 55 44318
83 56 41244
83 57 24784
83 58 22590
83 59 12722
83 60 737
83 61 7922
83 62 16110
83 63 27128
83 64 23470
83 65 45923
83 66 37571
83 67 44475
83 68 36549
83 69 23492
83 70 23491
83 71 46453
83 72 34158
83 73 31875
83 74 38304
83 75 40808
83 76 31893
83 77 36893
83 78 43871
83 79 39444
83 80 40026
83 81 39299
83 82 4483
83 84 2972
83 85 13086
83 86 11686
83 87 17406
83 88 15283
83 89 9173
83 90 32922
83 91 13849
83 92 13385
83 93 8953
83 94 12963
83 95 14062
83 96 10109
83 97 17391
83 98 15285
83 99 10552
83 100 15886
83 101 -22
84 1 29661
84 2 20500
84 3 42974
84 4 34853
84 5 189
84 6 12062
84 7 14199
84 8 7253
84 9 46169
84 10 27843
84 11 28519
84 12 34769
84 13 16279
84 14 15467
84 15 24235
84 16 8459
84 17 -2365
84 18 5500
84 19 20315
84 20 42673
84 21 33564
84 22 36299
84 23 42080
84 24 44643
84 25 48556
84 26 27809
84 27 23972
84 28 27659
84 29 44694
84 30 34971
84 31 21917
84 32 34554
84 33 42931
84 34 50484
84 35 54139
84 36 22594
84 37 12753
84 38 10036
84 39 47140
84 40 25757
84 41 30410
84 42 15795
84 43 21385
84 44 10349
84 45 1065
84 46 5223
84 47 19570
84 48 14673
84 49 25435
84 50 33029
84 51 38643
84 52 15055
84 53 25947
84 54 39044
84 55 45969
84 56 41017
84 57 22298
84 58 23488
84 59 10164
84 60 3202
84 61 1840
84 62 22818
84 63 33819
84 64 29632
84 65 52121
84 66 44000
84 67 44305
84 68 40207
84 69 28941
84 70 29727
84 71 52478
84 72 34043
84 73 31666
84 74 37661
84 75 40150
84 76 36098
84 77 41115
84 78 48766
84 79 44100
84 80 43424
84 81 44563
84 82 10925
84 83 1559
84 85 8249
84 86 4980
84 87 15206
84 88 21881
84 89 12531
84 90 39623
84 91 8470
84 92 10598
84 93 5251
84 94 12867
84 95 12685
84 96 9008
84 97 15180
84 98 11328
84 99 8318
84 100 11235
84 101 3214
85 1 31472
85 2 12362
85 3 42077
85 4 28550
85 5 4128
85 6 10068
85 7 21459
85 8 17051
85 9 47924
85 10 33670
85 11 36534
85 12 31965
85 13 10672
85 14 6131
85 15 14056
85 16 3739
85 17 5153
85 18 11211
85 19 29053
85 20 46455
85 21 26898
85 22 27722
85 23 33516
85 24 41190
85 25 42488
85 26 23877
85 27 24513
85 28 26220
85 29 42565
85 30 38903
85 31 26458
85 32 40305
85 33 43608
85 34 50467
85 35 55712
85 36 32727
85 37 3012
85 38 3601
85 39 39707
85 40 20330
85 41 21222
85 42 5579
85 43 11170
85 44 2783
85 45 11331
85 46 15518
85 47 29319
85 48 23728
85 49 35173
85 50 33459
85 51 40864
85 52 18762
85 53 22794
85 54 34594
85 55 40368
85 56 33247
85 57 12846
85 58 18389
85 59 3342
85 60 8536
85 61 -759
85 62 29729
85 63 40858
85 64 38467
85 65 55142
85 66 48106
85 67 36323
85 68 37964
85 69 31062
85 70 33620
85 71 55064
85 72 26618
85 73 24262
85 74 29625
85 75 31993
85 76 35126
85 77 39978
85 78 48618
85 79 43608
85 80 40746
85 81 45362
85 82 19453
85 83 9984
85 84 6560
85 86 2864
85 87 6454
85 88 27697
85 89 13408
85 90 45874
85 91 -1017
85 92 2385
85 93 -1820
85 94 8523
85 95 6253
85 96 5113
85 97 7030
85 98 1684
85 99 3679
85 100 942
85 101 1905
86 1 42945
86 2 23731
86 3 54506
86 4 40538
86 5 12345
86 6 22213
86 7 28952
86 8 20921
86 9 59540
86 10 42569
86 11 42997
86 12 44605
86 13 23280
86 14 7690
86 15 21102
86 16 3739
86 17 3594
86 18 19975
86 19 34457
86 20 56960
86 21 38878
86 22 38110
86 23 43603
86 24 53820
86 25 54480
86 26 36514
86 27 36353
86 28 38658
86 29 55187
86 30 49276
86 31 36334
86 32 49292
86 33 55615
86 34 62735
86 35 67442
86 36 34278
86 37 14665
86 38 -3609
86 39 50906
86 40 32817
86 41 30765
86 42 13654
86 43 15129
86 44 1411
86 45 12563
86 46 16055
86 47 32601
86 48 28749
86 49 38139
86 50 45499
86 51 52236
86 52 29026
86 53 35415
86 54 47130
86 55 52568
86 56 44285
86 57 22614
86 58 30978
86 59 15985
86 60 17110
86 61 4769
86 62 37572
86 63 48534
86 64 43475
86 65 66176
86 66 58424
86 67 46891
86 68 50581
86 69 42344
86 70 43987
86 71 66307
86 72 38089
86 73 35831
86 74 40601
86 75 42749
86 76 47538
86 77 52443
86 78 60905
86 79 55961
86 80 53388
86 81 57340
86 82 25449
86 83 16322
86 84 11029
86 85 10602
86 87 17805
86 88 36571
86 89 24810
86 90 54386
86 91 6866
86 92 14824
86 93 10584
86 94 21113
86 95 18873
86 96 17428
86 97 19188
86 98 13819
86 99 15911
86 100 10470
86 101 14238
87 1 28290
87 2 -214
87 3 34984
87 4 16573
87 5 13758
87 6 10395
87 7 26160
87 8 26017
87 9 43402
87 10 35221
87 11 41024
87 12 23367
87 13 3634
87 14 9353
87 15 5186
87 16 15525
87 17 17494
87 18 16181
87 19 35006
87 20 44570
87 21 14946
87 22 15125
87 23 20939
87 24 31214
87 25 30501
87 26 14603
87 27 21427
87 28 20087
87 29 33832
87 30 37640
87 31 27049
87 32 41088
87 33 38176
87 34 43717
87 35 50610
87 36 41626
87 37 6786
87 38 9773
87 39 27143
87 40 10035
87 41 9009
87 42 -16
87 43 6733
87 44 10813
87 45 22195
87 46 25687
87 47 37333
87 48 30740
87 49 42725
87 50 28304
87 51 37205
87 52 20075
87 53 15758
87 54 24017
87 55 28712
87 56 20629
87 57 1189
87 58 9307
87 59 7177
87 60 15910
87 61 11857
87 62 33051
87 63 43598
87 64 43873
87 65 51537
87 66 46234
87 67 23674
87 68 29501
87 69 28776
87 70 32709
87 71 51245
87 72 14148
87 73 11850
87 74 16986
87 75 19344
87 76 28428
87 77 32789
87 78 41916
87 79 36784
87 80 31864
87 81 39914
87 82 26213
87 83 18452
87 84 17665
87 85 10602
87 86 14215
87 88 30133
87 89 14124
87 90 47532
87 91 8859
87 92 3596
87 93 7014
87 94 6563
87 95 3741
87 96 8120
87 97 2218
87 98 8009
87 99 9336
87 100 6470
87 101 -2732
88 1 9972
88 2 28854
88 3 26633
88 4 32685
88 5 20663
88 6 20049
88 7 -500
88 8 13569
88 9 23555
88 10 2117
88 11 7666
88 12 24975
88 13 23649
88 14 37506
88 15 39203
88 16 33191
88 17 21966
88 18 6188
88 19 4641
88 20 17612
88 21 35045
88 22 42435
88 23 46199
88 24 33039
88 25 43895
88 26 22863
88 27 13340
88 28 18278
88 29 29859
88 30 10084
88 31 -2083
88 32 8845
88 33 22974
88 34 30506
88 35 31227
88 36 17528
88 37 31098
88 38 34831
88 39 47083
88 40 26557
88 41 38965
88 42 32823
88 43 40014
88 44 34202
88 45 16876
88 46 10319
88 47 12830
88 48 6578
88 49 13711
88 50 15221
88 51 15798
88 52 4110
88 53 23654
88 54 31602
88 55 40368
88 56 43179
88 57 34425
88 58 25850
88 59 26400
88 60 16619
88 61 26074
88 62 -824
88 63 9617
88 64 10771
88 65 27270
88 66 18506
88 67 44934
88 68 27197
88 69 10495
88 70 5363
88 71 28330
88 72 36720
88 73 35176
88 74 42133
88 75 44219
88 76 21618
88 77 25894
88 78 29535
88 79 26316
88 80 31567
88 81 23983
88 82 6516
88 83 14060
88 84 22071
88 85 29576
88 86 30712
88 87 27864
88 89 14007
88 90 14251
88 91 30606
88 92 26650
88 93 24472
88 94 22343
88 95 25051
88 96 22621
88 97 28991
88 98 30302
88 99 24705
88 100 31398
88 101 -1882
89 1 15193
89 2 12840
89 3 27476
89 4 22149
89 5 8149
89 6 3125
89 7 9330
89 8 13100
89 9 31760
89 10 18491
89 11 23942
89 12 19564
89 13 7124
89 14 21402
89 15 22298
89 16 19346
89 17 13139
89 18 582
89 19 18353
89 20 30101
89 21 22036
89 22 27738
89 23 32697
89 24 29495
89 25 35232
89 26 13441
89 27 8636
89 28 12198
89 29 29204
89 30 22612
89 31 10637
89 32 24781
89 33 27880
89 34 35220
89 35 39644
89 36 26885
89 37 14695
89 38 19973
89 39 35634
89 40 13348
89 41 23454
89 42 15860
89 43 23062
89 44 19156
89 45 12687
89 46 13283
89 47 22050
89 48 14979
89 49 26687
89 50 17821
89 51 24555
89 52 3117
89 53 11652
89 54 24576
89 55 32254
89 56 30387
89 57 17748
89 58 11447
89 59 10040
89 60 5549
89 61 12573
89 62 15938
89 63 26603
89 64 26875
89 65 38758
89 66 31779
89 67 33368
89 68 24766
89 69 14691
89 70 17365
89 71 38721
89 72 23363
89 73 21275
89 74 28036
89 75 30450
89 76 20580
89 77 25594
89 78 33445
89 79 28674
89 80 28093
89 81 29584
89 82 10712
89 83 7017
89 84 11788
89 85 14354
89 86 18018
89 87 10922
89 88 13074
89 90 30828
89 91 15237
89 92 9986
89 93 8953
89 94 5343
89 95 8078
89 96 6247
89 97 12011
89 98 14174
89 99 8839
89 100 15258
89 101 -12117
90 1 15266
90 2 42875
90 3 29358
90 4 42272
90 5 36377
90 6 35509
90 7 13423
90 8 27101
90 9 18472
90 10 244
90 11 4528
90 12 32780
90 13 38366
90 14 53292
90 15 54041
90 16 48892
90 17 36774
90 18 21927
90 19 8504
90 20 8732
90 21 46870
90 22 55031
90 23 57455
90 24 37185
90 25 51456
90 26 33354
90 27 25635
90 28 28688
90 29 31965
90 30 5361
90 31 7917
90 32 -5918
90 33 22601
90 34 27447
90 35 24072
90 36 22063
90 37 46810
90 38 50584
90 39 56762
90 40 39096
90 41 52205
90 42 48217
90 43 55420
90 44 49997
90 45 30751
90 46 20658
90 47 19886
90 48 17009
90 49 13119
90 50 19246
90 51 12153
90 52 19386
90 53 36444
90 54 39044
90 55 47763
90 56 54156
90 57 48987
90 58 39297
90 59 42104
90 60 32341
90 61 41780
90 62 4253
90 63 -2940
90 64 2326
90 65 16014
90 66 6335
90 67 54258
90 68 32038
90 69 19293
90 70 6188
90 71 19463
90 72 48494
90 73 47481
90 74 54349
90 75 56030
90 76 27344
90 77 29992
90 78 28076
90 79 27261
90 80 37077
90 81 22209
90 82 20045
90 83 29333
90 84 37447
90 85 45387
90 86 46161
90 87 42897
90 88 11885
90 89 29395
90 91 46417
90 92 42276
90 93 40274
90 94 37654
90 95 40450
90 96 38303
90 97 44365
90 98 46061
90 99 40472
90 100 47165
90 101 11132
91 1 34374
91 2 12815
91 3 44507
91 4 29511
91 5 7066
91 6 12892
91 7 24576
91 8 19726
91 9 50752
91 10 36831
91 11 39619
91 12 34048
91 13 12509
91 14 3089
91 15 12551
91 16 2513
91 17 6418
91 18 14359
91 19 32040
91 20 49508
91 21 27846
91 22 27658
91 23 33351
91 24 42993
91 25 43457
91 26 25747
91 27 27340
91 28 28688
91 29 44694
91 30 41980
91 31 29591
91 32 43462
91 33 46303
91 34 53003
91 35 58493
91 36 35242
91 37 3639
91 38 558
91 39 40126
91 40 21853
91 41 20752
91 42 4175
91 43 8811
91 44 -248
91 45 13487
91 46 17768
91 47 32047
91 48 26639
91 49 37919
91 50 36155
91 51 43768
91 52 21888
91 53 25007
91 54 36175
91 55 41523
91 56 33558
91 57 12363
91 58 20129
91 59 5767
91 60 11627
91 61 600
91 62 32876
91 63 44008
91 64 41458
91 65 58094
91 66 51173
91 67 36416
91 68 40119
91 69 34021
91 70 36704
91 71 57981
91 72 27183
91 73 24888
91 74 29879
91 75 32136
91 76 37587
91 77 42378
91 78 51148
91 79 46098
91 80 42803
91 81 48065
91 82 22433
91 83 12879
91 84 8913
91 85 1115
91 86 1260
91 87 6843
91 88 30859
91 89 16423
91 90 49036
91 92 4001
91 93 1183
91 94 10944
91 95 8213
91 96 7933
91 97 8173
91 98 2994
91 99 6624
91 100 -368
91 101 4495
92 1 27690
92 2 6643
92 3 37024
92 4 22560
92 5 6696
92 6 6570
92 7 21246
92 8 19398
92 9 43801
92 10 32006
92 11 36394
92 12 26435
92 13 4898
92 14 7981
92 15 10821
92 16 9580
92 17 10340
92 18 10883
92 19 29679
92 20 43355
92 21 20916
92 22 22279
92 23 28093
92 24 35417
92 25 36493
92 26 18146
92 27 20544
92 28 21272
92 29 37084
92 30 36007
92 31 24238
92 32 38375
92 33 39113
92 34 45594
92 35 51424
92 36 35172
92 37 1368
92 38 7395
92 39 33879
92 40 14391
92 41 16205
92 42 2971
92 43 9948
92 44 6950
92 45 15090
92 46 18790
92 47 31161
92 48 24899
92 49 36802
92 50 28989
92 51 37028
92 52 16642
92 53 17440
92 54 28694
92 55 34369
92 56 27492
92 57 8120
92 58 12553
92 59 193
92 60 9494
92 61 4967
92 62 28907
92 63 39853
92 64 38902
92 65 51448
92 66 45067
92 67 30668
92 68 32514
92 69 27567
92 70 30820
92 71 51245
92 72 20753
92 73 18380
92 74 23936
92 75 26363
92 76 30139
92 77 34877
92 78 43739
92 79 38659
92 80 35188
92 81 40881
92 82 20395
92 83 11851
92 84 10477
92 85 3953
92 86 8654
92 87 1016
92 88 26339
92 89 10608
92 90 44331
92 91 3437
92 93 -176
92 94 3746
92 95 639
92 96 2303
92 97 1137
92 98 1684
92 99 2494
92 100 2127
92 101 -2732
93 1 28646
93 2 11100
93 3 39344
93 4 26715
93 5 2774
93 6 7246
93 7 19252
93 8 15827
93 9 45096
93 10 31120
93 11 34397
93 12 29402
93 13 8396
93 14 8407
93 15 14505
93 16 6358
93 17 5870
93 18 8897
93 19 27165
93 20 43682
93 21 25124
93 22 26751
93 23 32565
93 24 38765
93 25 40617
93 26 21453
93 27 21685
93 28 23485
93 29 39961
93 30 36149
93 31 23788
93 32 37714
93 33 40796
93 34 47694
93 35 52887
93 36 31625
93 37 3012
93 38 6375
93 39 38266
93 40 18166
93 41 20616
93 42 6189
93 43 12509
93 44 5556
93 45 10902
93 46 14832
93 47 27917
93 48 22021
93 49 33706
93 50 30648
93 51 38039
93 52 16079
93 53 20195
93 54 32320
93 55 38368
93 56 31919
93 57 12417
93 58 16104
93 59 957
93 60 6544
93 61 769
93 62 27376
93 63 38479
93 64 36543
93 65 52325
93 66 45344
93 67 35119
93 68 35354
93 69 28245
93 70 30874
93 71 52240
93 72 25126
93 73 22745
93 74 28387
93 75 30823
93 76 32385
93 77 37259
93 78 45848
93 79 40852
93 80 38188
93 81 42548
93 82 17628
93 83 8452
93 84 6163
93 85 781
93 86 5447
93 87 5467
93 88 25194
93 89 10608
93 90 43362
93 91 1652
93 92 857
93 94 5887
93 95 4033
93 96 2303
93 97 5591
93 98 1684
93 99 850
93 100 2470
93 101 -869
94 1 21302
94 2 6169
94 3 30932
94 4 19332
94 5 7468
94 6 1188
94 7 16945
94 8 17838
94 9 37404
94 10 26415
94 11 31819
94 12 20862
94 13 826
94 14 14337
94 15 14394
94 16 14878
94 17 12765
94 18 7090
94 19 25825
94 20 37075
94 21 18077
94 22 21832
94 23 27373
94 24 30307
94 25 33070
94 26 13029
94 27 14151
94 28 15093
94 29 31418
94 30 29806
94 31 18412
94 32 32563
94 33 32771
94 34 39401
94 35 45048
94 36 33034
94 37 7760
94 38 13767
94 39 31747
94 40 10285
94 41 16817
94 42 7906
94 43 15109
94 44 13198
94 45 15288
94 46 17878
94 47 28523
94 48 21756
94 49 33717
94 50 22634
94 51 30629
94 52 11086
94 53 11652
94 54 24065
94 55 30573
94 56 25806
94 57 10133
94 58 8043
94 59 3788
94 60 7896
94 61 9087
94 62 23915
94 63 34600
94 64 34654
94 65 45053
94 66 38791
94 67 29094
94 68 26812
94 69 21237
94 70 24674
94 71 44844
94 72 18750
94 73 16410
94 74 22717
94 75 25226
94 76 23997
94 77 28819
94 78 37547
94 79 32502
94 80 29649
94 81 34537
94 82 17258
94 83 10471
94 84 11788
94 85 9133
94 86 13985
94 87 3025
94 88 21074
94 89 5007
94 90 38751
94 91 9422
94 92 2788
94 93 3896
94 95 195
94 96 1303
94 97 4058
94 98 7742
94 99 4105
94 100 8512
94 101 -9075
95 1 24357
95 2 4922
95 3 33420
95 4 19764
95 5 7728
95 6 4026
95 7 19651
95 8 19418
95 9 40333
95 10 29519
95 11 34652
95 12 22877
95 13 1453
95 14 11294
95 15 11680
95 16 12938
95 17 12433
95 18 9535
95 19 28403
95 20 40208
95 21 18225
95 22 20750
95 23 26483
95 24 31980
95 25 33647
95 26 14675
95 27 17208
95 28 17681
95 29 33518
95 30 32959
95 31 21553
95 32 35708
95 33 35572
95 34 41997
95 35 47912
95 36 34950
95 37 4943
95 38 10939
95 39 31585
95 40 11176
95 41 15247
95 42 4815
95 43 12017
95 44 10554
95 45 16064
95 46 19230
95 47 30626
95 48 24041
95 49 36026
95 50 25462
95 51 33645
95 52 14160
95 53 13839
95 54 25389
95 55 31370
95 56 25382
95 57 7870
95 58 9173
95 59 1957
95 60 9300
95 61 7769
95 62 26866
95 63 37632
95 64 37393
95 65 48078
95 66 41923
95 67 28662
95 68 28939
95 69 24354
95 70 27834
95 71 47850
95 72 18452
95 73 16067
95 74 22011
95 75 24503
95 76 26538
95 77 31272
95 78 40142
95 79 35059
95 80 31641
95 81 37340
95 82 19513
95 83 11880
95 84 11916
95 85 7173
95 86 12055
95 87 513
95 88 24092
95 89 8052
95 90 41857
95 91 7001
95 92 -9
95 93 2352
95 94 505
95 96 1546
95 97 975
95 98 5230
95 99 3407
95 100 5690
95 101 -6251
96 1 23744
96 2 9116
96 3 34390
96 4 23233
96 5 3682
96 6 2269
96 7 16262
96 8 15211
96 9 40141
96 10 27129
96 11 31401
96 12 24684
96 13 4600
96 14 12474
96 15 15442
96 16 11306
96 17 8815
96 18 5925
96 19 24774
96 20 39008
96 21 21871
96 22 24938
96 23 30633
96 24 34233
96 25 37013
96 26 16989
96 27 16725
96 28 18536
96 29 35163
96 30 31549
96 31 19488
96 32 33576
96 33 35799
96 34 42704
96 35 47912
96 36 30818
96 37 5820
96 38 11156
96 39 35438
96 40 14254
96 41 19489
96 42 7906
96 43 14943
96 44 10378
96 45 11879
96 46 14988
96 47 26593
96 48 20149
96 49 32110
96 50 25650
96 51 33138
96 52 11818
96 53 15471
96 54 28058
96 55 34552
96 56 29357
96 57 12006
96 58 12029
96 59 1119
96 60 5096
96 61 5209
96 62 23915
96 63 34885
96 64 33946
96 65 47472
96 66 40700
96 67 32654
96 68 30557
96 69 23412
96 70 26308
96 71 47351
96 72 22356
96 73 19985
96 74 26089
96 75 28593
96 76 27425
96 77 32320
96 78 40860
96 79 35876
96 80 33466
96 81 37552
96 82 15623
96 83 7657
96 84 7969
96 85 5763
96 86 10340
96 87 4622
96 88 21392
96 89 5951
96 90 39440
96 91 6451
96 92 1385
96 93 352
96 94 1343
96 95 1276
96 97 4683
96 98 5230
96 99 258
96 100 6319
96 101 -5853
97 1 26924
97 2 3485
97 3 35219
97 4 19516
97 5 9520
97 6 7026
97 7 22603
97 8 21838
97 9 42676
97 10 32492
97 11 37631
97 12 24217
97 13 2757
97 14 8955
97 15 8796
97 16 12447
97 17 13484
97 18 12419
97 19 31302
97 20 42922
97 21 17854
97 22 19162
97 23 24972
97 24 32874
97 25 33459
97 26 15726
97 27 19811
97 28 19692
97 29 34859
97 30 35744
97 31 24492
97 32 38641
97 33 37747
97 34 43889
97 35 50148
97 36 37507
97 37 3639
97 38 8965
97 39 30724
97 40 11667
97 41 13228
97 42 1828
97 43 9033
97 44 9001
97 45 17958
97 46 21456
97 47 33301
97 48 26820
97 49 38794
97 50 27693
97 51 36130
97 52 17146
97 53 15567
97 54 25986
97 55 31410
97 56 24330
97 57 5380
97 58 10076
97 59 2957
97 60 11758
97 61 8111
97 62 29865
97 63 40630
97 64 40344
97 65 50560
97 66 44632
97 67 27508
97 68 30348
97 69 27048
97 70 30658
97 71 50303
97 72 17604
97 73 15235
97 74 20776
97 75 23208
97 76 28428
97 77 33043
97 78 42043
97 79 36928
97 80 32912
97 81 39512
97 82 22290
97 83 14267
97 84 13469
97 85 7008
97 86 11428
97 87 -1952
97 88 27090
97 89 11043
97 90 44830
97 91 6019
97 92 -453
97 93 2968
97 94 3426
97 95 33
97 96 4011
97 98 4522
97 99 5093
97 100 4086
97 101 -3912
98 1 30284
98 2 9207
98 3 40067
98 4 25513
98 5 5915
98 6 8843
98 7 22192
98 8 18981
98 9 46547
98 10 33695
98 11 37359
98 12 29579
98 13 8059
98 14 5794
98 15 11449
98 16 6469
98 17 8195
98 18 11798
98 19 30245
98 20 45698
98 21 23848
98 22 24568
98 23 30367
98 24 38578
98 25 39458
98 26 21308
98 27 23179
98 28 24268
98 29 40224
98 30 38253
98 31 26159
98 32 40206
98 33 41985
98 34 48592
98 35 54235
98 36 34774
98 37 -46
98 38 4613
98 39 36561
98 40 17521
98 41 18131
98 42 3069
98 43 9361
98 44 3979
98 45 13864
98 46 17894
98 47 31079
98 48 25153
98 49 36864
98 50 31844
98 51 39662
98 52 18464
98 53 20538
98 54 31834
98 55 37402
98 56 30090
98 57 9789
98 58 15713
98 59 1563
98 60 9647
98 61 2385
98 62 30187
98 63 41250
98 64 39601
98 65 54046
98 66 47394
98 67 33160
98 68 35647
98 69 30035
98 70 33015
98 71 53884
98 72 23486
98 73 21137
98 74 26464
98 75 28831
98 76 33158
98 77 37931
98 78 46737
98 79 41674
98 80 38337
98 81 43750
98 82 20739
98 83 11614
98 84 9070
98 85 1115
98 86 5512
98 87 3292
98 88 27854
98 89 12659
98 90 45979
98 91 293
98 92 -453
98 93 -1486
98 94 6563
98 95 3741
98 96 4011
98 97 3975
98 99 3121
98 100 -368
98 101 143
99 1 25820
99 2 10208
99 3 36625
99 4 25010
99 5 2469
99 6 4429
99 7 17175
99 8 14934
99 9 42267
99 10 28613
99 11 32348
99 12 26885
99 13 6404
99 14 10852
99 15 15292
99 16 9076
99 17 7076
99 18 6772
99 19 25406
99 20 40915
99 21 23539
99 22 26019
99 23 31789
99 24 36386
99 25 38845
99 26 19112
99 27 18858
99 28 20772
99 29 37384
99 30 33405
99 31 21148
99 32 35151
99 33 37986
99 34 44926
99 35 50062
99 36 30701
99 37 4540
99 38 9160
99 39 36964
99 40 16168
99 41 20274
99 42 7333
99 43 14117
99 44 8349
99 45 10902
99 46 14413
99 47 26702
99 48 20504
99 49 32371
99 50 27839
99 51 35214
99 52 13440
99 53 17667
99 54 30122
99 55 36462
99 56 30766
99 57 12417
99 58 13993
99 59 193
99 60 5038
99 61 3015
99 62 25100
99 63 36154
99 64 34703
99 65 49509
99 66 42588
99 67 34042
99 68 32776
99 69 25431
99 70 28140
99 71 49417
99 72 23835
99 73 21451
99 74 27373
99 75 29858
99 76 29659
99 77 34555
99 78 43084
99 79 38105
99 80 35669
99 81 39736
99 82 16020
99 83 7381
99 84 6560
99 85 3610
99 86 8104
99 87 5119
99 88 22757
99 89 7824
99 90 40890
99 91 4423
99 92 857
99 93 -1820
99 94 3426
99 95 2418
99 96 -461
99 97 5046
99 98 3621
99 100 4716
99 101 -3624
100 1 33276
100 2 9744
100 3 42604
100 4 26553
100 5 8435
100 6 11918
100 7 25237
100 8 21460
100 9 49445
100 10 36854
100 11 40391
100 12 31799
100 13 10246
100 14 2633
100 15 9725
100 16 5660
100 17 9244
100 18 14863
100 19 33147
100 20 48793
100 21 24903
100 22 24497
100 23 30189
100 24 40475
100 25 40490
100 26 23341
100 27 26143
100 28 26898
100 29 42449
100 30 41372
100 31 29318
100 32 43369
100 33 44769
100 34 51207
100 35 57079
100 36 37174
100 37 1368
100 38 1738
100 39 37011
100 40 19230
100 41 17606
100 42 1258
100 43 6733
100 44 1411
100 45 15787
100 46 19988
100 47 33685
100 48 27944
100 49 39519
100 50 34646
100 51 42634
100 52 21626
100 53 22969
100 54 33523
100 55 38634
100 56 30430
100 57 9210
100 58 17691
100 59 4665
100 60 12525
100 61 3254
100 62 33298
100 63 44376
100 64 42534
100 65 57041
100 66 50496
100 67 33259
100 68 37918
100 69 33082
100 70 36143
100 71 56855
100 72 24112
100 73 21838
100 74 26747
100 75 28988
100 76 35743
100 77 40446
100 78 49353
100 79 44263
100 80 40511
100 81 46538
100 82 23588
100 83 14267
100 84 11029
100 85 2425
100 86 4215
100 87 3805
100 88 31002
100 89 15795
100 90 49135
100 91 -1017
100 92 2042
100 93 1352
100 94 9385
100 95 6253
100 96 7152
100 97 5591
100 98 1684
100 99 6268
100 101 2925
END
NODE_CONSUMPTION
0 1 10
0 2 7
0 3 13
0 4 19
0 5 26
0 6 3
0 7 5
0 8 9
0 9 16
0 10 16
0 11 12
0 12 19
0 13 23
0 14 20
0 15 8
0 16 19
0 17 2
0 18 12
0 19 17
0 20 9
0 21 11
0 22 18
0 23 29
0 24 3
0 25 6
0 26 17
0 27 16
0 28 16
0 29 9
0 30 21
0 31 27
0 32 23
0 33 11
0 34 14
0 35 8
0 36 5
0 37 8
0 38 16
0 39 31
0 40 9
0 41 5
0 42 5
0 43 7
0 44 18
0 45 16
0 46 1
0 47 27
0 48 36
0 49 30
0 50 13
0 51 10
0 52 9
0 53 14
0 54 18
0 55 2
0 56 6
0 57 7
0 58 18
0 59 28
0 60 3
0 61 13
0 62 19
0 63 10
0 64 9
0 65 20
0 66 25
0 67 25
0 68 36
0 69 6
0 70 5
0 71 15
0 72 25
0 73 9
0 74 8
0 75 18
0 76 13
0 77 14
0 78 3
0 79 23
0 80 6
0 81 26
0 82 16
0 83 11
0 84 7
0 85 41
0 86 35
0 87 26
0 88 9
0 89 15
0 90 3
0 91 1
0 92 2
0 93 22
0 94 27
0 95 20
0 96 11
0 97 12
0 98 10
0 99 9
0 100 17
END
