NAME : ./data/ESPPRC - Test Instances/P-n101-k4_a.simplified-vrp
SIZE : 102
DIRECTED : 1
CYCLIC : 1
ORIGIN : 0
DESTINATION : 101
RESOURCES : 1
RES_NAMES : 0
RES_TYPE
0 CAP
END
RES_BOUND
0 0 400
END
EDGE_COST
0 1 9534
0 2 10320
0 3 18518
0 4 13627
0 5 16301
0 6 8409
0 7 15207
0 8 20928
0 9 23996
0 10 18037
0 11 26506
0 12 9876
0 13 5682
0 14 23959
0 15 21493
0 16 25652
0 17 21460
0 18 8077
0 19 22672
0 20 25524
0 21 15169
0 22 22691
0 23 25973
0 24 19864
0 25 27069
0 26 4424
0 27 3673
0 28 3061
0 29 19766
0 30 18073
0 31 8247
0 32 23781
0 33 20062
0 34 26784
0 35 32088
0 36 33156
0 37 19068
0 38 25061
0 39 27501
0 40 6347
0 41 19494
0 42 18534
0 43 23953
0 44 25012
0 45 21530
0 46 20472
0 47 27209
0 48 19332
0 49 31557
0 50 9248
0 51 19155
0 52 4306
0 53 4909
0 54 15396
0 55 23901
0 56 23436
0 57 16738
0 58 6505
0 59 14541
0 60 14140
0 61 19328
0 62 17713
0 63 27212
0 64 29503
0 65 33284
0 66 26273
0 67 25372
0 68 14966
0 69 10205
0 70 15503
0 71 32791
0 72 16969
0 73 15398
0 74 22792
0 75 24498
0 76 12079
0 77 16453
0 78 24936
0 79 19933
0 80 18208
0 81 22627
0 82 17739
0 83 15500
0 84 20214
0 85 20526
0 86 24253
0 87 11970
0 88 15078
0 89 4469
0 90 30739
0 91 21153
0 92 15649
0 93 15513
0 94 8857
0 95 11895
0 96 11423
0 97 14562
0 98 19265
0 99 15093
0 100 20261
1 2 24878
1 3 10717
1 4 20829
1 5 27887
1 6 22068
1 7 15018
1 8 26254
1 9 9784
1 10 8098
1 11 19366
1 12 11519
1 13 20903
1 14 38815
1 15 36433
1 16 38947
1 17 31752
1 18 15113
1 19 18887
1 20 10393
1 21 26416
1 22 34970
1 23 36091
1 24 17649
1 25 31171
1 26 12660
1 27 9490
1 28 8736
1 29 13975
1 30 3623
1 31 1223
1 32 10662
1 33 7672
1 34 15467
1 35 18254
1 36 32278
1 37 33660
1 38 39486
1 39 35123
1 40 19188
1 41 32644
1 42 33758
1 43 39173
1 44 39220
1 45 29063
1 46 24017
1 47 26738
1 48 19689
1 49 27450
1 50 -1398
1 51 4271
1 52 8224
1 53 18876
1 54 18204
1 55 27497
1 56 33127
1 57 31622
1 58 20987
1 59 28753
1 60 24414
1 61 32121
1 62 11453
1 63 16697
1 64 21194
1 65 18354
1 66 11074
1 67 32617
1 68 11616
1 69 2511
1 70 2470
1 71 17969
1 72 28038
1 73 27413
1 74 34541
1 75 35546
1 76 7057
1 77 10171
1 78 14096
1 79 10410
1 80 16322
1 81 9907
1 82 20492
1 83 23952
1 84 30869
1 85 34301
1 86 37168
1 87 27200
1 88 11140
1 89 15987
1 90 19081
1 91 35240
1 92 30279
1 93 29236
1 94 23442
1 95 26711
1 96 25228
1 97 29606
1 98 33614
1 99 28745
1 100 34820
1 101 6855
2 1 26860
2 3 30566
2 4 8851
2 5 19539
2 6 13630
2 7 30243
2 8 30748
2 9 39404
2 10 35832
2 11 43254
2 12 18307
2 13 3936
2 14 13133
2 15 4079
2 16 21676
2 17 23742
2 18 19725
2 19 38080
2 20 42932
2 21 7581
2 22 7972
2 23 13241
2 24 24850
2 25 23678
2 26 9645
2 27 21673
2 28 17617
2 29 28221
2 30 35868
2 31 26011
2 32 41781
2 33 34660
2 34 39143
2 35 46621
2 36 45959
2 37 13152
2 38 14946
2 39 19025
2 40 4601
2 41 2839
2 42 5122
2 43 8216
2 44 17309
2 45 28180
2 46 30281
2 47 40438
2 48 32869
2 49 46294
2 50 24588
2 51 35553
2 52 20195
2 53 14579
2 54 17652
2 55 22074
2 56 12912
2 57 -626
2 58 6505
2 59 12389
2 60 20871
2 61 17875
2 62 34668
2 63 44896
2 64 46230
2 65 49149
2 66 43499
2 67 15685
2 68 24002
2 69 28106
2 70 33459
2 71 48673
2 72 6539
2 73 4273
2 74 9900
2 75 11945
2 76 25080
2 77 28378
2 78 37472
2 79 32392
2 80 26113
2 81 37100
2 82 30471
2 83 23405
2 84 23668
2 85 17151
2 86 19914
2 87 656
2 88 31982
2 89 15594
2 90 48650
2 91 15641
2 92 11192
2 93 13650
2 94 10269
2 95 9236
2 96 12560
2 97 8127
2 98 14497
2 99 15093
2 100 13248
2 101 9623
3 1 8862
3 2 26729
3 4 13627
3 5 38405
3 6 30770
3 7 29349
3 8 39723
3 9 6980
3 10 21697
3 11 33276
3 12 6056
3 13 26518
3 14 45094
3 15 38249
3 16 47975
3 17 43248
3 18 27621
3 19 33376
3 20 16262
3 21 24067
3 22 32166
3 23 29917
3 24 4006
3 25 20454
3 26 11272
3 27 19289
3 28 12861
3 29 -580
3 30 13791
3 31 15783
3 32 21022
3 33 2583
3 34 4870
3 35 12592
3 36 46838
3 37 40867
3 38 46666
3 39 26907
3 40 20167
3 41 30794
3 42 38316
3 43 42579
3 44 46946
3 45 41872
3 46 38089
3 47 41274
3 48 34108
3 49 41754
3 50 523
3 51 6547
3 52 21063
3 53 23241
3 54 8717
3 55 16847
3 56 27291
3 57 33767
3 58 24320
3 59 36699
3 60 35672
3 61 41687
3 62 25833
3 63 29162
3 64 34209
3 65 16111
3 66 14412
3 67 23270
3 68 -329
3 69 16150
3 70 15503
3 71 16217
3 72 24580
3 73 25356
3 74 31437
3 75 31238
3 76 3135
3 77 -417
3 78 3092
3 79 -2015
3 80 5175
3 81 4041
3 82 34465
3 83 36178
3 84 42057
3 85 42781
3 86 46604
3 87 31769
3 88 25676
3 89 26145
3 90 31048
3 91 43248
3 92 37488
3 93 37809
3 94 30947
3 95 33649
3 96 33749
3 97 35776
3 98 41272
3 99 37425
3 100 42023
3 101 13984
4 1 26504
4 2 12544
4 3 21157
4 5 36916
4 6 28852
4 7 40092
4 8 45216
4 9 31980
4 10 39712
4 11 49974
4 12 10687
4 13 19997
4 14 33174
4 15 20234
4 16 41497
4 17 42036
4 18 32577
4 19 47225
4 20 39999
4 21 7141
4 22 9907
4 23 4917
4 24 7892
4 25 3528
4 26 7386
4 27 26957
4 28 18759
4 29 13703
4 30 35298
4 31 30783
4 32 42705
4 33 27365
4 34 27129
4 35 36757
4 36 58156
4 37 32855
4 38 34837
4 39 2964
4 40 10978
4 41 9017
4 42 25055
4 43 26012
4 44 37529
4 45 44577
4 46 44946
4 47 52207
4 48 44331
4 49 56218
4 50 20437
4 51 30700
4 52 29227
4 53 21532
4 54 1812
4 55 1982
4 56 2476
4 57 17895
4 58 17375
4 59 30971
4 60 36609
4 61 37019
4 62 41259
4 63 48720
4 64 52619
4 65 40782
4 66 39115
4 67 718
4 68 12614
4 69 30489
4 70 34657
4 71 41172
4 72 3441
4 73 6675
4 74 9597
4 75 7530
4 76 19231
4 77 19842
4 78 26430
4 79 22450
4 80 14142
4 81 29041
4 82 42675
4 83 38790
4 84 41237
4 85 36555
4 86 39937
4 87 20659
4 88 39029
4 89 28119
4 90 51263
4 91 35553
4 92 30325
4 93 32481
4 94 26648
4 95 27294
4 96 29893
4 97 27374
4 98 34019
4 99 33111
4 100 33273
4 101 16623
5 1 26504
5 2 16174
5 3 38877
5 4 29858
5 6 7229
5 7 14610
5 8 8607
5 9 41980
5 10 26083
5 11 28320
5 12 30231
5 13 10313
5 14 11943
5 15 20234
5 16 7677
5 17 1046
5 18 3446
5 19 20656
5 20 39999
5 21 28764
5 22 31821
5 23 37087
5 24 40113
5 25 44518
5 26 23244
5 27 21034
5 28 23662
5 29 40381
5 30 31629
5 31 17986
5 32 33610
5 33 39212
5 34 46630
5 35 50456
5 36 24452
5 37 9035
5 38 9561
5 39 41996
5 40 20662
5 41 26100
5 42 13164
5 43 17937
5 44 9614
5 45 4417
5 46 7208
5 47 19930
5 48 13620
5 49 26676
5 50 28512
5 51 36274
5 52 10684
5 53 22460
5 54 34604
5 55 41946
5 56 36278
5 57 18302
5 58 18828
5 59 5222
5 60 584
5 61 541
5 62 21629
5 63 33088
5 64 29984
5 65 49822
5 66 40594
5 67 39206
5 68 35564
5 69 25842
5 70 28467
5 71 49769
5 72 29425
5 73 27053
5 74 33550
5 75 35662
5 76 32483
5 77 36917
5 78 44862
5 79 40074
5 80 38706
5 81 41689
5 82 11415
5 83 1476
5 84 6
5 85 5566
5 86 5177
5 87 11277
5 88 20440
5 89 7552
5 90 38801
5 91 6541
5 92 7894
5 93 1973
5 94 8217
5 95 8691
5 96 3775
5 97 10811
5 98 7854
5 99 4003
5 100 8588
5 101 12239
6 1 19141
6 2 8721
6 3 29698
6 4 20250
6 5 5685
6 7 14610
6 8 14528
6 9 34406
6 10 22956
6 11 28320
6 12 20371
6 13 1573
6 14 14304
6 15 16574
6 16 14525
6 17 11046
6 18 3446
6 19 22279
6 20 34212
6 21 19502
6 22 24049
6 23 28968
6 24 30175
6 25 34759
6 26 13244
6 27 12815
6 28 14200
6 29 30737
6 30 26119
6 31 13587
6 32 30043
6 33 30912
6 34 37898
6 35 42713
6 36 29558
6 37 9035
6 38 14651
6 39 32887
6 40 10978
6 41 19233
6 42 11067
6 43 16851
6 44 14382
6 45 12991
6 46 14210
6 47 24068
6 48 16589
6 49 30110
6 50 20080
6 51 29107
6 52 6145
6 53 12479
6 54 24608
6 55 32077
6 56 27517
6 57 12856
6 58 9155
6 59 3948
6 60 5056
6 61 8151
6 62 20236
6 63 31335
6 64 31036
6 65 43170
6 66 35020
6 67 30386
6 68 25868
6 69 18848
6 70 23044
6 71 42809
6 72 20574
6 73 18295
6 74 25214
6 75 27323
6 76 23260
6 77 27626
6 78 36062
6 79 31094
6 80 28893
6 81 33460
6 82 14138
6 83 7443
6 84 9919
6 85 9546
6 86 13085
6 87 5954
6 88 17866
6 89 568
6 90 35973
6 91 10407
6 92 5808
6 93 4485
6 94 -23
6 95 3029
6 96 402
6 97 6357
6 98 8822
6 99 4003
6 100 10111
6 101 2803
7 1 15326
7 2 28569
7 3 31512
7 4 34725
7 5 16301
7 6 17845
7 8 6886
7 9 28381
7 10 6684
7 11 7965
7 12 28417
7 13 21428
7 14 32254
7 15 37177
7 16 28120
7 17 16046
7 18 2266
7 19 1836
7 20 23056
7 21 36192
7 22 42935
7 23 46926
7 24 37298
7 25 47611
7 26 25260
7 27 16701
7 28 21434
7 29 34654
7 30 14939
7 31 1963
7 32 13988
7 33 28364
7 34 36005
7 35 36592
7 36 12347
7 37 27855
7 38 30069
7 39 48702
7 40 27183
7 41 38933
7 42 31249
7 43 36873
7 44 30230
7 45 10814
7 46 3115
7 47 6420
7 48 -1191
7 49 10429
7 50 19443
7 51 22312
7 52 2891
7 53 25932
7 54 35136
7 55 44212
7 56 44559
7 57 33393
7 58 26294
7 59 22756
7 60 12391
7 61 21036
7 62 1162
7 63 12532
7 64 10443
7 65 33284
7 66 22790
7 67 46578
7 68 31231
7 69 15302
7 70 12436
7 71 34276
7 72 37914
7 73 36077
7 74 43417
7 75 45313
7 76 26510
7 77 30489
7 78 34921
7 79 31433
7 80 35388
7 81 30269
7 82 246
7 83 8723
7 84 16907
7 85 25788
7 86 24675
7 87 26570
7 88 2168
7 89 11624
7 90 18738
7 91 26942
7 92 25335
7 93 21342
7 94 20585
7 95 23505
7 96 19246
7 97 26785
7 98 27022
7 99 21600
7 100 28281
7 101 12836
8 1 25877
8 2 28389
8 3 41201
8 4 39164
8 5 9613
8 6 17078
8 7 6201
8 9 40084
8 10 18791
8 11 17131
8 12 35668
8 13 21409
8 14 25320
8 15 34021
8 16 19497
8 17 4974
8 18 2706
8 19 8376
8 20 35241
8 21 39022
8 22 43869
8 23 48815
8 24 45443
8 25 53143
8 26 30580
8 27 23852
8 28 28311
8 29 43942
8 30 27060
8 31 13630
8 32 25850
8 33 39235
8 34 47022
8 35 48436
8 36 10544
8 37 22935
8 38 20963
8 39 52360
8 40 30153
8 41 38798
8 42 27054
8 43 31836
8 44 22139
8 45 -1222
8 46 -5562
8 47 6157
8 48 1016
8 49 12943
8 50 29493
8 51 34014
8 52 9992
8 53 29984
8 54 41633
8 55 50086
8 56 47239
8 57 31556
8 58 28514
8 59 18691
8 60 7514
8 61 12938
8 62 12736
8 63 23348
8 64 17350
8 65 45483
8 66 34980
8 67 50014
8 68 39762
8 69 25334
8 70 24375
8 71 46365
8 72 40301
8 73 38075
8 74 45056
8 75 47161
8 76 35440
8 77 39755
8 78 45660
8 79 41644
8 80 43503
8 81 41366
8 82 818
8 83 1616
8 84 7925
8 85 19344
8 86 14608
8 87 24391
8 88 14201
8 89 13358
8 90 30380
8 91 20056
8 92 21451
8 93 15881
8 94 19442
8 95 21236
8 96 16159
8 97 23984
8 98 21775
8 99 17323
8 100 22468
8 101 17872
9 1 12106
9 2 39744
9 3 11157
9 4 28627
9 5 45685
9 6 39655
9 7 30395
9 8 42783
9 10 17542
9 11 28320
9 12 20371
9 13 37514
9 14 55974
9 15 51494
9 16 56705
9 17 49356
9 18 32577
9 19 30656
9 20 5081
9 21 38372
9 22 46755
9 23 44917
9 24 16790
9 25 34759
9 26 24867
9 27 26957
9 28 23662
9 29 10058
9 30 7578
9 31 16081
9 32 11713
9 33 3549
9 34 1908
9 35 485
9 36 44756
9 37 51006
9 38 56965
9 39 41790
9 40 33246
9 41 45203
9 42 50179
9 43 55145
9 44 56777
9 45 46087
9 46 39346
9 47 40174
9 48 34284
9 49 37274
9 50 7541
9 51 -1446
9 52 25749
9 53 34569
9 54 23656
9 55 31293
9 56 42272
9 57 46769
9 58 36399
9 59 46255
9 60 42155
9 61 49913
9 62 23282
9 63 21695
9 64 26447
9 65 1739
9 66 94
9 67 37803
9 68 14612
9 69 20243
9 70 12847
9 71 1376
9 72 39218
9 73 39658
9 74 46049
9 75 46079
9 76 15401
9 77 13872
9 78 3872
9 79 6545
9 80 20135
9 81 1041
9 82 36474
9 83 41416
9 84 48580
9 85 51956
9 86 54966
9 87 43515
9 88 25926
9 89 33757
9 90 23490
9 91 52821
9 92 47593
9 93 46889
9 94 40747
9 95 43890
9 96 42828
9 97 46561
9 98 51080
9 99 46395
9 100 52192
9 101 23639
10 1 9858
10 2 35610
10 3 25312
10 4 35797
10 5 29226
10 6 27643
10 7 8136
10 8 20928
10 9 16980
10 11 4145
10 12 26892
10 13 29502
10 14 44145
10 15 46079
10 16 41218
10 17 30097
10 18 14627
10 19 5656
10 20 9712
10 21 39861
10 22 47967
10 23 50332
10 24 32876
10 25 46679
10 26 26785
10 27 19289
10 28 22231
10 29 28404
10 30 2578
10 31 -1155
10 32 77
10 33 19655
10 34 26083
10 35 24428
10 36 19756
10 37 39086
10 38 43050
10 39 50134
10 40 31568
10 41 44974
10 42 41413
10 43 47205
10 44 42891
10 45 24933
10 46 15467
10 47 15365
10 48 10317
10 49 12923
10 50 13678
10 51 11334
10 52 10255
10 53 30270
10 54 33702
10 55 43016
10 56 47456
10 57 41585
10 58 31975
10 59 33845
10 60 25181
10 61 34082
10 62 -1457
10 63 1771
10 64 5656
10 65 19589
10 66 8798
10 67 47796
10 68 27010
10 69 12804
10 70 2470
10 71 21290
10 72 41667
10 73 40495
10 74 47844
10 75 49268
10 76 22600
10 77 25356
10 78 25888
10 79 23926
10 80 31826
10 81 20751
10 82 14264
10 83 22423
10 84 30553
10 85 38001
10 86 38294
10 87 35633
10 88 4787
10 89 20787
10 90 5561
10 91 39199
10 92 36097
10 93 33212
10 94 30057
10 95 33375
10 96 30115
10 97 36676
10 98 38527
10 99 33040
10 100 39900
10 101 17118
11 1 20703
11 2 42609
11 3 36468
11 4 45636
11 5 31040
11 6 32584
11 7 8994
11 8 18845
11 9 27335
11 10 3722
11 12 37302
11 13 35733
11 14 47170
11 15 51907
11 16 42595
11 17 29125
11 18 17266
11 19 -2273
11 20 18901
11 21 48619
11 22 56180
11 23 59379
11 24 43947
11 25 57168
11 26 36256
11 27 27828
11 28 31736
11 29 39582
11 30 13194
11 31 7812
11 32 5305
11 33 30771
11 34 36826
11 35 34051
11 36 10438
11 37 42855
11 38 44482
11 39 59930
11 40 39888
11 41 52664
11 42 46190
11 43 51850
11 44 44910
11 45 22789
11 46 9763
11 47 8004
11 48 6294
11 49 1943
11 50 24727
11 51 22062
11 52 16079
11 53 38450
11 54 44216
11 55 53546
11 56 56664
11 57 47885
11 58 39604
11 59 37749
11 60 27257
11 61 35606
11 62 280
11 63 346
11 64 -4016
11 65 27035
11 66 15859
11 67 57726
11 68 37995
11 69 22798
11 70 13643
11 71 30251
11 72 50443
11 73 48939
11 74 56333
11 75 58007
11 76 33441
11 77 36416
11 78 36884
11 79 35098
11 80 42720
11 81 31729
11 82 13097
11 83 23041
11 84 31054
11 85 40690
11 86 38547
11 87 41261
11 88 10161
11 89 26063
11 90 9670
11 91 41812
11 92 40310
11 93 36314
11 94 35286
11 95 38333
11 96 34212
11 97 41640
11 98 42016
11 99 36600
11 100 43262
11 101 25164
12 1 10945
12 2 15751
12 3 7337
12 4 4438
12 5 31040
12 6 22724
12 7 27535
12 8 35471
12 9 17475
12 10 24558
12 11 35391
12 13 16863
12 14 34955
12 15 27135
12 16 39217
12 17 36323
12 18 22680
12 19 33668
12 20 24315
12 21 12952
12 22 21260
12 23 20331
12 24 4864
12 25 14741
12 26 315
12 27 14484
12 28 5956
12 29 5585
12 30 19504
12 31 16278
12 32 26943
12 33 12566
12 34 15728
12 35 23747
12 36 45876
12 37 31396
12 38 36718
12 39 18610
12 40 9309
12 41 19752
12 42 27752
12 43 31646
12 44 37416
12 45 36477
12 46 34733
12 47 39961
12 48 32248
12 49 42625
12 50 4646
12 51 15251
12 52 17344
12 53 14038
12 54 1812
12 55 11130
12 56 17425
12 57 22749
12 58 14093
12 59 27753
12 60 29127
12 61 33393
12 62 26931
12 63 33333
12 64 37656
12 65 27035
12 66 23789
12 67 15991
12 68 799
12 69 15731
12 70 19106
12 71 26864
12 72 13732
12 73 14247
12 74 20556
12 75 20734
12 76 3498
12 77 5299
12 78 14120
12 79 9144
12 80 3438
12 81 14688
12 82 31415
12 83 30461
12 84 35088
12 85 33905
12 86 37939
12 87 21388
12 88 25254
12 89 19469
12 90 35706
12 91 34025
12 92 28135
12 93 29103
12 94 22113
12 95 24342
12 96 25279
12 97 26010
12 98 32020
12 99 28921
12 100 32454
12 101 6623
13 1 20703
13 2 1754
13 3 28173
13 4 14122
13 5 11496
13 6 4300
13 7 20920
13 8 21586
13 9 34992
13 10 27542
13 11 34196
13 12 17237
13 14 13156
13 15 11079
13 16 17113
13 17 16541
13 18 10294
13 19 28735
13 20 36621
13 21 12952
13 22 16978
13 23 21933
13 24 26265
13 25 28883
13 26 9055
13 27 14484
13 28 13015
13 29 27946
13 30 28979
13 31 17802
13 32 34064
13 33 30771
13 34 36826
13 35 42907
13 36 36578
13 37 9035
13 38 14651
13 39 26226
13 40 5167
13 41 12265
13 42 7357
13 43 12864
13 44 15076
13 45 19670
13 46 21239
13 47 31017
13 48 23435
13 49 36869
13 50 20080
13 51 30308
13 52 11240
13 53 9657
13 54 19887
13 55 26499
13 56 20650
13 57 6696
13 58 3533
13 59 5792
13 60 11923
13 61 11861
13 62 25759
13 63 36386
13 64 37104
13 65 44411
13 66 37400
13 67 23568
13 68 23118
13 69 21126
13 70 26188
13 71 43904
13 72 13732
13 73 11398
13 74 18195
13 75 20314
13 76 21922
13 77 25961
13 78 34982
13 79 29847
13 80 25749
13 81 33329
13 82 21042
13 83 14405
13 84 15808
13 85 11822
13 86 15824
13 87 865
13 88 23138
13 89 6239
13 90 40502
13 91 11696
13 92 5808
13 93 7307
13 94 1287
13 95 2128
13 96 4405
13 97 3760
13 98 9710
13 99 7650
13 100 10111
13 101 2803
14 1 41174
14 2 13510
14 3 49308
14 4 29858
14 5 15685
14 6 19590
14 7 34305
14 8 28056
14 9 56011
14 10 44744
14 11 48192
14 12 37888
14 13 15715
14 15 6890
14 16 7677
14 17 13407
14 18 22680
14 19 40656
14 20 56551
14 21 28764
14 22 25765
14 23 30228
14 24 45766
14 25 44518
14 26 29300
14 27 34729
14 28 34219
14 29 48456
14 30 48480
14 31 35727
14 32 52079
14 33 51942
14 34 57996
14 35 64051
14 36 43418
14 37 9035
14 38 -6185
14 39 38574
14 40 24322
14 41 17798
14 42 2259
14 43 407
14 44 -1221
14 45 21786
14 46 25166
14 47 39534
14 48 33577
14 49 46319
14 50 41195
14 51 51051
14 52 28106
14 53 30851
14 54 38690
14 55 43167
14 56 32283
14 57 10660
14 58 23851
14 59 11969
14 60 20195
14 61 8151
14 62 41054
14 63 52492
14 64 49984
14 65 65195
14 66 57365
14 67 33749
14 68 43808
14 69 41085
14 70 45398
14 71 64740
14 72 27055
14 73 25106
14 74 29340
14 75 30728
14 76 43117
14 77 47084
14 78 56162
14 79 51018
14 80 46205
14 81 54505
14 82 31415
14 83 21424
14 84 17261
14 85 9546
14 86 2499
14 87 8849
14 88 39260
14 89 22782
14 90 57693
14 91 4541
14 92 11156
14 93 9583
14 94 17063
14 95 14234
14 96 14544
14 97 12223
14 98 9710
14 99 14363
14 100 4763
14 101 23639
15 1 39656
15 2 5320
15 3 43327
15 4 17782
15 5 24840
15 6 22724
15 7 40092
15 8 37621
15 9 52395
15 10 47542
15 11 53793
15 12 30932
15 13 14502
15 14 7754
15 16 21497
15 17 26401
15 18 28667
15 19 47665
15 20 55748
15 21 18354
15 22 11576
15 23 14917
15 24 35962
15 25 31607
15 26 22399
15 27 34028
15 28 30574
15 29 40182
15 30 48480
15 31 37794
15 32 53976
15 33 47629
15 34 51761
15 35 59527
15 36 53473
15 37 15883
15 38 7635
15 39 24336
15 40 17528
15 41 2798
15 42 2259
15 43 -2943
15 44 14146
15 45 33179
15 46 36317
15 47 48547
15 48 41509
15 49 55042
15 50 37587
15 51 48532
15 52 31110
15 53 27363
15 54 28717
15 55 31028
15 56 18272
15 57 823
15 58 19290
15 59 17761
15 60 27892
15 61 20006
15 62 45557
15 63 56354
15 64 56530
15 65 62145
15 66 56381
15 67 18509
15 68 36390
15 69 40618
15 70 45886
15 71 61672
15 72 14745
15 73 13712
15 74 16084
15 75 16638
15 76 38020
15 77 41173
15 78 50175
15 79 45153
15 80 38344
15 81 50050
15 82 39013
15 83 30182
15 84 28085
15 85 19527
15 86 17967
15 87 6738
15 88 43013
15 89 25734
15 90 60498
15 91 16059
15 92 16052
15 93 17737
15 94 19176
15 95 16676
15 96 19568
15 97 14120
15 98 17421
15 99 20859
15 100 13911
15 101 22037
16 1 36752
16 2 17499
16 3 47635
16 4 33627
16 5 6865
16 6 15257
16 7 25617
16 8 17679
16 9 52188
16 10 37263
16 11 39063
16 12 37596
16 13 15118
16 14 3123
16 15 16079
16 17 2226
16 18 14627
16 19 30967
16 20 50910
16 21 32141
16 22 32166
16 23 37351
16 24 46873
16 25 48528
16 26 29645
16 27 30689
16 28 32091
16 29 48243
16 30 42578
16 31 29058
16 32 44790
16 33 48903
16 34 55920
16 35 60578
16 36 32548
16 37 7855
16 38 -1554
16 39 44166
16 40 25581
16 41 25172
16 42 9164
16 43 11178
16 44 -795
16 45 10814
16 46 14124
16 47 29060
16 48 23669
16 49 35791
16 50 38081
16 51 46681
16 52 21593
16 53 29592
16 54 40446
16 55 46523
16 56 37968
16 57 16952
16 58 24133
16 59 8442
16 60 11764
16 61 -1695
16 62 32715
16 63 44149
16 64 40203
16 65 60510
16 66 51579
16 67 40450
16 68 43357
16 69 36223
16 70 39408
16 71 60309
16 72 31713
16 73 29405
16 74 34869
16 75 36738
16 76 41204
16 77 45520
16 78 54080
16 79 49087
16 80 46154
16 81 51441
16 82 21874
16 83 11869
16 84 6928
16 85 3829
16 86 -4777
16 87 11696
16 88 31620
16 89 17401
16 90 49968
16 91 640
16 92 9430
16 93 4209
16 94 14279
16 95 12553
16 96 10051
16 97 12390
16 98 7060
16 99 9262
16 100 4465
16 101 20778
17 1 35008
17 2 25016
17 3 48359
17 4 39617
17 5 5685
17 6 17229
17 7 18994
17 8 8607
17 9 50290
17 10 31593
17 11 31044
17 12 40153
17 13 19997
17 14 14304
17 15 26434
17 16 7677
17 18 10294
17 19 22279
17 20 47052
17 21 38372
17 22 40486
17 23 45819
17 24 50072
17 25 54356
17 26 33244
17 27 30296
17 28 33410
17 29 50141
17 30 38676
17 31 24842
17 32 38985
17 33 48105
17 34 55728
17 35 58793
17 36 21906
17 37 15883
17 38 7635
17 39 51401
17 40 30522
17 41 34198
17 42 19212
17 43 22227
17 44 10210
17 45 437
17 46 3252
17 47 19177
17 48 14938
17 49 25638
17 50 37587
17 51 44383
17 52 18546
17 53 32453
17 54 44602
17 55 51859
17 56 45494
17 57 25993
17 58 28707
17 59 13825
17 60 8761
17 61 3053
17 62 26056
17 63 37061
17 64 31036
17 65 57232
17 66 47298
17 67 48360
17 68 45376
17 69 34274
17 70 35639
17 71 57535
17 72 38769
17 73 36383
17 74 42580
17 75 44640
17 76 42034
17 77 46484
17 78 54038
17 79 49406
17 80 48591
17 81 50503
17 82 14138
17 83 5807
17 84 1966
17 85 11105
17 86 940
17 87 19527
17 88 26257
17 89 17056
17 90 43712
17 91 10407
17 92 16052
17 93 9583
17 94 18028
17 95 17910
17 96 13422
17 97 19289
17 98 14648
17 99 13124
17 100 13911
17 101 22037
18 1 17149
18 2 19779
18 3 31512
18 4 28938
18 5 6865
18 6 8409
18 7 3994
18 8 5119
18 9 32291
18 10 14903
18 11 17965
18 12 25290
18 13 12530
18 14 22357
18 15 27480
18 16 18858
18 17 9074
18 19 11272
18 20 29256
18 21 29157
18 22 34816
18 23 39414
18 24 35141
18 25 42772
18 26 20170
18 27 13673
18 28 17949
18 29 33978
18 30 20862
18 31 7062
18 32 22431
18 33 30417
18 34 38162
18 35 40790
18 36 18663
18 37 17855
18 38 20714
18 39 42356
18 40 20167
18 41 30293
18 42 21323
18 43 26898
18 44 20636
18 45 6517
18 46 4702
18 47 13004
18 48 5421
18 49 18930
18 50 20170
18 51 26361
18 52 608
18 53 19672
18 54 31193
18 55 39677
18 56 37508
18 57 24006
18 58 18710
18 59 12768
18 60 2820
18 61 11722
18 62 10657
18 63 22117
18 64 20320
18 65 39327
18 66 29708
18 67 40109
18 68 29602
18 69 16424
18 70 17753
18 71 39530
18 72 30622
18 73 28515
18 74 35678
18 75 37725
18 76 25496
18 77 29891
18 78 36592
18 79 32234
18 80 33238
18 81 32737
18 82 3017
18 83 1113
18 84 8611
18 85 15943
18 86 16101
18 87 16994
18 88 9259
18 89 3279
18 90 27645
18 91 17128
18 92 15375
18 93 11390
18 94 11133
18 95 13792
18 96 9312
18 97 17004
18 98 17031
18 99 11600
18 100 18310
18 101 7434
19 1 22533
19 2 39744
19 3 38877
19 4 45196
19 5 25685
19 6 28852
19 7 5174
19 8 12399
19 9 31980
19 10 7542
19 11 36
19 12 37888
19 13 32581
19 14 41943
19 15 48088
19 16 36808
19 17 22669
19 18 12882
19 20 24315
19 21 47141
19 22 54075
19 23 57924
19 24 45766
19 25 57559
19 26 35670
19 27 26957
19 28 31449
19 29 42135
19 30 17578
19 31 8672
19 32 11713
19 33 34136
19 34 40977
19 35 39311
19 36 4756
19 37 38166
19 38 38537
19 39 59325
19 40 38179
19 41 50113
19 42 41875
19 43 47336
19 44 39296
19 45 16145
19 46 2696
19 47 1066
19 48 -225
19 49 -333
19 50 26817
19 51 26288
19 52 13801
19 53 36838
19 54 44794
19 55 54043
19 56 55451
19 57 44465
19 58 37412
19 59 33234
19 60 22189
19 61 29958
19 62 1438
19 63 7284
19 64 -16
19 65 33334
19 66 22177
19 67 57199
19 68 39653
19 69 23593
19 70 16769
19 71 35885
19 72 48903
19 73 47138
19 74 54498
19 75 56354
19 76 34898
19 77 38384
19 78 40562
19 79 38060
19 80 44124
19 81 35488
19 82 7415
19 83 17427
19 84 25158
19 85 35517
19 86 32315
19 87 37551
19 88 9444
19 89 22782
19 90 15954
19 91 36541
19 92 35903
19 93 31390
19 94 31600
19 95 34392
19 96 29893
19 97 37619
19 98 37210
19 99 31966
19 100 38326
19 101 23639
20 1 10794
20 2 41351
20 3 18518
20 4 34725
20 5 41783
20 6 37540
20 7 23149
20 8 36019
20 9 3160
20 10 8353
20 11 17965
20 12 25290
20 13 37222
20 14 54593
20 15 52926
20 16 53506
20 17 44197
20 18 27621
20 19 21070
20 21 42141
20 22 50765
20 23 50745
20 24 25920
20 25 42772
20 26 28244
20 27 25599
20 28 25020
20 29 19766
20 30 -351
20 31 9888
20 32 551
20 33 10567
20 34 13089
20 35 9051
20 36 35046
20 37 49333
20 38 54746
20 39 48612
20 40 35478
20 41 48710
20 42 50048
20 43 55565
20 44 54416
20 45 39809
20 46 31243
20 47 31083
20 48 26069
20 49 26740
20 50 10388
20 51 291
20 52 21417
20 53 35365
20 54 30539
20 55 39133
20 56 47830
20 57 48114
20 58 37475
20 59 44245
20 60 37885
20 61 46464
20 62 14354
20 63 10723
20 64 15295
20 65 4163
20 66 -5280
20 67 45415
20 68 21819
20 69 17737
20 70 6450
20 71 5499
20 72 43538
20 73 43283
20 74 50205
20 75 50861
20 76 19772
20 77 20164
20 78 14488
20 79 15188
20 80 27196
20 81 9907
20 82 29401
20 83 36178
20 84 43966
20 85 49369
20 86 51268
20 87 43565
20 88 18865
20 89 30980
20 90 12632
20 91 50459
20 92 46029
20 93 44357
20 94 39300
20 95 42647
20 96 40577
20 97 45689
20 98 49113
20 99 43925
20 100 50422
20 101 23246
21 1 23577
21 2 2760
21 3 23083
21 4 -1373
21 5 27308
21 6 19590
21 7 33045
21 8 36560
21 9 33211
21 10 35262
21 11 44443
21 12 10687
21 13 10313
21 14 23566
21 15 12292
21 16 31497
21 17 32277
21 18 24282
21 19 40656
21 20 38901
21 22 5765
21 23 7945
21 24 14864
21 25 13528
21 26 3244
21 27 21034
21 28 14200
21 29 19002
21 30 32889
21 31 25711
21 32 39791
21 33 28288
21 34 31039
21 35 39517
21 36 50484
21 37 22855
21 38 25355
21 39 10530
21 40 2238
21 41 3974
21 42 15511
21 43 17580
21 44 27647
21 45 35328
21 46 36317
21 47 44628
21 48 36784
21 49 49472
21 50 19351
21 51 30439
21 52 22198
21 53 14038
21 54 7592
21 55 11686
21 56 5544
21 57 8807
21 58 8267
21 59 21068
21 60 27417
21 61 27075
21 62 35635
21 63 44486
21 64 47397
21 65 42835
21 66 38927
21 67 8136
21 68 15542
21 69 26199
21 70 31286
21 71 42607
21 72 -1031
21 73 -1565
21 74 5266
21 75 6562
21 76 18788
21 77 21107
21 78 29649
21 79 24842
21 80 17361
21 81 30481
21 82 34776
21 83 29760
21 84 31618
21 85 26573
21 86 29947
21 87 10702
21 88 33059
21 89 19676
21 90 47531
21 91 25558
21 92 20351
21 93 22560
21 94 17063
21 95 17425
21 96 20201
21 97 17382
21 98 24024
21 99 23310
21 100 23293
21 101 9651
22 1 33507
22 2 4527
22 3 32558
22 4 2769
22 5 31741
22 6 25513
22 7 41164
22 8 42783
22 9 42970
22 10 44744
22 11 53380
22 12 20371
22 13 15715
22 14 21943
22 15 6890
22 16 32898
22 17 35767
22 18 31317
22 19 48966
22 20 48901
22 21 7141
22 23 1097
22 24 21880
22 25 15889
22 26 13244
22 27 30296
22 28 24031
22 29 27149
22 30 42827
22 31 35055
22 32 49622
22 33 38058
22 34 39972
22 35 48922
22 36 57703
22 37 24781
22 38 22946
22 39 8663
22 40 10978
22 41 -5125
22 42 14134
22 43 12864
22 44 27356
22 45 40385
22 46 42389
22 47 52038
22 48 44331
22 49 57518
22 50 29331
22 51 40395
22 52 30582
22 53 22909
22 54 15064
22 55 15642
22 56 2476
22 57 6696
22 58 15808
22 59 24522
22 60 32990
22 61 29680
22 62 44611
22 63 53969
22 64 56394
22 65 52477
22 66 48903
22 67 4070
22 68 24604
22 69 35894
22 70 41098
22 71 52358
22 72 822
22 73 2344
22 74 1357
22 75 836
22 76 28676
22 77 30711
22 78 38816
22 79 34229
22 80 26268
22 81 40163
22 82 42049
22 83 35515
22 84 35845
22 85 28889
22 86 30671
22 87 12373
22 88 41941
22 89 26870
22 90 57184
22 91 26862
22 92 23206
22 93 25679
22 94 22310
22 95 21442
22 96 24760
22 97 20182
22 98 26236
22 99 27282
22 100 24379
22 101 18549
23 1 40476
23 2 15644
23 3 36157
23 4 3627
23 5 42855
23 6 36280
23 7 51003
23 8 53577
23 9 46980
23 10 52957
23 11 62427
23 12 25290
23 13 26518
23 14 32254
23 15 16079
23 16 43931
23 17 46948
23 18 41763
23 19 58663
23 20 54729
23 21 15169
23 22 6945
23 24 21487
23 25 11556
23 26 20170
23 27 38984
23 28 31664
23 29 28012
23 30 49587
23 31 43556
23 32 56833
23 33 42346
23 34 41718
23 35 51582
23 36 68137
23 37 35934
23 38 32635
23 39 2132
23 40 20167
23 41 3785
23 42 24819
23 43 21839
23 44 38033
23 45 51451
23 46 53254
23 47 62358
23 48 54561
23 49 67437
23 50 35032
23 51 45568
23 52 40194
23 53 32060
23 54 16675
23 55 13136
23 56 1510
23 57 17585
23 58 25770
23 59 35686
23 60 43914
23 61 40844
23 62 53618
23 63 62141
23 64 65349
23 65 55693
23 66 54040
23 67 -6491
23 68 27603
23 69 43734
23 70 48491
23 71 56162
23 72 8098
23 73 11552
23 74 10237
23 75 5198
23 76 33910
23 77 34808
23 78 41253
23 79 37425
23 80 29129
23 81 44041
23 82 52415
23 83 46415
23 84 46991
23 85 40048
23 86 41529
23 87 23552
23 88 51070
23 89 37194
23 90 64973
23 91 37920
23 92 34385
23 93 36858
23 94 33216
23 95 32540
23 96 35820
23 97 31357
23 98 37400
23 99 38417
23 100 35436
23 101 27679
24 1 22087
24 2 27306
24 3 10299
24 4 6655
24 5 45934
24 6 37540
24 7 41428
24 8 50258
24 9 18906
24 10 35554
24 11 47048
24 12 9876
24 13 30903
24 14 47845
24 15 37177
24 16 53506
24 17 51254
24 18 37543
24 19 46558
24 20 29957
24 21 22141
24 22 27781
24 23 21540
24 25 8528
24 26 13860
24 27 29087
24 28 20819
24 29 -2996
24 30 27933
24 31 28796
24 32 35124
24 33 16112
24 34 10728
24 35 21118
24 36 59535
24 37 45289
24 38 49717
24 39 17067
24 40 22093
24 41 26867
24 42 40050
24 43 42579
24 44 51062
24 45 51451
24 46 49331
24 47 53749
24 48 46237
24 49 55227
24 50 13910
24 51 20247
24 52 31825
24 53 28721
24 54 2592
24 55 5604
24 56 20172
24 57 33767
24 58 27814
24 59 42091
24 60 44122
24 61 47962
24 62 39229
24 63 43274
24 64 48283
24 65 25461
24 66 27007
24 67 11576
24 68 3437
24 69 28502
24 70 29408
24 71 27086
24 72 20670
24 73 22932
24 74 27264
24 75 25557
24 76 13891
24 77 11177
24 78 11336
24 79 9643
24 80 6333
24 81 16512
24 82 45835
24 83 45444
24 84 50031
24 85 48199
24 86 52223
24 87 34304
24 88 38387
24 89 34469
24 90 45180
24 91 48039
24 92 42186
24 93 43535
24 94 36627
24 95 38514
24 96 39897
24 97 39736
24 98 46088
24 99 43491
24 100 46199
24 101 21623
25 1 31945
25 2 22470
25 3 23083
25 4 -1373
25 5 46675
25 6 38460
25 7 48077
25 8 54294
25 9 33211
25 10 45693
25 11 56605
25 12 16089
25 13 29857
25 14 42933
25 15 29158
25 16 51497
25 17 51874
25 18 41510
25 19 54687
25 20 43145
25 21 17141
25 22 18126
25 23 7945
25 24 4864
25 26 15605
25 27 34729
25 28 26147
25 29 11956
25 30 39748
25 31 37473
25 32 47235
25 33 29479
25 34 25728
25 35 36095
25 36 66382
25 37 42855
25 38 44482
25 39 2964
25 40 20662
25 41 17052
25 42 34812
25 43 35087
25 44 47454
25 45 54060
25 46 53946
25 47 60421
25 48 52586
25 49 63684
25 50 24727
25 51 33460
25 52 37410
25 53 30520
25 54 4634
25 55 -2956
25 56 8652
25 57 27499
25 58 27064
25 59 40918
25 60 46112
25 61 46984
25 62 48120
25 63 54292
25 64 58806
25 65 40433
25 66 41138
25 67 -3358
25 68 14612
25 69 36936
25 70 40015
25 71 41792
25 72 12936
25 73 16486
25 74 18443
25 75 15071
25 76 23630
25 77 22697
25 78 26121
25 79 23499
25 80 16348
25 81 30481
25 82 51239
25 83 48164
25 84 50992
25 85 46545
25 86 49931
25 87 30639
25 88 46291
25 89 37254
25 90 56499
25 91 45551
25 92 40310
25 93 42435
25 94 36438
25 95 37229
25 96 39725
25 97 37369
25 98 44016
25 99 42998
25 100 43262
25 101 25164
26 1 13718
26 2 8721
26 3 14185
26 4 2769
26 5 25685
26 6 17229
26 7 26010
26 8 32015
26 9 23603
26 10 26083
26 11 35977
26 12 1947
26 13 10313
26 14 27999
26 15 20234
26 16 32898
26 17 31046
26 18 19192
26 19 33082
26 20 28901
26 21 7141
26 22 15765
26 23 16843
26 24 10480
26 25 15889
26 27 12815
26 28 4798
26 29 12405
26 30 22992
26 31 16860
26 32 30043
26 33 18712
26 34 22744
26 35 30408
26 36 44187
26 37 24781
26 38 29805
26 39 16961
26 40 2238
26 41 13827
26 42 20698
26 43 24605
26 44 30699
26 45 32187
26 46 31619
26 47 38226
26 48 30362
26 49 42077
26 50 9394
26 51 20513
26 52 15196
26 53 8499
26 54 4634
26 55 12751
26 56 13928
26 57 15747
26 58 7299
26 59 21476
26 60 24396
26 61 27374
26 62 27218
26 63 35237
26 64 38742
26 65 33334
26 66 28962
26 67 14811
26 68 7801
26 69 16827
26 70 21611
26 71 32980
26 72 8639
26 73 8311
26 74 15224
26 75 16129
26 76 9076
26 77 12019
26 78 21075
26 79 16012
26 80 10151
26 81 21041
26 82 28897
26 83 26185
26 84 29898
26 85 27587
26 86 31618
26 87 14394
26 88 24912
26 89 15116
26 90 38050
26 91 27494
26 92 21616
26 93 22924
26 94 16050
26 95 17910
26 96 19354
26 97 19289
26 98 25519
26 99 22918
26 100 25766
26 101 2803
27 1 5119
27 2 15320
27 3 16773
27 4 16911
27 5 18046
27 6 11371
27 7 12022
27 8 19858
27 9 20264
27 10 13158
27 11 22120
27 12 10687
27 13 10313
27 14 27999
27 15 26434
27 16 28513
27 17 22669
27 18 7266
27 19 18940
27 20 20827
27 21 19502
27 22 27388
27 23 30228
27 24 20278
27 25 29584
27 26 7386
27 28 3444
27 29 19002
27 30 13194
27 31 3432
27 32 18781
27 33 16936
27 34 24269
27 35 28588
27 36 30344
27 37 22855
27 38 28733
27 39 31067
27 40 10978
27 41 24366
27 42 23122
27 43 28674
27 44 28506
27 45 21444
27 46 18960
27 47 24389
27 48 16589
27 49 27936
27 50 6169
27 51 15033
27 52 1536
27 53 9657
27 54 17189
27 55 26195
27 56 27517
27 57 21703
27 58 11486
27 59 17997
27 60 15086
27 61 21851
27 62 13313
27 63 22367
27 64 25043
27 65 29158
27 66 21623
27 67 28933
27 68 14612
27 69 5319
27 70 10533
27 71 28739
27 72 21330
27 73 19971
27 74 27350
27 75 28915
27 76 10569
27 77 15003
27 78 22508
27 79 17788
27 80 18326
27 81 19454
27 82 15605
27 83 15618
27 84 21515
27 85 23677
27 86 26911
27 87 16672
27 88 10843
27 89 5765
27 90 25785
27 91 24541
27 92 19468
27 93 18610
27 94 12626
27 95 15897
27 96 14544
27 97 18828
27 98 22844
27 99 18118
27 100 24022
27 101 -3377
28 1 6302
28 2 13201
28 3 12282
28 4 10650
28 5 22611
28 6 14693
28 7 18692
28 8 26254
28 9 18906
28 10 18037
28 11 27965
28 12 4096
28 13 10781
28 14 29426
28 15 24917
28 16 31852
28 17 27720
28 18 13479
28 19 25369
28 20 22185
28 21 14605
28 22 23060
28 23 24845
28 24 13947
28 25 22939
28 26 1306
28 27 5381
28 29 13470
28 30 15600
28 31 8811
28 32 22339
28 33 14512
28 34 20728
28 35 26660
28 36 37033
28 37 24874
28 38 30801
28 39 24931
28 40 7209
28 41 20649
28 42 23271
28 43 28248
28 44 30924
28 45 27389
28 46 25526
28 47 31083
28 48 23294
28 49 34380
28 50 3939
28 51 14701
28 52 8224
28 53 7648
28 54 10481
28 55 19515
28 56 21961
28 57 20114
28 58 9533
28 59 20591
28 60 20299
28 61 25613
28 62 19237
28 63 27212
28 64 30691
28 65 28531
28 66 22654
28 67 22740
28 68 8721
28 69 8809
28 70 13824
28 71 28016
28 72 16337
28 73 15497
28 74 22710
28 75 23916
28 76 5861
28 77 10171
28 78 18872
28 79 13795
28 80 12113
28 81 17064
28 82 22272
28 83 21405
28 84 26477
28 85 26659
28 86 30491
28 87 16607
28 88 17056
28 89 10602
28 90 30113
28 91 27164
28 92 21471
28 93 21685
28 94 14843
28 95 17645
28 96 17630
28 97 19984
28 98 25208
28 99 21307
28 100 26052
28 101 -2052
29 1 18344
29 2 30608
29 3 5644
29 4 12397
29 5 46133
29 6 38033
29 7 38715
29 8 48688
29 9 12105
29 10 31013
29 11 42614
29 12 10528
29 13 32515
29 14 50466
29 15 41328
29 16 54807
29 17 51254
29 18 36311
29 19 42858
29 20 23734
29 21 26210
29 22 32981
29 23 27996
29 24 -3065
29 25 15551
29 26 15716
29 27 27742
29 28 20273
29 30 22578
29 31 25265
29 32 29404
29 33 10169
29 34 3766
29 35 14073
29 36 56316
29 37 47048
29 38 52277
29 39 23795
29 40 24578
29 41 31972
29 42 43039
29 43 46363
29 44 53064
29 45 50513
29 46 47294
29 47 50727
29 48 43500
29 49 51186
29 50 9997
29 51 14161
29 52 30006
29 53 29592
29 54 7357
29 55 12464
29 56 26183
29 57 37406
29 58 29699
29 59 43352
29 60 43788
29 61 48860
29 62 35299
29 63 38088
29 64 43200
29 65 18411
29 66 20214
29 67 18630
29 68 2132
29 69 25498
29 70 24822
29 71 20056
29 72 25561
29 73 27289
29 74 32327
29 75 31151
29 76 11427
29 77 7800
29 78 4312
29 79 3599
29 80 6547
29 81 10041
29 82 43669
29 83 44654
29 84 50012
29 85 49504
29 86 53520
29 87 36852
29 88 35137
29 89 34108
29 90 39890
29 91 49670
29 92 43783
29 93 44661
29 94 37668
29 95 39982
29 96 40757
29 97 41651
29 98 47664
29 99 44419
29 100 48103
29 101 21456
30 1 5347
30 2 35610
30 3 17370
30 4 31347
30 5 34736
30 6 30770
30 7 16355
30 8 29161
30 9 6980
30 10 2542
30 11 13581
30 12 21802
30 13 30903
30 14 47845
30 15 46981
30 16 46497
30 17 37144
30 18 20550
30 19 15656
30 20 972
30 21 37452
30 22 46014
30 23 46926
30 24 25219
30 25 40698
30 26 23658
30 27 19289
30 28 19758
30 29 19933
30 31 2825
30 32 77
30 33 10567
30 34 16223
30 35 14588
30 36 29756
30 37 42576
30 38 47827
30 39 45530
30 40 30167
30 41 43670
30 42 43635
30 43 49258
30 44 47500
30 45 32872
30 46 24854
30 47 25253
30 48 19689
30 49 22553
30 50 7042
30 51 1449
30 52 14393
30 53 29592
30 54 27947
30 55 37004
30 56 43959
30 57 42205
30 58 31684
30 59 37443
30 60 30825
30 61 39440
30 62 8343
30 63 8095
30 64 13216
30 65 11157
30 66 1587
30 67 42779
30 68 19989
30 69 11381
30 70 -592
30 71 11918
30 72 39050
30 73 38459
30 74 45576
30 75 46533
30 76 16552
30 77 18156
30 78 16344
30 79 15188
30 80 25131
30 81 11196
30 82 22593
30 83 29118
30 84 36895
30 85 42448
30 86 44215
30 87 37266
30 88 11968
30 89 24122
30 90 9892
30 91 43562
30 92 39312
30 93 37455
30 94 32662
30 95 36029
30 96 33749
30 97 39142
30 98 42299
30 99 37046
30 100 43632
30 101 17118
31 1 4742
31 2 27548
31 3 21157
31 4 28627
31 5 22888
31 6 20033
31 7 5174
31 8 17526
31 9 17278
31 10 604
31 11 9994
31 12 20371
31 13 21521
31 14 36887
31 15 38090
31 16 34772
31 17 25105
31 18 8545
31 19 8545
31 20 13006
31 21 32069
31 22 40037
31 23 42690
31 24 27877
31 25 40218
31 26 19321
31 27 11322
31 28 14764
31 29 24415
31 30 4620
31 32 7245
31 33 17303
31 34 24860
31 35 25591
31 36 21839
31 37 31693
31 38 36347
31 39 42936
31 40 23627
31 41 36957
31 42 33647
31 43 39426
31 44 36064
31 45 21028
31 46 14279
31 47 16349
31 48 9529
31 49 17307
31 50 9040
31 51 11203
31 52 2841
31 53 22277
31 54 27305
31 55 36624
31 56 39881
31 57 33555
31 58 23926
31 59 26469
31 60 18916
31 61 27671
31 62 1438
31 63 9748
31 64 12666
31 65 23179
31 66 13435
31 67 40712
31 68 21766
31 69 5849
31 70 1619
31 71 23659
31 72 33892
31 73 32609
31 74 39980
31 75 41490
31 76 17018
31 77 20525
31 78 23872
31 79 20685
31 80 26268
31 81 19124
31 82 11178
31 83 17077
31 84 24883
31 85 31045
31 86 32315
31 87 27717
31 88 843
31 89 13189
31 90 13490
31 91 32215
31 92 28585
31 93 26136
31 94 22310
31 95 25665
31 96 22730
31 97 28932
31 98 31247
31 99 25831
31 100 32620
31 101 9087
32 1 15183
32 2 44320
32 3 27398
32 4 41551
32 5 39514
32 6 37491
32 7 18201
32 8 30748
32 9 13912
32 10 2838
32 11 8489
32 12 32038
32 13 38785
32 14 54241
32 15 55274
32 16 51506
32 17 40250
32 18 24916
32 19 12588
32 20 4671
32 21 47151
32 22 55606
32 23 56969
32 24 35207
32 25 50982
32 26 33506
32 27 27673
32 28 29294
32 29 29556
32 30 2874
32 31 8247
32 33 20062
32 34 23834
32 35 19335
32 36 25961
32 37 49100
32 38 53317
32 39 55771
32 40 39450
32 41 53026
32 42 51091
32 43 56859
32 44 53130
32 45 34825
32 46 24119
32 47 22971
32 48 19332
32 49 16642
32 50 17337
32 51 10033
32 52 20195
32 53 38490
32 54 38243
32 55 47290
32 56 54005
32 57 50622
32 58 40462
32 59 43864
32 60 35469
32 61 44370
32 62 7774
32 63 284
32 64 4525
32 65 11514
32 66 336
32 67 53063
32 68 30208
32 69 20130
32 70 7561
32 71 15153
32 72 48839
32 73 48046
32 74 55265
32 75 56379
32 76 26841
32 77 28378
32 78 24936
32 79 24793
32 80 35388
32 81 20041
32 82 24147
32 83 32680
32 84 40827
32 85 48199
32 86 48580
32 87 45063
32 88 15078
32 89 30640
32 90 2962
32 91 49393
32 92 46029
32 93 43369
32 94 39768
32 95 43127
32 96 40125
32 97 46388
32 98 48601
32 99 43141
32 100 49978
32 101 25623
33 1 6671
33 2 31677
33 3 3437
33 4 20689
33 5 39594
33 6 32838
33 7 27055
33 8 38611
33 9 226
33 10 16894
33 11 28433
33 12 12139
33 13 29970
33 14 48582
33 15 43405
33 16 50097
33 17 43848
33 18 27380
33 19 29489
33 20 9165
33 21 30126
33 22 38520
33 23 36960
33 24 10673
33 25 27704
33 26 16653
33 27 20306
33 28 15945
33 29 4799
33 30 7842
33 31 12783
33 32 14540
33 34 3097
33 35 7452
33 36 43380
33 37 43822
33 38 49814
33 39 34138
33 40 25134
33 41 36957
33 42 42445
33 43 47231
33 44 49761
33 45 41416
33 46 36161
33 47 38181
33 48 31529
33 49 37274
33 50 87
33 51 -560
33 52 20506
33 53 26838
33 54 15937
33 55 24114
33 56 34230
33 57 38720
33 58 28514
33 59 39258
33 60 36361
33 61 43482
33 62 21832
33 63 23348
33 64 28470
33 65 9925
33 66 7154
33 67 30550
33 68 6930
33 69 14802
33 70 10900
33 71 9622
33 72 30994
33 73 31412
33 74 37818
33 75 37908
33 76 7197
33 77 5755
33 78 1872
33 79 36
33 80 12410
33 81 -2131
33 82 32743
33 83 36190
33 84 42840
33 85 45138
33 86 48539
33 87 35787
33 88 22843
33 89 27375
33 90 25117
33 91 45870
33 92 40403
33 93 40087
33 94 33612
33 95 36627
33 96 35984
33 97 39130
33 98 44016
33 99 39612
33 100 45014
33 101 16382
34 1 19041
34 2 40735
34 3 10299
34 4 25028
34 5 51587
34 6 44399
34 7 39271
34 8 50973
34 9 3160
34 10 27897
34 11 39063
34 12 19876
34 13 40600
34 14 59211
34 15 52112
34 16 61689
34 17 56046
34 18 39700
34 19 40905
34 20 16262
34 21 37452
34 22 45009
34 23 40907
34 24 9864
34 25 28528
34 26 25260
34 27 32214
34 28 26736
34 29 2971
34 30 18073
34 31 24915
34 32 22887
34 33 7672
34 35 1249
34 36 54954
34 37 54864
34 38 60737
34 39 36820
34 40 34218
34 41 43858
34 42 52453
34 43 56620
34 44 60923
34 45 53775
34 46 48392
34 47 50013
34 48 43615
34 49 48040
34 50 11975
34 51 8508
34 52 32842
34 53 37315
34 54 19795
34 55 25500
34 56 38873
34 57 47746
34 58 38462
34 59 50561
34 60 48505
34 61 55233
34 62 33328
34 63 32781
34 64 37610
34 65 5558
34 66 9859
34 67 31549
34 68 11946
34 69 27159
34 70 22426
34 71 8394
34 72 37450
34 73 38690
34 74 44293
34 75 43532
34 76 17043
34 77 13726
34 78 -1128
34 79 5009
34 80 17238
34 81 5091
34 82 45051
34 83 48488
34 84 54976
34 85 56580
34 86 60242
34 87 45911
34 88 34958
34 89 39298
34 90 34546
34 91 57153
34 92 51467
34 93 51568
34 94 44825
34 95 47635
34 96 47472
34 97 49855
34 98 55206
34 99 51135
34 100 56035
34 101 27679
35 1 21505
35 2 47890
35 3 17698
35 4 34333
35 5 55090
35 6 48891
35 7 39535
35 8 52064
35 9 1414
35 10 25919
35 11 35965
35 12 27572
35 13 46358
35 14 64943
35 15 59555
35 16 66024
35 17 58788
35 18 42005
35 19 38916
35 20 11901
35 21 45607
35 22 53636
35 23 50448
35 24 19931
35 25 38572
35 26 32601
35 27 36210
35 28 32345
35 29 12955
35 30 16115
35 31 25323
35 32 18065
35 33 11704
35 34 926
35 36 52961
35 37 60096
35 38 66086
35 39 46615
35 40 41308
35 41 52317
35 42 58842
35 43 63560
35 44 65957
35 45 55446
35 46 48329
35 47 48735
35 48 43191
35 49 44704
35 50 16360
35 51 7881
35 52 35182
35 53 43239
35 54 29089
35 55 35438
35 56 48165
35 57 54943
35 58 44884
35 59 55431
35 60 51583
35 61 59270
35 62 31841
35 63 28506
35 64 32461
35 65 -4604
35 66 1901
35 67 41642
35 68 20514
35 69 29662
35 70 21922
35 71 -162
35 72 46043
35 73 46897
35 74 52903
35 75 52498
35 76 23353
35 77 20921
35 78 7025
35 79 12407
35 80 25975
35 81 8642
35 82 45679
35 83 50841
35 84 58012
35 85 61206
35 86 64330
35 87 52185
35 88 35060
35 89 43103
35 90 30552
35 91 62024
35 92 56678
35 93 56142
35 94 49853
35 95 52931
35 96 52061
35 97 55495
35 98 60230
35 99 55652
35 100 61288
35 101 32660
36 1 34824
36 2 46523
36 3 51239
36 4 55027
36 5 28381
36 6 35031
36 7 14585
36 8 13467
36 9 44980
36 10 20542
36 11 11647
36 12 48996
36 13 39324
36 14 43605
36 15 52796
36 16 37289
36 17 21196
36 18 19173
36 19 3656
36 20 37191
36 21 55869
36 22 61712
36 23 66298
36 24 57643
36 25 68154
36 26 45675
36 27 37261
36 28 42013
36 29 54493
36 30 30578
36 31 20866
36 32 23986
36 33 46927
36 34 53926
36 35 52256
36 37 41718
36 38 37717
36 39 68816
36 40 46829
36 41 57032
36 42 45841
36 43 50522
36 44 39994
36 45 14736
36 46 -2996
36 47 215
36 48 5130
36 49 -3431
36 50 39117
36 51 39272
36 52 23224
36 53 45890
36 54 55727
36 55 64782
36 56 64266
36 57 50147
36 58 45533
36 59 37443
36 60 26129
36 61 31196
36 62 14309
36 63 18855
36 64 4385
36 65 45716
36 66 34541
36 67 66656
36 68 51528
36 69 35375
36 70 29636
36 71 48709
36 72 57433
36 73 55381
36 74 62577
36 75 64610
36 76 46756
36 77 50514
36 78 53412
36 79 50673
36 80 55807
36 81 48380
36 82 12800
36 83 20347
36 84 26247
36 85 38001
36 86 30946
36 87 42981
36 88 21141
36 89 30124
36 90 28323
36 91 38553
36 92 40206
36 93 34660
36 94 37619
36 95 39749
36 96 34747
36 97 42634
36 98 40549
36 99 36071
36 100 41163
36 101 33023
37 1 30107
37 2 7617
37 3 39169
37 4 23627
37 5 6865
37 6 8409
37 7 23994
37 8 19759
37 9 45131
37 10 33773
37 11 37965
37 12 28417
37 13 5682
37 14 3123
37 15 9107
37 16 6497
37 17 9074
37 18 12266
37 19 30967
37 20 45379
37 21 22141
37 22 22691
37 23 27996
37 24 37298
37 25 38528
37 26 20170
37 27 23673
37 28 23755
37 29 39126
37 30 37299
37 31 24621
37 32 41026
37 33 41270
37 34 47737
37 35 53292
37 36 35619
37 38 3848
37 39 34322
37 40 15783
37 41 16186
37 42 1983
37 43 7040
37 44 3939
37 45 15179
37 46 18291
37 47 30951
37 48 24286
37 49 37625
37 50 30461
37 51 40031
37 52 17034
37 53 20685
37 54 30671
37 55 36543
37 56 28186
37 57 7965
37 58 14538
37 59 860
37 60 10430
37 61 2777
37 62 30428
37 63 41781
37 64 40203
37 65 54157
37 66 46191
37 67 30845
37 68 34294
37 69 29945
37 70 34220
37 71 53735
37 72 21792
37 73 19460
37 74 25121
37 75 27077
37 76 32828
37 77 36979
37 78 45882
37 79 40779
37 80 36925
37 81 43836
37 82 21874
37 83 12433
37 84 10096
37 85 1976
37 86 5023
37 87 1831
37 88 28401
37 89 11624
37 90 46760
37 91 640
37 92 92
37 93 -263
37 94 6035
37 95 3432
37 96 3439
37 97 2456
37 98 -581
37 99 3600
37 100 -953
37 101 12836
38 1 51153
38 2 24631
38 3 60188
38 4 40829
38 5 22611
38 6 29245
38 7 41428
38 8 33007
38 9 66310
38 10 52957
38 11 54812
38 12 48959
38 13 26518
38 14 3123
38 15 16079
38 16 12308
38 17 16046
38 18 30345
38 19 46558
38 20 66012
38 21 39861
38 22 36076
38 23 39917
38 24 56946
38 25 55375
38 26 40414
38 27 44771
38 28 44902
38 29 59575
38 30 57770
38 31 44495
38 32 60463
38 33 62482
38 34 68830
38 35 74502
38 36 46838
38 37 19068
38 39 48974
38 40 35478
38 41 27686
38 42 13287
38 43 7888
38 44 3939
38 45 25390
38 46 28109
38 47 44092
38 48 39205
38 49 50633
38 50 51674
38 51 61113
38 52 36901
38 53 41668
38 54 49863
38 55 54167
38 56 42738
38 57 21436
38 58 34893
38 59 21576
38 60 27497
38 61 14081
38 62 48521
38 63 59960
38 64 55675
38 65 75185
38 66 66770
38 67 43509
38 68 54882
38 69 50841
38 70 54616
38 71 74818
38 72 37914
38 73 36077
38 74 39968
38 75 41120
38 76 53916
38 77 57976
38 78 66982
38 79 61855
38 80 57321
38 81 65048
38 82 37589
38 83 27647
38 84 22566
38 85 17752
38 86 1936
38 87 20005
38 88 47321
38 89 32089
38 90 65721
38 91 12746
38 92 21306
38 93 18287
38 94 27229
38 95 24615
38 96 23962
38 97 22969
38 98 19265
38 99 23407
38 100 14604
38 101 34049
39 1 35895
39 2 17815
39 3 29534
39 4 -1939
39 5 44151
39 6 36586
39 7 49166
39 8 53509
39 9 40240
39 10 49146
39 11 59365
39 12 19956
39 13 27198
39 14 36987
39 15 21885
39 16 47133
39 17 48917
39 18 41092
39 19 56451
39 20 48983
39 21 14141
39 22 10898
39 23 -1481
39 24 13401
39 25 2962
39 26 16675
39 27 36210
39 28 28137
39 29 20198
39 30 44578
39 31 40189
39 32 52022
39 33 35911
39 34 34018
39 35 44136
39 36 67042
39 37 38647
39 38 38079
39 40 19021
39 41 9314
39 42 29039
39 43 27856
39 44 42163
39 45 52308
39 46 53268
39 47 61122
39 48 53246
39 49 65420
39 50 29613
39 51 39526
39 52 38269
39 53 30270
39 54 9855
39 55 4840
39 56 1230
39 57 21543
39 58 25235
39 59 37541
39 60 44413
39 61 43310
39 62 50630
39 63 58147
39 64 62041
39 65 48385
39 66 47760
39 67 -8592
39 68 20883
39 69 39920
39 70 44057
39 71 49210
39 72 8098
39 73 12036
39 74 12231
39 75 7758
39 76 28380
39 77 28535
39 78 33884
39 79 30504
39 80 22431
39 81 37338
39 82 51424
39 83 46760
39 84 48438
39 85 42626
39 86 45219
39 87 26143
39 88 48341
39 89 36518
39 90 60667
39 91 41082
39 92 36558
39 93 38946
39 94 33977
39 95 34029
39 96 37012
39 97 33496
39 98 39981
39 99 39979
39 100 38645
39 101 25594
40 1 18323
40 2 1754
40 3 21157
40 4 4438
40 5 21180
40 6 13040
40 7 26010
40 8 29665
40 9 30059
40 10 28943
40 11 37686
40 12 9018
40 13 4502
40 14 21098
40 15 13440
40 16 26911
40 17 26401
40 18 17266
40 19 33668
40 20 34212
40 21 4212
40 22 11576
40 23 14917
40 24 16790
40 25 19023
40 26 315
40 27 14484
40 28 8778
40 29 19344
40 30 27578
40 31 19243
40 32 34064
40 33 25270
40 34 29779
40 35 37192
40 36 43418
40 37 18471
40 38 22946
40 39 17384
40 41 8743
40 42 13655
40 43 17580
40 44 24138
40 45 28776
40 46 29422
40 47 37557
40 48 29713
40 49 42443
40 50 15364
40 51 26434
40 52 15196
40 53 7145
40 54 10056
40 55 16525
40 56 12615
40 57 8807
40 58 1573
40 59 15763
40 60 20810
40 61 21851
40 62 28892
40 63 38164
40 64 40681
40 65 39816
40 66 34612
40 67 15110
40 68 14848
40 69 20243
40 70 25553
40 71 39369
40 72 5899
40 73 4217
40 74 11611
40 75 13356
40 76 15662
40 77 18959
40 78 28077
40 79 22980
40 80 17113
40 81 27691
40 82 27717
40 83 23041
40 84 25497
40 85 21691
40 86 25572
40 87 7477
40 88 26257
40 89 12674
40 90 41443
40 91 21251
40 92 15512
40 93 17288
40 94 10957
40 95 12062
40 96 14270
40 97 12881
40 98 19383
40 99 17625
40 100 19306
40 101 2803
41 1 36314
41 2 4527
41 3 36319
41 4 7012
41 5 31153
41 6 25830
41 7 42295
41 8 42845
41 9 46551
41 10 46884
41 11 54997
41 12 23996
41 13 16135
41 14 19109
41 15 3245
41 16 31037
41 17 34612
41 18 31927
41 19 50137
41 20 51979
41 21 10483
41 22 8
41 23 3070
41 24 26099
41 25 19948
41 26 16439
41 27 32407
41 28 26753
41 29 31273
41 30 45616
41 31 37108
41 32 52175
41 33 41628
41 34 43954
41 35 52736
41 36 58156
41 37 23409
41 38 19689
41 39 12212
41 40 13278
41 42 11721
41 43 9193
41 44 24902
41 45 39883
41 46 42284
41 47 52645
41 48 45064
41 49 58456
41 50 32588
41 51 43707
41 52 31992
41 53 24952
41 54 19219
41 55 19839
41 56 6313
41 57 4723
41 58 17375
41 59 23756
41 60 32909
41 61 28315
41 62 46301
41 63 56073
41 64 58011
41 65 56155
41 66 52146
41 67 6589
41 68 28516
41 69 38350
41 70 43662
41 71 55947
41 72 4793
41 73 5471
41 74 5406
41 75 4775
41 76 32120
41 77 34398
41 78 42719
41 79 38037
41 80 30219
41 81 43806
41 82 42675
41 83 35442
41 84 35088
41 85 27521
41 86 28458
41 87 11389
41 88 43603
41 89 27718
41 90 59490
41 91 25088
41 92 22264
41 93 24676
41 94 22427
41 95 21071
41 96 24443
41 97 19380
41 98 24931
41 99 26669
41 100 22620
41 101 20485
42 1 35021
42 2 4403
42 3 41434
42 4 20643
42 5 15810
42 6 15257
42 7 32204
42 8 28694
42 9 49120
42 10 40916
42 11 46116
42 12 29589
42 13 8820
42 14 1163
42 15 299
42 16 12622
42 17 17219
42 18 20550
42 19 39492
42 20 50910
42 21 19613
42 22 16860
42 23 21697
42 24 36875
42 25 35301
42 26 20903
42 27 28756
42 28 26968
42 29 39933
42 30 43174
42 31 31391
42 32 47833
42 33 44709
42 34 50142
42 35 56854
42 36 44558
42 37 6799
42 38 2883
42 39 29530
42 40 15783
42 41 9314
42 43 -1168
42 44 6275
42 45 23998
42 46 27194
42 47 39823
42 48 33014
42 49 46447
42 50 34158
42 51 44584
42 52 24137
42 53 23459
42 54 29713
42 55 33960
42 56 23230
42 57 1543
42 58 15889
42 59 9106
42 60 19199
42 61 10804
42 62 38218
42 63 49363
42 64 48604
42 65 58647
42 66 51700
42 67 25075
42 68 35457
42 69 35375
42 70 40288
42 71 58130
42 72 17842
42 73 15889
42 74 20218
42 75 21733
42 76 35478
42 77 39205
42 78 48361
42 79 43215
42 80 37721
42 81 47243
42 82 30554
42 83 21331
42 84 18905
42 85 10310
42 86 9779
42 87 796
42 88 35893
42 89 18556
42 90 53934
42 91 6943
42 92 7462
42 93 8681
42 94 11948
42 95 9071
42 96 11292
42 97 6412
42 98 8301
42 99 12160
42 100 4704
42 101 17118
43 1 43698
43 2 10759
43 3 48959
43 4 24862
43 5 23845
43 6 24303
43 7 41090
43 8 36738
43 9 57348
43 10 49970
43 11 55038
43 12 36745
43 13 17589
43 14 2573
43 15 -1641
43 16 17898
43 17 23496
43 18 29387
43 19 48215
43 20 59689
43 21 24944
43 22 18852
43 23 21979
43 24 42666
43 25 38838
43 26 28072
43 27 37570
43 28 35207
43 29 46519
43 30 52059
43 31 40432
43 32 56863
43 33 52757
43 34 57571
43 35 64834
43 36 52501
43 37 15118
43 38 746
43 39 31609
43 40 22970
43 41 10048
43 42 2094
43 44 9401
43 45 31285
43 46 34663
43 47 48086
43 48 41539
43 49 54811
43 50 42397
43 51 53065
43 52 33192
43 53 31742
43 54 35394
43 55 38159
43 56 25551
43 57 6271
43 58 23870
43 59 17832
43 60 27687
43 61 17540
43 62 47227
43 63 58405
43 64 57415
43 65 67002
43 66 60449
43 67 25554
43 68 42424
43 69 44213
43 70 49226
43 71 66485
43 72 21792
43 73 20512
43 74 23275
43 75 23916
43 76 43299
43 77 46755
43 78 55880
43 79 50779
43 80 44494
43 81 55249
43 82 39136
43 83 29576
43 84 26346
43 85 17752
43 86 13105
43 87 9396
43 88 44935
43 89 27609
43 90 62988
43 91 13430
43 92 16290
43 93 16852
43 94 21002
43 95 18124
43 96 20180
43 97 15468
43 98 16444
43 99 20795
43 100 12030
43 101 25799
44 1 40400
44 2 16507
44 3 49981
44 4 33034
44 5 12177
44 6 18489
44 7 31102
44 8 23696
44 9 55635
44 10 42311
44 11 44753
44 12 39170
44 13 16456
44 14 -2400
44 15 12103
44 16 2580
44 17 8134
44 18 19780
44 19 36830
44 20 55195
44 21 31666
44 22 29999
44 23 34828
44 24 47804
44 25 47860
44 26 30821
44 27 34057
44 28 34538
44 29 49875
44 30 46956
44 31 33725
44 32 49789
44 33 51942
44 34 58529
44 35 63886
44 36 38628
44 37 8672
44 38 -6548
44 39 42571
44 40 26183
44 41 22412
44 42 6192
44 43 6056
44 45 16890
44 46 20175
44 47 35111
44 48 29582
44 49 41856
44 50 41113
44 51 50367
44 52 26113
44 53 31501
44 54 40976
44 55 46211
44 56 36278
44 57 14638
44 58 25181
44 59 10879
44 60 16993
44 61 3883
44 62 38098
44 63 49564
44 64 46111
44 65 64410
44 66 55954
44 67 38228
44 68 45066
44 69 40051
44 70 43804
44 71 64067
44 72 30553
44 73 28409
44 74 33209
44 75 34831
44 76 43629
44 77 47794
44 78 56673
44 79 51580
44 80 47650
44 81 54505
44 82 27657
44 83 17600
44 84 12883
44 85 6938
44 86 -3040
44 87 11049
44 88 36696
44 89 21276
44 90 55138
44 91 1944
44 92 10865
44 93 7472
44 94 16664
44 95 14234
44 96 13188
44 97 13009
44 98 8635
44 99 12600
44 100 4281
44 101 23513
45 1 30990
45 2 28125
45 3 45654
45 4 40829
45 5 7727
45 6 17845
45 7 12433
45 8 1082
45 9 45692
45 10 25100
45 11 23379
45 12 38978
45 13 21797
45 14 21354
45 15 31883
45 16 14936
45 17 -892
45 18 6408
45 19 14426
45 20 41335
45 21 40094
45 22 43775
45 23 48993
45 24 48940
45 25 55213
45 26 33056
45 27 27742
45 28 31750
45 29 48071
45 30 33075
45 31 19436
45 32 32231
45 33 44344
45 34 52128
45 35 54122
45 36 14117
45 37 20659
45 38 15650
45 39 53463
45 40 31568
45 41 38140
45 42 24662
45 43 28687
45 44 17637
45 46 -4226
45 47 11115
45 48 7181
45 49 17625
45 50 34253
45 51 39653
45 52 14579
45 53 32217
45 54 44380
45 55 52379
45 56 47942
45 57 30313
45 58 29761
45 59 17255
45 60 7817
45 61 9065
45 62 19125
45 63 29727
45 64 23009
45 65 51596
45 66 41220
45 67 50863
45 68 43598
45 69 30319
45 70 30255
45 71 52299
45 72 41027
45 73 38690
45 74 45365
45 75 47487
45 76 39613
45 77 44020
45 78 50626
45 79 46350
45 80 47123
45 81 46587
45 82 7143
45 83 2467
45 84 4485
45 85 16372
45 86 8998
45 87 23317
45 88 20256
45 89 15693
45 90 36778
45 91 16565
45 92 19891
45 93 13704
45 94 19640
45 95 20630
45 96 15575
45 97 22852
45 98 19406
45 99 16039
45 100 19543
45 101 20778
46 1 33315
46 2 37597
46 3 49242
46 4 48569
46 5 17889
46 6 26435
46 7 12105
46 8 4113
46 9 46322
46 10 23005
46 11 17724
46 12 44605
46 13 30737
46 14 32105
46 15 42392
46 16 25617
46 17 9294
46 18 11964
46 19 8348
46 20 40140
46 21 48454
46 22 53150
46 23 58167
46 24 54191
46 25 62470
46 26 39859
46 27 32629
46 28 37258
46 29 52223
46 30 32428
46 31 20058
46 32 28896
46 33 46460
46 34 54116
46 35 54376
46 36 3756
46 37 31142
46 38 25740
46 39 61794
46 40 39585
46 41 47912
46 42 35229
46 43 39436
46 44 28293
46 45 3145
46 47 3004
46 48 3234
46 49 8021
46 50 37288
46 51 40281
46 52 18487
46 53 39347
46 54 50781
46 55 59362
46 56 56656
46 57 40404
46 58 37947
46 59 27347
46 60 16630
46 61 19833
46 62 16384
46 63 24934
46 64 14764
46 65 49995
46 66 39011
46 67 59445
46 68 48333
46 69 33053
46 70 30311
46 71 51653
46 72 49715
46 73 47475
46 74 54418
46 75 56529
46 76 43808
46 77 48000
46 78 53007
46 79 49379
46 80 52222
46 81 48380
46 82 7453
46 83 10684
46 84 15118
46 85 27034
46 86 18965
46 87 33284
46 88 20174
46 89 22764
46 90 33160
46 91 27321
46 92 30066
46 93 24109
46 94 28705
46 95 30271
46 96 25159
46 97 32825
46 98 29911
46 99 26025
46 100 30219
46 101 27091
47 1 28036
47 2 39754
47 3 44427
47 4 47830
47 5 22611
47 6 28293
47 7 7410
47 8 7832
47 9 39150
47 10 14903
47 11 7965
47 12 41833
47 13 32515
47 14 38473
47 15 46622
47 16 32553
47 17 17219
47 18 12266
47 19 -1282
47 20 31980
47 21 48765
47 22 54799
47 23 59271
47 24 50609
47 25 60945
47 26 38466
47 27 30058
47 28 34815
47 29 47656
47 30 24827
47 31 14128
47 32 19748
47 33 40480
47 34 47737
47 35 46782
47 36 -1033
47 37 35802
47 38 33723
47 39 61648
47 40 39720
47 41 50273
47 42 39858
47 43 44859
47 44 35229
47 45 10486
47 46 -4996
47 48 -2068
47 49 -209
47 50 32302
47 51 33278
47 52 16014
47 53 38725
47 54 48538
47 55 57578
47 56 57166
47 57 43663
47 58 38487
47 59 31277
47 60 19882
47 61 26082
47 62 8343
47 63 15306
47 64 5120
47 65 41294
47 66 30161
47 67 59496
47 68 44510
47 69 28403
47 70 23408
47 71 43578
47 72 50363
47 73 48348
47 74 55580
47 75 57590
47 76 39751
47 77 43595
47 78 47023
47 79 44028
47 80 48737
47 81 42084
47 82 5817
47 83 14330
47 84 21062
47 85 32432
47 86 27108
47 87 36527
47 88 14282
47 89 23128
47 90 23985
47 91 33197
47 92 34034
47 93 28791
47 94 30947
47 95 33264
47 96 28361
47 97 36267
47 98 34693
47 99 29911
47 100 35513
47 101 25828
48 1 22462
48 2 33660
48 3 38736
48 4 41429
48 5 17776
48 6 22289
48 7 1274
48 8 4166
48 9 34735
48 10 11330
48 11 7730
48 12 35595
48 13 26408
48 14 33991
48 15 41059
48 16 28637
48 17 14455
48 18 6158
48 19 -1098
48 20 28441
48 21 42396
48 22 48567
48 23 52949
48 24 44572
48 25 54585
48 26 32077
48 27 23733
48 28 28501
48 29 41904
48 30 20738
48 31 8783
48 32 17584
48 33 35303
48 34 42814
48 35 42713
48 36 5357
48 37 30612
48 38 30311
48 39 55247
48 40 33351
48 41 44167
48 42 34524
48 43 39787
48 44 31175
48 45 8027
48 46 -3291
48 47 -593
48 49 5089
48 50 26643
48 51 28726
48 52 9635
48 53 32327
48 54 42241
48 55 51239
48 56 50799
48 57 37826
48 58 32163
48 59 25857
48 60 14551
48 61 21851
48 62 4748
48 63 14307
48 64 8064
48 65 38363
48 66 27453
48 67 53098
48 68 38510
48 69 22554
48 70 18739
48 71 39949
48 72 44015
48 73 42028
48 74 49283
48 75 51275
48 76 33790
48 77 37755
48 78 41872
48 79 38560
48 80 42654
48 81 37089
48 82 -200
48 83 9438
48 84 16978
48 85 27654
48 86 24069
48 87 30747
48 88 8843
48 89 16870
48 90 21921
48 91 28602
48 92 28585
48 93 23708
48 94 24993
48 95 27492
48 96 22730
48 97 30599
48 98 29580
48 99 24526
48 100 30585
48 101 19426
49 1 34127
49 2 50989
49 3 50286
49 4 57220
49 5 34736
49 6 39714
49 7 16798
49 8 19997
49 9 41629
49 10 17840
49 11 7283
49 12 49876
49 13 43746
49 14 50637
49 15 58496
49 16 44663
49 17 29059
49 18 23571
49 19 2698
49 20 33016
49 21 58988
49 22 65658
49 23 69729
49 24 57466
49 25 69587
49 26 47696
49 27 38984
49 28 43491
49 29 53494
49 30 27506
49 31 20465
49 32 18798
49 33 44952
49 34 51143
49 35 48130
49 36 700
49 37 47855
49 38 45643
49 39 71325
49 40 49985
49 41 61463
49 42 51861
49 43 56963
49 44 47353
49 45 22375
49 46 5400
49 47 5170
49 48 8993
49 50 38342
49 51 36376
49 52 25642
49 53 48707
49 54 56795
49 55 66060
49 56 67340
49 57 55284
49 58 49064
49 59 43224
49 60 31847
49 61 38240
49 62 12809
49 63 13308
49 64 -4288
49 65 40073
49 66 29066
49 67 69202
49 68 51389
49 69 35482
49 70 27650
49 71 44130
49 72 60716
49 73 58873
49 74 66202
49 75 68113
49 76 46676
49 77 49990
49 78 51152
49 79 49160
49 80 55943
49 81 46002
49 82 17262
49 83 26421
49 84 33219
49 85 44578
49 86 38938
49 87 48211
49 88 21455
49 89 34057
49 90 23510
49 91 45361
49 92 45967
49 93 40872
49 94 42433
49 95 44956
49 96 40170
49 97 48052
49 98 46770
49 99 41872
49 100 47639
49 101 35555
50 1 627
50 2 24631
50 3 4403
50 4 16787
50 5 31920
50 6 25032
50 7 21160
50 8 31895
50 9 7244
50 10 13943
50 11 25415
50 12 7245
50 13 22305
50 14 40861
50 15 36389
50 16 42301
50 17 36356
50 18 20159
50 19 25196
50 20 12012
50 21 24215
50 22 32819
50 23 32672
50 24 11497
50 25 25978
50 26 10361
50 27 12565
50 28 8398
50 29 7653
50 30 7343
50 31 7546
50 32 14841
50 33 3113
50 34 10426
50 35 15134
50 36 38596
50 37 36039
50 38 42032
50 39 30866
50 40 18254
50 41 30943
50 42 34920
50 43 39897
50 44 41958
50 45 34351
50 46 30015
50 47 33029
50 48 25895
50 49 33690
50 51 3409
50 52 13388
50 53 19305
50 54 13183
50 55 22282
50 56 29741
50 57 31622
50 58 21157
50 59 31450
50 60 28808
50 61 35714
50 62 17713
50 63 22016
50 64 26847
50 65 16895
50 66 11853
50 67 28028
50 68 5630
50 69 8039
50 70 7862
50 71 16389
50 72 25497
50 73 25423
50 74 32210
50 75 32769
50 76 1812
50 77 3966
50 78 8738
50 79 4429
50 80 10567
50 81 5671
50 82 26415
50 83 28887
50 84 35278
50 85 37329
50 86 40763
50 87 28255
50 88 17430
50 89 19656
50 90 24102
50 91 38062
50 92 32619
50 93 32279
50 94 25815
50 95 28857
50 96 28175
50 97 31416
50 98 36215
50 99 31805
50 100 37231
50 101 8594
51 1 6344
51 2 35644
51 3 10475
51 4 27098
51 5 39730
51 6 34107
51 7 24077
51 8 36464
51 9 -1695
51 10 11647
51 11 22798
51 12 17898
51 13 32581
51 14 50765
51 15 47382
51 16 50949
51 17 43200
51 18 26398
51 19 24715
51 20 1963
51 21 35351
51 22 43931
51 23 43256
51 24 17882
51 25 34759
51 26 21528
51 27 21477
51 28 19208
51 29 11865
51 30 1798
51 31 9757
51 32 7585
51 33 2514
51 34 7007
51 35 6703
51 36 38799
51 37 45657
51 38 51519
51 39 40827
51 40 29372
51 41 42110
51 42 45394
51 43 50613
51 44 51260
51 45 39799
51 46 33056
51 47 34053
51 48 28026
51 49 31772
51 50 3457
51 52 19619
51 53 29984
51 54 22675
51 55 31134
51 56 40404
51 57 42584
51 58 31990
51 59 40782
51 60 36112
51 61 44082
51 62 17218
51 63 16881
51 64 21933
51 65 6376
51 66 776
51 67 37482
51 68 13836
51 69 14318
51 70 6574
51 71 5936
51 72 36545
51 73 36577
51 74 43295
51 75 43713
51 76 12427
51 77 12279
51 78 7288
51 79 7185
51 80 19249
51 81 2252
51 82 30150
51 83 35222
51 84 42498
51 85 46340
51 86 49106
51 87 38762
51 88 19613
51 89 27996
51 90 18615
51 91 47281
51 92 42264
51 93 41276
51 94 35416
51 95 38646
51 96 37269
51 97 41459
51 98 45639
51 99 40786
51 100 46825
51 101 18549
52 1 9534
52 2 19523
52 3 24228
52 4 24862
52 5 13377
52 6 10382
52 7 3893
52 8 11679
52 9 24737
52 10 9805
52 11 16052
52 12 19228
52 13 12750
52 14 27057
52 15 29197
52 16 25098
52 17 16600
52 18 -118
52 19 11465
52 20 22326
52 21 26347
52 22 33355
52 23 37119
52 24 28697
52 25 37946
52 26 15448
52 27 7217
52 28 11968
52 29 26947
52 30 13979
52 31 632
52 32 16984
52 33 22817
52 34 30578
52 35 33241
52 36 21988
52 37 21897
52 38 26544
52 39 38807
52 40 17371
52 41 29632
52 42 24184
52 43 29977
52 44 26243
52 45 13962
52 46 10499
52 47 16026
52 48 8172
52 49 20275
52 50 12673
52 51 18856
52 53 16057
52 54 25698
52 55 34621
52 56 34690
52 57 24944
52 58 16685
52 59 16662
52 60 9566
52 61 18040
52 62 7515
52 63 18284
52 64 19040
52 65 32149
52 66 22978
52 67 36681
52 68 22863
52 69 8809
52 70 10809
52 71 32181
52 72 28098
52 73 26337
52 74 33706
52 75 35546
52 76 18450
52 77 22755
52 78 29043
52 79 24793
52 80 26727
52 81 25124
52 82 7064
52 83 8723
52 84 15883
52 85 21211
52 86 22869
52 87 18605
52 88 4898
52 89 3531
52 90 22821
52 91 22374
52 92 18851
52 93 16289
52 94 12846
52 95 16134
52 96 12922
52 97 19448
52 98 21414
52 99 15985
52 100 22790
52 101 2937
53 1 12741
53 2 6462
53 3 18961
53 4 9722
53 5 17708
53 6 9271
53 7 19489
53 8 24226
53 9 26112
53 10 22375
53 11 30978
53 12 8477
53 13 3722
53 14 22357
53 15 18005
53 16 25652
53 17 23062
53 18 11501
53 19 27057
53 20 28829
53 21 10742
53 22 18237
53 23 21540
53 24 18148
53 25 23611
53 26 1306
53 27 7893
53 28 3947
53 29 19088
53 30 21733
53 31 12623
53 32 27834
53 33 21704
53 34 27606
53 35 33853
53 36 37209
53 37 18103
53 38 23866
53 39 23363
53 40 1875
53 41 15147
53 42 16061
53 43 21082
53 44 24186
53 45 24155
53 46 23914
53 47 31292
53 48 23419
53 49 35895
53 50 11145
53 51 21776
53 52 8612
53 54 12692
53 55 20641
53 56 19069
53 57 13190
53 58 2549
53 59 14201
53 60 16336
53 61 19795
53 62 22185
53 63 31578
53 64 33974
53 65 35709
53 66 29457
53 67 21208
53 68 14204
53 69 14039
53 70 19408
53 71 35189
53 72 12525
53 73 10925
53 74 18320
53 75 20037
53 76 12706
53 77 16755
53 78 25762
53 79 20628
53 80 17038
53 81 24247
53 82 21618
53 83 18175
53 84 21883
53 85 20351
53 86 24366
53 87 9396
53 88 19550
53 89 7174
53 90 34987
53 91 20601
53 92 14757
53 93 15513
53 94 8520
53 95 10921
53 96 11683
53 97 12977
53 98 18596
53 99 15320
53 100 19241
53 101 -3905
54 1 19914
54 2 17380
54 3 12282
54 4 -2153
54 5 37697
54 6 29245
54 7 36538
54 8 43720
54 9 23044
54 10 33652
54 11 44589
54 12 4096
54 13 21797
54 14 38041
54 15 27204
54 16 44351
54 17 43056
54 18 30867
54 19 42858
54 20 31848
54 21 12141
54 22 18237
54 23 14000
54 24 -136
54 25 5570
54 26 5286
54 27 23270
54 28 14625
54 29 4698
54 30 27933
54 31 25496
54 32 35432
54 33 18648
54 34 17931
54 35 27548
54 36 54891
54 37 35934
54 38 39906
54 39 10793
54 40 12631
54 41 17259
54 42 30160
54 43 32579
54 44 41506
54 45 44163
54 46 43193
54 47 48950
54 48 41178
54 49 51828
54 50 12868
54 51 22312
54 52 26098
54 53 20537
54 55 1923
54 56 11694
54 57 23775
54 58 18663
54 59 33083
54 60 36423
54 61 39110
54 62 36150
54 63 42284
54 64 46765
54 65 31614
54 66 30497
54 67 7509
54 68 3638
54 69 24946
54 70 28009
54 71 32130
54 72 10898
54 73 12965
54 74 17611
54 75 16411
54 76 11691
54 77 11315
54 78 17217
54 79 13379
54 80 5175
54 81 20121
54 82 40110
54 83 38143
54 84 41926
54 85 39097
54 86 43027
54 87 24601
54 88 34444
54 89 27044
54 90 44533
54 91 38715
54 92 32957
54 93 34584
54 94 27879
54 95 29417
54 96 31216
54 97 30342
54 98 36838
54 99 34721
54 100 36741
54 101 14427
55 1 28361
55 2 20956
55 3 19566
55 4 -2829
55 5 44193
55 6 35868
55 7 44768
55 8 51327
55 9 29835
55 10 42120
55 11 53073
55 12 12568
55 13 27563
55 14 41672
55 15 28669
55 16 49582
55 17 49467
55 18 38505
55 19 51261
55 20 39596
55 21 15389
55 22 17969
55 23 9615
55 24 2030
55 25 -2866
55 26 12557
55 27 31430
55 28 22813
55 29 8959
55 30 36144
55 31 33969
55 32 43633
55 33 25979
55 34 22790
55 35 33051
55 36 63100
55 37 40960
55 38 43364
55 39 4932
55 40 18254
55 41 17033
55 42 33561
55 43 34498
55 44 45895
55 45 51316
55 46 50928
55 47 57144
55 48 49330
55 49 60247
55 50 21121
55 51 29925
55 52 34175
55 53 27640
55 54 1077
55 56 9096
55 57 26437
55 58 24616
55 59 38749
55 60 43409
55 61 44843
55 62 44620
55 63 50696
55 64 55234
55 65 37363
55 66 37699
55 67 -52
55 68 11052
55 69 33423
55 70 36420
55 71 38528
55 72 11961
55 73 15198
55 74 17918
55 75 15152
55 76 20028
55 77 19116
55 78 22941
55 79 20089
55 80 12765
55 81 27057
55 82 48081
55 83 45366
55 84 48495
55 85 44515
55 86 48109
55 87 28940
55 88 42854
55 89 34366
55 90 52896
55 91 43707
55 92 38276
55 93 40276
55 94 34031
55 95 35042
55 96 37354
55 97 35410
55 98 42050
55 99 40705
55 100 41496
55 101 22086
56 1 33199
56 2 11002
56 3 29218
56 4 -3127
56 5 37733
56 6 30516
56 7 44323
56 8 47688
56 9 40022
56 10 45768
56 11 55399
56 12 18071
56 13 20922
56 14 29996
56 15 15121
56 16 40235
56 17 42310
56 18 35544
56 19 51877
56 20 47501
56 21 8455
56 22 4011
56 23 -2803
56 24 15806
56 25 7950
56 26 12942
56 27 31960
56 28 24467
56 29 21886
56 30 42307
56 31 36434
56 32 49556
56 33 35303
56 34 35371
56 35 44986
56 36 61792
56 37 31811
56 38 31143
56 39 530
56 40 13552
56 41 2715
56 42 22039
56 43 21098
56 44 35170
56 45 46087
56 46 47430
56 47 55940
56 48 48098
56 49 60735
56 50 27788
56 51 38403
56 52 33452
56 53 25276
56 54 10056
56 55 8304
56 57 14543
56 58 19473
56 59 30913
56 60 38302
56 61 36553
56 62 46596
56 63 54934
56 64 58277
56 65 48974
56 66 46907
56 67 -2839
56 68 20754
56 69 36523
56 70 41227
56 71 49273
56 72 1708
56 73 5569
56 74 5266
56 75 836
56 76 26692
56 77 27755
56 78 34664
56 79 30601
56 80 22292
56 81 37089
56 82 46077
56 83 40730
56 84 41981
56 85 35832
56 86 38264
56 87 19295
56 88 44103
56 89 30937
56 90 57727
56 91 34180
56 92 29837
56 93 32265
56 94 27702
56 95 27492
56 96 30597
56 97 26768
56 98 33176
56 99 33447
56 100 31730
56 101 20829
57 1 32381
57 2 -1849
57 3 36381
57 4 12979
57 5 20444
57 6 16542
57 7 33844
57 8 32692
57 9 45206
57 10 40584
57 11 47307
57 12 24082
57 13 7655
57 14 9060
57 15 -1641
57 16 19906
57 17 23496
57 18 22729
57 19 41578
57 20 48472
57 21 12405
57 22 8918
57 23 13959
57 24 30088
57 25 27484
57 26 15448
57 27 26833
57 28 23307
57 29 33796
57 30 41240
57 31 30795
57 32 46860
57 33 40480
57 34 44931
57 35 52451
57 36 48360
57 37 12277
57 38 10528
57 39 21530
57 40 10431
57 41 1812
57 42 1039
57 43 2505
57 44 14217
57 45 29145
57 46 31865
57 47 43124
57 48 35812
57 49 49366
57 50 30356
57 51 41270
57 52 24393
57 53 20084
57 54 22824
57 55 26332
57 56 15230
57 58 12010
57 59 13016
57 60 22739
57 61 17157
57 62 38908
57 63 49503
57 64 50170
57 65 54943
57 66 49101
57 67 17202
57 68 29713
57 69 33394
57 70 38691
57 71 54457
57 72 10021
57 73 8273
57 74 12231
57 75 13742
57 76 30909
57 77 34198
57 78 43278
57 79 38208
57 80 31768
57 81 42926
57 82 33325
57 83 25211
57 84 24203
57 85 16372
57 86 17534
57 87 796
57 88 36290
57 89 19239
57 90 53499
57 91 13926
57 92 11406
57 93 13704
57 94 12970
57 95 10921
57 96 14187
57 97 8759
57 98 13816
57 99 16039
57 100 11451
57 101 14818
58 1 17839
58 2 1375
58 3 23027
58 4 8552
58 5 17063
58 6 8934
58 7 22838
58 8 25743
58 9 30929
58 10 27067
58 11 35119
58 12 11519
58 13 585
58 14 18344
58 15 12919
58 16 23180
58 17 22303
58 18 13526
58 19 30618
58 20 33926
58 21 7958
58 22 14123
58 23 18237
58 24 20228
58 25 23142
58 26 3093
58 27 12709
58 28 8819
58 29 22182
58 30 26812
58 31 17259
58 32 32793
58 33 26367
58 34 31740
58 35 38485
58 36 39839
58 37 14943
58 38 20078
58 39 21315
58 40 -710
58 41 10557
58 42 11478
58 43 16197
58 44 20853
58 45 24686
58 46 25501
58 47 34041
58 48 26242
58 49 39239
58 50 15984
58 51 26769
58 52 12227
58 53 5536
58 54 13805
58 55 20604
58 56 16253
58 57 8103
58 59 11870
58 60 16728
58 61 17916
58 62 26394
58 63 36216
58 64 38138
58 65 40599
58 66 34541
58 67 18952
58 68 17442
58 69 19063
58 70 24425
58 71 40087
58 72 9363
58 73 7315
58 74 14596
58 75 16562
58 76 17043
58 77 20797
58 78 29941
58 79 24793
58 80 19938
58 81 28879
58 82 24113
58 83 19002
58 84 21378
58 85 17900
58 86 21883
58 87 4899
58 88 23700
58 89 8923
58 90 39794
58 91 17677
58 92 11824
58 93 13376
58 94 6865
58 95 8209
58 96 10195
58 97 9440
58 98 15725
58 99 13600
58 100 15917
58 101 678
59 1 26318
59 2 7972
59 3 36119
59 4 22861
59 5 4170
59 6 4440
59 7 20013
59 8 16633
59 9 41498
59 10 29650
59 11 33977
59 12 25892
59 13 3557
59 14 7175
59 15 12103
59 16 8202
59 17 8134
59 18 8297
59 19 27153
59 20 41409
59 21 21472
59 22 23550
59 23 28866
59 24 35218
59 25 37709
59 26 17983
59 27 19933
59 28 20590
59 29 36548
59 30 33284
59 31 20515
59 32 36908
59 33 37824
59 34 44552
59 35 49745
59 36 32462
59 37 1978
59 38 7474
59 39 34334
59 40 14193
59 41 17651
59 42 5408
59 43 10872
59 44 7264
59 45 12893
59 46 15614
59 47 27544
59 48 20649
59 49 34112
59 50 26990
59 51 36274
59 52 12917
59 53 17901
59 54 28938
59 55 35450
59 56 28406
59 57 9822
59 58 12583
59 60 6882
59 61 2833
59 62 26350
59 63 37682
59 64 36323
59 65 50361
59 66 42212
59 67 31278
59 68 31667
59 69 26057
59 70 30185
59 71 49981
59 72 21700
59 73 19315
59 74 25508
59 75 27584
59 76 29714
59 77 33971
59 78 42698
59 79 37646
59 80 34449
59 81 40384
59 82 18185
59 83 9170
59 84 8090
59 85 2889
59 86 6926
59 87 2805
59 88 24286
59 89 7552
59 90 42637
59 91 3351
59 92 -500
59 93 -1735
59 94 2646
59 95 1029
59 96 -679
59 97 2357
59 98 1611
59 99 -164
59 100 2927
59 101 9427
60 1 22604
60 2 17079
60 3 35717
60 4 29124
60 5 157
60 6 6173
60 7 10273
60 8 6081
60 9 38023
60 10 21611
60 11 24110
60 12 27891
60 13 10313
60 14 16026
60 15 22859
60 16 12149
60 17 3695
60 18 -1026
60 19 16733
60 20 35674
60 21 28446
60 22 32643
60 23 37719
60 24 37874
60 25 43528
60 26 21528
60 27 17647
60 28 20923
60 29 37609
60 30 27291
60 31 13587
60 32 29138
60 33 35552
60 34 43121
60 35 46522
60 36 21773
60 37 12173
60 38 14020
60 39 41831
60 40 19865
60 41 27429
60 42 16126
60 43 21352
60 44 14003
60 45 4080
60 46 5522
60 47 16774
60 48 9968
60 49 23360
60 50 24973
60 51 32229
60 52 6446
60 53 20661
60 54 32903
60 55 40735
60 56 36420
60 57 20170
60 58 18066
60 59 7507
60 61 5013
60 62 17218
60 63 28685
60 64 26030
60 65 45595
60 66 36224
60 67 39310
60 68 32907
60 69 21893
60 70 24140
60 71 45628
60 72 29483
60 73 27179
60 74 34000
60 75 36121
60 76 29412
60 77 33863
60 78 41411
60 79 36758
60 80 36228
60 81 37983
60 82 7568
60 83 -1352
60 84 2591
60 85 9546
60 86 9514
60 87 13001
60 88 15968
60 89 4524
60 90 34337
60 91 10674
60 92 10264
60 93 5315
60 94 8217
60 95 9835
60 96 4761
60 97 12621
60 98 11158
60 99 6144
60 100 12250
60 101 9651
61 1 32590
61 2 16362
61 3 44011
61 4 31813
61 5 2393
61 6 11547
61 7 21197
61 8 13784
61 9 48060
61 10 32791
61 11 34738
61 12 34436
61 13 12530
61 14 6261
61 15 17252
61 16 969
61 17 266
61 18 10155
61 19 26781
61 20 46532
61 21 30383
61 22 31612
61 23 36928
61 24 43993
61 25 46679
61 26 26785
61 27 26691
61 28 28516
61 29 44960
61 30 38185
61 31 24621
61 32 40318
61 33 44952
61 34 52128
61 35 56488
61 36 29119
61 37 6799
61 38 2883
61 39 43007
61 40 23185
61 41 25114
61 42 10010
61 43 13484
61 44 3172
61 45 7607
61 46 11004
61 47 25253
61 48 19547
61 49 32032
61 50 34158
61 51 42478
61 52 17199
61 53 26399
61 54 37869
61 55 44448
61 56 36950
61 57 16867
61 58 21533
61 59 5737
61 60 7292
61 62 28274
61 63 39718
61 64 36069
61 65 56217
61 66 47176
61 67 39698
61 68 40075
61 69 32010
61 70 35016
61 71 56066
61 72 30400
61 73 28030
61 74 33930
61 75 35930
61 76 37573
61 77 41943
61 78 50308
61 79 45379
61 80 42993
61 81 47472
61 82 17610
61 83 7558
61 84 2954
61 85 1976
61 86 -1102
61 87 10673
61 88 27148
61 89 13273
61 90 45501
61 91 1372
61 92 7462
61 93 1265
61 94 11133
61 95 10029
61 96 6599
61 97 10699
61 98 5621
61 99 5846
61 100 4704
61 101 17118
62 1 13537
62 2 34770
62 3 29772
62 4 37668
62 5 25096
62 6 25247
62 7 2938
62 8 15197
62 9 23044
62 10 -1133
62 11 1027
62 12 29589
62 13 28043
62 14 40779
62 15 44418
62 16 36994
62 17 24884
62 18 10705
62 19 -124
62 20 16037
62 21 40558
62 22 48158
62 23 51317
62 24 36875
62 25 49430
62 26 28244
62 27 19768
62 28 23755
62 29 33014
62 30 8703
62 31 3
62 32 5337
62 33 24917
62 34 31838
62 35 30674
62 36 13847
62 37 36065
62 38 38938
62 39 51942
62 40 31841
62 41 44715
62 42 39039
62 43 44786
62 44 39002
62 45 19282
62 46 9170
62 47 9129
62 48 4059
62 49 8216
62 50 17772
62 51 17229
62 52 8289
62 53 30404
62 54 36524
62 55 45840
62 56 48608
62 57 40233
62 58 31626
62 59 30869
62 60 21112
62 61 29889
62 63 3686
62 64 4008
62 65 25839
62 66 14931
62 67 49759
62 68 30804
62 69 15068
62 70 7561
62 71 27612
62 72 42382
62 73 40891
62 74 48285
62 75 49948
62 76 26109
62 77 29405
62 78 31355
62 79 28861
62 80 35388
62 81 26298
62 82 8628
62 83 17664
62 84 25850
62 85 34382
62 86 33619
62 87 33785
62 88 2168
62 89 18556
62 90 9892
62 91 35566
62 92 33320
62 93 29790
62 94 27879
62 95 31044
62 96 27223
62 97 34371
62 98 35341
62 99 29849
62 100 36666
62 101 17118
63 1 18715
63 2 44932
63 3 33035
63 4 45063
63 5 36489
63 6 36280
63 7 14242
63 8 25743
63 9 21391
63 10 2029
63 11 1027
63 12 35925
63 13 38604
63 14 52151
63 15 55149
63 16 48362
63 17 35823
63 18 22099
63 19 5656
63 20 12340
63 21 49343
63 22 57450
63 23 59774
63 24 40854
63 25 55536
63 26 36197
63 27 28756
63 28 31664
63 29 35737
63 30 8389
63 31 8247
63 32 -2219
63 33 26367
63 34 31225
63 35 27273
63 36 18327
63 37 47352
63 38 50311
63 39 59393
63 40 41047
63 41 54421
63 42 50118
63 43 55898
63 44 50402
63 45 29818
63 46 17654
63 47 16026
63 48 13552
63 49 8649
63 50 22009
63 51 16826
63 52 18992
63 53 39731
63 54 42592
63 55 51850
63 56 56880
63 57 50762
63 58 41382
63 59 42135
63 60 32513
63 61 41267
63 62 3620
63 64 -2594
63 65 19257
63 66 8137
63 67 56981
63 68 35313
63 69 22205
63 70 10809
63 71 23147
63 72 51145
63 73 49981
63 74 57330
63 75 58745
63 76 31255
63 77 33525
63 78 31885
63 79 30999
63 80 40299
63 81 26806
63 82 19475
63 83 28945
63 84 37114
63 85 45774
63 86 44844
63 87 44595
63 88 12872
63 89 29484
63 90 2962
63 91 46961
63 92 44529
63 93 41156
63 94 38827
63 95 42073
63 96 38456
63 97 45399
63 98 46667
63 99 41166
63 100 48007
63 101 26551
64 1 32512
64 2 55566
64 3 47382
64 4 58262
64 5 42685
64 6 45281
64 7 21453
64 8 29045
64 9 35443
64 10 15214
64 11 5965
64 12 49548
64 13 48622
64 14 58943
64 15 64625
64 16 53716
64 17 39098
64 18 29602
64 19 7656
64 20 26212
64 21 61554
64 22 69175
64 23 72282
64 24 55163
64 25 69350
64 26 49002
64 27 40732
64 28 44443
64 29 50149
64 30 22810
64 31 20465
64 32 11322
64 33 40789
64 34 45354
64 35 40528
64 36 13157
64 37 55074
64 38 55326
64 39 72587
64 40 52864
64 41 65659
64 42 58659
64 43 64208
64 44 56249
64 45 32400
64 46 16784
64 47 15140
64 48 16609
64 49 353
64 50 36140
64 51 31178
64 52 29048
64 53 51427
64 54 56373
64 55 65688
64 56 69523
64 57 60729
64 58 52604
64 59 50076
64 60 39158
64 61 46918
64 62 13242
64 63 6706
64 65 30354
64 66 20010
64 67 70323
64 68 49490
64 69 35241
64 70 24822
64 71 36083
64 72 63381
64 73 61914
64 74 69308
64 75 70956
64 76 45222
64 77 47745
64 78 46227
64 79 45418
64 80 54393
64 81 41182
64 82 24415
64 83 34417
64 84 42057
64 85 52513
64 86 48915
64 87 54000
64 88 23156
64 89 38886
64 90 17358
64 91 53541
64 92 52708
64 93 48350
64 94 48011
64 95 50964
64 96 46647
64 97 54243
64 98 54148
64 99 48845
64 100 55295
64 101 38142
65 1 29302
65 2 58115
65 3 28914
65 4 46055
65 5 62153
65 6 57045
65 7 43924
65 8 56808
65 9 10365
65 10 28777
65 11 36646
65 12 38557
65 13 55559
65 14 73784
65 15 69870
65 16 73653
65 17 64924
65 18 48239
65 19 40636
65 20 14710
65 21 56622
65 22 64888
65 23 62256
65 24 31971
65 25 50607
65 26 43224
65 27 44477
65 28 41913
65 29 24990
65 30 20381
65 31 30608
65 32 17941
65 33 21874
65 34 12932
65 35 3093
65 36 54118
65 37 68658
65 38 74466
65 39 58561
65 40 51629
65 41 63433
65 42 68332
65 43 73425
65 44 74178
65 45 60617
65 46 51645
65 47 50944
65 48 46538
65 49 44344
65 50 25818
65 51 15251
65 52 41787
65 53 52792
65 54 40852
65 55 47447
65 56 59850
65 57 65132
65 58 54695
65 59 63744
65 60 58353
65 61 66696
65 62 34703
65 63 28187
65 64 29984
65 66 -623
65 67 53682
65 68 32059
65 69 37090
65 70 27058
65 71 3426
65 72 57314
65 73 57915
65 74 64165
65 75 63981
65 76 33763
65 77 31926
65 78 18892
65 79 23807
65 80 37560
65 81 19083
65 82 50173
65 83 56887
65 84 64563
65 85 69205
65 86 71633
65 87 61681
65 88 39672
65 89 50786
65 90 31063
65 91 70194
65 92 65271
65 93 64149
65 94 58427
65 95 61666
65 96 60190
65 97 64476
65 98 68610
65 99 63668
65 100 69819
65 101 41553
66 1 19600
66 2 50043
66 3 24793
66 4 41966
66 5 50503
66 6 46473
66 7 31008
66 8 43883
66 9 6298
66 10 15564
66 11 23048
66 12 32889
66 13 46126
66 14 63532
66 15 61684
66 16 62300
66 17 52568
66 18 36198
66 19 27057
66 20 2845
66 21 50292
66 22 58892
66 23 58181
66 24 31095
66 25 48890
66 26 36430
66 27 34520
66 28 33614
66 29 24371
66 30 8389
66 31 18442
66 32 4341
66 33 16681
66 34 14811
66 35 7176
66 36 40521
66 37 58270
66 38 63629
66 39 55514
66 40 44003
66 41 57002
66 42 58963
66 43 64450
66 44 63300
66 45 47819
66 46 38239
66 47 37389
66 48 33206
66 49 30915
66 50 18354
66 51 7229
66 52 30194
66 53 44118
66 54 37313
66 55 45361
66 56 55361
66 57 56868
66 58 46215
66 59 53173
66 60 46560
66 61 55233
66 62 21373
66 63 14645
66 64 17218
66 65 -3045
66 67 51851
66 68 28301
66 69 26675
66 70 15217
66 71 2564
66 72 51532
66 73 51496
66 74 58270
66 75 58713
66 76 27427
66 77 27020
66 78 18059
66 79 20628
66 80 33787
66 81 14966
66 82 37217
66 83 44615
66 84 52522
66 85 58249
66 86 59961
66 87 52458
66 88 26988
66 89 39887
66 90 17464
66 91 59353
66 92 54970
66 93 53248
66 94 48245
66 95 51591
66 96 49498
66 97 54628
66 98 58038
66 99 52827
66 100 59354
66 101 32120
67 1 45410
67 2 26496
67 3 37918
67 4 7836
67 5 53382
67 6 46106
67 7 59063
67 8 63184
67 9 48274
67 10 58829
67 11 69182
67 12 29358
67 13 36561
67 14 44183
67 15 28079
67 16 55438
67 17 57897
67 18 50866
67 19 66346
67 20 57807
67 21 23768
67 22 18326
67 23 1917
67 24 19931
67 25 8661
67 26 26546
67 27 46097
67 28 37967
67 29 27054
67 30 53848
67 31 49986
67 32 61335
67 33 44344
67 34 40768
67 35 51184
67 36 76903
67 37 47191
67 38 44635
67 39 3429
67 40 28768
67 41 15712
67 42 36605
67 43 33822
67 44 49841
67 45 61729
67 46 62940
67 47 70991
67 48 63118
67 49 75318
67 50 38796
67 51 48202
67 52 48164
67 53 40136
67 54 18592
67 55 11877
67 56 9882
67 57 29236
67 58 34893
67 59 46506
67 60 53913
67 61 52022
67 62 60468
67 63 67756
67 64 71798
67 65 55527
67 66 56118
67 68 29323
67 69 49653
67 70 53577
67 71 56919
67 72 17322
67 73 21215
67 74 20667
67 75 15687
67 76 37573
67 77 37252
67 78 41253
67 79 38526
67 80 30951
67 81 45489
67 82 61258
67 83 56316
67 84 57624
67 85 51263
67 86 53225
67 87 34695
67 88 58213
67 89 46273
67 90 70184
67 91 49393
67 92 45368
67 93 47820
67 94 43345
67 95 43127
67 96 46249
67 97 42301
67 98 48601
67 99 49078
67 100 46914
67 101 35486
68 1 12330
68 2 22734
68 3 2240
68 4 7653
68 5 37661
68 6 29509
68 7 31637
68 8 40853
68 9 13004
68 10 25964
68 11 37372
68 12 2087
68 13 24032
68 14 42163
68 15 33881
68 16 46266
68 17 42834
68 18 28280
68 19 36721
68 20 22132
68 21 19095
68 22 26781
68 23 23932
68 24 -287
68 25 14552
68 26 7457
68 27 19697
68 28 11869
68 29 -1523
68 30 18979
68 31 18961
68 32 26401
68 33 8645
68 34 9086
68 35 17977
68 36 49696
68 37 38561
68 38 43929
68 39 20825
68 40 16427
68 41 25560
68 42 34908
68 43 38613
68 44 44600
68 45 42385
68 46 39749
68 47 43926
68 48 36451
68 49 45426
68 50 4319
68 51 12477
68 52 22267
68 53 21053
68 54 2642
68 55 10902
68 56 21396
68 57 29668
68 58 21304
68 59 34816
68 60 35431
68 61 40320
68 62 29434
68 63 34009
68 64 38886
68 65 21825
68 66 20489
68 67 17244
68 69 18655
68 70 19903
68 71 22147
68 72 19195
68 73 20333
68 74 26052
68 75 25575
68 76 4043
68 77 1755
68 78 7800
68 79 3434
68 80 -887
68 81 10074
68 82 36188
68 83 36453
68 84 41589
68 85 40967
68 86 44978
68 87 28585
68 88 28539
68 89 25734
68 90 36027
68 91 41159
68 92 35277
68 93 36118
68 94 29126
68 95 31467
68 96 32215
68 97 33204
68 98 39151
68 99 35875
68 100 39636
68 101 13001
69 1 -1226
69 2 22387
69 3 14268
69 4 21077
69 5 23488
69 6 18038
69 7 11257
69 8 21974
69 9 14184
69 10 7307
69 11 17724
69 12 12568
69 13 17589
69 14 34989
69 15 33658
69 16 34681
69 17 27281
69 18 10651
69 19 16210
69 20 13599
69 21 25301
69 22 33620
69 23 35612
69 24 20327
69 25 32425
69 26 12032
69 27 5953
69 28 7506
69 29 17392
69 30 5920
69 31 -1407
69 32 11872
69 33 12066
69 34 19848
69 35 22674
69 36 29092
69 37 29761
69 38 35437
69 39 35411
69 40 17371
69 41 30943
69 42 30375
69 43 35951
69 44 35134
69 45 24655
69 46 20018
69 47 23368
69 48 16044
69 49 25068
69 50 2277
69 51 8508
69 52 3762
69 53 16437
69 54 19499
69 55 28822
69 56 32714
69 57 28898
69 58 18474
69 59 24755
69 60 19966
69 61 27804
69 62 9247
69 63 16450
69 64 20186
69 65 22405
69 66 14412
69 67 33123
69 68 14204
69 70 3408
69 71 22130
69 72 27070
69 73 26079
69 74 33366
69 75 34660
69 76 9427
69 77 13247
69 78 18387
69 79 14404
69 80 18584
69 81 14354
69 82 16415
69 83 19485
69 84 26412
69 85 30154
69 86 32830
69 87 23949
69 88 7926
69 89 11748
69 90 19371
69 91 31150
69 92 26419
69 93 25098
69 94 19640
69 95 22971
69 96 21159
69 97 25993
69 98 29628
69 99 24619
69 100 30889
69 101 3789
70 1 2364
70 2 31371
70 3 17252
70 4 28876
70 5 29744
70 6 25865
70 7 12022
70 8 24646
70 9 10419
70 10 604
70 11 12200
70 12 19574
70 13 26282
70 14 42933
70 15 42557
70 16 41497
70 17 32277
70 18 15611
70 19 13017
70 20 5943
70 21 34019
70 22 42455
70 23 44000
70 24 24864
70 25 39135
70 26 20447
70 27 14798
70 28 16152
70 29 20347
70 30 -2422
70 31 -2006
70 32 2934
70 33 11795
70 34 18746
70 35 18565
70 36 26984
70 37 37667
70 38 42843
70 39 43179
70 40 26312
70 41 39886
70 42 38919
70 43 44595
70 44 42518
70 45 28222
70 46 20907
70 47 22004
70 48 15860
70 49 20867
70 50 5731
70 51 4395
70 52 9393
70 53 25437
70 54 26193
70 55 35450
70 56 41049
70 57 37826
70 58 27467
70 59 32514
70 60 25844
70 61 34441
70 62 5371
70 63 8685
70 64 13398
70 65 16004
70 66 6585
70 67 40678
70 68 19083
70 69 7039
70 71 16454
70 72 35728
70 73 34896
70 74 42127
70 75 43286
70 76 14866
70 77 17371
70 78 18203
70 79 15920
70 80 23983
70 81 13152
70 82 18185
70 83 24238
70 84 31952
70 85 37466
70 86 39227
70 87 32636
70 88 7548
70 89 19176
70 90 11020
70 91 38587
70 92 34426
70 93 32481
70 94 27831
70 95 31205
70 96 28809
70 97 34357
70 98 37362
70 99 32082
70 100 38704
70 101 12718
71 1 19141
71 2 47863
71 3 19244
71 4 36669
71 5 52324
71 6 46908
71 7 35140
71 8 47914
71 9 226
71 10 20702
71 11 30086
71 12 28610
71 13 45276
71 14 63553
71 15 59621
71 16 63676
71 17 55451
71 18 38666
71 19 33411
71 20 6270
71 21 46618
71 22 54993
71 23 52949
71 24 23820
71 25 42190
71 26 33094
71 27 34282
71 28 31622
71 29 16859
71 30 11366
71 31 21312
71 32 11804
71 33 11795
71 34 5992
71 35 -2241
71 36 47335
71 37 58460
71 38 64323
71 39 49610
71 40 41406
71 41 53449
71 42 58039
71 43 63132
71 44 64059
71 45 51544
71 46 43527
71 47 43452
71 48 38348
71 49 38625
71 50 15536
71 51 5035
71 52 32043
71 53 42496
71 54 31592
71 55 38836
71 56 50373
71 57 54870
71 58 44407
71 59 53588
71 60 48610
71 61 56769
71 62 26700
71 63 22301
71 64 25937
71 65 -6350
71 66 -4790
71 67 45298
71 68 22605
71 69 27039
71 70 17732
71 72 47450
71 73 47904
71 74 54284
71 75 54272
71 76 23630
71 77 22073
71 78 10364
71 79 14379
71 80 28129
71 81 9183
71 82 41372
71 83 47414
71 84 54917
71 85 59124
71 86 61761
71 87 51386
71 88 30729
71 89 40746
71 90 24509
71 91 60078
71 92 55065
71 93 54061
71 94 48215
71 95 51435
71 96 50066
71 97 54216
71 98 58445
71 99 53573
71 100 59630
71 101 31284
72 1 27843
72 2 4362
72 3 26240
72 4 -2429
72 5 30613
72 6 23306
72 7 37411
72 8 40483
72 9 36701
72 10 39712
72 11 48911
72 12 14111
72 13 13737
72 14 24501
72 15 11327
72 16 33713
72 17 35318
72 18 28391
72 19 45062
72 20 42942
72 21 1613
72 22 2090
72 23 3518
72 24 16037
72 25 11967
72 26 7386
72 27 25506
72 28 18576
72 29 20997
72 30 37131
72 31 30178
72 32 44123
72 33 31800
72 34 33681
72 35 42597
72 36 54692
72 37 25150
72 38 26052
72 39 7131
72 40 6569
72 41 928
72 42 16384
72 43 17072
72 44 29178
72 45 38905
72 46 40222
72 47 48870
72 48 41047
72 49 53844
72 50 23277
72 51 34277
72 52 26593
72 53 18465
72 54 8993
72 55 10902
72 56 1441
72 57 9067
72 58 12316
72 59 23940
72 60 31098
72 61 29736
72 62 40103
72 63 48932
72 64 51868
72 65 46171
72 66 42811
72 67 4334
72 68 18286
72 69 30612
72 70 35639
72 71 46083
72 73 -1565
72 74 1357
72 75 2098
72 76 22504
72 77 24414
72 78 32498
72 79 27905
72 80 19960
72 81 33874
72 82 38968
72 83 33520
72 84 34883
72 85 29079
72 86 31944
72 87 12690
72 88 37520
72 89 23789
72 90 51941
72 91 27681
72 92 22974
72 93 25348
72 94 20522
72 95 20438
72 96 23472
72 97 19918
72 98 26448
72 99 26392
72 100 25288
72 101 14095
73 1 26442
73 2 1320
73 3 26240
73 4 29
73 5 27465
73 6 20251
73 7 34798
73 8 37481
73 9 36365
73 10 37764
73 11 46631
73 12 13850
73 13 10627
73 14 21776
73 15 9518
73 16 30629
73 17 32156
73 18 25508
73 19 42521
73 20 41911
73 21 303
73 22 2836
73 23 6196
73 24 17523
73 25 14741
73 26 6282
73 27 23371
73 28 16960
73 29 21949
73 30 35764
73 31 28119
73 32 42554
73 33 31442
73 34 34145
73 35 42675
73 36 51864
73 37 22042
73 38 23439
73 39 10293
73 40 4111
73 41 830
73 42 13655
73 43 15016
73 44 26258
73 45 35792
73 46 37206
73 47 46079
73 48 38284
73 49 51225
73 50 22427
73 51 33533
73 52 24056
73 53 16089
73 54 10284
73 55 13363
73 56 4526
73 57 6543
73 58 9492
73 59 20779
73 60 28018
73 61 26590
73 62 37836
73 63 46992
73 64 49625
73 65 45996
73 66 41999
73 67 7451
73 68 18648
73 69 28845
73 70 34031
73 71 45761
73 72 -2341
73 74 2667
73 75 4523
73 76 21922
73 77 24269
73 78 32782
73 79 27994
73 80 20437
73 81 33642
73 82 36140
73 83 30461
73 84 31730
73 85 25947
73 86 28910
73 87 9616
73 88 35200
73 89 20925
73 90 50152
73 91 24610
73 92 19825
73 93 22191
73 94 17406
73 95 17277
73 96 20325
73 97 16773
73 98 23323
73 99 23232
73 100 22238
73 101 11748
74 1 30648
74 2 4025
74 3 29399
74 4 29
74 5 31040
74 6 24248
74 7 39216
74 8 41540
74 9 39834
74 10 42191
74 11 51103
74 12 17237
74 13 14502
74 14 23088
74 15 8968
74 16 33171
74 17 35431
74 18 29749
74 19 46959
74 20 45911
74 21 4212
74 22 -1073
74 23 1959
74 24 18933
74 25 13776
74 26 10273
74 27 27828
74 28 21251
74 29 24065
74 30 39959
74 31 32568
74 32 46851
74 33 34926
74 34 36826
74 35 45759
74 36 56138
74 37 24781
74 38 24408
74 39 7566
74 40 8583
74 41 -2157
74 42 15062
74 43 14857
74 44 28136
74 45 39545
74 46 41227
74 47 50389
74 48 42617
74 49 55632
74 50 26292
74 51 37329
74 52 28503
74 53 20562
74 54 12008
74 55 13161
74 56 1301
74 57 7579
74 58 13851
74 59 24050
74 60 31917
74 61 29568
74 62 42308
74 63 51419
74 64 54097
74 65 49324
74 66 45851
74 67 3981
74 68 21445
74 69 33210
74 70 38340
74 71 49219
74 72 -2341
74 73 -255
74 75 319
74 76 25582
74 77 27561
74 78 35657
74 79 31067
74 80 23113
74 81 37017
74 82 40426
74 83 34405
74 84 35240
74 85 28825
74 86 31195
74 87 12267
74 88 39672
74 89 25201
74 90 54535
74 91 27116
74 92 22896
74 93 25348
74 94 21228
74 95 20736
74 96 23944
74 97 19829
74 98 26165
74 99 26669
74 100 24662
74 101 16220
75 1 33135
75 2 7552
75 3 30682
75 4 -556
75 5 34634
75 6 27839
75 7 42594
75 8 45127
75 9 41346
75 10 45097
75 11 54259
75 12 18897
75 13 18103
75 14 25958
75 15 11004
75 16 36522
75 17 38973
75 18 33278
75 19 50297
75 20 48049
75 21 6990
75 22 -112
75 23 -1598
75 24 18708
75 25 11886
75 26 12660
75 27 30875
75 28 23939
75 29 24371
75 30 42398
75 31 35560
75 32 49447
75 33 36498
75 34 37547
75 35 46836
75 36 59653
75 37 28219
75 38 27042
75 39 4575
75 40 11810
75 41 -1306
75 42 18059
75 43 16980
75 44 31240
75 45 43149
75 46 44820
75 47 53881
75 48 46091
75 49 59025
75 50 28333
75 51 39229
75 52 31825
75 53 23761
75 54 12290
75 55 11877
75 56 -1647
75 57 10572
75 58 17299
75 59 27608
75 60 35520
75 61 33050
75 62 45453
75 63 54316
75 64 57227
75 65 50622
75 66 47776
75 67 483
75 68 22450
75 69 35986
75 70 40981
75 71 50689
75 72 -118
75 73 3083
75 74 1801
75 76 27427
75 77 29004
75 78 36592
75 79 32234
75 80 24039
75 81 38458
75 82 43933
75 83 38005
75 84 38825
75 85 32289
75 86 34439
75 87 15721
75 88 42854
75 89 28711
75 90 57312
75 91 30469
75 92 26419
75 93 28880
75 94 24833
75 95 24324
75 96 27544
75 97 23357
75 98 29628
75 99 30250
75 100 27999
75 101 19408
76 1 4932
76 2 20973
76 3 2865
76 4 11431
76 5 31741
76 6 24062
76 7 24077
76 8 33692
76 9 10954
76 10 18715
76 11 29979
76 12 1947
76 13 19997
76 14 38633
76 15 32672
76 16 41274
76 17 36653
76 18 21335
76 19 29127
76 20 17246
76 21 19502
76 22 28014
76 23 27400
76 24 7328
76 25 20731
76 26 5893
76 27 12815
76 28 6170
76 29 4933
76 30 12703
76 31 11374
76 32 20195
76 33 6073
76 34 11344
76 35 17977
76 36 42085
76 37 34256
76 38 40124
76 39 25483
76 40 14402
76 41 26325
76 42 32090
76 43 36649
76 44 40324
76 45 35561
76 46 32385
76 47 36328
76 48 28892
76 49 37874
76 50 -2338
76 51 8229
76 52 15015
76 53 16716
76 54 7856
76 55 17039
76 56 24495
76 57 28025
76 58 18066
76 59 30024
76 60 29097
76 61 34979
76 62 21900
76 63 27112
76 64 31779
76 65 20690
76 66 16776
76 67 22655
76 68 1204
76 69 11039
76 70 12847
76 71 20333
76 72 20574
76 73 20768
76 74 27350
76 75 27713
76 77 878
76 78 9492
76 79 4379
76 80 5715
76 81 8457
76 82 28781
76 83 29760
76 84 35443
76 85 36092
76 86 39898
76 87 25475
76 88 20923
76 89 19511
76 90 29296
76 91 36590
76 92 30865
76 93 31112
76 94 24274
76 95 27029
76 96 27046
76 97 29247
76 98 34625
76 99 30721
76 100 35424
76 101 7275
77 1 7718
77 2 23943
77 3 -1015
77 4 11714
77 5 35847
77 6 28100
77 7 27728
77 8 37679
77 9 9097
77 10 21143
77 11 32626
77 12 3420
77 13 23708
77 14 42272
77 15 35497
77 16 45262
77 17 40775
77 18 25402
77 19 32285
77 20 17310
77 21 21493
77 22 29721
77 23 27970
77 24 4286
77 25 19470
77 26 8508
77 27 16921
77 28 10152
77 29 978
77 30 13979
77 31 14553
77 32 21404
77 33 4303
77 34 7699
77 35 15217
77 36 45515
77 37 38079
77 38 43856
77 39 25310
77 40 17371
77 41 28275
77 42 35489
77 43 39777
77 44 44161
77 45 39640
77 46 36249
77 47 39844
77 48 32529
77 49 40860
77 50 -512
77 51 7753
77 52 18992
77 53 20437
77 54 7152
77 55 15799
77 56 25230
77 57 30986
77 58 21492
77 59 33953
77 60 33220
77 61 39021
77 62 24868
77 63 29054
77 64 33974
77 65 18525
77 66 16041
77 67 22006
77 68 -1412
77 69 14531
77 70 15024
77 71 18448
77 72 22156
77 73 22787
77 74 29001
77 75 28962
77 76 550
77 78 5914
77 79 782
77 80 3821
77 81 6221
77 82 32625
77 83 33864
77 84 39564
77 85 40048
77 86 43907
77 87 28940
77 88 24303
77 89 23629
77 90 31048
77 91 40485
77 92 34707
77 93 35090
77 94 28200
77 95 30867
77 96 31045
77 97 32966
77 98 38502
77 99 34721
77 100 39231
77 101 11321
78 1 14526
78 2 35920
78 3 5377
78 4 21185
78 5 46675
78 6 39419
78 7 35043
78 8 46467
78 9 1980
78 10 24558
78 11 35977
78 12 15124
78 13 35612
78 14 54233
78 15 47382
78 16 56705
78 17 51212
78 18 34986
78 19 37346
78 20 14517
78 21 32918
78 22 40709
78 23 37298
78 24 7328
78 25 25777
78 26 20447
78 27 27309
78 28 21736
78 29 373
78 30 15050
78 31 20783
78 32 20845
78 33 3303
78 34 -4272
78 35 4204
78 36 51296
78 37 49865
78 38 55745
78 39 33542
78 40 29372
78 41 39479
78 42 47528
78 43 51785
78 44 55923
78 45 49129
78 46 44139
78 47 46155
78 48 39529
78 49 44905
78 50 7143
78 51 5645
78 52 28163
78 53 32327
78 54 15937
78 55 22507
78 56 35022
78 57 42949
78 58 33519
78 59 45563
78 60 43651
78 61 50269
78 62 29701
78 63 30297
78 64 35339
78 65 8374
78 66 9963
78 67 28890
78 68 7516
78 69 22554
78 70 18739
78 71 9622
78 72 33123
78 73 34183
78 74 39980
78 75 39433
78 76 12047
78 77 8797
78 79 36
78 80 12924
78 81 1366
78 82 40686
78 83 43741
78 84 50114
78 85 51587
78 86 55268
78 87 40966
78 88 30843
78 89 34379
78 90 32031
78 91 52154
78 92 46468
78 93 46578
78 94 39827
78 95 42636
78 96 42484
78 97 44865
78 98 50207
78 99 46149
78 100 51037
78 101 22687
79 1 10333
79 2 30333
79 3 -237
79 4 16698
79 5 41380
79 6 33944
79 7 31048
79 8 41944
79 9 4146
79 10 22089
79 11 33684
79 12 9641
79 13 29970
79 14 48582
79 15 41853
79 16 51205
79 17 46073
79 18 30121
79 19 34337
79 20 14710
79 21 27604
79 22 35615
79 23 32963
79 24 5128
79 25 22648
79 26 14877
79 27 22082
79 28 16152
79 29 -847
79 30 13387
79 31 17089
79 32 20195
79 33 960
79 34 1358
79 35 9079
79 36 48050
79 37 44255
79 38 50111
79 39 29655
79 40 23768
79 41 34290
79 42 41875
79 43 46177
79 44 50323
79 45 44346
79 46 40004
79 47 42653
79 48 35710
79 49 42406
79 50 2327
79 51 5035
79 52 23406
79 53 26686
79 54 11592
79 55 19148
79 56 30452
79 57 37372
79 58 27864
79 59 40004
79 60 38491
79 61 44833
79 62 26700
79 63 28904
79 64 34023
79 65 12782
79 66 12025
79 67 25656
79 68 2643
79 69 18064
79 70 15949
79 71 13130
79 72 28023
79 73 28888
79 74 34883
79 75 34568
79 76 6427
79 77 3158
79 78 -471
79 80 8158
79 81 1366
79 82 36427
79 83 38790
79 84 44924
79 85 46053
79 86 49800
79 87 35310
79 88 27100
79 89 29084
79 90 30692
79 91 46580
79 92 40864
79 93 41058
79 94 34258
79 95 37029
79 96 36976
79 97 39226
79 98 44620
79 99 40646
79 100 45423
79 101 17177
80 1 13511
80 2 21320
80 3 4219
80 4 5656
80 5 37278
80 6 29009
80 7 32269
80 8 41069
80 9 15002
80 10 27255
80 11 38572
80 12 1201
80 13 23138
80 14 41035
80 15 32310
80 16 45538
80 17 42524
80 18 28391
80 19 37667
80 20 23984
80 21 17389
80 22 24920
80 23 21933
80 24 -916
80 25 12763
80 26 6282
80 27 19886
80 28 11736
80 29 -633
80 30 20596
80 31 19938
80 32 28056
80 33 10600
80 34 10853
80 35 19913
80 36 50450
80 37 37667
80 38 42843
80 39 18848
80 40 15167
80 41 23738
80 42 33647
80 43 37158
80 44 43659
80 45 42385
80 46 40113
80 47 44628
80 48 37070
80 49 46455
80 50 5731
80 51 14365
80 52 22606
80 53 20362
80 54 654
80 55 9090
80 56 19409
80 57 28198
80 58 20275
80 59 34073
80 60 35227
80 61 39713
80 62 30493
80 63 35470
80 64 40264
80 65 23801
80 66 22450
80 67 15347
80 68 -4412
80 69 19510
80 70 21278
80 71 24146
80 72 17344
80 73 18597
80 74 24195
80 75 23639
80 76 5029
80 77 3463
80 78 9683
80 79 5424
80 81 12070
80 82 36617
80 83 36405
80 84 41281
80 85 40224
80 86 44260
80 87 27423
80 88 29384
80 89 25536
80 90 37541
80 91 40318
80 92 34426
80 93 35427
80 94 28438
80 95 30644
80 96 31599
80 97 32243
80 98 38316
80 99 35243
80 100 38704
80 101 12718
81 1 9168
81 2 34379
81 3 5157
81 4 22627
81 5 42333
81 6 35648
81 7 29222
81 8 41004
81 9 -2020
81 10 18252
81 11 29653
81 12 14523
81 13 32790
81 14 51407
81 15 46088
81 16 52897
81 17 46508
81 18 29962
81 19 31103
81 20 8767
81 21 32581
81 22 40887
81 23 38917
81 24 11335
81 25 28968
81 26 19244
81 27 23086
81 28 18759
81 29 4933
81 30 8733
81 31 14866
81 32 14781
81 33 -1869
81 34 778
81 35 4652
81 36 45095
81 37 46650
81 38 52642
81 39 35827
81 40 27817
81 41 39397
81 42 45241
81 43 49985
81 44 52586
81 45 43921
81 46 38343
81 47 40047
81 48 33577
81 49 38586
81 50 2907
81 51 -560
81 52 23075
81 53 29643
81 54 17672
81 55 25454
81 56 36278
81 57 41428
81 58 31288
81 59 42080
81 60 39054
81 61 46264
81 62 23475
81 63 24049
81 64 29125
81 65 7396
81 66 5701
81 67 31957
81 68 8621
81 69 17352
81 70 12519
81 71 7272
81 72 33330
81 73 33874
81 74 40171
81 75 40130
81 76 9843
81 77 7935
81 78 197
81 79 704
81 80 14142
81 82 35023
81 83 38790
81 84 45532
81 85 47952
81 86 51324
81 87 38585
81 88 24912
81 89 30139
81 90 25785
81 91 48692
81 92 43231
81 93 42899
81 94 36438
81 95 39455
81 96 38797
81 97 41955
81 98 46841
81 99 42422
81 100 47843
81 101 19209
82 1 20379
82 2 28376
82 3 36207
82 4 36887
82 5 12685
82 6 16952
82 7 -175
82 8 1082
82 9 34039
82 10 12391
82 11 11647
82 12 31876
82 13 21129
82 14 28943
82 15 35677
82 16 23956
82 17 10769
82 18 868
82 19 3656
82 20 28887
82 21 37502
82 22 43399
82 23 47917
82 24 41284
82 25 50352
82 26 27726
82 27 19863
82 28 24593
82 29 39187
82 30 20756
82 31 7546
82 32 19513
82 33 33631
82 34 41364
82 35 42315
82 36 10141
82 37 25314
82 38 25809
82 39 50539
82 40 28469
82 41 38892
82 42 29178
82 43 34498
82 44 26364
82 45 5103
82 46 -1958
82 47 4406
82 48 -3086
82 49 10472
82 50 24277
82 51 27964
82 52 5641
82 53 27640
82 54 38287
82 55 47104
82 56 45892
82 57 32453
82 58 27148
82 59 20507
82 60 9265
82 61 17028
82 62 6431
82 63 17344
82 64 12984
82 65 39112
82 66 28578
82 67 48352
82 68 35361
82 69 20039
82 70 18178
82 71 40087
82 72 39050
82 73 36998
82 74 44206
82 75 46231
82 76 30793
82 77 34965
82 78 40143
82 79 36391
82 80 39315
82 81 35649
82 83 4455
82 84 12375
82 85 22524
82 86 19914
82 87 25365
82 88 7926
82 89 11748
82 90 24102
82 91 23541
82 92 23226
82 93 18460
82 94 19640
82 95 22109
82 96 17349
82 97 25214
82 98 24311
82 99 19187
82 100 25374
82 101 14947
83 1 23849
83 2 21320
83 3 37930
83 4 33012
83 5 2756
83 6 10267
83 7 8312
83 8 1890
83 9 38991
83 10 20560
83 11 21601
83 12 30932
83 13 14502
83 14 18962
83 15 26856
83 16 13961
83 17 2448
83 18 -1026
83 19 13678
83 20 35674
83 21 32496
83 22 36875
83 23 41927
83 24 40903
83 25 47287
83 26 25024
83 27 19886
83 28 23736
83 29 40182
83 30 27291
83 31 13455
83 32 28056
83 33 37088
83 34 44811
83 35 47487
83 36 17698
83 37 15883
83 38 15877
83 39 45885
83 40 23803
83 41 31669
83 42 19965
83 43 24948
83 44 16317
83 45 437
83 46 1283
83 47 12929
83 48 6562
83 49 19641
83 50 26759
83 51 33046
83 52 7310
83 53 24207
83 54 36330
83 55 44399
83 56 40555
83 57 24349
83 58 22047
83 59 11502
83 60 355
83 61 6986
83 62 15477
83 63 26824
83 64 22996
83 65 45836
83 66 35986
83 67 43420
83 68 35636
83 69 23119
83 70 24241
83 71 46139
83 72 33612
83 73 31329
83 74 38195
83 75 40313
83 76 31782
83 77 36214
83 78 43208
83 79 38764
83 80 39113
83 81 39426
83 82 4465
83 84 2591
83 85 12637
83 86 10369
83 87 17186
83 88 15052
83 89 7635
83 90 32972
83 91 13569
83 92 14264
83 93 8866
83 94 12435
83 95 14058
83 96 8965
83 97 16773
83 98 14768
83 99 10130
83 100 15635
83 101 12718
84 1 29288
84 2 20105
84 3 42331
84 4 33981
84 5 -192
84 6 11265
84 7 15018
84 8 6721
84 9 44677
84 10 27212
84 11 28136
84 12 34081
84 13 14427
84 14 13321
84 15 23281
84 16 7542
84 17 -2871
84 18 4994
84 19 19931
84 20 41984
84 21 32876
84 22 35727
84 23 41025
84 24 44012
84 25 48637
84 26 27259
84 27 24305
84 28 27330
84 29 44062
84 30 33590
84 31 19783
84 32 34725
84 33 42260
84 34 49821
84 35 53180
84 36 22120
84 37 12068
84 38 9318
84 39 46085
84 40 24781
84 41 29837
84 42 16061
84 43 20240
84 44 10122
84 45 977
84 46 4239
84 47 18183
84 48 12624
84 49 24961
84 50 31672
84 51 38844
84 52 12992
84 53 26437
84 54 38635
84 55 46050
84 56 40328
84 57 21863
84 58 22945
84 59 8944
84 60 2820
84 61 904
84 62 22185
84 63 33515
84 64 29158
84 65 52034
84 66 42415
84 67 43250
84 68 39294
84 69 28568
84 70 30477
84 71 52164
84 72 33497
84 73 31120
84 74 37552
84 75 39655
84 76 35987
84 77 40436
84 78 48103
84 79 43420
84 80 42511
84 81 44690
84 82 10907
84 83 1113
84 85 7800
84 86 3663
84 87 14986
84 88 21650
84 89 10993
84 90 39673
84 91 8190
84 92 11477
84 93 5164
84 94 12339
84 95 12681
84 96 7864
84 97 14562
84 98 10811
84 99 7896
84 100 10984
84 101 15954
85 1 31099
85 2 11967
85 3 41434
85 4 27678
85 5 3747
85 6 9271
85 7 22278
85 8 16519
85 9 46432
85 10 33039
85 11 36151
85 12 31277
85 13 8820
85 14 3985
85 15 13102
85 16 2822
85 17 4647
85 18 10705
85 19 28669
85 20 45766
85 21 26210
85 22 27150
85 23 32461
85 24 40559
85 25 42569
85 26 23327
85 27 24846
85 28 25891
85 29 41933
85 30 37522
85 31 24324
85 32 40476
85 33 42937
85 34 49804
85 35 54753
85 36 32253
85 37 2327
85 38 2883
85 39 38652
85 40 19354
85 41 20649
85 42 5845
85 43 10025
85 44 2556
85 45 11243
85 46 14534
85 47 27932
85 48 21679
85 49 34699
85 50 32102
85 51 41065
85 52 16699
85 53 23284
85 54 34185
85 55 40449
85 56 32558
85 57 12411
85 58 17846
85 59 2122
85 60 8154
85 61 -1695
85 62 29096
85 63 40554
85 64 37993
85 65 55055
85 66 46521
85 67 35268
85 68 37051
85 69 30689
85 70 34370
85 71 54750
85 72 26072
85 73 23716
85 74 29516
85 75 31498
85 76 35015
85 77 39299
85 78 47955
85 79 42928
85 80 39833
85 81 45489
85 82 19435
85 83 9538
85 84 6179
85 86 1547
85 87 6234
85 88 27466
85 89 11870
85 90 45924
85 91 -1297
85 92 3264
85 93 -1907
85 94 7995
85 95 6249
85 96 3969
85 97 6412
85 98 1167
85 99 3257
85 100 691
85 101 14645
86 1 42572
86 2 23336
86 3 53863
86 4 39666
86 5 11964
86 6 21416
86 7 29771
86 8 20389
86 9 58048
86 10 41938
86 11 42614
86 12 43917
86 13 21428
86 14 5544
86 15 20148
86 16 2822
86 17 3088
86 18 19469
86 19 34073
86 20 56271
86 21 38190
86 22 37538
86 23 42548
86 24 53189
86 25 54561
86 26 35964
86 27 36686
86 28 38329
86 29 54555
86 30 47895
86 31 34200
86 32 49463
86 33 54944
86 34 62072
86 35 66483
86 36 33804
86 37 13980
86 38 -4327
86 39 49851
86 40 31841
86 41 30192
86 42 13920
86 43 13984
86 44 1184
86 45 12475
86 46 15071
86 47 31214
86 48 26700
86 49 37665
86 50 44142
86 51 52437
86 52 26963
86 53 35905
86 54 46721
86 55 52649
86 56 43596
86 57 22179
86 58 30435
86 59 14765
86 60 16728
86 61 3833
86 62 36939
86 63 48230
86 64 43001
86 65 66089
86 66 56839
86 67 45836
86 68 49668
86 69 41971
86 70 44737
86 71 65993
86 72 37543
86 73 35285
86 74 40492
86 75 42254
86 76 47427
86 77 51764
86 78 60242
86 79 55281
86 80 52475
86 81 57467
86 82 25431
86 83 15876
86 84 10648
86 85 10153
86 87 17585
86 88 36340
86 89 23272
86 90 54436
86 91 6586
86 92 15703
86 93 10497
86 94 20585
86 95 18869
86 96 16284
86 97 18570
86 98 13302
86 99 15489
86 100 10219
86 101 26978
87 1 27917
87 2 -609
87 3 34341
87 4 15701
87 5 13377
87 6 9598
87 7 26979
87 8 25485
87 9 41910
87 10 34590
87 11 40641
87 12 22679
87 13 1782
87 14 7207
87 15 4232
87 16 14608
87 17 16988
87 18 15675
87 19 34622
87 20 43881
87 21 14258
87 22 14553
87 23 19884
87 24 30583
87 25 30582
87 26 14053
87 27 21760
87 28 19758
87 29 33200
87 30 36259
87 31 24915
87 32 41259
87 33 37505
87 34 43054
87 35 49651
87 36 41152
87 37 6101
87 38 9055
87 39 26088
87 40 9059
87 41 8436
87 42 250
87 43 5588
87 44 10586
87 45 22107
87 46 24703
87 47 35946
87 48 28691
87 49 42251
87 50 26947
87 51 37406
87 52 18012
87 53 16248
87 54 23608
87 55 28793
87 56 19940
87 57 754
87 58 8764
87 59 5957
87 60 15528
87 61 10921
87 62 32418
87 63 43294
87 64 43399
87 65 51450
87 66 44649
87 67 22619
87 68 28588
87 69 28403
87 70 33459
87 71 50931
87 72 13602
87 73 11304
87 74 16877
87 75 18849
87 76 28317
87 77 32110
87 78 41253
87 79 36104
87 80 30951
87 81 40041
87 82 26195
87 83 18006
87 84 17284
87 85 10153
87 86 12898
87 88 29902
87 89 12586
87 90 47582
87 91 8579
87 92 4475
87 93 6927
87 94 6035
87 95 3737
87 96 6976
87 97 1600
87 98 7492
87 99 8914
87 100 6219
87 101 10008
88 1 9599
88 2 28459
88 3 25990
88 4 31813
88 5 20282
88 6 19252
88 7 319
88 8 13037
88 9 22063
88 10 1486
88 11 7283
88 12 24287
88 13 21797
88 14 35360
88 15 38249
88 16 32274
88 17 21460
88 18 5682
88 19 4257
88 20 16923
88 21 34357
88 22 41863
88 23 45144
88 24 32408
88 25 43976
88 26 22313
88 27 13673
88 28 17949
88 29 29227
88 30 8703
88 31 -4217
88 32 9016
88 33 22303
88 34 29843
88 35 30268
88 36 17054
88 37 30413
88 38 34113
88 39 46028
88 40 25581
88 41 38392
88 42 33089
88 43 38869
88 44 33975
88 45 16788
88 46 9335
88 47 11443
88 48 4529
88 49 13237
88 50 13864
88 51 15999
88 52 2047
88 53 24144
88 54 31193
88 55 40449
88 56 42490
88 57 33990
88 58 25307
88 59 25180
88 60 16237
88 61 25138
88 62 -1457
88 63 9313
88 64 10297
88 65 27183
88 66 16921
88 67 43879
88 68 26284
88 69 10122
88 70 6113
88 71 28016
88 72 36174
88 73 34630
88 74 42024
88 75 43724
88 76 21507
88 77 25215
88 78 28872
88 79 25636
88 80 30654
88 81 24110
88 82 6498
88 83 13614
88 84 21690
88 85 29127
88 86 29395
88 87 27644
88 89 12469
88 90 14301
88 91 30326
88 92 27529
88 93 24385
88 94 21815
88 95 25047
88 96 21477
88 97 28373
88 98 29785
88 99 24283
88 100 31147
88 101 10858
89 1 14820
89 2 12445
89 3 26833
89 4 21277
89 5 7768
89 6 2328
89 7 10149
89 8 12568
89 9 30268
89 10 17860
89 11 23559
89 12 18876
89 13 5272
89 14 19256
89 15 21344
89 16 18429
89 17 12633
89 18 76
89 19 17969
89 20 29412
89 21 21348
89 22 27166
89 23 31642
89 24 28864
89 25 35313
89 26 12891
89 27 8969
89 28 11869
89 29 28572
89 30 21231
89 31 8503
89 32 24952
89 33 27209
89 34 34557
89 35 38685
89 36 26411
89 37 14010
89 38 19255
89 39 34579
89 40 12372
89 41 22881
89 42 16126
89 43 21917
89 44 18929
89 45 12599
89 46 12299
89 47 20663
89 48 12930
89 49 26213
89 50 16464
89 51 24756
89 52 1054
89 53 12142
89 54 24167
89 55 32335
89 56 29698
89 57 17313
89 58 10904
89 59 8820
89 60 5167
89 61 11637
89 62 15305
89 63 26299
89 64 26401
89 65 38671
89 66 30194
89 67 32313
89 68 23853
89 69 14318
89 70 18115
89 71 38407
89 72 22817
89 73 20729
89 74 27927
89 75 29955
89 76 20469
89 77 24915
89 78 32782
89 79 27994
89 80 27180
89 81 29711
89 82 10694
89 83 6571
89 84 11407
89 85 13905
89 86 16701
89 87 10702
89 88 12843
89 90 30878
89 91 14957
89 92 10865
89 93 8866
89 94 4815
89 95 8074
89 96 5103
89 97 11393
89 98 13657
89 99 8417
89 100 15007
89 101 623
90 1 14893
90 2 42480
90 3 28715
90 4 41400
90 5 35996
90 6 34712
90 7 14242
90 8 26569
90 9 16980
90 10 -387
90 11 4145
90 12 32092
90 13 36514
90 14 51146
90 15 53087
90 16 47975
90 17 36268
90 18 21421
90 19 8120
90 20 8043
90 21 46182
90 22 54459
90 23 56400
90 24 36554
90 25 51537
90 26 32804
90 27 25968
90 28 28359
90 29 31333
90 30 3980
90 31 5783
90 32 -5747
90 33 21930
90 34 26784
90 35 23113
90 36 21589
90 37 46125
90 38 49866
90 39 55707
90 40 38120
90 41 51632
90 42 48483
90 43 54275
90 44 49770
90 45 30663
90 46 19674
90 47 18499
90 48 14960
90 49 12645
90 50 17889
90 51 12354
90 52 17323
90 53 36934
90 54 38635
90 55 47844
90 56 53467
90 57 48552
90 58 38754
90 59 40884
90 60 31959
90 61 40844
90 62 3620
90 63 -3244
90 64 1852
90 65 15927
90 66 4750
90 67 53203
90 68 31125
90 69 18920
90 70 6938
90 71 19149
90 72 47948
90 73 46935
90 74 54240
90 75 55535
90 76 27233
90 77 29313
90 78 27413
90 79 26581
90 80 36164
90 81 22336
90 82 20027
90 83 28887
90 84 37066
90 85 44938
90 86 44844
90 87 42677
90 88 11654
90 89 27857
90 91 46137
90 92 43155
90 93 40187
90 94 37126
90 95 40446
90 96 37159
90 97 43747
90 98 45544
90 99 40050
90 100 46914
90 101 23872
91 1 34001
91 2 12420
91 3 43864
91 4 28639
91 5 6685
91 6 12095
91 7 25395
91 8 19194
91 9 49260
91 10 36200
91 11 39236
91 12 33360
91 13 10657
91 14 943
91 15 11597
91 16 1596
91 17 5912
91 18 13853
91 19 31656
91 20 48819
91 21 27158
91 22 27086
91 23 32296
91 24 42362
91 25 43538
91 26 25197
91 27 27673
91 28 28359
91 29 44062
91 30 40599
91 31 27457
91 32 43633
91 33 45632
91 34 52340
91 35 57534
91 36 34768
91 37 2954
91 38 -160
91 39 39071
91 40 20877
91 41 20179
91 42 4441
91 43 7666
91 44 -475
91 45 13399
91 46 16784
91 47 30660
91 48 24590
91 49 37445
91 50 34798
91 51 43969
91 52 19825
91 53 25497
91 54 35766
91 55 41604
91 56 32869
91 57 11928
91 58 19586
91 59 4547
91 60 11245
91 61 -336
91 62 32243
91 63 43704
91 64 40984
91 65 58007
91 66 49588
91 67 35361
91 68 39206
91 69 33648
91 70 37454
91 71 57667
91 72 26637
91 73 24342
91 74 29770
91 75 31641
91 76 37476
91 77 41699
91 78 50485
91 79 45418
91 80 41890
91 81 48192
91 82 22415
91 83 12433
91 84 8532
91 85 666
91 86 -57
91 87 6623
91 88 30628
91 89 14885
91 90 49086
91 92 4880
91 93 1096
91 94 10416
91 95 8209
91 96 6789
91 97 7555
91 98 2477
91 99 6202
91 100 -619
91 101 17235
92 1 27317
92 2 6248
92 3 36381
92 4 21688
92 5 6315
92 6 5773
92 7 22065
92 8 18866
92 9 42309
92 10 31375
92 11 36011
92 12 25747
92 13 3046
92 14 5835
92 15 9867
92 16 8663
92 17 9834
92 18 10377
92 19 29295
92 20 42666
92 21 20228
92 22 21707
92 23 27038
92 24 34786
92 25 36574
92 26 17596
92 27 20877
92 28 20943
92 29 36452
92 30 34626
92 31 22104
92 32 38546
92 33 38442
92 34 44931
92 35 50465
92 36 34698
92 37 683
92 38 6677
92 39 32824
92 40 13415
92 41 15632
92 42 3237
92 43 8803
92 44 6723
92 45 15002
92 46 17806
92 47 29774
92 48 22850
92 49 36328
92 50 27632
92 51 37229
92 52 14579
92 53 17930
92 54 28285
92 55 34450
92 56 26803
92 57 7685
92 58 12010
92 59 -1027
92 60 9112
92 61 4031
92 62 28274
92 63 39549
92 64 38428
92 65 51361
92 66 43482
92 67 29613
92 68 31601
92 69 27194
92 70 31570
92 71 50931
92 72 20207
92 73 17834
92 74 23827
92 75 25868
92 76 30028
92 77 34198
92 78 43076
92 79 37979
92 80 34275
92 81 41008
92 82 20377
92 83 11405
92 84 10096
92 85 3504
92 86 7337
92 87 796
92 88 26108
92 89 9070
92 90 44381
92 91 3157
92 93 -263
92 94 3218
92 95 635
92 96 1159
92 97 519
92 98 1167
92 99 2072
92 100 1876
92 101 10008
93 1 28273
93 2 10705
93 3 38701
93 4 25843
93 5 2393
93 6 6449
93 7 20071
93 8 15295
93 9 43604
93 10 30489
93 11 34014
93 12 28714
93 13 6544
93 14 6261
93 15 13551
93 16 5441
93 17 5364
93 18 8391
93 19 26781
93 20 42993
93 21 24436
93 22 26179
93 23 31510
93 24 38134
93 25 40698
93 26 20903
93 27 22018
93 28 23156
93 29 39329
93 30 34768
93 31 21654
93 32 37885
93 33 40125
93 34 47031
93 35 51928
93 36 31151
93 37 2327
93 38 5657
93 39 37211
93 40 17190
93 41 20043
93 42 6455
93 43 11364
93 44 5329
93 45 10814
93 46 13848
93 47 26530
93 48 19972
93 49 33232
93 50 29291
93 51 38240
93 52 14016
93 53 20685
93 54 31911
93 55 38449
93 56 31230
93 57 11982
93 58 15561
93 59 -263
93 60 6162
93 61 -167
93 62 26743
93 63 38175
93 64 36069
93 65 52238
93 66 43759
93 67 34064
93 68 34441
93 69 27872
93 70 31624
93 71 51926
93 72 24580
93 73 22199
93 74 28278
93 75 30328
93 76 32274
93 77 36580
93 78 45185
93 79 40172
93 80 37275
93 81 42675
93 82 17610
93 83 8006
93 84 5782
93 85 332
93 86 4130
93 87 5247
93 88 24963
93 89 9070
93 90 43412
93 91 1372
93 92 1736
93 94 5359
93 95 4029
93 96 1159
93 97 4973
93 98 1167
93 99 428
93 100 2219
93 101 11871
94 1 20929
94 2 5774
94 3 30289
94 4 18460
94 5 7087
94 6 391
94 7 17764
94 8 17306
94 9 35912
94 10 25784
94 11 31436
94 12 20174
94 13 -1026
94 14 12191
94 15 13440
94 16 13961
94 17 12259
94 18 6584
94 19 25441
94 20 36386
94 21 17389
94 22 21260
94 23 26318
94 24 29676
94 25 33151
94 26 12479
94 27 14484
94 28 14764
94 29 30786
94 30 28425
94 31 16278
94 32 32734
94 33 32100
94 34 38738
94 35 44089
94 36 32560
94 37 7075
94 38 13049
94 39 30692
94 40 9309
94 41 16244
94 42 8172
94 43 13964
94 44 12971
94 45 15200
94 46 16894
94 47 27136
94 48 19707
94 49 33243
94 50 21277
94 51 30830
94 52 9023
94 53 12142
94 54 23656
94 55 30654
94 56 25117
94 57 9698
94 58 7500
94 59 2568
94 60 7514
94 61 8151
94 62 23282
94 63 34296
94 64 34180
94 65 44966
94 66 37206
94 67 28039
94 68 25899
94 69 20864
94 70 25424
94 71 44530
94 72 18204
94 73 15864
94 74 22608
94 75 24731
94 76 23886
94 77 28140
94 78 36884
94 79 31822
94 80 28736
94 81 34664
94 82 17240
94 83 10025
94 84 11407
94 85 8684
94 86 12668
94 87 2805
94 88 20843
94 89 3469
94 90 38801
94 91 9142
94 92 3667
94 93 3809
94 95 191
94 96 159
94 97 3440
94 98 7225
94 99 3683
94 100 8261
94 101 3665
95 1 23984
95 2 4527
95 3 32777
95 4 18892
95 5 7347
95 6 3229
95 7 20470
95 8 18886
95 9 38841
95 10 28888
95 11 34269
95 12 22189
95 13 -399
95 14 9148
95 15 10726
95 16 12021
95 17 11927
95 18 9029
95 19 28019
95 20 39519
95 21 17537
95 22 20178
95 23 25428
95 24 31349
95 25 33728
95 26 14125
95 27 17541
95 28 17352
95 29 32886
95 30 31578
95 31 19419
95 32 35879
95 33 34901
95 34 41334
95 35 46953
95 36 34476
95 37 4258
95 38 10221
95 39 30530
95 40 10200
95 41 14674
95 42 5081
95 43 10872
95 44 10327
95 45 15976
95 46 18246
95 47 29239
95 48 21992
95 49 35552
95 50 24105
95 51 33846
95 52 12097
95 53 14329
95 54 24980
95 55 31451
95 56 24693
95 57 7435
95 58 8630
95 59 737
95 60 8918
95 61 6833
95 62 26233
95 63 37328
95 64 36919
95 65 47991
95 66 40338
95 67 27607
95 68 28026
95 69 23981
95 70 28584
95 71 47536
95 72 17906
95 73 15521
95 74 21902
95 75 24008
95 76 26427
95 77 30593
95 78 39479
95 79 34379
95 80 30728
95 81 37467
95 82 19495
95 83 11434
95 84 11535
95 85 6724
95 86 10738
95 87 293
95 88 23861
95 89 6514
95 90 41907
95 91 6721
95 92 870
95 93 2265
95 94 -23
95 96 402
95 97 357
95 98 4713
95 99 2985
95 100 5439
95 101 6489
96 1 23371
96 2 8721
96 3 33747
96 4 22361
96 5 3301
96 6 1472
96 7 17081
96 8 14679
96 9 38649
96 10 26498
96 11 31018
96 12 23996
96 13 2748
96 14 10328
96 15 14488
96 16 10389
96 17 8309
96 18 5419
96 19 24390
96 20 38319
96 21 21183
96 22 24366
96 23 29578
96 24 33602
96 25 37094
96 26 16439
96 27 17058
96 28 18207
96 29 34531
96 30 30168
96 31 17354
96 32 33747
96 33 35128
96 34 42041
96 35 46953
96 36 30344
96 37 5135
96 38 10438
96 39 34383
96 40 13278
96 41 18916
96 42 8172
96 43 13798
96 44 10151
96 45 11791
96 46 14004
96 47 25206
96 48 18100
96 49 31636
96 50 24293
96 51 33339
96 52 9755
96 53 15961
96 54 27649
96 55 34633
96 56 28668
96 57 11571
96 58 11486
96 59 -101
96 60 4714
96 61 4273
96 62 23282
96 63 34581
96 64 33472
96 65 47385
96 66 39115
96 67 31599
96 68 29644
96 69 23039
96 70 27058
96 71 47037
96 72 21810
96 73 19439
96 74 25980
96 75 28098
96 76 27314
96 77 31641
96 78 40197
96 79 35196
96 80 32553
96 81 37679
96 82 15605
96 83 7211
96 84 7588
96 85 5314
96 86 9023
96 87 4402
96 88 21161
96 89 4413
96 90 39490
96 91 6171
96 92 2264
96 93 265
96 94 815
96 95 1272
96 97 4065
96 98 4713
96 99 -164
96 100 6068
96 101 6887
97 1 26551
97 2 3090
97 3 34576
97 4 18644
97 5 9139
97 6 6229
97 7 23422
97 8 21306
97 9 41184
97 10 31861
97 11 37248
97 12 23529
97 13 905
97 14 6809
97 15 7842
97 16 11530
97 17 12978
97 18 11913
97 19 30918
97 20 42233
97 21 17166
97 22 18590
97 23 23917
97 24 32243
97 25 33540
97 26 15176
97 27 20144
97 28 19363
97 29 34227
97 30 34363
97 31 22358
97 32 38812
97 33 37076
97 34 43226
97 35 49189
97 36 37033
97 37 2954
97 38 8247
97 39 29669
97 40 10691
97 41 12655
97 42 2094
97 43 7888
97 44 8774
97 45 17870
97 46 20472
97 47 31914
97 48 24771
97 49 38320
97 50 26336
97 51 36331
97 52 15083
97 53 16057
97 54 25577
97 55 31491
97 56 23641
97 57 4945
97 58 9533
97 59 1737
97 60 11376
97 61 7175
97 62 29232
97 63 40326
97 64 39870
97 65 50473
97 66 43047
97 67 26453
97 68 29435
97 69 26675
97 70 31408
97 71 49989
97 72 17058
97 73 14689
97 74 20667
97 75 22713
97 76 28317
97 77 32364
97 78 41380
97 79 36248
97 80 31999
97 81 39639
97 82 22272
97 83 13821
97 84 13088
97 85 6559
97 86 10111
97 87 -2172
97 88 26859
97 89 9505
97 90 44880
97 91 5739
97 92 426
97 93 2881
97 94 2898
97 95 29
97 96 2867
97 98 4005
97 99 4671
97 100 3835
97 101 8828
98 1 29911
98 2 8812
98 3 39424
98 4 24641
98 5 5534
98 6 8046
98 7 23011
98 8 18449
98 9 45055
98 10 33064
98 11 36976
98 12 28891
98 13 6207
98 14 3648
98 15 10495
98 16 5552
98 17 7689
98 18 11292
98 19 29861
98 20 45009
98 21 23160
98 22 23996
98 23 29312
98 24 37947
98 25 39539
98 26 20758
98 27 23512
98 28 23939
98 29 39592
98 30 36872
98 31 24025
98 32 40377
98 33 41314
98 34 47929
98 35 53276
98 36 34300
98 37 -731
98 38 3895
98 39 35506
98 40 16545
98 41 17558
98 42 3335
98 43 8216
98 44 3752
98 45 13776
98 46 16910
98 47 29692
98 48 23104
98 49 36390
98 50 30487
98 51 39863
98 52 16401
98 53 21028
98 54 31425
98 55 37483
98 56 29401
98 57 9354
98 58 15170
98 59 343
98 60 9265
98 61 1449
98 62 29554
98 63 40946
98 64 39127
98 65 53959
98 66 45809
98 67 32105
98 68 34734
98 69 29662
98 70 33765
98 71 53570
98 72 22940
98 73 20591
98 74 26355
98 75 28336
98 76 33047
98 77 37252
98 78 46074
98 79 40994
98 80 37424
98 81 43877
98 82 20721
98 83 11168
98 84 8689
98 85 666
98 86 4195
98 87 3072
98 88 27623
98 89 11121
98 90 46029
98 91 13
98 92 426
98 93 -1573
98 94 6035
98 95 3737
98 96 2867
98 97 3357
98 99 2699
98 100 -619
98 101 12883
99 1 25447
99 2 9813
99 3 35982
99 4 24138
99 5 2088
99 6 3632
99 7 17994
99 8 14402
99 9 40775
99 10 27982
99 11 31965
99 12 26197
99 13 4552
99 14 8706
99 15 14338
99 16 8159
99 17 6570
99 18 6266
99 19 25022
99 20 40226
99 21 22851
99 22 25447
99 23 30734
99 24 35755
99 25 38926
99 26 18562
99 27 19191
99 28 20443
99 29 36752
99 30 32024
99 31 19014
99 32 35322
99 33 37315
99 34 44263
99 35 49103
99 36 30227
99 37 3855
99 38 8442
99 39 35909
99 40 15192
99 41 19701
99 42 7599
99 43 12972
99 44 8122
99 45 10814
99 46 13429
99 47 25315
99 48 18455
99 49 31897
99 50 26482
99 51 35415
99 52 11377
99 53 18157
99 54 29713
99 55 36543
99 56 30077
99 57 11982
99 58 13450
99 59 -1027
99 60 4656
99 61 2079
99 62 24467
99 63 35850
99 64 34229
99 65 49422
99 66 41003
99 67 32987
99 68 31863
99 69 25058
99 70 28890
99 71 49103
99 72 23289
99 73 20905
99 74 27264
99 75 29363
99 76 29548
99 77 33876
99 78 42421
99 79 37425
99 80 34756
99 81 39863
99 82 16002
99 83 6935
99 84 6179
99 85 3161
99 86 6787
99 87 4899
99 88 22526
99 89 6286
99 90 40940
99 91 4143
99 92 1736
99 93 -1907
99 94 2898
99 95 2414
99 96 -1605
99 97 4428
99 98 3104
99 100 4465
99 101 9116
100 1 32903
100 2 9349
100 3 41961
100 4 25681
100 5 8054
100 6 11121
100 7 26056
100 8 20928
100 9 47953
100 10 36223
100 11 40008
100 12 31111
100 13 8394
100 14 487
100 15 8771
100 16 4743
100 17 8738
100 18 14357
100 19 32763
100 20 48104
100 21 24215
100 22 23925
100 23 29134
100 24 39844
100 25 40571
100 26 22791
100 27 26476
100 28 26569
100 29 41817
100 30 39991
100 31 27184
100 32 43540
100 33 44098
100 34 50544
100 35 56120
100 36 36700
100 37 683
100 38 1020
100 39 35956
100 40 18254
100 41 17033
100 42 1524
100 43 5588
100 44 1184
100 45 15699
100 46 19004
100 47 32298
100 48 25895
100 49 39045
100 50 33289
100 51 42835
100 52 19563
100 53 23459
100 54 33114
100 55 38715
100 56 29741
100 57 8775
100 58 17148
100 59 3445
100 60 12143
100 61 2318
100 62 32665
100 63 44072
100 64 42060
100 65 56954
100 66 48911
100 67 32204
100 68 37005
100 69 32709
100 70 36893
100 71 56541
100 72 23566
100 73 21292
100 74 26638
100 75 28493
100 76 35632
100 77 39767
100 78 48690
100 79 43583
100 80 39598
100 81 46665
100 82 23570
100 83 13821
100 84 10648
100 85 1976
100 86 2898
100 87 3585
100 88 30771
100 89 14257
100 90 49185
100 91 -1297
100 92 2921
100 93 1265
100 94 8857
100 95 6249
100 96 6008
100 97 4973
100 98 1167
100 99 5846
100 101 15665
END
NODE_CONSUMPTION
0 1 10
0 2 7
0 3 13
0 4 19
0 5 26
0 6 3
0 7 5
0 8 9
0 9 16
0 10 16
0 11 12
0 12 19
0 13 23
0 14 20
0 15 8
0 16 19
0 17 2
0 18 12
0 19 17
0 20 9
0 21 11
0 22 18
0 23 29
0 24 3
0 25 6
0 26 17
0 27 16
0 28 16
0 29 9
0 30 21
0 31 27
0 32 23
0 33 11
0 34 14
0 35 8
0 36 5
0 37 8
0 38 16
0 39 31
0 40 9
0 41 5
0 42 5
0 43 7
0 44 18
0 45 16
0 46 1
0 47 27
0 48 36
0 49 30
0 50 13
0 51 10
0 52 9
0 53 14
0 54 18
0 55 2
0 56 6
0 57 7
0 58 18
0 59 28
0 60 3
0 61 13
0 62 19
0 63 10
0 64 9
0 65 20
0 66 25
0 67 25
0 68 36
0 69 6
0 70 5
0 71 15
0 72 25
0 73 9
0 74 8
0 75 18
0 76 13
0 77 14
0 78 3
0 79 23
0 80 6
0 81 26
0 82 16
0 83 11
0 84 7
0 85 41
0 86 35
0 87 26
0 88 9
0 89 15
0 90 3
0 91 1
0 92 2
0 93 22
0 94 27
0 95 20
0 96 11
0 97 12
0 98 10
0 99 9
0 100 17
END
